t_epoch,iso_time,t_elapsed_s,seq,tag_id,tag_distance_m,tag_under_1m,tag_count,det_seq,det_t_epoch,det_age_ms,depth_m,yaw_deg,depth_raw_m,yaw_raw_deg,sensors_ok,throttle_pct,mode,surge_cmd,strafe_cmd,heave_cmd,yaw_cmd,light_pwm,led_flashing,flash_frame
1785511790.0766,2026-07-31T11:29:50.076,0.048,1,,,,0,,,,,,,,0,20.0,idle,+0.000,+0.000,+0.000,+0.000,1100,0,
1785511790.1753,2026-07-31T11:29:50.175,0.147,2,,,,0,,,,-0.0920,174.87,-0.0920,-3065.13,1,20.0,idle,+0.000,+0.000,+0.000,+0.000,1100,0,
1785511790.2741,2026-07-31T11:29:50.274,0.246,3,,,,0,,,,-0.0909,175.04,-0.0909,-3064.96,1,20.0,idle,+0.000,+0.000,+0.000,+0.000,1100,0,
1785511790.3734,2026-07-31T11:29:50.373,0.345,4,,,,0,,,,-0.0933,175.24,-0.0933,-3064.76,1,20.0,idle,+0.000,+0.000,+0.000,+0.000,1100,0,
1785511790.4725,2026-07-31T11:29:50.472,0.444,5,,,,0,,,,-0.0988,175.35,-0.0988,-3064.65,1,20.0,idle,+0.000,+0.000,+0.000,+0.000,1100,0,
1785511790.5713,2026-07-31T11:29:50.571,0.543,6,,,,0,,,,-0.0966,175.54,-0.0966,-3064.46,1,20.0,idle,+0.000,+0.000,+0.000,+0.000,1100,0,
1785511790.6705,2026-07-31T11:29:50.670,0.642,7,,,,0,,,,-0.0973,175.63,-0.0973,-3064.37,1,20.0,idle,+0.000,+0.000,+0.000,+0.000,1100,0,
1785511790.7694,2026-07-31T11:29:50.769,0.741,8,,,,0,,,,-0.0939,175.81,-0.0939,-3064.19,1,20.0,idle,+0.000,+0.000,+0.000,+0.000,1100,0,
1785511790.8682,2026-07-31T11:29:50.868,0.840,9,,,,0,,,,-0.0964,176.02,-0.0964,-3063.98,1,20.0,idle,+0.000,+0.000,+0.000,+0.000,1100,0,
1785511790.9672,2026-07-31T11:29:50.967,0.939,10,,,,0,,,,-0.0971,176.14,-0.0971,-3063.86,1,20.0,idle,+0.000,+0.000,+0.000,+0.000,1100,0,
1785511791.0660,2026-07-31T11:29:51.066,1.038,11,,,,0,,,,-0.0938,176.38,-0.0938,-3063.62,1,20.0,idle,+0.000,+0.000,+0.000,+0.000,1100,0,
1785511791.1659,2026-07-31T11:29:51.165,1.137,12,,,,0,,,,-0.0905,176.49,-0.0905,-3063.51,1,20.0,idle,+0.000,+0.000,+0.000,+0.000,1100,0,
1785511791.2650,2026-07-31T11:29:51.264,1.237,13,,,,0,,,,-0.0912,176.70,-0.0912,-3063.30,1,20.0,idle,+0.000,+0.000,+0.000,+0.000,1100,0,
1785511791.3642,2026-07-31T11:29:51.364,1.336,14,,,,0,,,,-0.0964,176.90,-0.0964,-3063.10,1,20.0,idle,+0.000,+0.000,+0.000,+0.000,1100,0,
1785511791.4646,2026-07-31T11:29:51.464,1.436,15,,,,0,,,,-0.0905,177.00,-0.0905,-3063.00,1,20.0,idle,+0.000,+0.000,+0.000,+0.000,1100,0,
1785511791.5648,2026-07-31T11:29:51.564,1.536,16,,,,0,,,,-0.0922,177.20,-0.0922,-3062.80,1,20.0,idle,+0.000,+0.000,+0.000,+0.000,1100,0,
1785511791.6640,2026-07-31T11:29:51.663,1.636,17,,,,0,,,,-0.0982,177.32,-0.0982,-3062.68,1,20.0,idle,+0.000,+0.000,+0.000,+0.000,1100,0,
1785511791.7632,2026-07-31T11:29:51.763,1.735,18,,,,0,,,,-0.0919,177.55,-0.0919,-3062.45,1,20.0,idle,+0.000,+0.000,+0.000,+0.000,1100,0,
1785511791.8620,2026-07-31T11:29:51.861,1.834,19,,,,0,,,,-0.0929,177.76,-0.0929,-3062.24,1,20.0,idle,+0.000,+0.000,+0.000,+0.000,1100,0,
1785511791.9611,2026-07-31T11:29:51.961,1.933,20,,,,0,,,,-0.0927,177.85,-0.0927,-3062.15,1,20.0,idle,+0.000,+0.000,+0.000,+0.000,1100,0,
1785511792.0608,2026-07-31T11:29:52.060,2.032,21,,,,0,,,,-0.0909,178.02,-0.0909,-3061.98,1,20.0,idle,+0.000,+0.000,+0.000,+0.000,1100,0,
1785511792.1597,2026-07-31T11:29:52.159,2.131,22,,,,0,,,,-0.0895,178.11,-0.0895,-3061.89,1,20.0,idle,+0.000,+0.000,+0.000,+0.000,1100,0,
1785511792.2586,2026-07-31T11:29:52.258,2.230,23,,,,0,,,,-0.0874,178.31,-0.0874,-3061.69,1,20.0,idle,+0.000,+0.000,+0.000,+0.000,1100,0,
1785511792.3583,2026-07-31T11:29:52.358,2.330,24,,,,0,,,,-0.0874,178.61,-0.0874,-3061.39,1,20.0,idle,+0.000,+0.000,+0.000,+0.000,1100,0,
1785511792.4571,2026-07-31T11:29:52.457,2.429,25,,,,0,,,,-0.0933,178.77,-0.0933,-3061.23,1,20.0,idle,+0.000,+0.000,+0.000,+0.000,1100,0,
1785511792.5560,2026-07-31T11:29:52.556,2.528,26,,,,0,,,,-0.0906,179.01,-0.0906,-3060.99,1,20.0,idle,+0.000,+0.000,+0.000,+0.000,1100,0,
1785511792.6553,2026-07-31T11:29:52.655,2.627,27,,,,0,,,,-0.0946,179.09,-0.0946,-3060.91,1,20.0,idle,+0.000,+0.000,+0.000,+0.000,1100,0,
1785511792.7544,2026-07-31T11:29:52.754,2.726,28,,,,0,,,,-0.0954,179.25,-0.0954,-3060.75,1,20.0,idle,+0.000,+0.000,+0.000,+0.000,1100,0,
1785511792.8533,2026-07-31T11:29:52.853,2.825,29,,,,0,,,,-0.0951,179.34,-0.0951,-3060.66,1,20.0,idle,+0.000,+0.000,+0.000,+0.000,1100,0,
1785511792.9539,2026-07-31T11:29:52.953,2.925,30,,,,0,,,,-0.0909,179.51,-0.0909,-3060.49,1,20.0,idle,+0.000,+0.000,+0.000,+0.000,1100,0,
1785511793.0529,2026-07-31T11:29:53.052,3.025,31,,,,0,,,,-0.0921,179.70,-0.0921,-3060.30,1,20.0,idle,+0.000,+0.000,+0.000,+0.000,1100,0,
1785511793.1529,2026-07-31T11:29:53.152,3.125,32,,,,0,,,,-0.0884,179.80,-0.0884,-3060.20,1,20.0,idle,+0.000,+0.000,+0.000,+0.000,1100,0,
1785511793.2522,2026-07-31T11:29:53.252,3.224,33,,,,0,,,,-0.0867,-179.99,-0.0867,-3059.99,1,20.0,idle,+0.000,+0.000,+0.000,+0.000,1100,0,
1785511793.3518,2026-07-31T11:29:53.351,3.323,34,,,,0,,,,-0.0944,-179.88,-0.0944,-3059.88,1,20.0,idle,+0.000,+0.000,+0.000,+0.000,1100,0,
1785511793.4499,2026-07-31T11:29:53.449,3.422,35,,,,0,,,,-0.0960,-179.72,-0.0960,-3059.72,1,20.0,idle,+0.000,+0.000,+0.000,+0.000,1100,0,
1785511793.5497,2026-07-31T11:29:53.549,3.521,36,,,,0,,,,-0.0950,-179.67,-0.0950,-3059.67,1,20.0,idle,+0.000,+0.000,+0.000,+0.000,1100,0,
1785511793.6482,2026-07-31T11:29:53.648,3.620,37,,,,0,,,,-0.0942,-179.55,-0.0942,-3059.55,1,20.0,idle,+0.000,+0.000,+0.000,+0.000,1100,0,
1785511793.7469,2026-07-31T11:29:53.746,3.719,38,,,,0,,,,-0.0947,-179.38,-0.0947,-3059.38,1,20.0,idle,+0.000,+0.000,+0.000,+0.000,1100,0,
1785511793.8468,2026-07-31T11:29:53.846,3.818,39,,,,0,,,,-0.0917,-179.31,-0.0917,-3059.31,1,20.0,idle,+0.000,+0.000,+0.000,+0.000,1100,0,
1785511793.9468,2026-07-31T11:29:53.946,3.918,40,,,,0,,,,-0.0898,-179.21,-0.0898,-3059.21,1,20.0,idle,+0.000,+0.000,+0.000,+0.000,1100,0,
1785511794.0451,2026-07-31T11:29:54.045,4.017,41,,,,0,,,,-0.0906,-179.15,-0.0906,-3059.15,1,20.0,idle,+0.000,+0.000,+0.000,+0.000,1100,0,
1785511794.1443,2026-07-31T11:29:54.144,4.116,42,,,,0,,,,-0.0873,-178.98,-0.0873,-3058.98,1,20.0,idle,+0.000,+0.000,+0.000,+0.000,1100,0,
1785511794.2449,2026-07-31T11:29:54.244,4.216,43,,,,0,,,,-0.0882,-178.88,-0.0882,-3058.88,1,20.0,idle,+0.000,+0.000,+0.000,+0.000,1100,0,
1785511794.3447,2026-07-31T11:29:54.344,4.316,44,,,,0,,,,-0.0870,-178.88,-0.0870,-3058.88,1,20.0,idle,+0.000,+0.000,+0.000,+0.000,1100,0,
1785511794.4439,2026-07-31T11:29:54.443,4.416,45,,,,0,,,,-0.0890,-178.96,-0.0890,-3058.96,1,20.0,idle,+0.000,+0.000,+0.000,+0.000,1100,0,
1785511794.5430,2026-07-31T11:29:54.543,4.515,46,,,,0,,,,-0.0896,-179.11,-0.0896,-3059.11,1,20.0,idle,+0.000,+0.000,+0.000,+0.000,1100,0,
1785511794.6429,2026-07-31T11:29:54.642,4.614,47,,,,0,,,,-0.0856,-179.81,-0.0856,-3059.81,1,20.0,idle,+0.000,+0.000,+0.000,+0.000,1100,0,
1785511794.7422,2026-07-31T11:29:54.742,4.714,48,,,,0,,,,-0.0898,179.39,-0.0898,-3060.61,1,20.0,idle,+0.000,+0.000,+0.000,+0.000,1100,0,
1785511794.8419,2026-07-31T11:29:54.841,4.814,49,,,,0,,,,-0.0863,178.94,-0.0863,-3061.06,1,20.0,idle,+0.000,+0.000,+0.000,+0.000,1100,0,
1785511794.9416,2026-07-31T11:29:54.941,4.913,50,,,,0,,,,-0.0907,177.93,-0.0907,-3062.07,1,20.0,idle,+0.000,+0.000,+0.000,+0.000,1100,0,
1785511795.0417,2026-07-31T11:29:55.041,5.013,51,,,,0,,,,-0.0884,177.40,-0.0884,-3062.60,1,20.0,idle,+0.000,+0.000,+0.000,+0.000,1100,0,
1785511795.1406,2026-07-31T11:29:55.140,5.112,52,,,,0,,,,-0.0913,176.44,-0.0913,-3063.56,1,20.0,idle,+0.000,+0.000,+0.000,+0.000,1100,0,
1785511795.2399,2026-07-31T11:29:55.239,5.211,53,,,,0,,,,-0.0889,175.60,-0.0889,-3064.40,1,20.0,idle,+0.000,+0.000,+0.000,+0.000,1100,0,
1785511795.3389,2026-07-31T11:29:55.338,5.310,54,,,,0,,,,-0.0948,175.27,-0.0948,-3064.73,1,20.0,idle,+0.000,+0.000,+0.000,+0.000,1100,0,
1785511795.4378,2026-07-31T11:29:55.437,5.409,55,,,,0,,,,-0.0925,174.91,-0.0925,-3065.09,1,20.0,idle,+0.000,+0.000,+0.000,+0.000,1100,0,
1785511795.5361,2026-07-31T11:29:55.536,5.508,56,,,,0,,,,-0.0946,174.86,-0.0946,-3065.14,1,20.0,idle,+0.000,+0.000,+0.000,+0.000,1100,0,
1785511795.6357,2026-07-31T11:29:55.635,5.607,57,,,,0,,,,-0.0976,174.96,-0.0976,-3065.04,1,20.0,idle,+0.000,+0.000,+0.000,+0.000,1100,0,
1785511795.7340,2026-07-31T11:29:55.734,5.706,58,,,,0,,,,-0.0970,175.23,-0.0970,-3064.77,1,20.0,idle,+0.000,+0.000,+0.000,+0.000,1100,0,
1785511795.8339,2026-07-31T11:29:55.833,5.806,59,,,,0,,,,-0.0952,175.36,-0.0952,-3064.64,1,20.0,idle,+0.000,+0.000,+0.000,+0.000,1100,0,
1785511795.9338,2026-07-31T11:29:55.933,5.905,60,,,,0,,,,-0.0943,175.57,-0.0943,-3064.43,1,20.0,idle,+0.000,+0.000,+0.000,+0.000,1100,0,
1785511796.0323,2026-07-31T11:29:56.032,6.004,61,,,,0,,,,-0.0950,175.64,-0.0950,-3064.36,1,20.0,idle,+0.000,+0.000,+0.000,+0.000,1100,0,
1785511796.1336,2026-07-31T11:29:56.133,6.105,62,,,,0,,,,-0.0951,175.71,-0.0951,-3064.29,1,20.0,idle,+0.000,+0.000,+0.000,+0.000,1100,0,
1785511796.2321,2026-07-31T11:29:56.232,6.204,63,,,,0,,,,-0.0930,175.63,-0.0930,-3064.37,1,20.0,idle,+0.000,+0.000,+0.000,+0.000,1100,0,
1785511796.3311,2026-07-31T11:29:56.331,6.303,64,,,,0,,,,-0.0942,175.53,-0.0942,-3064.47,1,20.0,idle,+0.000,+0.000,+0.000,+0.000,1100,0,
1785511796.4298,2026-07-31T11:29:56.429,6.401,65,,,,0,,,,-0.0929,175.26,-0.0929,-3064.74,1,20.0,idle,+0.000,+0.000,+0.000,+0.000,1100,0,
1785511796.5298,2026-07-31T11:29:56.529,6.501,66,,,,0,,,,-0.0940,175.11,-0.0940,-3064.89,1,20.0,idle,+0.000,+0.000,+0.000,+0.000,1100,0,
1785511796.6293,2026-07-31T11:29:56.629,6.601,67,,,,0,,,,-0.0927,174.85,-0.0927,-3065.15,1,20.0,idle,+0.000,+0.000,+0.000,+0.000,1100,0,
1785511796.7284,2026-07-31T11:29:56.728,6.700,68,,,,0,,,,-0.0949,174.74,-0.0949,-3065.26,1,20.0,idle,+0.000,+0.000,+0.000,+0.000,1100,0,
1785511796.8275,2026-07-31T11:29:56.827,6.799,69,,,,0,,,,-0.0918,174.58,-0.0918,-3065.42,1,20.0,idle,+0.000,+0.000,+0.000,+0.000,1100,0,
1785511796.9268,2026-07-31T11:29:56.926,6.898,70,,,,0,,,,-0.0943,174.46,-0.0943,-3065.54,1,20.0,idle,+0.000,+0.000,+0.000,+0.000,1100,0,
1785511797.0257,2026-07-31T11:29:57.025,6.997,71,,,,0,,,,-0.0962,174.42,-0.0962,-3065.58,1,20.0,idle,+0.000,+0.000,+0.000,+0.000,1100,0,
1785511797.1240,2026-07-31T11:29:57.124,7.096,72,,,,0,,,,-0.0920,174.36,-0.0920,-3065.64,1,20.0,idle,+0.000,+0.000,+0.000,+0.000,1100,0,
1785511797.2235,2026-07-31T11:29:57.223,7.195,73,,,,0,,,,-0.0911,174.33,-0.0911,-3065.67,1,20.0,idle,+0.000,+0.000,+0.000,+0.000,1100,0,
1785511797.3239,2026-07-31T11:29:57.323,7.295,74,,,,0,,,,-0.0951,174.30,-0.0951,-3065.70,1,20.0,idle,+0.000,+0.000,+0.000,+0.000,1100,0,
1785511797.4224,2026-07-31T11:29:57.422,7.394,75,,,,0,,,,-0.0895,174.32,-0.0895,-3065.68,1,20.0,idle,+0.000,+0.000,+0.000,+0.000,1100,0,
1785511797.5211,2026-07-31T11:29:57.521,7.493,76,,,,0,,,,-0.0973,174.47,-0.0973,-3065.53,1,20.0,idle,+0.000,+0.000,+0.000,+0.000,1100,0,
1785511797.6205,2026-07-31T11:29:57.620,7.592,77,,,,0,,,,-0.0953,174.72,-0.0953,-3065.28,1,20.0,idle,+0.000,+0.000,+0.000,+0.000,1100,0,
1785511797.7200,2026-07-31T11:29:57.720,7.692,78,,,,0,,,,-0.0905,174.75,-0.0905,-3065.25,1,20.0,idle,+0.000,+0.000,+0.000,+0.000,1100,0,
1785511797.8193,2026-07-31T11:29:57.819,7.791,79,,,,0,,,,-0.0959,174.79,-0.0959,-3065.21,1,20.0,idle,+0.000,+0.000,+0.000,+0.000,1100,0,
1785511797.9194,2026-07-31T11:29:57.919,7.891,80,,,,0,,,,-0.0954,174.83,-0.0954,-3065.17,1,20.0,idle,+0.000,+0.000,+0.000,+0.000,1100,0,
1785511798.0198,2026-07-31T11:29:58.019,7.991,81,,,,0,,,,-0.0992,174.94,-0.0992,-3065.06,1,20.0,idle,+0.000,+0.000,+0.000,+0.000,1100,0,
1785511798.1183,2026-07-31T11:29:58.118,8.090,82,,,,0,,,,-0.0931,175.02,-0.0931,-3064.98,1,20.0,idle,+0.000,+0.000,+0.000,+0.000,1100,0,
1785511798.2180,2026-07-31T11:29:58.218,8.190,83,,,,0,,,,-0.0933,175.02,-0.0933,-3064.98,1,20.0,idle,+0.000,+0.000,+0.000,+0.000,1100,0,
1785511798.3172,2026-07-31T11:29:58.317,8.289,84,,,,0,,,,-0.0909,174.93,-0.0909,-3065.07,1,20.0,idle,+0.000,+0.000,+0.000,+0.000,1100,0,
1785511798.4170,2026-07-31T11:29:58.417,8.389,85,,,,0,,,,-0.0934,174.83,-0.0934,-3065.17,1,20.0,idle,+0.000,+0.000,+0.000,+0.000,1100,0,
1785511798.5151,2026-07-31T11:29:58.515,8.487,86,,,,0,,,,-0.0986,174.81,-0.0986,-3065.19,1,20.0,idle,+0.000,+0.000,+0.000,+0.000,1100,0,
1785511798.6144,2026-07-31T11:29:58.614,8.586,87,,,,0,,,,-0.0904,174.76,-0.0904,-3065.24,1,20.0,idle,+0.000,+0.000,+0.000,+0.000,1100,0,
1785511798.7147,2026-07-31T11:29:58.714,8.686,88,,,,0,,,,-0.0884,174.72,-0.0884,-3065.28,1,20.0,idle,+0.000,+0.000,+0.000,+0.000,1100,0,
1785511798.8140,2026-07-31T11:29:58.814,8.786,89,,,,0,,,,-0.0893,174.52,-0.0893,-3065.48,1,20.0,idle,+0.000,+0.000,+0.000,+0.000,1100,0,
1785511798.9132,2026-07-31T11:29:58.913,8.885,90,,,,0,,,,-0.0905,174.42,-0.0905,-3065.58,1,20.0,idle,+0.000,+0.000,+0.000,+0.000,1100,0,
1785511799.0126,2026-07-31T11:29:59.012,8.984,91,,,,0,,,,-0.0883,174.18,-0.0883,-3065.82,1,20.0,idle,+0.000,+0.000,+0.000,+0.000,1100,0,
1785511799.1121,2026-07-31T11:29:59.112,9.084,92,,,,0,,,,-0.0897,173.97,-0.0897,-3066.03,1,20.0,idle,+0.000,+0.000,+0.000,+0.000,1100,0,
1785511799.2113,2026-07-31T11:29:59.211,9.183,93,,,,0,,,,-0.0867,173.89,-0.0867,-3066.11,1,20.0,idle,+0.000,+0.000,+0.000,+0.000,1100,0,
1785511799.3106,2026-07-31T11:29:59.310,9.282,94,,,,0,,,,-0.0876,173.71,-0.0876,-3066.29,1,20.0,idle,+0.000,+0.000,+0.000,+0.000,1100,0,
1785511799.4105,2026-07-31T11:29:59.410,9.382,95,,,,0,,,,-0.0859,173.60,-0.0859,-3066.40,1,20.0,idle,+0.000,+0.000,+0.000,+0.000,1100,0,
1785511799.5093,2026-07-31T11:29:59.509,9.481,96,,,,0,,,,-0.0849,173.38,-0.0849,-3066.62,1,20.0,idle,+0.000,+0.000,+0.000,+0.000,1100,0,
1785511799.6095,2026-07-31T11:29:59.609,9.581,97,,,,0,,,,-0.0799,173.20,-0.0799,-3066.80,1,20.0,idle,+0.000,+0.000,+0.000,+0.000,1100,0,
1785511799.7086,2026-07-31T11:29:59.708,9.680,98,,,,0,,,,-0.0786,173.10,-0.0786,-3066.90,1,20.0,idle,+0.000,+0.000,+0.000,+0.000,1100,0,
1785511799.8080,2026-07-31T11:29:59.807,9.780,99,,,,0,,,,-0.0774,172.96,-0.0774,-3067.04,1,20.0,idle,+0.000,+0.000,+0.000,+0.000,1100,0,
1785511799.9063,2026-07-31T11:29:59.906,9.878,100,,,,0,,,,-0.0750,172.89,-0.0750,-3067.11,1,20.0,idle,+0.000,+0.000,+0.000,+0.000,1100,0,
1785511800.0058,2026-07-31T11:30:00.005,9.977,101,,,,0,,,,-0.0735,172.72,-0.0735,-3067.28,1,20.0,idle,+0.000,+0.000,+0.000,+0.000,1100,0,
1785511800.1043,2026-07-31T11:30:00.104,10.076,102,,,,0,,,,-0.0714,172.48,-0.0714,-3067.52,1,20.0,idle,+0.000,+0.000,+0.000,+0.000,1100,0,
1785511800.2034,2026-07-31T11:30:00.203,10.175,103,,,,0,,,,-0.0742,172.35,-0.0742,-3067.65,1,20.0,idle,+0.000,+0.000,+0.000,+0.000,1100,0,
1785511800.3027,2026-07-31T11:30:00.302,10.274,104,,,,0,,,,-0.0732,172.11,-0.0732,-3067.89,1,20.0,idle,+0.000,+0.000,+0.000,+0.000,1100,0,
1785511800.4017,2026-07-31T11:30:00.401,10.373,105,,,,0,,,,-0.0698,171.97,-0.0698,-3068.03,1,20.0,idle,+0.000,+0.000,+0.000,+0.000,1100,0,
1785511800.5006,2026-07-31T11:30:00.500,10.472,106,,,,0,,,,-0.0705,171.62,-0.0705,-3068.38,1,20.0,idle,+0.000,+0.000,+0.000,+0.000,1100,0,
1785511800.6000,2026-07-31T11:30:00.599,10.572,107,,,,0,,,,-0.0676,171.42,-0.0676,-3068.58,1,20.0,idle,+0.000,+0.000,+0.000,+0.000,1100,0,
1785511800.6988,2026-07-31T11:30:00.698,10.670,108,,,,0,,,,-0.0689,171.09,-0.0689,-3068.91,1,20.0,idle,+0.000,+0.000,+0.000,+0.000,1100,0,
1785511800.7985,2026-07-31T11:30:00.798,10.770,109,,,,0,,,,-0.0659,170.82,-0.0659,-3069.18,1,20.0,idle,+0.000,+0.000,+0.000,+0.000,1100,0,
1785511800.8980,2026-07-31T11:30:00.897,10.870,110,,,,0,,,,-0.0683,170.67,-0.0683,-3069.33,1,20.0,idle,+0.000,+0.000,+0.000,+0.000,1100,0,
1785511800.9972,2026-07-31T11:30:00.997,10.969,111,,,,0,,,,-0.0713,170.29,-0.0713,-3069.71,1,20.0,idle,+0.000,+0.000,+0.000,+0.000,1100,0,
1785511801.0972,2026-07-31T11:30:01.097,11.069,112,,,,0,,,,-0.0649,170.06,-0.0649,-3069.94,1,20.0,idle,+0.000,+0.000,+0.000,+0.000,1100,0,
1785511801.1969,2026-07-31T11:30:01.196,11.169,113,,,,0,,,,-0.0646,169.63,-0.0646,-3070.37,1,20.0,idle,+0.000,+0.000,+0.000,+0.000,1100,0,
1785511801.2970,2026-07-31T11:30:01.296,11.269,114,,,,0,,,,-0.0595,169.25,-0.0595,-3070.75,1,20.0,idle,+0.000,+0.000,+0.000,+0.000,1100,0,
1785511801.3953,2026-07-31T11:30:01.395,11.367,115,,,,0,,,,-0.0587,169.07,-0.0587,-3070.93,1,20.0,idle,+0.000,+0.000,+0.000,+0.000,1100,0,
1785511801.4948,2026-07-31T11:30:01.494,11.466,116,,,,0,,,,-0.0579,168.74,-0.0579,-3071.26,1,20.0,idle,+0.000,+0.000,+0.000,+0.000,1100,0,
1785511801.5936,2026-07-31T11:30:01.593,11.565,117,,,,0,,,,-0.0581,168.56,-0.0581,-3071.44,1,20.0,idle,+0.000,+0.000,+0.000,+0.000,1100,0,
1785511801.6932,2026-07-31T11:30:01.693,11.665,118,,,,0,,,,-0.0520,168.18,-0.0520,-3071.82,1,20.0,idle,+0.000,+0.000,+0.000,+0.000,1100,0,
1785511801.7928,2026-07-31T11:30:01.792,11.764,119,,,,0,,,,-0.0501,167.80,-0.0501,-3072.20,1,20.0,idle,+0.000,+0.000,+0.000,+0.000,1100,0,
1785511801.8925,2026-07-31T11:30:01.892,11.864,120,,,,0,,,,-0.0504,167.63,-0.0504,-3072.37,1,20.0,idle,+0.000,+0.000,+0.000,+0.000,1100,0,
1785511801.9914,2026-07-31T11:30:01.991,11.963,121,,,,0,,,,-0.0493,167.29,-0.0493,-3072.71,1,20.0,idle,+0.000,+0.000,+0.000,+0.000,1100,0,
1785511802.0913,2026-07-31T11:30:02.091,12.063,122,,,,0,,,,-0.0456,167.11,-0.0456,-3072.89,1,20.0,idle,+0.000,+0.000,+0.000,+0.000,1100,0,
1785511802.1908,2026-07-31T11:30:02.190,12.162,123,,,,0,,,,-0.0423,166.76,-0.0423,-3073.24,1,20.0,idle,+0.000,+0.000,+0.000,+0.000,1100,0,
1785511802.2897,2026-07-31T11:30:02.289,12.261,124,,,,0,,,,-0.0438,166.43,-0.0438,-3073.57,1,20.0,idle,+0.000,+0.000,+0.000,+0.000,1100,0,
1785511802.3890,2026-07-31T11:30:02.389,12.361,125,,,,0,,,,-0.0390,166.26,-0.0390,-3073.74,1,20.0,idle,+0.000,+0.000,+0.000,+0.000,1100,0,
1785511802.4881,2026-07-31T11:30:02.488,12.460,126,,,,0,,,,-0.0325,165.88,-0.0325,-3074.12,1,20.0,idle,+0.000,+0.000,+0.000,+0.000,1100,0,
1785511802.5877,2026-07-31T11:30:02.587,12.559,127,,,,0,,,,-0.0374,165.68,-0.0374,-3074.32,1,20.0,idle,+0.000,+0.000,+0.000,+0.000,1100,0,
1785511802.6871,2026-07-31T11:30:02.687,12.659,128,,,,0,,,,-0.0367,165.24,-0.0367,-3074.76,1,20.0,idle,+0.000,+0.000,+0.000,+0.000,1100,0,
1785511802.7857,2026-07-31T11:30:02.785,12.757,129,,,,0,,,,-0.0313,164.82,-0.0313,-3075.18,1,20.0,idle,+0.000,+0.000,+0.000,+0.000,1100,0,
1785511802.8850,2026-07-31T11:30:02.885,12.857,130,,,,0,,,,-0.0289,164.60,-0.0289,-3075.40,1,20.0,idle,+0.000,+0.000,+0.000,+0.000,1100,0,
1785511802.9833,2026-07-31T11:30:02.983,12.955,131,,,,0,,,,-0.0325,164.19,-0.0325,-3075.81,1,20.0,idle,+0.000,+0.000,+0.000,+0.000,1100,0,
1785511803.0823,2026-07-31T11:30:03.082,13.054,132,,,,0,,,,-0.0284,163.96,-0.0284,-3076.04,1,20.0,idle,+0.000,+0.000,+0.000,+0.000,1100,0,
1785511803.1813,2026-07-31T11:30:03.181,13.153,133,,,,0,,,,-0.0287,163.50,-0.0287,-3076.50,1,20.0,idle,+0.000,+0.000,+0.000,+0.000,1100,0,
1785511803.2812,2026-07-31T11:30:03.281,13.253,134,,,,0,,,,-0.0277,163.28,-0.0277,-3076.72,1,20.0,idle,+0.000,+0.000,+0.000,+0.000,1100,0,
1785511803.3803,2026-07-31T11:30:03.380,13.352,135,,,,0,,,,-0.0300,162.85,-0.0300,-3077.15,1,20.0,idle,+0.000,+0.000,+0.000,+0.000,1100,0,
1785511803.4794,2026-07-31T11:30:03.479,13.451,136,,,,0,,,,-0.0269,162.39,-0.0269,-3077.61,1,20.0,idle,+0.000,+0.000,+0.000,+0.000,1100,0,
1785511803.5785,2026-07-31T11:30:03.578,13.550,137,,,,0,,,,-0.0234,162.13,-0.0234,-3077.87,1,20.0,idle,+0.000,+0.000,+0.000,+0.000,1100,0,
1785511803.6775,2026-07-31T11:30:03.677,13.649,138,,,,0,,,,-0.0198,161.61,-0.0198,-3078.39,1,20.0,idle,+0.000,+0.000,+0.000,+0.000,1100,0,
1785511803.7765,2026-07-31T11:30:03.776,13.748,139,,,,0,,,,-0.0215,161.35,-0.0215,-3078.65,1,20.0,idle,+0.000,+0.000,+0.000,+0.000,1100,0,
1785511803.8767,2026-07-31T11:30:03.876,13.848,140,,,,0,,,,-0.0228,160.82,-0.0228,-3079.18,1,20.0,idle,+0.000,+0.000,+0.000,+0.000,1100,0,
1785511803.9772,2026-07-31T11:30:03.977,13.949,141,,,,0,,,,-0.0179,160.54,-0.0179,-3079.46,1,20.0,idle,+0.000,+0.000,+0.000,+0.000,1100,0,
1785511804.0790,2026-07-31T11:30:04.079,14.051,142,,,,0,,,,-0.0143,159.93,-0.0143,-3080.07,1,20.0,idle,+0.000,+0.000,+0.000,+0.000,1100,0,
1785511804.1784,2026-07-31T11:30:04.178,14.150,143,,,,0,,,,-0.0118,159.29,-0.0118,-3080.71,1,20.0,idle,+0.000,+0.000,+0.000,+0.000,1100,0,
1785511804.2781,2026-07-31T11:30:04.278,14.250,144,,,,0,,,,-0.0101,158.97,-0.0101,-3081.03,1,20.0,idle,+0.000,+0.000,+0.000,+0.000,1100,0,
1785511804.3772,2026-07-31T11:30:04.377,14.349,145,,,,0,,,,-0.0113,158.35,-0.0113,-3081.65,1,20.0,idle,+0.000,+0.000,+0.000,+0.000,1100,0,
1785511804.4770,2026-07-31T11:30:04.477,14.449,146,,,,0,,,,-0.0107,158.03,-0.0107,-3081.97,1,20.0,idle,+0.000,+0.000,+0.000,+0.000,1100,0,
1785511804.5757,2026-07-31T11:30:04.575,14.547,147,,,,0,,,,-0.0078,157.46,-0.0078,-3082.54,1,20.0,idle,+0.000,+0.000,+0.000,+0.000,1100,0,
1785511804.6746,2026-07-31T11:30:04.674,14.646,148,,,,0,,,,-0.0078,156.97,-0.0078,-3083.03,1,20.0,idle,+0.000,+0.000,+0.000,+0.000,1100,0,
1785511804.7738,2026-07-31T11:30:04.773,14.745,149,,,,0,,,,-0.0034,156.74,-0.0034,-3083.26,1,20.0,idle,+0.000,+0.000,+0.000,+0.000,1100,0,
1785511804.8732,2026-07-31T11:30:04.873,14.845,150,,,,0,,,,-0.0039,156.32,-0.0039,-3083.68,1,20.0,idle,+0.000,+0.000,+0.000,+0.000,1100,0,
1785511804.9718,2026-07-31T11:30:04.971,14.943,151,,,,0,,,,0.0000,156.11,0.0000,-3083.89,1,20.0,idle,+0.000,+0.000,+0.000,+0.000,1100,0,
1785511805.0708,2026-07-31T11:30:05.070,15.042,152,,,,0,,,,0.0006,155.75,0.0006,-3084.25,1,20.0,idle,+0.000,+0.000,+0.000,+0.000,1100,0,
1785511805.1702,2026-07-31T11:30:05.170,15.142,153,,,,0,,,,0.0089,155.43,0.0089,-3084.57,1,20.0,idle,+0.000,+0.000,+0.000,+0.000,1100,0,
1785511805.2686,2026-07-31T11:30:05.268,15.240,154,,,,0,,,,0.0112,155.29,0.0112,-3084.71,1,20.0,idle,+0.000,+0.000,+0.000,+0.000,1100,0,
1785511805.3690,2026-07-31T11:30:05.369,15.341,155,,,,0,,,,0.0165,155.05,0.0165,-3084.95,1,20.0,idle,+0.000,+0.000,+0.000,+0.000,1100,0,
1785511805.4682,2026-07-31T11:30:05.468,15.440,156,,,,0,,,,0.0180,154.95,0.0180,-3085.05,1,20.0,idle,+0.000,+0.000,+0.000,+0.000,1100,0,
1785511805.5669,2026-07-31T11:30:05.566,15.539,157,,,,0,,,,0.0109,154.75,0.0109,-3085.25,1,20.0,idle,+0.000,+0.000,+0.000,+0.000,1100,0,
1785511805.6655,2026-07-31T11:30:05.665,15.637,158,,,,0,,,,0.0220,154.57,0.0220,-3085.43,1,20.0,idle,+0.000,+0.000,+0.000,+0.000,1100,0,
1785511805.7646,2026-07-31T11:30:05.764,15.736,159,,,,0,,,,0.0253,154.48,0.0253,-3085.52,1,20.0,idle,+0.000,+0.000,+0.000,+0.000,1100,0,
1785511805.8645,2026-07-31T11:30:05.864,15.836,160,,,,0,,,,0.0277,154.31,0.0277,-3085.69,1,20.0,idle,+0.000,+0.000,+0.000,+0.000,1100,0,
1785511805.9644,2026-07-31T11:30:05.964,15.936,161,,,,0,,,,0.0275,154.22,0.0275,-3085.78,1,20.0,idle,+0.000,+0.000,+0.000,+0.000,1100,0,
1785511806.0640,2026-07-31T11:30:06.064,16.036,162,,,,0,,,,0.0283,154.05,0.0283,-3085.95,1,20.0,idle,+0.000,+0.000,+0.000,+0.000,1100,0,
1785511806.1632,2026-07-31T11:30:06.163,16.135,163,,,,0,,,,0.0288,153.91,0.0288,-3086.09,1,20.0,idle,+0.000,+0.000,+0.000,+0.000,1100,0,
1785511806.2628,2026-07-31T11:30:06.262,16.234,164,,,,0,,,,0.0238,153.86,0.0238,-3086.14,1,20.0,idle,+0.000,+0.000,+0.000,+0.000,1100,0,
1785511806.3619,2026-07-31T11:30:06.361,16.334,165,,,,0,,,,0.0249,153.77,0.0249,-3086.23,1,20.0,idle,+0.000,+0.000,+0.000,+0.000,1100,0,
1785511806.4608,2026-07-31T11:30:06.460,16.432,166,,,,0,,,,0.0279,153.73,0.0279,-3086.27,1,20.0,idle,+0.000,+0.000,+0.000,+0.000,1100,0,
1785511806.5597,2026-07-31T11:30:06.559,16.531,167,,,,0,,,,0.0276,153.67,0.0276,-3086.33,1,20.0,idle,+0.000,+0.000,+0.000,+0.000,1100,0,
1785511806.6592,2026-07-31T11:30:06.659,16.631,168,,,,0,,,,0.0226,153.92,0.0226,-3086.08,1,20.0,idle,+0.000,+0.000,+0.000,+0.000,1100,0,
1785511806.7575,2026-07-31T11:30:06.757,16.729,169,,,,0,,,,0.0273,154.29,0.0273,-3085.71,1,20.0,idle,+0.000,+0.000,+0.000,+0.000,1100,0,
1785511806.8577,2026-07-31T11:30:06.857,16.829,170,,,,0,,,,0.0256,155.42,0.0256,-3084.58,1,20.0,idle,+0.000,+0.000,+0.000,+0.000,1100,0,
1785511806.9564,2026-07-31T11:30:06.956,16.928,171,,,,0,,,,0.0237,156.19,0.0237,-3083.81,1,20.0,idle,+0.000,+0.000,+0.000,+0.000,1100,0,
1785511807.0567,2026-07-31T11:30:07.056,17.028,172,,,,0,,,,0.0221,157.80,0.0221,-3082.20,1,20.0,idle,+0.000,+0.000,+0.000,+0.000,1100,0,
1785511807.1559,2026-07-31T11:30:07.155,17.127,173,,,,0,,,,0.0255,159.40,0.0255,-3080.60,1,20.0,idle,+0.000,+0.000,+0.000,+0.000,1100,0,
1785511807.2560,2026-07-31T11:30:07.255,17.228,174,,,,0,,,,0.0283,160.12,0.0283,-3079.88,1,20.0,idle,+0.000,+0.000,+0.000,+0.000,1100,0,
1785511807.3561,2026-07-31T11:30:07.356,17.328,175,,,,0,,,,0.0256,161.40,0.0256,-3078.60,1,20.0,idle,+0.000,+0.000,+0.000,+0.000,1100,0,
1785511807.4552,2026-07-31T11:30:07.455,17.427,176,,,,0,,,,0.0263,161.95,0.0263,-3078.05,1,20.0,idle,+0.000,+0.000,+0.000,+0.000,1100,0,
1785511807.5551,2026-07-31T11:30:07.555,17.527,177,,,,0,,,,0.0278,162.90,0.0278,-3077.10,1,20.0,idle,+0.000,+0.000,+0.000,+0.000,1100,0,
1785511807.6544,2026-07-31T11:30:07.654,17.626,178,,,,0,,,,0.0259,163.72,0.0259,-3076.28,1,20.0,idle,+0.000,+0.000,+0.000,+0.000,1100,0,
1785511807.7544,2026-07-31T11:30:07.754,17.726,179,,,,0,,,,0.0273,164.10,0.0273,-3075.90,1,20.0,idle,+0.000,+0.000,+0.000,+0.000,1100,0,
1785511807.8552,2026-07-31T11:30:07.855,17.827,180,,,,0,,,,0.0270,164.81,0.0270,-3075.19,1,20.0,idle,+0.000,+0.000,+0.000,+0.000,1100,0,
1785511807.9554,2026-07-31T11:30:07.955,17.927,181,,,,0,,,,0.0300,165.13,0.0300,-3074.87,1,20.0,idle,+0.000,+0.000,+0.000,+0.000,1100,0,
1785511808.0557,2026-07-31T11:30:08.055,18.027,182,,,,0,,,,0.0314,165.71,0.0314,-3074.29,1,20.0,idle,+0.000,+0.000,+0.000,+0.000,1100,0,
1785511808.1559,2026-07-31T11:30:08.155,18.127,183,,,,0,,,,0.0301,165.97,0.0301,-3074.03,1,20.0,idle,+0.000,+0.000,+0.000,+0.000,1100,0,
1785511808.2552,2026-07-31T11:30:08.255,18.227,184,,,,0,,,,0.0351,166.42,0.0351,-3073.58,1,20.0,idle,+0.000,+0.000,+0.000,+0.000,1100,0,
1785511808.3539,2026-07-31T11:30:08.353,18.326,185,,,,0,,,,0.0300,166.77,0.0300,-3073.23,1,20.0,idle,+0.000,+0.000,+0.000,+0.000,1100,0,
1785511808.4533,2026-07-31T11:30:08.453,18.425,186,,,,0,,,,0.0295,166.91,0.0295,-3073.09,1,20.0,idle,+0.000,+0.000,+0.000,+0.000,1100,0,
1785511808.5515,2026-07-31T11:30:08.551,18.523,187,,,,0,,,,0.0270,167.20,0.0270,-3072.80,1,20.0,idle,+0.000,+0.000,+0.000,+0.000,1100,0,
1785511808.6508,2026-07-31T11:30:08.650,18.622,188,,,,0,,,,0.0265,167.33,0.0265,-3072.67,1,20.0,idle,+0.000,+0.000,+0.000,+0.000,1100,0,
1785511808.7498,2026-07-31T11:30:08.749,18.721,189,,,,0,,,,0.0288,167.61,0.0288,-3072.39,1,20.0,idle,+0.000,+0.000,+0.000,+0.000,1100,0,
1785511808.8486,2026-07-31T11:30:08.848,18.820,190,,,,0,,,,0.0264,167.87,0.0264,-3072.13,1,20.0,idle,+0.000,+0.000,+0.000,+0.000,1100,0,
1785511808.9490,2026-07-31T11:30:08.949,18.921,191,,,,0,,,,0.0235,167.99,0.0235,-3072.01,1,20.0,idle,+0.000,+0.000,+0.000,+0.000,1100,0,
1785511809.0482,2026-07-31T11:30:09.048,19.020,192,,,,0,,,,0.0189,168.23,0.0189,-3071.77,1,20.0,idle,+0.000,+0.000,+0.000,+0.000,1100,0,
1785511809.1465,2026-07-31T11:30:09.146,19.118,193,,,,0,,,,0.0205,168.33,0.0205,-3071.67,1,20.0,idle,+0.000,+0.000,+0.000,+0.000,1100,0,
1785511809.2463,2026-07-31T11:30:09.246,19.218,194,,,,0,,,,0.0163,168.51,0.0163,-3071.49,1,20.0,idle,+0.000,+0.000,+0.000,+0.000,1100,0,
1785511809.3456,2026-07-31T11:30:09.345,19.317,195,,,,0,,,,0.0113,168.65,0.0113,-3071.35,1,20.0,idle,+0.000,+0.000,+0.000,+0.000,1100,0,
1785511809.4447,2026-07-31T11:30:09.444,19.416,196,,,,0,,,,0.0106,168.70,0.0106,-3071.30,1,20.0,idle,+0.000,+0.000,+0.000,+0.000,1100,0,
1785511809.5438,2026-07-31T11:30:09.543,19.515,197,,,,0,,,,0.0021,168.81,0.0021,-3071.19,1,20.0,idle,+0.000,+0.000,+0.000,+0.000,1100,0,
1785511809.6431,2026-07-31T11:30:09.643,19.615,198,,,,0,,,,0.0072,168.86,0.0072,-3071.14,1,20.0,idle,+0.000,+0.000,+0.000,+0.000,1100,0,
1785511809.7419,2026-07-31T11:30:09.741,19.713,199,,,,0,,,,0.0035,168.94,0.0035,-3071.06,1,20.0,idle,+0.000,+0.000,+0.000,+0.000,1100,0,
1785511809.8406,2026-07-31T11:30:09.840,19.812,200,,,,0,,,,-0.0013,169.01,-0.0013,-3070.99,1,20.0,idle,+0.000,+0.000,+0.000,+0.000,1100,0,
1785511809.9412,2026-07-31T11:30:09.941,19.913,201,,,,0,,,,-0.0037,169.04,-0.0037,-3070.96,1,20.0,idle,+0.000,+0.000,+0.000,+0.000,1100,0,
1785511810.0411,2026-07-31T11:30:10.041,20.013,202,,,,0,,,,-0.0057,169.10,-0.0057,-3070.90,1,20.0,idle,+0.000,+0.000,+0.000,+0.000,1100,0,
1785511810.1413,2026-07-31T11:30:10.141,20.113,203,,,,0,,,,-0.0046,169.11,-0.0046,-3070.89,1,20.0,idle,+0.000,+0.000,+0.000,+0.000,1100,0,
1785511810.2395,2026-07-31T11:30:10.239,20.211,204,,,,0,,,,-0.0054,169.12,-0.0054,-3070.88,1,20.0,idle,+0.000,+0.000,+0.000,+0.000,1100,0,
1785511810.3389,2026-07-31T11:30:10.338,20.310,205,,,,0,,,,-0.0114,169.10,-0.0114,-3070.90,1,20.0,idle,+0.000,+0.000,+0.000,+0.000,1100,0,
1785511810.4380,2026-07-31T11:30:10.438,20.410,206,,,,0,,,,-0.0100,169.06,-0.0100,-3070.94,1,20.0,idle,+0.000,+0.000,+0.000,+0.000,1100,0,
1785511810.5388,2026-07-31T11:30:10.538,20.510,207,,,,0,,,,-0.0144,169.00,-0.0144,-3071.00,1,20.0,auto:IDLE,+0.000,+0.000,+0.000,+0.000,1100,0,
1785511810.6383,2026-07-31T11:30:10.638,20.610,208,,,,0,,,,-0.0143,168.98,-0.0143,-3071.02,1,20.0,auto:IDLE,+0.000,+0.000,-0.600,+0.400,1100,0,
1785511810.7368,2026-07-31T11:30:10.736,20.708,209,,,,0,,,,-0.0186,168.95,-0.0186,-3071.05,1,20.0,auto:IDLE,+0.000,+0.000,-0.600,+0.400,1100,0,
1785511810.8360,2026-07-31T11:30:10.836,20.808,210,,,,0,,,,-0.0219,168.89,-0.0219,-3071.11,1,20.0,auto:IDLE,+0.000,+0.000,-0.600,+0.400,1100,0,
1785511810.9355,2026-07-31T11:30:10.935,20.907,211,,,,0,,,,-0.0197,167.68,-0.0197,-3072.32,1,20.0,auto:IDLE,+0.000,+0.000,-0.600,+0.400,1100,0,
1785511811.0346,2026-07-31T11:30:11.034,21.006,212,,,,0,,,,-0.0196,165.74,-0.0196,-3074.26,1,20.0,auto:IDLE,+0.000,+0.000,-0.600,+0.400,1100,0,
1785511811.1353,2026-07-31T11:30:11.135,21.107,213,,,,0,,,,-0.0175,164.59,-0.0175,-3075.41,1,20.0,auto:SEARCHING,+0.000,+0.000,-0.600,+0.400,1100,0,
1785511811.2353,2026-07-31T11:30:11.235,21.207,214,,,,0,,,,-0.0169,162.14,-0.0169,-3077.86,1,20.0,auto:SEARCHING,+0.000,+0.000,-0.600,+0.400,1100,0,
1785511811.3337,2026-07-31T11:30:11.333,21.305,215,,,,0,,,,-0.0144,160.86,-0.0144,-3079.14,1,20.0,auto:SEARCHING,+0.000,+0.000,-0.600,+0.400,1100,0,
1785511811.4330,2026-07-31T11:30:11.432,21.405,216,,,,0,,,,-0.0131,158.20,-0.0131,-3081.80,1,20.0,auto:SEARCHING,+0.000,+0.000,-0.600,+0.400,1100,0,
1785511811.5333,2026-07-31T11:30:11.533,21.505,217,,,,0,,,,-0.0072,155.54,-0.0072,-3084.46,1,20.0,auto:SEARCHING,+0.000,+0.000,-0.600,+0.400,1100,0,
1785511811.6330,2026-07-31T11:30:11.633,21.605,218,,,,0,,,,-0.0050,154.21,-0.0050,-3085.79,1,20.0,auto:SEARCHING,+0.000,+0.000,-0.600,+0.400,1100,0,
1785511811.7320,2026-07-31T11:30:11.731,21.704,219,,,,0,,,,0.0087,151.53,0.0087,-3088.47,1,20.0,auto:SEARCHING,+0.000,+0.000,-0.600,+0.400,1100,0,
1785511811.8311,2026-07-31T11:30:11.831,21.803,220,,,,0,,,,0.0042,150.18,0.0042,-3089.82,1,20.0,auto:SEARCHING,+0.000,+0.000,-0.600,+0.400,1100,0,
1785511811.9297,2026-07-31T11:30:11.929,21.901,221,,,,0,,,,0.0188,147.42,0.0188,-3092.58,1,20.0,auto:SEARCHING,+0.000,+0.000,-0.600,+0.400,1100,0,
1785511812.0296,2026-07-31T11:30:12.029,22.001,222,,,,0,,,,0.0261,144.70,0.0261,-3095.30,1,20.0,auto:SEARCHING,+0.000,+0.000,-0.600,+0.400,1100,0,
1785511812.1295,2026-07-31T11:30:12.129,22.101,223,,,,0,,,,0.0294,143.34,0.0294,-3096.66,1,20.0,auto:SEARCHING,+0.000,+0.000,-0.600,+0.400,1100,0,
1785511812.2291,2026-07-31T11:30:12.229,22.201,224,,,,0,,,,0.0443,140.64,0.0443,-3099.36,1,20.0,auto:SEARCHING,+0.000,+0.000,-0.600,+0.400,1100,0,
1785511812.3284,2026-07-31T11:30:12.328,22.300,225,,,,0,,,,0.0462,139.27,0.0462,-3100.73,1,20.0,auto:SEARCHING,+0.000,+0.000,-0.600,+0.400,1100,0,
1785511812.4275,2026-07-31T11:30:12.427,22.399,226,,,,0,,,,0.0562,136.54,0.0562,-3103.46,1,20.0,auto:SEARCHING,+0.000,+0.000,-0.600,+0.400,1100,0,
1785511812.5267,2026-07-31T11:30:12.526,22.498,227,,,,0,,,,0.0689,133.79,0.0689,-3106.21,1,20.0,auto:SEARCHING,+0.000,+0.000,-0.600,+0.400,1100,0,
1785511812.6273,2026-07-31T11:30:12.627,22.599,228,,,,0,,,,0.0781,132.42,0.0781,-3107.58,1,20.0,auto:SEARCHING,+0.000,+0.000,-0.600,+0.400,1100,0,
1785511812.7257,2026-07-31T11:30:12.725,22.697,229,,,,0,,,,0.0838,129.74,0.0838,-3110.26,1,20.0,auto:SEARCHING,+0.000,+0.000,-0.600,+0.400,1100,0,
1785511812.8260,2026-07-31T11:30:12.825,22.798,230,,,,0,,,,0.0919,128.44,0.0919,-3111.56,1,20.0,auto:SEARCHING,+0.000,+0.000,-0.600,+0.400,1100,0,
1785511812.9255,2026-07-31T11:30:12.925,22.897,231,,,,0,,,,0.1065,125.85,0.1065,-3114.15,1,20.0,auto:SEARCHING,+0.000,+0.000,-0.600,+0.400,1100,0,
1785511813.0250,2026-07-31T11:30:13.025,22.997,232,,,,0,,,,0.1180,123.25,0.1180,-3116.75,1,20.0,auto:SEARCHING,+0.000,+0.000,-0.600,+0.400,1100,0,
1785511813.1244,2026-07-31T11:30:13.124,23.096,233,,,,0,,,,0.1240,121.96,0.1240,-3118.04,1,20.0,auto:SEARCHING,+0.000,+0.000,-0.600,+0.400,1100,0,
1785511813.2236,2026-07-31T11:30:13.223,23.195,234,,,,0,,,,0.1419,119.34,0.1419,-3120.66,1,20.0,auto:SEARCHING,+0.000,+0.000,-0.600,+0.400,1100,0,
1785511813.3235,2026-07-31T11:30:13.323,23.295,235,,,,0,,,,0.1457,118.02,0.1457,-3121.98,1,20.0,auto:SEARCHING,+0.000,+0.000,-0.600,+0.400,1100,0,
1785511813.4218,2026-07-31T11:30:13.421,23.393,236,,,,0,,,,0.1659,115.36,0.1659,-3124.64,1,20.0,auto:SEARCHING,+0.000,+0.000,-0.600,+0.400,1100,0,
1785511813.5213,2026-07-31T11:30:13.521,23.493,237,,,,0,,,,0.1710,114.03,0.1710,-3125.97,1,20.0,auto:SEARCHING,+0.000,+0.000,-0.600,+0.400,1100,0,
1785511813.6197,2026-07-31T11:30:13.619,23.591,238,,,,0,,,,0.1918,111.32,0.1918,-3128.68,1,20.0,auto:SEARCHING,+0.000,+0.000,-0.600,+0.400,1100,0,
1785511813.7189,2026-07-31T11:30:13.718,23.690,239,,,,0,,,,0.2070,108.59,0.2070,-3131.41,1,20.0,auto:SEARCHING,+0.000,+0.000,-0.600,+0.400,1100,0,
1785511813.8180,2026-07-31T11:30:13.817,23.790,240,,,,0,,,,0.2157,107.22,0.2157,-3132.78,1,20.0,auto:SEARCHING,+0.000,+0.000,-0.600,+0.400,1100,0,
1785511813.9178,2026-07-31T11:30:13.917,23.889,241,,,,0,,,,0.2285,104.43,0.2285,-3135.57,1,20.0,auto:SEARCHING,+0.000,+0.000,-0.600,+0.400,1100,0,
1785511814.0169,2026-07-31T11:30:14.016,23.988,242,,,,0,,,,0.2395,103.03,0.2395,-3136.97,1,20.0,auto:SEARCHING,+0.000,+0.000,-0.600,+0.400,1100,0,
1785511814.1162,2026-07-31T11:30:14.116,24.088,243,,,,0,,,,0.2559,100.19,0.2559,-3139.81,1,20.0,auto:SEARCHING,+0.000,+0.000,-0.600,+0.400,1100,0,
1785511814.2162,2026-07-31T11:30:14.216,24.188,244,,,,0,,,,0.2632,98.76,0.2632,-3141.24,1,20.0,auto:SEARCHING,+0.000,+0.000,-0.600,+0.400,1100,0,
1785511814.3162,2026-07-31T11:30:14.316,24.288,245,,,,0,,,,0.2801,95.90,0.2801,-3144.10,1,20.0,auto:SEARCHING,+0.000,+0.000,-0.600,+0.400,1100,0,
1785511814.4150,2026-07-31T11:30:14.415,24.387,246,,,,0,,,,0.2978,93.06,0.2978,-3146.94,1,20.0,auto:SEARCHING,+0.000,+0.000,-0.600,+0.400,1100,0,
1785511814.5146,2026-07-31T11:30:14.514,24.486,247,,,,0,,,,0.3106,91.63,0.3106,-3148.37,1,20.0,auto:SEARCHING,+0.000,+0.000,-0.600,+0.400,1100,0,
1785511814.6148,2026-07-31T11:30:14.614,24.586,248,,,,0,,,,0.3255,88.80,0.3255,-3151.20,1,20.0,auto:SEARCHING,+0.000,+0.000,-0.600,+0.400,1100,0,
1785511814.7139,2026-07-31T11:30:14.713,24.685,249,,,,0,,,,0.3399,87.37,0.3399,-3152.63,1,20.0,auto:SEARCHING,+0.000,+0.000,-0.600,+0.400,1100,0,
1785511814.8152,2026-07-31T11:30:14.815,24.787,250,,,,0,,,,0.3547,84.58,0.3547,-3155.42,1,20.0,auto:SEARCHING,+0.000,+0.000,-0.600,+0.400,1100,0,
1785511814.9150,2026-07-31T11:30:14.915,24.887,251,,,,0,,,,0.3740,81.82,0.3740,-3158.18,1,20.0,auto:SEARCHING,+0.000,+0.000,-0.600,+0.400,1100,0,
1785511815.0152,2026-07-31T11:30:15.015,24.987,252,,,,0,,,,0.3856,80.46,0.3856,-3159.54,1,20.0,auto:SEARCHING,+0.000,+0.000,-0.600,+0.400,1100,0,
1785511815.1143,2026-07-31T11:30:15.114,25.086,253,,,,0,,,,0.4032,77.75,0.4032,-3162.25,1,20.0,auto:SEARCHING,+0.000,+0.000,-0.600,+0.400,1100,0,
1785511815.2128,2026-07-31T11:30:15.212,25.184,254,,,,0,,,,0.4125,76.37,0.4125,-3163.63,1,20.0,auto:SEARCHING,+0.000,+0.000,-0.600,+0.400,1100,0,
1785511815.3117,2026-07-31T11:30:15.311,25.283,255,,,,0,,,,0.4286,73.63,0.4286,-3166.37,1,20.0,auto:SEARCHING,+0.000,+0.000,-0.600,+0.400,1100,0,
1785511815.4116,2026-07-31T11:30:15.411,25.383,256,,,,0,,,,0.4501,70.87,0.4501,-3169.13,1,20.0,auto:SEARCHING,+0.000,+0.000,-0.600,+0.400,1100,0,
1785511815.5108,2026-07-31T11:30:15.510,25.482,257,,,,0,,,,0.4555,69.47,0.4555,-3170.53,1,20.0,auto:SEARCHING,+0.000,+0.000,-0.600,+0.400,1100,0,
1785511815.6110,2026-07-31T11:30:15.611,25.583,258,,,,0,,,,0.4766,66.66,0.4766,-3173.34,1,20.0,auto:SEARCHING,+0.000,+0.000,-0.600,+0.400,1100,0,
1785511815.7100,2026-07-31T11:30:15.709,25.682,259,,,,0,,,,0.4886,65.26,0.4886,-3174.74,1,20.0,auto:SEARCHING,+0.000,+0.000,-0.600,+0.400,1100,0,
1785511815.8099,2026-07-31T11:30:15.809,25.781,260,,,,0,,,,0.5096,62.51,0.5096,-3177.49,1,20.0,auto:SEARCHING,+0.000,+0.000,-0.600,+0.400,1100,0,
1785511815.9096,2026-07-31T11:30:15.909,25.881,261,,,,0,,,,0.5260,59.82,0.5260,-3180.18,1,20.0,auto:SEARCHING,+0.000,+0.000,-0.600,+0.400,1100,0,
1785511816.0088,2026-07-31T11:30:16.008,25.980,262,,,,0,,,,0.5334,58.49,0.5334,-3181.51,1,20.0,auto:SEARCHING,+0.000,+0.000,-0.600,+0.400,1100,0,
1785511816.1096,2026-07-31T11:30:16.109,26.081,263,,,,0,,,,0.5590,55.87,0.5590,-3184.13,1,20.0,auto:SEARCHING,+0.000,+0.000,-0.600,+0.400,1100,0,
1785511816.2080,2026-07-31T11:30:16.208,26.180,264,,,,0,,,,0.5675,54.56,0.5675,-3185.44,1,20.0,auto:SEARCHING,+0.000,+0.000,-0.600,+0.400,1100,0,
1785511816.3070,2026-07-31T11:30:16.306,26.279,265,,,,0,,,,0.5902,51.92,0.5902,-3188.08,1,20.0,auto:SEARCHING,+0.000,+0.000,-0.600,+0.400,1100,0,
1785511816.4067,2026-07-31T11:30:16.406,26.378,266,,,,0,,,,0.6051,49.31,0.6051,-3190.69,1,20.0,auto:SEARCHING,+0.000,+0.000,-0.600,+0.400,1100,0,
1785511816.5061,2026-07-31T11:30:16.506,26.478,267,,,,0,,,,0.6134,47.99,0.6134,-3192.01,1,20.0,auto:SEARCHING,+0.000,+0.000,-0.600,+0.400,1100,0,
1785511816.6052,2026-07-31T11:30:16.605,26.577,268,,,,0,,,,0.6448,45.34,0.6448,-3194.66,1,20.0,auto:SEARCHING,+0.000,+0.000,-0.600,+0.400,1100,0,
1785511816.7045,2026-07-31T11:30:16.704,26.676,269,,,,0,,,,0.6477,44.01,0.6477,-3195.99,1,20.0,auto:SEARCHING,+0.000,+0.000,-0.600,+0.400,1100,0,
1785511816.8045,2026-07-31T11:30:16.804,26.776,270,,,,0,,,,0.6688,41.32,0.6688,-3198.68,1,20.0,auto:SEARCHING,+0.000,+0.000,-0.600,+0.400,1100,0,
1785511816.9033,2026-07-31T11:30:16.903,26.875,271,,,,0,,,,0.6920,38.66,0.6920,-3201.34,1,20.0,auto:SEARCHING,+0.000,+0.000,-0.600,+0.400,1100,0,
1785511817.0025,2026-07-31T11:30:17.002,26.974,272,,,,0,,,,0.7019,37.35,0.7019,-3202.65,1,20.0,auto:SEARCHING,+0.000,+0.000,-0.600,+0.400,1100,0,
1785511817.1009,2026-07-31T11:30:17.100,27.072,273,,,,0,,,,0.7225,34.71,0.7225,-3205.29,1,20.0,auto:SEARCHING,+0.000,+0.000,-0.600,+0.400,1100,0,
1785511817.1998,2026-07-31T11:30:17.199,27.171,274,,,,0,,,,0.7354,33.39,0.7354,-3206.61,1,20.0,auto:SEARCHING,+0.000,+0.000,-0.600,+0.400,1100,0,
1785511817.3005,2026-07-31T11:30:17.300,27.272,275,,,,0,,,,0.7532,30.74,0.7532,-3209.26,1,20.0,auto:SEARCHING,+0.000,+0.000,-0.600,+0.400,1100,0,
1785511817.3992,2026-07-31T11:30:17.399,27.371,276,,,,0,,,,0.7787,28.11,0.7787,-3211.89,1,20.0,auto:SEARCHING,+0.000,+0.000,-0.600,+0.400,1100,0,
1785511817.4969,2026-07-31T11:30:17.496,27.468,277,,,,0,,,,0.7855,26.81,0.7855,-3213.19,1,20.0,auto:SEARCHING,+0.000,+0.000,-0.600,+0.400,1100,0,
1785511817.5958,2026-07-31T11:30:17.595,27.567,278,,,,0,,,,0.7948,25.51,0.7948,-3214.49,1,20.0,auto:SEARCHING,+0.000,+0.000,-0.600,+0.400,1100,0,
1785511817.6951,2026-07-31T11:30:17.695,27.667,279,,,,0,,,,0.8164,22.87,0.8164,-3217.13,1,20.0,auto:SEARCHING,+0.000,+0.000,-0.600,+0.400,1100,0,
1785511817.7955,2026-07-31T11:30:17.795,27.767,280,,,,0,,,,0.8436,20.22,0.8436,-3219.78,1,20.0,auto:ADVANCING,+1.000,+0.000,-0.600,+0.384,1100,0,
1785511817.8952,2026-07-31T11:30:17.895,27.867,281,,,,0,,,,0.8500,18.45,0.8500,-3221.55,1,20.0,auto:ADVANCING,+1.000,+0.000,-0.600,+0.384,1100,0,
1785511817.9943,2026-07-31T11:30:17.994,27.966,282,,,,0,,,,0.8720,14.37,0.8720,-3225.63,1,20.0,auto:ADVANCING,+1.000,+0.000,-0.600,+0.384,1100,0,
1785511818.0935,2026-07-31T11:30:18.093,28.065,283,,,,0,,,,0.8923,10.13,0.8923,-3229.87,1,20.0,auto:ADVANCING,+1.000,+0.000,-0.600,+0.384,1100,0,
1785511818.1921,2026-07-31T11:30:18.192,28.164,284,,,,0,,,,0.9064,7.92,0.9064,-3232.08,1,20.0,auto:ADVANCING,+1.000,+0.000,-0.600,+0.384,1100,0,
1785511818.2913,2026-07-31T11:30:18.291,28.263,285,,,,0,,,,0.9254,3.27,0.9254,-3236.73,1,20.0,auto:SEARCHING,+0.000,+0.000,-0.600,+0.400,1100,0,
1785511818.3907,2026-07-31T11:30:18.390,28.362,286,,,,0,,,,0.9423,1.33,0.9423,-3238.67,1,20.0,auto:SEARCHING,+0.000,+0.000,-0.600,+0.400,1100,0,
1785511818.4899,2026-07-31T11:30:18.489,28.462,287,,,,0,,,,0.9650,-2.27,0.9650,-3242.27,1,20.0,auto:SEARCHING,+0.000,+0.000,-0.600,+0.400,1100,0,
1785511818.5907,2026-07-31T11:30:18.590,28.562,288,,,,0,,,,0.9669,-4.10,0.9669,-3244.10,1,20.0,auto:SEARCHING,+0.000,+0.000,-0.600,+0.400,1100,0,
1785511818.6890,2026-07-31T11:30:18.688,28.661,289,,,,0,,,,0.9828,-7.65,0.9828,-3247.65,1,20.0,auto:ADVANCING,+1.000,+0.000,-0.600,-0.248,1100,0,
1785511818.7884,2026-07-31T11:30:18.788,28.760,290,,,,0,,,,0.9961,-10.64,0.9961,-3250.64,1,20.0,auto:ADVANCING,+1.000,+0.000,-0.600,-0.248,1100,0,
1785511818.8885,2026-07-31T11:30:18.888,28.860,291,,,,0,,,,1.0031,-11.44,1.0031,-3251.44,1,20.0,auto:ADVANCING,+1.000,+0.000,-0.600,-0.248,1100,0,
1785511818.9871,2026-07-31T11:30:18.987,28.959,292,,,,0,,,,1.0150,-11.14,1.0150,-3251.14,1,20.0,auto:ADVANCING,+1.000,+0.000,-0.600,-0.248,1100,0,
1785511819.0865,2026-07-31T11:30:19.086,29.058,293,,,,0,,,,1.0377,-9.77,1.0377,-3249.77,1,20.0,auto:ADVANCING,+1.000,+0.000,-0.600,-0.248,1100,0,
1785511819.1855,2026-07-31T11:30:19.185,29.157,294,,,,0,,,,1.0422,-8.82,1.0422,-3248.82,1,20.0,auto:SEARCHING,+0.000,+0.000,-0.600,-0.400,1100,0,
1785511819.2838,2026-07-31T11:30:19.283,29.255,295,,,,0,,,,1.0574,-6.48,1.0574,-3246.48,1,20.0,auto:SEARCHING,+0.000,+0.000,-0.600,-0.400,1100,0,
1785511819.3832,2026-07-31T11:30:19.383,29.355,296,,,,0,,,,1.0628,-5.46,1.0628,-3245.46,1,20.0,auto:SEARCHING,+0.000,+0.000,-0.600,-0.400,1100,0,
1785511819.4823,2026-07-31T11:30:19.482,29.454,297,,,,0,,,,1.0778,-3.12,1.0778,-3243.12,1,20.0,auto:SEARCHING,+0.000,+0.000,-0.600,-0.400,1100,0,
1785511819.5808,2026-07-31T11:30:19.580,29.552,298,,,,0,,,,1.0826,-1.81,1.0826,-3241.81,1,20.0,auto:SEARCHING,+0.000,+0.000,-0.600,-0.400,1100,0,
1785511819.6806,2026-07-31T11:30:19.680,29.652,299,,,,0,,,,1.0899,0.93,1.0899,-3239.07,1,20.0,auto:SEARCHING,+0.000,+0.000,-0.600,-0.400,1100,0,
1785511819.7790,2026-07-31T11:30:19.779,29.751,300,,,,0,,,,1.0937,3.78,1.0937,-3236.22,1,20.0,auto:SEARCHING,+0.000,+0.000,-0.600,-0.400,1100,0,
1785511819.8795,2026-07-31T11:30:19.879,29.851,301,,,,0,,,,1.0966,5.27,1.0966,-3234.73,1,20.0,auto:ADVANCING,+1.000,+0.000,-0.600,-0.075,1100,0,
1785511819.9795,2026-07-31T11:30:19.979,29.951,302,,,,0,,,,1.0959,8.87,1.0959,-3231.13,1,20.0,auto:ADVANCING,+1.000,+0.000,-0.600,-0.075,1100,0,
1785511820.0783,2026-07-31T11:30:20.078,30.050,303,,,,0,,,,1.0984,10.50,1.0984,-3229.50,1,20.0,auto:ADVANCING,+1.000,+0.000,-0.600,-0.075,1100,0,
1785511820.1786,2026-07-31T11:30:20.178,30.150,304,,,,0,,,,1.1029,12.62,1.1029,-3227.38,1,20.0,auto:ADVANCING,+1.000,+0.000,-0.600,-0.075,1100,0,
1785511820.2778,2026-07-31T11:30:20.277,30.249,305,,,,0,,,,1.1159,14.42,1.1159,-3225.58,1,20.0,auto:ADVANCING,+1.000,+0.000,-0.600,-0.075,1100,0,
1785511820.3773,2026-07-31T11:30:20.377,30.349,306,,,,0,,,,1.1120,15.34,1.1120,-3224.66,1,20.0,auto:ADVANCING,+0.000,+0.000,-0.600,+0.400,1100,0,
1785511820.4766,2026-07-31T11:30:20.476,30.448,307,,,,0,,,,1.1461,16.81,1.1461,-3223.19,1,20.0,auto:ADVANCING,+1.000,+0.000,-0.600,+0.192,1100,0,
1785511820.5768,2026-07-31T11:30:20.576,30.548,308,,,,0,,,,1.1347,17.56,1.1347,-3222.44,1,20.0,auto:ADVANCING,+1.000,+0.000,-0.600,+0.192,1100,0,
1785511820.6764,2026-07-31T11:30:20.676,30.648,309,,,,0,,,,1.1536,17.74,1.1536,-3222.26,1,20.0,auto:ADVANCING,+1.000,+0.000,-0.600,+0.192,1100,0,
1785511820.7751,2026-07-31T11:30:20.775,30.747,310,,,,0,,,,1.1605,16.07,1.1605,-3223.93,1,20.0,auto:ADVANCING,+1.000,+0.000,-0.600,+0.229,1100,0,
1785511820.8750,2026-07-31T11:30:20.875,30.847,311,,,,0,,,,1.1564,15.16,1.1564,-3224.84,1,20.0,auto:ADVANCING,+1.000,+0.000,-0.600,+0.187,1100,0,
1785511820.9739,2026-07-31T11:30:20.973,30.945,312,,,,0,,,,1.1652,13.27,1.1652,-3226.73,1,20.0,auto:ADVANCING,+1.000,+0.000,-0.600,+0.187,1100,0,
1785511821.0740,2026-07-31T11:30:21.074,31.046,313,,,,0,,,,1.1647,12.24,1.1647,-3227.76,1,20.0,auto:ADVANCING,+1.000,+0.000,-0.600,+0.187,1100,0,
1785511821.1733,2026-07-31T11:30:21.173,31.145,314,,,,0,,,,1.1812,10.18,1.1812,-3229.82,1,20.0,auto:ADVANCING,+1.000,+0.000,-0.600,+0.187,1100,0,
1785511821.2736,2026-07-31T11:30:21.273,31.245,315,,,,0,,,,1.1872,9.12,1.1872,-3230.88,1,20.0,auto:ADVANCING,+1.000,+0.000,-0.600,+0.187,1100,0,
1785511821.3720,2026-07-31T11:30:21.371,31.344,316,,,,0,,,,1.1901,6.90,1.1901,-3233.10,1,20.0,auto:SEARCHING,+0.000,+0.000,-0.600,+0.400,1100,0,
1785511821.4710,2026-07-31T11:30:21.471,31.443,317,,,,0,,,,1.1999,4.78,1.1999,-3235.22,1,20.0,auto:SEARCHING,+0.000,+0.000,-0.600,+0.400,1100,0,
1785511821.5709,2026-07-31T11:30:21.570,31.542,318,,,,0,,,,1.2006,3.78,1.2006,-3236.22,1,20.0,auto:ADVANCING,+1.000,+0.000,-0.600,-0.079,1100,0,
1785511821.6701,2026-07-31T11:30:21.670,31.642,319,,,,0,,,,1.1991,1.42,1.1991,-3238.58,1,20.0,auto:ADVANCING,+1.000,+0.000,-0.600,-0.079,1100,0,
1785511821.7695,2026-07-31T11:30:21.769,31.741,320,,,,0,,,,1.2059,0.12,1.2059,-3239.88,1,20.0,auto:ADVANCING,+1.000,+0.000,-0.600,-0.079,1100,0,
1785511821.8686,2026-07-31T11:30:21.868,31.840,321,,,,0,,,,1.2003,0.45,1.2003,-3239.55,1,20.0,auto:ADVANCING,+1.000,+0.000,-0.600,-0.079,1100,0,
1785511821.9677,2026-07-31T11:30:21.967,31.939,322,,,,0,,,,1.1978,1.94,1.1978,-3238.06,1,20.0,auto:ADVANCING,+1.000,+0.000,-0.600,-0.079,1100,0,
1785511822.0675,2026-07-31T11:30:22.067,32.039,323,,,,0,,,,1.1986,2.35,1.1986,-3237.65,1,20.0,auto:SEARCHING,+0.000,+0.000,-0.600,-0.400,1100,0,
1785511822.1675,2026-07-31T11:30:22.167,32.139,324,,,,0,,,,1.2148,2.90,1.2148,-3237.10,1,20.0,auto:SEARCHING,+0.000,+0.000,-0.600,-0.400,1100,0,
1785511822.2663,2026-07-31T11:30:22.266,32.238,325,,,,0,,,,1.2094,3.38,1.2094,-3236.62,1,20.0,auto:SEARCHING,+0.000,+0.000,-0.600,-0.400,1100,0,
1785511822.3652,2026-07-31T11:30:22.365,32.337,326,,,,0,,,,1.2228,4.86,1.2228,-3235.14,1,20.0,auto:SEARCHING,+0.000,+0.000,-0.600,-0.400,1100,0,
1785511822.4637,2026-07-31T11:30:22.463,32.435,327,,,,0,,,,1.2261,6.89,1.2261,-3233.11,1,20.0,auto:SEARCHING,+0.000,+0.000,-0.600,-0.400,1100,0,
1785511822.5630,2026-07-31T11:30:22.562,32.535,328,,,,0,,,,1.2327,7.97,1.2327,-3232.03,1,20.0,auto:SEARCHING,+0.000,+0.000,-0.600,-0.400,1100,0,
1785511822.6622,2026-07-31T11:30:22.662,32.634,329,,,,0,,,,1.2338,10.09,1.2338,-3229.91,1,20.0,auto:SEARCHING,+0.000,+0.000,-0.600,-0.400,1100,0,
1785511822.7614,2026-07-31T11:30:22.761,32.733,330,,,,0,,,,1.2386,11.16,1.2386,-3228.84,1,20.0,auto:SEARCHING,+0.000,+0.000,-0.600,-0.400,1100,0,
1785511822.8604,2026-07-31T11:30:22.860,32.832,331,,,,0,,,,1.2445,13.35,1.2445,-3226.65,1,20.0,auto:SEARCHING,+0.000,+0.000,-0.600,-0.400,1100,0,
1785511822.9599,2026-07-31T11:30:22.959,32.932,332,,,,0,,,,1.2535,15.58,1.2535,-3224.42,1,20.0,auto:SEARCHING,+0.000,+0.000,-0.600,-0.400,1100,0,
1785511823.0591,2026-07-31T11:30:23.059,33.031,333,,,,0,,,,1.2579,16.71,1.2579,-3223.29,1,20.0,auto:SEARCHING,+0.000,+0.000,-0.600,-0.400,1100,0,
1785511823.1582,2026-07-31T11:30:23.158,33.130,334,,,,0,,,,1.2736,19.02,1.2736,-3220.98,1,20.0,auto:SEARCHING,+0.000,+0.000,-0.600,-0.400,1100,0,
1785511823.2579,2026-07-31T11:30:23.257,33.229,335,,,,0,,,,1.2768,20.17,1.2768,-3219.83,1,20.0,auto:SEARCHING,+0.000,+0.000,-0.600,-0.400,1100,0,
1785511823.3585,2026-07-31T11:30:23.358,33.330,336,,,,0,,,,1.2909,22.52,1.2909,-3217.48,1,20.0,auto:SEARCHING,+0.000,+0.000,-0.600,-0.400,1100,0,
1785511823.4570,2026-07-31T11:30:23.456,33.429,337,,,,0,,,,1.3086,24.90,1.3086,-3215.10,1,20.0,auto:SEARCHING,+0.000,+0.000,-0.600,-0.400,1100,0,
1785511823.5562,2026-07-31T11:30:23.556,33.528,338,,,,0,,,,1.3133,26.11,1.3133,-3213.89,1,20.0,auto:ADVANCING,+0.000,+0.000,-0.600,+0.400,1100,0,
1785511823.6554,2026-07-31T11:30:23.655,33.627,339,,,,0,,,,1.3310,28.24,1.3310,-3211.76,1,20.0,auto:ADVANCING,+1.000,+0.000,-0.600,+0.453,1100,0,
1785511823.7548,2026-07-31T11:30:23.754,33.726,340,,,,0,,,,1.3376,27.91,1.3376,-3212.09,1,20.0,auto:ADVANCING,+1.000,+0.000,-0.600,+0.514,1100,0,
1785511823.8559,2026-07-31T11:30:23.855,33.828,341,,,,0,,,,1.3523,23.09,1.3523,-3216.91,1,20.0,auto:ADVANCING,+1.000,+0.000,-0.600,+0.451,1100,0,
1785511823.9565,2026-07-31T11:30:23.956,33.928,342,,,,0,,,,1.3677,16.26,1.3677,-3223.74,1,20.0,auto:ADVANCING,+1.000,+0.000,-0.600,+0.374,1100,0,
1785511824.0557,2026-07-31T11:30:24.055,34.027,343,,,,0,,,,1.3811,13.20,1.3811,-3226.80,1,20.0,auto:ADVANCING,+1.000,+0.000,-0.600,+0.374,1100,0,
1785511824.1547,2026-07-31T11:30:24.154,34.126,344,,,,0,,,,1.3915,7.38,1.3915,-3232.62,1,20.0,auto:ADVANCING,+1.000,+0.000,-0.600,+0.374,1100,0,
1785511824.2534,2026-07-31T11:30:24.253,34.225,345,,,,0,,,,1.4054,4.51,1.4054,-3235.49,1,20.0,auto:ADVANCING,+1.000,+0.000,-0.600,+0.374,1100,0,
1785511824.3524,2026-07-31T11:30:24.352,34.324,346,,,,0,,,,1.4133,-1.28,1.4133,-3241.28,1,20.0,auto:ADVANCING,+1.000,+0.000,-0.600,+0.374,1100,0,
1785511824.4511,2026-07-31T11:30:24.451,34.423,347,,,,0,,,,1.4278,-7.21,1.4278,-3247.21,1,20.0,auto:SEARCHING,+0.000,+0.000,-0.600,+0.400,1100,0,
1785511824.5514,2026-07-31T11:30:24.551,34.523,348,,,,0,,,,1.4376,-10.00,1.4376,-3250.00,1,20.0,auto:SEARCHING,+0.000,+0.000,-0.600,+0.400,1100,0,
1785511824.6501,2026-07-31T11:30:24.650,34.622,349,,,,0,,,,1.4460,-14.48,1.4460,-3254.48,1,20.0,auto:SEARCHING,+0.000,+0.000,-0.600,+0.400,1100,0,
1785511824.7492,2026-07-31T11:30:24.749,34.721,350,,,,0,,,,1.4521,-16.70,1.4521,-3256.70,1,20.0,auto:SEARCHING,+0.000,+0.000,-0.600,+0.400,1100,0,
1785511824.8490,2026-07-31T11:30:24.848,34.821,351,,,,0,,,,1.4647,-21.06,1.4647,-3261.06,1,20.0,auto:ADVANCING,+1.000,+0.000,-0.600,-0.560,1100,0,
1785511824.9492,2026-07-31T11:30:24.949,34.921,352,,,,0,,,,1.4725,-23.11,1.4725,-3263.11,1,20.0,auto:ADVANCING,+1.000,+0.000,-0.600,-0.639,1100,0,
1785511825.0496,2026-07-31T11:30:25.049,35.021,353,,,,0,,,,1.4849,-24.38,1.4849,-3264.38,1,20.0,auto:ADVANCING,+1.000,+0.000,-0.600,-0.639,1100,0,
1785511825.1489,2026-07-31T11:30:25.148,35.120,354,,,,0,,,,1.4926,-21.62,1.4926,-3261.62,1,20.0,auto:ADVANCING,+1.000,+0.000,-0.600,-0.639,1100,0,
1785511825.2483,2026-07-31T11:30:25.248,35.220,355,,,,0,,,,1.4878,-19.52,1.4878,-3259.52,1,20.0,auto:ADVANCING,+1.000,+0.000,-0.600,-0.639,1100,0,
1785511825.3479,2026-07-31T11:30:25.347,35.319,356,,,,0,,,,1.5084,-14.59,1.5084,-3254.59,1,20.0,auto:ADVANCING,+1.000,+0.000,+0.828,-0.639,1100,0,
1785511825.4461,2026-07-31T11:30:25.446,35.418,357,,,,0,,,,1.5254,-11.89,1.5254,-3251.89,1,20.0,auto:SEARCHING,+0.000,+0.000,+0.000,-0.400,1100,0,
1785511825.5454,2026-07-31T11:30:25.545,35.517,358,,,,0,,,,1.5268,-6.26,1.5268,-3246.26,1,20.0,auto:SEARCHING,+0.000,+0.000,+0.000,-0.400,1100,0,
1785511825.6444,2026-07-31T11:30:25.644,35.616,359,,,,0,,,,1.5344,-2.23,1.5344,-3242.23,1,20.0,auto:SEARCHING,+0.000,+0.000,+0.000,-0.400,1100,0,
1785511825.7434,2026-07-31T11:30:25.743,35.715,360,,,,0,,,,1.5372,-0.49,1.5372,-3240.49,1,20.0,auto:SEARCHING,+0.000,+0.000,+0.000,-0.400,1100,0,
1785511825.8430,2026-07-31T11:30:25.842,35.815,361,,,,0,,,,1.5384,2.99,1.5384,-3237.01,1,20.0,auto:SEARCHING,+0.000,+0.000,+0.000,-0.400,1100,0,
1785511825.9429,2026-07-31T11:30:25.942,35.915,362,,,,0,,,,1.5401,4.68,1.5401,-3235.32,1,20.0,auto:SEARCHING,+0.000,+0.000,+0.000,-0.400,1100,0,
1785511826.0423,2026-07-31T11:30:26.042,36.014,363,,,,0,,,,1.5364,7.93,1.5364,-3232.07,1,20.0,auto:SEARCHING,+0.000,+0.000,+0.000,-0.400,1100,0,
1785511826.1418,2026-07-31T11:30:26.141,36.113,364,,,,0,,,,1.5345,11.17,1.5345,-3228.83,1,20.0,auto:SEARCHING,+0.000,+0.000,+0.000,-0.400,1100,0,
1785511826.2411,2026-07-31T11:30:26.241,36.213,365,,,,0,,,,1.5303,12.78,1.5303,-3227.22,1,20.0,auto:SEARCHING,+0.000,+0.000,+0.000,-0.400,1100,0,
1785511826.3404,2026-07-31T11:30:26.340,36.312,366,,,,0,,,,1.5316,15.94,1.5316,-3224.06,1,20.0,auto:SEARCHING,+0.000,+0.000,+0.000,-0.400,1100,0,
1785511826.4397,2026-07-31T11:30:26.439,36.411,367,,,,0,,,,1.5376,17.50,1.5376,-3222.50,1,20.0,auto:SEARCHING,+0.000,+0.000,+0.000,-0.400,1100,0,
1785511826.5384,2026-07-31T11:30:26.538,36.510,368,,,,0,,,,1.5342,20.62,1.5342,-3219.38,1,20.0,auto:SEARCHING,+0.000,+0.000,+0.000,-0.400,1100,0,
1785511826.6378,2026-07-31T11:30:26.637,36.609,369,,,,0,,,,1.5391,23.74,1.5391,-3216.26,1,20.0,auto:SEARCHING,+0.000,+0.000,+0.000,-0.400,1100,0,
1785511826.7375,2026-07-31T11:30:26.737,36.709,370,,,,0,,,,1.5397,25.30,1.5397,-3214.70,1,20.0,auto:SEARCHING,+0.000,+0.000,+0.000,-0.400,1100,0,
1785511826.8366,2026-07-31T11:30:26.836,36.808,371,,,,0,,,,1.5415,28.46,1.5415,-3211.54,1,20.0,auto:SEARCHING,+0.000,+0.000,+0.000,-0.400,1100,0,
1785511826.9358,2026-07-31T11:30:26.935,36.907,372,,,,0,,,,1.5387,30.07,1.5387,-3209.93,1,20.0,auto:SEARCHING,+0.000,+0.000,+0.001,-0.400,1100,0,
1785511827.0360,2026-07-31T11:30:27.036,37.008,373,,,,0,,,,1.5472,33.34,1.5472,-3206.66,1,20.0,auto:SEARCHING,+0.000,+0.000,+0.029,-0.400,1100,0,
1785511827.1349,2026-07-31T11:30:27.134,37.106,374,,,,0,,,,1.5519,36.68,1.5519,-3203.32,1,20.0,auto:SEARCHING,+0.000,+0.000,+0.066,-0.400,1100,0,
1785511827.2331,2026-07-31T11:30:27.233,37.205,375,,,,0,,,,1.5485,38.36,1.5485,-3201.64,1,20.0,auto:SEARCHING,+0.000,+0.000,+0.094,-0.400,1100,0,
1785511827.3330,2026-07-31T11:30:27.333,37.305,376,,,,0,,,,1.5540,41.74,1.5540,-3198.26,1,20.0,auto:SEARCHING,+0.000,+0.000,+0.118,-0.400,1100,0,
1785511827.4320,2026-07-31T11:30:27.431,37.404,377,,,,0,,,,1.5576,43.47,1.5576,-3196.53,1,20.0,auto:SEARCHING,+0.000,+0.000,+0.141,-0.400,1100,0,
1785511827.5311,2026-07-31T11:30:27.531,37.503,378,,,,0,,,,1.5601,46.88,1.5601,-3193.12,1,20.0,auto:SEARCHING,+0.000,+0.000,+0.159,-0.400,1100,0,
1785511827.6317,2026-07-31T11:30:27.631,37.603,379,,,,0,,,,1.5559,50.30,1.5559,-3189.70,1,20.0,auto:SEARCHING,+0.000,+0.000,+0.180,-0.400,1100,0,
1785511827.7310,2026-07-31T11:30:27.730,37.703,380,,,,0,,,,1.5549,52.01,1.5549,-3187.99,1,20.0,auto:SEARCHING,+0.000,+0.000,+0.191,-0.400,1100,0,
1785511827.8293,2026-07-31T11:30:27.829,37.801,381,,,,0,,,,1.5578,55.40,1.5578,-3184.60,1,20.0,auto:SEARCHING,+0.000,+0.000,+0.197,-0.400,1100,0,
1785511827.9285,2026-07-31T11:30:27.928,37.900,382,,,,0,,,,1.5565,57.07,1.5565,-3182.93,1,20.0,auto:SEARCHING,+0.000,+0.000,+0.200,-0.400,1100,0,
1785511828.0288,2026-07-31T11:30:28.028,38.000,383,,,,0,,,,1.5558,60.39,1.5558,-3179.61,1,20.0,auto:SEARCHING,+0.000,+0.000,+0.197,-0.400,1100,0,
1785511828.1271,2026-07-31T11:30:28.127,38.099,384,,,,0,,,,1.5544,62.03,1.5544,-3177.97,1,20.0,auto:SEARCHING,+0.000,+0.000,+0.190,-0.400,1100,0,
1785511828.2265,2026-07-31T11:30:28.226,38.198,385,,,,0,,,,1.5514,65.27,1.5514,-3174.73,1,20.0,auto:SEARCHING,+0.000,+0.000,+0.178,-0.400,1100,0,
1785511828.3254,2026-07-31T11:30:28.325,38.297,386,,,,0,,,,1.5491,68.48,1.5491,-3171.52,1,20.0,auto:SEARCHING,+0.000,+0.000,+0.162,-0.400,1100,0,
1785511828.4244,2026-07-31T11:30:28.424,38.396,387,,,,0,,,,1.5501,70.06,1.5501,-3169.94,1,20.0,auto:SEARCHING,+0.000,+0.000,+0.145,-0.400,1100,0,
1785511828.5231,2026-07-31T11:30:28.523,38.495,388,,,,0,,,,1.5412,73.22,1.5412,-3166.78,1,20.0,auto:SEARCHING,+0.000,+0.000,+0.116,-0.400,1100,0,
1785511828.6225,2026-07-31T11:30:28.622,38.594,389,,,,0,,,,1.5509,74.79,1.5509,-3165.21,1,20.0,auto:SEARCHING,+0.000,+0.000,+0.089,-0.400,1100,0,
1785511828.7230,2026-07-31T11:30:28.722,38.695,390,,,,0,,,,1.5429,77.89,1.5429,-3162.11,1,20.0,auto:SEARCHING,+0.000,+0.000,+0.064,-0.400,1100,0,
1785511828.8221,2026-07-31T11:30:28.822,38.794,391,,,,0,,,,1.5433,79.41,1.5433,-3160.59,1,20.0,auto:SEARCHING,+0.000,+0.000,+0.034,-0.400,1100,0,
1785511828.9225,2026-07-31T11:30:28.922,38.894,392,,,,0,,,,1.5422,82.42,1.5422,-3157.58,1,20.0,auto:SEARCHING,+0.000,+0.000,+0.005,-0.400,1100,0,
1785511829.0213,2026-07-31T11:30:29.021,38.993,393,,,,0,,,,1.5395,85.39,1.5395,-3154.61,1,20.0,auto:SEARCHING,+0.000,+0.000,+0.000,-0.400,1100,0,
1785511829.1208,2026-07-31T11:30:29.120,39.092,394,,,,0,,,,1.5417,86.89,1.5417,-3153.11,1,20.0,auto:SEARCHING,+0.000,+0.000,+0.000,-0.400,1100,0,
1785511829.2199,2026-07-31T11:30:29.219,39.192,395,,,,0,,,,1.5445,89.93,1.5445,-3150.07,1,20.0,auto:SEARCHING,+0.000,+0.000,+0.000,-0.400,1100,0,
1785511829.3202,2026-07-31T11:30:29.320,39.292,396,,,,0,,,,1.5426,91.45,1.5426,-3148.55,1,20.0,auto:SEARCHING,+0.000,+0.000,+0.000,-0.400,1100,0,
1785511829.4196,2026-07-31T11:30:29.419,39.391,397,,,,0,,,,1.5388,94.49,1.5388,-3145.51,1,20.0,auto:SEARCHING,+0.000,+0.000,+0.000,-0.400,1100,0,
1785511829.5189,2026-07-31T11:30:29.518,39.491,398,,,,0,,,,1.5410,97.53,1.5410,-3142.47,1,20.0,auto:SEARCHING,+0.000,+0.000,+0.000,-0.400,1100,0,
1785511829.6180,2026-07-31T11:30:29.618,39.590,399,,,,0,,,,1.5388,99.03,1.5388,-3140.97,1,20.0,auto:SEARCHING,+0.000,+0.000,+0.000,-0.400,1100,0,
1785511829.7162,2026-07-31T11:30:29.716,39.688,400,,,,0,,,,1.5367,102.02,1.5367,-3137.98,1,20.0,auto:SEARCHING,+0.000,+0.000,+0.000,-0.400,1100,0,
1785511829.8153,2026-07-31T11:30:29.815,39.787,401,,,,0,,,,1.5350,103.50,1.5350,-3136.50,1,20.0,auto:SEARCHING,+0.000,+0.000,+0.000,-0.400,1100,0,
1785511829.9156,2026-07-31T11:30:29.915,39.887,402,,,,0,,,,1.5351,106.48,1.5351,-3133.52,1,20.0,auto:SEARCHING,+0.000,+0.000,+0.000,-0.400,1100,0,
1785511830.0150,2026-07-31T11:30:30.014,39.987,403,,,,0,,,,1.5311,109.49,1.5311,-3130.51,1,20.0,auto:SEARCHING,+0.000,+0.000,+0.000,-0.400,1100,0,
1785511830.1134,2026-07-31T11:30:30.113,40.085,404,,,,0,,,,1.5333,111.00,1.5333,-3129.00,1,20.0,auto:SEARCHING,+0.000,+0.000,+0.000,-0.400,1100,0,
1785511830.2135,2026-07-31T11:30:30.213,40.185,405,,,,0,,,,1.5312,113.99,1.5312,-3126.01,1,20.0,auto:SEARCHING,+0.000,+0.000,+0.000,-0.400,1100,0,
1785511830.3127,2026-07-31T11:30:30.312,40.284,406,,,,0,,,,1.5215,115.47,1.5215,-3124.53,1,20.0,auto:SEARCHING,+0.000,+0.000,+0.000,-0.400,1100,0,
1785511830.4118,2026-07-31T11:30:30.411,40.383,407,,,,0,,,,1.5291,118.41,1.5291,-3121.59,1,20.0,auto:SEARCHING,+0.000,+0.000,+0.000,-0.400,1100,0,
1785511830.5103,2026-07-31T11:30:30.510,40.482,408,,,,0,,,,1.5253,121.35,1.5253,-3118.65,1,20.0,auto:SEARCHING,+0.000,+0.000,+0.000,-0.400,1100,0,
1785511830.6103,2026-07-31T11:30:30.610,40.582,409,,,,0,,,,1.5185,122.81,1.5185,-3117.19,1,20.0,auto:SEARCHING,+0.000,+0.000,+0.000,-0.400,1100,0,
1785511830.7111,2026-07-31T11:30:30.711,40.683,410,,,,0,,,,1.5193,125.72,1.5193,-3114.28,1,20.0,auto:SEARCHING,+0.000,+0.000,+0.000,-0.400,1100,0,
1785511830.8093,2026-07-31T11:30:30.809,40.781,411,,,,0,,,,1.5200,127.18,1.5200,-3112.82,1,20.0,auto:SEARCHING,+0.000,+0.000,+0.000,-0.400,1100,0,
1785511830.9088,2026-07-31T11:30:30.908,40.880,412,,,,0,,,,1.5180,130.11,1.5180,-3109.89,1,20.0,auto:SEARCHING,+0.000,+0.000,+0.000,-0.400,1100,0,
1785511831.0072,2026-07-31T11:30:31.007,40.979,413,,,,0,,,,1.5123,133.05,1.5123,-3106.95,1,20.0,auto:SEARCHING,+0.000,+0.000,+0.026,-0.400,1100,0,
1785511831.1068,2026-07-31T11:30:31.106,41.078,414,,,,0,,,,1.5137,134.52,1.5137,-3105.48,1,20.0,auto:SEARCHING,+0.000,+0.000,+0.056,-0.400,1100,0,
1785511831.2056,2026-07-31T11:30:31.205,41.177,415,,,,0,,,,1.5027,137.51,1.5027,-3102.49,1,20.0,auto:SEARCHING,+0.000,+0.000,+0.082,-0.400,1100,0,
1785511831.3061,2026-07-31T11:30:31.306,41.278,416,,,,0,,,,1.5026,139.00,1.5026,-3101.00,1,20.0,auto:SEARCHING,+0.000,+0.000,+0.116,-0.400,1100,0,
1785511831.4047,2026-07-31T11:30:31.404,41.376,417,,,,0,,,,1.5024,142.00,1.5024,-3098.00,1,20.0,auto:SEARCHING,+0.000,+0.000,+0.138,-0.400,1100,0,
1785511831.5047,2026-07-31T11:30:31.504,41.476,418,,,,0,,,,1.4968,145.00,1.4968,-3095.00,1,20.0,auto:SEARCHING,+0.000,+0.000,+0.158,-0.400,1100,0,
1785511831.6035,2026-07-31T11:30:31.603,41.575,419,,,,0,,,,1.4952,146.52,1.4952,-3093.48,1,20.0,auto:SEARCHING,+0.000,+0.000,-0.600,-0.400,1100,0,
1785511831.7029,2026-07-31T11:30:31.702,41.674,420,,,,0,,,,1.4911,149.59,1.4911,-3090.41,1,20.0,auto:SEARCHING,+0.000,+0.000,-0.600,-0.400,1100,0,
1785511831.8031,2026-07-31T11:30:31.803,41.775,421,,,,0,,,,1.4907,151.11,1.4907,-3088.89,1,20.0,auto:SEARCHING,+0.000,+0.000,-0.600,-0.400,1100,0,
1785511831.9014,2026-07-31T11:30:31.901,41.873,422,,,,0,,,,1.4878,154.05,1.4878,-3085.95,1,20.0,auto:SEARCHING,+0.000,+0.000,-0.600,-0.400,1100,0,
1785511832.0007,2026-07-31T11:30:32.000,41.972,423,,,,0,,,,1.4932,156.86,1.4932,-3083.14,1,20.0,auto:SEARCHING,+0.000,+0.000,-0.600,-0.400,1100,0,
1785511832.0993,2026-07-31T11:30:32.099,42.071,424,,,,0,,,,1.4916,158.22,1.4916,-3081.78,1,20.0,auto:SEARCHING,+0.000,+0.000,-0.600,-0.400,1100,0,
1785511832.1990,2026-07-31T11:30:32.199,42.171,425,,,,0,,,,1.4925,160.84,1.4925,-3079.16,1,20.0,auto:SEARCHING,+0.000,+0.000,-0.600,-0.400,1100,0,
1785511832.2975,2026-07-31T11:30:32.297,42.269,426,,,,0,,,,1.4961,162.13,1.4961,-3077.87,1,20.0,auto:SEARCHING,+0.000,+0.000,-0.600,-0.400,1100,0,
1785511832.3975,2026-07-31T11:30:32.397,42.369,427,,,,0,,,,1.5048,164.68,1.5048,-3075.32,1,20.0,auto:SEARCHING,+0.000,+0.000,+0.147,-0.400,1100,0,
1785511832.4964,2026-07-31T11:30:32.496,42.468,428,,,,0,,,,1.5028,167.19,1.5028,-3072.81,1,20.0,auto:SEARCHING,+0.000,+0.000,+0.123,-0.400,1100,0,
1785511832.5963,2026-07-31T11:30:32.596,42.568,429,,,,0,,,,1.5029,168.42,1.5029,-3071.58,1,20.0,auto:SEARCHING,+0.000,+0.000,+0.095,-0.400,1100,0,
1785511832.6960,2026-07-31T11:30:32.696,42.668,430,,,,0,,,,1.5058,170.93,1.5058,-3069.07,1,20.0,auto:SEARCHING,+0.000,+0.000,+0.075,-0.400,1100,0,
1785511832.7943,2026-07-31T11:30:32.794,42.766,431,,,,0,,,,1.5027,172.21,1.5027,-3067.79,1,20.0,auto:SEARCHING,+0.000,+0.000,+0.049,-0.400,1100,0,
1785511832.8937,2026-07-31T11:30:32.893,42.865,432,,,,0,,,,1.5050,174.82,1.5050,-3065.18,1,20.0,auto:SEARCHING,+0.000,+0.000,+0.010,-0.400,1100,0,
1785511832.9924,2026-07-31T11:30:32.992,42.964,433,,,,0,,,,1.5047,176.13,1.5047,-3063.87,1,20.0,auto:SEARCHING,+0.000,+0.000,+0.000,-0.400,1100,0,
1785511833.0913,2026-07-31T11:30:33.091,43.063,434,,,,0,,,,1.5014,178.80,1.5014,-3061.20,1,20.0,auto:SEARCHING,+0.000,+0.000,+0.000,-0.400,1100,0,
1785511833.1909,2026-07-31T11:30:33.190,43.162,435,,,,0,,,,1.5038,-179.86,1.5038,-3059.86,1,20.0,auto:SEARCHING,+0.000,+0.000,+0.000,-0.400,1100,0,
1785511833.2900,2026-07-31T11:30:33.290,43.262,436,,,,0,,,,1.5013,-177.11,1.5013,-3057.11,1,20.0,auto:SEARCHING,+0.000,+0.000,+0.000,-0.400,1100,0,
1785511833.3890,2026-07-31T11:30:33.389,43.361,437,,,,0,,,,1.4972,-174.31,1.4972,-3054.31,1,20.0,auto:SEARCHING,+0.000,+0.000,-0.600,-0.400,1100,0,
1785511833.4875,2026-07-31T11:30:33.487,43.459,438,,,,0,,,,1.4934,-172.93,1.4934,-3052.93,1,20.0,auto:SEARCHING,+0.000,+0.000,-0.600,-0.400,1100,0,
1785511833.5864,2026-07-31T11:30:33.586,43.558,439,,,,0,,,,1.4920,-170.19,1.4920,-3050.19,1,20.0,auto:SEARCHING,+0.000,+0.000,-0.600,-0.400,1100,0,
1785511833.6853,2026-07-31T11:30:33.685,43.657,440,,,,0,,,,1.4937,-167.48,1.4937,-3047.48,1,20.0,auto:SEARCHING,+0.000,+0.000,-0.600,-0.400,1100,0,
1785511833.7860,2026-07-31T11:30:33.785,43.758,441,,,,0,,,,1.4909,-166.12,1.4909,-3046.12,1,20.0,auto:SEARCHING,+0.000,+0.000,-0.600,-0.400,1100,0,
1785511833.8852,2026-07-31T11:30:33.885,43.857,442,,,,0,,,,1.4929,-163.41,1.4929,-3043.41,1,20.0,auto:SEARCHING,+0.000,+0.000,-0.600,-0.400,1100,0,
1785511833.9844,2026-07-31T11:30:33.984,43.956,443,,,,0,,,,1.4958,-162.09,1.4958,-3042.09,1,20.0,auto:SEARCHING,+0.000,+0.000,-0.600,-0.400,1100,0,
1785511834.0841,2026-07-31T11:30:34.084,44.056,444,,,,0,,,,1.4991,-159.50,1.4991,-3039.50,1,20.0,auto:SEARCHING,+0.000,+0.000,+0.000,-0.400,1100,0,
1785511834.1838,2026-07-31T11:30:34.183,44.155,445,,,,0,,,,1.4985,-156.83,1.4985,-3036.83,1,20.0,auto:SEARCHING,+0.000,+0.000,+0.000,-0.400,1100,0,
1785511834.2824,2026-07-31T11:30:34.282,44.254,446,,,,0,,,,1.5010,-155.51,1.5010,-3035.51,1,20.0,auto:SEARCHING,+0.000,+0.000,+0.000,-0.400,1100,0,
1785511834.3815,2026-07-31T11:30:34.381,44.353,447,,,,0,,,,1.4968,-152.83,1.4968,-3032.83,1,20.0,auto:SEARCHING,+0.000,+0.000,-0.600,-0.400,1100,0,
1785511834.4812,2026-07-31T11:30:34.481,44.453,448,,,,0,,,,1.4929,-151.46,1.4929,-3031.46,1,20.0,auto:SEARCHING,+0.000,+0.000,-0.600,-0.400,1100,0,
1785511834.5796,2026-07-31T11:30:34.579,44.551,449,,,,0,,,,1.4907,-148.65,1.4907,-3028.65,1,20.0,auto:SEARCHING,+0.000,+0.000,-0.600,-0.400,1100,0,
1785511834.6785,2026-07-31T11:30:34.678,44.650,450,,,,0,,,,1.4919,-147.17,1.4919,-3027.17,1,20.0,auto:SEARCHING,+0.000,+0.000,-0.600,-0.400,1100,0,
1785511834.7781,2026-07-31T11:30:34.778,44.750,451,,,,0,,,,1.4921,-144.35,1.4921,-3024.35,1,20.0,auto:SEARCHING,+0.000,+0.000,-0.600,-0.400,1100,0,
1785511834.8782,2026-07-31T11:30:34.878,44.850,452,,,,0,,,,1.4976,-141.56,1.4976,-3021.56,1,20.0,auto:SEARCHING,+0.000,+0.000,-0.600,-0.400,1100,0,
1785511834.9779,2026-07-31T11:30:34.977,44.949,453,,,,0,,,,1.4986,-140.18,1.4986,-3020.18,1,20.0,auto:SEARCHING,+0.000,+0.000,-0.600,-0.400,1100,0,
1785511835.0773,2026-07-31T11:30:35.077,45.049,454,,,,0,,,,1.5077,-137.36,1.5077,-3017.36,1,20.0,auto:SEARCHING,+0.000,+0.000,+0.042,-0.400,1100,0,
1785511835.1771,2026-07-31T11:30:35.177,45.149,455,,,,0,,,,1.5098,-135.94,1.5098,-3015.94,1,20.0,auto:SEARCHING,+0.000,+0.000,+0.080,-0.400,1100,0,
1785511835.2755,2026-07-31T11:30:35.275,45.247,456,,,,0,,,,1.5074,-133.03,1.5074,-3013.03,1,20.0,auto:SEARCHING,+0.000,+0.000,+0.107,-0.400,1100,0,
1785511835.3743,2026-07-31T11:30:35.374,45.346,457,,,,0,,,,1.5088,-130.03,1.5088,-3010.03,1,20.0,auto:SEARCHING,+0.000,+0.000,+0.129,-0.400,1100,0,
1785511835.4742,2026-07-31T11:30:35.474,45.446,458,,,,0,,,,1.5106,-128.47,1.5106,-3008.47,1,20.0,auto:SEARCHING,+0.000,+0.000,+0.149,-0.400,1100,0,
1785511835.5727,2026-07-31T11:30:35.572,45.544,459,,,,0,,,,1.5104,-125.26,1.5104,-3005.26,1,20.0,auto:SEARCHING,+0.000,+0.000,+0.167,-0.400,1100,0,
1785511835.6729,2026-07-31T11:30:35.672,45.644,460,,,,0,,,,1.5135,-123.61,1.5135,-3003.61,1,20.0,auto:SEARCHING,+0.000,+0.000,+0.185,-0.400,1100,0,
1785511835.7722,2026-07-31T11:30:35.772,45.744,461,,,,0,,,,1.5096,-120.24,1.5096,-3000.24,1,20.0,auto:SEARCHING,+0.000,+0.000,+0.194,-0.400,1100,0,
1785511835.8713,2026-07-31T11:30:35.871,45.843,462,,,,0,,,,1.5139,-116.75,1.5139,-2996.75,1,20.0,auto:SEARCHING,+0.000,+0.000,+0.199,-0.400,1100,0,
1785511835.9705,2026-07-31T11:30:35.970,45.942,463,,,,0,,,,1.5120,-114.97,1.5120,-2994.97,1,20.0,auto:SEARCHING,+0.000,+0.000,+0.200,-0.400,1100,0,
1785511836.0697,2026-07-31T11:30:36.069,46.041,464,,,,0,,,,1.5109,-111.38,1.5109,-2991.38,1,20.0,auto:SEARCHING,+0.000,+0.000,+0.194,-0.400,1100,0,
1785511836.1690,2026-07-31T11:30:36.169,46.141,465,,,,0,,,,1.5064,-109.58,1.5064,-2989.58,1,20.0,auto:SEARCHING,+0.000,+0.000,+0.185,-0.400,1100,0,
1785511836.2680,2026-07-31T11:30:36.267,46.240,466,,,,0,,,,1.5071,-105.94,1.5071,-2985.94,1,20.0,auto:SEARCHING,+0.000,+0.000,+0.172,-0.400,1100,0,
1785511836.3679,2026-07-31T11:30:36.367,46.339,467,,,,0,,,,1.5046,-104.12,1.5046,-2984.12,1,20.0,auto:SEARCHING,+0.000,+0.000,+0.153,-0.400,1100,0,
1785511836.4689,2026-07-31T11:30:36.468,46.440,468,,,,0,,,,1.5031,-100.45,1.5031,-2980.45,1,20.0,auto:SEARCHING,+0.000,+0.000,+0.128,-0.400,1100,0,
1785511836.5675,2026-07-31T11:30:36.567,46.539,469,,,,0,,,,1.4993,-96.75,1.4993,-2976.75,1,20.0,auto:SEARCHING,+0.000,+0.000,-0.600,-0.400,1100,0,
1785511836.6677,2026-07-31T11:30:36.667,46.639,470,,,,0,,,,1.4975,-94.94,1.4975,-2974.94,1,20.0,auto:SEARCHING,+0.000,+0.000,-0.600,-0.400,1100,0,
1785511836.7679,2026-07-31T11:30:36.767,46.739,471,,,,0,,,,1.4928,-91.28,1.4928,-2971.28,1,20.0,auto:SEARCHING,+0.000,+0.000,-0.600,-0.400,1100,0,
1785511836.8668,2026-07-31T11:30:36.866,46.838,472,,,,0,,,,1.4906,-89.45,1.4906,-2969.45,1,20.0,auto:SEARCHING,+0.000,+0.000,-0.600,-0.400,1100,0,
1785511836.9656,2026-07-31T11:30:36.965,46.937,473,,,,0,,,,1.4971,-85.87,1.4971,-2965.87,1,20.0,auto:SEARCHING,+0.000,+0.000,-0.600,-0.400,1100,0,
1785511837.0652,2026-07-31T11:30:37.065,47.037,474,,,,0,,,,1.5025,-82.40,1.5025,-2962.40,1,20.0,auto:SEARCHING,+0.000,+0.000,+0.000,-0.400,1100,0,
1785511837.1648,2026-07-31T11:30:37.164,47.136,475,,,,0,,,,1.5036,-80.68,1.5036,-2960.68,1,20.0,auto:SEARCHING,+0.000,+0.000,+0.000,-0.400,1100,0,
1785511837.2649,2026-07-31T11:30:37.264,47.236,476,,,,0,,,,1.5067,-77.29,1.5067,-2957.29,1,20.0,auto:SEARCHING,+0.000,+0.000,+0.000,-0.400,1100,0,
1785511837.3637,2026-07-31T11:30:37.363,47.335,477,,,,0,,,,1.5070,-75.63,1.5070,-2955.63,1,20.0,auto:SEARCHING,+0.000,+0.000,+0.000,-0.400,1100,0,
1785511837.4640,2026-07-31T11:30:37.463,47.436,478,,,,0,,,,1.5014,-72.25,1.5014,-2952.25,1,20.0,auto:SEARCHING,+0.000,+0.000,+0.000,-0.400,1100,0,
1785511837.5625,2026-07-31T11:30:37.562,47.534,479,,,,0,,,,1.5030,-68.83,1.5030,-2948.83,1,20.0,auto:SEARCHING,+0.000,+0.000,+0.000,-0.400,1100,0,
1785511837.6639,2026-07-31T11:30:37.663,47.635,480,,,,0,,,,1.5009,-67.11,1.5009,-2947.11,1,20.0,auto:SEARCHING,+0.000,+0.000,+0.000,-0.400,1100,0,
1785511837.7627,2026-07-31T11:30:37.762,47.734,481,,,,0,,,,1.4978,-63.63,1.4978,-2943.63,1,20.0,auto:SEARCHING,+0.000,+0.000,-0.600,-0.400,1100,0,
1785511837.8623,2026-07-31T11:30:37.862,47.834,482,,,,0,,,,1.4996,-61.87,1.4996,-2941.87,1,20.0,auto:SEARCHING,+0.000,+0.000,-0.600,-0.400,1100,0,
1785511837.9614,2026-07-31T11:30:37.961,47.933,483,,,,0,,,,1.4971,-58.32,1.4971,-2938.32,1,20.0,auto:SEARCHING,+0.000,+0.000,-0.600,-0.400,1100,0,
1785511838.0618,2026-07-31T11:30:38.061,48.033,484,,,,0,,,,1.4954,-54.72,1.4954,-2934.72,1,20.0,auto:SEARCHING,+0.000,+0.000,-0.600,-0.400,1100,0,
1785511838.1615,2026-07-31T11:30:38.161,48.133,485,,,,0,,,,1.4989,-52.92,1.4989,-2932.92,1,20.0,auto:SEARCHING,+0.000,+0.000,-0.600,-0.400,1100,0,
1785511838.2611,2026-07-31T11:30:38.261,48.233,486,,,,0,,,,1.4989,-49.37,1.4989,-2929.37,1,20.0,auto:SEARCHING,+0.000,+0.000,+0.000,-0.400,1100,0,
1785511838.3604,2026-07-31T11:30:38.360,48.332,487,,,,0,,,,1.5104,-45.87,1.5104,-2925.87,1,20.0,auto:SEARCHING,+0.000,+0.000,+0.000,-0.400,1100,0,
1785511838.4600,2026-07-31T11:30:38.459,48.432,488,,,,0,,,,1.5045,-44.16,1.5045,-2924.16,1,20.0,auto:SEARCHING,+0.000,+0.000,+0.000,-0.400,1100,0,
1785511838.5594,2026-07-31T11:30:38.559,48.531,489,,,,0,,,,1.5092,-40.71,1.5092,-2920.71,1,20.0,auto:SEARCHING,+0.000,+0.000,+0.000,-0.400,1100,0,
1785511838.6594,2026-07-31T11:30:38.659,48.631,490,,,,0,,,,1.5003,-38.98,1.5003,-2918.98,1,20.0,auto:SEARCHING,+0.000,+0.000,+0.000,-0.400,1100,0,
1785511838.7591,2026-07-31T11:30:38.759,48.731,491,,,,0,,,,1.5051,-35.50,1.5051,-2915.50,1,20.0,auto:SEARCHING,+0.000,+0.000,+0.000,-0.400,1100,0,
1785511838.8579,2026-07-31T11:30:38.857,48.829,492,,,,0,,,,1.5044,-31.99,1.5044,-2911.99,1,20.0,auto:SEARCHING,+0.000,+0.000,+0.000,-0.400,1100,0,
1785511838.9572,2026-07-31T11:30:38.957,48.929,493,,,,0,,,,1.5063,-30.23,1.5063,-2910.23,1,20.0,auto:SEARCHING,+0.000,+0.000,+0.011,-0.400,1100,0,
1785511839.0555,2026-07-31T11:30:39.055,49.027,494,,,,0,,,,1.5015,-26.69,1.5015,-2906.69,1,20.0,auto:SEARCHING,+0.000,+0.000,+0.040,-0.400,1100,0,
1785511839.1545,2026-07-31T11:30:39.154,49.126,495,,,,0,,,,1.5002,-24.93,1.5002,-2904.93,1,20.0,auto:ADVANCING,+1.000,+0.000,+0.304,-0.751,1100,0,
1785511839.2547,2026-07-31T11:30:39.254,49.226,496,,,,0,,,,1.5045,-20.27,1.5045,-2900.27,1,20.0,auto:ADVANCING,+1.000,+0.000,-0.600,-0.713,1100,0,
1785511839.3544,2026-07-31T11:30:39.354,49.326,497,,,,0,,,,1.4919,-17.05,1.4919,-2897.05,1,20.0,auto:ADVANCING,+1.000,+0.000,-0.600,-0.585,1100,0,
1785511839.4530,2026-07-31T11:30:39.453,49.425,498,,,,0,,,,1.4865,-10.48,1.4865,-2890.48,1,20.0,auto:ADVANCING,+1.000,+0.000,-0.600,-0.468,1100,0,
1785511839.5521,2026-07-31T11:30:39.552,49.524,499,,,,0,,,,1.4957,-4.17,1.4957,-2884.17,1,20.0,auto:ADVANCING,+1.000,+0.000,+0.152,-0.362,1100,0,
1785511839.6519,2026-07-31T11:30:39.651,49.624,500,,,,0,,,,1.5036,-1.34,1.5036,-2881.34,1,20.0,auto:ADVANCING,+1.000,+0.000,+0.103,-0.263,1100,0,
1785511839.7513,2026-07-31T11:30:39.751,49.723,501,,,,0,,,,1.5070,3.84,1.5070,-2876.16,1,20.0,auto:ADVANCING,+1.000,+0.000,+0.066,-0.182,1100,0,
1785511839.8496,2026-07-31T11:30:39.849,49.821,502,,,,0,,,,1.5020,6.15,1.5020,-2873.85,1,20.0,auto:ADVANCING,+1.000,+0.000,+0.017,-0.076,1100,0,
1785511839.9497,2026-07-31T11:30:39.949,49.921,503,,,,0,,,,1.4935,10.23,1.4935,-2869.77,1,20.0,auto:ADVANCING,+1.000,+0.000,-0.600,-0.020,1100,0,
1785511840.0487,2026-07-31T11:30:40.048,50.020,504,,,,0,,,,1.4881,13.44,1.4881,-2866.56,1,20.0,auto:ADVANCING,+1.000,+0.000,-0.600,+0.036,1100,0,
1785511840.1488,2026-07-31T11:30:40.148,50.120,505,,,,0,,,,1.4892,14.61,1.4892,-2865.39,1,20.0,auto:ADVANCING,+1.000,+0.000,-0.600,+0.067,1100,0,
1785511840.2479,2026-07-31T11:30:40.247,50.219,506,,,,0,,,,1.4770,16.30,1.4770,-2863.70,1,20.0,auto:ADVANCING,+1.000,+0.000,-0.600,+0.125,1100,0,
1785511840.3473,2026-07-31T11:30:40.347,50.319,507,,,,0,,,,1.4798,16.82,1.4798,-2863.18,1,20.0,auto:ADVANCING,+1.000,+0.000,-0.600,+0.148,1100,0,
1785511840.4457,2026-07-31T11:30:40.445,50.417,508,,,,0,,,,1.4724,17.01,1.4724,-2862.99,1,20.0,auto:ADVANCING,+1.000,+0.000,-0.600,+0.160,1100,0,
1785511840.5446,2026-07-31T11:30:40.544,50.516,509,,,,0,,,,1.4706,16.73,1.4706,-2863.27,1,20.0,auto:ADVANCING,+1.000,+0.000,-0.600,+0.160,1100,0,
1785511840.6449,2026-07-31T11:30:40.644,50.616,510,,,,0,,,,1.4611,15.57,1.4611,-2864.43,1,20.0,auto:ADVANCING,+1.000,+0.000,-0.600,+0.151,1100,0,
1785511840.7440,2026-07-31T11:30:40.743,50.716,511,,,,0,,,,1.4573,14.06,1.4573,-2865.94,1,20.0,auto:ADVANCING,+1.000,+0.000,-0.600,+0.125,1100,0,
1785511840.8442,2026-07-31T11:30:40.844,50.816,512,,,,0,,,,1.4536,13.23,1.4536,-2866.77,1,20.0,auto:ADVANCING,+1.000,+0.000,-0.600,+0.106,1100,0,
1785511840.9434,2026-07-31T11:30:40.943,50.915,513,,,,0,,,,1.4405,11.52,1.4405,-2868.48,1,20.0,auto:ADVANCING,+1.000,+0.000,-0.600,+0.083,1100,0,
1785511841.0425,2026-07-31T11:30:41.042,51.014,514,,,,0,,,,1.4348,10.78,1.4348,-2869.22,1,20.0,auto:ADVANCING,+1.000,+0.000,-0.600,+0.059,1100,0,
1785511841.1425,2026-07-31T11:30:41.142,51.114,515,,,,0,,,,1.4337,9.47,1.4337,-2870.53,1,20.0,auto:ADVANCING,+1.000,+0.000,-0.600,+0.041,1100,0,
1785511841.2420,2026-07-31T11:30:41.242,51.214,516,,,,0,,,,1.4282,8.42,1.4282,-2871.58,1,20.0,auto:ADVANCING,+1.000,+0.000,-0.600,+0.017,1100,0,
1785511841.3422,2026-07-31T11:30:41.342,51.314,517,,,,0,,,,1.4296,8.04,1.4296,-2871.96,1,20.0,auto:ADVANCING,+1.000,+0.000,-0.600,+0.003,1100,0,
1785511841.4415,2026-07-31T11:30:41.441,51.413,518,,,,0,,,,1.4204,7.44,1.4204,-2872.56,1,20.0,auto:ADVANCING,+1.000,+0.000,-0.600,-0.005,1100,0,
1785511841.5409,2026-07-31T11:30:41.540,51.512,519,,,,0,,,,1.4266,7.40,1.4266,-2872.60,1,20.0,auto:ADVANCING,+1.000,+0.000,-0.600,-0.011,1100,0,
1785511841.6396,2026-07-31T11:30:41.639,51.611,520,,,,0,,,,1.4240,7.55,1.4240,-2872.45,1,20.0,auto:ADVANCING,+1.000,+0.000,-0.600,-0.009,1100,0,
1785511841.7391,2026-07-31T11:30:41.739,51.711,521,,,,0,,,,1.4168,7.92,1.4168,-2872.08,1,20.0,auto:ADVANCING,+1.000,+0.000,-0.600,-0.003,1100,0,
1785511841.8383,2026-07-31T11:30:41.838,51.810,522,,,,0,,,,1.4275,8.14,1.4275,-2871.86,1,20.0,auto:ADVANCING,+1.000,+0.000,-0.600,+0.006,1100,0,
1785511841.9372,2026-07-31T11:30:41.937,51.909,523,,,,0,,,,1.4172,8.62,1.4172,-2871.38,1,20.0,auto:ADVANCING,+1.000,+0.000,-0.600,+0.016,1100,0,
1785511842.0358,2026-07-31T11:30:42.035,52.007,524,,,,0,,,,1.4330,8.68,1.4330,-2871.32,1,20.0,auto:ADVANCING,+1.000,+0.000,-0.600,+0.023,1100,0,
1785511842.1364,2026-07-31T11:30:42.136,52.108,525,,,,0,,,,1.4376,8.74,1.4376,-2871.26,1,20.0,auto:ADVANCING,+1.000,+0.000,-0.600,+0.030,1100,0,
1785511842.2350,2026-07-31T11:30:42.235,52.207,526,,,,0,,,,1.4408,8.85,1.4408,-2871.15,1,20.0,auto:ORBITING,+0.490,+0.624,-0.600,+0.077,1100,0,
1785511842.3340,2026-07-31T11:30:42.334,52.306,527,,,,0,,,,1.4472,8.86,1.4472,-2871.14,1,20.0,auto:ORBITING,+0.468,+0.616,-0.600,+0.081,1100,0,
1785511842.4322,2026-07-31T11:30:42.432,52.404,528,,,,0,,,,1.4593,8.98,1.4593,-2871.02,1,20.0,auto:ORBITING,+0.443,+0.610,-0.600,+0.083,1100,0,
1785511842.5323,2026-07-31T11:30:42.532,52.504,529,,,,0,,,,1.4653,9.01,1.4653,-2870.99,1,20.0,auto:ORBITING,+0.416,+0.614,-0.600,+0.081,1100,0,
1785511842.6320,2026-07-31T11:30:42.632,52.604,530,,,,0,,,,1.4720,9.03,1.4720,-2870.97,1,20.0,auto:ORBITING,+0.392,+0.610,-0.600,+0.083,1100,0,
1785511842.7310,2026-07-31T11:30:42.730,52.703,531,,,,0,,,,1.4729,8.88,1.4729,-2871.12,1,20.0,auto:ORBITING,+0.368,+0.622,-0.600,+0.078,1100,0,
1785511842.8304,2026-07-31T11:30:42.830,52.802,532,,,,0,,,,1.4745,8.66,1.4745,-2871.34,1,20.0,auto:ORBITING,+0.347,+0.636,-0.600,+0.072,1100,0,
1785511842.9299,2026-07-31T11:30:42.929,52.902,533,,,,0,,,,1.4948,7.92,1.4948,-2872.08,1,20.0,auto:ORBITING,+0.345,+0.666,-0.600,+0.059,1100,0,
1785511843.0289,2026-07-31T11:30:43.028,53.000,534,,,,0,,,,1.4977,7.44,1.4977,-2872.56,1,20.0,auto:ORBITING,+0.337,+0.704,-0.600,+0.042,1100,0,
1785511843.1284,2026-07-31T11:30:43.128,53.100,535,,,,0,,,,1.5032,6.53,1.5032,-2873.47,1,20.0,auto:ORBITING,+0.294,+0.748,+0.411,+0.023,1100,0,
1785511843.2271,2026-07-31T11:30:43.227,53.199,536,8,1.3372,0,1,1,1785511843.1600,67.1,1.5125,5.72,1.5125,-2874.28,1,20.0,auto:SCANNING,+0.000,+0.000,+0.380,+0.008,1100,0,
1785511843.3262,2026-07-31T11:30:43.326,53.298,537,,,,0,,,,1.5236,5.27,1.5236,-2874.73,1,20.0,auto:SCANNING,+0.000,+0.000,+0.348,-0.018,1100,0,
1785511843.4262,2026-07-31T11:30:43.426,53.398,538,,,,0,,,,1.5251,4.33,1.5251,-2875.67,1,20.0,auto:SCANNING,+0.000,+0.000,+0.328,-0.043,1100,0,
1785511843.5251,2026-07-31T11:30:43.525,53.497,539,8,1.1842,0,1,2,1785511843.4671,58.0,1.5312,3.87,1.5312,-2876.13,1,20.0,auto:SCANNING,+0.000,+0.000,+0.307,-0.067,1100,0,
1785511843.6239,2026-07-31T11:30:43.623,53.595,540,,,,0,,,,1.5291,3.03,1.5291,-2876.97,1,20.0,auto:SCANNING,+0.000,+0.000,+0.286,-0.090,1100,0,
1785511843.7227,2026-07-31T11:30:43.722,53.694,541,8,1.1424,0,1,3,1785511843.6250,97.7,1.5347,2.66,1.5347,-2877.34,1,20.0,auto:SCANNING,+0.000,+0.000,+0.276,-0.115,1100,0,
1785511843.8218,2026-07-31T11:30:43.821,53.793,542,8,1.1133,0,1,4,1785511843.7794,42.5,1.5324,2.02,1.5324,-2877.98,1,20.0,auto:SCANNING,+0.000,+0.000,+0.276,-0.130,1100,0,
1785511843.9219,2026-07-31T11:30:43.921,53.893,543,,,,0,,,,1.5305,1.75,1.5305,-2878.25,1,20.0,auto:SCANNING,+0.000,+0.000,+0.276,-0.145,1100,0,
1785511844.0214,2026-07-31T11:30:44.021,53.993,544,,,,0,,,,1.5274,1.23,1.5274,-2878.77,1,20.0,auto:SCANNING,+0.000,+0.000,+0.293,-0.167,1100,0,
1785511844.1215,2026-07-31T11:30:44.121,54.093,545,23,1.2031,0,1,5,1785511844.0865,35.0,1.5217,0.79,1.5217,-2879.21,1,20.0,auto:SCANNING,+0.000,+0.000,+0.304,-0.181,1100,0,
1785511844.2197,2026-07-31T11:30:44.219,54.191,546,,,,0,,,,1.5245,0.60,1.5245,-2879.40,1,20.0,auto:SCANNING,+0.000,+0.000,+0.328,-0.189,1100,0,
1785511844.3191,2026-07-31T11:30:44.319,54.291,547,23,1.2360,0,1,6,1785511844.2418,77.3,1.5191,0.37,1.5191,-2879.63,1,20.0,auto:SCANNING,+0.000,+0.000,+0.352,-0.202,1100,0,
1785511844.4196,2026-07-31T11:30:44.419,54.391,548,23,1.2539,0,1,7,1785511844.3941,25.6,1.5170,0.32,1.5170,-2879.68,1,20.0,auto:SCANNING,+0.000,+0.000,+0.373,-0.212,1100,0,
1785511844.5195,2026-07-31T11:30:44.519,54.491,549,,,,0,,,,1.5099,0.41,1.5099,-2879.59,1,20.0,auto:SCANNING,+0.000,+0.000,+0.424,-0.213,1100,0,
1785511844.6179,2026-07-31T11:30:44.617,54.589,550,8,1.0738,0,1,8,1785511844.5509,67.0,1.5063,0.65,1.5063,-2879.35,1,20.0,auto:SCANNING,+0.000,+0.000,+0.449,-0.216,1100,0,
1785511844.7171,2026-07-31T11:30:44.717,54.689,551,8,1.0617,0,2,9,1785511844.7065,10.5,1.5052,0.80,1.5052,-2879.20,1,20.0,auto:SCANNING,+0.000,+0.000,+0.466,-0.212,1100,0,
1785511844.7171,2026-07-31T11:30:44.717,54.689,552,23,1.2250,0,2,9,1785511844.7065,10.5,1.5052,0.80,1.5052,-2879.20,1,20.0,auto:SCANNING,+0.000,+0.000,+0.466,-0.212,1100,0,
1785511844.8173,2026-07-31T11:30:44.817,54.789,553,,,,0,,,,1.4900,1.15,1.4900,-2878.85,1,20.0,auto:SCANNING,+0.000,+0.000,-0.600,-0.208,1100,0,
1785511844.9170,2026-07-31T11:30:44.916,54.889,554,8,1.0469,0,2,10,1785511844.8598,57.2,1.4892,1.44,1.4892,-2878.56,1,20.0,auto:SCANNING,+0.000,+0.000,-0.600,-0.212,1100,0,
1785511844.9170,2026-07-31T11:30:44.916,54.889,555,23,1.2039,0,2,10,1785511844.8598,57.2,1.4892,1.44,1.4892,-2878.56,1,20.0,auto:SCANNING,+0.000,+0.000,-0.600,-0.212,1100,0,
1785511845.0162,2026-07-31T11:30:45.016,54.988,556,,,,0,,,,1.4893,1.58,1.4893,-2878.42,1,20.0,auto:SCANNING,+0.000,+0.000,-0.600,-0.210,1100,0,
1785511845.1154,2026-07-31T11:30:45.115,55.087,557,,,,0,,,,1.4868,1.80,1.4868,-2878.20,1,20.0,auto:SCANNING,+0.000,+0.000,-0.600,-0.212,1100,0,
1785511845.2138,2026-07-31T11:30:45.213,55.185,558,23,1.1745,0,1,11,1785511845.1714,42.4,1.4934,1.89,1.4934,-2878.11,1,20.0,auto:SCANNING,+0.000,+0.000,-0.600,-0.209,1100,0,
1785511845.3128,2026-07-31T11:30:45.312,55.284,559,,,,0,,,,1.4954,2.06,1.4954,-2877.94,1,20.0,auto:SCANNING,+0.000,+0.000,-0.600,-0.207,1100,0,
1785511845.4117,2026-07-31T11:30:45.411,55.383,560,23,1.1675,0,1,12,1785511845.3242,87.5,1.5045,2.39,1.5045,-2877.61,1,20.0,auto:SCANNING,+0.000,+0.000,+0.600,-0.212,1100,0,
1785511845.5125,2026-07-31T11:30:45.512,55.484,561,8,1.0084,0,1,13,1785511845.4776,34.9,1.5081,2.63,1.5081,-2877.37,1,20.0,auto:SCANNING,+0.000,+0.000,+0.569,-0.209,1100,0,
1785511845.6116,2026-07-31T11:30:45.611,55.583,562,,,,0,,,,1.5064,3.23,1.5064,-2876.77,1,20.0,auto:SCANNING,+0.000,+0.000,+0.590,-0.204,1100,0,
1785511845.7116,2026-07-31T11:30:45.711,55.683,563,23,1.1414,0,1,14,1785511845.6359,75.7,1.5101,3.53,1.5101,-2876.47,1,20.0,auto:SCANNING,+0.000,+0.000,+0.628,-0.190,1100,0,
1785511845.8110,2026-07-31T11:30:45.810,55.783,564,23,1.1152,0,1,15,1785511845.7878,23.2,1.5012,4.07,1.5012,-2875.93,1,20.0,auto:SCANNING,+0.000,+0.000,+0.621,-0.187,1100,0,
1785511845.9116,2026-07-31T11:30:45.911,55.883,565,,,,0,,,,1.4900,4.44,1.4900,-2875.56,1,20.0,auto:SCANNING,+0.000,+0.000,-0.600,-0.181,1100,0,
1785511846.0101,2026-07-31T11:30:46.010,55.982,566,23,1.0891,0,1,16,1785511845.9428,67.3,1.4892,4.62,1.4892,-2875.38,1,20.0,auto:SCANNING,+0.000,+0.000,-0.600,-0.183,1100,0,
1785511846.1093,2026-07-31T11:30:46.109,56.081,567,,,,0,,,,1.4838,5.08,1.4838,-2874.92,1,20.0,auto:SCANNING,+0.000,+0.000,-0.600,-0.178,1100,0,
1785511846.2079,2026-07-31T11:30:46.207,56.180,568,,,,0,,,,1.4872,5.40,1.4872,-2874.60,1,20.0,auto:SCANNING,+0.000,+0.000,-0.600,-0.172,1100,0,
1785511846.3076,2026-07-31T11:30:46.307,56.279,569,23,1.0488,0,1,17,1785511846.2523,55.3,1.4894,6.21,1.4894,-2873.79,1,20.0,auto:SCANNING,+0.000,+0.000,-0.600,-0.169,1100,0,
1785511846.4083,2026-07-31T11:30:46.408,56.380,570,,,,0,,,,1.4942,6.69,1.4942,-2873.31,1,20.0,auto:SCANNING,+0.000,+0.000,-0.600,-0.151,1100,0,
1785511846.5077,2026-07-31T11:30:46.507,56.479,571,,,,0,,,,1.4968,7.57,1.4968,-2872.43,1,20.0,auto:SCANNING,+0.000,+0.000,-0.600,-0.128,1100,0,
1785511846.6069,2026-07-31T11:30:46.606,56.579,572,,,,0,,,,1.5026,8.22,1.5026,-2871.78,1,20.0,auto:SCANNING,+0.000,+0.000,-0.600,-0.113,1100,0,
1785511846.7061,2026-07-31T11:30:46.706,56.678,573,,,,0,,,,1.5044,8.46,1.5044,-2871.54,1,20.0,auto:SCANNING,+0.000,+0.000,+0.742,-0.103,1100,0,
1785511846.8051,2026-07-31T11:30:46.805,56.777,574,,,,0,,,,1.5121,8.87,1.5121,-2871.13,1,20.0,auto:SCANNING,+0.000,+0.000,+0.800,-0.087,1100,0,
1785511846.9040,2026-07-31T11:30:46.903,56.876,575,,,,0,,,,1.5084,9.03,1.5084,-2870.97,1,20.0,auto:ORBITING,-1.000,+0.658,+0.756,-0.062,1100,0,
1785511847.0045,2026-07-31T11:30:47.004,56.976,576,,,,0,,,,1.4983,9.29,1.4983,-2870.71,1,20.0,auto:ORBITING,-1.000,+0.664,-0.600,-0.060,1100,0,
1785511847.1037,2026-07-31T11:30:47.103,57.075,577,,,,0,,,,1.4913,9.38,1.4913,-2870.62,1,20.0,auto:ORBITING,-1.000,+0.658,-0.600,-0.062,1100,0,
1785511847.2037,2026-07-31T11:30:47.203,57.175,578,,,,0,,,,1.4880,9.41,1.4880,-2870.59,1,20.0,auto:ORBITING,-1.000,+0.646,-0.600,-0.067,1100,0,
1785511847.3046,2026-07-31T11:30:47.304,57.276,579,,,,0,,,,1.4906,9.55,1.4906,-2870.45,1,20.0,auto:ORBITING,-1.000,+0.642,-0.600,-0.069,1100,0,
1785511847.4028,2026-07-31T11:30:47.402,57.374,580,,,,0,,,,1.4875,9.48,1.4875,-2870.52,1,20.0,auto:ORBITING,-1.000,+0.604,-0.600,-0.086,1100,0,
1785511847.5017,2026-07-31T11:30:47.501,57.473,581,,,,0,,,,1.4889,9.00,1.4889,-2871.00,1,20.0,auto:ORBITING,-1.000,+0.572,-0.600,-0.100,1100,0,
1785511847.6010,2026-07-31T11:30:47.601,57.573,582,,,,0,,,,1.4976,8.63,1.4976,-2871.37,1,20.0,auto:ORBITING,-1.000,+0.492,-0.600,-0.135,1100,0,
1785511847.6998,2026-07-31T11:30:47.699,57.671,583,,,,0,,,,1.4953,7.56,1.4953,-2872.44,1,20.0,auto:ORBITING,-1.000,+0.454,-0.600,-0.151,1100,0,
1785511847.7998,2026-07-31T11:30:47.799,57.771,584,,,,0,,,,1.4967,6.44,1.4967,-2873.56,1,20.0,auto:ORBITING,-0.765,+0.432,+0.828,-0.161,1100,0,
1785511847.8989,2026-07-31T11:30:47.898,57.871,585,,,,0,,,,1.5021,5.92,1.5021,-2874.08,1,20.0,auto:ORBITING,-0.765,+0.432,+0.828,-0.161,1100,0,
1785511847.9982,2026-07-31T11:30:47.998,57.970,586,,,,0,,,,1.4944,4.91,1.4944,-2875.09,1,20.0,auto:ORBITING,-0.765,+0.432,-0.600,-0.161,1100,0,
1785511848.0968,2026-07-31T11:30:48.096,58.068,587,,,,0,,,,1.4901,4.47,1.4901,-2875.53,1,20.0,auto:ORBITING,-0.765,+0.432,-0.600,-0.161,1100,0,
1785511848.1977,2026-07-31T11:30:48.197,58.169,588,,,,0,,,,1.4841,3.61,1.4841,-2876.39,1,20.0,auto:ORBITING,-0.765,+0.432,-0.600,-0.161,1100,0,
1785511848.2971,2026-07-31T11:30:48.297,58.269,589,,,,0,,,,1.4813,2.60,1.4813,-2877.40,1,20.0,auto:SEARCHING,+0.000,+0.000,-0.600,-0.400,1100,0,
1785511848.3962,2026-07-31T11:30:48.396,58.368,590,,,,0,,,,1.4785,1.99,1.4785,-2878.01,1,20.0,auto:SEARCHING,+0.000,+0.000,-0.600,-0.400,1100,0,
1785511848.4942,2026-07-31T11:30:48.494,58.466,591,,,,0,,,,1.4819,0.82,1.4819,-2879.18,1,20.0,auto:SEARCHING,+0.000,+0.000,-0.600,-0.400,1100,0,
1785511848.5929,2026-07-31T11:30:48.592,58.564,592,,,,0,,,,1.4881,0.48,1.4881,-2879.52,1,20.0,auto:SEARCHING,+0.000,+0.000,-0.600,-0.400,1100,0,
1785511848.6919,2026-07-31T11:30:48.691,58.663,593,,,,0,,,,1.4912,0.26,1.4912,-2879.74,1,20.0,auto:SEARCHING,+0.000,+0.000,-0.600,-0.400,1100,0,
1785511848.7914,2026-07-31T11:30:48.791,58.763,594,,,,0,,,,1.5080,0.38,1.5080,-2879.62,1,20.0,auto:SEARCHING,+0.000,+0.000,+0.175,-0.400,1100,0,
1785511848.8904,2026-07-31T11:30:48.890,58.862,595,,,,0,,,,1.5155,0.55,1.5155,-2879.45,1,20.0,auto:ADVANCING,+0.000,+0.000,+0.188,-0.400,1100,0,
1785511848.9897,2026-07-31T11:30:48.989,58.961,596,,,,0,,,,1.5279,1.08,1.5279,-2878.92,1,20.0,auto:ORBITING,-0.050,+0.000,+0.828,-0.374,1100,0,
1785511849.0881,2026-07-31T11:30:49.088,59.060,597,,,,0,,,,1.5359,1.71,1.5359,-2878.29,1,20.0,auto:ORBITING,-0.366,+0.000,+0.825,-0.360,1100,0,
1785511849.1884,2026-07-31T11:30:49.188,59.160,598,,,,0,,,,1.5328,2.93,1.5328,-2877.07,1,20.0,auto:ORBITING,-0.648,+0.000,+0.828,-0.351,1100,0,
1785511849.2877,2026-07-31T11:30:49.287,59.259,599,,,,0,,,,1.5324,6.27,1.5324,-2873.73,1,20.0,auto:ORBITING,-1.000,+0.046,+0.828,-0.330,1100,0,
1785511849.3872,2026-07-31T11:30:49.387,59.359,600,,,,0,,,,1.5291,8.68,1.5291,-2871.32,1,20.0,auto:ORBITING,-1.000,+0.116,+0.828,-0.299,1100,0,
1785511849.4863,2026-07-31T11:30:49.486,59.458,601,,,,0,,,,1.5237,14.02,1.5237,-2865.98,1,20.0,auto:ORBITING,-1.000,+0.194,+0.828,-0.265,1100,0,
1785511849.5853,2026-07-31T11:30:49.585,59.557,602,,,,0,,,,1.5127,16.51,1.5127,-2863.49,1,20.0,auto:ORBITING,-1.000,+0.290,+0.828,-0.223,1100,0,
1785511849.6840,2026-07-31T11:30:49.683,59.656,603,,,,0,,,,1.5028,20.88,1.5028,-2859.12,1,20.0,auto:ORBITING,-1.000,+0.436,+0.828,-0.159,1100,0,
1785511849.7835,2026-07-31T11:30:49.783,59.755,604,,,,0,,,,1.4744,24.89,1.4744,-2855.11,1,20.0,auto:ORBITING,-0.982,+0.586,-0.600,-0.094,1100,0,
1785511849.8826,2026-07-31T11:30:49.882,59.854,605,,,,0,,,,1.4653,26.65,1.4653,-2853.35,1,20.0,auto:ORBITING,-0.666,+0.744,-0.600,-0.025,1100,0,
1785511849.9827,2026-07-31T11:30:49.982,59.954,606,,,,0,,,,1.4469,29.36,1.4469,-2850.64,1,20.0,auto:ORBITING,-0.666,+0.744,-0.600,-0.025,1100,0,
1785511850.0812,2026-07-31T11:30:50.081,60.053,607,,,,0,,,,1.4455,30.44,1.4455,-2849.56,1,20.0,auto:ORBITING,-0.666,+0.744,-0.600,-0.025,1100,0,
1785511850.1806,2026-07-31T11:30:50.180,60.152,608,,,,0,,,,1.4376,32.12,1.4376,-2847.88,1,20.0,auto:ORBITING,-0.666,+0.744,-0.600,-0.025,1100,0,
1785511850.2789,2026-07-31T11:30:50.278,60.250,609,,,,0,,,,1.4306,33.09,1.4306,-2846.91,1,20.0,auto:ORBITING,-0.666,+0.744,-0.600,-0.025,1100,0,
1785511850.3791,2026-07-31T11:30:50.379,60.351,610,,,,0,,,,1.4354,33.27,1.4354,-2846.73,1,20.0,auto:SEARCHING,+0.000,+0.000,-0.600,-0.400,1100,0,
1785511850.4783,2026-07-31T11:30:50.478,60.450,611,,,,0,,,,1.4321,33.25,1.4321,-2846.75,1,20.0,auto:SEARCHING,+0.000,+0.000,-0.600,-0.400,1100,0,
1785511850.5779,2026-07-31T11:30:50.577,60.550,612,,,,0,,,,1.4312,33.20,1.4312,-2846.80,1,20.0,auto:SEARCHING,+0.000,+0.000,-0.600,-0.400,1100,0,
1785511850.6785,2026-07-31T11:30:50.678,60.650,613,,,,0,,,,1.4398,33.71,1.4398,-2846.29,1,20.0,auto:SEARCHING,+0.000,+0.000,-0.600,-0.400,1100,0,
1785511850.7768,2026-07-31T11:30:50.776,60.748,614,,,,0,,,,1.4439,34.18,1.4439,-2845.82,1,20.0,auto:SEARCHING,+0.000,+0.000,-0.600,-0.400,1100,0,
1785511850.8760,2026-07-31T11:30:50.876,60.848,615,,,,0,,,,1.4559,35.30,1.4559,-2844.70,1,20.0,auto:ADVANCING,+0.000,+0.000,-0.600,+0.400,1100,0,
1785511850.9756,2026-07-31T11:30:50.975,60.947,616,,,,0,,,,1.4657,35.92,1.4657,-2844.08,1,20.0,auto:ORBITING,+0.463,+0.686,-0.600,+0.050,1100,0,
1785511851.0748,2026-07-31T11:30:51.074,61.046,617,,,,0,,,,1.4794,35.60,1.4794,-2844.40,1,20.0,auto:ORBITING,-0.568,+0.790,-0.600,-0.004,1100,0,
1785511851.1742,2026-07-31T11:30:51.174,61.146,618,,,,0,,,,1.5009,33.50,1.5009,-2846.50,1,20.0,auto:ORBITING,-1.000,+0.678,+0.828,-0.053,1100,0,
1785511851.2735,2026-07-31T11:30:51.273,61.245,619,,,,0,,,,1.5119,32.44,1.5119,-2847.56,1,20.0,auto:ORBITING,-1.000,+0.586,+0.828,-0.094,1100,0,
1785511851.3735,2026-07-31T11:30:51.373,61.345,620,,,,0,,,,1.5227,30.70,1.5227,-2849.30,1,20.0,auto:ORBITING,-1.000,+0.480,+0.825,-0.140,1100,0,
1785511851.4721,2026-07-31T11:30:51.472,61.444,621,,,,0,,,,1.5272,30.11,1.5272,-2849.89,1,20.0,auto:ORBITING,-1.000,+0.420,+0.818,-0.166,1100,0,
1785511851.5710,2026-07-31T11:30:51.570,61.543,622,,,,0,,,,1.5224,29.42,1.5224,-2850.58,1,20.0,auto:ORBITING,-1.000,+0.324,+0.821,-0.208,1100,0,
1785511851.6705,2026-07-31T11:30:51.670,61.642,623,,,,0,,,,1.5160,29.43,1.5160,-2850.57,1,20.0,auto:ORBITING,-1.000,+0.288,+0.821,-0.224,1100,0,
1785511851.7689,2026-07-31T11:30:51.768,61.741,624,,,,0,,,,1.5091,29.81,1.5091,-2850.19,1,20.0,auto:ORBITING,-0.907,+0.268,+0.828,-0.233,1100,0,
1785511851.8688,2026-07-31T11:30:51.868,61.840,625,,,,0,,,,1.4901,31.19,1.4901,-2848.81,1,20.0,auto:ORBITING,-0.507,+0.288,-0.600,-0.224,1100,0,
1785511851.9696,2026-07-31T11:30:51.969,61.941,626,,,,0,,,,1.4790,32.21,1.4790,-2847.79,1,20.0,auto:ORBITING,-0.065,+0.358,-0.600,-0.193,1100,0,
1785511852.0695,2026-07-31T11:30:52.069,62.041,627,,,,0,,,,1.4624,34.52,1.4624,-2845.48,1,20.0,auto:ORBITING,+0.478,+0.488,-0.600,-0.137,1100,0,
1785511852.1682,2026-07-31T11:30:52.168,62.140,628,,,,0,,,,1.4527,36.98,1.4527,-2843.02,1,20.0,auto:ORBITING,+0.607,+0.600,-0.600,-0.088,1100,0,
1785511852.2674,2026-07-31T11:30:52.267,62.239,629,,,,0,,,,1.4543,38.14,1.4543,-2841.86,1,20.0,auto:ORBITING,+0.607,+0.600,-0.600,-0.088,1100,0,
1785511852.3665,2026-07-31T11:30:52.366,62.338,630,,,,0,,,,1.4382,39.94,1.4382,-2840.06,1,20.0,auto:ORBITING,+0.607,+0.600,-0.600,-0.088,1100,0,
1785511852.4639,2026-07-31T11:30:52.463,62.435,631,,,,0,,,,1.4424,40.71,1.4424,-2839.29,1,20.0,auto:ORBITING,+0.607,+0.600,-0.600,-0.088,1100,0,
1785511852.5646,2026-07-31T11:30:52.564,62.536,632,,,,0,,,,1.4641,42.04,1.4641,-2837.96,1,20.0,auto:ORBITING,+0.607,+0.600,-0.600,-0.088,1100,0,
1785511852.6630,2026-07-31T11:30:52.662,62.635,633,,,,0,,,,1.4826,43.18,1.4826,-2836.82,1,20.0,auto:SEARCHING,+0.000,+0.000,-0.600,-0.400,1100,0,
1785511852.7623,2026-07-31T11:30:52.762,62.734,634,,,,0,,,,1.4939,43.71,1.4939,-2836.29,1,20.0,auto:SEARCHING,+0.000,+0.000,-0.600,-0.400,1100,0,
1785511852.8617,2026-07-31T11:30:52.861,62.833,635,,,,0,,,,1.5111,44.86,1.5111,-2835.14,1,20.0,auto:ADVANCING,+1.000,+0.000,+0.828,-0.095,1100,0,
1785511852.9602,2026-07-31T11:30:52.960,62.932,636,,,,0,,,,1.5221,46.38,1.5221,-2833.62,1,20.0,auto:ORBITING,+0.264,+0.798,+0.828,+0.001,1100,0,
1785511853.0598,2026-07-31T11:30:53.059,63.031,637,,,,0,,,,1.5326,45.99,1.5326,-2834.01,1,20.0,auto:ORBITING,+0.131,+0.788,+0.828,+0.005,1100,0,
1785511853.1583,2026-07-31T11:30:53.158,63.130,638,,,,0,,,,1.5351,44.32,1.5351,-2835.68,1,20.0,auto:ORBITING,-0.043,+0.798,+0.828,-0.001,1100,0,
1785511853.2576,2026-07-31T11:30:53.257,63.229,639,,,,0,,,,1.5322,43.80,1.5322,-2836.20,1,20.0,auto:ORBITING,-0.160,+0.710,+0.814,-0.039,1100,0,
1785511853.3568,2026-07-31T11:30:53.356,63.328,640,,,,0,,,,1.5298,43.26,1.5298,-2836.74,1,20.0,auto:ORBITING,-0.085,+0.664,+0.697,-0.060,1100,0,
1785511853.4563,2026-07-31T11:30:53.456,63.428,641,,,,0,,,,1.5272,43.17,1.5272,-2836.83,1,20.0,auto:ORBITING,-0.109,+0.650,+0.693,-0.066,1100,0,
1785511853.5552,2026-07-31T11:30:53.555,63.527,642,,,,0,,,,1.5203,43.20,1.5203,-2836.80,1,20.0,auto:ORBITING,-0.043,+0.610,+0.611,-0.083,1100,0,
1785511853.6548,2026-07-31T11:30:53.654,63.626,643,,,,0,,,,1.5138,43.46,1.5138,-2836.54,1,20.0,auto:ORBITING,+0.010,+0.596,+0.611,-0.089,1100,0,
1785511853.7543,2026-07-31T11:30:53.754,63.726,644,,,,0,,,,1.5092,43.70,1.5092,-2836.30,1,20.0,auto:ORBITING,-0.010,+0.582,+0.614,-0.095,1100,0,
1785511853.8538,2026-07-31T11:30:53.853,63.825,645,,,,0,,,,1.4972,44.37,1.4972,-2835.63,1,20.0,auto:ORBITING,+0.031,+0.578,-0.600,-0.097,1100,0,
1785511853.9533,2026-07-31T11:30:53.953,63.925,646,,,,0,,,,1.4931,44.83,1.4931,-2835.17,1,20.0,auto:ORBITING,-0.010,+0.578,-0.600,-0.097,1100,0,
1785511854.0523,2026-07-31T11:30:54.052,64.024,647,,,,0,,,,1.4884,45.92,1.4884,-2834.08,1,20.0,auto:ORBITING,-0.004,+0.586,-0.600,-0.094,1100,0,
1785511854.1514,2026-07-31T11:30:54.151,64.123,648,,,,0,,,,1.4816,47.33,1.4816,-2832.67,1,20.0,auto:ORBITING,-0.012,+0.598,-0.600,-0.088,1100,0,
1785511854.2515,2026-07-31T11:30:54.251,64.223,649,,,,0,,,,1.4811,48.11,1.4811,-2831.89,1,20.0,auto:ORBITING,+0.039,+0.628,-0.600,-0.075,1100,0,
1785511854.3500,2026-07-31T11:30:54.350,64.322,650,,,,0,,,,1.4866,49.81,1.4866,-2830.19,1,20.0,auto:ORBITING,-0.070,+0.652,-0.600,-0.065,1100,0,
1785511854.4502,2026-07-31T11:30:54.450,64.422,651,,,,0,,,,1.4862,50.67,1.4862,-2829.33,1,20.0,auto:ORBITING,-0.068,+0.682,-0.600,-0.052,1100,0,
1785511854.5499,2026-07-31T11:30:54.549,64.521,652,,,,0,,,,1.4927,52.27,1.4927,-2827.73,1,20.0,auto:ORBITING,-0.010,+0.710,-0.600,-0.039,1100,0,
1785511854.6480,2026-07-31T11:30:54.648,64.620,653,,,,0,,,,1.4942,53.62,1.4942,-2826.38,1,20.0,auto:ORBITING,+0.013,+0.736,-0.600,-0.028,1100,0,
1785511854.7474,2026-07-31T11:30:54.747,64.719,654,,,,0,,,,1.5002,54.18,1.5002,-2825.82,1,20.0,auto:ORBITING,+0.031,+0.742,+0.818,-0.025,1100,0,
1785511854.8472,2026-07-31T11:30:54.847,64.819,655,,,,0,,,,1.5061,55.02,1.5061,-2824.98,1,20.0,auto:ORBITING,+0.074,+0.752,+0.828,-0.021,1100,0,
1785511854.9479,2026-07-31T11:30:54.947,64.919,656,,,,0,,,,1.5088,55.35,1.5088,-2824.65,1,20.0,auto:ORBITING,+0.079,+0.752,+0.828,-0.021,1100,0,
1785511855.0468,2026-07-31T11:30:55.046,65.018,657,,,,0,,,,1.5098,55.81,1.5098,-2824.19,1,20.0,auto:ORBITING,+0.086,+0.744,+0.828,-0.025,1100,0,
1785511855.1459,2026-07-31T11:30:55.145,65.117,658,,,,0,,,,1.5058,55.98,1.5058,-2824.02,1,20.0,auto:ORBITING,+0.065,+0.740,+0.828,-0.026,1100,0,
1785511855.2446,2026-07-31T11:30:55.244,65.216,659,,,,0,,,,1.5009,56.19,1.5009,-2823.81,1,20.0,auto:ORBITING,+0.018,+0.724,+0.811,-0.033,1100,0,
1785511855.3446,2026-07-31T11:30:55.344,65.316,660,,,,0,,,,1.4933,56.48,1.4933,-2823.52,1,20.0,auto:ORBITING,-0.064,+0.718,-0.600,-0.036,1100,0,
1785511855.4438,2026-07-31T11:30:55.443,65.415,661,,,,0,,,,1.4909,56.68,1.4909,-2823.32,1,20.0,auto:ORBITING,-0.075,+0.688,-0.600,-0.049,1100,0,
1785511855.5421,2026-07-31T11:30:55.542,65.514,662,,,,0,,,,1.4862,57.06,1.4862,-2822.94,1,20.0,auto:ORBITING,-0.050,+0.670,-0.600,-0.057,1100,0,
1785511855.6411,2026-07-31T11:30:55.641,65.613,663,,,,0,,,,1.4939,57.17,1.4939,-2822.83,1,20.0,auto:ORBITING,-0.042,+0.656,-0.600,-0.063,1100,0,
1785511855.7403,2026-07-31T11:30:55.740,65.712,664,,,,0,,,,1.4926,57.55,1.4926,-2822.45,1,20.0,auto:ORBITING,-0.042,+0.656,-0.600,-0.063,1100,0,
1785511855.8410,2026-07-31T11:30:55.841,65.813,665,,,,0,,,,1.5018,58.02,1.5018,-2821.98,1,20.0,auto:ORBITING,-0.044,+0.622,-0.600,-0.078,1100,0,
1785511855.9410,2026-07-31T11:30:55.941,65.913,666,,,,0,,,,1.4996,58.32,1.4996,-2821.68,1,20.0,auto:ORBITING,-0.044,+0.622,-0.600,-0.078,1100,0,
1785511856.0404,2026-07-31T11:30:56.040,66.012,667,,,,0,,,,1.5083,59.02,1.5083,-2820.98,1,20.0,auto:ORBITING,-0.044,+0.622,+0.745,-0.078,1100,0,
1785511856.1411,2026-07-31T11:30:56.141,66.113,668,,,,0,,,,1.5065,59.40,1.5065,-2820.60,1,20.0,auto:ORBITING,+0.092,+0.580,+0.645,-0.096,1100,0,
1785511856.2406,2026-07-31T11:30:56.240,66.212,669,,,,0,,,,1.5072,60.33,1.5072,-2819.67,1,20.0,auto:ORBITING,+0.019,+0.574,+0.683,-0.099,1100,0,
1785511856.3395,2026-07-31T11:30:56.339,66.311,670,,,,0,,,,1.4987,61.51,1.4987,-2818.49,1,20.0,auto:ORBITING,-0.019,+0.592,-0.600,-0.091,1100,0,
1785511856.4387,2026-07-31T11:30:56.438,66.410,671,,,,0,,,,1.4959,62.14,1.4959,-2817.86,1,20.0,auto:ORBITING,+0.012,+0.602,-0.600,-0.087,1100,0,
1785511856.5372,2026-07-31T11:30:56.537,66.509,672,,,,0,,,,1.4964,63.30,1.4964,-2816.70,1,20.0,auto:ORBITING,-0.003,+0.612,-0.600,-0.082,1100,0,
1785511856.6373,2026-07-31T11:30:56.637,66.609,673,,,,0,,,,1.4921,63.90,1.4921,-2816.10,1,20.0,auto:ORBITING,-0.057,+0.626,-0.600,-0.076,1100,0,
1785511856.7364,2026-07-31T11:30:56.736,66.708,674,,,,0,,,,1.4940,65.13,1.4940,-2814.87,1,20.0,auto:ORBITING,-0.039,+0.652,-0.600,-0.065,1100,0,
1785511856.8352,2026-07-31T11:30:56.835,66.807,675,,,,0,,,,1.5023,66.32,1.5023,-2813.68,1,20.0,auto:ORBITING,-0.016,+0.668,+0.645,-0.058,1100,0,
1785511856.9353,2026-07-31T11:30:56.935,66.907,676,,,,0,,,,1.5052,66.89,1.5052,-2813.11,1,20.0,auto:ORBITING,-0.042,+0.672,+0.659,-0.056,1100,0,
1785511857.0341,2026-07-31T11:30:57.034,67.006,677,,,,0,,,,1.5094,67.95,1.5094,-2812.05,1,20.0,auto:ORBITING,-0.015,+0.692,+0.662,-0.047,1100,0,
1785511857.1334,2026-07-31T11:30:57.133,67.105,678,,,,0,,,,1.5050,68.44,1.5050,-2811.56,1,20.0,auto:ORBITING,+0.011,+0.706,+0.652,-0.041,1100,0,
1785511857.2321,2026-07-31T11:30:57.232,67.204,679,,,,0,,,,1.4988,69.27,1.4988,-2810.73,1,20.0,auto:ORBITING,+0.009,+0.706,+0.666,-0.041,1100,0,
1785511857.3315,2026-07-31T11:30:57.331,67.303,680,,,,0,,,,1.4939,69.76,1.4939,-2810.24,1,20.0,auto:ORBITING,-0.009,+0.710,-0.600,-0.039,1100,0,
1785511857.4298,2026-07-31T11:30:57.429,67.401,681,,,,0,,,,1.4887,69.89,1.4887,-2810.11,1,20.0,auto:ORBITING,-0.011,+0.698,-0.600,-0.045,1100,0,
1785511857.5288,2026-07-31T11:30:57.528,67.500,682,,,,0,,,,1.4929,70.13,1.4929,-2809.87,1,20.0,auto:ORBITING,+0.012,+0.676,-0.600,-0.054,1100,0,
1785511857.6273,2026-07-31T11:30:57.627,67.599,683,,,,0,,,,1.4863,70.30,1.4863,-2809.70,1,20.0,auto:ORBITING,+0.014,+0.664,-0.600,-0.060,1100,0,
1785511857.7263,2026-07-31T11:30:57.726,67.698,684,,,,0,,,,1.5000,70.93,1.5000,-2809.07,1,20.0,auto:ORBITING,+0.007,+0.642,+0.700,-0.069,1100,0,
1785511857.8251,2026-07-31T11:30:57.825,67.797,685,,,,0,,,,1.5021,71.86,1.5021,-2808.14,1,20.0,auto:ORBITING,-0.088,+0.646,+0.756,-0.067,1100,0,
1785511857.9254,2026-07-31T11:30:57.925,67.897,686,,,,0,,,,1.5101,72.42,1.5101,-2807.58,1,20.0,auto:ORBITING,-0.105,+0.642,+0.769,-0.069,1100,0,
1785511858.0246,2026-07-31T11:30:58.024,67.996,687,,,,0,,,,1.5007,73.58,1.5007,-2806.42,1,20.0,auto:ORBITING,-0.098,+0.658,+0.759,-0.062,1100,0,
1785511858.1235,2026-07-31T11:30:58.123,68.095,688,,,,0,,,,1.5009,74.08,1.5009,-2805.92,1,20.0,auto:ORBITING,-0.035,+0.670,+0.721,-0.057,1100,0,
1785511858.2225,2026-07-31T11:30:58.222,68.194,689,,,,0,,,,1.4889,74.94,1.4889,-2805.06,1,20.0,auto:ORBITING,-0.077,+0.674,-0.600,-0.055,1100,0,
1785511858.3230,2026-07-31T11:30:58.323,68.295,690,,,,0,,,,1.4875,75.31,1.4875,-2804.69,1,20.0,auto:ORBITING,-0.077,+0.674,-0.600,-0.055,1100,0,
1785511858.4232,2026-07-31T11:30:58.423,68.395,691,,,,0,,,,1.4832,75.79,1.4832,-2804.21,1,20.0,auto:ORBITING,-0.004,+0.660,-0.600,-0.061,1100,0,
1785511858.5230,2026-07-31T11:30:58.522,68.495,692,,,,0,,,,1.4866,76.26,1.4866,-2803.74,1,20.0,auto:ORBITING,+0.036,+0.652,-0.600,-0.065,1100,0,
1785511858.6232,2026-07-31T11:30:58.623,68.595,693,,,,0,,,,1.4915,76.55,1.4915,-2803.45,1,20.0,auto:ORBITING,+0.006,+0.648,-0.600,-0.067,1100,0,
1785511858.7226,2026-07-31T11:30:58.722,68.694,694,,,,0,,,,1.5004,77.28,1.5004,-2802.72,1,20.0,auto:ORBITING,+0.079,+0.644,+0.635,-0.068,1100,0,
1785511858.8220,2026-07-31T11:30:58.822,68.794,695,,,,0,,,,1.5060,77.70,1.5060,-2802.30,1,20.0,auto:ORBITING,+0.015,+0.644,+0.662,-0.068,1100,0,
1785511858.9204,2026-07-31T11:30:58.920,68.892,696,,,,0,,,,1.5084,78.63,1.5084,-2801.37,1,20.0,auto:ORBITING,-0.013,+0.648,+0.669,-0.067,1100,0,
1785511859.0212,2026-07-31T11:30:59.021,68.993,697,,,,0,,,,1.5127,79.18,1.5127,-2800.82,1,20.0,auto:ORBITING,-0.020,+0.656,+0.659,-0.063,1100,0,
1785511859.1204,2026-07-31T11:30:59.120,69.092,698,,,,0,,,,1.5125,80.22,1.5125,-2799.78,1,20.0,auto:ORBITING,+0.028,+0.674,+0.631,-0.055,1100,0,
1785511859.2203,2026-07-31T11:30:59.220,69.192,699,,,,0,,,,1.5021,81.17,1.5021,-2798.83,1,20.0,auto:ORBITING,+0.053,+0.684,+0.614,-0.051,1100,0,
1785511859.3195,2026-07-31T11:30:59.319,69.291,700,,,,0,,,,1.5040,81.57,1.5040,-2798.43,1,20.0,auto:ORBITING,+0.055,+0.688,+0.597,-0.049,1100,0,
1785511859.4199,2026-07-31T11:30:59.419,69.392,701,,,,0,,,,1.5009,82.29,1.5009,-2797.71,1,20.0,auto:ORBITING,+0.070,+0.696,+0.576,-0.045,1100,0,
1785511859.5198,2026-07-31T11:30:59.519,69.491,702,,,,0,,,,1.4901,82.94,1.4901,-2797.06,1,20.0,auto:ORBITING,+0.090,+0.698,-0.600,-0.045,1100,0,
1785511859.6185,2026-07-31T11:30:59.618,69.590,703,,,,0,,,,1.4974,83.25,1.4974,-2796.75,1,20.0,auto:ORBITING,+0.115,+0.698,-0.600,-0.045,1100,0,
1785511859.7188,2026-07-31T11:30:59.718,69.690,704,,,,0,,,,1.4973,83.94,1.4973,-2796.06,1,20.0,auto:ORBITING,+0.122,+0.704,-0.600,-0.042,1100,0,
1785511859.8179,2026-07-31T11:30:59.817,69.789,705,,,,0,,,,1.4993,84.32,1.4993,-2795.68,1,20.0,auto:ORBITING,+0.153,+0.702,-0.600,-0.043,1100,0,
1785511859.9182,2026-07-31T11:30:59.918,69.890,706,,,,0,,,,1.5002,85.12,1.5002,-2794.88,1,20.0,auto:ORBITING,+0.168,+0.706,+0.493,-0.041,1100,0,
1785511860.0191,2026-07-31T11:31:00.019,69.991,707,,,,0,,,,1.5124,86.03,1.5124,-2793.97,1,20.0,auto:ORBITING,+0.194,+0.710,+0.497,-0.039,1100,0,
1785511860.1199,2026-07-31T11:31:00.119,70.091,708,,,,0,,,,1.5120,86.51,1.5120,-2793.49,1,20.0,auto:ORBITING,+0.219,+0.720,+0.486,-0.035,1100,0,
1785511860.2189,2026-07-31T11:31:00.218,70.190,709,,,,0,,,,1.5112,87.32,1.5112,-2792.68,1,20.0,auto:ORBITING,+0.239,+0.720,+0.459,-0.035,1100,0,
1785511860.3178,2026-07-31T11:31:00.317,70.289,710,,,,0,,,,1.5119,87.69,1.5119,-2792.31,1,20.0,auto:ORBITING,+0.271,+0.714,+0.431,-0.038,1100,0,
1785511860.4163,2026-07-31T11:31:00.416,70.388,711,,,,0,,,,1.5139,88.41,1.5139,-2791.59,1,20.0,auto:ORBITING,+0.288,+0.706,+0.404,-0.041,1100,0,
1785511860.5155,2026-07-31T11:31:00.515,70.487,712,,,,0,,,,1.5050,89.34,1.5050,-2790.66,1,20.0,auto:ORBITING,+0.279,+0.686,+0.359,-0.050,1100,0,
1785511860.6146,2026-07-31T11:31:00.614,70.586,713,,,,0,,,,1.5105,89.87,1.5105,-2790.13,1,20.0,auto:ORBITING,+0.280,+0.676,+0.321,-0.054,1100,0,
1785511860.7140,2026-07-31T11:31:00.714,70.686,714,,,,0,,,,1.5101,91.20,1.5101,-2788.80,1,20.0,auto:ORBITING,+0.264,+0.670,+0.297,-0.057,1100,0,
1785511860.8131,2026-07-31T11:31:00.813,70.785,715,,,,0,,,,1.5068,91.95,1.5068,-2788.05,1,20.0,auto:ORBITING,+0.271,+0.670,+0.255,-0.057,1100,0,
1785511860.9137,2026-07-31T11:31:00.913,70.885,716,,,,0,,,,1.5052,93.43,1.5052,-2786.57,1,20.0,auto:ORBITING,+0.248,+0.674,+0.228,-0.055,1100,0,
1785511861.0125,2026-07-31T11:31:01.012,70.984,717,,,,0,,,,1.5033,94.99,1.5033,-2785.01,1,20.0,auto:ORBITING,+0.226,+0.678,+0.204,-0.053,1100,0,
1785511861.1130,2026-07-31T11:31:01.113,71.085,718,,,,0,,,,1.4977,95.79,1.4977,-2784.21,1,20.0,auto:ORBITING,+0.201,+0.692,-0.600,-0.047,1100,0,
1785511861.2116,2026-07-31T11:31:01.211,71.183,719,,,,0,,,,1.4982,97.32,1.4982,-2782.68,1,20.0,auto:ORBITING,+0.137,+0.712,+0.183,-0.038,1100,0,
1785511861.3104,2026-07-31T11:31:01.310,71.282,720,8,0.9761,1,1,18,1785511861.2579,52.4,1.4955,97.99,1.4955,-2782.01,1,20.0,joystick,+0.000,+0.000,-0.600,+0.000,1100,1,flash_0001
1785511861.4112,2026-07-31T11:31:01.411,71.383,721,,,,0,,,,1.4914,99.09,1.4914,-2780.91,1,20.0,joystick,+0.000,+0.000,-0.600,+0.000,1100,1,
1785511861.5108,2026-07-31T11:31:01.510,71.482,722,,,,0,,,,1.4864,99.59,1.4864,-2780.41,1,20.0,joystick,+0.000,+0.000,-0.600,+0.000,1900,1,
1785511861.6100,2026-07-31T11:31:01.609,71.582,723,,,,0,,,,1.4862,99.66,1.4862,-2780.34,1,20.0,joystick,+0.000,+0.000,-0.600,+0.000,1900,1,
1785511861.7089,2026-07-31T11:31:01.708,71.680,724,,,,0,,,,1.4834,99.73,1.4834,-2780.27,1,20.0,joystick,+0.000,+0.000,-0.600,+0.000,1900,1,
1785511861.8078,2026-07-31T11:31:01.807,71.779,725,,,,0,,,,1.4821,99.73,1.4821,-2780.27,1,20.0,joystick,+0.000,+0.000,-0.600,+0.000,1100,1,
1785511861.9065,2026-07-31T11:31:01.906,71.878,726,,,,0,,,,1.4798,99.74,1.4798,-2780.26,1,20.0,joystick,+0.000,+0.000,-0.600,+0.000,1100,1,
1785511862.0061,2026-07-31T11:31:02.006,71.978,727,,,,0,,,,1.4775,99.72,1.4775,-2780.28,1,20.0,joystick,+0.000,+0.000,-0.600,+0.000,1900,1,
1785511862.1044,2026-07-31T11:31:02.104,72.076,728,,,,0,,,,1.4834,99.56,1.4834,-2780.44,1,20.0,joystick,+0.000,+0.000,-0.600,+0.000,1900,1,
1785511862.2038,2026-07-31T11:31:02.203,72.175,729,,,,0,,,,1.4863,99.35,1.4863,-2780.65,1,20.0,joystick,+0.000,+0.000,-0.600,+0.000,1900,1,
1785511862.3036,2026-07-31T11:31:02.303,72.275,730,,,,0,,,,1.4884,99.29,1.4884,-2780.71,1,20.0,joystick,+0.000,+0.000,-0.600,+0.000,1100,1,
1785511862.4026,2026-07-31T11:31:02.402,72.374,731,,,,0,,,,1.4934,99.06,1.4934,-2780.94,1,20.0,joystick,+0.000,+0.000,-0.600,+0.000,1100,1,
1785511862.5022,2026-07-31T11:31:02.502,72.474,732,,,,0,,,,1.4959,98.94,1.4959,-2781.06,1,20.0,joystick,+0.000,+0.000,-0.600,+0.000,1900,1,
1785511862.6016,2026-07-31T11:31:02.601,72.573,733,,,,0,,,,1.5081,98.65,1.5081,-2781.35,1,20.0,joystick,+0.000,+0.000,-0.600,+0.000,1900,1,
1785511862.7008,2026-07-31T11:31:02.700,72.672,734,,,,0,,,,1.5088,98.49,1.5088,-2781.51,1,20.0,joystick,+0.000,+0.000,+0.000,+0.000,1900,1,
1785511862.7994,2026-07-31T11:31:02.799,72.771,735,,,,0,,,,1.5253,98.00,1.5253,-2782.00,1,20.0,joystick,+0.000,+0.000,+0.000,+0.000,1100,1,
1785511862.8991,2026-07-31T11:31:02.899,72.871,736,,,,0,,,,1.5339,97.41,1.5339,-2782.59,1,20.0,joystick,+0.000,+0.000,+0.000,+0.000,1100,1,
1785511862.9977,2026-07-31T11:31:02.997,72.969,737,,,,0,,,,1.5327,97.09,1.5327,-2782.91,1,20.0,joystick,+0.000,+0.000,+0.000,+0.000,1100,1,
1785511863.0966,2026-07-31T11:31:03.096,73.068,738,,,,0,,,,1.5466,96.28,1.5466,-2783.72,1,20.0,joystick,+0.000,+0.000,+0.000,+0.000,1900,1,
1785511863.1962,2026-07-31T11:31:03.196,73.168,739,,,,0,,,,1.5439,95.87,1.5439,-2784.13,1,20.0,joystick,+0.000,+0.000,+0.000,+0.000,1900,1,
1785511863.2956,2026-07-31T11:31:03.295,73.267,740,,,,0,,,,1.5579,94.99,1.5579,-2785.01,1,20.0,joystick,+0.000,+0.000,+0.000,+0.000,1100,1,
1785511863.3962,2026-07-31T11:31:03.396,73.368,741,,,,0,,,,1.5704,93.86,1.5704,-2786.14,1,20.0,joystick,+0.000,+0.000,+0.000,+0.000,1100,1,
1785511863.4960,2026-07-31T11:31:03.495,73.468,742,,,,0,,,,1.5720,93.20,1.5720,-2786.80,1,20.0,joystick,+0.000,+0.000,+0.000,+0.000,1100,1,
1785511863.5948,2026-07-31T11:31:03.594,73.566,743,,,,0,,,,1.5763,91.75,1.5763,-2788.25,1,20.0,joystick,+0.000,+0.000,+0.000,+0.000,1900,1,
1785511863.6934,2026-07-31T11:31:03.693,73.665,744,,,,0,,,,1.5802,90.98,1.5802,-2789.02,1,20.0,joystick,+0.000,+0.000,+0.000,+0.000,1900,1,
1785511863.7929,2026-07-31T11:31:03.792,73.764,745,,,,0,,,,1.5802,89.32,1.5802,-2790.68,1,20.0,joystick,+0.000,+0.000,+0.000,+0.000,1100,1,
1785511863.8917,2026-07-31T11:31:03.891,73.863,746,,,,0,,,,1.5881,87.52,1.5881,-2792.48,1,20.0,joystick,+0.000,+0.000,+0.000,+0.000,1100,1,
1785511863.9906,2026-07-31T11:31:03.990,73.962,747,,,,0,,,,1.5886,86.56,1.5886,-2793.44,1,20.0,joystick,+0.000,+0.000,+0.000,+0.000,1100,1,
1785511864.0897,2026-07-31T11:31:04.089,74.061,748,,,,0,,,,1.5866,84.52,1.5866,-2795.48,1,20.0,joystick,+0.000,+0.000,+0.000,+0.000,1900,1,
1785511864.1887,2026-07-31T11:31:04.188,74.160,749,,,,0,,,,1.5883,83.48,1.5883,-2796.52,1,20.0,joystick,+0.000,+0.000,+0.000,+0.000,1900,1,
1785511864.2884,2026-07-31T11:31:04.288,74.260,750,,,,0,,,,1.5899,81.32,1.5899,-2798.68,1,20.0,joystick,+0.000,+0.000,+0.000,+0.000,1100,0,
1785511864.3879,2026-07-31T11:31:04.387,74.360,751,,,,0,,,,1.5879,79.16,1.5879,-2800.84,1,20.0,joystick,+0.000,+0.000,+0.000,+0.000,1100,0,
1785511864.4864,2026-07-31T11:31:04.486,74.458,752,,,,0,,,,1.5878,78.07,1.5878,-2801.93,1,20.0,joystick,+0.000,+0.000,+0.000,+0.000,1100,0,
1785511864.5863,2026-07-31T11:31:04.586,74.558,753,,,,0,,,,1.5831,75.87,1.5831,-2804.13,1,20.0,joystick,+0.000,+0.000,+0.000,+0.000,1100,0,
1785511864.6854,2026-07-31T11:31:04.685,74.657,754,,,,0,,,,1.5878,74.78,1.5878,-2805.22,1,20.0,joystick,+0.000,+0.000,+0.000,+0.000,1100,0,
1785511864.7851,2026-07-31T11:31:04.785,74.757,755,,,,0,,,,1.5830,72.67,1.5830,-2807.33,1,20.0,joystick,+0.000,+0.000,+0.000,+0.000,1100,0,
1785511864.8834,2026-07-31T11:31:04.883,74.855,756,,,,0,,,,1.5773,70.64,1.5773,-2809.36,1,20.0,joystick,+0.000,+0.000,+0.000,+0.000,1100,0,
1785511864.9836,2026-07-31T11:31:04.983,74.955,757,,,,0,,,,1.5797,69.63,1.5797,-2810.37,1,20.0,joystick,+0.000,+0.000,+0.000,+0.000,1100,0,
1785511865.0829,2026-07-31T11:31:05.082,75.055,758,,,,0,,,,1.5770,67.55,1.5770,-2812.45,1,20.0,joystick,+0.000,+0.000,+0.000,+0.000,1100,0,
1785511865.1823,2026-07-31T11:31:05.182,75.154,759,,,,0,,,,1.5760,66.49,1.5760,-2813.51,1,20.0,joystick,+0.000,+0.000,+0.000,+0.000,1100,0,
1785511865.2818,2026-07-31T11:31:05.281,75.253,760,,,,0,,,,1.5790,64.39,1.5790,-2815.61,1,20.0,joystick,+0.000,+0.000,+0.000,+0.000,1100,0,
1785511865.3824,2026-07-31T11:31:05.382,75.354,761,,,,0,,,,1.5738,62.21,1.5738,-2817.79,1,20.0,joystick,+0.000,+0.000,+0.000,+0.000,1100,0,
1785511865.4817,2026-07-31T11:31:05.481,75.453,762,,,,0,,,,1.5815,61.09,1.5815,-2818.91,1,20.0,joystick,+0.000,+0.000,+0.000,+0.000,1100,0,
1785511865.5813,2026-07-31T11:31:05.581,75.553,763,,,,0,,,,1.5772,58.96,1.5772,-2821.04,1,20.0,joystick,+0.000,+0.000,+0.000,+0.000,1100,0,
1785511865.6810,2026-07-31T11:31:05.680,75.653,764,,,,0,,,,1.5770,57.99,1.5770,-2822.01,1,20.0,joystick,+0.000,+0.000,+0.000,+0.000,1100,0,
1785511865.7796,2026-07-31T11:31:05.779,75.751,765,,,,0,,,,1.5735,56.26,1.5735,-2823.74,1,20.0,joystick,+0.000,+0.000,+0.000,+0.000,1100,0,
1785511865.8787,2026-07-31T11:31:05.878,75.850,766,,,,0,,,,1.5707,55.48,1.5707,-2824.52,1,20.0,joystick,+0.000,+0.000,+0.000,+0.000,1100,0,
1785511865.9780,2026-07-31T11:31:05.977,75.950,767,,,,0,,,,1.5775,53.95,1.5775,-2826.05,1,20.0,joystick,+0.000,+0.000,+0.000,+0.000,1100,0,
1785511866.0774,2026-07-31T11:31:06.077,76.049,768,,,,0,,,,1.5717,52.34,1.5717,-2827.66,1,20.0,joystick,+0.000,+0.000,+0.000,+0.000,1100,0,
1785511866.1769,2026-07-31T11:31:06.176,76.148,769,,,,0,,,,1.5630,51.59,1.5630,-2828.41,1,20.0,joystick,+0.000,+0.000,+0.000,+0.000,1100,0,
1785511866.2773,2026-07-31T11:31:06.277,76.249,770,,,,0,,,,1.5643,50.25,1.5643,-2829.75,1,20.0,joystick,+0.000,+0.000,+0.000,+0.000,1100,0,
1785511866.3768,2026-07-31T11:31:06.376,76.348,771,,,,0,,,,1.5621,49.67,1.5621,-2830.33,1,20.0,joystick,+0.000,+0.000,+0.000,+0.000,1100,0,
1785511866.4760,2026-07-31T11:31:06.476,76.448,772,,,,0,,,,1.5556,48.62,1.5556,-2831.38,1,20.0,joystick,+0.000,+0.000,+0.000,+0.000,1100,0,
1785511866.5747,2026-07-31T11:31:06.574,76.546,773,,,,0,,,,1.5527,47.65,1.5527,-2832.35,1,20.0,joystick,+0.000,+0.000,+0.000,+0.000,1100,0,
1785511866.6740,2026-07-31T11:31:06.674,76.646,774,,,,0,,,,1.5515,47.18,1.5515,-2832.82,1,20.0,joystick,+0.000,+0.000,+0.000,+0.000,1100,0,
1785511866.7736,2026-07-31T11:31:06.773,76.745,775,,,,0,,,,1.5465,46.40,1.5465,-2833.60,1,20.0,joystick,+0.000,+0.000,+0.000,+0.000,1100,0,
1785511866.8727,2026-07-31T11:31:06.872,76.844,776,,,,0,,,,1.5472,46.10,1.5472,-2833.90,1,20.0,joystick,+0.000,+0.000,+0.000,+0.000,1100,0,
1785511866.9719,2026-07-31T11:31:06.971,76.943,777,,,,0,,,,1.5431,45.70,1.5431,-2834.30,1,20.0,joystick,+0.000,+0.000,+0.000,+0.000,1100,0,
1785511867.0720,2026-07-31T11:31:07.071,77.044,778,,,,0,,,,1.5390,45.45,1.5390,-2834.55,1,20.0,joystick,+0.000,+0.000,+0.000,+0.000,1100,0,
1785511867.1714,2026-07-31T11:31:07.171,77.143,779,,,,0,,,,1.5374,45.32,1.5374,-2834.68,1,20.0,joystick,+0.000,+0.000,+0.000,+0.000,1100,0,
1785511867.2707,2026-07-31T11:31:07.270,77.242,780,,,,0,,,,1.5295,44.96,1.5295,-2835.04,1,20.0,joystick,+0.000,+0.000,+0.000,+0.000,1100,0,
1785511867.3702,2026-07-31T11:31:07.370,77.342,781,,,,0,,,,1.5281,44.73,1.5281,-2835.27,1,20.0,joystick,+0.000,+0.000,+0.000,+0.000,1100,0,
1785511867.4697,2026-07-31T11:31:07.469,77.441,782,,,,0,,,,1.5208,44.24,1.5208,-2835.76,1,20.0,joystick,+0.000,+0.000,+0.000,+0.000,1100,0,
1785511867.5704,2026-07-31T11:31:07.570,77.542,783,,,,0,,,,1.5183,43.74,1.5183,-2836.26,1,20.0,joystick,+0.000,+0.000,+0.000,+0.000,1100,0,
1785511867.6701,2026-07-31T11:31:07.670,77.642,784,,,,0,,,,1.5182,43.49,1.5182,-2836.51,1,20.0,joystick,+0.000,+0.000,+0.000,+0.000,1100,0,
1785511867.7695,2026-07-31T11:31:07.769,77.741,785,,,,0,,,,1.5104,43.07,1.5104,-2836.93,1,20.0,joystick,+0.000,+0.000,+0.000,+0.000,1100,0,
1785511867.8704,2026-07-31T11:31:07.870,77.842,786,,,,0,,,,1.5075,42.93,1.5075,-2837.07,1,20.0,joystick,+0.000,+0.000,+0.000,+0.000,1100,0,
1785511867.9697,2026-07-31T11:31:07.969,77.941,787,,,,0,,,,1.4987,42.81,1.4987,-2837.19,1,20.0,joystick,+0.000,+0.000,+0.000,+0.000,1100,0,
1785511868.0685,2026-07-31T11:31:08.068,78.040,788,,,,0,,,,1.4955,42.86,1.4955,-2837.14,1,20.0,joystick,+0.000,+0.000,-0.600,+0.000,1100,0,
1785511868.1678,2026-07-31T11:31:08.167,78.139,789,,,,0,,,,1.4882,42.91,1.4882,-2837.09,1,20.0,joystick,+0.000,+0.000,-0.600,+0.000,1100,0,
1785511868.2668,2026-07-31T11:31:08.266,78.238,790,,,,0,,,,1.4871,42.95,1.4871,-2837.05,1,20.0,joystick,+0.000,+0.000,-0.600,+0.000,1100,0,
1785511868.3663,2026-07-31T11:31:08.366,78.338,791,,,,0,,,,1.4878,42.94,1.4878,-2837.06,1,20.0,joystick,+0.000,+0.000,-0.600,+0.000,1100,0,
1785511868.4638,2026-07-31T11:31:08.463,78.435,792,,,,0,,,,1.4841,42.80,1.4841,-2837.20,1,20.0,joystick,+0.000,+0.000,-0.600,+0.000,1100,0,
1785511868.5633,2026-07-31T11:31:08.563,78.535,793,,,,0,,,,1.4905,42.69,1.4905,-2837.31,1,20.0,joystick,+0.000,+0.000,-0.600,+0.000,1100,0,
1785511868.6621,2026-07-31T11:31:08.662,78.634,794,,,,0,,,,1.4910,42.43,1.4910,-2837.57,1,20.0,joystick,+0.000,+0.000,-0.600,+0.000,1100,0,
1785511868.7613,2026-07-31T11:31:08.761,78.733,795,,,,0,,,,1.4914,42.18,1.4914,-2837.82,1,20.0,joystick,+0.000,+0.000,-0.600,+0.000,1100,0,
1785511868.8606,2026-07-31T11:31:08.860,78.832,796,,,,0,,,,1.4944,42.07,1.4944,-2837.93,1,20.0,joystick,+0.000,+0.000,-0.600,+0.000,1100,0,
1785511868.9604,2026-07-31T11:31:08.960,78.932,797,,,,0,,,,1.4999,41.83,1.4999,-2838.17,1,20.0,joystick,+0.000,+0.000,-0.600,+0.000,1100,0,
1785511869.0588,2026-07-31T11:31:09.058,79.030,798,,,,0,,,,1.5023,41.70,1.5023,-2838.30,1,20.0,joystick,+0.000,+0.000,+0.000,+0.000,1100,0,
1785511869.1592,2026-07-31T11:31:09.159,79.131,799,,,,0,,,,1.5048,41.41,1.5048,-2838.59,1,20.0,joystick,+0.000,+0.000,+0.000,+0.000,1100,0,
1785511869.2591,2026-07-31T11:31:09.259,79.231,800,,,,0,,,,1.5091,41.08,1.5091,-2838.92,1,20.0,joystick,+0.000,+0.000,+0.000,+0.000,1100,0,
1785511869.3576,2026-07-31T11:31:09.357,79.329,801,,,,0,,,,1.5148,40.89,1.5148,-2839.11,1,20.0,joystick,+0.000,+0.000,+0.000,+0.000,1100,0,
1785511869.4574,2026-07-31T11:31:09.457,79.429,802,,,,0,,,,1.5143,40.50,1.5143,-2839.50,1,20.0,joystick,+0.000,+0.000,+0.000,+0.000,1100,0,
1785511869.5568,2026-07-31T11:31:09.556,79.528,803,,,,0,,,,1.5166,40.29,1.5166,-2839.71,1,20.0,joystick,+0.000,+0.000,+0.000,+0.000,1100,0,
1785511869.6563,2026-07-31T11:31:09.656,79.628,804,,,,0,,,,1.5185,39.78,1.5185,-2840.22,1,20.0,joystick,+0.000,+0.000,+0.000,+0.000,1100,0,
1785511869.7546,2026-07-31T11:31:09.754,79.726,805,,,,0,,,,1.5159,39.51,1.5159,-2840.49,1,20.0,joystick,+0.000,+0.000,+0.000,+0.000,1100,0,
1785511869.8551,2026-07-31T11:31:09.855,79.827,806,,,,0,,,,1.5153,38.94,1.5153,-2841.06,1,20.0,joystick,+0.000,+0.000,+0.000,+0.000,1100,0,
1785511869.9548,2026-07-31T11:31:09.954,79.926,807,,,,0,,,,1.5124,38.29,1.5124,-2841.71,1,20.0,joystick,+0.000,+0.000,+0.000,+0.000,1100,0,
1785511870.0544,2026-07-31T11:31:10.054,80.026,808,,,,0,,,,1.5144,37.90,1.5144,-2842.10,1,20.0,joystick,+0.000,+0.000,+0.000,+0.000,1100,0,
1785511870.1555,2026-07-31T11:31:10.155,80.127,809,,,,0,,,,1.5119,37.00,1.5119,-2843.00,1,20.0,joystick,+0.000,+0.000,+0.000,+0.000,1100,0,
1785511870.2551,2026-07-31T11:31:10.255,80.227,810,,,,0,,,,1.5085,35.97,1.5085,-2844.03,1,20.0,joystick,+0.000,+0.000,+0.000,+0.000,1100,0,
1785511870.3544,2026-07-31T11:31:10.354,80.326,811,,,,0,,,,1.5119,35.45,1.5119,-2844.55,1,20.0,joystick,+0.000,+0.000,+0.000,+0.000,1100,0,
1785511870.4544,2026-07-31T11:31:10.454,80.426,812,,,,0,,,,1.5082,34.46,1.5082,-2845.54,1,20.0,joystick,+0.000,+0.000,+0.000,+0.000,1100,0,
1785511870.5535,2026-07-31T11:31:10.553,80.525,813,,,,0,,,,1.5074,34.02,1.5074,-2845.98,1,20.0,joystick,+0.000,+0.000,+0.000,+0.000,1100,0,
1785511870.6531,2026-07-31T11:31:10.653,80.625,814,,,,0,,,,1.5035,33.27,1.5035,-2846.73,1,20.0,joystick,+0.000,+0.000,+0.000,+0.000,1100,0,
1785511870.7525,2026-07-31T11:31:10.752,80.724,815,,,,0,,,,1.4933,32.59,1.4933,-2847.41,1,20.0,joystick,+0.000,+0.000,-0.600,+0.000,1100,0,
1785511870.8521,2026-07-31T11:31:10.852,80.824,816,,,,0,,,,1.4943,32.25,1.4943,-2847.75,1,20.0,joystick,+0.000,+0.000,-0.600,+0.000,1100,0,
1785511870.9507,2026-07-31T11:31:10.950,80.922,817,,,,0,,,,1.4891,31.54,1.4891,-2848.46,1,20.0,joystick,+0.000,+0.000,-0.600,+0.000,1100,0,
1785511871.0497,2026-07-31T11:31:11.049,81.021,818,,,,0,,,,1.4884,31.16,1.4884,-2848.84,1,20.0,joystick,+0.000,+0.000,-0.600,+0.000,1100,0,
1785511871.1486,2026-07-31T11:31:11.148,81.120,819,,,,0,,,,1.4892,30.35,1.4892,-2849.65,1,20.0,joystick,+0.000,+0.000,-0.600,+0.000,1100,0,
1785511871.2484,2026-07-31T11:31:11.248,81.220,820,,,,0,,,,1.4914,29.57,1.4914,-2850.43,1,20.0,joystick,+0.000,+0.000,-0.600,+0.000,1100,0,
1785511871.3471,2026-07-31T11:31:11.347,81.319,821,,,,0,,,,1.4961,29.25,1.4961,-2850.75,1,20.0,joystick,+0.000,+0.000,-0.600,+0.000,1100,0,
1785511871.4465,2026-07-31T11:31:11.446,81.418,822,,,,0,,,,1.4957,28.76,1.4957,-2851.24,1,20.0,joystick,+0.000,+0.000,+0.000,+0.000,1100,0,
1785511871.5468,2026-07-31T11:31:11.546,81.518,823,,,,0,,,,1.4967,28.57,1.4967,-2851.43,1,20.0,joystick,+0.000,+0.000,-0.600,+0.000,1100,0,
1785511871.6463,2026-07-31T11:31:11.646,81.618,824,,,,0,,,,1.5005,28.19,1.5005,-2851.81,1,20.0,joystick,+0.000,+0.000,-0.600,+0.000,1100,0,
1785511871.7455,2026-07-31T11:31:11.745,81.717,825,,,,0,,,,1.4989,27.91,1.4989,-2852.09,1,20.0,joystick,+0.000,+0.000,-0.600,+0.000,1100,0,
1785511871.8453,2026-07-31T11:31:11.845,81.817,826,,,,0,,,,1.4946,27.77,1.4946,-2852.23,1,20.0,joystick,+0.000,+0.000,-0.600,+0.000,1100,0,
1785511871.9437,2026-07-31T11:31:11.943,81.915,827,,,,0,,,,1.4974,27.49,1.4974,-2852.51,1,20.0,joystick,+0.000,+0.000,-0.600,+0.000,1100,0,
1785511872.0433,2026-07-31T11:31:12.043,82.015,828,,,,0,,,,1.4963,27.40,1.4963,-2852.60,1,20.0,joystick,+0.000,+0.000,-0.600,+0.000,1100,0,
1785511872.1419,2026-07-31T11:31:12.141,82.113,829,,,,0,,,,1.4971,27.24,1.4971,-2852.76,1,20.0,joystick,+0.000,+0.000,-0.600,+0.000,1100,0,
1785511872.2411,2026-07-31T11:31:12.241,82.213,830,,,,0,,,,1.5016,26.99,1.5016,-2853.01,1,20.0,joystick,+0.000,+0.000,-0.600,+0.000,1100,0,
1785511872.3406,2026-07-31T11:31:12.340,82.312,831,,,,0,,,,1.5078,26.82,1.5078,-2853.18,1,20.0,joystick,+0.000,+0.000,+0.000,+0.000,1100,0,
1785511872.4398,2026-07-31T11:31:12.439,82.411,832,,,,0,,,,1.5060,26.46,1.5060,-2853.54,1,20.0,joystick,+0.000,+0.000,+0.000,+0.000,1100,0,
1785511872.5392,2026-07-31T11:31:12.539,82.511,833,,,,0,,,,1.5068,26.27,1.5068,-2853.73,1,20.0,joystick,+0.000,+0.000,+0.000,+0.000,1100,0,
1785511872.6381,2026-07-31T11:31:12.638,82.610,834,,,,0,,,,1.5108,25.91,1.5108,-2854.09,1,20.0,joystick,+0.000,+0.000,+0.000,+0.000,1100,0,
1785511872.7374,2026-07-31T11:31:12.737,82.709,835,,,,0,,,,1.5085,25.73,1.5085,-2854.27,1,20.0,joystick,+0.000,+0.000,+0.000,+0.000,1100,0,
1785511872.8362,2026-07-31T11:31:12.836,82.808,836,,,,0,,,,1.5072,25.42,1.5072,-2854.58,1,20.0,joystick,+0.000,+0.000,+0.000,+0.000,1100,0,
1785511872.9354,2026-07-31T11:31:12.935,82.907,837,,,,0,,,,1.5097,25.11,1.5097,-2854.89,1,20.0,joystick,+0.000,+0.000,+0.000,+0.000,1100,0,
1785511873.0356,2026-07-31T11:31:13.035,83.007,838,,,,0,,,,1.5085,24.96,1.5085,-2855.04,1,20.0,joystick,+0.000,+0.000,+0.000,+0.000,1100,0,
1785511873.1355,2026-07-31T11:31:13.135,83.107,839,,,,0,,,,1.5042,24.65,1.5042,-2855.35,1,20.0,joystick,+0.000,+0.000,+0.000,+0.000,1100,0,
1785511873.2345,2026-07-31T11:31:13.234,83.206,840,,,,0,,,,1.5021,24.50,1.5021,-2855.50,1,20.0,joystick,+0.000,+0.000,+0.000,+0.000,1100,0,
1785511873.3343,2026-07-31T11:31:13.334,83.306,841,,,,0,,,,1.5008,24.21,1.5008,-2855.79,1,20.0,joystick,+0.000,+0.000,+0.000,+0.000,1100,0,
1785511873.4335,2026-07-31T11:31:13.433,83.405,842,,,,0,,,,1.5006,24.08,1.5006,-2855.92,1,20.0,joystick,+0.000,+0.000,+0.000,+0.000,1100,0,
1785511873.5341,2026-07-31T11:31:13.534,83.506,843,,,,0,,,,1.4993,23.85,1.4993,-2856.15,1,20.0,joystick,+0.000,+0.000,-0.600,+0.000,1100,0,
1785511873.6338,2026-07-31T11:31:13.633,83.605,844,,,,0,,,,1.4903,23.67,1.4903,-2856.33,1,20.0,joystick,+0.000,+0.000,-0.600,+0.000,1100,0,
1785511873.7334,2026-07-31T11:31:13.733,83.705,845,,,,0,,,,1.4892,23.65,1.4892,-2856.35,1,20.0,joystick,+0.000,+0.000,-0.600,+0.000,1100,0,
1785511873.8318,2026-07-31T11:31:13.831,83.803,846,,,,0,,,,1.4904,23.54,1.4904,-2856.46,1,20.0,joystick,+0.000,+0.000,-0.600,+0.000,1100,0,
1785511873.9307,2026-07-31T11:31:13.930,83.902,847,,,,0,,,,1.4944,23.47,1.4944,-2856.53,1,20.0,joystick,+0.000,+0.000,-0.600,+0.000,1100,0,
1785511874.0307,2026-07-31T11:31:14.030,84.002,848,,,,0,,,,1.4939,23.44,1.4939,-2856.56,1,20.0,joystick,+0.000,+0.000,-0.600,+0.000,1100,0,
1785511874.1299,2026-07-31T11:31:14.129,84.101,849,,,,0,,,,1.5020,23.38,1.5020,-2856.62,1,20.0,joystick,+0.000,+0.000,-0.600,+0.000,1100,0,
1785511874.2295,2026-07-31T11:31:14.229,84.201,850,,,,0,,,,1.5069,23.23,1.5069,-2856.77,1,20.0,joystick,+0.000,+0.000,+0.000,+0.000,1100,0,
1785511874.3292,2026-07-31T11:31:14.329,84.301,851,,,,0,,,,1.5048,22.59,1.5048,-2857.41,1,20.0,joystick,+0.000,+0.000,+0.000,+0.000,1100,0,
1785511874.4287,2026-07-31T11:31:14.428,84.400,852,,,,0,,,,1.5054,21.48,1.5054,-2858.52,1,20.0,joystick,+0.000,+0.000,+0.000,+0.000,1100,0,
1785511874.5286,2026-07-31T11:31:14.528,84.500,853,,,,0,,,,1.5040,20.81,1.5040,-2859.19,1,20.0,joystick,+0.000,+0.000,+0.000,+0.000,1100,0,
1785511874.6278,2026-07-31T11:31:14.627,84.599,854,,,,0,,,,1.4976,19.47,1.4976,-2860.53,1,20.0,joystick,+0.000,+0.000,-0.600,+0.000,1100,0,
1785511874.7276,2026-07-31T11:31:14.727,84.699,855,,,,0,,,,1.4912,18.77,1.4912,-2861.23,1,20.0,joystick,+0.000,+0.000,-0.600,+0.000,1100,0,
1785511874.8268,2026-07-31T11:31:14.826,84.798,856,,,,0,,,,1.4918,17.40,1.4918,-2862.60,1,20.0,joystick,+0.000,+0.000,-0.600,+0.000,1100,0,
1785511874.9264,2026-07-31T11:31:14.926,84.898,857,,,,0,,,,1.4870,16.11,1.4870,-2863.89,1,20.0,joystick,+0.000,+0.000,-0.600,+0.000,1100,0,
1785511875.0256,2026-07-31T11:31:15.025,84.997,858,,,,0,,,,1.4894,15.53,1.4894,-2864.47,1,20.0,joystick,+0.000,+0.000,-0.600,+0.000,1100,0,
1785511875.1254,2026-07-31T11:31:15.125,85.097,859,,,,0,,,,1.4937,14.51,1.4937,-2865.49,1,20.0,joystick,+0.000,+0.000,-0.600,+0.000,1100,0,
1785511875.2245,2026-07-31T11:31:15.224,85.196,860,,,,0,,,,1.4922,14.05,1.4922,-2865.95,1,20.0,joystick,+0.000,+0.000,-0.600,+0.000,1100,0,
1785511875.3257,2026-07-31T11:31:15.325,85.297,861,,,,0,,,,1.4993,13.20,1.4993,-2866.80,1,20.0,joystick,+0.000,+0.000,-0.600,+0.000,1100,0,
1785511875.4253,2026-07-31T11:31:15.425,85.397,862,,,,0,,,,1.5084,12.45,1.5084,-2867.55,1,20.0,joystick,+0.000,+0.000,+0.000,+0.000,1100,0,
1785511875.5248,2026-07-31T11:31:15.524,85.496,863,,,,0,,,,1.5132,12.14,1.5132,-2867.86,1,20.0,joystick,+0.000,+0.000,+0.000,+0.000,1100,0,
1785511875.6238,2026-07-31T11:31:15.623,85.595,864,,,,0,,,,1.5184,11.58,1.5184,-2868.42,1,20.0,joystick,+0.000,+0.000,+0.000,+0.000,1100,0,
1785511875.7237,2026-07-31T11:31:15.723,85.695,865,,,,0,,,,1.5188,11.34,1.5188,-2868.66,1,20.0,joystick,+0.000,+0.000,+0.000,+0.000,1100,0,
1785511875.8236,2026-07-31T11:31:15.823,85.795,866,,,,0,,,,1.5230,10.92,1.5230,-2869.08,1,20.0,joystick,+0.000,+0.000,+0.000,+0.000,1100,0,
1785511875.9234,2026-07-31T11:31:15.923,85.895,867,,,,0,,,,1.5252,10.55,1.5252,-2869.45,1,20.0,joystick,+0.000,+0.000,+0.000,+0.000,1100,0,
1785511876.0218,2026-07-31T11:31:16.021,85.993,868,,,,0,,,,1.5256,10.39,1.5256,-2869.61,1,20.0,joystick,+0.000,+0.000,+0.000,+0.000,1100,0,
1785511876.1208,2026-07-31T11:31:16.120,86.092,869,,,,0,,,,1.5240,10.08,1.5240,-2869.92,1,20.0,joystick,+0.000,+0.000,+0.000,+0.000,1100,0,
1785511876.2208,2026-07-31T11:31:16.220,86.192,870,,,,0,,,,1.5233,9.92,1.5233,-2870.08,1,20.0,joystick,+0.000,+0.000,+0.000,+0.000,1100,0,
1785511876.3209,2026-07-31T11:31:16.320,86.292,871,,,,0,,,,1.5159,9.59,1.5159,-2870.41,1,20.0,joystick,+0.000,+0.000,+0.000,+0.000,1100,0,
1785511876.4198,2026-07-31T11:31:16.419,86.391,872,,,,0,,,,1.5126,9.25,1.5126,-2870.75,1,20.0,joystick,+0.000,+0.000,+0.000,+0.000,1100,0,
1785511876.5192,2026-07-31T11:31:16.519,86.491,873,,,,0,,,,1.5126,9.08,1.5126,-2870.92,1,20.0,joystick,+0.000,+0.000,+0.000,+0.000,1100,0,
1785511876.6185,2026-07-31T11:31:16.618,86.590,874,,,,0,,,,1.5061,8.76,1.5061,-2871.24,1,20.0,joystick,+0.000,+0.000,+0.000,+0.000,1100,0,
1785511876.7183,2026-07-31T11:31:16.718,86.690,875,,,,0,,,,1.5061,8.61,1.5061,-2871.39,1,20.0,joystick,+0.000,+0.000,+0.000,+0.000,1100,0,
1785511876.8174,2026-07-31T11:31:16.817,86.789,876,,,,0,,,,1.4951,8.32,1.4951,-2871.68,1,20.0,joystick,+0.000,+0.000,+0.000,+0.000,1100,0,
1785511876.9179,2026-07-31T11:31:16.917,86.889,877,,,,0,,,,1.4901,8.05,1.4901,-2871.95,1,20.0,joystick,+0.000,+0.000,-0.600,+0.000,1100,0,
1785511877.0173,2026-07-31T11:31:17.017,86.989,878,,,,0,,,,1.4917,7.93,1.4917,-2872.07,1,20.0,joystick,+0.000,+0.000,-0.600,+0.000,1100,0,
1785511877.1164,2026-07-31T11:31:17.116,87.088,879,,,,0,,,,1.4903,7.66,1.4903,-2872.34,1,20.0,joystick,+0.000,+0.000,-0.600,+0.000,1100,0,
1785511877.2151,2026-07-31T11:31:17.215,87.187,880,,,,0,,,,1.4883,7.54,1.4883,-2872.46,1,20.0,joystick,+0.000,+0.000,-0.600,+0.000,1100,0,
1785511877.3156,2026-07-31T11:31:17.315,87.287,881,,,,0,,,,1.4898,7.27,1.4898,-2872.73,1,20.0,joystick,+0.000,+0.000,-0.600,+0.000,1100,0,
1785511877.4139,2026-07-31T11:31:17.413,87.385,882,,,,0,,,,1.4906,7.15,1.4906,-2872.85,1,20.0,joystick,+0.000,+0.000,-0.600,+0.000,1100,0,
1785511877.5132,2026-07-31T11:31:17.513,87.485,883,,,,0,,,,1.5030,6.93,1.5030,-2873.07,1,20.0,joystick,+0.000,+0.000,-0.600,+0.000,1100,0,
1785511877.6124,2026-07-31T11:31:17.612,87.584,884,,,,0,,,,1.5031,6.74,1.5031,-2873.26,1,20.0,joystick,+0.000,+0.000,+0.000,+0.000,1100,0,
1785511877.7116,2026-07-31T11:31:17.711,87.683,885,,,,0,,,,1.5060,6.65,1.5060,-2873.35,1,20.0,joystick,+0.000,+0.000,+0.000,+0.000,1100,0,
1785511877.8103,2026-07-31T11:31:17.810,87.782,886,,,,0,,,,1.5115,6.47,1.5115,-2873.53,1,20.0,joystick,+0.000,+0.000,+0.000,+0.000,1100,0,
1785511877.9097,2026-07-31T11:31:17.909,87.881,887,,,,0,,,,1.5136,6.37,1.5136,-2873.63,1,20.0,joystick,+0.000,+0.000,+0.000,+0.000,1100,0,
1785511878.0088,2026-07-31T11:31:18.008,87.980,888,,,,0,,,,1.5185,6.17,1.5185,-2873.83,1,20.0,joystick,+0.000,+0.000,+0.000,+0.000,1100,0,
1785511878.1097,2026-07-31T11:31:18.109,88.081,889,,,,0,,,,1.5166,6.07,1.5166,-2873.93,1,20.0,joystick,+0.000,+0.000,+0.000,+0.000,1100,0,
1785511878.2086,2026-07-31T11:31:18.208,88.180,890,,,,0,,,,1.5131,5.84,1.5131,-2874.16,1,20.0,joystick,+0.000,+0.000,+0.000,+0.000,1100,0,
1785511878.3071,2026-07-31T11:31:18.307,88.279,891,,,,0,,,,1.5099,5.53,1.5099,-2874.47,1,20.0,joystick,+0.000,+0.000,+0.000,+0.000,1100,0,
1785511878.4067,2026-07-31T11:31:18.406,88.378,892,,,,0,,,,1.5048,5.32,1.5048,-2874.68,1,20.0,joystick,+0.000,+0.000,+0.000,+0.000,1100,0,
1785511878.5067,2026-07-31T11:31:18.506,88.478,893,,,,0,,,,1.4905,4.87,1.4905,-2875.13,1,20.0,joystick,+0.000,+0.000,-0.600,+0.000,1100,0,
1785511878.6058,2026-07-31T11:31:18.605,88.577,894,,,,0,,,,1.4769,4.48,1.4769,-2875.52,1,20.0,joystick,+0.000,+0.000,-0.600,+0.000,1100,0,
1785511878.7049,2026-07-31T11:31:18.704,88.677,895,,,,0,,,,1.4701,4.26,1.4701,-2875.74,1,20.0,joystick,+0.000,+0.000,-0.600,+0.000,1100,0,
1785511878.8043,2026-07-31T11:31:18.804,88.776,896,,,,0,,,,1.4583,3.78,1.4583,-2876.22,1,20.0,joystick,+0.000,+0.000,-0.600,+0.000,1100,0,
1785511878.9035,2026-07-31T11:31:18.903,88.875,897,,,,0,,,,1.4526,3.50,1.4526,-2876.50,1,20.0,joystick,+0.000,+0.000,-0.600,+0.000,1100,0,
1785511879.0028,2026-07-31T11:31:19.002,88.974,898,,,,0,,,,1.4526,2.91,1.4526,-2877.09,1,20.0,joystick,+0.000,+0.000,-0.600,+0.000,1100,0,
1785511879.1025,2026-07-31T11:31:19.102,89.074,899,,,,0,,,,1.4493,2.22,1.4493,-2877.78,1,20.0,joystick,+0.000,+0.000,-0.600,+0.000,1100,0,
1785511879.2015,2026-07-31T11:31:19.201,89.173,900,,,,0,,,,1.4449,1.85,1.4449,-2878.15,1,20.0,joystick,+0.000,+0.000,-0.600,+0.000,1100,0,
1785511879.2999,2026-07-31T11:31:19.299,89.272,901,,,,0,,,,1.4458,1.17,1.4458,-2878.83,1,20.0,joystick,+0.000,+0.000,-0.600,+0.000,1100,0,
1785511879.4007,2026-07-31T11:31:19.400,89.372,902,,,,0,,,,1.4425,0.86,1.4425,-2879.14,1,20.0,joystick,+0.000,+0.000,-0.600,+0.000,1100,0,
1785511879.5018,2026-07-31T11:31:19.501,89.473,903,,,,0,,,,1.4440,0.31,1.4440,-2879.69,1,20.0,joystick,+0.000,+0.000,-0.600,+0.000,1100,0,
1785511879.6017,2026-07-31T11:31:19.601,89.573,904,,,,0,,,,1.4359,-0.14,1.4359,-2880.14,1,20.0,joystick,+0.000,+0.000,-0.600,+0.000,1100,0,
1785511879.7007,2026-07-31T11:31:19.700,89.672,905,,,,0,,,,1.4398,-0.36,1.4398,-2880.36,1,20.0,joystick,+0.000,+0.000,-0.600,+0.000,1100,0,
1785511879.8018,2026-07-31T11:31:19.801,89.773,906,,,,0,,,,1.4432,-0.79,1.4432,-2880.79,1,20.0,joystick,+0.000,+0.000,-0.600,+0.000,1100,0,
1785511879.9037,2026-07-31T11:31:19.903,89.875,907,,,,0,,,,1.4473,-0.99,1.4473,-2880.99,1,20.0,joystick,+0.000,+0.000,-0.600,+0.000,1100,0,
1785511880.0038,2026-07-31T11:31:20.003,89.975,908,,,,0,,,,1.4505,-1.39,1.4505,-2881.39,1,20.0,joystick,+0.000,+0.000,-0.600,+0.000,1100,0,
1785511880.1032,2026-07-31T11:31:20.103,90.075,909,,,,0,,,,1.4602,-1.65,1.4602,-2881.65,1,20.0,joystick,+0.000,+0.000,-0.600,+0.000,1100,0,
1785511880.2023,2026-07-31T11:31:20.202,90.174,910,,,,0,,,,1.4621,-1.71,1.4621,-2881.71,1,20.0,joystick,+0.000,+0.000,-0.600,+0.000,1100,0,
1785511880.3016,2026-07-31T11:31:20.301,90.273,911,,,,0,,,,1.4571,-1.74,1.4571,-2881.74,1,20.0,joystick,+0.000,+0.000,-0.600,+0.000,1100,0,
1785511880.4002,2026-07-31T11:31:20.400,90.372,912,,,,0,,,,1.4571,-1.71,1.4571,-2881.71,1,20.0,joystick,+0.000,+0.000,-0.600,+0.000,1100,0,
1785511880.4981,2026-07-31T11:31:20.498,90.470,913,,,,0,,,,1.4489,-1.63,1.4489,-2881.63,1,20.0,joystick,+0.000,+0.000,-0.600,+0.000,1100,0,
1785511880.5975,2026-07-31T11:31:20.597,90.569,914,,,,0,,,,1.4521,-1.59,1.4521,-2881.59,1,20.0,joystick,+0.000,+0.000,-0.600,+0.000,1100,0,
1785511880.6986,2026-07-31T11:31:20.698,90.670,915,,,,0,,,,1.4448,-1.48,1.4448,-2881.48,1,20.0,joystick,+0.000,+0.000,-0.600,+0.000,1100,0,
1785511880.7987,2026-07-31T11:31:20.798,90.770,916,,,,0,,,,1.4384,-1.38,1.4384,-2881.38,1,20.0,joystick,+0.000,+0.000,-0.600,+0.000,1100,0,
1785511880.8978,2026-07-31T11:31:20.897,90.869,917,,,,0,,,,1.4363,-1.36,1.4363,-2881.36,1,20.0,joystick,+0.000,+0.000,-0.600,+0.000,1100,0,
1785511880.9972,2026-07-31T11:31:20.997,90.969,918,,,,0,,,,1.4296,-1.39,1.4296,-2881.39,1,20.0,joystick,+0.000,+0.000,-0.600,+0.000,1100,0,
1785511881.0966,2026-07-31T11:31:21.096,91.068,919,,,,0,,,,1.4305,-1.42,1.4305,-2881.42,1,20.0,joystick,+0.000,+0.000,-0.600,+0.000,1100,0,
1785511881.1956,2026-07-31T11:31:21.195,91.167,920,,,,0,,,,1.4249,-1.51,1.4249,-2881.51,1,20.0,joystick,+0.000,+0.000,-0.600,+0.000,1100,0,
1785511881.2958,2026-07-31T11:31:21.295,91.267,921,,,,0,,,,1.4263,-1.55,1.4263,-2881.55,1,20.0,joystick,+0.000,+0.000,-0.600,+0.000,1100,0,
1785511881.3961,2026-07-31T11:31:21.396,91.368,922,,,,0,,,,1.4205,-1.68,1.4205,-2881.68,1,20.0,joystick,+0.000,+0.000,-0.600,+0.000,1100,0,
1785511881.4951,2026-07-31T11:31:21.495,91.467,923,,,,0,,,,1.4226,-1.80,1.4226,-2881.80,1,20.0,joystick,+0.000,+0.000,-0.600,+0.000,1100,0,
1785511881.5943,2026-07-31T11:31:21.594,91.566,924,,,,0,,,,1.4305,-1.88,1.4305,-2881.88,1,20.0,joystick,+0.000,+0.000,-0.600,+0.000,1100,0,
1785511881.6935,2026-07-31T11:31:21.693,91.665,925,,,,0,,,,1.4271,-2.09,1.4271,-2882.09,1,20.0,joystick,+0.000,+0.000,-0.600,+0.000,1100,0,
1785511881.7920,2026-07-31T11:31:21.792,91.764,926,,,,0,,,,1.4316,-2.17,1.4316,-2882.17,1,20.0,joystick,+0.000,+0.000,-0.600,+0.000,1100,0,
1785511881.8918,2026-07-31T11:31:21.891,91.863,927,,,,0,,,,1.4286,-2.30,1.4286,-2882.30,1,20.0,joystick,+0.000,+0.000,-0.600,+0.000,1100,0,
1785511881.9912,2026-07-31T11:31:21.991,91.963,928,,,,0,,,,1.4263,-2.39,1.4263,-2882.39,1,20.0,joystick,+0.000,+0.000,-0.600,+0.000,1100,0,
1785511882.0912,2026-07-31T11:31:22.091,92.063,929,,,,0,,,,1.4224,-2.42,1.4224,-2882.42,1,20.0,joystick,+0.000,+0.000,-0.600,+0.000,1100,0,
1785511882.1918,2026-07-31T11:31:22.191,92.163,930,,,,0,,,,1.4228,-2.49,1.4228,-2882.49,1,20.0,joystick,+0.000,+0.000,-0.600,+0.000,1100,0,
1785511882.2903,2026-07-31T11:31:22.290,92.262,931,,,,0,,,,1.4186,-2.58,1.4186,-2882.58,1,20.0,joystick,+0.000,+0.000,-0.600,+0.000,1100,0,
1785511882.3892,2026-07-31T11:31:22.389,92.361,932,,,,0,,,,1.4122,-2.65,1.4122,-2882.65,1,20.0,joystick,+0.000,+0.000,-0.600,+0.000,1100,0,
1785511882.4884,2026-07-31T11:31:22.488,92.460,933,,,,0,,,,1.4010,-2.74,1.4010,-2882.74,1,20.0,joystick,+0.000,+0.000,-0.600,+0.000,1100,0,
1785511882.5878,2026-07-31T11:31:22.587,92.559,934,,,,0,,,,1.3983,-2.80,1.3983,-2882.80,1,20.0,joystick,+0.000,+0.000,-0.600,+0.000,1100,0,
1785511882.6867,2026-07-31T11:31:22.686,92.658,935,,,,0,,,,1.3862,-2.93,1.3862,-2882.93,1,20.0,joystick,+0.000,+0.000,-0.600,+0.000,1100,0,
