t_epoch,iso_time,t_elapsed_s,seq,tag_id,tag_distance_m,tag_under_1m,tag_count,det_seq,det_t_epoch,det_age_ms,depth_m,yaw_deg,depth_raw_m,yaw_raw_deg,sensors_ok,throttle_pct,mode,surge_cmd,strafe_cmd,heave_cmd,yaw_cmd,light_pwm,led_flashing,flash_frame
1785505800.6228,2026-07-31T09:50:00.622,0.043,1,,,,0,,,,,,,,0,30.0,idle,+0.000,+0.000,+0.000,+0.000,1100,0,
1785505800.7235,2026-07-31T09:50:00.723,0.144,2,,,,0,,,,-0.0491,-79.29,-0.0491,-79.29,1,30.0,idle,+0.000,+0.000,+0.000,+0.000,1100,0,
1785505800.8224,2026-07-31T09:50:00.822,0.243,3,,,,0,,,,-0.0470,-79.41,-0.0470,-79.41,1,30.0,idle,+0.000,+0.000,+0.000,+0.000,1100,0,
1785505800.9216,2026-07-31T09:50:00.921,0.342,4,,,,0,,,,-0.0474,-79.46,-0.0474,-79.46,1,30.0,idle,+0.000,+0.000,+0.000,+0.000,1100,0,
1785505801.0205,2026-07-31T09:50:01.020,0.441,5,,,,0,,,,-0.0459,-79.60,-0.0459,-79.60,1,30.0,idle,+0.000,+0.000,+0.000,+0.000,1100,0,
1785505801.1197,2026-07-31T09:50:01.119,0.540,6,,,,0,,,,-0.0494,-79.73,-0.0494,-79.73,1,30.0,idle,+0.000,+0.000,+0.000,+0.000,1100,0,
1785505801.2188,2026-07-31T09:50:01.218,0.639,7,,,,0,,,,-0.0506,-79.80,-0.0506,-79.80,1,30.0,idle,+0.000,+0.000,+0.000,+0.000,1100,0,
1785505801.3176,2026-07-31T09:50:01.317,0.738,8,,,,0,,,,-0.0484,-79.90,-0.0484,-79.90,1,30.0,idle,+0.000,+0.000,+0.000,+0.000,1100,0,
1785505801.4178,2026-07-31T09:50:01.417,0.838,9,,,,0,,,,-0.0496,-79.95,-0.0496,-79.95,1,30.0,idle,+0.000,+0.000,+0.000,+0.000,1100,0,
1785505801.5167,2026-07-31T09:50:01.516,0.937,10,,,,0,,,,-0.0521,-80.04,-0.0521,-80.04,1,30.0,idle,+0.000,+0.000,+0.000,+0.000,1100,0,
1785505801.6161,2026-07-31T09:50:01.616,1.037,11,,,,0,,,,-0.0450,-80.15,-0.0450,-80.15,1,30.0,idle,+0.000,+0.000,+0.000,+0.000,1100,0,
1785505801.7145,2026-07-31T09:50:01.714,1.135,12,,,,0,,,,-0.0467,-80.22,-0.0467,-80.22,1,30.0,idle,+0.000,+0.000,+0.000,+0.000,1100,0,
1785505801.8139,2026-07-31T09:50:01.813,1.235,13,,,,0,,,,-0.0453,-80.32,-0.0453,-80.32,1,30.0,idle,+0.000,+0.000,+0.000,+0.000,1100,0,
1785505801.9123,2026-07-31T09:50:01.912,1.333,14,,,,0,,,,-0.0508,-80.38,-0.0508,-80.38,1,30.0,idle,+0.000,+0.000,+0.000,+0.000,1100,0,
1785505802.0120,2026-07-31T09:50:02.012,1.433,15,,,,0,,,,-0.0496,-80.48,-0.0496,-80.48,1,30.0,idle,+0.000,+0.000,+0.000,+0.000,1100,0,
1785505802.1103,2026-07-31T09:50:02.110,1.531,16,,,,0,,,,-0.0521,-80.57,-0.0521,-80.57,1,30.0,idle,+0.000,+0.000,+0.000,+0.000,1100,0,
1785505802.2094,2026-07-31T09:50:02.209,1.630,17,,,,0,,,,-0.0477,-80.62,-0.0477,-80.62,1,30.0,idle,+0.000,+0.000,+0.000,+0.000,1100,0,
1785505802.3093,2026-07-31T09:50:02.309,1.730,18,,,,0,,,,-0.0497,-80.73,-0.0497,-80.73,1,30.0,joystick,+0.000,+0.000,-0.400,+0.000,1100,0,
1785505802.4084,2026-07-31T09:50:02.408,1.829,19,,,,0,,,,-0.0491,-80.78,-0.0491,-80.78,1,30.0,joystick,+0.000,+0.000,-0.400,+0.000,1100,0,
1785505802.5088,2026-07-31T09:50:02.508,1.929,20,,,,0,,,,-0.0484,-80.87,-0.0484,-80.87,1,30.0,joystick,+0.000,+0.000,-0.400,+0.000,1100,0,
1785505802.6090,2026-07-31T09:50:02.609,2.030,21,,,,0,,,,-0.0485,-80.96,-0.0485,-80.96,1,30.0,joystick,+0.000,+0.000,-0.400,+0.000,1100,0,
1785505802.7081,2026-07-31T09:50:02.708,2.129,22,,,,0,,,,-0.0456,-81.02,-0.0456,-81.02,1,30.0,joystick,+0.000,+0.000,-0.400,+0.000,1100,0,
1785505802.8071,2026-07-31T09:50:02.807,2.228,23,,,,0,,,,-0.0429,-81.15,-0.0429,-81.15,1,30.0,joystick,+0.000,+0.000,-0.400,+0.000,1100,0,
1785505802.9061,2026-07-31T09:50:02.906,2.327,24,,,,0,,,,-0.0383,-81.23,-0.0383,-81.23,1,30.0,joystick,+0.000,+0.000,-0.400,+0.000,1100,0,
1785505803.0053,2026-07-31T09:50:03.005,2.426,25,,,,0,,,,-0.0398,-81.44,-0.0398,-81.44,1,30.0,joystick,+0.000,+0.000,-0.400,+0.000,1100,0,
1785505803.1052,2026-07-31T09:50:03.105,2.526,26,,,,0,,,,-0.0309,-81.55,-0.0309,-81.55,1,30.0,joystick,+0.000,+0.000,-0.400,+0.000,1100,0,
1785505803.2034,2026-07-31T09:50:03.203,2.624,27,,,,0,,,,-0.0311,-81.78,-0.0311,-81.78,1,30.0,joystick,+0.000,+0.000,-0.400,+0.000,1100,0,
1785505803.3028,2026-07-31T09:50:03.302,2.723,28,,,,0,,,,-0.0244,-81.99,-0.0244,-81.99,1,30.0,joystick,+0.000,+0.000,-0.400,+0.000,1100,0,
1785505803.4019,2026-07-31T09:50:03.401,2.823,29,,,,0,,,,-0.0177,-82.10,-0.0177,-82.10,1,30.0,joystick,+0.000,+0.000,-0.400,+0.000,1100,0,
1785505803.5014,2026-07-31T09:50:03.501,2.922,30,,,,0,,,,-0.0186,-82.32,-0.0186,-82.32,1,30.0,joystick,+0.000,+0.000,-0.400,+0.000,1100,0,
1785505803.6012,2026-07-31T09:50:03.601,3.022,31,,,,0,,,,-0.0191,-82.42,-0.0191,-82.42,1,30.0,joystick,+0.000,+0.000,-0.400,+0.000,1100,0,
1785505803.7002,2026-07-31T09:50:03.700,3.121,32,,,,0,,,,-0.0149,-82.59,-0.0149,-82.59,1,30.0,joystick,+0.000,+0.000,-0.400,+0.000,1100,0,
1785505803.7992,2026-07-31T09:50:03.799,3.220,33,,,,0,,,,-0.0082,-82.66,-0.0082,-82.66,1,30.0,joystick,+0.000,+0.000,-0.400,+0.000,1100,0,
1785505803.8993,2026-07-31T09:50:03.899,3.320,34,,,,0,,,,-0.0119,-82.80,-0.0119,-82.80,1,30.0,joystick,+0.000,+0.000,-0.400,+0.000,1100,0,
1785505803.9988,2026-07-31T09:50:03.998,3.419,35,,,,0,,,,-0.0049,-82.92,-0.0049,-82.92,1,30.0,joystick,+0.000,+0.000,-0.400,+0.000,1100,0,
1785505804.0977,2026-07-31T09:50:04.097,3.518,36,,,,0,,,,-0.0068,-82.97,-0.0068,-82.97,1,30.0,joystick,+0.000,+0.000,-0.400,+0.000,1100,0,
1785505804.1967,2026-07-31T09:50:04.196,3.617,37,,,,0,,,,-0.0015,-83.04,-0.0015,-83.04,1,30.0,joystick,+0.000,+0.000,-0.400,+0.000,1100,0,
1785505804.2975,2026-07-31T09:50:04.297,3.718,38,,,,0,,,,-0.0046,-83.08,-0.0046,-83.08,1,30.0,joystick,+0.000,+0.000,-0.400,+0.000,1100,0,
1785505804.3976,2026-07-31T09:50:04.397,3.818,39,,,,0,,,,-0.0013,-83.14,-0.0013,-83.14,1,30.0,joystick,+0.000,+0.000,-0.400,+0.000,1100,0,
1785505804.4977,2026-07-31T09:50:04.497,3.918,40,,,,0,,,,0.0016,-83.23,0.0016,-83.23,1,30.0,joystick,+0.000,+0.000,-0.400,+0.000,1100,0,
1785505804.5969,2026-07-31T09:50:04.596,4.018,41,,,,0,,,,-0.0007,-83.27,-0.0007,-83.27,1,30.0,joystick,+0.000,+0.000,-0.400,+0.000,1100,0,
1785505804.6961,2026-07-31T09:50:04.696,4.117,42,,,,0,,,,0.0010,-83.39,0.0010,-83.39,1,30.0,joystick,+0.000,+0.000,+0.000,+0.000,1100,0,
1785505804.7946,2026-07-31T09:50:04.794,4.215,43,,,,0,,,,0.0042,-83.49,0.0042,-83.49,1,30.0,joystick,+0.000,+0.000,-0.400,+0.000,1100,0,
1785505804.8942,2026-07-31T09:50:04.894,4.315,44,,,,0,,,,0.0000,-83.53,0.0000,-83.53,1,30.0,joystick,+0.000,+0.000,+0.000,+0.000,1100,0,
1785505804.9931,2026-07-31T09:50:04.993,4.414,45,,,,0,,,,0.0026,-83.63,0.0026,-83.63,1,30.0,joystick,+0.000,+0.000,+0.000,+0.000,1100,0,
1785505805.0922,2026-07-31T09:50:05.092,4.513,46,,,,0,,,,0.0040,-83.69,0.0040,-83.69,1,30.0,joystick,+0.000,+0.000,+0.000,+0.000,1100,0,
1785505805.1922,2026-07-31T09:50:05.192,4.613,47,,,,0,,,,-0.0004,-83.81,-0.0004,-83.81,1,30.0,joystick,+0.000,+0.000,+0.000,+0.000,1100,0,
1785505805.2906,2026-07-31T09:50:05.290,4.711,48,,,,0,,,,-0.0020,-83.87,-0.0020,-83.87,1,30.0,joystick,+0.000,+0.000,-0.400,+0.000,1100,0,
1785505805.3914,2026-07-31T09:50:05.391,4.812,49,,,,0,,,,0.0016,-83.99,0.0016,-83.99,1,30.0,joystick,+0.000,+0.000,+0.000,+0.000,1100,0,
1785505805.4900,2026-07-31T09:50:05.490,4.911,50,,,,0,,,,0.0018,-84.10,0.0018,-84.10,1,30.0,joystick,+0.000,+0.000,-0.400,+0.000,1100,0,
1785505805.5891,2026-07-31T09:50:05.589,5.010,51,,,,0,,,,-0.0037,-84.15,-0.0037,-84.15,1,30.0,joystick,+0.000,+0.000,-0.400,+0.000,1100,0,
1785505805.6881,2026-07-31T09:50:05.688,5.109,52,,,,0,,,,0.0067,-84.25,0.0067,-84.25,1,30.0,joystick,+0.000,+0.000,+0.000,+1.000,1100,0,
1785505805.7873,2026-07-31T09:50:05.787,5.208,53,,,,0,,,,0.0051,-84.30,0.0051,-84.30,1,30.0,joystick,+0.000,+0.000,+0.000,+1.000,1100,0,
1785505805.8863,2026-07-31T09:50:05.886,5.307,54,,,,0,,,,0.0035,-85.09,0.0035,-85.09,1,30.0,joystick,-1.000,+0.000,+0.000,+1.000,1100,0,
1785505805.9855,2026-07-31T09:50:05.985,5.406,55,,,,0,,,,0.0008,-89.61,0.0008,-89.61,1,30.0,joystick,-1.000,+0.000,+0.000,+1.000,1100,0,
1785505806.0846,2026-07-31T09:50:06.084,5.505,56,,,,0,,,,0.0060,-92.77,0.0060,-92.77,1,30.0,joystick,-1.000,+0.000,+0.000,+1.000,1100,0,
1785505806.1846,2026-07-31T09:50:06.184,5.605,57,,,,0,,,,0.0018,-99.82,0.0018,-99.82,1,30.0,joystick,-1.000,+0.000,+0.000,+1.000,1100,0,
1785505806.2841,2026-07-31T09:50:06.284,5.705,58,,,,0,,,,-0.0005,-103.65,-0.0005,-103.65,1,30.0,joystick,-1.000,+0.000,-0.400,+0.000,1100,0,
1785505806.3833,2026-07-31T09:50:06.383,5.804,59,,,,0,,,,-0.0010,-111.80,-0.0010,-111.80,1,30.0,joystick,-1.000,+0.000,+0.000,+0.000,1100,0,
1785505806.4827,2026-07-31T09:50:06.482,5.903,60,,,,0,,,,-0.0033,-120.37,-0.0033,-120.37,1,30.0,joystick,-1.000,+0.000,+0.000,+0.000,1100,0,
1785505806.5818,2026-07-31T09:50:06.581,6.002,61,,,,0,,,,-0.0065,-124.43,-0.0065,-124.43,1,30.0,joystick,-1.000,+0.000,-0.400,+0.000,1100,0,
1785505806.6808,2026-07-31T09:50:06.680,6.101,62,,,,0,,,,-0.0033,-130.37,-0.0033,-130.37,1,30.0,joystick,-1.000,+0.000,-0.400,+0.000,1100,0,
1785505806.7814,2026-07-31T09:50:06.781,6.202,63,,,,0,,,,-0.0007,-132.55,-0.0007,-132.55,1,30.0,joystick,-1.000,+0.000,-0.400,+0.000,1100,0,
1785505806.8806,2026-07-31T09:50:06.880,6.301,64,,,,0,,,,0.0057,-136.04,0.0057,-136.04,1,30.0,joystick,-1.000,+0.000,+0.000,+0.000,1100,0,
1785505806.9794,2026-07-31T09:50:06.979,6.400,65,,,,0,,,,0.0111,-138.62,0.0111,-138.62,1,30.0,joystick,-1.000,+0.000,+0.000,-1.000,1100,0,
1785505807.0780,2026-07-31T09:50:07.077,6.499,66,,,,0,,,,0.0145,-138.90,0.0145,-138.90,1,30.0,joystick,-1.000,+0.000,+0.000,-1.000,1100,0,
1785505807.1778,2026-07-31T09:50:07.177,6.598,67,,,,0,,,,0.0127,-138.09,0.0127,-138.09,1,30.0,joystick,-1.000,+0.000,+0.000,+0.000,1100,0,
1785505807.2784,2026-07-31T09:50:07.278,6.699,68,,,,0,,,,0.0160,-133.92,0.0160,-133.92,1,30.0,joystick,-1.000,+0.000,+0.000,+0.000,1100,0,
1785505807.3777,2026-07-31T09:50:07.377,6.798,69,,,,0,,,,0.0195,-129.41,0.0195,-129.41,1,30.0,joystick,-1.000,+0.000,+0.000,+0.000,1100,0,
1785505807.4776,2026-07-31T09:50:07.477,6.898,70,,,,0,,,,0.0202,-127.79,0.0202,-127.79,1,30.0,joystick,-1.000,+0.000,+0.000,+0.000,1100,0,
1785505807.5766,2026-07-31T09:50:07.576,6.997,71,,,,0,,,,0.0215,-124.90,0.0215,-124.90,1,30.0,joystick,-1.000,+0.000,+0.000,+0.000,1100,0,
1785505807.6758,2026-07-31T09:50:07.675,7.096,72,,,,0,,,,0.0299,-122.47,0.0299,-122.47,1,30.0,joystick,-1.000,+0.000,+0.000,+0.000,1100,0,
1785505807.7754,2026-07-31T09:50:07.775,7.196,73,,,,0,,,,0.0309,-121.43,0.0309,-121.43,1,30.0,joystick,-1.000,+0.000,+0.000,+0.000,1100,0,
1785505807.8746,2026-07-31T09:50:07.874,7.295,74,,,,0,,,,0.0369,-119.73,0.0369,-119.73,1,30.0,joystick,-1.000,+0.000,+0.000,+0.000,1100,0,
1785505807.9734,2026-07-31T09:50:07.973,7.394,75,,,,0,,,,0.0421,-119.02,0.0421,-119.02,1,30.0,joystick,-1.000,+0.000,+0.000,+0.000,1100,0,
1785505808.0726,2026-07-31T09:50:08.072,7.493,76,,,,0,,,,0.0442,-117.77,0.0442,-117.77,1,30.0,joystick,-1.000,+0.000,+0.000,+0.000,1100,0,
1785505808.1712,2026-07-31T09:50:08.171,7.592,77,,,,0,,,,0.0528,-116.58,0.0528,-116.58,1,30.0,joystick,-1.000,+0.000,+0.000,+0.000,1100,0,
1785505808.2706,2026-07-31T09:50:08.270,7.691,78,,,,0,,,,0.0581,-115.97,0.0581,-115.97,1,30.0,joystick,-1.000,+0.000,+0.000,+0.000,1100,0,
1785505808.3697,2026-07-31T09:50:08.369,7.790,79,,,,0,,,,0.0666,-114.75,0.0666,-114.75,1,30.0,joystick,-1.000,+0.000,+0.000,+0.000,1100,0,
1785505808.4687,2026-07-31T09:50:08.468,7.889,80,,,,0,,,,0.0710,-114.20,0.0710,-114.20,1,30.0,joystick,-1.000,+0.000,+0.000,+0.000,1100,0,
1785505808.5677,2026-07-31T09:50:08.567,7.988,81,,,,0,,,,0.0808,-113.16,0.0808,-113.16,1,30.0,joystick,-1.000,+0.000,+0.000,+0.000,1100,0,
1785505808.6677,2026-07-31T09:50:08.667,8.088,82,,,,0,,,,0.0888,-112.18,0.0888,-112.18,1,30.0,joystick,-1.000,+0.000,+0.000,+0.000,1100,0,
1785505808.7677,2026-07-31T09:50:08.767,8.188,83,,,,0,,,,0.0884,-111.67,0.0884,-111.67,1,30.0,joystick,-1.000,+0.000,+0.000,+0.000,1100,0,
1785505808.8668,2026-07-31T09:50:08.866,8.287,84,,,,0,,,,0.1018,-110.73,0.1018,-110.73,1,30.0,joystick,-1.000,+0.000,+0.000,+0.000,1100,0,
1785505808.9666,2026-07-31T09:50:08.966,8.387,85,,,,0,,,,0.1105,-110.34,0.1105,-110.34,1,30.0,joystick,-1.000,+0.000,+0.000,+0.000,1100,0,
1785505809.0653,2026-07-31T09:50:09.065,8.486,86,,,,0,,,,0.1165,-109.58,0.1165,-109.58,1,30.0,joystick,-1.000,+0.000,+0.000,+0.000,1100,0,
1785505809.1644,2026-07-31T09:50:09.164,8.585,87,,,,0,,,,0.1217,-108.84,0.1217,-108.84,1,30.0,joystick,-1.000,+0.000,+0.000,+0.000,1100,0,
1785505809.2630,2026-07-31T09:50:09.262,8.684,88,,,,0,,,,0.1207,-108.52,0.1207,-108.52,1,30.0,joystick,-1.000,+0.000,+0.000,+0.000,1100,0,
1785505809.3628,2026-07-31T09:50:09.362,8.783,89,,,,0,,,,0.1339,-107.99,0.1339,-107.99,1,30.0,joystick,-1.000,+0.000,+0.000,+0.000,1100,0,
1785505809.4628,2026-07-31T09:50:09.462,8.883,90,,,,0,,,,0.1316,-107.73,0.1316,-107.73,1,30.0,joystick,-1.000,+0.000,+0.000,+0.000,1100,0,
1785505809.5611,2026-07-31T09:50:09.561,8.982,91,,,,0,,,,0.1343,-107.24,0.1343,-107.24,1,30.0,joystick,-1.000,+0.000,+0.000,+0.000,1100,0,
1785505809.6617,2026-07-31T09:50:09.661,9.082,92,,,,0,,,,0.1359,-107.41,0.1359,-107.41,1,30.0,joystick,-1.000,+0.000,+0.000,+1.000,1100,0,
1785505809.7608,2026-07-31T09:50:09.760,9.181,93,,,,0,,,,0.1365,-108.75,0.1365,-108.75,1,30.0,joystick,-1.000,+0.000,+0.000,+1.000,1100,0,
1785505809.8600,2026-07-31T09:50:09.859,9.281,94,,,,0,,,,0.1310,-113.34,0.1310,-113.34,1,30.0,joystick,-1.000,+0.000,+0.000,+0.000,1100,0,
1785505809.9600,2026-07-31T09:50:09.959,9.381,95,,,,0,,,,0.1362,-116.32,0.1362,-116.32,1,30.0,joystick,-1.000,+0.000,+0.000,+0.000,1100,0,
1785505810.0592,2026-07-31T09:50:10.059,9.480,96,,,,0,,,,0.1368,-120.14,0.1368,-120.14,1,30.0,joystick,-1.000,+0.000,+0.000,+0.000,1100,0,
1785505810.1581,2026-07-31T09:50:10.158,9.579,97,,,,0,,,,0.1404,-122.85,0.1404,-122.85,1,30.0,joystick,-1.000,+0.000,+0.674,+0.000,1100,0,
1785505810.2576,2026-07-31T09:50:10.257,9.678,98,,,,0,,,,0.1426,-124.00,0.1426,-124.00,1,30.0,joystick,-1.000,+0.000,+0.663,+0.000,1100,0,
1785505810.3579,2026-07-31T09:50:10.357,9.779,99,,,,0,,,,0.1397,-126.02,0.1397,-126.02,1,30.0,joystick,-1.000,+0.000,+0.427,+0.000,1100,0,
1785505810.4574,2026-07-31T09:50:10.457,9.878,100,,,,0,,,,0.1391,-126.91,0.1391,-126.91,1,30.0,joystick,-1.000,+0.000,+0.431,+0.000,1100,0,
1785505810.5564,2026-07-31T09:50:10.556,9.977,101,,,,0,,,,0.1406,-128.29,0.1406,-128.29,1,30.0,joystick,-1.000,+0.000,+0.400,+0.000,1100,0,
1785505810.6560,2026-07-31T09:50:10.656,10.077,102,,,,0,,,,0.1430,-128.81,0.1430,-128.81,1,30.0,joystick,-1.000,+0.000,+0.000,+0.000,1100,0,
1785505810.7554,2026-07-31T09:50:10.755,10.176,103,,,,0,,,,0.1394,-129.66,0.1394,-129.66,1,30.0,joystick,-1.000,+0.000,+0.000,+0.000,1100,0,
1785505810.8547,2026-07-31T09:50:10.854,10.275,104,,,,0,,,,0.1413,-130.34,0.1413,-130.34,1,30.0,joystick,-1.000,+0.000,+0.000,+0.000,1100,0,
1785505810.9538,2026-07-31T09:50:10.953,10.374,105,,,,0,,,,0.1413,-130.61,0.1413,-130.61,1,30.0,joystick,-1.000,+0.000,+0.000,+0.000,1100,0,
1785505811.0531,2026-07-31T09:50:11.053,10.474,106,,,,0,,,,0.1458,-131.00,0.1458,-131.00,1,30.0,joystick,-1.000,+0.000,+0.000,+0.000,1100,0,
1785505811.1525,2026-07-31T09:50:11.152,10.573,107,,,,0,,,,0.1486,-131.25,0.1486,-131.25,1,30.0,joystick,-1.000,+0.000,+0.000,+0.000,1100,0,
1785505811.2517,2026-07-31T09:50:11.251,10.672,108,,,,0,,,,0.1556,-131.75,0.1556,-131.75,1,30.0,joystick,-1.000,+0.000,+0.000,+0.000,1100,0,
1785505811.3508,2026-07-31T09:50:11.350,10.771,109,,,,0,,,,0.1574,-132.03,0.1574,-132.03,1,30.0,joystick,-1.000,+0.000,+0.000,+0.000,1100,0,
1785505811.4502,2026-07-31T09:50:11.450,10.871,110,,,,0,,,,0.1599,-132.45,0.1599,-132.45,1,30.0,joystick,-1.000,+0.000,+0.000,+0.000,1100,0,
1785505811.5497,2026-07-31T09:50:11.549,10.970,111,,,,0,,,,0.1753,-132.57,0.1753,-132.57,1,30.0,joystick,-1.000,+0.000,+0.000,+0.000,1100,0,
1785505811.6489,2026-07-31T09:50:11.648,11.070,112,,,,0,,,,0.1749,-132.58,0.1749,-132.58,1,30.0,joystick,-1.000,+0.000,+0.000,+0.000,1100,0,
1785505811.7472,2026-07-31T09:50:11.747,11.168,113,,,,0,,,,0.1862,-132.47,0.1862,-132.47,1,30.0,joystick,-1.000,+0.000,+0.000,-1.000,1100,0,
1785505811.8466,2026-07-31T09:50:11.846,11.267,114,,,,0,,,,0.1918,-132.33,0.1918,-132.33,1,30.0,joystick,-1.000,+0.000,+0.000,-1.000,1100,0,
1785505811.9465,2026-07-31T09:50:11.946,11.367,115,,,,0,,,,0.1990,-128.99,0.1990,-128.99,1,30.0,joystick,-1.000,+0.000,+0.000,+0.000,1100,0,
1785505812.0453,2026-07-31T09:50:12.045,11.466,116,,,,0,,,,0.2058,-122.45,0.2058,-122.45,1,30.0,joystick,-1.000,+0.000,+0.000,+0.000,1100,0,
1785505812.1444,2026-07-31T09:50:12.144,11.565,117,,,,0,,,,0.2094,-120.25,0.2094,-120.25,1,30.0,joystick,-1.000,+0.000,+0.000,+0.000,1100,0,
1785505812.2433,2026-07-31T09:50:12.243,11.664,118,,,,0,,,,0.2133,-116.89,0.2133,-116.89,1,30.0,joystick,-1.000,+0.000,+0.000,+1.000,1100,0,
1785505812.3424,2026-07-31T09:50:12.342,11.763,119,,,,0,,,,0.2170,-116.12,0.2170,-116.12,1,30.0,joystick,-1.000,+0.000,+0.000,+1.000,1100,0,
1785505812.4421,2026-07-31T09:50:12.442,11.863,120,,,,0,,,,0.2242,-117.18,0.2242,-117.18,1,30.0,joystick,-1.000,+0.000,+0.000,+0.000,1100,0,
1785505812.5428,2026-07-31T09:50:12.542,11.963,121,,,,0,,,,0.2255,-120.61,0.2255,-120.61,1,30.0,joystick,-1.000,+0.000,+0.000,-1.000,1100,0,
1785505812.6421,2026-07-31T09:50:12.642,12.063,122,,,,0,,,,0.2298,-120.98,0.2298,-120.98,1,30.0,joystick,-1.000,+0.000,+0.000,+0.000,1100,0,
1785505812.7410,2026-07-31T09:50:12.740,12.162,123,,,,0,,,,0.2368,-117.53,0.2368,-117.53,1,30.0,joystick,-1.000,+0.000,+0.000,+0.000,1100,0,
1785505812.8397,2026-07-31T09:50:12.839,12.260,124,,,,0,,,,0.2395,-115.03,0.2395,-115.03,1,30.0,joystick,-1.000,+0.000,+0.000,+1.000,1100,0,
1785505812.9385,2026-07-31T09:50:12.938,12.359,125,,,,0,,,,0.2405,-113.26,0.2405,-113.26,1,30.0,joystick,-1.000,+0.000,+0.000,+1.000,1100,0,
1785505813.0379,2026-07-31T09:50:13.037,12.459,126,,,,0,,,,0.2414,-115.38,0.2414,-115.38,1,30.0,joystick,-1.000,+0.000,+0.000,-1.000,1100,0,
1785505813.1371,2026-07-31T09:50:13.137,12.558,127,,,,0,,,,0.2345,-116.37,0.2345,-116.37,1,30.0,joystick,-1.000,+0.000,+0.000,+0.000,1100,0,
1785505813.2361,2026-07-31T09:50:13.236,12.657,128,,,,0,,,,0.2395,-112.94,0.2395,-112.94,1,30.0,joystick,-1.000,+0.000,+0.000,+1.000,1100,0,
1785505813.3344,2026-07-31T09:50:13.334,12.755,129,,,,0,,,,0.2461,-112.12,0.2461,-112.12,1,30.0,joystick,-1.000,+0.000,+0.000,+0.000,1100,0,
1785505813.4333,2026-07-31T09:50:13.433,12.854,130,,,,0,,,,0.2484,-114.67,0.2484,-114.67,1,30.0,joystick,-1.000,+0.000,+0.000,+0.000,1100,0,
1785505813.5338,2026-07-31T09:50:13.533,12.954,131,,,,0,,,,0.2538,-119.43,0.2538,-119.43,1,30.0,joystick,-1.000,+0.000,+0.000,+0.000,1100,0,
1785505813.6327,2026-07-31T09:50:13.632,13.053,132,,,,0,,,,0.2589,-120.81,0.2589,-120.81,1,30.0,joystick,-1.000,+0.000,+0.000,+0.000,1100,0,
1785505813.7321,2026-07-31T09:50:13.732,13.153,133,,,,0,,,,0.2633,-122.80,0.2633,-122.80,1,30.0,joystick,-1.000,+0.000,+0.000,+0.000,1100,0,
1785505813.8306,2026-07-31T09:50:13.830,13.251,134,,,,0,,,,0.2615,-123.68,0.2615,-123.68,1,30.0,joystick,-1.000,+0.000,+0.000,+0.000,1100,0,
1785505813.9295,2026-07-31T09:50:13.929,13.350,135,,,,0,,,,0.2668,-125.40,0.2668,-125.40,1,30.0,joystick,-1.000,+0.000,+0.000,+0.000,1100,0,
1785505814.0286,2026-07-31T09:50:14.028,13.449,136,,,,0,,,,0.2746,-126.72,0.2746,-126.72,1,30.0,joystick,-1.000,+0.000,+0.000,-1.000,1100,0,
1785505814.1275,2026-07-31T09:50:14.127,13.548,137,,,,0,,,,0.2731,-126.09,0.2731,-126.09,1,30.0,joystick,-1.000,+0.000,+0.000,+0.000,1100,0,
1785505814.2268,2026-07-31T09:50:14.226,13.647,138,,,,0,,,,0.2725,-120.84,0.2725,-120.84,1,30.0,joystick,-1.000,+0.000,+0.000,+0.000,1100,0,
1785505814.3257,2026-07-31T09:50:14.325,13.746,139,,,,0,,,,0.2827,-118.12,0.2827,-118.12,1,30.0,joystick,-1.000,+0.000,+0.000,+0.000,1100,0,
1785505814.4245,2026-07-31T09:50:14.424,13.845,140,,,,0,,,,0.2824,-114.89,0.2824,-114.89,1,30.0,joystick,-1.000,+0.000,+0.000,+0.000,1100,0,
1785505814.5241,2026-07-31T09:50:14.524,13.945,141,,,,0,,,,0.2906,-113.66,0.2906,-113.66,1,30.0,joystick,-1.000,+0.000,+0.000,+1.000,1100,0,
1785505814.6233,2026-07-31T09:50:14.623,14.044,142,,,,0,,,,0.2982,-113.86,0.2982,-113.86,1,30.0,joystick,-1.000,+0.000,+0.000,+0.000,1100,0,
1785505814.7222,2026-07-31T09:50:14.722,14.143,143,,,,0,,,,0.3023,-118.05,0.3023,-118.05,1,30.0,joystick,-1.000,+0.000,+0.000,+0.000,1100,0,
1785505814.8212,2026-07-31T09:50:14.821,14.242,144,,,,0,,,,0.3087,-120.31,0.3087,-120.31,1,30.0,joystick,-1.000,+0.000,+0.000,+0.000,1100,0,
1785505814.9210,2026-07-31T09:50:14.921,14.342,145,,,,0,,,,0.3230,-122.73,0.3230,-122.73,1,30.0,joystick,-1.000,+0.000,+0.000,-1.000,1100,0,
1785505815.0202,2026-07-31T09:50:15.020,14.441,146,,,,0,,,,0.3214,-122.87,0.3214,-122.87,1,30.0,joystick,-1.000,+0.000,+0.000,+0.000,1100,0,
1785505815.1194,2026-07-31T09:50:15.119,14.540,147,,,,0,,,,0.3234,-119.37,0.3234,-119.37,1,30.0,joystick,-1.000,+0.000,+0.000,+0.000,1100,0,
1785505815.2197,2026-07-31T09:50:15.219,14.640,148,,,,0,,,,0.3260,-116.51,0.3260,-116.51,1,30.0,joystick,-1.000,+0.000,+0.000,+0.000,1100,0,
1785505815.3188,2026-07-31T09:50:15.318,14.739,149,,,,0,,,,0.3413,-113.44,0.3413,-113.44,1,30.0,joystick,-1.000,+0.000,+0.000,+0.000,1100,0,
1785505815.4184,2026-07-31T09:50:15.418,14.839,150,,,,0,,,,0.3553,-111.48,0.3553,-111.48,1,30.0,joystick,-1.000,+0.000,+0.000,+0.000,1100,0,
1785505815.5175,2026-07-31T09:50:15.517,14.938,151,,,,0,,,,0.3549,-110.64,0.3549,-110.64,1,30.0,joystick,-1.000,+0.000,+0.000,+1.000,1100,0,
1785505815.6167,2026-07-31T09:50:15.616,15.037,152,,,,0,,,,0.3668,-111.61,0.3668,-111.61,1,30.0,joystick,-1.000,+0.000,+0.000,+0.000,1100,0,
1785505815.7158,2026-07-31T09:50:15.715,15.136,153,,,,0,,,,0.3647,-113.22,0.3647,-113.22,1,30.0,joystick,-1.000,+0.000,+0.000,+0.000,1100,0,
1785505815.8161,2026-07-31T09:50:15.816,15.237,154,,,,0,,,,0.3692,-118.48,0.3692,-118.48,1,30.0,joystick,-1.000,+0.000,+0.000,+0.000,1100,0,
1785505815.9155,2026-07-31T09:50:15.915,15.336,155,,,,0,,,,0.3847,-121.30,0.3847,-121.30,1,30.0,joystick,-1.000,+0.000,+0.000,+0.000,1100,0,
1785505816.0150,2026-07-31T09:50:16.014,15.436,156,,,,0,,,,0.3867,-122.36,0.3867,-122.36,1,30.0,joystick,-1.000,+0.000,+0.000,+0.000,1100,0,
1785505816.1140,2026-07-31T09:50:16.114,15.535,157,,,,0,,,,0.3968,-124.27,0.3968,-124.27,1,30.0,joystick,-1.000,+0.000,+0.000,+0.000,1100,0,
1785505816.2136,2026-07-31T09:50:16.213,15.634,158,,,,0,,,,0.4033,-125.84,0.4033,-125.84,1,30.0,joystick,-1.000,+0.000,+0.000,+0.000,1100,0,
1785505816.3143,2026-07-31T09:50:16.314,15.735,159,,,,0,,,,0.4105,-126.49,0.4105,-126.49,1,30.0,joystick,-1.000,+0.000,+0.000,+0.000,1100,0,
1785505816.4128,2026-07-31T09:50:16.412,15.833,160,,,,0,,,,0.4248,-127.55,0.4248,-127.55,1,30.0,joystick,-1.000,+0.000,+0.000,+0.000,1100,0,
1785505816.5121,2026-07-31T09:50:16.512,15.933,161,,,,0,,,,0.4236,-128.05,0.4236,-128.05,1,30.0,joystick,-1.000,+0.000,+0.000,+0.000,1100,0,
1785505816.6113,2026-07-31T09:50:16.611,16.032,162,,,,0,,,,0.4337,-128.89,0.4337,-128.89,1,30.0,joystick,-1.000,+0.000,+0.000,+0.000,1100,0,
1785505816.7101,2026-07-31T09:50:16.710,16.131,163,,,,0,,,,0.4447,-129.64,0.4447,-129.64,1,30.0,joystick,-1.000,+0.000,+0.000,+0.000,1100,0,
1785505816.8096,2026-07-31T09:50:16.809,16.230,164,,,,0,,,,0.4470,-129.99,0.4470,-129.99,1,30.0,joystick,-1.000,+0.000,+0.835,+0.000,1100,0,
1785505816.9100,2026-07-31T09:50:16.910,16.331,165,,,,0,,,,0.4616,-130.64,0.4616,-130.64,1,30.0,joystick,-1.000,+0.000,+1.000,+0.000,1100,0,
1785505817.0089,2026-07-31T09:50:17.008,16.430,166,,,,0,,,,0.4649,-131.02,0.4649,-131.02,1,30.0,joystick,-1.000,+0.000,+1.000,+0.000,1100,0,
1785505817.1087,2026-07-31T09:50:17.108,16.529,167,,,,0,,,,0.4704,-131.60,0.4704,-131.60,1,30.0,joystick,-1.000,+0.000,+1.000,+0.000,1100,0,
1785505817.2082,2026-07-31T09:50:17.208,16.629,168,,,,0,,,,0.4694,-131.93,0.4694,-131.93,1,30.0,joystick,-1.000,+0.000,+1.000,+0.000,1100,0,
1785505817.3069,2026-07-31T09:50:17.306,16.728,169,,,,0,,,,0.4676,-131.97,0.4676,-131.97,1,30.0,joystick,-1.000,+0.000,+1.000,+0.000,1100,0,
1785505817.4062,2026-07-31T09:50:17.406,16.827,170,,,,0,,,,0.4596,-131.75,0.4596,-131.75,1,30.0,joystick,-1.000,+0.000,+1.000,+0.000,1100,0,
1785505817.5065,2026-07-31T09:50:17.506,16.927,171,,,,0,,,,0.4570,-131.58,0.4570,-131.58,1,30.0,joystick,-1.000,+0.000,+1.000,-1.000,1100,0,
1785505817.6051,2026-07-31T09:50:17.605,17.026,172,,,,0,,,,0.4389,-130.53,0.4389,-130.53,1,30.0,joystick,-1.000,+0.000,+1.000,+0.000,1100,0,
1785505817.7042,2026-07-31T09:50:17.704,17.125,173,,,,0,,,,0.4234,-128.80,0.4234,-128.80,1,30.0,joystick,-1.000,+0.000,+1.000,+0.000,1100,0,
1785505817.8034,2026-07-31T09:50:17.803,17.224,174,,,,0,,,,0.4054,-121.77,0.4054,-121.77,1,30.0,joystick,-1.000,+0.000,+1.000,+0.000,1100,0,
1785505817.9017,2026-07-31T09:50:17.901,17.322,175,,,,0,,,,0.3796,-117.43,0.3796,-117.43,1,30.0,joystick,-1.000,+0.000,+1.000,+0.000,1100,0,
1785505818.0009,2026-07-31T09:50:18.000,17.422,176,,,,0,,,,0.3586,-115.82,0.3586,-115.82,1,30.0,joystick,-1.000,+0.000,+1.000,+0.000,1100,0,
1785505818.1014,2026-07-31T09:50:18.101,17.522,177,,,,0,,,,0.3339,-113.07,0.3339,-113.07,1,30.0,joystick,-1.000,+0.000,+1.000,+0.000,1100,0,
1785505818.2013,2026-07-31T09:50:18.201,17.622,178,,,,0,,,,0.3140,-111.87,0.3140,-111.87,1,30.0,joystick,-1.000,+0.000,+1.000,+0.000,1100,0,
1785505818.2998,2026-07-31T09:50:18.299,17.720,179,,,,0,,,,0.2809,-109.71,0.2809,-109.71,1,30.0,joystick,-1.000,+0.000,+1.000,+0.000,1100,0,
1785505818.4000,2026-07-31T09:50:18.400,17.821,180,,,,0,,,,0.2483,-107.92,0.2483,-107.92,1,30.0,joystick,-1.000,+0.000,+1.000,+0.000,1100,0,
1785505818.4994,2026-07-31T09:50:18.499,17.920,181,,,,0,,,,0.2329,-107.16,0.2329,-107.16,1,30.0,joystick,-1.000,+0.000,+1.000,+0.000,1100,0,
1785505818.5986,2026-07-31T09:50:18.598,18.019,182,,,,0,,,,0.1963,-105.89,0.1963,-105.89,1,30.0,joystick,-1.000,+0.000,+1.000,+0.000,1100,0,
1785505818.6975,2026-07-31T09:50:18.697,18.118,183,,,,0,,,,0.1797,-105.40,0.1797,-105.40,1,30.0,joystick,-1.000,+0.000,+1.000,+0.000,1100,0,
1785505818.7963,2026-07-31T09:50:18.796,18.217,184,,,,0,,,,0.1463,-104.72,0.1463,-104.72,1,30.0,joystick,-1.000,+0.000,+1.000,+0.000,1100,0,
1785505818.8952,2026-07-31T09:50:18.895,18.316,185,,,,0,,,,0.1277,-104.48,0.1277,-104.48,1,30.0,joystick,-1.000,+0.000,+1.000,+0.000,1100,0,
1785505818.9944,2026-07-31T09:50:18.994,18.415,186,,,,0,,,,0.0958,-104.22,0.0958,-104.22,1,30.0,joystick,-1.000,+0.000,+1.000,+0.000,1100,0,
1785505819.0939,2026-07-31T09:50:19.093,18.515,187,,,,0,,,,0.0593,-104.21,0.0593,-104.21,1,30.0,joystick,-1.000,+0.000,+1.000,+0.000,1100,0,
1785505819.1945,2026-07-31T09:50:19.194,18.615,188,,,,0,,,,0.0430,-104.30,0.0430,-104.30,1,30.0,joystick,-1.000,+0.000,+1.000,+0.000,1100,0,
1785505819.2927,2026-07-31T09:50:19.292,18.713,189,,,,0,,,,0.0086,-104.62,0.0086,-104.62,1,30.0,joystick,-1.000,+0.000,+1.000,+0.000,1100,0,
1785505819.3927,2026-07-31T09:50:19.392,18.813,190,,,,0,,,,-0.0018,-104.73,-0.0018,-104.73,1,30.0,joystick,-1.000,+0.000,-0.400,+0.000,1100,0,
1785505819.4916,2026-07-31T09:50:19.491,18.912,191,,,,0,,,,-0.0350,-105.11,-0.0350,-105.11,1,30.0,joystick,-1.000,+0.000,-0.400,+0.000,1100,0,
1785505819.5915,2026-07-31T09:50:19.591,19.012,192,,,,0,,,,-0.0485,-105.53,-0.0485,-105.53,1,30.0,joystick,-1.000,+0.000,-0.400,+0.000,1100,0,
1785505819.6898,2026-07-31T09:50:19.689,19.110,193,,,,0,,,,-0.0532,-105.71,-0.0532,-105.71,1,30.0,joystick,-1.000,+0.000,-0.400,+0.000,1100,0,
1785505819.7891,2026-07-31T09:50:19.789,19.210,194,,,,0,,,,-0.0614,-106.16,-0.0614,-106.16,1,30.0,joystick,-1.000,+0.000,-0.400,+0.000,1100,0,
1785505819.8881,2026-07-31T09:50:19.888,19.309,195,,,,0,,,,-0.0639,-106.43,-0.0639,-106.43,1,30.0,joystick,-1.000,+0.000,-0.400,+0.000,1100,0,
1785505819.9881,2026-07-31T09:50:19.988,19.409,196,,,,0,,,,-0.0630,-107.25,-0.0630,-107.25,1,30.0,joystick,-1.000,+0.000,-0.400,+0.000,1100,0,
1785505820.0875,2026-07-31T09:50:20.087,19.508,197,,,,0,,,,-0.0518,-108.12,-0.0518,-108.12,1,30.0,joystick,-1.000,+0.000,-0.400,+0.000,1100,0,
1785505820.1878,2026-07-31T09:50:20.187,19.608,198,,,,0,,,,-0.0496,-108.62,-0.0496,-108.62,1,30.0,joystick,-1.000,+0.000,-0.400,+0.000,1100,0,
1785505820.2862,2026-07-31T09:50:20.286,19.707,199,,,,0,,,,-0.0323,-109.50,-0.0323,-109.50,1,30.0,joystick,-1.000,+0.000,-0.400,+0.000,1100,0,
1785505820.3853,2026-07-31T09:50:20.385,19.806,200,,,,0,,,,-0.0216,-109.95,-0.0216,-109.95,1,30.0,joystick,-1.000,+0.000,-0.400,+0.000,1100,0,
1785505820.4844,2026-07-31T09:50:20.484,19.905,201,,,,0,,,,0.0013,-110.60,0.0013,-110.60,1,30.0,joystick,-1.000,+0.000,-0.400,+0.000,1100,0,
1785505820.5832,2026-07-31T09:50:20.583,20.004,202,,,,0,,,,0.0228,-111.24,0.0228,-111.24,1,30.0,joystick,-1.000,+0.000,+1.000,+0.000,1100,0,
1785505820.6828,2026-07-31T09:50:20.682,20.104,203,,,,0,,,,0.0429,-111.60,0.0429,-111.60,1,30.0,joystick,-1.000,+0.000,+1.000,+0.000,1100,0,
1785505820.7821,2026-07-31T09:50:20.782,20.203,204,,,,0,,,,0.0573,-112.16,0.0573,-112.16,1,30.0,joystick,-1.000,+0.000,+1.000,+0.000,1100,0,
1785505820.8819,2026-07-31T09:50:20.881,20.303,205,,,,0,,,,0.0585,-112.27,0.0585,-112.27,1,30.0,joystick,-1.000,+0.000,+1.000,+0.000,1100,0,
1785505820.9810,2026-07-31T09:50:20.980,20.402,206,,,,0,,,,0.0675,-112.03,0.0675,-112.03,1,30.0,joystick,-1.000,+0.000,+1.000,+0.000,1100,0,
1785505821.0804,2026-07-31T09:50:21.080,20.501,207,,,,0,,,,0.0629,-111.22,0.0629,-111.22,1,30.0,joystick,+0.000,+0.000,+1.000,+0.000,1100,0,
1785505821.1798,2026-07-31T09:50:21.179,20.600,208,,,,0,,,,0.0615,-110.84,0.0615,-110.84,1,30.0,joystick,+0.000,+0.000,+1.000,+0.000,1100,0,
1785505821.2789,2026-07-31T09:50:21.278,20.700,209,,,,0,,,,0.0415,-109.87,0.0415,-109.87,1,30.0,joystick,+0.000,+0.000,+1.000,+0.000,1100,0,
1785505821.3785,2026-07-31T09:50:21.378,20.799,210,,,,0,,,,0.0278,-109.35,0.0278,-109.35,1,30.0,joystick,+0.000,+0.000,+1.000,+0.000,1100,0,
1785505821.4787,2026-07-31T09:50:21.478,20.899,211,,,,0,,,,0.0008,-108.27,0.0008,-108.27,1,30.0,joystick,+0.000,+0.000,+1.000,+0.000,1100,0,
1785505821.5773,2026-07-31T09:50:21.577,20.998,212,,,,0,,,,-0.0217,-107.27,-0.0217,-107.27,1,30.0,joystick,+0.000,+0.000,-0.400,+0.000,1100,0,
1785505821.6767,2026-07-31T09:50:21.676,21.097,213,,,,0,,,,-0.0282,-106.85,-0.0282,-106.85,1,30.0,joystick,+0.000,+0.000,-0.400,+0.000,1100,0,
1785505821.7759,2026-07-31T09:50:21.775,21.197,214,,,,0,,,,-0.0381,-106.20,-0.0381,-106.20,1,30.0,joystick,+0.000,+0.000,-0.400,+0.000,1100,0,
1785505821.8745,2026-07-31T09:50:21.874,21.295,215,,,,0,,,,-0.0482,-106.01,-0.0482,-106.01,1,30.0,joystick,+0.000,+0.000,-0.400,+0.000,1100,0,
1785505821.9735,2026-07-31T09:50:21.973,21.394,216,,,,0,,,,-0.0452,-105.89,-0.0452,-105.89,1,30.0,joystick,+0.000,+0.000,-0.400,+0.000,1100,0,
1785505822.0723,2026-07-31T09:50:22.072,21.493,217,,,,0,,,,-0.0381,-106.09,-0.0381,-106.09,1,30.0,joystick,+0.000,+0.000,-0.400,+0.000,1100,0,
1785505822.1714,2026-07-31T09:50:22.171,21.592,218,,,,0,,,,-0.0346,-106.30,-0.0346,-106.30,1,30.0,joystick,+0.000,+0.000,-0.400,+0.000,1100,0,
1785505822.2704,2026-07-31T09:50:22.270,21.691,219,,,,0,,,,-0.0182,-106.87,-0.0182,-106.87,1,30.0,joystick,+0.000,+0.000,-0.400,+0.000,1100,0,
1785505822.3698,2026-07-31T09:50:22.369,21.790,220,,,,0,,,,-0.0101,-107.21,-0.0101,-107.21,1,30.0,joystick,+0.000,+0.000,-0.400,+0.000,1100,0,
1785505822.4684,2026-07-31T09:50:22.468,21.889,221,,,,0,,,,0.0148,-107.98,0.0148,-107.98,1,30.0,joystick,+0.000,+0.000,+0.000,+0.000,1100,0,
1785505822.5681,2026-07-31T09:50:22.568,21.989,222,,,,0,,,,0.0272,-108.39,0.0272,-108.39,1,30.0,joystick,+0.000,+0.000,+1.000,+0.000,1100,0,
1785505822.6673,2026-07-31T09:50:22.667,22.088,223,,,,0,,,,0.0411,-109.19,0.0411,-109.19,1,30.0,joystick,+0.000,+0.000,+1.000,+0.000,1100,0,
1785505822.7674,2026-07-31T09:50:22.767,22.188,224,,,,0,,,,0.0592,-109.83,0.0592,-109.83,1,30.0,joystick,+0.000,+0.000,+1.000,+0.000,1100,0,
1785505822.8666,2026-07-31T09:50:22.866,22.287,225,,,,0,,,,0.0587,-110.09,0.0587,-110.09,1,30.0,joystick,+0.000,+0.000,+1.000,+0.000,1100,0,
1785505822.9655,2026-07-31T09:50:22.965,22.386,226,,,,0,,,,0.0561,-110.41,0.0561,-110.41,1,30.0,joystick,+0.000,+0.000,+1.000,+0.000,1100,0,
1785505823.0650,2026-07-31T09:50:23.065,22.486,227,,,,0,,,,0.0581,-110.46,0.0581,-110.46,1,30.0,joystick,+0.000,+0.000,+1.000,+0.000,1100,0,
1785505823.1638,2026-07-31T09:50:23.163,22.584,228,,,,0,,,,0.0447,-110.31,0.0447,-110.31,1,30.0,joystick,+0.000,+0.000,+1.000,+0.000,1100,0,
1785505823.2626,2026-07-31T09:50:23.262,22.683,229,,,,0,,,,0.0384,-110.13,0.0384,-110.13,1,30.0,joystick,+0.000,+0.000,+1.000,+0.000,1100,0,
1785505823.3614,2026-07-31T09:50:23.361,22.782,230,,,,0,,,,0.0236,-109.63,0.0236,-109.63,1,30.0,joystick,+0.000,+0.000,+1.000,+0.000,1100,0,
1785505823.4619,2026-07-31T09:50:23.461,22.883,231,,,,0,,,,0.0087,-108.94,0.0087,-108.94,1,30.0,joystick,+0.000,+0.000,+1.000,+0.000,1100,0,
1785505823.5604,2026-07-31T09:50:23.560,22.981,232,,,,0,,,,-0.0076,-108.54,-0.0076,-108.54,1,30.0,joystick,+0.000,+0.000,-0.400,+0.000,1100,0,
1785505823.6598,2026-07-31T09:50:23.659,23.080,233,,,,0,,,,-0.0277,-107.64,-0.0277,-107.64,1,30.0,joystick,+0.000,+0.000,-0.400,+0.000,1100,0,
1785505823.7589,2026-07-31T09:50:23.758,23.180,234,,,,0,,,,-0.0328,-107.16,-0.0328,-107.16,1,30.0,idle,+0.000,+0.000,+0.000,+0.000,1100,0,
1785505823.8581,2026-07-31T09:50:23.858,23.279,235,,,,0,,,,-0.0491,-106.14,-0.0491,-106.14,1,30.0,idle,+0.000,+0.000,+0.000,+0.000,1100,0,
1785505823.9571,2026-07-31T09:50:23.957,23.378,236,,,,0,,,,-0.0574,-105.18,-0.0574,-105.18,1,30.0,idle,+0.000,+0.000,+0.000,+0.000,1100,0,
1785505824.0572,2026-07-31T09:50:24.057,23.478,237,,,,0,,,,-0.0633,-104.75,-0.0633,-104.75,1,30.0,idle,+0.000,+0.000,+0.000,+0.000,1100,0,
1785505824.1563,2026-07-31T09:50:24.156,23.577,238,,,,0,,,,-0.0684,-103.95,-0.0684,-103.95,1,30.0,idle,+0.000,+0.000,+0.000,+0.000,1100,0,
1785505824.2544,2026-07-31T09:50:24.254,23.675,239,,,,0,,,,-0.0694,-103.59,-0.0694,-103.59,1,30.0,idle,+0.000,+0.000,+0.000,+0.000,1100,0,
1785505824.3537,2026-07-31T09:50:24.353,23.774,240,,,,0,,,,-0.0769,-102.94,-0.0769,-102.94,1,30.0,idle,+0.000,+0.000,+0.000,+0.000,1100,0,
1785505824.4531,2026-07-31T09:50:24.453,23.874,241,,,,0,,,,-0.0761,-102.40,-0.0761,-102.40,1,30.0,idle,+0.000,+0.000,+0.000,+0.000,1100,0,
1785505824.5522,2026-07-31T09:50:24.552,23.973,242,,,,0,,,,-0.0701,-102.15,-0.0701,-102.15,1,30.0,idle,+0.000,+0.000,+0.000,+0.000,1100,0,
1785505824.6522,2026-07-31T09:50:24.652,24.073,243,,,,0,,,,-0.0717,-101.67,-0.0717,-101.67,1,30.0,idle,+0.000,+0.000,+0.000,+0.000,1100,0,
1785505824.7521,2026-07-31T09:50:24.752,24.173,244,,,,0,,,,-0.0631,-101.44,-0.0631,-101.44,1,30.0,idle,+0.000,+0.000,+0.000,+0.000,1100,0,
1785505824.8510,2026-07-31T09:50:24.850,24.272,245,,,,0,,,,-0.0585,-101.02,-0.0585,-101.02,1,30.0,idle,+0.000,+0.000,+0.000,+0.000,1100,0,
1785505824.9501,2026-07-31T09:50:24.950,24.371,246,,,,0,,,,-0.0582,-100.63,-0.0582,-100.63,1,30.0,idle,+0.000,+0.000,+0.000,+0.000,1100,0,
1785505825.0484,2026-07-31T09:50:25.048,24.469,247,,,,0,,,,-0.0570,-100.44,-0.0570,-100.44,1,30.0,idle,+0.000,+0.000,+0.000,+0.000,1100,0,
1785505825.1483,2026-07-31T09:50:25.148,24.569,248,,,,0,,,,-0.0536,-99.99,-0.0536,-99.99,1,30.0,idle,+0.000,+0.000,+0.000,+0.000,1100,0,
1785505825.2476,2026-07-31T09:50:25.247,24.668,249,,,,0,,,,-0.0534,-99.74,-0.0534,-99.74,1,30.0,idle,+0.000,+0.000,+0.000,+0.000,1100,0,
1785505825.3470,2026-07-31T09:50:25.346,24.768,250,,,,0,,,,-0.0466,-99.23,-0.0466,-99.23,1,30.0,idle,+0.000,+0.000,+0.000,+0.000,1100,0,
1785505825.4456,2026-07-31T09:50:25.445,24.866,251,,,,0,,,,-0.0420,-98.67,-0.0420,-98.67,1,30.0,idle,+0.000,+0.000,+0.000,+0.000,1100,0,
1785505825.5458,2026-07-31T09:50:25.545,24.966,252,,,,0,,,,-0.0442,-98.40,-0.0442,-98.40,1,30.0,idle,+0.000,+0.000,+0.000,+0.000,1100,0,
1785505825.6452,2026-07-31T09:50:25.645,25.066,253,,,,0,,,,-0.0482,-97.83,-0.0482,-97.83,1,30.0,idle,+0.000,+0.000,+0.000,+0.000,1100,0,
1785505825.7440,2026-07-31T09:50:25.744,25.165,254,,,,0,,,,-0.0485,-97.56,-0.0485,-97.56,1,30.0,idle,+0.000,+0.000,+0.000,+0.000,1100,0,
1785505825.8424,2026-07-31T09:50:25.842,25.263,255,,,,0,,,,-0.0474,-97.00,-0.0474,-97.00,1,30.0,idle,+0.000,+0.000,+0.000,+0.000,1100,0,
1785505825.9424,2026-07-31T09:50:25.942,25.363,256,,,,0,,,,-0.0411,-96.44,-0.0411,-96.44,1,30.0,idle,+0.000,+0.000,+0.000,+0.000,1100,0,
1785505826.0416,2026-07-31T09:50:26.041,25.462,257,,,,0,,,,-0.0435,-96.16,-0.0435,-96.16,1,30.0,idle,+0.000,+0.000,+0.000,+0.000,1100,0,
1785505826.1411,2026-07-31T09:50:26.141,25.562,258,,,,0,,,,-0.0418,-95.58,-0.0418,-95.58,1,30.0,idle,+0.000,+0.000,+0.000,+0.000,1100,0,
1785505826.2398,2026-07-31T09:50:26.239,25.660,259,,,,0,,,,-0.0417,-95.28,-0.0417,-95.28,1,30.0,idle,+0.000,+0.000,+0.000,+0.000,1100,0,
1785505826.3400,2026-07-31T09:50:26.340,25.761,260,,,,0,,,,-0.0393,-94.68,-0.0393,-94.68,1,30.0,idle,+0.000,+0.000,+0.000,+0.000,1100,0,
1785505826.4393,2026-07-31T09:50:26.439,25.860,261,,,,0,,,,-0.0369,-94.38,-0.0369,-94.38,1,30.0,idle,+0.000,+0.000,+0.000,+0.000,1100,0,
1785505826.5383,2026-07-31T09:50:26.538,25.959,262,,,,0,,,,-0.0467,-93.76,-0.0467,-93.76,1,30.0,idle,+0.000,+0.000,+0.000,+0.000,1100,0,
1785505826.6367,2026-07-31T09:50:26.636,26.057,263,,,,0,,,,-0.0451,-93.14,-0.0451,-93.14,1,30.0,idle,+0.000,+0.000,+0.000,+0.000,1100,0,
1785505826.7383,2026-07-31T09:50:26.738,26.159,264,,,,0,,,,-0.0427,-92.83,-0.0427,-92.83,1,30.0,idle,+0.000,+0.000,+0.000,+0.000,1100,0,
1785505826.8379,2026-07-31T09:50:26.837,26.259,265,,,,0,,,,-0.0400,-92.18,-0.0400,-92.18,1,30.0,idle,+0.000,+0.000,+0.000,+0.000,1100,0,
1785505826.9366,2026-07-31T09:50:26.936,26.357,266,,,,0,,,,-0.0393,-91.85,-0.0393,-91.85,1,30.0,idle,+0.000,+0.000,+0.000,+0.000,1100,0,
1785505827.0369,2026-07-31T09:50:27.036,26.458,267,,,,0,,,,-0.0439,-91.18,-0.0439,-91.18,1,30.0,idle,+0.000,+0.000,+0.000,+0.000,1100,0,
1785505827.1373,2026-07-31T09:50:27.137,26.558,268,,,,0,,,,-0.0449,-90.50,-0.0449,-90.50,1,30.0,idle,+0.000,+0.000,+0.000,+0.000,1100,0,
1785505827.2360,2026-07-31T09:50:27.235,26.657,269,,,,0,,,,-0.0418,-90.15,-0.0418,-90.15,1,30.0,idle,+0.000,+0.000,+0.000,+0.000,1100,0,
1785505827.3353,2026-07-31T09:50:27.335,26.756,270,,,,0,,,,-0.0449,-89.45,-0.0449,-89.45,1,30.0,idle,+0.000,+0.000,+0.000,+0.000,1100,0,
1785505827.4346,2026-07-31T09:50:27.434,26.855,271,,,,0,,,,-0.0459,-89.09,-0.0459,-89.09,1,30.0,idle,+0.000,+0.000,+0.000,+0.000,1100,0,
1785505827.5361,2026-07-31T09:50:27.536,26.957,272,,,,0,,,,-0.0476,-88.36,-0.0476,-88.36,1,30.0,idle,+0.000,+0.000,+0.000,+0.000,1100,0,
1785505827.6358,2026-07-31T09:50:27.635,27.056,273,,,,0,,,,-0.0434,-87.63,-0.0434,-87.63,1,30.0,idle,+0.000,+0.000,+0.000,+0.000,1100,0,
1785505827.7350,2026-07-31T09:50:27.735,27.156,274,,,,0,,,,-0.0440,-87.26,-0.0440,-87.26,1,30.0,idle,+0.000,+0.000,+0.000,+0.000,1100,0,
1785505827.8338,2026-07-31T09:50:27.833,27.254,275,,,,0,,,,-0.0505,-86.51,-0.0505,-86.51,1,30.0,idle,+0.000,+0.000,+0.000,+0.000,1100,0,
1785505827.9338,2026-07-31T09:50:27.933,27.354,276,,,,0,,,,-0.0476,-86.14,-0.0476,-86.14,1,30.0,idle,+0.000,+0.000,+0.000,+0.000,1100,0,
1785505828.0332,2026-07-31T09:50:28.033,27.454,277,,,,0,,,,0.0000,-85.37,-0.0505,-85.37,1,30.0,idle,+0.000,+0.000,+0.000,+0.000,1100,0,
1785505828.1333,2026-07-31T09:50:28.133,27.554,278,,,,0,,,,-0.0029,-84.60,-0.0534,-84.60,1,30.0,idle,+0.000,+0.000,+0.000,+0.000,1100,0,
1785505828.2322,2026-07-31T09:50:28.232,27.653,279,,,,0,,,,-0.0005,-84.21,-0.0510,-84.21,1,30.0,idle,+0.000,+0.000,+0.000,+0.000,1100,0,
1785505828.3313,2026-07-31T09:50:28.331,27.752,280,,,,0,,,,-0.0020,-83.45,-0.0524,-83.45,1,30.0,idle,+0.000,+0.000,+0.000,+0.000,1100,0,
1785505828.4304,2026-07-31T09:50:28.430,27.851,281,,,,0,,,,-0.0061,-83.06,-0.0566,-83.06,1,30.0,idle,+0.000,+0.000,+0.000,+0.000,1100,0,
1785505828.5297,2026-07-31T09:50:28.529,27.950,282,,,,0,,,,-0.0015,-82.29,-0.0520,-82.29,1,30.0,idle,+0.000,+0.000,+0.000,+0.000,1100,0,
1785505828.6287,2026-07-31T09:50:28.628,28.049,283,,,,0,,,,-0.0041,-81.50,-0.0545,-81.50,1,30.0,idle,+0.000,+0.000,+0.000,+0.000,1100,0,
1785505828.7279,2026-07-31T09:50:28.727,28.149,284,,,,0,,,,-0.0049,-81.11,-0.0554,-81.11,1,30.0,idle,+0.000,+0.000,+0.000,+0.000,1100,0,
1785505828.8288,2026-07-31T09:50:28.828,28.249,285,,,,0,,,,-0.0065,-80.33,-0.0570,-80.33,1,30.0,idle,+0.000,+0.000,+0.000,+0.000,1100,0,
1785505828.9293,2026-07-31T09:50:28.929,28.350,286,,,,0,,,,-0.0034,-79.95,-0.0539,-79.95,1,30.0,idle,+0.000,+0.000,+0.000,+0.000,1100,0,
1785505829.0278,2026-07-31T09:50:29.027,28.448,287,,,,0,,,,-0.0046,-79.17,-0.0551,-79.17,1,30.0,idle,+0.000,+0.000,+0.000,+0.000,1100,0,
1785505829.1277,2026-07-31T09:50:29.127,28.548,288,,,,0,,,,-0.0101,-78.39,-0.0606,-78.39,1,30.0,idle,+0.000,+0.000,+0.000,+0.000,1100,0,
1785505829.2276,2026-07-31T09:50:29.227,28.648,289,,,,0,,,,-0.0055,-77.99,-0.0559,-77.99,1,30.0,idle,+0.000,+0.000,+0.000,+0.000,1100,0,
1785505829.3264,2026-07-31T09:50:29.326,28.747,290,,,,0,,,,-0.0059,-77.21,-0.0564,-77.21,1,30.0,idle,+0.000,+0.000,+0.000,+0.000,1100,0,
1785505829.4256,2026-07-31T09:50:29.425,28.846,291,,,,0,,,,-0.0047,-76.82,-0.0552,-76.82,1,30.0,idle,+0.000,+0.000,+0.000,+0.000,1100,0,
1785505829.5252,2026-07-31T09:50:29.525,28.946,292,,,,0,,,,-0.0075,-76.03,-0.0579,-76.03,1,30.0,idle,+0.000,+0.000,+0.000,+0.000,1100,0,
1785505829.6256,2026-07-31T09:50:29.625,29.046,293,,,,0,,,,-0.0086,-75.24,-0.0591,-75.24,1,30.0,idle,+0.000,+0.000,+0.000,+0.000,1100,0,
1785505829.7247,2026-07-31T09:50:29.724,29.145,294,,,,0,,,,-0.0094,-74.85,-0.0599,-74.85,1,30.0,idle,+0.000,+0.000,+0.000,+0.000,1100,0,
1785505829.8239,2026-07-31T09:50:29.823,29.245,295,,,,0,,,,-0.0034,-74.06,-0.0539,-74.06,1,30.0,idle,+0.000,+0.000,+0.000,+0.000,1100,0,
1785505829.9244,2026-07-31T09:50:29.924,29.345,296,,,,0,,,,-0.0030,-73.66,-0.0535,-73.66,1,30.0,idle,+0.000,+0.000,+0.000,+0.000,1100,0,
1785505830.0235,2026-07-31T09:50:30.023,29.444,297,,,,0,,,,-0.0075,-72.88,-0.0579,-72.88,1,30.0,idle,+0.000,+0.000,+0.000,+0.000,1100,0,
1785505830.1226,2026-07-31T09:50:30.122,29.543,298,,,,0,,,,-0.0014,-72.11,-0.0519,-72.11,1,30.0,idle,+0.000,+0.000,+0.000,+0.000,1100,0,
1785505830.2214,2026-07-31T09:50:30.221,29.642,299,,,,0,,,,-0.0037,-71.72,-0.0542,-71.72,1,30.0,idle,+0.000,+0.000,+0.000,+0.000,1100,0,
1785505830.3212,2026-07-31T09:50:30.321,29.742,300,,,,0,,,,0.0007,-70.91,-0.0498,-70.91,1,30.0,idle,+0.000,+0.000,+0.000,+0.000,1100,0,
1785505830.4199,2026-07-31T09:50:30.419,29.841,301,,,,0,,,,-0.0049,-70.49,-0.0554,-70.49,1,30.0,idle,+0.000,+0.000,+0.000,+0.000,1100,0,
1785505830.5201,2026-07-31T09:50:30.520,29.941,302,,,,0,,,,-0.0035,-69.66,-0.0540,-69.66,1,30.0,idle,+0.000,+0.000,+0.000,+0.000,1100,0,
1785505830.6190,2026-07-31T09:50:30.618,30.040,303,,,,0,,,,-0.0031,-69.24,-0.0535,-69.24,1,30.0,idle,+0.000,+0.000,+0.000,+0.000,1100,0,
1785505830.7194,2026-07-31T09:50:30.719,30.140,304,,,,0,,,,-0.0011,-68.41,-0.0516,-68.41,1,30.0,idle,+0.000,+0.000,+0.000,+0.000,1100,0,
1785505830.8182,2026-07-31T09:50:30.818,30.239,305,,,,0,,,,-0.0021,-67.56,-0.0526,-67.56,1,30.0,idle,+0.000,+0.000,+0.000,+0.000,1100,0,
1785505830.9176,2026-07-31T09:50:30.917,30.338,306,,,,0,,,,-0.0026,-67.15,-0.0531,-67.15,1,30.0,idle,+0.000,+0.000,+0.000,+0.000,1100,0,
1785505831.0162,2026-07-31T09:50:31.016,30.437,307,,,,0,,,,-0.0022,-66.31,-0.0527,-66.31,1,30.0,idle,+0.000,+0.000,+0.000,+0.000,1100,0,
1785505831.1154,2026-07-31T09:50:31.115,30.536,308,,,,0,,,,-0.0040,-65.89,-0.0545,-65.89,1,30.0,idle,+0.000,+0.000,+0.000,+0.000,1100,0,
1785505831.2143,2026-07-31T09:50:31.214,30.635,309,,,,0,,,,-0.0032,-65.05,-0.0537,-65.05,1,30.0,idle,+0.000,+0.000,+0.000,+0.000,1100,0,
1785505831.3132,2026-07-31T09:50:31.313,30.734,310,,,,0,,,,-0.0030,-64.16,-0.0535,-64.16,1,30.0,idle,+0.000,+0.000,+0.000,+0.000,1100,0,
1785505831.4118,2026-07-31T09:50:31.411,30.833,311,,,,0,,,,-0.0045,-63.71,-0.0549,-63.71,1,30.0,idle,+0.000,+0.000,+0.000,+0.000,1100,0,
1785505831.5111,2026-07-31T09:50:31.511,30.932,312,,,,0,,,,-0.0002,-62.82,-0.0507,-62.82,1,30.0,idle,+0.000,+0.000,+0.000,+0.000,1100,0,
1785505831.6113,2026-07-31T09:50:31.611,31.032,313,,,,0,,,,-0.0056,-62.38,-0.0561,-62.38,1,30.0,idle,+0.000,+0.000,+0.000,+0.000,1100,0,
1785505831.7102,2026-07-31T09:50:31.710,31.131,314,,,,0,,,,-0.0051,0.00,-0.0556,-61.52,1,30.0,idle,+0.000,+0.000,+0.000,+0.000,1100,0,
1785505831.8089,2026-07-31T09:50:31.808,31.230,315,,,,0,,,,-0.0004,0.88,-0.0509,-60.64,1,30.0,idle,+0.000,+0.000,+0.000,+0.000,1100,0,
1785505831.9102,2026-07-31T09:50:31.910,31.331,316,,,,0,,,,-0.0072,1.32,-0.0577,-60.19,1,30.0,idle,+0.000,+0.000,+0.000,+0.000,1100,0,
1785505832.0094,2026-07-31T09:50:32.009,31.430,317,,,,0,,,,-0.0038,2.20,-0.0543,-59.31,1,30.0,idle,+0.000,+0.000,+0.000,+0.000,1100,0,
1785505832.1096,2026-07-31T09:50:32.109,31.530,318,,,,0,,,,-0.0091,2.65,-0.0596,-58.87,1,30.0,idle,+0.000,+0.000,+0.000,+0.000,1100,0,
1785505832.2080,2026-07-31T09:50:32.208,31.629,319,,,,0,,,,-0.0067,3.54,-0.0572,-57.98,1,30.0,idle,+0.000,+0.000,+0.000,+0.000,1100,0,
1785505832.3078,2026-07-31T09:50:32.307,31.728,320,,,,0,,,,-0.0071,4.43,-0.0575,-57.09,1,30.0,idle,+0.000,+0.000,+0.000,+0.000,1100,0,
1785505832.4064,2026-07-31T09:50:32.406,31.827,321,,,,0,,,,-0.0071,4.86,-0.0576,-56.66,1,30.0,idle,+0.000,+0.000,+0.000,+0.000,1100,0,
1785505832.5059,2026-07-31T09:50:32.505,31.927,322,,,,0,,,,-0.0053,5.71,-0.0558,-55.81,1,30.0,idle,+0.000,+0.000,+0.000,+0.000,1100,0,
1785505832.6058,2026-07-31T09:50:32.605,32.026,323,,,,0,,,,-0.0128,6.14,-0.0632,-55.38,1,30.0,idle,+0.000,+0.000,+0.000,+0.000,1100,0,
1785505832.7042,2026-07-31T09:50:32.704,32.125,324,,,,0,,,,-0.0084,7.00,-0.0589,-54.52,1,30.0,idle,+0.000,+0.000,+0.000,+0.000,1100,0,
1785505832.8047,2026-07-31T09:50:32.804,32.225,325,,,,0,,,,-0.0090,7.90,-0.0595,-53.62,1,30.0,idle,+0.000,+0.000,+0.000,+0.000,1100,0,
1785505832.9032,2026-07-31T09:50:32.903,32.324,326,,,,0,,,,-0.0045,8.34,-0.0550,-53.17,1,30.0,idle,+0.000,+0.000,+0.000,+0.000,1100,0,
1785505833.0026,2026-07-31T09:50:33.002,32.423,327,,,,0,,,,-0.0085,9.22,-0.0589,-52.29,1,30.0,idle,+0.000,+0.000,+0.000,+0.000,1100,0,
1785505833.1019,2026-07-31T09:50:33.101,32.523,328,,,,0,,,,-0.0054,9.66,-0.0559,-51.86,1,30.0,idle,+0.000,+0.000,+0.000,+0.000,1100,0,
1785505833.2004,2026-07-31T09:50:33.200,32.621,329,,,,0,,,,-0.0074,10.50,-0.0579,-51.02,1,30.0,idle,+0.000,+0.000,+0.000,+0.000,1100,0,
1785505833.2994,2026-07-31T09:50:33.299,32.720,330,,,,0,,,,-0.0065,10.92,-0.0570,-50.60,1,30.0,idle,+0.000,+0.000,+0.000,+0.000,1100,0,
1785505833.3985,2026-07-31T09:50:33.398,32.819,331,,,,0,,,,-0.0082,11.79,-0.0587,-49.73,1,30.0,idle,+0.000,+0.000,+0.000,+0.000,1100,0,
1785505833.4983,2026-07-31T09:50:33.498,32.919,332,,,,0,,,,-0.0051,12.66,-0.0555,-48.85,1,30.0,idle,+0.000,+0.000,+0.000,+0.000,1100,0,
1785505833.5975,2026-07-31T09:50:33.597,33.018,333,,,,0,,,,-0.0064,13.10,-0.0568,-48.41,1,30.0,idle,+0.000,+0.000,+0.000,+0.000,1100,0,
1785505833.6970,2026-07-31T09:50:33.697,33.118,334,,,,0,,,,-0.0068,13.98,-0.0573,-47.53,1,30.0,idle,+0.000,+0.000,+0.000,+0.000,1100,0,
1785505833.7965,2026-07-31T09:50:33.796,33.217,335,,,,0,,,,-0.0027,14.42,-0.0531,-47.10,1,30.0,idle,+0.000,+0.000,+0.000,+0.000,1100,0,
1785505833.8952,2026-07-31T09:50:33.895,33.316,336,,,,0,,,,-0.0051,15.28,-0.0556,-46.24,1,30.0,idle,+0.000,+0.000,+0.000,+0.000,1100,0,
1785505833.9955,2026-07-31T09:50:33.995,33.416,337,,,,0,,,,-0.0052,16.12,-0.0556,-45.39,1,30.0,idle,+0.000,+0.000,+0.000,+0.000,1100,0,
1785505834.0949,2026-07-31T09:50:34.094,33.516,338,,,,0,,,,-0.0059,16.53,-0.0564,-44.98,1,30.0,idle,+0.000,+0.000,+0.000,+0.000,1100,0,
1785505834.1933,2026-07-31T09:50:34.193,33.614,339,,,,0,,,,-0.0035,17.37,-0.0540,-44.15,1,30.0,idle,+0.000,+0.000,+0.000,+0.000,1100,0,
1785505834.2920,2026-07-31T09:50:34.292,33.713,340,,,,0,,,,-0.0067,17.80,-0.0572,-43.72,1,30.0,idle,+0.000,+0.000,+0.000,+0.000,1100,0,
1785505834.3939,2026-07-31T09:50:34.393,33.815,341,,,,0,,,,-0.0004,18.69,-0.0509,-42.83,1,30.0,joystick,+0.000,+0.000,-0.400,+0.000,1100,0,
1785505834.4928,2026-07-31T09:50:34.492,33.913,342,,,,0,,,,-0.0009,19.13,-0.0513,-42.39,1,30.0,joystick,+0.000,+0.000,-0.400,+0.000,1100,0,
1785505834.5926,2026-07-31T09:50:34.592,34.013,343,,,,0,,,,-0.0071,20.00,-0.0576,-41.52,1,30.0,joystick,+0.000,+0.000,-0.400,+0.000,1100,0,
1785505834.6917,2026-07-31T09:50:34.691,34.112,344,,,,0,,,,-0.0083,20.84,-0.0588,-40.68,1,30.0,joystick,+0.000,+0.000,-0.400,+0.000,1100,0,
1785505834.7910,2026-07-31T09:50:34.790,34.212,345,,,,0,,,,-0.0023,21.24,-0.0527,-40.28,1,30.0,joystick,+0.000,+0.000,-0.400,+0.000,1100,0,
1785505834.8896,2026-07-31T09:50:34.889,34.310,346,,,,0,,,,-0.0010,21.97,-0.0515,-39.55,1,30.0,joystick,+0.000,+0.000,-0.400,+0.000,1100,0,
1785505834.9898,2026-07-31T09:50:34.989,34.410,347,,,,0,,,,0.0018,22.33,-0.0487,-39.18,1,30.0,joystick,+0.000,+0.000,+0.000,+0.000,1100,0,
1785505835.0884,2026-07-31T09:50:35.088,34.509,348,,,,0,,,,0.0084,23.06,-0.0421,-38.46,1,30.0,joystick,+0.000,+0.000,+0.000,+0.000,1100,0,
1785505835.1888,2026-07-31T09:50:35.188,34.609,349,,,,0,,,,0.0118,23.80,-0.0386,-37.71,1,30.0,joystick,+0.000,+0.000,+0.000,+1.000,1100,0,
1785505835.2883,2026-07-31T09:50:35.288,34.709,350,,,,0,,,,0.0110,24.18,-0.0395,-37.34,1,30.0,joystick,+0.000,+0.000,+0.000,+1.000,1100,0,
1785505835.3875,2026-07-31T09:50:35.387,34.808,351,,,,0,,,,0.0137,24.19,-0.0368,-37.32,1,30.0,joystick,+0.000,+0.000,+0.000,+1.000,1100,0,
1785505835.4878,2026-07-31T09:50:35.487,34.908,352,,,,0,,,,0.0180,18.59,-0.0325,-42.93,1,30.0,joystick,+0.000,+0.000,+0.000,+1.000,1100,0,
1785505835.5869,2026-07-31T09:50:35.586,35.008,353,,,,0,,,,0.0055,13.95,-0.0450,-47.57,1,30.0,joystick,+0.000,+0.000,+0.000,+1.000,1100,0,
1785505835.6861,2026-07-31T09:50:35.686,35.107,354,,,,0,,,,0.0142,3.62,-0.0362,-57.90,1,30.0,joystick,+0.000,+0.000,+0.000,+0.000,1100,0,
1785505835.7852,2026-07-31T09:50:35.785,35.206,355,,,,0,,,,0.0071,-0.16,-0.0434,-61.67,1,30.0,joystick,+0.000,+0.000,+0.000,+0.000,1100,0,
1785505835.8837,2026-07-31T09:50:35.883,35.304,356,,,,0,,,,0.0112,-4.76,-0.0393,-66.28,1,30.0,joystick,+0.000,+0.000,+0.000,+1.000,1100,0,
1785505835.9828,2026-07-31T09:50:35.982,35.403,357,,,,0,,,,0.0142,-5.95,-0.0363,-67.47,1,30.0,joystick,+0.000,+0.000,+0.000,+1.000,1100,0,
1785505836.0832,2026-07-31T09:50:36.083,35.504,358,,,,0,,,,0.0063,-9.26,-0.0441,-70.78,1,30.0,joystick,+0.000,+0.000,+0.000,+1.000,1100,0,
1785505836.1820,2026-07-31T09:50:36.182,35.603,359,,,,0,,,,0.0106,-16.14,-0.0399,-77.66,1,30.0,joystick,+0.000,+0.000,+0.000,+1.000,1100,0,
1785505836.2806,2026-07-31T09:50:36.280,35.701,360,,,,0,,,,0.0096,-21.04,-0.0408,-82.55,1,30.0,joystick,+0.000,+0.000,+0.000,+0.000,1100,0,
1785505836.3802,2026-07-31T09:50:36.380,35.801,361,,,,0,,,,0.0090,-29.79,-0.0415,-91.30,1,30.0,joystick,+0.000,+0.000,+0.000,+0.000,1100,0,
1785505836.4786,2026-07-31T09:50:36.478,35.899,362,,,,0,,,,0.0062,-32.17,-0.0443,-93.69,1,30.0,joystick,+0.000,+0.000,+0.000,+0.000,1100,0,
1785505836.5782,2026-07-31T09:50:36.578,35.999,363,,,,0,,,,0.0111,-35.50,-0.0393,-97.01,1,30.0,joystick,+0.000,+0.000,+0.000,+0.000,1100,0,
1785505836.6769,2026-07-31T09:50:36.676,36.098,364,,,,0,,,,0.0076,-37.90,-0.0429,-99.42,1,30.0,joystick,+0.000,+0.000,+0.000,+1.000,1100,0,
1785505836.7757,2026-07-31T09:50:36.775,36.196,365,,,,0,,,,0.0139,-38.83,-0.0366,-100.34,1,30.0,joystick,+0.000,+0.000,+0.000,+1.000,1100,0,
1785505836.8750,2026-07-31T09:50:36.875,36.296,366,,,,0,,,,0.0147,-40.61,-0.0358,-102.13,1,30.0,joystick,+0.000,+0.000,+0.000,+0.000,1100,0,
1785505836.9753,2026-07-31T09:50:36.975,36.396,367,,,,0,,,,0.0153,-42.03,-0.0351,-103.55,1,30.0,joystick,+0.000,+0.000,+0.000,+0.000,1100,0,
1785505837.0735,2026-07-31T09:50:37.073,36.494,368,,,,0,,,,0.0199,-44.13,-0.0306,-105.65,1,30.0,joystick,+0.000,+0.000,+0.000,+0.000,1100,0,
1785505837.1733,2026-07-31T09:50:37.173,36.594,369,,,,0,,,,0.0178,-45.70,-0.0327,-107.22,1,30.0,joystick,+0.000,+0.000,+0.000,+1.000,1100,0,
1785505837.2740,2026-07-31T09:50:37.273,36.695,370,,,,0,,,,0.0195,-46.34,-0.0310,-107.86,1,30.0,joystick,+0.000,+0.000,+0.000,+1.000,1100,0,
1785505837.3740,2026-07-31T09:50:37.374,36.795,371,,,,0,,,,0.0222,-48.70,-0.0282,-110.21,1,30.0,joystick,+0.000,+0.000,+0.000,+1.000,1100,0,
1785505837.4753,2026-07-31T09:50:37.475,36.896,372,,,,0,,,,0.0196,-50.33,-0.0309,-111.85,1,30.0,joystick,+0.000,+0.000,+0.000,+0.000,1100,0,
1785505837.5762,2026-07-31T09:50:37.576,36.997,373,,,,0,,,,0.0185,-53.13,-0.0320,-114.65,1,30.0,joystick,+0.000,+0.000,+0.000,+0.000,1100,0,
1785505837.6755,2026-07-31T09:50:37.675,37.096,374,,,,0,,,,0.0138,-55.05,-0.0367,-116.57,1,30.0,joystick,+0.000,+0.000,+0.000,+0.000,1100,0,
1785505837.7750,2026-07-31T09:50:37.775,37.196,375,,,,0,,,,0.0188,-55.92,-0.0317,-117.44,1,30.0,joystick,+0.000,+0.000,+0.000,+0.000,1100,0,
1785505837.8743,2026-07-31T09:50:37.874,37.295,376,,,,0,,,,0.0111,-57.61,-0.0394,-119.12,1,30.0,joystick,+0.000,+0.000,+0.000,+0.000,1100,0,
1785505837.9753,2026-07-31T09:50:37.975,37.396,377,,,,0,,,,0.0102,-58.40,-0.0403,-119.92,1,30.0,joystick,+0.000,+0.000,+0.000,+0.000,1100,0,
1785505838.0750,2026-07-31T09:50:38.074,37.496,378,,,,0,,,,0.0091,-59.80,-0.0414,-121.32,1,30.0,joystick,+0.000,+0.000,+0.000,+0.000,1100,0,
1785505838.1744,2026-07-31T09:50:38.174,37.595,379,,,,0,,,,0.0014,-60.41,-0.0491,-121.92,1,30.0,joystick,+0.000,+0.000,+0.000,+0.000,1100,0,
1785505838.2731,2026-07-31T09:50:38.273,37.694,380,,,,0,,,,-0.0021,-61.54,-0.0525,-123.05,1,30.0,joystick,+0.000,+0.000,-0.400,+0.000,1100,0,
1785505838.3732,2026-07-31T09:50:38.373,37.794,381,,,,0,,,,0.0011,-62.55,-0.0494,-124.07,1,30.0,joystick,+0.000,+0.000,+0.000,+0.000,1100,0,
1785505838.4722,2026-07-31T09:50:38.472,37.893,382,,,,0,,,,0.0000,-63.01,-0.0504,-124.53,1,30.0,joystick,+0.000,+0.000,+0.000,+0.000,1100,0,
1785505838.5707,2026-07-31T09:50:38.570,37.991,383,,,,0,,,,0.0021,-63.82,-0.0484,-125.34,1,30.0,joystick,+0.000,+0.000,+0.000,+0.000,1100,0,
1785505838.6714,2026-07-31T09:50:38.671,38.092,384,,,,0,,,,0.0021,-64.17,-0.0484,-125.69,1,30.0,joystick,+0.000,+0.000,+0.000,+0.000,1100,0,
1785505838.7724,2026-07-31T09:50:38.772,38.193,385,,,,0,,,,-0.0040,-64.78,-0.0545,-126.30,1,30.0,joystick,+0.000,+0.000,-0.400,+0.000,1100,0,
1785505838.8709,2026-07-31T09:50:38.870,38.292,386,,,,0,,,,-0.0056,-65.34,-0.0561,-126.85,1,30.0,joystick,+0.000,+0.000,-0.400,+0.000,1100,0,
1785505838.9706,2026-07-31T09:50:38.970,38.391,387,,,,0,,,,-0.0025,-65.60,-0.0529,-127.12,1,30.0,joystick,+0.000,+0.000,-0.400,+0.000,1100,0,
1785505839.0699,2026-07-31T09:50:39.069,38.491,388,,,,0,,,,-0.0004,-66.03,-0.0509,-127.54,1,30.0,joystick,+0.000,+0.000,-0.400,+0.000,1100,0,
1785505839.1690,2026-07-31T09:50:39.169,38.590,389,,,,0,,,,-0.0003,0.00,-0.0508,-127.71,1,30.0,joystick,+0.000,+0.000,-0.400,+0.000,1100,0,
1785505839.2679,2026-07-31T09:50:39.267,38.689,390,,,,0,,,,-0.0001,-0.28,-0.0506,-127.99,1,30.0,joystick,+0.000,+0.000,-0.400,+0.000,1100,0,
1785505839.3668,2026-07-31T09:50:39.366,38.787,391,,,,0,,,,0.0028,-0.51,-0.0477,-128.22,1,30.0,joystick,+0.000,+0.000,+0.000,+0.000,1100,0,
1785505839.4676,2026-07-31T09:50:39.467,38.888,392,,,,0,,,,0.0035,-0.61,-0.0469,-128.32,1,30.0,joystick,+0.000,+0.000,+0.000,+0.000,1100,0,
1785505839.5684,2026-07-31T09:50:39.568,38.989,393,,,,0,,,,0.0077,-0.73,-0.0428,-128.44,1,30.0,joystick,+0.000,+0.000,+0.000,+0.000,1100,0,
1785505839.6674,2026-07-31T09:50:39.667,39.088,394,,,,0,,,,0.0027,-0.80,-0.0478,-128.51,1,30.0,joystick,+0.000,+0.000,+0.000,+0.000,1100,0,
1785505839.7659,2026-07-31T09:50:39.765,39.187,395,,,,0,,,,0.0062,-0.83,-0.0442,-128.54,1,30.0,joystick,+0.000,+0.000,+0.000,+0.000,1100,0,
1785505839.8667,2026-07-31T09:50:39.866,39.287,396,,,,0,,,,0.0020,-0.83,-0.0485,-128.54,1,30.0,idle,+0.000,+0.000,+0.000,+0.000,1100,0,
1785505839.9648,2026-07-31T09:50:39.964,39.385,397,,,,0,,,,-0.0031,-0.80,-0.0536,-128.52,1,30.0,idle,+0.000,+0.000,+0.000,+0.000,1100,0,
1785505840.0650,2026-07-31T09:50:40.065,39.486,398,,,,0,,,,0.0015,-0.71,-0.0489,-128.42,1,30.0,idle,+0.000,+0.000,+0.000,+0.000,1100,0,
1785505840.1637,2026-07-31T09:50:40.163,39.584,399,,,,0,,,,0.0007,-0.57,-0.0498,-128.28,1,30.0,idle,+0.000,+0.000,+0.000,+0.000,1100,0,
1785505840.2640,2026-07-31T09:50:40.264,39.685,400,,,,0,,,,-0.0032,-0.50,-0.0537,-128.21,1,30.0,idle,+0.000,+0.000,+0.000,+0.000,1100,0,
1785505840.3642,2026-07-31T09:50:40.364,39.785,401,,,,0,,,,0.0022,-0.33,-0.0482,-128.04,1,30.0,idle,+0.000,+0.000,+0.000,+0.000,1100,0,
1785505840.4640,2026-07-31T09:50:40.464,39.885,402,,,,0,,,,0.0021,-0.24,-0.0484,-127.96,1,30.0,idle,+0.000,+0.000,+0.000,+0.000,1100,0,
1785505840.5636,2026-07-31T09:50:40.563,39.984,403,,,,0,,,,-0.0049,-0.05,-0.0554,-127.76,1,30.0,idle,+0.000,+0.000,+0.000,+0.000,1100,0,
1785505840.6630,2026-07-31T09:50:40.662,40.084,404,,,,0,,,,-0.0053,0.16,-0.0557,-127.55,1,30.0,idle,+0.000,+0.000,+0.000,+0.000,1100,0,
1785505840.7626,2026-07-31T09:50:40.762,40.183,405,,,,0,,,,-0.0094,0.28,-0.0599,-127.43,1,30.0,idle,+0.000,+0.000,+0.000,+0.000,1100,0,
1785505840.8616,2026-07-31T09:50:40.861,40.282,406,,,,0,,,,-0.0110,0.54,-0.0615,-127.17,1,30.0,idle,+0.000,+0.000,+0.000,+0.000,1100,0,
1785505840.9615,2026-07-31T09:50:40.961,40.382,407,,,,0,,,,-0.0122,0.67,-0.0627,-127.05,1,30.0,idle,+0.000,+0.000,+0.000,+0.000,1100,0,
1785505841.0616,2026-07-31T09:50:41.061,40.482,408,,,,0,,,,-0.0092,0.93,-0.0597,-126.78,1,30.0,idle,+0.000,+0.000,+0.000,+0.000,1100,0,
1785505841.1604,2026-07-31T09:50:41.160,40.581,409,,,,0,,,,-0.0135,1.22,-0.0639,-126.49,1,30.0,idle,+0.000,+0.000,+0.000,+0.000,1100,0,
1785505841.2581,2026-07-31T09:50:41.258,40.679,410,,,,0,,,,-0.0098,1.38,-0.0603,-126.33,1,30.0,idle,+0.000,+0.000,+0.000,+0.000,1100,0,
1785505841.3573,2026-07-31T09:50:41.357,40.778,411,,,,0,,,,-0.0134,1.73,-0.0639,-125.99,1,30.0,idle,+0.000,+0.000,+0.000,+0.000,1100,0,
1785505841.4562,2026-07-31T09:50:41.456,40.877,412,,,,0,,,,-0.0152,1.89,-0.0657,-125.82,1,30.0,idle,+0.000,+0.000,+0.000,+0.000,1100,0,
1785505841.5548,2026-07-31T09:50:41.554,40.975,413,,,,0,,,,-0.0136,2.21,-0.0641,-125.50,1,30.0,idle,+0.000,+0.000,+0.000,+0.000,1100,0,
1785505841.6546,2026-07-31T09:50:41.654,41.075,414,,,,0,,,,-0.0155,2.38,-0.0659,-125.33,1,30.0,idle,+0.000,+0.000,+0.000,+0.000,1100,0,
1785505841.7538,2026-07-31T09:50:41.753,41.174,415,,,,0,,,,-0.0144,2.76,-0.0649,-124.95,1,30.0,idle,+0.000,+0.000,+0.000,+0.000,1100,0,
1785505841.8546,2026-07-31T09:50:41.854,41.275,416,,,,0,,,,-0.0120,3.15,-0.0625,-124.56,1,30.0,idle,+0.000,+0.000,+0.000,+0.000,1100,0,
1785505841.9535,2026-07-31T09:50:41.953,41.374,417,,,,0,,,,-0.0112,3.32,-0.0617,-124.39,1,30.0,idle,+0.000,+0.000,+0.000,+0.000,1100,0,
1785505842.0523,2026-07-31T09:50:42.052,41.473,418,,,,0,,,,-0.0092,3.65,-0.0597,-124.06,1,30.0,idle,+0.000,+0.000,+0.000,+0.000,1100,0,
1785505842.1510,2026-07-31T09:50:42.150,41.572,419,,,,0,,,,-0.0116,3.83,-0.0620,-123.88,1,30.0,idle,+0.000,+0.000,+0.000,+0.000,1100,0,
1785505842.2504,2026-07-31T09:50:42.250,41.671,420,,,,0,,,,-0.0119,4.22,-0.0623,-123.49,1,30.0,idle,+0.000,+0.000,+0.000,+0.000,1100,0,
1785505842.3495,2026-07-31T09:50:42.349,41.770,421,,,,0,,,,-0.0087,4.43,-0.0591,-123.28,1,30.0,idle,+0.000,+0.000,+0.000,+0.000,1100,0,
1785505842.4484,2026-07-31T09:50:42.448,41.869,422,,,,0,,,,-0.0087,4.84,-0.0592,-122.87,1,30.0,idle,+0.000,+0.000,+0.000,+0.000,1100,0,
1785505842.5473,2026-07-31T09:50:42.547,41.968,423,,,,0,,,,-0.0109,5.22,-0.0614,-122.49,1,30.0,idle,+0.000,+0.000,+0.000,+0.000,1100,0,
1785505842.6461,2026-07-31T09:50:42.646,42.067,424,,,,0,,,,-0.0054,5.43,-0.0559,-122.28,1,30.0,idle,+0.000,+0.000,+0.000,+0.000,1100,0,
1785505842.7465,2026-07-31T09:50:42.746,42.167,425,,,,0,,,,-0.0036,5.87,-0.0540,-121.84,1,30.0,idle,+0.000,+0.000,+0.000,+0.000,1100,0,
1785505842.8456,2026-07-31T09:50:42.845,42.266,426,,,,0,,,,-0.0070,6.11,-0.0575,-121.61,1,30.0,idle,+0.000,+0.000,+0.000,+0.000,1100,0,
1785505842.9446,2026-07-31T09:50:42.944,42.365,427,,,,0,,,,-0.0058,6.55,-0.0563,-121.16,1,30.0,idle,+0.000,+0.000,+0.000,+0.000,1100,0,
1785505843.0443,2026-07-31T09:50:43.044,42.465,428,,,,0,,,,-0.0013,7.01,-0.0518,-120.70,1,30.0,idle,+0.000,+0.000,+0.000,+0.000,1100,0,
1785505843.1437,2026-07-31T09:50:43.143,42.564,429,,,,0,,,,-0.0044,7.25,-0.0549,-120.46,1,30.0,idle,+0.000,+0.000,+0.000,+0.000,1100,0,
1785505843.2421,2026-07-31T09:50:43.242,42.663,430,,,,0,,,,0.0014,7.75,-0.0490,-119.96,1,30.0,idle,+0.000,+0.000,+0.000,+0.000,1100,0,
1785505843.3412,2026-07-31T09:50:43.341,42.762,431,,,,0,,,,-0.0058,8.00,-0.0562,-119.71,1,30.0,idle,+0.000,+0.000,+0.000,+0.000,1100,0,
1785505843.4420,2026-07-31T09:50:43.441,42.863,432,,,,0,,,,-0.0007,8.52,-0.0512,-119.19,1,30.0,hold:Y,+0.000,+0.000,+0.000,+0.150,1100,0,
1785505843.5413,2026-07-31T09:50:43.541,42.962,433,,,,0,,,,-0.0011,9.03,-0.0516,-118.68,1,30.0,hold:Y,+0.000,+0.000,+0.000,+0.163,1100,0,
1785505843.6409,2026-07-31T09:50:43.640,43.062,434,,,,0,,,,-0.0012,9.29,-0.0516,-118.42,1,30.0,hold:Y,+0.000,+0.000,+0.000,+0.175,1100,0,
1785505843.7392,2026-07-31T09:50:43.739,43.160,435,,,,0,,,,-0.0016,9.79,-0.0521,-117.92,1,30.0,hold:Y,+0.000,+0.000,+0.000,+0.184,1100,0,
1785505843.8389,2026-07-31T09:50:43.838,43.260,436,,,,0,,,,0.0009,9.98,-0.0496,-117.73,1,30.0,hold:Y,+0.000,+0.000,+0.000,+0.196,1100,0,
1785505843.9384,2026-07-31T09:50:43.938,43.359,437,,,,0,,,,-0.0005,10.32,-0.0510,-117.39,1,30.0,hold:Y,+0.000,+0.000,+0.000,+0.206,1100,0,
1785505844.0374,2026-07-31T09:50:44.037,43.458,438,,,,0,,,,-0.0043,10.44,-0.0548,-117.27,1,30.0,hold:Y,+0.000,+0.000,+0.000,+0.211,1100,0,
1785505844.1370,2026-07-31T09:50:44.137,43.558,439,,,,0,,,,-0.0027,10.43,-0.0531,-117.28,1,30.0,hold:Y,+0.000,+0.000,+0.000,+0.216,1100,0,
1785505844.2375,2026-07-31T09:50:44.237,43.658,440,,,,0,,,,-0.0067,10.33,-0.0571,-117.38,1,30.0,hold:Y,+0.000,+0.000,+0.000,+0.219,1100,0,
1785505844.3363,2026-07-31T09:50:44.336,43.757,441,,,,0,,,,-0.0051,10.25,-0.0556,-117.46,1,30.0,hold:Y,+0.000,+0.000,+0.000,+0.221,1100,0,
1785505844.4367,2026-07-31T09:50:44.436,43.857,442,,,,0,,,,-0.0016,10.07,-0.0521,-117.64,1,30.0,hold:Y,+0.000,+0.000,+0.000,+0.224,1100,0,
1785505844.5351,2026-07-31T09:50:44.535,43.956,443,,,,0,,,,-0.0034,9.88,-0.0539,-117.83,1,30.0,hold:Y,+0.000,+0.000,+0.000,+0.224,1100,0,
1785505844.6356,2026-07-31T09:50:44.635,44.056,444,,,,0,,,,-0.0048,9.79,-0.0553,-117.93,1,30.0,hold:Y,+0.000,+0.000,+0.000,+0.225,1100,0,
1785505844.7349,2026-07-31T09:50:44.734,44.156,445,,,,0,,,,-0.0045,9.61,-0.0550,-118.10,1,30.0,hold:Y,+0.000,+0.000,+0.000,+0.227,1100,0,
1785505844.8339,2026-07-31T09:50:44.833,44.255,446,,,,0,,,,-0.0077,9.47,-0.0582,-118.24,1,30.0,hold:Y,+0.000,+0.000,+0.000,+0.226,1100,0,
1785505844.9325,2026-07-31T09:50:44.932,44.353,447,,,,0,,,,-0.0085,9.08,-0.0590,-118.63,1,30.0,hold:Y,+0.000,+0.000,+0.000,+0.227,1100,0,
1785505845.0313,2026-07-31T09:50:45.031,44.452,448,,,,0,,,,-0.0036,8.44,-0.0541,-119.27,1,30.0,hold:Y,+0.000,+0.000,+0.000,+0.221,1100,0,
1785505845.1309,2026-07-31T09:50:45.130,44.552,449,,,,0,,,,-0.0053,8.05,-0.0558,-119.66,1,30.0,hold:Y,+0.000,+0.000,+0.000,+0.212,1100,0,
1785505845.2292,2026-07-31T09:50:45.229,44.650,450,,,,0,,,,-0.0077,7.17,-0.0582,-120.54,1,30.0,hold:Y,+0.000,+0.000,+0.000,+0.207,1100,0,
1785505845.3285,2026-07-31T09:50:45.328,44.749,451,,,,0,,,,-0.0068,6.72,-0.0573,-120.99,1,30.0,hold:Y,+0.000,+0.000,+0.000,+0.193,1100,0,
1785505845.4285,2026-07-31T09:50:45.428,44.849,452,,,,0,,,,-0.0056,5.89,-0.0560,-121.83,1,30.0,hold:Y,+0.000,+0.000,+0.000,+0.188,1100,0,
1785505845.5272,2026-07-31T09:50:45.527,44.948,453,,,,0,,,,-0.0070,5.20,-0.0575,-122.51,1,30.0,hold:Y,+0.000,+0.000,+0.000,+0.177,1100,0,
1785505845.6278,2026-07-31T09:50:45.627,45.048,454,,,,0,,,,-0.0037,4.91,-0.0542,-122.80,1,30.0,hold:Y,+0.000,+0.000,+0.000,+0.168,1100,0,
1785505845.7263,2026-07-31T09:50:45.726,45.147,455,,,,0,,,,-0.0067,4.24,-0.0572,-123.48,1,30.0,hold:Y,+0.000,+0.000,+0.000,+0.164,1100,0,
1785505845.8267,2026-07-31T09:50:45.826,45.247,456,,,,0,,,,-0.0101,3.85,-0.0605,-123.86,1,30.0,hold:Y,+0.000,+0.000,+0.000,+0.152,1100,0,
1785505845.9255,2026-07-31T09:50:45.925,45.346,457,,,,0,,,,-0.0069,3.04,-0.0573,-124.67,1,30.0,hold:Y,+0.000,+0.000,+0.000,+0.146,1100,0,
1785505846.0243,2026-07-31T09:50:46.024,45.445,458,,,,0,,,,-0.0066,2.63,-0.0571,-125.08,1,30.0,hold:Y,+0.000,+0.000,+0.000,+0.133,1100,0,
1785505846.1244,2026-07-31T09:50:46.124,45.545,459,,,,0,,,,-0.0069,1.82,-0.0574,-125.89,1,30.0,hold:Y,+0.000,+0.000,+0.000,+0.000,1100,0,
1785505846.2247,2026-07-31T09:50:46.224,45.645,460,,,,0,,,,-0.0012,1.16,-0.0517,-126.55,1,30.0,hold:Y,+0.000,+0.000,+0.000,+0.000,1100,0,
1785505846.3230,2026-07-31T09:50:46.323,45.744,461,,,,0,,,,-0.0077,0.88,-0.0582,-126.83,1,30.0,hold:Y,+0.000,+0.000,+0.000,+0.000,1100,0,
1785505846.4217,2026-07-31T09:50:46.421,45.842,462,,,,0,,,,-0.0065,0.42,-0.0570,-127.29,1,30.0,hold:Y,+0.000,+0.000,+0.000,+0.000,1100,0,
1785505846.5205,2026-07-31T09:50:46.520,45.941,463,,,,0,,,,-0.0032,0.24,-0.0537,-127.47,1,30.0,hold:Y,+0.000,+0.000,+0.000,+0.000,1100,0,
1785505846.6201,2026-07-31T09:50:46.620,46.041,464,,,,0,,,,-0.0037,-0.03,-0.0542,-127.74,1,30.0,hold:Y,+0.000,+0.000,+0.000,+0.000,1100,0,
1785505846.7205,2026-07-31T09:50:46.720,46.141,465,,,,0,,,,-0.0103,-0.20,-0.0607,-127.92,1,30.0,hold:Y,+0.000,+0.000,+0.000,+0.000,1100,0,
1785505846.8200,2026-07-31T09:50:46.820,46.241,466,,,,0,,,,-0.0022,-0.28,-0.0527,-127.99,1,30.0,hold:Y,+0.000,+0.000,+0.000,+0.000,1100,0,
1785505846.9189,2026-07-31T09:50:46.918,46.340,467,,,,0,,,,-0.0026,-0.41,-0.0531,-128.12,1,30.0,hold:Y,+0.000,+0.000,+0.000,+0.000,1100,0,
1785505847.0178,2026-07-31T09:50:47.017,46.438,468,,,,0,,,,-0.0034,-0.46,-0.0539,-128.17,1,30.0,hold:Y,+0.000,+0.000,+0.000,+0.000,1100,0,
1785505847.1172,2026-07-31T09:50:47.117,46.538,469,,,,0,,,,-0.0040,-0.52,-0.0545,-128.23,1,30.0,hold:Y,+0.000,+0.000,+0.000,+0.000,1100,0,
1785505847.2181,2026-07-31T09:50:47.218,46.639,470,,,,0,,,,-0.0042,-0.53,-0.0547,-128.24,1,30.0,hold:Y,+0.000,+0.000,+0.000,+0.000,1100,0,
1785505847.3166,2026-07-31T09:50:47.316,46.737,471,,,,0,,,,-0.0055,-0.52,-0.0559,-128.23,1,30.0,hold:Y,+0.000,+0.000,+0.000,+0.000,1100,0,
1785505847.4162,2026-07-31T09:50:47.416,46.837,472,,,,0,,,,-0.0036,-0.49,-0.0541,-128.20,1,30.0,hold:Y,+0.000,+0.000,+0.000,+0.000,1100,0,
1785505847.5156,2026-07-31T09:50:47.515,46.936,473,,,,0,,,,-0.0067,-0.47,-0.0572,-128.18,1,30.0,hold:Y,+0.000,+0.000,+0.000,+0.000,1100,0,
1785505847.6144,2026-07-31T09:50:47.614,47.035,474,,,,0,,,,-0.0038,-0.39,-0.0543,-128.10,1,30.0,hold:Y,+0.000,+0.000,+0.000,+0.000,1100,0,
1785505847.7140,2026-07-31T09:50:47.714,47.135,475,,,,0,,,,-0.0046,-0.23,-0.0551,-127.94,1,30.0,hold:Y,+0.000,+0.000,+0.000,+0.000,1100,0,
1785505847.8141,2026-07-31T09:50:47.814,47.235,476,,,,0,,,,-0.0057,-0.15,-0.0562,-127.86,1,30.0,hold:Y,+0.000,+0.000,+0.000,+0.000,1100,0,
1785505847.9124,2026-07-31T09:50:47.912,47.333,477,,,,0,,,,-0.0058,-0.01,-0.0563,-127.72,1,30.0,hold:Y,+0.000,+0.000,+0.000,+0.000,1100,0,
1785505848.0117,2026-07-31T09:50:48.011,47.432,478,,,,0,,,,-0.0066,0.07,-0.0571,-127.64,1,30.0,hold:Y,+0.000,+0.000,+0.000,+0.000,1100,0,
1785505848.1104,2026-07-31T09:50:48.110,47.531,479,,,,0,,,,-0.0066,0.26,-0.0571,-127.45,1,30.0,hold:Y,+0.000,+0.000,+0.000,+0.000,1100,0,
1785505848.2096,2026-07-31T09:50:48.209,47.630,480,,,,0,,,,-0.0041,0.37,-0.0545,-127.34,1,30.0,hold:Y,+0.000,+0.000,+0.000,+0.000,1100,0,
1785505848.3086,2026-07-31T09:50:48.308,47.729,481,,,,0,,,,-0.0058,0.59,-0.0563,-127.12,1,30.0,hold:Y,+0.000,+0.000,+0.000,+0.000,1100,0,
1785505848.4075,2026-07-31T09:50:48.407,47.828,482,,,,0,,,,-0.0067,0.81,-0.0572,-126.90,1,30.0,hold:Y,+0.000,+0.000,+0.000,+0.000,1100,0,
1785505848.5071,2026-07-31T09:50:48.507,47.928,483,,,,0,,,,-0.0048,0.93,-0.0552,-126.78,1,30.0,hold:Y,+0.000,+0.000,+0.000,+0.000,1100,0,
1785505848.6057,2026-07-31T09:50:48.605,48.026,484,,,,0,,,,-0.0037,1.19,-0.0542,-126.52,1,30.0,hold:Y,+0.000,+0.000,+0.000,+0.000,1100,0,
1785505848.7047,2026-07-31T09:50:48.704,48.125,485,,,,0,,,,-0.0071,1.33,-0.0576,-126.38,1,30.0,hold:Y,+0.000,+0.000,+0.000,+0.000,1100,0,
1785505848.8035,2026-07-31T09:50:48.803,48.224,486,,,,0,,,,-0.0050,1.61,-0.0555,-126.10,1,30.0,hold:Y,+0.000,+0.000,+0.000,+0.000,1100,0,
1785505848.9030,2026-07-31T09:50:48.903,48.324,487,,,,0,,,,-0.0106,1.87,-0.0611,-125.84,1,30.0,hold:Y,+0.000,+0.000,+0.000,+0.000,1100,0,
1785505849.0016,2026-07-31T09:50:49.001,48.422,488,,,,0,,,,-0.0045,2.01,-0.0550,-125.70,1,30.0,hold:Y,+0.000,+0.000,+0.000,+0.036,1100,0,
1785505849.1012,2026-07-31T09:50:49.101,48.522,489,,,,0,,,,-0.0102,2.31,-0.0607,-125.40,1,30.0,hold:Y,+0.000,+0.000,+0.000,+0.040,1100,0,
1785505849.2000,2026-07-31T09:50:49.199,48.621,490,,,,0,,,,-0.0063,2.48,-0.0568,-125.23,1,30.0,hold:Y,+0.000,+0.000,+0.000,+0.047,1100,0,
1785505849.2988,2026-07-31T09:50:49.298,48.719,491,,,,0,,,,-0.0051,2.80,-0.0556,-124.91,1,30.0,hold:Y,+0.000,+0.000,+0.000,+0.051,1100,0,
1785505849.3984,2026-07-31T09:50:49.398,48.819,492,,,,0,,,,-0.0059,2.97,-0.0564,-124.74,1,30.0,hold:Y,+0.000,+0.000,+0.000,+0.058,1100,0,
1785505849.4988,2026-07-31T09:50:49.498,48.920,493,,,,0,,,,-0.0061,3.31,-0.0566,-124.40,1,30.0,hold:Y,+0.000,+0.000,+0.000,+0.062,1100,0,
1785505849.5976,2026-07-31T09:50:49.597,49.018,494,,,,0,,,,-0.0107,3.65,-0.0612,-124.06,1,30.0,hold:Y,+0.000,+0.000,+0.000,+0.069,1100,0,
1785505849.6969,2026-07-31T09:50:49.696,49.118,495,,,,0,,,,-0.0083,3.82,-0.0588,-123.89,1,30.0,hold:Y,+0.000,+0.000,+0.000,+0.077,1100,0,
1785505849.7959,2026-07-31T09:50:49.795,49.217,496,,,,0,,,,-0.0063,4.18,-0.0568,-123.53,1,30.0,hold:Y,+0.000,+0.000,+0.000,+0.082,1100,0,
1785505849.8955,2026-07-31T09:50:49.895,49.316,497,,,,0,,,,-0.0017,4.37,-0.0522,-123.34,1,30.0,hold:Y,+0.000,+0.000,+0.000,+0.090,1100,0,
1785505849.9952,2026-07-31T09:50:49.995,49.416,498,,,,0,,,,-0.0039,4.74,-0.0543,-122.97,1,30.0,hold:Y,+0.000,+0.000,+0.000,+0.095,1100,0,
1785505850.0949,2026-07-31T09:50:50.094,49.516,499,,,,0,,,,-0.0074,5.13,-0.0579,-122.58,1,30.0,hold:Y,+0.000,+0.000,+0.000,+0.104,1100,0,
1785505850.1940,2026-07-31T09:50:50.193,49.615,500,,,,0,,,,-0.0051,5.33,-0.0556,-122.38,1,30.0,hold:Y,+0.000,+0.000,+0.000,+0.113,1100,0,
1785505850.2918,2026-07-31T09:50:50.291,49.712,501,,,,0,,,,-0.0062,5.75,-0.0567,-121.96,1,30.0,hold:Y,+0.000,+0.000,+0.000,+0.119,1100,0,
1785505850.3913,2026-07-31T09:50:50.391,49.812,502,,,,0,,,,-0.0075,5.95,-0.0580,-121.76,1,30.0,hold:Y,+0.000,+0.000,+0.000,+0.129,1100,0,
1785505850.4899,2026-07-31T09:50:50.489,49.911,503,,,,0,,,,-0.0064,6.38,-0.0568,-121.33,1,30.0,hold:Y,+0.000,+0.000,+0.000,+0.135,1100,0,
1785505850.5891,2026-07-31T09:50:50.589,50.010,504,,,,0,,,,-0.0059,6.81,-0.0564,-120.90,1,30.0,hold:Y,+0.000,+0.000,+0.000,+0.146,1100,0,
1785505850.6895,2026-07-31T09:50:50.689,50.110,505,,,,0,,,,-0.0107,7.03,-0.0612,-120.68,1,30.0,hold:Y,+0.000,+0.000,+0.000,+0.156,1100,0,
1785505850.7882,2026-07-31T09:50:50.788,50.209,506,,,,0,,,,-0.0042,7.47,-0.0547,-120.24,1,30.0,hold:Y,+0.000,+0.000,+0.000,+0.163,1100,0,
1785505850.8868,2026-07-31T09:50:50.886,50.307,507,,,,0,,,,-0.0019,7.67,-0.0524,-120.04,1,30.0,hold:Y,+0.000,+0.000,+0.000,+0.173,1100,0,
1785505850.9864,2026-07-31T09:50:50.986,50.407,508,,,,0,,,,-0.0088,7.97,-0.0593,-119.74,1,30.0,hold:Y,+0.000,+0.000,+0.000,+0.179,1100,0,
1785505851.0856,2026-07-31T09:50:51.085,50.506,509,,,,0,,,,-0.0051,8.22,-0.0556,-119.49,1,30.0,hold:Y,+0.000,+0.000,+0.000,+0.187,1100,0,
1785505851.1843,2026-07-31T09:50:51.184,50.605,510,,,,0,,,,-0.0077,8.32,-0.0582,-119.39,1,30.0,hold:Y,+0.000,+0.000,+0.000,+0.195,1100,0,
1785505851.2846,2026-07-31T09:50:51.284,50.705,511,,,,0,,,,-0.0017,8.46,-0.0522,-119.25,1,30.0,hold:Y,+0.000,+0.000,+0.000,+0.200,1100,0,
1785505851.3865,2026-07-31T09:50:51.386,50.807,512,,,,0,,,,-0.0053,8.44,-0.0558,-119.27,1,30.0,hold:Y,+0.000,+0.000,+0.000,+0.203,1100,0,
1785505851.4849,2026-07-31T09:50:51.484,50.906,513,,,,0,,,,-0.0025,8.29,-0.0530,-119.43,1,30.0,hold:Y,+0.000,+0.000,+0.000,+0.206,1100,0,
1785505851.5841,2026-07-31T09:50:51.584,51.005,514,,,,0,,,,-0.0097,8.09,-0.0602,-119.62,1,30.0,hold:Y,+0.000,+0.000,+0.000,+0.205,1100,0,
1785505851.6833,2026-07-31T09:50:51.683,51.104,515,,,,0,,,,-0.0066,7.99,-0.0571,-119.72,1,30.0,hold:Y,+0.000,+0.000,+0.000,+0.205,1100,0,
1785505851.7818,2026-07-31T09:50:51.781,51.202,516,,,,0,,,,-0.0083,7.77,-0.0588,-119.94,1,30.0,hold:Y,+0.000,+0.000,+0.000,+0.207,1100,0,
1785505851.8826,2026-07-31T09:50:51.882,51.303,517,,,,0,,,,-0.0062,7.62,-0.0567,-120.09,1,30.0,hold:Y,+0.000,+0.000,+0.000,+0.205,1100,0,
1785505851.9826,2026-07-31T09:50:51.982,51.403,518,,,,0,,,,-0.0067,7.25,-0.0571,-120.46,1,30.0,hold:Y,+0.000,+0.000,+0.000,+0.204,1100,0,
1785505852.0818,2026-07-31T09:50:52.081,51.502,519,,,,0,,,,-0.0077,7.08,-0.0582,-120.63,1,30.0,hold:Y,+0.000,+0.000,+0.000,+0.201,1100,0,
1785505852.1810,2026-07-31T09:50:52.180,51.602,520,,,,0,,,,-0.0037,6.80,-0.0542,-120.91,1,30.0,hold:Y,+0.000,+0.000,+0.000,+0.199,1100,0,
1785505852.2813,2026-07-31T09:50:52.281,51.702,521,,,,0,,,,-0.0048,6.33,-0.0553,-121.38,1,30.0,hold:Y,+0.000,+0.000,+0.000,+0.198,1100,0,
1785505852.3803,2026-07-31T09:50:52.380,51.801,522,,,,0,,,,-0.0032,6.00,-0.0536,-121.71,1,30.0,hold:Y,+0.000,+0.000,+0.000,+0.189,1100,0,
1785505852.4790,2026-07-31T09:50:52.479,51.900,523,,,,0,,,,-0.0081,5.21,-0.0586,-122.50,1,30.0,hold:Y,+0.000,+0.000,+0.000,+0.185,1100,0,
1785505852.5781,2026-07-31T09:50:52.578,51.999,524,,,,0,,,,-0.0061,4.80,-0.0566,-122.91,1,30.0,hold:Y,+0.000,+0.000,+0.000,+0.172,1100,0,
1785505852.6771,2026-07-31T09:50:52.677,52.098,525,,,,0,,,,-0.0022,4.08,-0.0527,-123.63,1,30.0,hold:Y,+0.000,+0.000,+0.000,+0.167,1100,0,
1785505852.7775,2026-07-31T09:50:52.777,52.198,526,,,,0,,,,-0.0042,3.81,-0.0547,-123.90,1,30.0,hold:Y,+0.000,+0.000,+0.000,+0.158,1100,0,
1785505852.8769,2026-07-31T09:50:52.876,52.298,527,,,,0,,,,-0.0070,3.30,-0.0575,-124.41,1,30.0,hold:Y,+0.000,+0.000,+0.000,+0.150,1100,0,
1785505852.9772,2026-07-31T09:50:52.977,52.398,528,,,,0,,,,-0.0060,2.80,-0.0565,-124.91,1,30.0,hold:Y,+0.000,+0.000,+0.000,+0.147,1100,0,
1785505853.0761,2026-07-31T09:50:53.076,52.497,529,,,,0,,,,-0.0060,2.56,-0.0565,-125.15,1,30.0,hold:Y,+0.000,+0.000,+0.000,+0.139,1100,0,
1785505853.1765,2026-07-31T09:50:53.176,52.597,530,,,,0,,,,-0.0018,2.11,-0.0523,-125.60,1,30.0,hold:Y,+0.000,+0.000,+0.000,+0.136,1100,0,
1785505853.2753,2026-07-31T09:50:53.275,52.696,531,,,,0,,,,-0.0078,1.90,-0.0583,-125.81,1,30.0,hold:Y,+0.000,+0.000,+0.000,+0.000,1100,0,
1785505853.3742,2026-07-31T09:50:53.374,52.795,532,,,,0,,,,-0.0075,1.50,-0.0580,-126.21,1,30.0,hold:Y,+0.000,+0.000,+0.000,+0.000,1100,0,
1785505853.4731,2026-07-31T09:50:53.473,52.894,533,,,,0,,,,-0.0108,1.20,-0.0613,-126.51,1,30.0,hold:Y,+0.000,+0.000,+0.000,+0.000,1100,0,
1785505853.5720,2026-07-31T09:50:53.572,52.993,534,,,,0,,,,-0.0032,1.09,-0.0537,-126.62,1,30.0,hold:Y,+0.000,+0.000,+0.000,+0.000,1100,0,
1785505853.6718,2026-07-31T09:50:53.671,53.092,535,,,,0,,,,-0.0017,0.96,-0.0522,-126.75,1,30.0,hold:Y,+0.000,+0.000,+0.000,+0.000,1100,0,
1785505853.7707,2026-07-31T09:50:53.770,53.191,536,,,,0,,,,0.0013,0.93,-0.0492,-126.78,1,30.0,hold:Y,+0.000,+0.000,+0.000,+0.000,1100,0,
1785505853.8695,2026-07-31T09:50:53.869,53.290,537,,,,0,,,,-0.0074,0.91,-0.0578,-126.80,1,30.0,hold:Y,+0.000,+0.000,+0.000,+0.000,1100,0,
1785505853.9685,2026-07-31T09:50:53.968,53.389,538,,,,0,,,,-0.0056,0.93,-0.0561,-126.78,1,30.0,hold:Y,+0.000,+0.000,+0.000,+0.000,1100,0,
1785505854.0675,2026-07-31T09:50:54.067,53.488,539,,,,0,,,,-0.0070,0.95,-0.0575,-126.76,1,30.0,hold:Y,+0.000,+0.000,+0.000,+0.000,1100,0,
1785505854.1664,2026-07-31T09:50:54.166,53.587,540,,,,0,,,,-0.0031,1.05,-0.0536,-126.66,1,30.0,hold:Y,+0.000,+0.000,+0.000,+0.000,1100,0,
1785505854.2650,2026-07-31T09:50:54.265,53.686,541,,,,0,,,,-0.0083,1.11,-0.0588,-126.60,1,30.0,hold:Y,+0.000,+0.000,+0.000,+0.000,1100,0,
1785505854.3658,2026-07-31T09:50:54.365,53.786,542,,,,0,,,,-0.0047,1.24,-0.0552,-126.47,1,30.0,hold:Y,+0.000,+0.000,+0.000,+0.000,1100,0,
1785505854.4652,2026-07-31T09:50:54.465,53.886,543,,,,0,,,,-0.0078,1.41,-0.0583,-126.30,1,30.0,hold:Y,+0.000,+0.000,+0.000,+0.000,1100,0,
1785505854.5646,2026-07-31T09:50:54.564,53.985,544,,,,0,,,,-0.0094,1.51,-0.0599,-126.20,1,30.0,hold:Y,+0.000,+0.000,+0.000,+0.000,1100,0,
1785505854.6651,2026-07-31T09:50:54.665,54.086,545,,,,0,,,,-0.0044,1.71,-0.0549,-126.00,1,30.0,hold:Y,+0.000,+0.000,+0.000,+0.000,1100,0,
1785505854.7636,2026-07-31T09:50:54.763,54.184,546,,,,0,,,,-0.0090,1.82,-0.0595,-125.89,1,30.0,hold:Y,+0.000,+0.000,+0.000,-0.334,1100,0,
1785505854.8624,2026-07-31T09:50:54.862,54.283,547,,,,0,,,,-0.0047,2.04,-0.0552,-125.67,1,30.0,hold:Y,+0.000,+0.000,+0.000,-0.340,1100,0,
1785505854.9614,2026-07-31T09:50:54.961,54.382,548,,,,0,,,,-0.0042,2.76,-0.0546,-124.95,1,30.0,hold:Y,+0.000,+0.000,+0.000,-0.340,1100,0,
1785505855.0601,2026-07-31T09:50:55.060,54.481,549,,,,0,,,,0.0014,3.35,-0.0490,-124.36,1,30.0,hold:Y,+0.000,+0.000,+0.000,-0.328,1100,0,
1785505855.1594,2026-07-31T09:50:55.159,54.580,550,,,,0,,,,-0.0083,4.88,-0.0588,-122.83,1,30.0,hold:Y,+0.000,+0.000,+0.000,-0.321,1100,0,
1785505855.2583,2026-07-31T09:50:55.258,54.679,551,,,,0,,,,-0.0081,5.80,-0.0586,-121.91,1,30.0,hold:Y,+0.000,+0.000,+0.000,-0.296,1100,0,
1785505855.3573,2026-07-31T09:50:55.357,54.778,552,,,,0,,,,-0.0066,7.78,-0.0571,-119.93,1,30.0,hold:Y,+0.000,+0.000,+0.000,-0.284,1100,0,
1785505855.4562,2026-07-31T09:50:55.456,54.877,553,,,,0,,,,-0.0047,8.74,-0.0552,-118.97,1,30.0,hold:Y,+0.000,+0.000,+0.000,-0.253,1100,0,
1785505855.5554,2026-07-31T09:50:55.555,54.976,554,,,,0,,,,-0.0060,10.62,-0.0565,-117.09,1,30.0,hold:Y,+0.000,+0.000,+0.000,-0.224,1100,0,
1785505855.6564,2026-07-31T09:50:55.656,55.077,555,,,,0,,,,-0.0043,12.30,-0.0548,-115.41,1,30.0,idle,+0.000,+0.000,+0.000,+0.000,1100,0,
1785505855.7552,2026-07-31T09:50:55.755,55.176,556,,,,0,,,,-0.0034,13.06,-0.0539,-114.65,1,30.0,idle,+0.000,+0.000,+0.000,+0.000,1100,0,
1785505855.8559,2026-07-31T09:50:55.855,55.277,557,,,,0,,,,-0.0053,14.39,-0.0558,-113.32,1,30.0,idle,+0.000,+0.000,+0.000,+0.000,1100,0,
1785505855.9548,2026-07-31T09:50:55.954,55.376,558,,,,0,,,,-0.0033,14.97,-0.0538,-112.74,1,30.0,idle,+0.000,+0.000,+0.000,+0.000,1100,0,
1785505856.0539,2026-07-31T09:50:56.053,55.475,559,,,,0,,,,-0.0045,16.04,-0.0549,-111.67,1,30.0,idle,+0.000,+0.000,+0.000,+0.000,1100,0,
1785505856.1527,2026-07-31T09:50:56.152,55.573,560,,,,0,,,,-0.0036,17.00,-0.0540,-110.71,1,30.0,idle,+0.000,+0.000,+0.000,+0.000,1100,0,
1785505856.2528,2026-07-31T09:50:56.252,55.673,561,,,,0,,,,-0.0046,17.45,-0.0550,-110.26,1,30.0,hold:Y,+0.000,+0.000,+0.000,-0.211,1100,0,
1785505856.3529,2026-07-31T09:50:56.352,55.774,562,,,,0,,,,-0.0072,18.30,-0.0577,-109.41,1,30.0,hold:Y,+0.000,+0.000,+0.000,-0.039,1100,0,
1785505856.4520,2026-07-31T09:50:56.452,55.873,563,,,,0,,,,-0.0065,18.69,-0.0569,-109.02,1,30.0,hold:Y,+0.000,+0.000,+0.000,+0.000,1100,0,
1785505856.5511,2026-07-31T09:50:56.551,55.972,564,,,,0,,,,0.0003,19.44,-0.0502,-108.28,1,30.0,hold:Y,+0.000,+0.000,+0.000,+0.000,1100,0,
1785505856.6508,2026-07-31T09:50:56.650,56.071,565,,,,0,,,,-0.0071,19.79,-0.0576,-107.92,1,30.0,hold:Y,+0.000,+0.000,+0.000,+0.000,1100,0,
1785505856.7495,2026-07-31T09:50:56.749,56.170,566,,,,0,,,,-0.0035,20.49,-0.0540,-107.22,1,30.0,hold:Y,+0.000,+0.000,+0.000,+0.000,1100,0,
1785505856.8499,2026-07-31T09:50:56.849,56.271,567,,,,0,,,,-0.0038,21.18,-0.0543,-106.53,1,30.0,hold:Y,+0.000,+0.000,+0.000,+0.000,1100,0,
1785505856.9483,2026-07-31T09:50:56.948,56.369,568,,,,0,,,,-0.0067,21.54,-0.0571,-106.17,1,30.0,hold:Y,+0.000,+0.000,+0.000,+0.000,1100,0,
1785505857.0474,2026-07-31T09:50:57.047,56.468,569,,,,0,,,,-0.0082,22.27,-0.0587,-105.44,1,30.0,hold:Y,+0.000,+0.000,+0.000,+0.000,1100,0,
1785505857.1478,2026-07-31T09:50:57.147,56.568,570,,,,0,,,,-0.0097,23.02,-0.0602,-104.69,1,30.0,hold:Y,+0.000,+0.000,+0.000,+0.049,1100,0,
1785505857.2465,2026-07-31T09:50:57.246,56.667,571,,,,0,,,,-0.0056,23.40,-0.0561,-104.31,1,30.0,hold:Y,+0.000,+0.000,+0.000,+0.063,1100,0,
1785505857.3466,2026-07-31T09:50:57.346,56.767,572,,,,0,,,,-0.0045,24.13,-0.0550,-103.58,1,30.0,hold:Y,+0.000,+0.000,+0.000,+0.072,1100,0,
1785505857.4455,2026-07-31T09:50:57.445,56.866,573,,,,0,,,,-0.0040,24.48,-0.0545,-103.23,1,30.0,hold:Y,+0.000,+0.000,+0.000,+0.086,1100,0,
1785505857.5445,2026-07-31T09:50:57.544,56.965,574,,,,0,,,,-0.0069,25.15,-0.0574,-102.56,1,30.0,hold:Y,+0.000,+0.000,+0.000,+0.094,1100,0,
1785505857.6436,2026-07-31T09:50:57.643,57.064,575,,,,0,,,,-0.0066,25.79,-0.0570,-101.92,1,30.0,hold:Y,+0.000,+0.000,+0.000,+0.108,1100,0,
1785505857.7432,2026-07-31T09:50:57.743,57.164,576,,,,0,,,,-0.0078,26.11,-0.0583,-101.60,1,30.0,hold:Y,+0.000,+0.000,+0.000,+0.122,1100,0,
1785505857.8424,2026-07-31T09:50:57.842,57.263,577,,,,0,,,,-0.0078,26.77,-0.0583,-100.94,1,30.0,hold:Y,+0.000,+0.000,+0.000,+0.130,1100,0,
1785505857.9415,2026-07-31T09:50:57.941,57.362,578,,,,0,,,,-0.0082,27.11,-0.0586,-100.60,1,30.0,hold:Y,+0.000,+0.000,+0.000,+0.145,1100,0,
1785505858.0410,2026-07-31T09:50:58.041,57.462,579,,,,0,,,,-0.0103,27.81,-0.0608,-99.90,1,30.0,hold:Y,+0.000,+0.000,+0.000,+0.154,1100,0,
1785505858.1400,2026-07-31T09:50:58.139,57.561,580,,,,0,,,,-0.0083,28.53,-0.0588,-99.18,1,30.0,hold:Y,+0.000,+0.000,+0.000,+0.170,1100,0,
1785505858.2388,2026-07-31T09:50:58.238,57.659,581,,,,0,,,,-0.0087,28.89,-0.0592,-98.82,1,30.0,hold:Y,+0.000,+0.000,+0.000,+0.186,1100,0,
1785505858.3382,2026-07-31T09:50:58.338,57.759,582,,,,0,,,,-0.0080,29.49,-0.0585,-98.22,1,30.0,hold:Y,+0.000,+0.000,+0.000,+0.196,1100,0,
1785505858.4379,2026-07-31T09:50:58.437,57.859,583,,,,0,,,,-0.0045,29.72,-0.0550,-97.99,1,30.0,hold:Y,+0.000,+0.000,+0.000,+0.209,1100,0,
1785505858.5383,2026-07-31T09:50:58.538,57.959,584,,,,0,,,,-0.0070,29.95,-0.0575,-97.76,1,30.0,hold:Y,+0.000,+0.000,+0.000,+0.216,1100,0,
1785505858.6380,2026-07-31T09:50:58.638,58.059,585,,,,0,,,,-0.0073,29.97,-0.0578,-97.74,1,30.0,hold:Y,+0.000,+0.000,+0.000,+0.221,1100,0,
1785505858.7366,2026-07-31T09:50:58.736,58.157,586,,,,0,,,,-0.0034,29.87,-0.0539,-97.84,1,30.0,hold:Y,+0.000,+0.000,+0.000,+0.223,1100,0,
1785505858.8363,2026-07-31T09:50:58.836,58.257,587,,,,0,,,,-0.0081,29.64,-0.0586,-98.07,1,30.0,hold:Y,+0.000,+0.000,+0.000,+0.225,1100,0,
1785505858.9349,2026-07-31T09:50:58.934,58.356,588,,,,0,,,,-0.0052,29.49,-0.0557,-98.22,1,30.0,hold:Y,+0.000,+0.000,+0.000,+0.224,1100,0,
1785505859.0337,2026-07-31T09:50:59.033,58.454,589,,,,0,,,,-0.0102,29.20,-0.0607,-98.51,1,30.0,hold:Y,+0.000,+0.000,+0.000,+0.225,1100,0,
1785505859.1324,2026-07-31T09:50:59.132,58.553,590,,,,0,,,,-0.0083,29.07,-0.0588,-98.64,1,30.0,hold:Y,+0.000,+0.000,+0.000,+0.224,1100,0,
1785505859.2315,2026-07-31T09:50:59.231,58.652,591,,,,0,,,,-0.0011,28.92,-0.0516,-98.80,1,30.0,hold:Y,+0.000,+0.000,+0.000,+0.226,1100,0,
1785505859.3325,2026-07-31T09:50:59.332,58.753,592,,,,0,,,,-0.0046,28.78,-0.0551,-98.93,1,30.0,hold:Y,+0.000,+0.000,+0.000,+0.227,1100,0,
1785505859.4331,2026-07-31T09:50:59.433,58.854,593,,,,0,,,,-0.0067,28.69,-0.0572,-99.02,1,30.0,hold:Y,+0.000,+0.000,+0.000,+0.228,1100,0,
1785505859.5326,2026-07-31T09:50:59.532,58.953,594,,,,0,,,,-0.0006,28.52,-0.0511,-99.19,1,30.0,hold:Y,+0.000,+0.000,+0.000,+0.230,1100,0,
1785505859.6319,2026-07-31T09:50:59.631,59.053,595,,,,0,,,,-0.0039,28.37,-0.0544,-99.34,1,30.0,hold:Y,+0.000,+0.000,+0.000,+0.229,1100,0,
1785505859.7308,2026-07-31T09:50:59.730,59.151,596,,,,0,,,,-0.0001,27.85,-0.0506,-99.86,1,30.0,hold:Y,+0.000,+0.000,+0.000,+0.228,1100,0,
1785505859.8297,2026-07-31T09:50:59.829,59.250,597,,,,0,,,,-0.0069,27.25,-0.0574,-100.46,1,30.0,hold:Y,+0.000,+0.000,+0.000,+0.220,1100,0,
1785505859.9292,2026-07-31T09:50:59.929,59.350,598,,,,0,,,,-0.0012,26.97,-0.0517,-100.74,1,30.0,hold:Y,+0.000,+0.000,+0.000,+0.218,1100,0,
1785505860.0282,2026-07-31T09:51:00.028,59.449,599,,,,0,,,,-0.0080,26.53,-0.0585,-101.18,1,30.0,hold:Y,+0.000,+0.000,+0.000,+0.211,1100,0,
1785505860.1272,2026-07-31T09:51:00.127,59.548,600,,,,0,,,,-0.0038,26.36,-0.0543,-101.35,1,30.0,hold:Y,+0.000,+0.000,+0.000,+0.207,1100,0,
1785505860.2260,2026-07-31T09:51:00.225,59.647,601,,,,0,,,,-0.0053,26.14,-0.0558,-101.57,1,30.0,hold:Y,+0.000,+0.000,+0.000,+0.207,1100,0,
1785505860.3238,2026-07-31T09:51:00.323,59.744,602,,,,0,,,,-0.0027,26.09,-0.0532,-101.62,1,30.0,hold:Y,+0.000,+0.000,+0.000,+0.207,1100,0,
1785505860.4225,2026-07-31T09:51:00.422,59.843,603,,,,0,,,,-0.0028,25.90,-0.0533,-101.81,1,30.0,hold:Y,+0.000,+0.000,+0.000,+0.209,1100,0,
1785505860.5235,2026-07-31T09:51:00.523,59.944,604,,,,0,,,,-0.0018,25.45,-0.0523,-102.26,1,30.0,hold:Y,+0.000,+0.000,+0.000,+0.205,1100,0,
1785505860.6229,2026-07-31T09:51:00.622,60.044,605,,,,0,,,,-0.0062,25.21,-0.0566,-102.50,1,30.0,hold:Y,+0.000,+0.000,+0.000,+0.198,1100,0,
1785505860.7224,2026-07-31T09:51:00.722,60.143,606,,,,0,,,,-0.0058,24.72,-0.0562,-102.99,1,30.0,hold:Y,+0.000,+0.000,+0.000,+0.196,1100,0,
1785505860.8234,2026-07-31T09:51:00.823,60.244,607,,,,0,,,,-0.0043,24.45,-0.0548,-103.26,1,30.0,hold:Y,+0.000,+0.000,+0.000,+0.188,1100,0,
1785505860.9244,2026-07-31T09:51:00.924,60.345,608,,,,0,,,,-0.0073,23.93,-0.0577,-103.78,1,30.0,hold:Y,+0.000,+0.000,+0.000,+0.181,1100,0,
1785505861.0243,2026-07-31T09:51:01.024,60.445,609,,,,0,,,,-0.0046,23.25,-0.0551,-104.46,1,30.0,hold:Y,+0.000,+0.000,+0.000,+0.176,1100,0,
1785505861.1228,2026-07-31T09:51:01.122,60.543,610,,,,0,,,,-0.0051,22.88,-0.0556,-104.83,1,30.0,hold:Y,+0.000,+0.000,+0.000,+0.164,1100,0,
1785505861.2222,2026-07-31T09:51:01.222,60.643,611,,,,0,,,,-0.0057,22.04,-0.0562,-105.68,1,30.0,hold:Y,+0.000,+0.000,+0.000,+0.158,1100,0,
1785505861.3215,2026-07-31T09:51:01.321,60.742,612,,,,0,,,,-0.0038,21.58,-0.0542,-106.13,1,30.0,hold:Y,+0.000,+0.000,+0.000,+0.000,1100,0,
1785505861.4207,2026-07-31T09:51:01.420,60.841,613,,,,0,,,,-0.0069,20.75,-0.0574,-106.96,1,30.0,hold:Y,+0.000,+0.000,+0.000,+0.000,1100,0,
1785505861.5200,2026-07-31T09:51:01.520,60.941,614,,,,0,,,,-0.0078,20.08,-0.0583,-107.63,1,30.0,hold:Y,+0.000,+0.000,+0.000,+0.000,1100,0,
1785505861.6187,2026-07-31T09:51:01.618,61.039,615,,,,0,,,,-0.0103,19.79,-0.0608,-107.92,1,30.0,hold:Y,+0.000,+0.000,+0.000,+0.000,1100,0,
1785505861.7191,2026-07-31T09:51:01.719,61.140,616,,,,0,,,,-0.0037,19.27,-0.0542,-108.45,1,30.0,hold:Y,+0.000,+0.000,+0.000,+0.000,1100,0,
1785505861.8178,2026-07-31T09:51:01.817,61.238,617,,,,0,,,,-0.0053,19.02,-0.0558,-108.69,1,30.0,hold:Y,+0.000,+0.000,+0.000,+0.000,1100,0,
1785505861.9171,2026-07-31T09:51:01.917,61.338,618,,,,0,,,,-0.0091,18.60,-0.0596,-109.11,1,30.0,hold:Y,+0.000,+0.000,+0.000,+0.000,1100,0,
1785505862.0160,2026-07-31T09:51:02.015,61.437,619,,,,0,,,,-0.0037,18.25,-0.0542,-109.46,1,30.0,hold:Y,+0.000,+0.000,+0.000,+0.000,1100,0,
1785505862.1149,2026-07-31T09:51:02.114,61.536,620,,,,0,,,,-0.0065,18.11,-0.0570,-109.60,1,30.0,hold:Y,+0.000,+0.000,+0.000,+0.000,1100,0,
1785505862.2153,2026-07-31T09:51:02.215,61.636,621,,,,0,,,,-0.0084,17.87,-0.0589,-109.84,1,30.0,hold:Y,+0.000,+0.000,+0.000,-0.037,1100,0,
1785505862.3138,2026-07-31T09:51:02.313,61.734,622,,,,0,,,,-0.0075,17.76,-0.0580,-109.95,1,30.0,hold:Y,+0.000,+0.000,+0.000,-0.042,1100,0,
1785505862.4141,2026-07-31T09:51:02.414,61.835,623,,,,0,,,,-0.0046,17.57,-0.0550,-110.14,1,30.0,hold:Y,+0.000,+0.000,+0.000,-0.044,1100,0,
1785505862.5128,2026-07-31T09:51:02.512,61.933,624,,,,0,,,,-0.0046,17.44,-0.0551,-110.27,1,30.0,hold:Y,+0.000,+0.000,+0.000,-0.048,1100,0,
1785505862.6143,2026-07-31T09:51:02.614,62.035,625,,,,0,,,,-0.0034,17.39,-0.0538,-110.32,1,30.0,hold:Y,+0.000,+0.000,+0.000,-0.051,1100,0,
1785505862.7128,2026-07-31T09:51:02.712,62.133,626,,,,0,,,,-0.0062,17.33,-0.0567,-110.39,1,30.0,hold:Y,+0.000,+0.000,+0.000,-0.053,1100,0,
1785505862.8121,2026-07-31T09:51:02.812,62.233,627,,,,0,,,,-0.0058,17.30,-0.0563,-110.41,1,30.0,hold:Y,+0.000,+0.000,+0.000,-0.055,1100,0,
1785505862.9117,2026-07-31T09:51:02.911,62.332,628,,,,0,,,,-0.0100,17.25,-0.0605,-110.46,1,30.0,hold:Y,+0.000,+0.000,+0.000,-0.057,1100,0,
1785505863.0108,2026-07-31T09:51:03.010,62.431,629,,,,0,,,,-0.0094,17.22,-0.0599,-110.49,1,30.0,hold:Y,+0.000,+0.000,+0.000,-0.058,1100,0,
1785505863.1113,2026-07-31T09:51:03.111,62.532,630,,,,0,,,,-0.0103,17.21,-0.0608,-110.50,1,30.0,hold:Y,+0.000,+0.000,+0.000,-0.060,1100,0,
1785505863.2107,2026-07-31T09:51:03.210,62.631,631,,,,0,,,,-0.0057,17.20,-0.0562,-110.51,1,30.0,hold:Y,+0.000,+0.000,+0.000,-0.061,1100,0,
1785505863.3099,2026-07-31T09:51:03.309,62.731,632,,,,0,,,,-0.0068,17.21,-0.0573,-110.50,1,30.0,hold:Y,+0.000,+0.000,+0.000,-0.062,1100,0,
1785505863.4095,2026-07-31T09:51:03.409,62.830,633,,,,0,,,,-0.0042,17.26,-0.0547,-110.45,1,30.0,hold:Y,+0.000,+0.000,+0.000,-0.063,1100,0,
1785505863.5086,2026-07-31T09:51:03.508,62.929,634,,,,0,,,,-0.0027,17.32,-0.0531,-110.39,1,30.0,hold:Y,+0.000,+0.000,+0.000,-0.063,1100,0,
1785505863.6073,2026-07-31T09:51:03.607,63.028,635,,,,0,,,,-0.0053,17.37,-0.0558,-110.34,1,30.0,hold:Y,+0.000,+0.000,+0.000,-0.063,1100,0,
1785505863.7058,2026-07-31T09:51:03.705,63.127,636,,,,0,,,,-0.0053,17.46,-0.0557,-110.25,1,30.0,hold:Y,+0.000,+0.000,+0.000,-0.063,1100,0,
1785505863.8056,2026-07-31T09:51:03.805,63.226,637,,,,0,,,,-0.0058,17.51,-0.0563,-110.20,1,30.0,hold:Y,+0.000,+0.000,+0.000,-0.062,1100,0,
1785505863.9054,2026-07-31T09:51:03.905,63.326,638,,,,0,,,,-0.0061,17.62,-0.0566,-110.09,1,30.0,hold:Y,+0.000,+0.000,+0.000,-0.062,1100,0,
1785505864.0041,2026-07-31T09:51:04.004,63.425,639,,,,0,,,,0.0006,17.69,-0.0499,-110.02,1,30.0,hold:Y,+0.000,+0.000,+0.000,-0.061,1100,0,
1785505864.1034,2026-07-31T09:51:04.103,63.524,640,,,,0,,,,-0.0041,17.84,-0.0546,-109.87,1,30.0,hold:Y,+0.000,+0.000,+0.000,-0.060,1100,0,
1785505864.2037,2026-07-31T09:51:04.203,63.624,641,,,,0,,,,-0.0037,17.99,-0.0542,-109.72,1,30.0,hold:Y,+0.000,+0.000,+0.000,-0.058,1100,0,
1785505864.3042,2026-07-31T09:51:04.304,63.725,642,,,,0,,,,-0.0043,18.08,-0.0547,-109.63,1,30.0,hold:DY,+0.000,+0.000,+0.000,+0.000,1100,0,
1785505864.4030,2026-07-31T09:51:04.403,63.824,643,,,,0,,,,-0.0057,18.25,-0.0562,-109.46,1,30.0,hold:DY,+0.000,+0.000,-1.000,+0.000,1100,0,
1785505864.5030,2026-07-31T09:51:04.503,63.924,644,,,,0,,,,-0.0043,18.34,-0.0548,-109.37,1,30.0,hold:DY,+0.000,+0.000,-1.000,+0.000,1100,0,
1785505864.6024,2026-07-31T09:51:04.602,64.023,645,,,,0,,,,-0.0065,18.57,-0.0570,-109.15,1,30.0,hold:DY,+0.000,+0.000,-1.000,+0.000,1100,0,
1785505864.7013,2026-07-31T09:51:04.701,64.122,646,,,,0,,,,-0.0003,18.71,-0.0508,-109.00,1,30.0,hold:DY,+0.000,+0.000,-1.000,+0.000,1100,0,
1785505864.7999,2026-07-31T09:51:04.799,64.221,647,,,,0,,,,0.0050,18.79,-0.0455,-108.92,1,30.0,hold:DY,+0.000,+0.000,-1.000,+0.000,1100,0,
1785505864.8990,2026-07-31T09:51:04.899,64.320,648,,,,0,,,,0.0195,18.90,-0.0310,-108.81,1,30.0,hold:DY,+0.000,+0.000,-1.000,+0.000,1100,0,
1785505864.9995,2026-07-31T09:51:04.999,64.420,649,,,,0,,,,0.0262,18.97,-0.0242,-108.74,1,30.0,hold:DY,+0.000,+0.000,-1.000,+0.000,1100,0,
1785505865.0983,2026-07-31T09:51:05.098,64.519,650,,,,0,,,,0.0443,19.09,-0.0061,-108.62,1,30.0,hold:DY,+0.000,+0.000,-1.000,+0.000,1100,0,
1785505865.1979,2026-07-31T09:51:05.197,64.619,651,,,,0,,,,0.0638,19.19,0.0134,-108.52,1,30.0,hold:DY,+0.000,+0.000,-1.000,+0.000,1100,0,
1785505865.2977,2026-07-31T09:51:05.297,64.718,652,,,,0,,,,0.0736,19.25,0.0231,-108.46,1,30.0,hold:DY,+0.000,+0.000,-1.000,+0.000,1100,0,
1785505865.3975,2026-07-31T09:51:05.397,64.818,653,,,,0,,,,0.0929,19.41,0.0424,-108.30,1,30.0,hold:DY,+0.000,+0.000,-1.000,+0.000,1100,0,
1785505865.4978,2026-07-31T09:51:05.497,64.918,654,,,,0,,,,0.1005,19.49,0.0501,-108.22,1,30.0,hold:DY,+0.000,+0.000,-1.000,+0.000,1100,0,
1785505865.5962,2026-07-31T09:51:05.596,65.017,655,,,,0,,,,0.1229,19.65,0.0724,-108.06,1,30.0,hold:DY,+0.000,+0.000,-1.000,+0.000,1100,0,
1785505865.6952,2026-07-31T09:51:05.695,65.116,656,,,,0,,,,0.1512,19.84,0.1008,-107.87,1,30.0,hold:DY,+0.000,+0.000,-1.000,+0.000,1100,0,
1785505865.7948,2026-07-31T09:51:05.794,65.215,657,,,,0,,,,0.1621,19.97,0.1116,-107.74,1,30.0,hold:DY,+0.000,+0.000,-1.000,+0.000,1100,0,
1785505865.8934,2026-07-31T09:51:05.893,65.314,658,,,,0,,,,0.1897,20.28,0.1392,-107.43,1,30.0,hold:DY,+0.000,+0.000,-1.000,+0.000,1100,0,
1785505865.9922,2026-07-31T09:51:05.992,65.413,659,,,,0,,,,0.2011,20.46,0.1506,-107.25,1,30.0,hold:DY,+0.000,+0.000,-1.000,+0.000,1100,0,
1785505866.0912,2026-07-31T09:51:06.091,65.512,660,,,,0,,,,0.2318,20.83,0.1813,-106.88,1,30.0,hold:DY,+0.000,+0.000,-1.000,+0.000,1100,0,
1785505866.1909,2026-07-31T09:51:06.190,65.612,661,,,,0,,,,0.2644,21.23,0.2139,-106.48,1,30.0,hold:DY,+0.000,+0.000,-1.000,+0.000,1100,0,
1785505866.2894,2026-07-31T09:51:06.289,65.710,662,,,,0,,,,0.2757,21.44,0.2252,-106.27,1,30.0,hold:DY,+0.000,+0.000,-1.000,+0.000,1100,0,
1785505866.3885,2026-07-31T09:51:06.388,65.809,663,,,,0,,,,0.3110,21.89,0.2605,-105.82,1,30.0,hold:DY,+0.000,+0.000,-1.000,+0.000,1100,0,
1785505866.4888,2026-07-31T09:51:06.488,65.909,664,,,,0,,,,0.3293,22.13,0.2788,-105.58,1,30.0,hold:DY,+0.000,+0.000,-1.000,+0.039,1100,0,
1785505866.5877,2026-07-31T09:51:06.587,66.008,665,,,,0,,,,0.3605,22.54,0.3100,-105.18,1,30.0,hold:DY,+0.000,+0.000,-1.000,+0.043,1100,0,
1785505866.6865,2026-07-31T09:51:06.686,66.107,666,,,,0,,,,0.3841,22.73,0.3336,-104.98,1,30.0,hold:DY,+0.000,+0.000,-1.000,+0.051,1100,0,
1785505866.7860,2026-07-31T09:51:06.786,66.207,667,,,,0,,,,0.4256,23.11,0.3751,-104.60,1,30.0,hold:DY,+0.000,+0.000,-1.000,+0.059,1100,0,
1785505866.8852,2026-07-31T09:51:06.885,66.306,668,,,,0,,,,0.4692,23.48,0.4187,-104.23,1,30.0,hold:DY,+0.000,+0.000,-1.000,+0.064,1100,0,
1785505866.9860,2026-07-31T09:51:06.986,66.407,669,,,,0,,,,0.4925,23.67,0.4421,-104.04,1,30.0,hold:DY,+0.000,+0.000,-1.000,+0.072,1100,0,
1785505867.0868,2026-07-31T09:51:07.086,66.507,670,,,,0,,,,0.5371,24.03,0.4866,-103.68,1,30.0,hold:DY,+0.000,+0.000,-1.000,+0.077,1100,0,
1785505867.1854,2026-07-31T09:51:07.185,66.606,671,,,,0,,,,0.5586,24.20,0.5081,-103.51,1,30.0,hold:DY,+0.000,+0.000,-1.000,+0.085,1100,0,
1785505867.2851,2026-07-31T09:51:07.285,66.706,672,,,,0,,,,0.6037,24.52,0.5532,-103.19,1,30.0,hold:DY,+0.000,+0.000,-1.000,+0.092,1100,0,
1785505867.3844,2026-07-31T09:51:07.384,66.805,673,,,,0,,,,0.6543,24.85,0.6038,-102.86,1,30.0,hold:DY,+0.000,+0.000,-1.000,+0.097,1100,0,
1785505867.4842,2026-07-31T09:51:07.484,66.905,674,,,,0,,,,0.6762,25.00,0.6257,-102.71,1,30.0,hold:DY,+0.000,+0.000,-1.000,+0.105,1100,0,
1785505867.5831,2026-07-31T09:51:07.583,67.004,675,,,,0,,,,0.7268,25.29,0.6763,-102.42,1,30.0,hold:DY,+0.000,+0.000,-1.000,+0.109,1100,0,
1785505867.6840,2026-07-31T09:51:07.683,67.105,676,,,,0,,,,0.7469,25.45,0.6964,-102.26,1,30.0,hold:DY,+0.000,+0.000,-1.000,+0.117,1100,0,
1785505867.7831,2026-07-31T09:51:07.783,67.204,677,,,,0,,,,0.7971,25.78,0.7466,-101.94,1,30.0,hold:DY,+0.000,+0.000,-0.944,+0.122,1100,0,
1785505867.8826,2026-07-31T09:51:07.882,67.303,678,,,,0,,,,0.8481,26.10,0.7976,-101.61,1,30.0,hold:DY,+0.000,+0.000,-0.855,+0.130,1100,0,
1785505867.9818,2026-07-31T09:51:07.981,67.402,679,,,,0,,,,0.8688,26.26,0.8183,-101.45,1,30.0,hold:DY,+0.000,+0.000,-0.762,+0.139,1100,0,
1785505868.0807,2026-07-31T09:51:08.080,67.501,680,,,,0,,,,0.9159,26.60,0.8654,-101.11,1,30.0,hold:DY,+0.000,+0.000,-0.716,+0.144,1100,0,
1785505868.1793,2026-07-31T09:51:08.179,67.600,681,,,,0,,,,0.9364,26.77,0.8859,-100.94,1,30.0,hold:DY,+0.000,+0.000,-0.627,+0.153,1100,0,
1785505868.2789,2026-07-31T09:51:08.278,67.700,682,,,,0,,,,0.9768,27.10,0.9263,-100.61,1,30.0,hold:DY,+0.000,+0.000,-0.591,+0.159,1100,0,
1785505868.3773,2026-07-31T09:51:08.377,67.798,683,,,,0,,,,1.0158,27.40,0.9654,-100.31,1,30.0,hold:DY,+0.000,+0.000,-0.506,+0.167,1100,0,
1785505868.4765,2026-07-31T09:51:08.476,67.897,684,,,,0,,,,1.0304,27.51,0.9799,-100.20,1,30.0,hold:DY,+0.000,+0.000,-0.439,+0.175,1100,0,
1785505868.5753,2026-07-31T09:51:08.575,67.996,685,,,,0,,,,1.0668,27.68,1.0163,-100.03,1,30.0,hold:DY,+0.000,+0.000,-0.396,+0.179,1100,0,
1785505868.6759,2026-07-31T09:51:08.675,68.097,686,,,,0,,,,1.0848,27.73,1.0344,-99.98,1,30.0,hold:DY,+0.000,+0.000,-0.325,+0.185,1100,0,
1785505868.7744,2026-07-31T09:51:08.774,68.195,687,,,,0,,,,1.1177,27.80,1.0672,-99.92,1,30.0,hold:DY,+0.000,+0.000,-0.288,+0.189,1100,0,
1785505868.8746,2026-07-31T09:51:08.874,68.295,688,,,,0,,,,1.1433,27.78,1.0929,-99.93,1,30.0,hold:DY,+0.000,+0.000,-0.222,+0.192,1100,0,
1785505868.9734,2026-07-31T09:51:08.973,68.394,689,,,,0,,,,1.1603,27.68,1.1098,-100.03,1,30.0,hold:DY,+0.000,+0.000,-0.160,+0.193,1100,0,
1785505869.0742,2026-07-31T09:51:09.074,68.495,690,,,,0,,,,1.1825,27.32,1.1320,-100.39,1,30.0,hold:DY,+0.000,+0.000,-0.132,+0.193,1100,0,
1785505869.1748,2026-07-31T09:51:09.174,68.595,691,,,,0,,,,1.1971,27.12,1.1466,-100.59,1,30.0,hold:DY,+0.000,+0.000,-0.072,+0.189,1100,0,
1785505869.2745,2026-07-31T09:51:09.274,68.695,692,,,,0,,,,1.2183,26.68,1.1678,-101.03,1,30.0,hold:DY,+0.000,+0.000,-0.038,+0.188,1100,0,
1785505869.3736,2026-07-31T09:51:09.373,68.794,693,,,,0,,,,1.2437,26.18,1.1933,-101.53,1,30.0,hold:DY,+0.000,+0.000,+0.013,+0.182,1100,0,
1785505869.4732,2026-07-31T09:51:09.473,68.894,694,,,,0,,,,1.2541,25.87,1.2036,-101.84,1,30.0,hold:DY,+0.000,+0.000,+0.069,+0.174,1100,0,
1785505869.5728,2026-07-31T09:51:09.572,68.993,695,,,,0,,,,1.2780,25.26,1.2275,-102.45,1,30.0,hold:DY,+0.000,+0.000,+0.102,+0.171,1100,0,
1785505869.6723,2026-07-31T09:51:09.672,69.093,696,,,,0,,,,1.2844,25.02,1.2339,-102.69,1,30.0,hold:DY,+0.000,+0.000,+0.151,+0.163,1100,0,
1785505869.7725,2026-07-31T09:51:09.772,69.193,697,,,,0,,,,1.3097,24.60,1.2593,-103.11,1,30.0,hold:DY,+0.000,+0.000,+0.189,+0.161,1100,0,
1785505869.8715,2026-07-31T09:51:09.871,69.292,698,,,,0,,,,1.3304,24.25,1.2799,-103.46,1,30.0,hold:DY,+0.000,+0.000,+0.242,+0.156,1100,0,
1785505869.9712,2026-07-31T09:51:09.971,69.392,699,,,,0,,,,1.3338,24.10,1.2834,-103.61,1,30.0,hold:DY,+0.000,+0.000,+0.287,+0.152,1100,0,
1785505870.0695,2026-07-31T09:51:10.069,69.490,700,,,,0,,,,1.3534,23.84,1.3029,-103.87,1,30.0,hold:DY,+0.000,+0.000,+0.323,+0.151,1100,0,
1785505870.1684,2026-07-31T09:51:10.168,69.589,701,,,,0,,,,1.3617,23.75,1.3113,-103.96,1,30.0,hold:DY,+0.000,+0.000,+0.371,+0.149,1100,0,
1785505870.2677,2026-07-31T09:51:10.267,69.688,702,,,,0,,,,1.3783,23.63,1.3279,-104.09,1,30.0,hold:DY,+0.000,+0.000,+0.393,+0.149,1100,0,
1785505870.3667,2026-07-31T09:51:10.366,69.787,703,,,,0,,,,1.3854,23.59,1.3349,-104.12,1,30.0,hold:DY,+0.000,+0.000,+0.448,+0.149,1100,0,
1785505870.4672,2026-07-31T09:51:10.467,69.888,704,,,,0,,,,1.3942,23.45,1.3437,-104.26,1,30.0,hold:DY,+0.000,+0.000,+0.464,+0.149,1100,0,
1785505870.5657,2026-07-31T09:51:10.565,69.986,705,,,,0,,,,1.4049,23.28,1.3544,-104.43,1,30.0,hold:DY,+0.000,+0.000,+0.501,+0.148,1100,0,
1785505870.6663,2026-07-31T09:51:10.666,70.087,706,,,,0,,,,1.4066,23.19,1.3561,-104.52,1,30.0,hold:DY,+0.000,+0.000,+0.537,+0.146,1100,0,
1785505870.7668,2026-07-31T09:51:10.766,70.187,707,,,,0,,,,1.4173,23.07,1.3668,-104.64,1,30.0,hold:DY,+0.000,+0.000,+0.569,+0.146,1100,0,
1785505870.8657,2026-07-31T09:51:10.865,70.286,708,,,,0,,,,1.4251,23.07,1.3746,-104.64,1,30.0,hold:DY,+0.000,+0.000,+0.608,+0.146,1100,0,
1785505870.9662,2026-07-31T09:51:10.966,70.387,709,,,,0,,,,1.4260,23.16,1.3755,-104.55,1,30.0,hold:DY,+0.000,+0.000,+0.626,+0.149,1100,0,
1785505871.0649,2026-07-31T09:51:11.064,70.486,710,,,,0,,,,1.4297,23.37,1.3792,-104.34,1,30.0,hold:DY,+0.000,+0.000,+0.648,+0.152,1100,0,
1785505871.1636,2026-07-31T09:51:11.163,70.584,711,,,,0,,,,1.4294,23.51,1.3789,-104.20,1,30.0,hold:DY,+0.000,+0.000,+0.667,+0.158,1100,0,
1785505871.2616,2026-07-31T09:51:11.261,70.682,712,,,,0,,,,1.4285,23.85,1.3780,-103.86,1,30.0,hold:DY,+0.000,+0.000,+0.683,+0.162,1100,0,
1785505871.3623,2026-07-31T09:51:11.362,70.783,713,,,,0,,,,1.4295,23.99,1.3790,-103.72,1,30.0,hold:DY,+0.000,+0.000,+0.701,+0.170,1100,0,
1785505871.4621,2026-07-31T09:51:11.462,70.883,714,,,,0,,,,1.4263,24.23,1.3758,-103.48,1,30.0,hold:DY,+0.000,+0.000,+0.716,+0.174,1100,0,
1785505871.5615,2026-07-31T09:51:11.561,70.982,715,,,,0,,,,1.4265,24.34,1.3761,-103.37,1,30.0,hold:DY,+0.000,+0.000,+0.729,+0.179,1100,0,
1785505871.6632,2026-07-31T09:51:11.663,71.084,716,,,,0,,,,1.4213,24.53,1.3708,-103.18,1,30.0,hold:DY,+0.000,+0.000,+0.736,+0.184,1100,0,
1785505871.7632,2026-07-31T09:51:11.763,71.184,717,,,,0,,,,1.4195,24.65,1.3690,-103.06,1,30.0,hold:DY,+0.000,+0.000,+0.750,+0.187,1100,0,
1785505871.8622,2026-07-31T09:51:11.862,71.283,718,,,,0,,,,1.4205,24.68,1.3700,-103.03,1,30.0,hold:DY,+0.000,+0.000,+0.768,+0.191,1100,0,
1785505871.9615,2026-07-31T09:51:11.961,71.382,719,,,,0,,,,1.4134,24.58,1.3629,-103.13,1,30.0,hold:DY,+0.000,+0.000,+0.780,+0.192,1100,0,
1785505872.0607,2026-07-31T09:51:12.060,71.481,720,,,,0,,,,1.4070,24.45,1.3565,-103.26,1,30.0,hold:DY,+0.000,+0.000,+0.772,+0.192,1100,0,
1785505872.1600,2026-07-31T09:51:12.160,71.581,721,,,,0,,,,1.4050,24.40,1.3546,-103.31,1,30.0,hold:DY,+0.000,+0.000,+0.786,+0.191,1100,0,
1785505872.2588,2026-07-31T09:51:12.258,71.679,722,,,,0,,,,1.3951,24.26,1.3446,-103.45,1,30.0,hold:DY,+0.000,+0.000,+0.790,+0.192,1100,0,
1785505872.3582,2026-07-31T09:51:12.358,71.779,723,,,,0,,,,1.3891,24.14,1.3386,-103.57,1,30.0,hold:DY,+0.000,+0.000,+0.786,+0.190,1100,0,
1785505872.4566,2026-07-31T09:51:12.456,71.877,724,,,,0,,,,1.3775,23.78,1.3271,-103.93,1,30.0,hold:DY,+0.000,+0.000,+0.794,+0.189,1100,0,
1785505872.5560,2026-07-31T09:51:12.555,71.977,725,,,,0,,,,1.3668,23.40,1.3164,-104.31,1,30.0,hold:DY,+0.000,+0.000,+0.781,+0.183,1100,0,
1785505872.6551,2026-07-31T09:51:12.655,72.076,726,,,,0,,,,1.3657,23.22,1.3152,-104.49,1,30.0,hold:DY,+0.000,+0.000,+0.784,+0.178,1100,0,
1785505872.7537,2026-07-31T09:51:12.753,72.174,727,,,,0,,,,1.3502,22.95,1.2998,-104.76,1,30.0,hold:DY,+0.000,+0.000,+0.766,+0.176,1100,0,
1785505872.8543,2026-07-31T09:51:12.854,72.275,728,,,,0,,,,1.3438,22.85,1.2933,-104.86,1,30.0,hold:DY,+0.000,+0.000,+0.768,+0.173,1100,0,
1785505872.9534,2026-07-31T09:51:12.953,72.374,729,,,,0,,,,1.3303,22.74,1.2799,-104.97,1,30.0,hold:DY,+0.000,+0.000,+0.762,+0.173,1100,0,
1785505873.0527,2026-07-31T09:51:13.052,72.473,730,,,,0,,,,1.3143,22.81,1.2638,-104.90,1,30.0,hold:DY,+0.000,+0.000,+0.751,+0.174,1100,0,
1785505873.1517,2026-07-31T09:51:13.151,72.572,731,,,,0,,,,1.3070,22.91,1.2566,-104.81,1,30.0,hold:DY,+0.000,+0.000,+0.733,+0.178,1100,0,
1785505873.2514,2026-07-31T09:51:13.251,72.672,732,,,,0,,,,1.2891,23.14,1.2387,-104.57,1,30.0,hold:DY,+0.000,+0.000,+0.734,+0.181,1100,0,
1785505873.3498,2026-07-31T09:51:13.349,72.770,733,,,,0,,,,1.2797,23.27,1.2293,-104.44,1,30.0,hold:DY,+0.000,+0.000,+0.702,+0.187,1100,0,
1785505873.4509,2026-07-31T09:51:13.450,72.872,734,,,,0,,,,1.2650,23.58,1.2146,-104.13,1,30.0,hold:DY,+0.000,+0.000,+0.687,+0.191,1100,0,
1785505873.5507,2026-07-31T09:51:13.550,72.971,735,,,,0,,,,1.2428,23.68,1.1923,-104.03,1,30.0,hold:DY,+0.000,+0.000,+0.670,+0.197,1100,0,
1785505873.6501,2026-07-31T09:51:13.650,73.071,736,,,,0,,,,1.2373,23.65,1.1868,-104.06,1,30.0,hold:DY,+0.000,+0.000,+0.648,+0.198,1100,0,
1785505873.7488,2026-07-31T09:51:13.748,73.170,737,,,,0,,,,1.2147,23.51,1.1643,-104.20,1,30.0,hold:DY,+0.000,+0.000,+0.635,+0.198,1100,0,
1785505873.8483,2026-07-31T09:51:13.848,73.269,738,,,,0,,,,1.2082,23.42,1.1577,-104.29,1,30.0,hold:DY,+0.000,+0.000,+0.607,+0.197,1100,0,
1785505873.9467,2026-07-31T09:51:13.946,73.367,739,,,,0,,,,1.1864,23.31,1.1359,-104.40,1,30.0,hold:DY,+0.000,+0.000,+0.583,+0.196,1100,0,
1785505874.0470,2026-07-31T09:51:14.047,73.468,740,,,,0,,,,1.1652,23.45,1.1147,-104.26,1,30.0,hold:DY,+0.000,+0.000,+0.552,+0.198,1100,0,
1785505874.1467,2026-07-31T09:51:14.146,73.567,741,,,,0,,,,1.1540,23.59,1.1035,-104.12,1,30.0,hold:DY,+0.000,+0.000,+0.520,+0.204,1100,0,
1785505874.2473,2026-07-31T09:51:14.247,73.668,742,,,,0,,,,1.1313,23.81,1.0808,-103.90,1,30.0,hold:DY,+0.000,+0.000,+0.505,+0.208,1100,0,
1785505874.3461,2026-07-31T09:51:14.346,73.767,743,,,,0,,,,1.1210,23.82,1.0705,-103.89,1,30.0,hold:DY,+0.000,+0.000,+0.465,+0.211,1100,0,
1785505874.4457,2026-07-31T09:51:14.445,73.866,744,,,,0,,,,1.1082,23.78,1.0577,-103.93,1,30.0,hold:DY,+0.000,+0.000,+0.454,+0.212,1100,0,
1785505874.5455,2026-07-31T09:51:14.545,73.966,745,,,,0,,,,1.0974,23.70,1.0469,-104.01,1,30.0,hold:DY,+0.000,+0.000,+0.427,+0.212,1100,0,
1785505874.6440,2026-07-31T09:51:14.644,74.065,746,,,,0,,,,1.0785,23.57,1.0280,-104.14,1,30.0,hold:DY,+0.000,+0.000,+0.393,+0.211,1100,0,
1785505874.7432,2026-07-31T09:51:14.743,74.164,747,,,,0,,,,1.0654,23.66,1.0149,-104.05,1,30.0,hold:DY,+0.000,+0.000,+0.384,+0.213,1100,0,
1785505874.8433,2026-07-31T09:51:14.843,74.264,748,,,,0,,,,1.0575,23.78,1.0070,-103.93,1,30.0,hold:DY,+0.000,+0.000,+0.356,+0.217,1100,0,
1785505874.9424,2026-07-31T09:51:14.942,74.363,749,,,,0,,,,1.0433,24.05,0.9928,-103.66,1,30.0,hold:DY,+0.000,+0.000,+0.339,+0.221,1100,0,
1785505875.0413,2026-07-31T09:51:15.041,74.462,750,,,,0,,,,1.0369,24.20,0.9865,-103.51,1,30.0,hold:DY,+0.000,+0.000,+0.319,+0.228,1100,0,
1785505875.1407,2026-07-31T09:51:15.140,74.561,751,,,,0,,,,1.0220,24.35,0.9715,-103.36,1,30.0,hold:DY,+0.000,+0.000,+0.290,+0.233,1100,0,
1785505875.2398,2026-07-31T09:51:15.239,74.660,752,,,,0,,,,1.0101,24.39,0.9597,-103.32,1,30.0,hold:DY,+0.000,+0.000,+0.274,+0.235,1100,0,
1785505875.3393,2026-07-31T09:51:15.339,74.760,753,,,,0,,,,1.0028,24.41,0.9524,-103.30,1,30.0,hold:DY,+0.000,+0.000,+0.252,+0.237,1100,0,
1785505875.4380,2026-07-31T09:51:15.438,74.859,754,,,,0,,,,0.9884,24.62,0.9379,-103.09,1,30.0,hold:DY,+0.000,+0.000,+0.245,+0.240,1100,0,
1785505875.5373,2026-07-31T09:51:15.537,74.958,755,,,,0,,,,0.9813,24.78,0.9308,-102.93,1,30.0,hold:DY,+0.000,+0.000,+0.209,+0.247,1100,0,
1785505875.6376,2026-07-31T09:51:15.637,75.058,756,,,,0,,,,0.9715,24.94,0.9211,-102.78,1,30.0,hold:DY,+0.000,+0.000,+0.205,+0.251,1100,0,
1785505875.7365,2026-07-31T09:51:15.736,75.157,757,,,,0,,,,0.9700,24.99,0.9195,-102.72,1,30.0,hold:DY,+0.000,+0.000,+0.185,+0.255,1100,0,
1785505875.8356,2026-07-31T09:51:15.835,75.256,758,,,,0,,,,0.9573,24.92,0.9068,-102.79,1,30.0,hold:DY,+0.000,+0.000,+0.167,+0.257,1100,0,
1785505875.9347,2026-07-31T09:51:15.934,75.355,759,,,,0,,,,0.9496,24.68,0.8991,-103.03,1,30.0,hold:DY,+0.000,+0.000,+0.154,+0.256,1100,0,
1785505876.0333,2026-07-31T09:51:16.033,75.454,760,,,,0,,,,0.9355,24.52,0.8850,-103.19,1,30.0,hold:DY,+0.000,+0.000,+0.110,+0.252,1100,0,
1785505876.1325,2026-07-31T09:51:16.132,75.553,761,,,,0,,,,0.9371,24.17,0.8866,-103.54,1,30.0,hold:DY,+0.000,+0.000,+0.108,+0.251,1100,0,
1785505876.2313,2026-07-31T09:51:16.231,75.652,762,,,,0,,,,0.9269,24.04,0.8764,-103.67,1,30.0,hold:DY,+0.000,+0.000,+0.088,+0.247,1100,0,
1785505876.3294,2026-07-31T09:51:16.329,75.750,763,,,,0,,,,0.9173,23.91,0.8668,-103.80,1,30.0,hold:DY,+0.000,+0.000,+0.068,+0.247,1100,0,
1785505876.4289,2026-07-31T09:51:16.428,75.850,764,,,,0,,,,0.9044,23.90,0.8539,-103.81,1,30.0,hold:DY,+0.000,+0.000,+0.053,+0.248,1100,0,
1785505876.5284,2026-07-31T09:51:16.528,75.949,765,,,,0,,,,0.9045,23.87,0.8540,-103.84,1,30.0,hold:DY,+0.000,+0.000,+0.033,+0.249,1100,0,
1785505876.6277,2026-07-31T09:51:16.627,76.048,766,,,,0,,,,0.8943,23.75,0.8438,-103.96,1,30.0,hold:DY,+0.000,+0.000,+0.016,+0.249,1100,0,
1785505876.7268,2026-07-31T09:51:16.726,76.147,767,,,,0,,,,0.8847,23.66,0.8342,-104.05,1,30.0,hold:DY,+0.000,+0.000,-0.015,+0.248,1100,0,
1785505876.8254,2026-07-31T09:51:16.825,76.246,768,,,,0,,,,0.8800,23.32,0.8295,-104.39,1,30.0,hold:DY,+0.000,+0.000,-0.022,+0.247,1100,0,
1785505876.9244,2026-07-31T09:51:16.924,76.345,769,,,,0,,,,0.8669,22.93,0.8164,-104.78,1,30.0,hold:DY,+0.000,+0.000,-0.039,+0.241,1100,0,
1785505877.0232,2026-07-31T09:51:17.023,76.444,770,,,,0,,,,0.8697,22.76,0.8193,-104.95,1,30.0,hold:DY,+0.000,+0.000,-0.059,+0.236,1100,0,
1785505877.1236,2026-07-31T09:51:17.123,76.544,771,,,,0,,,,0.8576,22.47,0.8071,-105.24,1,30.0,hold:DY,+0.000,+0.000,-0.080,+0.234,1100,0,
1785505877.2229,2026-07-31T09:51:17.222,76.644,772,,,,0,,,,0.8562,22.37,0.8058,-105.34,1,30.0,hold:DY,+0.000,+0.000,-0.097,+0.231,1100,0,
1785505877.3223,2026-07-31T09:51:17.322,76.743,773,,,,0,,,,0.8470,22.13,0.7965,-105.58,1,30.0,hold:DY,+0.000,+0.000,-0.106,+0.230,1100,0,
1785505877.4213,2026-07-31T09:51:17.421,76.842,774,,,,0,,,,0.8374,21.81,0.7869,-105.90,1,30.0,hold:DY,+0.000,+0.000,-0.130,+0.000,1100,0,
1785505877.5209,2026-07-31T09:51:17.520,76.942,775,,,,0,,,,0.8372,21.66,0.7867,-106.05,1,30.0,hold:DY,+0.000,+0.000,-0.154,+0.000,1100,0,
1785505877.6201,2026-07-31T09:51:17.620,77.041,776,,,,0,,,,0.8279,21.47,0.7774,-106.24,1,30.0,hold:DY,+0.000,+0.000,-0.178,+0.000,1100,0,
1785505877.7198,2026-07-31T09:51:17.719,77.141,777,,,,0,,,,0.8257,21.53,0.7753,-106.18,1,30.0,hold:DY,+0.000,+0.000,-0.190,+0.000,1100,0,
1785505877.8192,2026-07-31T09:51:17.819,77.240,778,,,,0,,,,0.8238,21.85,0.7733,-105.86,1,30.0,hold:DY,+0.000,+0.000,-0.199,+0.000,1100,0,
1785505877.9182,2026-07-31T09:51:17.918,77.339,779,,,,0,,,,0.8157,22.42,0.7652,-105.29,1,30.0,hold:DY,+0.000,+0.000,-0.237,+0.039,1100,0,
1785505878.0187,2026-07-31T09:51:18.018,77.439,780,,,,0,,,,0.8054,22.76,0.7549,-104.95,1,30.0,hold:DY,+0.000,+0.000,-0.253,+0.051,1100,0,
1785505878.1181,2026-07-31T09:51:18.118,77.539,781,,,,0,,,,0.8031,23.42,0.7526,-104.29,1,30.0,hold:DY,+0.000,+0.000,-0.271,+0.058,1100,0,
1785505878.2193,2026-07-31T09:51:18.219,77.640,782,,,,0,,,,0.7985,23.74,0.7480,-103.97,1,30.0,hold:DY,+0.000,+0.000,-0.283,+0.072,1100,0,
1785505878.3183,2026-07-31T09:51:18.318,77.739,783,,,,0,,,,0.7940,24.39,0.7436,-103.32,1,30.0,hold:DY,+0.000,+0.000,-0.294,+0.079,1100,0,
1785505878.4180,2026-07-31T09:51:18.418,77.839,784,,,,0,,,,0.7832,25.04,0.7328,-102.67,1,30.0,hold:DY,+0.000,+0.000,-0.316,+0.092,1100,0,
1785505878.5182,2026-07-31T09:51:18.518,77.939,785,,,,0,,,,0.7819,25.37,0.7314,-102.34,1,30.0,hold:DY,+0.000,+0.000,-0.341,+0.106,1100,0,
1785505878.6174,2026-07-31T09:51:18.617,78.038,786,,,,0,,,,0.7812,26.04,0.7307,-101.67,1,30.0,hold:DY,+0.000,+0.000,-0.348,+0.114,1100,0,
1785505878.7162,2026-07-31T09:51:18.716,78.137,787,,,,0,,,,0.7741,26.37,0.7236,-101.34,1,30.0,hold:DY,+0.000,+0.000,-0.374,+0.129,1100,0,
1785505878.8168,2026-07-31T09:51:18.816,78.237,788,,,,0,,,,0.7712,27.07,0.7207,-100.64,1,30.0,hold:DY,+0.000,+0.000,-0.392,+0.138,1100,0,
1785505878.9160,2026-07-31T09:51:18.916,78.337,789,,,,0,,,,0.7663,27.76,0.7158,-99.95,1,30.0,hold:DY,+0.000,+0.000,-0.399,+0.153,1100,0,
1785505879.0152,2026-07-31T09:51:19.015,78.436,790,,,,0,,,,0.7657,28.12,0.7152,-99.59,1,30.0,hold:DY,+0.000,+0.000,-0.418,+0.169,1100,0,
1785505879.1148,2026-07-31T09:51:19.114,78.535,791,,,,0,,,,0.7655,28.82,0.7151,-98.89,1,30.0,hold:DY,+0.000,+0.000,-0.428,+0.179,1100,0,
1785505879.2135,2026-07-31T09:51:19.213,78.634,792,,,,0,,,,0.7618,29.14,0.7113,-98.57,1,30.0,hold:DY,+0.000,+0.000,-0.445,+0.194,1100,0,
1785505879.3123,2026-07-31T09:51:19.312,78.733,793,,,,0,,,,0.7570,29.78,0.7065,-97.93,1,30.0,hold:DY,+0.000,+0.000,-0.470,+0.204,1100,0,
1785505879.4119,2026-07-31T09:51:19.411,78.833,794,,,,0,,,,0.7599,30.07,0.7094,-97.64,1,30.0,hold:DY,+0.000,+0.000,-0.468,+0.219,1100,0,
1785505879.5105,2026-07-31T09:51:19.510,78.931,795,,,,0,,,,0.7504,30.46,0.6999,-97.25,1,30.0,hold:DY,+0.000,+0.000,-0.491,+0.227,1100,0,
1785505879.6095,2026-07-31T09:51:19.609,79.030,796,,,,0,,,,0.7506,30.71,0.7001,-97.00,1,30.0,hold:DY,+0.000,+0.000,-0.500,+0.236,1100,0,
1785505879.7084,2026-07-31T09:51:19.708,79.129,797,,,,0,,,,0.7496,30.80,0.6991,-96.91,1,30.0,hold:DY,+0.000,+0.000,-0.518,+0.244,1100,0,
1785505879.8073,2026-07-31T09:51:19.807,79.228,798,,,,0,,,,0.7514,30.92,0.7009,-96.80,1,30.0,hold:DY,+0.000,+0.000,-0.523,+0.250,1100,0,
1785505879.9068,2026-07-31T09:51:19.906,79.327,799,,,,0,,,,0.7515,30.93,0.7011,-96.79,1,30.0,hold:DY,+0.000,+0.000,-0.534,+0.255,1100,0,
1785505880.0071,2026-07-31T09:51:20.007,79.428,800,,,,0,,,,0.7546,30.91,0.7041,-96.80,1,30.0,hold:DY,+0.000,+0.000,-0.543,+0.259,1100,0,
1785505880.1061,2026-07-31T09:51:20.106,79.527,801,,,,0,,,,0.7585,30.88,0.7080,-96.83,1,30.0,hold:DY,+0.000,+0.000,-0.547,+0.263,1100,0,
1785505880.2051,2026-07-31T09:51:20.205,79.626,802,,,,0,,,,0.7561,30.87,0.7056,-96.84,1,30.0,hold:DY,+0.000,+0.000,-0.554,+0.267,1100,0,
1785505880.3037,2026-07-31T09:51:20.303,79.724,803,,,,0,,,,0.7657,30.78,0.7153,-96.93,1,30.0,hold:DY,+0.000,+0.000,-0.550,+0.271,1100,0,
1785505880.4032,2026-07-31T09:51:20.403,79.824,804,,,,0,,,,0.7626,30.68,0.7121,-97.03,1,30.0,hold:DY,+0.000,+0.000,-0.559,+0.272,1100,0,
1785505880.5026,2026-07-31T09:51:20.502,79.923,805,,,,0,,,,0.7708,30.42,0.7203,-97.29,1,30.0,hold:DY,+0.000,+0.000,-0.561,+0.275,1100,0,
1785505880.6017,2026-07-31T09:51:20.601,80.022,806,,,,0,,,,0.7761,30.08,0.7256,-97.64,1,30.0,hold:DY,+0.000,+0.000,-0.565,+0.273,1100,0,
1785505880.7005,2026-07-31T09:51:20.700,80.121,807,,,,0,,,,0.7793,29.88,0.7288,-97.83,1,30.0,hold:DY,+0.000,+0.000,-0.553,+0.270,1100,0,
1785505880.8002,2026-07-31T09:51:20.800,80.221,808,,,,0,,,,0.7851,29.42,0.7347,-98.29,1,30.0,hold:DY,+0.000,+0.000,-0.559,+0.270,1100,0,
1785505880.8998,2026-07-31T09:51:20.899,80.320,809,,,,0,,,,0.7893,29.20,0.7388,-98.51,1,30.0,hold:DY,+0.000,+0.000,-0.551,+0.266,1100,0,
1785505880.9992,2026-07-31T09:51:20.999,80.420,810,,,,0,,,,0.8003,28.72,0.7498,-98.99,1,30.0,hold:DY,+0.000,+0.000,-0.556,+0.265,1100,0,
1785505881.0983,2026-07-31T09:51:21.098,80.519,811,,,,0,,,,0.8024,28.29,0.7519,-99.42,1,30.0,hold:DY,+0.000,+0.000,-0.539,+0.260,1100,0,
1785505881.1975,2026-07-31T09:51:21.197,80.618,812,,,,0,,,,0.8081,28.11,0.7576,-99.60,1,30.0,hold:DY,+0.000,+0.000,-0.537,+0.256,1100,0,
1785505881.2969,2026-07-31T09:51:21.296,80.718,813,,,,0,,,,0.8175,27.82,0.7670,-99.89,1,30.0,hold:DY,+0.000,+0.000,-0.525,+0.257,1100,0,
1785505881.3959,2026-07-31T09:51:21.395,80.817,814,,,,0,,,,0.8202,27.71,0.7698,-100.00,1,30.0,hold:DY,+0.000,+0.000,-0.527,+0.255,1100,0,
1785505881.4959,2026-07-31T09:51:21.495,80.917,815,,,,0,,,,0.8309,27.54,0.7804,-100.17,1,30.0,hold:DY,+0.000,+0.000,-0.530,+0.257,1100,0,
1785505881.5944,2026-07-31T09:51:21.594,81.015,816,,,,0,,,,0.8419,27.45,0.7914,-100.26,1,30.0,hold:DY,+0.000,+0.000,-0.519,+0.257,1100,0,
1785505881.6943,2026-07-31T09:51:21.694,81.115,817,,,,0,,,,0.8452,27.36,0.7947,-100.35,1,30.0,hold:DY,+0.000,+0.000,-0.497,+0.258,1100,0,
1785505881.7927,2026-07-31T09:51:21.792,81.213,818,,,,0,,,,0.8504,27.00,0.7999,-100.71,1,30.0,hold:DY,+0.000,+0.000,-0.504,+0.258,1100,0,
1785505881.8921,2026-07-31T09:51:21.892,81.313,819,,,,0,,,,0.8572,26.76,0.8067,-100.95,1,30.0,hold:DY,+0.000,+0.000,-0.486,+0.253,1100,0,
1785505881.9907,2026-07-31T09:51:21.990,81.411,820,,,,0,,,,0.8684,26.23,0.8179,-101.48,1,30.0,hold:DY,+0.000,+0.000,-0.483,+0.251,1100,0,
1785505882.0896,2026-07-31T09:51:22.089,81.510,821,,,,0,,,,0.8785,25.78,0.8280,-101.93,1,30.0,hold:DY,+0.000,+0.000,-0.472,+0.244,1100,0,
1785505882.1902,2026-07-31T09:51:22.190,81.611,822,,,,0,,,,0.8825,25.63,0.8320,-102.08,1,30.0,hold:DY,+0.000,+0.000,-0.450,+0.240,1100,0,
1785505882.2886,2026-07-31T09:51:22.288,81.709,823,,,,0,,,,0.8886,25.46,0.8381,-102.25,1,30.0,hold:DY,+0.000,+0.000,-0.442,+0.240,1100,0,
1785505882.3889,2026-07-31T09:51:22.388,81.810,824,,,,0,,,,0.8972,25.43,0.8467,-102.28,1,30.0,hold:DY,+0.000,+0.000,-0.430,+0.241,1100,0,
1785505882.4876,2026-07-31T09:51:22.487,81.908,825,,,,0,,,,0.9077,25.34,0.8572,-102.37,1,30.0,hold:DY,+0.000,+0.000,-0.430,+0.242,1100,0,
1785505882.5866,2026-07-31T09:51:22.586,82.007,826,,,,0,,,,0.9144,25.28,0.8639,-102.43,1,30.0,hold:DY,+0.000,+0.000,-0.403,+0.242,1100,0,
1785505882.6865,2026-07-31T09:51:22.686,82.107,827,,,,0,,,,0.9186,25.06,0.8681,-102.65,1,30.0,hold:DY,+0.000,+0.000,-0.398,+0.240,1100,0,
1785505882.7858,2026-07-31T09:51:22.785,82.206,828,,,,0,,,,0.9293,24.72,0.8788,-102.99,1,30.0,hold:DY,+0.000,+0.000,-0.403,+0.239,1100,0,
1785505882.8864,2026-07-31T09:51:22.886,82.307,829,,,,0,,,,0.9353,24.56,0.8848,-103.15,1,30.0,hold:DY,+0.000,+0.000,-0.371,+0.235,1100,0,
1785505882.9856,2026-07-31T09:51:22.985,82.406,830,,,,0,,,,0.9411,24.26,0.8907,-103.45,1,30.0,hold:DY,+0.000,+0.000,-0.365,+0.234,1100,0,
1785505883.0846,2026-07-31T09:51:23.084,82.505,831,,,,0,,,,0.9447,24.16,0.8942,-103.55,1,30.0,hold:DY,+0.000,+0.000,-0.357,+0.231,1100,0,
1785505883.1854,2026-07-31T09:51:23.185,82.606,832,,,,0,,,,0.9555,24.04,0.9051,-103.67,1,30.0,hold:DY,+0.000,+0.000,-0.337,+0.231,1100,0,
1785505883.2844,2026-07-31T09:51:23.284,82.705,833,,,,0,,,,0.9607,23.95,0.9102,-103.76,1,30.0,hold:DY,+0.000,+0.000,-0.330,+0.232,1100,0,
1785505883.3832,2026-07-31T09:51:23.383,82.804,834,,,,0,,,,0.9650,23.92,0.9146,-103.79,1,30.0,hold:DY,+0.000,+0.000,-0.321,+0.232,1100,0,
1785505883.4816,2026-07-31T09:51:23.481,82.902,835,,,,0,,,,0.9746,23.90,0.9241,-103.81,1,30.0,hold:DY,+0.000,+0.000,-0.313,+0.233,1100,0,
1785505883.5822,2026-07-31T09:51:23.582,83.003,836,,,,0,,,,0.9753,23.86,0.9248,-103.85,1,30.0,hold:DY,+0.000,+0.000,-0.303,+0.234,1100,0,
1785505883.6807,2026-07-31T09:51:23.680,83.101,837,,,,0,,,,0.9859,23.69,0.9355,-104.02,1,30.0,hold:DY,+0.000,+0.000,-0.289,+0.234,1100,0,
1785505883.7798,2026-07-31T09:51:23.779,83.200,838,,,,0,,,,0.9861,23.58,0.9356,-104.13,1,30.0,hold:DY,+0.000,+0.000,-0.282,+0.232,1100,0,
1785505883.8795,2026-07-31T09:51:23.879,83.300,839,,,,0,,,,0.9949,23.31,0.9444,-104.40,1,30.0,hold:DY,+0.000,+0.000,-0.264,+0.228,1100,0,
1785505883.9779,2026-07-31T09:51:23.977,83.399,840,,,,0,,,,0.9970,23.07,0.9466,-104.64,1,30.0,hold:DY,+0.000,+0.000,-0.260,+0.227,1100,0,
1785505884.0767,2026-07-31T09:51:24.076,83.497,841,,,,0,,,,1.0038,22.99,0.9534,-104.72,1,30.0,hold:DY,+0.000,+0.000,-0.246,+0.225,1100,0,
1785505884.1770,2026-07-31T09:51:24.177,83.598,842,,,,0,,,,1.0087,22.81,0.9582,-104.91,1,30.0,hold:DY,+0.000,+0.000,-0.244,+0.225,1100,0,
1785505884.2775,2026-07-31T09:51:24.277,83.698,843,,,,0,,,,1.0098,22.70,0.9593,-105.01,1,30.0,hold:DY,+0.000,+0.000,-0.234,+0.222,1100,0,
1785505884.3757,2026-07-31T09:51:24.375,83.796,844,,,,0,,,,1.0171,22.51,0.9666,-105.20,1,30.0,hold:DY,+0.000,+0.000,-0.223,+0.221,1100,0,
1785505884.4766,2026-07-31T09:51:24.476,83.897,845,,,,0,,,,1.0165,22.31,0.9660,-105.40,1,30.0,hold:DY,+0.000,+0.000,-0.222,+0.219,1100,0,
1785505884.5762,2026-07-31T09:51:24.576,83.997,846,,,,0,,,,1.0180,22.15,0.9675,-105.56,1,30.0,hold:DY,+0.000,+0.000,-0.218,+0.215,1100,0,
1785505884.6763,2026-07-31T09:51:24.676,84.097,847,,,,0,,,,1.0248,21.78,0.9743,-105.93,1,30.0,hold:DY,+0.000,+0.000,-0.199,+0.000,1100,0,
1785505884.7765,2026-07-31T09:51:24.776,84.197,848,,,,0,,,,1.0297,21.38,0.9793,-106.33,1,30.0,hold:DY,+0.000,+0.000,-0.199,+0.000,1100,0,
1785505884.8748,2026-07-31T09:51:24.874,84.295,849,,,,0,,,,1.0287,21.20,0.9782,-106.51,1,30.0,hold:DY,+0.000,+0.000,-0.193,+0.000,1100,0,
1785505884.9755,2026-07-31T09:51:24.975,84.396,850,,,,0,,,,1.0376,20.92,0.9872,-106.79,1,30.0,hold:DY,+0.000,+0.000,-0.176,+0.000,1100,0,
1785505885.0756,2026-07-31T09:51:25.075,84.496,851,,,,0,,,,1.0389,20.81,0.9884,-106.90,1,30.0,hold:DY,+0.000,+0.000,-0.170,+0.000,1100,0,
1785505885.1745,2026-07-31T09:51:25.174,84.595,852,,,,0,,,,1.0406,20.69,0.9902,-107.02,1,30.0,hold:DY,+0.000,+0.000,-0.168,+0.000,1100,0,
1785505885.2740,2026-07-31T09:51:25.274,84.695,853,,,,0,,,,1.0439,20.70,0.9934,-107.01,1,30.0,hold:DY,+0.000,+0.000,-0.163,+0.000,1100,0,
1785505885.3729,2026-07-31T09:51:25.372,84.794,854,,,,0,,,,1.0441,20.75,0.9936,-106.96,1,30.0,hold:DY,+0.000,+0.000,-0.155,+0.000,1100,0,
1785505885.4724,2026-07-31T09:51:25.472,84.893,855,,,,0,,,,1.0479,20.91,0.9974,-106.80,1,30.0,hold:DY,+0.000,+0.000,-0.149,+0.000,1100,0,
1785505885.5714,2026-07-31T09:51:25.571,84.992,856,,,,0,,,,1.0458,21.03,0.9954,-106.69,1,30.0,hold:DY,+0.000,+0.000,-0.148,+0.000,1100,0,
1785505885.6708,2026-07-31T09:51:25.670,85.091,857,,,,0,,,,1.0523,21.31,1.0019,-106.40,1,30.0,hold:DY,+0.000,+0.000,-0.140,+0.000,1100,0,
1785505885.7707,2026-07-31T09:51:25.770,85.191,858,,,,0,,,,1.0535,21.64,1.0031,-106.07,1,30.0,hold:DY,+0.000,+0.000,-0.131,+0.000,1100,0,
1785505885.8713,2026-07-31T09:51:25.871,85.292,859,,,,0,,,,1.0484,21.81,0.9979,-105.90,1,30.0,hold:DY,+0.000,+0.000,-0.136,+0.000,1100,0,
1785505885.9707,2026-07-31T09:51:25.970,85.391,860,,,,0,,,,1.0493,22.19,0.9988,-105.52,1,30.0,hold:DY,+0.000,+0.000,-0.128,+0.000,1100,0,
1785505886.0690,2026-07-31T09:51:26.069,85.490,861,,,,0,,,,1.0535,22.40,1.0030,-105.31,1,30.0,hold:DY,+0.000,+0.000,-0.122,+0.044,1100,0,
1785505886.1694,2026-07-31T09:51:26.169,85.590,862,,,,0,,,,1.0562,22.81,1.0058,-104.90,1,30.0,hold:DY,+0.000,+0.000,-0.120,+0.049,1100,0,
1785505886.2690,2026-07-31T09:51:26.268,85.690,863,,,,0,,,,1.0528,23.26,1.0023,-104.45,1,30.0,hold:DY,+0.000,+0.000,-0.123,+0.058,1100,0,
1785505886.3683,2026-07-31T09:51:26.368,85.789,864,,,,0,,,,1.0528,23.49,1.0023,-104.22,1,30.0,hold:DY,+0.000,+0.000,-0.117,+0.067,1100,0,
1785505886.4684,2026-07-31T09:51:26.468,85.889,865,,,,0,,,,1.0522,24.00,1.0017,-103.71,1,30.0,hold:DY,+0.000,+0.000,-0.114,+0.073,1100,0,
1785505886.5685,2026-07-31T09:51:26.568,85.989,866,,,,0,,,,1.0547,24.25,1.0042,-103.47,1,30.0,hold:DY,+0.000,+0.000,-0.109,+0.084,1100,0,
1785505886.6669,2026-07-31T09:51:26.666,86.088,867,,,,0,,,,1.0541,24.75,1.0036,-102.96,1,30.0,hold:DY,+0.000,+0.000,-0.112,+0.090,1100,0,
1785505886.7665,2026-07-31T09:51:26.766,86.187,868,,,,0,,,,1.0542,25.02,1.0037,-102.69,1,30.0,hold:DY,+0.000,+0.000,-0.106,+0.101,1100,0,
1785505886.8652,2026-07-31T09:51:26.865,86.286,869,,,,0,,,,1.0502,25.56,0.9997,-102.15,1,30.0,hold:DY,+0.000,+0.000,-0.112,+0.113,1100,0,
1785505886.9645,2026-07-31T09:51:26.964,86.385,870,,,,0,,,,1.0499,26.09,0.9994,-101.62,1,30.0,hold:DY,+0.000,+0.000,-0.100,+0.120,1100,0,
1785505887.0636,2026-07-31T09:51:27.063,86.484,871,,,,0,,,,1.0519,26.37,1.0015,-101.34,1,30.0,hold:DY,+0.000,+0.000,-0.104,+0.133,1100,0,
1785505887.1619,2026-07-31T09:51:27.161,86.583,872,,,,0,,,,1.0463,26.93,0.9958,-100.78,1,30.0,hold:DY,+0.000,+0.000,-0.117,+0.140,1100,0,
1785505887.2605,2026-07-31T09:51:27.260,86.681,873,,,,0,,,,1.0463,27.21,0.9958,-100.50,1,30.0,hold:DY,+0.000,+0.000,-0.112,+0.153,1100,0,
1785505887.3589,2026-07-31T09:51:27.358,86.780,874,,,,0,,,,1.0468,27.77,0.9963,-99.94,1,30.0,hold:DY,+0.000,+0.000,-0.106,+0.161,1100,0,
1785505887.4583,2026-07-31T09:51:27.458,86.879,875,,,,0,,,,1.0471,28.35,0.9966,-99.37,1,30.0,hold:DY,+0.000,+0.000,-0.115,+0.174,1100,0,
1785505887.5581,2026-07-31T09:51:27.558,86.979,876,,,,0,,,,1.0454,28.60,0.9949,-99.11,1,30.0,hold:DY,+0.000,+0.000,-0.108,+0.188,1100,0,
1785505887.6570,2026-07-31T09:51:27.656,87.078,877,,,,0,,,,1.0430,29.08,0.9925,-98.63,1,30.0,hold:DY,+0.000,+0.000,-0.109,+0.195,1100,0,
1785505887.7576,2026-07-31T09:51:27.757,87.178,878,,,,0,,,,1.0427,29.31,0.9922,-98.40,1,30.0,hold:DY,+0.000,+0.000,-0.110,+0.207,1100,0,
1785505887.8561,2026-07-31T09:51:27.856,87.277,879,,,,0,,,,1.0364,29.56,0.9859,-98.15,1,30.0,hold:DY,+0.000,+0.000,-0.113,+0.214,1100,0,
1785505887.9565,2026-07-31T09:51:27.956,87.377,880,,,,0,,,,1.0394,29.56,0.9890,-98.15,1,30.0,hold:DY,+0.000,+0.000,-0.113,+0.219,1100,0,
1785505888.0554,2026-07-31T09:51:28.055,87.476,881,,,,0,,,,1.0356,29.40,0.9852,-98.31,1,30.0,hold:DY,+0.000,+0.000,-0.109,+0.222,1100,0,
1785505888.1542,2026-07-31T09:51:28.154,87.575,882,,,,0,,,,1.0378,29.09,0.9873,-98.62,1,30.0,hold:DY,+0.000,+0.000,-0.115,+0.222,1100,0,
1785505888.2531,2026-07-31T09:51:28.253,87.674,883,,,,0,,,,1.0302,28.90,0.9797,-98.81,1,30.0,hold:DY,+0.000,+0.000,-0.127,+0.219,1100,0,
1785505888.3525,2026-07-31T09:51:28.352,87.773,884,,,,0,,,,1.0253,28.60,0.9748,-99.11,1,30.0,hold:DY,+0.000,+0.000,-0.122,+0.219,1100,0,
1785505888.4520,2026-07-31T09:51:28.452,87.873,885,,,,0,,,,1.0337,28.48,0.9832,-99.23,1,30.0,hold:DY,+0.000,+0.000,-0.118,+0.218,1100,0,
1785505888.5523,2026-07-31T09:51:28.552,87.973,886,,,,0,,,,1.0290,28.29,0.9785,-99.42,1,30.0,hold:DY,+0.000,+0.000,-0.126,+0.220,1100,0,
1785505888.6520,2026-07-31T09:51:28.652,88.073,887,,,,0,,,,1.0237,28.03,0.9733,-99.68,1,30.0,hold:DY,+0.000,+0.000,-0.138,+0.219,1100,0,
1785505888.7526,2026-07-31T09:51:28.752,88.173,888,,,,0,,,,1.0193,27.87,0.9688,-99.84,1,30.0,hold:DY,+0.000,+0.000,-0.144,+0.217,1100,0,
1785505888.8512,2026-07-31T09:51:28.851,88.272,889,,,,0,,,,1.0196,27.44,0.9691,-100.27,1,30.0,hold:DY,+0.000,+0.000,-0.141,+0.216,1100,0,
1785505888.9512,2026-07-31T09:51:28.951,88.372,890,,,,0,,,,1.0154,26.83,0.9649,-100.88,1,30.0,hold:DY,+0.000,+0.000,-0.146,+0.210,1100,0,
1785505889.0502,2026-07-31T09:51:29.050,88.471,891,,,,0,,,,1.0151,26.52,0.9646,-101.19,1,30.0,hold:DY,+0.000,+0.000,-0.152,+0.201,1100,0,
1785505889.1501,2026-07-31T09:51:29.150,88.571,892,,,,0,,,,1.0141,25.89,0.9636,-101.83,1,30.0,hold:DY,+0.000,+0.000,-0.156,+0.198,1100,0,
1785505889.2508,2026-07-31T09:51:29.250,88.671,893,,,,0,,,,1.0117,25.58,0.9612,-102.13,1,30.0,hold:DY,+0.000,+0.000,-0.159,+0.189,1100,0,
1785505889.3500,2026-07-31T09:51:29.350,88.771,894,,,,0,,,,1.0120,24.92,0.9615,-102.79,1,30.0,hold:DY,+0.000,+0.000,-0.159,+0.185,1100,0,
1785505889.4500,2026-07-31T09:51:29.449,88.871,895,,,,0,,,,1.0088,24.29,0.9583,-103.42,1,30.0,hold:DY,+0.000,+0.000,-0.170,+0.176,1100,0,
1785505889.5485,2026-07-31T09:51:29.548,88.969,896,,,,0,,,,1.0060,23.98,0.9555,-103.73,1,30.0,hold:DY,+0.000,+0.000,-0.170,+0.166,1100,0,
1785505889.6477,2026-07-31T09:51:29.647,89.068,897,,,,0,,,,1.0038,23.26,0.9533,-104.45,1,30.0,hold:DY,+0.000,+0.000,-0.181,+0.161,1100,0,
1785505889.7465,2026-07-31T09:51:29.746,89.167,898,,,,0,,,,0.9986,22.90,0.9481,-104.81,1,30.0,hold:DY,+0.000,+0.000,-0.185,+0.149,1100,0,
1785505889.8461,2026-07-31T09:51:29.846,89.267,899,,,,0,,,,1.0003,22.19,0.9498,-105.52,1,30.0,hold:DY,+0.000,+0.000,-0.185,+0.144,1100,0,
1785505889.9451,2026-07-31T09:51:29.945,89.366,900,,,,0,,,,1.0008,21.82,0.9503,-105.89,1,30.0,hold:DY,+0.000,+0.000,-0.180,+0.000,1100,0,
1785505890.0445,2026-07-31T09:51:30.044,89.465,901,,,,0,,,,0.9957,21.22,0.9452,-106.49,1,30.0,hold:DY,+0.000,+0.000,-0.191,+0.000,1100,0,
1785505890.1438,2026-07-31T09:51:30.143,89.564,902,,,,0,,,,0.9933,20.78,0.9429,-106.93,1,30.0,hold:DY,+0.000,+0.000,-0.188,+0.000,1100,0,
1785505890.2437,2026-07-31T09:51:30.243,89.664,903,,,,0,,,,0.9957,20.62,0.9452,-107.09,1,30.0,hold:DY,+0.000,+0.000,-0.191,+0.000,1100,0,
1785505890.3424,2026-07-31T09:51:30.342,89.763,904,,,,0,,,,0.9916,20.40,0.9411,-107.31,1,30.0,hold:DY,+0.000,+0.000,-0.199,+0.000,1100,0,
1785505890.4421,2026-07-31T09:51:30.442,89.863,905,,,,0,,,,0.9906,20.32,0.9401,-107.39,1,30.0,hold:DY,+0.000,+0.000,-0.201,+0.000,1100,0,
1785505890.5430,2026-07-31T09:51:30.543,89.964,906,,,,0,,,,0.9919,20.24,0.9414,-107.47,1,30.0,hold:DY,+0.000,+0.000,-0.204,+0.000,1100,0,
1785505890.6421,2026-07-31T09:51:30.642,90.063,907,,,,0,,,,0.9892,20.27,0.9388,-107.45,1,30.0,hold:DY,+0.000,+0.000,-0.210,+0.000,1100,0,
1785505890.7420,2026-07-31T09:51:30.742,90.163,908,,,,0,,,,0.9885,20.32,0.9380,-107.40,1,30.0,hold:DY,+0.000,+0.000,-0.205,+0.000,1100,0,
1785505890.8409,2026-07-31T09:51:30.840,90.262,909,,,,0,,,,0.9806,20.45,0.9301,-107.26,1,30.0,hold:DY,+0.000,+0.000,-0.209,+0.000,1100,0,
1785505890.9400,2026-07-31T09:51:30.940,90.361,910,,,,0,,,,0.9851,20.54,0.9347,-107.17,1,30.0,hold:DY,+0.000,+0.000,-0.212,+0.000,1100,0,
1785505891.0393,2026-07-31T09:51:31.039,90.460,911,,,,0,,,,0.9845,20.76,0.9340,-106.95,1,30.0,hold:DY,+0.000,+0.000,-0.213,+0.000,1100,0,
1785505891.1392,2026-07-31T09:51:31.139,90.560,912,,,,0,,,,0.9822,20.88,0.9317,-106.83,1,30.0,hold:DY,+0.000,+0.000,-0.218,+0.000,1100,0,
1785505891.2375,2026-07-31T09:51:31.237,90.658,913,,,,0,,,,0.9801,21.17,0.9296,-106.54,1,30.0,hold:DY,+0.000,+0.000,-0.230,+0.000,1100,0,
1785505891.3377,2026-07-31T09:51:31.337,90.758,914,,,,0,,,,0.9753,21.50,0.9248,-106.21,1,30.0,hold:DY,+0.000,+0.000,-0.234,+0.000,1100,0,
1785505891.4373,2026-07-31T09:51:31.437,90.858,915,,,,0,,,,0.9729,21.69,0.9224,-106.02,1,30.0,hold:DY,+0.000,+0.000,-0.238,+0.000,1100,0,
1785505891.5376,2026-07-31T09:51:31.537,90.958,916,,,,0,,,,0.9723,22.10,0.9218,-105.61,1,30.0,hold:DY,+0.000,+0.000,-0.237,+0.000,1100,0,
1785505891.6364,2026-07-31T09:51:31.636,91.057,917,,,,0,,,,0.9701,22.32,0.9197,-105.39,1,30.0,hold:DY,+0.000,+0.000,-0.246,+0.043,1100,0,
1785505891.7354,2026-07-31T09:51:31.735,91.156,918,,,,0,,,,0.9645,22.79,0.9140,-104.92,1,30.0,hold:DY,+0.000,+0.000,-0.252,+0.048,1100,0,
1785505891.8353,2026-07-31T09:51:31.835,91.256,919,,,,0,,,,0.9614,23.29,0.9109,-104.42,1,30.0,hold:DY,+0.000,+0.000,-0.254,+0.058,1100,0,
1785505891.9347,2026-07-31T09:51:31.934,91.355,920,,,,0,,,,0.9623,23.55,0.9118,-104.16,1,30.0,hold:DY,+0.000,+0.000,-0.266,+0.068,1100,0,
1785505892.0341,2026-07-31T09:51:32.034,91.455,921,,,,0,,,,0.9609,24.06,0.9104,-103.65,1,30.0,hold:DY,+0.000,+0.000,-0.266,+0.074,1100,0,
1785505892.1331,2026-07-31T09:51:32.133,91.554,922,,,,0,,,,0.9579,24.34,0.9074,-103.37,1,30.0,hold:DY,+0.000,+0.000,-0.278,+0.086,1100,0,
1785505892.2319,2026-07-31T09:51:32.231,91.653,923,,,,0,,,,0.9521,24.89,0.9016,-102.82,1,30.0,hold:DY,+0.000,+0.000,-0.291,+0.092,1100,0,
1785505892.3299,2026-07-31T09:51:32.329,91.751,924,,,,0,,,,0.9522,25.47,0.9017,-102.24,1,30.0,hold:DY,+0.000,+0.000,-0.287,+0.104,1100,0,
1785505892.4288,2026-07-31T09:51:32.428,91.849,925,,,,0,,,,0.9513,25.76,0.9008,-101.96,1,30.0,hold:DY,+0.000,+0.000,-0.296,+0.117,1100,0,
1785505892.5291,2026-07-31T09:51:32.529,91.950,926,,,,0,,,,0.9485,26.34,0.8980,-101.37,1,30.0,hold:DY,+0.000,+0.000,-0.302,+0.125,1100,0,
1785505892.6276,2026-07-31T09:51:32.627,92.048,927,,,,0,,,,0.9469,26.64,0.8964,-101.07,1,30.0,hold:DY,+0.000,+0.000,-0.309,+0.138,1100,0,
1785505892.7267,2026-07-31T09:51:32.726,92.147,928,,,,0,,,,0.9435,27.25,0.8930,-100.46,1,30.0,hold:DY,+0.000,+0.000,-0.316,+0.146,1100,0,
1785505892.8266,2026-07-31T09:51:32.826,92.247,929,,,,0,,,,0.9406,27.87,0.8901,-99.84,1,30.0,hold:DY,+0.000,+0.000,-0.328,+0.160,1100,0,
1785505892.9272,2026-07-31T09:51:32.927,92.348,930,,,,0,,,,0.9387,28.20,0.8883,-99.51,1,30.0,hold:DY,+0.000,+0.000,-0.332,+0.175,1100,0,
1785505893.0261,2026-07-31T09:51:33.026,92.447,931,,,,0,,,,0.9340,28.86,0.8836,-98.85,1,30.0,hold:DY,+0.000,+0.000,-0.339,+0.184,1100,0,
1785505893.1250,2026-07-31T09:51:33.125,92.546,932,,,,0,,,,0.9353,29.16,0.8849,-98.55,1,30.0,hold:DY,+0.000,+0.000,-0.344,+0.199,1100,0,
1785505893.2245,2026-07-31T09:51:33.224,92.645,933,,,,0,,,,0.9333,29.76,0.8828,-97.95,1,30.0,hold:DY,+0.000,+0.000,-0.359,+0.208,1100,0,
1785505893.3253,2026-07-31T09:51:33.325,92.746,934,,,,0,,,,0.9288,30.06,0.8783,-97.65,1,30.0,hold:DY,+0.000,+0.000,-0.354,+0.221,1100,0,
1785505893.4237,2026-07-31T09:51:33.423,92.844,935,,,,0,,,,0.9249,30.11,0.8744,-97.60,1,30.0,hold:DY,+0.000,+0.000,-0.374,+0.228,1100,0,
1785505893.5231,2026-07-31T09:51:33.523,92.944,936,,,,0,,,,0.9235,30.07,0.8730,-97.65,1,30.0,hold:DY,+0.000,+0.000,-0.374,+0.232,1100,0,
1785505893.6216,2026-07-31T09:51:33.621,93.042,937,,,,0,,,,0.9232,29.98,0.8727,-97.74,1,30.0,hold:DY,+0.000,+0.000,-0.383,+0.233,1100,0,
1785505893.7206,2026-07-31T09:51:33.720,93.141,938,,,,0,,,,0.9196,29.76,0.8691,-97.95,1,30.0,hold:DY,+0.000,+0.000,-0.389,+0.235,1100,0,
1785505893.8202,2026-07-31T09:51:33.820,93.241,939,,,,0,,,,0.9218,29.54,0.8713,-98.17,1,30.0,hold:DY,+0.000,+0.000,-0.394,+0.235,1100,0,
1785505893.9186,2026-07-31T09:51:33.918,93.339,940,,,,0,,,,0.9221,29.43,0.8716,-98.28,1,30.0,hold:DY,+0.000,+0.000,-0.394,+0.235,1100,0,
1785505894.0189,2026-07-31T09:51:34.018,93.440,941,,,,0,,,,0.9182,29.28,0.8677,-98.43,1,30.0,hold:DY,+0.000,+0.000,-0.407,+0.237,1100,0,
1785505894.1183,2026-07-31T09:51:34.118,93.539,942,,,,0,,,,0.9186,29.23,0.8681,-98.48,1,30.0,hold:DY,+0.000,+0.000,-0.408,+0.239,1100,0,
1785505894.2170,2026-07-31T09:51:34.217,93.638,943,,,,0,,,,0.9171,29.16,0.8666,-98.55,1,30.0,hold:DY,+0.000,+0.000,-0.403,+0.242,1100,0,
1785505894.3158,2026-07-31T09:51:34.315,93.736,944,,,,0,,,,0.9185,28.97,0.8680,-98.74,1,30.0,hold:DY,+0.000,+0.000,-0.415,+0.243,1100,0,
1785505894.4154,2026-07-31T09:51:34.415,93.836,945,,,,0,,,,0.9219,28.85,0.8714,-98.86,1,30.0,hold:DY,+0.000,+0.000,-0.411,+0.243,1100,0,
1785505894.5139,2026-07-31T09:51:34.513,93.935,946,,,,0,,,,0.9202,28.57,0.8697,-99.14,1,30.0,hold:DY,+0.000,+0.000,-0.415,+0.244,1100,0,
1785505894.6133,2026-07-31T09:51:34.613,94.034,947,,,,0,,,,0.9194,28.36,0.8690,-99.35,1,30.0,hold:DY,+0.000,+0.000,-0.422,+0.241,1100,0,
1785505894.7117,2026-07-31T09:51:34.711,94.132,948,,,,0,,,,0.9236,27.94,0.8731,-99.77,1,30.0,hold:DY,+0.000,+0.000,-0.424,+0.240,1100,0,
1785505894.8114,2026-07-31T09:51:34.811,94.232,949,,,,0,,,,0.9233,27.73,0.8729,-99.98,1,30.0,hold:DY,+0.000,+0.000,-0.420,+0.236,1100,0,
1785505894.9100,2026-07-31T09:51:34.910,94.331,950,,,,0,,,,0.9279,27.35,0.8774,-100.36,1,30.0,hold:DY,+0.000,+0.000,-0.414,+0.232,1100,0,
1785505895.0091,2026-07-31T09:51:35.009,94.430,951,,,,0,,,,0.9218,27.04,0.8713,-100.67,1,30.0,hold:DY,+0.000,+0.000,-0.416,+0.232,1100,0,
1785505895.1077,2026-07-31T09:51:35.107,94.528,952,,,,0,,,,0.9276,26.85,0.8772,-100.86,1,30.0,hold:DY,+0.000,+0.000,-0.421,+0.229,1100,0,
1785505895.2069,2026-07-31T09:51:35.206,94.628,953,,,,0,,,,0.9361,26.44,0.8856,-101.27,1,30.0,hold:DY,+0.000,+0.000,-0.420,+0.228,1100,0,
1785505895.3058,2026-07-31T09:51:35.305,94.726,954,,,,0,,,,0.9309,26.23,0.8805,-101.48,1,30.0,hold:DY,+0.000,+0.000,-0.419,+0.223,1100,0,
1785505895.4052,2026-07-31T09:51:35.405,94.826,955,,,,0,,,,0.9336,25.87,0.8831,-101.84,1,30.0,hold:DY,+0.000,+0.000,-0.409,+0.222,1100,0,
1785505895.5052,2026-07-31T09:51:35.505,94.926,956,,,,0,,,,0.9387,25.76,0.8882,-101.95,1,30.0,hold:DY,+0.000,+0.000,-0.409,+0.219,1100,0,
1785505895.6042,2026-07-31T09:51:35.604,95.025,957,,,,0,,,,0.9406,25.56,0.8901,-102.15,1,30.0,hold:DY,+0.000,+0.000,-0.408,+0.218,1100,0,
1785505895.7028,2026-07-31T09:51:35.702,95.123,958,,,,0,,,,0.9463,25.39,0.8958,-102.32,1,30.0,hold:DY,+0.000,+0.000,-0.405,+0.218,1100,0,
1785505895.8025,2026-07-31T09:51:35.802,95.223,959,,,,0,,,,0.9443,25.25,0.8938,-102.46,1,30.0,hold:DY,+0.000,+0.000,-0.405,+0.216,1100,0,
1785505895.9010,2026-07-31T09:51:35.901,95.322,960,,,,0,,,,0.9506,24.71,0.9001,-103.00,1,30.0,hold:DY,+0.000,+0.000,-0.395,+0.214,1100,0,
1785505896.0001,2026-07-31T09:51:36.000,95.421,961,,,,0,,,,0.9533,24.39,0.9029,-103.32,1,30.0,hold:DY,+0.000,+0.000,-0.391,+0.205,1100,0,
1785505896.0987,2026-07-31T09:51:36.098,95.519,962,,,,0,,,,0.9558,23.71,0.9053,-104.00,1,30.0,hold:DY,+0.000,+0.000,-0.391,+0.200,1100,0,
1785505896.1981,2026-07-31T09:51:36.198,95.619,963,,,,0,,,,0.9648,23.09,0.9143,-104.62,1,30.0,hold:DY,+0.000,+0.000,-0.389,+0.189,1100,0,
1785505896.2959,2026-07-31T09:51:36.295,95.717,964,,,,0,,,,0.9685,22.83,0.9180,-104.88,1,30.0,hold:DY,+0.000,+0.000,-0.365,+0.181,1100,0,
1785505896.3948,2026-07-31T09:51:36.394,95.815,965,,,,0,,,,0.9724,22.38,0.9219,-105.33,1,30.0,hold:DY,+0.000,+0.000,-0.366,+0.178,1100,0,
1785505896.4944,2026-07-31T09:51:36.494,95.915,966,,,,0,,,,0.9707,22.21,0.9202,-105.50,1,30.0,hold:DY,+0.000,+0.000,-0.363,+0.172,1100,0,
1785505896.5934,2026-07-31T09:51:36.593,96.014,967,,,,0,,,,0.9745,21.81,0.9241,-105.90,1,30.0,hold:DY,+0.000,+0.000,-0.359,+0.169,1100,0,
1785505896.6924,2026-07-31T09:51:36.692,96.113,968,,,,0,,,,0.9824,21.28,0.9319,-106.43,1,30.0,hold:DY,+0.000,+0.000,-0.346,+0.000,1100,0,
1785505896.7916,2026-07-31T09:51:36.791,96.212,969,,,,0,,,,0.9804,20.96,0.9300,-106.76,1,30.0,hold:DY,+0.000,+0.000,-0.345,+0.000,1100,0,
1785505896.8904,2026-07-31T09:51:36.890,96.311,970,,,,0,,,,0.9807,20.33,0.9302,-107.38,1,30.0,hold:DY,+0.000,+0.000,-0.335,+0.000,1100,0,
1785505896.9891,2026-07-31T09:51:36.989,96.410,971,,,,0,,,,0.9906,20.09,0.9401,-107.62,1,30.0,hold:DY,+0.000,+0.000,-0.325,+0.000,1100,0,
1785505897.0887,2026-07-31T09:51:37.088,96.509,972,,,,0,,,,0.9929,19.75,0.9425,-107.96,1,30.0,hold:DY,+0.000,+0.000,-0.322,+0.000,1100,0,
1785505897.1869,2026-07-31T09:51:37.186,96.608,973,,,,0,,,,0.9953,19.64,0.9448,-108.07,1,30.0,hold:DY,+0.000,+0.000,-0.315,+0.000,1100,0,
1785505897.2859,2026-07-31T09:51:37.285,96.707,974,,,,0,,,,1.0018,19.48,0.9513,-108.23,1,30.0,hold:DY,+0.000,+0.000,-0.302,+0.000,1100,0,
1785505897.3852,2026-07-31T09:51:37.385,96.806,975,,,,0,,,,1.0031,19.46,0.9527,-108.25,1,30.0,hold:DY,+0.000,+0.000,-0.300,+0.000,1100,0,
1785505897.4858,2026-07-31T09:51:37.485,96.906,976,,,,0,,,,1.0042,19.48,0.9537,-108.23,1,30.0,hold:DY,+0.000,+0.000,-0.298,+0.000,1100,0,
1785505897.5853,2026-07-31T09:51:37.585,97.006,977,,,,0,,,,1.0042,19.59,0.9538,-108.12,1,30.0,hold:DY,+0.000,+0.000,-0.297,+0.000,1100,0,
1785505897.6840,2026-07-31T09:51:37.684,97.105,978,,,,0,,,,1.0132,19.67,0.9627,-108.04,1,30.0,hold:DY,+0.000,+0.000,-0.280,+0.000,1100,0,
1785505897.7835,2026-07-31T09:51:37.783,97.204,979,,,,0,,,,1.0134,19.87,0.9629,-107.84,1,30.0,hold:DY,+0.000,+0.000,-0.280,+0.000,1100,0,
1785505897.8825,2026-07-31T09:51:37.882,97.303,980,,,,0,,,,1.0109,20.12,0.9604,-107.59,1,30.0,hold:DY,+0.000,+0.000,-0.276,+0.000,1100,0,
1785505897.9814,2026-07-31T09:51:37.981,97.402,981,,,,0,,,,1.0131,20.26,0.9626,-107.46,1,30.0,hold:DY,+0.000,+0.000,-0.280,+0.000,1100,0,
1785505898.0808,2026-07-31T09:51:38.080,97.501,982,,,,0,,,,1.0149,20.55,0.9644,-107.16,1,30.0,hold:DY,+0.000,+0.000,-0.267,+0.000,1100,0,
1785505898.1803,2026-07-31T09:51:38.180,97.601,983,,,,0,,,,1.0190,20.71,0.9685,-107.00,1,30.0,hold:DY,+0.000,+0.000,-0.268,+0.000,1100,0,
1785505898.2795,2026-07-31T09:51:38.279,97.700,984,,,,0,,,,1.0202,21.06,0.9697,-106.65,1,30.0,hold:DY,+0.000,+0.000,-0.260,+0.000,1100,0,
1785505898.3785,2026-07-31T09:51:38.378,97.799,985,,,,0,,,,1.0237,21.44,0.9732,-106.27,1,30.0,hold:DY,+0.000,+0.000,-0.262,+0.000,1100,0,
1785505898.4777,2026-07-31T09:51:38.477,97.898,986,,,,0,,,,1.0212,21.64,0.9707,-106.07,1,30.0,hold:DY,+0.000,+0.000,-0.261,+0.000,1100,0,
1785505898.5761,2026-07-31T09:51:38.576,97.997,987,,,,0,,,,1.0245,22.07,0.9740,-105.65,1,30.0,hold:DY,+0.000,+0.000,-0.261,+0.000,1100,0,
1785505898.6760,2026-07-31T09:51:38.676,98.097,988,,,,0,,,,1.0232,22.28,0.9727,-105.43,1,30.0,hold:DY,+0.000,+0.000,-0.256,+0.042,1100,0,
1785505898.7753,2026-07-31T09:51:38.775,98.196,989,,,,0,,,,1.0266,22.72,0.9761,-104.99,1,30.0,hold:DY,+0.000,+0.000,-0.250,+0.047,1100,0,
1785505898.8744,2026-07-31T09:51:38.874,98.295,990,,,,0,,,,1.0228,22.93,0.9723,-104.78,1,30.0,hold:DY,+0.000,+0.000,-0.254,+0.056,1100,0,
1785505898.9736,2026-07-31T09:51:38.973,98.394,991,,,,0,,,,1.0264,23.39,0.9759,-104.32,1,30.0,hold:DY,+0.000,+0.000,-0.250,+0.061,1100,0,
1785505899.0735,2026-07-31T09:51:39.073,98.494,992,,,,0,,,,1.0260,23.87,0.9756,-103.84,1,30.0,hold:DY,+0.000,+0.000,-0.250,+0.071,1100,0,
1785505899.1719,2026-07-31T09:51:39.171,98.593,993,,,,0,,,,1.0220,24.11,0.9716,-103.60,1,30.0,hold:DY,+0.000,+0.000,-0.253,+0.081,1100,0,
1785505899.2734,2026-07-31T09:51:39.273,98.694,994,,,,0,,,,1.0255,24.62,0.9750,-103.09,1,30.0,hold:DY,+0.000,+0.000,-0.241,+0.087,1100,0,
1785505899.3726,2026-07-31T09:51:39.372,98.793,995,,,,0,,,,1.0266,24.89,0.9762,-102.82,1,30.0,hold:DY,+0.000,+0.000,-0.242,+0.099,1100,0,
1785505899.4727,2026-07-31T09:51:39.472,98.893,996,,,,0,,,,1.0243,25.42,0.9738,-102.29,1,30.0,hold:DY,+0.000,+0.000,-0.245,+0.110,1100,0,
1785505899.5735,2026-07-31T09:51:39.573,98.994,997,,,,0,,,,1.0268,25.96,0.9763,-101.75,1,30.0,hold:DY,+0.000,+0.000,-0.241,+0.117,1100,0,
1785505899.6719,2026-07-31T09:51:39.671,99.093,998,,,,0,,,,1.0290,26.23,0.9785,-101.48,1,30.0,hold:DY,+0.000,+0.000,-0.234,+0.130,1100,0,
1785505899.7725,2026-07-31T09:51:39.772,99.193,999,,,,0,,,,1.0240,26.79,0.9735,-100.92,1,30.0,hold:DY,+0.000,+0.000,-0.241,+0.137,1100,0,
1785505899.8709,2026-07-31T09:51:39.870,99.292,1000,,,,0,,,,1.0236,27.06,0.9732,-100.65,1,30.0,hold:DY,+0.000,+0.000,-0.242,+0.150,1100,0,
1785505899.9698,2026-07-31T09:51:39.969,99.390,1001,,,,0,,,,1.0278,27.66,0.9773,-100.05,1,30.0,hold:DY,+0.000,+0.000,-0.233,+0.164,1100,0,
1785505900.0695,2026-07-31T09:51:40.069,99.490,1002,,,,0,,,,1.0264,28.26,0.9759,-99.45,1,30.0,hold:DY,+0.000,+0.000,-0.233,+0.172,1100,0,
1785505900.1685,2026-07-31T09:51:40.168,99.589,1003,,,,0,,,,1.0239,28.56,0.9735,-99.15,1,30.0,hold:DY,+0.000,+0.000,-0.239,+0.186,1100,0,
1785505900.2674,2026-07-31T09:51:40.267,99.688,1004,,,,0,,,,1.0297,29.10,0.9792,-98.61,1,30.0,hold:DY,+0.000,+0.000,-0.231,+0.195,1100,0,
1785505900.3667,2026-07-31T09:51:40.366,99.787,1005,,,,0,,,,1.0249,29.36,0.9744,-98.35,1,30.0,hold:DY,+0.000,+0.000,-0.235,+0.208,1100,0,
1785505900.4663,2026-07-31T09:51:40.466,99.887,1006,,,,0,,,,1.0267,29.70,0.9762,-98.01,1,30.0,hold:DY,+0.000,+0.000,-0.230,+0.218,1100,0,
1785505900.5656,2026-07-31T09:51:40.565,99.986,1007,,,,0,,,,1.0241,29.88,0.9736,-97.83,1,30.0,hold:DY,+0.000,+0.000,-0.238,+0.223,1100,0,
1785505900.6653,2026-07-31T09:51:40.665,100.086,1008,,,,0,,,,1.0223,29.91,0.9718,-97.80,1,30.0,hold:DY,+0.000,+0.000,-0.237,+0.229,1100,0,
1785505900.7654,2026-07-31T09:51:40.765,100.186,1009,,,,0,,,,1.0255,29.90,0.9750,-97.81,1,30.0,hold:DY,+0.000,+0.000,-0.239,+0.233,1100,0,
1785505900.8645,2026-07-31T09:51:40.864,100.285,1010,,,,0,,,,1.0197,29.87,0.9693,-97.84,1,30.0,hold:DY,+0.000,+0.000,-0.241,+0.236,1100,0,
1785505900.9632,2026-07-31T09:51:40.963,100.384,1011,,,,0,,,,1.0218,29.74,0.9713,-97.97,1,30.0,hold:DY,+0.000,+0.000,-0.230,+0.239,1100,0,
1785505901.0618,2026-07-31T09:51:41.061,100.482,1012,,,,0,,,,1.0192,29.57,0.9687,-98.14,1,30.0,hold:DY,+0.000,+0.000,-0.227,+0.240,1100,0,
1785505901.1612,2026-07-31T09:51:41.161,100.582,1013,,,,0,,,,1.0174,29.50,0.9669,-98.21,1,30.0,hold:DY,+0.000,+0.000,-0.244,+0.241,1100,0,
1785505901.2603,2026-07-31T09:51:41.260,100.681,1014,,,,0,,,,1.0163,29.36,0.9658,-98.35,1,30.0,hold:DY,+0.000,+0.000,-0.242,+0.244,1100,0,
1785505901.3597,2026-07-31T09:51:41.359,100.780,1015,,,,0,,,,1.0199,29.29,0.9694,-98.42,1,30.0,hold:DY,+0.000,+0.000,-0.239,+0.245,1100,0,
1785505901.4606,2026-07-31T09:51:41.460,100.881,1016,,,,0,,,,1.0175,29.03,0.9670,-98.68,1,30.0,hold:DY,+0.000,+0.000,-0.232,+0.246,1100,0,
1785505901.5602,2026-07-31T09:51:41.560,100.981,1017,,,,0,,,,1.0172,28.68,0.9667,-99.03,1,30.0,hold:DY,+0.000,+0.000,-0.249,+0.245,1100,0,
1785505901.6604,2026-07-31T09:51:41.660,101.081,1018,,,,0,,,,1.0160,28.49,0.9655,-99.22,1,30.0,hold:DY,+0.000,+0.000,-0.246,+0.241,1100,0,
1785505901.7589,2026-07-31T09:51:41.758,101.180,1019,,,,0,,,,1.0128,27.97,0.9623,-99.74,1,30.0,hold:DY,+0.000,+0.000,-0.251,+0.240,1100,0,
1785505901.8580,2026-07-31T09:51:41.858,101.279,1020,,,,0,,,,1.0096,27.69,0.9591,-100.02,1,30.0,hold:DY,+0.000,+0.000,-0.259,+0.233,1100,0,
1785505901.9576,2026-07-31T09:51:41.957,101.378,1021,,,,0,,,,1.0138,27.13,0.9634,-100.58,1,30.0,hold:DY,+0.000,+0.000,-0.258,+0.231,1100,0,
1785505902.0562,2026-07-31T09:51:42.056,101.477,1022,,,,0,,,,1.0149,26.56,0.9645,-101.15,1,30.0,hold:DY,+0.000,+0.000,-0.255,+0.224,1100,0,
1785505902.1553,2026-07-31T09:51:42.155,101.576,1023,,,,0,,,,1.0072,26.28,0.9567,-101.43,1,30.0,hold:DY,+0.000,+0.000,-0.248,+0.221,1100,0,
1785505902.2539,2026-07-31T09:51:42.253,101.675,1024,,,,0,,,,1.0093,25.75,0.9588,-101.96,1,30.0,hold:DY,+0.000,+0.000,-0.259,+0.214,1100,0,
1785505902.3529,2026-07-31T09:51:42.352,101.774,1025,,,,0,,,,1.0132,25.50,0.9627,-102.21,1,30.0,hold:DY,+0.000,+0.000,-0.251,+0.207,1100,0,
1785505902.4526,2026-07-31T09:51:42.452,101.873,1026,,,,0,,,,1.0084,25.03,0.9579,-102.68,1,30.0,hold:DY,+0.000,+0.000,-0.271,+0.205,1100,0,
1785505902.5532,2026-07-31T09:51:42.553,101.974,1027,,,,0,,,,1.0087,24.73,0.9582,-102.98,1,30.0,hold:DY,+0.000,+0.000,-0.260,+0.197,1100,0,
1785505902.6527,2026-07-31T09:51:42.652,102.073,1028,,,,0,,,,1.0117,24.07,0.9612,-103.64,1,30.0,hold:DY,+0.000,+0.000,-0.266,+0.193,1100,0,
1785505902.7528,2026-07-31T09:51:42.752,102.173,1029,,,,0,,,,1.0039,23.31,0.9535,-104.40,1,30.0,hold:DY,+0.000,+0.000,-0.262,+0.182,1100,0,
1785505902.8517,2026-07-31T09:51:42.851,102.272,1030,,,,0,,,,1.0071,22.91,0.9566,-104.80,1,30.0,hold:DY,+0.000,+0.000,-0.264,+0.169,1100,0,
1785505902.9523,2026-07-31T09:51:42.952,102.373,1031,,,,0,,,,1.0069,22.05,0.9565,-105.66,1,30.0,hold:DY,+0.000,+0.000,-0.273,+0.162,1100,0,
1785505903.0514,2026-07-31T09:51:43.051,102.472,1032,,,,0,,,,1.0004,21.65,0.9499,-106.06,1,30.0,hold:DY,+0.000,+0.000,-0.277,+0.000,1100,0,
1785505903.1501,2026-07-31T09:51:43.150,102.571,1033,,,,0,,,,1.0049,20.91,0.9544,-106.80,1,30.0,hold:DY,+0.000,+0.000,-0.269,+0.000,1100,0,
1785505903.2494,2026-07-31T09:51:43.249,102.670,1034,,,,0,,,,1.0007,20.35,0.9502,-107.36,1,30.0,hold:DY,+0.000,+0.000,-0.273,+0.000,1100,0,
1785505903.3479,2026-07-31T09:51:43.347,102.769,1035,,,,0,,,,1.0031,20.15,0.9526,-107.56,1,30.0,hold:DY,+0.000,+0.000,-0.271,+0.000,1100,0,
1785505903.4475,2026-07-31T09:51:43.447,102.868,1036,,,,0,,,,1.0011,19.89,0.9506,-107.82,1,30.0,hold:DY,+0.000,+0.000,-0.272,+0.000,1100,0,
1785505903.5470,2026-07-31T09:51:43.546,102.968,1037,,,,0,,,,1.0005,19.82,0.9500,-107.89,1,30.0,hold:DY,+0.000,+0.000,-0.277,+0.000,1100,0,
1785505903.6467,2026-07-31T09:51:43.646,103.067,1038,,,,0,,,,0.9989,19.76,0.9485,-107.95,1,30.0,hold:DY,+0.000,+0.000,-0.284,+0.000,1100,0,
1785505903.7460,2026-07-31T09:51:43.746,103.167,1039,,,,0,,,,1.0008,19.78,0.9504,-107.93,1,30.0,hold:DY,+0.000,+0.000,-0.282,+0.000,1100,0,
1785505903.8463,2026-07-31T09:51:43.846,103.267,1040,,,,0,,,,0.9952,19.82,0.9447,-107.89,1,30.0,hold:DY,+0.000,+0.000,-0.287,+0.000,1100,0,
1785505903.9448,2026-07-31T09:51:43.944,103.365,1041,,,,0,,,,0.9971,19.95,0.9466,-107.76,1,30.0,hold:DY,+0.000,+0.000,-0.285,+0.000,1100,0,
1785505904.0449,2026-07-31T09:51:44.044,103.466,1042,,,,0,,,,0.9948,20.04,0.9443,-107.67,1,30.0,hold:DY,+0.000,+0.000,-0.288,+0.000,1100,0,
1785505904.1439,2026-07-31T09:51:44.143,103.565,1043,,,,0,,,,0.9914,20.25,0.9410,-107.46,1,30.0,hold:DY,+0.000,+0.000,-0.292,+0.000,1100,0,
1785505904.2430,2026-07-31T09:51:44.242,103.664,1044,,,,0,,,,0.9936,20.51,0.9431,-107.20,1,30.0,hold:DY,+0.000,+0.000,-0.297,+0.000,1100,0,
1785505904.3416,2026-07-31T09:51:44.341,103.762,1045,,,,0,,,,0.9948,20.65,0.9443,-107.06,1,30.0,hold:DY,+0.000,+0.000,-0.288,+0.000,1100,0,
1785505904.4410,2026-07-31T09:51:44.441,103.862,1046,,,,0,,,,0.9941,20.95,0.9436,-106.76,1,30.0,hold:DY,+0.000,+0.000,-0.291,+0.000,1100,0,
1785505904.5411,2026-07-31T09:51:44.541,103.962,1047,,,,0,,,,0.9939,21.10,0.9434,-106.61,1,30.0,hold:DY,+0.000,+0.000,-0.290,+0.000,1100,0,
1785505904.6400,2026-07-31T09:51:44.640,104.061,1048,,,,0,,,,0.9896,21.45,0.9391,-106.26,1,30.0,hold:DY,+0.000,+0.000,-0.294,+0.000,1100,0,
1785505904.7390,2026-07-31T09:51:44.739,104.160,1049,,,,0,,,,0.9823,21.83,0.9318,-105.88,1,30.0,hold:DY,+0.000,+0.000,-0.297,+0.000,1100,0,
1785505904.8385,2026-07-31T09:51:44.838,104.259,1050,,,,0,,,,0.9849,22.03,0.9344,-105.68,1,30.0,hold:DY,+0.000,+0.000,-0.308,+0.037,1100,0,
1785505904.9380,2026-07-31T09:51:44.938,104.359,1051,,,,0,,,,0.9866,22.45,0.9362,-105.26,1,30.0,hold:DY,+0.000,+0.000,-0.314,+0.041,1100,0,
1785505905.0377,2026-07-31T09:51:45.037,104.458,1052,,,,0,,,,0.9831,22.66,0.9327,-105.05,1,30.0,hold:DY,+0.000,+0.000,-0.311,+0.050,1100,0,
1785505905.1374,2026-07-31T09:51:45.137,104.558,1053,,,,0,,,,0.9870,23.10,0.9365,-104.61,1,30.0,hold:DY,+0.000,+0.000,-0.309,+0.055,1100,0,
1785505905.2358,2026-07-31T09:51:45.235,104.656,1054,,,,0,,,,0.9783,23.34,0.9278,-104.37,1,30.0,hold:DY,+0.000,+0.000,-0.321,+0.065,1100,0,
1785505905.3351,2026-07-31T09:51:45.335,104.756,1055,,,,0,,,,0.9819,23.82,0.9314,-103.89,1,30.0,hold:DY,+0.000,+0.000,-0.315,+0.075,1100,0,
1785505905.4344,2026-07-31T09:51:45.434,104.855,1056,,,,0,,,,0.9774,24.33,0.9269,-103.38,1,30.0,hold:DY,+0.000,+0.000,-0.326,+0.081,1100,0,
1785505905.5344,2026-07-31T09:51:45.534,104.955,1057,,,,0,,,,0.9785,24.59,0.9280,-103.12,1,30.0,hold:DY,+0.000,+0.000,-0.323,+0.092,1100,0,
1785505905.6338,2026-07-31T09:51:45.633,105.054,1058,,,,0,,,,0.9758,25.12,0.9253,-102.59,1,30.0,hold:DY,+0.000,+0.000,-0.322,+0.099,1100,0,
1785505905.7327,2026-07-31T09:51:45.732,105.153,1059,,,,0,,,,0.9787,25.40,0.9282,-102.31,1,30.0,hold:DY,+0.000,+0.000,-0.324,+0.111,1100,0,
1785505905.8319,2026-07-31T09:51:45.831,105.253,1060,,,,0,,,,0.9764,25.97,0.9260,-101.74,1,30.0,hold:DY,+0.000,+0.000,-0.323,+0.118,1100,0,
1785505905.9321,2026-07-31T09:51:45.932,105.353,1061,,,,0,,,,0.9733,26.26,0.9229,-101.45,1,30.0,hold:DY,+0.000,+0.000,-0.337,+0.131,1100,0,
1785505906.0312,2026-07-31T09:51:46.031,105.452,1062,,,,0,,,,0.9738,26.84,0.9234,-100.87,1,30.0,hold:DY,+0.000,+0.000,-0.341,+0.138,1100,0,
1785505906.1315,2026-07-31T09:51:46.131,105.552,1063,,,,0,,,,0.9778,27.43,0.9274,-100.28,1,30.0,hold:DY,+0.000,+0.000,-0.332,+0.152,1100,0,
1785505906.2310,2026-07-31T09:51:46.231,105.652,1064,,,,0,,,,0.9747,27.74,0.9242,-99.97,1,30.0,hold:DY,+0.000,+0.000,-0.337,+0.166,1100,0,
1785505906.3302,2026-07-31T09:51:46.330,105.751,1065,,,,0,,,,0.9735,28.34,0.9230,-99.37,1,30.0,hold:DY,+0.000,+0.000,-0.346,+0.174,1100,0,
1785505906.4287,2026-07-31T09:51:46.428,105.849,1066,,,,0,,,,0.9743,28.63,0.9238,-99.08,1,30.0,hold:DY,+0.000,+0.000,-0.340,+0.188,1100,0,
1785505906.5287,2026-07-31T09:51:46.528,105.949,1067,,,,0,,,,0.9702,29.18,0.9197,-98.53,1,30.0,hold:DY,+0.000,+0.000,-0.349,+0.202,1100,0,
1785505906.6275,2026-07-31T09:51:46.627,106.048,1068,,,,0,,,,0.9702,29.71,0.9197,-98.00,1,30.0,hold:DY,+0.000,+0.000,-0.354,+0.210,1100,0,
1785505906.7270,2026-07-31T09:51:46.726,106.148,1069,,,,0,,,,0.9689,29.92,0.9184,-97.79,1,30.0,hold:DY,+0.000,+0.000,-0.354,+0.222,1100,0,
1785505906.8273,2026-07-31T09:51:46.827,106.248,1070,,,,0,,,,0.9724,30.15,0.9219,-97.56,1,30.0,hold:DY,+0.000,+0.000,-0.346,+0.229,1100,0,
1785505906.9262,2026-07-31T09:51:46.926,106.347,1071,,,,0,,,,0.9700,30.27,0.9195,-97.44,1,30.0,hold:DY,+0.000,+0.000,-0.360,+0.236,1100,0,
1785505907.0249,2026-07-31T09:51:47.024,106.446,1072,,,,0,,,,0.9729,30.28,0.9225,-97.43,1,30.0,hold:DY,+0.000,+0.000,-0.350,+0.241,1100,0,
1785505907.1235,2026-07-31T09:51:47.123,106.544,1073,,,,0,,,,0.9702,30.24,0.9197,-97.47,1,30.0,hold:DY,+0.000,+0.000,-0.358,+0.245,1100,0,
1785505907.2240,2026-07-31T09:51:47.223,106.645,1074,,,,0,,,,0.9727,30.20,0.9223,-97.51,1,30.0,hold:DY,+0.000,+0.000,-0.352,+0.248,1100,0,
1785505907.3225,2026-07-31T09:51:47.322,106.743,1075,,,,0,,,,0.9675,30.06,0.9170,-97.65,1,30.0,hold:DY,+0.000,+0.000,-0.356,+0.251,1100,0,
1785505907.4216,2026-07-31T09:51:47.421,106.842,1076,,,,0,,,,0.9697,30.00,0.9192,-97.71,1,30.0,hold:DY,+0.000,+0.000,-0.361,+0.252,1100,0,
1785505907.5212,2026-07-31T09:51:47.521,106.942,1077,,,,0,,,,0.9732,29.92,0.9227,-97.79,1,30.0,hold:DY,+0.000,+0.000,-0.355,+0.255,1100,0,
1785505907.6206,2026-07-31T09:51:47.620,107.041,1078,,,,0,,,,0.9689,29.87,0.9184,-97.84,1,30.0,hold:DY,+0.000,+0.000,-0.350,+0.258,1100,0,
1785505907.7199,2026-07-31T09:51:47.719,107.141,1079,,,,0,,,,0.9720,29.81,0.9216,-97.90,1,30.0,hold:DY,+0.000,+0.000,-0.359,+0.261,1100,0,
1785505907.8193,2026-07-31T09:51:47.819,107.240,1080,,,,0,,,,0.9765,29.61,0.9260,-98.10,1,30.0,hold:DY,+0.000,+0.000,-0.365,+0.263,1100,0,
1785505907.9185,2026-07-31T09:51:47.918,107.339,1081,,,,0,,,,0.9765,29.42,0.9260,-98.29,1,30.0,hold:DY,+0.000,+0.000,-0.353,+0.261,1100,0,
1785505908.0175,2026-07-31T09:51:48.017,107.438,1082,,,,0,,,,0.9751,28.92,0.9246,-98.80,1,30.0,hold:DY,+0.000,+0.000,-0.356,+0.256,1100,0,
1785505908.1166,2026-07-31T09:51:48.116,107.537,1083,,,,0,,,,0.9768,28.36,0.9263,-99.35,1,30.0,hold:DY,+0.000,+0.000,-0.349,+0.254,1100,0,
1785505908.2163,2026-07-31T09:51:48.216,107.637,1084,,,,0,,,,0.9806,28.11,0.9301,-99.60,1,30.0,hold:DY,+0.000,+0.000,-0.347,+0.248,1100,0,
1785505908.3158,2026-07-31T09:51:48.315,107.736,1085,,,,0,,,,0.9772,27.72,0.9267,-99.99,1,30.0,hold:DY,+0.000,+0.000,-0.353,+0.247,1100,0,
1785505908.4163,2026-07-31T09:51:48.416,107.837,1086,,,,0,,,,0.9798,27.56,0.9293,-100.15,1,30.0,hold:DY,+0.000,+0.000,-0.350,+0.244,1100,0,
1785505908.5172,2026-07-31T09:51:48.517,107.938,1087,,,,0,,,,0.9874,27.29,0.9369,-100.43,1,30.0,hold:DY,+0.000,+0.000,-0.335,+0.242,1100,0,
1785505908.6158,2026-07-31T09:51:48.615,108.036,1088,,,,0,,,,0.9851,26.91,0.9346,-100.80,1,30.0,hold:DY,+0.000,+0.000,-0.329,+0.242,1100,0,
1785505908.7152,2026-07-31T09:51:48.715,108.136,1089,,,,0,,,,0.9897,26.71,0.9393,-101.00,1,30.0,hold:DY,+0.000,+0.000,-0.330,+0.238,1100,0,
1785505908.8140,2026-07-31T09:51:48.813,108.235,1090,,,,0,,,,0.9939,26.14,0.9434,-101.58,1,30.0,hold:DY,+0.000,+0.000,-0.316,+0.236,1100,0,
1785505908.9141,2026-07-31T09:51:48.914,108.335,1091,,,,0,,,,0.9918,25.79,0.9414,-101.92,1,30.0,hold:DY,+0.000,+0.000,-0.326,+0.226,1100,0,
1785505909.0129,2026-07-31T09:51:49.012,108.434,1092,,,,0,,,,0.9922,25.10,0.9417,-102.61,1,30.0,hold:DY,+0.000,+0.000,-0.334,+0.222,1100,0,
1785505909.1115,2026-07-31T09:51:49.111,108.532,1093,,,,0,,,,0.9981,24.51,0.9476,-103.20,1,30.0,hold:DY,+0.000,+0.000,-0.321,+0.212,1100,0,
1785505909.2117,2026-07-31T09:51:49.211,108.632,1094,,,,0,,,,0.9967,24.28,0.9462,-103.43,1,30.0,hold:DY,+0.000,+0.000,-0.316,+0.205,1100,0,
1785505909.3109,2026-07-31T09:51:49.310,108.732,1095,,,,0,,,,0.9981,23.97,0.9476,-103.74,1,30.0,hold:DY,+0.000,+0.000,-0.312,+0.203,1100,0,
1785505909.4100,2026-07-31T09:51:49.410,108.831,1096,,,,0,,,,1.0013,23.77,0.9508,-103.94,1,30.0,hold:DY,+0.000,+0.000,-0.307,+0.199,1100,0,
1785505909.5100,2026-07-31T09:51:49.510,108.931,1097,,,,0,,,,0.9985,23.20,0.9480,-104.51,1,30.0,hold:DY,+0.000,+0.000,-0.300,+0.196,1100,0,
1785505909.6093,2026-07-31T09:51:49.609,109.030,1098,,,,0,,,,1.0041,22.42,0.9537,-105.29,1,30.0,hold:DY,+0.000,+0.000,-0.308,+0.185,1100,0,
1785505909.7094,2026-07-31T09:51:49.709,109.130,1099,,,,0,,,,1.0092,22.01,0.9587,-105.70,1,30.0,hold:DY,+0.000,+0.000,-0.302,+0.178,1100,0,
1785505909.8084,2026-07-31T09:51:49.808,109.229,1100,,,,0,,,,1.0062,21.21,0.9557,-106.50,1,30.0,hold:DY,+0.000,+0.000,-0.303,+0.000,1100,0,
1785505909.9078,2026-07-31T09:51:49.907,109.328,1101,,,,0,,,,1.0047,20.85,0.9542,-106.86,1,30.0,hold:DY,+0.000,+0.000,-0.300,+0.000,1100,0,
1785505910.0063,2026-07-31T09:51:50.006,109.427,1102,,,,0,,,,1.0124,20.27,0.9619,-107.44,1,30.0,hold:DY,+0.000,+0.000,-0.296,+0.000,1100,0,
1785505910.1080,2026-07-31T09:51:50.108,109.529,1103,,,,0,,,,1.0092,20.05,0.9587,-107.66,1,30.0,hold:DY,+0.000,+0.000,-0.291,+0.000,1100,0,
1785505910.2070,2026-07-31T09:51:50.207,109.628,1104,,,,0,,,,1.0100,19.74,0.9595,-107.97,1,30.0,hold:DY,+0.000,+0.000,-0.290,+0.000,1100,0,
1785505910.3071,2026-07-31T09:51:50.307,109.728,1105,,,,0,,,,1.0151,19.57,0.9646,-108.14,1,30.0,hold:DY,+0.000,+0.000,-0.281,+0.000,1100,0,
1785505910.4069,2026-07-31T09:51:50.406,109.828,1106,,,,0,,,,1.0128,19.51,0.9623,-108.20,1,30.0,hold:DY,+0.000,+0.000,-0.284,+0.000,1100,0,
1785505910.5062,2026-07-31T09:51:50.506,109.927,1107,,,,0,,,,1.0153,19.48,0.9648,-108.23,1,30.0,hold:DY,+0.000,+0.000,-0.274,+0.000,1100,0,
1785505910.6055,2026-07-31T09:51:50.605,110.026,1108,,,,0,,,,1.0172,19.52,0.9667,-108.19,1,30.0,hold:DY,+0.000,+0.000,-0.273,+0.000,1100,0,
1785505910.7048,2026-07-31T09:51:50.704,110.125,1109,,,,0,,,,1.0224,19.56,0.9719,-108.15,1,30.0,hold:DY,+0.000,+0.000,-0.265,+0.000,1100,0,
1785505910.8040,2026-07-31T09:51:50.804,110.225,1110,,,,0,,,,1.0220,19.68,0.9715,-108.03,1,30.0,hold:DY,+0.000,+0.000,-0.272,+0.000,1100,0,
1785505910.9042,2026-07-31T09:51:50.904,110.325,1111,,,,0,,,,1.0189,19.77,0.9685,-107.94,1,30.0,hold:DY,+0.000,+0.000,-0.271,+0.000,1100,0,
1785505911.0038,2026-07-31T09:51:51.003,110.424,1112,,,,0,,,,1.0178,19.97,0.9673,-107.74,1,30.0,hold:DY,+0.000,+0.000,-0.262,+0.000,1100,0,
1785505911.1026,2026-07-31T09:51:51.102,110.523,1113,,,,0,,,,1.0246,20.08,0.9741,-107.63,1,30.0,hold:DY,+0.000,+0.000,-0.259,+0.000,1100,0,
1785505911.2018,2026-07-31T09:51:51.201,110.622,1114,,,,0,,,,1.0202,20.34,0.9698,-107.37,1,30.0,hold:DY,+0.000,+0.000,-0.266,+0.000,1100,0,
1785505911.3010,2026-07-31T09:51:51.301,110.722,1115,,,,0,,,,1.0223,20.65,0.9718,-107.07,1,30.0,hold:DY,+0.000,+0.000,-0.253,+0.000,1100,0,
1785505911.3995,2026-07-31T09:51:51.399,110.820,1116,,,,0,,,,1.0202,20.81,0.9698,-106.90,1,30.0,hold:DY,+0.000,+0.000,-0.265,+0.000,1100,0,
1785505911.4991,2026-07-31T09:51:51.499,110.920,1117,,,,0,,,,1.0227,21.18,0.9722,-106.53,1,30.0,hold:DY,+0.000,+0.000,-0.261,+0.000,1100,0,
1785505911.5980,2026-07-31T09:51:51.598,111.019,1118,,,,0,,,,1.0185,21.36,0.9681,-106.35,1,30.0,hold:DY,+0.000,+0.000,-0.266,+0.000,1100,0,
1785505911.6972,2026-07-31T09:51:51.697,111.118,1119,,,,0,,,,1.0196,21.74,0.9691,-105.97,1,30.0,hold:DY+fwd,+0.000,+0.000,-0.264,+0.000,1100,0,
1785505911.7961,2026-07-31T09:51:51.796,111.217,1120,,,,0,,,,1.0197,22.15,0.9692,-105.56,1,30.0,hold:DY+fwd,+1.000,+0.000,-0.261,+0.000,1100,0,
1785505911.8962,2026-07-31T09:51:51.896,111.317,1121,,,,0,,,,1.0198,22.37,0.9693,-105.35,1,30.0,hold:DY+fwd,+1.000,+0.000,-0.264,+0.043,1100,0,
1785505911.9978,2026-07-31T09:51:51.997,111.418,1122,,,,0,,,,1.0184,22.83,0.9679,-104.88,1,30.0,hold:DY+fwd,+1.000,+0.000,-0.269,+0.049,1100,0,
1785505912.0988,2026-07-31T09:51:52.098,111.519,1123,,,,0,,,,1.0231,22.88,0.9726,-104.83,1,30.0,hold:DY+fwd,+1.000,+0.000,-0.257,+0.055,1100,0,
1785505912.1977,2026-07-31T09:51:52.197,111.618,1124,,,,0,,,,1.0178,22.70,0.9673,-105.01,1,30.0,hold:DY+fwd,+1.000,+0.000,-0.267,+0.053,1100,0,
1785505912.2954,2026-07-31T09:51:52.295,111.716,1125,,,,0,,,,0.9949,22.48,0.9444,-105.23,1,30.0,hold:DY+fwd,+1.000,+0.000,-0.311,+0.052,1100,0,
1785505912.3945,2026-07-31T09:51:52.394,111.815,1126,,,,0,,,,1.0205,22.31,0.9701,-105.40,1,30.0,hold:DY+fwd,+1.000,+0.000,-0.261,+0.048,1100,0,
1785505912.4937,2026-07-31T09:51:52.493,111.914,1127,,,,0,,,,1.0208,21.98,0.9703,-105.73,1,30.0,hold:DY+fwd,+1.000,+0.000,-0.252,+0.045,1100,0,
1785505912.5923,2026-07-31T09:51:52.592,112.013,1128,,,,0,,,,1.0210,21.85,0.9705,-105.86,1,30.0,hold:DY+fwd,+1.000,+0.000,-0.258,+0.000,1100,0,
1785505912.6915,2026-07-31T09:51:52.691,112.112,1129,,,,0,,,,1.0136,21.85,0.9631,-105.86,1,30.0,hold:DY+fwd,+1.000,+0.000,-0.252,+0.000,1100,0,
1785505912.7904,2026-07-31T09:51:52.790,112.211,1130,,,,0,,,,1.0128,22.02,0.9623,-105.69,1,30.0,hold:DY+fwd,+1.000,+0.000,-0.275,+0.000,1100,0,
1785505912.8892,2026-07-31T09:51:52.889,112.310,1131,,,,0,,,,1.0104,22.13,0.9599,-105.58,1,30.0,hold:DY+fwd,+1.000,+0.000,-0.278,+0.039,1100,0,
1785505912.9888,2026-07-31T09:51:52.988,112.409,1132,,,,0,,,,0.9950,22.13,0.9445,-105.58,1,30.0,hold:DY+fwd,+1.000,+0.000,-0.289,+0.040,1100,0,
1785505913.0883,2026-07-31T09:51:53.088,112.509,1133,,,,0,,,,1.0002,22.09,0.9497,-105.62,1,30.0,hold:DY+fwd,+1.000,+0.000,-0.299,+0.040,1100,0,
1785505913.1873,2026-07-31T09:51:53.187,112.608,1134,,,,0,,,,0.9935,21.92,0.9430,-105.79,1,30.0,hold:DY+fwd,+1.000,+0.000,-0.313,+0.000,1100,0,
1785505913.2861,2026-07-31T09:51:53.286,112.707,1135,,,,0,,,,0.9884,21.92,0.9379,-105.79,1,30.0,hold:DY+fwd,+1.000,+0.000,-0.322,+0.000,1100,0,
1785505913.3867,2026-07-31T09:51:53.386,112.807,1136,,,,0,,,,0.9860,22.00,0.9356,-105.71,1,30.0,hold:DY+fwd,+1.000,+0.000,-0.316,+0.000,1100,0,
1785505913.4858,2026-07-31T09:51:53.485,112.906,1137,,,,0,,,,0.9844,22.01,0.9339,-105.70,1,30.0,hold:DY+fwd,+1.000,+0.000,-0.330,+0.037,1100,0,
1785505913.5845,2026-07-31T09:51:53.584,113.005,1138,,,,0,,,,0.9850,21.97,0.9345,-105.74,1,30.0,hold:DY+fwd,+1.000,+0.000,-0.330,+0.000,1100,0,
1785505913.6837,2026-07-31T09:51:53.683,113.104,1139,,,,0,,,,0.9825,21.90,0.9321,-105.81,1,30.0,hold:DY+fwd,+1.000,+0.000,-0.326,+0.000,1100,0,
1785505913.7827,2026-07-31T09:51:53.782,113.203,1140,,,,0,,,,0.9938,21.90,0.9433,-105.81,1,30.0,hold:DY+fwd,+1.000,+0.000,-0.312,+0.000,1100,0,
1785505913.8813,2026-07-31T09:51:53.881,113.302,1141,,,,0,,,,0.9976,21.93,0.9471,-105.78,1,30.0,hold:DY+fwd,+1.000,+0.000,-0.309,+0.000,1100,0,
1785505913.9808,2026-07-31T09:51:53.980,113.401,1142,,,,0,,,,0.9987,21.84,0.9482,-105.87,1,30.0,hold:DY+fwd,+1.000,+0.000,-0.288,+0.000,1100,0,
1785505914.0800,2026-07-31T09:51:54.079,113.501,1143,,,,0,,,,1.0079,21.76,0.9574,-105.95,1,30.0,hold:DY+fwd,+1.000,+0.000,-0.284,+0.000,1100,0,
1785505914.1785,2026-07-31T09:51:54.178,113.599,1144,,,,0,,,,1.0153,21.49,0.9648,-106.22,1,30.0,hold:DY+fwd,+1.000,+0.000,-0.276,+0.000,1100,0,
1785505914.2775,2026-07-31T09:51:54.277,113.698,1145,,,,0,,,,1.0337,21.34,0.9832,-106.37,1,30.0,hold:DY+fwd,+1.000,+0.000,-0.232,+0.000,1100,0,
1785505914.3762,2026-07-31T09:51:54.376,113.797,1146,,,,0,,,,1.0547,21.06,1.0042,-106.65,1,30.0,hold:DY+fwd,+1.000,+0.000,-0.221,+0.000,1100,0,
1785505914.4761,2026-07-31T09:51:54.476,113.897,1147,,,,0,,,,1.0353,20.91,0.9848,-106.80,1,30.0,hold:DY+fwd,+1.000,+0.000,-0.225,+0.000,1100,0,
1785505914.5758,2026-07-31T09:51:54.575,113.996,1148,,,,0,,,,1.0610,20.68,1.0105,-107.03,1,30.0,hold:DY+fwd,+1.000,+0.000,-0.172,+0.000,1100,0,
1785505914.6747,2026-07-31T09:51:54.674,114.095,1149,,,,0,,,,1.0557,20.40,1.0053,-107.31,1,30.0,hold:DY+fwd,+1.000,+0.000,-0.174,+0.000,1100,0,
1785505914.7734,2026-07-31T09:51:54.773,114.194,1150,,,,0,,,,1.0717,20.30,1.0213,-107.41,1,30.0,hold:DY+fwd,+1.000,+0.000,-0.146,+0.000,1100,0,
1785505914.8722,2026-07-31T09:51:54.872,114.293,1151,,,,0,,,,1.0907,20.12,1.0403,-107.59,1,30.0,hold:DY+fwd,+1.000,+0.000,-0.132,+0.000,1100,0,
1785505914.9722,2026-07-31T09:51:54.972,114.393,1152,,,,0,,,,1.0825,20.04,1.0320,-107.67,1,30.0,hold:DY+fwd,+1.000,+0.000,-0.117,+0.000,1100,0,
1785505915.0712,2026-07-31T09:51:55.071,114.492,1153,,,,0,,,,1.0914,19.88,1.0410,-107.83,1,30.0,hold:DY+fwd,+1.000,+0.000,-0.096,+0.000,1100,0,
1785505915.1701,2026-07-31T09:51:55.170,114.591,1154,,,,0,,,,1.1162,19.82,1.0658,-107.89,1,30.0,hold:DY+fwd,+1.000,+0.000,-0.071,+0.000,1100,0,
1785505915.2695,2026-07-31T09:51:55.269,114.690,1155,,,,0,,,,1.1021,19.79,1.0516,-107.92,1,30.0,hold:DY+fwd,+1.000,+0.000,-0.066,+0.000,1100,0,
1785505915.3683,2026-07-31T09:51:55.368,114.789,1156,,,,0,,,,1.1331,19.78,1.0826,-107.93,1,30.0,hold:DY+fwd,+1.000,+0.000,-0.054,+0.000,1100,0,
1785505915.4697,2026-07-31T09:51:55.469,114.890,1157,,,,0,,,,1.1097,19.83,1.0593,-107.88,1,30.0,hold:DY+fwd,+1.000,+0.000,-0.042,+0.000,1100,0,
1785505915.5697,2026-07-31T09:51:55.569,114.990,1158,,,,0,,,,1.1187,20.00,1.0682,-107.71,1,30.0,hold:DY+fwd,+1.000,+0.000,-0.022,+0.000,1100,0,
1785505915.6686,2026-07-31T09:51:55.668,115.089,1159,,,,0,,,,1.1281,20.25,1.0776,-107.46,1,30.0,hold:DY+fwd,+1.000,+0.000,-0.015,+0.000,1100,0,
1785505915.7672,2026-07-31T09:51:55.767,115.188,1160,,,,0,,,,1.1335,20.39,1.0830,-107.32,1,30.0,hold:DY+fwd,+1.000,+0.000,+0.020,+0.000,1100,0,
1785505915.8671,2026-07-31T09:51:55.867,115.288,1161,,,,0,,,,1.1271,20.58,1.0766,-107.13,1,30.0,hold:DY+fwd,+1.000,+0.000,+0.010,+0.000,1100,0,
1785505915.9661,2026-07-31T09:51:55.966,115.387,1162,,,,0,,,,1.1236,20.71,1.0732,-107.00,1,30.0,hold:DY+fwd,+1.000,+0.000,+0.010,+0.000,1100,0,
1785505916.0652,2026-07-31T09:51:56.065,115.486,1163,,,,0,,,,1.1210,20.99,1.0705,-106.73,1,30.0,hold:DY+fwd,+1.000,+0.000,+0.014,+0.000,1100,0,
1785505916.1646,2026-07-31T09:51:56.164,115.585,1164,,,,0,,,,1.1233,21.17,1.0728,-106.54,1,30.0,hold:DY+fwd,+1.000,+0.000,+0.019,+0.000,1100,0,
1785505916.2624,2026-07-31T09:51:56.262,115.683,1165,,,,0,,,,1.1262,21.56,1.0757,-106.16,1,30.0,hold:DY+fwd,+1.000,+0.000,+0.029,+0.000,1100,0,
1785505916.3611,2026-07-31T09:51:56.361,115.782,1166,,,,0,,,,1.1361,21.79,1.0856,-105.92,1,30.0,hold:DY,+0.000,+0.000,+0.055,+0.000,1100,0,
1785505916.4606,2026-07-31T09:51:56.460,115.881,1167,,,,0,,,,1.1184,22.27,1.0679,-105.44,1,30.0,hold:DY,+0.000,+0.000,+0.025,+0.041,1100,0,
1785505916.5597,2026-07-31T09:51:56.559,115.980,1168,,,,0,,,,1.1286,22.84,1.0781,-104.87,1,30.0,hold:DY,+0.000,+0.000,+0.043,+0.047,1100,0,
1785505916.6583,2026-07-31T09:51:56.658,116.079,1169,,,,0,,,,1.1271,23.12,1.0766,-104.59,1,30.0,hold:DY,+0.000,+0.000,+0.052,+0.059,1100,0,
1785505916.7588,2026-07-31T09:51:56.758,116.179,1170,,,,0,,,,1.1232,23.69,1.0727,-104.02,1,30.0,hold:DY,+0.000,+0.000,+0.057,+0.065,1100,0,
1785505916.8570,2026-07-31T09:51:56.857,116.278,1171,,,,0,,,,1.1267,24.25,1.0763,-103.47,1,30.0,hold:DY,+0.000,+0.000,+0.062,+0.077,1100,0,
1785505916.9562,2026-07-31T09:51:56.956,116.377,1172,,,,0,,,,1.1259,24.50,1.0754,-103.21,1,30.0,hold:DY,+0.000,+0.000,+0.065,+0.088,1100,0,
1785505917.0552,2026-07-31T09:51:57.055,116.476,1173,,,,0,,,,1.1238,25.00,1.0734,-102.71,1,30.0,hold:DY,+0.000,+0.000,+0.071,+0.095,1100,0,
1785505917.1556,2026-07-31T09:51:57.155,116.576,1174,,,,0,,,,1.1264,25.25,1.0759,-102.46,1,30.0,hold:DY,+0.000,+0.000,+0.076,+0.106,1100,0,
1785505917.2543,2026-07-31T09:51:57.254,116.675,1175,,,,0,,,,1.1259,25.72,1.0754,-101.99,1,30.0,hold:DY,+0.000,+0.000,+0.076,+0.112,1100,0,
1785505917.3537,2026-07-31T09:51:57.353,116.774,1176,,,,0,,,,1.1254,26.12,1.0749,-101.59,1,30.0,hold:DY,+0.000,+0.000,+0.088,+0.122,1100,0,
1785505917.4526,2026-07-31T09:51:57.452,116.873,1177,,,,0,,,,1.1333,26.29,1.0828,-101.42,1,30.0,hold:DY,+0.000,+0.000,+0.105,+0.131,1100,0,
1785505917.5515,2026-07-31T09:51:57.551,116.972,1178,,,,0,,,,1.1328,26.58,1.0823,-101.13,1,30.0,hold:DY,+0.000,+0.000,+0.109,+0.136,1100,0,
1785505917.6504,2026-07-31T09:51:57.650,117.071,1179,,,,0,,,,1.1354,26.72,1.0849,-100.99,1,30.0,hold:DY,+0.000,+0.000,+0.119,+0.144,1100,0,
1785505917.7498,2026-07-31T09:51:57.749,117.170,1180,,,,0,,,,1.1368,27.01,1.0863,-100.71,1,30.0,hold:DY,+0.000,+0.000,+0.137,+0.149,1100,0,
1785505917.8494,2026-07-31T09:51:57.849,117.270,1181,,,,0,,,,1.1450,27.32,1.0946,-100.39,1,30.0,hold:DY,+0.000,+0.000,+0.146,+0.157,1100,0,
1785505917.9483,2026-07-31T09:51:57.948,117.369,1182,,,,0,,,,1.1486,27.50,1.0981,-100.21,1,30.0,hold:DY,+0.000,+0.000,+0.163,+0.167,1100,0,
1785505918.0469,2026-07-31T09:51:58.046,117.468,1183,,,,0,,,,1.1533,27.89,1.1028,-99.82,1,30.0,hold:DY,+0.000,+0.000,+0.172,+0.173,1100,0,
1785505918.1464,2026-07-31T09:51:58.146,117.567,1184,,,,0,,,,1.1534,28.10,1.1029,-99.61,1,30.0,hold:DY,+0.000,+0.000,+0.184,+0.184,1100,0,
1785505918.2456,2026-07-31T09:51:58.245,117.666,1185,,,,0,,,,1.1551,28.53,1.1046,-99.18,1,30.0,hold:DY,+0.000,+0.000,+0.197,+0.191,1100,0,
1785505918.3445,2026-07-31T09:51:58.344,117.765,1186,,,,0,,,,1.1587,28.78,1.1082,-98.93,1,30.0,hold:DY,+0.000,+0.000,+0.207,+0.202,1100,0,
1785505918.4448,2026-07-31T09:51:58.444,117.865,1187,,,,0,,,,1.1578,29.10,1.1073,-98.61,1,30.0,hold:DY,+0.000,+0.000,+0.213,+0.209,1100,0,
1785505918.5457,2026-07-31T09:51:58.545,117.966,1188,,,,0,,,,1.1594,29.33,1.1089,-98.38,1,30.0,hold:DY,+0.000,+0.000,+0.212,+0.218,1100,0,
1785505918.6444,2026-07-31T09:51:58.644,118.065,1189,,,,0,,,,1.1535,29.44,1.1030,-98.27,1,30.0,hold:DY,+0.000,+0.000,+0.216,+0.225,1100,0,
1785505918.7434,2026-07-31T09:51:58.743,118.164,1190,,,,0,,,,1.1541,29.68,1.1036,-98.03,1,30.0,hold:DY,+0.000,+0.000,+0.225,+0.231,1100,0,
1785505918.8430,2026-07-31T09:51:58.843,118.264,1191,,,,0,,,,1.1539,29.82,1.1034,-97.89,1,30.0,hold:DY,+0.000,+0.000,+0.229,+0.240,1100,0,
1785505918.9419,2026-07-31T09:51:58.941,118.363,1192,,,,0,,,,1.1486,30.19,1.0981,-97.52,1,30.0,hold:DY,+0.000,+0.000,+0.227,+0.247,1100,0,
1785505919.0417,2026-07-31T09:51:59.041,118.462,1193,,,,0,,,,1.1494,30.38,1.0989,-97.33,1,30.0,hold:DY,+0.000,+0.000,+0.232,+0.258,1100,0,
1785505919.1403,2026-07-31T09:51:59.140,118.561,1194,,,,0,,,,1.1436,30.78,1.0931,-96.93,1,30.0,hold:DY,+0.000,+0.000,+0.226,+0.269,1100,0,
1785505919.2391,2026-07-31T09:51:59.239,118.660,1195,,,,0,,,,1.1437,31.19,1.0932,-96.52,1,30.0,hold:DY,+0.000,+0.000,+0.224,+0.278,1100,0,
1785505919.3384,2026-07-31T09:51:59.338,118.759,1196,,,,0,,,,1.1395,31.37,1.0890,-96.34,1,30.0,hold:DY,+0.000,+0.000,+0.229,+0.289,1100,0,
1785505919.4373,2026-07-31T09:51:59.437,118.858,1197,,,,0,,,,1.1380,31.72,1.0875,-95.99,1,30.0,hold:DY,+0.000,+0.000,+0.233,+0.297,1100,0,
1785505919.5378,2026-07-31T09:51:59.537,118.958,1198,,,,0,,,,1.1342,31.85,1.0837,-95.86,1,30.0,hold:DY,+0.000,+0.000,+0.229,+0.307,1100,0,
1785505919.6373,2026-07-31T09:51:59.637,119.058,1199,,,,0,,,,1.1344,31.83,1.0839,-95.88,1,30.0,hold:DY,+0.000,+0.000,+0.232,+0.312,1100,0,
1785505919.7366,2026-07-31T09:51:59.736,119.157,1200,,,,0,,,,1.1296,31.50,1.0792,-96.21,1,30.0,hold:DY,+0.000,+0.000,+0.240,+0.313,1100,0,
1785505919.8352,2026-07-31T09:51:59.835,119.256,1201,,,,0,,,,1.1281,31.27,1.0776,-96.44,1,30.0,hold:DY,+0.000,+0.000,+0.233,+0.310,1100,0,
1785505919.9341,2026-07-31T09:51:59.934,119.355,1202,,,,0,,,,1.1279,30.76,1.0775,-96.95,1,30.0,hold:DY,+0.000,+0.000,+0.234,+0.310,1100,0,
1785505920.0332,2026-07-31T09:52:00.033,119.454,1203,,,,0,,,,1.1243,30.50,1.0738,-97.21,1,30.0,hold:DY,+0.000,+0.000,+0.235,+0.305,1100,0,
1785505920.1332,2026-07-31T09:52:00.133,119.554,1204,,,,0,,,,1.1277,30.01,1.0772,-97.70,1,30.0,hold:DY,+0.000,+0.000,+0.244,+0.304,1100,0,
1785505920.2326,2026-07-31T09:52:00.232,119.653,1205,,,,0,,,,1.1239,29.68,1.0734,-98.03,1,30.0,hold:DY,+0.000,+0.000,+0.251,+0.301,1100,0,
1785505920.3308,2026-07-31T09:52:00.330,119.751,1206,,,,0,,,,1.1206,29.58,1.0702,-98.13,1,30.0,hold:DY,+0.000,+0.000,+0.243,+0.300,1100,0,
1785505920.4306,2026-07-31T09:52:00.430,119.851,1207,,,,0,,,,1.1192,29.51,1.0687,-98.20,1,30.0,hold:DY,+0.000,+0.000,+0.255,+0.303,1100,0,
1785505920.5292,2026-07-31T09:52:00.529,119.950,1208,,,,0,,,,1.1232,29.50,1.0727,-98.21,1,30.0,hold:DY,+0.000,+0.000,+0.258,+0.306,1100,0,
1785505920.6283,2026-07-31T09:52:00.628,120.049,1209,,,,0,,,,1.1190,29.55,1.0685,-98.16,1,30.0,hold:DY,+0.000,+0.000,+0.258,+0.310,1100,0,
1785505920.7285,2026-07-31T09:52:00.728,120.149,1210,,,,0,,,,1.1110,29.58,1.0605,-98.13,1,30.0,hold:DY,+0.000,+0.000,+0.262,+0.315,1100,0,
1785505920.8275,2026-07-31T09:52:00.827,120.248,1211,,,,0,,,,1.1118,29.59,1.0613,-98.12,1,30.0,hold:DY,+0.000,+0.000,+0.249,+0.319,1100,0,
1785505920.9263,2026-07-31T09:52:00.926,120.347,1212,,,,0,,,,1.1149,29.56,1.0644,-98.15,1,30.0,hold:DY,+0.000,+0.000,+0.254,+0.323,1100,0,
1785505921.0257,2026-07-31T09:52:01.025,120.446,1213,,,,0,,,,1.1075,29.55,1.0570,-98.16,1,30.0,hold:DY,+0.000,+0.000,+0.249,+0.326,1100,0,
1785505921.1253,2026-07-31T09:52:01.125,120.546,1214,,,,0,,,,1.1073,29.53,1.0568,-98.18,1,30.0,hold:DY,+0.000,+0.000,+0.251,+0.330,1100,0,
1785505921.2239,2026-07-31T09:52:01.223,120.645,1215,,,,0,,,,1.1053,29.52,1.0548,-98.19,1,30.0,hold:DY,+0.000,+0.000,+0.253,+0.333,1100,0,
1785505921.3245,2026-07-31T09:52:01.324,120.745,1216,,,,0,,,,1.1049,29.53,1.0544,-98.18,1,30.0,hold:DY,+0.000,+0.000,+0.256,+0.337,1100,0,
1785505921.4243,2026-07-31T09:52:01.424,120.845,1217,,,,0,,,,1.0967,29.49,1.0462,-98.22,1,30.0,hold:DY,+0.000,+0.000,+0.251,+0.341,1100,0,
1785505921.5236,2026-07-31T09:52:01.523,120.944,1218,,,,0,,,,1.0945,29.45,1.0440,-98.26,1,30.0,hold:DY,+0.000,+0.000,+0.244,+0.343,1100,0,
1785505921.6221,2026-07-31T09:52:01.622,121.043,1219,,,,0,,,,1.0931,29.27,1.0426,-98.44,1,30.0,hold:DY,+0.000,+0.000,+0.242,+0.346,1100,0,
1785505921.7215,2026-07-31T09:52:01.721,121.142,1220,,,,0,,,,1.0950,29.11,1.0446,-98.60,1,30.0,hold:DY,+0.000,+0.000,+0.252,+0.345,1100,0,
1785505921.8201,2026-07-31T09:52:01.820,121.241,1221,,,,0,,,,1.0856,28.69,1.0351,-99.02,1,30.0,hold:DY,+0.000,+0.000,+0.245,+0.345,1100,0,
1785505921.9198,2026-07-31T09:52:01.919,121.340,1222,,,,0,,,,1.0849,28.10,1.0345,-99.61,1,30.0,hold:DY,+0.000,+0.000,+0.242,+0.339,1100,0,
1785505922.0206,2026-07-31T09:52:02.020,121.441,1223,,,,0,,,,1.0836,27.79,1.0331,-99.92,1,30.0,hold:DY,+0.000,+0.000,+0.240,+0.331,1100,0,
1785505922.1200,2026-07-31T09:52:02.120,121.541,1224,,,,0,,,,1.0828,27.22,1.0323,-100.49,1,30.0,hold:DY,+0.000,+0.000,+0.242,+0.329,1100,0,
1785505922.2194,2026-07-31T09:52:02.219,121.640,1225,,,,0,,,,1.0802,26.94,1.0297,-100.77,1,30.0,hold:DY,+0.000,+0.000,+0.239,+0.321,1100,0,
1785505922.3183,2026-07-31T09:52:02.318,121.739,1226,,,,0,,,,1.0799,26.37,1.0294,-101.34,1,30.0,hold:DY,+0.000,+0.000,+0.235,+0.319,1100,0,
1785505922.4173,2026-07-31T09:52:02.417,121.838,1227,,,,0,,,,1.0743,26.08,1.0238,-101.64,1,30.0,hold:DY,+0.000,+0.000,+0.234,+0.311,1100,0,
1785505922.5163,2026-07-31T09:52:02.516,121.937,1228,,,,0,,,,1.0732,25.50,1.0228,-102.21,1,30.0,hold:DY,+0.000,+0.000,+0.235,+0.303,1100,0,
1785505922.6156,2026-07-31T09:52:02.615,122.036,1229,,,,0,,,,1.0703,24.98,1.0198,-102.73,1,30.0,hold:DY,+0.000,+0.000,+0.239,+0.300,1100,0,
1785505922.7164,2026-07-31T09:52:02.716,122.137,1230,,,,0,,,,1.0713,24.76,1.0208,-102.95,1,30.0,hold:DY,+0.000,+0.000,+0.236,+0.294,1100,0,
1785505922.8155,2026-07-31T09:52:02.815,122.236,1231,,,,0,,,,1.0676,24.41,1.0172,-103.30,1,30.0,hold:DY,+0.000,+0.000,+0.235,+0.292,1100,0,
1785505922.9143,2026-07-31T09:52:02.914,122.335,1232,,,,0,,,,1.0672,24.29,1.0167,-103.42,1,30.0,hold:DY,+0.000,+0.000,+0.234,+0.289,1100,0,
1785505923.0144,2026-07-31T09:52:03.014,122.435,1233,,,,0,,,,1.0632,24.10,1.0127,-103.61,1,30.0,hold:DY,+0.000,+0.000,+0.230,+0.289,1100,0,
1785505923.1143,2026-07-31T09:52:03.114,122.535,1234,,,,0,,,,1.0640,23.98,1.0135,-103.73,1,30.0,hold:DY,+0.000,+0.000,+0.229,+0.288,1100,0,
1785505923.2136,2026-07-31T09:52:03.213,122.634,1235,,,,0,,,,1.0535,23.94,1.0030,-103.77,1,30.0,hold:DY,+0.000,+0.000,+0.214,+0.287,1100,0,
1785505923.3133,2026-07-31T09:52:03.313,122.734,1236,,,,0,,,,1.0573,23.91,1.0068,-103.80,1,30.0,hold:DY,+0.000,+0.000,+0.223,+0.289,1100,0,
1785505923.4118,2026-07-31T09:52:03.411,122.832,1237,,,,0,,,,1.0495,23.91,0.9991,-103.80,1,30.0,hold:DY,+0.000,+0.000,+0.210,+0.290,1100,0,
1785505923.5113,2026-07-31T09:52:03.511,122.932,1238,,,,0,,,,1.0522,24.04,1.0017,-103.67,1,30.0,hold:DY,+0.000,+0.000,+0.218,+0.294,1100,0,
1785505923.6103,2026-07-31T09:52:03.610,123.031,1239,,,,0,,,,1.0460,24.28,0.9955,-103.43,1,30.0,hold:DY,+0.000,+0.000,+0.209,+0.298,1100,0,
1785505923.7089,2026-07-31T09:52:03.708,123.130,1240,,,,0,,,,1.0444,24.44,0.9940,-103.27,1,30.0,hold:DY,+0.000,+0.000,+0.206,+0.305,1100,0,
1785505923.8088,2026-07-31T09:52:03.808,123.229,1241,,,,0,,,,1.0336,24.71,0.9831,-103.00,1,30.0,hold:Y,+0.000,+0.000,+0.000,+0.309,1100,0,
1785505923.9096,2026-07-31T09:52:03.909,123.330,1242,,,,0,,,,1.0331,24.79,0.9826,-102.92,1,30.0,hold:Y,+0.000,+0.000,+0.000,+0.314,1100,0,
1785505924.0085,2026-07-31T09:52:04.008,123.429,1243,,,,0,,,,1.0348,24.75,0.9843,-102.96,1,30.0,hold:Y,+0.000,+0.000,+0.000,+0.316,1100,0,
1785505924.1079,2026-07-31T09:52:04.107,123.529,1244,,,,0,,,,1.0326,24.61,0.9821,-103.10,1,30.0,hold:Y,+0.000,+0.000,+0.000,+0.316,1100,0,
1785505924.2076,2026-07-31T09:52:04.207,123.628,1245,,,,0,,,,1.0331,24.52,0.9827,-103.19,1,30.0,hold:Y,+0.000,+0.000,+0.000,+0.315,1100,0,
1785505924.3081,2026-07-31T09:52:04.308,123.729,1246,,,,0,,,,1.0308,24.31,0.9803,-103.40,1,30.0,idle,+0.000,+0.000,+0.000,+0.000,1100,0,
1785505924.4078,2026-07-31T09:52:04.407,123.828,1247,,,,0,,,,1.0232,24.23,0.9728,-103.48,1,30.0,idle,+0.000,+0.000,+0.000,+0.000,1100,0,
1785505924.5068,2026-07-31T09:52:04.506,123.928,1248,,,,0,,,,1.0274,24.38,0.9769,-103.34,1,30.0,idle,+0.000,+0.000,+0.000,+0.000,1100,0,
1785505924.6060,2026-07-31T09:52:04.606,124.027,1249,,,,0,,,,1.0241,24.96,0.9736,-102.75,1,30.0,idle,+0.000,+0.000,+0.000,+0.000,1100,0,
1785505924.7057,2026-07-31T09:52:04.705,124.126,1250,,,,0,,,,1.0219,25.34,0.9714,-102.37,1,30.0,idle,+0.000,+0.000,+0.000,+0.000,1100,0,
1785505924.8047,2026-07-31T09:52:04.804,124.225,1251,,,,0,,,,1.0198,26.24,0.9693,-101.47,1,30.0,idle,+0.000,+0.000,+0.000,+0.000,1100,0,
1785505924.9042,2026-07-31T09:52:04.904,124.325,1252,,,,0,,,,1.0211,27.24,0.9706,-100.47,1,30.0,idle,+0.000,+0.000,+0.000,+0.000,1100,0,
1785505925.0031,2026-07-31T09:52:05.003,124.424,1253,,,,0,,,,1.0191,27.77,0.9687,-99.94,1,30.0,idle,+0.000,+0.000,+0.000,+0.000,1100,0,
1785505925.1019,2026-07-31T09:52:05.101,124.523,1254,,,,0,,,,1.0169,28.86,0.9665,-98.85,1,30.0,idle,+0.000,+0.000,+0.000,+0.000,1100,0,
1785505925.2015,2026-07-31T09:52:05.201,124.622,1255,,,,0,,,,1.0179,29.42,0.9675,-98.29,1,30.0,joystick,+0.000,+0.000,+0.000,+1.000,1100,0,
1785505925.3014,2026-07-31T09:52:05.301,124.722,1256,,,,0,,,,1.0135,30.54,0.9631,-97.17,1,30.0,joystick,+0.000,+0.000,+0.000,+1.000,1100,0,
1785505925.4009,2026-07-31T09:52:05.400,124.822,1257,,,,0,,,,1.0089,31.10,0.9584,-96.61,1,30.0,joystick,+0.000,+0.000,+0.000,+1.000,1100,0,
1785505925.5008,2026-07-31T09:52:05.500,124.921,1258,,,,0,,,,1.0088,30.66,0.9583,-97.05,1,30.0,joystick,+0.000,+0.000,+0.000,+1.000,1100,0,
1785505925.6012,2026-07-31T09:52:05.601,125.022,1259,,,,0,,,,1.0072,23.75,0.9567,-103.96,1,30.0,joystick,+0.000,+0.000,+0.000,+1.000,1100,0,
1785505925.7010,2026-07-31T09:52:05.701,125.122,1260,,,,0,,,,0.9999,18.98,0.9494,-108.73,1,30.0,joystick,+0.000,+0.000,+0.000,+1.000,1100,0,
1785505925.8000,2026-07-31T09:52:05.800,125.221,1261,,,,0,,,,0.9981,8.45,0.9476,-119.26,1,30.0,joystick,+0.000,+0.000,+0.000,+1.000,1100,0,
1785505925.9003,2026-07-31T09:52:05.900,125.321,1262,,,,0,,,,0.9974,2.99,0.9470,-124.72,1,30.0,joystick,+0.000,+0.000,+0.000,+1.000,1100,0,
1785505925.9990,2026-07-31T09:52:05.999,125.420,1263,,,,0,,,,0.9963,-7.56,0.9458,-135.27,1,30.0,joystick,+0.000,+0.000,+0.000,+0.000,1100,0,
1785505926.0984,2026-07-31T09:52:06.098,125.519,1264,,,,0,,,,0.9945,-12.35,0.9440,-140.06,1,30.0,joystick,+0.000,+0.000,+1.000,+0.000,1100,0,
1785505926.1966,2026-07-31T09:52:06.196,125.617,1265,,,,0,,,,0.9930,-13.30,0.9425,-141.01,1,30.0,joystick,+0.000,+0.000,+1.000,+0.000,1100,0,
1785505926.2964,2026-07-31T09:52:06.296,125.717,1266,,,,0,,,,0.9872,-14.23,0.9367,-141.94,1,30.0,joystick,+0.000,+0.000,+1.000,+0.000,1100,0,
1785505926.3963,2026-07-31T09:52:06.396,125.817,1267,,,,0,,,,0.9919,-14.48,0.9414,-142.20,1,30.0,joystick,+0.000,+0.000,+1.000,+0.000,1100,0,
1785505926.4952,2026-07-31T09:52:06.495,125.916,1268,,,,0,,,,0.9767,-14.71,0.9262,-142.42,1,30.0,joystick,+0.000,+0.000,+1.000,+0.000,1100,0,
1785505926.5937,2026-07-31T09:52:06.593,126.014,1269,,,,0,,,,0.9728,-14.67,0.9223,-142.38,1,30.0,joystick,+0.000,+0.000,+1.000,+0.000,1100,0,
1785505926.6935,2026-07-31T09:52:06.693,126.114,1270,,,,0,,,,0.9558,-14.37,0.9053,-142.08,1,30.0,joystick,+0.000,+0.000,+1.000,+0.000,1100,0,
1785505926.7928,2026-07-31T09:52:06.792,126.213,1271,,,,0,,,,0.9348,-13.89,0.8844,-141.60,1,30.0,joystick,+0.000,+0.000,+1.000,+0.000,1100,0,
1785505926.8918,2026-07-31T09:52:06.891,126.312,1272,,,,0,,,,0.9268,-13.63,0.8763,-141.34,1,30.0,joystick,+0.000,+0.000,+0.000,+0.000,1100,0,
1785505926.9914,2026-07-31T09:52:06.991,126.412,1273,,,,0,,,,0.9086,-13.04,0.8581,-140.75,1,30.0,joystick,+0.000,+0.000,-0.161,+0.000,1100,0,
1785505927.0900,2026-07-31T09:52:07.090,126.511,1274,,,,0,,,,0.9013,-12.70,0.8508,-140.41,1,30.0,joystick,+0.000,+0.000,-1.000,+0.000,1100,0,
1785505927.1899,2026-07-31T09:52:07.189,126.611,1275,,,,0,,,,0.8967,-12.12,0.8463,-139.83,1,30.0,joystick,-1.000,+0.000,-1.000,+0.000,1100,0,
1785505927.2892,2026-07-31T09:52:07.289,126.710,1276,,,,0,,,,0.8915,-11.50,0.8411,-139.21,1,30.0,joystick,-1.000,+0.000,-1.000,+0.000,1100,0,
1785505927.3884,2026-07-31T09:52:07.388,126.809,1277,,,,0,,,,0.8980,-11.19,0.8476,-138.90,1,30.0,joystick,-1.000,+0.000,-0.510,+0.000,1100,0,
1785505927.4880,2026-07-31T09:52:07.488,126.909,1278,,,,0,,,,0.8978,-10.61,0.8473,-138.32,1,30.0,joystick,-1.000,+0.000,-0.267,+0.000,1100,0,
1785505927.5884,2026-07-31T09:52:07.588,127.009,1279,,,,0,,,,0.8964,-10.41,0.8459,-138.12,1,30.0,joystick,-1.000,+0.000,-0.267,+0.000,1100,0,
1785505927.6874,2026-07-31T09:52:07.687,127.108,1280,,,,0,,,,0.9022,-10.20,0.8517,-137.91,1,30.0,joystick,-1.000,+0.000,+0.000,+0.000,1100,0,
1785505927.7862,2026-07-31T09:52:07.786,127.207,1281,,,,0,,,,0.9007,-10.37,0.8502,-138.08,1,30.0,joystick,-1.000,+0.000,+0.000,+0.000,1100,0,
1785505927.8850,2026-07-31T09:52:07.885,127.306,1282,,,,0,,,,0.9058,-10.56,0.8553,-138.27,1,30.0,joystick,-1.000,+0.000,+0.000,+0.000,1100,0,
1785505927.9844,2026-07-31T09:52:07.984,127.405,1283,,,,0,,,,0.9126,-11.04,0.8621,-138.75,1,30.0,joystick,-1.000,+0.000,+0.000,+0.000,1100,0,
1785505928.0827,2026-07-31T09:52:08.082,127.503,1284,,,,0,,,,0.9122,-11.44,0.8617,-139.15,1,30.0,joystick,-1.000,+0.000,+0.000,+0.000,1100,0,
1785505928.1823,2026-07-31T09:52:08.182,127.603,1285,,,,0,,,,0.9166,-12.26,0.8661,-139.97,1,30.0,joystick,-1.000,+0.000,+0.000,+0.000,1100,0,
1785505928.2814,2026-07-31T09:52:08.281,127.702,1286,,,,0,,,,0.9270,-12.96,0.8765,-140.67,1,30.0,joystick,-1.000,+0.000,+0.329,+0.000,1100,0,
1785505928.3823,2026-07-31T09:52:08.382,127.803,1287,,,,0,,,,0.9324,-13.19,0.8819,-140.90,1,30.0,joystick,-1.000,+0.000,+0.329,+0.000,1100,0,
1785505928.4805,2026-07-31T09:52:08.480,127.901,1288,,,,0,,,,0.9415,-13.56,0.8910,-141.27,1,30.0,joystick,-1.000,+0.000,+1.000,+0.000,1100,0,
1785505928.5801,2026-07-31T09:52:08.580,128.001,1289,,,,0,,,,0.9505,-13.66,0.9000,-141.38,1,30.0,joystick,-1.000,+0.000,+1.000,+0.000,1100,0,
1785505928.6792,2026-07-31T09:52:08.679,128.100,1290,,,,0,,,,0.9495,-13.70,0.8990,-141.41,1,30.0,joystick,-1.000,+0.000,+1.000,+0.000,1100,0,
1785505928.7780,2026-07-31T09:52:08.777,128.199,1291,,,,0,,,,0.9516,-13.17,0.9011,-140.88,1,30.0,joystick,-1.000,+0.000,+1.000,+0.000,1100,0,
1785505928.8768,2026-07-31T09:52:08.876,128.297,1292,,,,0,,,,0.9519,-12.76,0.9014,-140.47,1,30.0,joystick,-1.000,+0.000,+1.000,+0.000,1100,0,
1785505928.9763,2026-07-31T09:52:08.976,128.397,1293,,,,0,,,,0.9388,-11.73,0.8883,-139.44,1,30.0,joystick,-1.000,+0.000,+1.000,+0.000,1100,0,
1785505929.0748,2026-07-31T09:52:09.074,128.495,1294,,,,0,,,,0.9307,-11.17,0.8802,-138.89,1,30.0,joystick,-1.000,+0.000,+1.000,+0.000,1100,0,
1785505929.1746,2026-07-31T09:52:09.174,128.595,1295,,,,0,,,,0.9187,-10.07,0.8683,-137.78,1,30.0,joystick,-1.000,+0.000,+1.000,+0.000,1100,0,
1785505929.2737,2026-07-31T09:52:09.273,128.694,1296,,,,0,,,,0.9132,-9.47,0.8628,-137.18,1,30.0,joystick,-1.000,+0.000,+1.000,+0.000,1100,0,
1785505929.3731,2026-07-31T09:52:09.373,128.794,1297,,,,0,,,,0.8829,-8.40,0.8324,-136.11,1,30.0,joystick,-1.000,+0.000,+1.000,+0.000,1100,0,
1785505929.4727,2026-07-31T09:52:09.472,128.893,1298,,,,0,,,,0.8637,-7.51,0.8133,-135.22,1,30.0,joystick,-1.000,+0.000,+1.000,+0.000,1100,0,
1785505929.5726,2026-07-31T09:52:09.572,128.993,1299,,,,0,,,,0.8488,-7.07,0.7983,-134.79,1,30.0,joystick,-1.000,+0.000,+1.000,+0.000,1100,0,
1785505929.6716,2026-07-31T09:52:09.671,129.092,1300,,,,0,,,,0.8137,-6.23,0.7632,-133.94,1,30.0,joystick,-1.000,+0.000,+1.000,+0.000,1100,0,
1785505929.7707,2026-07-31T09:52:09.770,129.191,1301,,,,0,,,,0.7985,-5.80,0.7480,-133.51,1,30.0,joystick,-1.000,+0.000,+1.000,+0.000,1100,0,
1785505929.8696,2026-07-31T09:52:09.869,129.290,1302,,,,0,,,,0.7626,-5.05,0.7121,-132.76,1,30.0,joystick,-1.000,+0.000,+1.000,+0.000,1100,0,
1785505929.9695,2026-07-31T09:52:09.969,129.390,1303,,,,0,,,,0.7457,-4.64,0.6952,-132.35,1,30.0,joystick,-1.000,+0.000,+1.000,+0.000,1100,0,
1785505930.0695,2026-07-31T09:52:10.069,129.490,1304,,,,0,,,,0.7069,-3.72,0.6564,-131.43,1,30.0,joystick,-1.000,+0.000,+1.000,+0.000,1100,0,
1785505930.1692,2026-07-31T09:52:10.169,129.590,1305,,,,0,,,,0.6712,-2.77,0.6207,-130.48,1,30.0,joystick,-1.000,+0.000,+1.000,+0.000,1100,0,
1785505930.2680,2026-07-31T09:52:10.268,129.689,1306,,,,0,,,,0.6519,-2.27,0.6014,-129.99,1,30.0,joystick,-1.000,+0.000,+1.000,+0.000,1100,0,
1785505930.3666,2026-07-31T09:52:10.366,129.787,1307,,,,0,,,,0.6083,-1.23,0.5578,-128.94,1,30.0,joystick,-1.000,+0.000,+1.000,+0.000,1100,0,
1785505930.4676,2026-07-31T09:52:10.467,129.888,1308,,,,0,,,,0.5881,-0.76,0.5377,-128.47,1,30.0,joystick,-1.000,+0.000,+1.000,+0.000,1100,0,
1785505930.5668,2026-07-31T09:52:10.566,129.987,1309,,,,0,,,,0.5448,0.24,0.4943,-127.47,1,30.0,joystick,-1.000,+0.000,+1.000,+0.000,1100,0,
1785505930.6656,2026-07-31T09:52:10.665,130.086,1310,,,,0,,,,0.5073,1.17,0.4569,-126.54,1,30.0,joystick,-1.000,+0.000,+1.000,+0.000,1100,0,
1785505930.7653,2026-07-31T09:52:10.765,130.186,1311,,,,0,,,,0.4880,1.60,0.4375,-126.11,1,30.0,joystick,-1.000,+0.000,+1.000,+0.000,1100,0,
1785505930.8648,2026-07-31T09:52:10.864,130.285,1312,,,,0,,,,0.4470,2.36,0.3966,-125.35,1,30.0,joystick,-1.000,+0.000,+1.000,+0.000,1100,0,
1785505930.9641,2026-07-31T09:52:10.964,130.385,1313,,,,0,,,,0.4051,3.11,0.3546,-124.60,1,30.0,joystick,-1.000,+0.000,+1.000,+0.000,1100,0,
1785505931.0641,2026-07-31T09:52:11.064,130.485,1314,,,,0,,,,0.3921,3.46,0.3416,-124.25,1,30.0,joystick,-1.000,+0.000,+1.000,+0.000,1100,0,
1785505931.1625,2026-07-31T09:52:11.162,130.583,1315,,,,0,,,,0.3509,4.10,0.3005,-123.61,1,30.0,joystick,-1.000,+0.000,+1.000,+0.000,1100,0,
1785505931.2618,2026-07-31T09:52:11.261,130.682,1316,,,,0,,,,0.3374,4.40,0.2869,-123.31,1,30.0,joystick,-1.000,+0.000,+1.000,+0.000,1100,0,
1785505931.3612,2026-07-31T09:52:11.361,130.782,1317,,,,0,,,,0.2980,4.83,0.2475,-122.88,1,30.0,joystick,-1.000,+0.000,+1.000,+0.000,1100,0,
1785505931.4616,2026-07-31T09:52:11.461,130.882,1318,,,,0,,,,0.2684,4.95,0.2179,-122.76,1,30.0,joystick,-1.000,+0.000,+0.718,+0.000,1100,0,
1785505931.5609,2026-07-31T09:52:11.560,130.982,1319,,,,0,,,,0.2536,5.01,0.2031,-122.70,1,30.0,joystick,-1.000,+0.000,+0.000,+0.000,1100,0,
1785505931.6604,2026-07-31T09:52:11.660,131.081,1320,,,,0,,,,0.2328,5.06,0.1824,-122.66,1,30.0,joystick,-1.000,+0.000,+0.000,+0.000,1100,0,
1785505931.7608,2026-07-31T09:52:11.760,131.181,1321,,,,0,,,,0.2153,5.11,0.1649,-122.60,1,30.0,joystick,-1.000,+0.000,+0.000,+0.000,1100,0,
1785505931.8594,2026-07-31T09:52:11.859,131.280,1322,,,,0,,,,0.2106,5.13,0.1601,-122.58,1,30.0,joystick,-1.000,+0.000,+0.000,+0.000,1100,0,
1785505931.9587,2026-07-31T09:52:11.958,131.379,1323,,,,0,,,,0.1999,5.16,0.1494,-122.55,1,30.0,joystick,-1.000,+0.000,+0.000,+0.000,1100,0,
1785505932.0575,2026-07-31T09:52:12.057,131.478,1324,,,,0,,,,0.2021,5.21,0.1516,-122.50,1,30.0,joystick,-1.000,+0.000,+0.000,+0.000,1100,0,
1785505932.1579,2026-07-31T09:52:12.157,131.579,1325,,,,0,,,,0.1914,5.12,0.1409,-122.60,1,30.0,joystick,-1.000,+0.000,+0.000,+0.000,1100,0,
1785505932.2571,2026-07-31T09:52:12.257,131.678,1326,,,,0,,,,0.1976,5.03,0.1471,-122.69,1,30.0,joystick,-1.000,+0.000,+0.000,+0.000,1100,0,
1785505932.3567,2026-07-31T09:52:12.356,131.777,1327,,,,0,,,,0.2057,4.75,0.1552,-122.96,1,30.0,joystick,-1.000,+0.000,+0.000,+0.000,1100,0,
1785505932.4554,2026-07-31T09:52:12.455,131.876,1328,,,,0,,,,0.2118,4.59,0.1613,-123.12,1,30.0,joystick,-1.000,+0.000,+0.000,+0.000,1100,0,
1785505932.5545,2026-07-31T09:52:12.554,131.975,1329,,,,0,,,,0.2201,4.29,0.1697,-123.42,1,30.0,joystick,-1.000,+0.000,+0.000,+0.000,1100,0,
1785505932.6547,2026-07-31T09:52:12.654,132.075,1330,,,,0,,,,0.2333,4.05,0.1829,-123.66,1,30.0,joystick,-1.000,+0.000,+0.000,+0.000,1100,0,
1785505932.7543,2026-07-31T09:52:12.754,132.175,1331,,,,0,,,,0.2402,4.02,0.1897,-123.69,1,30.0,joystick,-1.000,+0.000,+0.000,+0.000,1100,0,
1785505932.8553,2026-07-31T09:52:12.855,132.276,1332,,,,0,,,,0.2579,4.00,0.2074,-123.71,1,30.0,joystick,-1.000,+0.000,+0.000,+0.000,1100,0,
1785505932.9552,2026-07-31T09:52:12.955,132.376,1333,,,,0,,,,0.2690,4.02,0.2185,-123.69,1,30.0,joystick,-1.000,+0.000,+0.000,+0.000,1100,0,
1785505933.0536,2026-07-31T09:52:13.053,132.474,1334,,,,0,,,,0.2791,4.11,0.2286,-123.60,1,30.0,joystick,-1.000,+0.000,+0.000,+0.000,1100,0,
1785505933.1528,2026-07-31T09:52:13.152,132.573,1335,,,,0,,,,0.2874,4.20,0.2369,-123.51,1,30.0,joystick,-1.000,+0.000,+0.000,+0.000,1100,0,
1785505933.2517,2026-07-31T09:52:13.251,132.672,1336,,,,0,,,,0.2983,4.34,0.2478,-123.38,1,30.0,joystick,-1.000,+0.000,+0.000,+0.000,1100,0,
1785505933.3510,2026-07-31T09:52:13.350,132.772,1337,,,,0,,,,0.3098,4.52,0.2593,-123.19,1,30.0,joystick,-1.000,+0.000,+0.000,+0.000,1100,0,
1785505933.4499,2026-07-31T09:52:13.449,132.871,1338,,,,0,,,,0.3152,4.55,0.2647,-123.16,1,30.0,joystick,-1.000,+0.000,+0.000,+0.000,1100,0,
1785505933.5484,2026-07-31T09:52:13.548,132.969,1339,,,,0,,,,0.3232,4.69,0.2727,-123.02,1,30.0,joystick,-1.000,+0.000,+0.000,+0.000,1100,0,
1785505933.6478,2026-07-31T09:52:13.647,133.068,1340,,,,0,,,,0.3267,4.74,0.2763,-122.97,1,30.0,joystick,-1.000,+0.000,+0.000,+0.000,1100,0,
1785505933.7465,2026-07-31T09:52:13.746,133.167,1341,,,,0,,,,0.3333,4.83,0.2828,-122.88,1,30.0,joystick,-1.000,+0.000,+0.000,+0.000,1100,0,
1785505933.8455,2026-07-31T09:52:13.845,133.266,1342,,,,0,,,,0.3411,4.98,0.2907,-122.73,1,30.0,joystick,-1.000,+0.000,+0.000,+0.000,1100,0,
1785505933.9451,2026-07-31T09:52:13.945,133.366,1343,,,,0,,,,0.3442,5.12,0.2938,-122.59,1,30.0,joystick,-1.000,+0.000,+0.000,+0.000,1100,0,
1785505934.0438,2026-07-31T09:52:14.043,133.464,1344,,,,0,,,,0.3498,5.50,0.2993,-122.21,1,30.0,joystick,-1.000,+0.000,+0.000,+0.000,1100,0,
1785505934.1431,2026-07-31T09:52:14.143,133.564,1345,,,,0,,,,0.3538,5.73,0.3033,-121.98,1,30.0,joystick,-1.000,+0.000,+0.000,+0.000,1100,0,
1785505934.2414,2026-07-31T09:52:14.241,133.662,1346,,,,0,,,,0.3589,6.08,0.3084,-121.63,1,30.0,joystick,-1.000,+0.000,+0.000,+0.000,1100,0,
1785505934.3422,2026-07-31T09:52:14.342,133.763,1347,,,,0,,,,0.3647,6.41,0.3142,-121.30,1,30.0,joystick,-1.000,+0.000,+0.000,+0.000,1100,0,
1785505934.4428,2026-07-31T09:52:14.442,133.863,1348,,,,0,,,,0.3686,6.63,0.3181,-121.08,1,30.0,joystick,-1.000,+0.000,+0.000,+0.000,1100,0,
1785505934.5417,2026-07-31T09:52:14.541,133.962,1349,,,,0,,,,0.3721,7.15,0.3217,-120.56,1,30.0,joystick,-1.000,+0.000,+0.000,+0.000,1100,0,
1785505934.6412,2026-07-31T09:52:14.641,134.062,1350,,,,0,,,,0.3752,7.43,0.3247,-120.28,1,30.0,joystick,+0.000,+0.000,+0.000,+0.000,1100,0,
1785505934.7409,2026-07-31T09:52:14.740,134.162,1351,,,,0,,,,0.3807,7.91,0.3302,-119.80,1,30.0,joystick,+0.000,+0.000,+0.000,+0.000,1100,0,
1785505934.8410,2026-07-31T09:52:14.840,134.262,1352,,,,0,,,,0.3838,8.38,0.3333,-119.33,1,30.0,joystick,+0.000,+0.000,+0.000,+0.000,1100,0,
1785505934.9397,2026-07-31T09:52:14.939,134.360,1353,,,,0,,,,0.3887,8.60,0.3382,-119.11,1,30.0,joystick,+0.000,+0.000,+0.000,+0.000,1100,0,
1785505935.0383,2026-07-31T09:52:15.038,134.459,1354,,,,0,,,,0.3978,9.05,0.3474,-118.66,1,30.0,joystick,+0.000,+0.000,+0.000,+0.000,1100,0,
1785505935.1381,2026-07-31T09:52:15.138,134.559,1355,,,,0,,,,0.4003,9.29,0.3498,-118.42,1,30.0,joystick,+0.000,+0.000,+0.000,+0.000,1100,0,
1785505935.2374,2026-07-31T09:52:15.237,134.658,1356,,,,0,,,,0.4062,9.82,0.3558,-117.89,1,30.0,joystick,+0.000,+0.000,+0.000,+0.000,1100,0,
1785505935.3365,2026-07-31T09:52:15.336,134.757,1357,,,,0,,,,0.4119,10.39,0.3615,-117.32,1,30.0,joystick,+0.000,+0.000,+0.000,+0.000,1100,0,
1785505935.4371,2026-07-31T09:52:15.437,134.858,1358,,,,0,,,,0.4181,10.70,0.3676,-117.01,1,30.0,joystick,+0.000,+0.000,+0.000,+0.000,1100,0,
1785505935.5371,2026-07-31T09:52:15.537,134.958,1359,,,,0,,,,0.4218,11.33,0.3714,-116.38,1,30.0,joystick,+0.000,+0.000,+0.000,+0.000,1100,0,
1785505935.6362,2026-07-31T09:52:15.636,135.057,1360,,,,0,,,,0.4246,11.65,0.3741,-116.06,1,30.0,joystick,+0.000,+0.000,+0.000,+0.000,1100,0,
1785505935.7358,2026-07-31T09:52:15.735,135.156,1361,,,,0,,,,0.4252,12.34,0.3748,-115.37,1,30.0,joystick,+0.000,+0.000,+0.000,+0.000,1100,0,
1785505935.8344,2026-07-31T09:52:15.834,135.255,1362,,,,0,,,,0.4240,13.08,0.3735,-114.63,1,30.0,joystick,+0.000,+0.000,+0.000,+0.000,1100,0,
1785505935.9348,2026-07-31T09:52:15.934,135.356,1363,,,,0,,,,0.4253,13.46,0.3748,-114.25,1,30.0,joystick,+0.000,+0.000,+0.000,+0.000,1100,0,
1785505936.0335,2026-07-31T09:52:16.033,135.454,1364,,,,0,,,,0.4248,14.22,0.3743,-113.49,1,30.0,joystick,+0.000,+0.000,+0.000,+0.000,1100,0,
1785505936.1332,2026-07-31T09:52:16.133,135.554,1365,,,,0,,,,0.4235,14.59,0.3730,-113.12,1,30.0,joystick,+0.000,+0.000,+0.000,+0.000,1100,0,
1785505936.2333,2026-07-31T09:52:16.233,135.654,1366,,,,0,,,,0.4229,15.34,0.3724,-112.37,1,30.0,joystick,+0.000,+0.000,+0.000,+0.000,1100,0,
1785505936.3327,2026-07-31T09:52:16.332,135.753,1367,,,,0,,,,0.4212,16.09,0.3708,-111.62,1,30.0,joystick,+0.000,+0.000,+0.000,+0.000,1100,0,
1785505936.4318,2026-07-31T09:52:16.431,135.852,1368,,,,0,,,,0.4206,16.45,0.3701,-111.26,1,30.0,joystick,+0.000,+0.000,+0.000,+0.000,1100,0,
1785505936.5310,2026-07-31T09:52:16.531,135.952,1369,,,,0,,,,0.4148,17.16,0.3643,-110.55,1,30.0,joystick,+0.000,+0.000,+0.000,+0.000,1100,0,
1785505936.6301,2026-07-31T09:52:16.630,136.051,1370,,,,0,,,,0.4170,17.50,0.3665,-110.21,1,30.0,joystick,+0.000,+0.000,+0.000,+0.000,1100,0,
1785505936.7297,2026-07-31T09:52:16.729,136.150,1371,,,,0,,,,0.4248,18.14,0.3744,-109.57,1,30.0,joystick,+0.000,+0.000,+0.000,+0.000,1100,0,
1785505936.8287,2026-07-31T09:52:16.828,136.249,1372,,,,0,,,,0.4167,18.45,0.3662,-109.26,1,30.0,joystick,+0.000,+0.000,+0.000,+0.000,1100,0,
1785505936.9280,2026-07-31T09:52:16.927,136.349,1373,,,,0,,,,0.4264,19.01,0.3760,-108.70,1,30.0,joystick,+0.000,+0.000,+0.000,+0.000,1100,0,
1785505937.0278,2026-07-31T09:52:17.027,136.448,1374,,,,0,,,,0.4252,19.54,0.3747,-108.17,1,30.0,joystick,+0.000,+0.000,+0.000,+0.000,1100,0,
1785505937.1278,2026-07-31T09:52:17.127,136.548,1375,,,,0,,,,0.4267,19.79,0.3762,-107.92,1,30.0,joystick,+0.000,+0.000,+0.000,+0.000,1100,0,
1785505937.2263,2026-07-31T09:52:17.226,136.647,1376,,,,0,,,,0.4346,20.26,0.3842,-107.45,1,30.0,joystick,+0.000,+0.000,+0.000,+0.000,1100,0,
1785505937.3256,2026-07-31T09:52:17.325,136.746,1377,,,,0,,,,0.4346,20.48,0.3841,-107.23,1,30.0,joystick,+0.000,+0.000,+0.000,+0.000,1100,0,
1785505937.4261,2026-07-31T09:52:17.426,136.847,1378,,,,0,,,,0.4410,20.89,0.3905,-106.82,1,30.0,joystick,+0.000,+0.000,+0.000,+0.000,1100,0,
1785505937.5261,2026-07-31T09:52:17.526,136.947,1379,,,,0,,,,0.4445,21.29,0.3940,-106.42,1,30.0,joystick,+0.000,+0.000,+0.000,+0.000,1100,0,
1785505937.6261,2026-07-31T09:52:17.626,137.047,1380,,,,0,,,,0.4415,21.49,0.3911,-106.22,1,30.0,joystick,+0.000,+0.000,+0.000,+0.000,1100,0,
1785505937.7253,2026-07-31T09:52:17.725,137.146,1381,,,,0,,,,0.4489,21.88,0.3984,-105.83,1,30.0,joystick,+0.000,+0.000,+0.000,+0.000,1100,0,
1785505937.8257,2026-07-31T09:52:17.825,137.246,1382,,,,0,,,,0.4545,22.08,0.4041,-105.63,1,30.0,joystick,+0.000,+0.000,+0.000,+0.000,1100,0,
1785505937.9243,2026-07-31T09:52:17.924,137.345,1383,,,,0,,,,0.4534,22.51,0.4029,-105.20,1,30.0,joystick,+0.000,+0.000,+0.000,+0.000,1100,0,
1785505938.0233,2026-07-31T09:52:18.023,137.444,1384,,,,0,,,,0.4543,22.98,0.4038,-104.73,1,30.0,joystick,+0.000,+0.000,+0.000,+0.000,1100,0,
1785505938.1222,2026-07-31T09:52:18.122,137.543,1385,,,,0,,,,0.4560,23.23,0.4055,-104.48,1,30.0,joystick,+0.000,+0.000,+0.000,+0.000,1100,0,
1785505938.2217,2026-07-31T09:52:18.221,137.642,1386,,,,0,,,,0.4608,23.76,0.4103,-103.95,1,30.0,joystick,+0.000,+0.000,+0.000,+0.000,1100,0,
1785505938.3212,2026-07-31T09:52:18.321,137.742,1387,,,,0,,,,0.4561,24.04,0.4056,-103.67,1,30.0,joystick,+0.000,+0.000,+0.000,+0.000,1100,0,
1785505938.4202,2026-07-31T09:52:18.420,137.841,1388,,,,0,,,,0.4556,24.65,0.4052,-103.06,1,30.0,joystick,+0.000,+0.000,+0.000,+0.000,1100,0,
1785505938.5207,2026-07-31T09:52:18.520,137.941,1389,,,,0,,,,0.4578,25.28,0.4074,-102.43,1,30.0,joystick,+0.000,+0.000,+0.000,+0.000,1100,0,
1785505938.6191,2026-07-31T09:52:18.619,138.040,1390,,,,0,,,,0.4546,25.62,0.4041,-102.09,1,30.0,joystick,+0.000,+0.000,+0.000,+0.000,1100,0,
1785505938.7182,2026-07-31T09:52:18.718,138.139,1391,,,,0,,,,0.4531,26.30,0.4027,-101.41,1,30.0,joystick,+0.000,+0.000,+0.000,+0.000,1100,0,
1785505938.8174,2026-07-31T09:52:18.817,138.238,1392,,,,0,,,,0.4584,26.65,0.4080,-101.06,1,30.0,joystick,+0.000,+0.000,+0.000,+0.000,1100,0,
1785505938.9171,2026-07-31T09:52:18.917,138.338,1393,,,,0,,,,0.4512,27.37,0.4008,-100.34,1,30.0,joystick,+0.000,+0.000,+0.000,+0.000,1100,0,
1785505939.0168,2026-07-31T09:52:19.016,138.437,1394,,,,0,,,,0.4499,28.10,0.3994,-99.62,1,30.0,joystick,+0.000,+0.000,+0.000,+0.000,1100,0,
1785505939.1152,2026-07-31T09:52:19.115,138.536,1395,,,,0,,,,0.4564,28.46,0.4059,-99.25,1,30.0,joystick,+0.000,+0.000,+0.000,+0.000,1100,0,
1785505939.2145,2026-07-31T09:52:19.214,138.635,1396,,,,0,,,,0.4513,29.20,0.4008,-98.51,1,30.0,joystick,+0.000,+0.000,+0.000,+0.000,1100,0,
1785505939.3132,2026-07-31T09:52:19.313,138.734,1397,,,,0,,,,0.4486,29.57,0.3981,-98.14,1,30.0,joystick,+0.000,+0.000,+0.000,+0.000,1100,0,
1785505939.4137,2026-07-31T09:52:19.413,138.834,1398,,,,0,,,,0.4486,30.31,0.3981,-97.40,1,30.0,joystick,+0.000,+0.000,+0.000,+0.000,1100,0,
1785505939.5124,2026-07-31T09:52:19.512,138.933,1399,,,,0,,,,0.4454,31.05,0.3949,-96.66,1,30.0,joystick,+0.000,+0.000,+0.000,+0.000,1100,0,
1785505939.6118,2026-07-31T09:52:19.611,139.032,1400,,,,0,,,,0.4479,31.44,0.3974,-96.27,1,30.0,joystick,+0.000,+0.000,+0.000,+0.000,1100,0,
1785505939.7110,2026-07-31T09:52:19.711,139.132,1401,,,,0,,,,0.4465,32.22,0.3960,-95.49,1,30.0,joystick,+0.000,+0.000,+0.000,+0.000,1100,0,
1785505939.8110,2026-07-31T09:52:19.811,139.232,1402,,,,0,,,,0.4477,32.59,0.3972,-95.12,1,30.0,joystick,+0.000,+0.000,+0.000,+0.000,1100,0,
1785505939.9107,2026-07-31T09:52:19.910,139.331,1403,,,,0,,,,0.4504,33.36,0.3999,-94.36,1,30.0,joystick,+0.000,+0.000,+0.000,+0.000,1100,0,
1785505940.0094,2026-07-31T09:52:20.009,139.430,1404,,,,0,,,,0.4490,34.13,0.3985,-93.58,1,30.0,joystick,+0.000,+0.000,+0.000,+0.000,1100,0,
1785505940.1088,2026-07-31T09:52:20.108,139.529,1405,,,,0,,,,0.4472,34.51,0.3968,-93.20,1,30.0,joystick,+0.000,+0.000,+0.000,+0.000,1100,0,
1785505940.2073,2026-07-31T09:52:20.207,139.628,1406,,,,0,,,,0.4485,35.29,0.3980,-92.42,1,30.0,joystick,+0.000,+0.000,+0.000,+0.000,1100,0,
1785505940.3066,2026-07-31T09:52:20.306,139.727,1407,,,,0,,,,0.4466,35.68,0.3962,-92.03,1,30.0,joystick,+0.000,+0.000,+0.000,+0.000,1100,0,
1785505940.4051,2026-07-31T09:52:20.405,139.826,1408,,,,0,,,,0.4477,36.47,0.3972,-91.24,1,30.0,joystick,+0.000,+0.000,+0.000,+0.000,1100,0,
1785505940.5041,2026-07-31T09:52:20.504,139.925,1409,,,,0,,,,0.4498,36.86,0.3994,-90.85,1,30.0,joystick,+0.000,+0.000,+0.000,+0.000,1100,0,
1785505940.6034,2026-07-31T09:52:20.603,140.024,1410,,,,0,,,,0.4478,37.66,0.3973,-90.05,1,30.0,joystick,+0.000,+0.000,+0.000,+0.000,1100,0,
1785505940.7025,2026-07-31T09:52:20.702,140.123,1411,,,,0,,,,0.4456,38.07,0.3951,-89.64,1,30.0,joystick,+0.000,+0.000,+0.000,+0.000,1100,0,
1785505940.8017,2026-07-31T09:52:20.801,140.222,1412,,,,0,,,,0.4428,38.88,0.3923,-88.83,1,30.0,joystick,+0.000,+0.000,+0.000,+0.000,1100,0,
1785505940.9020,2026-07-31T09:52:20.901,140.323,1413,,,,0,,,,0.4482,39.70,0.3977,-88.01,1,30.0,joystick,+0.000,+0.000,+0.000,+0.000,1100,0,
1785505941.0015,2026-07-31T09:52:21.001,140.422,1414,,,,0,,,,0.4427,40.12,0.3922,-87.59,1,30.0,joystick,+0.000,+0.000,+0.000,+0.000,1100,0,
1785505941.1001,2026-07-31T09:52:21.100,140.521,1415,,,,0,,,,0.4427,40.96,0.3922,-86.75,1,30.0,joystick,+0.000,+0.000,+0.000,+0.000,1100,0,
1785505941.2005,2026-07-31T09:52:21.200,140.621,1416,,,,0,,,,0.4382,41.38,0.3878,-86.33,1,30.0,joystick,+0.000,+0.000,+0.000,+0.000,1100,0,
1785505941.2995,2026-07-31T09:52:21.299,140.720,1417,,,,0,,,,0.4378,42.22,0.3873,-85.49,1,30.0,joystick,+0.000,+0.000,+0.000,+0.000,1100,0,
1785505941.3988,2026-07-31T09:52:21.398,140.819,1418,,,,0,,,,0.4352,43.06,0.3847,-84.65,1,30.0,joystick,+0.000,+0.000,+0.000,+0.000,1100,0,
1785505941.4989,2026-07-31T09:52:21.498,140.920,1419,,,,0,,,,0.4367,43.47,0.3863,-84.24,1,30.0,joystick,+0.000,+0.000,+0.000,+0.000,1100,0,
1785505941.5973,2026-07-31T09:52:21.597,141.018,1420,,,,0,,,,0.4349,44.29,0.3844,-83.42,1,30.0,joystick,+0.000,+0.000,+0.000,+0.000,1100,0,
1785505941.6966,2026-07-31T09:52:21.696,141.117,1421,,,,0,,,,0.4299,45.10,0.3794,-82.61,1,30.0,joystick,+0.000,+0.000,+0.000,+0.000,1100,0,
1785505941.7958,2026-07-31T09:52:21.795,141.216,1422,,,,0,,,,0.4282,45.50,0.3777,-82.21,1,30.0,joystick,+0.000,+0.000,+0.000,+0.000,1100,0,
1785505941.8946,2026-07-31T09:52:21.894,141.315,1423,,,,0,,,,0.4235,46.30,0.3730,-81.41,1,30.0,joystick,+0.000,+0.000,+0.000,+0.000,1100,0,
1785505941.9940,2026-07-31T09:52:21.993,141.415,1424,,,,0,,,,0.4239,46.69,0.3734,-81.02,1,30.0,joystick,+0.000,+0.000,+0.000,+0.000,1100,0,
1785505942.0938,2026-07-31T09:52:22.093,141.514,1425,,,,0,,,,0.4216,47.46,0.3711,-80.25,1,30.0,joystick,+0.000,+0.000,+0.000,+0.000,1100,0,
1785505942.1922,2026-07-31T09:52:22.192,141.613,1426,,,,0,,,,0.4170,48.23,0.3665,-79.48,1,30.0,joystick,+0.000,+0.000,+0.000,+0.000,1100,0,
1785505942.2914,2026-07-31T09:52:22.291,141.712,1427,,,,0,,,,0.4220,48.61,0.3715,-79.10,1,30.0,joystick,+0.000,+0.000,+0.000,+0.000,1100,0,
1785505942.3901,2026-07-31T09:52:22.390,141.811,1428,,,,0,,,,0.4157,49.37,0.3652,-78.34,1,30.0,joystick,+0.000,+0.000,+0.000,+0.000,1100,0,
1785505942.4906,2026-07-31T09:52:22.490,141.911,1429,,,,0,,,,0.4123,49.74,0.3619,-77.97,1,30.0,joystick,+0.000,+0.000,+0.000,+0.000,1100,0,
1785505942.5894,2026-07-31T09:52:22.589,142.010,1430,,,,0,,,,0.4124,50.48,0.3619,-77.23,1,30.0,joystick,+0.000,+0.000,+0.000,+0.000,1100,0,
1785505942.6883,2026-07-31T09:52:22.688,142.109,1431,,,,0,,,,0.4126,50.86,0.3622,-76.85,1,30.0,joystick,+0.000,+0.000,+0.000,+0.000,1100,0,
1785505942.7875,2026-07-31T09:52:22.787,142.208,1432,,,,0,,,,0.4088,51.60,0.3584,-76.11,1,30.0,joystick,+0.000,+0.000,+0.000,+0.000,1100,0,
1785505942.8860,2026-07-31T09:52:22.886,142.307,1433,,,,0,,,,0.4051,52.32,0.3546,-75.39,1,30.0,joystick,+0.000,+0.000,+0.000,+0.000,1100,0,
1785505942.9855,2026-07-31T09:52:22.985,142.406,1434,,,,0,,,,0.4029,52.69,0.3524,-75.02,1,30.0,joystick,+0.000,+0.000,+0.000,+0.000,1100,0,
1785505943.0848,2026-07-31T09:52:23.084,142.505,1435,,,,0,,,,0.4025,53.41,0.3521,-74.30,1,30.0,joystick,+0.000,+0.000,+0.000,+0.000,1100,0,
1785505943.1835,2026-07-31T09:52:23.183,142.604,1436,,,,0,,,,0.4003,53.77,0.3498,-73.94,1,30.0,joystick,+0.000,+0.000,+0.000,+0.000,1100,0,
1785505943.2825,2026-07-31T09:52:23.282,142.703,1437,,,,0,,,,0.4032,54.48,0.3528,-73.23,1,30.0,joystick,+0.000,+0.000,+0.000,+0.000,1100,0,
1785505943.3815,2026-07-31T09:52:23.381,142.802,1438,,,,0,,,,0.3988,55.20,0.3483,-72.51,1,30.0,joystick,+0.000,+0.000,+0.000,+0.000,1100,0,
1785505943.4808,2026-07-31T09:52:23.480,142.901,1439,,,,0,,,,0.3938,55.57,0.3433,-72.14,1,30.0,joystick,+0.000,+0.000,+0.000,+0.000,1100,0,
1785505943.5794,2026-07-31T09:52:23.579,143.000,1440,,,,0,,,,0.3915,56.31,0.3410,-71.40,1,30.0,joystick,+0.000,+0.000,+0.000,+0.000,1100,0,
1785505943.6787,2026-07-31T09:52:23.678,143.099,1441,,,,0,,,,0.3904,56.67,0.3399,-71.04,1,30.0,joystick,+0.000,+0.000,+0.000,+0.000,1100,0,
1785505943.7777,2026-07-31T09:52:23.777,143.198,1442,,,,0,,,,0.3840,57.40,0.3336,-70.31,1,30.0,joystick,+0.000,+0.000,+0.000,+0.000,1100,0,
1785505943.8765,2026-07-31T09:52:23.876,143.297,1443,,,,0,,,,0.3828,57.77,0.3324,-69.94,1,30.0,joystick,+0.000,+0.000,+0.000,+0.000,1100,0,
1785505943.9759,2026-07-31T09:52:23.975,143.397,1444,,,,0,,,,0.3779,58.49,0.3274,-69.22,1,30.0,joystick,+0.000,+0.000,+0.000,+1.000,1100,0,
1785505944.0756,2026-07-31T09:52:24.075,143.496,1445,,,,0,,,,0.3762,59.21,0.3257,-68.50,1,30.0,joystick,+0.000,+0.000,+0.000,+1.000,1100,0,
1785505944.1759,2026-07-31T09:52:24.175,143.597,1446,,,,0,,,,0.3761,59.30,0.3256,-68.41,1,30.0,joystick,+0.000,+0.000,+0.000,+1.000,1100,0,
1785505944.2763,2026-07-31T09:52:24.276,143.697,1447,,,,0,,,,0.3724,56.37,0.3219,-71.34,1,30.0,joystick,+0.000,+0.000,+0.000,+1.000,1100,0,
1785505944.3758,2026-07-31T09:52:24.375,143.796,1448,,,,0,,,,0.3672,52.29,0.3167,-75.42,1,30.0,joystick,+0.000,+0.000,+0.000,+1.000,1100,0,
1785505944.4740,2026-07-31T09:52:24.474,143.895,1449,,,,0,,,,0.3593,42.10,0.3088,-85.61,1,30.0,joystick,+0.000,+0.000,+0.000,+1.000,1100,0,
1785505944.5742,2026-07-31T09:52:24.574,143.995,1450,,,,0,,,,0.3576,30.57,0.3071,-97.14,1,30.0,joystick,+0.000,+0.000,+0.000,+1.000,1100,0,
1785505944.6732,2026-07-31T09:52:24.673,144.094,1451,,,,0,,,,0.3509,24.53,0.3004,-103.18,1,30.0,joystick,+0.000,+0.000,+0.000,+1.000,1100,0,
1785505944.7721,2026-07-31T09:52:24.772,144.193,1452,,,,0,,,,0.3548,12.40,0.3043,-115.31,1,30.0,joystick,+0.000,+0.000,+0.000,+1.000,1100,0,
1785505944.8709,2026-07-31T09:52:24.870,144.292,1453,,,,0,,,,0.3562,6.45,0.3057,-121.26,1,30.0,joystick,+0.000,+0.000,+0.000,+0.000,1100,0,
1785505944.9701,2026-07-31T09:52:24.970,144.391,1454,,,,0,,,,0.3520,-3.73,0.3016,-131.44,1,30.0,joystick,+0.000,+0.000,+0.000,-1.000,1100,0,
1785505945.0705,2026-07-31T09:52:25.070,144.491,1455,,,,0,,,,0.3606,-6.38,0.3101,-134.09,1,30.0,joystick,+0.000,+0.000,+0.000,-1.000,1100,0,
1785505945.1690,2026-07-31T09:52:25.169,144.590,1456,,,,0,,,,0.3679,-4.74,0.3174,-132.45,1,30.0,joystick,-1.000,+0.000,+0.000,+0.000,1100,0,
1785505945.2684,2026-07-31T09:52:25.268,144.689,1457,,,,0,,,,0.3651,-1.40,0.3146,-129.11,1,30.0,joystick,-1.000,+0.000,+0.000,+0.000,1100,0,
1785505945.3678,2026-07-31T09:52:25.367,144.788,1458,,,,0,,,,0.3704,-2.88,0.3199,-130.59,1,30.0,joystick,-1.000,+0.000,+0.000,+0.000,1100,0,
1785505945.4680,2026-07-31T09:52:25.468,144.889,1459,,,,0,,,,0.3797,-7.22,0.3292,-134.93,1,30.0,joystick,-1.000,+0.000,+0.000,+1.000,1100,0,
1785505945.5676,2026-07-31T09:52:25.567,144.988,1460,,,,0,,,,0.3790,-12.27,0.3285,-139.98,1,30.0,joystick,-1.000,+0.000,+0.000,+1.000,1100,0,
1785505945.6678,2026-07-31T09:52:25.667,145.088,1461,,,,0,,,,0.3825,-15.71,0.3320,-143.42,1,30.0,joystick,-1.000,+0.000,+0.000,+1.000,1100,0,
1785505945.7672,2026-07-31T09:52:25.767,145.188,1462,,,,0,,,,0.3757,-23.67,0.3252,-151.38,1,30.0,joystick,-1.000,+0.000,+0.000,+1.000,1100,0,
1785505945.8666,2026-07-31T09:52:25.866,145.287,1463,,,,0,,,,0.3793,-28.14,0.3288,-155.85,1,30.0,joystick,-1.000,+0.000,+0.000,+1.000,1100,0,
1785505945.9658,2026-07-31T09:52:25.965,145.386,1464,,,,0,,,,0.3803,-37.36,0.3298,-165.07,1,30.0,joystick,-1.000,+0.000,+0.000,+0.000,1100,0,
1785505946.0648,2026-07-31T09:52:26.064,145.485,1465,,,,0,,,,0.3753,-46.98,0.3248,-174.69,1,30.0,joystick,-1.000,+0.000,+0.000,+0.000,1100,0,
1785505946.1645,2026-07-31T09:52:26.164,145.585,1466,,,,0,,,,0.3780,-51.73,0.3275,-179.44,1,30.0,joystick,-1.000,+0.000,+0.000,+0.000,1100,0,
1785505946.2621,2026-07-31T09:52:26.262,145.683,1467,,,,0,,,,0.3797,-60.27,0.3292,-187.98,1,30.0,joystick,-1.000,+0.000,+0.000,+0.000,1100,0,
1785505946.3614,2026-07-31T09:52:26.361,145.782,1468,,,,0,,,,0.3886,-63.69,0.3381,-191.40,1,30.0,joystick,-1.000,+0.000,+0.000,-1.000,1100,0,
1785505946.4604,2026-07-31T09:52:26.460,145.881,1469,,,,0,,,,0.3896,-67.53,0.3391,-195.24,1,30.0,joystick,-1.000,+0.000,+0.000,-1.000,1100,0,
1785505946.5596,2026-07-31T09:52:26.559,145.980,1470,,,,0,,,,0.3949,-67.00,0.3445,-194.71,1,30.0,joystick,-1.000,+0.000,+0.000,+0.000,1100,0,
1785505946.6585,2026-07-31T09:52:26.658,146.079,1471,,,,0,,,,0.3946,-65.45,0.3441,-193.17,1,30.0,joystick,-1.000,+0.000,+0.000,+0.000,1100,0,
1785505946.7569,2026-07-31T09:52:26.756,146.178,1472,,,,0,,,,0.4036,-61.86,0.3531,-189.57,1,30.0,joystick,-1.000,+0.000,+0.000,+0.000,1100,0,
1785505946.8561,2026-07-31T09:52:26.856,146.277,1473,,,,0,,,,0.4004,-59.98,0.3499,-187.69,1,30.0,joystick,-1.000,+0.000,+0.000,+0.000,1100,0,
1785505946.9557,2026-07-31T09:52:26.955,146.376,1474,,,,0,,,,0.4132,-56.15,0.3627,-183.86,1,30.0,joystick,-1.000,+0.000,+0.000,+0.000,1100,0,
1785505947.0540,2026-07-31T09:52:27.054,146.475,1475,,,,0,,,,0.4166,-54.70,0.3661,-182.41,1,30.0,joystick,-1.000,+0.000,+0.000,+0.000,1100,0,
1785505947.1534,2026-07-31T09:52:27.153,146.574,1476,,,,0,,,,0.4190,-52.27,0.3685,-179.98,1,30.0,joystick,-1.000,+0.000,+0.000,+0.000,1100,0,
1785505947.2528,2026-07-31T09:52:27.252,146.673,1477,,,,0,,,,0.4244,-50.33,0.3739,-178.04,1,30.0,joystick,-1.000,+0.000,+0.000,+0.000,1100,0,
1785505947.3518,2026-07-31T09:52:27.351,146.773,1478,,,,0,,,,0.4291,-49.59,0.3786,-177.30,1,30.0,joystick,-1.000,+0.000,+0.439,+0.000,1100,0,
1785505947.4515,2026-07-31T09:52:27.451,146.872,1479,,,,0,,,,0.4353,-48.36,0.3848,-176.07,1,30.0,joystick,-1.000,+0.000,+1.000,+0.000,1100,0,
1785505947.5509,2026-07-31T09:52:27.550,146.972,1480,,,,0,,,,0.4470,-47.92,0.3965,-175.63,1,30.0,joystick,-1.000,+0.000,+1.000,+0.000,1100,0,
1785505947.6514,2026-07-31T09:52:27.651,147.072,1481,,,,0,,,,0.4545,-47.08,0.4040,-174.79,1,30.0,joystick,-1.000,+0.000,+1.000,+0.000,1100,0,
1785505947.7506,2026-07-31T09:52:27.750,147.171,1482,,,,0,,,,0.4505,-46.33,0.4000,-174.05,1,30.0,joystick,-1.000,+0.000,+1.000,+0.000,1100,0,
1785505947.8489,2026-07-31T09:52:27.848,147.270,1483,,,,0,,,,0.4436,-45.96,0.3931,-173.67,1,30.0,joystick,-1.000,+0.000,+1.000,+0.000,1100,0,
1785505947.9487,2026-07-31T09:52:27.948,147.369,1484,,,,0,,,,0.4299,-45.06,0.3794,-172.77,1,30.0,joystick,-1.000,+0.000,+1.000,+0.000,1100,0,
1785505948.0469,2026-07-31T09:52:28.046,147.468,1485,,,,0,,,,0.4275,-44.53,0.3771,-172.25,1,30.0,joystick,-1.000,+0.000,+1.000,+0.000,1100,0,
1785505948.1463,2026-07-31T09:52:28.146,147.567,1486,,,,0,,,,0.4103,-43.53,0.3598,-171.24,1,30.0,joystick,-1.000,+0.000,+1.000,+0.000,1100,0,
1785505948.2447,2026-07-31T09:52:28.244,147.665,1487,,,,0,,,,0.3877,-42.38,0.3372,-170.09,1,30.0,joystick,-1.000,+0.000,+1.000,+0.000,1100,0,
1785505948.3439,2026-07-31T09:52:28.343,147.765,1488,,,,0,,,,0.3735,-41.70,0.3231,-169.41,1,30.0,joystick,-1.000,+0.000,+1.000,+0.000,1100,0,
1785505948.4440,2026-07-31T09:52:28.443,147.865,1489,,,,0,,,,0.3476,-40.15,0.2971,-167.87,1,30.0,joystick,-1.000,+0.000,+1.000,+0.000,1100,0,
1785505948.5431,2026-07-31T09:52:28.543,147.964,1490,,,,0,,,,0.3366,-39.37,0.2861,-167.08,1,30.0,joystick,-1.000,+0.000,+1.000,+0.000,1100,0,
1785505948.6418,2026-07-31T09:52:28.641,148.063,1491,,,,0,,,,0.3030,-37.72,0.2525,-165.43,1,30.0,joystick,-1.000,+0.000,+1.000,+0.000,1100,0,
1785505948.7422,2026-07-31T09:52:28.742,148.163,1492,,,,0,,,,0.2903,-36.91,0.2398,-164.62,1,30.0,joystick,-1.000,+0.000,+1.000,+0.000,1100,0,
1785505948.8417,2026-07-31T09:52:28.841,148.262,1493,,,,0,,,,0.2554,-35.25,0.2049,-162.96,1,30.0,joystick,-1.000,+0.000,+1.000,+0.000,1100,0,
1785505948.9413,2026-07-31T09:52:28.941,148.362,1494,,,,0,,,,0.2222,-33.72,0.1717,-161.43,1,30.0,joystick,-1.000,+0.000,+1.000,+0.000,1100,0,
1785505949.0403,2026-07-31T09:52:29.040,148.461,1495,,,,0,,,,0.2030,-32.93,0.1525,-160.64,1,30.0,joystick,-1.000,+0.000,+1.000,+0.000,1100,0,
1785505949.1389,2026-07-31T09:52:29.138,148.560,1496,,,,0,,,,0.1671,-31.60,0.1166,-159.31,1,30.0,joystick,-1.000,+0.000,+1.000,+0.000,1100,0,
1785505949.2396,2026-07-31T09:52:29.239,148.660,1497,,,,0,,,,0.1508,-30.98,0.1003,-158.69,1,30.0,joystick,-1.000,+0.000,+1.000,+0.000,1100,0,
1785505949.3383,2026-07-31T09:52:29.338,148.759,1498,,,,0,,,,0.1127,-29.90,0.0622,-157.61,1,30.0,joystick,-1.000,+0.000,+1.000,+0.000,1100,0,
1785505949.4378,2026-07-31T09:52:29.437,148.858,1499,,,,0,,,,0.0771,-28.99,0.0266,-156.70,1,30.0,joystick,-1.000,+0.000,+1.000,+0.000,1100,0,
1785505949.5376,2026-07-31T09:52:29.537,148.958,1500,,,,0,,,,0.0605,-28.58,0.0100,-156.29,1,30.0,joystick,-1.000,+0.000,+1.000,+0.000,1100,0,
1785505949.6357,2026-07-31T09:52:29.635,149.056,1501,,,,0,,,,0.0200,-27.79,-0.0305,-155.50,1,30.0,joystick,-1.000,+0.000,+1.000,+0.000,1100,0,
1785505949.7361,2026-07-31T09:52:29.736,149.157,1502,,,,0,,,,0.0008,-27.39,-0.0497,-155.10,1,30.0,joystick,+0.000,+0.000,+1.000,+0.000,1100,0,
1785505949.8354,2026-07-31T09:52:29.835,149.256,1503,,,,0,,,,-0.0333,-26.79,-0.0838,-154.50,1,30.0,joystick,+0.000,+0.000,-0.400,+0.000,1100,0,
1785505949.9341,2026-07-31T09:52:29.934,149.355,1504,,,,0,,,,-0.0631,-26.46,-0.1136,-154.17,1,30.0,joystick,+0.000,+0.000,-0.400,+0.000,1100,0,
1785505950.0330,2026-07-31T09:52:30.032,149.454,1505,,,,0,,,,-0.0636,-26.43,-0.1141,-154.14,1,30.0,joystick,+0.000,+0.000,-0.400,+0.000,1100,0,
1785505950.1324,2026-07-31T09:52:30.132,149.553,1506,,,,0,,,,-0.0671,-26.58,-0.1176,-154.29,1,30.0,joystick,+0.000,+0.000,-0.400,+0.000,1100,0,
1785505950.2315,2026-07-31T09:52:30.231,149.652,1507,,,,0,,,,-0.0709,-26.71,-0.1214,-154.42,1,30.0,joystick,+0.000,+0.000,-0.400,+0.000,1100,0,
1785505950.3293,2026-07-31T09:52:30.329,149.750,1508,,,,0,,,,-0.0632,-26.99,-0.1137,-154.71,1,30.0,joystick,+0.000,+0.000,-0.400,+0.000,1100,0,
1785505950.4289,2026-07-31T09:52:30.428,149.850,1509,,,,0,,,,-0.0487,-27.32,-0.0992,-155.03,1,30.0,joystick,+0.000,+0.000,-0.400,+0.000,1100,0,
1785505950.5279,2026-07-31T09:52:30.527,149.949,1510,,,,0,,,,-0.0367,-27.46,-0.0872,-155.17,1,30.0,joystick,+0.000,+0.000,-0.400,+0.000,1100,0,
1785505950.6268,2026-07-31T09:52:30.626,150.047,1511,,,,0,,,,-0.0193,-27.50,-0.0698,-155.21,1,30.0,joystick,+0.000,+0.000,-0.400,+0.000,1100,0,
1785505950.7276,2026-07-31T09:52:30.727,150.148,1512,,,,0,,,,-0.0160,-27.39,-0.0665,-155.10,1,30.0,joystick,+0.000,+0.000,-0.400,+0.000,1100,0,
1785505950.8275,2026-07-31T09:52:30.827,150.248,1513,,,,0,,,,0.0030,-26.90,-0.0475,-154.61,1,30.0,joystick,+0.000,+0.000,-0.400,+0.000,1100,0,
1785505950.9265,2026-07-31T09:52:30.926,150.347,1514,,,,0,,,,0.0079,-26.12,-0.0426,-153.83,1,30.0,joystick,+0.000,+0.000,+1.000,+0.000,1100,0,
1785505951.0255,2026-07-31T09:52:31.025,150.446,1515,,,,0,,,,0.0148,-25.56,-0.0357,-153.28,1,30.0,joystick,+0.000,+0.000,+1.000,+0.000,1100,0,
1785505951.1243,2026-07-31T09:52:31.124,150.545,1516,,,,0,,,,-0.0018,-24.24,-0.0523,-151.95,1,30.0,joystick,+0.000,+0.000,+1.000,+0.000,1100,0,
1785505951.2231,2026-07-31T09:52:31.223,150.644,1517,,,,0,,,,-0.0087,-23.46,-0.0591,-151.17,1,30.0,joystick,+0.000,+0.000,-0.400,+0.000,1100,0,
1785505951.3234,2026-07-31T09:52:31.323,150.744,1518,,,,0,,,,-0.0227,-21.66,-0.0732,-149.37,1,30.0,joystick,+0.000,+0.000,-0.400,+0.000,1100,0,
1785505951.4224,2026-07-31T09:52:31.422,150.843,1519,,,,0,,,,-0.0429,-19.62,-0.0934,-147.33,1,30.0,joystick,+0.000,+0.000,-0.400,+0.000,1100,0,
1785505951.5208,2026-07-31T09:52:31.520,150.941,1520,,,,0,,,,-0.0486,-18.60,-0.0991,-146.31,1,30.0,joystick,+0.000,+0.000,-0.400,+0.000,1100,0,
1785505951.6205,2026-07-31T09:52:31.620,151.041,1521,,,,0,,,,0.0000,-16.67,-0.1052,-144.38,1,30.0,joystick,+0.000,+0.000,-0.400,+0.000,1100,0,
1785505951.7192,2026-07-31T09:52:31.719,151.140,1522,,,,0,,,,-0.0039,-15.81,-0.1091,-143.52,1,30.0,joystick,+0.000,+0.000,-0.400,+0.000,1100,0,
1785505951.8179,2026-07-31T09:52:31.817,151.239,1523,,,,0,,,,0.0030,-14.28,-0.1022,-141.99,1,30.0,joystick,+0.000,+0.000,+1.000,+0.000,1100,0,
1785505951.9184,2026-07-31T09:52:31.918,151.339,1524,,,,0,,,,0.0145,-13.58,-0.0907,-141.29,1,30.0,joystick,+0.000,+0.000,+1.000,+0.000,1100,0,
1785505952.0177,2026-07-31T09:52:32.017,151.438,1525,,,,0,,,,0.0046,-12.16,-0.1006,-139.87,1,30.0,joystick,+0.000,+0.000,+1.000,+0.000,1100,0,
1785505952.1169,2026-07-31T09:52:32.116,151.538,1526,,,,0,,,,0.0092,-10.77,-0.0960,-138.48,1,30.0,joystick,+0.000,+0.000,+1.000,+0.000,1100,0,
1785505952.2165,2026-07-31T09:52:32.216,151.637,1527,,,,0,,,,0.0099,-10.05,-0.0952,-137.76,1,30.0,joystick,+0.000,+0.000,+1.000,+0.000,1100,0,
1785505952.3156,2026-07-31T09:52:32.315,151.736,1528,,,,0,,,,0.0075,-8.59,-0.0976,-136.30,1,30.0,joystick,+0.000,+0.000,+1.000,+1.000,1100,0,
1785505952.4173,2026-07-31T09:52:32.417,151.838,1529,,,,0,,,,0.0056,-7.85,-0.0995,-135.56,1,30.0,joystick,+0.000,+0.000,+0.000,+1.000,1100,0,
1785505952.5160,2026-07-31T09:52:32.516,151.937,1530,,,,0,,,,0.0000,-6.63,-0.0962,-134.34,1,30.0,joystick,+0.000,+0.000,+0.000,+1.000,1100,0,
1785505952.6166,2026-07-31T09:52:32.616,152.037,1531,,,,0,,,,0.0021,-6.69,-0.0941,-134.40,1,30.0,joystick,+0.000,+0.000,+0.000,+0.000,1100,0,
1785505952.7157,2026-07-31T09:52:32.715,152.136,1532,,,,0,,,,0.0073,-11.20,-0.0889,-138.91,1,30.0,joystick,+0.000,+0.000,+0.000,+0.000,1100,0,
1785505952.8154,2026-07-31T09:52:32.815,152.236,1533,,,,0,,,,0.0125,-13.18,-0.0837,-140.89,1,30.0,joystick,+0.000,+0.000,+0.000,+0.000,1100,0,
1785505952.9139,2026-07-31T09:52:32.913,152.335,1534,,,,0,,,,0.0142,-13.57,-0.0820,-141.28,1,30.0,joystick,+0.000,+0.000,+0.000,+0.000,1100,0,
1785505953.0143,2026-07-31T09:52:33.014,152.435,1535,,,,0,,,,0.0179,-13.96,-0.0784,-141.67,1,30.0,joystick,+0.000,+0.000,+0.000,+0.000,1100,0,
1785505953.1128,2026-07-31T09:52:33.112,152.533,1536,,,,0,,,,0.0227,-13.98,-0.0735,-141.69,1,30.0,joystick,+0.000,+0.000,+0.000,+0.000,1100,0,
1785505953.2126,2026-07-31T09:52:33.212,152.633,1537,,,,0,,,,0.0258,-13.86,-0.0704,-141.57,1,30.0,joystick,+0.000,+0.000,+0.000,+0.000,1100,0,
1785505953.3123,2026-07-31T09:52:33.312,152.733,1538,,,,0,,,,0.0251,-13.42,-0.0711,-141.13,1,30.0,joystick,+0.000,+0.000,+0.000,+0.000,1100,0,
1785505953.4108,2026-07-31T09:52:33.410,152.831,1539,,,,0,,,,0.0244,-13.14,-0.0718,-140.85,1,30.0,joystick,+0.000,+0.000,+0.000,+1.000,1100,0,
1785505953.5109,2026-07-31T09:52:33.510,152.932,1540,,,,0,,,,0.0290,-12.56,-0.0672,-140.27,1,30.0,joystick,+0.000,+0.000,+0.000,+0.000,1100,0,
1785505953.6113,2026-07-31T09:52:33.611,153.032,1541,,,,0,,,,0.0293,-12.50,-0.0669,-140.21,1,30.0,joystick,+0.000,+0.000,+0.000,+0.000,1100,0,
1785505953.7113,2026-07-31T09:52:33.711,153.132,1542,,,,0,,,,0.0313,-12.48,-0.0649,-140.19,1,30.0,joystick,+0.000,+0.000,+0.000,+0.000,1100,0,
1785505953.8100,2026-07-31T09:52:33.810,153.231,1543,,,,0,,,,0.0384,-12.31,-0.0578,-140.02,1,30.0,joystick,+0.000,+0.000,+0.000,+0.000,1100,0,
1785505953.9103,2026-07-31T09:52:33.910,153.331,1544,,,,0,,,,0.0349,-12.20,-0.0613,-139.91,1,30.0,joystick,+0.000,+0.000,+0.000,+1.000,1100,0,
1785505954.0095,2026-07-31T09:52:34.009,153.430,1545,,,,0,,,,0.0383,-14.12,-0.0579,-141.83,1,30.0,joystick,+0.000,+0.000,+0.000,+1.000,1100,0,
1785505954.1084,2026-07-31T09:52:34.108,153.529,1546,,,,0,,,,0.0307,-22.25,-0.0655,-149.96,1,30.0,joystick,+0.000,+0.000,+0.000,+1.000,1100,0,
1785505954.2084,2026-07-31T09:52:34.208,153.629,1547,,,,0,,,,0.0341,-27.05,-0.0621,-154.76,1,30.0,joystick,+0.000,+0.000,+0.000,+0.000,1100,0,
1785505954.3069,2026-07-31T09:52:34.306,153.728,1548,,,,0,,,,0.0389,-31.68,-0.0573,-159.39,1,30.0,joystick,+0.000,+0.000,+0.000,+0.000,1100,0,
1785505954.4075,2026-07-31T09:52:34.407,153.828,1549,,,,0,,,,0.0394,-33.07,-0.0568,-160.79,1,30.0,joystick,+0.000,+0.000,+0.000,+0.000,1100,0,
1785505954.5071,2026-07-31T09:52:34.507,153.928,1550,,,,0,,,,0.0348,-35.20,-0.0615,-162.91,1,30.0,joystick,+0.000,+0.000,+0.000,+0.000,1100,0,
1785505954.6072,2026-07-31T09:52:34.607,154.028,1551,,,,0,,,,0.0386,-36.81,-0.0576,-164.52,1,30.0,joystick,+0.000,+0.000,+0.000,+0.000,1100,0,
1785505954.7065,2026-07-31T09:52:34.706,154.127,1552,,,,0,,,,0.0348,-37.42,-0.0614,-165.13,1,30.0,joystick,+0.000,+0.000,+0.000,+0.000,1100,0,
1785505954.8050,2026-07-31T09:52:34.804,154.226,1553,,,,0,,,,0.0374,-38.28,-0.0588,-165.99,1,30.0,joystick,+0.000,+0.000,+0.000,-1.000,1100,0,
1785505954.9046,2026-07-31T09:52:34.904,154.325,1554,,,,0,,,,0.0372,-38.61,-0.0590,-166.32,1,30.0,joystick,+0.000,+0.000,+0.000,-1.000,1100,0,
1785505955.0044,2026-07-31T09:52:35.004,154.425,1555,,,,0,,,,0.0361,-39.17,-0.0601,-166.88,1,30.0,joystick,+0.000,+0.000,+0.000,+0.000,1100,0,
1785505955.1045,2026-07-31T09:52:35.104,154.525,1556,,,,0,,,,0.0422,-38.84,-0.0540,-166.55,1,30.0,joystick,+0.000,+0.000,+0.000,+0.000,1100,0,
1785505955.2039,2026-07-31T09:52:35.203,154.625,1557,,,,0,,,,0.0359,-38.70,-0.0604,-166.41,1,30.0,joystick,+0.000,+0.000,+0.000,+0.000,1100,0,
1785505955.3032,2026-07-31T09:52:35.303,154.724,1558,,,,0,,,,0.0382,-38.37,-0.0580,-166.08,1,30.0,joystick,+0.000,+0.000,+0.000,+0.000,1100,0,
1785505955.4025,2026-07-31T09:52:35.402,154.823,1559,,,,0,,,,0.0419,-38.13,-0.0543,-165.84,1,30.0,joystick,+0.000,+0.000,+0.000,+0.000,1100,0,
1785505955.5027,2026-07-31T09:52:35.502,154.923,1560,,,,0,,,,0.0396,-37.60,-0.0566,-165.31,1,30.0,joystick,+0.000,+0.000,+0.000,+0.000,1100,0,
1785505955.6034,2026-07-31T09:52:35.603,155.024,1561,,,,0,,,,0.0404,-37.13,-0.0558,-164.84,1,30.0,joystick,+0.000,+0.000,+0.000,+0.000,1100,0,
1785505955.7017,2026-07-31T09:52:35.701,155.122,1562,,,,0,,,,0.0376,-36.98,-0.0586,-164.69,1,30.0,joystick,+0.000,+0.000,+0.000,+0.000,1100,0,
1785505955.8022,2026-07-31T09:52:35.802,155.223,1563,,,,0,,,,0.0386,-36.77,-0.0576,-164.48,1,30.0,joystick,+0.000,+0.000,+0.000,+0.000,1100,0,
1785505955.9011,2026-07-31T09:52:35.901,155.322,1564,,,,0,,,,0.0321,-36.71,-0.0641,-164.42,1,30.0,joystick,+0.000,+0.000,+0.000,+0.000,1100,0,
1785505956.0004,2026-07-31T09:52:36.000,155.421,1565,,,,0,,,,0.0349,-36.65,-0.0614,-164.36,1,30.0,joystick,+0.000,+0.000,+0.000,+0.000,1100,0,
1785505956.0990,2026-07-31T09:52:36.099,155.520,1566,,,,0,,,,0.0364,-36.65,-0.0598,-164.36,1,30.0,joystick,+0.000,+0.000,+0.000,-1.000,1100,0,
1785505956.1984,2026-07-31T09:52:36.198,155.619,1567,,,,0,,,,0.0335,-36.69,-0.0627,-164.40,1,30.0,joystick,+0.000,+0.000,+0.000,+0.000,1100,0,
1785505956.2961,2026-07-31T09:52:36.296,155.717,1568,,,,0,,,,0.0349,-36.76,-0.0613,-164.47,1,30.0,joystick,+0.000,+0.000,+0.000,+0.000,1100,0,
1785505956.3947,2026-07-31T09:52:36.394,155.815,1569,,,,0,,,,0.0341,0.09,-0.0621,-164.38,1,30.0,joystick,+0.000,+0.000,+0.000,+0.000,1100,0,
1785505956.4937,2026-07-31T09:52:36.493,155.914,1570,,,,0,,,,0.0368,0.45,-0.0594,-164.02,1,30.0,joystick,+1.000,+0.000,+0.000,+0.000,1100,0,
1785505956.5928,2026-07-31T09:52:36.592,156.013,1571,,,,0,,,,0.0377,0.95,-0.0585,-163.52,1,30.0,joystick,+1.000,+0.000,+0.000,+0.000,1100,0,
1785505956.6920,2026-07-31T09:52:36.691,156.113,1572,,,,0,,,,0.0429,6.27,-0.0533,-158.20,1,30.0,joystick,+1.000,+0.000,+0.000,+0.000,1100,0,
1785505956.7910,2026-07-31T09:52:36.790,156.212,1573,,,,0,,,,0.0329,8.20,-0.0633,-156.27,1,30.0,joystick,+1.000,+0.000,+0.000,+0.000,1100,0,
1785505956.8912,2026-07-31T09:52:36.891,156.312,1574,,,,0,,,,0.0414,10.07,-0.0548,-154.40,1,30.0,joystick,+0.000,+0.000,+0.000,+0.000,1100,0,
1785505956.9903,2026-07-31T09:52:36.990,156.411,1575,,,,0,,,,0.0411,11.41,-0.0551,-153.06,1,30.0,joystick,+0.000,+0.000,+0.000,+0.000,1100,0,
1785505957.0886,2026-07-31T09:52:37.088,156.509,1576,,,,0,,,,0.0394,12.14,-0.0568,-152.33,1,30.0,joystick,+0.000,+0.000,+0.000,+0.000,1100,0,
1785505957.1878,2026-07-31T09:52:37.187,156.608,1577,,,,0,,,,0.0399,13.55,-0.0564,-150.93,1,30.0,joystick,+0.000,+0.000,+0.000,+0.000,1100,0,
1785505957.2883,2026-07-31T09:52:37.288,156.709,1578,,,,0,,,,0.0452,14.22,-0.0510,-150.25,1,30.0,joystick,+0.000,+0.000,+0.000,+0.000,1100,0,
1785505957.3874,2026-07-31T09:52:37.387,156.808,1579,,,,0,,,,0.0390,15.48,-0.0572,-148.99,1,30.0,joystick,+0.000,+0.000,+0.000,+0.000,1100,0,
1785505957.4874,2026-07-31T09:52:37.487,156.908,1580,,,,0,,,,0.0368,16.59,-0.0594,-147.88,1,30.0,joystick,+0.000,+0.000,+0.000,+1.000,1100,0,
1785505957.5858,2026-07-31T09:52:37.585,157.006,1581,,,,0,,,,0.0303,17.08,-0.0659,-147.39,1,30.0,joystick,+0.000,+0.000,+0.000,+0.000,1100,0,
1785505957.6849,2026-07-31T09:52:37.684,157.106,1582,,,,0,,,,0.0313,18.00,-0.0649,-146.47,1,30.0,joystick,+0.000,+0.000,+0.000,+0.000,1100,0,
1785505957.7844,2026-07-31T09:52:37.784,157.205,1583,,,,0,,,,0.0334,18.38,-0.0628,-146.09,1,30.0,joystick,+0.000,+0.000,+0.000,+0.000,1100,0,
1785505957.8826,2026-07-31T09:52:37.882,157.303,1584,,,,0,,,,0.0344,19.04,-0.0618,-145.43,1,30.0,joystick,+0.000,+0.000,+0.000,+0.000,1100,0,
1785505957.9822,2026-07-31T09:52:37.982,157.403,1585,,,,0,,,,0.0292,19.59,-0.0670,-144.88,1,30.0,joystick,+0.000,+0.000,+0.000,+1.000,1100,0,
1785505958.0815,2026-07-31T09:52:38.081,157.502,1586,,,,0,,,,0.0334,19.59,-0.0628,-144.88,1,30.0,joystick,+0.000,+0.000,+0.000,+1.000,1100,0,
1785505958.1814,2026-07-31T09:52:38.181,157.602,1587,,,,0,,,,0.0287,15.21,-0.0675,-149.26,1,30.0,joystick,+0.000,+0.000,+0.000,+0.000,1100,0,
1785505958.2811,2026-07-31T09:52:38.281,157.702,1588,,,,0,,,,0.0289,13.54,-0.0673,-150.93,1,30.0,joystick,+0.000,+0.000,+0.000,+0.000,1100,0,
1785505958.3813,2026-07-31T09:52:38.381,157.802,1589,,,,0,,,,0.0258,11.80,-0.0704,-152.67,1,30.0,joystick,+0.000,+0.000,+0.000,+0.000,1100,0,
1785505958.4797,2026-07-31T09:52:38.479,157.900,1590,,,,0,,,,0.0331,10.80,-0.0631,-153.67,1,30.0,joystick,+0.000,+0.000,+0.000,+0.000,1100,0,
1785505958.5791,2026-07-31T09:52:38.579,158.000,1591,,,,0,,,,0.0278,10.47,-0.0684,-154.01,1,30.0,joystick,+0.000,+0.000,+0.000,+0.000,1100,0,
1785505958.6783,2026-07-31T09:52:38.678,158.099,1592,,,,0,,,,0.0356,10.05,-0.0606,-154.42,1,30.0,joystick,+0.000,+0.000,+0.000,+0.000,1100,0,
1785505958.7773,2026-07-31T09:52:38.777,158.198,1593,,,,0,,,,0.0352,9.98,-0.0610,-154.49,1,30.0,joystick,+0.000,+0.000,+0.000,+0.000,1100,0,
1785505958.8761,2026-07-31T09:52:38.876,158.297,1594,,,,0,,,,0.0351,10.01,-0.0611,-154.46,1,30.0,joystick,+0.000,+0.000,+0.000,+0.000,1100,0,
1785505958.9746,2026-07-31T09:52:38.974,158.395,1595,,,,0,,,,0.0331,10.17,-0.0631,-154.30,1,30.0,joystick,+0.000,+0.000,+0.000,+0.000,1100,0,
1785505959.0748,2026-07-31T09:52:39.074,158.496,1596,,,,0,,,,0.0343,10.24,-0.0619,-154.23,1,30.0,joystick,+0.000,+0.000,+0.000,+0.000,1100,0,
1785505959.1745,2026-07-31T09:52:39.174,158.595,1597,,,,0,,,,0.0360,10.37,-0.0602,-154.10,1,30.0,joystick,+0.000,+0.000,+0.000,+0.000,1100,0,
1785505959.2738,2026-07-31T09:52:39.273,158.694,1598,,,,0,,,,0.0403,10.44,-0.0559,-154.03,1,30.0,joystick,+0.000,+0.000,+0.000,+0.000,1100,0,
1785505959.3727,2026-07-31T09:52:39.372,158.793,1599,,,,0,,,,0.0352,10.64,-0.0610,-153.83,1,30.0,joystick,+0.000,+0.000,+0.000,+0.000,1100,0,
1785505959.4717,2026-07-31T09:52:39.471,158.892,1600,,,,0,,,,0.0415,10.75,-0.0547,-153.72,1,30.0,joystick,+0.000,+0.000,+0.000,+0.000,1100,0,
1785505959.5713,2026-07-31T09:52:39.571,158.992,1601,,,,0,,,,0.0381,11.00,-0.0581,-153.47,1,30.0,joystick,+0.000,+0.000,+0.000,+0.000,1100,0,
1785505959.6696,2026-07-31T09:52:39.669,159.090,1602,,,,0,,,,0.0383,11.30,-0.0579,-153.17,1,30.0,joystick,+0.000,+0.000,+0.000,+0.000,1100,0,
1785505959.7704,2026-07-31T09:52:39.770,159.191,1603,,,,0,,,,0.0339,11.48,-0.0623,-152.99,1,30.0,joystick,+0.000,+0.000,+0.000,+0.000,1100,0,
1785505959.8705,2026-07-31T09:52:39.870,159.291,1604,,,,0,,,,0.0386,11.92,-0.0577,-152.55,1,30.0,joystick,+0.000,+0.000,+0.000,+0.000,1100,0,
1785505959.9699,2026-07-31T09:52:39.969,159.391,1605,,,,0,,,,0.0396,12.17,-0.0567,-152.30,1,30.0,joystick,+0.000,+0.000,+0.000,+0.000,1100,0,
1785505960.0695,2026-07-31T09:52:40.069,159.490,1606,,,,0,,,,0.0351,12.69,-0.0612,-151.79,1,30.0,joystick,+0.000,+0.000,+0.000,+0.000,1100,0,
1785505960.1694,2026-07-31T09:52:40.169,159.590,1607,,,,0,,,,0.0337,13.18,-0.0625,-151.29,1,30.0,joystick,+0.000,+0.000,+0.000,+0.000,1100,0,
1785505960.2690,2026-07-31T09:52:40.268,159.690,1608,,,,0,,,,0.0397,13.42,-0.0566,-151.05,1,30.0,joystick,+0.000,+0.000,+0.000,+0.000,1100,0,
1785505960.3700,2026-07-31T09:52:40.370,159.791,1609,,,,0,,,,0.0331,13.94,-0.0631,-150.53,1,30.0,joystick,+0.000,+0.000,+0.000,+0.000,1100,0,
1785505960.4702,2026-07-31T09:52:40.470,159.891,1610,,,,0,,,,0.0399,14.20,-0.0564,-150.27,1,30.0,joystick,+0.000,+0.000,+0.000,+0.000,1100,0,
1785505960.5701,2026-07-31T09:52:40.570,159.991,1611,,,,0,,,,0.0390,14.77,-0.0573,-149.70,1,30.0,joystick,+0.000,+0.000,+0.000,+0.000,1100,0,
1785505960.6704,2026-07-31T09:52:40.670,160.091,1612,,,,0,,,,0.0366,15.37,-0.0596,-149.10,1,30.0,joystick,+0.000,+0.000,+0.000,+0.000,1100,0,
1785505960.7699,2026-07-31T09:52:40.769,160.191,1613,,,,0,,,,0.0327,15.67,-0.0635,-148.80,1,30.0,joystick,+0.000,+0.000,+0.000,+0.000,1100,0,
1785505960.8702,2026-07-31T09:52:40.870,160.291,1614,,,,0,,,,0.0354,16.24,-0.0608,-148.23,1,30.0,joystick,+0.000,+0.000,+0.000,+0.000,1100,0,
1785505960.9693,2026-07-31T09:52:40.969,160.390,1615,,,,0,,,,0.0324,16.52,-0.0638,-147.95,1,30.0,joystick,+0.000,+0.000,+0.000,+1.000,1100,0,
1785505961.0688,2026-07-31T09:52:41.068,160.489,1616,,,,0,,,,0.0381,17.09,-0.0581,-147.38,1,30.0,joystick,+0.000,+0.000,+0.000,+1.000,1100,0,
1785505961.1677,2026-07-31T09:52:41.167,160.588,1617,,,,0,,,,0.0357,17.25,-0.0606,-147.22,1,30.0,joystick,+0.000,+0.000,+0.000,+0.000,1100,0,
1785505961.2678,2026-07-31T09:52:41.267,160.688,1618,,,,0,,,,0.0382,17.24,-0.0580,-147.23,1,30.0,joystick,+0.000,+0.000,+0.000,+0.000,1100,0,
1785505961.3670,2026-07-31T09:52:41.367,160.788,1619,,,,0,,,,0.0346,17.19,-0.0616,-147.28,1,30.0,joystick,+0.000,+0.000,+0.000,+0.000,1100,0,
1785505961.4668,2026-07-31T09:52:41.466,160.887,1620,,,,0,,,,0.0346,17.14,-0.0616,-147.33,1,30.0,joystick,+0.000,+0.000,+0.000,+0.000,1100,0,
1785505961.5658,2026-07-31T09:52:41.565,160.986,1621,,,,0,,,,0.0334,17.00,-0.0628,-147.47,1,30.0,joystick,+0.000,+0.000,+0.000,+0.000,1100,0,
1785505961.6652,2026-07-31T09:52:41.665,161.086,1622,,,,0,,,,0.0337,16.79,-0.0625,-147.68,1,30.0,joystick,+0.000,+0.000,+0.000,+0.000,1100,0,
1785505961.7654,2026-07-31T09:52:41.765,161.186,1623,,,,0,,,,0.0350,16.70,-0.0612,-147.77,1,30.0,joystick,+0.000,+0.000,+0.000,+0.000,1100,0,
1785505961.8636,2026-07-31T09:52:41.863,161.284,1624,,,,0,,,,0.0334,16.61,-0.0628,-147.86,1,30.0,joystick,+0.000,+0.000,+0.000,+0.000,1100,0,
1785505961.9634,2026-07-31T09:52:41.963,161.384,1625,,,,0,,,,0.0332,16.59,-0.0630,-147.88,1,30.0,joystick,+0.000,+0.000,+0.000,+0.000,1100,0,
1785505962.0634,2026-07-31T09:52:42.063,161.484,1626,,,,0,,,,0.0351,16.60,-0.0611,-147.88,1,30.0,joystick,+0.000,+0.000,+0.000,+1.000,1100,0,
1785505962.1626,2026-07-31T09:52:42.162,161.583,1627,,,,0,,,,0.0361,16.64,-0.0601,-147.83,1,30.0,joystick,+0.000,+0.000,+0.000,+0.000,1100,0,
1785505962.2610,2026-07-31T09:52:42.260,161.682,1628,,,,0,,,,0.0372,16.48,-0.0590,-148.00,1,30.0,joystick,+0.000,+0.000,+0.000,+0.000,1100,0,
1785505962.3604,2026-07-31T09:52:42.360,161.781,1629,,,,0,,,,0.0385,16.33,-0.0577,-148.14,1,30.0,joystick,+0.000,+0.000,+0.000,+0.000,1100,0,
1785505962.4607,2026-07-31T09:52:42.460,161.881,1630,,,,0,,,,0.0319,16.07,-0.0643,-148.40,1,30.0,joystick,+0.000,+0.000,+0.000,+0.000,1100,0,
1785505962.5603,2026-07-31T09:52:42.560,161.981,1631,,,,0,,,,0.0389,15.82,-0.0573,-148.66,1,30.0,joystick,+0.000,+0.000,+0.000,+0.000,1100,0,
1785505962.6609,2026-07-31T09:52:42.660,162.082,1632,,,,0,,,,0.0391,15.67,-0.0572,-148.80,1,30.0,joystick,+0.000,+0.000,+0.000,+0.000,1100,0,
1785505962.7595,2026-07-31T09:52:42.759,162.180,1633,,,,0,,,,0.0383,15.34,-0.0579,-149.14,1,30.0,idle,+0.000,+0.000,+0.000,+0.000,1100,0,
1785505962.8596,2026-07-31T09:52:42.859,162.280,1634,,,,0,,,,0.0337,15.07,-0.0625,-149.40,1,30.0,idle,+0.000,+0.000,+0.000,+0.000,1100,0,
1785505962.9601,2026-07-31T09:52:42.960,162.381,1635,,,,0,,,,0.0389,15.00,-0.0574,-149.47,1,30.0,idle,+0.000,+0.000,+0.000,+0.000,1100,0,
1785505963.0594,2026-07-31T09:52:43.059,162.480,1636,,,,0,,,,0.0366,14.94,-0.0597,-149.53,1,30.0,idle,+0.000,+0.000,+0.000,+0.000,1100,0,
1785505963.1594,2026-07-31T09:52:43.159,162.580,1637,,,,0,,,,0.0371,14.97,-0.0591,-149.50,1,30.0,idle,+0.000,+0.000,+0.000,+0.000,1100,0,
1785505963.2583,2026-07-31T09:52:43.258,162.679,1638,,,,0,,,,0.0367,15.09,-0.0595,-149.38,1,30.0,idle,+0.000,+0.000,+0.000,+0.000,1100,0,
1785505963.3571,2026-07-31T09:52:43.357,162.778,1639,,,,0,,,,0.0363,15.28,-0.0599,-149.19,1,30.0,idle,+0.000,+0.000,+0.000,+0.000,1100,0,
1785505963.4556,2026-07-31T09:52:43.455,162.876,1640,,,,0,,,,0.0369,15.39,-0.0593,-149.08,1,30.0,idle,+0.000,+0.000,+0.000,+0.000,1100,0,
1785505963.5560,2026-07-31T09:52:43.556,162.977,1641,,,,0,,,,0.0387,15.68,-0.0575,-148.79,1,30.0,idle,+0.000,+0.000,+0.000,+0.000,1100,0,
1785505963.6552,2026-07-31T09:52:43.655,163.076,1642,,,,0,,,,0.0362,15.85,-0.0600,-148.62,1,30.0,idle,+0.000,+0.000,+0.000,+0.000,1100,0,
1785505963.7542,2026-07-31T09:52:43.754,163.175,1643,,,,0,,,,0.0381,16.22,-0.0581,-148.25,1,30.0,idle,+0.000,+0.000,+0.000,+0.000,1100,0,
1785505963.8552,2026-07-31T09:52:43.855,163.276,1644,,,,0,,,,0.0390,16.65,-0.0572,-147.82,1,30.0,idle,+0.000,+0.000,+0.000,+0.000,1100,0,
1785505963.9543,2026-07-31T09:52:43.954,163.375,1645,,,,0,,,,0.0381,16.89,-0.0581,-147.58,1,30.0,idle,+0.000,+0.000,+0.000,+0.000,1100,0,
1785505964.0543,2026-07-31T09:52:44.054,163.475,1646,,,,0,,,,0.0368,17.37,-0.0594,-147.10,1,30.0,idle,+0.000,+0.000,+0.000,+0.000,1100,0,
1785505964.1535,2026-07-31T09:52:44.153,163.574,1647,,,,0,,,,0.0326,17.61,-0.0636,-146.86,1,30.0,idle,+0.000,+0.000,+0.000,+0.000,1100,0,
1785505964.2526,2026-07-31T09:52:44.252,163.673,1648,,,,0,,,,0.0323,18.08,-0.0640,-146.39,1,30.0,hold:D,+0.000,+0.000,-1.000,+0.000,1100,0,
1785505964.3532,2026-07-31T09:52:44.353,163.774,1649,,,,0,,,,0.0292,18.59,-0.0670,-145.88,1,30.0,hold:D,+0.000,+0.000,-1.000,+0.000,1100,0,
1785505964.4522,2026-07-31T09:52:44.452,163.873,1650,,,,0,,,,0.0357,18.94,-0.0605,-145.53,1,30.0,hold:D,+0.000,+0.000,-1.000,+0.000,1100,0,
1785505964.5505,2026-07-31T09:52:44.550,163.971,1651,,,,0,,,,0.0387,19.44,-0.0576,-145.03,1,30.0,hold:D,+0.000,+0.000,-1.000,+0.000,1100,0,
1785505964.6508,2026-07-31T09:52:44.650,164.071,1652,,,,0,,,,0.0375,19.68,-0.0587,-144.79,1,30.0,hold:D,+0.000,+0.000,-1.000,+0.000,1100,0,
1785505964.7495,2026-07-31T09:52:44.749,164.170,1653,,,,0,,,,0.0500,20.15,-0.0462,-144.32,1,30.0,hold:D,+0.000,+0.000,-1.000,+0.000,1100,0,
1785505964.8493,2026-07-31T09:52:44.849,164.270,1654,,,,0,,,,0.0567,20.42,-0.0395,-144.05,1,30.0,hold:D,+0.000,+0.000,-1.000,+0.000,1100,0,
1785505964.9486,2026-07-31T09:52:44.948,164.369,1655,,,,0,,,,0.0724,21.06,-0.0238,-143.42,1,30.0,hold:D,+0.000,+0.000,-1.000,+0.000,1100,0,
1785505965.0478,2026-07-31T09:52:45.047,164.468,1656,,,,0,,,,0.0923,21.72,-0.0039,-142.75,1,30.0,hold:D,+0.000,+0.000,-1.000,+0.000,1100,0,
1785505965.1479,2026-07-31T09:52:45.147,164.569,1657,,,,0,,,,0.1006,22.07,0.0043,-142.40,1,30.0,hold:D,+0.000,+0.000,-1.000,+0.000,1100,0,
1785505965.2478,2026-07-31T09:52:45.247,164.668,1658,,,,0,,,,0.1208,22.81,0.0246,-141.66,1,30.0,hold:D,+0.000,+0.000,-1.000,+0.000,1100,0,
1785505965.3467,2026-07-31T09:52:45.346,164.767,1659,,,,0,,,,0.1280,23.18,0.0317,-141.29,1,30.0,hold:D,+0.000,+0.000,-1.000,+0.000,1100,0,
1785505965.4463,2026-07-31T09:52:45.446,164.867,1660,,,,0,,,,0.1587,23.93,0.0625,-140.54,1,30.0,hold:D,+0.000,+0.000,-1.000,+0.000,1100,0,
1785505965.5457,2026-07-31T09:52:45.545,164.966,1661,,,,0,,,,0.1777,24.72,0.0815,-139.75,1,30.0,hold:D,+0.000,+0.000,-1.000,+0.000,1100,0,
1785505965.6451,2026-07-31T09:52:45.645,165.066,1662,,,,0,,,,0.1885,25.14,0.0923,-139.33,1,30.0,hold:D,+0.000,+0.000,-1.000,+0.000,1100,0,
1785505965.7437,2026-07-31T09:52:45.743,165.164,1663,,,,0,,,,0.2117,26.05,0.1155,-138.42,1,30.0,hold:D,+0.000,+0.000,-1.000,+0.000,1100,0,
1785505965.8443,2026-07-31T09:52:45.844,165.265,1664,,,,0,,,,0.2237,26.54,0.1275,-137.93,1,30.0,hold:D,+0.000,+0.000,-1.000,+0.000,1100,0,
1785505965.9435,2026-07-31T09:52:45.943,165.364,1665,,,,0,,,,0.2524,27.52,0.1562,-136.95,1,30.0,hold:D,+0.000,+0.000,-1.000,+0.000,1100,0,
1785505966.0443,2026-07-31T09:52:46.044,165.465,1666,,,,0,,,,0.2682,28.00,0.1719,-136.47,1,30.0,hold:D,+0.000,+0.000,-1.000,+0.000,1100,0,
1785505966.1436,2026-07-31T09:52:46.143,165.564,1667,,,,0,,,,0.3011,29.02,0.2049,-135.45,1,30.0,hold:D,+0.000,+0.000,-1.000,+0.000,1100,0,
1785505966.2431,2026-07-31T09:52:46.243,165.664,1668,,,,0,,,,0.3337,29.95,0.2375,-134.52,1,30.0,hold:D,+0.000,+0.000,-1.000,+0.000,1100,0,
1785505966.3414,2026-07-31T09:52:46.341,165.762,1669,,,,0,,,,0.3518,30.42,0.2556,-134.05,1,30.0,hold:D,+0.000,+0.000,-1.000,+0.000,1100,0,
1785505966.4417,2026-07-31T09:52:46.441,165.862,1670,,,,0,,,,0.3881,31.36,0.2919,-133.11,1,30.0,hold:D,+0.000,+0.000,-1.000,+0.000,1100,0,
1785505966.5404,2026-07-31T09:52:46.540,165.961,1671,,,,0,,,,0.4227,32.28,0.3265,-132.19,1,30.0,hold:D,+0.000,+0.000,-1.000,+0.000,1100,0,
1785505966.6397,2026-07-31T09:52:46.639,166.060,1672,,,,0,,,,0.4475,32.73,0.3513,-131.75,1,30.0,hold:D,+0.000,+0.000,-1.000,+0.000,1100,0,
1785505966.7392,2026-07-31T09:52:46.739,166.160,1673,,,,0,,,,0.4846,33.53,0.3884,-130.94,1,30.0,hold:D,+0.000,+0.000,-1.000,+0.000,1100,0,
1785505966.8387,2026-07-31T09:52:46.838,166.259,1674,,,,0,,,,0.5071,33.93,0.4109,-130.54,1,30.0,hold:D,+0.000,+0.000,-1.000,+0.000,1100,0,
1785505966.9386,2026-07-31T09:52:46.938,166.359,1675,,,,0,,,,0.5532,34.66,0.4569,-129.81,1,30.0,hold:D,+0.000,+0.000,-1.000,+0.000,1100,0,
1785505967.0381,2026-07-31T09:52:47.038,166.459,1676,,,,0,,,,0.5978,35.32,0.5016,-129.15,1,30.0,hold:D,+0.000,+0.000,-1.000,+0.000,1100,0,
1785505967.1365,2026-07-31T09:52:47.136,166.557,1677,,,,0,,,,0.6137,35.63,0.5175,-128.84,1,30.0,hold:D,+0.000,+0.000,-1.000,+0.000,1100,0,
1785505967.2371,2026-07-31T09:52:47.237,166.658,1678,,,,0,,,,0.6603,36.17,0.5641,-128.30,1,30.0,hold:D,+0.000,+0.000,-1.000,+0.000,1100,0,
1785505967.3354,2026-07-31T09:52:47.335,166.756,1679,,,,0,,,,0.6786,36.40,0.5823,-128.07,1,30.0,hold:D,+0.000,+0.000,-1.000,+0.000,1100,0,
1785505967.4351,2026-07-31T09:52:47.435,166.856,1680,,,,0,,,,0.7317,36.79,0.6355,-127.68,1,30.0,hold:D,+0.000,+0.000,-1.000,+0.000,1100,0,
1785505967.5362,2026-07-31T09:52:47.536,166.957,1681,,,,0,,,,0.7759,37.10,0.6797,-127.37,1,30.0,hold:D,+0.000,+0.000,-0.992,+0.000,1100,0,
1785505967.6362,2026-07-31T09:52:47.636,167.057,1682,,,,0,,,,0.8011,37.23,0.7049,-127.24,1,30.0,hold:D,+0.000,+0.000,-0.898,+0.000,1100,0,
1785505967.7345,2026-07-31T09:52:47.734,167.155,1683,,,,0,,,,0.8435,37.51,0.7473,-126.96,1,30.0,hold:D,+0.000,+0.000,-0.853,+0.000,1100,0,
1785505967.8350,2026-07-31T09:52:47.835,167.256,1684,,,,0,,,,0.8676,37.66,0.7714,-126.81,1,30.0,hold:D,+0.000,+0.000,-0.765,+0.000,1100,0,
1785505967.9340,2026-07-31T09:52:47.933,167.355,1685,,,,0,,,,0.9079,37.97,0.8117,-126.50,1,30.0,hold:D,+0.000,+0.000,-0.723,+0.000,1100,0,
1785505968.0331,2026-07-31T09:52:48.033,167.454,1686,,,,0,,,,0.9501,38.34,0.8539,-126.13,1,30.0,hold:D,+0.000,+0.000,-0.642,+0.000,1100,0,
1785505968.1327,2026-07-31T09:52:48.132,167.553,1687,,,,0,,,,0.9655,38.54,0.8692,-125.93,1,30.0,hold:D,+0.000,+0.000,-0.569,+0.000,1100,0,
1785505968.2317,2026-07-31T09:52:48.231,167.652,1688,,,,0,,,,1.0064,38.91,0.9102,-125.57,1,30.0,hold:D,+0.000,+0.000,-0.520,+0.000,1100,0,
1785505968.3309,2026-07-31T09:52:48.330,167.752,1689,,,,0,,,,1.0237,39.08,0.9275,-125.39,1,30.0,hold:D,+0.000,+0.000,-0.452,+0.000,1100,0,
1785505968.4293,2026-07-31T09:52:48.429,167.850,1690,,,,0,,,,1.0615,39.45,0.9652,-125.02,1,30.0,hold:D,+0.000,+0.000,-0.410,+0.000,1100,0,
1785505968.5294,2026-07-31T09:52:48.529,167.950,1691,,,,0,,,,1.0934,39.82,0.9972,-124.65,1,30.0,hold:D,+0.000,+0.000,-0.333,+0.000,1100,0,
1785505968.6295,2026-07-31T09:52:48.629,168.050,1692,,,,0,,,,1.1059,40.02,1.0097,-124.45,1,30.0,hold:D,+0.000,+0.000,-0.280,+0.000,1100,0,
1785505968.7295,2026-07-31T09:52:48.729,168.150,1693,,,,0,,,,1.1397,40.41,1.0435,-124.06,1,30.0,hold:D,+0.000,+0.000,-0.244,+0.000,1100,0,
1785505968.8298,2026-07-31T09:52:48.829,168.250,1694,,,,0,,,,1.1456,40.58,1.0494,-123.89,1,30.0,hold:D,+0.000,+0.000,-0.190,+0.000,1100,0,
1785505968.9298,2026-07-31T09:52:48.929,168.350,1695,,,,0,,,,1.1711,40.91,1.0749,-123.57,1,30.0,hold:D,+0.000,+0.000,-0.151,+0.000,1100,0,
1785505969.0284,2026-07-31T09:52:49.028,168.449,1696,,,,0,,,,1.1951,41.19,1.0989,-123.28,1,30.0,hold:D,+0.000,+0.000,-0.096,+0.000,1100,0,
1785505969.1276,2026-07-31T09:52:49.127,168.548,1697,,,,0,,,,1.2123,41.33,1.1161,-123.14,1,30.0,hold:D,+0.000,+0.000,-0.036,+0.000,1100,0,
1785505969.2268,2026-07-31T09:52:49.226,168.647,1698,,,,0,,,,1.2293,41.62,1.1331,-122.85,1,30.0,hold:D,+0.000,+0.000,-0.016,+0.000,1100,0,
1785505969.3244,2026-07-31T09:52:49.324,168.745,1699,,,,0,,,,1.2406,41.77,1.1444,-122.70,1,30.0,hold:D,+0.000,+0.000,+0.039,+0.000,1100,0,
1785505969.4233,2026-07-31T09:52:49.423,168.844,1700,,,,0,,,,1.2561,42.06,1.1599,-122.41,1,30.0,hold:D,+0.000,+0.000,+0.056,+0.000,1100,0,
1785505969.5239,2026-07-31T09:52:49.523,168.945,1701,,,,0,,,,1.2644,42.21,1.1682,-122.26,1,30.0,hold:D,+0.000,+0.000,+0.106,+0.000,1100,0,
1785505969.6239,2026-07-31T09:52:49.623,169.045,1702,,,,0,,,,1.2839,42.48,1.1877,-121.99,1,30.0,hold:D,+0.000,+0.000,+0.156,+0.000,1100,0,
1785505969.7230,2026-07-31T09:52:49.722,169.144,1703,,,,0,,,,1.3019,42.75,1.2056,-121.72,1,30.0,hold:D,+0.000,+0.000,+0.192,+0.000,1100,0,
1785505969.8218,2026-07-31T09:52:49.821,169.242,1704,,,,0,,,,1.3123,42.88,1.2161,-121.59,1,30.0,hold:D,+0.000,+0.000,+0.237,+0.000,1100,0,
1785505969.9212,2026-07-31T09:52:49.921,169.342,1705,,,,0,,,,1.3272,43.15,1.2310,-121.32,1,30.0,hold:D,+0.000,+0.000,+0.263,+0.000,1100,0,
1785505970.0197,2026-07-31T09:52:50.019,169.440,1706,,,,0,,,,1.3374,43.29,1.2412,-121.18,1,30.0,hold:D,+0.000,+0.000,+0.313,+0.000,1100,0,
1785505970.1192,2026-07-31T09:52:50.119,169.540,1707,,,,0,,,,1.3435,43.57,1.2473,-120.90,1,30.0,hold:D,+0.000,+0.000,+0.327,+0.000,1100,0,
1785505970.2184,2026-07-31T09:52:50.218,169.639,1708,,,,0,,,,1.3523,43.70,1.2561,-120.77,1,30.0,hold:D,+0.000,+0.000,+0.370,+0.000,1100,0,
1785505970.3192,2026-07-31T09:52:50.319,169.740,1709,,,,0,,,,1.3654,43.96,1.2692,-120.51,1,30.0,hold:D,+0.000,+0.000,+0.410,+0.000,1100,0,
1785505970.4182,2026-07-31T09:52:50.418,169.839,1710,,,,0,,,,1.3729,44.22,1.2767,-120.25,1,30.0,hold:D,+0.000,+0.000,+0.437,+0.000,1100,0,
1785505970.5174,2026-07-31T09:52:50.517,169.938,1711,,,,0,,,,1.3790,44.36,1.2828,-120.11,1,30.0,hold:DY,+0.000,+0.000,+0.462,+0.442,1100,0,
1785505970.6181,2026-07-31T09:52:50.618,170.039,1712,,,,0,,,,1.3827,44.63,1.2865,-119.84,1,30.0,hold:DY,+0.000,+0.000,+0.478,+0.454,1100,0,
1785505970.7171,2026-07-31T09:52:50.717,170.138,1713,,,,0,,,,1.3936,44.49,1.2974,-119.98,1,30.0,hold:DY,+0.000,+0.000,+0.506,+0.468,1100,0,
1785505970.8163,2026-07-31T09:52:50.816,170.237,1714,,,,0,,,,1.3893,43.84,1.2931,-120.63,1,30.0,hold:DY,+0.000,+0.000,+0.529,+0.462,1100,0,
1785505970.9155,2026-07-31T09:52:50.915,170.336,1715,,,,0,,,,1.3964,41.63,1.3002,-122.84,1,30.0,hold:DY,+0.000,+0.000,+0.558,+0.453,1100,0,
1785505971.0144,2026-07-31T09:52:51.014,170.435,1716,,,,0,,,,1.3998,40.23,1.3036,-124.25,1,30.0,hold:DY,+0.000,+0.000,+0.581,+0.414,1100,0,
1785505971.1142,2026-07-31T09:52:51.114,170.535,1717,,,,0,,,,1.3949,37.19,1.2987,-127.28,1,30.0,hold:DY,+0.000,+0.000,+0.592,+0.395,1100,0,
1785505971.2145,2026-07-31T09:52:51.214,170.635,1718,,,,0,,,,1.3958,34.23,1.2996,-130.24,1,30.0,hold:DY,+0.000,+0.000,+0.605,+0.347,1100,0,
1785505971.3142,2026-07-31T09:52:51.314,170.735,1719,,,,0,,,,1.4016,32.87,1.3054,-131.60,1,30.0,hold:DY,+0.000,+0.000,+0.632,+0.301,1100,0,
1785505971.4137,2026-07-31T09:52:51.413,170.834,1720,,,,0,,,,1.3944,30.56,1.2982,-133.91,1,30.0,hold:DY,+0.000,+0.000,+0.646,+0.284,1100,0,
1785505971.5132,2026-07-31T09:52:51.513,170.934,1721,,,,0,,,,1.4015,29.61,1.3052,-134.86,1,30.0,hold:DY,+0.000,+0.000,+0.663,+0.252,1100,0,
1785505971.6132,2026-07-31T09:52:51.613,171.034,1722,,,,0,,,,1.3984,27.98,1.3022,-136.49,1,30.0,hold:DY,+0.000,+0.000,+0.674,+0.240,1100,0,
1785505971.7131,2026-07-31T09:52:51.713,171.134,1723,,,,0,,,,1.3981,26.72,1.3019,-137.75,1,30.0,hold:DY,+0.000,+0.000,+0.686,+0.217,1100,0,
1785505971.8127,2026-07-31T09:52:51.812,171.233,1724,,,,0,,,,1.3896,26.22,1.2934,-138.25,1,30.0,hold:DY,+0.000,+0.000,+0.688,+0.200,1100,0,
1785505971.9121,2026-07-31T09:52:51.912,171.333,1725,,,,0,,,,1.3915,25.40,1.2953,-139.07,1,30.0,hold:DY,+0.000,+0.000,+0.706,+0.194,1100,0,
1785505972.0118,2026-07-31T09:52:52.011,171.432,1726,,,,0,,,,1.3930,25.02,1.2968,-139.45,1,30.0,hold:DY,+0.000,+0.000,+0.725,+0.183,1100,0,
1785505972.1109,2026-07-31T09:52:52.110,171.532,1727,,,,0,,,,1.3851,24.20,1.2889,-140.27,1,30.0,hold:DY,+0.000,+0.000,+0.736,+0.177,1100,0,
1785505972.2097,2026-07-31T09:52:52.209,171.630,1728,,,,0,,,,1.3784,23.18,1.2822,-141.29,1,30.0,hold:DY,+0.000,+0.000,+0.732,+0.163,1100,0,
1785505972.3083,2026-07-31T09:52:52.308,171.729,1729,,,,0,,,,1.3784,22.60,1.2822,-141.87,1,30.0,hold:DY,+0.000,+0.000,+0.742,+0.144,1100,0,
1785505972.4086,2026-07-31T09:52:52.408,171.829,1730,,,,0,,,,1.3716,21.53,1.2754,-142.94,1,30.0,hold:DY,+0.000,+0.000,+0.743,+0.135,1100,0,
1785505972.5083,2026-07-31T09:52:52.508,171.929,1731,,,,0,,,,1.3698,21.07,1.2736,-143.41,1,30.0,hold:DY,+0.000,+0.000,+0.754,+0.000,1100,0,
1785505972.6074,2026-07-31T09:52:52.607,172.028,1732,,,,0,,,,1.3577,20.36,1.2615,-144.11,1,30.0,hold:DY,+0.000,+0.000,+0.760,+0.000,1100,0,
1785505972.7063,2026-07-31T09:52:52.706,172.127,1733,,,,0,,,,1.3463,19.92,1.2501,-144.55,1,30.0,hold:DY,+0.000,+0.000,+0.748,+0.000,1100,0,
1785505972.8057,2026-07-31T09:52:52.805,172.226,1734,,,,0,,,,1.3379,19.80,1.2417,-144.67,1,30.0,hold:DY,+0.000,+0.000,+0.733,+0.000,1100,0,
1785505972.9049,2026-07-31T09:52:52.904,172.326,1735,,,,0,,,,1.3236,19.69,1.2273,-144.78,1,30.0,hold:DY,+0.000,+0.000,+0.729,+0.000,1100,0,
1785505973.0035,2026-07-31T09:52:53.003,172.424,1736,,,,0,,,,1.3153,19.69,1.2191,-144.78,1,30.0,hold:DY,+0.000,+0.000,+0.713,+0.000,1100,0,
1785505973.1027,2026-07-31T09:52:53.102,172.523,1737,,,,0,,,,1.3024,19.78,1.2062,-144.69,1,30.0,hold:DY,+0.000,+0.000,+0.714,+0.000,1100,0,
1785505973.2016,2026-07-31T09:52:53.201,172.622,1738,,,,0,,,,1.2980,19.85,1.2018,-144.63,1,30.0,hold:DY,+0.000,+0.000,+0.703,+0.000,1100,0,
1785505973.3010,2026-07-31T09:52:53.300,172.722,1739,,,,0,,,,1.2745,20.03,1.1782,-144.44,1,30.0,hold:DY,+0.000,+0.000,+0.667,+0.000,1100,0,
1785505973.3993,2026-07-31T09:52:53.399,172.820,1740,,,,0,,,,1.2567,20.27,1.1605,-144.20,1,30.0,hold:DY,+0.000,+0.000,+0.662,+0.000,1100,0,
1785505973.5002,2026-07-31T09:52:53.500,172.921,1741,,,,0,,,,1.2479,20.40,1.1517,-144.07,1,30.0,hold:DY,+0.000,+0.000,+0.635,+0.000,1100,0,
1785505973.6007,2026-07-31T09:52:53.600,173.021,1742,,,,0,,,,1.2280,20.67,1.1318,-143.80,1,30.0,hold:DY,+0.000,+0.000,+0.628,+0.000,1100,0,
1785505973.6996,2026-07-31T09:52:53.699,173.120,1743,,,,0,,,,1.2177,20.81,1.1215,-143.66,1,30.0,hold:DY,+0.000,+0.000,+0.593,+0.000,1100,0,
1785505973.7992,2026-07-31T09:52:53.799,173.220,1744,,,,0,,,,1.2059,21.10,1.1097,-143.37,1,30.0,hold:DY,+0.000,+0.000,+0.578,+0.000,1100,0,
1785505973.8999,2026-07-31T09:52:53.899,173.321,1745,,,,0,,,,1.1857,21.40,1.0895,-143.07,1,30.0,hold:DY,+0.000,+0.000,+0.558,+0.000,1100,0,
1785505974.0000,2026-07-31T09:52:53.999,173.421,1746,,,,0,,,,1.1735,21.56,1.0773,-142.91,1,30.0,hold:DY,+0.000,+0.000,+0.529,+0.000,1100,0,
1785505974.0990,2026-07-31T09:52:54.099,173.520,1747,,,,0,,,,1.1584,21.88,1.0622,-142.59,1,30.0,hold:DY,+0.000,+0.000,+0.522,+0.000,1100,0,
1785505974.1996,2026-07-31T09:52:54.199,173.620,1748,,,,0,,,,1.1449,22.05,1.0487,-142.42,1,30.0,hold:DY,+0.000,+0.000,+0.484,+0.037,1100,0,
1785505974.2985,2026-07-31T09:52:54.298,173.719,1749,,,,0,,,,1.1289,22.40,1.0327,-142.07,1,30.0,hold:DY,+0.000,+0.000,+0.483,+0.041,1100,0,
1785505974.3979,2026-07-31T09:52:54.397,173.819,1750,,,,0,,,,1.1204,22.58,1.0242,-141.89,1,30.0,hold:DY,+0.000,+0.000,+0.446,+0.048,1100,0,
1785505974.4961,2026-07-31T09:52:54.496,173.917,1751,,,,0,,,,1.1041,22.92,1.0079,-141.55,1,30.0,hold:DY,+0.000,+0.000,+0.418,+0.056,1100,0,
1785505974.5962,2026-07-31T09:52:54.596,174.017,1752,,,,0,,,,1.0895,23.27,0.9933,-141.20,1,30.0,hold:DY,+0.000,+0.000,+0.404,+0.060,1100,0,
1785505974.6953,2026-07-31T09:52:54.695,174.116,1753,,,,0,,,,1.0814,23.45,0.9852,-141.02,1,30.0,hold:DY,+0.000,+0.000,+0.380,+0.068,1100,0,
1785505974.7957,2026-07-31T09:52:54.795,174.216,1754,,,,0,,,,1.0657,23.80,0.9694,-140.68,1,30.0,hold:DY,+0.000,+0.000,+0.363,+0.072,1100,0,
1785505974.8946,2026-07-31T09:52:54.894,174.315,1755,,,,0,,,,1.0514,24.13,0.9552,-140.34,1,30.0,hold:DY,+0.000,+0.000,+0.341,+0.080,1100,0,
1785505974.9935,2026-07-31T09:52:54.993,174.414,1756,,,,0,,,,1.0466,24.30,0.9504,-140.17,1,30.0,hold:DY,+0.000,+0.000,+0.318,+0.088,1100,0,
1785505975.0922,2026-07-31T09:52:55.092,174.513,1757,,,,0,,,,1.0280,24.63,0.9318,-139.84,1,30.0,hold:DY,+0.000,+0.000,+0.297,+0.092,1100,0,
1785505975.1925,2026-07-31T09:52:55.192,174.613,1758,,,,0,,,,1.0212,24.81,0.9250,-139.66,1,30.0,hold:DY,+0.000,+0.000,+0.269,+0.101,1100,0,
1785505975.2922,2026-07-31T09:52:55.292,174.713,1759,,,,0,,,,1.0053,25.17,0.9091,-139.30,1,30.0,hold:DY,+0.000,+0.000,+0.254,+0.106,1100,0,
1785505975.3915,2026-07-31T09:52:55.391,174.812,1760,,,,0,,,,0.9928,25.57,0.8966,-138.90,1,30.0,hold:DY,+0.000,+0.000,+0.228,+0.115,1100,0,
1785505975.4905,2026-07-31T09:52:55.490,174.911,1761,,,,0,,,,0.9867,25.77,0.8905,-138.70,1,30.0,hold:DY,+0.000,+0.000,+0.201,+0.124,1100,0,
1785505975.5895,2026-07-31T09:52:55.589,175.010,1762,,,,0,,,,0.9732,26.21,0.8770,-138.26,1,30.0,hold:DY,+0.000,+0.000,+0.196,+0.130,1100,0,
1785505975.6887,2026-07-31T09:52:55.688,175.109,1763,,,,0,,,,0.9681,26.44,0.8719,-138.03,1,30.0,hold:DY,+0.000,+0.000,+0.163,+0.141,1100,0,
1785505975.7876,2026-07-31T09:52:55.787,175.208,1764,,,,0,,,,0.9541,26.90,0.8579,-137.57,1,30.0,hold:DY,+0.000,+0.000,+0.148,+0.148,1100,0,
1785505975.8879,2026-07-31T09:52:55.887,175.309,1765,,,,0,,,,0.9453,27.39,0.8491,-137.08,1,30.0,hold:DY,+0.000,+0.000,+0.135,+0.159,1100,0,
1785505975.9864,2026-07-31T09:52:55.986,175.407,1766,,,,0,,,,0.9389,27.64,0.8427,-136.83,1,30.0,hold:DY,+0.000,+0.000,+0.099,+0.171,1100,0,
1785505976.0855,2026-07-31T09:52:56.085,175.506,1767,,,,0,,,,0.9335,28.10,0.8373,-136.37,1,30.0,hold:DY,+0.000,+0.000,+0.079,+0.178,1100,0,
1785505976.1845,2026-07-31T09:52:56.184,175.605,1768,,,,0,,,,0.9246,28.30,0.8284,-136.17,1,30.0,hold:DY,+0.000,+0.000,+0.065,+0.189,1100,0,
1785505976.2838,2026-07-31T09:52:56.283,175.704,1769,,,,0,,,,0.9110,28.70,0.8148,-135.77,1,30.0,hold:DY,+0.000,+0.000,+0.040,+0.196,1100,0,
1785505976.3838,2026-07-31T09:52:56.383,175.804,1770,,,,0,,,,0.9009,28.84,0.8047,-135.63,1,30.0,hold:DY,+0.000,+0.000,+0.010,+0.206,1100,0,
1785505976.4825,2026-07-31T09:52:56.482,175.903,1771,,,,0,,,,0.8909,28.93,0.7947,-135.54,1,30.0,hold:DY,+0.000,+0.000,-0.014,+0.211,1100,0,
1785505976.5811,2026-07-31T09:52:56.581,176.002,1772,,,,0,,,,0.8825,28.87,0.7863,-135.61,1,30.0,hold:DY,+0.000,+0.000,-0.030,+0.214,1100,0,
1785505976.6811,2026-07-31T09:52:56.681,176.102,1773,,,,0,,,,0.8750,28.80,0.7788,-135.67,1,30.0,hold:DY,+0.000,+0.000,-0.055,+0.216,1100,0,
1785505976.7816,2026-07-31T09:52:56.781,176.202,1774,,,,0,,,,0.8659,28.64,0.7697,-135.83,1,30.0,hold:DY,+0.000,+0.000,-0.077,+0.218,1100,0,
1785505976.8806,2026-07-31T09:52:56.880,176.301,1775,,,,0,,,,0.8600,28.54,0.7638,-135.93,1,30.0,hold:DY,+0.000,+0.000,-0.095,+0.218,1100,0,
1785505976.9795,2026-07-31T09:52:56.979,176.400,1776,,,,0,,,,0.8551,28.33,0.7588,-136.14,1,30.0,hold:DY,+0.000,+0.000,-0.109,+0.219,1100,0,
1785505977.0783,2026-07-31T09:52:57.078,176.499,1777,,,,0,,,,0.8460,28.22,0.7498,-136.25,1,30.0,hold:DY,+0.000,+0.000,-0.135,+0.219,1100,0,
1785505977.1776,2026-07-31T09:52:57.177,176.598,1778,,,,0,,,,0.8358,28.08,0.7396,-136.40,1,30.0,hold:DY,+0.000,+0.000,-0.162,+0.219,1100,0,
1785505977.2774,2026-07-31T09:52:57.277,176.698,1779,,,,0,,,,0.8276,27.99,0.7314,-136.48,1,30.0,hold:DY,+0.000,+0.000,-0.187,+0.222,1100,0,
1785505977.3763,2026-07-31T09:52:57.376,176.797,1780,,,,0,,,,0.8246,27.90,0.7284,-136.57,1,30.0,hold:DY,+0.000,+0.000,-0.198,+0.222,1100,0,
1785505977.4769,2026-07-31T09:52:57.476,176.898,1781,,,,0,,,,0.8101,27.36,0.7139,-137.11,1,30.0,hold:DY,+0.000,+0.000,-0.220,+0.221,1100,0,
1785505977.5753,2026-07-31T09:52:57.575,176.996,1782,,,,0,,,,0.8096,26.97,0.7134,-137.51,1,30.0,hold:DY,+0.000,+0.000,-0.243,+0.212,1100,0,
1785505977.6750,2026-07-31T09:52:57.675,177.096,1783,,,,0,,,,0.7984,26.04,0.7022,-138.43,1,30.0,hold:DY,+0.000,+0.000,-0.268,+0.206,1100,0,
1785505977.7746,2026-07-31T09:52:57.774,177.195,1784,,,,0,,,,0.7891,25.15,0.6929,-139.32,1,30.0,hold:DY,+0.000,+0.000,-0.283,+0.191,1100,0,
1785505977.8749,2026-07-31T09:52:57.874,177.296,1785,,,,0,,,,0.7886,24.83,0.6924,-139.64,1,30.0,hold:DY,+0.000,+0.000,-0.309,+0.180,1100,0,
1785505977.9735,2026-07-31T09:52:57.973,177.394,1786,,,,0,,,,0.7808,24.37,0.6846,-140.10,1,30.0,hold:DY,+0.000,+0.000,-0.331,+0.177,1100,0,
1785505978.0726,2026-07-31T09:52:58.072,177.493,1787,,,,0,,,,0.7750,24.18,0.6788,-140.29,1,30.0,hold:DY,+0.000,+0.000,-0.353,+0.172,1100,0,
1785505978.1713,2026-07-31T09:52:58.171,177.592,1788,,,,0,,,,0.7720,23.66,0.6758,-140.81,1,30.0,hold:DY,+0.000,+0.000,-0.371,+0.169,1100,0,
1785505978.2704,2026-07-31T09:52:58.270,177.691,1789,,,,0,,,,0.7640,23.04,0.6678,-141.43,1,30.0,hold:DY,+0.000,+0.000,-0.383,+0.160,1100,0,
1785505978.3700,2026-07-31T09:52:58.369,177.791,1790,,,,0,,,,0.7583,22.70,0.6620,-141.77,1,30.0,hold:DY,+0.000,+0.000,-0.414,+0.150,1100,0,
1785505978.4718,2026-07-31T09:52:58.471,177.892,1791,,,,0,,,,0.7606,22.05,0.6644,-142.42,1,30.0,hold:DY,+0.000,+0.000,-0.417,+0.144,1100,0,
1785505978.5709,2026-07-31T09:52:58.570,177.992,1792,,,,0,,,,0.7601,21.78,0.6639,-142.69,1,30.0,hold:DY,+0.000,+0.000,-0.430,+0.000,1100,0,
1785505978.6691,2026-07-31T09:52:58.669,178.090,1793,,,,0,,,,0.7488,21.33,0.6526,-143.14,1,30.0,hold:DY,+0.000,+0.000,-0.462,+0.000,1100,0,
1785505978.7681,2026-07-31T09:52:58.768,178.189,1794,,,,0,,,,0.7504,21.07,0.6542,-143.40,1,30.0,hold:DY,+0.000,+0.000,-0.460,+0.000,1100,0,
1785505978.8687,2026-07-31T09:52:58.868,178.289,1795,,,,0,,,,0.7501,20.99,0.6539,-143.48,1,30.0,hold:DY,+0.000,+0.000,-0.480,+0.000,1100,0,
1785505978.9671,2026-07-31T09:52:58.967,178.388,1796,,,,0,,,,0.7428,20.93,0.6465,-143.54,1,30.0,hold:DY,+0.000,+0.000,-0.491,+0.000,1100,0,
1785505979.0666,2026-07-31T09:52:59.066,178.487,1797,,,,0,,,,0.7442,20.93,0.6480,-143.54,1,30.0,hold:DY,+0.000,+0.000,-0.511,+0.000,1100,0,
1785505979.1654,2026-07-31T09:52:59.165,178.586,1798,,,,0,,,,0.7443,21.01,0.6481,-143.46,1,30.0,hold:DY,+0.000,+0.000,-0.524,+0.000,1100,0,
1785505979.2631,2026-07-31T09:52:59.263,178.684,1799,,,,0,,,,0.7433,21.14,0.6470,-143.33,1,30.0,hold:DY,+0.000,+0.000,-0.540,+0.000,1100,0,
1785505979.3638,2026-07-31T09:52:59.363,178.784,1800,,,,0,,,,0.7431,21.23,0.6468,-143.24,1,30.0,hold:DY,+0.000,+0.000,-0.544,+0.000,1100,0,
1785505979.4629,2026-07-31T09:52:59.462,178.884,1801,,,,0,,,,0.7486,21.47,0.6524,-143.00,1,30.0,hold:DY,+0.000,+0.000,-0.550,+0.000,1100,0,
1785505979.5617,2026-07-31T09:52:59.561,178.982,1802,,,,0,,,,0.7478,21.60,0.6516,-142.87,1,30.0,hold:DY,+0.000,+0.000,-0.555,+0.000,1100,0,
1785505979.6612,2026-07-31T09:52:59.661,179.082,1803,,,,0,,,,0.7467,21.90,0.6505,-142.57,1,30.0,hold:DY,+0.000,+0.000,-0.556,+0.000,1100,0,
1785505979.7610,2026-07-31T09:52:59.761,179.182,1804,,,,0,,,,0.7569,22.21,0.6607,-142.26,1,30.0,hold:DY,+0.000,+0.000,-0.560,+0.037,1100,0,
1785505979.8604,2026-07-31T09:52:59.860,179.281,1805,,,,0,,,,0.7589,22.38,0.6627,-142.09,1,30.0,hold:DY,+0.000,+0.000,-0.562,+0.044,1100,0,
1785505979.9598,2026-07-31T09:52:59.959,179.380,1806,,,,0,,,,0.7624,22.71,0.6662,-141.76,1,30.0,hold:DY,+0.000,+0.000,-0.568,+0.048,1100,0,
1785505980.0595,2026-07-31T09:53:00.059,179.480,1807,,,,0,,,,0.7642,22.88,0.6680,-141.59,1,30.0,hold:DY,+0.000,+0.000,-0.571,+0.055,1100,0,
1785505980.1590,2026-07-31T09:53:00.159,179.580,1808,,,,0,,,,0.7692,23.22,0.6730,-141.25,1,30.0,hold:DY,+0.000,+0.000,-0.575,+0.060,1100,0,
1785505980.2585,2026-07-31T09:53:00.258,179.679,1809,,,,0,,,,0.7804,23.57,0.6842,-140.90,1,30.0,hold:DY,+0.000,+0.000,-0.567,+0.067,1100,0,
1785505980.3580,2026-07-31T09:53:00.357,179.779,1810,,,,0,,,,0.7835,23.75,0.6873,-140.72,1,30.0,hold:DY,+0.000,+0.000,-0.559,+0.075,1100,0,
1785505980.4571,2026-07-31T09:53:00.457,179.878,1811,,,,0,,,,0.7923,24.10,0.6961,-140.37,1,30.0,hold:DY,+0.000,+0.000,-0.553,+0.080,1100,0,
1785505980.5565,2026-07-31T09:53:00.556,179.977,1812,,,,0,,,,0.7954,24.29,0.6992,-140.18,1,30.0,hold:DY,+0.000,+0.000,-0.552,+0.088,1100,0,
1785505980.6552,2026-07-31T09:53:00.655,180.076,1813,,,,0,,,,0.8043,24.68,0.7081,-139.79,1,30.0,hold:DY,+0.000,+0.000,-0.551,+0.093,1100,0,
1785505980.7550,2026-07-31T09:53:00.755,180.176,1814,,,,0,,,,0.8113,25.07,0.7151,-139.40,1,30.0,hold:DY,+0.000,+0.000,-0.528,+0.102,1100,0,
1785505980.8553,2026-07-31T09:53:00.855,180.276,1815,,,,0,,,,0.8194,25.27,0.7232,-139.20,1,30.0,hold:DY,+0.000,+0.000,-0.527,+0.111,1100,0,
1785505980.9541,2026-07-31T09:53:00.954,180.375,1816,,,,0,,,,0.8281,25.67,0.7319,-138.80,1,30.0,hold:DY,+0.000,+0.000,-0.520,+0.117,1100,0,
1785505981.0532,2026-07-31T09:53:01.053,180.474,1817,,,,0,,,,0.8336,25.86,0.7373,-138.61,1,30.0,hold:DY,+0.000,+0.000,-0.512,+0.126,1100,0,
1785505981.1526,2026-07-31T09:53:01.152,180.573,1818,,,,0,,,,0.8474,26.25,0.7512,-138.22,1,30.0,hold:DY,+0.000,+0.000,-0.511,+0.132,1100,0,
1785505981.2519,2026-07-31T09:53:01.251,180.673,1819,,,,0,,,,0.8513,26.46,0.7551,-138.01,1,30.0,hold:DY,+0.000,+0.000,-0.489,+0.142,1100,0,
1785505981.3501,2026-07-31T09:53:01.350,180.771,1820,,,,0,,,,0.8582,26.88,0.7620,-137.59,1,30.0,hold:DY,+0.000,+0.000,-0.481,+0.152,1100,0,
1785505981.4505,2026-07-31T09:53:01.450,180.871,1821,,,,0,,,,0.8695,27.32,0.7733,-137.15,1,30.0,hold:DY,+0.000,+0.000,-0.474,+0.159,1100,0,
1785505981.5507,2026-07-31T09:53:01.550,180.971,1822,,,,0,,,,0.8790,27.54,0.7828,-136.93,1,30.0,hold:DY,+0.000,+0.000,-0.450,+0.170,1100,0,
1785505981.6500,2026-07-31T09:53:01.649,181.071,1823,,,,0,,,,0.8878,27.97,0.7916,-136.50,1,30.0,hold:DY,+0.000,+0.000,-0.452,+0.177,1100,0,
1785505981.7503,2026-07-31T09:53:01.750,181.171,1824,,,,0,,,,0.8939,28.17,0.7976,-136.30,1,30.0,hold:DY,+0.000,+0.000,-0.430,+0.187,1100,0,
1785505981.8495,2026-07-31T09:53:01.849,181.270,1825,,,,0,,,,0.9025,28.55,0.8062,-135.92,1,30.0,hold:DY,+0.000,+0.000,-0.419,+0.194,1100,0,
1785505981.9493,2026-07-31T09:53:01.949,181.370,1826,,,,0,,,,0.9154,28.92,0.8192,-135.55,1,30.0,hold:DY,+0.000,+0.000,-0.409,+0.204,1100,0,
1785505982.0487,2026-07-31T09:53:02.048,181.469,1827,,,,0,,,,0.9193,29.00,0.8231,-135.47,1,30.0,hold:DY,+0.000,+0.000,-0.390,+0.213,1100,0,
1785505982.1473,2026-07-31T09:53:02.147,181.568,1828,,,,0,,,,0.9284,28.99,0.8322,-135.48,1,30.0,hold:DY,+0.000,+0.000,-0.381,+0.217,1100,0,
1785505982.2466,2026-07-31T09:53:02.246,181.667,1829,,,,0,,,,0.9337,28.93,0.8375,-135.54,1,30.0,hold:DY,+0.000,+0.000,-0.367,+0.218,1100,0,
1785505982.3460,2026-07-31T09:53:02.346,181.767,1830,,,,0,,,,0.9414,28.75,0.8452,-135.72,1,30.0,hold:DY,+0.000,+0.000,-0.358,+0.220,1100,0,
1785505982.4457,2026-07-31T09:53:02.445,181.866,1831,,,,0,,,,0.9482,28.58,0.8520,-135.89,1,30.0,hold:DY,+0.000,+0.000,-0.336,+0.221,1100,0,
1785505982.5441,2026-07-31T09:53:02.544,181.965,1832,,,,0,,,,0.9531,28.53,0.8569,-135.94,1,30.0,hold:DY,+0.000,+0.000,-0.335,+0.222,1100,0,
1785505982.6434,2026-07-31T09:53:02.643,182.064,1833,,,,0,,,,0.9592,28.44,0.8630,-136.04,1,30.0,hold:DY,+0.000,+0.000,-0.328,+0.224,1100,0,
1785505982.7426,2026-07-31T09:53:02.742,182.163,1834,,,,0,,,,0.9647,28.41,0.8685,-136.06,1,30.0,hold:DY,+0.000,+0.000,-0.315,+0.226,1100,0,
1785505982.8415,2026-07-31T09:53:02.841,182.262,1835,,,,0,,,,0.9746,28.45,0.8784,-136.02,1,30.0,hold:DY,+0.000,+0.000,-0.303,+0.230,1100,0,
1785505982.9410,2026-07-31T09:53:02.941,182.362,1836,,,,0,,,,0.9861,28.53,0.8899,-135.94,1,30.0,hold:DY,+0.000,+0.000,-0.282,+0.234,1100,0,
1785505983.0418,2026-07-31T09:53:03.041,182.462,1837,,,,0,,,,0.9822,28.52,0.8860,-135.95,1,30.0,hold:DY,+0.000,+0.000,-0.281,+0.238,1100,0,
1785505983.1402,2026-07-31T09:53:03.140,182.561,1838,,,,0,,,,0.9943,28.35,0.8981,-136.12,1,30.0,hold:DY,+0.000,+0.000,-0.259,+0.240,1100,0,
1785505983.2403,2026-07-31T09:53:03.240,182.661,1839,,,,0,,,,0.9987,28.19,0.9025,-136.29,1,30.0,hold:DY,+0.000,+0.000,-0.248,+0.239,1100,0,
1785505983.3398,2026-07-31T09:53:03.339,182.760,1840,,,,0,,,,1.0041,27.69,0.9079,-136.78,1,30.0,hold:DY,+0.000,+0.000,-0.236,+0.238,1100,0,
1785505983.4384,2026-07-31T09:53:03.438,182.859,1841,,,,0,,,,1.0122,27.14,0.9160,-137.33,1,30.0,hold:DY,+0.000,+0.000,-0.236,+0.231,1100,0,
1785505983.5378,2026-07-31T09:53:03.537,182.958,1842,,,,0,,,,1.0167,26.87,0.9205,-137.60,1,30.0,hold:DY,+0.000,+0.000,-0.212,+0.224,1100,0,
1785505983.6361,2026-07-31T09:53:03.636,183.057,1843,,,,0,,,,1.0148,26.43,0.9186,-138.04,1,30.0,hold:DY,+0.000,+0.000,-0.213,+0.223,1100,0,
1785505983.7351,2026-07-31T09:53:03.735,183.156,1844,,,,0,,,,1.0183,26.28,0.9221,-138.19,1,30.0,hold:DY,+0.000,+0.000,-0.209,+0.219,1100,0,
1785505983.8357,2026-07-31T09:53:03.835,183.256,1845,,,,0,,,,1.0241,25.98,0.9279,-138.49,1,30.0,hold:DY,+0.000,+0.000,-0.195,+0.219,1100,0,
1785505983.9341,2026-07-31T09:53:03.934,183.355,1846,,,,0,,,,1.0358,25.68,0.9396,-138.79,1,30.0,hold:DY,+0.000,+0.000,-0.181,+0.216,1100,0,
1785505984.0334,2026-07-31T09:53:04.033,183.454,1847,,,,0,,,,1.0339,25.50,0.9377,-138.97,1,30.0,hold:DY,+0.000,+0.000,-0.175,+0.212,1100,0,
1785505984.1327,2026-07-31T09:53:04.132,183.553,1848,,,,0,,,,1.0383,25.02,0.9421,-139.45,1,30.0,hold:DY,+0.000,+0.000,-0.168,+0.210,1100,0,
1785505984.2315,2026-07-31T09:53:04.231,183.652,1849,,,,0,,,,1.0438,24.74,0.9475,-139.73,1,30.0,hold:DY,+0.000,+0.000,-0.152,+0.202,1100,0,
1785505984.3302,2026-07-31T09:53:04.330,183.751,1850,,,,0,,,,1.0455,24.17,0.9493,-140.31,1,30.0,hold:DY,+0.000,+0.000,-0.155,+0.199,1100,0,
1785505984.4291,2026-07-31T09:53:04.429,183.850,1851,,,,0,,,,1.0483,23.88,0.9521,-140.59,1,30.0,hold:DY,+0.000,+0.000,-0.139,+0.190,1100,0,
1785505984.5285,2026-07-31T09:53:04.528,183.949,1852,,,,0,,,,1.0531,23.22,0.9569,-141.25,1,30.0,hold:DY,+0.000,+0.000,-0.128,+0.180,1100,0,
1785505984.6287,2026-07-31T09:53:04.628,184.049,1853,,,,0,,,,1.0517,22.52,0.9555,-141.95,1,30.0,hold:DY,+0.000,+0.000,-0.123,+0.174,1100,0,
1785505984.7274,2026-07-31T09:53:04.727,184.148,1854,,,,0,,,,1.0556,22.20,0.9594,-142.27,1,30.0,hold:DY,+0.000,+0.000,-0.119,+0.163,1100,0,
1785505984.8264,2026-07-31T09:53:04.826,184.247,1855,,,,0,,,,1.0582,21.61,0.9619,-142.86,1,30.0,hold:DY,+0.000,+0.000,-0.110,+0.000,1100,0,
1785505984.9255,2026-07-31T09:53:04.925,184.346,1856,,,,0,,,,1.0543,21.36,0.9580,-143.11,1,30.0,hold:DY,+0.000,+0.000,-0.117,+0.000,1100,0,
1785505985.0248,2026-07-31T09:53:05.024,184.445,1857,,,,0,,,,1.0617,20.95,0.9654,-143.52,1,30.0,hold:DY,+0.000,+0.000,-0.100,+0.000,1100,0,
1785505985.1232,2026-07-31T09:53:05.123,184.544,1858,,,,0,,,,1.0642,20.62,0.9680,-143.85,1,30.0,hold:DY,+0.000,+0.000,-0.092,+0.000,1100,0,
1785505985.2223,2026-07-31T09:53:05.222,184.643,1859,,,,0,,,,1.0655,20.49,0.9693,-143.98,1,30.0,hold:DY,+0.000,+0.000,-0.087,+0.000,1100,0,
1785505985.3214,2026-07-31T09:53:05.321,184.742,1860,,,,0,,,,1.0613,20.26,0.9651,-144.21,1,30.0,hold:DY,+0.000,+0.000,-0.086,+0.000,1100,0,
1785505985.4207,2026-07-31T09:53:05.420,184.841,1861,,,,0,,,,1.0674,20.16,0.9712,-144.31,1,30.0,hold:DY,+0.000,+0.000,-0.078,+0.000,1100,0,
1785505985.5199,2026-07-31T09:53:05.519,184.941,1862,,,,0,,,,1.0634,19.97,0.9672,-144.50,1,30.0,hold:DY,+0.000,+0.000,-0.070,+0.000,1100,0,
1785505985.6191,2026-07-31T09:53:05.619,185.040,1863,,,,0,,,,1.0711,19.88,0.9748,-144.59,1,30.0,hold:DY,+0.000,+0.000,-0.072,+0.000,1100,0,
1785505985.7198,2026-07-31T09:53:05.719,185.141,1864,,,,0,,,,1.0666,19.85,0.9704,-144.62,1,30.0,hold:DY,+0.000,+0.000,-0.071,+0.000,1100,0,
1785505985.8196,2026-07-31T09:53:05.819,185.240,1865,,,,0,,,,1.0668,19.86,0.9706,-144.61,1,30.0,hold:DY,+0.000,+0.000,-0.067,+0.000,1100,0,
1785505985.9186,2026-07-31T09:53:05.918,185.339,1866,,,,0,,,,1.0679,19.88,0.9717,-144.59,1,30.0,hold:DY,+0.000,+0.000,-0.064,+0.000,1100,0,
1785505986.0170,2026-07-31T09:53:06.016,185.438,1867,,,,0,,,,1.0704,19.96,0.9742,-144.51,1,30.0,hold:DY,+0.000,+0.000,-0.057,+0.000,1100,0,
1785505986.1163,2026-07-31T09:53:06.116,185.537,1868,,,,0,,,,1.0668,20.02,0.9706,-144.46,1,30.0,hold:DY,+0.000,+0.000,-0.060,+0.000,1100,0,
1785505986.2158,2026-07-31T09:53:06.215,185.636,1869,,,,0,,,,1.0699,20.18,0.9736,-144.29,1,30.0,hold:DY,+0.000,+0.000,-0.051,+0.000,1100,0,
1785505986.3148,2026-07-31T09:53:06.314,185.735,1870,,,,0,,,,1.0677,20.37,0.9715,-144.10,1,30.0,hold:DY,+0.000,+0.000,-0.050,+0.000,1100,0,
1785505986.4137,2026-07-31T09:53:06.413,185.834,1871,,,,0,,,,1.0682,20.48,0.9720,-143.99,1,30.0,hold:DY,+0.000,+0.000,-0.049,+0.000,1100,0,
1785505986.5122,2026-07-31T09:53:06.512,185.933,1872,,,,0,,,,1.0670,20.73,0.9707,-143.74,1,30.0,hold:DY,+0.000,+0.000,-0.043,+0.000,1100,0,
1785505986.6115,2026-07-31T09:53:06.611,186.032,1873,,,,0,,,,1.0679,20.86,0.9717,-143.61,1,30.0,hold:DY,+0.000,+0.000,-0.045,+0.000,1100,0,
1785505986.7105,2026-07-31T09:53:06.710,186.131,1874,,,,0,,,,1.0685,21.14,0.9723,-143.33,1,30.0,hold:DY,+0.000,+0.000,-0.045,+0.000,1100,0,
1785505986.8095,2026-07-31T09:53:06.809,186.230,1875,,,,0,,,,1.0652,21.44,0.9690,-143.03,1,30.0,hold:DY,+0.000,+0.000,-0.045,+0.000,1100,0,
1785505986.9079,2026-07-31T09:53:06.907,186.329,1876,,,,0,,,,1.0685,21.59,0.9723,-142.88,1,30.0,hold:DY,+0.000,+0.000,-0.035,+0.000,1100,0,
1785505987.0075,2026-07-31T09:53:07.007,186.428,1877,,,,0,,,,1.0605,21.93,0.9643,-142.54,1,30.0,hold:DY,+0.000,+0.000,-0.039,+0.000,1100,0,
1785505987.1062,2026-07-31T09:53:07.106,186.527,1878,,,,0,,,,1.0622,22.11,0.9660,-142.36,1,30.0,hold:DY,+0.000,+0.000,-0.043,+0.038,1100,0,
1785505987.2058,2026-07-31T09:53:07.205,186.626,1879,,,,0,,,,1.0602,22.47,0.9640,-142.00,1,30.0,hold:DY,+0.000,+0.000,-0.039,+0.042,1100,0,
1785505987.3049,2026-07-31T09:53:07.304,186.726,1880,,,,0,,,,1.0604,22.86,0.9642,-141.61,1,30.0,hold:DY,+0.000,+0.000,-0.036,+0.050,1100,0,
1785505987.4044,2026-07-31T09:53:07.404,186.825,1881,,,,0,,,,1.0614,23.06,0.9652,-141.41,1,30.0,hold:DY,+0.000,+0.000,-0.037,+0.058,1100,0,
1785505987.5036,2026-07-31T09:53:07.503,186.924,1882,,,,0,,,,1.0587,23.46,0.9625,-141.01,1,30.0,hold:DY,+0.000,+0.000,-0.036,+0.063,1100,0,
1785505987.6023,2026-07-31T09:53:07.602,187.023,1883,,,,0,,,,1.0540,23.66,0.9578,-140.81,1,30.0,hold:DY,+0.000,+0.000,-0.047,+0.072,1100,0,
1785505987.7015,2026-07-31T09:53:07.701,187.122,1884,,,,0,,,,1.0548,24.08,0.9586,-140.39,1,30.0,hold:DY,+0.000,+0.000,-0.051,+0.077,1100,0,
1785505987.8015,2026-07-31T09:53:07.801,187.222,1885,,,,0,,,,1.0490,24.51,0.9528,-139.96,1,30.0,hold:DY,+0.000,+0.000,-0.045,+0.086,1100,0,
1785505987.9009,2026-07-31T09:53:07.900,187.322,1886,,,,0,,,,1.0482,24.72,0.9520,-139.75,1,30.0,hold:DY,+0.000,+0.000,-0.053,+0.096,1100,0,
1785505988.0009,2026-07-31T09:53:08.000,187.422,1887,,,,0,,,,1.0482,25.16,0.9520,-139.31,1,30.0,hold:DY,+0.000,+0.000,-0.052,+0.102,1100,0,
1785505988.1002,2026-07-31T09:53:08.100,187.521,1888,,,,0,,,,1.0452,25.38,0.9490,-139.09,1,30.0,hold:DY,+0.000,+0.000,-0.055,+0.112,1100,0,
1785505988.2007,2026-07-31T09:53:08.200,187.621,1889,,,,0,,,,1.0383,25.81,0.9421,-138.66,1,30.0,hold:DY,+0.000,+0.000,-0.065,+0.118,1100,0,
1785505988.2991,2026-07-31T09:53:08.299,187.720,1890,,,,0,,,,1.0387,26.25,0.9425,-138.22,1,30.0,hold:DY,+0.000,+0.000,-0.062,+0.128,1100,0,
1785505988.3987,2026-07-31T09:53:08.398,187.819,1891,,,,0,,,,1.0389,26.47,0.9427,-138.00,1,30.0,hold:DY,+0.000,+0.000,-0.063,+0.139,1100,0,
1785505988.4980,2026-07-31T09:53:08.498,187.919,1892,,,,0,,,,1.0287,26.90,0.9325,-137.57,1,30.0,hold:DY,+0.000,+0.000,-0.062,+0.145,1100,0,
1785505988.5980,2026-07-31T09:53:08.597,188.019,1893,,,,0,,,,1.0298,27.12,0.9336,-137.35,1,30.0,hold:DY,+0.000,+0.000,-0.078,+0.156,1100,0,
1785505988.6976,2026-07-31T09:53:08.697,188.118,1894,,,,0,,,,1.0306,27.55,0.9344,-136.92,1,30.0,hold:DY,+0.000,+0.000,-0.079,+0.163,1100,0,
1785505988.7966,2026-07-31T09:53:08.796,188.217,1895,,,,0,,,,1.0255,27.96,0.9292,-136.51,1,30.0,hold:DY,+0.000,+0.000,-0.084,+0.173,1100,0,
1785505988.8951,2026-07-31T09:53:08.895,188.316,1896,,,,0,,,,1.0210,28.13,0.9248,-136.34,1,30.0,hold:DY,+0.000,+0.000,-0.093,+0.183,1100,0,
1785505988.9959,2026-07-31T09:53:08.995,188.417,1897,,,,0,,,,1.0233,28.43,0.9271,-136.04,1,30.0,hold:DY,+0.000,+0.000,-0.097,+0.189,1100,0,
1785505989.0959,2026-07-31T09:53:09.095,188.517,1898,,,,0,,,,1.0156,28.57,0.9194,-135.90,1,30.0,hold:DY,+0.000,+0.000,-0.103,+0.198,1100,0,
1785505989.1958,2026-07-31T09:53:09.195,188.616,1899,,,,0,,,,1.0123,28.68,0.9161,-135.79,1,30.0,hold:DY,+0.000,+0.000,-0.092,+0.203,1100,0,
1785505989.2946,2026-07-31T09:53:09.294,188.715,1900,,,,0,,,,1.0124,28.58,0.9162,-135.89,1,30.0,hold:DY,+0.000,+0.000,-0.108,+0.205,1100,0,
1785505989.3938,2026-07-31T09:53:09.393,188.814,1901,,,,0,,,,1.0080,28.21,0.9118,-136.26,1,30.0,hold:DY,+0.000,+0.000,-0.117,+0.201,1100,0,
1785505989.4921,2026-07-31T09:53:09.492,188.913,1902,,,,0,,,,1.0030,27.96,0.9068,-136.51,1,30.0,hold:DY,+0.000,+0.000,-0.127,+0.200,1100,0,
1785505989.5909,2026-07-31T09:53:09.590,189.012,1903,,,,0,,,,1.0004,27.34,0.9042,-137.13,1,30.0,hold:DY,+0.000,+0.000,-0.132,+0.192,1100,0,
1785505989.6906,2026-07-31T09:53:09.690,189.111,1904,,,,0,,,,1.0021,26.71,0.9059,-137.76,1,30.0,hold:DY,+0.000,+0.000,-0.126,+0.189,1100,0,
1785505989.7894,2026-07-31T09:53:09.789,189.210,1905,,,,0,,,,0.9939,26.42,0.8977,-138.05,1,30.0,hold:DY,+0.000,+0.000,-0.145,+0.181,1100,0,
1785505989.8888,2026-07-31T09:53:09.888,189.309,1906,,,,0,,,,0.9884,25.88,0.8922,-138.59,1,30.0,hold:DY,+0.000,+0.000,-0.149,+0.178,1100,0,
1785505989.9888,2026-07-31T09:53:09.988,189.409,1907,,,,0,,,,0.9905,25.68,0.8943,-138.79,1,30.0,hold:DY,+0.000,+0.000,-0.152,+0.172,1100,0,
1785505990.0881,2026-07-31T09:53:10.088,189.509,1908,,,,0,,,,0.9897,25.23,0.8935,-139.24,1,30.0,hold:DY,+0.000,+0.000,-0.154,+0.166,1100,0,
1785505990.1870,2026-07-31T09:53:10.186,189.608,1909,,,,0,,,,0.9812,24.63,0.8850,-139.84,1,30.0,hold:DY,+0.000,+0.000,-0.167,+0.163,1100,0,
1785505990.2866,2026-07-31T09:53:10.286,189.707,1910,,,,0,,,,0.9810,24.30,0.8848,-140.17,1,30.0,hold:DY,+0.000,+0.000,-0.171,+0.153,1100,0,
1785505990.3858,2026-07-31T09:53:10.385,189.806,1911,,,,0,,,,0.9718,23.68,0.8756,-140.79,1,30.0,hold:DY,+0.000,+0.000,-0.173,+0.149,1100,0,
1785505990.4853,2026-07-31T09:53:10.485,189.906,1912,,,,0,,,,0.9723,23.14,0.8761,-141.33,1,30.0,hold:DY,+0.000,+0.000,-0.188,+0.140,1100,0,
1785505990.5845,2026-07-31T09:53:10.584,190.005,1913,,,,0,,,,0.9702,22.89,0.8740,-141.58,1,30.0,hold:DY,+0.000,+0.000,-0.195,+0.132,1100,0,
1785505990.6831,2026-07-31T09:53:10.683,190.104,1914,,,,0,,,,0.9678,22.46,0.8716,-142.01,1,30.0,hold:DY,+0.000,+0.000,-0.196,+0.129,1100,0,
1785505990.7824,2026-07-31T09:53:10.782,190.203,1915,,,,0,,,,0.9650,22.25,0.8688,-142.22,1,30.0,hold:DY,+0.000,+0.000,-0.208,+0.123,1100,0,
1785505990.8818,2026-07-31T09:53:10.881,190.302,1916,,,,0,,,,0.9588,21.89,0.8626,-142.58,1,30.0,hold:DY,+0.000,+0.000,-0.212,+0.120,1100,0,
1785505990.9813,2026-07-31T09:53:10.981,190.402,1917,,,,0,,,,0.9634,21.73,0.8672,-142.75,1,30.0,hold:DY,+0.000,+0.000,-0.214,+0.000,1100,0,
1785505991.0803,2026-07-31T09:53:11.080,190.501,1918,,,,0,,,,0.9578,21.42,0.8616,-143.05,1,30.0,hold:DY,+0.000,+0.000,-0.227,+0.000,1100,0,
1785505991.1791,2026-07-31T09:53:11.179,190.600,1919,,,,0,,,,0.9537,21.13,0.8574,-143.34,1,30.0,hold:DY,+0.000,+0.000,-0.230,+0.000,1100,0,
1785505991.2784,2026-07-31T09:53:11.278,190.699,1920,,,,0,,,,0.9529,20.98,0.8567,-143.49,1,30.0,hold:DY,+0.000,+0.000,-0.240,+0.000,1100,0,
1785505991.3777,2026-07-31T09:53:11.377,190.798,1921,,,,0,,,,0.9532,20.74,0.8570,-143.73,1,30.0,hold:DY,+0.000,+0.000,-0.247,+0.000,1100,0,
1785505991.4764,2026-07-31T09:53:11.476,190.897,1922,,,,0,,,,0.9569,20.62,0.8606,-143.85,1,30.0,hold:DY,+0.000,+0.000,-0.236,+0.000,1100,0,
1785505991.5755,2026-07-31T09:53:11.575,190.996,1923,,,,0,,,,0.9532,20.41,0.8570,-144.06,1,30.0,hold:DY,+0.000,+0.000,-0.245,+0.000,1100,0,
1785505991.6742,2026-07-31T09:53:11.674,191.095,1924,,,,0,,,,0.9417,20.20,0.8455,-144.27,1,30.0,hold:DY,+0.000,+0.000,-0.264,+0.000,1100,0,
1785505991.7735,2026-07-31T09:53:11.773,191.194,1925,,,,0,,,,0.9443,20.11,0.8481,-144.36,1,30.0,hold:DY,+0.000,+0.000,-0.267,+0.000,1100,0,
1785505991.8722,2026-07-31T09:53:11.872,191.293,1926,,,,0,,,,0.9380,19.92,0.8418,-144.55,1,30.0,hold:DY,+0.000,+0.000,-0.284,+0.000,1100,0,
1785505991.9715,2026-07-31T09:53:11.971,191.392,1927,,,,0,,,,0.9403,19.83,0.8441,-144.64,1,30.0,hold:DY,+0.000,+0.000,-0.280,+0.000,1100,0,
1785505992.0712,2026-07-31T09:53:12.071,191.492,1928,,,,0,,,,0.9352,19.66,0.8390,-144.81,1,30.0,hold:DY,+0.000,+0.000,-0.286,+0.000,1100,0,
1785505992.1705,2026-07-31T09:53:12.170,191.591,1929,,,,0,,,,0.9341,19.50,0.8379,-144.97,1,30.0,hold:DY,+0.000,+0.000,-0.303,+0.000,1100,0,
1785505992.2698,2026-07-31T09:53:12.269,191.690,1930,,,,0,,,,0.9307,19.42,0.8345,-145.05,1,30.0,hold:DY,+0.000,+0.000,-0.307,+0.000,1100,0,
1785505992.3696,2026-07-31T09:53:12.369,191.790,1931,,,,0,,,,0.9314,19.26,0.8352,-145.21,1,30.0,hold:DY,+0.000,+0.000,-0.311,+0.000,1100,0,
1785505992.4694,2026-07-31T09:53:12.469,191.890,1932,,,,0,,,,0.9279,19.18,0.8317,-145.29,1,30.0,hold:DY,+0.000,+0.000,-0.318,+0.000,1100,0,
1785505992.5695,2026-07-31T09:53:12.569,191.990,1933,,,,0,,,,0.9257,19.03,0.8295,-145.44,1,30.0,hold:DY,+0.000,+0.000,-0.320,+0.000,1100,0,
1785505992.6679,2026-07-31T09:53:12.667,192.089,1934,,,,0,,,,0.9233,18.95,0.8271,-145.52,1,30.0,hold:DY,+0.000,+0.000,-0.333,+0.000,1100,0,
1785505992.7680,2026-07-31T09:53:12.768,192.189,1935,,,,0,,,,0.9267,18.80,0.8305,-145.67,1,30.0,hold:DY,+0.000,+0.000,-0.330,+0.000,1100,0,
1785505992.8673,2026-07-31T09:53:12.867,192.288,1936,,,,0,,,,0.9244,18.64,0.8282,-145.83,1,30.0,hold:DY,+0.000,+0.000,-0.339,+0.000,1100,0,
1785505992.9660,2026-07-31T09:53:12.966,192.387,1937,,,,0,,,,0.9237,18.58,0.8275,-145.89,1,30.0,hold:DY,+0.000,+0.000,-0.342,+0.000,1100,0,
1785505993.0657,2026-07-31T09:53:13.065,192.486,1938,,,,0,,,,0.9143,18.45,0.8181,-146.02,1,30.0,hold:DY,+0.000,+0.000,-0.349,+0.000,1100,0,
1785505993.1652,2026-07-31T09:53:13.165,192.586,1939,,,,0,,,,0.9209,18.40,0.8247,-146.07,1,30.0,hold:DY,+0.000,+0.000,-0.354,+0.000,1100,0,
1785505993.2647,2026-07-31T09:53:13.264,192.685,1940,,,,0,,,,0.9197,18.30,0.8235,-146.17,1,30.0,hold:DY,+0.000,+0.000,-0.363,+0.000,1100,0,
1785505993.3648,2026-07-31T09:53:13.364,192.785,1941,,,,0,,,,0.9227,18.22,0.8265,-146.25,1,30.0,hold:DY,+0.000,+0.000,-0.366,+0.000,1100,0,
1785505993.4665,2026-07-31T09:53:13.466,192.887,1942,,,,0,,,,0.9151,18.20,0.8189,-146.27,1,30.0,hold:DY,+0.000,+0.000,-0.375,+0.000,1100,0,
1785505993.5658,2026-07-31T09:53:13.565,192.986,1943,,,,0,,,,0.9104,18.14,0.8142,-146.33,1,30.0,hold:DY,+0.000,+0.000,-0.372,+0.000,1100,0,
1785505993.6661,2026-07-31T09:53:13.666,193.087,1944,,,,0,,,,0.9144,18.13,0.8182,-146.34,1,30.0,hold:DY,+0.000,+0.000,-0.383,+0.000,1100,0,
1785505993.7653,2026-07-31T09:53:13.765,193.186,1945,,,,0,,,,0.9192,18.09,0.8230,-146.38,1,30.0,hold:DY,+0.000,+0.000,-0.377,+0.000,1100,0,
1785505993.8642,2026-07-31T09:53:13.864,193.285,1946,,,,0,,,,0.9167,18.09,0.8205,-146.38,1,30.0,hold:DY,+0.000,+0.000,-0.387,+0.000,1100,0,
1785505993.9637,2026-07-31T09:53:13.963,193.384,1947,,,,0,,,,0.9166,18.09,0.8204,-146.38,1,30.0,hold:DY,+0.000,+0.000,-0.389,+0.000,1100,0,
1785505994.0634,2026-07-31T09:53:14.063,193.484,1948,,,,0,,,,0.9196,18.12,0.8234,-146.35,1,30.0,hold:DY,+0.000,+0.000,-0.392,+0.000,1100,0,
1785505994.1620,2026-07-31T09:53:14.162,193.583,1949,,,,0,,,,0.9172,18.14,0.8210,-146.33,1,30.0,hold:DY,+0.000,+0.000,-0.394,+0.000,1100,0,
1785505994.2599,2026-07-31T09:53:14.259,193.681,1950,,,,0,,,,0.9157,18.20,0.8195,-146.27,1,30.0,hold:DY,+0.000,+0.000,-0.391,+0.000,1100,0,
1785505994.3591,2026-07-31T09:53:14.359,193.780,1951,,,,0,,,,0.9205,18.27,0.8243,-146.20,1,30.0,hold:DY,+0.000,+0.000,-0.396,+0.000,1100,0,
1785505994.4580,2026-07-31T09:53:14.458,193.879,1952,,,,0,,,,0.9204,18.31,0.8241,-146.16,1,30.0,hold:DY,+0.000,+0.000,-0.397,+0.000,1100,0,
1785505994.5573,2026-07-31T09:53:14.557,193.978,1953,,,,0,,,,0.9224,18.40,0.8262,-146.07,1,30.0,hold:DY,+0.000,+0.000,-0.399,+0.000,1100,0,
1785505994.6568,2026-07-31T09:53:14.656,194.077,1954,,,,0,,,,0.9256,18.45,0.8294,-146.02,1,30.0,hold:DY,+0.000,+0.000,-0.393,+0.000,1100,0,
1785505994.7562,2026-07-31T09:53:14.756,194.177,1955,,,,0,,,,0.9303,18.55,0.8341,-145.92,1,30.0,hold:DY,+0.000,+0.000,-0.388,+0.000,1100,0,
1785505994.8553,2026-07-31T09:53:14.855,194.276,1956,,,,0,,,,0.9289,18.61,0.8327,-145.86,1,30.0,hold:DY,+0.000,+0.000,-0.392,+0.000,1100,0,
1785505994.9538,2026-07-31T09:53:14.953,194.374,1957,,,,0,,,,0.9271,18.72,0.8309,-145.75,1,30.0,hold:DY,+0.000,+0.000,-0.398,+0.000,1100,0,
1785505995.0543,2026-07-31T09:53:15.054,194.475,1958,,,,0,,,,0.9357,18.84,0.8394,-145.63,1,30.0,hold:DY,+0.000,+0.000,-0.392,+0.000,1100,0,
1785505995.1537,2026-07-31T09:53:15.153,194.574,1959,,,,0,,,,0.9372,18.90,0.8410,-145.57,1,30.0,hold:DY,+0.000,+0.000,-0.384,+0.000,1100,0,
1785505995.2531,2026-07-31T09:53:15.253,194.674,1960,,,,0,,,,0.9418,19.02,0.8455,-145.45,1,30.0,hold:DY,+0.000,+0.000,-0.393,+0.000,1100,0,
1785505995.3534,2026-07-31T09:53:15.353,194.774,1961,,,,0,,,,0.9357,19.08,0.8395,-145.39,1,30.0,hold:DY,+0.000,+0.000,-0.392,+0.000,1100,0,
1785505995.4521,2026-07-31T09:53:15.452,194.873,1962,,,,0,,,,0.9479,19.19,0.8517,-145.28,1,30.0,hold:DY,+0.000,+0.000,-0.369,+0.000,1100,0,
1785505995.5524,2026-07-31T09:53:15.552,194.973,1963,,,,0,,,,0.9473,19.30,0.8511,-145.17,1,30.0,hold:DY,+0.000,+0.000,-0.378,+0.000,1100,0,
1785505995.6519,2026-07-31T09:53:15.651,195.073,1964,,,,0,,,,0.9476,19.37,0.8514,-145.10,1,30.0,hold:DY,+0.000,+0.000,-0.374,+0.000,1100,0,
1785505995.7522,2026-07-31T09:53:15.752,195.173,1965,,,,0,,,,0.9592,19.46,0.8630,-145.01,1,30.0,hold:DY,+0.000,+0.000,-0.367,+0.000,1100,0,
1785505995.8518,2026-07-31T09:53:15.851,195.272,1966,,,,0,,,,0.9569,19.51,0.8607,-144.96,1,30.0,hold:DY,+0.000,+0.000,-0.359,+0.000,1100,0,
1785505995.9512,2026-07-31T09:53:15.951,195.372,1967,,,,0,,,,0.9630,19.59,0.8668,-144.88,1,30.0,hold:DY,+0.000,+0.000,-0.360,+0.000,1100,0,
1785505996.0508,2026-07-31T09:53:16.050,195.471,1968,,,,0,,,,0.9592,19.63,0.8630,-144.84,1,30.0,hold:DY,+0.000,+0.000,-0.358,+0.000,1100,0,
1785505996.1503,2026-07-31T09:53:16.150,195.571,1969,,,,0,,,,0.9633,19.69,0.8671,-144.78,1,30.0,hold:DY,+0.000,+0.000,-0.351,+0.000,1100,0,
1785505996.2493,2026-07-31T09:53:16.249,195.670,1970,,,,0,,,,0.9667,19.75,0.8705,-144.72,1,30.0,hold:DY,+0.000,+0.000,-0.354,+0.000,1100,0,
1785505996.3495,2026-07-31T09:53:16.349,195.770,1971,,,,0,,,,0.9694,19.77,0.8732,-144.70,1,30.0,hold:DY,+0.000,+0.000,-0.342,+0.000,1100,0,
1785505996.4481,2026-07-31T09:53:16.448,195.869,1972,,,,0,,,,0.9739,19.82,0.8777,-144.65,1,30.0,hold:DY,+0.000,+0.000,-0.338,+0.000,1100,0,
1785505996.5470,2026-07-31T09:53:16.547,195.968,1973,,,,0,,,,0.9739,19.83,0.8777,-144.64,1,30.0,hold:DY,+0.000,+0.000,-0.335,+0.000,1100,0,
1785505996.6467,2026-07-31T09:53:16.646,196.067,1974,,,,0,,,,0.9792,19.86,0.8830,-144.61,1,30.0,hold:DY,+0.000,+0.000,-0.325,+0.000,1100,0,
1785505996.7474,2026-07-31T09:53:16.747,196.168,1975,,,,0,,,,0.9792,19.88,0.8830,-144.59,1,30.0,hold:DY,+0.000,+0.000,-0.332,+0.000,1100,0,
1785505996.8461,2026-07-31T09:53:16.846,196.267,1976,,,,0,,,,0.9808,19.90,0.8846,-144.57,1,30.0,hold:DY,+0.000,+0.000,-0.324,+0.000,1100,0,
1785505996.9453,2026-07-31T09:53:16.945,196.366,1977,,,,0,,,,0.9858,19.90,0.8896,-144.57,1,30.0,hold:DY,+0.000,+0.000,-0.319,+0.000,1100,0,
1785505997.0455,2026-07-31T09:53:17.045,196.466,1978,,,,0,,,,0.9919,19.90,0.8957,-144.57,1,30.0,hold:DY,+0.000,+0.000,-0.313,+0.000,1100,0,
1785505997.1445,2026-07-31T09:53:17.144,196.565,1979,,,,0,,,,0.9901,19.90,0.8939,-144.57,1,30.0,hold:DY,+0.000,+0.000,-0.305,+0.000,1100,0,
1785505997.2431,2026-07-31T09:53:17.243,196.664,1980,,,,0,,,,0.9937,19.90,0.8975,-144.57,1,30.0,hold:DY,+0.000,+0.000,-0.293,+0.000,1100,0,
1785505997.3428,2026-07-31T09:53:17.342,196.763,1981,,,,0,,,,0.9924,19.90,0.8962,-144.57,1,30.0,hold:DY,+0.000,+0.000,-0.300,+0.000,1100,0,
1785505997.4423,2026-07-31T09:53:17.442,196.863,1982,,,,0,,,,0.9919,19.89,0.8957,-144.58,1,30.0,hold:DY,+0.000,+0.000,-0.298,+0.000,1100,0,
1785505997.5426,2026-07-31T09:53:17.542,196.963,1983,,,,0,,,,0.9935,19.88,0.8973,-144.59,1,30.0,hold:DY,+0.000,+0.000,-0.295,+0.000,1100,0,
1785505997.6427,2026-07-31T09:53:17.642,197.063,1984,,,,0,,,,1.0002,19.87,0.9040,-144.60,1,30.0,hold:DY,+0.000,+0.000,-0.285,+0.000,1100,0,
1785505997.7422,2026-07-31T09:53:17.742,197.163,1985,,,,0,,,,1.0030,19.85,0.9068,-144.62,1,30.0,hold:DY,+0.000,+0.000,-0.294,+0.000,1100,0,
1785505997.8416,2026-07-31T09:53:17.841,197.262,1986,,,,0,,,,0.9979,19.84,0.9017,-144.63,1,30.0,hold:DY,+0.000,+0.000,-0.289,+0.000,1100,0,
1785505997.9407,2026-07-31T09:53:17.940,197.361,1987,,,,0,,,,1.0014,19.84,0.9052,-144.63,1,30.0,hold:DY,+0.000,+0.000,-0.285,+0.000,1100,0,
1785505998.0397,2026-07-31T09:53:18.039,197.460,1988,,,,0,,,,1.0029,19.83,0.9067,-144.64,1,30.0,hold:DY,+0.000,+0.000,-0.271,+0.000,1100,0,
1785505998.1389,2026-07-31T09:53:18.138,197.560,1989,,,,0,,,,1.0050,19.82,0.9088,-144.65,1,30.0,hold:DY,+0.000,+0.000,-0.275,+0.000,1100,0,
1785505998.2385,2026-07-31T09:53:18.238,197.659,1990,,,,0,,,,1.0075,19.80,0.9113,-144.67,1,30.0,hold:DY,+0.000,+0.000,-0.281,+0.000,1100,0,
1785505998.3371,2026-07-31T09:53:18.337,197.758,1991,,,,0,,,,1.0019,19.80,0.9057,-144.68,1,30.0,hold:DY,+0.000,+0.000,-0.281,+0.000,1100,0,
1785505998.4367,2026-07-31T09:53:18.436,197.857,1992,,,,0,,,,1.0064,19.78,0.9102,-144.69,1,30.0,hold:DY,+0.000,+0.000,-0.274,+0.000,1100,0,
1785505998.5371,2026-07-31T09:53:18.537,197.958,1993,,,,0,,,,1.0070,19.77,0.9108,-144.70,1,30.0,hold:DY,+0.000,+0.000,-0.270,+0.000,1100,0,
1785505998.6364,2026-07-31T09:53:18.636,198.057,1994,,,,0,,,,1.0086,19.77,0.9124,-144.70,1,30.0,hold:DY,+0.000,+0.000,-0.268,+0.000,1100,0,
1785505998.7348,2026-07-31T09:53:18.734,198.155,1995,,,,0,,,,1.0068,19.76,0.9106,-144.72,1,30.0,hold:DY,+0.000,+0.000,-0.270,+0.000,1100,0,
1785505998.8344,2026-07-31T09:53:18.834,198.255,1996,,,,0,,,,1.0040,19.75,0.9078,-144.72,1,30.0,hold:DY,+0.000,+0.000,-0.277,+0.000,1100,0,
1785505998.9345,2026-07-31T09:53:18.934,198.355,1997,,,,0,,,,1.0071,19.75,0.9109,-144.72,1,30.0,hold:DY,+0.000,+0.000,-0.272,+0.000,1100,0,
1785505999.0337,2026-07-31T09:53:19.033,198.454,1998,,,,0,,,,1.0047,19.75,0.9085,-144.72,1,30.0,hold:DY,+0.000,+0.000,-0.276,+0.000,1100,0,
1785505999.1332,2026-07-31T09:53:19.133,198.554,1999,,,,0,,,,1.0062,19.75,0.9100,-144.72,1,30.0,hold:DY,+0.000,+0.000,-0.265,+0.000,1100,0,
1785505999.2326,2026-07-31T09:53:19.232,198.653,2000,,,,0,,,,1.0062,19.76,0.9100,-144.71,1,30.0,hold:DY,+0.000,+0.000,-0.273,+0.000,1100,0,
1785505999.3317,2026-07-31T09:53:19.331,198.752,2001,,,,0,,,,1.0075,19.78,0.9113,-144.69,1,30.0,hold:DY,+0.000,+0.000,-0.273,+0.000,1100,0,
1785505999.4303,2026-07-31T09:53:19.430,198.851,2002,,,,0,,,,1.0074,19.79,0.9112,-144.68,1,30.0,hold:DY,+0.000,+0.000,-0.265,+0.000,1100,0,
1785505999.5291,2026-07-31T09:53:19.529,198.950,2003,,,,0,,,,1.0108,19.80,0.9146,-144.67,1,30.0,hold:DY,+0.000,+0.000,-0.264,+0.000,1100,0,
1785505999.6286,2026-07-31T09:53:19.628,199.049,2004,,,,0,,,,1.0047,19.80,0.9085,-144.67,1,30.0,hold:DY,+0.000,+0.000,-0.278,+0.000,1100,0,
1785505999.7277,2026-07-31T09:53:19.727,199.148,2005,,,,0,,,,1.0033,19.81,0.9071,-144.66,1,30.0,hold:DY,+0.000,+0.000,-0.279,+0.000,1100,0,
1785505999.8287,2026-07-31T09:53:19.828,199.249,2006,,,,0,,,,1.0076,19.81,0.9114,-144.66,1,30.0,hold:DY,+0.000,+0.000,-0.270,+0.000,1100,0,
1785505999.9282,2026-07-31T09:53:19.928,199.349,2007,,,,0,,,,1.0059,19.83,0.9097,-144.64,1,30.0,hold:DY,+0.000,+0.000,-0.271,+0.000,1100,0,
1785506000.0283,2026-07-31T09:53:20.028,199.449,2008,,,,0,,,,1.0037,19.84,0.9075,-144.63,1,30.0,hold:DY,+0.000,+0.000,-0.278,+0.000,1100,0,
1785506000.1277,2026-07-31T09:53:20.127,199.548,2009,,,,0,,,,1.0061,19.85,0.9099,-144.62,1,30.0,hold:DY,+0.000,+0.000,-0.271,+0.000,1100,0,
1785506000.2274,2026-07-31T09:53:20.227,199.648,2010,,,,0,,,,1.0023,19.86,0.9061,-144.61,1,30.0,hold:DY,+0.000,+0.000,-0.281,+0.000,1100,0,
1785506000.3253,2026-07-31T09:53:20.325,199.746,2011,,,,0,,,,1.0053,19.87,0.9091,-144.60,1,30.0,hold:DY,+0.000,+0.000,-0.278,+0.000,1100,0,
1785506000.4239,2026-07-31T09:53:20.423,199.845,2012,,,,0,,,,1.0031,19.88,0.9069,-144.59,1,30.0,hold:DY,+0.000,+0.000,-0.285,+0.000,1100,0,
1785506000.5234,2026-07-31T09:53:20.523,199.944,2013,,,,0,,,,0.9985,19.89,0.9023,-144.58,1,30.0,hold:DY,+0.000,+0.000,-0.288,+0.000,1100,0,
1785506000.6223,2026-07-31T09:53:20.622,200.043,2014,,,,0,,,,1.0013,19.90,0.9051,-144.57,1,30.0,hold:DY,+0.000,+0.000,-0.285,+0.000,1100,0,
1785506000.7217,2026-07-31T09:53:20.721,200.142,2015,,,,0,,,,1.0005,19.90,0.9043,-144.57,1,30.0,hold:DY,+0.000,+0.000,-0.284,+0.000,1100,0,
1785506000.8214,2026-07-31T09:53:20.821,200.242,2016,,,,0,,,,0.9998,19.91,0.9036,-144.56,1,30.0,hold:DY,+0.000,+0.000,-0.278,+0.000,1100,0,
1785506000.9202,2026-07-31T09:53:20.920,200.341,2017,,,,0,,,,0.9984,19.91,0.9022,-144.56,1,30.0,hold:DY,+0.000,+0.000,-0.294,+0.000,1100,0,
1785506001.0206,2026-07-31T09:53:21.020,200.441,2018,,,,0,,,,0.9982,19.91,0.9020,-144.56,1,30.0,hold:DY,+0.000,+0.000,-0.289,+0.000,1100,0,
1785506001.1195,2026-07-31T09:53:21.119,200.540,2019,,,,0,,,,0.9937,19.90,0.8975,-144.57,1,30.0,hold:DY,+0.000,+0.000,-0.299,+0.000,1100,0,
1785506001.2196,2026-07-31T09:53:21.219,200.640,2020,,,,0,,,,0.9930,19.90,0.8968,-144.57,1,30.0,hold:DY,+0.000,+0.000,-0.299,+0.000,1100,0,
1785506001.3186,2026-07-31T09:53:21.318,200.739,2021,,,,0,,,,0.9955,19.89,0.8993,-144.58,1,30.0,hold:DY,+0.000,+0.000,-0.304,+0.000,1100,0,
1785506001.4173,2026-07-31T09:53:21.417,200.838,2022,,,,0,,,,0.9889,19.89,0.8927,-144.58,1,30.0,hold:DY,+0.000,+0.000,-0.307,+0.000,1100,0,
1785506001.5167,2026-07-31T09:53:21.516,200.937,2023,,,,0,,,,0.9876,19.89,0.8914,-144.58,1,30.0,hold:DY,+0.000,+0.000,-0.310,+0.000,1100,0,
1785506001.6159,2026-07-31T09:53:21.615,201.037,2024,,,,0,,,,0.9851,19.89,0.8888,-144.58,1,30.0,hold:DY,+0.000,+0.000,-0.305,+0.000,1100,0,
1785506001.7157,2026-07-31T09:53:21.715,201.136,2025,,,,0,,,,0.9833,19.89,0.8871,-144.58,1,30.0,hold:DY,+0.000,+0.000,-0.319,+0.000,1100,0,
1785506001.8157,2026-07-31T09:53:21.815,201.236,2026,,,,0,,,,0.9858,19.90,0.8896,-144.57,1,30.0,hold:DY,+0.000,+0.000,-0.311,+0.000,1100,0,
1785506001.9150,2026-07-31T09:53:21.914,201.336,2027,,,,0,,,,0.9842,19.89,0.8880,-144.58,1,30.0,hold:DY,+0.000,+0.000,-0.317,+0.000,1100,0,
1785506002.0153,2026-07-31T09:53:22.015,201.436,2028,,,,0,,,,0.9801,19.91,0.8839,-144.56,1,30.0,hold:DY,+0.000,+0.000,-0.325,+0.000,1100,0,
1785506002.1140,2026-07-31T09:53:22.114,201.535,2029,,,,0,,,,0.9839,19.92,0.8877,-144.55,1,30.0,hold:DY,+0.000,+0.000,-0.317,+0.000,1100,0,
1785506002.2131,2026-07-31T09:53:22.213,201.634,2030,,,,0,,,,0.9803,19.94,0.8841,-144.53,1,30.0,hold:DY,+0.000,+0.000,-0.325,+0.000,1100,0,
1785506002.3122,2026-07-31T09:53:22.312,201.733,2031,,,,0,,,,0.9795,19.97,0.8833,-144.50,1,30.0,hold:DY,+0.000,+0.000,-0.320,+0.000,1100,0,
1785506002.4116,2026-07-31T09:53:22.411,201.832,2032,,,,0,,,,0.9771,19.99,0.8809,-144.48,1,30.0,hold:DY,+0.000,+0.000,-0.332,+0.000,1100,0,
1785506002.5098,2026-07-31T09:53:22.509,201.930,2033,,,,0,,,,0.9813,20.03,0.8851,-144.44,1,30.0,hold:DY,+0.000,+0.000,-0.327,+0.000,1100,0,
1785506002.6097,2026-07-31T09:53:22.609,202.030,2034,,,,0,,,,0.9785,20.05,0.8823,-144.42,1,30.0,hold:DY,+0.000,+0.000,-0.330,+0.000,1100,0,
1785506002.7088,2026-07-31T09:53:22.708,202.129,2035,,,,0,,,,0.9794,20.09,0.8832,-144.38,1,30.0,hold:DY,+0.000,+0.000,-0.329,+0.000,1100,0,
1785506002.8086,2026-07-31T09:53:22.808,202.229,2036,,,,0,,,,0.9743,20.12,0.8781,-144.35,1,30.0,hold:DY,+0.000,+0.000,-0.341,+0.000,1100,0,
1785506002.9073,2026-07-31T09:53:22.907,202.328,2037,,,,0,,,,0.9731,20.13,0.8769,-144.34,1,30.0,hold:DY,+0.000,+0.000,-0.344,+0.000,1100,0,
1785506003.0074,2026-07-31T09:53:23.007,202.428,2038,,,,0,,,,0.9741,20.16,0.8778,-144.31,1,30.0,hold:DY,+0.000,+0.000,-0.341,+0.000,1100,0,
1785506003.1058,2026-07-31T09:53:23.105,202.526,2039,,,,0,,,,0.9750,20.17,0.8788,-144.30,1,30.0,hold:DY,+0.000,+0.000,-0.342,+0.000,1100,0,
1785506003.2051,2026-07-31T09:53:23.205,202.626,2040,,,,0,,,,0.9741,20.18,0.8779,-144.29,1,30.0,hold:DY,+0.000,+0.000,-0.345,+0.000,1100,0,
1785506003.3039,2026-07-31T09:53:23.303,202.725,2041,,,,0,,,,0.9706,20.20,0.8744,-144.28,1,30.0,hold:DY,+0.000,+0.000,-0.344,+0.000,1100,0,
1785506003.4033,2026-07-31T09:53:23.403,202.824,2042,,,,0,,,,0.9705,20.20,0.8743,-144.27,1,30.0,hold:DY,+0.000,+0.000,-0.354,+0.000,1100,0,
1785506003.5036,2026-07-31T09:53:23.503,202.924,2043,,,,0,,,,0.9734,20.20,0.8772,-144.27,1,30.0,hold:DY,+0.000,+0.000,-0.351,+0.000,1100,0,
1785506003.6024,2026-07-31T09:53:23.602,203.023,2044,,,,0,,,,0.9679,20.19,0.8717,-144.28,1,30.0,hold:DY,+0.000,+0.000,-0.362,+0.000,1100,0,
1785506003.7012,2026-07-31T09:53:23.701,203.122,2045,,,,0,,,,0.9665,20.18,0.8703,-144.29,1,30.0,hold:DY,+0.000,+0.000,-0.366,+0.000,1100,0,
1785506003.8000,2026-07-31T09:53:23.800,203.221,2046,,,,0,,,,0.9724,20.15,0.8762,-144.32,1,30.0,hold:DY,+0.000,+0.000,-0.359,+0.000,1100,0,
1785506003.9006,2026-07-31T09:53:23.900,203.321,2047,,,,0,,,,0.9694,20.14,0.8732,-144.33,1,30.0,hold:DY,+0.000,+0.000,-0.362,+0.000,1100,0,
1785506003.9990,2026-07-31T09:53:23.999,203.420,2048,,,,0,,,,0.9715,20.11,0.8753,-144.36,1,30.0,hold:DY,+0.000,+0.000,-0.358,+0.000,1100,0,
1785506004.0984,2026-07-31T09:53:24.098,203.519,2049,,,,0,,,,0.9722,20.10,0.8760,-144.37,1,30.0,hold:DY,+0.000,+0.000,-0.359,+0.000,1100,0,
1785506004.1969,2026-07-31T09:53:24.196,203.618,2050,,,,0,,,,0.9691,20.08,0.8729,-144.39,1,30.0,hold:DY,+0.000,+0.000,-0.367,+0.000,1100,0,
1785506004.2956,2026-07-31T09:53:24.295,203.716,2051,,,,0,,,,0.9725,20.03,0.8763,-144.44,1,30.0,hold:DY,+0.000,+0.000,-0.364,+0.000,1100,0,
1785506004.3947,2026-07-31T09:53:24.394,203.815,2052,,,,0,,,,0.9699,20.02,0.8737,-144.46,1,30.0,hold:DY,+0.000,+0.000,-0.367,+0.000,1100,0,
1785506004.4939,2026-07-31T09:53:24.493,203.915,2053,,,,0,,,,0.9738,19.97,0.8776,-144.50,1,30.0,hold:DY,+0.000,+0.000,-0.361,+0.000,1100,0,
1785506004.5929,2026-07-31T09:53:24.592,204.014,2054,,,,0,,,,0.9715,19.94,0.8753,-144.53,1,30.0,hold:DY,+0.000,+0.000,-0.366,+0.000,1100,0,
1785506004.6925,2026-07-31T09:53:24.692,204.113,2055,,,,0,,,,0.9740,19.87,0.8777,-144.60,1,30.0,hold:DY,+0.000,+0.000,-0.366,+0.000,1100,0,
1785506004.7910,2026-07-31T09:53:24.791,204.212,2056,,,,0,,,,0.9757,19.84,0.8795,-144.63,1,30.0,hold:DY,+0.000,+0.000,-0.360,+0.000,1100,0,
1785506004.8912,2026-07-31T09:53:24.891,204.312,2057,,,,0,,,,0.9744,19.75,0.8782,-144.72,1,30.0,hold:DY,+0.000,+0.000,-0.363,+0.000,1100,0,
1785506004.9906,2026-07-31T09:53:24.990,204.411,2058,,,,0,,,,0.9818,19.66,0.8856,-144.81,1,30.0,hold:DY,+0.000,+0.000,-0.354,+0.000,1100,0,
1785506005.0895,2026-07-31T09:53:25.089,204.510,2059,,,,0,,,,0.9777,19.62,0.8815,-144.85,1,30.0,hold:DY,+0.000,+0.000,-0.358,+0.000,1100,0,
1785506005.1904,2026-07-31T09:53:25.190,204.611,2060,,,,0,,,,0.9845,19.52,0.8883,-144.95,1,30.0,hold:DY,+0.000,+0.000,-0.353,+0.000,1100,0,
1785506005.2888,2026-07-31T09:53:25.288,204.709,2061,,,,0,,,,0.9826,19.47,0.8864,-145.00,1,30.0,hold:DY,+0.000,+0.000,-0.349,+0.000,1100,0,
1785506005.3882,2026-07-31T09:53:25.388,204.809,2062,,,,0,,,,0.9816,19.36,0.8854,-145.11,1,30.0,hold:DY,+0.000,+0.000,-0.347,+0.000,1100,0,
1785506005.4874,2026-07-31T09:53:25.487,204.908,2063,,,,0,,,,0.9818,19.31,0.8856,-145.16,1,30.0,hold:DY,+0.000,+0.000,-0.350,+0.000,1100,0,
1785506005.5862,2026-07-31T09:53:25.586,205.007,2064,,,,0,,,,0.9826,19.21,0.8864,-145.26,1,30.0,hold:DY,+0.000,+0.000,-0.349,+0.000,1100,0,
1785506005.6852,2026-07-31T09:53:25.685,205.106,2065,,,,0,,,,0.9884,19.10,0.8922,-145.37,1,30.0,hold:DY,+0.000,+0.000,-0.334,+0.000,1100,0,
1785506005.7846,2026-07-31T09:53:25.784,205.205,2066,,,,0,,,,0.9903,19.03,0.8941,-145.44,1,30.0,hold:DY,+0.000,+0.000,-0.333,+0.000,1100,0,
1785506005.8841,2026-07-31T09:53:25.884,205.305,2067,,,,0,,,,0.9907,18.90,0.8945,-145.57,1,30.0,hold:DY,+0.000,+0.000,-0.330,+0.000,1100,0,
1785506005.9836,2026-07-31T09:53:25.983,205.404,2068,,,,0,,,,0.9930,18.77,0.8968,-145.70,1,30.0,hold:DY,+0.000,+0.000,-0.326,+0.000,1100,0,
1785506006.0842,2026-07-31T09:53:26.084,205.505,2069,,,,0,,,,0.9967,18.70,0.9005,-145.77,1,30.0,hold:DY,+0.000,+0.000,-0.320,+0.000,1100,0,
1785506006.1832,2026-07-31T09:53:26.183,205.604,2070,,,,0,,,,0.9917,18.55,0.8955,-145.92,1,30.0,hold:DY,+0.000,+0.000,-0.330,+0.000,1100,0,
1785506006.2827,2026-07-31T09:53:26.282,205.703,2071,,,,0,,,,0.9974,18.49,0.9012,-145.98,1,30.0,hold:DY,+0.000,+0.000,-0.319,+0.000,1100,0,
1785506006.3823,2026-07-31T09:53:26.382,205.803,2072,,,,0,,,,0.9959,18.34,0.8997,-146.13,1,30.0,hold:DY,+0.000,+0.000,-0.330,+0.000,1100,0,
1785506006.4817,2026-07-31T09:53:26.481,205.902,2073,,,,0,,,,0.9988,18.17,0.9025,-146.30,1,30.0,hold:DY,+0.000,+0.000,-0.320,+0.000,1100,0,
1785506006.5815,2026-07-31T09:53:26.581,206.002,2074,,,,0,,,,0.9984,18.09,0.9022,-146.38,1,30.0,hold:DY,+0.000,+0.000,-0.317,+0.000,1100,0,
1785506006.6802,2026-07-31T09:53:26.680,206.101,2075,,,,0,,,,1.0014,17.90,0.9052,-146.57,1,30.0,hold:DY,+0.000,+0.000,-0.314,-0.037,1100,0,
1785506006.7795,2026-07-31T09:53:26.779,206.200,2076,,,,0,,,,1.0024,17.80,0.9062,-146.67,1,30.0,hold:DY,+0.000,+0.000,-0.309,-0.041,1100,0,
1785506006.8785,2026-07-31T09:53:26.878,206.299,2077,,,,0,,,,1.0057,17.59,0.9095,-146.88,1,30.0,hold:DY,+0.000,+0.000,-0.316,-0.044,1100,0,
1785506006.9769,2026-07-31T09:53:26.976,206.398,2078,,,,0,,,,1.0040,17.38,0.9078,-147.09,1,30.0,hold:DY,+0.000,+0.000,-0.309,-0.049,1100,0,
1785506007.0761,2026-07-31T09:53:27.076,206.497,2079,,,,0,,,,1.0030,17.27,0.9068,-147.20,1,30.0,hold:DY,+0.000,+0.000,-0.308,-0.053,1100,0,
1785506007.1749,2026-07-31T09:53:27.174,206.596,2080,,,,0,,,,1.0116,17.03,0.9154,-147.44,1,30.0,hold:DY,+0.000,+0.000,-0.305,-0.057,1100,0,
1785506007.2742,2026-07-31T09:53:27.274,206.695,2081,,,,0,,,,1.0071,16.91,0.9109,-147.56,1,30.0,hold:DY,+0.000,+0.000,-0.299,-0.062,1100,0,
1785506007.3735,2026-07-31T09:53:27.373,206.794,2082,,,,0,,,,1.0092,16.65,0.9130,-147.82,1,30.0,hold:DY,+0.000,+0.000,-0.290,-0.066,1100,0,
1785506007.4720,2026-07-31T09:53:27.472,206.893,2083,,,,0,,,,1.0148,16.52,0.9186,-147.95,1,30.0,hold:DY,+0.000,+0.000,-0.284,-0.072,1100,0,
1785506007.5708,2026-07-31T09:53:27.570,206.991,2084,,,,0,,,,1.0058,16.25,0.9096,-148.22,1,30.0,hold:DY,+0.000,+0.000,-0.302,-0.078,1100,0,
1785506007.6707,2026-07-31T09:53:27.670,207.091,2085,,,,0,,,,1.0086,15.97,0.9124,-148.50,1,30.0,hold:DY,+0.000,+0.000,-0.291,-0.082,1100,0,
1785506007.7701,2026-07-31T09:53:27.770,207.191,2086,,,,0,,,,1.0102,15.83,0.9140,-148.64,1,30.0,hold:DY,+0.000,+0.000,-0.293,-0.089,1100,0,
1785506007.8695,2026-07-31T09:53:27.869,207.290,2087,,,,0,,,,1.0105,15.55,0.9143,-148.92,1,30.0,hold:DY,+0.000,+0.000,-0.293,-0.093,1100,0,
1785506007.9686,2026-07-31T09:53:27.968,207.389,2088,,,,0,,,,1.0084,15.41,0.9122,-149.06,1,30.0,hold:DY,+0.000,+0.000,-0.297,-0.100,1100,0,
1785506008.0683,2026-07-31T09:53:28.068,207.489,2089,,,,0,,,,1.0068,15.13,0.9106,-149.34,1,30.0,hold:DY,+0.000,+0.000,-0.296,-0.104,1100,0,
1785506008.1671,2026-07-31T09:53:28.167,207.588,2090,,,,0,,,,1.0096,14.86,0.9133,-149.61,1,30.0,hold:DY,+0.000,+0.000,-0.300,-0.111,1100,0,
1785506008.2665,2026-07-31T09:53:28.266,207.687,2091,,,,0,,,,1.0112,14.71,0.9150,-149.76,1,30.0,hold:DY,+0.000,+0.000,-0.291,-0.118,1100,0,
1785506008.3656,2026-07-31T09:53:28.365,207.786,2092,,,,0,,,,1.0149,14.44,0.9187,-150.03,1,30.0,hold:DY,+0.000,+0.000,-0.297,-0.123,1100,0,
1785506008.4676,2026-07-31T09:53:28.467,207.888,2093,,,,0,,,,1.0121,14.29,0.9159,-150.18,1,30.0,hold:DY,+0.000,+0.000,-0.289,-0.130,1100,0,
1785506008.5662,2026-07-31T09:53:28.566,207.987,2094,,,,0,,,,1.0103,14.00,0.9141,-150.47,1,30.0,hold:DY,+0.000,+0.000,-0.296,-0.135,1100,0,
1785506008.6657,2026-07-31T09:53:28.665,208.086,2095,,,,0,,,,1.0078,13.70,0.9116,-150.77,1,30.0,hold:DY,+0.000,+0.000,-0.299,-0.143,1100,0,
1785506008.7651,2026-07-31T09:53:28.765,208.186,2096,,,,0,,,,1.0102,13.54,0.9140,-150.93,1,30.0,hold:DY,+0.000,+0.000,-0.293,-0.151,1100,0,
1785506008.8642,2026-07-31T09:53:28.864,208.285,2097,,,,0,,,,1.0114,13.23,0.9152,-151.24,1,30.0,hold:DY,+0.000,+0.000,-0.292,-0.156,1100,0,
1785506008.9630,2026-07-31T09:53:28.963,208.384,2098,,,,0,,,,1.0102,13.07,0.9140,-151.40,1,30.0,hold:DY,+0.000,+0.000,-0.293,-0.165,1100,0,
1785506009.0627,2026-07-31T09:53:29.062,208.483,2099,,,,0,,,,1.0065,12.87,0.9103,-151.60,1,30.0,hold:DY,+0.000,+0.000,-0.297,-0.170,1100,0,
1785506009.1631,2026-07-31T09:53:29.163,208.584,2100,,,,0,,,,1.0135,12.86,0.9173,-151.61,1,30.0,hold:DY,+0.000,+0.000,-0.287,-0.174,1100,0,
1785506009.2630,2026-07-31T09:53:29.262,208.684,2101,,,,0,,,,1.0055,12.94,0.9092,-151.53,1,30.0,hold:DY,+0.000,+0.000,-0.303,-0.176,1100,0,
1785506009.3621,2026-07-31T09:53:29.362,208.783,2102,,,,0,,,,1.0070,13.13,0.9108,-151.34,1,30.0,hold:DY,+0.000,+0.000,-0.299,-0.177,1100,0,
1785506009.4610,2026-07-31T09:53:29.461,208.882,2103,,,,0,,,,1.0173,13.24,0.9211,-151.23,1,30.0,hold:DY,+0.000,+0.000,-0.279,-0.176,1100,0,
1785506009.5605,2026-07-31T09:53:29.560,208.981,2104,,,,0,,,,1.0064,13.43,0.9102,-151.04,1,30.0,hold:DY,+0.000,+0.000,-0.300,-0.177,1100,0,
1785506009.6595,2026-07-31T09:53:29.659,209.080,2105,,,,0,,,,1.0060,13.51,0.9098,-150.96,1,30.0,hold:DY,+0.000,+0.000,-0.302,-0.176,1100,0,
1785506009.7586,2026-07-31T09:53:29.758,209.179,2106,,,,0,,,,1.0060,13.64,0.9098,-150.83,1,30.0,hold:DY,+0.000,+0.000,-0.302,-0.176,1100,0,
1785506009.8586,2026-07-31T09:53:29.858,209.279,2107,,,,0,,,,1.0077,13.87,0.9115,-150.60,1,30.0,hold:DY,+0.000,+0.000,-0.302,-0.177,1100,0,
1785506009.9570,2026-07-31T09:53:29.957,209.378,2108,,,,0,,,,1.0035,14.02,0.9072,-150.45,1,30.0,hold:DY,+0.000,+0.000,-0.307,-0.174,1100,0,
1785506010.0564,2026-07-31T09:53:30.056,209.477,2109,,,,0,,,,1.0025,14.50,0.9063,-149.97,1,30.0,hold:DY,+0.000,+0.000,-0.311,-0.173,1100,0,
1785506010.1554,2026-07-31T09:53:30.155,209.576,2110,,,,0,,,,0.9998,14.79,0.9036,-149.69,1,30.0,hold:DY,+0.000,+0.000,-0.314,-0.165,1100,0,
1785506010.2543,2026-07-31T09:53:30.254,209.675,2111,,,,0,,,,1.0014,15.34,0.9052,-149.13,1,30.0,hold:DY,+0.000,+0.000,-0.306,-0.162,1100,0,
1785506010.3528,2026-07-31T09:53:30.352,209.773,2112,,,,0,,,,1.0009,15.83,0.9047,-148.64,1,30.0,hold:DY,+0.000,+0.000,-0.303,-0.154,1100,0,
1785506010.4517,2026-07-31T09:53:30.451,209.872,2113,,,,0,,,,1.0007,16.05,0.9045,-148.42,1,30.0,hold:DY,+0.000,+0.000,-0.312,-0.148,1100,0,
1785506010.5522,2026-07-31T09:53:30.552,209.973,2114,,,,0,,,,1.0013,16.48,0.9050,-147.99,1,30.0,hold:DY,+0.000,+0.000,-0.308,-0.145,1100,0,
1785506010.6512,2026-07-31T09:53:30.651,210.072,2115,,,,0,,,,0.9941,16.72,0.8979,-147.75,1,30.0,hold:DY,+0.000,+0.000,-0.325,-0.138,1100,0,
1785506010.7501,2026-07-31T09:53:30.750,210.171,2116,,,,0,,,,1.0002,17.36,0.9040,-147.11,1,30.0,hold:DY,+0.000,+0.000,-0.309,-0.134,1100,0,
1785506010.8489,2026-07-31T09:53:30.848,210.270,2117,,,,0,,,,0.9989,18.05,0.9026,-146.42,1,30.0,hold:DY,+0.000,+0.000,-0.315,-0.123,1100,0,
1785506010.9483,2026-07-31T09:53:30.948,210.369,2118,,,,0,,,,0.9995,18.38,0.9033,-146.09,1,30.0,hold:DY,+0.000,+0.000,-0.315,+0.000,1100,0,
1785506011.0476,2026-07-31T09:53:31.047,210.468,2119,,,,0,,,,1.0015,18.95,0.9053,-145.52,1,30.0,hold:DY,+0.000,+0.000,-0.313,+0.000,1100,0,
1785506011.1473,2026-07-31T09:53:31.147,210.568,2120,,,,0,,,,0.9979,19.16,0.9016,-145.31,1,30.0,hold:DY,+0.000,+0.000,-0.318,+0.000,1100,0,
1785506011.2475,2026-07-31T09:53:31.247,210.668,2121,,,,0,,,,1.0018,19.46,0.9055,-145.01,1,30.0,hold:DY,+0.000,+0.000,-0.316,+0.000,1100,0,
1785506011.3460,2026-07-31T09:53:31.345,210.767,2122,,,,0,,,,0.9975,19.64,0.9013,-144.83,1,30.0,hold:DY,+0.000,+0.000,-0.312,+0.000,1100,0,
1785506011.4463,2026-07-31T09:53:31.446,210.867,2123,,,,0,,,,1.0007,19.70,0.9045,-144.78,1,30.0,hold:DY,+0.000,+0.000,-0.312,+0.000,1100,0,
1785506011.5454,2026-07-31T09:53:31.545,210.966,2124,,,,0,,,,0.9979,19.75,0.9017,-144.72,1,30.0,hold:DY,+0.000,+0.000,-0.316,+0.000,1100,0,
1785506011.6446,2026-07-31T09:53:31.644,211.065,2125,,,,0,,,,0.9988,19.74,0.9025,-144.73,1,30.0,hold:DY,+0.000,+0.000,-0.316,+0.000,1100,0,
1785506011.7452,2026-07-31T09:53:31.745,211.166,2126,,,,0,,,,0.9982,19.68,0.9020,-144.79,1,30.0,hold:DY,+0.000,+0.000,-0.318,+0.000,1100,0,
1785506011.8438,2026-07-31T09:53:31.843,211.265,2127,,,,0,,,,0.9946,19.57,0.8984,-144.90,1,30.0,hold:DY,+0.000,+0.000,-0.320,+0.000,1100,0,
1785506011.9436,2026-07-31T09:53:31.943,211.364,2128,,,,0,,,,0.9952,19.50,0.8989,-144.98,1,30.0,hold:DY,+0.000,+0.000,-0.323,+0.000,1100,0,
1785506012.0431,2026-07-31T09:53:32.043,211.464,2129,,,,0,,,,0.9991,19.31,0.9029,-145.16,1,30.0,hold:DY,+0.000,+0.000,-0.317,+0.000,1100,0,
1785506012.1419,2026-07-31T09:53:32.141,211.563,2130,,,,0,,,,0.9960,19.21,0.8998,-145.26,1,30.0,hold:DY,+0.000,+0.000,-0.322,+0.000,1100,0,
1785506012.2416,2026-07-31T09:53:32.241,211.662,2131,,,,0,,,,0.9919,18.98,0.8957,-145.49,1,30.0,hold:DY,+0.000,+0.000,-0.311,+0.000,1100,0,
1785506012.3407,2026-07-31T09:53:32.340,211.761,2132,,,,0,,,,0.9980,18.86,0.9018,-145.61,1,30.0,hold:DY,+0.000,+0.000,-0.318,+0.000,1100,0,
1785506012.4412,2026-07-31T09:53:32.441,211.862,2133,,,,0,,,,0.9954,18.59,0.8992,-145.88,1,30.0,hold:DY,+0.000,+0.000,-0.316,+0.000,1100,0,
1785506012.5397,2026-07-31T09:53:32.539,211.960,2134,,,,0,,,,0.9946,18.44,0.8984,-146.03,1,30.0,hold:DY,+0.000,+0.000,-0.324,+0.000,1100,0,
1785506012.6389,2026-07-31T09:53:32.638,212.060,2135,,,,0,,,,0.9958,18.12,0.8996,-146.35,1,30.0,hold:DY,+0.000,+0.000,-0.322,+0.000,1100,0,
1785506012.7386,2026-07-31T09:53:32.738,212.159,2136,,,,0,,,,0.9927,17.78,0.8964,-146.69,1,30.0,hold:DY,+0.000,+0.000,-0.326,-0.037,1100,0,
1785506012.8391,2026-07-31T09:53:32.839,212.260,2137,,,,0,,,,0.9952,17.61,0.8990,-146.86,1,30.0,hold:DY,+0.000,+0.000,-0.323,-0.045,1100,0,
1785506012.9384,2026-07-31T09:53:32.938,212.359,2138,,,,0,,,,0.9948,17.23,0.8986,-147.24,1,30.0,hold:DY,+0.000,+0.000,-0.325,-0.049,1100,0,
1785506013.0370,2026-07-31T09:53:33.037,212.458,2139,,,,0,,,,0.9970,17.05,0.9008,-147.42,1,30.0,hold:DY,+0.000,+0.000,-0.320,-0.057,1100,0,
1785506013.1362,2026-07-31T09:53:33.136,212.557,2140,,,,0,,,,0.9997,16.65,0.9035,-147.82,1,30.0,hold:DY,+0.000,+0.000,-0.314,-0.065,1100,0,
1785506013.2349,2026-07-31T09:53:33.234,212.656,2141,,,,0,,,,0.9916,16.25,0.8954,-148.22,1,30.0,hold:DY,+0.000,+0.000,-0.317,-0.070,1100,0,
1785506013.3352,2026-07-31T09:53:33.335,212.756,2142,,,,0,,,,0.9967,16.03,0.9004,-148.44,1,30.0,hold:DY,+0.000,+0.000,-0.320,-0.079,1100,0,
1785506013.4354,2026-07-31T09:53:33.435,212.856,2143,,,,0,,,,0.9968,15.61,0.9006,-148.86,1,30.0,hold:DY,+0.000,+0.000,-0.317,-0.084,1100,0,
1785506013.5348,2026-07-31T09:53:33.534,212.956,2144,,,,0,,,,0.9997,15.17,0.9035,-149.30,1,30.0,hold:DY,+0.000,+0.000,-0.321,-0.094,1100,0,
1785506013.6338,2026-07-31T09:53:33.633,213.054,2145,,,,0,,,,0.9974,14.95,0.9012,-149.52,1,30.0,hold:DY,+0.000,+0.000,-0.319,-0.104,1100,0,
1785506013.7327,2026-07-31T09:53:33.732,213.153,2146,,,,0,,,,0.9933,14.49,0.8971,-149.98,1,30.0,hold:DY,+0.000,+0.000,-0.318,-0.110,1100,0,
1785506013.8329,2026-07-31T09:53:33.832,213.254,2147,,,,0,,,,0.9981,14.27,0.9019,-150.20,1,30.0,hold:DY,+0.000,+0.000,-0.317,-0.121,1100,0,
1785506013.9317,2026-07-31T09:53:33.931,213.352,2148,,,,0,,,,0.9926,13.81,0.8964,-150.66,1,30.0,hold:DY,+0.000,+0.000,-0.322,-0.127,1100,0,
1785506014.0308,2026-07-31T09:53:34.030,213.451,2149,,,,0,,,,0.9947,13.36,0.8985,-151.11,1,30.0,hold:DY,+0.000,+0.000,-0.322,-0.138,1100,0,
1785506014.1316,2026-07-31T09:53:34.131,213.552,2150,,,,0,,,,0.9972,13.12,0.9010,-151.35,1,30.0,hold:DY,+0.000,+0.000,-0.319,-0.149,1100,0,
1785506014.2320,2026-07-31T09:53:34.232,213.653,2151,,,,0,,,,0.9990,12.65,0.9028,-151.82,1,30.0,hold:DY,+0.000,+0.000,-0.318,-0.156,1100,0,
1785506014.3311,2026-07-31T09:53:34.331,213.752,2152,,,,0,,,,0.9926,12.41,0.8964,-152.07,1,30.0,hold:DY,+0.000,+0.000,-0.328,-0.167,1100,0,
1785506014.4306,2026-07-31T09:53:34.430,213.851,2153,,,,0,,,,0.9950,11.93,0.8988,-152.54,1,30.0,hold:DY,+0.000,+0.000,-0.316,-0.175,1100,0,
1785506014.5309,2026-07-31T09:53:34.530,213.952,2154,,,,0,,,,0.9953,11.60,0.8991,-152.87,1,30.0,hold:DY,+0.000,+0.000,-0.329,-0.186,1100,0,
1785506014.6306,2026-07-31T09:53:34.630,214.051,2155,,,,0,,,,0.9980,11.46,0.9018,-153.01,1,30.0,hold:DY,+0.000,+0.000,-0.318,-0.194,1100,0,
1785506014.7300,2026-07-31T09:53:34.730,214.151,2156,,,,0,,,,0.9928,11.27,0.8966,-153.20,1,30.0,hold:DY,+0.000,+0.000,-0.318,-0.200,1100,0,
1785506014.8288,2026-07-31T09:53:34.828,214.249,2157,,,,0,,,,0.9971,11.26,0.9009,-153.21,1,30.0,hold:DY,+0.000,+0.000,-0.320,-0.205,1100,0,
1785506014.9282,2026-07-31T09:53:34.928,214.349,2158,,,,0,,,,0.9993,11.36,0.9031,-153.11,1,30.0,hold:DY,+0.000,+0.000,-0.320,-0.207,1100,0,
1785506015.0270,2026-07-31T09:53:35.027,214.448,2159,,,,0,,,,0.9975,11.44,0.9013,-153.03,1,30.0,hold:DY,+0.000,+0.000,-0.319,-0.208,1100,0,
1785506015.1276,2026-07-31T09:53:35.127,214.548,2160,,,,0,,,,0.9986,11.64,0.9024,-152.83,1,30.0,hold:DY,+0.000,+0.000,-0.317,-0.208,1100,0,
1785506015.2270,2026-07-31T09:53:35.227,214.648,2161,,,,0,,,,0.9951,11.85,0.8989,-152.62,1,30.0,hold:DY,+0.000,+0.000,-0.321,-0.209,1100,0,
1785506015.3256,2026-07-31T09:53:35.325,214.746,2162,,,,0,,,,1.0000,11.94,0.9038,-152.53,1,30.0,hold:DY,+0.000,+0.000,-0.314,-0.209,1100,0,
1785506015.4256,2026-07-31T09:53:35.425,214.846,2163,,,,0,,,,0.9965,12.05,0.9003,-152.42,1,30.0,hold:DY,+0.000,+0.000,-0.323,-0.211,1100,0,
1785506015.5252,2026-07-31T09:53:35.525,214.946,2164,,,,0,,,,0.9984,12.03,0.9022,-152.44,1,30.0,hold:DY,+0.000,+0.000,-0.317,-0.214,1100,0,
1785506015.6238,2026-07-31T09:53:35.623,215.044,2165,,,,0,,,,1.0010,12.04,0.9047,-152.43,1,30.0,hold:DY,+0.000,+0.000,-0.312,-0.217,1100,0,
1785506015.7242,2026-07-31T09:53:35.724,215.145,2166,,,,0,,,,0.9991,12.12,0.9029,-152.35,1,30.0,hold:DY,+0.000,+0.000,-0.316,-0.219,1100,0,
1785506015.8238,2026-07-31T09:53:35.823,215.244,2167,,,,0,,,,0.9988,12.51,0.9026,-151.96,1,30.0,hold:DY,+0.000,+0.000,-0.316,-0.215,1100,0,
1785506015.9245,2026-07-31T09:53:35.924,215.345,2168,,,,0,,,,0.9943,13.09,0.8981,-151.38,1,30.0,hold:DY,+0.000,+0.000,-0.322,-0.213,1100,0,
1785506016.0242,2026-07-31T09:53:36.024,215.445,2169,,,,0,,,,0.9989,13.38,0.9027,-151.09,1,30.0,hold:DY,+0.000,+0.000,-0.316,-0.205,1100,0,
1785506016.1234,2026-07-31T09:53:36.123,215.544,2170,,,,0,,,,1.0006,13.92,0.9044,-150.55,1,30.0,hold:DY,+0.000,+0.000,-0.310,-0.202,1100,0,
1785506016.2232,2026-07-31T09:53:36.223,215.644,2171,,,,0,,,,1.0003,14.12,0.9041,-150.35,1,30.0,hold:DY,+0.000,+0.000,-0.313,-0.196,1100,0,
1785506016.3225,2026-07-31T09:53:36.322,215.743,2172,,,,0,,,,0.9980,14.48,0.9018,-149.99,1,30.0,hold:DY,+0.000,+0.000,-0.318,-0.192,1100,0,
1785506016.4223,2026-07-31T09:53:36.422,215.843,2173,,,,0,,,,1.0013,14.82,0.9051,-149.65,1,30.0,hold:DY,+0.000,+0.000,-0.312,-0.191,1100,0,
1785506016.5212,2026-07-31T09:53:36.521,215.942,2174,,,,0,,,,1.0012,15.00,0.9050,-149.47,1,30.0,hold:DY,+0.000,+0.000,-0.311,-0.187,1100,0,
1785506016.6206,2026-07-31T09:53:36.620,216.041,2175,,,,0,,,,1.0043,15.49,0.9081,-148.98,1,30.0,hold:DY,+0.000,+0.000,-0.305,-0.185,1100,0,
1785506016.7202,2026-07-31T09:53:36.720,216.141,2176,,,,0,,,,1.0008,16.11,0.9046,-148.36,1,30.0,hold:DY,+0.000,+0.000,-0.303,-0.176,1100,0,
1785506016.8188,2026-07-31T09:53:36.818,216.239,2177,,,,0,,,,1.0092,16.42,0.9130,-148.05,1,30.0,hold:DY,+0.000,+0.000,-0.295,-0.167,1100,0,
1785506016.9178,2026-07-31T09:53:36.917,216.338,2178,,,,0,,,,1.0061,16.95,0.9099,-147.52,1,30.0,hold:DY,+0.000,+0.000,-0.303,-0.163,1100,0,
1785506017.0173,2026-07-31T09:53:37.017,216.438,2179,,,,0,,,,1.0085,17.21,0.9123,-147.26,1,30.0,hold:DY,+0.000,+0.000,-0.297,-0.155,1100,0,
1785506017.1166,2026-07-31T09:53:37.116,216.537,2180,,,,0,,,,1.0057,17.94,0.9095,-146.53,1,30.0,hold:DY,+0.000,+0.000,-0.304,-0.150,1100,0,
1785506017.2176,2026-07-31T09:53:37.217,216.638,2181,,,,0,,,,1.0059,18.76,0.9097,-145.71,1,30.0,hold:DY,+0.000,+0.000,-0.296,+0.000,1100,0,
1785506017.3174,2026-07-31T09:53:37.317,216.738,2182,,,,0,,,,1.0085,19.19,0.9123,-145.29,1,30.0,hold:DY,+0.000,+0.000,-0.297,+0.000,1100,0,
1785506017.4157,2026-07-31T09:53:37.415,216.836,2183,,,,0,,,,1.0099,20.01,0.9137,-144.46,1,30.0,hold:DY,+0.000,+0.000,-0.298,+0.000,1100,0,
1785506017.5150,2026-07-31T09:53:37.515,216.936,2184,,,,0,,,,1.0073,20.32,0.9111,-144.15,1,30.0,hold:DY,+0.000,+0.000,-0.299,+0.000,1100,0,
1785506017.6139,2026-07-31T09:53:37.613,217.035,2185,,,,0,,,,1.0115,20.78,0.9153,-143.69,1,30.0,hold:DY,+0.000,+0.000,-0.292,+0.000,1100,0,
1785506017.7134,2026-07-31T09:53:37.713,217.134,2186,,,,0,,,,1.0125,20.95,0.9163,-143.52,1,30.0,hold:DY,+0.000,+0.000,-0.289,+0.000,1100,0,
1785506017.8120,2026-07-31T09:53:37.812,217.233,2187,,,,0,,,,1.0137,21.20,0.9175,-143.27,1,30.0,hold:DY,+0.000,+0.000,-0.286,+0.000,1100,0,
1785506017.9123,2026-07-31T09:53:37.912,217.333,2188,,,,0,,,,1.0114,21.35,0.9152,-143.12,1,30.0,hold:DY,+0.000,+0.000,-0.299,+0.000,1100,0,
1785506018.0115,2026-07-31T09:53:38.011,217.432,2189,,,,0,,,,1.0099,21.39,0.9137,-143.08,1,30.0,hold:DY,+0.000,+0.000,-0.294,+0.000,1100,0,
1785506018.1125,2026-07-31T09:53:38.112,217.533,2190,,,,0,,,,1.0050,21.44,0.9088,-143.03,1,30.0,hold:DY,+0.000,+0.000,-0.296,+0.000,1100,0,
1785506018.2112,2026-07-31T09:53:38.211,217.632,2191,,,,0,,,,1.0097,21.44,0.9135,-143.03,1,30.0,hold:DY,+0.000,+0.000,-0.294,+0.000,1100,0,
1785506018.3105,2026-07-31T09:53:38.310,217.731,2192,,,,0,,,,1.0068,21.40,0.9106,-143.07,1,30.0,hold:DY,+0.000,+0.000,-0.300,+0.000,1100,0,
1785506018.4087,2026-07-31T09:53:38.408,217.829,2193,,,,0,,,,1.0106,21.32,0.9144,-143.15,1,30.0,hold:DY,+0.000,+0.000,-0.292,+0.000,1100,0,
1785506018.5089,2026-07-31T09:53:38.508,217.930,2194,,,,0,,,,1.0093,21.26,0.9131,-143.21,1,30.0,hold:DY,+0.000,+0.000,-0.295,+0.000,1100,0,
1785506018.6087,2026-07-31T09:53:38.608,218.029,2195,,,,0,,,,1.0102,21.10,0.9140,-143.38,1,30.0,hold:DY,+0.000,+0.000,-0.297,+0.000,1100,0,
1785506018.7085,2026-07-31T09:53:38.708,218.129,2196,,,,0,,,,1.0097,21.01,0.9135,-143.46,1,30.0,hold:DY,+0.000,+0.000,-0.294,+0.000,1100,0,
1785506018.8080,2026-07-31T09:53:38.808,218.229,2197,,,,0,,,,1.0091,20.81,0.9129,-143.66,1,30.0,hold:DY,+0.000,+0.000,-0.296,+0.000,1100,0,
1785506018.9082,2026-07-31T09:53:38.908,218.329,2198,,,,0,,,,1.0087,20.58,0.9125,-143.89,1,30.0,hold:DY,+0.000,+0.000,-0.307,+0.000,1100,0,
1785506019.0079,2026-07-31T09:53:39.007,218.429,2199,,,,0,,,,1.0097,20.47,0.9135,-144.00,1,30.0,hold:DY,+0.000,+0.000,-0.294,+0.000,1100,0,
1785506019.1068,2026-07-31T09:53:39.106,218.527,2200,,,,0,,,,1.0040,20.21,0.9078,-144.26,1,30.0,hold:DY,+0.000,+0.000,-0.300,+0.000,1100,0,
1785506019.2065,2026-07-31T09:53:39.206,218.627,2201,,,,0,,,,1.0077,20.08,0.9115,-144.39,1,30.0,hold:DY,+0.000,+0.000,-0.298,+0.000,1100,0,
1785506019.3050,2026-07-31T09:53:39.304,218.726,2202,,,,0,,,,1.0040,19.81,0.9078,-144.66,1,30.0,hold:DY,+0.000,+0.000,-0.296,+0.000,1100,0,
1785506019.4043,2026-07-31T09:53:39.404,218.825,2203,,,,0,,,,1.0060,19.68,0.9098,-144.79,1,30.0,hold:DY,+0.000,+0.000,-0.302,+0.000,1100,0,
1785506019.5028,2026-07-31T09:53:39.502,218.923,2204,,,,0,,,,1.0030,19.39,0.9068,-145.08,1,30.0,hold:DY,+0.000,+0.000,-0.298,+0.000,1100,0,
1785506019.6018,2026-07-31T09:53:39.601,219.022,2205,,,,0,,,,1.0027,19.11,0.9065,-145.36,1,30.0,hold:DY,+0.000,+0.000,-0.308,+0.000,1100,0,
1785506019.7024,2026-07-31T09:53:39.702,219.123,2206,,,,0,,,,1.0030,18.97,0.9068,-145.50,1,30.0,hold:DY,+0.000,+0.000,-0.308,+0.000,1100,0,
1785506019.8009,2026-07-31T09:53:39.800,219.222,2207,,,,0,,,,1.0016,18.67,0.9054,-145.80,1,30.0,hold:DY,+0.000,+0.000,-0.303,+0.000,1100,0,
1785506019.9001,2026-07-31T09:53:39.900,219.321,2208,,,,0,,,,1.0002,18.52,0.9039,-145.95,1,30.0,hold:DY,+0.000,+0.000,-0.313,+0.000,1100,0,
1785506019.9991,2026-07-31T09:53:39.999,219.420,2209,,,,0,,,,0.9988,18.21,0.9026,-146.26,1,30.0,hold:DY,+0.000,+0.000,-0.312,+0.000,1100,0,
1785506020.0982,2026-07-31T09:53:40.098,219.519,2210,,,,0,,,,0.9999,17.89,0.9036,-146.58,1,30.0,hold:DY,+0.000,+0.000,-0.311,+0.000,1100,0,
1785506020.1968,2026-07-31T09:53:40.196,219.618,2211,,,,0,,,,0.9976,17.73,0.9014,-146.74,1,30.0,hold:DY,+0.000,+0.000,-0.318,-0.042,1100,0,
1785506020.2957,2026-07-31T09:53:40.295,219.716,2212,,,,0,,,,1.0016,17.40,0.9054,-147.07,1,30.0,hold:DY,+0.000,+0.000,-0.318,-0.046,1100,0,
1785506020.3961,2026-07-31T09:53:40.396,219.817,2213,,,,0,,,,1.0006,17.23,0.9044,-147.24,1,30.0,hold:DY,+0.000,+0.000,-0.312,-0.053,1100,0,
1785506020.4949,2026-07-31T09:53:40.494,219.916,2214,,,,0,,,,0.9964,16.87,0.9002,-147.60,1,30.0,hold:DY,+0.000,+0.000,-0.321,-0.060,1100,0,
1785506020.5940,2026-07-31T09:53:40.593,220.015,2215,,,,0,,,,0.9982,16.50,0.9019,-147.97,1,30.0,hold:DY,+0.000,+0.000,-0.328,-0.065,1100,0,
1785506020.6932,2026-07-31T09:53:40.693,220.114,2216,,,,0,,,,0.9933,16.31,0.8971,-148.16,1,30.0,hold:DY,+0.000,+0.000,-0.327,-0.073,1100,0,
1785506020.7925,2026-07-31T09:53:40.792,220.213,2217,,,,0,,,,0.9946,15.94,0.8983,-148.53,1,30.0,hold:DY,+0.000,+0.000,-0.324,-0.078,1100,0,
1785506020.8910,2026-07-31T09:53:40.891,220.312,2218,,,,0,,,,0.9927,15.75,0.8965,-148.72,1,30.0,hold:DY,+0.000,+0.000,-0.328,-0.086,1100,0,
1785506020.9899,2026-07-31T09:53:40.989,220.411,2219,,,,0,,,,0.9979,15.36,0.9017,-149.11,1,30.0,hold:DY,+0.000,+0.000,-0.318,-0.092,1100,0,
1785506021.0887,2026-07-31T09:53:41.088,220.509,2220,,,,0,,,,0.9951,14.97,0.8989,-149.50,1,30.0,hold:DY,+0.000,+0.000,-0.320,-0.101,1100,0,
1785506021.1895,2026-07-31T09:53:41.189,220.610,2221,,,,0,,,,0.9969,14.76,0.9007,-149.71,1,30.0,hold:DY,+0.000,+0.000,-0.320,-0.110,1100,0,
1785506021.2880,2026-07-31T09:53:41.288,220.709,2222,,,,0,,,,0.9928,14.36,0.8966,-150.11,1,30.0,hold:DY,+0.000,+0.000,-0.324,-0.116,1100,0,
1785506021.3867,2026-07-31T09:53:41.386,220.807,2223,,,,0,,,,0.9962,14.15,0.9000,-150.32,1,30.0,hold:DY,+0.000,+0.000,-0.321,-0.125,1100,0,
1785506021.4870,2026-07-31T09:53:41.486,220.908,2224,,,,0,,,,0.9990,13.73,0.9027,-150.74,1,30.0,hold:DY,+0.000,+0.000,-0.330,-0.131,1100,0,
1785506021.5860,2026-07-31T09:53:41.586,221.007,2225,,,,0,,,,0.9939,13.30,0.8977,-151.17,1,30.0,hold:DY,+0.000,+0.000,-0.317,-0.142,1100,0,
1785506021.6864,2026-07-31T09:53:41.686,221.107,2226,,,,0,,,,0.9953,13.08,0.8991,-151.39,1,30.0,hold:DY,+0.000,+0.000,-0.323,-0.152,1100,0,
1785506021.7848,2026-07-31T09:53:41.784,221.205,2227,,,,0,,,,0.9976,12.64,0.9013,-151.83,1,30.0,hold:DY,+0.000,+0.000,-0.326,-0.159,1100,0,
1785506021.8850,2026-07-31T09:53:41.885,221.306,2228,,,,0,,,,0.9923,12.42,0.8961,-152.05,1,30.0,hold:DY,+0.000,+0.000,-0.329,-0.170,1100,0,
1785506021.9839,2026-07-31T09:53:41.983,221.405,2229,,,,0,,,,0.9874,12.06,0.8912,-152.41,1,30.0,hold:DY,+0.000,+0.000,-0.328,-0.176,1100,0,
1785506022.0845,2026-07-31T09:53:42.084,221.505,2230,,,,0,,,,0.9931,11.84,0.8969,-152.63,1,30.0,hold:DY,+0.000,+0.000,-0.325,-0.185,1100,0,
1785506022.1836,2026-07-31T09:53:42.183,221.604,2231,,,,0,,,,0.9951,11.76,0.8989,-152.71,1,30.0,hold:DY,+0.000,+0.000,-0.324,-0.191,1100,0,
1785506022.2831,2026-07-31T09:53:42.283,221.704,2232,,,,0,,,,0.9917,11.66,0.8954,-152.81,1,30.0,hold:DY,+0.000,+0.000,-0.325,-0.196,1100,0,
1785506022.3816,2026-07-31T09:53:42.381,221.802,2233,,,,0,,,,0.9922,11.68,0.8960,-152.79,1,30.0,hold:DY,+0.000,+0.000,-0.329,-0.199,1100,0,
1785506022.4807,2026-07-31T09:53:42.480,221.901,2234,,,,0,,,,0.9919,11.85,0.8957,-152.62,1,30.0,hold:DY,+0.000,+0.000,-0.332,-0.201,1100,0,
1785506022.5805,2026-07-31T09:53:42.580,222.001,2235,,,,0,,,,0.9952,11.98,0.8990,-152.49,1,30.0,hold:DY,+0.000,+0.000,-0.323,-0.200,1100,0,
1785506022.6795,2026-07-31T09:53:42.679,222.100,2236,,,,0,,,,0.9885,12.25,0.8923,-152.22,1,30.0,hold:DY,+0.000,+0.000,-0.337,-0.199,1100,0,
1785506022.7778,2026-07-31T09:53:42.777,222.198,2237,,,,0,,,,0.9956,12.52,0.8994,-151.95,1,30.0,hold:DY,+0.000,+0.000,-0.328,-0.199,1100,0,
1785506022.8785,2026-07-31T09:53:42.878,222.299,2238,,,,0,,,,0.9967,12.67,0.9005,-151.80,1,30.0,hold:DY,+0.000,+0.000,-0.323,-0.200,1100,0,
1785506022.9786,2026-07-31T09:53:42.978,222.399,2239,,,,0,,,,0.9967,12.99,0.9005,-151.48,1,30.0,hold:DY,+0.000,+0.000,-0.330,-0.197,1100,0,
1785506023.0789,2026-07-31T09:53:43.078,222.500,2240,,,,0,,,,0.9934,13.18,0.8972,-151.29,1,30.0,hold:DY,+0.000,+0.000,-0.327,-0.193,1100,0,
1785506023.1779,2026-07-31T09:53:43.177,222.599,2241,,,,0,,,,0.9945,13.57,0.8983,-150.90,1,30.0,hold:DY,+0.000,+0.000,-0.319,-0.193,1100,0,
1785506023.2769,2026-07-31T09:53:43.276,222.698,2242,,,,0,,,,0.9978,14.12,0.9016,-150.35,1,30.0,hold:DY,+0.000,+0.000,-0.327,-0.187,1100,0,
1785506023.3761,2026-07-31T09:53:43.376,222.797,2243,,,,0,,,,0.9928,14.49,0.8966,-149.98,1,30.0,hold:DY,+0.000,+0.000,-0.328,-0.177,1100,0,
1785506023.4755,2026-07-31T09:53:43.475,222.896,2244,,,,0,,,,0.9993,15.33,0.9031,-149.14,1,30.0,hold:DY,+0.000,+0.000,-0.331,-0.172,1100,0,
1785506023.5744,2026-07-31T09:53:43.574,222.995,2245,,,,0,,,,0.9982,15.78,0.9020,-148.69,1,30.0,hold:DY,+0.000,+0.000,-0.317,-0.158,1100,0,
1785506023.6735,2026-07-31T09:53:43.673,223.094,2246,,,,0,,,,0.9944,16.66,0.8982,-147.81,1,30.0,hold:DY,+0.000,+0.000,-0.326,-0.152,1100,0,
1785506023.7721,2026-07-31T09:53:43.772,223.193,2247,,,,0,,,,0.9968,17.53,0.9006,-146.94,1,30.0,hold:DY,+0.000,+0.000,-0.323,-0.137,1100,0,
1785506023.8711,2026-07-31T09:53:43.871,223.292,2248,,,,0,,,,0.9917,17.95,0.8955,-146.52,1,30.0,hold:DY,+0.000,+0.000,-0.330,-0.123,1100,0,
1785506023.9705,2026-07-31T09:53:43.970,223.391,2249,,,,0,,,,0.9954,18.71,0.8991,-145.76,1,30.0,hold:DY,+0.000,+0.000,-0.320,+0.000,1100,0,
1785506024.0688,2026-07-31T09:53:44.068,223.489,2250,,,,0,,,,0.9973,19.06,0.9011,-145.41,1,30.0,hold:DY,+0.000,+0.000,-0.319,+0.000,1100,0,
1785506024.1690,2026-07-31T09:53:44.168,223.590,2251,,,,0,,,,0.9979,19.62,0.9017,-144.85,1,30.0,hold:DY,+0.000,+0.000,-0.317,+0.000,1100,0,
1785506024.2680,2026-07-31T09:53:44.268,223.689,2252,,,,0,,,,0.9980,19.83,0.9018,-144.64,1,30.0,hold:DY,+0.000,+0.000,-0.318,+0.000,1100,0,
1785506024.3667,2026-07-31T09:53:44.366,223.787,2253,,,,0,,,,0.9975,20.15,0.9012,-144.32,1,30.0,hold:DY,+0.000,+0.000,-0.319,+0.000,1100,0,
1785506024.4670,2026-07-31T09:53:44.467,223.888,2254,,,,0,,,,1.0012,20.33,0.9050,-144.14,1,30.0,hold:DY,+0.000,+0.000,-0.313,+0.000,1100,0,
1785506024.5662,2026-07-31T09:53:44.566,223.987,2255,,,,0,,,,1.0015,20.40,0.9053,-144.07,1,30.0,hold:DY+fwd,+0.000,+0.000,-0.311,+0.000,1100,0,
1785506024.6652,2026-07-31T09:53:44.665,224.086,2256,,,,0,,,,0.9980,20.48,0.9018,-143.99,1,30.0,hold:DY+fwd,+1.000,+0.000,-0.315,+0.000,1100,0,
1785506024.7656,2026-07-31T09:53:44.765,224.186,2257,,,,0,,,,1.0017,20.47,0.9055,-144.00,1,30.0,hold:DY+fwd,+1.000,+0.000,-0.315,+0.000,1100,0,
1785506024.8645,2026-07-31T09:53:44.864,224.285,2258,,,,0,,,,1.0013,20.44,0.9051,-144.03,1,30.0,hold:DY+fwd,+1.000,+0.000,-0.311,+0.000,1100,0,
1785506024.9651,2026-07-31T09:53:44.965,224.386,2259,,,,0,,,,1.0117,20.17,0.9155,-144.30,1,30.0,hold:DY+fwd,+1.000,+0.000,-0.305,+0.000,1100,0,
1785506025.0637,2026-07-31T09:53:45.063,224.484,2260,,,,0,,,,1.0004,19.97,0.9042,-144.51,1,30.0,hold:DY+fwd,+1.000,+0.000,-0.313,+0.000,1100,0,
1785506025.1636,2026-07-31T09:53:45.163,224.584,2261,,,,0,,,,0.9895,19.66,0.8933,-144.81,1,30.0,hold:DY+fwd,+1.000,+0.000,-0.333,+0.000,1100,0,
1785506025.2621,2026-07-31T09:53:45.262,224.683,2262,,,,0,,,,0.9997,19.48,0.9035,-144.99,1,30.0,hold:DY+fwd,+1.000,+0.000,-0.314,+0.000,1100,0,
1785506025.3611,2026-07-31T09:53:45.361,224.782,2263,,,,0,,,,1.0216,19.19,0.9254,-145.28,1,30.0,hold:DY+fwd,+1.000,+0.000,-0.270,+0.000,1100,0,
1785506025.4605,2026-07-31T09:53:45.460,224.881,2264,,,,0,,,,1.0081,19.17,0.9119,-145.30,1,30.0,hold:DY+fwd,+1.000,+0.000,-0.271,+0.000,1100,0,
1785506025.5600,2026-07-31T09:53:45.560,224.981,2265,,,,0,,,,1.0044,19.24,0.9082,-145.23,1,30.0,hold:DY+fwd,+1.000,+0.000,-0.304,+0.000,1100,0,
1785506025.6587,2026-07-31T09:53:45.658,225.079,2266,,,,0,,,,1.0039,19.27,0.9077,-145.20,1,30.0,hold:DY+fwd,+1.000,+0.000,-0.308,+0.000,1100,0,
1785506025.7581,2026-07-31T09:53:45.758,225.179,2267,,,,0,,,,1.0023,19.36,0.9061,-145.11,1,30.0,hold:DY+fwd,+1.000,+0.000,-0.308,+0.000,1100,0,
1785506025.8567,2026-07-31T09:53:45.856,225.277,2268,,,,0,,,,0.9821,19.64,0.8859,-144.83,1,30.0,hold:DY+fwd,+1.000,+0.000,-0.328,+0.000,1100,0,
1785506025.9560,2026-07-31T09:53:45.956,225.377,2269,,,,0,,,,0.9571,20.05,0.8608,-144.42,1,30.0,hold:DY+fwd,+1.000,+0.000,-0.328,+0.000,1100,0,
1785506026.0563,2026-07-31T09:53:46.056,225.477,2270,,,,0,,,,0.9702,20.30,0.8740,-144.17,1,30.0,hold:DY+fwd,+1.000,+0.000,-0.374,+0.000,1100,0,
1785506026.1555,2026-07-31T09:53:46.155,225.576,2271,,,,0,,,,0.9560,20.84,0.8598,-143.63,1,30.0,hold:DY+fwd,+1.000,+0.000,-0.413,+0.000,1100,0,
1785506026.2537,2026-07-31T09:53:46.253,225.674,2272,,,,0,,,,0.9429,21.12,0.8467,-143.35,1,30.0,hold:DY+fwd,+1.000,+0.000,-0.432,+0.000,1100,0,
1785506026.3543,2026-07-31T09:53:46.354,225.775,2273,,,,0,,,,0.9404,21.68,0.8442,-142.79,1,30.0,hold:DY+fwd,+1.000,+0.000,-0.444,+0.000,1100,0,
1785506026.4528,2026-07-31T09:53:46.452,225.873,2274,,,,0,,,,0.9438,21.99,0.8475,-142.48,1,30.0,hold:DY+fwd,+1.000,+0.000,-0.435,+0.000,1100,0,
1785506026.5522,2026-07-31T09:53:46.552,225.973,2275,,,,0,,,,0.9282,22.57,0.8320,-141.90,1,30.0,hold:DY+fwd,+1.000,+0.000,-0.467,+0.041,1100,0,
1785506026.6515,2026-07-31T09:53:46.651,226.072,2276,,,,0,,,,0.9353,22.96,0.8391,-141.51,1,30.0,hold:DY+fwd,+1.000,+0.000,-0.467,+0.052,1100,0,
1785506026.7497,2026-07-31T09:53:46.749,226.170,2277,,,,0,,,,0.9147,22.98,0.8185,-141.49,1,30.0,hold:DY+fwd,+1.000,+0.000,-0.501,+0.057,1100,0,
1785506026.8496,2026-07-31T09:53:46.849,226.270,2278,,,,0,,,,0.9286,22.96,0.8324,-141.51,1,30.0,hold:DY+fwd,+1.000,+0.000,-0.473,+0.058,1100,0,
1785506026.9491,2026-07-31T09:53:46.949,226.370,2279,,,,0,,,,0.9345,22.88,0.8383,-141.59,1,30.0,hold:DY+fwd,+1.000,+0.000,-0.467,+0.057,1100,0,
1785506027.0479,2026-07-31T09:53:47.047,226.469,2280,,,,0,,,,0.9338,22.77,0.8376,-141.70,1,30.0,hold:DY+fwd,+1.000,+0.000,-0.471,+0.057,1100,0,
1785506027.1470,2026-07-31T09:53:47.146,226.568,2281,,,,0,,,,0.9293,22.47,0.8331,-142.00,1,30.0,hold:DY+fwd,+1.000,+0.000,-0.477,+0.055,1100,0,
1785506027.2460,2026-07-31T09:53:47.245,226.667,2282,,,,0,,,,0.9409,22.32,0.8447,-142.15,1,30.0,hold:DY+fwd,+1.000,+0.000,-0.463,+0.050,1100,0,
1785506027.3447,2026-07-31T09:53:47.344,226.765,2283,,,,0,,,,0.9360,21.87,0.8398,-142.60,1,30.0,hold:DY+fwd,+1.000,+0.000,-0.475,+0.047,1100,0,
1785506027.4442,2026-07-31T09:53:47.444,226.865,2284,,,,0,,,,0.9608,21.62,0.8646,-142.85,1,30.0,hold:DY+fwd,+1.000,+0.000,-0.427,+0.000,1100,0,
1785506027.5431,2026-07-31T09:53:47.543,226.964,2285,,,,0,,,,0.9692,21.34,0.8730,-143.13,1,30.0,hold:DY+fwd,+1.000,+0.000,-0.440,+0.000,1100,0,
1785506027.6421,2026-07-31T09:53:47.642,227.063,2286,,,,0,,,,0.9589,21.22,0.8627,-143.25,1,30.0,hold:DY+fwd,+1.000,+0.000,-0.416,+0.000,1100,0,
1785506027.7416,2026-07-31T09:53:47.741,227.162,2287,,,,0,,,,0.9760,21.21,0.8798,-143.26,1,30.0,hold:DY+fwd,+1.000,+0.000,-0.401,+0.000,1100,0,
1785506027.8416,2026-07-31T09:53:47.841,227.262,2288,,,,0,,,,0.9885,21.31,0.8923,-143.16,1,30.0,hold:DY+fwd,+1.000,+0.000,-0.355,+0.000,1100,0,
1785506027.9414,2026-07-31T09:53:47.941,227.362,2289,,,,0,,,,0.9954,21.42,0.8992,-143.05,1,30.0,hold:DY+fwd,+1.000,+0.000,-0.363,+0.000,1100,0,
1785506028.0399,2026-07-31T09:53:48.039,227.461,2290,,,,0,,,,1.0140,21.64,0.9178,-142.83,1,30.0,hold:DY+fwd,+1.000,+0.000,-0.332,+0.000,1100,0,
1785506028.1394,2026-07-31T09:53:48.139,227.560,2291,,,,0,,,,1.0237,21.89,0.9275,-142.58,1,30.0,hold:DY+fwd,+1.000,+0.000,-0.324,+0.000,1100,0,
1785506028.2377,2026-07-31T09:53:48.237,227.658,2292,,,,0,,,,1.0386,21.98,0.9424,-142.49,1,30.0,hold:DY+fwd,+1.000,+0.000,-0.275,+0.000,1100,0,
1785506028.3375,2026-07-31T09:53:48.337,227.758,2293,,,,0,,,,1.0411,22.13,0.9449,-142.34,1,30.0,hold:DY+fwd,+1.000,+0.000,-0.287,+0.037,1100,0,
1785506028.4371,2026-07-31T09:53:48.437,227.858,2294,,,,0,,,,1.0431,22.15,0.9469,-142.32,1,30.0,hold:DY+fwd,+1.000,+0.000,-0.263,+0.040,1100,0,
1785506028.5360,2026-07-31T09:53:48.535,227.957,2295,,,,0,,,,1.0566,21.98,0.9604,-142.49,1,30.0,hold:DY+fwd,+1.000,+0.000,-0.240,+0.039,1100,0,
1785506028.6356,2026-07-31T09:53:48.635,228.056,2296,,,,0,,,,1.0553,21.74,0.9591,-142.73,1,30.0,hold:DY+fwd,+1.000,+0.000,-0.249,+0.000,1100,0,
1785506028.7347,2026-07-31T09:53:48.734,228.155,2297,,,,0,,,,1.0627,21.57,0.9665,-142.90,1,30.0,hold:DY+fwd,+1.000,+0.000,-0.218,+0.000,1100,0,
1785506028.8342,2026-07-31T09:53:48.834,228.255,2298,,,,0,,,,1.0723,21.29,0.9760,-143.18,1,30.0,hold:DY+fwd,+1.000,+0.000,-0.206,+0.000,1100,0,
1785506028.9334,2026-07-31T09:53:48.933,228.354,2299,,,,0,,,,1.0612,21.07,0.9650,-143.40,1,30.0,hold:DY+fwd,+1.000,+0.000,-0.215,+0.000,1100,0,
1785506029.0336,2026-07-31T09:53:49.033,228.454,2300,,,,0,,,,1.0742,20.63,0.9780,-143.84,1,30.0,hold:DY+fwd,+1.000,+0.000,-0.204,+0.000,1100,0,
1785506029.1326,2026-07-31T09:53:49.132,228.553,2301,,,,0,,,,1.0823,20.23,0.9861,-144.24,1,30.0,hold:DY+fwd,+1.000,+0.000,-0.176,+0.000,1100,0,
1785506029.2319,2026-07-31T09:53:49.231,228.653,2302,,,,0,,,,1.0801,20.07,0.9839,-144.40,1,30.0,hold:DY+fwd,+1.000,+0.000,-0.169,+0.000,1100,0,
1785506029.3307,2026-07-31T09:53:49.330,228.751,2303,,,,0,,,,1.0834,19.75,0.9872,-144.72,1,30.0,hold:DY+fwd,+1.000,+0.000,-0.171,+0.000,1100,0,
1785506029.4304,2026-07-31T09:53:49.430,228.851,2304,,,,0,,,,1.0793,19.60,0.9830,-144.87,1,30.0,hold:DY+fwd,+1.000,+0.000,-0.164,+0.000,1100,0,
1785506029.5301,2026-07-31T09:53:49.530,228.951,2305,,,,0,,,,1.0855,19.40,0.9893,-145.07,1,30.0,hold:DY+fwd,+1.000,+0.000,-0.182,+0.000,1100,0,
1785506029.6297,2026-07-31T09:53:49.629,229.050,2306,,,,0,,,,1.0745,19.35,0.9783,-145.12,1,30.0,hold:DY+fwd,+1.000,+0.000,-0.167,+0.000,1100,0,
1785506029.7287,2026-07-31T09:53:49.728,229.149,2307,,,,0,,,,1.0686,19.28,0.9724,-145.19,1,30.0,hold:DY+fwd,+1.000,+0.000,-0.176,+0.000,1100,0,
1785506029.8304,2026-07-31T09:53:49.830,229.251,2308,,,,0,,,,1.0476,19.38,0.9514,-145.09,1,30.0,hold:DY+fwd,+1.000,+0.000,-0.178,+0.000,1100,0,
1785506029.9293,2026-07-31T09:53:49.929,229.350,2309,,,,0,,,,1.0506,19.48,0.9544,-144.99,1,30.0,hold:DY+fwd,+1.000,+0.000,-0.208,+0.000,1100,0,
1785506030.0276,2026-07-31T09:53:50.027,229.448,2310,,,,0,,,,1.0484,19.78,0.9522,-144.70,1,30.0,hold:DY+fwd,+1.000,+0.000,-0.213,+0.000,1100,0,
1785506030.1267,2026-07-31T09:53:50.126,229.547,2311,,,,0,,,,1.0445,19.93,0.9483,-144.54,1,30.0,hold:DY+fwd,+1.000,+0.000,-0.216,+0.000,1100,0,
1785506030.2262,2026-07-31T09:53:50.226,229.647,2312,,,,0,,,,1.0257,20.31,0.9295,-144.16,1,30.0,hold:DY+fwd,+1.000,+0.000,-0.252,+0.000,1100,0,
1785506030.3243,2026-07-31T09:53:50.324,229.745,2313,,,,0,,,,1.0277,20.74,0.9315,-143.73,1,30.0,hold:DY+fwd,+1.000,+0.000,-0.236,+0.000,1100,0,
1785506030.4228,2026-07-31T09:53:50.422,229.843,2314,,,,0,,,,1.0320,21.00,0.9358,-143.47,1,30.0,hold:DY+fwd,+1.000,+0.000,-0.246,+0.000,1100,0,
1785506030.5236,2026-07-31T09:53:50.523,229.944,2315,,,,0,,,,1.0199,21.52,0.9237,-142.95,1,30.0,hold:DY+fwd,+1.000,+0.000,-0.250,+0.000,1100,0,
1785506030.6228,2026-07-31T09:53:50.622,230.043,2316,,,,0,,,,1.0014,21.80,0.9052,-142.67,1,30.0,hold:DY+fwd,+1.000,+0.000,-0.298,+0.000,1100,0,
1785506030.7217,2026-07-31T09:53:50.721,230.142,2317,,,,0,,,,1.0140,22.40,0.9178,-142.07,1,30.0,hold:DY+fwd,+1.000,+0.000,-0.255,+0.038,1100,0,
1785506030.8223,2026-07-31T09:53:50.822,230.243,2318,,,,0,,,,1.0180,22.72,0.9218,-141.75,1,30.0,hold:DY+fwd,+1.000,+0.000,-0.264,+0.050,1100,0,
1785506030.9211,2026-07-31T09:53:50.921,230.342,2319,,,,0,,,,1.0056,23.13,0.9094,-141.34,1,30.0,hold:DY+fwd,+1.000,+0.000,-0.289,+0.059,1100,0,
1785506031.0207,2026-07-31T09:53:51.020,230.441,2320,,,,0,,,,1.0004,23.23,0.9041,-141.24,1,30.0,hold:DY+fwd,+1.000,+0.000,-0.283,+0.062,1100,0,
1785506031.1215,2026-07-31T09:53:51.121,230.542,2321,,,,0,,,,1.0037,23.27,0.9075,-141.20,1,30.0,hold:DY+fwd,+1.000,+0.000,-0.293,+0.064,1100,0,
1785506031.2203,2026-07-31T09:53:51.220,230.641,2322,,,,0,,,,0.9988,23.14,0.9026,-141.33,1,30.0,hold:DY+fwd,+1.000,+0.000,-0.291,+0.065,1100,0,
1785506031.3205,2026-07-31T09:53:51.320,230.741,2323,,,,0,,,,0.9991,22.97,0.9029,-141.50,1,30.0,hold:DY+fwd,+1.000,+0.000,-0.302,+0.061,1100,0,
1785506031.4189,2026-07-31T09:53:51.418,230.840,2324,,,,0,,,,0.9973,22.63,0.9011,-141.84,1,30.0,hold:DY+fwd,+1.000,+0.000,-0.305,+0.056,1100,0,
1785506031.5177,2026-07-31T09:53:51.517,230.938,2325,,,,0,,,,1.0153,22.19,0.9191,-142.28,1,30.0,hold:DY+fwd,+1.000,+0.000,-0.293,+0.053,1100,0,
1785506031.6176,2026-07-31T09:53:51.617,231.038,2326,,,,0,,,,1.0085,21.94,0.9123,-142.53,1,30.0,hold:DY+fwd,+1.000,+0.000,-0.283,+0.000,1100,0,
1785506031.7182,2026-07-31T09:53:51.718,231.139,2327,,,,0,,,,1.0081,21.36,0.9119,-143.12,1,30.0,hold:DY+fwd,+1.000,+0.000,-0.286,+0.000,1100,0,
1785506031.8179,2026-07-31T09:53:51.817,231.239,2328,,,,0,,,,1.0187,21.16,0.9225,-143.31,1,30.0,hold:DY+fwd,+1.000,+0.000,-0.262,+0.000,1100,0,
1785506031.9168,2026-07-31T09:53:51.916,231.337,2329,,,,0,,,,1.0351,20.82,0.9389,-143.65,1,30.0,hold:DY+fwd,+1.000,+0.000,-0.229,+0.000,1100,0,
1785506032.0158,2026-07-31T09:53:52.015,231.436,2330,,,,0,,,,1.0198,20.39,0.9236,-144.08,1,30.0,hold:DY+fwd,+1.000,+0.000,-0.209,+0.000,1100,0,
1785506032.1148,2026-07-31T09:53:52.114,231.535,2331,,,,0,,,,1.0563,20.19,0.9601,-144.28,1,30.0,hold:DY+fwd,+1.000,+0.000,-0.184,+0.000,1100,0,
1785506032.2146,2026-07-31T09:53:52.214,231.635,2332,,,,0,,,,1.0645,19.71,0.9683,-144.76,1,30.0,hold:DY+fwd,+1.000,+0.000,-0.167,+0.000,1100,0,
1785506032.3147,2026-07-31T09:53:52.314,231.735,2333,,,,0,,,,1.0719,19.46,0.9756,-145.01,1,30.0,hold:DY+fwd,+1.000,+0.000,-0.148,+0.000,1100,0,
1785506032.4140,2026-07-31T09:53:52.413,231.835,2334,,,,0,,,,1.0716,18.91,0.9754,-145.56,1,30.0,hold:DY+fwd,+1.000,+0.000,-0.146,+0.000,1100,0,
1785506032.5128,2026-07-31T09:53:52.512,231.933,2335,,,,0,,,,1.1088,18.40,1.0126,-146.07,1,30.0,hold:DY+fwd,+1.000,+0.000,-0.112,+0.000,1100,0,
1785506032.6123,2026-07-31T09:53:52.612,232.033,2336,,,,0,,,,1.1091,18.17,1.0129,-146.30,1,30.0,hold:DY+fwd,+1.000,+0.000,-0.063,+0.000,1100,0,
1785506032.7111,2026-07-31T09:53:52.711,232.132,2337,,,,0,,,,1.1129,17.72,1.0167,-146.75,1,30.0,hold:DY+fwd,+1.000,+0.000,-0.052,-0.038,1100,0,
1785506032.8100,2026-07-31T09:53:52.809,232.231,2338,,,,0,,,,1.1164,17.63,1.0202,-146.84,1,30.0,hold:DY+fwd,+1.000,+0.000,-0.039,-0.044,1100,0,
1785506032.9091,2026-07-31T09:53:52.909,232.330,2339,,,,0,,,,1.1305,17.63,1.0343,-146.84,1,30.0,hold:DY+fwd,+1.000,+0.000,-0.025,-0.046,1100,0,
1785506033.0078,2026-07-31T09:53:53.007,232.428,2340,,,,0,,,,1.1382,17.87,1.0420,-146.60,1,30.0,hold:DY+fwd,+1.000,+0.000,+0.002,-0.044,1100,0,
1785506033.1074,2026-07-31T09:53:53.107,232.528,2341,,,,0,,,,1.1372,18.08,1.0410,-146.40,1,30.0,hold:DY+fwd,+1.000,+0.000,+0.018,+0.000,1100,0,
1785506033.2070,2026-07-31T09:53:53.207,232.628,2342,,,,0,,,,1.1443,18.46,1.0481,-146.01,1,30.0,hold:DY+fwd,+1.000,+0.000,+0.031,+0.000,1100,0,
1785506033.3062,2026-07-31T09:53:53.306,232.727,2343,,,,0,,,,1.1393,18.57,1.0431,-145.90,1,30.0,hold:DY+fwd,+1.000,+0.000,+0.033,+0.000,1100,0,
1785506033.4052,2026-07-31T09:53:53.405,232.826,2344,,,,0,,,,1.1452,18.79,1.0490,-145.68,1,30.0,hold:DY+fwd,+1.000,+0.000,+0.048,+0.000,1100,0,
1785506033.5041,2026-07-31T09:53:53.504,232.925,2345,,,,0,,,,1.1346,18.89,1.0384,-145.58,1,30.0,hold:DY+fwd,+1.000,+0.000,+0.035,+0.000,1100,0,
1785506033.6044,2026-07-31T09:53:53.604,233.025,2346,,,,0,,,,1.1497,19.19,1.0535,-145.28,1,30.0,hold:DY+fwd,+1.000,+0.000,+0.049,+0.000,1100,0,
1785506033.7032,2026-07-31T09:53:53.703,233.124,2347,,,,0,,,,1.1413,19.68,1.0451,-144.79,1,30.0,hold:DY+fwd,+1.000,+0.000,+0.064,+0.000,1100,0,
1785506033.8018,2026-07-31T09:53:53.801,233.223,2348,,,,0,,,,1.1525,19.93,1.0563,-144.55,1,30.0,hold:DY+fwd,+1.000,+0.000,+0.088,+0.000,1100,0,
1785506033.9009,2026-07-31T09:53:53.900,233.322,2349,,,,0,,,,1.1394,20.53,1.0432,-143.94,1,30.0,hold:DY+fwd,+1.000,+0.000,+0.068,+0.000,1100,0,
1785506034.0005,2026-07-31T09:53:54.000,233.421,2350,,,,0,,,,1.1426,20.84,1.0464,-143.63,1,30.0,hold:DY+fwd,+1.000,+0.000,+0.079,+0.000,1100,0,
1785506034.0999,2026-07-31T09:53:54.099,233.521,2351,,,,0,,,,1.1345,21.37,1.0383,-143.10,1,30.0,hold:DY+fwd,+1.000,+0.000,+0.073,+0.000,1100,0,
1785506034.2003,2026-07-31T09:53:54.200,233.621,2352,,,,0,,,,1.1305,21.75,1.0343,-142.72,1,30.0,hold:DY,+0.000,+0.000,+0.087,+0.000,1100,0,
1785506034.2994,2026-07-31T09:53:54.299,233.720,2353,,,,0,,,,1.1323,21.92,1.0361,-142.55,1,30.0,hold:DY,+0.000,+0.000,+0.075,+0.000,1100,0,
1785506034.3980,2026-07-31T09:53:54.397,233.819,2354,,,,0,,,,1.1231,22.26,1.0269,-142.21,1,30.0,hold:DY,+0.000,+0.000,+0.072,+0.038,1100,0,
1785506034.4978,2026-07-31T09:53:54.497,233.918,2355,,,,0,,,,1.1223,22.44,1.0261,-142.03,1,30.0,hold:DY,+0.000,+0.000,+0.065,+0.045,1100,0,
1785506034.5977,2026-07-31T09:53:54.597,234.018,2356,,,,0,,,,1.1170,22.82,1.0208,-141.65,1,30.0,hold:DY,+0.000,+0.000,+0.066,+0.050,1100,0,
1785506034.6984,2026-07-31T09:53:54.698,234.119,2357,,,,0,,,,1.1101,23.15,1.0139,-141.32,1,30.0,hold:DY,+0.000,+0.000,+0.062,+0.058,1100,0,
1785506034.7971,2026-07-31T09:53:54.797,234.218,2358,,,,0,,,,1.1090,23.29,1.0128,-141.18,1,30.0,hold:DY,+0.000,+0.000,+0.052,+0.064,1100,0,
1785506034.8958,2026-07-31T09:53:54.895,234.316,2359,,,,0,,,,1.1013,23.54,1.0051,-140.93,1,30.0,hold:DY,+0.000,+0.000,+0.054,+0.068,1100,0,
1785506034.9955,2026-07-31T09:53:54.995,234.416,2360,,,,0,,,,1.1012,23.64,1.0050,-140.83,1,30.0,hold:DY,+0.000,+0.000,+0.045,+0.073,1100,0,
1785506035.0944,2026-07-31T09:53:55.094,234.515,2361,,,,0,,,,1.0969,23.83,1.0007,-140.65,1,30.0,hold:DY,+0.000,+0.000,+0.038,+0.076,1100,0,
1785506035.1932,2026-07-31T09:53:55.193,234.614,2362,,,,0,,,,1.0944,23.99,0.9982,-140.48,1,30.0,hold:DY,+0.000,+0.000,+0.044,+0.081,1100,0,
1785506035.2911,2026-07-31T09:53:55.291,234.712,2363,,,,0,,,,1.0940,24.09,0.9978,-140.38,1,30.0,hold:DY,+0.000,+0.000,+0.042,+0.086,1100,0,
1785506035.3898,2026-07-31T09:53:55.389,234.810,2364,,,,0,,,,1.0864,24.29,0.9901,-140.18,1,30.0,hold:DY,+0.000,+0.000,+0.038,+0.089,1100,0,
1785506035.4904,2026-07-31T09:53:55.490,234.911,2365,,,,0,,,,1.0835,24.41,0.9873,-140.06,1,30.0,hold:DY,+0.000,+0.000,+0.028,+0.095,1100,0,
1785506035.5887,2026-07-31T09:53:55.588,235.009,2366,,,,0,,,,1.0820,24.64,0.9858,-139.83,1,30.0,hold:DY,+0.000,+0.000,+0.036,+0.099,1100,0,
1785506035.6884,2026-07-31T09:53:55.688,235.109,2367,,,,0,,,,1.0791,24.90,0.9829,-139.57,1,30.0,hold:DY,+0.000,+0.000,+0.025,+0.105,1100,0,
1785506035.7894,2026-07-31T09:53:55.789,235.210,2368,,,,0,,,,1.0751,25.03,0.9789,-139.44,1,30.0,hold:DY,+0.000,+0.000,+0.021,+0.112,1100,0,
1785506035.8894,2026-07-31T09:53:55.889,235.310,2369,,,,0,,,,1.0743,25.29,0.9781,-139.18,1,30.0,hold:DY,+0.000,+0.000,+0.024,+0.116,1100,0,
1785506035.9884,2026-07-31T09:53:55.988,235.409,2370,,,,0,,,,1.0735,25.41,0.9773,-139.06,1,30.0,hold:DY,+0.000,+0.000,+0.024,+0.123,1100,0,
1785506036.0876,2026-07-31T09:53:56.087,235.508,2371,,,,0,,,,1.0682,25.69,0.9720,-138.78,1,30.0,hold:DY,+0.000,+0.000,+0.024,+0.128,1100,0,
1785506036.1872,2026-07-31T09:53:56.187,235.608,2372,,,,0,,,,1.0669,26.00,0.9707,-138.47,1,30.0,hold:DY,+0.000,+0.000,+0.014,+0.135,1100,0,
1785506036.2877,2026-07-31T09:53:56.287,235.708,2373,,,,0,,,,1.0613,26.16,0.9651,-138.31,1,30.0,hold:DY,+0.000,+0.000,+0.007,+0.143,1100,0,
1785506036.3884,2026-07-31T09:53:56.388,235.809,2374,,,,0,,,,1.0527,26.49,0.9565,-137.98,1,30.0,hold:DY,+0.000,+0.000,+0.002,+0.149,1100,0,
1785506036.4883,2026-07-31T09:53:56.488,235.909,2375,,,,0,,,,1.0531,26.66,0.9569,-137.81,1,30.0,hold:DY,+0.000,+0.000,-0.005,+0.157,1100,0,
1785506036.5875,2026-07-31T09:53:56.587,236.008,2376,,,,0,,,,1.0433,26.99,0.9471,-137.48,1,30.0,hold:DY,+0.000,+0.000,-0.017,+0.163,1100,0,
1785506036.6864,2026-07-31T09:53:56.686,236.107,2377,,,,0,,,,1.0376,27.28,0.9414,-137.19,1,30.0,hold:DY,+0.000,+0.000,-0.028,+0.172,1100,0,
1785506036.7855,2026-07-31T09:53:56.785,236.206,2378,,,,0,,,,1.0358,27.40,0.9396,-137.07,1,30.0,hold:DY,+0.000,+0.000,-0.034,+0.179,1100,0,
1785506036.8854,2026-07-31T09:53:56.885,236.306,2379,,,,0,,,,1.0270,27.56,0.9308,-136.91,1,30.0,hold:DY,+0.000,+0.000,-0.055,+0.184,1100,0,
1785506036.9844,2026-07-31T09:53:56.984,236.405,2380,,,,0,,,,1.0185,27.63,0.9223,-136.84,1,30.0,hold:DY,+0.000,+0.000,-0.067,+0.189,1100,0,
1785506037.0833,2026-07-31T09:53:57.083,236.504,2381,,,,0,,,,1.0159,27.73,0.9197,-136.74,1,30.0,hold:DY,+0.000,+0.000,-0.068,+0.193,1100,0,
1785506037.1836,2026-07-31T09:53:57.183,236.604,2382,,,,0,,,,1.0080,27.60,0.9117,-136.87,1,30.0,hold:DY,+0.000,+0.000,-0.093,+0.197,1100,0,
1785506037.2837,2026-07-31T09:53:57.283,236.704,2383,,,,0,,,,1.0033,27.45,0.9071,-137.02,1,30.0,hold:DY,+0.000,+0.000,-0.097,+0.195,1100,0,
1785506037.3845,2026-07-31T09:53:57.384,236.805,2384,,,,0,,,,0.9969,27.06,0.9007,-137.41,1,30.0,hold:DY,+0.000,+0.000,-0.106,+0.195,1100,0,
1785506037.4838,2026-07-31T09:53:57.483,236.904,2385,,,,0,,,,0.9930,26.84,0.8968,-137.63,1,30.0,hold:DY,+0.000,+0.000,-0.118,+0.190,1100,0,
1785506037.5828,2026-07-31T09:53:57.582,237.003,2386,,,,0,,,,0.9846,26.34,0.8884,-138.13,1,30.0,hold:DY,+0.000,+0.000,-0.121,+0.188,1100,0,
1785506037.6836,2026-07-31T09:53:57.683,237.104,2387,,,,0,,,,0.9866,26.06,0.8904,-138.41,1,30.0,hold:DY,+0.000,+0.000,-0.131,+0.181,1100,0,
1785506037.7834,2026-07-31T09:53:57.783,237.204,2388,,,,0,,,,0.9788,25.46,0.8826,-139.01,1,30.0,hold:DY,+0.000,+0.000,-0.143,+0.178,1100,0,
1785506037.8831,2026-07-31T09:53:57.883,237.304,2389,,,,0,,,,0.9732,24.92,0.8770,-139.55,1,30.0,hold:DY,+0.000,+0.000,-0.153,+0.169,1100,0,
1785506037.9831,2026-07-31T09:53:57.983,237.404,2390,,,,0,,,,0.9703,24.68,0.8741,-139.79,1,30.0,hold:DY,+0.000,+0.000,-0.165,+0.163,1100,0,
1785506038.0823,2026-07-31T09:53:58.082,237.503,2391,,,,0,,,,0.9662,24.27,0.8700,-140.20,1,30.0,hold:DY,+0.000,+0.000,-0.164,+0.161,1100,0,
1785506038.1811,2026-07-31T09:53:58.181,237.602,2392,,,,0,,,,0.9632,24.09,0.8670,-140.38,1,30.0,hold:DY,+0.000,+0.000,-0.182,+0.155,1100,0,
1785506038.2812,2026-07-31T09:53:58.281,237.702,2393,,,,0,,,,0.9598,23.76,0.8636,-140.71,1,30.0,hold:Y,+0.000,+0.000,+0.000,+0.154,1100,0,
1785506038.3798,2026-07-31T09:53:58.379,237.800,2394,,,,0,,,,0.9491,23.50,0.8529,-140.97,1,30.0,hold:Y,+0.000,+0.000,+0.000,+0.150,1100,0,
1785506038.4793,2026-07-31T09:53:58.479,237.900,2395,,,,0,,,,0.9491,23.40,0.8529,-141.08,1,30.0,hold:Y,+0.000,+0.000,+0.000,+0.147,1100,0,
1785506038.5805,2026-07-31T09:53:58.580,238.001,2396,,,,0,,,,0.9404,23.22,0.8442,-141.25,1,30.0,hold:Y,+0.000,+0.000,+0.000,+0.147,1100,0,
1785506038.6795,2026-07-31T09:53:58.679,238.100,2397,,,,0,,,,0.9415,23.15,0.8453,-141.32,1,30.0,hold:Y,+0.000,+0.000,+0.000,+0.145,1100,0,
1785506038.7799,2026-07-31T09:53:58.779,238.201,2398,,,,0,,,,0.9298,23.04,0.8336,-141.43,1,30.0,idle,+0.000,+0.000,+0.000,+0.000,1100,0,
1785506038.8788,2026-07-31T09:53:58.878,238.299,2399,,,,0,,,,0.9245,22.97,0.8283,-141.50,1,30.0,idle,+0.000,+0.000,+0.000,+0.000,1100,0,
1785506038.9786,2026-07-31T09:53:58.978,238.399,2400,,,,0,,,,0.9218,22.96,0.8256,-141.51,1,30.0,idle,+0.000,+0.000,+0.000,+0.000,1100,0,
1785506039.0785,2026-07-31T09:53:59.078,238.499,2401,,,,0,,,,0.9122,22.93,0.8160,-141.54,1,30.0,idle,+0.000,+0.000,+0.000,+0.000,1100,0,
1785506039.1775,2026-07-31T09:53:59.177,238.598,2402,,,,0,,,,0.9126,22.92,0.8164,-141.55,1,30.0,idle,+0.000,+0.000,+0.000,+0.000,1100,0,
1785506039.2764,2026-07-31T09:53:59.276,238.697,2403,,,,0,,,,0.9030,22.89,0.8068,-141.58,1,30.0,idle,+0.000,+0.000,+0.000,+0.000,1100,0,
1785506039.3747,2026-07-31T09:53:59.374,238.795,2404,,,,0,,,,0.8946,22.87,0.7984,-141.60,1,30.0,idle,+0.000,+0.000,+0.000,+0.000,1100,0,
1785506039.4745,2026-07-31T09:53:59.474,238.895,2405,,,,0,,,,0.8909,22.85,0.7947,-141.62,1,30.0,idle,+0.000,+0.000,+0.000,+0.000,1100,0,
1785506039.5727,2026-07-31T09:53:59.572,238.993,2406,,,,0,,,,0.8837,22.80,0.7875,-141.67,1,30.0,idle,+0.000,+0.000,+0.000,+0.000,1100,0,
1785506039.6722,2026-07-31T09:53:59.672,239.093,2407,,,,0,,,,0.8802,22.77,0.7840,-141.70,1,30.0,joystick,+0.000,+0.000,+0.000,+1.000,1100,0,
1785506039.7717,2026-07-31T09:53:59.771,239.192,2408,,,,0,,,,0.8769,22.70,0.7807,-141.77,1,30.0,joystick,+0.000,+0.000,+0.000,+1.000,1100,0,
1785506039.8710,2026-07-31T09:53:59.871,239.292,2409,,,,0,,,,0.8673,22.07,0.7711,-142.40,1,30.0,joystick,+0.000,+0.000,+0.000,+0.000,1100,0,
1785506039.9704,2026-07-31T09:53:59.970,239.391,2410,,,,0,,,,0.8631,21.58,0.7668,-142.89,1,30.0,joystick,+0.000,+0.000,+0.000,+0.000,1100,0,
1785506040.0691,2026-07-31T09:54:00.069,239.490,2411,,,,0,,,,0.8551,20.59,0.7589,-143.88,1,30.0,joystick,+0.000,+0.000,+0.000,+0.000,1100,0,
1785506040.1684,2026-07-31T09:54:00.168,239.589,2412,,,,0,,,,0.8516,20.09,0.7553,-144.38,1,30.0,joystick,+0.000,+0.000,+0.000,+1.000,1100,0,
1785506040.2685,2026-07-31T09:54:00.268,239.689,2413,,,,0,,,,0.8442,18.32,0.7480,-146.15,1,30.0,joystick,+0.000,+0.000,+0.000,+1.000,1100,0,
1785506040.3674,2026-07-31T09:54:00.367,239.788,2414,,,,0,,,,0.8383,10.24,0.7421,-154.23,1,30.0,joystick,+0.000,+0.000,+0.000,+1.000,1100,0,
1785506040.4676,2026-07-31T09:54:00.467,239.888,2415,,,,0,,,,0.8366,4.97,0.7403,-159.50,1,30.0,joystick,+0.000,+0.000,+0.000,+1.000,1100,0,
1785506040.5672,2026-07-31T09:54:00.567,239.988,2416,,,,0,,,,0.8305,-6.48,0.7343,-170.95,1,30.0,joystick,+0.000,+0.000,+0.000,+1.000,1100,0,
1785506040.6669,2026-07-31T09:54:00.666,240.088,2417,,,,0,,,,0.8283,-12.51,0.7321,-176.98,1,30.0,joystick,+0.000,+0.000,+0.000,+1.000,1100,0,
1785506040.7658,2026-07-31T09:54:00.765,240.187,2418,,,,0,,,,0.8245,-24.58,0.7282,-189.05,1,30.0,joystick,+0.000,+0.000,+0.000,+1.000,1100,0,
1785506040.8657,2026-07-31T09:54:00.865,240.286,2419,,,,0,,,,0.8205,-36.21,0.7243,-200.68,1,30.0,joystick,+0.000,+0.000,+0.000,+1.000,1100,0,
1785506040.9665,2026-07-31T09:54:00.966,240.387,2420,,,,0,,,,0.8124,-41.89,0.7162,-206.36,1,30.0,joystick,+0.000,+0.000,+0.000,+1.000,1100,0,
1785506041.0654,2026-07-31T09:54:01.065,240.486,2421,,,,0,,,,0.8151,-53.16,0.7189,-217.63,1,30.0,joystick,+0.000,+0.000,+0.000,+1.000,1100,0,
1785506041.1639,2026-07-31T09:54:01.163,240.585,2422,,,,0,,,,0.8141,-58.68,0.7179,-223.15,1,30.0,joystick,+0.000,+0.000,+0.000,+1.000,1100,0,
1785506041.2623,2026-07-31T09:54:01.262,240.683,2423,,,,0,,,,0.8175,-69.72,0.7213,-234.19,1,30.0,joystick,+0.000,+0.000,+0.000,+1.000,1100,0,
1785506041.3609,2026-07-31T09:54:01.360,240.782,2424,,,,0,,,,0.8160,-75.31,0.7198,-239.78,1,30.0,joystick,+0.000,+0.000,+0.000,+1.000,1100,0,
1785506041.4605,2026-07-31T09:54:01.460,240.881,2425,,,,0,,,,0.8114,-86.63,0.7151,-251.10,1,30.0,joystick,+0.000,+0.000,+0.000,+1.000,1100,0,
1785506041.5602,2026-07-31T09:54:01.560,240.981,2426,,,,0,,,,0.8073,-98.35,0.7111,-262.82,1,30.0,joystick,+0.000,+0.000,+0.000,+1.000,1100,0,
1785506041.6588,2026-07-31T09:54:01.658,241.079,2427,,,,0,,,,0.8041,-104.27,0.7079,-268.74,1,30.0,joystick,+0.000,+0.000,+0.000,+1.000,1100,0,
1785506041.7583,2026-07-31T09:54:01.758,241.179,2428,,,,0,,,,0.8043,-116.32,0.7081,-280.79,1,30.0,joystick,+0.000,+0.000,+1.000,+1.000,1100,0,
1785506041.8569,2026-07-31T09:54:01.856,241.278,2429,,,,0,,,,0.8035,-122.46,0.7073,-286.93,1,30.0,joystick,+0.000,+0.000,+1.000,+1.000,1100,0,
1785506041.9562,2026-07-31T09:54:01.956,241.377,2430,,,,0,,,,0.7942,-134.71,0.6980,-299.18,1,30.0,joystick,+0.000,+0.000,+1.000,+1.000,1100,0,
1785506042.0554,2026-07-31T09:54:02.055,241.476,2431,,,,0,,,,0.7901,-140.86,0.6939,-305.33,1,30.0,joystick,+0.000,+0.000,+1.000,+1.000,1100,0,
1785506042.1547,2026-07-31T09:54:02.154,241.575,2432,,,,0,,,,0.7856,-153.23,0.6894,-317.70,1,30.0,joystick,+0.000,+0.000,+1.000,+1.000,1100,0,
1785506042.2542,2026-07-31T09:54:02.254,241.675,2433,,,,0,,,,0.7748,-165.66,0.6786,-330.14,1,30.0,joystick,+0.000,+0.000,+1.000,+1.000,1100,0,
1785506042.3530,2026-07-31T09:54:02.352,241.774,2434,,,,0,,,,0.7656,-171.74,0.6694,-336.21,1,30.0,joystick,+0.000,+0.000,+1.000,+1.000,1100,0,
1785506042.4526,2026-07-31T09:54:02.452,241.873,2435,,,,0,,,,0.7489,176.16,0.6527,-348.31,1,30.0,joystick,+0.000,+0.000,+1.000,+1.000,1100,0,
1785506042.5521,2026-07-31T09:54:02.552,241.973,2436,,,,0,,,,0.7378,164.11,0.6416,-360.36,1,30.0,joystick,+0.000,+0.000,+1.000,+1.000,1100,0,
1785506042.6514,2026-07-31T09:54:02.651,242.072,2437,,,,0,,,,0.7405,158.13,0.6443,-366.34,1,30.0,joystick,+0.000,+0.000,+0.224,+1.000,1100,0,
1785506042.7514,2026-07-31T09:54:02.751,242.172,2438,,,,0,,,,0.7242,146.27,0.6280,-378.20,1,30.0,joystick,+0.000,+0.000,+1.000,+0.000,1100,0,
1785506042.8500,2026-07-31T09:54:02.850,242.271,2439,,,,0,,,,0.7247,142.22,0.6285,-382.25,1,30.0,joystick,+0.000,+0.000,+1.000,+0.000,1100,0,
1785506042.9487,2026-07-31T09:54:02.948,242.369,2440,,,,0,,,,0.7240,137.14,0.6278,-387.33,1,30.0,joystick,+0.000,+0.000,+1.000,+0.000,1100,0,
1785506043.0481,2026-07-31T09:54:03.048,242.469,2441,,,,0,,,,0.7139,133.75,0.6176,-390.72,1,30.0,joystick,+0.000,+0.000,+1.000,+0.000,1100,0,
1785506043.1480,2026-07-31T09:54:03.148,242.569,2442,,,,0,,,,0.7071,132.43,0.6109,-392.04,1,30.0,joystick,+0.000,+0.000,+1.000,+0.000,1100,0,
1785506043.2485,2026-07-31T09:54:03.248,242.669,2443,,,,0,,,,0.6939,130.41,0.5977,-394.06,1,30.0,joystick,+0.000,+0.000,+1.000,+0.000,1100,0,
1785506043.3468,2026-07-31T09:54:03.346,242.767,2444,,,,0,,,,0.6840,129.61,0.5878,-394.86,1,30.0,joystick,+0.000,+0.000,+1.000,+0.000,1100,0,
1785506043.4476,2026-07-31T09:54:03.447,242.868,2445,,,,0,,,,0.6681,128.29,0.5719,-396.18,1,30.0,joystick,+0.000,+0.000,+1.000,+0.000,1100,0,
1785506043.5480,2026-07-31T09:54:03.547,242.969,2446,,,,0,,,,0.6459,127.38,0.5497,-397.09,1,30.0,joystick,+0.000,+0.000,+1.000,+0.000,1100,0,
1785506043.6470,2026-07-31T09:54:03.646,243.068,2447,,,,0,,,,0.6351,127.09,0.5389,-397.38,1,30.0,joystick,+0.000,+0.000,+1.000,+0.000,1100,0,
1785506043.7457,2026-07-31T09:54:03.745,243.166,2448,,,,0,,,,0.6081,126.75,0.5119,-397.72,1,30.0,joystick,+0.000,+0.000,+1.000,-1.000,1100,0,
1785506043.8454,2026-07-31T09:54:03.845,243.266,2449,,,,0,,,,0.5886,126.68,0.4924,-397.79,1,30.0,joystick,+0.000,+0.000,+1.000,-1.000,1100,0,
1785506043.9452,2026-07-31T09:54:03.945,243.366,2450,,,,0,,,,0.5581,127.13,0.4619,-397.34,1,30.0,joystick,+0.000,+0.000,+1.000,-1.000,1100,0,
1785506044.0446,2026-07-31T09:54:04.044,243.465,2451,,,,0,,,,0.5450,128.38,0.4488,-396.09,1,30.0,joystick,+0.000,+0.000,+1.000,-1.000,1100,0,
1785506044.1445,2026-07-31T09:54:04.144,243.565,2452,,,,0,,,,0.5097,136.69,0.4135,-387.78,1,30.0,joystick,+0.000,+0.000,+1.000,-1.000,1100,0,
1785506044.2430,2026-07-31T09:54:04.243,243.664,2453,,,,0,,,,0.4778,147.76,0.3816,-376.71,1,30.0,joystick,+1.000,+0.000,+1.000,-1.000,1100,0,
1785506044.3421,2026-07-31T09:54:04.342,243.763,2454,,,,0,,,,0.4670,152.99,0.3708,-371.48,1,30.0,joystick,+1.000,+0.000,+1.000,+0.000,1100,0,
1785506044.4420,2026-07-31T09:54:04.442,243.863,2455,,,,0,,,,0.4394,161.29,0.3432,-363.18,1,30.0,joystick,+1.000,+0.000,+1.000,+0.000,1100,0,
1785506044.5411,2026-07-31T09:54:04.541,243.962,2456,,,,0,,,,0.4284,163.72,0.3322,-360.75,1,30.0,joystick,+1.000,+0.000,+1.000,+0.000,1100,0,
1785506044.6398,2026-07-31T09:54:04.639,244.060,2457,,,,0,,,,0.4020,166.66,0.3058,-357.81,1,30.0,joystick,+1.000,+0.000,+1.000,+0.000,1100,0,
1785506044.7388,2026-07-31T09:54:04.738,244.159,2458,,,,0,,,,0.3905,167.81,0.2943,-356.66,1,30.0,joystick,+1.000,+0.000,+1.000,+0.000,1100,0,
1785506044.8382,2026-07-31T09:54:04.838,244.259,2459,,,,0,,,,0.3790,169.59,0.2828,-354.88,1,30.0,joystick,+1.000,+0.000,+1.000,+0.000,1100,0,
1785506044.9386,2026-07-31T09:54:04.938,244.359,2460,,,,0,,,,0.3498,171.19,0.2535,-353.28,1,30.0,joystick,+1.000,+0.000,+1.000,+0.000,1100,0,
1785506045.0393,2026-07-31T09:54:05.039,244.460,2461,,,,0,,,,0.3449,171.87,0.2487,-352.60,1,30.0,joystick,+1.000,+0.000,+1.000,+0.000,1100,0,
1785506045.1382,2026-07-31T09:54:05.138,244.559,2462,,,,0,,,,0.3222,172.88,0.2260,-351.59,1,30.0,joystick,+1.000,+0.000,+1.000,+0.000,1100,0,
1785506045.2370,2026-07-31T09:54:05.237,244.658,2463,,,,0,,,,0.3199,173.23,0.2237,-351.24,1,30.0,joystick,+1.000,+0.000,+1.000,+0.000,1100,0,
1785506045.3375,2026-07-31T09:54:05.337,244.758,2464,,,,0,,,,0.3030,173.73,0.2068,-350.74,1,30.0,joystick,+1.000,+0.000,+1.000,+0.000,1100,0,
1785506045.4374,2026-07-31T09:54:05.437,244.858,2465,,,,0,,,,0.2962,174.10,0.2000,-350.37,1,30.0,joystick,+1.000,+0.000,+0.000,+0.000,1100,0,
1785506045.5361,2026-07-31T09:54:05.536,244.957,2466,,,,0,,,,0.2868,174.20,0.1906,-350.27,1,30.0,joystick,+1.000,+0.000,+0.000,+0.000,1100,0,
1785506045.6356,2026-07-31T09:54:05.635,245.056,2467,,,,0,,,,0.2713,174.13,0.1751,-350.34,1,30.0,joystick,+1.000,+0.000,+0.000,+0.000,1100,0,
1785506045.7351,2026-07-31T09:54:05.735,245.156,2468,,,,0,,,,0.2615,174.19,0.1653,-350.28,1,30.0,joystick,+1.000,+0.000,+0.000,+0.000,1100,0,
1785506045.8364,2026-07-31T09:54:05.836,245.257,2469,,,,0,,,,0.2649,174.23,0.1687,-350.24,1,30.0,joystick,+1.000,+0.000,+0.000,+0.000,1100,0,
1785506045.9355,2026-07-31T09:54:05.935,245.356,2470,,,,0,,,,0.2372,174.35,0.1410,-350.12,1,30.0,joystick,+1.000,+0.000,+0.000,+0.000,1100,0,
1785506046.0351,2026-07-31T09:54:06.035,245.456,2471,,,,0,,,,0.2106,174.42,0.1144,-350.05,1,30.0,joystick,+1.000,+0.000,+0.000,+0.000,1100,0,
1785506046.1345,2026-07-31T09:54:06.134,245.555,2472,,,,0,,,,0.1919,174.68,0.0957,-349.79,1,30.0,joystick,+1.000,+0.000,+0.000,+0.000,1100,0,
1785506046.2346,2026-07-31T09:54:06.234,245.655,2473,,,,0,,,,0.1727,175.06,0.0765,-349.41,1,30.0,joystick,+1.000,+0.000,+0.000,+0.000,1100,0,
1785506046.3349,2026-07-31T09:54:06.334,245.756,2474,,,,0,,,,0.1458,175.27,0.0496,-349.20,1,30.0,joystick,+1.000,+0.000,+0.000,+0.000,1100,0,
1785506046.4340,2026-07-31T09:54:06.434,245.855,2475,,,,0,,,,0.1186,175.79,0.0224,-348.68,1,30.0,joystick,+1.000,+0.000,+0.000,+0.000,1100,0,
1785506046.5345,2026-07-31T09:54:06.534,245.955,2476,,,,0,,,,0.1061,176.04,0.0099,-348.43,1,30.0,joystick,+1.000,+0.000,+0.000,+0.000,1100,0,
1785506046.6345,2026-07-31T09:54:06.634,246.055,2477,,,,0,,,,0.0768,176.41,-0.0194,-348.06,1,30.0,joystick,+1.000,+0.000,+0.000,+0.000,1100,0,
1785506046.7327,2026-07-31T09:54:06.732,246.153,2478,,,,0,,,,0.0601,176.80,-0.0361,-347.67,1,30.0,joystick,+1.000,+0.000,+0.000,+0.000,1100,0,
1785506046.8321,2026-07-31T09:54:06.832,246.253,2479,,,,0,,,,0.0420,176.95,-0.0542,-347.52,1,30.0,joystick,+1.000,+0.000,+0.000,+0.000,1100,0,
1785506046.9308,2026-07-31T09:54:06.930,246.351,2480,,,,0,,,,0.0393,177.22,-0.0569,-347.25,1,30.0,joystick,+1.000,+0.000,+0.000,+0.000,1100,0,
1785506047.0306,2026-07-31T09:54:07.030,246.451,2481,,,,0,,,,0.0263,177.32,-0.0699,-347.15,1,30.0,joystick,+1.000,+0.000,+0.000,+1.000,1100,0,
1785506047.1299,2026-07-31T09:54:07.129,246.551,2482,,,,0,,,,0.0173,175.76,-0.0789,-348.71,1,30.0,joystick,+1.000,+0.000,+0.000,+1.000,1100,0,
1785506047.2292,2026-07-31T09:54:07.229,246.650,2483,,,,0,,,,0.0131,171.45,-0.0831,-353.02,1,30.0,joystick,+1.000,+0.000,+0.000,+1.000,1100,0,
1785506047.3285,2026-07-31T09:54:07.328,246.749,2484,,,,0,,,,0.0076,168.82,-0.0886,-355.65,1,30.0,joystick,+1.000,+0.000,+0.000,+1.000,1100,0,
1785506047.4271,2026-07-31T09:54:07.427,246.848,2485,,,,0,,,,0.0073,162.75,-0.0889,-361.72,1,30.0,joystick,+1.000,+0.000,+0.000,+0.000,1100,0,
1785506047.5265,2026-07-31T09:54:07.526,246.947,2486,,,,0,,,,0.0182,159.38,-0.0780,-365.09,1,30.0,joystick,+1.000,+0.000,+0.000,+0.000,1100,0,
1785506047.6255,2026-07-31T09:54:07.625,247.046,2487,,,,0,,,,0.0233,152.17,-0.0729,-372.30,1,30.0,joystick,+1.000,+0.000,+0.000,+0.000,1100,0,
1785506047.7243,2026-07-31T09:54:07.724,247.145,2488,,,,0,,,,0.0309,145.41,-0.0654,-379.06,1,30.0,joystick,+1.000,+0.000,+0.000,+0.000,1100,0,
1785506047.8231,2026-07-31T09:54:07.823,247.244,2489,,,,0,,,,0.0356,142.97,-0.0607,-381.50,1,30.0,joystick,+1.000,+0.000,+0.000,+0.000,1100,0,
1785506047.9227,2026-07-31T09:54:07.922,247.343,2490,,,,0,,,,0.0578,138.93,-0.0384,-385.54,1,30.0,joystick,+1.000,+0.000,+0.000,+0.000,1100,0,
1785506048.0235,2026-07-31T09:54:08.023,247.444,2491,,,,0,,,,0.0641,137.14,-0.0321,-387.33,1,30.0,joystick,+1.000,+0.000,+0.000,+0.000,1100,0,
1785506048.1230,2026-07-31T09:54:08.123,247.544,2492,,,,0,,,,0.0763,133.73,-0.0199,-390.74,1,30.0,joystick,+1.000,+0.000,+0.000,+0.000,1100,0,
1785506048.2218,2026-07-31T09:54:08.221,247.642,2493,,,,0,,,,0.0780,131.70,-0.0182,-392.77,1,30.0,joystick,+1.000,+0.000,+0.000,-1.000,1100,0,
1785506048.3214,2026-07-31T09:54:08.321,247.742,2494,,,,0,,,,0.0883,132.15,-0.0079,-392.32,1,30.0,joystick,+1.000,+0.000,+0.000,-1.000,1100,0,
1785506048.4201,2026-07-31T09:54:08.420,247.841,2495,,,,0,,,,0.0824,134.63,-0.0138,-389.84,1,30.0,joystick,+1.000,+0.000,+0.000,-1.000,1100,0,
1785506048.5194,2026-07-31T09:54:08.519,247.940,2496,,,,0,,,,0.0860,136.42,-0.0102,-388.05,1,30.0,joystick,+1.000,+0.000,+0.000,-1.000,1100,0,
1785506048.6196,2026-07-31T09:54:08.619,248.040,2497,,,,0,,,,0.0868,140.84,-0.0094,-383.63,1,30.0,joystick,+1.000,+0.000,+0.000,+0.000,1100,0,
1785506048.7204,2026-07-31T09:54:08.720,248.141,2498,,,,0,,,,0.0932,143.39,-0.0030,-381.08,1,30.0,joystick,+1.000,+0.000,+0.000,+0.000,1100,0,
1785506048.8190,2026-07-31T09:54:08.819,248.240,2499,,,,0,,,,0.0823,148.96,-0.0139,-375.51,1,30.0,joystick,+1.000,+0.000,+0.000,+0.000,1100,0,
1785506048.9182,2026-07-31T09:54:08.918,248.339,2500,,,,0,,,,0.0807,153.67,-0.0155,-370.80,1,30.0,joystick,+1.000,+0.000,+0.000,+0.000,1100,0,
1785506049.0173,2026-07-31T09:54:09.017,248.438,2501,,,,0,,,,0.0709,155.00,-0.0253,-369.47,1,30.0,joystick,+1.000,+0.000,+0.000,+0.000,1100,0,
1785506049.1164,2026-07-31T09:54:09.116,248.537,2502,,,,0,,,,0.0631,157.07,-0.0331,-367.40,1,30.0,joystick,+1.000,+0.000,+0.000,+0.000,1100,0,
1785506049.2152,2026-07-31T09:54:09.215,248.636,2503,,,,0,,,,0.0596,158.03,-0.0366,-366.44,1,30.0,joystick,+1.000,+0.000,+0.000,+0.000,1100,0,
1785506049.3139,2026-07-31T09:54:09.313,248.735,2504,,,,0,,,,0.0717,159.95,-0.0245,-364.53,1,30.0,joystick,+1.000,+0.000,+0.000,+0.000,1100,0,
1785506049.4142,2026-07-31T09:54:09.414,248.835,2505,,,,0,,,,0.0525,160.87,-0.0437,-363.61,1,30.0,joystick,+1.000,+0.000,+0.000,+0.000,1100,0,
1785506049.5138,2026-07-31T09:54:09.513,248.934,2506,,,,0,,,,0.0575,162.67,-0.0387,-361.80,1,30.0,joystick,+1.000,+0.000,+0.000,+0.000,1100,0,
1785506049.6132,2026-07-31T09:54:09.613,249.034,2507,,,,0,,,,0.0422,164.24,-0.0540,-360.23,1,30.0,joystick,+1.000,+0.000,+0.000,+0.000,1100,0,
1785506049.7119,2026-07-31T09:54:09.711,249.133,2508,,,,0,,,,0.0312,164.96,-0.0650,-359.51,1,30.0,joystick,+1.000,+0.000,+0.000,+0.000,1100,0,
1785506049.8112,2026-07-31T09:54:09.811,249.232,2509,,,,0,,,,0.0311,166.30,-0.0651,-358.17,1,30.0,joystick,+1.000,+0.000,+0.000,+0.000,1100,0,
1785506049.9099,2026-07-31T09:54:09.909,249.331,2510,,,,0,,,,0.0279,166.96,-0.0683,-357.51,1,30.0,joystick,+1.000,+0.000,+0.000,+1.000,1100,0,
1785506050.0100,2026-07-31T09:54:10.009,249.431,2511,,,,0,,,,0.0280,166.93,-0.0682,-357.54,1,30.0,joystick,+1.000,+0.000,+0.000,+1.000,1100,0,
1785506050.1091,2026-07-31T09:54:10.109,249.530,2512,,,,0,,,,0.0203,163.80,-0.0760,-360.67,1,30.0,joystick,+1.000,+0.000,+0.000,+1.000,1100,0,
1785506050.2078,2026-07-31T09:54:10.207,249.629,2513,,,,0,,,,0.0156,161.63,-0.0806,-362.84,1,30.0,joystick,+1.000,+0.000,+0.000,+1.000,1100,0,
1785506050.3076,2026-07-31T09:54:10.307,249.728,2514,,,,0,,,,0.0142,156.29,-0.0821,-368.18,1,30.0,joystick,+1.000,+0.000,+0.000,+1.000,1100,0,
1785506050.4079,2026-07-31T09:54:10.407,249.829,2515,,,,0,,,,0.0189,149.76,-0.0773,-374.71,1,30.0,joystick,+1.000,+0.000,+0.000,+1.000,1100,0,
1785506050.5074,2026-07-31T09:54:10.507,249.928,2516,,,,0,,,,0.0146,146.33,-0.0816,-378.15,1,30.0,joystick,+1.000,+0.000,+0.000,+1.000,1100,0,
1785506050.6076,2026-07-31T09:54:10.607,250.028,2517,,,,0,,,,0.0232,139.03,-0.0730,-385.44,1,30.0,joystick,+0.820,+0.000,+0.000,+0.000,1100,0,
1785506050.7071,2026-07-31T09:54:10.707,250.128,2518,,,,0,,,,0.0269,135.32,-0.0693,-389.15,1,30.0,joystick,+0.000,+0.000,+0.000,+0.000,1100,0,
1785506050.8075,2026-07-31T09:54:10.807,250.228,2519,,,,0,,,,0.0225,130.47,-0.0737,-394.00,1,30.0,joystick,+0.000,+0.000,+0.000,+0.000,1100,0,
1785506050.9060,2026-07-31T09:54:10.906,250.327,2520,,,,0,,,,0.0354,127.05,-0.0608,-397.42,1,30.0,joystick,+0.000,+0.000,+0.000,+0.000,1100,0,
1785506051.0066,2026-07-31T09:54:11.006,250.427,2521,,,,0,,,,0.0403,125.59,-0.0559,-398.88,1,30.0,joystick,+0.000,+0.000,+0.000,+0.000,1100,0,
1785506051.1064,2026-07-31T09:54:11.106,250.527,2522,,,,0,,,,0.0436,122.95,-0.0526,-401.52,1,30.0,joystick,+0.000,+0.000,+0.000,+0.000,1100,0,
1785506051.2050,2026-07-31T09:54:11.204,250.626,2523,,,,0,,,,0.0443,121.77,-0.0519,-402.70,1,30.0,joystick,+0.000,+0.000,+0.000,-1.000,1100,0,
1785506051.3040,2026-07-31T09:54:11.303,250.725,2524,,,,0,,,,0.0421,119.69,-0.0541,-404.78,1,30.0,joystick,+0.000,+0.000,+0.000,-1.000,1100,0,
1785506051.4033,2026-07-31T09:54:11.403,250.824,2525,,,,0,,,,0.0534,120.54,-0.0428,-403.93,1,30.0,joystick,+0.000,+0.000,+0.000,-1.000,1100,0,
1785506051.5033,2026-07-31T09:54:11.503,250.924,2526,,,,0,,,,0.0447,122.59,-0.0515,-401.88,1,30.0,joystick,+0.000,+0.000,+0.000,-1.000,1100,0,
1785506051.6020,2026-07-31T09:54:11.602,251.023,2527,,,,0,,,,0.0594,129.89,-0.0368,-394.58,1,30.0,joystick,+0.000,+0.000,+1.000,-1.000,1100,0,
1785506051.7007,2026-07-31T09:54:11.700,251.121,2528,,,,0,,,,0.0632,134.45,-0.0330,-390.02,1,30.0,joystick,+0.000,+0.000,+1.000,+0.000,1100,0,
1785506051.8000,2026-07-31T09:54:11.800,251.221,2529,,,,0,,,,0.0581,139.23,-0.0382,-385.24,1,30.0,joystick,+0.000,+0.000,+1.000,+0.000,1100,0,
1785506051.8987,2026-07-31T09:54:11.898,251.319,2530,,,,0,,,,0.0587,140.57,-0.0375,-383.90,1,30.0,joystick,+0.000,+0.000,+1.000,+0.000,1100,0,
1785506051.9986,2026-07-31T09:54:11.998,251.419,2531,,,,0,,,,0.0564,142.63,-0.0399,-381.84,1,30.0,joystick,+0.000,+0.000,+1.000,+0.000,1100,0,
1785506052.0983,2026-07-31T09:54:12.098,251.519,2532,,,,0,,,,0.0428,144.17,-0.0534,-380.30,1,30.0,joystick,+0.000,+0.000,+1.000,+0.000,1100,0,
1785506052.1975,2026-07-31T09:54:12.197,251.618,2533,,,,0,,,,0.0380,144.80,-0.0582,-379.67,1,30.0,joystick,+0.000,+0.000,+1.000,+0.000,1100,0,
1785506052.2947,2026-07-31T09:54:12.294,251.715,2534,,,,0,,,,0.0221,145.85,-0.0741,-378.62,1,30.0,joystick,+0.000,+0.000,+1.000,+0.000,1100,0,
1785506052.3938,2026-07-31T09:54:12.393,251.814,2535,,,,0,,,,0.0183,146.30,-0.0779,-378.17,1,30.0,joystick,+0.000,+0.000,+1.000,+0.000,1100,0,
1785506052.4928,2026-07-31T09:54:12.492,251.913,2536,,,,0,,,,0.0116,147.07,-0.0846,-377.40,1,30.0,joystick,+0.000,+0.000,+1.000,+0.000,1100,0,
1785506052.5935,2026-07-31T09:54:12.593,252.014,2537,,,,0,,,,0.0091,147.55,-0.0871,-376.92,1,30.0,joystick,+0.000,+0.000,+1.000,+0.000,1100,0,
1785506052.6918,2026-07-31T09:54:12.691,252.112,2538,,,,0,,,,0.0133,147.63,-0.0830,-376.84,1,30.0,joystick,+0.000,+0.000,+1.000,+0.000,1100,0,
1785506052.7909,2026-07-31T09:54:12.790,252.212,2539,,,,0,,,,0.0233,147.59,-0.0729,-376.88,1,30.0,joystick,+0.000,+0.000,+1.000,+0.000,1100,0,
1785506052.8902,2026-07-31T09:54:12.890,252.311,2540,,,,0,,,,0.0191,147.45,-0.0772,-377.02,1,30.0,joystick,+0.000,+0.000,+1.000,+0.000,1100,0,
1785506052.9892,2026-07-31T09:54:12.989,252.410,2541,,,,0,,,,0.0314,147.17,-0.0649,-377.30,1,30.0,joystick,+0.000,+0.000,+0.000,+0.000,1100,0,
1785506053.0886,2026-07-31T09:54:13.088,252.509,2542,,,,0,,,,0.0300,147.07,-0.0662,-377.40,1,30.0,joystick,+0.000,+0.000,+0.000,-1.000,1100,0,
1785506053.1871,2026-07-31T09:54:13.187,252.608,2543,,,,0,,,,0.0334,146.82,-0.0629,-377.65,1,30.0,joystick,+0.000,+0.000,+0.000,-1.000,1100,0,
1785506053.2857,2026-07-31T09:54:13.285,252.706,2544,,,,0,,,,0.0342,147.06,-0.0620,-377.41,1,30.0,joystick,+0.000,+0.000,+0.000,-1.000,1100,0,
1785506053.3867,2026-07-31T09:54:13.386,252.807,2545,,,,0,,,,0.0367,148.35,-0.0595,-376.12,1,30.0,joystick,+0.000,+0.000,+0.000,-1.000,1100,0,
1785506053.4877,2026-07-31T09:54:13.487,252.908,2546,,,,0,,,,0.0397,156.25,-0.0565,-368.22,1,30.0,joystick,+0.000,+0.000,+0.000,+0.000,1100,0,
1785506053.5871,2026-07-31T09:54:13.587,253.008,2547,,,,0,,,,0.0501,161.11,-0.0461,-363.36,1,30.0,joystick,+0.000,+0.000,+0.000,+0.000,1100,0,
1785506053.6864,2026-07-31T09:54:13.686,253.107,2548,,,,0,,,,0.0520,165.90,-0.0442,-358.57,1,30.0,joystick,+0.000,+0.000,+0.000,+0.000,1100,0,
1785506053.7849,2026-07-31T09:54:13.784,253.206,2549,,,,0,,,,0.0501,168.26,-0.0461,-356.21,1,30.0,joystick,+1.000,+0.000,+0.000,+0.000,1100,0,
1785506053.8837,2026-07-31T09:54:13.883,253.304,2550,,,,0,,,,0.0526,167.85,-0.0436,-356.62,1,30.0,joystick,+1.000,+0.000,+0.000,+0.000,1100,0,
1785506053.9843,2026-07-31T09:54:13.984,253.405,2551,,,,0,,,,0.0450,164.70,-0.0512,-359.77,1,30.0,joystick,+1.000,+0.000,+0.000,+0.000,1100,0,
1785506054.0829,2026-07-31T09:54:14.082,253.504,2552,,,,0,,,,0.0438,163.23,-0.0524,-361.24,1,30.0,joystick,+1.000,+0.000,+0.000,+0.000,1100,0,
1785506054.1821,2026-07-31T09:54:14.182,253.603,2553,,,,0,,,,0.0582,161.39,-0.0380,-363.08,1,30.0,joystick,+1.000,+0.000,+0.000,+0.000,1100,0,
1785506054.2819,2026-07-31T09:54:14.281,253.703,2554,,,,0,,,,0.0573,160.06,-0.0389,-364.41,1,30.0,joystick,+1.000,+0.000,+0.000,+0.000,1100,0,
1785506054.3810,2026-07-31T09:54:14.380,253.802,2555,,,,0,,,,0.0548,159.54,-0.0414,-364.93,1,30.0,joystick,+1.000,+0.000,+0.000,+0.000,1100,0,
1785506054.4808,2026-07-31T09:54:14.480,253.901,2556,,,,0,,,,0.0397,158.77,-0.0566,-365.70,1,30.0,joystick,+1.000,+0.000,+0.000,+0.000,1100,0,
1785506054.5805,2026-07-31T09:54:14.580,254.001,2557,,,,0,,,,0.0482,158.52,-0.0480,-365.95,1,30.0,joystick,+1.000,+0.000,+0.000,+0.000,1100,0,
1785506054.6793,2026-07-31T09:54:14.679,254.100,2558,,,,0,,,,0.0415,158.42,-0.0547,-366.05,1,30.0,joystick,+1.000,+0.000,+0.000,+0.000,1100,0,
1785506054.7795,2026-07-31T09:54:14.779,254.200,2559,,,,0,,,,0.0249,158.66,-0.0713,-365.81,1,30.0,joystick,+1.000,+0.000,+0.000,+0.000,1100,0,
1785506054.8784,2026-07-31T09:54:14.878,254.299,2560,,,,0,,,,0.0237,158.89,-0.0725,-365.58,1,30.0,joystick,+1.000,+0.000,+0.000,+0.000,1100,0,
1785506054.9773,2026-07-31T09:54:14.977,254.398,2561,,,,0,,,,0.0227,159.62,-0.0736,-364.85,1,30.0,joystick,+1.000,+0.000,+0.000,+0.000,1100,0,
1785506055.0762,2026-07-31T09:54:15.076,254.497,2562,,,,0,,,,0.0169,159.95,-0.0793,-364.52,1,30.0,joystick,+1.000,+0.000,+0.000,+0.000,1100,0,
1785506055.1753,2026-07-31T09:54:15.175,254.596,2563,,,,0,,,,0.0081,160.56,-0.0881,-363.91,1,30.0,joystick,+1.000,+0.000,+0.000,+0.000,1100,0,
1785506055.2752,2026-07-31T09:54:15.275,254.696,2564,,,,0,,,,0.0330,161.02,-0.0632,-363.45,1,30.0,joystick,+1.000,+0.000,+0.000,+0.000,1100,0,
1785506055.3741,2026-07-31T09:54:15.374,254.795,2565,,,,0,,,,0.0190,161.29,-0.0772,-363.18,1,30.0,joystick,+1.000,+0.000,+0.000,+0.000,1100,0,
1785506055.4729,2026-07-31T09:54:15.472,254.894,2566,,,,0,,,,0.0342,161.91,-0.0620,-362.56,1,30.0,joystick,+1.000,+0.000,+0.000,+0.000,1100,0,
1785506055.5720,2026-07-31T09:54:15.572,254.993,2567,,,,0,,,,0.0308,162.18,-0.0654,-362.29,1,30.0,joystick,+1.000,+0.000,+0.000,+0.000,1100,0,
1785506055.6711,2026-07-31T09:54:15.671,255.092,2568,,,,0,,,,0.0449,162.57,-0.0513,-361.90,1,30.0,joystick,+1.000,+0.000,+0.000,+0.000,1100,0,
1785506055.7708,2026-07-31T09:54:15.770,255.192,2569,,,,0,,,,0.0601,162.77,-0.0361,-361.70,1,30.0,joystick,+1.000,+0.000,+0.000,+0.000,1100,0,
1785506055.8715,2026-07-31T09:54:15.871,255.292,2570,,,,0,,,,0.0522,162.88,-0.0440,-361.59,1,30.0,joystick,+1.000,+0.000,+0.000,+0.000,1100,0,
1785506055.9699,2026-07-31T09:54:15.969,255.391,2571,,,,0,,,,0.0731,163.13,-0.0231,-361.34,1,30.0,joystick,+1.000,+0.000,+0.000,+0.000,1100,0,
1785506056.0704,2026-07-31T09:54:16.070,255.491,2572,,,,0,,,,0.0741,163.27,-0.0221,-361.20,1,30.0,joystick,+1.000,+0.000,+0.000,+0.000,1100,0,
1785506056.1691,2026-07-31T09:54:16.169,255.590,2573,,,,0,,,,0.0741,163.57,-0.0221,-360.90,1,30.0,joystick,+1.000,+0.000,+0.000,+0.000,1100,0,
1785506056.2685,2026-07-31T09:54:16.268,255.689,2574,,,,0,,,,0.0719,163.80,-0.0243,-360.67,1,30.0,joystick,+1.000,+0.000,+0.000,+0.000,1100,0,
1785506056.3670,2026-07-31T09:54:16.367,255.788,2575,,,,0,,,,0.0805,164.30,-0.0157,-360.17,1,30.0,joystick,+1.000,+0.000,+0.000,+0.000,1100,0,
1785506056.4676,2026-07-31T09:54:16.467,255.888,2576,,,,0,,,,0.0735,164.75,-0.0227,-359.72,1,30.0,joystick,+1.000,+0.000,+0.000,+0.000,1100,0,
1785506056.5666,2026-07-31T09:54:16.566,255.987,2577,,,,0,,,,0.0781,164.98,-0.0181,-359.49,1,30.0,joystick,+1.000,+0.000,+0.000,+0.000,1100,0,
1785506056.6665,2026-07-31T09:54:16.666,256.087,2578,,,,0,,,,0.0717,165.50,-0.0245,-358.97,1,30.0,joystick,+1.000,+0.000,+0.000,+0.000,1100,0,
1785506056.7656,2026-07-31T09:54:16.765,256.186,2579,,,,0,,,,0.0757,165.77,-0.0206,-358.70,1,30.0,joystick,+0.000,+0.000,+0.000,+0.000,1100,0,
1785506056.8643,2026-07-31T09:54:16.864,256.285,2580,,,,0,,,,0.0765,166.25,-0.0197,-358.22,1,30.0,joystick,+0.000,+0.000,+0.000,+0.000,1100,0,
1785506056.9634,2026-07-31T09:54:16.963,256.384,2581,,,,0,,,,0.0744,166.52,-0.0218,-357.95,1,30.0,joystick,+0.000,+0.000,+0.000,+0.000,1100,0,
1785506057.0631,2026-07-31T09:54:17.063,256.484,2582,,,,0,,,,0.0720,166.98,-0.0242,-357.50,1,30.0,joystick,+0.000,+0.000,+0.000,+0.000,1100,0,
1785506057.1620,2026-07-31T09:54:17.162,256.583,2583,,,,0,,,,0.0697,167.25,-0.0265,-357.22,1,30.0,joystick,+0.000,+0.000,+0.000,+0.000,1100,0,
1785506057.2604,2026-07-31T09:54:17.260,256.681,2584,,,,0,,,,0.0734,167.35,-0.0228,-357.12,1,30.0,joystick,+0.000,+0.000,+0.000,+0.000,1100,0,
1785506057.3591,2026-07-31T09:54:17.359,256.780,2585,,,,0,,,,0.0673,167.47,-0.0290,-357.00,1,30.0,joystick,+0.000,+0.000,+0.000,-1.000,1100,0,
1785506057.4588,2026-07-31T09:54:17.458,256.879,2586,,,,0,,,,0.0652,167.49,-0.0310,-356.98,1,30.0,joystick,+0.000,+0.000,+0.000,-1.000,1100,0,
1785506057.5585,2026-07-31T09:54:17.558,256.979,2587,,,,0,,,,0.0661,167.96,-0.0301,-356.51,1,30.0,joystick,+0.000,+0.000,+0.000,-1.000,1100,0,
1785506057.6575,2026-07-31T09:54:17.657,257.078,2588,,,,0,,,,0.0713,172.56,-0.0249,-351.91,1,30.0,joystick,+0.000,+0.000,+0.000,-1.000,1100,0,
1785506057.7563,2026-07-31T09:54:17.756,257.177,2589,,,,0,,,,0.0682,177.15,-0.0280,-347.33,1,30.0,joystick,+0.000,+0.000,+0.000,-1.000,1100,0,
1785506057.8557,2026-07-31T09:54:17.855,257.276,2590,,,,0,,,,0.0658,-172.25,-0.0304,-336.72,1,30.0,joystick,+0.000,+0.000,+0.000,-1.000,1100,0,
1785506057.9556,2026-07-31T09:54:17.955,257.376,2591,,,,0,,,,0.0834,-160.43,-0.0128,-324.90,1,30.0,joystick,+0.000,+0.000,+0.000,-1.000,1100,0,
1785506058.0549,2026-07-31T09:54:18.054,257.476,2592,,,,0,,,,0.0806,-154.46,-0.0156,-318.93,1,30.0,joystick,+0.000,+0.000,+0.000,-1.000,1100,0,
1785506058.1546,2026-07-31T09:54:18.154,257.575,2593,,,,0,,,,0.0778,-142.69,-0.0184,-307.16,1,30.0,joystick,+0.000,+0.000,+0.000,-1.000,1100,0,
1785506058.2534,2026-07-31T09:54:18.253,257.674,2594,,,,0,,,,0.0808,-137.01,-0.0154,-301.48,1,30.0,joystick,+0.000,+0.000,+0.000,-1.000,1100,0,
1785506058.3518,2026-07-31T09:54:18.351,257.772,2595,,,,0,,,,0.0843,-125.95,-0.0119,-290.42,1,30.0,joystick,-1.000,+0.000,+0.000,-1.000,1100,0,
1785506058.4525,2026-07-31T09:54:18.452,257.873,2596,,,,0,,,,0.0809,-121.44,-0.0153,-285.91,1,30.0,joystick,-1.000,+0.000,+0.000,-1.000,1100,0,
1785506058.5513,2026-07-31T09:54:18.551,257.972,2597,,,,0,,,,0.0825,-113.77,-0.0138,-278.24,1,30.0,joystick,+1.000,+0.000,+0.000,-1.000,1100,0,
1785506058.6506,2026-07-31T09:54:18.650,258.071,2598,,,,0,,,,0.0830,-109.09,-0.0132,-273.56,1,30.0,joystick,+1.000,+0.000,+0.000,-1.000,1100,0,
1785506058.7502,2026-07-31T09:54:18.750,258.171,2599,,,,0,,,,0.0787,-107.48,-0.0175,-271.95,1,30.0,joystick,+1.000,+0.000,+0.000,-1.000,1100,0,
1785506058.8498,2026-07-31T09:54:18.849,258.270,2600,,,,0,,,,0.0807,-104.22,-0.0155,-268.70,1,30.0,joystick,+1.000,+0.000,+0.000,-1.000,1100,0,
1785506058.9493,2026-07-31T09:54:18.949,258.370,2601,,,,0,,,,0.0838,-101.60,-0.0124,-266.07,1,30.0,joystick,+1.000,+0.000,+0.000,-1.000,1100,0,
1785506059.0482,2026-07-31T09:54:19.048,258.469,2602,,,,0,,,,0.0724,-95.28,-0.0238,-259.75,1,30.0,joystick,+1.000,+0.000,+0.000,-1.000,1100,0,
1785506059.1476,2026-07-31T09:54:19.147,258.568,2603,,,,0,,,,0.0829,-88.72,-0.0133,-253.19,1,30.0,joystick,+1.000,+0.000,+0.000,-1.000,1100,0,
1785506059.2471,2026-07-31T09:54:19.247,258.668,2604,,,,0,,,,0.0891,-85.39,-0.0071,-249.86,1,30.0,joystick,+1.000,+0.000,+0.000,-1.000,1100,0,
1785506059.3463,2026-07-31T09:54:19.346,258.767,2605,,,,0,,,,0.0854,-78.46,-0.0108,-242.93,1,30.0,joystick,+1.000,+1.000,+0.000,-1.000,1100,0,
1785506059.4463,2026-07-31T09:54:19.446,258.867,2606,,,,0,,,,0.0910,-74.74,-0.0052,-239.21,1,30.0,joystick,+1.000,+1.000,+0.000,-1.000,1100,0,
1785506059.5463,2026-07-31T09:54:19.546,258.967,2607,,,,0,,,,0.0885,-66.85,-0.0077,-231.32,1,30.0,joystick,+1.000,+1.000,+0.000,-1.000,1100,0,
1785506059.6449,2026-07-31T09:54:19.644,259.066,2608,,,,0,,,,0.0742,-58.64,-0.0221,-223.11,1,30.0,joystick,+1.000,+1.000,+0.000,-1.000,1100,0,
1785506059.7450,2026-07-31T09:54:19.745,259.166,2609,,,,0,,,,0.0691,-54.49,-0.0272,-218.96,1,30.0,joystick,+1.000,+1.000,+0.000,-1.000,1100,0,
1785506059.8445,2026-07-31T09:54:19.844,259.265,2610,,,,0,,,,0.0641,-46.45,-0.0321,-210.92,1,30.0,joystick,+0.398,+0.000,+0.000,+0.000,1100,0,
1785506059.9436,2026-07-31T09:54:19.943,259.364,2611,,,,0,,,,0.0643,-43.63,-0.0319,-208.10,1,30.0,joystick,+0.000,+0.000,+0.000,+0.000,1100,0,
1785506060.0432,2026-07-31T09:54:20.043,259.464,2612,,,,0,,,,0.0569,-39.75,-0.0394,-204.22,1,30.0,joystick,+0.000,+0.000,+0.000,+0.000,1100,0,
1785506060.1426,2026-07-31T09:54:20.142,259.563,2613,,,,0,,,,0.0505,-36.84,-0.0457,-201.31,1,30.0,joystick,+0.000,+0.000,+0.000,+0.000,1100,0,
1785506060.2417,2026-07-31T09:54:20.241,259.662,2614,,,,0,,,,0.0406,-35.60,-0.0557,-200.07,1,30.0,joystick,+0.000,+0.000,+0.000,+0.000,1100,0,
1785506060.3411,2026-07-31T09:54:20.341,259.762,2615,,,,0,,,,0.0299,-33.48,-0.0663,-197.95,1,30.0,joystick,+0.000,+0.000,+0.000,+0.000,1100,0,
1785506060.4406,2026-07-31T09:54:20.440,259.861,2616,,,,0,,,,0.0309,-32.60,-0.0654,-197.07,1,30.0,joystick,+0.000,+0.000,+0.000,+0.000,1100,0,
1785506060.5390,2026-07-31T09:54:20.538,259.960,2617,,,,0,,,,0.0289,-31.18,-0.0673,-195.65,1,30.0,joystick,+0.000,+0.000,+0.000,+0.000,1100,0,
1785506060.6393,2026-07-31T09:54:20.639,260.060,2618,,,,0,,,,0.0253,-30.59,-0.0710,-195.06,1,30.0,joystick,+0.000,+0.000,+0.000,+0.000,1100,0,
1785506060.7385,2026-07-31T09:54:20.738,260.159,2619,,,,0,,,,0.0248,-29.58,-0.0714,-194.05,1,30.0,joystick,+0.000,+1.000,+0.000,+0.000,1100,0,
1785506060.8373,2026-07-31T09:54:20.837,260.258,2620,,,,0,,,,0.0268,-28.68,-0.0694,-193.15,1,30.0,joystick,+0.000,+1.000,+0.000,+0.000,1100,0,
1785506060.9372,2026-07-31T09:54:20.937,260.358,2621,,,,0,,,,0.0271,-28.28,-0.0692,-192.75,1,30.0,joystick,+0.000,+0.000,+0.000,+0.000,1100,0,
1785506061.0367,2026-07-31T09:54:21.036,260.457,2622,,,,0,,,,0.0312,-27.61,-0.0650,-192.08,1,30.0,joystick,+0.000,+0.000,+0.000,+0.000,1100,0,
1785506061.1367,2026-07-31T09:54:21.136,260.557,2623,,,,0,,,,0.0272,-27.29,-0.0690,-191.76,1,30.0,joystick,+0.000,+0.000,+1.000,+0.000,1100,0,
1785506061.2365,2026-07-31T09:54:21.236,260.657,2624,,,,0,,,,0.0298,-26.68,-0.0664,-191.15,1,30.0,joystick,+0.000,+0.000,+1.000,+0.000,1100,0,
1785506061.3367,2026-07-31T09:54:21.336,260.757,2625,,,,0,,,,0.0337,-26.17,-0.0625,-190.64,1,30.0,joystick,+0.000,+0.000,+1.000,+0.000,1100,0,
1785506061.4360,2026-07-31T09:54:21.436,260.857,2626,,,,0,,,,0.0370,-25.97,-0.0592,-190.45,1,30.0,joystick,+0.000,+0.000,+1.000,+0.000,1100,0,
1785506061.5363,2026-07-31T09:54:21.536,260.957,2627,,,,0,,,,0.0279,-25.55,-0.0683,-190.02,1,30.0,joystick,+0.000,+0.000,+1.000,+0.000,1100,0,
1785506061.6355,2026-07-31T09:54:21.635,261.056,2628,,,,0,,,,0.0230,-25.33,-0.0732,-189.80,1,30.0,joystick,+0.000,+0.000,+1.000,+0.000,1100,0,
1785506061.7342,2026-07-31T09:54:21.734,261.155,2629,,,,0,,,,0.0224,-24.88,-0.0738,-189.35,1,30.0,joystick,+0.000,+0.000,+1.000,+0.000,1100,0,
1785506061.8332,2026-07-31T09:54:21.833,261.254,2630,,,,0,,,,0.0183,-24.50,-0.0779,-188.97,1,30.0,joystick,+0.000,+0.000,+1.000,+0.000,1100,0,
1785506061.9325,2026-07-31T09:54:21.932,261.353,2631,,,,0,,,,0.0197,-24.27,-0.0765,-188.74,1,30.0,joystick,+0.000,+0.000,+1.000,+0.000,1100,0,
1785506062.0316,2026-07-31T09:54:22.031,261.452,2632,,,,0,,,,0.0145,-23.93,-0.0817,-188.40,1,30.0,joystick,+0.000,+0.000,+1.000,+0.000,1100,0,
1785506062.1299,2026-07-31T09:54:22.129,261.551,2633,,,,0,,,,0.0150,-23.80,-0.0812,-188.27,1,30.0,joystick,+0.000,+0.000,+1.000,+0.000,1100,0,
1785506062.2300,2026-07-31T09:54:22.230,261.651,2634,,,,0,,,,0.0138,-23.61,-0.0824,-188.08,1,30.0,joystick,+0.000,+0.000,+1.000,+0.000,1100,0,
1785506062.3295,2026-07-31T09:54:22.329,261.750,2635,,,,0,,,,0.0220,-23.56,-0.0742,-188.03,1,30.0,joystick,+0.000,+0.000,+1.000,+0.000,1100,0,
1785506062.4279,2026-07-31T09:54:22.427,261.849,2636,,,,0,,,,0.0261,-23.58,-0.0701,-188.05,1,30.0,joystick,+0.000,+0.000,+0.000,+0.000,1100,0,
1785506062.5282,2026-07-31T09:54:22.528,261.949,2637,,,,0,,,,0.0243,-23.55,-0.0719,-188.02,1,30.0,joystick,+0.000,+0.000,+0.000,+0.000,1100,0,
1785506062.6275,2026-07-31T09:54:22.627,262.048,2638,,,,0,,,,0.0296,-23.52,-0.0666,-187.99,1,30.0,joystick,+0.000,+0.000,+0.000,+0.000,1100,0,
1785506062.7271,2026-07-31T09:54:22.727,262.148,2639,,,,0,,,,0.0243,-23.46,-0.0719,-187.93,1,30.0,joystick,+0.000,+0.000,+0.000,+0.000,1100,0,
1785506062.8260,2026-07-31T09:54:22.826,262.247,2640,,,,0,,,,0.0337,-23.46,-0.0625,-187.93,1,30.0,joystick,+0.000,+0.000,+0.000,+0.000,1100,0,
1785506062.9257,2026-07-31T09:54:22.925,262.346,2641,,,,0,,,,0.0323,-23.47,-0.0639,-187.94,1,30.0,joystick,+0.000,+0.000,+0.000,+0.000,1100,0,
1785506063.0252,2026-07-31T09:54:23.025,262.446,2642,,,,0,,,,0.0312,-23.54,-0.0650,-188.01,1,30.0,joystick,+0.000,+0.000,+0.000,+0.000,1100,0,
1785506063.1246,2026-07-31T09:54:23.124,262.545,2643,,,,0,,,,0.0286,-23.59,-0.0676,-188.06,1,30.0,joystick,+0.000,+0.000,+0.000,+0.000,1100,0,
1785506063.2233,2026-07-31T09:54:23.223,262.644,2644,,,,0,,,,0.0341,-23.75,-0.0622,-188.22,1,30.0,joystick,+0.000,+0.000,+0.000,+0.000,1100,0,
1785506063.3226,2026-07-31T09:54:23.322,262.743,2645,,,,0,,,,0.0317,-23.85,-0.0645,-188.32,1,30.0,joystick,+0.000,+0.000,+0.000,+0.000,1100,0,
1785506063.4210,2026-07-31T09:54:23.421,262.842,2646,,,,0,,,,0.0339,-24.08,-0.0623,-188.55,1,30.0,joystick,+0.000,+0.000,+0.000,+0.000,1100,0,
1785506063.5204,2026-07-31T09:54:23.520,262.941,2647,,,,0,,,,0.0333,-24.27,-0.0629,-188.74,1,30.0,joystick,+0.000,+0.000,+0.000,+0.000,1100,0,
1785506063.6195,2026-07-31T09:54:23.619,263.040,2648,,,,0,,,,0.0377,-24.37,-0.0585,-188.84,1,30.0,joystick,+0.000,+0.000,+0.000,+0.000,1100,0,
1785506063.7189,2026-07-31T09:54:23.718,263.140,2649,,,,0,,,,0.0367,-24.61,-0.0595,-189.08,1,30.0,joystick,+0.000,+0.000,+0.000,+0.000,1100,0,
1785506063.8191,2026-07-31T09:54:23.819,263.240,2650,,,,0,,,,0.0380,-24.74,-0.0583,-189.21,1,30.0,joystick,+0.000,+0.000,+0.000,+0.000,1100,0,
1785506063.9188,2026-07-31T09:54:23.918,263.339,2651,,,,0,,,,0.0353,-24.98,-0.0609,-189.45,1,30.0,joystick,+0.000,+0.000,+0.000,+0.000,1100,0,
1785506064.0186,2026-07-31T09:54:24.018,263.439,2652,,,,0,,,,0.0370,-25.09,-0.0592,-189.56,1,30.0,joystick,+0.000,+0.000,+0.000,+0.000,1100,0,
1785506064.1172,2026-07-31T09:54:24.117,263.538,2653,,,,0,,,,0.0368,-25.30,-0.0594,-189.77,1,30.0,joystick,+0.000,+0.000,+0.000,+0.000,1100,0,
1785506064.2161,2026-07-31T09:54:24.216,263.637,2654,,,,0,,,,0.0298,-25.54,-0.0664,-190.01,1,30.0,joystick,+0.000,+0.000,+0.000,+0.000,1100,0,
1785506064.3149,2026-07-31T09:54:24.314,263.736,2655,,,,0,,,,0.0296,-25.70,-0.0666,-190.17,1,30.0,joystick,+0.000,+0.000,+0.000,+0.000,1100,0,
1785506064.4153,2026-07-31T09:54:24.415,263.836,2656,,,,0,,,,0.0317,-26.01,-0.0645,-190.48,1,30.0,joystick,+0.000,+0.000,+0.000,+0.000,1100,0,
1785506064.5144,2026-07-31T09:54:24.514,263.935,2657,,,,0,,,,0.0323,-26.14,-0.0639,-190.61,1,30.0,joystick,+0.000,+0.000,+0.000,+0.000,1100,0,
1785506064.6140,2026-07-31T09:54:24.614,264.035,2658,,,,0,,,,0.0319,-26.36,-0.0643,-190.83,1,30.0,joystick,+0.000,+0.000,+0.000,+0.000,1100,0,
1785506064.7134,2026-07-31T09:54:24.713,264.134,2659,,,,0,,,,0.0304,-26.64,-0.0658,-191.12,1,30.0,joystick,+0.000,+0.000,+0.000,+0.000,1100,0,
1785506064.8118,2026-07-31T09:54:24.811,264.232,2660,,,,0,,,,0.0304,-26.82,-0.0658,-191.29,1,30.0,joystick,+0.000,+0.000,+0.000,+0.000,1100,0,
1785506064.9124,2026-07-31T09:54:24.912,264.333,2661,,,,0,,,,0.0316,-27.16,-0.0646,-191.63,1,30.0,joystick,+0.000,+0.000,+0.000,+0.000,1100,0,
1785506065.0114,2026-07-31T09:54:25.011,264.432,2662,,,,0,,,,0.0300,-27.32,-0.0662,-191.79,1,30.0,joystick,+0.000,+0.000,+0.000,+0.000,1100,0,
1785506065.1102,2026-07-31T09:54:25.110,264.531,2663,,,,0,,,,0.0299,-27.63,-0.0663,-192.10,1,30.0,joystick,+0.000,+0.000,+0.000,+0.000,1100,0,
1785506065.2092,2026-07-31T09:54:25.209,264.630,2664,,,,0,,,,0.0295,-27.92,-0.0667,-192.39,1,30.0,joystick,+0.000,+0.000,+0.000,+0.000,1100,0,
1785506065.3087,2026-07-31T09:54:25.308,264.729,2665,,,,0,,,,0.0287,-28.07,-0.0675,-192.54,1,30.0,joystick,+0.000,+0.000,+0.000,+0.000,1100,0,
1785506065.4084,2026-07-31T09:54:25.408,264.829,2666,,,,0,,,,0.0351,-28.40,-0.0611,-192.87,1,30.0,joystick,+0.000,+0.000,+0.000,+0.000,1100,0,
1785506065.5079,2026-07-31T09:54:25.507,264.929,2667,,,,0,,,,0.0338,-28.57,-0.0624,-193.04,1,30.0,joystick,+0.000,+0.000,+0.000,+0.000,1100,0,
1785506065.6071,2026-07-31T09:54:25.607,265.028,2668,,,,0,,,,0.0313,-28.90,-0.0649,-193.37,1,30.0,joystick,+0.000,+0.000,+0.000,+0.000,1100,0,
1785506065.7063,2026-07-31T09:54:25.706,265.127,2669,,,,0,,,,0.0279,-29.17,-0.0683,-193.64,1,30.0,joystick,+0.000,+0.000,+0.000,+0.000,1100,0,
1785506065.8057,2026-07-31T09:54:25.805,265.226,2670,,,,0,,,,0.0311,-29.30,-0.0651,-193.77,1,30.0,joystick,+0.000,+0.000,+0.000,+0.000,1100,0,
1785506065.9046,2026-07-31T09:54:25.904,265.325,2671,,,,0,,,,0.0310,-29.58,-0.0652,-194.05,1,30.0,joystick,+0.000,+0.000,+0.000,+0.000,1100,0,
1785506066.0032,2026-07-31T09:54:26.003,265.424,2672,,,,0,,,,0.0353,-29.73,-0.0609,-194.20,1,30.0,joystick,+0.000,+0.000,+0.000,+0.000,1100,0,
1785506066.1027,2026-07-31T09:54:26.102,265.523,2673,,,,0,,,,0.0349,-30.05,-0.0614,-194.52,1,30.0,joystick,+0.000,+0.000,+0.000,+0.000,1100,0,
1785506066.2021,2026-07-31T09:54:26.202,265.623,2674,,,,0,,,,0.0368,-30.35,-0.0594,-194.82,1,30.0,joystick,+0.000,+0.000,+0.000,+0.000,1100,0,
1785506066.3016,2026-07-31T09:54:26.301,265.722,2675,,,,0,,,,0.0374,-30.50,-0.0588,-194.97,1,30.0,joystick,+0.000,+0.000,+0.000,+0.000,1100,0,
1785506066.4001,2026-07-31T09:54:26.400,265.821,2676,,,,0,,,,0.0326,-30.79,-0.0637,-195.26,1,30.0,joystick,+0.000,+0.000,+0.000,+0.000,1100,0,
1785506066.5003,2026-07-31T09:54:26.500,265.921,2677,,,,0,,,,0.0276,-30.95,-0.0686,-195.43,1,30.0,joystick,+0.000,+0.000,+0.000,+0.000,1100,0,
1785506066.5993,2026-07-31T09:54:26.599,266.020,2678,,,,0,,,,0.0339,-31.29,-0.0623,-195.76,1,30.0,joystick,+0.000,+0.000,+0.000,+0.000,1100,0,
1785506066.6987,2026-07-31T09:54:26.698,266.119,2679,,,,0,,,,0.0365,-31.58,-0.0597,-196.05,1,30.0,joystick,+0.000,+0.000,+0.000,+0.000,1100,0,
1785506066.7968,2026-07-31T09:54:26.796,266.217,2680,,,,0,,,,0.0332,-31.72,-0.0630,-196.19,1,30.0,joystick,+0.000,+0.000,+0.000,+0.000,1100,0,
1785506066.8975,2026-07-31T09:54:26.897,266.318,2681,,,,0,,,,0.0291,-32.07,-0.0671,-196.54,1,30.0,joystick,+0.000,+0.000,+0.000,+0.000,1100,0,
1785506066.9961,2026-07-31T09:54:26.996,266.417,2682,,,,0,,,,0.0349,-32.27,-0.0613,-196.74,1,30.0,joystick,+0.000,+0.000,+0.000,+0.000,1100,0,
1785506067.0950,2026-07-31T09:54:27.094,266.516,2683,,,,0,,,,0.0317,-32.60,-0.0645,-197.07,1,30.0,joystick,+0.867,+0.000,+0.000,+0.000,1100,0,
1785506067.1946,2026-07-31T09:54:27.194,266.615,2684,,,,0,,,,0.0332,-32.88,-0.0630,-197.35,1,30.0,joystick,+0.000,+0.000,+0.000,+0.000,1100,0,
1785506067.2920,2026-07-31T09:54:27.292,266.713,2685,,,,0,,,,0.0391,-33.05,-0.0571,-197.52,1,30.0,joystick,+0.000,+0.000,+0.000,+0.000,1100,0,
1785506067.3914,2026-07-31T09:54:27.391,266.812,2686,,,,0,,,,0.0315,-33.40,-0.0648,-197.87,1,30.0,joystick,+0.000,+0.000,+0.000,+0.000,1100,0,
1785506067.4904,2026-07-31T09:54:27.490,266.911,2687,,,,0,,,,0.0317,-33.56,-0.0645,-198.03,1,30.0,joystick,+0.000,+0.000,+0.000,+0.000,1100,0,
1785506067.5895,2026-07-31T09:54:27.589,267.010,2688,,,,0,,,,0.0318,-33.83,-0.0644,-198.30,1,30.0,joystick,+0.000,+0.000,+0.000,+0.000,1100,0,
1785506067.6880,2026-07-31T09:54:27.688,267.109,2689,,,,0,,,,0.0358,-33.97,-0.0604,-198.44,1,30.0,joystick,+0.000,+0.000,+0.000,+0.000,1100,0,
1785506067.7883,2026-07-31T09:54:27.788,267.209,2690,,,,0,,,,0.0347,-34.25,-0.0615,-198.72,1,30.0,joystick,+0.000,+0.000,+0.000,+0.000,1100,0,
1785506067.8879,2026-07-31T09:54:27.887,267.309,2691,,,,0,,,,0.0325,-34.59,-0.0637,-199.06,1,30.0,joystick,+0.000,+0.000,+0.000,+0.000,1100,0,
1785506067.9872,2026-07-31T09:54:27.987,267.408,2692,,,,0,,,,0.0286,-34.77,-0.0676,-199.24,1,30.0,joystick,+0.000,+0.000,+0.000,+0.000,1100,0,
1785506068.0866,2026-07-31T09:54:28.086,267.507,2693,,,,0,,,,0.0303,-35.09,-0.0659,-199.56,1,30.0,joystick,+0.000,+0.000,+0.000,+0.000,1100,0,
1785506068.1855,2026-07-31T09:54:28.185,267.606,2694,,,,0,,,,0.0320,-35.25,-0.0642,-199.72,1,30.0,joystick,+0.000,+0.000,+1.000,+0.000,1100,0,
1785506068.2845,2026-07-31T09:54:28.284,267.705,2695,,,,0,,,,0.0285,-35.61,-0.0677,-200.08,1,30.0,joystick,+0.000,+0.000,+1.000,+0.000,1100,0,
1785506068.3837,2026-07-31T09:54:28.383,267.804,2696,,,,0,,,,0.0302,-35.99,-0.0660,-200.46,1,30.0,joystick,+0.000,+0.000,+1.000,+0.000,1100,0,
1785506068.4838,2026-07-31T09:54:28.483,267.904,2697,,,,0,,,,0.0283,-36.17,-0.0680,-200.64,1,30.0,joystick,+0.000,+0.000,+1.000,+0.000,1100,0,
1785506068.5842,2026-07-31T09:54:28.584,268.005,2698,,,,0,,,,0.0215,-36.45,-0.0748,-200.92,1,30.0,joystick,+0.000,+0.000,+1.000,+0.000,1100,0,
1785506068.6834,2026-07-31T09:54:28.683,268.104,2699,,,,0,,,,0.0228,-36.56,-0.0734,-201.03,1,30.0,joystick,+0.000,+0.000,+1.000,+0.000,1100,0,
1785506068.7828,2026-07-31T09:54:28.782,268.203,2700,,,,0,,,,0.0222,-36.84,-0.0740,-201.31,1,30.0,joystick,+0.000,+0.000,+1.000,+0.000,1100,0,
1785506068.8823,2026-07-31T09:54:28.882,268.303,2701,,,,0,,,,0.0153,-37.06,-0.0809,-201.53,1,30.0,joystick,+0.000,+0.000,+0.000,+0.000,1100,0,
1785506068.9818,2026-07-31T09:54:28.981,268.402,2702,,,,0,,,,0.0186,-37.20,-0.0776,-201.67,1,30.0,joystick,+0.000,+1.000,+0.000,+0.000,1100,0,
1785506069.0811,2026-07-31T09:54:29.081,268.502,2703,,,,0,,,,0.0166,-37.57,-0.0796,-202.04,1,30.0,joystick,+0.000,+1.000,+0.000,+0.000,1100,0,
1785506069.1804,2026-07-31T09:54:29.180,268.601,2704,,,,0,,,,0.0263,-37.68,-0.0699,-202.15,1,30.0,joystick,+0.000,+1.000,+0.000,+0.000,1100,0,
1785506069.2799,2026-07-31T09:54:29.279,268.701,2705,,,,0,,,,0.0263,-37.64,-0.0699,-202.12,1,30.0,joystick,+0.000,+1.000,+0.000,+0.000,1100,0,
1785506069.3796,2026-07-31T09:54:29.379,268.800,2706,,,,0,,,,0.0280,-37.62,-0.0682,-202.09,1,30.0,joystick,+0.000,+1.000,+0.000,+0.000,1100,0,
1785506069.4778,2026-07-31T09:54:29.477,268.898,2707,,,,0,,,,0.0309,-37.79,-0.0653,-202.26,1,30.0,joystick,+0.000,+1.000,+0.000,+0.000,1100,0,
1785506069.5770,2026-07-31T09:54:29.576,268.998,2708,,,,0,,,,0.0388,-38.28,-0.0574,-202.75,1,30.0,joystick,+0.000,+1.000,+0.000,+0.000,1100,0,
1785506069.6762,2026-07-31T09:54:29.676,269.097,2709,,,,0,,,,0.0412,-38.62,-0.0550,-203.09,1,30.0,joystick,+0.000,+1.000,+0.000,+0.000,1100,0,
1785506069.7752,2026-07-31T09:54:29.775,269.196,2710,,,,0,,,,0.0407,-39.68,-0.0555,-204.15,1,30.0,joystick,+0.000,+1.000,+0.000,+0.000,1100,0,
1785506069.8744,2026-07-31T09:54:29.874,269.295,2711,,,,0,,,,0.0421,-40.36,-0.0541,-204.83,1,30.0,joystick,+0.000,+1.000,+0.000,+0.000,1100,0,
1785506069.9737,2026-07-31T09:54:29.973,269.394,2712,,,,0,,,,0.0393,-41.75,-0.0569,-206.22,1,30.0,joystick,+0.000,+1.000,+0.000,+0.000,1100,0,
1785506070.0719,2026-07-31T09:54:30.071,269.493,2713,,,,0,,,,0.0425,-43.07,-0.0537,-207.54,1,30.0,joystick,+0.000,+1.000,+0.000,+0.000,1100,0,
1785506070.1710,2026-07-31T09:54:30.170,269.592,2714,,,,0,,,,0.0447,-43.74,-0.0515,-208.21,1,30.0,joystick,+0.000,+1.000,+0.000,+0.000,1100,0,
1785506070.2712,2026-07-31T09:54:30.271,269.692,2715,,,,0,,,,0.0429,-45.14,-0.0533,-209.62,1,30.0,joystick,+0.000,+1.000,+0.000,+0.000,1100,0,
1785506070.3717,2026-07-31T09:54:30.371,269.792,2716,,,,0,,,,0.0451,-45.83,-0.0511,-210.31,1,30.0,joystick,+0.000,+1.000,+0.000,+0.000,1100,0,
1785506070.4724,2026-07-31T09:54:30.472,269.893,2717,,,,0,,,,0.0465,-47.43,-0.0497,-211.90,1,30.0,joystick,+0.000,+1.000,+0.000,+0.000,1100,0,
1785506070.5725,2026-07-31T09:54:30.572,269.993,2718,,,,0,,,,0.0545,-49.05,-0.0417,-213.52,1,30.0,joystick,+0.000,+1.000,+0.000,+0.000,1100,0,
1785506070.6712,2026-07-31T09:54:30.671,270.092,2719,,,,0,,,,0.0544,-49.84,-0.0418,-214.31,1,30.0,joystick,+0.000,+1.000,+0.000,+0.000,1100,0,
1785506070.7705,2026-07-31T09:54:30.770,270.191,2720,,,,0,,,,0.0596,-51.53,-0.0366,-216.00,1,30.0,joystick,+0.000,+1.000,+0.000,+0.000,1100,0,
1785506070.8695,2026-07-31T09:54:30.869,270.290,2721,,,,0,,,,0.0659,-52.41,-0.0304,-216.88,1,30.0,joystick,+0.000,+1.000,+0.000,+0.000,1100,0,
1785506070.9682,2026-07-31T09:54:30.968,270.389,2722,,,,0,,,,0.0639,-54.37,-0.0324,-218.84,1,30.0,joystick,+0.000,+1.000,+0.000,+0.000,1100,0,
1785506071.0673,2026-07-31T09:54:31.067,270.488,2723,,,,0,,,,0.0751,-55.35,-0.0211,-219.82,1,30.0,joystick,+0.000,+1.000,+0.000,+0.000,1100,0,
1785506071.1662,2026-07-31T09:54:31.166,270.587,2724,,,,0,,,,0.0821,-57.36,-0.0142,-221.83,1,30.0,joystick,+0.000,+1.000,+0.000,+0.000,1100,0,
1785506071.2654,2026-07-31T09:54:31.265,270.686,2725,,,,0,,,,0.0921,-59.39,-0.0041,-223.86,1,30.0,joystick,+0.000,+1.000,+0.000,+0.000,1100,0,
1785506071.3641,2026-07-31T09:54:31.364,270.785,2726,,,,0,,,,0.0897,-60.39,-0.0065,-224.86,1,30.0,joystick,+0.000,+0.000,+0.000,+0.000,1100,0,
1785506071.4638,2026-07-31T09:54:31.463,270.884,2727,,,,0,,,,0.0994,-62.52,0.0032,-226.99,1,30.0,joystick,+0.000,+0.000,+0.000,+0.000,1100,0,
1785506071.5632,2026-07-31T09:54:31.563,270.984,2728,,,,0,,,,0.1069,-63.61,0.0107,-228.08,1,30.0,joystick,+0.000,+0.000,+0.000,+0.000,1100,0,
1785506071.6630,2026-07-31T09:54:31.663,271.084,2729,,,,0,,,,0.1094,-65.56,0.0132,-230.03,1,30.0,joystick,+0.000,+0.000,+0.000,+0.000,1100,0,
1785506071.7621,2026-07-31T09:54:31.762,271.183,2730,,,,0,,,,0.1183,-67.16,0.0221,-231.63,1,30.0,joystick,+0.000,+0.000,+0.000,+0.000,1100,0,
1785506071.8614,2026-07-31T09:54:31.861,271.282,2731,,,,0,,,,0.1179,-67.87,0.0217,-232.34,1,30.0,joystick,+0.000,+0.000,+0.000,+0.000,1100,0,
1785506071.9602,2026-07-31T09:54:31.960,271.381,2732,,,,0,,,,0.1267,-69.13,0.0305,-233.60,1,30.0,joystick,+0.000,-1.000,+0.000,+0.000,1100,0,
1785506072.0598,2026-07-31T09:54:32.059,271.480,2733,,,,0,,,,0.1245,-69.70,0.0283,-234.17,1,30.0,joystick,+0.000,-1.000,+0.000,+0.000,1100,0,
1785506072.1582,2026-07-31T09:54:32.158,271.579,2734,,,,0,,,,0.1267,-70.72,0.0305,-235.19,1,30.0,joystick,+0.000,-1.000,+0.000,+0.000,1100,0,
1785506072.2571,2026-07-31T09:54:32.257,271.678,2735,,,,0,,,,0.1261,-71.58,0.0299,-236.05,1,30.0,joystick,+0.000,-1.000,+0.000,+0.000,1100,0,
1785506072.3567,2026-07-31T09:54:32.356,271.777,2736,,,,0,,,,0.1342,-72.04,0.0380,-236.51,1,30.0,joystick,+0.000,+0.000,+0.000,+0.000,1100,0,
1785506072.4558,2026-07-31T09:54:32.455,271.876,2737,,,,0,,,,0.1260,-72.66,0.0298,-237.13,1,30.0,joystick,+0.000,+0.000,+0.000,+0.000,1100,0,
1785506072.5551,2026-07-31T09:54:32.555,271.976,2738,,,,0,,,,0.1288,-72.72,0.0326,-237.19,1,30.0,joystick,+0.000,+0.000,+0.000,-1.000,1100,0,
1785506072.6544,2026-07-31T09:54:32.654,272.075,2739,,,,0,,,,0.1333,-72.40,0.0370,-236.87,1,30.0,joystick,+0.000,+0.000,+0.000,-1.000,1100,0,
1785506072.7529,2026-07-31T09:54:32.752,272.174,2740,,,,0,,,,0.1388,-68.38,0.0426,-232.85,1,30.0,joystick,+0.000,+0.000,+0.000,-1.000,1100,0,
1785506072.8535,2026-07-31T09:54:32.853,272.274,2741,,,,0,,,,0.1330,-65.11,0.0368,-229.58,1,30.0,joystick,+0.000,+0.000,+0.000,-1.000,1100,0,
1785506072.9519,2026-07-31T09:54:32.951,272.373,2742,,,,0,,,,0.1449,-55.77,0.0486,-220.24,1,30.0,joystick,+0.000,+0.000,+0.000,+0.000,1100,0,
1785506073.0514,2026-07-31T09:54:33.051,272.472,2743,,,,0,,,,0.1486,-50.70,0.0524,-215.17,1,30.0,joystick,+0.000,+0.000,+0.000,+0.000,1100,0,
1785506073.1505,2026-07-31T09:54:33.150,272.571,2744,,,,0,,,,0.1551,-44.82,0.0588,-209.29,1,30.0,joystick,+0.000,+0.000,+0.000,+0.000,1100,0,
1785506073.2494,2026-07-31T09:54:33.249,272.670,2745,,,,0,,,,0.1598,-41.39,0.0636,-205.86,1,30.0,joystick,+0.000,+0.000,+0.000,+0.000,1100,0,
1785506073.3483,2026-07-31T09:54:33.348,272.769,2746,,,,0,,,,0.1640,-40.18,0.0678,-204.65,1,30.0,joystick,+0.000,+0.000,+0.000,+0.000,1100,0,
1785506073.4471,2026-07-31T09:54:33.447,272.868,2747,,,,0,,,,0.1651,-38.36,0.0689,-202.83,1,30.0,joystick,+0.000,+0.000,+0.000,+0.000,1100,0,
1785506073.5467,2026-07-31T09:54:33.546,272.967,2748,,,,0,,,,0.1651,-37.68,0.0689,-202.15,1,30.0,joystick,+0.000,+0.000,+0.000,+0.000,1100,0,
1785506073.6453,2026-07-31T09:54:33.645,273.066,2749,,,,0,,,,0.1701,-36.64,0.0739,-201.12,1,30.0,joystick,+0.000,+0.000,+0.000,+0.000,1100,0,
1785506073.7440,2026-07-31T09:54:33.744,273.165,2750,,,,0,,,,0.1710,-35.88,0.0748,-200.35,1,30.0,joystick,+0.000,+0.000,+0.000,+0.000,1100,0,
1785506073.8435,2026-07-31T09:54:33.843,273.264,2751,,,,0,,,,0.1739,-35.55,0.0777,-200.03,1,30.0,joystick,+0.000,+0.000,+0.000,+0.000,1100,0,
1785506073.9419,2026-07-31T09:54:33.941,273.363,2752,,,,0,,,,0.1642,-34.98,0.0680,-199.45,1,30.0,joystick,+0.000,+0.000,+0.000,+0.000,1100,0,
1785506074.0410,2026-07-31T09:54:34.041,273.462,2753,,,,0,,,,0.1722,-34.72,0.0760,-199.19,1,30.0,joystick,+0.000,+0.000,+0.000,+0.000,1100,0,
1785506074.1404,2026-07-31T09:54:34.140,273.561,2754,,,,0,,,,0.1691,-34.25,0.0729,-198.72,1,30.0,joystick,+0.000,+0.000,+0.000,+0.000,1100,0,
1785506074.2391,2026-07-31T09:54:34.239,273.660,2755,,,,0,,,,0.1723,-34.05,0.0761,-198.52,1,30.0,joystick,+0.000,+0.000,+0.000,+0.000,1100,0,
1785506074.3387,2026-07-31T09:54:34.338,273.759,2756,,,,0,,,,0.1694,-33.69,0.0732,-198.16,1,30.0,joystick,+0.000,+0.000,+0.000,+0.000,1100,0,
1785506074.4370,2026-07-31T09:54:34.436,273.858,2757,,,,0,,,,0.1718,-33.40,0.0756,-197.87,1,30.0,joystick,+0.000,+0.000,+0.000,+0.000,1100,0,
1785506074.5364,2026-07-31T09:54:34.536,273.957,2758,,,,0,,,,0.1685,-33.27,0.0723,-197.74,1,30.0,joystick,+0.000,+0.000,+0.000,+0.000,1100,0,
1785506074.6359,2026-07-31T09:54:34.635,274.057,2759,,,,0,,,,0.1685,-33.04,0.0723,-197.51,1,30.0,joystick,+0.000,+0.000,+0.082,+0.000,1100,0,
1785506074.7358,2026-07-31T09:54:34.735,274.156,2760,,,,0,,,,0.1634,-32.92,0.0672,-197.39,1,30.0,joystick,+0.000,+0.000,+1.000,+0.000,1100,0,
1785506074.8365,2026-07-31T09:54:34.836,274.257,2761,,,,0,,,,0.1648,-32.70,0.0686,-197.17,1,30.0,joystick,+0.000,+0.000,+1.000,+0.000,1100,0,
1785506074.9358,2026-07-31T09:54:34.935,274.356,2762,,,,0,,,,0.1634,-32.62,0.0672,-197.10,1,30.0,joystick,+0.000,+0.000,+1.000,+0.000,1100,0,
1785506075.0340,2026-07-31T09:54:35.034,274.455,2763,,,,0,,,,0.1637,-32.49,0.0675,-196.96,1,30.0,joystick,+0.000,+0.000,+1.000,+0.000,1100,0,
1785506075.1332,2026-07-31T09:54:35.133,274.554,2764,,,,0,,,,0.1504,-32.47,0.0542,-196.94,1,30.0,joystick,+0.000,+0.000,+1.000,+0.000,1100,0,
1785506075.2320,2026-07-31T09:54:35.232,274.653,2765,,,,0,,,,0.1455,-32.48,0.0492,-196.95,1,30.0,joystick,+0.000,+0.000,+1.000,+0.000,1100,0,
1785506075.3328,2026-07-31T09:54:35.332,274.753,2766,,,,0,,,,0.1257,-32.53,0.0295,-197.00,1,30.0,joystick,+0.000,+0.000,+1.000,+0.000,1100,0,
1785506075.4315,2026-07-31T09:54:35.431,274.852,2767,,,,0,,,,0.1187,-32.54,0.0225,-197.01,1,30.0,joystick,+0.000,+0.000,+1.000,+0.000,1100,0,
1785506075.5319,2026-07-31T09:54:35.531,274.953,2768,,,,0,,,,0.1001,-32.53,0.0039,-197.00,1,30.0,joystick,+0.000,+0.000,+1.000,+0.000,1100,0,
1785506075.6318,2026-07-31T09:54:35.631,275.052,2769,,,,0,,,,0.0827,-32.43,-0.0135,-196.90,1,30.0,joystick,+0.000,+0.000,+1.000,+0.000,1100,0,
1785506075.7301,2026-07-31T09:54:35.730,275.151,2770,,,,0,,,,0.0753,-32.35,-0.0209,-196.82,1,30.0,joystick,+0.000,+0.000,+0.000,+0.000,1100,0,
1785506075.8306,2026-07-31T09:54:35.830,275.251,2771,,,,0,,,,0.0608,-32.16,-0.0354,-196.63,1,30.0,joystick,+0.000,+0.000,+0.000,+0.000,1100,0,
1785506075.9303,2026-07-31T09:54:35.930,275.351,2772,,,,0,,,,0.0549,-32.06,-0.0413,-196.53,1,30.0,joystick,+0.000,+0.000,+0.000,+0.000,1100,0,
1785506076.0300,2026-07-31T09:54:36.029,275.451,2773,,,,0,,,,0.0404,-31.78,-0.0558,-196.25,1,30.0,joystick,+0.000,+0.000,+0.000,+0.000,1100,0,
1785506076.1311,2026-07-31T09:54:36.131,275.552,2774,,,,0,,,,0.0342,-31.40,-0.0621,-195.87,1,30.0,joystick,+0.000,+0.000,+0.000,+0.000,1100,0,
1785506076.2306,2026-07-31T09:54:36.230,275.651,2775,,,,0,,,,0.0260,-31.18,-0.0702,-195.65,1,30.0,joystick,+0.000,+0.000,+0.000,+0.000,1100,0,
1785506076.3283,2026-07-31T09:54:36.328,275.749,2776,,,,0,,,,0.0220,-30.71,-0.0742,-195.18,1,30.0,joystick,+0.000,+0.000,+0.000,+0.000,1100,0,
1785506076.4269,2026-07-31T09:54:36.426,275.848,2777,,,,0,,,,0.0179,-30.27,-0.0783,-194.74,1,30.0,joystick,+0.000,+0.000,+0.000,+0.000,1100,0,
1785506076.5275,2026-07-31T09:54:36.527,275.948,2778,,,,0,,,,0.0211,-30.10,-0.0751,-194.57,1,30.0,joystick,+0.000,+0.000,+0.000,+0.000,1100,0,
1785506076.6261,2026-07-31T09:54:36.626,276.047,2779,,,,0,,,,0.0211,-29.89,-0.0751,-194.36,1,30.0,joystick,+0.000,+0.000,+0.000,+0.000,1100,0,
1785506076.7253,2026-07-31T09:54:36.725,276.146,2780,,,,0,,,,0.0192,-29.84,-0.0770,-194.31,1,30.0,joystick,+0.000,+0.000,+0.000,+0.000,1100,0,
1785506076.8245,2026-07-31T09:54:36.824,276.245,2781,,,,0,,,,0.0237,-29.80,-0.0726,-194.27,1,30.0,joystick,+0.000,+0.000,+0.000,+0.000,1100,0,
1785506076.9240,2026-07-31T09:54:36.924,276.345,2782,,,,0,,,,0.0263,-29.84,-0.0699,-194.31,1,30.0,joystick,+0.000,+0.000,+0.000,+0.000,1100,0,
1785506077.0236,2026-07-31T09:54:37.023,276.444,2783,,,,0,,,,0.0281,-29.88,-0.0681,-194.35,1,30.0,joystick,+0.000,+0.000,+0.000,+0.000,1100,0,
1785506077.1220,2026-07-31T09:54:37.122,276.543,2784,,,,0,,,,0.0326,-29.94,-0.0636,-194.41,1,30.0,joystick,+0.000,+0.000,+0.000,+0.000,1100,0,
1785506077.2211,2026-07-31T09:54:37.221,276.642,2785,,,,0,,,,0.0388,-29.96,-0.0574,-194.43,1,30.0,joystick,+0.000,+0.000,+0.000,+0.000,1100,0,
1785506077.3207,2026-07-31T09:54:37.320,276.741,2786,,,,0,,,,0.0386,-29.96,-0.0576,-194.43,1,30.0,joystick,+0.000,+0.000,+0.000,+0.000,1100,0,
1785506077.4192,2026-07-31T09:54:37.419,276.840,2787,,,,0,,,,0.0404,-29.96,-0.0558,-194.43,1,30.0,joystick,+0.000,+0.000,+0.000,+0.000,1100,0,
