t_epoch,iso_time,t_elapsed_s,seq,tag_id,tag_distance_m,tag_under_1m,tag_count,det_seq,det_t_epoch,det_age_ms,depth_m,yaw_deg,depth_raw_m,yaw_raw_deg,sensors_ok,throttle_pct,mode,surge_cmd,strafe_cmd,heave_cmd,yaw_cmd,light_pwm,led_flashing,flash_frame
1785506963.3438,2026-07-31T10:09:23.343,0.049,1,,,,0,,,,,,,,0,30.0,idle,+0.000,+0.000,+0.000,+0.000,1100,0,
1785506963.4437,2026-07-31T10:09:23.443,0.149,2,,,,0,,,,-0.0463,-33.04,-0.0463,-393.04,1,30.0,idle,+0.000,+0.000,+0.000,+0.000,1100,0,
1785506963.5460,2026-07-31T10:09:23.546,0.251,3,,,,0,,,,-0.0474,-32.99,-0.0474,-392.99,1,30.0,idle,+0.000,+0.000,+0.000,+0.000,1100,0,
1785506963.6455,2026-07-31T10:09:23.645,0.351,4,,,,0,,,,-0.0524,-32.98,-0.0524,-392.98,1,30.0,idle,+0.000,+0.000,+0.000,+0.000,1100,0,
1785506963.7441,2026-07-31T10:09:23.744,0.449,5,,,,0,,,,-0.0505,-33.01,-0.0505,-393.01,1,30.0,idle,+0.000,+0.000,+0.000,+0.000,1100,0,
1785506963.8439,2026-07-31T10:09:23.843,0.549,6,,,,0,,,,-0.0473,-33.02,-0.0473,-393.02,1,30.0,idle,+0.000,+0.000,+0.000,+0.000,1100,0,
1785506963.9436,2026-07-31T10:09:23.943,0.649,7,,,,0,,,,-0.0485,-33.05,-0.0485,-393.05,1,30.0,idle,+0.000,+0.000,+0.000,+0.000,1100,0,
1785506964.0420,2026-07-31T10:09:24.041,0.747,8,,,,0,,,,-0.0500,-33.02,-0.0500,-393.02,1,30.0,idle,+0.000,+0.000,+0.000,+0.000,1100,0,
1785506964.1411,2026-07-31T10:09:24.141,0.846,9,,,,0,,,,-0.0522,-32.95,-0.0522,-392.95,1,30.0,idle,+0.000,+0.000,+0.000,+0.000,1100,0,
1785506964.2415,2026-07-31T10:09:24.241,0.947,10,,,,0,,,,-0.0502,-32.85,-0.0502,-392.85,1,30.0,idle,+0.000,+0.000,+0.000,+0.000,1100,0,
1785506964.3401,2026-07-31T10:09:24.340,1.045,11,,,,0,,,,-0.0523,-32.81,-0.0523,-392.81,1,30.0,idle,+0.000,+0.000,+0.000,+0.000,1100,0,
1785506964.4395,2026-07-31T10:09:24.439,1.145,12,,,,0,,,,-0.0476,-32.77,-0.0476,-392.77,1,30.0,idle,+0.000,+0.000,+0.000,+0.000,1100,0,
1785506964.5380,2026-07-31T10:09:24.538,1.243,13,,,,0,,,,-0.0540,-32.77,-0.0540,-392.77,1,30.0,joystick,+0.000,+0.000,-0.400,+0.000,1100,0,
1785506964.6387,2026-07-31T10:09:24.638,1.344,14,,,,0,,,,-0.0490,-32.79,-0.0490,-392.79,1,30.0,joystick,+0.000,+0.000,-0.400,+0.000,1100,0,
1785506964.7380,2026-07-31T10:09:24.738,1.443,15,,,,0,,,,-0.0525,-32.83,-0.0525,-392.83,1,30.0,joystick,+0.000,+0.000,-0.400,+0.000,1100,0,
1785506964.8374,2026-07-31T10:09:24.837,1.543,16,,,,0,,,,-0.0492,-32.85,-0.0492,-392.85,1,30.0,joystick,+0.000,+0.000,-0.400,+0.000,1100,0,
1785506964.9361,2026-07-31T10:09:24.936,1.641,17,,,,0,,,,-0.0472,-32.88,-0.0472,-392.88,1,30.0,joystick,+0.000,+0.000,-0.400,+0.000,1100,0,
1785506965.0349,2026-07-31T10:09:25.034,1.740,18,,,,0,,,,-0.0469,-32.89,-0.0469,-392.89,1,30.0,joystick,+0.000,+0.000,-0.400,+0.000,1100,0,
1785506965.1343,2026-07-31T10:09:25.134,1.839,19,,,,0,,,,-0.0436,-32.89,-0.0436,-392.89,1,30.0,joystick,+0.000,+0.000,-0.400,+0.000,1100,0,
1785506965.2330,2026-07-31T10:09:25.233,1.938,20,,,,0,,,,-0.0375,-32.92,-0.0375,-392.92,1,30.0,joystick,+0.000,+0.000,-0.400,+0.000,1100,0,
1785506965.3322,2026-07-31T10:09:25.332,2.037,21,,,,0,,,,-0.0354,-32.97,-0.0354,-392.97,1,30.0,joystick,+0.000,+0.000,-0.400,+0.000,1100,0,
1785506965.4310,2026-07-31T10:09:25.431,2.136,22,,,,0,,,,-0.0353,-33.08,-0.0353,-393.08,1,30.0,joystick,+0.000,+0.000,-0.400,+0.000,1100,0,
1785506965.5317,2026-07-31T10:09:25.531,2.237,23,,,,0,,,,-0.0322,-33.14,-0.0322,-393.14,1,30.0,joystick,+0.000,+0.000,-0.400,+0.000,1100,0,
1785506965.6304,2026-07-31T10:09:25.630,2.336,24,,,,0,,,,-0.0240,-33.27,-0.0240,-393.27,1,30.0,joystick,+0.000,+0.000,-0.400,+0.000,1100,0,
1785506965.7294,2026-07-31T10:09:25.729,2.435,25,,,,0,,,,-0.0214,-33.37,-0.0214,-393.37,1,30.0,joystick,+0.000,+0.000,-0.400,+0.000,1100,0,
1785506965.8283,2026-07-31T10:09:25.828,2.533,26,,,,0,,,,-0.0187,-33.40,-0.0187,-393.40,1,30.0,joystick,+0.000,+0.000,-0.400,+0.000,1100,0,
1785506965.9273,2026-07-31T10:09:25.927,2.633,27,,,,0,,,,-0.0147,-33.42,-0.0147,-393.42,1,30.0,joystick,+0.000,+0.000,-0.400,+0.000,1100,0,
1785506966.0261,2026-07-31T10:09:26.026,2.731,28,,,,0,,,,-0.0129,-33.42,-0.0129,-393.42,1,30.0,joystick,+0.000,+0.000,-0.400,+0.000,1100,0,
1785506966.1264,2026-07-31T10:09:26.126,2.832,29,,,,0,,,,-0.0102,-33.44,-0.0102,-393.44,1,30.0,joystick,+0.000,+0.000,-0.400,+0.000,1100,0,
1785506966.2252,2026-07-31T10:09:26.225,2.930,30,,,,0,,,,-0.0090,-33.44,-0.0090,-393.44,1,30.0,joystick,+0.000,+0.000,-0.400,+0.000,1100,0,
1785506966.3250,2026-07-31T10:09:26.325,3.030,31,,,,0,,,,-0.0102,-33.43,-0.0102,-393.43,1,30.0,joystick,+0.000,+0.000,-0.400,+0.000,1100,0,
1785506966.4256,2026-07-31T10:09:26.425,3.131,32,,,,0,,,,-0.0087,-33.39,-0.0087,-393.39,1,30.0,joystick,+0.000,+0.000,-0.400,+0.000,1100,0,
1785506966.5242,2026-07-31T10:09:26.524,3.229,33,,,,0,,,,-0.0035,-33.37,-0.0035,-393.37,1,30.0,joystick,+0.000,+0.000,-0.400,+0.000,1100,0,
1785506966.6233,2026-07-31T10:09:26.623,3.328,34,,,,0,,,,-0.0023,-33.34,-0.0023,-393.34,1,30.0,joystick,+0.000,+0.000,-0.400,+0.000,1100,0,
1785506966.7223,2026-07-31T10:09:26.722,3.427,35,,,,0,,,,-0.0013,-33.34,-0.0013,-393.34,1,30.0,joystick,+0.000,+0.000,-0.400,+0.000,1100,0,
1785506966.8212,2026-07-31T10:09:26.821,3.526,36,,,,0,,,,0.0006,-33.37,0.0006,-393.37,1,30.0,joystick,+0.000,+0.000,-0.400,+0.000,1100,0,
1785506966.9218,2026-07-31T10:09:26.921,3.627,37,,,,0,,,,-0.0023,-33.41,-0.0023,-393.41,1,30.0,joystick,+0.000,+0.000,-0.400,+0.000,1100,0,
1785506967.0208,2026-07-31T10:09:27.020,3.726,38,,,,0,,,,0.0040,-33.42,0.0040,-393.42,1,30.0,joystick,+0.000,+0.000,+0.000,+0.000,1100,0,
1785506967.1198,2026-07-31T10:09:27.119,3.825,39,,,,0,,,,0.0071,-33.46,0.0071,-393.46,1,30.0,joystick,+0.000,+0.000,+0.000,+0.000,1100,0,
1785506967.2197,2026-07-31T10:09:27.219,3.925,40,,,,0,,,,0.0071,-33.48,0.0071,-393.48,1,30.0,joystick,+0.000,+0.000,+0.000,+0.000,1100,0,
1785506967.3177,2026-07-31T10:09:27.317,4.023,41,,,,0,,,,0.0133,-33.56,0.0133,-393.56,1,30.0,joystick,+0.000,+0.000,+0.000,+0.000,1100,0,
1785506967.4170,2026-07-31T10:09:27.417,4.122,42,,,,0,,,,0.0094,-33.62,0.0094,-393.62,1,30.0,joystick,+0.000,+0.000,+0.000,+0.000,1100,0,
1785506967.5166,2026-07-31T10:09:27.516,4.222,43,,,,0,,,,0.0127,-33.72,0.0127,-393.72,1,30.0,joystick,+0.000,+0.000,+0.000,+0.000,1100,0,
1785506967.6156,2026-07-31T10:09:27.615,4.321,44,,,,0,,,,0.0144,-33.85,0.0144,-393.85,1,30.0,joystick,+0.000,+0.000,+0.000,+0.000,1100,0,
1785506967.7145,2026-07-31T10:09:27.714,4.420,45,,,,0,,,,0.0150,-33.93,0.0150,-393.93,1,30.0,joystick,+0.000,+0.000,+0.000,+0.000,1100,0,
1785506967.8135,2026-07-31T10:09:27.813,4.519,46,,,,0,,,,0.0090,-34.04,0.0090,-394.04,1,30.0,joystick,+0.000,+0.000,+0.000,+0.000,1100,0,
1785506967.9129,2026-07-31T10:09:27.912,4.618,47,,,,0,,,,0.0142,-34.08,0.0142,-394.08,1,30.0,joystick,+0.000,+0.000,+0.000,+0.000,1100,0,
1785506968.0121,2026-07-31T10:09:28.012,4.717,48,,,,0,,,,0.0141,-34.10,0.0141,-394.10,1,30.0,joystick,+0.000,+0.000,+0.000,+0.000,1100,0,
1785506968.1130,2026-07-31T10:09:28.113,4.818,49,,,,0,,,,0.0108,-34.10,0.0108,-394.10,1,30.0,joystick,+0.000,+0.000,+0.000,+0.000,1100,0,
1785506968.2130,2026-07-31T10:09:28.213,4.918,50,,,,0,,,,0.0141,-34.10,0.0141,-394.10,1,30.0,joystick,+0.000,+0.000,+0.000,+0.000,1100,0,
1785506968.3117,2026-07-31T10:09:28.311,5.017,51,,,,0,,,,0.0102,-34.12,0.0102,-394.12,1,30.0,joystick,+0.000,+0.000,+0.000,+0.000,1100,0,
1785506968.4102,2026-07-31T10:09:28.410,5.115,52,,,,0,,,,0.0135,-34.14,0.0135,-394.14,1,30.0,joystick,+0.000,+0.000,+0.000,+0.000,1100,0,
1785506968.5105,2026-07-31T10:09:28.510,5.216,53,,,,0,,,,0.0074,-34.16,0.0074,-394.16,1,30.0,joystick,+0.000,+0.000,+0.000,+0.000,1100,0,
1785506968.6096,2026-07-31T10:09:28.609,5.315,54,,,,0,,,,0.0082,-34.17,0.0082,-394.17,1,30.0,joystick,+0.000,+0.000,+0.000,+0.000,1100,0,
1785506968.7085,2026-07-31T10:09:28.708,5.414,55,,,,0,,,,0.0067,-34.16,0.0067,-394.16,1,30.0,joystick,+0.000,+0.000,+0.000,+0.000,1100,0,
1785506968.8077,2026-07-31T10:09:28.807,5.513,56,,,,0,,,,0.0039,-34.13,0.0039,-394.13,1,30.0,joystick,+0.000,+0.000,+0.000,+0.000,1100,0,
1785506968.9067,2026-07-31T10:09:28.906,5.612,57,,,,0,,,,-0.0007,-34.11,-0.0007,-394.11,1,30.0,joystick,+0.000,+0.000,-0.400,+0.000,1100,0,
1785506969.0058,2026-07-31T10:09:29.005,5.711,58,,,,0,,,,-0.0011,-34.06,-0.0011,-394.06,1,30.0,joystick,+0.000,+0.000,-0.400,+0.000,1100,0,
1785506969.1045,2026-07-31T10:09:29.104,5.810,59,,,,0,,,,-0.0076,-34.03,-0.0076,-394.03,1,30.0,joystick,+0.000,+0.000,-0.400,+0.000,1100,0,
1785506969.2041,2026-07-31T10:09:29.204,5.909,60,,,,0,,,,-0.0038,-34.06,-0.0038,-394.06,1,30.0,joystick,+0.000,+0.000,-0.400,+0.000,1100,0,
1785506969.3037,2026-07-31T10:09:29.303,6.009,61,,,,0,,,,-0.0074,-34.11,-0.0074,-394.11,1,30.0,joystick,+0.000,+0.000,-0.400,+0.000,1100,0,
1785506969.4028,2026-07-31T10:09:29.402,6.108,62,,,,0,,,,-0.0104,-34.15,-0.0104,-394.15,1,30.0,joystick,+0.000,+0.000,-0.400,+0.000,1100,0,
1785506969.5020,2026-07-31T10:09:29.502,6.207,63,,,,0,,,,-0.0121,-34.20,-0.0121,-394.20,1,30.0,joystick,+0.000,+0.000,-0.400,+0.000,1100,0,
1785506969.6008,2026-07-31T10:09:29.600,6.306,64,,,,0,,,,-0.0117,-34.24,-0.0117,-394.24,1,30.0,joystick,+0.000,+0.000,-0.400,+0.000,1100,0,
1785506969.6998,2026-07-31T10:09:29.699,6.405,65,,,,0,,,,-0.0150,-34.28,-0.0150,-394.28,1,30.0,joystick,+0.000,+0.000,-0.400,+0.000,1100,0,
1785506969.7986,2026-07-31T10:09:29.798,6.504,66,,,,0,,,,-0.0098,-34.37,-0.0098,-394.37,1,30.0,joystick,+0.000,+0.000,-0.400,+0.000,1100,0,
1785506969.8976,2026-07-31T10:09:29.897,6.603,67,,,,0,,,,-0.0126,-34.42,-0.0126,-394.42,1,30.0,joystick,+0.000,+0.000,-0.400,+0.000,1100,0,
1785506969.9970,2026-07-31T10:09:29.996,6.702,68,,,,0,,,,-0.0111,-34.52,-0.0111,-394.52,1,30.0,joystick,+0.000,+0.000,-0.400,+0.000,1100,0,
1785506970.0955,2026-07-31T10:09:30.095,6.801,69,,,,0,,,,-0.0058,-34.58,-0.0058,-394.58,1,30.0,joystick,+0.000,+0.000,-0.400,+0.000,1100,0,
1785506970.1962,2026-07-31T10:09:30.196,6.901,70,,,,0,,,,-0.0098,-34.60,-0.0098,-394.60,1,30.0,joystick,+0.000,+0.000,-0.400,+0.000,1100,0,
1785506970.2982,2026-07-31T10:09:30.298,7.003,71,,,,0,,,,-0.0001,-34.64,-0.0001,-394.64,1,30.0,joystick,+0.000,+0.000,-0.400,+0.000,1100,0,
1785506970.3965,2026-07-31T10:09:30.396,7.102,72,,,,0,,,,-0.0117,-34.66,-0.0117,-394.66,1,30.0,joystick,+0.000,+0.000,-0.400,+0.000,1100,0,
1785506970.4966,2026-07-31T10:09:30.496,7.202,73,,,,0,,,,-0.0055,-34.71,-0.0055,-394.71,1,30.0,joystick,+0.000,+0.000,-0.400,+0.000,1100,0,
1785506970.5956,2026-07-31T10:09:30.595,7.301,74,,,,0,,,,-0.0002,-34.73,-0.0002,-394.73,1,30.0,joystick,+0.000,+0.000,-0.400,+0.000,1100,0,
1785506970.6944,2026-07-31T10:09:30.694,7.400,75,,,,0,,,,-0.0014,-34.73,-0.0014,-394.73,1,30.0,joystick,+0.000,+0.000,-0.400,+0.000,1100,0,
1785506970.7962,2026-07-31T10:09:30.796,7.501,76,,,,0,,,,0.0013,-34.69,0.0013,-394.69,1,30.0,joystick,+0.000,+0.000,-0.400,+0.000,1100,0,
1785506970.8950,2026-07-31T10:09:30.895,7.600,77,,,,0,,,,0.0009,-34.68,0.0009,-394.68,1,30.0,joystick,+0.000,+0.000,+0.000,+0.000,1100,0,
1785506970.9954,2026-07-31T10:09:30.995,7.701,78,,,,0,,,,-0.0002,-34.59,-0.0002,-394.59,1,30.0,joystick,+0.000,+0.000,+0.000,+0.000,1100,0,
1785506971.0944,2026-07-31T10:09:31.094,7.800,79,,,,0,,,,0.0020,-34.45,0.0020,-394.45,1,30.0,joystick,+0.000,+0.000,+0.000,+0.000,1100,0,
1785506971.1971,2026-07-31T10:09:31.197,7.902,80,,,,0,,,,0.0006,-34.37,0.0006,-394.37,1,30.0,joystick,+0.000,+0.000,+0.000,+0.000,1100,0,
1785506971.2956,2026-07-31T10:09:31.295,8.001,81,,,,0,,,,-0.0060,-34.23,-0.0060,-394.23,1,30.0,joystick,+0.000,+0.000,+0.000,+0.000,1100,0,
1785506971.3948,2026-07-31T10:09:31.394,8.100,82,,,,0,,,,-0.0044,-34.17,-0.0044,-394.17,1,30.0,joystick,+0.000,+0.000,-0.400,+0.000,1100,0,
1785506971.4938,2026-07-31T10:09:31.493,8.199,83,,,,0,,,,-0.0065,-34.08,-0.0065,-394.08,1,30.0,joystick,+0.000,+0.000,-0.400,+0.000,1100,0,
1785506971.5934,2026-07-31T10:09:31.593,8.299,84,,,,0,,,,-0.0085,-34.02,-0.0085,-394.02,1,30.0,joystick,+0.000,+0.000,-0.400,+0.000,1100,0,
1785506971.6944,2026-07-31T10:09:31.694,8.400,85,,,,0,,,,-0.0089,-33.88,-0.0089,-393.88,1,30.0,joystick,+0.000,+0.000,-0.400,+0.000,1100,0,
1785506971.7940,2026-07-31T10:09:31.794,8.499,86,,,,0,,,,-0.0077,-33.75,-0.0077,-393.75,1,30.0,joystick,+0.000,+0.000,-0.400,+0.000,1100,0,
1785506971.8932,2026-07-31T10:09:31.893,8.598,87,,,,0,,,,-0.0042,-33.70,-0.0042,-393.70,1,30.0,joystick,+0.000,+0.000,-0.400,+0.000,1100,0,
1785506971.9943,2026-07-31T10:09:31.994,8.700,88,,,,0,,,,-0.0081,-33.61,-0.0081,-393.61,1,30.0,joystick,+0.000,+0.000,-0.400,+0.000,1100,0,
1785506972.0942,2026-07-31T10:09:32.094,8.799,89,,,,0,,,,-0.0034,-33.58,-0.0034,-393.58,1,30.0,joystick,+0.000,+0.000,-0.400,+0.000,1100,0,
1785506972.1935,2026-07-31T10:09:32.193,8.899,90,,,,0,,,,-0.0054,-33.51,-0.0054,-393.51,1,30.0,joystick,+0.000,+0.000,-0.400,+0.000,1100,0,
1785506972.2927,2026-07-31T10:09:32.292,8.998,91,,,,0,,,,-0.0040,-33.44,-0.0040,-393.44,1,30.0,joystick,+0.000,+0.000,+0.000,+0.000,1100,0,
1785506972.3918,2026-07-31T10:09:32.391,9.097,92,,,,0,,,,0.0017,-33.39,0.0017,-393.39,1,30.0,joystick,+0.000,+0.000,+0.000,+0.000,1100,0,
1785506972.4915,2026-07-31T10:09:32.491,9.197,93,,,,0,,,,0.0046,-33.28,0.0046,-393.28,1,30.0,joystick,+0.000,+0.000,+0.000,+0.000,1100,0,
1785506972.5910,2026-07-31T10:09:32.591,9.296,94,,,,0,,,,-0.0013,-33.22,-0.0013,-393.22,1,30.0,joystick,+0.000,+0.000,-0.400,+0.000,1100,0,
1785506972.6902,2026-07-31T10:09:32.690,9.395,95,,,,0,,,,0.0010,-33.19,0.0010,-393.19,1,30.0,joystick,+0.000,+0.000,+0.000,+0.000,1100,0,
1785506972.7887,2026-07-31T10:09:32.788,9.494,96,,,,0,,,,-0.0008,-33.14,-0.0008,-393.14,1,30.0,joystick,+0.000,+0.000,+0.000,+0.000,1100,0,
1785506972.8876,2026-07-31T10:09:32.887,9.593,97,,,,0,,,,-0.0013,-33.10,-0.0013,-393.10,1,30.0,joystick,+0.000,+0.000,-0.400,+0.000,1100,0,
1785506972.9893,2026-07-31T10:09:32.989,9.694,98,,,,0,,,,-0.0058,-33.03,-0.0058,-393.03,1,30.0,joystick,+0.000,+0.000,-0.400,+0.000,1100,0,
1785506973.0887,2026-07-31T10:09:33.088,9.794,99,,,,0,,,,-0.0085,-32.90,-0.0085,-392.90,1,30.0,joystick,+0.000,+0.000,-0.400,+0.000,1100,0,
1785506973.1881,2026-07-31T10:09:33.188,9.893,100,,,,0,,,,-0.0076,-32.83,-0.0076,-392.83,1,30.0,joystick,+0.000,+0.000,-0.400,+0.000,1100,0,
1785506973.2867,2026-07-31T10:09:33.286,9.992,101,,,,0,,,,-0.0077,-32.70,-0.0077,-392.70,1,30.0,joystick,+0.000,+0.000,-0.400,+0.000,1100,0,
1785506973.3850,2026-07-31T10:09:33.385,10.090,102,,,,0,,,,-0.0049,-32.64,-0.0049,-392.64,1,30.0,joystick,+0.000,+0.000,-0.400,+0.000,1100,0,
1785506973.4838,2026-07-31T10:09:33.483,10.189,103,,,,0,,,,-0.0042,-32.54,-0.0042,-392.54,1,30.0,joystick,+0.000,+0.000,+0.000,+0.000,1100,0,
1785506973.5829,2026-07-31T10:09:33.582,10.288,104,,,,0,,,,-0.0009,-32.50,-0.0009,-392.50,1,30.0,joystick,+0.000,+0.000,-0.400,+0.000,1100,0,
1785506973.6823,2026-07-31T10:09:33.682,10.387,105,,,,0,,,,-0.0039,-32.40,-0.0039,-392.40,1,30.0,joystick,+0.000,+0.000,-0.400,+0.000,1100,0,
1785506973.7806,2026-07-31T10:09:33.780,10.486,106,,,,0,,,,-0.0070,-32.29,-0.0070,-392.29,1,30.0,joystick,+0.000,+0.000,-0.400,+0.000,1100,0,
1785506973.8807,2026-07-31T10:09:33.880,10.586,107,,,,0,,,,-0.0069,-32.23,-0.0069,-392.23,1,30.0,joystick,+0.000,+0.000,-0.400,+0.000,1100,0,
1785506973.9815,2026-07-31T10:09:33.981,10.687,108,,,,0,,,,-0.0036,-32.11,-0.0036,-392.11,1,30.0,joystick,+0.000,+0.000,-0.400,+0.000,1100,0,
1785506974.0812,2026-07-31T10:09:34.081,10.786,109,,,,0,,,,-0.0025,-32.04,-0.0025,-392.04,1,30.0,joystick,+0.000,+0.000,-0.400,+0.000,1100,0,
1785506974.1825,2026-07-31T10:09:34.182,10.888,110,,,,0,,,,-0.0028,-31.92,-0.0028,-391.92,1,30.0,joystick,+0.000,+0.000,-0.400,+0.000,1100,0,
1785506974.2807,2026-07-31T10:09:34.280,10.986,111,,,,0,,,,-0.0008,-31.80,-0.0008,-391.80,1,30.0,joystick,+0.000,+0.000,-0.400,+0.000,1100,0,
1785506974.3815,2026-07-31T10:09:34.381,11.087,112,,,,0,,,,-0.0038,-31.75,-0.0038,-391.75,1,30.0,joystick,+0.000,+0.000,-0.400,+0.000,1100,0,
1785506974.4815,2026-07-31T10:09:34.481,11.187,113,,,,0,,,,-0.0004,-31.63,-0.0004,-391.63,1,30.0,joystick,+0.000,+0.000,-0.400,+0.000,1100,0,
1785506974.5806,2026-07-31T10:09:34.580,11.286,114,,,,0,,,,-0.0017,-31.51,-0.0017,-391.51,1,30.0,joystick,+0.000,+0.000,+0.000,+0.000,1100,0,
1785506974.6825,2026-07-31T10:09:34.682,11.388,115,,,,0,,,,0.0050,-31.45,0.0050,-391.45,1,30.0,joystick,+0.000,+0.000,+0.000,+0.000,1100,0,
1785506974.7817,2026-07-31T10:09:34.781,11.487,116,,,,0,,,,0.0035,-31.32,0.0035,-391.32,1,30.0,joystick,+0.000,+0.000,+0.000,+0.000,1100,0,
1785506974.8813,2026-07-31T10:09:34.881,11.586,117,,,,0,,,,0.0057,-31.24,0.0057,-391.24,1,30.0,joystick,+0.000,+0.000,+0.000,+0.000,1100,0,
1785506974.9805,2026-07-31T10:09:34.980,11.686,118,,,,0,,,,0.0054,-31.07,0.0054,-391.07,1,30.0,joystick,+0.000,+0.000,+0.000,+0.000,1100,0,
1785506975.0806,2026-07-31T10:09:35.080,11.786,119,,,,0,,,,0.0018,-30.95,0.0018,-390.95,1,30.0,joystick,+0.000,+0.000,+0.000,+0.000,1100,0,
1785506975.1804,2026-07-31T10:09:35.180,11.886,120,,,,0,,,,0.0067,-30.90,0.0067,-390.90,1,30.0,joystick,+0.000,+0.000,+0.000,+0.000,1100,0,
1785506975.2791,2026-07-31T10:09:35.279,11.984,121,,,,0,,,,0.0009,-30.81,0.0009,-390.81,1,30.0,joystick,+0.000,+0.000,+0.000,+0.000,1100,0,
1785506975.3786,2026-07-31T10:09:35.378,12.084,122,,,,0,,,,-0.0016,-30.76,-0.0016,-390.76,1,30.0,joystick,+0.000,+0.000,-0.400,+0.000,1100,0,
1785506975.4783,2026-07-31T10:09:35.478,12.183,123,,,,0,,,,-0.0035,-30.67,-0.0035,-390.67,1,30.0,joystick,+0.000,+0.000,-0.400,+0.000,1100,0,
1785506975.5774,2026-07-31T10:09:35.577,12.283,124,,,,0,,,,-0.0019,-30.54,-0.0019,-390.54,1,30.0,joystick,+0.000,+0.000,-0.400,+0.000,1100,0,
1785506975.6765,2026-07-31T10:09:35.676,12.382,125,,,,0,,,,-0.0069,-30.48,-0.0069,-390.48,1,30.0,joystick,+0.000,+0.000,-0.400,+0.000,1100,0,
1785506975.7765,2026-07-31T10:09:35.776,12.482,126,,,,0,,,,-0.0023,-30.36,-0.0023,-390.36,1,30.0,joystick,+0.000,+0.000,-0.400,+0.000,1100,0,
1785506975.8749,2026-07-31T10:09:35.874,12.580,127,,,,0,,,,-0.0000,-30.30,-0.0000,-390.30,1,30.0,joystick,+0.000,+0.000,-0.400,+0.000,1100,0,
1785506975.9752,2026-07-31T10:09:35.975,12.680,128,,,,0,,,,0.0034,-30.20,0.0034,-390.20,1,30.0,joystick,+0.000,+0.000,-0.400,+0.000,1100,0,
1785506976.0743,2026-07-31T10:09:36.074,12.779,129,,,,0,,,,0.0004,-30.16,0.0004,-390.16,1,30.0,joystick,+0.000,+0.000,+0.000,+0.000,1100,0,
1785506976.1731,2026-07-31T10:09:36.173,12.878,130,,,,0,,,,0.0018,-30.11,0.0018,-390.11,1,30.0,joystick,+0.000,+0.000,+0.000,+0.000,1100,0,
1785506976.2723,2026-07-31T10:09:36.272,12.978,131,,,,0,,,,0.0008,-30.05,0.0008,-390.05,1,30.0,joystick,+0.000,+0.000,+0.000,+0.000,1100,0,
1785506976.3713,2026-07-31T10:09:36.371,13.077,132,,,,0,,,,0.0032,-30.00,0.0032,-390.00,1,30.0,joystick,+0.000,+0.000,+0.000,+0.000,1100,0,
1785506976.4705,2026-07-31T10:09:36.470,13.176,133,,,,0,,,,-0.0019,-29.89,-0.0019,-389.89,1,30.0,joystick,+0.000,+0.000,+0.000,+0.000,1100,0,
1785506976.5697,2026-07-31T10:09:36.569,13.275,134,,,,0,,,,-0.0048,-29.82,-0.0048,-389.82,1,30.0,joystick,+0.000,+0.000,-0.400,+0.000,1100,0,
1785506976.6694,2026-07-31T10:09:36.669,13.375,135,,,,0,,,,-0.0039,-29.66,-0.0039,-389.66,1,30.0,joystick,+0.000,+0.000,-0.400,+0.000,1100,0,
1785506976.7688,2026-07-31T10:09:36.768,13.474,136,,,,0,,,,-0.0107,-29.54,-0.0107,-389.54,1,30.0,joystick,+0.000,+0.000,-0.400,+0.000,1100,0,
1785506976.8681,2026-07-31T10:09:36.868,13.573,137,,,,0,,,,-0.0078,-29.48,-0.0078,-389.48,1,30.0,joystick,+0.000,+0.000,-0.400,+0.000,1100,0,
1785506976.9675,2026-07-31T10:09:36.967,13.673,138,,,,0,,,,-0.0030,-29.37,-0.0030,-389.37,1,30.0,joystick,+0.000,+0.000,-0.400,+0.000,1100,0,
1785506977.0664,2026-07-31T10:09:37.066,13.772,139,,,,0,,,,-0.0088,-29.33,-0.0088,-389.33,1,30.0,joystick,+0.000,+0.000,-0.400,+0.000,1100,0,
1785506977.1651,2026-07-31T10:09:37.165,13.870,140,,,,0,,,,-0.0018,-29.31,-0.0018,-389.31,1,30.0,joystick,+0.000,+0.000,-0.400,+0.000,1100,0,
1785506977.2647,2026-07-31T10:09:37.264,13.970,141,,,,0,,,,-0.0054,-29.30,-0.0054,-389.30,1,30.0,joystick,+0.000,+0.000,-0.400,+0.000,1100,0,
1785506977.3641,2026-07-31T10:09:37.364,14.069,142,,,,0,,,,-0.0078,-29.29,-0.0078,-389.29,1,30.0,joystick,+0.000,+0.000,-0.400,+0.000,1100,0,
1785506977.4631,2026-07-31T10:09:37.463,14.168,143,,,,0,,,,-0.0065,-29.26,-0.0065,-389.26,1,30.0,joystick,+0.000,+0.000,-0.400,+0.000,1100,0,
1785506977.5622,2026-07-31T10:09:37.562,14.267,144,,,,0,,,,-0.0033,-29.26,-0.0033,-389.26,1,30.0,joystick,+0.000,+0.000,-0.400,+0.000,1100,0,
1785506977.6610,2026-07-31T10:09:37.660,14.366,145,,,,0,,,,-0.0024,-29.23,-0.0024,-389.23,1,30.0,joystick,+0.000,+0.000,-0.400,+0.000,1100,0,
1785506977.7606,2026-07-31T10:09:37.760,14.466,146,,,,0,,,,0.0003,-29.18,0.0003,-389.18,1,30.0,joystick,+0.000,+0.000,+0.000,+0.000,1100,0,
1785506977.8590,2026-07-31T10:09:37.858,14.564,147,,,,0,,,,0.0041,-29.15,0.0041,-389.15,1,30.0,joystick,+0.000,+0.000,+0.000,+0.000,1100,0,
1785506977.9584,2026-07-31T10:09:37.958,14.664,148,,,,0,,,,0.0070,-29.10,0.0070,-389.10,1,30.0,joystick,+0.000,+0.000,+0.000,+0.000,1100,0,
1785506978.0573,2026-07-31T10:09:38.057,14.762,149,,,,0,,,,0.0019,-29.08,0.0019,-389.08,1,30.0,joystick,+0.000,+0.000,+0.000,+0.000,1100,0,
1785506978.1560,2026-07-31T10:09:38.156,14.861,150,,,,0,,,,0.0030,-29.05,0.0030,-389.05,1,30.0,joystick,+0.000,+0.000,+0.000,+0.000,1100,0,
1785506978.2567,2026-07-31T10:09:38.256,14.962,151,,,,0,,,,0.0007,-29.03,0.0007,-389.03,1,30.0,joystick,+0.000,+0.000,+0.000,+0.000,1100,0,
1785506978.3550,2026-07-31T10:09:38.354,15.060,152,,,,0,,,,-0.0004,-29.02,-0.0004,-389.02,1,30.0,joystick,+0.000,+0.000,-0.400,+0.000,1100,0,
1785506978.4543,2026-07-31T10:09:38.454,15.160,153,,,,0,,,,-0.0073,-29.02,-0.0073,-389.02,1,30.0,joystick,+0.000,+0.000,+0.000,+0.000,1100,0,
1785506978.5534,2026-07-31T10:09:38.553,15.259,154,,,,0,,,,-0.0023,-29.00,-0.0023,-389.00,1,30.0,joystick,+0.000,+0.000,-0.400,+0.000,1100,0,
1785506978.6527,2026-07-31T10:09:38.652,15.358,155,,,,0,,,,-0.0042,-29.05,-0.0042,-389.05,1,30.0,joystick,+0.000,+0.000,-0.400,+0.000,1100,0,
1785506978.7518,2026-07-31T10:09:38.751,15.457,156,,,,0,,,,-0.0066,-29.05,-0.0066,-389.05,1,30.0,joystick,+0.000,+0.000,-0.400,+0.000,1100,0,
1785506978.8519,2026-07-31T10:09:38.851,15.557,157,,,,0,,,,-0.0062,-29.04,-0.0062,-389.04,1,30.0,joystick,+0.000,+0.000,-0.400,+0.000,1100,0,
1785506978.9512,2026-07-31T10:09:38.951,15.656,158,,,,0,,,,-0.0037,-29.00,-0.0037,-389.00,1,30.0,joystick,+0.000,+0.000,-0.400,+0.000,1100,0,
1785506979.0501,2026-07-31T10:09:39.050,15.755,159,,,,0,,,,-0.0077,-28.98,-0.0077,-388.98,1,30.0,joystick,+0.000,+0.000,-0.400,+0.000,1100,0,
1785506979.1499,2026-07-31T10:09:39.149,15.855,160,,,,0,,,,-0.0076,-28.96,-0.0076,-388.96,1,30.0,joystick,+0.000,+0.000,-0.400,+0.000,1100,0,
1785506979.2495,2026-07-31T10:09:39.249,15.955,161,,,,0,,,,-0.0065,-28.96,-0.0065,-388.96,1,30.0,joystick,+0.000,+0.000,-0.400,+0.000,1100,0,
1785506979.3472,2026-07-31T10:09:39.347,16.052,162,,,,0,,,,-0.0052,-28.98,-0.0052,-388.98,1,30.0,joystick,+0.000,+0.000,-0.400,+0.000,1100,0,
1785506979.4462,2026-07-31T10:09:39.446,16.151,163,,,,0,,,,-0.0027,-28.99,-0.0027,-388.99,1,30.0,joystick,+0.000,+0.000,-0.400,+0.000,1100,0,
1785506979.5451,2026-07-31T10:09:39.545,16.250,164,,,,0,,,,-0.0015,-29.01,-0.0015,-389.01,1,30.0,joystick,+0.000,+0.000,-0.400,+0.000,1100,0,
1785506979.6450,2026-07-31T10:09:39.645,16.350,165,,,,0,,,,0.0007,-28.97,0.0007,-388.97,1,30.0,joystick,+0.000,+0.000,+0.000,+0.000,1100,0,
1785506979.7446,2026-07-31T10:09:39.744,16.450,166,,,,0,,,,-0.0004,-28.94,-0.0004,-388.94,1,30.0,joystick,+0.000,+0.000,-0.400,+0.000,1100,0,
1785506979.8449,2026-07-31T10:09:39.844,16.550,167,,,,0,,,,0.0045,-28.88,0.0045,-388.88,1,30.0,joystick,+0.000,+0.000,-0.400,+0.000,1100,0,
1785506979.9457,2026-07-31T10:09:39.945,16.651,168,,,,0,,,,-0.0031,-28.87,-0.0031,-388.87,1,30.0,joystick,+0.000,+0.000,-0.400,+0.000,1100,0,
1785506980.0447,2026-07-31T10:09:40.044,16.750,169,,,,0,,,,-0.0020,-28.86,-0.0020,-388.86,1,30.0,joystick,+0.000,+0.000,-0.400,+0.000,1100,0,
1785506980.1439,2026-07-31T10:09:40.143,16.849,170,,,,0,,,,-0.0040,-28.90,-0.0040,-388.90,1,30.0,joystick,+0.000,+0.000,+0.000,+0.000,1100,0,
1785506980.2434,2026-07-31T10:09:40.243,16.949,171,,,,0,,,,-0.0043,-28.89,-0.0043,-388.89,1,30.0,joystick,+0.000,+0.000,-0.400,+0.000,1100,0,
1785506980.3429,2026-07-31T10:09:40.342,17.048,172,,,,0,,,,-0.0032,-28.87,-0.0032,-388.87,1,30.0,joystick,+0.000,+0.000,-0.400,+0.000,1100,0,
1785506980.4429,2026-07-31T10:09:40.442,17.148,173,,,,0,,,,-0.0117,-28.83,-0.0117,-388.83,1,30.0,joystick,+0.000,+0.000,-0.400,+0.000,1100,0,
1785506980.5434,2026-07-31T10:09:40.543,17.249,174,,,,0,,,,-0.0094,-28.72,-0.0094,-388.72,1,30.0,joystick,+0.000,+0.000,-0.400,+0.000,1100,0,
1785506980.6428,2026-07-31T10:09:40.642,17.348,175,,,,0,,,,-0.0095,-28.62,-0.0095,-388.62,1,30.0,joystick,+0.000,+0.000,-0.400,+0.000,1100,0,
1785506980.7426,2026-07-31T10:09:40.742,17.448,176,,,,0,,,,-0.0099,-28.58,-0.0099,-388.58,1,30.0,joystick,+0.000,+0.000,-0.400,+0.000,1100,0,
1785506980.8415,2026-07-31T10:09:40.841,17.547,177,,,,0,,,,-0.0130,-28.56,-0.0130,-388.56,1,30.0,joystick,+0.000,+0.000,-0.400,+0.000,1100,0,
1785506980.9402,2026-07-31T10:09:40.940,17.645,178,,,,0,,,,-0.0078,-28.57,-0.0078,-388.57,1,30.0,joystick,+0.000,+0.000,-0.400,+0.000,1100,0,
1785506981.0397,2026-07-31T10:09:41.039,17.745,179,,,,0,,,,-0.0035,-28.62,-0.0035,-388.62,1,30.0,joystick,+0.000,+0.000,-0.400,+0.000,1100,0,
1785506981.1389,2026-07-31T10:09:41.138,17.844,180,,,,0,,,,-0.0024,-28.67,-0.0024,-388.67,1,30.0,joystick,+0.000,+0.000,-0.400,+0.000,1100,0,
1785506981.2373,2026-07-31T10:09:41.237,17.943,181,,,,0,,,,-0.0082,-28.67,-0.0082,-388.67,1,30.0,joystick,+0.000,+0.000,-0.400,+0.000,1100,0,
1785506981.3364,2026-07-31T10:09:41.336,18.042,182,,,,0,,,,-0.0010,-28.65,-0.0010,-388.65,1,30.0,joystick,+0.000,+0.000,-0.400,+0.000,1100,0,
1785506981.4357,2026-07-31T10:09:41.435,18.141,183,,,,0,,,,-0.0035,-28.62,-0.0035,-388.62,1,30.0,joystick,+0.000,+0.000,-0.400,+0.000,1100,0,
1785506981.5351,2026-07-31T10:09:41.535,18.240,184,,,,0,,,,-0.0042,-28.57,-0.0042,-388.57,1,30.0,joystick,+0.000,+0.000,-0.400,+0.000,1100,0,
1785506981.6345,2026-07-31T10:09:41.634,18.340,185,,,,0,,,,-0.0001,-28.53,-0.0001,-388.53,1,30.0,joystick,+0.000,+0.000,-0.400,+0.000,1100,0,
1785506981.7338,2026-07-31T10:09:41.733,18.439,186,,,,0,,,,0.0002,-28.45,0.0002,-388.45,1,30.0,joystick,+0.000,+0.000,+0.000,+0.000,1100,0,
1785506981.8325,2026-07-31T10:09:41.832,18.538,187,,,,0,,,,0.0050,-28.36,0.0050,-388.36,1,30.0,joystick,+0.000,+0.000,+0.000,+0.000,1100,0,
1785506981.9314,2026-07-31T10:09:41.931,18.637,188,,,,0,,,,0.0066,-28.30,0.0066,-388.30,1,30.0,joystick,+0.000,+0.000,+0.000,+0.000,1100,0,
1785506982.0306,2026-07-31T10:09:42.030,18.736,189,,,,0,,,,0.0096,-28.18,0.0096,-388.18,1,30.0,joystick,+0.000,+0.000,+0.000,+0.000,1100,0,
1785506982.1311,2026-07-31T10:09:42.131,18.836,190,,,,0,,,,0.0070,-28.13,0.0070,-388.13,1,30.0,joystick,+0.000,+0.000,+0.000,+0.000,1100,0,
1785506982.2309,2026-07-31T10:09:42.230,18.936,191,,,,0,,,,0.0058,-28.04,0.0058,-388.04,1,30.0,joystick,+0.000,+0.000,+0.000,+0.000,1100,0,
1785506982.3295,2026-07-31T10:09:42.329,19.035,192,,,,0,,,,0.0047,-27.99,0.0047,-387.99,1,30.0,joystick,+0.000,+0.000,+0.000,+0.000,1100,0,
1785506982.4284,2026-07-31T10:09:42.428,19.134,193,,,,0,,,,0.0006,-27.90,0.0006,-387.90,1,30.0,joystick,+0.000,+0.000,+0.000,+0.000,1100,0,
1785506982.5285,2026-07-31T10:09:42.528,19.234,194,,,,0,,,,0.0015,-27.76,0.0015,-387.76,1,30.0,joystick,+0.000,+0.000,+0.000,+0.000,1100,0,
1785506982.6278,2026-07-31T10:09:42.627,19.333,195,,,,0,,,,0.0011,-27.69,0.0011,-387.69,1,30.0,joystick,+0.000,+0.000,+0.000,+0.000,1100,0,
1785506982.7266,2026-07-31T10:09:42.726,19.432,196,,,,0,,,,-0.0037,-27.49,-0.0037,-387.49,1,30.0,joystick,+0.000,+0.000,-0.400,+0.000,1100,0,
1785506982.8254,2026-07-31T10:09:42.825,19.531,197,,,,0,,,,-0.0064,-27.38,-0.0064,-387.38,1,30.0,joystick,+0.000,+0.000,-0.400,+0.000,1100,0,
1785506982.9256,2026-07-31T10:09:42.925,19.631,198,,,,0,,,,-0.0094,-27.19,-0.0094,-387.19,1,30.0,joystick,+0.000,+0.000,-0.400,+0.000,1100,0,
1785506983.0256,2026-07-31T10:09:43.025,19.731,199,,,,0,,,,-0.0091,-27.06,-0.0091,-387.06,1,30.0,joystick,+0.000,+0.000,-0.400,+0.000,1100,0,
1785506983.1246,2026-07-31T10:09:43.124,19.830,200,,,,0,,,,-0.0087,-27.02,-0.0087,-387.02,1,30.0,joystick,+0.000,+0.000,-0.400,+0.000,1100,0,
1785506983.2236,2026-07-31T10:09:43.223,19.929,201,,,,0,,,,-0.0106,-26.97,-0.0106,-386.97,1,30.0,joystick,+0.000,+0.000,-0.400,+0.000,1100,0,
1785506983.3227,2026-07-31T10:09:43.322,20.028,202,,,,0,,,,-0.0082,-26.94,-0.0082,-386.94,1,30.0,joystick,+0.000,+0.000,-0.400,+0.000,1100,0,
1785506983.4225,2026-07-31T10:09:43.422,20.128,203,,,,0,,,,-0.0100,-26.88,-0.0100,-386.88,1,30.0,joystick,+0.000,+0.000,-0.400,+0.000,1100,0,
1785506983.5219,2026-07-31T10:09:43.521,20.227,204,,,,0,,,,-0.0093,-26.78,-0.0093,-386.78,1,30.0,joystick,+0.000,+0.000,-0.400,+0.000,1100,0,
1785506983.6212,2026-07-31T10:09:43.621,20.326,205,,,,0,,,,-0.0014,-26.71,-0.0014,-386.71,1,30.0,joystick,+0.000,+0.000,-0.400,+0.000,1100,0,
1785506983.7223,2026-07-31T10:09:43.722,20.427,206,,,,0,,,,-0.0032,-26.56,-0.0032,-386.56,1,30.0,joystick,+0.000,+0.000,-0.400,+0.000,1100,0,
1785506983.8233,2026-07-31T10:09:43.823,20.529,207,,,,0,,,,-0.0064,-26.49,-0.0064,-386.49,1,30.0,joystick,+0.000,+0.000,-0.400,+0.000,1100,0,
1785506983.9230,2026-07-31T10:09:43.922,20.628,208,,,,0,,,,-0.0033,-26.42,-0.0033,-386.42,1,30.0,joystick,+0.000,+0.000,-0.400,+0.000,1100,0,
1785506984.0215,2026-07-31T10:09:44.021,20.727,209,,,,0,,,,0.0010,-26.38,0.0010,-386.38,1,30.0,joystick,+0.000,+0.000,+0.000,+0.000,1100,0,
1785506984.1205,2026-07-31T10:09:44.120,20.826,210,,,,0,,,,0.0006,-26.35,0.0006,-386.35,1,30.0,joystick,+0.000,+0.000,+0.000,+0.000,1100,0,
1785506984.2196,2026-07-31T10:09:44.219,20.925,211,,,,0,,,,0.0028,-26.28,0.0028,-386.28,1,30.0,joystick,+0.000,+0.000,+0.000,+0.000,1100,0,
1785506984.3181,2026-07-31T10:09:44.318,21.023,212,,,,0,,,,0.0058,-26.23,0.0058,-386.23,1,30.0,joystick,+0.000,+0.000,+0.000,+0.000,1100,0,
1785506984.4176,2026-07-31T10:09:44.417,21.123,213,,,,0,,,,-0.0023,-26.12,-0.0023,-386.12,1,30.0,joystick,+0.000,+0.000,-0.400,+0.000,1100,0,
1785506984.5172,2026-07-31T10:09:44.517,21.222,214,,,,0,,,,-0.0033,-26.05,-0.0033,-386.05,1,30.0,joystick,+0.000,+0.000,-0.400,+0.000,1100,0,
1785506984.6162,2026-07-31T10:09:44.616,21.321,215,,,,0,,,,-0.0007,-26.01,-0.0007,-386.01,1,30.0,joystick,+0.000,+0.000,-0.400,+0.000,1100,0,
1785506984.7151,2026-07-31T10:09:44.715,21.420,216,,,,0,,,,-0.0039,-25.95,-0.0039,-385.95,1,30.0,joystick,+0.000,+0.000,-0.400,+0.000,1100,0,
1785506984.8141,2026-07-31T10:09:44.814,21.519,217,,,,0,,,,-0.0055,-25.92,-0.0055,-385.92,1,30.0,joystick,+0.000,+0.000,-0.400,+0.000,1100,0,
1785506984.9125,2026-07-31T10:09:44.912,21.618,218,,,,0,,,,-0.0068,-25.87,-0.0068,-385.87,1,30.0,joystick,+0.000,+0.000,-0.400,+0.000,1100,0,
1785506985.0121,2026-07-31T10:09:45.012,21.717,219,,,,0,,,,-0.0036,-25.83,-0.0036,-385.83,1,30.0,joystick,+0.000,+0.000,-0.400,+0.000,1100,0,
1785506985.1109,2026-07-31T10:09:45.110,21.816,220,,,,0,,,,-0.0070,-25.80,-0.0070,-385.80,1,30.0,joystick,+0.000,+0.000,-0.400,+0.000,1100,0,
1785506985.2107,2026-07-31T10:09:45.210,21.916,221,,,,0,,,,-0.0024,-25.77,-0.0024,-385.77,1,30.0,joystick,+0.000,+0.000,-0.400,+0.000,1100,0,
1785506985.3113,2026-07-31T10:09:45.311,22.016,222,,,,0,,,,0.0004,-25.74,0.0004,-385.74,1,30.0,joystick,+0.000,+0.000,+0.000,+0.000,1100,0,
1785506985.4103,2026-07-31T10:09:45.410,22.116,223,,,,0,,,,0.0015,-25.72,0.0015,-385.72,1,30.0,joystick,+0.000,+0.000,+0.000,+0.000,1100,0,
1785506985.5095,2026-07-31T10:09:45.509,22.215,224,,,,0,,,,0.0010,-25.70,0.0010,-385.70,1,30.0,joystick,+0.000,+0.000,-0.400,+0.000,1100,0,
1785506985.6104,2026-07-31T10:09:45.610,22.316,225,,,,0,,,,-0.0016,-25.71,-0.0016,-385.71,1,30.0,joystick,+0.000,+0.000,-0.400,+0.000,1100,0,
1785506985.7112,2026-07-31T10:09:45.711,22.416,226,,,,0,,,,-0.0019,-25.69,-0.0019,-385.69,1,30.0,joystick,+0.000,+0.000,+0.000,+0.000,1100,0,
1785506985.8103,2026-07-31T10:09:45.810,22.516,227,,,,0,,,,-0.0028,-25.70,-0.0028,-385.70,1,30.0,joystick,+0.000,+0.000,-0.400,+0.000,1100,0,
1785506985.9087,2026-07-31T10:09:45.908,22.614,228,,,,0,,,,-0.0025,-25.69,-0.0025,-385.69,1,30.0,joystick,+0.000,+0.000,-0.400,+0.000,1100,0,
1785506986.0077,2026-07-31T10:09:46.007,22.713,229,,,,0,,,,-0.0067,-25.72,-0.0067,-385.72,1,30.0,joystick,+0.000,+0.000,-0.400,+0.000,1100,0,
1785506986.1075,2026-07-31T10:09:46.107,22.813,230,,,,0,,,,-0.0049,-25.72,-0.0049,-385.72,1,30.0,joystick,+0.000,+0.000,-0.400,+0.000,1100,0,
1785506986.2073,2026-07-31T10:09:46.207,22.912,231,,,,0,,,,-0.0075,-25.70,-0.0075,-385.70,1,30.0,joystick,+0.000,+0.000,-0.400,+0.000,1100,0,
1785506986.3068,2026-07-31T10:09:46.306,23.012,232,,,,0,,,,-0.0050,-25.69,-0.0050,-385.69,1,30.0,joystick,+0.000,+0.000,-0.400,+0.000,1100,0,
1785506986.4056,2026-07-31T10:09:46.405,23.111,233,,,,0,,,,-0.0014,-25.67,-0.0014,-385.67,1,30.0,joystick,+0.000,+0.000,-0.400,+0.000,1100,0,
1785506986.5056,2026-07-31T10:09:46.505,23.211,234,,,,0,,,,-0.0022,-25.67,-0.0022,-385.67,1,30.0,joystick,+0.000,+0.000,-0.400,+0.000,1100,0,
1785506986.6058,2026-07-31T10:09:46.605,23.311,235,,,,0,,,,0.0012,-25.69,0.0012,-385.69,1,30.0,joystick,+0.000,+0.000,-0.400,+0.000,1100,0,
1785506986.7054,2026-07-31T10:09:46.705,23.411,236,,,,0,,,,-0.0002,-25.71,-0.0002,-385.71,1,30.0,joystick,+0.000,+0.000,+0.000,+0.000,1100,0,
1785506986.8038,2026-07-31T10:09:46.803,23.509,237,,,,0,,,,0.0031,-25.74,0.0031,-385.74,1,30.0,joystick,+0.000,+0.000,+0.000,+0.000,1100,0,
1785506986.9031,2026-07-31T10:09:46.903,23.608,238,,,,0,,,,-0.0025,-25.79,-0.0025,-385.79,1,30.0,joystick,+0.000,+0.000,-0.400,+0.000,1100,0,
1785506987.0023,2026-07-31T10:09:47.002,23.707,239,,,,0,,,,-0.0034,-25.83,-0.0034,-385.83,1,30.0,joystick,+0.000,+0.000,-0.400,+0.000,1100,0,
1785506987.1012,2026-07-31T10:09:47.101,23.806,240,,,,0,,,,-0.0014,-25.84,-0.0014,-385.84,1,30.0,joystick,+0.000,+0.000,-0.400,+0.000,1100,0,
1785506987.1999,2026-07-31T10:09:47.199,23.905,241,,,,0,,,,-0.0058,-25.88,-0.0058,-385.88,1,30.0,joystick,+0.000,+0.000,-0.400,+0.000,1100,0,
1785506987.2993,2026-07-31T10:09:47.299,24.004,242,,,,0,,,,-0.0052,-25.88,-0.0052,-385.88,1,30.0,joystick,+0.000,+0.000,-0.400,+0.000,1100,0,
1785506987.3986,2026-07-31T10:09:47.398,24.104,243,,,,0,,,,-0.0097,-25.90,-0.0097,-385.90,1,30.0,joystick,+0.000,+0.000,-0.400,+0.000,1100,0,
1785506987.5004,2026-07-31T10:09:47.500,24.206,244,,,,0,,,,-0.0046,-25.92,-0.0046,-385.92,1,30.0,joystick,+0.000,+0.000,-0.400,+0.000,1100,0,
1785506987.6003,2026-07-31T10:09:47.600,24.305,245,,,,0,,,,-0.0067,-25.96,-0.0067,-385.96,1,30.0,joystick,+0.000,+0.000,-0.400,+0.000,1100,0,
1785506987.6995,2026-07-31T10:09:47.699,24.405,246,,,,0,,,,-0.0053,-26.00,-0.0053,-386.00,1,30.0,joystick,+0.000,+0.000,-0.400,+0.000,1100,0,
1785506987.7996,2026-07-31T10:09:47.799,24.505,247,,,,0,,,,-0.0051,-26.03,-0.0051,-386.03,1,30.0,joystick,+0.000,+0.000,-0.400,+0.000,1100,0,
1785506987.8989,2026-07-31T10:09:47.898,24.604,248,,,,0,,,,-0.0022,-26.09,-0.0022,-386.09,1,30.0,joystick,+0.000,+0.000,-0.400,+0.000,1100,0,
1785506987.9980,2026-07-31T10:09:47.998,24.703,249,,,,0,,,,-0.0005,-26.12,-0.0005,-386.12,1,30.0,joystick,+0.000,+0.000,-0.400,+0.000,1100,0,
1785506988.0975,2026-07-31T10:09:48.097,24.803,250,,,,0,,,,-0.0003,-26.17,-0.0003,-386.17,1,30.0,joystick,+0.000,+0.000,+0.000,+0.000,1100,0,
1785506988.1967,2026-07-31T10:09:48.196,24.902,251,,,,0,,,,-0.0007,-26.18,-0.0007,-386.18,1,30.0,joystick,+0.000,+0.000,-0.400,+0.000,1100,0,
1785506988.2957,2026-07-31T10:09:48.295,25.001,252,,,,0,,,,0.0024,-26.25,0.0024,-386.25,1,30.0,joystick,+0.000,+0.000,+0.000,+0.000,1100,0,
1785506988.3948,2026-07-31T10:09:48.394,25.100,253,,,,0,,,,-0.0015,-26.30,-0.0015,-386.30,1,30.0,joystick,+0.000,+0.000,+0.000,+0.000,1100,0,
1785506988.4956,2026-07-31T10:09:48.495,25.201,254,,,,0,,,,-0.0028,-26.32,-0.0028,-386.32,1,30.0,joystick,+0.000,+0.000,-0.400,+0.000,1100,0,
1785506988.5948,2026-07-31T10:09:48.594,25.300,255,,,,0,,,,-0.0033,-26.39,-0.0033,-386.39,1,30.0,joystick,+0.000,+0.000,-0.400,+0.000,1100,0,
1785506988.6945,2026-07-31T10:09:48.694,25.400,256,,,,0,,,,-0.0042,-26.43,-0.0042,-386.43,1,30.0,joystick,+0.000,+0.000,-0.400,+0.000,1100,0,
1785506988.7948,2026-07-31T10:09:48.794,25.500,257,,,,0,,,,-0.0058,-26.50,-0.0058,-386.50,1,30.0,joystick,+0.000,+0.000,-0.400,+0.000,1100,0,
1785506988.8957,2026-07-31T10:09:48.895,25.601,258,,,,0,,,,-0.0072,-26.58,-0.0072,-386.58,1,30.0,joystick,+0.000,+0.000,-0.400,+0.000,1100,0,
1785506988.9956,2026-07-31T10:09:48.995,25.701,259,,,,0,,,,-0.0055,-26.63,-0.0055,-386.63,1,30.0,joystick,+0.000,+0.000,-0.400,+0.000,1100,0,
1785506989.0940,2026-07-31T10:09:49.093,25.799,260,,,,0,,,,-0.0038,-26.72,-0.0038,-386.72,1,30.0,joystick,+0.000,+0.000,-0.400,+0.000,1100,0,
1785506989.1932,2026-07-31T10:09:49.193,25.898,261,,,,0,,,,-0.0017,-26.77,-0.0017,-386.77,1,30.0,joystick,+0.000,+0.000,-0.400,+0.000,1100,0,
1785506989.2921,2026-07-31T10:09:49.292,25.997,262,,,,0,,,,-0.0032,-26.85,-0.0032,-386.85,1,30.0,joystick,+0.000,+0.000,-0.400,+0.000,1100,0,
1785506989.3910,2026-07-31T10:09:49.391,26.096,263,,,,0,,,,-0.0021,-26.89,-0.0021,-386.89,1,30.0,joystick,+0.000,+0.000,-0.400,+0.000,1100,0,
1785506989.4908,2026-07-31T10:09:49.490,26.196,264,,,,0,,,,0.0009,-26.97,0.0009,-386.97,1,30.0,joystick,+0.000,+0.000,+0.000,+0.000,1100,0,
1785506989.5898,2026-07-31T10:09:49.589,26.295,265,,,,0,,,,-0.0012,-27.08,-0.0012,-387.08,1,30.0,joystick,+0.000,+0.000,-0.400,+0.000,1100,0,
1785506989.6893,2026-07-31T10:09:49.689,26.394,266,,,,0,,,,0.0031,-27.17,0.0031,-387.17,1,30.0,joystick,+0.000,+0.000,+0.000,+0.000,1100,0,
1785506989.7883,2026-07-31T10:09:49.788,26.494,267,,,,0,,,,-0.0011,-27.36,-0.0011,-387.36,1,30.0,joystick,+0.000,+0.000,-0.400,+0.000,1100,0,
1785506989.8881,2026-07-31T10:09:49.888,26.593,268,,,,0,,,,-0.0070,-27.55,-0.0070,-387.55,1,30.0,joystick,+0.000,+0.000,-0.400,+0.000,1100,0,
1785506989.9888,2026-07-31T10:09:49.988,26.694,269,,,,0,,,,-0.0008,-27.63,-0.0008,-387.63,1,30.0,joystick,+0.000,+0.000,-0.400,+0.000,1100,0,
1785506990.0880,2026-07-31T10:09:50.088,26.793,270,,,,0,,,,0.0008,-27.74,0.0008,-387.74,1,30.0,joystick,+0.000,+0.000,-0.400,+0.000,1100,0,
1785506990.1873,2026-07-31T10:09:50.187,26.893,271,,,,0,,,,-0.0014,-27.79,-0.0014,-387.79,1,30.0,joystick,+0.000,+0.000,-0.400,+0.000,1100,0,
1785506990.2861,2026-07-31T10:09:50.286,26.991,272,,,,0,,,,-0.0055,-27.91,-0.0055,-387.91,1,30.0,joystick,+0.000,+0.000,-0.400,+0.000,1100,0,
1785506990.3844,2026-07-31T10:09:50.384,27.090,273,,,,0,,,,-0.0038,-28.15,-0.0038,-388.15,1,30.0,joystick,+0.000,+0.000,-0.400,+0.000,1100,0,
1785506990.4837,2026-07-31T10:09:50.483,27.189,274,,,,0,,,,-0.0017,-28.29,-0.0017,-388.29,1,30.0,joystick,+0.000,+0.000,-0.400,+0.000,1100,0,
1785506990.5826,2026-07-31T10:09:50.582,27.288,275,,,,0,,,,-0.0057,-28.59,-0.0057,-388.59,1,30.0,joystick,+0.000,+0.000,-0.400,+0.000,1100,0,
1785506990.6826,2026-07-31T10:09:50.682,27.388,276,,,,0,,,,-0.0082,-28.74,-0.0082,-388.74,1,30.0,joystick,+0.000,+0.000,-0.400,+0.000,1100,0,
1785506990.7828,2026-07-31T10:09:50.782,27.488,277,,,,0,,,,-0.0077,-29.03,-0.0077,-389.03,1,30.0,joystick,+0.000,+0.000,-0.400,+0.000,1100,0,
1785506990.8814,2026-07-31T10:09:50.881,27.587,278,,,,0,,,,-0.0081,-29.19,-0.0081,-389.19,1,30.0,joystick,+0.000,+0.000,-0.400,+0.000,1100,0,
1785506990.9803,2026-07-31T10:09:50.980,27.685,279,,,,0,,,,-0.0092,-29.51,-0.0092,-389.51,1,30.0,joystick,+0.000,+0.000,-0.400,+0.000,1100,0,
1785506991.0790,2026-07-31T10:09:51.079,27.784,280,,,,0,,,,-0.0048,-29.81,-0.0048,-389.81,1,30.0,joystick,+0.000,+0.000,-0.400,+0.000,1100,0,
1785506991.1798,2026-07-31T10:09:51.179,27.885,281,,,,0,,,,-0.0011,-29.94,-0.0011,-389.94,1,30.0,joystick,+0.000,+0.000,-0.400,+0.000,1100,0,
1785506991.2796,2026-07-31T10:09:51.279,27.985,282,,,,0,,,,-0.0039,-30.20,-0.0039,-390.20,1,30.0,joystick,+0.000,+0.000,-0.400,+0.000,1100,0,
1785506991.3786,2026-07-31T10:09:51.378,28.084,283,,,,0,,,,-0.0037,-30.33,-0.0037,-390.33,1,30.0,joystick,+0.000,+0.000,-0.400,+0.000,1100,0,
1785506991.4788,2026-07-31T10:09:51.478,28.184,284,,,,0,,,,-0.0045,-30.57,-0.0045,-390.57,1,30.0,joystick,+0.000,+0.000,-0.400,+0.000,1100,0,
1785506991.5797,2026-07-31T10:09:51.579,28.285,285,,,,0,,,,-0.0006,-30.81,-0.0006,-390.81,1,30.0,joystick,+0.000,+0.000,-0.400,+0.000,1100,0,
1785506991.6780,2026-07-31T10:09:51.678,28.383,286,,,,0,,,,0.0000,-30.93,0.0000,-390.93,1,30.0,joystick,+0.000,+0.000,+0.000,+0.000,1100,0,
1785506991.7776,2026-07-31T10:09:51.777,28.483,287,,,,0,,,,0.0041,-31.15,0.0041,-391.15,1,30.0,joystick,+0.000,+0.000,-0.400,+0.000,1100,0,
1785506991.8767,2026-07-31T10:09:51.876,28.582,288,,,,0,,,,0.0015,-31.26,0.0015,-391.26,1,30.0,joystick,+0.000,+0.000,+0.000,+0.000,1100,0,
1785506991.9757,2026-07-31T10:09:51.975,28.681,289,,,,0,,,,0.0026,-31.45,0.0026,-391.45,1,30.0,joystick,+0.000,+0.000,+0.000,+0.000,1100,0,
1785506992.0746,2026-07-31T10:09:52.074,28.780,290,,,,0,,,,0.0041,-31.52,0.0041,-391.52,1,30.0,joystick,+0.000,+0.000,+0.000,+0.000,1100,0,
1785506992.1733,2026-07-31T10:09:52.173,28.879,291,,,,0,,,,0.0006,-31.68,0.0006,-391.68,1,30.0,joystick,+0.000,+0.000,+0.000,+0.000,1100,0,
1785506992.2726,2026-07-31T10:09:52.272,28.978,292,,,,0,,,,0.0006,-31.85,0.0006,-391.85,1,30.0,joystick,+0.000,+0.000,-0.400,+0.000,1100,0,
1785506992.3716,2026-07-31T10:09:52.371,29.077,293,,,,0,,,,-0.0011,-31.93,-0.0011,-391.93,1,30.0,joystick,+0.000,+0.000,-0.400,+0.000,1100,0,
1785506992.4709,2026-07-31T10:09:52.470,29.176,294,,,,0,,,,-0.0025,-32.10,-0.0025,-392.10,1,30.0,joystick,+0.000,+0.000,-0.400,+0.000,1100,0,
1785506992.5707,2026-07-31T10:09:52.570,29.276,295,,,,0,,,,-0.0064,-32.20,-0.0064,-392.20,1,30.0,joystick,+0.000,+0.000,-0.400,+0.000,1100,0,
1785506992.6696,2026-07-31T10:09:52.669,29.375,296,,,,0,,,,-0.0097,-32.45,-0.0097,-392.45,1,30.0,joystick,+0.000,+0.000,-0.400,+0.000,1100,0,
1785506992.7691,2026-07-31T10:09:52.769,29.474,297,,,,0,,,,-0.0063,-32.73,-0.0063,-392.73,1,30.0,joystick,+0.000,+0.000,-0.400,+0.000,1100,0,
1785506992.8692,2026-07-31T10:09:52.869,29.574,298,,,,0,,,,-0.0166,-32.86,-0.0166,-392.86,1,30.0,joystick,+0.000,+0.000,-0.400,+0.000,1100,0,
1785506992.9683,2026-07-31T10:09:52.968,29.674,299,,,,0,,,,-0.0102,-33.15,-0.0102,-393.15,1,30.0,joystick,+0.000,+0.000,-0.400,+0.000,1100,0,
1785506993.0673,2026-07-31T10:09:53.067,29.772,300,,,,0,,,,-0.0098,-33.31,-0.0098,-393.31,1,30.0,joystick,+0.000,+0.000,-0.400,+0.000,1100,0,
1785506993.1664,2026-07-31T10:09:53.166,29.872,301,,,,0,,,,-0.0085,-33.68,-0.0085,-393.68,1,30.0,joystick,+0.000,+0.000,-0.400,+0.000,1100,0,
1785506993.2651,2026-07-31T10:09:53.265,29.970,302,,,,0,,,,-0.0093,-34.07,-0.0093,-394.07,1,30.0,joystick,+0.000,+0.000,-0.400,+0.000,1100,0,
1785506993.3643,2026-07-31T10:09:53.364,30.069,303,,,,0,,,,-0.0068,-34.26,-0.0068,-394.26,1,30.0,joystick,+0.000,+0.000,-0.400,+0.000,1100,0,
1785506993.4633,2026-07-31T10:09:53.463,30.168,304,,,,0,,,,-0.0073,-34.54,-0.0073,-394.54,1,30.0,joystick,+0.000,+0.000,-0.400,+0.000,1100,0,
1785506993.5640,2026-07-31T10:09:53.564,30.269,305,,,,0,,,,-0.0039,-34.66,-0.0039,-394.66,1,30.0,joystick,+0.000,+0.000,-0.400,+0.000,1100,0,
1785506993.6655,2026-07-31T10:09:53.665,30.371,306,,,,0,,,,-0.0040,-34.89,-0.0040,-394.89,1,30.0,joystick,+0.000,+0.000,-0.400,+0.000,1100,0,
1785506993.7647,2026-07-31T10:09:53.764,30.470,307,,,,0,,,,-0.0045,-35.12,-0.0045,-395.12,1,30.0,joystick,+0.000,+0.000,-0.400,+0.000,1100,0,
1785506993.8640,2026-07-31T10:09:53.864,30.569,308,,,,0,,,,-0.0046,-35.25,-0.0046,-395.25,1,30.0,joystick,+0.000,+0.000,-0.400,+0.000,1100,0,
1785506993.9649,2026-07-31T10:09:53.964,30.670,309,,,,0,,,,-0.0059,-35.50,-0.0059,-395.50,1,30.0,joystick,+0.000,+0.000,-0.400,+0.000,1100,0,
1785506994.0636,2026-07-31T10:09:54.063,30.769,310,,,,0,,,,-0.0081,-35.62,-0.0081,-395.62,1,30.0,joystick,+0.000,+0.000,-0.400,+0.000,1100,0,
1785506994.1648,2026-07-31T10:09:54.164,30.870,311,,,,0,,,,-0.0017,-35.83,-0.0017,-395.83,1,30.0,joystick,+0.000,+0.000,-0.400,+0.000,1100,0,
1785506994.2650,2026-07-31T10:09:54.265,30.970,312,,,,0,,,,-0.0012,-36.02,-0.0012,-396.02,1,30.0,joystick,+0.000,+0.000,+0.000,+0.000,1100,0,
1785506994.3637,2026-07-31T10:09:54.363,31.069,313,,,,0,,,,0.0022,-36.10,0.0022,-396.10,1,30.0,joystick,+0.000,+0.000,+0.000,+0.000,1100,0,
1785506994.4623,2026-07-31T10:09:54.462,31.167,314,,,,0,,,,-0.0035,-36.28,-0.0035,-396.28,1,30.0,joystick,+0.000,+0.000,+0.000,+0.000,1100,0,
1785506994.5619,2026-07-31T10:09:54.561,31.267,315,,,,0,,,,0.0025,-36.34,0.0025,-396.34,1,30.0,joystick,+0.000,+0.000,+0.000,+0.000,1100,0,
1785506994.6613,2026-07-31T10:09:54.661,31.366,316,,,,0,,,,-0.0008,-36.45,-0.0008,-396.45,1,30.0,joystick,+0.000,+0.000,-0.400,+0.000,1100,0,
1785506994.7612,2026-07-31T10:09:54.761,31.466,317,,,,0,,,,-0.0019,-36.63,-0.0019,-396.63,1,30.0,joystick,+0.000,+0.000,+0.000,+0.000,1100,0,
1785506994.8618,2026-07-31T10:09:54.861,31.567,318,,,,0,,,,-0.0012,-36.70,-0.0012,-396.70,1,30.0,joystick,+0.000,+0.000,-0.400,+0.000,1100,0,
1785506994.9612,2026-07-31T10:09:54.961,31.666,319,,,,0,,,,-0.0060,-36.87,-0.0060,-396.87,1,30.0,joystick,+0.000,+0.000,-0.400,+0.000,1100,0,
1785506995.0608,2026-07-31T10:09:55.060,31.766,320,,,,0,,,,-0.0063,-37.05,-0.0063,-397.05,1,30.0,joystick,+0.000,+0.000,-0.400,+0.000,1100,0,
1785506995.1606,2026-07-31T10:09:55.160,31.866,321,,,,0,,,,-0.0099,-37.17,-0.0099,-397.17,1,30.0,joystick,+0.000,+0.000,-0.400,+0.000,1100,0,
1785506995.2593,2026-07-31T10:09:55.259,31.964,322,,,,0,,,,-0.0059,-37.41,-0.0059,-397.41,1,30.0,joystick,+0.000,+0.000,-0.400,+0.000,1100,0,
1785506995.3599,2026-07-31T10:09:55.359,32.065,323,,,,0,,,,-0.0066,-37.52,-0.0066,-397.52,1,30.0,joystick,+0.000,+0.000,-0.400,+0.000,1100,0,
1785506995.4606,2026-07-31T10:09:55.460,32.166,324,,,,0,,,,-0.0048,-37.73,-0.0048,-397.73,1,30.0,joystick,+0.000,+0.000,-0.400,+0.000,1100,0,
1785506995.5596,2026-07-31T10:09:55.559,32.265,325,,,,0,,,,-0.0026,-37.95,-0.0026,-397.95,1,30.0,joystick,+0.000,+0.000,-0.400,+0.000,1100,0,
1785506995.6587,2026-07-31T10:09:55.658,32.364,326,,,,0,,,,-0.0049,-38.06,-0.0049,-398.06,1,30.0,joystick,+0.000,+0.000,-0.400,+0.000,1100,0,
1785506995.7574,2026-07-31T10:09:55.757,32.463,327,,,,0,,,,0.0009,-38.27,0.0009,-398.27,1,30.0,joystick,+0.000,+0.000,+0.000,+0.000,1100,0,
1785506995.8576,2026-07-31T10:09:55.857,32.563,328,,,,0,,,,-0.0004,-38.38,-0.0004,-398.38,1,30.0,joystick,+0.000,+0.000,-0.400,+0.000,1100,0,
1785506995.9577,2026-07-31T10:09:55.957,32.663,329,,,,0,,,,-0.0016,-38.56,-0.0016,-398.56,1,30.0,joystick,+0.000,+0.000,+0.000,+0.000,1100,0,
1785506996.0566,2026-07-31T10:09:56.056,32.762,330,,,,0,,,,-0.0018,-38.64,-0.0018,-398.64,1,30.0,joystick,+0.000,+0.000,-0.400,+0.000,1100,0,
1785506996.1557,2026-07-31T10:09:56.155,32.861,331,,,,0,,,,-0.0032,-38.82,-0.0032,-398.82,1,30.0,joystick,+0.000,+0.000,-0.400,+0.000,1100,0,
1785506996.2546,2026-07-31T10:09:56.254,32.960,332,,,,0,,,,-0.0051,-38.97,-0.0051,-398.97,1,30.0,joystick,+0.000,+0.000,-0.400,+0.000,1100,0,
1785506996.3529,2026-07-31T10:09:56.352,33.058,333,,,,0,,,,-0.0094,-39.06,-0.0094,-399.06,1,30.0,joystick,+0.000,+0.000,-0.400,+0.000,1100,0,
1785506996.4517,2026-07-31T10:09:56.451,33.157,334,,,,0,,,,-0.0075,-39.17,-0.0075,-399.17,1,30.0,joystick,+0.000,+0.000,-0.400,+0.000,1100,0,
1785506996.5510,2026-07-31T10:09:56.550,33.256,335,,,,0,,,,-0.0103,-39.22,-0.0103,-399.22,1,30.0,joystick,+0.000,+0.000,-0.400,+0.000,1100,0,
1785506996.6500,2026-07-31T10:09:56.650,33.355,336,,,,0,,,,-0.0126,-39.36,-0.0126,-399.36,1,30.0,joystick,+0.000,+0.000,-0.400,+0.000,1100,0,
1785506996.7513,2026-07-31T10:09:56.751,33.457,337,,,,0,,,,-0.0137,-39.43,-0.0137,-399.43,1,30.0,joystick,+0.000,+0.000,-0.400,+0.000,1100,0,
1785506996.8504,2026-07-31T10:09:56.850,33.556,338,,,,0,,,,-0.0127,-39.56,-0.0127,-399.56,1,30.0,joystick,+0.000,+0.000,-0.400,+0.000,1100,0,
1785506996.9502,2026-07-31T10:09:56.950,33.655,339,,,,0,,,,-0.0077,-39.68,-0.0077,-399.68,1,30.0,joystick,+0.000,+0.000,-0.400,+0.000,1100,0,
1785506997.0503,2026-07-31T10:09:57.050,33.756,340,,,,0,,,,-0.0067,-39.75,-0.0067,-399.75,1,30.0,joystick,+0.000,+0.000,-0.400,+0.000,1100,0,
1785506997.1503,2026-07-31T10:09:57.150,33.855,341,,,,0,,,,-0.0049,-39.92,-0.0049,-399.92,1,30.0,joystick,+0.000,+0.000,-0.400,+0.000,1100,0,
1785506997.2505,2026-07-31T10:09:57.250,33.956,342,,,,0,,,,-0.0042,-40.02,-0.0042,-400.02,1,30.0,joystick,+0.000,+0.000,-0.400,+0.000,1100,0,
1785506997.3490,2026-07-31T10:09:57.349,34.054,343,,,,0,,,,-0.0033,-40.23,-0.0033,-400.23,1,30.0,joystick,+0.000,+0.000,-0.400,+0.000,1100,0,
1785506997.4491,2026-07-31T10:09:57.449,34.154,344,,,,0,,,,-0.0026,-40.42,-0.0026,-400.42,1,30.0,joystick,+0.000,+0.000,+0.000,+0.000,1100,0,
1785506997.5482,2026-07-31T10:09:57.548,34.253,345,,,,0,,,,-0.0017,-40.52,-0.0017,-400.52,1,30.0,joystick,+0.000,+0.000,-0.400,+0.000,1100,0,
1785506997.6475,2026-07-31T10:09:57.647,34.353,346,,,,0,,,,-0.0002,-40.71,-0.0002,-400.71,1,30.0,joystick,+0.000,+0.000,+0.000,+0.000,1100,0,
1785506997.7478,2026-07-31T10:09:57.747,34.453,347,,,,0,,,,-0.0009,-40.86,-0.0009,-400.86,1,30.0,joystick,+0.000,+0.000,-0.400,+0.000,1100,0,
1785506997.8469,2026-07-31T10:09:57.846,34.552,348,,,,0,,,,0.0014,-40.94,0.0014,-400.94,1,30.0,joystick,+0.000,+0.000,+0.000,+0.000,1100,0,
1785506997.9474,2026-07-31T10:09:57.947,34.653,349,,,,0,,,,0.0002,-41.10,0.0002,-401.10,1,30.0,joystick,+0.000,+0.000,-0.400,+0.000,1100,0,
1785506998.0466,2026-07-31T10:09:58.046,34.752,350,,,,0,,,,-0.0063,-41.18,-0.0063,-401.18,1,30.0,joystick,+0.000,+0.000,-0.400,+0.000,1100,0,
1785506998.1477,2026-07-31T10:09:58.147,34.853,351,,,,0,,,,-0.0068,-41.37,-0.0068,-401.37,1,30.0,joystick,+0.000,+0.000,-0.400,+0.000,1100,0,
1785506998.2471,2026-07-31T10:09:58.247,34.952,352,,,,0,,,,-0.0085,-41.55,-0.0085,-401.55,1,30.0,joystick,+0.000,+0.000,-0.400,+0.000,1100,0,
1785506998.3473,2026-07-31T10:09:58.347,35.052,353,,,,0,,,,-0.0043,-41.65,-0.0043,-401.65,1,30.0,joystick,+0.000,+0.000,-0.400,+0.000,1100,0,
1785506998.4462,2026-07-31T10:09:58.446,35.151,354,,,,0,,,,-0.0097,-41.84,-0.0097,-401.84,1,30.0,joystick,+0.000,+0.000,-0.400,+0.000,1100,0,
1785506998.5449,2026-07-31T10:09:58.544,35.250,355,,,,0,,,,-0.0066,-41.94,-0.0066,-401.94,1,30.0,joystick,+0.000,+0.000,-0.400,+0.000,1100,0,
1785506998.6452,2026-07-31T10:09:58.645,35.350,356,,,,0,,,,-0.0088,-42.12,-0.0088,-402.12,1,30.0,joystick,+0.000,+0.000,-0.400,+0.000,1100,0,
1785506998.7437,2026-07-31T10:09:58.743,35.449,357,,,,0,,,,-0.0063,-42.32,-0.0063,-402.32,1,30.0,joystick,+0.000,+0.000,-0.400,+0.000,1100,0,
1785506998.8433,2026-07-31T10:09:58.843,35.549,358,,,,0,,,,-0.0050,-42.40,-0.0050,-402.40,1,30.0,joystick,+0.000,+0.000,-0.400,+0.000,1100,0,
1785506998.9423,2026-07-31T10:09:58.942,35.647,359,,,,0,,,,-0.0054,-42.52,-0.0054,-402.52,1,30.0,joystick,+0.000,+0.000,-0.400,+0.000,1100,0,
1785506999.0413,2026-07-31T10:09:59.041,35.746,360,,,,0,,,,-0.0036,-42.57,-0.0036,-402.57,1,30.0,joystick,+0.000,+0.000,-0.400,+0.000,1100,0,
1785506999.1402,2026-07-31T10:09:59.140,35.845,361,,,,0,,,,-0.0022,-42.67,-0.0022,-402.67,1,30.0,joystick,+0.000,+0.000,-0.400,+0.000,1100,0,
1785506999.2387,2026-07-31T10:09:59.238,35.944,362,,,,0,,,,0.0015,-42.79,0.0015,-402.79,1,30.0,joystick,+0.000,+0.000,-0.400,+0.000,1100,0,
1785506999.3384,2026-07-31T10:09:59.338,36.044,363,,,,0,,,,0.0048,-42.85,0.0048,-402.85,1,30.0,joystick,+0.000,+0.000,+0.000,+0.000,1100,0,
1785506999.4371,2026-07-31T10:09:59.437,36.142,364,,,,0,,,,0.0073,-42.97,0.0073,-402.97,1,30.0,joystick,+0.000,+0.000,+0.000,+0.000,1100,0,
1785506999.5358,2026-07-31T10:09:59.535,36.241,365,,,,0,,,,0.0047,-43.01,0.0047,-403.01,1,30.0,joystick,+0.000,+0.000,+0.000,+0.000,1100,0,
1785506999.6356,2026-07-31T10:09:59.635,36.341,366,,,,0,,,,0.0091,-43.05,0.0091,-403.05,1,30.0,joystick,+0.000,+0.000,+0.000,+0.000,1100,0,
1785506999.7354,2026-07-31T10:09:59.735,36.441,367,,,,0,,,,0.0043,-43.07,0.0043,-403.07,1,30.0,joystick,+0.000,+0.000,+0.000,+0.000,1100,0,
1785506999.8345,2026-07-31T10:09:59.834,36.540,368,,,,0,,,,0.0046,-43.07,0.0046,-403.07,1,30.0,joystick,+0.000,+0.000,+0.000,+0.000,1100,0,
1785506999.9345,2026-07-31T10:09:59.934,36.640,369,,,,0,,,,0.0030,-43.06,0.0030,-403.06,1,30.0,joystick,+0.000,+0.000,+0.000,+0.000,1100,0,
1785507000.0342,2026-07-31T10:10:00.034,36.739,370,,,,0,,,,0.0010,-43.04,0.0010,-403.04,1,30.0,joystick,+0.000,+0.000,+0.000,+0.000,1100,0,
1785507000.1344,2026-07-31T10:10:00.134,36.840,371,,,,0,,,,0.0013,-43.01,0.0013,-403.01,1,30.0,joystick,+0.000,+0.000,-0.400,+0.000,1100,0,
1785507000.2330,2026-07-31T10:10:00.233,36.938,372,,,,0,,,,-0.0036,-43.00,-0.0036,-403.00,1,30.0,joystick,+0.000,+0.000,-0.400,+0.000,1100,0,
1785507000.3326,2026-07-31T10:10:00.332,37.038,373,,,,0,,,,-0.0062,-43.01,-0.0062,-403.01,1,30.0,joystick,+0.000,+0.000,-0.400,+0.000,1100,0,
1785507000.4323,2026-07-31T10:10:00.432,37.137,374,,,,0,,,,-0.0083,-43.08,-0.0083,-403.08,1,30.0,joystick,+0.000,+0.000,-0.400,+0.000,1100,0,
1785507000.5309,2026-07-31T10:10:00.530,37.236,375,,,,0,,,,-0.0097,-43.12,-0.0097,-403.12,1,30.0,joystick,+0.000,+0.000,-0.400,+0.000,1100,0,
1785507000.6303,2026-07-31T10:10:00.630,37.336,376,,,,0,,,,-0.0065,-43.20,-0.0065,-403.20,1,30.0,joystick,+0.000,+0.000,-0.400,+0.000,1100,0,
1785507000.7288,2026-07-31T10:10:00.728,37.434,377,,,,0,,,,-0.0127,-43.20,-0.0127,-403.20,1,30.0,joystick,+0.000,+0.000,-0.400,+0.000,1100,0,
1785507000.8277,2026-07-31T10:10:00.827,37.533,378,,,,0,,,,-0.0129,-43.19,-0.0129,-403.19,1,30.0,joystick,+0.000,+0.000,-0.400,+0.000,1100,0,
1785507000.9275,2026-07-31T10:10:00.927,37.633,379,,,,0,,,,-0.0114,-43.19,-0.0114,-403.19,1,30.0,joystick,+0.000,+0.000,-0.400,+0.000,1100,0,
1785507001.0267,2026-07-31T10:10:01.026,37.732,380,,,,0,,,,-0.0118,-43.26,-0.0118,-403.26,1,30.0,joystick,+0.000,+0.000,-0.400,+0.000,1100,0,
1785507001.1260,2026-07-31T10:10:01.125,37.831,381,,,,0,,,,-0.0052,-43.38,-0.0052,-403.38,1,30.0,joystick,+0.000,+0.000,-0.400,+0.000,1100,0,
1785507001.2252,2026-07-31T10:10:01.225,37.930,382,,,,0,,,,-0.0105,-43.44,-0.0105,-403.44,1,30.0,joystick,+0.000,+0.000,-0.400,+0.000,1100,0,
1785507001.3243,2026-07-31T10:10:01.324,38.030,383,,,,0,,,,-0.0082,-43.54,-0.0082,-403.54,1,30.0,joystick,+0.000,+0.000,-0.400,+0.000,1100,0,
1785507001.4233,2026-07-31T10:10:01.423,38.128,384,,,,0,,,,-0.0082,-43.58,-0.0082,-403.58,1,30.0,joystick,+0.000,+0.000,-0.400,+0.000,1100,0,
1785507001.5220,2026-07-31T10:10:01.522,38.227,385,,,,0,,,,-0.0033,-43.63,-0.0033,-403.63,1,30.0,joystick,+0.000,+0.000,-0.400,+0.000,1100,0,
1785507001.6214,2026-07-31T10:10:01.621,38.327,386,,,,0,,,,-0.0016,-43.66,-0.0016,-403.66,1,30.0,joystick,+0.000,+0.000,-0.400,+0.000,1100,0,
1785507001.7206,2026-07-31T10:10:01.720,38.426,387,,,,0,,,,-0.0002,-43.67,-0.0002,-403.67,1,30.0,joystick,+0.000,+0.000,-0.400,+0.000,1100,0,
1785507001.8216,2026-07-31T10:10:01.821,38.527,388,,,,0,,,,-0.0004,-43.69,-0.0004,-403.69,1,30.0,joystick,+0.000,+0.000,-0.400,+0.000,1100,0,
1785507001.9205,2026-07-31T10:10:01.920,38.626,389,,,,0,,,,-0.0027,-43.69,-0.0027,-403.69,1,30.0,joystick,+0.000,+0.000,-0.400,+0.000,1100,0,
1785507002.0189,2026-07-31T10:10:02.018,38.724,390,,,,0,,,,0.0026,-43.67,0.0026,-403.67,1,30.0,joystick,+0.000,+0.000,+0.000,+0.000,1100,0,
1785507002.1186,2026-07-31T10:10:02.118,38.824,391,,,,0,,,,0.0001,-43.62,0.0001,-403.62,1,30.0,joystick,+0.000,+0.000,-0.400,+0.000,1100,0,
1785507002.2175,2026-07-31T10:10:02.217,38.923,392,,,,0,,,,0.0028,-43.60,0.0028,-403.60,1,30.0,joystick,+0.000,+0.000,+0.000,+0.000,1100,0,
1785507002.3165,2026-07-31T10:10:02.316,39.022,393,,,,0,,,,-0.0031,-43.52,-0.0031,-403.52,1,30.0,joystick,+0.000,+0.000,+0.000,+0.000,1100,0,
1785507002.4156,2026-07-31T10:10:02.415,39.121,394,,,,0,,,,-0.0015,-43.48,-0.0015,-403.48,1,30.0,joystick,+0.000,+0.000,-0.400,+0.000,1100,0,
1785507002.5149,2026-07-31T10:10:02.514,39.220,395,,,,0,,,,-0.0025,-43.40,-0.0025,-403.40,1,30.0,joystick,+0.000,+0.000,+0.000,+0.000,1100,0,
1785507002.6146,2026-07-31T10:10:02.614,39.320,396,,,,0,,,,-0.0078,-43.37,-0.0078,-403.37,1,30.0,joystick,+0.000,+0.000,-0.400,+0.000,1100,0,
1785507002.7146,2026-07-31T10:10:02.714,39.420,397,,,,0,,,,-0.0022,-43.33,-0.0022,-403.33,1,30.0,joystick,+0.000,+0.000,-0.400,+0.000,1100,0,
1785507002.8134,2026-07-31T10:10:02.813,39.519,398,,,,0,,,,-0.0049,-43.29,-0.0049,-403.29,1,30.0,joystick,+0.000,+0.000,-0.400,+0.000,1100,0,
1785507002.9120,2026-07-31T10:10:02.912,39.617,399,,,,0,,,,-0.0070,-43.27,-0.0070,-403.27,1,30.0,joystick,+0.000,+0.000,-0.400,+0.000,1100,0,
1785507003.0110,2026-07-31T10:10:03.011,39.716,400,,,,0,,,,-0.0109,-43.21,-0.0109,-403.21,1,30.0,joystick,+0.000,+0.000,-0.400,+0.000,1100,0,
1785507003.1103,2026-07-31T10:10:03.110,39.816,401,,,,0,,,,-0.0059,-43.19,-0.0059,-403.19,1,30.0,joystick,+0.000,+0.000,-0.400,+0.000,1100,0,
1785507003.2103,2026-07-31T10:10:03.210,39.916,402,,,,0,,,,-0.0035,-43.21,-0.0035,-403.21,1,30.0,joystick,+0.000,+0.000,-0.400,+0.000,1100,0,
1785507003.3092,2026-07-31T10:10:03.309,40.014,403,,,,0,,,,-0.0052,-43.27,-0.0052,-403.27,1,30.0,joystick,+0.000,+0.000,-0.400,+0.000,1100,0,
1785507003.4088,2026-07-31T10:10:03.408,40.114,404,,,,0,,,,-0.0063,-43.31,-0.0063,-403.31,1,30.0,joystick,+0.000,+0.000,-0.400,+0.000,1100,0,
1785507003.5081,2026-07-31T10:10:03.508,40.213,405,,,,0,,,,-0.0054,-43.41,-0.0054,-403.41,1,30.0,joystick,+0.000,+0.000,-0.400,+0.000,1100,0,
1785507003.6071,2026-07-31T10:10:03.607,40.312,406,,,,0,,,,-0.0020,-43.51,-0.0020,-403.51,1,30.0,joystick,+0.000,+0.000,-0.400,+0.000,1100,0,
1785507003.7062,2026-07-31T10:10:03.706,40.411,407,,,,0,,,,-0.0006,-43.54,-0.0006,-403.54,1,30.0,joystick,+0.000,+0.000,-0.400,+0.000,1100,0,
1785507003.8054,2026-07-31T10:10:03.805,40.511,408,,,,0,,,,0.0038,-43.56,0.0038,-403.56,1,30.0,joystick,+0.000,+0.000,+0.000,+0.000,1100,0,
1785507003.9044,2026-07-31T10:10:03.904,40.610,409,,,,0,,,,0.0011,-43.55,0.0011,-403.55,1,30.0,joystick,+0.000,+0.000,+0.000,+0.000,1100,0,
1785507004.0036,2026-07-31T10:10:04.003,40.709,410,,,,0,,,,0.0095,-43.51,0.0095,-403.51,1,30.0,joystick,+0.000,+0.000,+0.000,+0.000,1100,0,
1785507004.1031,2026-07-31T10:10:04.103,40.808,411,,,,0,,,,0.0038,-43.50,0.0038,-403.50,1,30.0,joystick,+0.000,+0.000,+0.000,+0.000,1100,0,
1785507004.2030,2026-07-31T10:10:04.203,40.908,412,,,,0,,,,0.0026,-43.52,0.0026,-403.52,1,30.0,joystick,+0.000,+0.000,+0.000,+0.000,1100,0,
1785507004.3034,2026-07-31T10:10:04.303,41.009,413,,,,0,,,,0.0012,-43.61,0.0012,-403.61,1,30.0,joystick,+0.000,+0.000,+0.000,+0.000,1100,0,
1785507004.4037,2026-07-31T10:10:04.403,41.109,414,,,,0,,,,0.0002,-43.64,0.0002,-403.64,1,30.0,joystick,+0.000,+0.000,+0.000,+0.000,1100,0,
1785507004.5032,2026-07-31T10:10:04.503,41.208,415,,,,0,,,,-0.0026,-43.62,-0.0026,-403.62,1,30.0,joystick,+0.000,+0.000,-0.400,+0.000,1100,0,
1785507004.6022,2026-07-31T10:10:04.602,41.307,416,,,,0,,,,-0.0068,-43.48,-0.0068,-403.48,1,30.0,joystick,+0.000,+0.000,-0.400,+0.000,1100,0,
1785507004.7011,2026-07-31T10:10:04.701,41.406,417,,,,0,,,,-0.0067,-43.36,-0.0067,-403.36,1,30.0,joystick,+0.000,+0.000,-0.400,+0.000,1100,0,
1785507004.8015,2026-07-31T10:10:04.801,41.507,418,,,,0,,,,-0.0062,-43.17,-0.0062,-403.17,1,30.0,joystick,+0.000,+0.000,-0.400,+0.000,1100,0,
1785507004.9005,2026-07-31T10:10:04.900,41.606,419,,,,0,,,,-0.0027,-43.10,-0.0027,-403.10,1,30.0,joystick,+0.000,+0.000,-0.400,+0.000,1100,0,
1785507004.9998,2026-07-31T10:10:04.999,41.705,420,,,,0,,,,-0.0028,-43.06,-0.0028,-403.06,1,30.0,joystick,+0.000,+0.000,-0.400,+0.000,1100,0,
1785507005.0988,2026-07-31T10:10:05.098,41.804,421,,,,0,,,,-0.0089,-43.07,-0.0089,-403.07,1,30.0,joystick,+0.000,+0.000,-0.400,+0.000,1100,0,
1785507005.1976,2026-07-31T10:10:05.197,41.903,422,,,,0,,,,-0.0046,-43.14,-0.0046,-403.14,1,30.0,joystick,+0.000,+0.000,-0.400,+0.000,1100,0,
1785507005.2961,2026-07-31T10:10:05.296,42.001,423,,,,0,,,,-0.0064,-43.18,-0.0064,-403.18,1,30.0,joystick,+0.000,+0.000,-0.400,+0.000,1100,0,
1785507005.3953,2026-07-31T10:10:05.395,42.101,424,,,,0,,,,-0.0087,-43.14,-0.0087,-403.14,1,30.0,joystick,+0.000,+0.000,-0.400,+0.000,1100,0,
1785507005.4947,2026-07-31T10:10:05.494,42.200,425,,,,0,,,,-0.0026,-43.01,-0.0026,-403.01,1,30.0,joystick,+0.000,+0.000,-0.400,+0.000,1100,0,
1785507005.5934,2026-07-31T10:10:05.593,42.299,426,,,,0,,,,-0.0001,-42.95,-0.0001,-402.95,1,30.0,joystick,+0.000,+0.000,-0.400,+0.000,1100,0,
1785507005.6923,2026-07-31T10:10:05.692,42.397,427,,,,0,,,,0.0022,-42.91,0.0022,-402.91,1,30.0,joystick,+0.000,+0.000,+0.000,+0.000,1100,0,
1785507005.7911,2026-07-31T10:10:05.791,42.496,428,,,,0,,,,0.0047,-42.95,0.0047,-402.95,1,30.0,joystick,+0.000,+0.000,+0.000,+0.000,1100,0,
1785507005.8908,2026-07-31T10:10:05.890,42.596,429,,,,0,,,,-0.0004,-42.98,-0.0004,-402.98,1,30.0,joystick,+0.000,+0.000,-0.400,+0.000,1100,0,
1785507005.9899,2026-07-31T10:10:05.989,42.695,430,,,,0,,,,-0.0001,-43.01,-0.0001,-403.01,1,30.0,joystick,+0.000,+0.000,-0.400,+0.000,1100,0,
1785507006.0899,2026-07-31T10:10:06.089,42.795,431,,,,0,,,,-0.0053,-43.02,-0.0053,-403.02,1,30.0,joystick,+0.000,+0.000,-0.400,+0.000,1100,0,
1785507006.1891,2026-07-31T10:10:06.189,42.894,432,,,,0,,,,0.0005,-43.00,0.0005,-403.00,1,30.0,joystick,+0.000,+0.000,-0.400,+0.000,1100,0,
1785507006.2894,2026-07-31T10:10:06.289,42.995,433,,,,0,,,,-0.0011,-42.96,-0.0011,-402.96,1,30.0,joystick,+0.000,+0.000,-0.400,+0.000,1100,0,
1785507006.3876,2026-07-31T10:10:06.387,43.093,434,,,,0,,,,-0.0051,-42.96,-0.0051,-402.96,1,30.0,joystick,+0.000,+0.000,-0.400,+0.000,1100,0,
1785507006.4866,2026-07-31T10:10:06.486,43.192,435,,,,0,,,,-0.0041,-43.07,-0.0041,-403.07,1,30.0,joystick,+0.000,+0.000,-0.400,+0.000,1100,0,
1785507006.5854,2026-07-31T10:10:06.585,43.291,436,,,,0,,,,-0.0106,-43.12,-0.0106,-403.12,1,30.0,joystick,+0.000,+0.000,-0.400,+0.000,1100,0,
1785507006.6845,2026-07-31T10:10:06.684,43.390,437,,,,0,,,,-0.0115,-43.18,-0.0115,-403.18,1,30.0,joystick,+0.000,+0.000,-0.400,+0.000,1100,0,
1785507006.7844,2026-07-31T10:10:06.784,43.490,438,,,,0,,,,-0.0121,-43.18,-0.0121,-403.18,1,30.0,joystick,+0.000,+0.000,-0.400,+0.000,1100,0,
1785507006.8835,2026-07-31T10:10:06.883,43.589,439,,,,0,,,,-0.0106,-43.20,-0.0106,-403.20,1,30.0,joystick,+0.000,+0.000,-0.400,+0.000,1100,0,
1785507006.9827,2026-07-31T10:10:06.982,43.688,440,,,,0,,,,-0.0080,-43.33,-0.0080,-403.33,1,30.0,joystick,+0.000,+0.000,-0.400,+0.000,1100,0,
1785507007.0815,2026-07-31T10:10:07.081,43.787,441,,,,0,,,,-0.0076,-43.43,-0.0076,-403.43,1,30.0,joystick,+0.000,+0.000,-0.400,+0.000,1100,0,
1785507007.1818,2026-07-31T10:10:07.181,43.887,442,,,,0,,,,-0.0089,-43.65,-0.0089,-403.65,1,30.0,joystick,+0.000,+0.000,-0.400,+0.000,1100,0,
1785507007.2831,2026-07-31T10:10:07.283,43.988,443,,,,0,,,,-0.0119,-43.78,-0.0119,-403.78,1,30.0,joystick,+0.000,+0.000,-0.400,+0.000,1100,0,
1785507007.3841,2026-07-31T10:10:07.384,44.089,444,,,,0,,,,-0.0079,-43.81,-0.0079,-403.81,1,30.0,joystick,+0.000,+0.000,-0.400,+0.000,1100,0,
1785507007.4851,2026-07-31T10:10:07.485,44.190,445,,,,0,,,,-0.0064,-43.81,-0.0064,-403.81,1,30.0,joystick,+0.000,+0.000,-0.400,+0.000,1100,0,
1785507007.5834,2026-07-31T10:10:07.583,44.289,446,,,,0,,,,-0.0037,-43.79,-0.0037,-403.79,1,30.0,joystick,+0.000,+0.000,-0.400,+0.000,1100,0,
1785507007.6826,2026-07-31T10:10:07.682,44.388,447,,,,0,,,,-0.0022,-43.81,-0.0022,-403.81,1,30.0,joystick,+0.000,+0.000,-0.400,+0.000,1100,0,
1785507007.7817,2026-07-31T10:10:07.781,44.487,448,,,,0,,,,-0.0027,-43.90,-0.0027,-403.90,1,30.0,joystick,+0.000,+0.000,-0.400,+0.000,1100,0,
1785507007.8805,2026-07-31T10:10:07.880,44.586,449,,,,0,,,,-0.0005,-43.96,-0.0005,-403.96,1,30.0,joystick,+0.000,+0.000,-0.400,+0.000,1100,0,
1785507007.9794,2026-07-31T10:10:07.979,44.685,450,,,,0,,,,0.0019,-44.05,0.0019,-404.05,1,30.0,joystick,+0.000,+0.000,+0.000,+0.000,1100,0,
1785507008.0786,2026-07-31T10:10:08.078,44.784,451,,,,0,,,,-0.0010,-44.07,-0.0010,-404.07,1,30.0,joystick,+0.000,+0.000,-0.400,+0.000,1100,0,
1785507008.1794,2026-07-31T10:10:08.179,44.885,452,,,,0,,,,0.0030,-44.05,0.0030,-404.05,1,30.0,joystick,+0.000,+0.000,+0.000,+0.000,1100,0,
1785507008.2787,2026-07-31T10:10:08.278,44.984,453,,,,0,,,,-0.0002,-44.02,-0.0002,-404.02,1,30.0,joystick,+0.000,+0.000,-0.400,+0.000,1100,0,
1785507008.3776,2026-07-31T10:10:08.377,45.083,454,,,,0,,,,0.0037,-43.94,0.0037,-403.94,1,30.0,joystick,+0.000,+0.000,+0.000,+0.000,1100,0,
1785507008.4765,2026-07-31T10:10:08.476,45.182,455,,,,0,,,,-0.0023,-43.82,-0.0023,-403.82,1,30.0,joystick,+0.000,+0.000,-0.400,+0.000,1100,0,
1785507008.5760,2026-07-31T10:10:08.575,45.281,456,,,,0,,,,-0.0048,-43.76,-0.0048,-403.76,1,30.0,joystick,+0.000,+0.000,-0.400,+0.000,1100,0,
1785507008.6752,2026-07-31T10:10:08.675,45.380,457,,,,0,,,,-0.0034,-43.66,-0.0034,-403.66,1,30.0,joystick,+0.000,+0.000,-0.400,+0.000,1100,0,
1785507008.7736,2026-07-31T10:10:08.773,45.479,458,,,,0,,,,-0.0052,-43.59,-0.0052,-403.59,1,30.0,joystick,+0.000,+0.000,-0.400,+0.000,1100,0,
1785507008.8723,2026-07-31T10:10:08.872,45.578,459,,,,0,,,,-0.0036,-43.48,-0.0036,-403.48,1,30.0,joystick,+0.000,+0.000,-0.400,+0.000,1100,0,
1785507008.9716,2026-07-31T10:10:08.971,45.677,460,,,,0,,,,-0.0025,-43.44,-0.0025,-403.44,1,30.0,joystick,+0.000,+0.000,-0.400,+0.000,1100,0,
1785507009.0707,2026-07-31T10:10:09.070,45.776,461,,,,0,,,,-0.0005,-43.36,-0.0005,-403.36,1,30.0,joystick,+0.000,+0.000,-0.400,+0.000,1100,0,
1785507009.1697,2026-07-31T10:10:09.169,45.875,462,,,,0,,,,-0.0022,-43.36,-0.0022,-403.36,1,30.0,joystick,+0.000,+0.000,+0.000,+0.000,1100,0,
1785507009.2686,2026-07-31T10:10:09.268,45.974,463,,,,0,,,,-0.0033,-43.39,-0.0033,-403.39,1,30.0,joystick,+0.000,+0.000,-0.400,+0.000,1100,0,
1785507009.3675,2026-07-31T10:10:09.367,46.073,464,,,,0,,,,0.0002,-43.55,0.0002,-403.55,1,30.0,joystick,+0.000,+0.000,+0.000,+0.000,1100,0,
1785507009.4682,2026-07-31T10:10:09.468,46.173,465,,,,0,,,,0.0005,-43.60,0.0005,-403.60,1,30.0,joystick,+0.000,+0.000,+0.000,+0.000,1100,0,
1785507009.5666,2026-07-31T10:10:09.566,46.272,466,,,,0,,,,0.0054,-43.61,0.0054,-403.61,1,30.0,joystick,+0.000,+0.000,+0.000,+0.000,1100,0,
1785507009.6662,2026-07-31T10:10:09.666,46.371,467,,,,0,,,,-0.0059,-43.56,-0.0059,-403.56,1,30.0,joystick,+0.000,+0.000,+0.000,+0.000,1100,0,
1785507009.7649,2026-07-31T10:10:09.764,46.470,468,,,,0,,,,-0.0029,-43.52,-0.0029,-403.52,1,30.0,joystick,+0.000,+0.000,-0.400,+0.000,1100,0,
1785507009.8641,2026-07-31T10:10:09.864,46.569,469,,,,0,,,,-0.0065,-43.43,-0.0065,-403.43,1,30.0,joystick,+0.000,+0.000,-0.400,+0.000,1100,0,
1785507009.9628,2026-07-31T10:10:09.962,46.668,470,,,,0,,,,-0.0086,-43.38,-0.0086,-403.38,1,30.0,joystick,+0.000,+0.000,-0.400,+0.000,1100,0,
1785507010.0623,2026-07-31T10:10:10.062,46.767,471,,,,0,,,,-0.0085,-43.30,-0.0085,-403.30,1,30.0,joystick,+0.000,+0.000,-0.400,+0.000,1100,0,
1785507010.1607,2026-07-31T10:10:10.160,46.866,472,,,,0,,,,-0.0064,-43.24,-0.0064,-403.24,1,30.0,joystick,+0.000,+0.000,-0.400,+0.000,1100,0,
1785507010.2597,2026-07-31T10:10:10.259,46.965,473,,,,0,,,,-0.0053,-43.23,-0.0053,-403.23,1,30.0,joystick,+0.000,+0.000,-0.400,+0.000,1100,0,
1785507010.3590,2026-07-31T10:10:10.358,47.064,474,,,,0,,,,-0.0069,-43.24,-0.0069,-403.24,1,30.0,joystick,+0.000,+0.000,-0.400,+0.000,1100,0,
1785507010.4575,2026-07-31T10:10:10.457,47.163,475,,,,0,,,,-0.0048,-43.25,-0.0048,-403.25,1,30.0,joystick,+0.000,+0.000,-0.400,+0.000,1100,0,
1785507010.5578,2026-07-31T10:10:10.557,47.263,476,,,,0,,,,-0.0032,-43.19,-0.0032,-403.19,1,30.0,joystick,+0.000,+0.000,-0.400,+0.000,1100,0,
1785507010.6566,2026-07-31T10:10:10.656,47.362,477,,,,0,,,,-0.0006,-43.05,-0.0006,-403.05,1,30.0,joystick,+0.000,+0.000,+0.000,+0.000,1100,0,
1785507010.7556,2026-07-31T10:10:10.755,47.461,478,,,,0,,,,-0.0054,-42.96,-0.0054,-402.96,1,30.0,joystick,+0.000,+0.000,-0.400,+0.000,1100,0,
1785507010.8545,2026-07-31T10:10:10.854,47.560,479,,,,0,,,,0.0008,-42.84,0.0008,-402.84,1,30.0,joystick,+0.000,+0.000,-0.400,+0.000,1100,0,
1785507010.9535,2026-07-31T10:10:10.953,47.659,480,,,,0,,,,0.0002,-42.78,0.0002,-402.78,1,30.0,joystick,+0.000,+0.000,+0.000,+0.000,1100,0,
1785507011.0532,2026-07-31T10:10:11.053,47.758,481,,,,0,,,,-0.0021,-42.63,-0.0021,-402.63,1,30.0,joystick,+0.000,+0.000,-0.400,+0.000,1100,0,
1785507011.1530,2026-07-31T10:10:11.153,47.858,482,,,,0,,,,-0.0081,-42.53,-0.0081,-402.53,1,30.0,joystick,+0.000,+0.000,-0.400,+0.000,1100,0,
1785507011.2525,2026-07-31T10:10:11.252,47.958,483,,,,0,,,,-0.0106,-42.48,-0.0106,-402.48,1,30.0,joystick,+0.000,+0.000,-0.400,+0.000,1100,0,
1785507011.3513,2026-07-31T10:10:11.351,48.056,484,,,,0,,,,-0.0110,-42.46,-0.0110,-402.46,1,30.0,joystick,+0.000,+0.000,-0.400,+0.000,1100,0,
1785507011.4521,2026-07-31T10:10:11.452,48.157,485,,,,0,,,,-0.0097,-42.45,-0.0097,-402.45,1,30.0,joystick,+0.000,+0.000,-0.400,+0.000,1100,0,
1785507011.5518,2026-07-31T10:10:11.551,48.257,486,,,,0,,,,-0.0050,-42.37,-0.0050,-402.37,1,30.0,joystick,+0.000,+0.000,-0.400,+0.000,1100,0,
1785507011.6506,2026-07-31T10:10:11.650,48.356,487,,,,0,,,,-0.0104,-42.25,-0.0104,-402.25,1,30.0,joystick,+0.000,+0.000,-0.400,+0.000,1100,0,
1785507011.7519,2026-07-31T10:10:11.751,48.457,488,,,,0,,,,-0.0127,-42.19,-0.0127,-402.19,1,30.0,joystick,+0.000,+0.000,-0.400,+0.000,1100,0,
1785507011.8511,2026-07-31T10:10:11.851,48.556,489,,,,0,,,,-0.0067,-42.08,-0.0067,-402.08,1,30.0,joystick,+0.000,+0.000,-0.400,+0.000,1100,0,
1785507011.9514,2026-07-31T10:10:11.951,48.657,490,,,,0,,,,-0.0104,-42.05,-0.0104,-402.05,1,30.0,joystick,+0.000,+0.000,-0.400,+0.000,1100,0,
1785507012.0496,2026-07-31T10:10:12.049,48.755,491,,,,0,,,,-0.0068,-42.01,-0.0068,-402.01,1,30.0,joystick,+0.000,+0.000,-0.400,+0.000,1100,0,
1785507012.1489,2026-07-31T10:10:12.148,48.854,492,,,,0,,,,-0.0060,-42.00,-0.0060,-402.00,1,30.0,joystick,+0.000,+0.000,-0.400,+0.000,1100,0,
1785507012.2478,2026-07-31T10:10:12.247,48.953,493,,,,0,,,,-0.0049,-41.97,-0.0049,-401.97,1,30.0,joystick,+0.000,+0.000,-0.400,+0.000,1100,0,
1785507012.3467,2026-07-31T10:10:12.346,49.052,494,,,,0,,,,-0.0026,-41.84,-0.0026,-401.84,1,30.0,joystick,+0.000,+0.000,-0.400,+0.000,1100,0,
1785507012.4457,2026-07-31T10:10:12.445,49.151,495,,,,0,,,,-0.0024,-41.75,-0.0024,-401.75,1,30.0,joystick,+0.000,+0.000,-0.400,+0.000,1100,0,
1785507012.5455,2026-07-31T10:10:12.545,49.251,496,,,,0,,,,-0.0046,-41.56,-0.0046,-401.56,1,30.0,joystick,+0.000,+0.000,+0.000,+0.000,1100,0,
1785507012.6448,2026-07-31T10:10:12.644,49.350,497,,,,0,,,,-0.0046,-41.48,-0.0046,-401.48,1,30.0,joystick,+0.000,+0.000,-0.400,+0.000,1100,0,
1785507012.7447,2026-07-31T10:10:12.744,49.450,498,,,,0,,,,-0.0018,-41.37,-0.0018,-401.37,1,30.0,joystick,+0.000,+0.000,-0.400,+0.000,1100,0,
1785507012.8445,2026-07-31T10:10:12.844,49.550,499,,,,0,,,,-0.0045,-41.25,-0.0045,-401.25,1,30.0,joystick,+0.000,+0.000,-0.400,+0.000,1100,0,
1785507012.9438,2026-07-31T10:10:12.943,49.649,500,,,,0,,,,-0.0024,-41.18,-0.0024,-401.18,1,30.0,joystick,+0.000,+0.000,-0.400,+0.000,1100,0,
1785507013.0432,2026-07-31T10:10:13.043,49.748,501,,,,0,,,,-0.0102,-41.04,-0.0102,-401.04,1,30.0,joystick,+0.000,+0.000,-0.400,+0.000,1100,0,
1785507013.1445,2026-07-31T10:10:13.144,49.850,502,,,,0,,,,-0.0055,-40.97,-0.0055,-400.97,1,30.0,joystick,+0.000,+0.000,-0.400,+0.000,1100,0,
1785507013.2439,2026-07-31T10:10:13.243,49.949,503,,,,0,,,,0.0015,-40.84,-0.0053,-400.84,1,30.0,joystick,+0.000,+0.000,-0.400,+0.000,1100,0,
1785507013.3436,2026-07-31T10:10:13.343,50.049,504,,,,0,,,,0.0051,-40.70,-0.0017,-400.70,1,30.0,joystick,+0.000,+0.000,-0.400,+0.000,1100,0,
1785507013.4433,2026-07-31T10:10:13.443,50.149,505,,,,0,,,,0.0039,-40.64,-0.0029,-400.64,1,30.0,joystick,+0.000,+0.000,+0.000,+0.000,1100,0,
1785507013.5422,2026-07-31T10:10:13.542,50.247,506,,,,0,,,,0.0068,-40.56,-0.0000,-400.56,1,30.0,joystick,+0.000,+0.000,+0.000,+0.000,1100,0,
1785507013.6416,2026-07-31T10:10:13.641,50.347,507,,,,0,,,,0.0053,-40.54,-0.0014,-400.54,1,30.0,joystick,+0.000,+0.000,+0.000,+0.000,1100,0,
1785507013.7417,2026-07-31T10:10:13.741,50.447,508,,,,0,,,,0.0012,-40.50,-0.0055,-400.50,1,30.0,joystick,+0.000,+0.000,-0.400,+0.000,1100,0,
1785507013.8409,2026-07-31T10:10:13.840,50.546,509,,,,0,,,,-0.0015,-40.43,-0.0082,-400.43,1,30.0,joystick,+0.000,+0.000,+0.000,+0.000,1100,0,
1785507013.9407,2026-07-31T10:10:13.940,50.646,510,,,,0,,,,0.0021,-40.37,-0.0047,-400.37,1,30.0,joystick,+0.000,+0.000,+0.000,+0.000,1100,0,
1785507014.0395,2026-07-31T10:10:14.039,50.745,511,,,,0,,,,-0.0021,-40.34,-0.0089,-400.34,1,30.0,joystick,+0.000,+0.000,+0.000,+0.000,1100,0,
1785507014.1396,2026-07-31T10:10:14.139,50.845,512,,,,0,,,,-0.0080,-40.34,-0.0148,-400.34,1,30.0,joystick,+0.000,+0.000,-0.400,+0.000,1100,0,
1785507014.2387,2026-07-31T10:10:14.238,50.944,513,,,,0,,,,-0.0097,-40.34,-0.0165,-400.34,1,30.0,joystick,+0.000,+0.000,-0.400,+0.000,1100,0,
1785507014.3376,2026-07-31T10:10:14.337,51.043,514,,,,0,,,,-0.0108,-40.32,-0.0176,-400.32,1,30.0,joystick,+0.000,+0.000,-0.400,+0.000,1100,0,
1785507014.4378,2026-07-31T10:10:14.437,51.143,515,,,,0,,,,-0.0087,-40.31,-0.0154,-400.31,1,30.0,joystick,+0.000,+0.000,-0.400,+0.000,1100,0,
1785507014.5368,2026-07-31T10:10:14.536,51.242,516,,,,0,,,,-0.0040,-40.33,-0.0107,-400.33,1,30.0,joystick,+0.000,+0.000,-0.400,+0.000,1100,0,
1785507014.6381,2026-07-31T10:10:14.638,51.343,517,,,,0,,,,-0.0123,-40.35,-0.0191,-400.35,1,30.0,joystick,+0.000,+0.000,-0.400,+0.000,1100,0,
1785507014.7392,2026-07-31T10:10:14.739,51.444,518,,,,0,,,,-0.0117,-40.34,-0.0185,-400.34,1,30.0,joystick,+0.000,+0.000,-0.400,+0.000,1100,0,
1785507014.8383,2026-07-31T10:10:14.838,51.544,519,,,,0,,,,-0.0071,-40.27,-0.0139,-400.27,1,30.0,joystick,+0.000,+0.000,-0.400,+0.000,1100,0,
1785507014.9377,2026-07-31T10:10:14.937,51.643,520,,,,0,,,,-0.0068,-40.24,-0.0136,-400.24,1,30.0,joystick,+0.000,+0.000,-0.400,+0.000,1100,0,
1785507015.0367,2026-07-31T10:10:15.036,51.742,521,,,,0,,,,-0.0065,-40.22,-0.0133,-400.22,1,30.0,joystick,+0.000,+0.000,-0.400,+0.000,1100,0,
1785507015.1367,2026-07-31T10:10:15.136,51.842,522,,,,0,,,,-0.0037,-40.21,-0.0104,-400.21,1,30.0,joystick,+0.000,+0.000,-0.400,+0.000,1100,0,
1785507015.2359,2026-07-31T10:10:15.235,51.941,523,,,,0,,,,-0.0042,-40.21,-0.0110,-400.21,1,30.0,joystick,+0.000,+0.000,-0.400,+0.000,1100,0,
1785507015.3349,2026-07-31T10:10:15.334,52.040,524,,,,0,,,,-0.0010,-40.24,-0.0078,-400.24,1,30.0,joystick,+0.000,+0.000,+0.000,+0.000,1100,0,
1785507015.4346,2026-07-31T10:10:15.434,52.140,525,,,,0,,,,-0.0018,-40.26,-0.0085,-400.26,1,30.0,joystick,+0.000,+0.000,+0.000,+0.000,1100,0,
1785507015.5335,2026-07-31T10:10:15.533,52.239,526,,,,0,,,,-0.0029,-40.29,-0.0097,-400.29,1,30.0,joystick,+0.000,+0.000,+0.000,+0.000,1100,0,
1785507015.6325,2026-07-31T10:10:15.632,52.338,527,,,,0,,,,-0.0023,-40.27,-0.0091,-400.27,1,30.0,joystick,+0.000,+0.000,+0.000,+0.000,1100,0,
1785507015.7309,2026-07-31T10:10:15.730,52.436,528,,,,0,,,,-0.0055,-40.20,-0.0122,-400.20,1,30.0,joystick,+0.000,+0.000,+0.000,+0.000,1100,0,
1785507015.8302,2026-07-31T10:10:15.830,52.535,529,,,,0,,,,-0.0131,-40.15,-0.0198,-400.15,1,30.0,joystick,+0.000,+0.000,+0.000,+0.000,1100,0,
1785507015.9297,2026-07-31T10:10:15.929,52.635,530,,,,0,,,,-0.0094,-40.13,-0.0162,-400.13,1,30.0,joystick,+0.000,+0.000,+0.000,+0.000,1100,0,
1785507016.0287,2026-07-31T10:10:16.028,52.734,531,,,,0,,,,-0.0139,-40.13,-0.0207,-400.13,1,30.0,joystick,+0.000,+0.000,+0.000,+0.000,1100,0,
1785507016.1273,2026-07-31T10:10:16.127,52.833,532,,,,0,,,,-0.0139,-40.15,-0.0206,-400.15,1,30.0,joystick,+0.000,+0.000,+0.000,+0.000,1100,0,
1785507016.2266,2026-07-31T10:10:16.226,52.932,533,,,,0,,,,-0.0175,-40.18,-0.0243,-400.18,1,30.0,joystick,+0.000,+0.000,+0.000,+0.000,1100,0,
1785507016.3256,2026-07-31T10:10:16.325,53.031,534,,,,0,,,,-0.0207,-40.15,-0.0275,-400.15,1,30.0,joystick,+0.000,+0.000,+0.000,+0.000,1100,0,
1785507016.4245,2026-07-31T10:10:16.424,53.130,535,,,,0,,,,-0.0242,-40.11,-0.0309,-400.11,1,30.0,joystick,+0.000,+0.000,+0.000,+0.000,1100,0,
1785507016.5235,2026-07-31T10:10:16.523,53.229,536,,,,0,,,,-0.0215,-40.02,-0.0283,-400.02,1,30.0,joystick,+0.000,+0.000,+0.000,+0.000,1100,0,
1785507016.6234,2026-07-31T10:10:16.623,53.329,537,,,,0,,,,-0.0251,-39.98,-0.0319,-399.98,1,30.0,joystick,+0.000,+0.000,+0.000,+0.000,1100,0,
1785507016.7225,2026-07-31T10:10:16.722,53.428,538,,,,0,,,,-0.0293,-39.94,-0.0361,-399.94,1,30.0,joystick,+0.000,+0.000,+0.000,+0.000,1100,0,
1785507016.8214,2026-07-31T10:10:16.821,53.527,539,,,,0,,,,-0.0303,-39.94,-0.0371,-399.94,1,30.0,joystick,+0.000,+0.000,+0.000,+0.000,1100,0,
1785507016.9208,2026-07-31T10:10:16.920,53.626,540,,,,0,,,,-0.0321,-39.98,-0.0389,-399.98,1,30.0,joystick,+0.000,+0.000,+0.000,+0.000,1100,0,
1785507017.0207,2026-07-31T10:10:17.020,53.726,541,,,,0,,,,-0.0307,-40.02,-0.0375,-400.02,1,30.0,joystick,+0.000,+0.000,+0.000,+0.000,1100,0,
1785507017.1193,2026-07-31T10:10:17.119,53.825,542,,,,0,,,,-0.0334,-40.09,-0.0402,-400.09,1,30.0,joystick,+0.000,+0.000,+0.000,+0.000,1100,0,
1785507017.2190,2026-07-31T10:10:17.218,53.924,543,,,,0,,,,-0.0374,-40.04,-0.0441,-400.04,1,30.0,joystick,+0.000,+0.000,+0.000,+0.000,1100,0,
1785507017.3184,2026-07-31T10:10:17.318,54.024,544,,,,0,,,,-0.0384,-39.98,-0.0451,-399.98,1,30.0,joystick,+0.000,+0.000,+0.000,+0.000,1100,0,
1785507017.4178,2026-07-31T10:10:17.417,54.123,545,,,,0,,,,-0.0453,-39.83,-0.0521,-399.83,1,30.0,joystick,+0.000,+0.000,+0.000,+0.000,1100,0,
1785507017.5165,2026-07-31T10:10:17.516,54.222,546,,,,0,,,,0.0000,-39.76,-0.0537,-399.76,1,30.0,joystick,+0.000,+0.000,+0.000,+0.000,1100,0,
1785507017.6158,2026-07-31T10:10:17.615,54.321,547,,,,0,,,,-0.0055,-39.65,-0.0592,-399.65,1,30.0,joystick,+0.000,+0.000,+0.000,+0.000,1100,0,
1785507017.7142,2026-07-31T10:10:17.714,54.419,548,,,,0,,,,-0.0063,-39.60,-0.0600,-399.60,1,30.0,joystick,+0.000,+0.000,+0.000,+0.000,1100,0,
1785507017.8140,2026-07-31T10:10:17.814,54.519,549,,,,0,,,,-0.0145,-39.59,-0.0682,-399.59,1,30.0,joystick,+0.000,+0.000,+0.000,+0.000,1100,0,
1785507017.9131,2026-07-31T10:10:17.913,54.618,550,,,,0,,,,-0.0123,-39.56,-0.0660,-399.56,1,30.0,joystick,+0.000,+0.000,+0.000,+0.000,1100,0,
1785507018.0138,2026-07-31T10:10:18.013,54.719,551,,,,0,,,,-0.0100,-39.56,-0.0637,-399.56,1,30.0,joystick,+0.000,+0.000,+0.000,+0.000,1100,0,
1785507018.1125,2026-07-31T10:10:18.112,54.818,552,,,,0,,,,-0.0113,-39.58,-0.0650,-399.58,1,30.0,joystick,+0.000,+0.000,+0.000,+0.000,1100,0,
1785507018.2127,2026-07-31T10:10:18.212,54.918,553,,,,0,,,,-0.0104,-39.64,-0.0641,-399.64,1,30.0,joystick,+0.000,+0.000,+0.000,+0.000,1100,0,
1785507018.3117,2026-07-31T10:10:18.311,55.017,554,,,,0,,,,-0.0056,-39.64,-0.0593,-399.64,1,30.0,joystick,+0.000,+0.000,+0.000,+0.000,1100,0,
1785507018.4108,2026-07-31T10:10:18.410,55.116,555,,,,0,,,,-0.0019,-39.65,-0.0556,-399.65,1,30.0,joystick,+0.000,+0.000,+0.000,+0.000,1100,0,
1785507018.5091,2026-07-31T10:10:18.509,55.214,556,,,,0,,,,-0.0051,-39.70,-0.0588,-399.70,1,30.0,joystick,+0.000,+0.000,+0.000,+0.000,1100,0,
1785507018.6087,2026-07-31T10:10:18.608,55.314,557,,,,0,,,,-0.0035,-39.74,-0.0572,-399.74,1,30.0,joystick,+0.000,+0.000,+0.000,+0.000,1100,0,
1785507018.7077,2026-07-31T10:10:18.707,55.413,558,,,,0,,,,-0.0045,-39.78,-0.0582,-399.78,1,30.0,joystick,+0.000,+0.000,+0.000,+0.000,1100,0,
1785507018.8066,2026-07-31T10:10:18.806,55.512,559,,,,0,,,,-0.0034,-39.77,-0.0571,-399.77,1,30.0,joystick,+0.000,+0.000,+0.000,+0.000,1100,0,
1785507018.9053,2026-07-31T10:10:18.905,55.611,560,,,,0,,,,0.0017,-39.79,-0.0520,-399.79,1,30.0,joystick,+0.000,+0.000,+0.000,+0.000,1100,0,
1785507019.0056,2026-07-31T10:10:19.005,55.711,561,,,,0,,,,0.0003,-39.83,-0.0534,-399.83,1,30.0,joystick,+0.000,+0.000,+0.000,+0.000,1100,0,
1785507019.1044,2026-07-31T10:10:19.104,55.810,562,,,,0,,,,0.0004,-39.93,-0.0533,-399.93,1,30.0,joystick,+0.000,+0.000,+0.000,+0.000,1100,0,
1785507019.2038,2026-07-31T10:10:19.203,55.909,563,,,,0,,,,0.0054,-40.01,-0.0483,-400.01,1,30.0,joystick,+0.000,+0.000,+0.000,+0.000,1100,0,
1785507019.3028,2026-07-31T10:10:19.302,56.008,564,,,,0,,,,0.0020,-40.05,-0.0517,-400.05,1,30.0,joystick,+0.000,+0.000,+0.000,+0.000,1100,0,
1785507019.4013,2026-07-31T10:10:19.401,56.107,565,,,,0,,,,0.0034,-40.09,-0.0503,-400.09,1,30.0,joystick,+0.000,+0.000,+0.000,+0.000,1100,0,
1785507019.5007,2026-07-31T10:10:19.500,56.206,566,,,,0,,,,0.0066,-40.09,-0.0471,-400.09,1,30.0,joystick,+0.000,+0.000,+0.000,+0.000,1100,0,
1785507019.5994,2026-07-31T10:10:19.599,56.305,567,,,,0,,,,0.0052,-40.09,-0.0485,-400.09,1,30.0,joystick,+0.000,+0.000,+0.000,+0.000,1100,0,
1785507019.7000,2026-07-31T10:10:19.700,56.405,568,,,,0,,,,0.0026,-40.06,-0.0511,-400.06,1,30.0,joystick,+0.000,+0.000,+0.000,+0.000,1100,0,
1785507019.8014,2026-07-31T10:10:19.801,56.507,569,,,,0,,,,0.0018,-40.07,-0.0519,-400.07,1,30.0,joystick,+0.000,+0.000,+0.000,+0.000,1100,0,
1785507019.9000,2026-07-31T10:10:19.899,56.605,570,,,,0,,,,0.0021,-40.13,-0.0516,-400.13,1,30.0,joystick,+0.000,+0.000,+0.000,+0.000,1100,0,
1785507019.9986,2026-07-31T10:10:19.998,56.704,571,,,,0,,,,0.0073,-40.19,-0.0464,-400.19,1,30.0,joystick,+0.000,+0.000,+0.000,+0.000,1100,0,
1785507020.0981,2026-07-31T10:10:20.098,56.803,572,,,,0,,,,0.0065,-40.34,-0.0472,-400.34,1,30.0,joystick,+0.000,+0.000,+0.000,+0.000,1100,0,
1785507020.1991,2026-07-31T10:10:20.199,56.904,573,,,,0,,,,0.0023,-40.45,-0.0514,-400.45,1,30.0,joystick,+0.000,+0.000,+0.000,+0.000,1100,0,
1785507020.2994,2026-07-31T10:10:20.299,57.005,574,,,,0,,,,0.0005,-40.46,-0.0532,-400.46,1,30.0,joystick,+0.000,+0.000,+0.000,+0.000,1100,0,
1785507020.3990,2026-07-31T10:10:20.399,57.104,575,,,,0,,,,0.0055,-40.42,-0.0482,-400.42,1,30.0,joystick,+0.000,+0.000,+0.000,+1.000,1100,0,
1785507020.4974,2026-07-31T10:10:20.497,57.203,576,,,,0,,,,0.0014,-40.40,-0.0523,-400.40,1,30.0,joystick,+0.000,+0.000,+0.000,+1.000,1100,0,
1785507020.5965,2026-07-31T10:10:20.596,57.302,577,,,,0,,,,0.0042,-40.99,-0.0496,-400.99,1,30.0,joystick,+0.000,+0.000,+0.000,+1.000,1100,0,
1785507020.6956,2026-07-31T10:10:20.695,57.401,578,,,,0,,,,0.0029,-42.53,-0.0508,-402.53,1,30.0,joystick,+0.000,+0.000,+0.000,+1.000,1100,0,
1785507020.7949,2026-07-31T10:10:20.794,57.500,579,,,,0,,,,0.0030,-50.93,-0.0507,-410.93,1,30.0,joystick,+0.000,+0.000,+0.000,-1.000,1100,0,
1785507020.8946,2026-07-31T10:10:20.894,57.600,580,,,,0,,,,0.0026,-53.82,-0.0511,-413.82,1,30.0,joystick,+0.000,+0.000,+0.000,-1.000,1100,0,
1785507020.9942,2026-07-31T10:10:20.994,57.699,581,,,,0,,,,0.0075,-51.74,-0.0462,-411.74,1,30.0,joystick,+0.000,+0.000,+0.000,-1.000,1100,0,
1785507021.0942,2026-07-31T10:10:21.094,57.799,582,,,,0,,,,-0.0029,-43.79,-0.0566,-403.79,1,30.0,joystick,+0.000,+0.000,+0.000,-1.000,1100,0,
1785507021.1934,2026-07-31T10:10:21.193,57.899,583,,,,0,,,,-0.0021,-38.79,-0.0558,-398.79,1,30.0,joystick,+0.000,+0.000,+0.000,-1.000,1100,0,
1785507021.2927,2026-07-31T10:10:21.292,57.998,584,,,,0,,,,0.0132,-27.31,-0.0406,-387.31,1,30.0,joystick,+0.000,+0.000,+0.000,-1.000,1100,0,
1785507021.3923,2026-07-31T10:10:21.392,58.097,585,,,,0,,,,0.0099,-14.84,-0.0438,-374.84,1,30.0,joystick,+0.000,+0.000,+0.000,-1.000,1100,0,
1785507021.4915,2026-07-31T10:10:21.491,58.197,586,,,,0,,,,0.0117,-8.81,-0.0420,-368.81,1,30.0,joystick,+0.000,+0.000,+0.000,-1.000,1100,0,
1785507021.5906,2026-07-31T10:10:21.590,58.296,587,,,,0,,,,0.0137,2.59,-0.0400,-357.41,1,30.0,joystick,+0.000,+0.000,+0.000,-1.000,1100,0,
1785507021.6902,2026-07-31T10:10:21.690,58.395,588,,,,0,,,,0.0047,13.25,-0.0490,-346.75,1,30.0,joystick,+0.000,+0.000,+0.000,-1.000,1100,0,
1785507021.7895,2026-07-31T10:10:21.789,58.495,589,,,,0,,,,0.0136,18.46,-0.0401,-341.54,1,30.0,joystick,+0.000,+0.000,+0.000,-1.000,1100,0,
1785507021.8890,2026-07-31T10:10:21.889,58.594,590,,,,0,,,,0.0027,29.28,-0.0510,-330.72,1,30.0,joystick,+0.000,+0.000,+0.000,-1.000,1100,0,
1785507021.9891,2026-07-31T10:10:21.989,58.694,591,,,,0,,,,0.0051,34.92,-0.0486,-325.08,1,30.0,joystick,+0.000,+0.000,+0.000,-1.000,1100,0,
1785507022.0901,2026-07-31T10:10:22.090,58.795,592,,,,0,,,,0.0052,46.31,-0.0485,-313.69,1,30.0,joystick,+0.000,+0.000,+0.000,-1.000,1100,0,
1785507022.1892,2026-07-31T10:10:22.189,58.894,593,,,,0,,,,-0.0017,57.61,-0.0554,-302.39,1,30.0,joystick,+0.000,+0.000,+0.000,-1.000,1100,0,
1785507022.2885,2026-07-31T10:10:22.288,58.994,594,,,,0,,,,-0.0057,63.24,-0.0594,-296.76,1,30.0,joystick,+0.000,+0.000,+0.000,-1.000,1100,0,
1785507022.3866,2026-07-31T10:10:22.386,59.092,595,,,,0,,,,-0.0024,74.68,-0.0561,-285.32,1,30.0,joystick,+0.000,+0.000,+0.000,-1.000,1100,0,
1785507022.4856,2026-07-31T10:10:22.485,59.191,596,,,,0,,,,-0.0058,80.43,-0.0595,-279.57,1,30.0,joystick,+0.000,+0.000,+0.000,-1.000,1100,0,
1785507022.5845,2026-07-31T10:10:22.584,59.290,597,,,,0,,,,-0.0095,91.96,-0.0632,-268.04,1,30.0,joystick,+0.000,+0.000,+0.000,-1.000,1100,0,
1785507022.6843,2026-07-31T10:10:22.684,59.390,598,,,,0,,,,-0.0098,103.86,-0.0635,-256.14,1,30.0,joystick,+0.000,+0.000,+0.000,-1.000,1100,0,
1785507022.7836,2026-07-31T10:10:22.783,59.489,599,,,,0,,,,-0.0022,109.82,-0.0559,-250.18,1,30.0,joystick,+0.000,+0.000,+0.000,+0.000,1100,0,
1785507022.8827,2026-07-31T10:10:22.882,59.588,600,,,,0,,,,-0.0193,118.18,-0.0730,-241.82,1,30.0,joystick,+0.000,+0.000,+0.000,+0.000,1100,0,
1785507022.9818,2026-07-31T10:10:22.981,59.687,601,,,,0,,,,-0.0194,120.63,-0.0731,-239.37,1,30.0,joystick,+0.000,+0.000,+0.000,+0.000,1100,0,
1785507023.0804,2026-07-31T10:10:23.080,59.786,602,,,,0,,,,-0.0179,124.45,-0.0716,-235.55,1,30.0,joystick,+1.000,+0.000,+0.000,+0.000,1100,0,
1785507023.1812,2026-07-31T10:10:23.181,59.886,603,,,,0,,,,-0.0206,125.83,-0.0743,-234.17,1,30.0,joystick,+1.000,+0.000,+0.000,+0.000,1100,0,
1785507023.2796,2026-07-31T10:10:23.279,59.985,604,,,,0,,,,-0.0150,126.47,-0.0687,-233.53,1,30.0,joystick,+1.000,+0.000,+0.000,+0.000,1100,0,
1785507023.3785,2026-07-31T10:10:23.378,60.084,605,,,,0,,,,-0.0131,126.66,-0.0668,-233.34,1,30.0,joystick,+1.000,+0.000,+0.000,+0.000,1100,0,
1785507023.4803,2026-07-31T10:10:23.480,60.185,606,,,,0,,,,-0.0154,127.04,-0.0691,-232.96,1,30.0,joystick,+1.000,+0.000,+0.000,+0.000,1100,0,
1785507023.5793,2026-07-31T10:10:23.579,60.284,607,,,,0,,,,-0.0242,127.43,-0.0779,-232.57,1,30.0,joystick,+1.000,+0.000,+0.000,+0.000,1100,0,
1785507023.6782,2026-07-31T10:10:23.678,60.383,608,,,,0,,,,-0.0154,127.67,-0.0692,-232.33,1,30.0,joystick,+1.000,+0.000,+0.000,+0.000,1100,0,
1785507023.7774,2026-07-31T10:10:23.777,60.483,609,,,,0,,,,-0.0145,128.12,-0.0682,-231.88,1,30.0,joystick,+1.000,+0.000,+0.000,+0.000,1100,0,
1785507023.8761,2026-07-31T10:10:23.876,60.581,610,,,,0,,,,-0.0083,128.51,-0.0620,-231.49,1,30.0,joystick,+1.000,+0.000,+0.000,+0.000,1100,0,
1785507023.9751,2026-07-31T10:10:23.975,60.680,611,,,,0,,,,-0.0068,128.73,-0.0605,-231.27,1,30.0,joystick,+1.000,+0.000,+0.000,+0.000,1100,0,
1785507024.0738,2026-07-31T10:10:24.073,60.779,612,,,,0,,,,-0.0133,129.03,-0.0670,-230.97,1,30.0,joystick,+1.000,+0.000,+0.000,+0.000,1100,0,
1785507024.1729,2026-07-31T10:10:24.172,60.878,613,,,,0,,,,-0.0255,129.10,-0.0792,-230.90,1,30.0,joystick,+1.000,+0.000,+0.000,+0.000,1100,0,
1785507024.2720,2026-07-31T10:10:24.272,60.977,614,,,,0,,,,-0.0166,129.17,-0.0703,-230.83,1,30.0,joystick,+1.000,+0.000,+0.000,+0.000,1100,0,
1785507024.3709,2026-07-31T10:10:24.370,61.076,615,,,,0,,,,-0.0191,129.22,-0.0729,-230.78,1,30.0,joystick,+1.000,+0.000,+0.000,+0.000,1100,0,
1785507024.4704,2026-07-31T10:10:24.470,61.176,616,,,,0,,,,-0.0147,129.27,-0.0684,-230.73,1,30.0,joystick,+1.000,+0.000,+0.000,+0.000,1100,0,
1785507024.5704,2026-07-31T10:10:24.570,61.276,617,,,,0,,,,-0.0235,129.48,-0.0772,-230.52,1,30.0,joystick,+1.000,+0.000,+0.000,+0.000,1100,0,
1785507024.6693,2026-07-31T10:10:24.669,61.374,618,,,,0,,,,-0.0078,129.58,-0.0615,-230.42,1,30.0,joystick,+1.000,+0.000,+0.000,+0.000,1100,0,
1785507024.7695,2026-07-31T10:10:24.769,61.475,619,,,,0,,,,-0.0105,129.86,-0.0642,-230.14,1,30.0,joystick,+1.000,+0.000,+0.000,+0.000,1100,0,
1785507024.8688,2026-07-31T10:10:24.868,61.574,620,,,,0,,,,-0.0077,130.01,-0.0614,-229.99,1,30.0,joystick,+1.000,+0.000,+0.000,+0.000,1100,0,
1785507024.9679,2026-07-31T10:10:24.967,61.673,621,,,,0,,,,0.0008,130.00,-0.0529,-230.00,1,30.0,joystick,+1.000,+0.000,+0.000,+0.000,1100,0,
1785507025.0674,2026-07-31T10:10:25.067,61.773,622,,,,0,,,,0.0054,129.92,-0.0483,-230.08,1,30.0,joystick,+1.000,+0.000,+0.000,+0.000,1100,0,
1785507025.1658,2026-07-31T10:10:25.165,61.871,623,,,,0,,,,0.0079,129.81,-0.0458,-230.19,1,30.0,joystick,+1.000,+0.000,+0.000,+0.000,1100,0,
1785507025.2648,2026-07-31T10:10:25.264,61.970,624,,,,0,,,,0.0224,129.59,-0.0313,-230.41,1,30.0,joystick,+1.000,+0.000,+0.000,+0.000,1100,0,
1785507025.3637,2026-07-31T10:10:25.363,62.069,625,,,,0,,,,0.0268,129.46,-0.0269,-230.54,1,30.0,joystick,+1.000,+0.000,+0.000,+0.000,1100,0,
1785507025.4656,2026-07-31T10:10:25.465,62.171,626,,,,0,,,,0.0280,129.18,-0.0257,-230.82,1,30.0,joystick,+1.000,+0.000,+0.000,+0.000,1100,0,
1785507025.5650,2026-07-31T10:10:25.565,62.270,627,,,,0,,,,0.0376,129.05,-0.0161,-230.95,1,30.0,joystick,+1.000,+0.000,+0.000,+0.000,1100,0,
1785507025.6636,2026-07-31T10:10:25.663,62.369,628,,,,0,,,,0.0424,129.04,-0.0113,-230.96,1,30.0,joystick,+1.000,+0.000,+0.000,+0.000,1100,0,
1785507025.7629,2026-07-31T10:10:25.762,62.468,629,,,,0,,,,0.0506,129.25,-0.0031,-230.75,1,30.0,joystick,+1.000,+0.000,+0.000,+0.000,1100,0,
1785507025.8636,2026-07-31T10:10:25.863,62.569,630,,,,0,,,,0.0469,129.38,-0.0068,-230.62,1,30.0,joystick,+1.000,+0.000,+0.000,+0.000,1100,0,
1785507025.9629,2026-07-31T10:10:25.962,62.668,631,,,,0,,,,0.0516,129.73,-0.0021,-230.27,1,30.0,joystick,+1.000,+0.000,+0.000,+0.000,1100,0,
1785507026.0618,2026-07-31T10:10:26.061,62.767,632,,,,0,,,,0.0627,130.12,0.0090,-229.88,1,30.0,joystick,+1.000,+0.000,+0.000,+0.000,1100,0,
1785507026.1607,2026-07-31T10:10:26.160,62.866,633,,,,0,,,,0.0644,130.29,0.0107,-229.71,1,30.0,joystick,+1.000,+0.000,+0.000,+0.000,1100,0,
1785507026.2607,2026-07-31T10:10:26.260,62.966,634,,,,0,,,,0.0678,130.65,0.0141,-229.35,1,30.0,joystick,+1.000,+0.000,+0.000,+0.000,1100,0,
1785507026.3614,2026-07-31T10:10:26.361,63.067,635,,,,0,,,,0.0577,130.79,0.0040,-229.21,1,30.0,joystick,+1.000,+0.000,+0.000,+0.000,1100,0,
1785507026.4601,2026-07-31T10:10:26.460,63.165,636,,,,0,,,,0.0541,131.20,0.0004,-228.80,1,30.0,joystick,+1.000,+0.000,+0.000,+0.000,1100,0,
1785507026.5601,2026-07-31T10:10:26.560,63.265,637,,,,0,,,,0.0631,131.58,0.0094,-228.42,1,30.0,joystick,+1.000,+0.000,+0.000,+0.000,1100,0,
1785507026.6591,2026-07-31T10:10:26.659,63.364,638,,,,0,,,,0.0642,131.76,0.0105,-228.24,1,30.0,joystick,+1.000,+0.000,+0.000,+0.000,1100,0,
1785507026.7585,2026-07-31T10:10:26.758,63.464,639,,,,0,,,,0.0485,132.07,-0.0052,-227.93,1,30.0,joystick,+1.000,+0.000,+0.000,+0.000,1100,0,
1785507026.8577,2026-07-31T10:10:26.857,63.563,640,,,,0,,,,0.0432,132.10,-0.0105,-227.90,1,30.0,joystick,+1.000,+0.000,+0.000,+0.000,1100,0,
1785507026.9579,2026-07-31T10:10:26.957,63.663,641,,,,0,,,,0.0572,132.35,0.0035,-227.65,1,30.0,joystick,+1.000,+0.000,+0.000,+0.000,1100,0,
1785507027.0572,2026-07-31T10:10:27.057,63.762,642,,,,0,,,,0.0544,132.70,0.0007,-227.30,1,30.0,joystick,+1.000,+0.000,+0.000,+0.000,1100,0,
1785507027.1563,2026-07-31T10:10:27.156,63.862,643,,,,0,,,,0.0536,132.97,-0.0001,-227.03,1,30.0,joystick,+1.000,+0.000,+0.000,+0.000,1100,0,
1785507027.2553,2026-07-31T10:10:27.255,63.960,644,,,,0,,,,0.0554,133.46,0.0017,-226.54,1,30.0,joystick,+1.000,+0.000,+0.000,+0.000,1100,0,
1785507027.3535,2026-07-31T10:10:27.353,64.059,645,,,,0,,,,0.0517,133.67,-0.0020,-226.33,1,30.0,joystick,+1.000,+0.000,+0.000,+0.000,1100,0,
1785507027.4519,2026-07-31T10:10:27.451,64.157,646,,,,0,,,,0.0654,134.19,0.0117,-225.81,1,30.0,joystick,+1.000,+0.000,+0.000,+0.000,1100,0,
1785507027.5511,2026-07-31T10:10:27.551,64.256,647,,,,0,,,,0.0598,134.60,0.0061,-225.40,1,30.0,joystick,+1.000,+0.000,+0.000,+0.000,1100,0,
1785507027.6505,2026-07-31T10:10:27.650,64.356,648,,,,0,,,,0.0561,134.82,0.0024,-225.18,1,30.0,joystick,+1.000,+0.000,+0.000,+0.000,1100,0,
1785507027.7495,2026-07-31T10:10:27.749,64.455,649,,,,0,,,,0.0675,135.21,0.0138,-224.79,1,30.0,joystick,+1.000,+0.000,+0.000,+0.000,1100,0,
1785507027.8490,2026-07-31T10:10:27.848,64.554,650,,,,0,,,,0.0599,135.35,0.0062,-224.65,1,30.0,joystick,+1.000,+0.000,+0.000,+0.000,1100,0,
1785507027.9485,2026-07-31T10:10:27.948,64.654,651,,,,0,,,,0.0708,135.53,0.0171,-224.47,1,30.0,joystick,+1.000,+0.000,+0.000,+0.000,1100,0,
1785507028.0472,2026-07-31T10:10:28.047,64.752,652,,,,0,,,,0.0755,135.57,0.0218,-224.43,1,30.0,joystick,+1.000,+0.000,+0.000,+0.000,1100,0,
1785507028.1461,2026-07-31T10:10:28.146,64.851,653,,,,0,,,,0.0767,135.53,0.0230,-224.47,1,30.0,joystick,+1.000,+0.000,+0.000,+0.000,1100,0,
1785507028.2466,2026-07-31T10:10:28.246,64.952,654,,,,0,,,,0.0859,135.45,0.0322,-224.55,1,30.0,joystick,+1.000,+0.000,+0.000,-1.000,1100,0,
1785507028.3457,2026-07-31T10:10:28.345,65.051,655,,,,0,,,,0.0865,136.27,0.0328,-223.73,1,30.0,joystick,+1.000,+0.000,+0.000,+0.000,1100,0,
1785507028.4447,2026-07-31T10:10:28.444,65.150,656,,,,0,,,,0.0879,140.03,0.0342,-219.97,1,30.0,joystick,+1.000,+0.000,+0.000,+0.000,1100,0,
1785507028.5448,2026-07-31T10:10:28.544,65.250,657,,,,0,,,,0.0910,143.94,0.0373,-216.06,1,30.0,joystick,+1.000,+0.000,+0.000,+0.000,1100,0,
1785507028.6456,2026-07-31T10:10:28.645,65.351,658,,,,0,,,,0.0965,145.88,0.0428,-214.12,1,30.0,joystick,+1.000,+0.000,+0.000,+0.000,1100,0,
1785507028.7444,2026-07-31T10:10:28.744,65.450,659,,,,0,,,,0.1013,149.43,0.0476,-210.57,1,30.0,joystick,+1.000,+0.000,+0.000,+0.000,1100,0,
1785507028.8441,2026-07-31T10:10:28.844,65.549,660,,,,0,,,,0.1034,150.62,0.0497,-209.38,1,30.0,joystick,+1.000,+0.000,+0.000,+0.000,1100,0,
1785507028.9431,2026-07-31T10:10:28.943,65.648,661,,,,0,,,,0.1103,152.59,0.0566,-207.41,1,30.0,joystick,+1.000,+0.000,+0.000,+1.000,1100,0,
1785507029.0423,2026-07-31T10:10:29.042,65.747,662,,,,0,,,,0.1090,152.88,0.0553,-207.12,1,30.0,joystick,+1.000,+0.000,+0.000,+1.000,1100,0,
1785507029.1412,2026-07-31T10:10:29.141,65.846,663,,,,0,,,,0.1089,151.78,0.0552,-208.22,1,30.0,joystick,+1.000,+0.000,+0.000,+1.000,1100,0,
1785507029.2410,2026-07-31T10:10:29.241,65.946,664,,,,0,,,,0.1094,148.45,0.0557,-211.55,1,30.0,joystick,+1.000,+0.000,+0.000,+1.000,1100,0,
1785507029.3405,2026-07-31T10:10:29.340,66.046,665,,,,0,,,,0.1098,146.32,0.0561,-213.68,1,30.0,joystick,+1.000,+0.000,+0.000,+1.000,1100,0,
1785507029.4408,2026-07-31T10:10:29.440,66.146,666,,,,0,,,,0.1040,141.30,0.0503,-218.70,1,30.0,joystick,+1.000,+0.000,+0.000,+1.000,1100,0,
1785507029.5398,2026-07-31T10:10:29.539,66.245,667,,,,0,,,,0.1058,138.52,0.0521,-221.48,1,30.0,joystick,+1.000,+0.000,+0.000,+0.000,1100,0,
1785507029.6386,2026-07-31T10:10:29.638,66.344,668,,,,0,,,,0.1005,132.51,0.0468,-227.49,1,30.0,joystick,+1.000,+0.000,+0.000,+0.000,1100,0,
1785507029.7375,2026-07-31T10:10:29.737,66.443,669,,,,0,,,,0.1015,126.12,0.0478,-233.88,1,30.0,joystick,+1.000,+0.000,+0.000,+0.000,1100,0,
1785507029.8363,2026-07-31T10:10:29.836,66.542,670,,,,0,,,,0.1041,123.43,0.0504,-236.57,1,30.0,joystick,+1.000,+0.000,+0.000,+0.000,1100,0,
1785507029.9354,2026-07-31T10:10:29.935,66.641,671,,,,0,,,,0.1117,120.05,0.0580,-239.95,1,30.0,joystick,+1.000,+0.000,+0.000,+0.000,1100,0,
1785507030.0341,2026-07-31T10:10:30.034,66.739,672,,,,0,,,,0.1028,118.77,0.0491,-241.23,1,30.0,joystick,+1.000,+0.000,+0.000,+0.000,1100,0,
1785507030.1339,2026-07-31T10:10:30.133,66.839,673,,,,0,,,,0.1108,116.61,0.0571,-243.39,1,30.0,joystick,+1.000,+0.000,+0.000,+0.000,1100,0,
1785507030.2335,2026-07-31T10:10:30.233,66.939,674,,,,0,,,,0.1209,114.78,0.0672,-245.22,1,30.0,joystick,+1.000,+0.000,+0.000,+0.000,1100,0,
1785507030.3334,2026-07-31T10:10:30.333,67.039,675,,,,0,,,,0.1167,114.03,0.0630,-245.97,1,30.0,joystick,+1.000,+0.000,+0.000,+0.000,1100,0,
1785507030.4323,2026-07-31T10:10:30.432,67.137,676,,,,0,,,,0.1187,112.87,0.0650,-247.13,1,30.0,joystick,+1.000,+0.000,+0.000,+0.000,1100,0,
1785507030.5311,2026-07-31T10:10:30.531,67.236,677,,,,0,,,,0.1134,112.39,0.0597,-247.61,1,30.0,joystick,+1.000,+0.000,+0.000,+0.000,1100,0,
1785507030.6310,2026-07-31T10:10:30.631,67.336,678,,,,0,,,,0.1104,111.55,0.0567,-248.45,1,30.0,joystick,+1.000,+0.000,+0.000,+0.000,1100,0,
1785507030.7308,2026-07-31T10:10:30.730,67.436,679,,,,0,,,,0.1014,110.96,0.0477,-249.04,1,30.0,joystick,+1.000,+0.000,+0.000,+0.000,1100,0,
1785507030.8292,2026-07-31T10:10:30.829,67.534,680,,,,0,,,,0.0969,110.67,0.0432,-249.33,1,30.0,joystick,+1.000,+0.000,+0.000,+0.000,1100,0,
1785507030.9286,2026-07-31T10:10:30.928,67.634,681,,,,0,,,,0.0894,110.18,0.0357,-249.82,1,30.0,joystick,+1.000,+0.000,+0.000,+0.000,1100,0,
1785507031.0273,2026-07-31T10:10:31.027,67.733,682,,,,0,,,,0.0844,109.94,0.0307,-250.06,1,30.0,joystick,+1.000,+0.000,+0.000,+0.000,1100,0,
1785507031.1270,2026-07-31T10:10:31.127,67.832,683,,,,0,,,,0.0699,109.39,0.0162,-250.61,1,30.0,joystick,+1.000,+0.000,+0.000,+0.000,1100,0,
1785507031.2269,2026-07-31T10:10:31.226,67.932,684,,,,0,,,,0.0594,108.83,0.0057,-251.17,1,30.0,joystick,+1.000,+0.000,+0.000,+0.000,1100,0,
1785507031.3255,2026-07-31T10:10:31.325,68.031,685,,,,0,,,,0.0565,108.57,0.0028,-251.43,1,30.0,joystick,+1.000,+0.000,+0.000,+0.000,1100,0,
1785507031.4246,2026-07-31T10:10:31.424,68.130,686,,,,0,,,,0.0600,108.08,0.0063,-251.92,1,30.0,joystick,+1.000,+0.000,+0.000,+0.000,1100,0,
1785507031.5233,2026-07-31T10:10:31.523,68.229,687,,,,0,,,,0.0531,107.82,-0.0006,-252.18,1,30.0,joystick,+1.000,+0.000,+0.000,+0.000,1100,0,
1785507031.6245,2026-07-31T10:10:31.624,68.330,688,,,,0,,,,0.0471,107.38,-0.0066,-252.62,1,30.0,joystick,+1.000,+0.000,+0.000,+0.000,1100,0,
1785507031.7240,2026-07-31T10:10:31.724,68.429,689,,,,0,,,,0.0328,107.21,-0.0209,-252.79,1,30.0,joystick,+1.000,+0.000,+0.000,+0.000,1100,0,
1785507031.8233,2026-07-31T10:10:31.823,68.529,690,,,,0,,,,0.0324,106.85,-0.0213,-253.15,1,30.0,joystick,+1.000,+0.000,+0.000,+0.000,1100,0,
1785507031.9224,2026-07-31T10:10:31.922,68.628,691,,,,0,,,,0.0271,106.33,-0.0266,-253.67,1,30.0,joystick,+1.000,+0.000,+0.000,-1.000,1100,0,
1785507032.0213,2026-07-31T10:10:32.021,68.726,692,,,,0,,,,0.0344,107.32,-0.0193,-252.68,1,30.0,joystick,+1.000,+0.000,+0.000,+0.000,1100,0,
1785507032.1209,2026-07-31T10:10:32.120,68.826,693,,,,0,,,,0.0351,110.96,-0.0186,-249.04,1,30.0,joystick,+1.000,+0.000,+0.000,+0.000,1100,0,
1785507032.2199,2026-07-31T10:10:32.219,68.925,694,,,,0,,,,0.0322,113.35,-0.0215,-246.65,1,30.0,joystick,+1.000,+0.000,+0.000,+0.000,1100,0,
1785507032.3188,2026-07-31T10:10:32.318,69.024,695,,,,0,,,,0.0339,118.89,-0.0198,-241.11,1,30.0,joystick,+1.000,+0.000,+0.000,+0.000,1100,0,
1785507032.4175,2026-07-31T10:10:32.417,69.123,696,,,,0,,,,0.0323,124.14,-0.0214,-235.86,1,30.0,joystick,+1.000,+0.000,+0.000,+0.000,1100,0,
1785507032.5163,2026-07-31T10:10:32.516,69.221,697,,,,0,,,,0.0463,125.84,-0.0074,-234.16,1,30.0,joystick,+1.000,+0.000,+0.000,+0.000,1100,0,
1785507032.6171,2026-07-31T10:10:32.617,69.322,698,,,,0,,,,0.0394,128.53,-0.0143,-231.47,1,30.0,joystick,+1.000,+0.000,+0.000,+0.000,1100,0,
1785507032.7168,2026-07-31T10:10:32.716,69.422,699,,,,0,,,,0.0333,129.69,-0.0204,-230.31,1,30.0,joystick,+1.000,+0.000,+0.000,+0.000,1100,0,
1785507032.8156,2026-07-31T10:10:32.815,69.521,700,,,,0,,,,0.0428,131.69,-0.0109,-228.31,1,30.0,joystick,+1.000,+0.000,+0.000,+0.000,1100,0,
1785507032.9144,2026-07-31T10:10:32.914,69.620,701,,,,0,,,,0.0468,133.51,-0.0070,-226.49,1,30.0,joystick,+1.000,+0.000,+0.000,+0.000,1100,0,
1785507033.0134,2026-07-31T10:10:33.013,69.719,702,,,,0,,,,0.0447,134.31,-0.0090,-225.69,1,30.0,joystick,+1.000,+0.000,+0.000,+0.000,1100,0,
1785507033.1126,2026-07-31T10:10:33.112,69.818,703,,,,0,,,,0.0502,135.69,-0.0035,-224.31,1,30.0,joystick,+1.000,+0.000,+0.000,+0.000,1100,0,
1785507033.2125,2026-07-31T10:10:33.212,69.918,704,,,,0,,,,0.0474,136.35,-0.0063,-223.65,1,30.0,joystick,+1.000,+0.000,+0.000,+0.000,1100,0,
1785507033.3115,2026-07-31T10:10:33.311,70.017,705,,,,0,,,,0.0514,137.66,-0.0023,-222.34,1,30.0,joystick,+1.000,+0.000,+0.000,+0.000,1100,0,
1785507033.4104,2026-07-31T10:10:33.410,70.116,706,,,,0,,,,0.0535,138.32,-0.0002,-221.68,1,30.0,joystick,+1.000,+0.000,+0.000,+0.000,1100,0,
1785507033.5111,2026-07-31T10:10:33.511,70.216,707,,,,0,,,,0.0509,139.60,-0.0028,-220.40,1,30.0,joystick,+1.000,+0.000,+0.000,+0.000,1100,0,
1785507033.6100,2026-07-31T10:10:33.610,70.315,708,,,,0,,,,0.0512,140.72,-0.0025,-219.28,1,30.0,joystick,+1.000,+0.000,+0.000,+0.000,1100,0,
1785507033.7084,2026-07-31T10:10:33.708,70.414,709,,,,0,,,,0.0528,141.26,-0.0009,-218.74,1,30.0,joystick,+1.000,+0.000,+0.000,+0.000,1100,0,
1785507033.8077,2026-07-31T10:10:33.807,70.513,710,,,,0,,,,0.0591,142.28,0.0054,-217.72,1,30.0,joystick,+1.000,+0.000,+0.000,+0.000,1100,0,
1785507033.9066,2026-07-31T10:10:33.906,70.612,711,,,,0,,,,0.0494,142.78,-0.0043,-217.22,1,30.0,joystick,+1.000,+0.000,+0.000,+0.000,1100,0,
1785507034.0054,2026-07-31T10:10:34.005,70.711,712,,,,0,,,,0.0461,143.77,-0.0076,-216.23,1,30.0,joystick,+1.000,+0.000,+0.000,+0.000,1100,0,
1785507034.1048,2026-07-31T10:10:34.104,70.810,713,,,,0,,,,0.0567,144.69,0.0030,-215.31,1,30.0,joystick,+1.000,+0.000,+0.000,+0.000,1100,0,
1785507034.2034,2026-07-31T10:10:34.203,70.909,714,,,,0,,,,0.0658,145.09,0.0121,-214.91,1,30.0,joystick,+1.000,+0.000,+0.000,+1.000,1100,0,
1785507034.3026,2026-07-31T10:10:34.302,71.008,715,,,,0,,,,0.0601,143.07,0.0064,-216.93,1,30.0,joystick,+1.000,+0.000,+0.000,+1.000,1100,0,
1785507034.4013,2026-07-31T10:10:34.401,71.106,716,,,,0,,,,0.0553,141.24,0.0016,-218.76,1,30.0,joystick,+0.000,+0.000,+0.000,+1.000,1100,0,
1785507034.5017,2026-07-31T10:10:34.501,71.207,717,,,,0,,,,0.0526,136.44,-0.0011,-223.56,1,30.0,joystick,+0.000,+0.000,+0.000,+0.000,1100,0,
1785507034.6012,2026-07-31T10:10:34.601,71.306,718,,,,0,,,,0.0616,131.95,0.0079,-228.05,1,30.0,joystick,+0.000,+0.000,+0.000,+0.000,1100,0,
1785507034.7004,2026-07-31T10:10:34.700,71.406,719,,,,0,,,,0.0597,130.51,0.0060,-229.49,1,30.0,joystick,+0.000,+0.000,+0.000,+0.000,1100,0,
1785507034.8002,2026-07-31T10:10:34.800,71.505,720,,,,0,,,,0.0598,128.06,0.0061,-231.94,1,30.0,joystick,+0.000,+0.000,+0.000,+0.000,1100,0,
1785507034.8990,2026-07-31T10:10:34.898,71.604,721,,,,0,,,,0.0655,126.95,0.0118,-233.05,1,30.0,joystick,+0.000,+0.000,+0.000,+0.000,1100,0,
1785507034.9974,2026-07-31T10:10:34.997,71.703,722,,,,0,,,,0.0637,124.84,0.0100,-235.16,1,30.0,joystick,+0.000,+0.000,+0.000,+0.000,1100,0,
1785507035.0967,2026-07-31T10:10:35.096,71.802,723,,,,0,,,,0.0625,122.92,0.0088,-237.08,1,30.0,joystick,+0.000,+0.000,+0.000,+0.000,1100,0,
1785507035.1956,2026-07-31T10:10:35.195,71.901,724,,,,0,,,,0.0665,122.03,0.0128,-237.97,1,30.0,joystick,+0.000,+0.000,+0.000,+0.000,1100,0,
1785507035.2945,2026-07-31T10:10:35.294,72.000,725,,,,0,,,,0.0724,120.38,0.0187,-239.62,1,30.0,joystick,+0.000,+0.000,+0.000,+0.000,1100,0,
1785507035.3953,2026-07-31T10:10:35.395,72.100,726,,,,0,,,,0.0721,119.66,0.0184,-240.34,1,30.0,joystick,+0.000,+0.000,+0.000,+0.000,1100,0,
1785507035.4948,2026-07-31T10:10:35.494,72.200,727,,,,0,,,,0.0706,118.32,0.0169,-241.68,1,30.0,joystick,+0.000,+0.000,+0.000,+0.000,1100,0,
1785507035.5943,2026-07-31T10:10:35.594,72.299,728,,,,0,,,,0.0680,117.11,0.0143,-242.89,1,30.0,joystick,+0.000,+0.000,+0.000,+0.000,1100,0,
1785507035.6932,2026-07-31T10:10:35.693,72.398,729,,,,0,,,,0.0724,116.53,0.0187,-243.47,1,30.0,joystick,+0.000,+0.000,+0.000,+0.000,1100,0,
1785507035.7931,2026-07-31T10:10:35.793,72.498,730,,,,0,,,,0.0696,115.44,0.0159,-244.56,1,30.0,joystick,+0.000,+0.000,+0.000,+0.000,1100,0,
1785507035.8917,2026-07-31T10:10:35.891,72.597,731,,,,0,,,,0.0738,114.92,0.0201,-245.08,1,30.0,joystick,+0.000,+0.000,+0.000,+0.000,1100,0,
1785507035.9911,2026-07-31T10:10:35.991,72.696,732,,,,0,,,,0.0706,113.94,0.0169,-246.06,1,30.0,joystick,+0.000,+0.000,+0.000,+0.000,1100,0,
1785507036.0914,2026-07-31T10:10:36.091,72.797,733,,,,0,,,,0.0692,113.46,0.0155,-246.54,1,30.0,joystick,+0.000,+0.000,+0.000,+0.000,1100,0,
1785507036.1914,2026-07-31T10:10:36.191,72.897,734,,,,0,,,,0.0637,112.52,0.0100,-247.48,1,30.0,joystick,+0.000,+0.000,+0.000,+0.000,1100,0,
1785507036.2912,2026-07-31T10:10:36.291,72.996,735,,,,0,,,,0.0665,111.61,0.0128,-248.39,1,30.0,joystick,+0.000,+0.000,+0.000,+0.000,1100,0,
1785507036.3889,2026-07-31T10:10:36.388,73.094,736,,,,0,,,,0.0608,111.18,0.0071,-248.82,1,30.0,joystick,+0.000,+0.000,+0.000,+0.000,1100,0,
1785507036.4883,2026-07-31T10:10:36.488,73.193,737,,,,0,,,,0.0561,110.39,0.0024,-249.61,1,30.0,joystick,+0.000,+0.000,+0.000,+0.000,1100,0,
1785507036.5868,2026-07-31T10:10:36.586,73.292,738,,,,0,,,,0.0522,110.01,-0.0015,-249.99,1,30.0,joystick,+0.000,+0.000,+0.000,+0.000,1100,0,
1785507036.6860,2026-07-31T10:10:36.685,73.391,739,,,,0,,,,0.0480,109.27,-0.0057,-250.73,1,30.0,joystick,+0.000,+0.000,+0.000,+0.000,1100,0,
1785507036.7855,2026-07-31T10:10:36.785,73.491,740,,,,0,,,,0.0452,108.90,-0.0085,-251.10,1,30.0,joystick,+0.000,+0.000,+0.000,+0.000,1100,0,
1785507036.8852,2026-07-31T10:10:36.885,73.590,741,,,,0,,,,0.0455,108.16,-0.0082,-251.84,1,30.0,joystick,+0.000,+0.000,+0.000,+0.000,1100,0,
1785507036.9846,2026-07-31T10:10:36.984,73.690,742,,,,0,,,,0.0378,107.40,-0.0159,-252.60,1,30.0,joystick,+0.000,+0.000,+0.000,+0.000,1100,0,
1785507037.0836,2026-07-31T10:10:37.083,73.789,743,,,,0,,,,0.0361,107.01,-0.0176,-252.99,1,30.0,joystick,+0.000,+0.000,+0.000,+0.000,1100,0,
1785507037.1836,2026-07-31T10:10:37.183,73.889,744,,,,0,,,,0.0325,106.21,-0.0212,-253.79,1,30.0,joystick,+0.000,+0.000,+0.000,+0.000,1100,0,
1785507037.2837,2026-07-31T10:10:37.283,73.989,745,,,,0,,,,0.0285,105.79,-0.0252,-254.21,1,30.0,joystick,+0.000,+0.000,+0.000,+0.000,1100,0,
1785507037.3829,2026-07-31T10:10:37.382,74.088,746,,,,0,,,,0.0261,104.95,-0.0276,-255.05,1,30.0,joystick,+0.000,+0.000,+0.000,+0.000,1100,0,
1785507037.4819,2026-07-31T10:10:37.481,74.187,747,,,,0,,,,0.0206,104.05,-0.0331,-255.95,1,30.0,joystick,+0.000,+0.000,+0.000,+0.000,1100,0,
1785507037.5808,2026-07-31T10:10:37.580,74.286,748,,,,0,,,,0.0282,103.60,-0.0255,-256.40,1,30.0,joystick,+1.000,+0.000,+0.000,+0.000,1100,0,
1785507037.6815,2026-07-31T10:10:37.681,74.387,749,,,,0,,,,0.0211,102.64,-0.0326,-257.36,1,30.0,joystick,+1.000,+0.000,+0.000,+0.000,1100,0,
1785507037.7799,2026-07-31T10:10:37.779,74.485,750,,,,0,,,,0.0236,102.21,-0.0301,-257.79,1,30.0,joystick,+0.000,+0.000,+0.000,+0.000,1100,0,
1785507037.8794,2026-07-31T10:10:37.879,74.585,751,,,,0,,,,0.0209,101.29,-0.0328,-258.71,1,30.0,joystick,+0.000,+0.000,+0.000,+0.000,1100,0,
1785507037.9794,2026-07-31T10:10:37.979,74.685,752,,,,0,,,,0.0182,100.41,-0.0355,-259.59,1,30.0,joystick,+0.000,+0.000,+0.000,+0.000,1100,0,
1785507038.0783,2026-07-31T10:10:38.078,74.783,753,,,,0,,,,0.0175,99.96,-0.0362,-260.04,1,30.0,joystick,+0.000,+0.000,+0.000,+0.000,1100,0,
1785507038.1770,2026-07-31T10:10:38.177,74.882,754,,,,0,,,,0.0155,99.03,-0.0382,-260.97,1,30.0,joystick,+0.000,+0.000,+0.000,+0.000,1100,0,
1785507038.2757,2026-07-31T10:10:38.275,74.981,755,,,,0,,,,0.0131,98.54,-0.0406,-261.46,1,30.0,joystick,+0.000,+0.000,+0.000,+0.000,1100,0,
1785507038.3748,2026-07-31T10:10:38.374,75.080,756,,,,0,,,,0.0143,97.54,-0.0394,-262.46,1,30.0,joystick,+0.000,+0.000,+0.000,+0.000,1100,0,
1785507038.4741,2026-07-31T10:10:38.474,75.179,757,,,,0,,,,0.0133,96.52,-0.0404,-263.48,1,30.0,joystick,+0.000,+0.000,+0.000,+0.000,1100,0,
1785507038.5729,2026-07-31T10:10:38.572,75.278,758,,,,0,,,,0.0073,96.02,-0.0464,-263.98,1,30.0,joystick,+0.000,+0.000,+0.000,+0.000,1100,0,
1785507038.6736,2026-07-31T10:10:38.673,75.379,759,,,,0,,,,0.0071,95.11,-0.0466,-264.89,1,30.0,joystick,+0.000,+0.000,+0.000,+0.000,1100,0,
1785507038.7739,2026-07-31T10:10:38.773,75.479,760,,,,0,,,,0.0049,94.31,-0.0488,-265.69,1,30.0,joystick,+0.000,+0.000,+0.000,+0.000,1100,0,
1785507038.8733,2026-07-31T10:10:38.873,75.579,761,,,,0,,,,0.0038,93.92,-0.0499,-266.08,1,30.0,joystick,+0.000,+0.000,+0.000,+0.000,1100,0,
1785507038.9724,2026-07-31T10:10:38.972,75.678,762,,,,0,,,,-0.0009,93.16,-0.0546,-266.84,1,30.0,joystick,+0.000,+0.000,+0.000,-1.000,1100,0,
1785507039.0724,2026-07-31T10:10:39.072,75.778,763,,,,0,,,,-0.0018,92.72,-0.0555,-267.28,1,30.0,joystick,+0.000,+0.000,+0.000,-1.000,1100,0,
1785507039.1712,2026-07-31T10:10:39.171,75.876,764,,,,0,,,,0.0021,92.56,-0.0516,-267.44,1,30.0,joystick,+0.000,+0.000,+0.000,-1.000,1100,0,
1785507039.2698,2026-07-31T10:10:39.269,75.975,765,,,,0,,,,-0.0015,94.41,-0.0552,-265.59,1,30.0,joystick,+0.000,+0.000,+0.000,-1.000,1100,0,
1785507039.3688,2026-07-31T10:10:39.368,76.074,766,,,,0,,,,-0.0097,102.54,-0.0634,-257.46,1,30.0,joystick,+0.000,+0.000,+0.000,-1.000,1100,0,
1785507039.4687,2026-07-31T10:10:39.468,76.174,767,,,,0,,,,-0.0048,112.49,-0.0585,-247.51,1,30.0,joystick,+0.000,+0.000,+0.000,-1.000,1100,0,
1785507039.5695,2026-07-31T10:10:39.569,76.275,768,,,,0,,,,0.0021,117.80,-0.0516,-242.20,1,30.0,joystick,+0.000,+0.000,+0.000,-1.000,1100,0,
1785507039.6685,2026-07-31T10:10:39.668,76.374,769,,,,0,,,,0.0086,128.70,-0.0451,-231.30,1,30.0,joystick,+0.000,+0.000,+0.000,-1.000,1100,0,
1785507039.7681,2026-07-31T10:10:39.768,76.473,770,,,,0,,,,0.0050,134.07,-0.0487,-225.93,1,30.0,joystick,+0.000,+0.000,+0.000,-1.000,1100,0,
1785507039.8673,2026-07-31T10:10:39.867,76.572,771,,,,0,,,,0.0049,144.63,-0.0488,-215.37,1,30.0,joystick,+0.000,+0.000,+0.000,-1.000,1100,0,
1785507039.9661,2026-07-31T10:10:39.966,76.671,772,,,,0,,,,0.0032,154.79,-0.0505,-205.21,1,30.0,joystick,+0.000,+0.000,+0.000,-1.000,1100,0,
1785507040.0652,2026-07-31T10:10:40.065,76.770,773,,,,0,,,,0.0041,159.84,-0.0496,-200.16,1,30.0,joystick,+0.000,+0.000,+0.000,-1.000,1100,0,
1785507040.1640,2026-07-31T10:10:40.164,76.869,774,,,,0,,,,0.0015,169.97,-0.0522,-190.03,1,30.0,joystick,+0.000,+0.000,+0.000,-1.000,1100,0,
1785507040.2636,2026-07-31T10:10:40.263,76.969,775,,,,0,,,,0.0061,175.12,-0.0476,-184.88,1,30.0,joystick,+0.000,+0.000,+0.000,+0.000,1100,0,
1785507040.3636,2026-07-31T10:10:40.363,77.069,776,,,,0,,,,0.0032,-177.50,-0.0505,-177.50,1,30.0,joystick,+0.000,+0.000,+0.000,+0.000,1100,0,
1785507040.4636,2026-07-31T10:10:40.463,77.169,777,,,,0,,,,-0.0028,-173.86,-0.0565,-173.86,1,30.0,joystick,+0.000,+0.000,+0.000,+0.000,1100,0,
1785507040.5624,2026-07-31T10:10:40.562,77.268,778,,,,0,,,,0.0027,-172.49,-0.0510,-172.49,1,30.0,joystick,+0.000,+0.000,+0.000,+0.000,1100,0,
1785507040.6619,2026-07-31T10:10:40.661,77.367,779,,,,0,,,,-0.0038,-170.26,-0.0575,-170.26,1,30.0,joystick,+0.000,+0.000,+0.000,-1.000,1100,0,
1785507040.7613,2026-07-31T10:10:40.761,77.466,780,,,,0,,,,-0.0039,-169.41,-0.0576,-169.41,1,30.0,joystick,+0.000,+0.000,+0.000,-1.000,1100,0,
1785507040.8605,2026-07-31T10:10:40.860,77.566,781,,,,0,,,,-0.0039,-167.61,-0.0576,-167.61,1,30.0,joystick,+0.000,+0.000,+0.000,-1.000,1100,0,
1785507040.9594,2026-07-31T10:10:40.959,77.665,782,,,,0,,,,0.0006,-165.88,-0.0531,-165.88,1,30.0,joystick,+0.000,+0.000,+0.000,-1.000,1100,0,
1785507041.0586,2026-07-31T10:10:41.058,77.764,783,,,,0,,,,-0.0058,-157.72,-0.0595,-157.72,1,30.0,joystick,+0.000,+0.000,+0.000,-1.000,1100,0,
1785507041.1576,2026-07-31T10:10:41.157,77.863,784,,,,0,,,,-0.0076,-147.50,-0.0613,-147.50,1,30.0,joystick,+0.000,+0.000,+0.000,-1.000,1100,0,
1785507041.2577,2026-07-31T10:10:41.257,77.963,785,,,,0,,,,0.0018,-142.06,-0.0519,-142.06,1,30.0,joystick,+0.000,+0.000,+0.000,-1.000,1100,0,
1785507041.3556,2026-07-31T10:10:41.355,78.061,786,,,,0,,,,-0.0028,-131.65,-0.0565,-131.65,1,30.0,joystick,+0.000,+0.000,+0.000,+0.000,1100,0,
1785507041.4546,2026-07-31T10:10:41.454,78.160,787,,,,0,,,,-0.0112,-128.60,-0.0649,-128.60,1,30.0,joystick,+0.000,+0.000,+0.000,+0.000,1100,0,
1785507041.5532,2026-07-31T10:10:41.553,78.258,788,,,,0,,,,-0.0125,-124.80,-0.0662,-124.80,1,30.0,joystick,+1.000,+0.000,+0.000,+0.000,1100,0,
1785507041.6533,2026-07-31T10:10:41.653,78.358,789,,,,0,,,,-0.0103,-122.96,-0.0640,-122.96,1,30.0,joystick,+1.000,+0.000,+0.000,+0.000,1100,0,
1785507041.7524,2026-07-31T10:10:41.752,78.458,790,,,,0,,,,-0.0078,-123.31,-0.0615,-123.31,1,30.0,joystick,+1.000,+0.000,+0.000,+0.000,1100,0,
1785507041.8514,2026-07-31T10:10:41.851,78.557,791,,,,0,,,,-0.0173,-124.20,-0.0711,-124.20,1,30.0,joystick,+1.000,+0.000,+0.000,+0.000,1100,0,
1785507041.9503,2026-07-31T10:10:41.950,78.656,792,,,,0,,,,-0.0106,-123.88,-0.0643,-123.88,1,30.0,joystick,+1.000,+0.000,+0.000,+0.000,1100,0,
1785507042.0502,2026-07-31T10:10:42.050,78.755,793,,,,0,,,,-0.0188,-123.68,-0.0725,-123.68,1,30.0,joystick,+1.000,+0.000,+0.000,+0.000,1100,0,
1785507042.1498,2026-07-31T10:10:42.149,78.855,794,,,,0,,,,-0.0128,-123.79,-0.0665,-123.79,1,30.0,joystick,+1.000,+0.000,+0.000,+0.000,1100,0,
1785507042.2500,2026-07-31T10:10:42.250,78.955,795,,,,0,,,,-0.0045,-123.85,-0.0582,-123.85,1,30.0,joystick,+1.000,+0.000,+0.000,+0.000,1100,0,
1785507042.3497,2026-07-31T10:10:42.349,79.055,796,,,,0,,,,-0.0180,-123.96,-0.0717,-123.96,1,30.0,joystick,+1.000,+0.000,+0.000,+0.000,1100,0,
1785507042.4485,2026-07-31T10:10:42.448,79.154,797,,,,0,,,,-0.0209,-124.03,-0.0746,-124.03,1,30.0,joystick,+1.000,+0.000,+0.000,+0.000,1100,0,
1785507042.5480,2026-07-31T10:10:42.547,79.253,798,,,,0,,,,-0.0138,-124.29,-0.0675,-124.29,1,30.0,joystick,+1.000,+0.000,+0.000,+0.000,1100,0,
1785507042.6482,2026-07-31T10:10:42.648,79.353,799,,,,0,,,,-0.0166,-124.73,-0.0703,-124.73,1,30.0,joystick,+1.000,+0.000,+0.000,+0.000,1100,0,
1785507042.7473,2026-07-31T10:10:42.747,79.453,800,,,,0,,,,-0.0098,-125.11,-0.0635,-125.11,1,30.0,joystick,+1.000,+0.000,+0.000,+0.000,1100,0,
1785507042.8460,2026-07-31T10:10:42.846,79.551,801,,,,0,,,,-0.0193,-125.78,-0.0730,-125.78,1,30.0,joystick,+1.000,+0.000,+0.000,+0.000,1100,0,
1785507042.9468,2026-07-31T10:10:42.946,79.652,802,,,,0,,,,-0.0205,-126.06,-0.0742,-126.06,1,30.0,joystick,+1.000,+0.000,+0.000,+0.000,1100,0,
1785507043.0462,2026-07-31T10:10:43.046,79.751,803,,,,0,,,,-0.0103,-126.25,-0.0640,-126.25,1,30.0,joystick,+1.000,+0.000,+0.000,+0.000,1100,0,
1785507043.1455,2026-07-31T10:10:43.145,79.851,804,,,,0,,,,-0.0183,-126.08,-0.0720,-126.08,1,30.0,joystick,+1.000,+0.000,+0.000,+0.000,1100,0,
1785507043.2441,2026-07-31T10:10:43.244,79.949,805,,,,0,,,,-0.0117,-125.99,-0.0654,-125.99,1,30.0,joystick,+1.000,+0.000,+0.000,+0.000,1100,0,
1785507043.3446,2026-07-31T10:10:43.344,80.050,806,,,,0,,,,-0.0061,-125.69,-0.0598,-125.69,1,30.0,joystick,+1.000,+0.000,+0.000,+0.000,1100,0,
1785507043.4439,2026-07-31T10:10:43.443,80.149,807,,,,0,,,,-0.0066,-125.55,-0.0603,-125.55,1,30.0,joystick,+1.000,+0.000,+0.000,+0.000,1100,0,
1785507043.5424,2026-07-31T10:10:43.542,80.248,808,,,,0,,,,0.0051,-125.39,-0.0486,-125.39,1,30.0,joystick,+1.000,+0.000,+0.000,+0.000,1100,0,
1785507043.6416,2026-07-31T10:10:43.641,80.347,809,,,,0,,,,0.0046,-125.21,-0.0491,-125.21,1,30.0,joystick,+1.000,+0.000,+0.000,+0.000,1100,0,
1785507043.7403,2026-07-31T10:10:43.740,80.445,810,,,,0,,,,0.0128,-125.11,-0.0409,-125.11,1,30.0,joystick,+1.000,+0.000,+0.000,+0.000,1100,0,
1785507043.8391,2026-07-31T10:10:43.839,80.544,811,,,,0,,,,0.0156,-125.06,-0.0381,-125.06,1,30.0,joystick,+0.000,+0.000,+0.000,+0.000,1100,0,
1785507043.9390,2026-07-31T10:10:43.939,80.644,812,,,,0,,,,0.0247,-125.04,-0.0290,-125.04,1,30.0,joystick,+0.000,+0.000,+0.000,+0.000,1100,0,
1785507044.0384,2026-07-31T10:10:44.038,80.744,813,,,,0,,,,0.0340,-125.10,-0.0197,-125.10,1,30.0,joystick,+0.000,+0.000,+0.000,+0.000,1100,0,
1785507044.1377,2026-07-31T10:10:44.137,80.843,814,,,,0,,,,0.0347,-125.16,-0.0190,-125.16,1,30.0,joystick,+0.000,+0.000,+0.000,+0.000,1100,0,
1785507044.2367,2026-07-31T10:10:44.236,80.942,815,,,,0,,,,0.0326,-125.32,-0.0211,-125.32,1,30.0,joystick,+0.000,+0.000,+0.000,+0.000,1100,0,
1785507044.3353,2026-07-31T10:10:44.335,81.041,816,,,,0,,,,0.0366,-125.53,-0.0171,-125.53,1,30.0,joystick,+0.000,+0.000,+0.000,+0.000,1100,0,
1785507044.4348,2026-07-31T10:10:44.434,81.140,817,,,,0,,,,0.0421,-125.65,-0.0116,-125.65,1,30.0,joystick,+0.000,+0.000,+0.000,+0.000,1100,0,
1785507044.5335,2026-07-31T10:10:44.533,81.239,818,,,,0,,,,0.0453,-125.87,-0.0084,-125.87,1,30.0,joystick,+0.000,+0.000,+0.000,+0.000,1100,0,
1785507044.6326,2026-07-31T10:10:44.632,81.338,819,,,,0,,,,0.0471,-126.00,-0.0066,-126.00,1,30.0,joystick,+0.000,+0.000,+0.000,+0.000,1100,0,
1785507044.7318,2026-07-31T10:10:44.731,81.437,820,,,,0,,,,0.0512,-126.29,-0.0025,-126.29,1,30.0,joystick,+0.000,+0.000,+0.000,+0.000,1100,0,
1785507044.8306,2026-07-31T10:10:44.830,81.536,821,,,,0,,,,0.0506,-126.45,-0.0031,-126.45,1,30.0,joystick,+0.000,+0.000,+0.000,+0.000,1100,0,
1785507044.9295,2026-07-31T10:10:44.929,81.635,822,,,,0,,,,0.0483,-126.79,-0.0054,-126.79,1,30.0,joystick,+0.000,+0.000,+0.000,+0.000,1100,0,
1785507045.0289,2026-07-31T10:10:45.028,81.734,823,,,,0,,,,0.0462,-127.16,-0.0075,-127.16,1,30.0,joystick,+0.000,+0.000,+0.000,+0.000,1100,0,
1785507045.1281,2026-07-31T10:10:45.128,81.833,824,,,,0,,,,0.0502,-127.33,-0.0035,-127.33,1,30.0,joystick,+0.000,+0.000,+0.000,+0.000,1100,0,
1785507045.2291,2026-07-31T10:10:45.229,81.934,825,,,,0,,,,0.0494,-127.63,-0.0043,-127.63,1,30.0,joystick,+0.000,+0.000,+0.000,+0.000,1100,0,
1785507045.3293,2026-07-31T10:10:45.329,82.035,826,,,,0,,,,0.0466,-127.75,-0.0072,-127.75,1,30.0,joystick,+0.000,+0.000,+0.000,+0.000,1100,0,
1785507045.4288,2026-07-31T10:10:45.428,82.134,827,,,,0,,,,0.0437,-127.94,-0.0100,-127.94,1,30.0,joystick,+0.000,+0.000,+0.000,+0.000,1100,0,
1785507045.5280,2026-07-31T10:10:45.527,82.233,828,,,,0,,,,0.0409,-128.07,-0.0128,-128.07,1,30.0,joystick,+0.000,+0.000,+0.000,+0.000,1100,0,
1785507045.6274,2026-07-31T10:10:45.627,82.333,829,,,,0,,,,0.0426,-128.14,-0.0112,-128.14,1,30.0,joystick,+0.000,+0.000,+0.000,+0.000,1100,0,
1785507045.7280,2026-07-31T10:10:45.728,82.433,830,,,,0,,,,0.0405,-128.32,-0.0132,-128.32,1,30.0,joystick,+0.000,+0.000,+0.000,+0.000,1100,0,
1785507045.8272,2026-07-31T10:10:45.827,82.532,831,,,,0,,,,0.0347,-128.57,-0.0190,-128.57,1,30.0,joystick,+0.000,+0.000,+0.000,+0.000,1100,0,
1785507045.9265,2026-07-31T10:10:45.926,82.632,832,,,,0,,,,0.0361,-128.74,-0.0176,-128.74,1,30.0,joystick,+0.000,+0.000,+0.000,+0.000,1100,0,
1785507046.0254,2026-07-31T10:10:46.025,82.731,833,,,,0,,,,0.0308,-129.11,-0.0229,-129.11,1,30.0,joystick,+0.000,+0.000,+0.000,+0.000,1100,0,
1785507046.1245,2026-07-31T10:10:46.124,82.830,834,,,,0,,,,0.0329,-129.31,-0.0208,-129.31,1,30.0,joystick,+0.000,+0.000,+0.000,+0.000,1100,0,
1785507046.2245,2026-07-31T10:10:46.224,82.930,835,,,,0,,,,0.0268,-129.72,-0.0269,-129.72,1,30.0,joystick,+0.000,+0.000,+0.000,+0.000,1100,0,
1785507046.3225,2026-07-31T10:10:46.322,83.028,836,,,,0,,,,0.0260,-130.16,-0.0277,-130.16,1,30.0,joystick,+0.000,+0.000,+0.000,+0.000,1100,0,
1785507046.4213,2026-07-31T10:10:46.421,83.126,837,,,,0,,,,0.0211,-130.39,-0.0326,-130.39,1,30.0,joystick,+0.000,+0.000,+0.000,+0.000,1100,0,
1785507046.5204,2026-07-31T10:10:46.520,83.226,838,,,,0,,,,0.0199,-130.88,-0.0338,-130.88,1,30.0,joystick,+0.000,+0.000,+0.000,+0.000,1100,0,
1785507046.6194,2026-07-31T10:10:46.619,83.325,839,,,,0,,,,0.0203,-131.14,-0.0334,-131.14,1,30.0,joystick,+0.000,+0.000,+0.000,+0.000,1100,0,
1785507046.7193,2026-07-31T10:10:46.719,83.424,840,,,,0,,,,0.0188,-131.67,-0.0349,-131.67,1,30.0,joystick,+0.000,+0.000,+0.000,+0.000,1100,0,
1785507046.8212,2026-07-31T10:10:46.821,83.526,841,,,,0,,,,0.0154,-132.23,-0.0383,-132.23,1,30.0,joystick,+0.000,+0.000,+0.000,+0.000,1100,0,
1785507046.9204,2026-07-31T10:10:46.920,83.626,842,,,,0,,,,0.0155,-132.51,-0.0382,-132.51,1,30.0,joystick,+0.000,+0.000,+0.000,+0.000,1100,0,
1785507047.0195,2026-07-31T10:10:47.019,83.725,843,,,,0,,,,0.0178,-133.04,-0.0359,-133.04,1,30.0,joystick,+0.000,+0.000,+0.000,+0.000,1100,0,
1785507047.1193,2026-07-31T10:10:47.119,83.825,844,,,,0,,,,0.0087,-133.31,-0.0450,-133.31,1,30.0,joystick,+0.000,+0.000,+0.000,+0.000,1100,0,
1785507047.2210,2026-07-31T10:10:47.221,83.926,845,,,,0,,,,0.0117,-133.85,-0.0420,-133.85,1,30.0,joystick,+0.000,+0.000,+0.000,+0.000,1100,0,
1785507047.3213,2026-07-31T10:10:47.321,84.026,846,,,,0,,,,0.0075,-134.39,-0.0462,-134.39,1,30.0,joystick,+0.000,+0.000,+0.000,+0.000,1100,0,
1785507047.4205,2026-07-31T10:10:47.420,84.126,847,,,,0,,,,0.0093,-134.64,-0.0445,-134.64,1,30.0,joystick,+0.000,+0.000,+0.000,+0.000,1100,0,
1785507047.5195,2026-07-31T10:10:47.519,84.225,848,,,,0,,,,0.0058,-134.31,-0.0479,-134.31,1,30.0,joystick,+0.000,+0.000,+0.000,+0.000,1100,0,
1785507047.6187,2026-07-31T10:10:47.618,84.324,849,,,,0,,,,0.0051,-133.03,-0.0486,-133.03,1,30.0,joystick,+0.000,+0.000,+0.000,+0.000,1100,0,
1785507047.7190,2026-07-31T10:10:47.719,84.424,850,,,,0,,,,-0.0042,-128.64,-0.0579,-128.64,1,30.0,joystick,+0.000,+0.000,+0.000,+0.000,1100,0,
1785507047.8185,2026-07-31T10:10:47.818,84.524,851,,,,0,,,,-0.0021,-123.32,-0.0558,-123.32,1,30.0,joystick,+0.000,+0.000,+0.000,+0.000,1100,0,
1785507047.9177,2026-07-31T10:10:47.917,84.623,852,,,,0,,,,-0.0065,-121.32,-0.0602,-121.32,1,30.0,joystick,+0.000,+0.000,+0.000,+0.000,1100,0,
1785507048.0167,2026-07-31T10:10:48.016,84.722,853,,,,0,,,,-0.0073,-117.99,-0.0610,-117.99,1,30.0,joystick,+0.000,+0.000,+0.000,+0.000,1100,0,
1785507048.1159,2026-07-31T10:10:48.115,84.821,854,,,,0,,,,-0.0062,-116.58,-0.0599,-116.58,1,30.0,joystick,+0.000,+0.000,+0.000,+0.000,1100,0,
1785507048.2158,2026-07-31T10:10:48.215,84.921,855,,,,0,,,,-0.0047,-114.25,-0.0584,-114.25,1,30.0,joystick,+0.000,+0.000,+0.000,+0.000,1100,0,
1785507048.3150,2026-07-31T10:10:48.315,85.020,856,,,,0,,,,-0.0084,-113.32,-0.0621,-113.32,1,30.0,joystick,+0.000,+0.000,+0.000,+0.000,1100,0,
1785507048.4151,2026-07-31T10:10:48.415,85.120,857,,,,0,,,,-0.0056,-111.74,-0.0593,-111.74,1,30.0,joystick,+0.000,+0.000,+0.000,+0.000,1100,0,
1785507048.5139,2026-07-31T10:10:48.513,85.219,858,,,,0,,,,-0.0057,-110.05,-0.0594,-110.05,1,30.0,joystick,+0.000,+0.000,+0.000,+0.000,1100,0,
1785507048.6138,2026-07-31T10:10:48.613,85.319,859,,,,0,,,,-0.0084,-108.99,-0.0621,-108.99,1,30.0,joystick,+0.000,+0.000,+0.000,+0.000,1100,0,
1785507048.7134,2026-07-31T10:10:48.713,85.419,860,,,,0,,,,-0.0089,-108.49,-0.0626,-108.49,1,30.0,joystick,+0.000,+0.000,+0.000,+0.000,1100,0,
1785507048.8128,2026-07-31T10:10:48.812,85.518,861,,,,0,,,,-0.0072,-108.28,-0.0609,-108.28,1,30.0,joystick,+0.000,+0.000,+0.000,+0.000,1100,0,
1785507048.9117,2026-07-31T10:10:48.911,85.617,862,,,,0,,,,-0.0108,-107.63,-0.0645,-107.63,1,30.0,joystick,+0.000,+0.000,+0.000,+0.000,1100,0,
1785507049.0107,2026-07-31T10:10:49.010,85.716,863,,,,0,,,,-0.0234,-106.00,-0.0771,-106.00,1,30.0,joystick,+0.000,+0.000,+0.000,+0.000,1100,0,
1785507049.1098,2026-07-31T10:10:49.109,85.815,864,,,,0,,,,-0.0330,-105.85,-0.0867,-105.85,1,30.0,joystick,+0.000,+0.000,+0.000,+0.000,1100,0,
1785507049.2093,2026-07-31T10:10:49.209,85.915,865,,,,0,,,,-0.0399,-106.24,-0.0936,-106.24,1,30.0,joystick,+0.000,+0.000,+0.000,+0.000,1100,0,
1785507049.3078,2026-07-31T10:10:49.307,86.013,866,,,,0,,,,-0.0492,-103.92,-0.1029,-103.92,1,30.0,joystick,+0.000,+0.000,+0.000,+0.000,1100,0,
1785507049.4066,2026-07-31T10:10:49.406,86.112,867,,,,0,,,,-0.0655,-99.23,-0.1192,-99.23,1,30.0,joystick,+0.000,+0.000,+0.000,+0.000,1100,0,
1785507049.5062,2026-07-31T10:10:49.506,86.211,868,,,,0,,,,-0.0654,-98.15,-0.1191,-98.15,1,30.0,joystick,+0.000,+0.000,+0.000,+0.000,1100,0,
1785507049.6048,2026-07-31T10:10:49.604,86.310,869,,,,0,,,,-0.0647,-100.43,-0.1184,-100.43,1,30.0,joystick,+0.000,+0.000,+0.000,+0.000,1100,0,
1785507049.7040,2026-07-31T10:10:49.704,86.409,870,,,,0,,,,-0.0668,-103.46,-0.1205,-103.46,1,30.0,joystick,+0.000,+0.000,+0.000,+0.000,1100,0,
1785507049.8036,2026-07-31T10:10:49.803,86.509,871,,,,0,,,,-0.0645,-103.56,-0.1182,-103.56,1,30.0,joystick,+0.000,+0.000,+0.000,+0.000,1100,0,
1785507049.9031,2026-07-31T10:10:49.903,86.608,872,,,,0,,,,-0.0676,-99.90,-0.1213,-99.90,1,30.0,joystick,+0.000,+0.000,+0.000,+0.000,1100,0,
1785507050.0018,2026-07-31T10:10:50.001,86.707,873,,,,0,,,,-0.0641,-95.85,-0.1178,-95.85,1,30.0,joystick,+0.000,+0.000,+0.000,+0.000,1100,0,
1785507050.1013,2026-07-31T10:10:50.101,86.806,874,,,,0,,,,-0.0622,-91.77,-0.1159,-91.77,1,30.0,joystick,+0.000,+0.000,+0.000,+0.000,1100,0,
1785507050.1997,2026-07-31T10:10:50.199,86.905,875,,,,0,,,,-0.0600,-88.72,-0.1137,-88.72,1,30.0,joystick,+0.000,+0.000,+0.000,+0.000,1100,0,
1785507050.2996,2026-07-31T10:10:50.299,87.005,876,,,,0,,,,-0.0610,-87.14,-0.1147,-87.14,1,30.0,joystick,+0.000,+0.000,+0.000,+0.000,1100,0,
1785507050.3981,2026-07-31T10:10:50.398,87.103,877,,,,0,,,,-0.0616,-86.53,-0.1153,-86.53,1,30.0,joystick,+0.000,+0.000,+0.000,+0.000,1100,0,
1785507050.4975,2026-07-31T10:10:50.497,87.203,878,,,,0,,,,-0.0656,-86.65,-0.1193,-86.65,1,30.0,joystick,+0.000,+0.000,+0.000,+0.000,1100,0,
1785507050.5968,2026-07-31T10:10:50.596,87.302,879,,,,0,,,,-0.0668,-87.44,-0.1205,-87.44,1,30.0,joystick,+0.000,+0.000,+0.000,+0.000,1100,0,
1785507050.6959,2026-07-31T10:10:50.695,87.401,880,,,,0,,,,-0.0678,-89.05,-0.1215,-89.05,1,30.0,joystick,+0.000,+0.000,+0.000,+0.000,1100,0,
1785507050.7947,2026-07-31T10:10:50.794,87.500,881,,,,0,,,,-0.0650,-89.54,-0.1187,-89.54,1,30.0,joystick,+0.000,+0.000,+0.000,+0.000,1100,0,
1785507050.8937,2026-07-31T10:10:50.893,87.599,882,,,,0,,,,-0.0673,-84.98,-0.1210,-84.98,1,30.0,joystick,+0.000,+0.000,+0.000,+0.000,1100,0,
1785507050.9935,2026-07-31T10:10:50.993,87.699,883,,,,0,,,,-0.0599,-82.31,-0.1136,-82.31,1,30.0,joystick,+0.000,+0.000,+0.000,+0.000,1100,0,
1785507051.0929,2026-07-31T10:10:51.092,87.798,884,,,,0,,,,-0.0629,-80.58,-0.1166,-80.58,1,30.0,joystick,+0.000,+0.000,+0.000,+0.000,1100,0,
1785507051.1924,2026-07-31T10:10:51.192,87.898,885,,,,0,,,,-0.0661,-80.07,-0.1198,-80.07,1,30.0,joystick,+0.000,+0.000,+0.000,+0.000,1100,0,
1785507051.2925,2026-07-31T10:10:51.292,87.998,886,,,,0,,,,-0.0585,-80.38,-0.1122,-80.38,1,30.0,joystick,+0.000,+0.000,+0.000,+0.000,1100,0,
1785507051.3936,2026-07-31T10:10:51.393,88.099,887,,,,0,,,,-0.0634,-80.99,-0.1171,-80.99,1,30.0,joystick,+0.000,+0.000,+0.000,+0.000,1100,0,
1785507051.4930,2026-07-31T10:10:51.493,88.198,888,,,,0,,,,-0.0629,-80.72,-0.1166,-80.72,1,30.0,joystick,+0.000,+0.000,+0.000,+0.000,1100,0,
1785507051.5923,2026-07-31T10:10:51.592,88.297,889,,,,0,,,,-0.0630,-80.75,-0.1167,-80.75,1,30.0,joystick,+0.000,+0.000,+0.000,+0.000,1100,0,
