t_epoch,iso_time,t_elapsed_s,seq,tag_id,tag_distance_m,tag_under_1m,tag_count,det_seq,det_t_epoch,det_age_ms,depth_m,yaw_deg,depth_raw_m,yaw_raw_deg,sensors_ok,throttle_pct,mode,surge_cmd,strafe_cmd,heave_cmd,yaw_cmd,light_pwm,led_flashing,flash_frame
1785512603.6752,2026-07-31T11:43:23.675,0.047,1,,,,0,,,,,,,,0,20.0,idle,+0.000,+0.000,+0.000,+0.000,1100,0,
1785512603.7747,2026-07-31T11:43:23.774,0.146,2,,,,0,,,,-0.0962,-40.10,-0.0962,-2920.10,1,20.0,idle,+0.000,+0.000,+0.000,+0.000,1100,0,
1785512603.8732,2026-07-31T11:43:23.873,0.245,3,,,,0,,,,-0.1038,-40.44,-0.1038,-2920.44,1,20.0,idle,+0.000,+0.000,+0.000,+0.000,1100,0,
1785512603.9726,2026-07-31T11:43:23.972,0.344,4,,,,0,,,,-0.1013,-41.12,-0.1013,-2921.12,1,20.0,idle,+0.000,+0.000,+0.000,+0.000,1100,0,
1785512604.0714,2026-07-31T11:43:24.071,0.443,5,,,,0,,,,-0.0985,-41.78,-0.0985,-2921.78,1,20.0,idle,+0.000,+0.000,+0.000,+0.000,1100,0,
1785512604.1719,2026-07-31T11:43:24.171,0.544,6,,,,0,,,,-0.1005,-42.14,-0.1005,-2922.14,1,20.0,idle,+0.000,+0.000,+0.000,+0.000,1100,0,
1785512604.2719,2026-07-31T11:43:24.271,0.644,7,,,,0,,,,-0.0997,-42.85,-0.0997,-2922.85,1,20.0,idle,+0.000,+0.000,+0.000,+0.000,1100,0,
1785512604.3704,2026-07-31T11:43:24.370,0.742,8,,,,0,,,,-0.0995,-43.19,-0.0995,-2923.19,1,20.0,idle,+0.000,+0.000,+0.000,+0.000,1100,0,
1785512604.4694,2026-07-31T11:43:24.469,0.841,9,,,,0,,,,-0.1018,-43.82,-0.1018,-2923.82,1,20.0,idle,+0.000,+0.000,+0.000,+0.000,1100,0,
1785512604.5683,2026-07-31T11:43:24.568,0.940,10,,,,0,,,,-0.1031,-44.37,-0.1031,-2924.37,1,20.0,idle,+0.000,+0.000,+0.000,+0.000,1100,0,
1785512604.6677,2026-07-31T11:43:24.667,1.039,11,,,,0,,,,-0.1045,-44.67,-0.1045,-2924.67,1,20.0,idle,+0.000,+0.000,+0.000,+0.000,1100,0,
1785512604.7662,2026-07-31T11:43:24.766,1.138,12,,,,0,,,,-0.0991,-45.35,-0.0991,-2925.35,1,20.0,idle,+0.000,+0.000,+0.000,+0.000,1100,0,
1785512604.8655,2026-07-31T11:43:24.865,1.237,13,,,,0,,,,-0.1035,-45.75,-0.1035,-2925.75,1,20.0,idle,+0.000,+0.000,+0.000,+0.000,1100,0,
1785512604.9641,2026-07-31T11:43:24.964,1.336,14,,,,0,,,,-0.1051,-46.67,-0.1051,-2926.67,1,20.0,idle,+0.000,+0.000,+0.000,+0.000,1100,0,
1785512605.0632,2026-07-31T11:43:25.063,1.435,15,,,,0,,,,-0.1006,-47.65,-0.1006,-2927.65,1,20.0,idle,+0.000,+0.000,+0.000,+0.000,1100,0,
1785512605.1630,2026-07-31T11:43:25.163,1.535,16,,,,0,,,,-0.0989,-47.42,-0.0989,-2927.42,1,20.0,idle,+0.000,+0.000,+0.000,+0.000,1100,0,
1785512605.2624,2026-07-31T11:43:25.262,1.634,17,,,,0,,,,-0.0963,-46.27,-0.0963,-2926.27,1,20.0,idle,+0.000,+0.000,+0.000,+0.000,1100,0,
1785512605.3625,2026-07-31T11:43:25.362,1.734,18,,,,0,,,,-0.0960,-45.76,-0.0960,-2925.76,1,20.0,idle,+0.000,+0.000,+0.000,+0.000,1100,0,
1785512605.4620,2026-07-31T11:43:25.461,1.834,19,,,,0,,,,-0.0948,-44.74,-0.0948,-2924.74,1,20.0,idle,+0.000,+0.000,+0.000,+0.000,1100,0,
1785512605.5618,2026-07-31T11:43:25.561,1.933,20,,,,0,,,,-0.0954,-43.75,-0.0954,-2923.75,1,20.0,idle,+0.000,+0.000,+0.000,+0.000,1100,0,
1785512605.6608,2026-07-31T11:43:25.660,2.033,21,,,,0,,,,-0.0940,-43.34,-0.0940,-2923.34,1,20.0,idle,+0.000,+0.000,+0.000,+0.000,1100,0,
1785512605.7594,2026-07-31T11:43:25.759,2.131,22,,,,0,,,,-0.0987,-42.76,-0.0987,-2922.76,1,20.0,idle,+0.000,+0.000,+0.000,+0.000,1100,0,
1785512605.8583,2026-07-31T11:43:25.858,2.230,23,,,,0,,,,-0.0985,-42.55,-0.0985,-2922.55,1,20.0,idle,+0.000,+0.000,+0.000,+0.000,1100,0,
1785512605.9586,2026-07-31T11:43:25.958,2.330,24,,,,0,,,,-0.0974,-42.23,-0.0974,-2922.23,1,20.0,idle,+0.000,+0.000,+0.000,+0.000,1100,0,
1785512606.0585,2026-07-31T11:43:26.058,2.430,25,,,,0,,,,-0.0949,-41.83,-0.0949,-2921.83,1,20.0,idle,+0.000,+0.000,+0.000,+0.000,1100,0,
1785512606.1582,2026-07-31T11:43:26.158,2.530,26,,,,0,,,,-0.0944,-41.64,-0.0944,-2921.64,1,20.0,idle,+0.000,+0.000,+0.000,+0.000,1100,0,
1785512606.2579,2026-07-31T11:43:26.257,2.630,27,,,,0,,,,-0.0978,-41.49,-0.0978,-2921.49,1,20.0,idle,+0.000,+0.000,+0.000,+0.000,1100,0,
1785512606.3569,2026-07-31T11:43:26.356,2.729,28,,,,0,,,,-0.0987,-41.39,-0.0987,-2921.39,1,20.0,idle,+0.000,+0.000,+0.000,+0.000,1100,0,
1785512606.4541,2026-07-31T11:43:26.454,2.826,29,,,,0,,,,-0.0909,-41.26,-0.0909,-2921.26,1,20.0,idle,+0.000,+0.000,+0.000,+0.000,1100,0,
1785512606.5538,2026-07-31T11:43:26.553,2.926,30,,,,0,,,,-0.0951,-41.24,-0.0951,-2921.24,1,20.0,idle,+0.000,+0.000,+0.000,+0.000,1100,0,
1785512606.6529,2026-07-31T11:43:26.652,3.025,31,,,,0,,,,-0.1013,-41.02,-0.1013,-2921.02,1,20.0,idle,+0.000,+0.000,+0.000,+0.000,1100,0,
1785512606.7526,2026-07-31T11:43:26.752,3.124,32,,,,0,,,,-0.1095,-40.30,-0.1095,-2920.30,1,20.0,idle,+0.000,+0.000,+0.000,+0.000,1100,0,
1785512606.8520,2026-07-31T11:43:26.852,3.224,33,,,,0,,,,-0.1160,-39.76,-0.1160,-2919.76,1,20.0,idle,+0.000,+0.000,+0.000,+0.000,1100,0,
1785512606.9514,2026-07-31T11:43:26.951,3.323,34,,,,0,,,,-0.1219,-38.51,-0.1219,-2918.51,1,20.0,idle,+0.000,+0.000,+0.000,+0.000,1100,0,
1785512607.0502,2026-07-31T11:43:27.050,3.422,35,,,,0,,,,-0.1252,-37.85,-0.1252,-2917.85,1,20.0,idle,+0.000,+0.000,+0.000,+0.000,1100,0,
1785512607.1498,2026-07-31T11:43:27.149,3.521,36,,,,0,,,,-0.1232,-36.71,-0.1232,-2916.71,1,20.0,idle,+0.000,+0.000,+0.000,+0.000,1100,0,
1785512607.2482,2026-07-31T11:43:27.248,3.620,37,,,,0,,,,-0.1185,-35.62,-0.1185,-2915.62,1,20.0,idle,+0.000,+0.000,+0.000,+0.000,1100,0,
1785512607.3478,2026-07-31T11:43:27.347,3.720,38,,,,0,,,,-0.1086,-35.12,-0.1086,-2915.12,1,20.0,idle,+0.000,+0.000,+0.000,+0.000,1100,0,
1785512607.4465,2026-07-31T11:43:27.446,3.818,39,,,,0,,,,-0.1070,-34.23,-0.1070,-2914.23,1,20.0,idle,+0.000,+0.000,+0.000,+0.000,1100,0,
1785512607.5456,2026-07-31T11:43:27.545,3.917,40,,,,0,,,,-0.1080,-33.82,-0.1080,-2913.82,1,20.0,idle,+0.000,+0.000,+0.000,+0.000,1100,0,
1785512607.6445,2026-07-31T11:43:27.644,4.016,41,,,,0,,,,-0.1044,-32.94,-0.1044,-2912.94,1,20.0,idle,+0.000,+0.000,+0.000,+0.000,1100,0,
1785512607.7437,2026-07-31T11:43:27.743,4.115,42,,,,0,,,,-0.1020,-32.52,-0.1020,-2912.52,1,20.0,idle,+0.000,+0.000,+0.000,+0.000,1100,0,
1785512607.8431,2026-07-31T11:43:27.843,4.215,43,,,,0,,,,-0.0957,-31.83,-0.0957,-2911.83,1,20.0,idle,+0.000,+0.000,+0.000,+0.000,1100,0,
1785512607.9424,2026-07-31T11:43:27.942,4.314,44,,,,0,,,,-0.0954,-31.27,-0.0954,-2911.27,1,20.0,idle,+0.000,+0.000,+0.000,+0.000,1100,0,
1785512608.0413,2026-07-31T11:43:28.041,4.413,45,,,,0,,,,-0.0955,-30.99,-0.0955,-2910.99,1,20.0,idle,+0.000,+0.000,+0.000,+0.000,1100,0,
1785512608.1415,2026-07-31T11:43:28.141,4.513,46,,,,0,,,,-0.0948,-30.50,-0.0948,-2910.50,1,20.0,idle,+0.000,+0.000,+0.000,+0.000,1100,0,
1785512608.2412,2026-07-31T11:43:28.241,4.613,47,,,,0,,,,-0.0951,-30.29,-0.0951,-2910.29,1,20.0,idle,+0.000,+0.000,+0.000,+0.000,1100,0,
1785512608.3417,2026-07-31T11:43:28.341,4.713,48,,,,0,,,,-0.0931,-29.78,-0.0931,-2909.78,1,20.0,idle,+0.000,+0.000,+0.000,+0.000,1100,0,
1785512608.4402,2026-07-31T11:43:28.440,4.812,49,,,,0,,,,-0.0887,-28.62,-0.0887,-2908.62,1,20.0,idle,+0.000,+0.000,+0.000,+0.000,1100,0,
1785512608.5410,2026-07-31T11:43:28.541,4.913,50,,,,0,,,,-0.0916,-27.82,-0.0916,-2907.82,1,20.0,idle,+0.000,+0.000,+0.000,+0.000,1100,0,
1785512608.6400,2026-07-31T11:43:28.640,5.012,51,,,,0,,,,-0.0835,-25.97,-0.0835,-2905.97,1,20.0,idle,+0.000,+0.000,+0.000,+0.000,1100,0,
1785512608.7385,2026-07-31T11:43:28.738,5.110,52,,,,0,,,,-0.0863,-25.01,-0.0863,-2905.01,1,20.0,idle,+0.000,+0.000,+0.000,+0.000,1100,0,
1785512608.8378,2026-07-31T11:43:28.837,5.209,53,,,,0,,,,-0.0901,-23.10,-0.0901,-2903.10,1,20.0,idle,+0.000,+0.000,+0.000,+0.000,1100,0,
1785512608.9369,2026-07-31T11:43:28.936,5.309,54,,,,0,,,,-0.0878,-21.35,-0.0878,-2901.35,1,20.0,idle,+0.000,+0.000,+0.000,+0.000,1100,0,
1785512609.0368,2026-07-31T11:43:29.036,5.408,55,,,,0,,,,-0.0877,-20.60,-0.0877,-2900.60,1,20.0,idle,+0.000,+0.000,+0.000,+0.000,1100,0,
1785512609.1377,2026-07-31T11:43:29.137,5.509,56,,,,0,,,,-0.0925,-19.39,-0.0925,-2899.39,1,20.0,idle,+0.000,+0.000,+0.000,+0.000,1100,0,
1785512609.2371,2026-07-31T11:43:29.237,5.609,57,,,,0,,,,-0.0897,-18.89,-0.0897,-2898.89,1,20.0,idle,+0.000,+0.000,+0.000,+0.000,1100,0,
1785512609.3353,2026-07-31T11:43:29.335,5.707,58,,,,0,,,,-0.0909,-18.06,-0.0909,-2898.06,1,20.0,idle,+0.000,+0.000,+0.000,+0.000,1100,0,
1785512609.4355,2026-07-31T11:43:29.435,5.807,59,,,,0,,,,-0.0913,-17.42,-0.0913,-2897.42,1,20.0,idle,+0.000,+0.000,+0.000,+0.000,1100,0,
1785512609.5351,2026-07-31T11:43:29.535,5.907,60,,,,0,,,,-0.0974,-17.17,-0.0974,-2897.17,1,20.0,idle,+0.000,+0.000,+0.000,+0.000,1100,0,
1785512609.6336,2026-07-31T11:43:29.633,6.005,61,,,,0,,,,-0.0966,-16.70,-0.0966,-2896.70,1,20.0,idle,+0.000,+0.000,+0.000,+0.000,1100,0,
1785512609.7341,2026-07-31T11:43:29.734,6.106,62,,,,0,,,,-0.0987,-16.50,-0.0987,-2896.50,1,20.0,idle,+0.000,+0.000,+0.000,+0.000,1100,0,
1785512609.8340,2026-07-31T11:43:29.833,6.206,63,,,,0,,,,-0.0947,-16.12,-0.0947,-2896.12,1,20.0,idle,+0.000,+0.000,+0.000,+0.000,1100,0,
1785512609.9326,2026-07-31T11:43:29.932,6.304,64,,,,0,,,,0.0000,-15.95,-0.0981,-2895.95,1,20.0,idle,+0.000,+0.000,+0.000,+0.000,1100,0,
1785512610.0331,2026-07-31T11:43:30.033,6.405,65,,,,0,,,,-0.0019,-15.44,-0.1001,-2895.44,1,20.0,idle,+0.000,+0.000,+0.000,+0.000,1100,0,
1785512610.1328,2026-07-31T11:43:30.132,6.504,66,,,,0,,,,0.0064,-14.62,-0.0918,-2894.62,1,20.0,idle,+0.000,+0.000,+0.000,+0.000,1100,0,
1785512610.2316,2026-07-31T11:43:30.231,6.603,67,,,,0,,,,0.0045,-14.20,-0.0936,-2894.20,1,20.0,idle,+0.000,+0.000,+0.000,+0.000,1100,0,
1785512610.3305,2026-07-31T11:43:30.330,6.702,68,,,,0,,,,0.0070,-13.59,-0.0911,-2893.59,1,20.0,idle,+0.000,+0.000,+0.000,+0.000,1100,0,
1785512610.4307,2026-07-31T11:43:30.430,6.802,69,,,,0,,,,0.0074,-13.43,-0.0907,-2893.43,1,20.0,idle,+0.000,+0.000,+0.000,+0.000,1100,0,
1785512610.5314,2026-07-31T11:43:30.531,6.903,70,,,,0,,,,0.0046,-13.26,-0.0936,-2893.26,1,20.0,idle,+0.000,+0.000,+0.000,+0.000,1100,0,
1785512610.6305,2026-07-31T11:43:30.630,7.002,71,,,,0,,,,0.0100,-13.21,-0.0881,-2893.21,1,20.0,idle,+0.000,+0.000,+0.000,+0.000,1100,0,
1785512610.7308,2026-07-31T11:43:30.730,7.102,72,,,,0,,,,0.0037,-13.24,-0.0945,-2893.24,1,20.0,idle,+0.000,+0.000,+0.000,+0.000,1100,0,
1785512610.8302,2026-07-31T11:43:30.830,7.202,73,,,,0,,,,0.0121,-13.40,-0.0860,-2893.40,1,20.0,idle,+0.000,+0.000,+0.000,+0.000,1100,0,
1785512610.9298,2026-07-31T11:43:30.929,7.301,74,,,,0,,,,0.0071,-13.50,-0.0911,-2893.50,1,20.0,idle,+0.000,+0.000,+0.000,+0.000,1100,0,
1785512611.0291,2026-07-31T11:43:31.029,7.401,75,,,,0,,,,0.0066,-13.80,-0.0915,-2893.80,1,20.0,idle,+0.000,+0.000,+0.000,+0.000,1100,0,
1785512611.1281,2026-07-31T11:43:31.128,7.500,76,,,,0,,,,0.0078,-14.35,-0.0903,-2894.35,1,20.0,idle,+0.000,+0.000,+0.000,+0.000,1100,0,
1785512611.2272,2026-07-31T11:43:31.227,7.599,77,,,,0,,,,0.0082,-14.71,-0.0899,-2894.71,1,20.0,idle,+0.000,+0.000,+0.000,+0.000,1100,0,
1785512611.3272,2026-07-31T11:43:31.327,7.699,78,,,,0,,,,0.0064,-15.59,-0.0918,-2895.59,1,20.0,idle,+0.000,+0.000,+0.000,+0.000,1100,0,
1785512611.4266,2026-07-31T11:43:31.426,7.798,79,,,,0,,,,0.0049,-16.09,-0.0932,-2896.09,1,20.0,idle,+0.000,+0.000,+0.000,+0.000,1100,0,
1785512611.5246,2026-07-31T11:43:31.524,7.896,80,,,,0,,,,0.0026,-17.15,-0.0956,-2897.15,1,20.0,idle,+0.000,+0.000,+0.000,+0.000,1100,0,
1785512611.6242,2026-07-31T11:43:31.624,7.996,81,,,,0,,,,0.0013,-18.27,-0.0968,-2898.27,1,20.0,idle,+0.000,+0.000,+0.000,+0.000,1100,0,
1785512611.7234,2026-07-31T11:43:31.723,8.095,82,,,,0,,,,-0.0014,-18.85,-0.0995,-2898.85,1,20.0,idle,+0.000,+0.000,+0.000,+0.000,1100,0,
1785512611.8241,2026-07-31T11:43:31.824,8.196,83,,,,0,,,,-0.0037,-20.01,-0.1018,-2900.01,1,20.0,idle,+0.000,+0.000,+0.000,+0.000,1100,0,
1785512611.9224,2026-07-31T11:43:31.922,8.294,84,,,,0,,,,-0.0022,-20.61,-0.1003,-2900.61,1,20.0,idle,+0.000,+0.000,+0.000,+0.000,1100,0,
1785512612.0217,2026-07-31T11:43:32.021,8.393,85,,,,0,,,,-0.0040,-21.84,-0.1021,-2901.84,1,20.0,idle,+0.000,+0.000,+0.000,+0.000,1100,0,
1785512612.1204,2026-07-31T11:43:32.120,8.492,86,,,,0,,,,-0.0027,-23.04,-0.1008,-2903.04,1,20.0,idle,+0.000,+0.000,+0.000,+0.000,1100,0,
1785512612.2196,2026-07-31T11:43:32.219,8.591,87,,,,0,,,,-0.0045,-23.59,-0.1027,-2903.59,1,20.0,idle,+0.000,+0.000,+0.000,+0.000,1100,0,
1785512612.3189,2026-07-31T11:43:32.318,8.691,88,,,,0,,,,-0.0029,-24.63,-0.1010,-2904.63,1,20.0,idle,+0.000,+0.000,+0.000,+0.000,1100,0,
1785512612.4173,2026-07-31T11:43:32.417,8.789,89,,,,0,,,,-0.0028,-25.14,-0.1010,-2905.14,1,20.0,idle,+0.000,+0.000,+0.000,+0.000,1100,0,
1785512612.5167,2026-07-31T11:43:32.516,8.888,90,,,,0,,,,-0.0038,-26.24,-0.1019,-2906.24,1,20.0,idle,+0.000,+0.000,+0.000,+0.000,1100,0,
1785512612.6156,2026-07-31T11:43:32.615,8.987,91,,,,0,,,,-0.0043,-26.81,-0.1025,-2906.81,1,20.0,idle,+0.000,+0.000,+0.000,+0.000,1100,0,
1785512612.7146,2026-07-31T11:43:32.714,9.086,92,,,,0,,,,-0.0043,-28.02,-0.1024,-2908.02,1,20.0,idle,+0.000,+0.000,+0.000,+0.000,1100,0,
1785512612.8136,2026-07-31T11:43:32.813,9.185,93,,,,0,,,,-0.0098,-29.31,-0.1079,-2909.31,1,20.0,idle,+0.000,+0.000,+0.000,+0.000,1100,0,
1785512612.9143,2026-07-31T11:43:32.914,9.286,94,,,,0,,,,-0.0126,-29.94,-0.1108,-2909.94,1,20.0,idle,+0.000,+0.000,+0.000,+0.000,1100,0,
1785512613.0142,2026-07-31T11:43:33.014,9.386,95,,,,0,,,,-0.0113,-31.10,-0.1094,-2911.10,1,20.0,idle,+0.000,+0.000,+0.000,+0.000,1100,0,
1785512613.1124,2026-07-31T11:43:33.112,9.484,96,,,,0,,,,-0.0053,-31.65,-0.1034,-2911.65,1,20.0,idle,+0.000,+0.000,+0.000,+0.000,1100,0,
1785512613.2123,2026-07-31T11:43:33.212,9.584,97,,,,0,,,,-0.0025,-32.72,-0.1006,-2912.72,1,20.0,idle,+0.000,+0.000,+0.000,+0.000,1100,0,
1785512613.3116,2026-07-31T11:43:33.311,9.683,98,,,,0,,,,-0.0068,-33.25,-0.1049,-2913.25,1,20.0,idle,+0.000,+0.000,+0.000,+0.000,1100,0,
1785512613.4112,2026-07-31T11:43:33.411,9.783,99,,,,0,,,,-0.0026,-34.35,-0.1008,-2914.35,1,20.0,idle,+0.000,+0.000,+0.000,+0.000,1100,0,
1785512613.5107,2026-07-31T11:43:33.510,9.882,100,,,,0,,,,-0.0034,-35.48,-0.1016,-2915.48,1,20.0,idle,+0.000,+0.000,+0.000,+0.000,1100,0,
1785512613.6100,2026-07-31T11:43:33.610,9.982,101,,,,0,,,,0.0006,-36.05,-0.0975,-2916.05,1,20.0,idle,+0.000,+0.000,+0.000,+0.000,1100,0,
1785512613.7099,2026-07-31T11:43:33.709,10.082,102,,,,0,,,,0.0001,-37.14,-0.0980,-2917.14,1,20.0,idle,+0.000,+0.000,+0.000,+0.000,1100,0,
1785512613.8087,2026-07-31T11:43:33.808,10.180,103,,,,0,,,,-0.0030,-37.69,-0.1012,-2917.69,1,20.0,idle,+0.000,+0.000,+0.000,+0.000,1100,0,
1785512613.9076,2026-07-31T11:43:33.907,10.279,104,,,,0,,,,-0.0078,-38.79,-0.1060,-2918.79,1,20.0,idle,+0.000,+0.000,+0.000,+0.000,1100,0,
1785512614.0068,2026-07-31T11:43:34.006,10.378,105,,,,0,,,,-0.0043,-39.85,-0.1024,-2919.85,1,20.0,idle,+0.000,+0.000,+0.000,+0.000,1100,0,
1785512614.1066,2026-07-31T11:43:34.106,10.478,106,,,,0,,,,-0.0027,-40.34,-0.1008,-2920.34,1,20.0,idle,+0.000,+0.000,+0.000,+0.000,1100,0,
1785512614.2064,2026-07-31T11:43:34.206,10.578,107,,,,0,,,,-0.0028,-41.30,-0.1010,-2921.30,1,20.0,idle,+0.000,+0.000,+0.000,+0.000,1100,0,
1785512614.3070,2026-07-31T11:43:34.306,10.679,108,,,,0,,,,-0.0015,-42.32,-0.0996,-2922.32,1,20.0,idle,+0.000,+0.000,+0.000,+0.000,1100,0,
1785512614.4055,2026-07-31T11:43:34.405,10.777,109,,,,0,,,,-0.0033,-42.87,-0.1014,-2922.87,1,20.0,idle,+0.000,+0.000,+0.000,+0.000,1100,0,
1785512614.5064,2026-07-31T11:43:34.506,10.878,110,,,,0,,,,-0.0035,-43.94,-0.1016,-2923.94,1,20.0,idle,+0.000,+0.000,+0.000,+0.000,1100,0,
1785512614.6063,2026-07-31T11:43:34.606,10.978,111,,,,0,,,,0.0029,-44.42,-0.0953,-2924.42,1,20.0,idle,+0.000,+0.000,+0.000,+0.000,1100,0,
1785512614.7063,2026-07-31T11:43:34.706,11.078,112,,,,0,,,,0.0002,-45.33,-0.0980,-2925.33,1,20.0,idle,+0.000,+0.000,+0.000,+0.000,1100,0,
1785512614.8054,2026-07-31T11:43:34.805,11.177,113,,,,0,,,,0.0060,-46.30,-0.0922,-2926.30,1,20.0,idle,+0.000,+0.000,+0.000,+0.000,1100,0,
1785512614.9045,2026-07-31T11:43:34.904,11.276,114,,,,0,,,,-0.0038,-46.82,-0.1019,-2926.82,1,20.0,idle,+0.000,+0.000,+0.000,+0.000,1100,0,
1785512615.0035,2026-07-31T11:43:35.003,11.375,115,,,,0,,,,-0.0021,-47.84,-0.1002,-2927.84,1,20.0,idle,+0.000,+0.000,+0.000,+0.000,1100,0,
1785512615.1027,2026-07-31T11:43:35.102,11.474,116,,,,0,,,,-0.0011,-48.36,-0.0993,-2928.36,1,20.0,idle,+0.000,+0.000,+0.000,+0.000,1100,0,
1785512615.2044,2026-07-31T11:43:35.204,11.576,117,,,,0,,,,-0.0037,-49.35,-0.1018,-2929.35,1,20.0,idle,+0.000,+0.000,+0.000,+0.000,1100,0,
1785512615.3039,2026-07-31T11:43:35.303,11.676,118,,,,0,,,,-0.0008,-50.26,-0.0990,-2930.26,1,20.0,idle,+0.000,+0.000,+0.000,+0.000,1100,0,
1785512615.4034,2026-07-31T11:43:35.403,11.775,119,,,,0,,,,0.0005,-50.67,-0.0976,-2930.67,1,20.0,idle,+0.000,+0.000,+0.000,+0.000,1100,0,
1785512615.5033,2026-07-31T11:43:35.503,11.875,120,,,,0,,,,0.0003,-51.44,-0.0979,-2931.44,1,20.0,idle,+0.000,+0.000,+0.000,+0.000,1100,0,
1785512615.6019,2026-07-31T11:43:35.601,11.974,121,,,,0,,,,0.0041,-51.85,-0.0940,-2931.85,1,20.0,idle,+0.000,+0.000,+0.000,+0.000,1100,0,
1785512615.7004,2026-07-31T11:43:35.700,12.072,122,,,,0,,,,-0.0039,-52.74,-0.1020,-2932.74,1,20.0,idle,+0.000,+0.000,+0.000,+0.000,1100,0,
1785512615.8010,2026-07-31T11:43:35.801,12.173,123,,,,0,,,,-0.0040,-53.69,-0.1022,-2933.69,1,20.0,idle,+0.000,+0.000,+0.000,+0.000,1100,0,
1785512615.9011,2026-07-31T11:43:35.901,12.273,124,,,,0,,,,-0.0027,-54.14,-0.1008,-2934.14,1,20.0,idle,+0.000,+0.000,+0.000,+0.000,1100,0,
1785512616.0001,2026-07-31T11:43:36.000,12.372,125,,,,0,,,,-0.0036,-55.05,-0.1017,-2935.05,1,20.0,idle,+0.000,+0.000,+0.000,+0.000,1100,0,
1785512616.0994,2026-07-31T11:43:36.099,12.471,126,,,,0,,,,-0.0087,-55.50,-0.1068,-2935.50,1,20.0,idle,+0.000,+0.000,+0.000,+0.000,1100,0,
1785512616.1988,2026-07-31T11:43:36.198,12.571,127,,,,0,,,,-0.0052,-56.38,-0.1034,-2936.38,1,20.0,idle,+0.000,+0.000,+0.000,+0.000,1100,0,
1785512616.2984,2026-07-31T11:43:36.298,12.670,128,,,,0,,,,-0.0010,-56.80,-0.0991,-2936.80,1,20.0,idle,+0.000,+0.000,+0.000,+0.000,1100,0,
1785512616.3984,2026-07-31T11:43:36.398,12.770,129,,,,0,,,,-0.0039,-57.63,-0.1020,-2937.63,1,20.0,idle,+0.000,+0.000,+0.000,+0.000,1100,0,
1785512616.4975,2026-07-31T11:43:36.497,12.869,130,,,,0,,,,-0.0035,-58.41,-0.1017,-2938.41,1,20.0,idle,+0.000,+0.000,+0.000,+0.000,1100,0,
1785512616.5976,2026-07-31T11:43:36.597,12.969,131,,,,0,,,,-0.0043,-58.79,-0.1024,-2938.79,1,20.0,idle,+0.000,+0.000,+0.000,+0.000,1100,0,
1785512616.6972,2026-07-31T11:43:36.697,13.069,132,,,,0,,,,-0.0008,-59.46,-0.0989,-2939.46,1,20.0,idle,+0.000,+0.000,+0.000,+0.000,1100,0,
1785512616.7963,2026-07-31T11:43:36.796,13.168,133,,,,0,,,,-0.0063,-59.79,-0.1044,-2939.79,1,20.0,idle,+0.000,+0.000,+0.000,+0.000,1100,0,
1785512616.8954,2026-07-31T11:43:36.895,13.267,134,,,,0,,,,-0.0045,-60.52,-0.1026,-2940.52,1,20.0,idle,+0.000,+0.000,+0.000,+0.000,1100,0,
1785512616.9957,2026-07-31T11:43:36.995,13.367,135,,,,0,,,,-0.0052,-61.38,-0.1033,-2941.38,1,20.0,idle,+0.000,+0.000,+0.000,+0.000,1100,0,
1785512617.0949,2026-07-31T11:43:37.094,13.467,136,,,,0,,,,-0.0046,-61.84,-0.1028,-2941.84,1,20.0,idle,+0.000,+0.000,+0.000,+0.000,1100,0,
1785512617.1952,2026-07-31T11:43:37.195,13.567,137,,,,0,,,,-0.0023,-62.71,-0.1004,-2942.71,1,20.0,idle,+0.000,+0.000,+0.000,+0.000,1100,0,
1785512617.2951,2026-07-31T11:43:37.295,13.667,138,,,,0,,,,0.0002,-63.10,-0.0980,-2943.10,1,20.0,idle,+0.000,+0.000,+0.000,+0.000,1100,0,
1785512617.3940,2026-07-31T11:43:37.394,13.766,139,,,,0,,,,0.0005,-63.83,-0.0976,-2943.83,1,20.0,idle,+0.000,+0.000,+0.000,+0.000,1100,0,
1785512617.4930,2026-07-31T11:43:37.493,13.865,140,,,,0,,,,-0.0018,-64.50,-0.0999,-2944.50,1,20.0,idle,+0.000,+0.000,+0.000,+0.000,1100,0,
1785512617.5917,2026-07-31T11:43:37.591,13.963,141,,,,0,,,,-0.0088,-64.81,-0.1070,-2944.81,1,20.0,idle,+0.000,+0.000,+0.000,+0.000,1100,0,
1785512617.6906,2026-07-31T11:43:37.690,14.062,142,,,,0,,,,0.0012,-65.41,-0.0969,-2945.41,1,20.0,idle,+0.000,+0.000,+0.000,+0.000,1100,0,
1785512617.7906,2026-07-31T11:43:37.790,14.162,143,,,,0,,,,-0.0035,-65.73,-0.1017,-2945.73,1,20.0,idle,+0.000,+0.000,+0.000,+0.000,1100,0,
1785512617.8895,2026-07-31T11:43:37.889,14.261,144,,,,0,,,,-0.0045,-66.29,-0.1027,-2946.29,1,20.0,idle,+0.000,+0.000,+0.000,+0.000,1100,0,
1785512617.9893,2026-07-31T11:43:37.989,14.361,145,,,,0,,,,-0.0044,-66.18,-0.1025,-2946.18,1,20.0,idle,+0.000,+0.000,+0.000,+0.000,1100,0,
1785512618.0879,2026-07-31T11:43:38.087,14.460,146,,,,0,,,,-0.0019,-65.80,-0.1001,-2945.80,1,20.0,idle,+0.000,+0.000,+0.000,+0.000,1100,0,
1785512618.1873,2026-07-31T11:43:38.187,14.559,147,,,,0,,,,-0.0014,-64.55,-0.0995,-2944.55,1,20.0,idle,+0.000,+0.000,+0.000,+0.000,1100,0,
1785512618.2864,2026-07-31T11:43:38.286,14.658,148,,,,0,,,,-0.0009,-63.77,-0.0991,-2943.77,1,20.0,idle,+0.000,+0.000,+0.000,+0.000,1100,0,
1785512618.3863,2026-07-31T11:43:38.386,14.758,149,,,,0,,,,0.0065,-61.90,-0.0916,-2941.90,1,20.0,idle,+0.000,+0.000,+0.000,+0.000,1100,0,
1785512618.4861,2026-07-31T11:43:38.486,14.858,150,,,,0,,,,0.0089,-60.90,-0.0892,-2940.90,1,20.0,idle,+0.000,+0.000,+0.000,+0.000,1100,0,
1785512618.5847,2026-07-31T11:43:38.584,14.956,151,,,,0,,,,0.0079,-58.85,-0.0903,-2938.85,1,20.0,idle,+0.000,+0.000,+0.000,+0.000,1100,0,
1785512618.6840,2026-07-31T11:43:38.684,15.056,152,,,,0,,,,0.0151,-56.49,-0.0830,-2936.49,1,20.0,idle,+0.000,+0.000,+0.000,+0.000,1100,0,
1785512618.7841,2026-07-31T11:43:38.784,15.156,153,,,,0,,,,0.0132,-55.14,-0.0850,-2935.14,1,20.0,idle,+0.000,+0.000,+0.000,+0.000,1100,0,
1785512618.8849,2026-07-31T11:43:38.884,15.257,154,,,,0,,,,0.0183,-52.29,-0.0799,-2932.29,1,20.0,idle,+0.000,+0.000,+0.000,+0.000,1100,0,
1785512618.9838,2026-07-31T11:43:38.983,15.355,155,,,,0,,,,0.0179,-50.84,-0.0802,-2930.84,1,20.0,idle,+0.000,+0.000,+0.000,+0.000,1100,0,
1785512619.0825,2026-07-31T11:43:39.082,15.454,156,,,,0,,,,0.0173,-48.00,-0.0808,-2928.00,1,20.0,idle,+0.000,+0.000,+0.000,+0.000,1100,0,
1785512619.1815,2026-07-31T11:43:39.181,15.553,157,,,,0,,,,0.0211,-45.25,-0.0770,-2925.25,1,20.0,idle,+0.000,+0.000,+0.000,+0.000,1100,0,
1785512619.2820,2026-07-31T11:43:39.282,15.654,158,,,,0,,,,0.0158,-43.86,-0.0823,-2923.86,1,20.0,idle,+0.000,+0.000,+0.000,+0.000,1100,0,
1785512619.3817,2026-07-31T11:43:39.381,15.753,159,,,,0,,,,0.0176,-41.03,-0.0805,-2921.03,1,20.0,idle,+0.000,+0.000,+0.000,+0.000,1100,0,
1785512619.4806,2026-07-31T11:43:39.480,15.852,160,,,,0,,,,0.0220,-39.70,-0.0762,-2919.70,1,20.0,idle,+0.000,+0.000,+0.000,+0.000,1100,0,
1785512619.5798,2026-07-31T11:43:39.579,15.952,161,,,,0,,,,0.0216,-37.45,-0.0766,-2917.45,1,20.0,idle,+0.000,+0.000,+0.000,+0.000,1100,0,
1785512619.6792,2026-07-31T11:43:39.679,16.051,162,,,,0,,,,0.0243,-36.58,-0.0739,-2916.58,1,20.0,idle,+0.000,+0.000,+0.000,+0.000,1100,0,
1785512619.7793,2026-07-31T11:43:39.779,16.151,163,,,,0,,,,0.0163,-35.25,-0.0818,-2915.25,1,20.0,idle,+0.000,+0.000,+0.000,+0.000,1100,0,
1785512619.8795,2026-07-31T11:43:39.879,16.251,164,,,,0,,,,0.0113,-34.57,-0.0869,-2914.57,1,20.0,idle,+0.000,+0.000,+0.000,+0.000,1100,0,
1785512619.9791,2026-07-31T11:43:39.979,16.351,165,,,,0,,,,0.0111,-34.49,-0.0870,-2914.49,1,20.0,idle,+0.000,+0.000,+0.000,+0.000,1100,0,
1785512620.0775,2026-07-31T11:43:40.077,16.449,166,,,,0,,,,0.0123,-34.72,-0.0858,-2914.72,1,20.0,idle,+0.000,+0.000,+0.000,+0.000,1100,0,
1785512620.1766,2026-07-31T11:43:40.176,16.548,167,,,,0,,,,0.0072,-34.93,-0.0909,-2914.93,1,20.0,idle,+0.000,+0.000,+0.000,+0.000,1100,0,
1785512620.2760,2026-07-31T11:43:40.275,16.648,168,,,,0,,,,0.0043,-35.43,-0.0939,-2915.43,1,20.0,idle,+0.000,+0.000,+0.000,+0.000,1100,0,
1785512620.3750,2026-07-31T11:43:40.375,16.747,169,,,,0,,,,0.0064,-35.72,-0.0918,-2915.72,1,20.0,idle,+0.000,+0.000,+0.000,+0.000,1100,0,
1785512620.4738,2026-07-31T11:43:40.473,16.846,170,,,,0,,,,0.0040,-35.69,-0.0941,-2915.69,1,20.0,idle,+0.000,+0.000,+0.000,+0.000,1100,0,
1785512620.5743,2026-07-31T11:43:40.574,16.946,171,,,,0,,,,0.0085,-35.11,-0.0896,-2915.11,1,20.0,idle,+0.000,+0.000,+0.000,+0.000,1100,0,
1785512620.6729,2026-07-31T11:43:40.672,17.045,172,,,,0,,,,0.0129,-34.84,-0.0853,-2914.84,1,20.0,idle,+0.000,+0.000,+0.000,+0.000,1100,0,
1785512620.7727,2026-07-31T11:43:40.772,17.144,173,,,,0,,,,0.0140,-34.81,-0.0841,-2914.81,1,20.0,idle,+0.000,+0.000,+0.000,+0.000,1100,0,
1785512620.8717,2026-07-31T11:43:40.871,17.243,174,,,,0,,,,0.0125,-35.16,-0.0857,-2915.16,1,20.0,idle,+0.000,+0.000,+0.000,+0.000,1100,0,
1785512620.9722,2026-07-31T11:43:40.972,17.344,175,,,,0,,,,0.0140,-35.50,-0.0841,-2915.50,1,20.0,idle,+0.000,+0.000,+0.000,+0.000,1100,0,
1785512621.0708,2026-07-31T11:43:41.070,17.443,176,,,,0,,,,0.0114,-36.39,-0.0867,-2916.39,1,20.0,idle,+0.000,+0.000,+0.000,+0.000,1100,0,
1785512621.1701,2026-07-31T11:43:41.170,17.542,177,,,,0,,,,0.0166,-36.64,-0.0815,-2916.64,1,20.0,idle,+0.000,+0.000,+0.000,+0.000,1100,0,
1785512621.2692,2026-07-31T11:43:41.269,17.641,178,,,,0,,,,0.0154,-35.11,-0.0827,-2915.11,1,20.0,idle,+0.000,+0.000,+0.000,+0.000,1100,0,
1785512621.3683,2026-07-31T11:43:41.368,17.740,179,,,,0,,,,0.0217,-31.85,-0.0765,-2911.85,1,20.0,idle,+0.000,+0.000,+0.000,+0.000,1100,0,
1785512621.4669,2026-07-31T11:43:41.466,17.839,180,,,,0,,,,0.0195,-29.69,-0.0786,-2909.69,1,20.0,idle,+0.000,+0.000,+0.000,+0.000,1100,0,
1785512621.5662,2026-07-31T11:43:41.566,17.938,181,,,,0,,,,0.0156,-24.71,-0.0826,-2904.71,1,20.0,idle,+0.000,+0.000,+0.000,+0.000,1100,0,
1785512621.6656,2026-07-31T11:43:41.665,18.037,182,,,,0,,,,0.0097,-22.36,-0.0884,-2902.36,1,20.0,idle,+0.000,+0.000,+0.000,+0.000,1100,0,
1785512621.7652,2026-07-31T11:43:41.765,18.137,183,,,,0,,,,0.0142,-18.71,-0.0840,-2898.71,1,20.0,idle,+0.000,+0.000,+0.000,+0.000,1100,0,
1785512621.8642,2026-07-31T11:43:41.864,18.236,184,,,,0,,,,0.0076,-16.25,-0.0906,-2896.25,1,20.0,idle,+0.000,+0.000,+0.000,+0.000,1100,0,
1785512621.9636,2026-07-31T11:43:41.963,18.335,185,,,,0,,,,0.0075,-15.32,-0.0906,-2895.32,1,20.0,idle,+0.000,+0.000,+0.000,+0.000,1100,0,
1785512622.0628,2026-07-31T11:43:42.062,18.435,186,,,,0,,,,0.0067,-13.90,-0.0914,-2893.90,1,20.0,idle,+0.000,+0.000,+0.000,+0.000,1100,0,
1785512622.1633,2026-07-31T11:43:42.163,18.535,187,,,,0,,,,0.0019,-13.43,-0.0962,-2893.43,1,20.0,idle,+0.000,+0.000,+0.000,+0.000,1100,0,
1785512622.2630,2026-07-31T11:43:42.263,18.635,188,,,,0,,,,-0.0023,-12.86,-0.1004,-2892.86,1,20.0,idle,+0.000,+0.000,+0.000,+0.000,1100,0,
1785512622.3625,2026-07-31T11:43:42.362,18.734,189,,,,0,,,,-0.0073,-12.67,-0.1055,-2892.67,1,20.0,idle,+0.000,+0.000,+0.000,+0.000,1100,0,
1785512622.4617,2026-07-31T11:43:42.461,18.833,190,,,,0,,,,-0.0050,-12.65,-0.1031,-2892.65,1,20.0,idle,+0.000,+0.000,+0.000,+0.000,1100,0,
1785512622.5619,2026-07-31T11:43:42.561,18.934,191,,,,0,,,,-0.0073,-12.69,-0.1054,-2892.69,1,20.0,idle,+0.000,+0.000,+0.000,+0.000,1100,0,
1785512622.6621,2026-07-31T11:43:42.662,19.034,192,,,,0,,,,-0.0090,-12.61,-0.1071,-2892.61,1,20.0,idle,+0.000,+0.000,+0.000,+0.000,1100,0,
1785512622.7607,2026-07-31T11:43:42.760,19.132,193,,,,0,,,,-0.0028,-12.43,-0.1009,-2892.43,1,20.0,idle,+0.000,+0.000,+0.000,+0.000,1100,0,
1785512622.8601,2026-07-31T11:43:42.860,19.232,194,,,,0,,,,-0.0027,-12.29,-0.1008,-2892.29,1,20.0,idle,+0.000,+0.000,+0.000,+0.000,1100,0,
1785512622.9602,2026-07-31T11:43:42.960,19.332,195,,,,0,,,,0.0041,-12.29,-0.0940,-2892.29,1,20.0,idle,+0.000,+0.000,+0.000,+0.000,1100,0,
1785512623.0593,2026-07-31T11:43:43.059,19.431,196,,,,0,,,,0.0046,-12.58,-0.0935,-2892.58,1,20.0,idle,+0.000,+0.000,+0.000,+0.000,1100,0,
1785512623.1596,2026-07-31T11:43:43.159,19.531,197,,,,0,,,,0.0072,-12.80,-0.0909,-2892.80,1,20.0,idle,+0.000,+0.000,+0.000,+0.000,1100,0,
1785512623.2588,2026-07-31T11:43:43.258,19.631,198,,,,0,,,,0.0107,-13.31,-0.0875,-2893.31,1,20.0,idle,+0.000,+0.000,+0.000,+0.000,1100,0,
1785512623.3578,2026-07-31T11:43:43.357,19.730,199,,,,0,,,,0.0096,-13.53,-0.0886,-2893.53,1,20.0,idle,+0.000,+0.000,+0.000,+0.000,1100,0,
1785512623.4566,2026-07-31T11:43:43.456,19.828,200,,,,0,,,,0.0142,-13.96,-0.0840,-2893.96,1,20.0,idle,+0.000,+0.000,+0.000,+0.000,1100,0,
1785512623.5568,2026-07-31T11:43:43.556,19.928,201,,,,0,,,,0.0143,-14.21,-0.0838,-2894.21,1,20.0,idle,+0.000,+0.000,+0.000,+0.000,1100,0,
1785512623.6573,2026-07-31T11:43:43.657,20.029,202,,,,0,,,,0.0141,-14.21,-0.0840,-2894.21,1,20.0,idle,+0.000,+0.000,+0.000,+0.000,1100,0,
1785512623.7562,2026-07-31T11:43:43.756,20.128,203,,,,0,,,,0.0174,-13.84,-0.0807,-2893.84,1,20.0,idle,+0.000,+0.000,+0.000,+0.000,1100,0,
1785512623.8553,2026-07-31T11:43:43.855,20.227,204,,,,0,,,,0.0170,-13.53,-0.0812,-2893.53,1,20.0,idle,+0.000,+0.000,+0.000,+0.000,1100,0,
1785512623.9541,2026-07-31T11:43:43.954,20.326,205,,,,0,,,,0.0147,-12.85,-0.0834,-2892.85,1,20.0,idle,+0.000,+0.000,+0.000,+0.000,1100,0,
1785512624.0540,2026-07-31T11:43:44.053,20.426,206,,,,0,,,,0.0219,-12.23,-0.0763,-2892.23,1,20.0,idle,+0.000,+0.000,+0.000,+0.000,1100,0,
1785512624.1540,2026-07-31T11:43:44.153,20.526,207,,,,0,,,,0.0190,-11.97,-0.0792,-2891.97,1,20.0,idle,+0.000,+0.000,+0.000,+0.000,1100,0,
1785512624.2532,2026-07-31T11:43:44.253,20.625,208,,,,0,,,,0.0211,-11.56,-0.0770,-2891.56,1,20.0,idle,+0.000,+0.000,+0.000,+0.000,1100,0,
1785512624.3519,2026-07-31T11:43:44.351,20.724,209,,,,0,,,,0.0165,-11.48,-0.0817,-2891.48,1,20.0,idle,+0.000,+0.000,+0.000,+0.000,1100,0,
1785512624.4511,2026-07-31T11:43:44.451,20.823,210,,,,0,,,,0.0172,-11.59,-0.0809,-2891.59,1,20.0,idle,+0.000,+0.000,+0.000,+0.000,1100,0,
1785512624.5516,2026-07-31T11:43:44.551,20.923,211,,,,0,,,,0.0149,-11.94,-0.0832,-2891.94,1,20.0,idle,+0.000,+0.000,+0.000,+0.000,1100,0,
1785512624.6507,2026-07-31T11:43:44.650,21.022,212,,,,0,,,,0.0173,-12.12,-0.0808,-2892.12,1,20.0,idle,+0.000,+0.000,+0.000,+0.000,1100,0,
1785512624.7497,2026-07-31T11:43:44.749,21.121,213,,,,0,,,,0.0144,-12.32,-0.0838,-2892.32,1,20.0,idle,+0.000,+0.000,+0.000,+0.000,1100,0,
1785512624.8496,2026-07-31T11:43:44.849,21.221,214,,,,0,,,,0.0142,-12.34,-0.0839,-2892.34,1,20.0,idle,+0.000,+0.000,+0.000,+0.000,1100,0,
1785512624.9503,2026-07-31T11:43:44.950,21.322,215,,,,0,,,,0.0149,-12.27,-0.0832,-2892.27,1,20.0,idle,+0.000,+0.000,+0.000,+0.000,1100,0,
1785512625.0500,2026-07-31T11:43:45.050,21.422,216,,,,0,,,,0.0121,-12.12,-0.0861,-2892.12,1,20.0,idle,+0.000,+0.000,+0.000,+0.000,1100,0,
1785512625.1493,2026-07-31T11:43:45.149,21.521,217,,,,0,,,,0.0083,-11.96,-0.0898,-2891.96,1,20.0,idle,+0.000,+0.000,+0.000,+0.000,1100,0,
1785512625.2484,2026-07-31T11:43:45.248,21.620,218,,,,0,,,,0.0149,-11.59,-0.0833,-2891.59,1,20.0,idle,+0.000,+0.000,+0.000,+0.000,1100,0,
1785512625.3471,2026-07-31T11:43:45.347,21.719,219,,,,0,,,,0.0138,-11.39,-0.0843,-2891.39,1,20.0,idle,+0.000,+0.000,+0.000,+0.000,1100,0,
1785512625.4477,2026-07-31T11:43:45.447,21.819,220,,,,0,,,,0.0199,-11.02,-0.0782,-2891.02,1,20.0,idle,+0.000,+0.000,+0.000,+0.000,1100,0,
1785512625.5473,2026-07-31T11:43:45.547,21.919,221,,,,0,,,,0.0226,-10.81,-0.0755,-2890.81,1,20.0,idle,+0.000,+0.000,+0.000,+0.000,1100,0,
1785512625.6465,2026-07-31T11:43:45.646,22.018,222,,,,0,,,,0.0218,-10.73,-0.0764,-2890.73,1,20.0,idle,+0.000,+0.000,+0.000,+0.000,1100,0,
1785512625.7456,2026-07-31T11:43:45.745,22.117,223,,,,0,,,,0.0214,-10.56,-0.0768,-2890.56,1,20.0,idle,+0.000,+0.000,+0.000,+0.000,1100,0,
1785512625.8459,2026-07-31T11:43:45.845,22.218,224,,,,0,,,,0.0216,-10.51,-0.0765,-2890.51,1,20.0,idle,+0.000,+0.000,+0.000,+0.000,1100,0,
1785512625.9449,2026-07-31T11:43:45.944,22.317,225,,,,0,,,,0.0212,-10.39,-0.0770,-2890.39,1,20.0,idle,+0.000,+0.000,+0.000,+0.000,1100,0,
1785512626.0446,2026-07-31T11:43:46.044,22.416,226,,,,0,,,,0.0197,-10.27,-0.0784,-2890.27,1,20.0,idle,+0.000,+0.000,+0.000,+0.000,1100,0,
1785512626.1446,2026-07-31T11:43:46.144,22.516,227,,,,0,,,,0.0173,-10.17,-0.0809,-2890.17,1,20.0,idle,+0.000,+0.000,+0.000,+0.000,1100,0,
1785512626.2437,2026-07-31T11:43:46.243,22.615,228,,,,0,,,,0.0189,-9.92,-0.0792,-2889.92,1,20.0,idle,+0.000,+0.000,+0.000,+0.000,1100,0,
1785512626.3438,2026-07-31T11:43:46.343,22.716,229,,,,0,,,,0.0165,-9.79,-0.0817,-2889.79,1,20.0,idle,+0.000,+0.000,+0.000,+0.000,1100,0,
1785512626.4433,2026-07-31T11:43:46.443,22.815,230,,,,0,,,,0.0167,-9.48,-0.0814,-2889.48,1,20.0,idle,+0.000,+0.000,+0.000,+0.000,1100,0,
1785512626.5437,2026-07-31T11:43:46.543,22.915,231,,,,0,,,,0.0178,-8.97,-0.0803,-2888.97,1,20.0,idle,+0.000,+0.000,+0.000,+0.000,1100,0,
1785512626.6446,2026-07-31T11:43:46.644,23.016,232,,,,0,,,,0.0179,-8.67,-0.0802,-2888.67,1,20.0,idle,+0.000,+0.000,+0.000,+0.000,1100,0,
1785512626.7429,2026-07-31T11:43:46.742,23.115,233,,,,0,,,,0.0162,-8.12,-0.0820,-2888.12,1,20.0,idle,+0.000,+0.000,+0.000,+0.000,1100,0,
1785512626.8423,2026-07-31T11:43:46.842,23.214,234,,,,0,,,,0.0181,-7.96,-0.0800,-2887.96,1,20.0,idle,+0.000,+0.000,+0.000,+0.000,1100,0,
1785512626.9415,2026-07-31T11:43:46.941,23.313,235,,,,0,,,,0.0146,-7.81,-0.0835,-2887.81,1,20.0,idle,+0.000,+0.000,+0.000,+0.000,1100,0,
1785512627.0414,2026-07-31T11:43:47.041,23.413,236,,,,0,,,,0.0181,-7.77,-0.0801,-2887.77,1,20.0,idle,+0.000,+0.000,+0.000,+0.000,1100,0,
1785512627.1408,2026-07-31T11:43:47.140,23.512,237,,,,0,,,,0.0143,-7.74,-0.0838,-2887.74,1,20.0,idle,+0.000,+0.000,+0.000,+0.000,1100,0,
1785512627.2409,2026-07-31T11:43:47.240,23.613,238,,,,0,,,,0.0137,-7.67,-0.0844,-2887.67,1,20.0,idle,+0.000,+0.000,+0.000,+0.000,1100,0,
1785512627.3401,2026-07-31T11:43:47.340,23.712,239,,,,0,,,,0.0125,-7.62,-0.0856,-2887.62,1,20.0,idle,+0.000,+0.000,+0.000,+0.000,1100,0,
1785512627.4393,2026-07-31T11:43:47.439,23.811,240,,,,0,,,,0.0141,-7.60,-0.0840,-2887.60,1,20.0,idle,+0.000,+0.000,+0.000,+0.000,1100,0,
1785512627.5383,2026-07-31T11:43:47.538,23.910,241,,,,0,,,,0.0136,-7.59,-0.0845,-2887.59,1,20.0,idle,+0.000,+0.000,+0.000,+0.000,1100,0,
1785512627.6382,2026-07-31T11:43:47.638,24.010,242,,,,0,,,,0.0129,-7.52,-0.0852,-2887.52,1,20.0,idle,+0.000,+0.000,+0.000,+0.000,1100,0,
1785512627.7377,2026-07-31T11:43:47.737,24.109,243,,,,0,,,,0.0098,-7.20,-0.0883,-2887.20,1,20.0,idle,+0.000,+0.000,+0.000,+0.000,1100,0,
1785512627.8369,2026-07-31T11:43:47.836,24.209,244,,,,0,,,,0.0113,-6.90,-0.0868,-2886.90,1,20.0,idle,+0.000,+0.000,+0.000,+0.000,1100,0,
1785512627.9360,2026-07-31T11:43:47.935,24.308,245,,,,0,,,,0.0162,-6.18,-0.0819,-2886.18,1,20.0,idle,+0.000,+0.000,+0.000,+0.000,1100,0,
1785512628.0368,2026-07-31T11:43:48.036,24.408,246,,,,0,,,,0.0149,-5.85,-0.0832,-2885.85,1,20.0,idle,+0.000,+0.000,+0.000,+0.000,1100,0,
1785512628.1367,2026-07-31T11:43:48.136,24.508,247,,,,0,,,,0.0155,-5.39,-0.0827,-2885.39,1,20.0,idle,+0.000,+0.000,+0.000,+0.000,1100,0,
1785512628.2368,2026-07-31T11:43:48.236,24.608,248,,,,0,,,,0.0198,-5.32,-0.0783,-2885.32,1,20.0,idle,+0.000,+0.000,+0.000,+0.000,1100,0,
1785512628.3381,2026-07-31T11:43:48.338,24.710,249,,,,0,,,,0.0093,-5.46,-0.0888,-2885.46,1,20.0,idle,+0.000,+0.000,+0.000,+0.000,1100,0,
1785512628.4387,2026-07-31T11:43:48.438,24.810,250,,,,0,,,,0.0146,-6.04,-0.0835,-2886.04,1,20.0,idle,+0.000,+0.000,+0.000,+0.000,1100,0,
1785512628.5383,2026-07-31T11:43:48.538,24.910,251,,,,0,,,,0.0146,-6.46,-0.0835,-2886.46,1,20.0,idle,+0.000,+0.000,+0.000,+0.000,1100,0,
1785512628.6381,2026-07-31T11:43:48.638,25.010,252,,,,0,,,,0.0141,-7.41,-0.0840,-2887.41,1,20.0,idle,+0.000,+0.000,+0.000,+0.000,1100,0,
1785512628.7373,2026-07-31T11:43:48.737,25.109,253,,,,0,,,,0.0111,-8.53,-0.0870,-2888.53,1,20.0,idle,+0.000,+0.000,+0.000,+0.000,1100,0,
1785512628.8365,2026-07-31T11:43:48.836,25.208,254,,,,0,,,,0.0138,-9.08,-0.0844,-2889.08,1,20.0,idle,+0.000,+0.000,+0.000,+0.000,1100,0,
1785512628.9356,2026-07-31T11:43:48.935,25.307,255,,,,0,,,,0.0152,-10.16,-0.0830,-2890.16,1,20.0,idle,+0.000,+0.000,+0.000,+0.000,1100,0,
1785512629.0348,2026-07-31T11:43:49.034,25.406,256,,,,0,,,,0.0146,-10.59,-0.0835,-2890.59,1,20.0,idle,+0.000,+0.000,+0.000,+0.000,1100,0,
1785512629.1343,2026-07-31T11:43:49.134,25.506,257,,,,0,,,,0.0178,-11.26,-0.0803,-2891.26,1,20.0,idle,+0.000,+0.000,+0.000,+0.000,1100,0,
1785512629.2331,2026-07-31T11:43:49.233,25.605,258,,,,0,,,,0.0143,-11.80,-0.0839,-2891.80,1,20.0,idle,+0.000,+0.000,+0.000,+0.000,1100,0,
1785512629.3322,2026-07-31T11:43:49.332,25.704,259,,,,0,,,,0.0170,-12.15,-0.0811,-2892.15,1,20.0,idle,+0.000,+0.000,+0.000,+0.000,1100,0,
1785512629.4314,2026-07-31T11:43:49.431,25.803,260,,,,0,,,,0.0228,-13.03,-0.0754,-2893.03,1,20.0,idle,+0.000,+0.000,+0.000,+0.000,1100,0,
1785512629.5305,2026-07-31T11:43:49.530,25.902,261,,,,0,,,,0.0260,-13.50,-0.0721,-2893.50,1,20.0,idle,+0.000,+0.000,+0.000,+0.000,1100,0,
1785512629.6299,2026-07-31T11:43:49.629,26.002,262,,,,0,,,,0.0282,-14.52,-0.0699,-2894.52,1,20.0,idle,+0.000,+0.000,+0.000,+0.000,1100,0,
1785512629.7299,2026-07-31T11:43:49.729,26.102,263,,,,0,,,,0.0271,-15.52,-0.0711,-2895.52,1,20.0,idle,+0.000,+0.000,+0.000,+0.000,1100,0,
1785512629.8306,2026-07-31T11:43:49.830,26.202,264,,,,0,,,,0.0294,-15.98,-0.0687,-2895.98,1,20.0,idle,+0.000,+0.000,+0.000,+0.000,1100,0,
1785512629.9304,2026-07-31T11:43:49.930,26.302,265,,,,0,,,,0.0326,-16.72,-0.0655,-2896.72,1,20.0,idle,+0.000,+0.000,+0.000,+0.000,1100,0,
1785512630.0291,2026-07-31T11:43:50.029,26.401,266,,,,0,,,,0.0324,-16.98,-0.0658,-2896.98,1,20.0,idle,+0.000,+0.000,+0.000,+0.000,1100,0,
1785512630.1279,2026-07-31T11:43:50.127,26.500,267,,,,0,,,,0.0397,-17.43,-0.0584,-2897.43,1,20.0,idle,+0.000,+0.000,+0.000,+0.000,1100,0,
1785512630.2271,2026-07-31T11:43:50.227,26.599,268,,,,0,,,,0.0391,-17.61,-0.0591,-2897.61,1,20.0,idle,+0.000,+0.000,+0.000,+0.000,1100,0,
1785512630.3267,2026-07-31T11:43:50.326,26.698,269,,,,0,,,,0.0389,-17.79,-0.0593,-2897.79,1,20.0,idle,+0.000,+0.000,+0.000,+0.000,1100,0,
1785512630.4251,2026-07-31T11:43:50.425,26.797,270,,,,0,,,,0.0425,-17.84,-0.0557,-2897.84,1,20.0,idle,+0.000,+0.000,+0.000,+0.000,1100,0,
1785512630.5237,2026-07-31T11:43:50.523,26.895,271,,,,0,,,,0.0366,-17.67,-0.0615,-2897.67,1,20.0,idle,+0.000,+0.000,+0.000,+0.000,1100,0,
1785512630.6229,2026-07-31T11:43:50.622,26.995,272,,,,0,,,,0.0418,-17.28,-0.0564,-2897.28,1,20.0,idle,+0.000,+0.000,+0.000,+0.000,1100,0,
1785512630.7223,2026-07-31T11:43:50.722,27.094,273,,,,0,,,,0.0382,-17.04,-0.0600,-2897.04,1,20.0,idle,+0.000,+0.000,+0.000,+0.000,1100,0,
1785512630.8211,2026-07-31T11:43:50.821,27.193,274,,,,0,,,,0.0405,-16.30,-0.0576,-2896.30,1,20.0,idle,+0.000,+0.000,+0.000,+0.000,1100,0,
1785512630.9208,2026-07-31T11:43:50.920,27.292,275,,,,0,,,,0.0413,-15.76,-0.0568,-2895.76,1,20.0,idle,+0.000,+0.000,+0.000,+0.000,1100,0,
1785512631.0193,2026-07-31T11:43:51.019,27.391,276,,,,0,,,,0.0429,-14.73,-0.0552,-2894.73,1,20.0,idle,+0.000,+0.000,+0.000,+0.000,1100,0,
1785512631.1185,2026-07-31T11:43:51.118,27.490,277,,,,0,,,,0.0493,-14.30,-0.0488,-2894.30,1,20.0,idle,+0.000,+0.000,+0.000,+0.000,1100,0,
1785512631.2175,2026-07-31T11:43:51.217,27.589,278,,,,0,,,,0.0460,-14.29,-0.0522,-2894.29,1,20.0,idle,+0.000,+0.000,+0.000,+0.000,1100,0,
1785512631.3164,2026-07-31T11:43:51.316,27.688,279,,,,0,,,,0.0477,-14.49,-0.0504,-2894.49,1,20.0,idle,+0.000,+0.000,+0.000,+0.000,1100,0,
1785512631.4156,2026-07-31T11:43:51.415,27.787,280,,,,0,,,,0.0405,-14.98,-0.0576,-2894.98,1,20.0,idle,+0.000,+0.000,+0.000,+0.000,1100,0,
1785512631.5142,2026-07-31T11:43:51.514,27.886,281,,,,0,,,,0.0480,-15.26,-0.0501,-2895.26,1,20.0,idle,+0.000,+0.000,+0.000,+0.000,1100,0,
1785512631.6132,2026-07-31T11:43:51.613,27.985,282,,,,0,,,,0.0442,-15.84,-0.0539,-2895.84,1,20.0,idle,+0.000,+0.000,+0.000,+0.000,1100,0,
1785512631.7124,2026-07-31T11:43:51.712,28.084,283,,,,0,,,,0.0399,-16.14,-0.0582,-2896.14,1,20.0,idle,+0.000,+0.000,+0.000,+0.000,1100,0,
1785512631.8114,2026-07-31T11:43:51.811,28.183,284,,,,0,,,,0.0413,-16.76,-0.0569,-2896.76,1,20.0,idle,+0.000,+0.000,+0.000,+0.000,1100,0,
1785512631.9100,2026-07-31T11:43:51.910,28.282,285,,,,0,,,,0.0355,-17.04,-0.0626,-2897.04,1,20.0,idle,+0.000,+0.000,+0.000,+0.000,1100,0,
1785512632.0094,2026-07-31T11:43:52.009,28.381,286,,,,0,,,,0.0355,-17.60,-0.0627,-2897.60,1,20.0,idle,+0.000,+0.000,+0.000,+0.000,1100,0,
1785512632.1086,2026-07-31T11:43:52.108,28.480,287,,,,0,,,,0.0368,-18.24,-0.0613,-2898.24,1,20.0,idle,+0.000,+0.000,+0.000,+0.000,1100,0,
1785512632.2087,2026-07-31T11:43:52.208,28.580,288,,,,0,,,,0.0333,-18.59,-0.0649,-2898.59,1,20.0,idle,+0.000,+0.000,+0.000,+0.000,1100,0,
1785512632.3076,2026-07-31T11:43:52.307,28.679,289,,,,0,,,,0.0351,-19.29,-0.0630,-2899.29,1,20.0,idle,+0.000,+0.000,+0.000,+0.000,1100,0,
1785512632.4071,2026-07-31T11:43:52.407,28.779,290,,,,0,,,,0.0365,-19.66,-0.0616,-2899.66,1,20.0,idle,+0.000,+0.000,+0.000,+0.000,1100,0,
1785512632.5066,2026-07-31T11:43:52.506,28.878,291,,,,0,,,,0.0384,-20.43,-0.0597,-2900.43,1,20.0,idle,+0.000,+0.000,+0.000,+0.000,1100,0,
1785512632.6055,2026-07-31T11:43:52.605,28.977,292,,,,0,,,,0.0381,-21.28,-0.0600,-2901.28,1,20.0,idle,+0.000,+0.000,+0.000,+0.000,1100,0,
1785512632.7046,2026-07-31T11:43:52.704,29.076,293,,,,0,,,,0.0314,-21.73,-0.0668,-2901.73,1,20.0,idle,+0.000,+0.000,+0.000,+0.000,1100,0,
1785512632.8035,2026-07-31T11:43:52.803,29.175,294,,,,0,,,,0.0403,-22.20,-0.0579,-2902.20,1,20.0,idle,+0.000,+0.000,+0.000,+0.000,1100,0,
1785512632.9029,2026-07-31T11:43:52.902,29.275,295,,,,0,,,,0.0436,-22.04,-0.0545,-2902.04,1,20.0,idle,+0.000,+0.000,+0.000,+0.000,1100,0,
1785512633.0038,2026-07-31T11:43:53.003,29.376,296,,,,0,,,,0.0447,-21.16,-0.0535,-2901.16,1,20.0,idle,+0.000,+0.000,+0.000,+0.000,1100,0,
1785512633.1024,2026-07-31T11:43:53.102,29.474,297,,,,0,,,,0.0432,-20.23,-0.0550,-2900.23,1,20.0,idle,+0.000,+0.000,+0.000,+0.000,1100,0,
1785512633.2018,2026-07-31T11:43:53.201,29.574,298,,,,0,,,,0.0491,-19.92,-0.0491,-2899.92,1,20.0,idle,+0.000,+0.000,+0.000,+0.000,1100,0,
1785512633.3014,2026-07-31T11:43:53.301,29.673,299,,,,0,,,,0.0482,-19.49,-0.0500,-2899.49,1,20.0,idle,+0.000,+0.000,+0.000,+0.000,1100,0,
1785512633.4011,2026-07-31T11:43:53.401,29.773,300,,,,0,,,,0.0486,-19.35,-0.0495,-2899.35,1,20.0,idle,+0.000,+0.000,+0.000,+0.000,1100,0,
1785512633.5006,2026-07-31T11:43:53.500,29.872,301,,,,0,,,,0.0465,-19.17,-0.0517,-2899.17,1,20.0,idle,+0.000,+0.000,+0.000,+0.000,1100,0,
1785512633.5995,2026-07-31T11:43:53.599,29.971,302,,,,0,,,,0.0473,-19.12,-0.0508,-2899.12,1,20.0,idle,+0.000,+0.000,+0.000,+0.000,1100,0,
1785512633.6983,2026-07-31T11:43:53.698,30.070,303,,,,0,,,,0.0449,-19.15,-0.0533,-2899.15,1,20.0,idle,+0.000,+0.000,+0.000,+0.000,1100,0,
1785512633.7994,2026-07-31T11:43:53.799,30.171,304,,,,0,,,,0.0428,-19.36,-0.0553,-2899.36,1,20.0,idle,+0.000,+0.000,+0.000,+0.000,1100,0,
1785512633.8988,2026-07-31T11:43:53.898,30.271,305,,,,0,,,,0.0433,-19.54,-0.0549,-2899.54,1,20.0,idle,+0.000,+0.000,+0.000,+0.000,1100,0,
1785512633.9981,2026-07-31T11:43:53.998,30.370,306,,,,0,,,,0.0363,-19.97,-0.0618,-2899.97,1,20.0,idle,+0.000,+0.000,+0.000,+0.000,1100,0,
1785512634.0972,2026-07-31T11:43:54.097,30.469,307,,,,0,,,,0.0402,-20.21,-0.0580,-2900.21,1,20.0,idle,+0.000,+0.000,+0.000,+0.000,1100,0,
1785512634.1980,2026-07-31T11:43:54.197,30.570,308,,,,0,,,,0.0312,-20.66,-0.0669,-2900.66,1,20.0,idle,+0.000,+0.000,+0.000,+0.000,1100,0,
1785512634.2978,2026-07-31T11:43:54.297,30.669,309,,,,0,,,,0.0299,-21.00,-0.0682,-2901.00,1,20.0,idle,+0.000,+0.000,+0.000,+0.000,1100,0,
1785512634.3961,2026-07-31T11:43:54.396,30.768,310,,,,0,,,,0.0284,-21.16,-0.0698,-2901.16,1,20.0,idle,+0.000,+0.000,+0.000,+0.000,1100,0,
1785512634.4952,2026-07-31T11:43:54.495,30.867,311,,,,0,,,,0.0267,-21.46,-0.0714,-2901.46,1,20.0,idle,+0.000,+0.000,+0.000,+0.000,1100,0,
1785512634.5950,2026-07-31T11:43:54.594,30.967,312,,,,0,,,,0.0270,-21.63,-0.0711,-2901.63,1,20.0,idle,+0.000,+0.000,+0.000,+0.000,1100,0,
1785512634.6961,2026-07-31T11:43:54.696,31.068,313,,,,0,,,,0.0269,-21.96,-0.0713,-2901.96,1,20.0,idle,+0.000,+0.000,+0.000,+0.000,1100,0,
1785512634.7957,2026-07-31T11:43:54.795,31.167,314,,,,0,,,,0.0231,-21.74,-0.0751,-2901.74,1,20.0,idle,+0.000,+0.000,+0.000,+0.000,1100,0,
1785512634.8946,2026-07-31T11:43:54.894,31.266,315,,,,0,,,,0.0270,-21.42,-0.0712,-2901.42,1,20.0,idle,+0.000,+0.000,+0.000,+0.000,1100,0,
1785512634.9937,2026-07-31T11:43:54.993,31.365,316,,,,0,,,,0.0274,-20.38,-0.0707,-2900.38,1,20.0,idle,+0.000,+0.000,+0.000,+0.000,1100,0,
1785512635.0926,2026-07-31T11:43:55.092,31.464,317,,,,0,,,,0.0283,-19.78,-0.0698,-2899.78,1,20.0,idle,+0.000,+0.000,+0.000,+0.000,1100,0,
1785512635.1912,2026-07-31T11:43:55.191,31.563,318,,,,0,,,,0.0291,-18.77,-0.0691,-2898.77,1,20.0,idle,+0.000,+0.000,+0.000,+0.000,1100,0,
1785512635.2906,2026-07-31T11:43:55.290,31.662,319,,,,0,,,,0.0265,-18.02,-0.0716,-2898.02,1,20.0,idle,+0.000,+0.000,+0.000,+0.000,1100,0,
1785512635.3896,2026-07-31T11:43:55.389,31.761,320,,,,0,,,,0.0294,-17.66,-0.0687,-2897.66,1,20.0,idle,+0.000,+0.000,+0.000,+0.000,1100,0,
1785512635.4878,2026-07-31T11:43:55.487,31.859,321,,,,0,,,,0.0275,-17.30,-0.0707,-2897.30,1,20.0,idle,+0.000,+0.000,+0.000,+0.000,1100,0,
1785512635.5866,2026-07-31T11:43:55.586,31.958,322,,,,0,,,,0.0285,-17.28,-0.0696,-2897.28,1,20.0,idle,+0.000,+0.000,+0.000,+0.000,1100,0,
1785512635.6865,2026-07-31T11:43:55.686,32.058,323,,,,0,,,,0.0210,-17.34,-0.0772,-2897.34,1,20.0,idle,+0.000,+0.000,+0.000,+0.000,1100,0,
1785512635.7860,2026-07-31T11:43:55.785,32.158,324,,,,0,,,,0.0225,-17.52,-0.0756,-2897.52,1,20.0,idle,+0.000,+0.000,+0.000,+0.000,1100,0,
1785512635.8850,2026-07-31T11:43:55.885,32.257,325,,,,0,,,,0.0217,-17.69,-0.0764,-2897.69,1,20.0,idle,+0.000,+0.000,+0.000,+0.000,1100,0,
1785512635.9859,2026-07-31T11:43:55.985,32.358,326,,,,0,,,,0.0183,-18.05,-0.0798,-2898.05,1,20.0,idle,+0.000,+0.000,+0.000,+0.000,1100,0,
1785512636.0842,2026-07-31T11:43:56.084,32.456,327,,,,0,,,,0.0173,-18.25,-0.0808,-2898.25,1,20.0,idle,+0.000,+0.000,+0.000,+0.000,1100,0,
1785512636.1841,2026-07-31T11:43:56.184,32.556,328,,,,0,,,,0.0170,-18.58,-0.0811,-2898.58,1,20.0,idle,+0.000,+0.000,+0.000,+0.000,1100,0,
1785512636.2836,2026-07-31T11:43:56.283,32.655,329,,,,0,,,,0.0154,-18.70,-0.0828,-2898.70,1,20.0,idle,+0.000,+0.000,+0.000,+0.000,1100,0,
1785512636.3827,2026-07-31T11:43:56.382,32.754,330,,,,0,,,,0.0132,-18.79,-0.0850,-2898.79,1,20.0,idle,+0.000,+0.000,+0.000,+0.000,1100,0,
1785512636.4815,2026-07-31T11:43:56.481,32.853,331,,,,0,,,,0.0142,-18.88,-0.0840,-2898.88,1,20.0,idle,+0.000,+0.000,+0.000,+0.000,1100,0,
1785512636.5808,2026-07-31T11:43:56.580,32.952,332,,,,0,,,,0.0148,-18.97,-0.0833,-2898.97,1,20.0,idle,+0.000,+0.000,+0.000,+0.000,1100,0,
1785512636.6812,2026-07-31T11:43:56.681,33.053,333,,,,0,,,,0.0128,-19.23,-0.0853,-2899.23,1,20.0,idle,+0.000,+0.000,+0.000,+0.000,1100,0,
1785512636.7805,2026-07-31T11:43:56.780,33.152,334,,,,0,,,,0.0127,-19.39,-0.0855,-2899.39,1,20.0,idle,+0.000,+0.000,+0.000,+0.000,1100,0,
1785512636.8794,2026-07-31T11:43:56.879,33.251,335,,,,0,,,,0.0092,-19.71,-0.0889,-2899.71,1,20.0,idle,+0.000,+0.000,+0.000,+0.000,1100,0,
1785512636.9782,2026-07-31T11:43:56.978,33.350,336,,,,0,,,,0.0063,-19.84,-0.0918,-2899.84,1,20.0,idle,+0.000,+0.000,+0.000,+0.000,1100,0,
1785512637.0790,2026-07-31T11:43:57.079,33.451,337,,,,0,,,,0.0040,-20.09,-0.0941,-2900.09,1,20.0,idle,+0.000,+0.000,+0.000,+0.000,1100,0,
1785512637.1776,2026-07-31T11:43:57.177,33.549,338,,,,0,,,,0.0086,-20.36,-0.0896,-2900.36,1,20.0,idle,+0.000,+0.000,+0.000,+0.000,1100,0,
1785512637.2765,2026-07-31T11:43:57.276,33.648,339,,,,0,,,,0.0065,-20.51,-0.0916,-2900.51,1,20.0,idle,+0.000,+0.000,+0.000,+0.000,1100,0,
1785512637.3757,2026-07-31T11:43:57.375,33.747,340,,,,0,,,,0.0076,-20.79,-0.0905,-2900.79,1,20.0,idle,+0.000,+0.000,+0.000,+0.000,1100,0,
1785512637.4745,2026-07-31T11:43:57.474,33.846,341,,,,0,,,,0.0041,-20.97,-0.0941,-2900.97,1,20.0,idle,+0.000,+0.000,+0.000,+0.000,1100,0,
1785512637.5745,2026-07-31T11:43:57.574,33.946,342,,,,0,,,,0.0025,-21.40,-0.0957,-2901.40,1,20.0,idle,+0.000,+0.000,+0.000,+0.000,1100,0,
1785512637.6738,2026-07-31T11:43:57.673,34.045,343,,,,0,,,,0.0038,-21.91,-0.0944,-2901.91,1,20.0,idle,+0.000,+0.000,+0.000,+0.000,1100,0,
1785512637.7728,2026-07-31T11:43:57.772,34.144,344,,,,0,,,,0.0024,-22.20,-0.0957,-2902.20,1,20.0,idle,+0.000,+0.000,+0.000,+0.000,1100,0,
1785512637.8718,2026-07-31T11:43:57.871,34.244,345,,,,0,,,,0.0038,-22.88,-0.0943,-2902.88,1,20.0,idle,+0.000,+0.000,+0.000,+0.000,1100,0,
1785512637.9707,2026-07-31T11:43:57.970,34.342,346,,,,0,,,,0.0037,-23.22,-0.0944,-2903.22,1,20.0,idle,+0.000,+0.000,+0.000,+0.000,1100,0,
1785512638.0703,2026-07-31T11:43:58.070,34.442,347,,,,0,,,,0.0018,-23.87,-0.0963,-2903.87,1,20.0,idle,+0.000,+0.000,+0.000,+0.000,1100,0,
1785512638.1694,2026-07-31T11:43:58.169,34.541,348,,,,0,,,,0.0016,-24.47,-0.0965,-2904.47,1,20.0,idle,+0.000,+0.000,+0.000,+0.000,1100,0,
1785512638.2685,2026-07-31T11:43:58.268,34.640,349,,,,0,,,,0.0063,-24.75,-0.0919,-2904.75,1,20.0,idle,+0.000,+0.000,+0.000,+0.000,1100,0,
1785512638.3675,2026-07-31T11:43:58.367,34.739,350,,,,0,,,,-0.0015,-25.18,-0.0996,-2905.18,1,20.0,idle,+0.000,+0.000,+0.000,+0.000,1100,0,
1785512638.4664,2026-07-31T11:43:58.466,34.838,351,,,,0,,,,0.0010,-25.34,-0.0971,-2905.34,1,20.0,idle,+0.000,+0.000,+0.000,+0.000,1100,0,
1785512638.5658,2026-07-31T11:43:58.565,34.937,352,,,,0,,,,0.0029,-25.65,-0.0953,-2905.65,1,20.0,idle,+0.000,+0.000,+0.000,+0.000,1100,0,
1785512638.6644,2026-07-31T11:43:58.664,35.036,353,,,,0,,,,0.0086,-25.88,-0.0896,-2905.88,1,20.0,idle,+0.000,+0.000,+0.000,+0.000,1100,0,
1785512638.7637,2026-07-31T11:43:58.763,35.135,354,,,,0,,,,0.0094,-25.96,-0.0888,-2905.96,1,20.0,idle,+0.000,+0.000,+0.000,+0.000,1100,0,
1785512638.8626,2026-07-31T11:43:58.862,35.234,355,,,,0,,,,0.0090,-26.09,-0.0891,-2906.09,1,20.0,idle,+0.000,+0.000,+0.000,+0.000,1100,0,
1785512638.9617,2026-07-31T11:43:58.961,35.333,356,,,,0,,,,0.0145,-26.16,-0.0837,-2906.16,1,20.0,idle,+0.000,+0.000,+0.000,+0.000,1100,0,
1785512639.0617,2026-07-31T11:43:59.061,35.433,357,,,,0,,,,0.0116,-26.38,-0.0865,-2906.38,1,20.0,idle,+0.000,+0.000,+0.000,+0.000,1100,0,
1785512639.1610,2026-07-31T11:43:59.161,35.533,358,,,,0,,,,0.0135,-26.67,-0.0847,-2906.67,1,20.0,idle,+0.000,+0.000,+0.000,+0.000,1100,0,
1785512639.2608,2026-07-31T11:43:59.260,35.633,359,,,,0,,,,0.0162,-26.85,-0.0820,-2906.85,1,20.0,idle,+0.000,+0.000,+0.000,+0.000,1100,0,
1785512639.3599,2026-07-31T11:43:59.359,35.732,360,,,,0,,,,0.0122,-27.18,-0.0859,-2907.18,1,20.0,idle,+0.000,+0.000,+0.000,+0.000,1100,0,
1785512639.4582,2026-07-31T11:43:59.458,35.830,361,,,,0,,,,0.0159,-27.27,-0.0822,-2907.27,1,20.0,idle,+0.000,+0.000,+0.000,+0.000,1100,0,
1785512639.5578,2026-07-31T11:43:59.557,35.930,362,,,,0,,,,0.0188,-27.23,-0.0793,-2907.23,1,20.0,idle,+0.000,+0.000,+0.000,+0.000,1100,0,
1785512639.6574,2026-07-31T11:43:59.657,36.029,363,,,,0,,,,0.0194,-27.10,-0.0787,-2907.10,1,20.0,idle,+0.000,+0.000,+0.000,+0.000,1100,0,
1785512639.7564,2026-07-31T11:43:59.756,36.128,364,,,,0,,,,0.0225,-26.87,-0.0756,-2906.87,1,20.0,idle,+0.000,+0.000,+0.000,+0.000,1100,0,
1785512639.8557,2026-07-31T11:43:59.855,36.227,365,,,,0,,,,0.0179,-26.85,-0.0802,-2906.85,1,20.0,idle,+0.000,+0.000,+0.000,+0.000,1100,0,
1785512639.9571,2026-07-31T11:43:59.957,36.329,366,,,,0,,,,0.0209,-26.90,-0.0772,-2906.90,1,20.0,idle,+0.000,+0.000,+0.000,+0.000,1100,0,
1785512640.0571,2026-07-31T11:44:00.057,36.429,367,,,,0,,,,0.0188,-26.44,-0.0793,-2906.44,1,20.0,idle,+0.000,+0.000,+0.000,+0.000,1100,0,
1785512640.1564,2026-07-31T11:44:00.156,36.528,368,,,,0,,,,0.0223,-25.95,-0.0758,-2905.95,1,20.0,idle,+0.000,+0.000,+0.000,+0.000,1100,0,
1785512640.2561,2026-07-31T11:44:00.256,36.628,369,,,,0,,,,0.0192,-24.57,-0.0790,-2904.57,1,20.0,idle,+0.000,+0.000,+0.000,+0.000,1100,0,
1785512640.3544,2026-07-31T11:44:00.354,36.726,370,,,,0,,,,0.0160,-23.06,-0.0821,-2903.06,1,20.0,idle,+0.000,+0.000,+0.000,+0.000,1100,0,
1785512640.4532,2026-07-31T11:44:00.453,36.825,371,,,,0,,,,0.0149,-22.39,-0.0833,-2902.39,1,20.0,idle,+0.000,+0.000,+0.000,+0.000,1100,0,
1785512640.5527,2026-07-31T11:44:00.552,36.924,372,,,,0,,,,0.0142,-21.36,-0.0839,-2901.36,1,20.0,idle,+0.000,+0.000,+0.000,+0.000,1100,0,
1785512640.6518,2026-07-31T11:44:00.651,37.023,373,,,,0,,,,0.0145,-21.01,-0.0836,-2901.01,1,20.0,idle,+0.000,+0.000,+0.000,+0.000,1100,0,
1785512640.7506,2026-07-31T11:44:00.750,37.122,374,,,,0,,,,0.0094,-20.62,-0.0888,-2900.62,1,20.0,idle,+0.000,+0.000,+0.000,+0.000,1100,0,
1785512640.8496,2026-07-31T11:44:00.849,37.221,375,,,,0,,,,0.0135,-20.44,-0.0847,-2900.44,1,20.0,idle,+0.000,+0.000,+0.000,+0.000,1100,0,
1785512640.9488,2026-07-31T11:44:00.948,37.320,376,,,,0,,,,0.0079,-20.00,-0.0902,-2900.00,1,20.0,idle,+0.000,+0.000,+0.000,+0.000,1100,0,
1785512641.0472,2026-07-31T11:44:01.047,37.419,377,,,,0,,,,0.0092,-19.70,-0.0889,-2899.70,1,20.0,idle,+0.000,+0.000,+0.000,+0.000,1100,0,
1785512641.1463,2026-07-31T11:44:01.146,37.518,378,,,,0,,,,0.0079,-19.62,-0.0902,-2899.62,1,20.0,idle,+0.000,+0.000,+0.000,+0.000,1100,0,
1785512641.2454,2026-07-31T11:44:01.245,37.617,379,,,,0,,,,0.0120,-19.56,-0.0862,-2899.56,1,20.0,idle,+0.000,+0.000,+0.000,+0.000,1100,0,
1785512641.3460,2026-07-31T11:44:01.346,37.718,380,,,,0,,,,0.0083,-19.56,-0.0899,-2899.56,1,20.0,idle,+0.000,+0.000,+0.000,+0.000,1100,0,
1785512641.4448,2026-07-31T11:44:01.444,37.816,381,,,,0,,,,0.0060,-19.54,-0.0921,-2899.54,1,20.0,idle,+0.000,+0.000,+0.000,+0.000,1100,0,
1785512641.5447,2026-07-31T11:44:01.544,37.916,382,,,,0,,,,0.0089,-19.60,-0.0893,-2899.60,1,20.0,idle,+0.000,+0.000,+0.000,+0.000,1100,0,
1785512641.6439,2026-07-31T11:44:01.643,38.016,383,,,,0,,,,0.0129,-19.69,-0.0852,-2899.69,1,20.0,idle,+0.000,+0.000,+0.000,+0.000,1100,0,
1785512641.7426,2026-07-31T11:44:01.742,38.114,384,,,,0,,,,0.0140,-19.96,-0.0841,-2899.96,1,20.0,idle,+0.000,+0.000,+0.000,+0.000,1100,0,
1785512641.8416,2026-07-31T11:44:01.841,38.213,385,,,,0,,,,0.0201,-20.21,-0.0781,-2900.21,1,20.0,idle,+0.000,+0.000,+0.000,+0.000,1100,0,
1785512641.9417,2026-07-31T11:44:01.941,38.313,386,,,,0,,,,0.0132,-20.29,-0.0850,-2900.29,1,20.0,idle,+0.000,+0.000,+0.000,+0.000,1100,0,
1785512642.0412,2026-07-31T11:44:02.041,38.413,387,,,,0,,,,0.0184,-20.38,-0.0797,-2900.38,1,20.0,idle,+0.000,+0.000,+0.000,+0.000,1100,0,
1785512642.1423,2026-07-31T11:44:02.142,38.514,388,,,,0,,,,0.0191,-20.28,-0.0790,-2900.28,1,20.0,idle,+0.000,+0.000,+0.000,+0.000,1100,0,
1785512642.2436,2026-07-31T11:44:02.243,38.615,389,,,,0,,,,0.0257,-20.11,-0.0725,-2900.11,1,20.0,idle,+0.000,+0.000,+0.000,+0.000,1100,0,
1785512642.3434,2026-07-31T11:44:02.343,38.715,390,,,,0,,,,0.0288,-20.09,-0.0694,-2900.09,1,20.0,idle,+0.000,+0.000,+0.000,+0.000,1100,0,
1785512642.4425,2026-07-31T11:44:02.442,38.814,391,,,,0,,,,0.0245,-20.13,-0.0737,-2900.13,1,20.0,idle,+0.000,+0.000,+0.000,+0.000,1100,0,
1785512642.5426,2026-07-31T11:44:02.542,38.914,392,,,,0,,,,0.0270,-20.41,-0.0711,-2900.41,1,20.0,idle,+0.000,+0.000,+0.000,+0.000,1100,0,
1785512642.6418,2026-07-31T11:44:02.641,39.014,393,,,,0,,,,0.0295,-20.66,-0.0686,-2900.66,1,20.0,idle,+0.000,+0.000,+0.000,+0.000,1100,0,
1785512642.7407,2026-07-31T11:44:02.740,39.112,394,,,,0,,,,0.0241,-21.30,-0.0740,-2901.30,1,20.0,idle,+0.000,+0.000,+0.000,+0.000,1100,0,
1785512642.8403,2026-07-31T11:44:02.840,39.212,395,,,,0,,,,0.0226,-21.63,-0.0755,-2901.63,1,20.0,idle,+0.000,+0.000,+0.000,+0.000,1100,0,
1785512642.9396,2026-07-31T11:44:02.939,39.311,396,,,,0,,,,0.0232,-22.31,-0.0749,-2902.31,1,20.0,idle,+0.000,+0.000,+0.000,+0.000,1100,0,
1785512643.0388,2026-07-31T11:44:03.038,39.410,397,,,,0,,,,0.0193,-23.04,-0.0789,-2903.04,1,20.0,idle,+0.000,+0.000,+0.000,+0.000,1100,0,
1785512643.1374,2026-07-31T11:44:03.137,39.509,398,,,,0,,,,0.0184,-23.42,-0.0798,-2903.42,1,20.0,idle,+0.000,+0.000,+0.000,+0.000,1100,0,
1785512643.2367,2026-07-31T11:44:03.236,39.608,399,,,,0,,,,0.0120,-24.18,-0.0862,-2904.18,1,20.0,idle,+0.000,+0.000,+0.000,+0.000,1100,0,
1785512643.3361,2026-07-31T11:44:03.336,39.708,400,,,,0,,,,0.0135,-24.54,-0.0847,-2904.54,1,20.0,idle,+0.000,+0.000,+0.000,+0.000,1100,0,
1785512643.4372,2026-07-31T11:44:03.437,39.809,401,,,,0,,,,0.0125,-25.25,-0.0856,-2905.25,1,20.0,idle,+0.000,+0.000,+0.000,+0.000,1100,0,
1785512643.5372,2026-07-31T11:44:03.537,39.909,402,,,,0,,,,0.0073,-25.61,-0.0908,-2905.61,1,20.0,idle,+0.000,+0.000,+0.000,+0.000,1100,0,
1785512643.6366,2026-07-31T11:44:03.636,40.008,403,,,,0,,,,0.0027,-26.36,-0.0955,-2906.36,1,20.0,idle,+0.000,+0.000,+0.000,+0.000,1100,0,
1785512643.7358,2026-07-31T11:44:03.735,40.107,404,,,,0,,,,0.0041,-27.11,-0.0940,-2907.11,1,20.0,idle,+0.000,+0.000,+0.000,+0.000,1100,0,
1785512643.8348,2026-07-31T11:44:03.834,40.207,405,,,,0,,,,-0.0026,-27.50,-0.1008,-2907.50,1,20.0,idle,+0.000,+0.000,+0.000,+0.000,1100,0,
1785512643.9334,2026-07-31T11:44:03.933,40.305,406,,,,0,,,,0.0016,-28.24,-0.0965,-2908.24,1,20.0,idle,+0.000,+0.000,+0.000,+0.000,1100,0,
1785512644.0328,2026-07-31T11:44:04.032,40.404,407,,,,0,,,,-0.0002,-28.60,-0.0983,-2908.60,1,20.0,idle,+0.000,+0.000,+0.000,+0.000,1100,0,
1785512644.1317,2026-07-31T11:44:04.131,40.503,408,,,,0,,,,-0.0002,-29.39,-0.0983,-2909.39,1,20.0,idle,+0.000,+0.000,+0.000,+0.000,1100,0,
1785512644.2317,2026-07-31T11:44:04.231,40.603,409,,,,0,,,,-0.0064,-30.25,-0.1045,-2910.25,1,20.0,idle,+0.000,+0.000,+0.000,+0.000,1100,0,
1785512644.3308,2026-07-31T11:44:04.330,40.702,410,,,,0,,,,-0.0096,-30.59,-0.1077,-2910.59,1,20.0,idle,+0.000,+0.000,+0.000,+0.000,1100,0,
1785512644.4297,2026-07-31T11:44:04.429,40.801,411,,,,0,,,,-0.0071,-30.98,-0.1053,-2910.98,1,20.0,idle,+0.000,+0.000,+0.000,+0.000,1100,0,
1785512644.5287,2026-07-31T11:44:04.528,40.900,412,,,,0,,,,-0.0090,-30.98,-0.1071,-2910.98,1,20.0,idle,+0.000,+0.000,+0.000,+0.000,1100,0,
1785512644.6277,2026-07-31T11:44:04.627,40.999,413,,,,0,,,,-0.0072,-30.59,-0.1054,-2910.59,1,20.0,idle,+0.000,+0.000,+0.000,+0.000,1100,0,
1785512644.7270,2026-07-31T11:44:04.727,41.099,414,,,,0,,,,-0.0003,-29.53,-0.0985,-2909.53,1,20.0,idle,+0.000,+0.000,+0.000,+0.000,1100,0,
1785512644.8263,2026-07-31T11:44:04.826,41.198,415,,,,0,,,,-0.0060,-28.79,-0.1041,-2908.79,1,20.0,idle,+0.000,+0.000,+0.000,+0.000,1100,0,
1785512644.9262,2026-07-31T11:44:04.926,41.298,416,,,,0,,,,-0.0073,-27.07,-0.1055,-2907.07,1,20.0,idle,+0.000,+0.000,+0.000,+0.000,1100,0,
1785512645.0252,2026-07-31T11:44:05.025,41.397,417,,,,0,,,,-0.0073,-26.15,-0.1054,-2906.15,1,20.0,idle,+0.000,+0.000,+0.000,+0.000,1100,0,
1785512645.1247,2026-07-31T11:44:05.124,41.496,418,,,,0,,,,-0.0060,-24.19,-0.1041,-2904.19,1,20.0,idle,+0.000,+0.000,+0.000,+0.000,1100,0,
1785512645.2239,2026-07-31T11:44:05.223,41.596,419,,,,0,,,,-0.0016,-22.24,-0.0998,-2902.24,1,20.0,idle,+0.000,+0.000,+0.000,+0.000,1100,0,
1785512645.3232,2026-07-31T11:44:05.323,41.695,420,,,,0,,,,0.0020,-21.44,-0.0962,-2901.44,1,20.0,idle,+0.000,+0.000,+0.000,+0.000,1100,0,
1785512645.4224,2026-07-31T11:44:05.422,41.794,421,,,,0,,,,0.0056,-20.26,-0.0925,-2900.26,1,20.0,idle,+0.000,+0.000,+0.000,+0.000,1100,0,
1785512645.5238,2026-07-31T11:44:05.523,41.895,422,,,,0,,,,0.0078,-19.76,-0.0903,-2899.76,1,20.0,idle,+0.000,+0.000,+0.000,+0.000,1100,0,
1785512645.6233,2026-07-31T11:44:05.623,41.995,423,,,,0,,,,0.0086,-19.28,-0.0895,-2899.28,1,20.0,idle,+0.000,+0.000,+0.000,+0.000,1100,0,
1785512645.7243,2026-07-31T11:44:05.724,42.096,424,,,,0,,,,0.0080,-19.08,-0.0902,-2899.08,1,20.0,idle,+0.000,+0.000,+0.000,+0.000,1100,0,
1785512645.8256,2026-07-31T11:44:05.825,42.197,425,,,,0,,,,0.0057,-19.00,-0.0925,-2899.00,1,20.0,idle,+0.000,+0.000,+0.000,+0.000,1100,0,
1785512645.9253,2026-07-31T11:44:05.925,42.297,426,,,,0,,,,0.0088,-19.13,-0.0894,-2899.13,1,20.0,idle,+0.000,+0.000,+0.000,+0.000,1100,0,
1785512646.0241,2026-07-31T11:44:06.024,42.396,427,,,,0,,,,0.0032,-19.36,-0.0950,-2899.36,1,20.0,idle,+0.000,+0.000,+0.000,+0.000,1100,0,
1785512646.1234,2026-07-31T11:44:06.123,42.495,428,,,,0,,,,0.0044,-19.95,-0.0938,-2899.95,1,20.0,idle,+0.000,+0.000,+0.000,+0.000,1100,0,
1785512646.2243,2026-07-31T11:44:06.224,42.596,429,,,,0,,,,0.0142,-20.12,-0.0839,-2900.12,1,20.0,idle,+0.000,+0.000,+0.000,+0.000,1100,0,
1785512646.3231,2026-07-31T11:44:06.323,42.695,430,,,,0,,,,0.0128,-19.77,-0.0854,-2899.77,1,20.0,idle,+0.000,+0.000,+0.000,+0.000,1100,0,
1785512646.4215,2026-07-31T11:44:06.421,42.793,431,,,,0,,,,0.0166,-18.08,-0.0816,-2898.08,1,20.0,idle,+0.000,+0.000,+0.000,+0.000,1100,0,
1785512646.5210,2026-07-31T11:44:06.521,42.893,432,,,,0,,,,0.0165,-17.05,-0.0816,-2897.05,1,20.0,idle,+0.000,+0.000,+0.000,+0.000,1100,0,
1785512646.6202,2026-07-31T11:44:06.620,42.992,433,,,,0,,,,0.0143,-14.72,-0.0838,-2894.72,1,20.0,idle,+0.000,+0.000,+0.000,+0.000,1100,0,
1785512646.7189,2026-07-31T11:44:06.718,43.091,434,,,,0,,,,0.0175,-13.75,-0.0807,-2893.75,1,20.0,idle,+0.000,+0.000,+0.000,+0.000,1100,0,
1785512646.8175,2026-07-31T11:44:06.817,43.189,435,,,,0,,,,0.0189,-12.45,-0.0792,-2892.45,1,20.0,idle,+0.000,+0.000,+0.000,+0.000,1100,0,
1785512646.9166,2026-07-31T11:44:06.916,43.288,436,,,,0,,,,0.0198,-12.26,-0.0783,-2892.26,1,20.0,idle,+0.000,+0.000,+0.000,+0.000,1100,0,
1785512647.0159,2026-07-31T11:44:07.015,43.388,437,,,,0,,,,0.0214,-12.64,-0.0767,-2892.64,1,20.0,idle,+0.000,+0.000,+0.000,+0.000,1100,0,
1785512647.1152,2026-07-31T11:44:07.115,43.487,438,,,,0,,,,0.0205,-13.63,-0.0776,-2893.63,1,20.0,idle,+0.000,+0.000,+0.000,+0.000,1100,0,
1785512647.2138,2026-07-31T11:44:07.213,43.586,439,,,,0,,,,0.0199,-14.06,-0.0783,-2894.06,1,20.0,idle,+0.000,+0.000,+0.000,+0.000,1100,0,
1785512647.3127,2026-07-31T11:44:07.312,43.684,440,,,,0,,,,0.0128,-14.82,-0.0853,-2894.82,1,20.0,idle,+0.000,+0.000,+0.000,+0.000,1100,0,
1785512647.4119,2026-07-31T11:44:07.411,43.784,441,,,,0,,,,0.0172,-15.55,-0.0809,-2895.55,1,20.0,idle,+0.000,+0.000,+0.000,+0.000,1100,0,
1785512647.5116,2026-07-31T11:44:07.511,43.883,442,,,,0,,,,0.0185,-15.83,-0.0797,-2895.83,1,20.0,idle,+0.000,+0.000,+0.000,+0.000,1100,0,
1785512647.6114,2026-07-31T11:44:07.611,43.983,443,,,,0,,,,0.0122,-16.45,-0.0859,-2896.45,1,20.0,idle,+0.000,+0.000,+0.000,+0.000,1100,0,
1785512647.7124,2026-07-31T11:44:07.712,44.084,444,,,,0,,,,0.0170,-16.85,-0.0811,-2896.85,1,20.0,idle,+0.000,+0.000,+0.000,+0.000,1100,0,
1785512647.8136,2026-07-31T11:44:07.813,44.185,445,,,,0,,,,0.0093,-17.87,-0.0888,-2897.87,1,20.0,idle,+0.000,+0.000,+0.000,+0.000,1100,0,
1785512647.9130,2026-07-31T11:44:07.913,44.285,446,,,,0,,,,0.0135,-18.83,-0.0847,-2898.83,1,20.0,idle,+0.000,+0.000,+0.000,+0.000,1100,0,
1785512648.0118,2026-07-31T11:44:08.011,44.383,447,,,,0,,,,0.0104,-19.05,-0.0878,-2899.05,1,20.0,idle,+0.000,+0.000,+0.000,+0.000,1100,0,
1785512648.1108,2026-07-31T11:44:08.110,44.482,448,,,,0,,,,0.0136,-19.02,-0.0846,-2899.02,1,20.0,idle,+0.000,+0.000,+0.000,+0.000,1100,0,
1785512648.2105,2026-07-31T11:44:08.210,44.582,449,,,,0,,,,0.0142,-18.91,-0.0839,-2898.91,1,20.0,idle,+0.000,+0.000,+0.000,+0.000,1100,0,
1785512648.3097,2026-07-31T11:44:08.309,44.681,450,,,,0,,,,0.0163,-18.81,-0.0818,-2898.81,1,20.0,idle,+0.000,+0.000,+0.000,+0.000,1100,0,
1785512648.4092,2026-07-31T11:44:08.409,44.781,451,,,,0,,,,0.0097,-19.30,-0.0884,-2899.30,1,20.0,idle,+0.000,+0.000,+0.000,+0.000,1100,0,
1785512648.5103,2026-07-31T11:44:08.510,44.882,452,,,,0,,,,0.0151,-19.94,-0.0831,-2899.94,1,20.0,idle,+0.000,+0.000,+0.000,+0.000,1100,0,
1785512648.6092,2026-07-31T11:44:08.609,44.981,453,,,,0,,,,0.0144,-21.62,-0.0837,-2901.62,1,20.0,idle,+0.000,+0.000,+0.000,+0.000,1100,0,
1785512648.7098,2026-07-31T11:44:08.709,45.082,454,,,,0,,,,0.0190,-22.32,-0.0792,-2902.32,1,20.0,idle,+0.000,+0.000,+0.000,+0.000,1100,0,
1785512648.8104,2026-07-31T11:44:08.810,45.182,455,,,,0,,,,0.0203,-23.36,-0.0778,-2903.36,1,20.0,idle,+0.000,+0.000,+0.000,+0.000,1100,0,
1785512648.9097,2026-07-31T11:44:08.909,45.281,456,,,,0,,,,0.0191,-23.81,-0.0790,-2903.81,1,20.0,idle,+0.000,+0.000,+0.000,+0.000,1100,0,
1785512649.0094,2026-07-31T11:44:09.009,45.381,457,,,,0,,,,0.0256,-25.00,-0.0726,-2905.00,1,20.0,idle,+0.000,+0.000,+0.000,+0.000,1100,0,
1785512649.1090,2026-07-31T11:44:09.108,45.481,458,,,,0,,,,0.0247,-26.44,-0.0735,-2906.44,1,20.0,idle,+0.000,+0.000,+0.000,+0.000,1100,0,
1785512649.2076,2026-07-31T11:44:09.207,45.579,459,,,,0,,,,0.0162,-27.24,-0.0820,-2907.24,1,20.0,idle,+0.000,+0.000,+0.000,+0.000,1100,0,
1785512649.3067,2026-07-31T11:44:09.306,45.678,460,,,,0,,,,0.0192,-28.91,-0.0789,-2908.91,1,20.0,idle,+0.000,+0.000,+0.000,+0.000,1100,0,
1785512649.4059,2026-07-31T11:44:09.405,45.778,461,,,,0,,,,0.0213,-29.78,-0.0768,-2909.78,1,20.0,idle,+0.000,+0.000,+0.000,+0.000,1100,0,
1785512649.5046,2026-07-31T11:44:09.504,45.876,462,,,,0,,,,0.0116,-31.55,-0.0865,-2911.55,1,20.0,idle,+0.000,+0.000,+0.000,+0.000,1100,0,
1785512649.6047,2026-07-31T11:44:09.604,45.976,463,,,,0,,,,0.0161,-32.39,-0.0820,-2912.39,1,20.0,idle,+0.000,+0.000,+0.000,+0.000,1100,0,
1785512649.7050,2026-07-31T11:44:09.705,46.077,464,,,,0,,,,0.0086,-34.05,-0.0895,-2914.05,1,20.0,idle,+0.000,+0.000,+0.000,+0.000,1100,0,
1785512649.8044,2026-07-31T11:44:09.804,46.176,465,,,,0,,,,0.0072,-35.88,-0.0909,-2915.88,1,20.0,idle,+0.000,+0.000,+0.000,+0.000,1100,0,
1785512649.9043,2026-07-31T11:44:09.904,46.276,466,,,,0,,,,0.0057,-36.85,-0.0924,-2916.85,1,20.0,idle,+0.000,+0.000,+0.000,+0.000,1100,0,
1785512650.0028,2026-07-31T11:44:10.002,46.374,467,,,,0,,,,0.0053,-38.81,-0.0928,-2918.81,1,20.0,idle,+0.000,+0.000,+0.000,+0.000,1100,0,
1785512650.1019,2026-07-31T11:44:10.101,46.474,468,,,,0,,,,0.0049,-40.63,-0.0932,-2920.63,1,20.0,idle,+0.000,+0.000,+0.000,+0.000,1100,0,
1785512650.2012,2026-07-31T11:44:10.201,46.573,469,,,,0,,,,0.0033,-41.46,-0.0949,-2921.46,1,20.0,idle,+0.000,+0.000,+0.000,+0.000,1100,0,
1785512650.3008,2026-07-31T11:44:10.300,46.672,470,,,,0,,,,0.0081,-43.06,-0.0900,-2923.06,1,20.0,idle,+0.000,+0.000,+0.000,+0.000,1100,0,
1785512650.4005,2026-07-31T11:44:10.400,46.772,471,,,,0,,,,0.0039,-43.81,-0.0943,-2923.81,1,20.0,idle,+0.000,+0.000,+0.000,+0.000,1100,0,
1785512650.4996,2026-07-31T11:44:10.499,46.871,472,,,,0,,,,0.0022,-45.10,-0.0960,-2925.10,1,20.0,idle,+0.000,+0.000,+0.000,+0.000,1100,0,
1785512650.5993,2026-07-31T11:44:10.599,46.971,473,,,,0,,,,-0.0018,-46.09,-0.1000,-2926.09,1,20.0,idle,+0.000,+0.000,+0.000,+0.000,1100,0,
1785512650.6979,2026-07-31T11:44:10.697,47.070,474,,,,0,,,,0.0001,-46.56,-0.0980,-2926.56,1,20.0,idle,+0.000,+0.000,+0.000,+0.000,1100,0,
1785512650.7970,2026-07-31T11:44:10.796,47.169,475,,,,0,,,,0.0064,-47.58,-0.0917,-2927.58,1,20.0,idle,+0.000,+0.000,+0.000,+0.000,1100,0,
1785512650.8959,2026-07-31T11:44:10.895,47.268,476,,,,0,,,,0.0033,-48.13,-0.0948,-2928.13,1,20.0,idle,+0.000,+0.000,+0.000,+0.000,1100,0,
1785512650.9953,2026-07-31T11:44:10.995,47.367,477,,,,0,,,,0.0018,-49.24,-0.0963,-2929.24,1,20.0,idle,+0.000,+0.000,+0.000,+0.000,1100,0,
1785512651.0948,2026-07-31T11:44:11.094,47.466,478,,,,0,,,,0.0020,-50.29,-0.0961,-2930.29,1,20.0,idle,+0.000,+0.000,+0.000,+0.000,1100,0,
1785512651.1939,2026-07-31T11:44:11.193,47.566,479,,,,0,,,,-0.0001,-50.79,-0.0983,-2930.79,1,20.0,idle,+0.000,+0.000,+0.000,+0.000,1100,0,
1785512651.2933,2026-07-31T11:44:11.293,47.665,480,,,,0,,,,-0.0025,-51.68,-0.1006,-2931.68,1,20.0,idle,+0.000,+0.000,+0.000,+0.000,1100,0,
1785512651.3923,2026-07-31T11:44:11.392,47.764,481,,,,0,,,,-0.0006,-52.08,-0.0987,-2932.08,1,20.0,idle,+0.000,+0.000,+0.000,+0.000,1100,0,
1785512651.4907,2026-07-31T11:44:11.490,47.862,482,,,,0,,,,-0.0041,-52.80,-0.1023,-2932.80,1,20.0,auto:IDLE,+0.000,+0.000,+0.000,+0.000,1100,0,
1785512651.5893,2026-07-31T11:44:11.589,47.961,483,,,,0,,,,-0.0058,-53.17,-0.1040,-2933.17,1,20.0,auto:IDLE,+0.000,+0.000,-0.600,+0.400,1100,0,
1785512651.6890,2026-07-31T11:44:11.688,48.061,484,,,,0,,,,-0.0024,-54.01,-0.1006,-2934.01,1,20.0,auto:IDLE,+0.000,+0.000,-0.600,+0.400,1100,0,
1785512651.7881,2026-07-31T11:44:11.788,48.160,485,,,,0,,,,0.0027,-55.59,-0.0955,-2935.59,1,20.0,auto:IDLE,+0.000,+0.000,-0.600,+0.400,1100,0,
1785512651.8873,2026-07-31T11:44:11.887,48.259,486,,,,0,,,,0.0053,-56.80,-0.0929,-2936.80,1,20.0,auto:IDLE,+0.000,+0.000,-0.600,+0.400,1100,0,
1785512651.9864,2026-07-31T11:44:11.986,48.358,487,,,,0,,,,0.0051,-59.65,-0.0930,-2939.65,1,20.0,auto:IDLE,+0.000,+0.000,-0.600,+0.400,1100,0,
1785512652.0850,2026-07-31T11:44:12.084,48.457,488,,,,0,,,,0.0072,-61.18,-0.0909,-2941.18,1,20.0,auto:SEARCHING,+0.000,+0.000,-0.600,+0.400,1100,0,
1785512652.1844,2026-07-31T11:44:12.184,48.556,489,,,,0,,,,0.0132,-64.40,-0.0849,-2944.40,1,20.0,auto:SEARCHING,+0.000,+0.000,-0.600,+0.400,1100,0,
1785512652.2845,2026-07-31T11:44:12.284,48.656,490,,,,0,,,,0.0161,-66.04,-0.0821,-2946.04,1,20.0,auto:SEARCHING,+0.000,+0.000,-0.600,+0.400,1100,0,
1785512652.3856,2026-07-31T11:44:12.385,48.757,491,,,,0,,,,0.0267,-69.39,-0.0714,-2949.39,1,20.0,auto:SEARCHING,+0.000,+0.000,-0.600,+0.400,1100,0,
1785512652.4862,2026-07-31T11:44:12.486,48.858,492,,,,0,,,,0.0298,-72.90,-0.0683,-2952.90,1,20.0,auto:SEARCHING,+0.000,+0.000,-0.600,+0.400,1100,0,
1785512652.5864,2026-07-31T11:44:12.586,48.958,493,,,,0,,,,0.0389,-74.71,-0.0592,-2954.71,1,20.0,auto:SEARCHING,+0.000,+0.000,-0.600,+0.400,1100,0,
1785512652.6847,2026-07-31T11:44:12.684,49.056,494,,,,0,,,,0.0467,-78.34,-0.0514,-2958.34,1,20.0,auto:SEARCHING,+0.000,+0.000,-0.600,+0.400,1100,0,
1785512652.7847,2026-07-31T11:44:12.784,49.156,495,,,,0,,,,0.0456,-80.14,-0.0526,-2960.14,1,20.0,auto:SEARCHING,+0.000,+0.000,-0.600,+0.400,1100,0,
1785512652.8845,2026-07-31T11:44:12.884,49.256,496,,,,0,,,,0.0541,-83.71,-0.0441,-2963.71,1,20.0,auto:SEARCHING,+0.000,+0.000,-0.600,+0.400,1100,0,
1785512652.9834,2026-07-31T11:44:12.983,49.355,497,,,,0,,,,0.0644,-87.28,-0.0337,-2967.28,1,20.0,auto:SEARCHING,+0.000,+0.000,-0.600,+0.400,1100,0,
1785512653.0831,2026-07-31T11:44:13.083,49.455,498,,,,0,,,,0.0698,-89.03,-0.0283,-2969.03,1,20.0,auto:SEARCHING,+0.000,+0.000,-0.600,+0.400,1100,0,
1785512653.1820,2026-07-31T11:44:13.181,49.554,499,,,,0,,,,0.0788,-92.53,-0.0194,-2972.53,1,20.0,auto:SEARCHING,+0.000,+0.000,-0.600,+0.400,1100,0,
1785512653.2807,2026-07-31T11:44:13.280,49.652,500,,,,0,,,,0.0822,-94.24,-0.0160,-2974.24,1,20.0,auto:SEARCHING,+0.000,+0.000,-0.600,+0.400,1100,0,
1785512653.3818,2026-07-31T11:44:13.381,49.753,501,,,,0,,,,0.0914,-97.60,-0.0068,-2977.60,1,20.0,auto:SEARCHING,+0.000,+0.000,-0.600,+0.400,1100,0,
1785512653.4811,2026-07-31T11:44:13.481,49.853,502,,,,0,,,,0.0963,-100.92,-0.0019,-2980.92,1,20.0,auto:SEARCHING,+0.000,+0.000,-0.600,+0.400,1100,0,
1785512653.5805,2026-07-31T11:44:13.580,49.952,503,,,,0,,,,0.1052,-102.55,0.0071,-2982.55,1,20.0,auto:SEARCHING,+0.000,+0.000,-0.600,+0.400,1100,0,
1785512653.6816,2026-07-31T11:44:13.681,50.053,504,,,,0,,,,0.1184,-105.78,0.0203,-2985.78,1,20.0,auto:SEARCHING,+0.000,+0.000,-0.600,+0.400,1100,0,
1785512653.7817,2026-07-31T11:44:13.781,50.153,505,,,,0,,,,0.1157,-107.37,0.0175,-2987.37,1,20.0,auto:SEARCHING,+0.000,+0.000,-0.600,+0.400,1100,0,
1785512653.8817,2026-07-31T11:44:13.881,50.253,506,,,,0,,,,0.1304,-110.50,0.0322,-2990.50,1,20.0,auto:SEARCHING,+0.000,+0.000,-0.600,+0.400,1100,0,
1785512653.9817,2026-07-31T11:44:13.981,50.353,507,,,,0,,,,0.1396,-113.60,0.0415,-2993.60,1,20.0,auto:SEARCHING,+0.000,+0.000,-0.600,+0.400,1100,0,
1785512654.0826,2026-07-31T11:44:14.082,50.454,508,,,,0,,,,0.1473,-115.18,0.0492,-2995.18,1,20.0,auto:SEARCHING,+0.000,+0.000,-0.600,+0.400,1100,0,
1785512654.1812,2026-07-31T11:44:14.181,50.553,509,,,,0,,,,0.1599,-118.29,0.0618,-2998.29,1,20.0,auto:SEARCHING,+0.000,+0.000,-0.600,+0.400,1100,0,
1785512654.2803,2026-07-31T11:44:14.280,50.652,510,,,,0,,,,0.1681,-121.33,0.0700,-3001.33,1,20.0,auto:SEARCHING,+0.000,+0.000,-0.600,+0.400,1100,0,
1785512654.3790,2026-07-31T11:44:14.378,50.751,511,,,,0,,,,0.1791,-122.85,0.0810,-3002.85,1,20.0,auto:SEARCHING,+0.000,+0.000,-0.600,+0.400,1100,0,
1785512654.4781,2026-07-31T11:44:14.478,50.850,512,,,,0,,,,0.1929,-125.89,0.0947,-3005.89,1,20.0,auto:SEARCHING,+0.000,+0.000,-0.600,+0.400,1100,0,
1785512654.5779,2026-07-31T11:44:14.577,50.950,513,,,,0,,,,0.1943,-127.40,0.0961,-3007.40,1,20.0,auto:SEARCHING,+0.000,+0.000,-0.600,+0.400,1100,0,
1785512654.6773,2026-07-31T11:44:14.677,51.049,514,,,,0,,,,0.2101,-130.43,0.1119,-3010.43,1,20.0,auto:SEARCHING,+0.000,+0.000,-0.600,+0.400,1100,0,
1785512654.7772,2026-07-31T11:44:14.777,51.149,515,,,,0,,,,0.2213,-133.49,0.1232,-3013.49,1,20.0,auto:SEARCHING,+0.000,+0.000,-0.600,+0.400,1100,0,
1785512654.8775,2026-07-31T11:44:14.877,51.249,516,,,,0,,,,0.2336,-135.05,0.1355,-3015.05,1,20.0,auto:SEARCHING,+0.000,+0.000,-0.600,+0.400,1100,0,
1785512654.9775,2026-07-31T11:44:14.977,51.349,517,,,,0,,,,0.2484,-138.13,0.1503,-3018.13,1,20.0,auto:SEARCHING,+0.000,+0.000,-0.600,+0.400,1100,0,
1785512655.0765,2026-07-31T11:44:15.076,51.448,518,,,,0,,,,0.2583,-139.66,0.1601,-3019.66,1,20.0,auto:SEARCHING,+0.000,+0.000,-0.600,+0.400,1100,0,
1785512655.1763,2026-07-31T11:44:15.176,51.548,519,,,,0,,,,0.2687,-142.71,0.1706,-3022.71,1,20.0,auto:SEARCHING,+0.000,+0.000,-0.600,+0.400,1100,0,
1785512655.2750,2026-07-31T11:44:15.274,51.647,520,,,,0,,,,0.2861,-144.23,0.1880,-3024.23,1,20.0,auto:SEARCHING,+0.000,+0.000,-0.600,+0.400,1100,0,
1785512655.3743,2026-07-31T11:44:15.374,51.746,521,,,,0,,,,0.2978,-147.27,0.1997,-3027.27,1,20.0,auto:SEARCHING,+0.000,+0.000,-0.600,+0.400,1100,0,
1785512655.4735,2026-07-31T11:44:15.473,51.845,522,,,,0,,,,0.3084,-150.28,0.2103,-3030.28,1,20.0,auto:SEARCHING,+0.000,+0.000,-0.600,+0.400,1100,0,
1785512655.5723,2026-07-31T11:44:15.572,51.944,523,,,,0,,,,0.3284,-151.80,0.2302,-3031.80,1,20.0,auto:SEARCHING,+0.000,+0.000,-0.600,+0.400,1100,0,
1785512655.6707,2026-07-31T11:44:15.670,52.042,524,,,,0,,,,0.3406,-154.84,0.2424,-3034.84,1,20.0,auto:SEARCHING,+0.000,+0.000,-0.600,+0.400,1100,0,
1785512655.7703,2026-07-31T11:44:15.770,52.142,525,,,,0,,,,0.3508,-156.35,0.2526,-3036.35,1,20.0,auto:SEARCHING,+0.000,+0.000,-0.600,+0.400,1100,0,
1785512655.8697,2026-07-31T11:44:15.869,52.241,526,,,,0,,,,0.3653,-159.37,0.2671,-3039.37,1,20.0,auto:SEARCHING,+0.000,+0.000,-0.600,+0.400,1100,0,
1785512655.9717,2026-07-31T11:44:15.971,52.343,527,,,,0,,,,0.3806,-162.36,0.2825,-3042.36,1,20.0,auto:ADVANCING,+1.000,+0.000,-0.600,+0.501,1100,0,
1785512656.0718,2026-07-31T11:44:16.071,52.443,528,,,,0,,,,0.3905,-163.94,0.2924,-3043.94,1,20.0,auto:ADVANCING,+1.000,+0.000,-0.600,+0.482,1100,0,
1785512656.1707,2026-07-31T11:44:16.170,52.542,529,,,,0,,,,0.4068,-168.47,0.3087,-3048.47,1,20.0,auto:ADVANCING,+1.000,+0.000,-0.600,+0.482,1100,0,
1785512656.2707,2026-07-31T11:44:16.270,52.642,530,,,,0,,,,0.4101,-171.01,0.3120,-3051.01,1,20.0,auto:ADVANCING,+1.000,+0.000,-0.600,+0.482,1100,0,
1785512656.3717,2026-07-31T11:44:16.371,52.743,531,,,,0,,,,0.4331,-176.30,0.3349,-3056.30,1,20.0,auto:ADVANCING,+1.000,+0.000,-0.600,+0.482,1100,0,
1785512656.4723,2026-07-31T11:44:16.472,52.844,532,,,,0,,,,0.4560,178.03,0.3579,-3061.97,1,20.0,auto:ADVANCING,+1.000,+0.000,-0.600,+0.482,1100,0,
1785512656.5717,2026-07-31T11:44:16.571,52.943,533,,,,0,,,,0.4685,175.07,0.3704,-3064.93,1,20.0,auto:SEARCHING,+0.000,+0.000,-0.600,+0.400,1100,0,
1785512656.6715,2026-07-31T11:44:16.671,53.043,534,,,,0,,,,0.4822,169.93,0.3841,-3070.07,1,20.0,auto:SEARCHING,+0.000,+0.000,-0.600,+0.400,1100,0,
1785512656.7707,2026-07-31T11:44:16.770,53.142,535,,,,0,,,,0.4962,167.55,0.3980,-3072.45,1,20.0,auto:SEARCHING,+0.000,+0.000,-0.600,+0.400,1100,0,
1785512656.8698,2026-07-31T11:44:16.869,53.241,536,,,,0,,,,0.5098,162.90,0.4117,-3077.10,1,20.0,auto:ADVANCING,+1.000,+0.000,-0.600,-0.208,1100,0,
1785512656.9699,2026-07-31T11:44:16.969,53.342,537,,,,0,,,,0.5154,160.75,0.4172,-3079.25,1,20.0,auto:ADVANCING,+1.000,+0.000,-0.600,-0.277,1100,0,
1785512657.0691,2026-07-31T11:44:17.069,53.441,538,,,,0,,,,0.5327,158.31,0.4346,-3081.69,1,20.0,auto:ADVANCING,+1.000,+0.000,-0.600,-0.369,1100,0,
1785512657.1687,2026-07-31T11:44:17.168,53.540,539,,,,0,,,,0.5433,160.29,0.4452,-3079.71,1,20.0,auto:ADVANCING,+1.000,+0.000,-0.600,-0.365,1100,0,
1785512657.2687,2026-07-31T11:44:17.268,53.640,540,,,,0,,,,0.5448,161.68,0.4467,-3078.32,1,20.0,auto:ADVANCING,+1.000,+0.000,-0.600,-0.365,1100,0,
1785512657.3688,2026-07-31T11:44:17.368,53.741,541,,,,0,,,,0.5615,164.54,0.4633,-3075.46,1,20.0,auto:ADVANCING,+1.000,+0.000,-0.600,-0.365,1100,0,
1785512657.4682,2026-07-31T11:44:17.468,53.840,542,,,,0,,,,0.5771,167.85,0.4789,-3072.15,1,20.0,auto:ADVANCING,+1.000,+0.000,-0.600,-0.365,1100,0,
1785512657.5677,2026-07-31T11:44:17.567,53.939,543,,,,0,,,,0.5884,169.74,0.4902,-3070.26,1,20.0,auto:ADVANCING,+1.000,+0.000,-0.600,-0.365,1100,0,
1785512657.6678,2026-07-31T11:44:17.667,54.039,544,,,,0,,,,0.5902,173.88,0.4921,-3066.12,1,20.0,auto:SEARCHING,+0.000,+0.000,-0.600,-0.400,1100,0,
1785512657.7683,2026-07-31T11:44:17.768,54.140,545,,,,0,,,,0.5883,176.09,0.4901,-3063.91,1,20.0,auto:SEARCHING,+0.000,+0.000,-0.600,-0.400,1100,0,
1785512657.8675,2026-07-31T11:44:17.867,54.239,546,,,,0,,,,0.5985,179.73,0.5003,-3060.27,1,20.0,auto:SEARCHING,+0.000,+0.000,-0.600,-0.400,1100,0,
1785512657.9661,2026-07-31T11:44:17.966,54.338,547,,,,0,,,,0.5969,-176.54,0.4987,-3056.54,1,20.0,auto:SEARCHING,+0.000,+0.000,-0.600,-0.400,1100,0,
1785512658.0656,2026-07-31T11:44:18.065,54.437,548,,,,0,,,,0.5955,-174.61,0.4974,-3054.61,1,20.0,auto:SEARCHING,+0.000,+0.000,-0.600,-0.400,1100,0,
1785512658.1655,2026-07-31T11:44:18.165,54.537,549,,,,0,,,,0.5952,-170.94,0.4970,-3050.94,1,20.0,auto:SEARCHING,+0.000,+0.000,-0.600,-0.400,1100,0,
1785512658.2645,2026-07-31T11:44:18.264,54.636,550,,,,0,,,,0.5944,-169.12,0.4963,-3049.12,1,20.0,auto:SEARCHING,+0.000,+0.000,-0.600,-0.400,1100,0,
1785512658.3648,2026-07-31T11:44:18.364,54.736,551,,,,0,,,,0.5950,-165.50,0.4969,-3045.50,1,20.0,auto:SEARCHING,+0.000,+0.000,-0.600,-0.400,1100,0,
1785512658.4639,2026-07-31T11:44:18.463,54.836,552,,,,0,,,,0.5965,-161.96,0.4984,-3041.96,1,20.0,auto:SEARCHING,+0.000,+0.000,-0.600,-0.400,1100,0,
1785512658.5629,2026-07-31T11:44:18.562,54.935,553,,,,0,,,,0.6004,-160.23,0.5023,-3040.23,1,20.0,auto:SEARCHING,+0.000,+0.000,-0.600,-0.400,1100,0,
1785512658.6626,2026-07-31T11:44:18.662,55.034,554,,,,0,,,,0.6027,-156.92,0.5045,-3036.92,1,20.0,auto:SEARCHING,+0.000,+0.000,-0.600,-0.400,1100,0,
1785512658.7623,2026-07-31T11:44:18.762,55.134,555,,,,0,,,,0.6091,-155.25,0.5110,-3035.25,1,20.0,auto:SEARCHING,+0.000,+0.000,-0.600,-0.400,1100,0,
1785512658.8609,2026-07-31T11:44:18.860,55.233,556,,,,0,,,,0.6208,-152.06,0.5227,-3032.06,1,20.0,auto:SEARCHING,+0.000,+0.000,-0.600,-0.400,1100,0,
1785512658.9603,2026-07-31T11:44:18.960,55.332,557,,,,0,,,,0.6235,-150.48,0.5254,-3030.48,1,20.0,auto:SEARCHING,+0.000,+0.000,-0.600,-0.400,1100,0,
1785512659.0592,2026-07-31T11:44:19.059,55.431,558,,,,0,,,,0.6391,-147.31,0.5409,-3027.31,1,20.0,auto:SEARCHING,+0.000,+0.000,-0.600,-0.400,1100,0,
1785512659.1588,2026-07-31T11:44:19.158,55.531,559,,,,0,,,,0.6542,-144.15,0.5560,-3024.15,1,20.0,auto:SEARCHING,+0.000,+0.000,-0.600,-0.400,1100,0,
1785512659.2580,2026-07-31T11:44:19.257,55.630,560,,,,0,,,,0.6625,-142.59,0.5643,-3022.59,1,20.0,auto:SEARCHING,+0.000,+0.000,-0.600,-0.400,1100,0,
1785512659.3574,2026-07-31T11:44:19.357,55.729,561,,,,0,,,,0.6822,-139.47,0.5841,-3019.47,1,20.0,auto:SEARCHING,+0.000,+0.000,-0.600,-0.400,1100,0,
1785512659.4567,2026-07-31T11:44:19.456,55.828,562,,,,0,,,,0.6942,-137.93,0.5961,-3017.93,1,20.0,auto:SEARCHING,+0.000,+0.000,-0.600,-0.400,1100,0,
1785512659.5556,2026-07-31T11:44:19.555,55.927,563,,,,0,,,,0.7088,-134.86,0.6106,-3014.86,1,20.0,auto:SEARCHING,+0.000,+0.000,-0.600,-0.400,1100,0,
1785512659.6547,2026-07-31T11:44:19.654,56.026,564,,,,0,,,,0.7189,-133.32,0.6208,-3013.32,1,20.0,auto:SEARCHING,+0.000,+0.000,-0.600,-0.400,1100,0,
1785512659.7543,2026-07-31T11:44:19.754,56.126,565,,,,0,,,,0.7342,-130.27,0.6360,-3010.27,1,20.0,auto:SEARCHING,+0.000,+0.000,-0.600,-0.400,1100,0,
1785512659.8543,2026-07-31T11:44:19.854,56.226,566,,,,0,,,,0.7502,-127.28,0.6521,-3007.28,1,20.0,auto:SEARCHING,+0.000,+0.000,-0.600,-0.400,1100,0,
1785512659.9536,2026-07-31T11:44:19.953,56.325,567,,,,0,,,,0.7601,-125.82,0.6619,-3005.82,1,20.0,auto:SEARCHING,+0.000,+0.000,-0.600,-0.400,1100,0,
1785512660.0525,2026-07-31T11:44:20.052,56.424,568,,,,0,,,,0.7742,-122.86,0.6761,-3002.86,1,20.0,auto:SEARCHING,+0.000,+0.000,-0.600,-0.400,1100,0,
1785512660.1516,2026-07-31T11:44:20.151,56.523,569,,,,0,,,,0.7835,-121.43,0.6854,-3001.43,1,20.0,auto:SEARCHING,+0.000,+0.000,-0.600,-0.400,1100,0,
1785512660.2499,2026-07-31T11:44:20.249,56.622,570,,,,0,,,,0.7947,-118.58,0.6966,-2998.58,1,20.0,auto:SEARCHING,+0.000,+0.000,-0.600,-0.400,1100,0,
1785512660.3495,2026-07-31T11:44:20.349,56.721,571,,,,0,,,,0.8117,-115.77,0.7136,-2995.77,1,20.0,auto:SEARCHING,+0.000,+0.000,-0.600,-0.400,1100,0,
1785512660.4486,2026-07-31T11:44:20.448,56.820,572,,,,0,,,,0.8212,-114.35,0.7230,-2994.35,1,20.0,auto:SEARCHING,+0.000,+0.000,-0.600,-0.400,1100,0,
1785512660.5477,2026-07-31T11:44:20.547,56.919,573,,,,0,,,,0.8330,-111.53,0.7349,-2991.53,1,20.0,auto:SEARCHING,+0.000,+0.000,-0.600,-0.400,1100,0,
1785512660.6467,2026-07-31T11:44:20.646,57.018,574,,,,0,,,,0.8420,-110.11,0.7439,-2990.11,1,20.0,auto:SEARCHING,+0.000,+0.000,-0.600,-0.400,1100,0,
1785512660.7454,2026-07-31T11:44:20.745,57.117,575,,,,0,,,,0.8545,-107.28,0.7563,-2987.28,1,20.0,auto:SEARCHING,+0.000,+0.000,-0.600,-0.400,1100,0,
1785512660.8446,2026-07-31T11:44:20.844,57.216,576,,,,0,,,,0.8702,-104.46,0.7720,-2984.46,1,20.0,auto:SEARCHING,+0.000,+0.000,-0.600,-0.400,1100,0,
1785512660.9436,2026-07-31T11:44:20.943,57.315,577,,,,0,,,,0.8775,-103.06,0.7793,-2983.06,1,20.0,auto:SEARCHING,+0.000,+0.000,-0.600,-0.400,1100,0,
1785512661.0426,2026-07-31T11:44:21.042,57.414,578,,,,0,,,,0.8914,-100.27,0.7932,-2980.27,1,20.0,auto:SEARCHING,+0.000,+0.000,-0.600,-0.400,1100,0,
1785512661.1413,2026-07-31T11:44:21.141,57.513,579,,,,0,,,,0.9058,-98.93,0.8076,-2978.93,1,20.0,auto:SEARCHING,+0.000,+0.000,-0.600,-0.400,1100,0,
1785512661.2401,2026-07-31T11:44:21.240,57.612,580,,,,0,,,,0.9200,-96.34,0.8219,-2976.34,1,20.0,auto:SEARCHING,+0.000,+0.000,-0.600,-0.400,1100,0,
1785512661.3396,2026-07-31T11:44:21.339,57.711,581,,,,0,,,,0.9397,-93.83,0.8416,-2973.83,1,20.0,auto:SEARCHING,+0.000,+0.000,-0.600,-0.400,1100,0,
1785512661.4398,2026-07-31T11:44:21.439,57.811,582,,,,0,,,,0.9543,-92.54,0.8562,-2972.54,1,20.0,auto:SEARCHING,+0.000,+0.000,-0.600,-0.400,1100,0,
1785512661.5385,2026-07-31T11:44:21.538,57.910,583,,,,0,,,,0.9707,-89.91,0.8726,-2969.91,1,20.0,auto:SEARCHING,+0.000,+0.000,-0.600,-0.400,1100,0,
1785512661.6370,2026-07-31T11:44:21.636,58.009,584,,,,0,,,,0.9807,-88.59,0.8826,-2968.59,1,20.0,auto:SEARCHING,+0.000,+0.000,-0.600,-0.400,1100,0,
1785512661.7364,2026-07-31T11:44:21.736,58.108,585,,,,0,,,,1.0010,-85.92,0.9029,-2965.92,1,20.0,auto:SEARCHING,+0.000,+0.000,+0.197,-0.400,1100,0,
1785512661.8357,2026-07-31T11:44:21.835,58.207,586,,,,0,,,,1.0190,-83.23,0.9208,-2963.23,1,20.0,auto:SEARCHING,+0.000,+0.000,+0.200,-0.400,1100,0,
1785512661.9339,2026-07-31T11:44:21.933,58.306,587,,,,0,,,,1.0279,-81.85,0.9298,-2961.85,1,20.0,auto:SEARCHING,+0.000,+0.000,+0.198,-0.400,1100,0,
1785512662.0335,2026-07-31T11:44:22.033,58.405,588,,,,0,,,,1.0398,-79.06,0.9417,-2959.06,1,20.0,auto:SEARCHING,+0.000,+0.000,+0.192,-0.400,1100,0,
1785512662.1320,2026-07-31T11:44:22.132,58.504,589,,,,0,,,,1.0484,-77.64,0.9502,-2957.64,1,20.0,auto:SEARCHING,+0.000,+0.000,+0.183,-0.400,1100,0,
1785512662.2315,2026-07-31T11:44:22.231,58.603,590,,,,0,,,,1.0656,-74.69,0.9674,-2954.69,1,20.0,auto:SEARCHING,+0.000,+0.000,+0.163,-0.400,1100,0,
1785512662.3317,2026-07-31T11:44:22.331,58.703,591,,,,0,,,,1.0801,-71.61,0.9819,-2951.61,1,20.0,auto:SEARCHING,+0.000,+0.000,+0.143,-0.400,1100,0,
1785512662.4317,2026-07-31T11:44:22.431,58.803,592,,,,0,,,,1.0854,-70.03,0.9873,-2950.03,1,20.0,auto:SEARCHING,+0.000,+0.000,+0.123,-0.400,1100,0,
1785512662.5304,2026-07-31T11:44:22.530,58.902,593,,,,0,,,,1.0924,-66.75,0.9943,-2946.75,1,20.0,auto:SEARCHING,+0.000,+0.000,+0.099,-0.400,1100,0,
1785512662.6294,2026-07-31T11:44:22.629,59.001,594,,,,0,,,,1.0979,-65.09,0.9998,-2945.09,1,20.0,auto:SEARCHING,+0.000,+0.000,+0.072,-0.400,1100,0,
1785512662.7297,2026-07-31T11:44:22.729,59.101,595,,,,0,,,,1.1104,-61.73,1.0123,-2941.73,1,20.0,auto:SEARCHING,+0.000,+0.000,+0.034,-0.400,1100,0,
1785512662.8292,2026-07-31T11:44:22.829,59.201,596,,,,0,,,,1.1122,-58.30,1.0140,-2938.30,1,20.0,auto:SEARCHING,+0.000,+0.000,+0.004,-0.400,1100,0,
1785512662.9285,2026-07-31T11:44:22.928,59.300,597,,,,0,,,,1.1186,-56.59,1.0205,-2936.59,1,20.0,auto:SEARCHING,+0.000,+0.000,+0.000,-0.400,1100,0,
1785512663.0274,2026-07-31T11:44:23.027,59.399,598,,,,0,,,,1.1271,-53.14,1.0289,-2933.14,1,20.0,auto:SEARCHING,+0.000,+0.000,+0.000,-0.400,1100,0,
1785512663.1273,2026-07-31T11:44:23.127,59.499,599,,,,0,,,,1.1283,-51.42,1.0302,-2931.42,1,20.0,auto:SEARCHING,+0.000,+0.000,+0.000,-0.400,1100,0,
1785512663.2266,2026-07-31T11:44:23.226,59.598,600,,,,0,,,,1.1266,-47.98,1.0285,-2927.98,1,20.0,auto:SEARCHING,+0.000,+0.000,+0.000,-0.400,1100,0,
1785512663.3257,2026-07-31T11:44:23.325,59.697,601,,,,0,,,,1.1332,-46.25,1.0350,-2926.25,1,20.0,auto:SEARCHING,+0.000,+0.000,+0.000,-0.400,1100,0,
1785512663.4244,2026-07-31T11:44:23.424,59.796,602,,,,0,,,,1.1346,-42.83,1.0365,-2922.83,1,20.0,auto:SEARCHING,+0.000,+0.000,+0.000,-0.400,1100,0,
1785512663.5222,2026-07-31T11:44:23.522,59.894,603,,,,0,,,,1.1375,-41.11,1.0393,-2921.11,1,20.0,auto:SEARCHING,+0.000,+0.000,+0.000,-0.400,1100,0,
1785512663.6211,2026-07-31T11:44:23.621,59.993,604,,,,0,,,,1.1391,-37.72,1.0409,-2917.72,1,20.0,auto:SEARCHING,+0.000,+0.000,+0.000,-0.400,1100,0,
1785512663.7220,2026-07-31T11:44:23.721,60.094,605,,,,0,,,,1.1413,-34.34,1.0431,-2914.34,1,20.0,auto:SEARCHING,+0.000,+0.000,+0.000,-0.400,1100,0,
1785512663.8210,2026-07-31T11:44:23.821,60.193,606,,,,0,,,,1.1465,-32.66,1.0484,-2912.66,1,20.0,auto:SEARCHING,+0.000,+0.000,+0.000,-0.400,1100,0,
1785512663.9209,2026-07-31T11:44:23.920,60.293,607,,,,0,,,,1.1532,-29.32,1.0551,-2909.32,1,20.0,auto:SEARCHING,+0.000,+0.000,+0.000,-0.400,1100,0,
1785512664.0196,2026-07-31T11:44:24.019,60.391,608,,,,0,,,,1.1500,-27.68,1.0518,-2907.68,1,20.0,auto:SEARCHING,+0.000,+0.000,+0.000,-0.400,1100,0,
1785512664.1185,2026-07-31T11:44:24.118,60.490,609,,,,0,,,,1.1525,-24.41,1.0543,-2904.41,1,20.0,auto:SEARCHING,+0.000,+0.000,+0.000,-0.400,1100,0,
1785512664.2177,2026-07-31T11:44:24.217,60.589,610,,,,0,,,,1.1600,-21.19,1.0619,-2901.19,1,20.0,auto:SEARCHING,+0.000,+0.000,+0.000,-0.400,1100,0,
1785512664.3169,2026-07-31T11:44:24.316,60.689,611,,,,0,,,,1.1622,-19.60,1.0640,-2899.60,1,20.0,auto:SEARCHING,+0.000,+0.000,+0.000,-0.400,1100,0,
1785512664.4158,2026-07-31T11:44:24.415,60.788,612,,,,0,,,,1.1620,-16.45,1.0638,-2896.45,1,20.0,auto:SEARCHING,+0.000,+0.000,+0.000,-0.400,1100,0,
1785512664.5151,2026-07-31T11:44:24.515,60.887,613,,,,0,,,,1.1648,-14.90,1.0667,-2894.90,1,20.0,auto:SEARCHING,+0.000,+0.000,+0.000,-0.400,1100,0,
1785512664.6148,2026-07-31T11:44:24.614,60.986,614,,,,0,,,,1.1625,-11.83,1.0644,-2891.83,1,20.0,auto:SEARCHING,+0.000,+0.000,+0.000,-0.400,1100,0,
1785512664.7138,2026-07-31T11:44:24.713,61.085,615,,,,0,,,,1.1670,-8.77,1.0689,-2888.77,1,20.0,auto:SEARCHING,+0.000,+0.000,+0.000,-0.400,1100,0,
1785512664.8149,2026-07-31T11:44:24.814,61.187,616,,,,0,,,,1.1631,-7.24,1.0649,-2887.24,1,20.0,auto:SEARCHING,+0.000,+0.000,+0.000,-0.400,1100,0,
1785512664.9141,2026-07-31T11:44:24.914,61.286,617,,,,0,,,,1.1734,-4.18,1.0752,-2884.18,1,20.0,auto:SEARCHING,+0.000,+0.000,+0.017,-0.400,1100,0,
1785512665.0139,2026-07-31T11:44:25.013,61.386,618,,,,0,,,,1.1700,-1.10,1.0719,-2881.10,1,20.0,auto:SEARCHING,+0.000,+0.000,+0.055,-0.400,1100,0,
1785512665.1126,2026-07-31T11:44:25.112,61.484,619,,,,0,,,,1.1737,0.44,1.0756,-2879.56,1,20.0,auto:SEARCHING,+0.000,+0.000,+0.084,-0.400,1100,0,
1785512665.2118,2026-07-31T11:44:25.211,61.584,620,,,,0,,,,1.1735,3.47,1.0754,-2876.53,1,20.0,auto:SEARCHING,+0.000,+0.000,+0.107,-0.400,1100,0,
1785512665.3108,2026-07-31T11:44:25.310,61.682,621,,,,0,,,,1.1733,4.99,1.0752,-2875.01,1,20.0,auto:SEARCHING,+0.000,+0.000,+0.130,-0.400,1100,0,
1785512665.4095,2026-07-31T11:44:25.409,61.781,622,,,,0,,,,1.1788,8.01,1.0806,-2871.99,1,20.0,auto:SEARCHING,+0.000,+0.000,+0.152,-0.400,1100,0,
1785512665.5103,2026-07-31T11:44:25.510,61.882,623,,,,0,,,,1.1772,9.53,1.0791,-2870.47,1,20.0,auto:SEARCHING,+0.000,+0.000,+0.169,-0.400,1100,0,
1785512665.6097,2026-07-31T11:44:25.609,61.981,624,,,,0,,,,1.1760,12.60,1.0779,-2867.40,1,20.0,auto:SEARCHING,+0.000,+0.000,+0.187,-0.400,1100,0,
1785512665.7087,2026-07-31T11:44:25.708,62.080,625,,,,0,,,,1.1797,15.71,1.0816,-2864.29,1,20.0,auto:SEARCHING,+0.000,+0.000,+0.195,-0.400,1100,0,
1785512665.8077,2026-07-31T11:44:25.807,62.179,626,,,,0,,,,1.1759,17.28,1.0777,-2862.72,1,20.0,auto:SEARCHING,+0.000,+0.000,+0.199,-0.400,1100,0,
1785512665.9066,2026-07-31T11:44:25.906,62.278,627,,,,0,,,,1.1768,20.46,1.0786,-2859.54,1,20.0,auto:SEARCHING,+0.000,+0.000,+0.199,-0.400,1100,0,
1785512666.0058,2026-07-31T11:44:26.005,62.378,628,,,,0,,,,1.1812,22.05,1.0831,-2857.95,1,20.0,auto:SEARCHING,+0.000,+0.000,+0.193,-0.400,1100,0,
1785512666.1044,2026-07-31T11:44:26.104,62.476,629,,,,0,,,,1.1732,25.25,1.0751,-2854.75,1,20.0,auto:SEARCHING,+0.000,+0.000,+0.184,-0.400,1100,0,
1785512666.2037,2026-07-31T11:44:26.203,62.575,630,,,,0,,,,1.1741,28.45,1.0759,-2851.55,1,20.0,auto:SEARCHING,+0.000,+0.000,+0.168,-0.400,1100,0,
1785512666.3051,2026-07-31T11:44:26.305,62.677,631,,,,0,,,,1.1763,30.02,1.0782,-2849.98,1,20.0,auto:SEARCHING,+0.000,+0.000,+0.153,-0.400,1100,0,
1785512666.4041,2026-07-31T11:44:26.404,62.776,632,,,,0,,,,1.1751,33.22,1.0770,-2846.78,1,20.0,auto:SEARCHING,+0.000,+0.000,+0.132,-0.400,1100,0,
1785512666.5041,2026-07-31T11:44:26.504,62.876,633,,,,0,,,,1.1721,34.81,1.0740,-2845.19,1,20.0,auto:SEARCHING,+0.000,+0.000,+0.109,-0.400,1100,0,
1785512666.6037,2026-07-31T11:44:26.603,62.975,634,,,,0,,,,1.1753,38.02,1.0771,-2841.98,1,20.0,auto:SEARCHING,+0.000,+0.000,+0.074,-0.400,1100,0,
1785512666.7027,2026-07-31T11:44:26.702,63.074,635,,,,0,,,,1.1723,41.26,1.0741,-2838.74,1,20.0,auto:SEARCHING,+0.000,+0.000,+0.048,-0.400,1100,0,
1785512666.8017,2026-07-31T11:44:26.801,63.173,636,,,,0,,,,1.1733,42.89,1.0752,-2837.11,1,20.0,auto:SEARCHING,+0.000,+0.000,+0.018,-0.400,1100,0,
1785512666.9011,2026-07-31T11:44:26.901,63.273,637,,,,0,,,,1.1723,46.21,1.0742,-2833.79,1,20.0,auto:SEARCHING,+0.000,+0.000,+0.000,-0.400,1100,0,
1785512667.0011,2026-07-31T11:44:27.001,63.373,638,,,,0,,,,1.1698,47.90,1.0717,-2832.10,1,20.0,auto:SEARCHING,+0.000,+0.000,+0.000,-0.400,1100,0,
1785512667.1003,2026-07-31T11:44:27.100,63.472,639,,,,0,,,,1.1645,51.27,1.0663,-2828.73,1,20.0,auto:SEARCHING,+0.000,+0.000,+0.000,-0.400,1100,0,
1785512667.1994,2026-07-31T11:44:27.199,63.571,640,,,,0,,,,1.1681,52.96,1.0700,-2827.04,1,20.0,auto:SEARCHING,+0.000,+0.000,+0.000,-0.400,1100,0,
1785512667.2987,2026-07-31T11:44:27.298,63.670,641,,,,0,,,,1.1673,56.34,1.0692,-2823.66,1,20.0,auto:SEARCHING,+0.000,+0.000,+0.000,-0.400,1100,0,
1785512667.3996,2026-07-31T11:44:27.399,63.771,642,,,,0,,,,1.1615,59.74,1.0633,-2820.26,1,20.0,auto:SEARCHING,+0.000,+0.000,+0.000,-0.400,1100,0,
1785512667.4996,2026-07-31T11:44:27.499,63.871,643,,,,0,,,,1.1655,61.45,1.0674,-2818.55,1,20.0,auto:SEARCHING,+0.000,+0.000,+0.000,-0.400,1100,0,
1785512667.5985,2026-07-31T11:44:27.598,63.970,644,,,,0,,,,1.1664,64.88,1.0682,-2815.12,1,20.0,auto:SEARCHING,+0.000,+0.000,+0.000,-0.400,1100,0,
1785512667.6982,2026-07-31T11:44:27.698,64.070,645,,,,0,,,,1.1654,66.60,1.0673,-2813.40,1,20.0,auto:SEARCHING,+0.000,+0.000,+0.000,-0.400,1100,0,
1785512667.7979,2026-07-31T11:44:27.797,64.170,646,,,,0,,,,1.1629,70.04,1.0648,-2809.96,1,20.0,auto:SEARCHING,+0.000,+0.000,+0.000,-0.400,1100,0,
1785512667.8964,2026-07-31T11:44:27.896,64.268,647,,,,0,,,,1.1603,73.50,1.0621,-2806.50,1,20.0,auto:SEARCHING,+0.000,+0.000,+0.000,-0.400,1100,0,
1785512667.9958,2026-07-31T11:44:27.995,64.368,648,,,,0,,,,1.1598,75.22,1.0616,-2804.78,1,20.0,auto:SEARCHING,+0.000,+0.000,+0.000,-0.400,1100,0,
1785512668.0961,2026-07-31T11:44:28.096,64.468,649,,,,0,,,,1.1550,78.68,1.0568,-2801.32,1,20.0,auto:SEARCHING,+0.000,+0.000,+0.000,-0.400,1100,0,
1785512668.1953,2026-07-31T11:44:28.195,64.567,650,,,,0,,,,1.1564,80.41,1.0582,-2799.59,1,20.0,auto:SEARCHING,+0.000,+0.000,+0.000,-0.400,1100,0,
1785512668.2952,2026-07-31T11:44:28.295,64.667,651,,,,0,,,,1.1559,83.86,1.0578,-2796.14,1,20.0,auto:SEARCHING,+0.000,+0.000,+0.000,-0.400,1100,0,
1785512668.3947,2026-07-31T11:44:28.394,64.766,652,,,,0,,,,1.1494,87.44,1.0512,-2792.56,1,20.0,auto:SEARCHING,+0.000,+0.000,+0.000,-0.400,1100,0,
1785512668.4928,2026-07-31T11:44:28.492,64.864,653,,,,0,,,,1.1507,89.19,1.0526,-2790.81,1,20.0,auto:SEARCHING,+0.000,+0.000,+0.000,-0.400,1100,0,
1785512668.5916,2026-07-31T11:44:28.591,64.963,654,,,,0,,,,1.1530,92.72,1.0549,-2787.28,1,20.0,auto:SEARCHING,+0.000,+0.000,+0.000,-0.400,1100,0,
1785512668.6908,2026-07-31T11:44:28.690,65.062,655,,,,0,,,,1.1537,94.49,1.0555,-2785.51,1,20.0,auto:SEARCHING,+0.000,+0.000,+0.000,-0.400,1100,0,
1785512668.7897,2026-07-31T11:44:28.789,65.161,656,,,,0,,,,1.1504,98.00,1.0523,-2782.00,1,20.0,auto:SEARCHING,+0.000,+0.000,+0.000,-0.400,1100,0,
1785512668.8890,2026-07-31T11:44:28.888,65.261,657,,,,0,,,,1.1493,101.59,1.0512,-2778.41,1,20.0,auto:SEARCHING,+0.000,+0.000,+0.014,-0.400,1100,0,
1785512668.9877,2026-07-31T11:44:28.987,65.359,658,,,,0,,,,1.1498,103.36,1.0517,-2776.64,1,20.0,auto:SEARCHING,+0.000,+0.000,+0.046,-0.400,1100,0,
1785512669.0876,2026-07-31T11:44:29.087,65.459,659,,,,0,,,,1.1446,106.95,1.0464,-2773.05,1,20.0,auto:SEARCHING,+0.000,+0.000,+0.069,-0.400,1100,0,
1785512669.1870,2026-07-31T11:44:29.186,65.559,660,,,,0,,,,1.1408,108.73,1.0427,-2771.27,1,20.0,auto:SEARCHING,+0.000,+0.000,+0.097,-0.400,1100,0,
1785512669.2869,2026-07-31T11:44:29.286,65.659,661,,,,0,,,,1.1392,112.29,1.0411,-2767.71,1,20.0,auto:SEARCHING,+0.000,+0.000,+0.122,-0.400,1100,0,
1785512669.3862,2026-07-31T11:44:29.386,65.758,662,,,,0,,,,1.1385,115.84,1.0404,-2764.16,1,20.0,auto:SEARCHING,+0.000,+0.000,+0.150,-0.400,1100,0,
1785512669.4853,2026-07-31T11:44:29.485,65.857,663,,,,0,,,,1.1399,117.60,1.0418,-2762.40,1,20.0,auto:SEARCHING,+0.000,+0.000,+0.167,-0.400,1100,0,
1785512669.5842,2026-07-31T11:44:29.584,65.956,664,,,,0,,,,1.1353,121.15,1.0372,-2758.85,1,20.0,auto:SEARCHING,+0.000,+0.000,+0.182,-0.400,1100,0,
1785512669.6845,2026-07-31T11:44:29.684,66.056,665,,,,0,,,,1.1307,122.92,1.0326,-2757.08,1,20.0,auto:SEARCHING,+0.000,+0.000,+0.192,-0.400,1100,0,
1785512669.7838,2026-07-31T11:44:29.783,66.156,666,,,,0,,,,1.1330,126.53,1.0348,-2753.47,1,20.0,auto:SEARCHING,+0.000,+0.000,+0.199,-0.400,1100,0,
1785512669.8830,2026-07-31T11:44:29.883,66.255,667,,,,0,,,,1.1289,128.35,1.0308,-2751.65,1,20.0,auto:SEARCHING,+0.000,+0.000,+0.200,-0.400,1100,0,
1785512669.9832,2026-07-31T11:44:29.983,66.355,668,,,,0,,,,1.1240,131.97,1.0258,-2748.03,1,20.0,auto:SEARCHING,+0.000,+0.000,+0.196,-0.400,1100,0,
1785512670.0842,2026-07-31T11:44:30.084,66.456,669,,,,0,,,,1.1265,133.78,1.0284,-2746.22,1,20.0,auto:SEARCHING,+0.000,+0.000,+0.187,-0.400,1100,0,
1785512670.1836,2026-07-31T11:44:30.183,66.555,670,,,,0,,,,1.1215,137.40,1.0234,-2742.60,1,20.0,auto:SEARCHING,+0.000,+0.000,+0.172,-0.400,1100,0,
1785512670.2830,2026-07-31T11:44:30.283,66.655,671,,,,0,,,,1.1171,141.05,1.0190,-2738.95,1,20.0,auto:SEARCHING,+0.000,+0.000,+0.157,-0.400,1100,0,
1785512670.3817,2026-07-31T11:44:30.381,66.753,672,,,,0,,,,1.1145,142.86,1.0164,-2737.14,1,20.0,auto:SEARCHING,+0.000,+0.000,+0.134,-0.400,1100,0,
1785512670.4807,2026-07-31T11:44:30.480,66.852,673,,,,0,,,,1.1122,146.52,1.0141,-2733.48,1,20.0,auto:SEARCHING,+0.000,+0.000,+0.112,-0.400,1100,0,
1785512670.5801,2026-07-31T11:44:30.580,66.952,674,,,,0,,,,1.1125,148.32,1.0144,-2731.68,1,20.0,auto:SEARCHING,+0.000,+0.000,+0.086,-0.400,1100,0,
1785512670.6795,2026-07-31T11:44:30.679,67.051,675,,,,0,,,,1.1043,151.95,1.0062,-2728.05,1,20.0,auto:SEARCHING,+0.000,+0.000,+0.059,-0.400,1100,0,
1785512670.7788,2026-07-31T11:44:30.778,67.150,676,,,,0,,,,1.1031,155.61,1.0050,-2724.39,1,20.0,auto:SEARCHING,+0.000,+0.000,+0.022,-0.400,1100,0,
1785512670.8777,2026-07-31T11:44:30.877,67.249,677,,,,0,,,,1.1044,157.44,1.0062,-2722.56,1,20.0,auto:SEARCHING,+0.000,+0.000,+0.000,-0.400,1100,0,
1785512670.9765,2026-07-31T11:44:30.976,67.348,678,,,,0,,,,1.0977,161.06,0.9995,-2718.94,1,20.0,auto:SEARCHING,+0.000,+0.000,+0.000,-0.400,1100,0,
1785512671.0758,2026-07-31T11:44:31.075,67.447,679,,,,0,,,,1.0973,162.88,0.9992,-2717.12,1,20.0,auto:SEARCHING,+0.000,+0.000,+0.000,-0.400,1100,0,
1785512671.1752,2026-07-31T11:44:31.175,67.547,680,,,,0,,,,1.1012,166.52,1.0030,-2713.48,1,20.0,auto:SEARCHING,+0.000,+0.000,+0.000,-0.400,1100,0,
1785512671.2744,2026-07-31T11:44:31.274,67.646,681,,,,0,,,,1.0956,170.17,0.9974,-2709.83,1,20.0,auto:SEARCHING,+0.000,+0.000,+0.000,-0.400,1100,0,
1785512671.3736,2026-07-31T11:44:31.373,67.745,682,,,,0,,,,1.0939,172.00,0.9957,-2708.00,1,20.0,auto:SEARCHING,+0.000,+0.000,+0.000,-0.400,1100,0,
1785512671.4727,2026-07-31T11:44:31.472,67.844,683,,,,0,,,,1.0860,175.62,0.9878,-2704.38,1,20.0,auto:SEARCHING,+0.000,+0.000,+0.000,-0.400,1100,0,
1785512671.5719,2026-07-31T11:44:31.571,67.944,684,,,,0,,,,1.0897,177.42,0.9916,-2702.58,1,20.0,auto:SEARCHING,+0.000,+0.000,+0.000,-0.400,1100,0,
1785512671.6714,2026-07-31T11:44:31.671,68.043,685,,,,0,,,,1.0868,-178.95,0.9886,-2698.95,1,20.0,auto:SEARCHING,+0.000,+0.000,+0.000,-0.400,1100,0,
1785512671.7704,2026-07-31T11:44:31.770,68.142,686,,,,0,,,,1.0846,-175.31,0.9865,-2695.31,1,20.0,auto:SEARCHING,+0.000,+0.000,+0.000,-0.400,1100,0,
1785512671.8696,2026-07-31T11:44:31.869,68.241,687,,,,0,,,,1.0811,-173.49,0.9830,-2693.49,1,20.0,auto:SEARCHING,+0.000,+0.000,+0.000,-0.400,1100,0,
1785512671.9686,2026-07-31T11:44:31.968,68.340,688,,,,0,,,,1.0833,-169.85,0.9851,-2689.85,1,20.0,auto:SEARCHING,+0.000,+0.000,+0.000,-0.400,1100,0,
1785512672.0689,2026-07-31T11:44:32.068,68.441,689,,,,0,,,,1.0784,-167.97,0.9803,-2687.97,1,20.0,auto:SEARCHING,+0.000,+0.000,+0.000,-0.400,1100,0,
1785512672.1693,2026-07-31T11:44:32.169,68.541,690,,,,0,,,,1.0716,-164.33,0.9735,-2684.33,1,20.0,auto:SEARCHING,+0.000,+0.000,+0.000,-0.400,1100,0,
1785512672.2685,2026-07-31T11:44:32.268,68.640,691,,,,0,,,,1.0688,-160.70,0.9706,-2680.70,1,20.0,auto:SEARCHING,+0.000,+0.000,+0.000,-0.400,1100,0,
1785512672.3676,2026-07-31T11:44:32.367,68.739,692,,,,0,,,,1.0655,-158.90,0.9674,-2678.90,1,20.0,auto:SEARCHING,+0.000,+0.000,+0.000,-0.400,1100,0,
1785512672.4671,2026-07-31T11:44:32.467,68.839,693,,,,0,,,,1.0603,-155.29,0.9621,-2675.29,1,20.0,auto:SEARCHING,+0.000,+0.000,+0.000,-0.400,1100,0,
1785512672.5653,2026-07-31T11:44:32.565,68.937,694,,,,0,,,,1.0641,-153.51,0.9660,-2673.51,1,20.0,auto:ADVANCING,+1.000,+0.000,+0.176,+0.615,1100,0,
1785512672.6647,2026-07-31T11:44:32.664,69.036,695,,,,0,,,,1.0633,-151.26,0.9652,-2671.26,1,20.0,auto:ADVANCING,+1.000,+0.000,+0.176,+0.615,1100,0,
1785512672.7641,2026-07-31T11:44:32.764,69.136,696,,,,0,,,,1.0522,-153.54,0.9541,-2673.54,1,20.0,auto:ADVANCING,+1.000,+0.000,+0.176,+0.615,1100,0,
1785512672.8642,2026-07-31T11:44:32.864,69.236,697,,,,0,,,,1.0522,-155.79,0.9540,-2675.79,1,20.0,auto:ADVANCING,+1.000,+0.000,+0.176,+0.615,1100,0,
1785512672.9624,2026-07-31T11:44:32.962,69.334,698,,,,0,,,,1.0516,-161.24,0.9535,-2681.24,1,20.0,auto:ADVANCING,+1.000,+0.000,+0.176,+0.615,1100,0,
1785512673.0621,2026-07-31T11:44:33.062,69.434,699,,,,0,,,,1.0496,-164.22,0.9515,-2684.22,1,20.0,auto:SEARCHING,+0.000,+0.000,+0.000,+0.400,1100,0,
1785512673.1608,2026-07-31T11:44:33.160,69.532,700,,,,0,,,,1.0555,-169.56,0.9573,-2689.56,1,20.0,auto:SEARCHING,+0.000,+0.000,+0.000,+0.400,1100,0,
1785512673.2621,2026-07-31T11:44:33.262,69.634,701,,,,0,,,,1.0526,-171.70,0.9545,-2691.70,1,20.0,auto:SEARCHING,+0.000,+0.000,+0.000,+0.400,1100,0,
1785512673.3624,2026-07-31T11:44:33.362,69.734,702,,,,0,,,,1.0467,-175.60,0.9485,-2695.60,1,20.0,auto:SEARCHING,+0.000,+0.000,+0.010,+0.400,1100,0,
1785512673.4619,2026-07-31T11:44:33.461,69.834,703,,,,0,,,,1.0476,-179.61,0.9495,-2699.61,1,20.0,auto:SEARCHING,+0.000,+0.000,+0.031,+0.400,1100,0,
1785512673.5614,2026-07-31T11:44:33.561,69.933,704,,,,0,,,,1.0476,178.31,0.9494,-2701.69,1,20.0,auto:SEARCHING,+0.000,+0.000,+0.069,+0.400,1100,0,
1785512673.6607,2026-07-31T11:44:33.660,70.032,705,,,,0,,,,1.0392,174.17,0.9410,-2705.83,1,20.0,auto:SEARCHING,+0.000,+0.000,+0.095,+0.400,1100,0,
1785512673.7595,2026-07-31T11:44:33.759,70.131,706,,,,0,,,,1.0341,172.15,0.9360,-2707.85,1,20.0,auto:SEARCHING,+0.000,+0.000,+0.121,+0.400,1100,0,
1785512673.8592,2026-07-31T11:44:33.859,70.231,707,,,,0,,,,1.0269,168.20,0.9288,-2711.80,1,20.0,auto:SEARCHING,+0.000,+0.000,+0.143,+0.400,1100,0,
1785512673.9584,2026-07-31T11:44:33.958,70.330,708,,,,0,,,,1.0147,164.36,0.9165,-2715.64,1,20.0,auto:SEARCHING,+0.000,+0.000,+0.168,+0.400,1100,0,
1785512674.0577,2026-07-31T11:44:34.057,70.429,709,,,,0,,,,1.0107,162.45,0.9125,-2717.55,1,20.0,auto:SEARCHING,+0.000,+0.000,+0.182,+0.400,1100,0,
1785512674.1567,2026-07-31T11:44:34.156,70.528,710,,,,0,,,,1.0023,158.62,0.9041,-2721.38,1,20.0,auto:SEARCHING,+0.000,+0.000,+0.192,+0.400,1100,0,
1785512674.2556,2026-07-31T11:44:34.255,70.627,711,,,,0,,,,0.9959,156.70,0.8978,-2723.30,1,20.0,auto:SEARCHING,+0.000,+0.000,-0.600,+0.400,1100,0,
1785512674.3563,2026-07-31T11:44:34.356,70.728,712,,,,0,,,,0.9913,152.83,0.8932,-2727.17,1,20.0,auto:SEARCHING,+0.000,+0.000,-0.600,+0.400,1100,0,
1785512674.4560,2026-07-31T11:44:34.456,70.828,713,,,,0,,,,0.9898,148.93,0.8917,-2731.07,1,20.0,auto:SEARCHING,+0.000,+0.000,-0.600,+0.400,1100,0,
1785512674.5550,2026-07-31T11:44:34.555,70.927,714,,,,0,,,,0.9877,146.95,0.8896,-2733.05,1,20.0,auto:SEARCHING,+0.000,+0.000,-0.600,+0.400,1100,0,
1785512674.6562,2026-07-31T11:44:34.656,71.028,715,,,,0,,,,0.9830,142.95,0.8849,-2737.05,1,20.0,auto:SEARCHING,+0.000,+0.000,-0.600,+0.400,1100,0,
1785512674.7546,2026-07-31T11:44:34.754,71.126,716,,,,0,,,,0.9802,140.99,0.8821,-2739.01,1,20.0,auto:SEARCHING,+0.000,+0.000,-0.600,+0.400,1100,0,
1785512674.8546,2026-07-31T11:44:34.854,71.226,717,,,,0,,,,0.9899,137.14,0.8918,-2742.86,1,20.0,auto:SEARCHING,+0.000,+0.000,-0.600,+0.400,1100,0,
1785512674.9538,2026-07-31T11:44:34.953,71.326,718,,,,0,,,,0.9947,133.41,0.8966,-2746.59,1,20.0,auto:SEARCHING,+0.000,+0.000,-0.600,+0.400,1100,0,
1785512675.0531,2026-07-31T11:44:35.053,71.425,719,,,,0,,,,0.9955,131.61,0.8974,-2748.39,1,20.0,auto:SEARCHING,+0.000,+0.000,-0.600,+0.400,1100,0,
1785512675.1521,2026-07-31T11:44:35.152,71.524,720,,,,0,,,,1.0010,128.06,0.9028,-2751.94,1,20.0,auto:SEARCHING,+0.000,+0.000,-0.600,+0.400,1100,0,
1785512675.2512,2026-07-31T11:44:35.251,71.623,721,,,,0,,,,1.0001,126.33,0.9019,-2753.67,1,20.0,auto:SEARCHING,+0.000,+0.000,+0.031,+0.400,1100,0,
1785512675.3502,2026-07-31T11:44:35.350,71.722,722,,,,0,,,,1.0092,122.90,0.9111,-2757.10,1,20.0,auto:SEARCHING,+0.000,+0.000,+0.000,+0.400,1100,0,
1785512675.4487,2026-07-31T11:44:35.448,71.820,723,,,,0,,,,1.0086,119.45,0.9104,-2760.55,1,20.0,auto:SEARCHING,+0.000,+0.000,+0.000,+0.400,1100,0,
1785512675.5477,2026-07-31T11:44:35.547,71.919,724,,,,0,,,,1.0131,117.70,0.9150,-2762.30,1,20.0,auto:SEARCHING,+0.000,+0.000,+0.000,+0.400,1100,0,
1785512675.6466,2026-07-31T11:44:35.646,72.018,725,,,,0,,,,1.0173,114.13,0.9192,-2765.87,1,20.0,auto:SEARCHING,+0.000,+0.000,+0.000,+0.400,1100,0,
1785512675.7458,2026-07-31T11:44:35.745,72.117,726,,,,0,,,,1.0129,112.31,0.9148,-2767.69,1,20.0,auto:SEARCHING,+0.000,+0.000,+0.000,+0.400,1100,0,
1785512675.8461,2026-07-31T11:44:35.846,72.218,727,,,,0,,,,1.0133,108.65,0.9152,-2771.35,1,20.0,auto:SEARCHING,+0.000,+0.000,+0.000,+0.400,1100,0,
1785512675.9463,2026-07-31T11:44:35.946,72.318,728,,,,0,,,,1.0114,104.97,0.9132,-2775.03,1,20.0,auto:SEARCHING,+0.000,+0.000,+0.000,+0.400,1100,0,
1785512676.0464,2026-07-31T11:44:36.046,72.418,729,,,,0,,,,1.0135,103.13,0.9153,-2776.87,1,20.0,auto:SEARCHING,+0.000,+0.000,+0.000,+0.400,1100,0,
1785512676.1475,2026-07-31T11:44:36.147,72.519,730,,,,0,,,,1.0117,99.47,0.9136,-2780.53,1,20.0,auto:SEARCHING,+0.000,+0.000,+0.000,+0.400,1100,0,
1785512676.2470,2026-07-31T11:44:36.247,72.619,731,,,,0,,,,1.0034,97.66,0.9053,-2782.34,1,20.0,auto:SEARCHING,+0.000,+0.000,+0.000,+0.400,1100,0,
1785512676.3455,2026-07-31T11:44:36.345,72.717,732,,,,0,,,,0.9997,94.06,0.9016,-2785.94,1,20.0,auto:SEARCHING,+0.000,+0.000,-0.600,+0.400,1100,0,
1785512676.4448,2026-07-31T11:44:36.444,72.816,733,,,,0,,,,1.0019,92.27,0.9037,-2787.73,1,20.0,auto:SEARCHING,+0.000,+0.000,+0.000,+0.400,1100,0,
1785512676.5446,2026-07-31T11:44:36.544,72.916,734,,,,0,,,,0.9996,88.70,0.9015,-2791.30,1,20.0,auto:SEARCHING,+0.000,+0.000,-0.600,+0.400,1100,0,
1785512676.6450,2026-07-31T11:44:36.645,73.017,735,,,,0,,,,0.9948,85.07,0.8967,-2794.93,1,20.0,auto:SEARCHING,+0.000,+0.000,-0.600,+0.400,1100,0,
1785512676.7444,2026-07-31T11:44:36.744,73.116,736,,,,0,,,,0.9919,83.24,0.8938,-2796.76,1,20.0,auto:SEARCHING,+0.000,+0.000,-0.600,+0.400,1100,0,
1785512676.8437,2026-07-31T11:44:36.843,73.215,737,,,,0,,,,0.9894,79.70,0.8913,-2800.30,1,20.0,auto:SEARCHING,+0.000,+0.000,-0.600,+0.400,1100,0,
1785512676.9427,2026-07-31T11:44:36.942,73.314,738,,,,0,,,,0.9918,77.96,0.8937,-2802.04,1,20.0,auto:SEARCHING,+0.000,+0.000,-0.600,+0.400,1100,0,
1785512677.0419,2026-07-31T11:44:37.041,73.414,739,,,,0,,,,0.9956,74.52,0.8975,-2805.48,1,20.0,auto:SEARCHING,+0.000,+0.000,-0.600,+0.400,1100,0,
1785512677.1409,2026-07-31T11:44:37.140,73.513,740,,,,0,,,,0.9958,71.15,0.8977,-2808.85,1,20.0,auto:SEARCHING,+0.000,+0.000,-0.600,+0.400,1100,0,
1785512677.2395,2026-07-31T11:44:37.239,73.611,741,,,,0,,,,1.0021,69.46,0.9039,-2810.54,1,20.0,auto:SEARCHING,+0.000,+0.000,+0.000,+0.400,1100,0,
1785512677.3385,2026-07-31T11:44:37.338,73.710,742,,,,0,,,,1.0029,66.05,0.9048,-2813.95,1,20.0,auto:SEARCHING,+0.000,+0.000,+0.003,+0.400,1100,0,
1785512677.4375,2026-07-31T11:44:37.437,73.809,743,,,,0,,,,1.0032,64.36,0.9051,-2815.64,1,20.0,auto:SEARCHING,+0.000,+0.000,+0.031,+0.400,1100,0,
1785512677.5365,2026-07-31T11:44:37.536,73.908,744,,,,0,,,,1.0007,60.99,0.9025,-2819.01,1,20.0,auto:SEARCHING,+0.000,+0.000,+0.058,+0.400,1100,0,
1785512677.6373,2026-07-31T11:44:37.637,74.009,745,,,,0,,,,0.9972,57.54,0.8991,-2822.46,1,20.0,auto:SEARCHING,+0.000,+0.000,-0.600,+0.400,1100,0,
1785512677.7359,2026-07-31T11:44:37.735,74.108,746,,,,0,,,,1.0010,55.81,0.9029,-2824.19,1,20.0,auto:SEARCHING,+0.000,+0.000,+0.118,+0.400,1100,0,
1785512677.8352,2026-07-31T11:44:37.835,74.207,747,,,,0,,,,0.9965,52.34,0.8983,-2827.66,1,20.0,auto:SEARCHING,+0.000,+0.000,-0.600,+0.400,1100,0,
1785512677.9352,2026-07-31T11:44:37.935,74.307,748,,,,0,,,,0.9940,50.63,0.8958,-2829.37,1,20.0,auto:SEARCHING,+0.000,+0.000,-0.600,+0.400,1100,0,
1785512678.0345,2026-07-31T11:44:38.034,74.406,749,,,,0,,,,0.9946,47.04,0.8965,-2832.96,1,20.0,auto:SEARCHING,+0.000,+0.000,-0.600,+0.400,1100,0,
1785512678.1340,2026-07-31T11:44:38.134,74.506,750,,,,0,,,,0.9907,43.42,0.8925,-2836.58,1,20.0,auto:SEARCHING,+0.000,+0.000,-0.600,+0.400,1100,0,
1785512678.2345,2026-07-31T11:44:38.234,74.606,751,,,,0,,,,0.9914,41.61,0.8933,-2838.39,1,20.0,auto:SEARCHING,+0.000,+0.000,-0.600,+0.400,1100,0,
1785512678.3338,2026-07-31T11:44:38.333,74.705,752,,,,0,,,,0.9911,38.15,0.8930,-2841.85,1,20.0,auto:SEARCHING,+0.000,+0.000,-0.600,+0.400,1100,0,
1785512678.4326,2026-07-31T11:44:38.432,74.804,753,,,,0,,,,0.9992,36.46,0.9011,-2843.54,1,20.0,auto:SEARCHING,+0.000,+0.000,-0.600,+0.400,1100,0,
1785512678.5336,2026-07-31T11:44:38.533,74.905,754,,,,0,,,,1.0001,33.10,0.9019,-2846.90,1,20.0,auto:SEARCHING,+0.000,+0.000,+0.190,+0.400,1100,0,
1785512678.6327,2026-07-31T11:44:38.632,75.004,755,,,,0,,,,1.0053,29.77,0.9072,-2850.23,1,20.0,auto:SEARCHING,+0.000,+0.000,+0.179,+0.400,1100,0,
1785512678.7317,2026-07-31T11:44:38.731,75.103,756,,,,0,,,,1.0049,28.11,0.9068,-2851.89,1,20.0,auto:SEARCHING,+0.000,+0.000,+0.162,+0.400,1100,0,
1785512678.8309,2026-07-31T11:44:38.830,75.203,757,,,,0,,,,1.0147,24.74,0.9166,-2855.26,1,20.0,auto:SEARCHING,+0.000,+0.000,+0.144,+0.400,1100,0,
1785512678.9297,2026-07-31T11:44:38.929,75.301,758,,,,0,,,,1.0141,23.03,0.9159,-2856.97,1,20.0,auto:SEARCHING,+0.000,+0.000,+0.124,+0.400,1100,0,
1785512679.0291,2026-07-31T11:44:39.029,75.401,759,,,,0,,,,1.0146,19.58,0.9164,-2860.42,1,20.0,auto:SEARCHING,+0.000,+0.000,+0.099,+0.400,1100,0,
1785512679.1288,2026-07-31T11:44:39.128,75.500,760,,,,0,,,,1.0151,16.03,0.9170,-2863.97,1,20.0,auto:SEARCHING,+0.000,+0.000,+0.063,+0.400,1100,0,
1785512679.2280,2026-07-31T11:44:39.227,75.600,761,,,,0,,,,1.0156,14.24,0.9174,-2865.76,1,20.0,auto:SEARCHING,+0.000,+0.000,+0.035,+0.400,1100,0,
1785512679.3271,2026-07-31T11:44:39.327,75.699,762,,,,0,,,,1.0151,10.60,0.9170,-2869.40,1,20.0,auto:SEARCHING,+0.000,+0.000,+0.005,+0.400,1100,0,
1785512679.4261,2026-07-31T11:44:39.426,75.798,763,,,,0,,,,1.0183,8.76,0.9202,-2871.24,1,20.0,auto:SEARCHING,+0.000,+0.000,+0.000,+0.400,1100,0,
1785512679.5249,2026-07-31T11:44:39.524,75.897,764,,,,0,,,,1.0147,5.04,0.9166,-2874.96,1,20.0,auto:SEARCHING,+0.000,+0.000,+0.000,+0.400,1100,0,
1785512679.6236,2026-07-31T11:44:39.623,75.995,765,,,,0,,,,1.0200,3.16,0.9218,-2876.84,1,20.0,auto:SEARCHING,+0.000,+0.000,+0.000,+0.400,1100,0,
1785512679.7228,2026-07-31T11:44:39.722,76.095,766,,,,0,,,,1.0158,-0.59,0.9176,-2880.59,1,20.0,auto:SEARCHING,+0.000,+0.000,+0.000,+0.400,1100,0,
1785512679.8217,2026-07-31T11:44:39.821,76.193,767,,,,0,,,,1.0175,-4.36,0.9193,-2884.36,1,20.0,auto:SEARCHING,+0.000,+0.000,+0.000,+0.400,1100,0,
1785512679.9225,2026-07-31T11:44:39.922,76.294,768,,,,0,,,,1.0150,-6.23,0.9169,-2886.23,1,20.0,auto:SEARCHING,+0.000,+0.000,+0.000,+0.400,1100,0,
1785512680.0225,2026-07-31T11:44:40.022,76.394,769,,,,0,,,,1.0194,-9.96,0.9212,-2889.96,1,20.0,auto:SEARCHING,+0.000,+0.000,+0.000,+0.400,1100,0,
1785512680.1217,2026-07-31T11:44:40.121,76.493,770,,,,0,,,,1.0160,-11.83,0.9179,-2891.83,1,20.0,auto:SEARCHING,+0.000,+0.000,+0.000,+0.400,1100,0,
1785512680.2208,2026-07-31T11:44:40.220,76.593,771,,,,0,,,,1.0092,-15.56,0.9111,-2895.56,1,20.0,auto:SEARCHING,+0.000,+0.000,+0.000,+0.400,1100,0,
1785512680.3197,2026-07-31T11:44:40.319,76.691,772,,,,0,,,,1.0094,-17.43,0.9113,-2897.43,1,20.0,auto:SEARCHING,+0.000,+0.000,+0.000,+0.400,1100,0,
1785512680.4192,2026-07-31T11:44:40.419,76.791,773,,,,0,,,,1.0077,-21.18,0.9095,-2901.18,1,20.0,auto:SEARCHING,+0.000,+0.000,+0.000,+0.400,1100,0,
1785512680.5186,2026-07-31T11:44:40.518,76.890,774,,,,0,,,,1.0074,-24.94,0.9092,-2904.94,1,20.0,auto:SEARCHING,+0.000,+0.000,+0.000,+0.400,1100,0,
1785512680.6177,2026-07-31T11:44:40.617,76.989,775,,,,0,,,,1.0011,-26.83,0.9029,-2906.83,1,20.0,auto:SEARCHING,+0.000,+0.000,+0.000,+0.400,1100,0,
1785512680.7168,2026-07-31T11:44:40.716,77.089,776,,,,0,,,,1.0045,-30.61,0.9064,-2910.61,1,20.0,auto:SEARCHING,+0.000,+0.000,+0.000,+0.400,1100,0,
1785512680.8166,2026-07-31T11:44:40.816,77.188,777,,,,0,,,,0.9991,-32.48,0.9009,-2912.48,1,20.0,auto:SEARCHING,+0.000,+0.000,-0.600,+0.400,1100,0,
1785512680.9182,2026-07-31T11:44:40.918,77.290,778,,,,0,,,,0.9969,-36.25,0.8988,-2916.25,1,20.0,auto:SEARCHING,+0.000,+0.000,-0.600,+0.400,1100,0,
1785512681.0185,2026-07-31T11:44:41.018,77.390,779,,,,0,,,,0.9971,-40.05,0.8990,-2920.05,1,20.0,auto:SEARCHING,+0.000,+0.000,-0.600,+0.400,1100,0,
1785512681.1206,2026-07-31T11:44:41.120,77.492,780,,,,0,,,,0.9942,-41.95,0.8961,-2921.95,1,20.0,auto:SEARCHING,+0.000,+0.000,-0.600,+0.400,1100,0,
1785512681.2199,2026-07-31T11:44:41.219,77.592,781,,,,0,,,,0.9892,-45.53,0.8911,-2925.53,1,20.0,auto:SEARCHING,+0.000,+0.000,-0.600,+0.400,1100,0,
1785512681.3188,2026-07-31T11:44:41.318,77.690,782,,,,0,,,,0.9951,-49.04,0.8970,-2929.04,1,20.0,auto:SEARCHING,+0.000,+0.000,-0.600,+0.400,1100,0,
1785512681.4183,2026-07-31T11:44:41.418,77.790,783,,,,0,,,,0.9947,-50.77,0.8966,-2930.77,1,20.0,auto:SEARCHING,+0.000,+0.000,-0.600,+0.400,1100,0,
1785512681.5173,2026-07-31T11:44:41.517,77.889,784,,,,0,,,,0.9970,-54.20,0.8989,-2934.20,1,20.0,auto:SEARCHING,+0.000,+0.000,-0.600,+0.400,1100,0,
1785512681.6173,2026-07-31T11:44:41.617,77.989,785,,,,0,,,,1.0006,-55.93,0.9024,-2935.93,1,20.0,auto:SEARCHING,+0.000,+0.000,+0.082,+0.400,1100,0,
1785512681.7164,2026-07-31T11:44:41.716,78.088,786,,,,0,,,,1.0004,-59.37,0.9022,-2939.37,1,20.0,auto:SEARCHING,+0.000,+0.000,+0.108,+0.400,1100,0,
1785512681.8161,2026-07-31T11:44:41.816,78.188,787,,,,0,,,,0.9971,-62.93,0.8990,-2942.93,1,20.0,auto:SEARCHING,+0.000,+0.000,-0.600,+0.400,1100,0,
1785512681.9153,2026-07-31T11:44:41.915,78.287,788,,,,0,,,,0.9966,-64.86,0.8985,-2944.86,1,20.0,auto:SEARCHING,+0.000,+0.000,-0.600,+0.400,1100,0,
1785512682.0137,2026-07-31T11:44:42.013,78.385,789,,,,0,,,,0.9885,-68.64,0.8904,-2948.64,1,20.0,auto:SEARCHING,+0.000,+0.000,-0.600,+0.400,1100,0,
1785512682.1127,2026-07-31T11:44:42.112,78.484,790,,,,0,,,,0.9891,-70.56,0.8910,-2950.56,1,20.0,auto:SEARCHING,+0.000,+0.000,-0.600,+0.400,1100,0,
1785512682.2117,2026-07-31T11:44:42.211,78.583,791,,,,0,,,,0.9876,-74.48,0.8895,-2954.48,1,20.0,auto:SEARCHING,+0.000,+0.000,-0.600,+0.400,1100,0,
1785512682.3116,2026-07-31T11:44:42.311,78.683,792,,,,0,,,,0.9889,-76.45,0.8908,-2956.45,1,20.0,auto:SEARCHING,+0.000,+0.000,-0.600,+0.400,1100,0,
1785512682.4109,2026-07-31T11:44:42.410,78.783,793,,,,0,,,,0.9959,-80.38,0.8978,-2960.38,1,20.0,auto:SEARCHING,+0.000,+0.000,-0.600,+0.400,1100,0,
1785512682.5108,2026-07-31T11:44:42.510,78.883,794,,,,0,,,,1.0027,-84.27,0.9046,-2964.27,1,20.0,auto:SEARCHING,+0.000,+0.000,+0.193,+0.400,1100,0,
1785512682.6105,2026-07-31T11:44:42.610,78.982,795,,,,0,,,,1.0050,-86.19,0.9069,-2966.19,1,20.0,auto:SEARCHING,+0.000,+0.000,+0.183,+0.400,1100,0,
1785512682.7095,2026-07-31T11:44:42.709,79.081,796,,,,0,,,,1.0077,-90.10,0.9096,-2970.10,1,20.0,auto:SEARCHING,+0.000,+0.000,+0.170,+0.400,1100,0,
1785512682.8078,2026-07-31T11:44:42.807,79.180,797,,,,0,,,,1.0142,-92.11,0.9161,-2972.11,1,20.0,auto:SEARCHING,+0.000,+0.000,+0.147,+0.400,1100,0,
1785512682.9070,2026-07-31T11:44:42.907,79.279,798,,,,0,,,,1.0154,-95.99,0.9173,-2975.99,1,20.0,auto:SEARCHING,+0.000,+0.000,+0.124,+0.400,1100,0,
1785512683.0062,2026-07-31T11:44:43.006,79.378,799,,,,0,,,,1.0182,-99.89,0.9201,-2979.89,1,20.0,auto:SEARCHING,+0.000,+0.000,+0.101,+0.400,1100,0,
1785512683.1051,2026-07-31T11:44:43.105,79.477,800,,,,0,,,,1.0190,-101.85,0.9209,-2981.85,1,20.0,auto:SEARCHING,+0.000,+0.000,+0.075,+0.400,1100,0,
1785512683.2047,2026-07-31T11:44:43.204,79.576,801,,,,0,,,,1.0158,-105.78,0.9177,-2985.78,1,20.0,auto:SEARCHING,+0.000,+0.000,+0.048,+0.400,1100,0,
1785512683.3042,2026-07-31T11:44:43.304,79.676,802,,,,0,,,,1.0144,-107.79,0.9162,-2987.79,1,20.0,auto:SEARCHING,+0.000,+0.000,+0.009,+0.400,1100,0,
1785512683.4034,2026-07-31T11:44:43.403,79.775,803,,,,0,,,,1.0176,-111.76,0.9194,-2991.76,1,20.0,auto:SEARCHING,+0.000,+0.000,+0.000,+0.400,1100,0,
1785512683.5035,2026-07-31T11:44:43.503,79.875,804,,,,0,,,,1.0172,-113.73,0.9190,-2993.73,1,20.0,auto:SEARCHING,+0.000,+0.000,+0.000,+0.400,1100,0,
1785512683.6025,2026-07-31T11:44:43.602,79.974,805,,,,0,,,,1.0198,-117.66,0.9216,-2997.66,1,20.0,auto:SEARCHING,+0.000,+0.000,+0.000,+0.400,1100,0,
1785512683.7007,2026-07-31T11:44:43.700,80.072,806,,,,0,,,,1.0147,-121.57,0.9166,-3001.57,1,20.0,auto:SEARCHING,+0.000,+0.000,+0.000,+0.400,1100,0,
1785512683.8000,2026-07-31T11:44:43.800,80.172,807,,,,0,,,,1.0123,-123.51,0.9141,-3003.51,1,20.0,auto:SEARCHING,+0.000,+0.000,+0.000,+0.400,1100,0,
1785512683.8993,2026-07-31T11:44:43.899,80.271,808,,,,0,,,,1.0153,-127.40,0.9172,-3007.40,1,20.0,auto:SEARCHING,+0.000,+0.000,+0.000,+0.400,1100,0,
1785512683.9985,2026-07-31T11:44:43.998,80.370,809,,,,0,,,,1.0140,-129.31,0.9159,-3009.31,1,20.0,auto:SEARCHING,+0.000,+0.000,+0.000,+0.400,1100,0,
1785512684.0974,2026-07-31T11:44:44.097,80.469,810,,,,0,,,,1.0087,-133.14,0.9106,-3013.14,1,20.0,auto:SEARCHING,+0.000,+0.000,+0.000,+0.400,1100,0,
1785512684.1975,2026-07-31T11:44:44.197,80.569,811,,,,0,,,,1.0028,-136.98,0.9046,-3016.98,1,20.0,auto:SEARCHING,+0.000,+0.000,+0.000,+0.400,1100,0,
1785512684.2963,2026-07-31T11:44:44.296,80.668,812,,,,0,,,,1.0000,-138.89,0.9018,-3018.89,1,20.0,auto:SEARCHING,+0.000,+0.000,-0.600,+0.400,1100,0,
1785512684.3954,2026-07-31T11:44:44.395,80.767,813,,,,0,,,,1.0056,-142.77,0.9074,-3022.77,1,20.0,auto:SEARCHING,+0.000,+0.000,+0.000,+0.400,1100,0,
1785512684.4936,2026-07-31T11:44:44.493,80.865,814,,,,0,,,,0.9991,-144.72,0.9010,-3024.72,1,20.0,auto:SEARCHING,+0.000,+0.000,-0.600,+0.400,1100,0,
1785512684.5934,2026-07-31T11:44:44.593,80.965,815,,,,0,,,,0.9971,-148.65,0.8989,-3028.65,1,20.0,auto:SEARCHING,+0.000,+0.000,+0.000,+0.400,1100,0,
1785512684.6940,2026-07-31T11:44:44.694,81.066,816,,,,0,,,,0.9987,-152.62,0.9006,-3032.62,1,20.0,auto:SEARCHING,+0.000,+0.000,+0.000,+0.400,1100,0,
1785512684.7935,2026-07-31T11:44:44.793,81.165,817,,,,0,,,,0.9969,-154.55,0.8987,-3034.55,1,20.0,auto:ADVANCING,+1.000,+0.000,-0.600,+0.603,1100,0,
1785512684.8936,2026-07-31T11:44:44.893,81.265,818,,,,0,,,,0.9953,-158.84,0.8972,-3038.84,1,20.0,auto:ADVANCING,+1.000,+0.000,-0.600,+0.603,1100,0,
1785512684.9926,2026-07-31T11:44:44.992,81.364,819,,,,0,,,,0.9974,-161.65,0.8993,-3041.65,1,20.0,auto:ADVANCING,+1.000,+0.000,-0.600,+0.603,1100,0,
1785512685.0928,2026-07-31T11:44:45.092,81.464,820,,,,0,,,,0.9986,-167.80,0.9005,-3047.80,1,20.0,auto:ADVANCING,+1.000,+0.000,-0.600,+0.603,1100,0,
1785512685.1922,2026-07-31T11:44:45.192,81.564,821,,,,0,,,,1.0032,-174.33,0.9050,-3054.33,1,20.0,auto:ADVANCING,+1.000,+0.000,+0.048,+0.603,1100,0,
1785512685.2917,2026-07-31T11:44:45.291,81.663,822,,,,0,,,,1.0102,-177.68,0.9121,-3057.68,1,20.0,auto:ADVANCING,+1.000,+0.000,+0.048,+0.603,1100,0,
1785512685.3908,2026-07-31T11:44:45.390,81.762,823,,,,0,,,,1.0167,175.37,0.9185,-3064.63,1,20.0,auto:SEARCHING,+0.000,+0.000,+0.000,+0.400,1100,0,
1785512685.4914,2026-07-31T11:44:45.491,81.863,824,,,,0,,,,1.0104,172.51,0.9123,-3067.49,1,20.0,auto:SEARCHING,+0.000,+0.000,+0.000,+0.400,1100,0,
1785512685.5905,2026-07-31T11:44:45.590,81.962,825,,,,0,,,,1.0062,167.02,0.9081,-3072.98,1,20.0,auto:ADVANCING,+1.000,+0.000,+0.024,-0.151,1100,0,
1785512685.6916,2026-07-31T11:44:45.691,82.063,826,,,,0,,,,1.0105,161.04,0.9123,-3078.96,1,20.0,auto:ADVANCING,+1.000,+0.000,+0.035,-0.259,1100,0,
1785512685.7927,2026-07-31T11:44:45.792,82.164,827,,,,0,,,,1.0093,157.92,0.9112,-3082.08,1,20.0,auto:ADVANCING,+1.000,+0.000,+0.035,-0.259,1100,0,
1785512685.8940,2026-07-31T11:44:45.894,82.266,828,,,,0,,,,1.0085,155.20,0.9104,-3084.80,1,20.0,auto:ADVANCING,+1.000,+0.000,+0.069,-0.439,1100,0,
1785512685.9933,2026-07-31T11:44:45.993,82.365,829,,,,0,,,,0.9945,155.08,0.8963,-3084.92,1,20.0,auto:ADVANCING,+1.000,+0.000,-0.600,-0.497,1100,0,
1785512686.0924,2026-07-31T11:44:46.092,82.464,830,,,,0,,,,0.9882,156.39,0.8901,-3083.61,1,20.0,auto:ADVANCING,+1.000,+0.000,-0.600,-0.499,1100,0,
1785512686.1914,2026-07-31T11:44:46.191,82.563,831,,,,0,,,,0.9969,157.59,0.8988,-3082.41,1,20.0,auto:ADVANCING,+1.000,+0.000,-0.600,-0.499,1100,0,
1785512686.2901,2026-07-31T11:44:46.290,82.662,832,,,,0,,,,0.9993,160.86,0.9011,-3079.14,1,20.0,auto:ADVANCING,+1.000,+0.000,-0.600,-0.499,1100,0,
1785512686.3906,2026-07-31T11:44:46.390,82.762,833,,,,0,,,,1.0014,165.13,0.9033,-3074.87,1,20.0,auto:ADVANCING,+1.000,+0.000,-0.600,-0.499,1100,0,
1785512686.4889,2026-07-31T11:44:46.488,82.861,834,,,,0,,,,1.0010,167.59,0.9028,-3072.41,1,20.0,auto:ADVANCING,+1.000,+0.000,+0.055,-0.499,1100,0,
1785512686.5879,2026-07-31T11:44:46.587,82.960,835,,,,0,,,,0.9985,172.98,0.9004,-3067.02,1,20.0,auto:SEARCHING,+0.000,+0.000,-0.600,-0.400,1100,0,
1785512686.6870,2026-07-31T11:44:46.687,83.059,836,,,,0,,,,1.0001,175.62,0.9019,-3064.38,1,20.0,auto:SEARCHING,+0.000,+0.000,+0.000,-0.400,1100,0,
1785512686.7862,2026-07-31T11:44:46.786,83.158,837,,,,0,,,,0.9890,179.75,0.8908,-3060.25,1,20.0,auto:SEARCHING,+0.000,+0.000,-0.600,-0.400,1100,0,
1785512686.8849,2026-07-31T11:44:46.884,83.257,838,,,,0,,,,0.9813,-176.25,0.8832,-3056.25,1,20.0,auto:SEARCHING,+0.000,+0.000,-0.600,-0.400,1100,0,
1785512686.9843,2026-07-31T11:44:46.984,83.356,839,,,,0,,,,0.9743,-174.27,0.8762,-3054.27,1,20.0,auto:SEARCHING,+0.000,+0.000,-0.600,-0.400,1100,0,
1785512687.0835,2026-07-31T11:44:47.083,83.455,840,,,,0,,,,0.9709,-170.41,0.8727,-3050.41,1,20.0,auto:ADVANCING,+0.000,+0.000,-0.600,+0.400,1100,0,
1785512687.1837,2026-07-31T11:44:47.183,83.555,841,,,,0,,,,0.9688,-168.44,0.8707,-3048.44,1,20.0,auto:ADVANCING,+1.000,+0.000,-0.600,+0.140,1100,0,
1785512687.2837,2026-07-31T11:44:47.283,83.655,842,,,,0,,,,0.9748,-167.09,0.8767,-3047.09,1,20.0,auto:ADVANCING,+1.000,+0.000,-0.600,+0.255,1100,0,
1785512687.3823,2026-07-31T11:44:47.382,83.754,843,,,,0,,,,0.9735,-168.30,0.8754,-3048.30,1,20.0,auto:ADVANCING,+1.000,+0.000,-0.600,+0.260,1100,0,
1785512687.4812,2026-07-31T11:44:47.481,83.853,844,,,,0,,,,0.9626,-171.21,0.8645,-3051.21,1,20.0,auto:ADVANCING,+1.000,+0.000,-0.600,+0.191,1100,0,
1785512687.5804,2026-07-31T11:44:47.580,83.952,845,,,,0,,,,0.9760,-173.40,0.8778,-3053.40,1,20.0,auto:ADVANCING,+1.000,+0.000,-0.600,+0.164,1100,0,
1785512687.6790,2026-07-31T11:44:47.679,84.051,846,,,,0,,,,0.9844,-174.40,0.8863,-3054.40,1,20.0,auto:ADVANCING,+1.000,+0.000,-0.600,+0.120,1100,0,
1785512687.7780,2026-07-31T11:44:47.777,84.150,847,,,,0,,,,1.0013,-176.31,0.9031,-3056.31,1,20.0,auto:ADVANCING,+1.000,+0.000,-0.600,+0.091,1100,0,
1785512687.8775,2026-07-31T11:44:47.877,84.249,848,,,,0,,,,1.0114,-177.28,0.9133,-3057.28,1,20.0,auto:ADVANCING,+1.000,+0.000,+0.172,+0.072,1100,0,
1785512687.9762,2026-07-31T11:44:47.976,84.348,849,,,,0,,,,1.0151,-179.18,0.9169,-3059.18,1,20.0,auto:ADVANCING,+1.000,+0.000,+0.135,+0.026,1100,0,
1785512688.0755,2026-07-31T11:44:48.075,84.447,850,,,,0,,,,1.0278,179.12,0.9296,-3060.88,1,20.0,auto:ADVANCING,+1.000,+0.000,+0.103,-0.001,1100,0,
1785512688.1756,2026-07-31T11:44:48.175,84.547,851,,,,0,,,,1.0387,178.39,0.9406,-3061.61,1,20.0,auto:ADVANCING,+1.000,+0.000,+0.076,-0.022,1100,0,
1785512688.2757,2026-07-31T11:44:48.275,84.647,852,,,,0,,,,1.0178,177.64,0.9197,-3062.36,1,20.0,auto:ADVANCING,+1.000,+0.000,+0.048,-0.039,1100,0,
1785512688.3744,2026-07-31T11:44:48.374,84.746,853,,,,0,,,,1.0286,177.48,0.9304,-3062.52,1,20.0,auto:ADVANCING,+1.000,+0.000,+0.021,-0.049,1100,0,
1785512688.4738,2026-07-31T11:44:48.473,84.845,854,,,,0,,,,1.0318,177.57,0.9337,-3062.43,1,20.0,auto:ADVANCING,+1.000,+0.000,+0.000,-0.053,1100,0,
1785512688.5738,2026-07-31T11:44:48.573,84.946,855,,,,0,,,,1.0246,177.99,0.9264,-3062.01,1,20.0,auto:ADVANCING,+1.000,+0.000,+0.000,-0.047,1100,0,
1785512688.6758,2026-07-31T11:44:48.675,85.047,856,,,,0,,,,1.0258,178.36,0.9277,-3061.64,1,20.0,auto:ADVANCING,+1.000,+0.000,+0.000,-0.041,1100,0,
1785512688.7755,2026-07-31T11:44:48.775,85.147,857,,,,0,,,,1.0077,179.28,0.9096,-3060.72,1,20.0,auto:ADVANCING,+1.000,+0.000,+0.000,-0.031,1100,0,
1785512688.8739,2026-07-31T11:44:48.873,85.246,858,,,,0,,,,1.0120,179.71,0.9139,-3060.29,1,20.0,auto:ADVANCING,+1.000,+0.000,+0.000,-0.015,1100,0,
1785512688.9734,2026-07-31T11:44:48.973,85.345,859,,,,0,,,,1.0100,-179.34,0.9119,-3059.34,1,20.0,auto:ADVANCING,+1.000,+0.000,+0.000,-0.003,1100,0,
1785512689.0724,2026-07-31T11:44:49.072,85.444,860,,,,0,,,,1.0039,-178.90,0.9058,-3058.90,1,20.0,auto:ADVANCING,+1.000,+0.000,+0.000,+0.008,1100,0,
1785512689.1728,2026-07-31T11:44:49.172,85.544,861,,,,0,,,,0.9874,-178.17,0.8893,-3058.17,1,20.0,auto:ADVANCING,+1.000,+0.000,-0.600,+0.022,1100,0,
1785512689.2717,2026-07-31T11:44:49.271,85.643,862,,,,0,,,,0.9821,-177.81,0.8840,-3057.81,1,20.0,auto:ADVANCING,+1.000,+0.000,-0.600,+0.033,1100,0,
1785512689.3704,2026-07-31T11:44:49.370,85.742,863,,,,0,,,,0.9885,-177.84,0.8904,-3057.84,1,20.0,auto:ADVANCING,+1.000,+0.000,-0.600,+0.038,1100,0,
1785512689.4697,2026-07-31T11:44:49.469,85.841,864,,,,0,,,,0.9763,-177.94,0.8781,-3057.94,1,20.0,auto:ADVANCING,+1.000,+0.000,-0.600,+0.040,1100,0,
1785512689.5688,2026-07-31T11:44:49.568,85.941,865,,,,0,,,,0.9718,-177.99,0.8737,-3057.99,1,20.0,auto:ADVANCING,+1.000,+0.000,-0.600,+0.040,1100,0,
1785512689.6692,2026-07-31T11:44:49.669,86.041,866,,,,0,,,,0.9700,-178.13,0.8718,-3058.13,1,20.0,auto:ADVANCING,+1.000,+0.000,-0.600,+0.041,1100,0,
1785512689.7689,2026-07-31T11:44:49.768,86.141,867,,,,0,,,,0.9665,-178.20,0.8684,-3058.20,1,20.0,auto:ADVANCING,+1.000,+0.000,-0.600,+0.044,1100,0,
1785512689.8682,2026-07-31T11:44:49.868,86.240,868,,,,0,,,,0.9566,-178.28,0.8585,-3058.28,1,20.0,auto:ADVANCING,+1.000,+0.000,-0.600,+0.045,1100,0,
1785512689.9674,2026-07-31T11:44:49.967,86.339,869,,,,0,,,,0.9554,-178.68,0.8573,-3058.68,1,20.0,auto:ADVANCING,+1.000,+0.000,-0.600,+0.041,1100,0,
1785512690.0663,2026-07-31T11:44:50.066,86.438,870,,,,0,,,,0.9486,-178.84,0.8505,-3058.84,1,20.0,auto:ADVANCING,+1.000,+0.000,-0.600,+0.038,1100,0,
1785512690.1656,2026-07-31T11:44:50.165,86.537,871,,,,0,,,,0.9271,-179.08,0.8290,-3059.08,1,20.0,auto:ADVANCING,+1.000,+0.000,-0.600,+0.035,1100,0,
1785512690.2642,2026-07-31T11:44:50.264,86.636,872,,,,0,,,,0.9197,-179.32,0.8216,-3059.32,1,20.0,auto:ADVANCING,+1.000,+0.000,-0.600,+0.031,1100,0,
1785512690.3636,2026-07-31T11:44:50.363,86.735,873,,,,0,,,,0.9127,-179.43,0.8145,-3059.43,1,20.0,auto:ADVANCING,+1.000,+0.000,-0.600,+0.028,1100,0,
1785512690.4627,2026-07-31T11:44:50.462,86.834,874,,,,0,,,,0.9154,-179.65,0.8173,-3059.65,1,20.0,auto:ADVANCING,+1.000,+0.000,-0.600,+0.025,1100,0,
1785512690.5615,2026-07-31T11:44:50.561,86.933,875,,,,0,,,,0.9038,-179.72,0.8056,-3059.72,1,20.0,auto:ADVANCING,+1.000,+0.000,-0.600,+0.023,1100,0,
1785512690.6602,2026-07-31T11:44:50.660,87.032,876,,,,0,,,,0.9112,-179.73,0.8130,-3059.73,1,20.0,auto:ADVANCING,+1.000,+0.000,-0.600,+0.023,1100,0,
1785512690.7589,2026-07-31T11:44:50.758,87.131,877,,,,0,,,,0.9084,-179.88,0.8102,-3059.88,1,20.0,auto:ADVANCING,+1.000,+0.000,-0.600,+0.022,1100,0,
1785512690.8592,2026-07-31T11:44:50.859,87.231,878,,,,0,,,,0.9128,-179.97,0.8147,-3059.97,1,20.0,auto:ADVANCING,+1.000,+0.000,-0.600,+0.021,1100,0,
1785512690.9582,2026-07-31T11:44:50.958,87.330,879,,,,0,,,,0.9082,179.84,0.8101,-3060.16,1,20.0,auto:ADVANCING,+1.000,+0.000,-0.600,+0.018,1100,0,
1785512691.0570,2026-07-31T11:44:51.056,87.429,880,,,,0,,,,0.9118,179.72,0.8137,-3060.28,1,20.0,auto:ADVANCING,+1.000,+0.000,-0.600,+0.020,1100,0,
1785512691.1575,2026-07-31T11:44:51.157,87.529,881,,,,0,,,,0.9139,179.45,0.8158,-3060.55,1,20.0,auto:ADVANCING,+1.000,+0.000,-0.600,+0.014,1100,0,
1785512691.2568,2026-07-31T11:44:51.256,87.628,882,,,,0,,,,0.9283,179.20,0.8301,-3060.80,1,20.0,auto:ADVANCING,+1.000,+0.000,-0.600,+0.011,1100,0,
1785512691.3556,2026-07-31T11:44:51.355,87.727,883,,,,0,,,,0.9232,179.10,0.8251,-3060.90,1,20.0,auto:ADVANCING,+1.000,+0.000,-0.600,+0.010,1100,0,
1785512691.4558,2026-07-31T11:44:51.455,87.827,884,,,,0,,,,0.9331,178.89,0.8350,-3061.11,1,20.0,auto:ADVANCING,+1.000,+0.000,-0.600,+0.008,1100,0,
1785512691.5541,2026-07-31T11:44:51.554,87.926,885,,,,0,,,,0.9441,178.84,0.8460,-3061.16,1,20.0,auto:ADVANCING,+1.000,+0.000,-0.600,+0.007,1100,0,
1785512691.6535,2026-07-31T11:44:51.653,88.025,886,,,,0,,,,0.9439,178.84,0.8457,-3061.16,1,20.0,auto:ADVANCING,+1.000,+0.000,-0.600,+0.006,1100,0,
1785512691.7535,2026-07-31T11:44:51.753,88.125,887,,,,0,,,,0.9517,178.85,0.8535,-3061.15,1,20.0,auto:ADVANCING,+1.000,+0.000,-0.600,+0.008,1100,0,
1785512691.8523,2026-07-31T11:44:51.852,88.224,888,,,,0,,,,0.9603,178.85,0.8622,-3061.15,1,20.0,auto:ADVANCING,+1.000,+0.000,-0.600,+0.009,1100,0,
1785512691.9516,2026-07-31T11:44:51.951,88.323,889,,,,0,,,,0.9624,178.87,0.8643,-3061.13,1,20.0,auto:ADVANCING,+1.000,+0.000,-0.600,+0.010,1100,0,
1785512692.0502,2026-07-31T11:44:52.050,88.422,890,,,,0,,,,0.9642,178.83,0.8661,-3061.17,1,20.0,auto:ADVANCING,+1.000,+0.000,-0.600,+0.011,1100,0,
1785512692.1495,2026-07-31T11:44:52.149,88.521,891,,,,0,,,,0.9922,178.74,0.8941,-3061.26,1,20.0,auto:ADVANCING,+1.000,+0.000,-0.600,+0.008,1100,0,
1785512692.2490,2026-07-31T11:44:52.248,88.621,892,,,,0,,,,0.9820,178.68,0.8839,-3061.32,1,20.0,auto:ADVANCING,+1.000,+0.000,-0.600,+0.009,1100,0,
1785512692.3487,2026-07-31T11:44:52.348,88.720,893,,,,0,,,,0.9819,178.52,0.8838,-3061.48,1,20.0,auto:ADVANCING,+1.000,+0.000,-0.600,+0.007,1100,0,
1785512692.4477,2026-07-31T11:44:52.447,88.819,894,,,,0,,,,1.0029,178.42,0.9047,-3061.58,1,20.0,auto:ADVANCING,+1.000,+0.000,+0.359,+0.007,1100,0,
1785512692.5471,2026-07-31T11:44:52.547,88.919,895,,,,0,,,,1.0071,178.15,0.9090,-3061.85,1,20.0,auto:ADVANCING,+1.000,+0.000,+0.390,-0.000,1100,0,
1785512692.6466,2026-07-31T11:44:52.646,89.018,896,,,,0,,,,1.0186,177.88,0.9204,-3062.12,1,20.0,auto:ADVANCING,+1.000,+0.000,+0.397,-0.003,1100,0,
1785512692.7451,2026-07-31T11:44:52.745,89.117,897,,,,0,,,,1.0075,177.88,0.9093,-3062.12,1,20.0,auto:ADVANCING,+1.000,+0.000,+0.397,-0.018,1100,0,
1785512692.8441,2026-07-31T11:44:52.844,89.216,898,,,,0,,,,1.0170,177.95,0.9188,-3062.05,1,20.0,auto:ADVANCING,+1.000,+0.000,+0.386,-0.033,1100,0,
1785512692.9430,2026-07-31T11:44:52.942,89.315,899,,,,0,,,,1.0211,178.04,0.9229,-3061.96,1,20.0,auto:ADVANCING,+1.000,+0.000,+0.362,-0.038,1100,0,
1785512693.0427,2026-07-31T11:44:53.042,89.414,900,,,,0,,,,1.0287,178.18,0.9306,-3061.82,1,20.0,auto:ADVANCING,+1.000,+0.000,+0.328,-0.059,1100,0,
1785512693.1414,2026-07-31T11:44:53.141,89.513,901,,,,0,,,,1.0280,178.55,0.9299,-3061.45,1,20.0,auto:ADVANCING,+1.000,+0.000,+0.293,-0.074,1100,0,
1785512693.2406,2026-07-31T11:44:53.240,89.612,902,,,,0,,,,1.0333,178.77,0.9352,-3061.23,1,20.0,auto:ADVANCING,+1.000,+0.000,+0.252,-0.087,1100,0,
1785512693.3398,2026-07-31T11:44:53.339,89.712,903,,,,0,,,,1.0285,179.33,0.9303,-3060.67,1,20.0,auto:ADVANCING,+1.000,+0.000,+0.207,-0.099,1100,0,
1785512693.4388,2026-07-31T11:44:53.438,89.810,904,,,,0,,,,1.0450,179.77,0.9469,-3060.23,1,20.0,auto:ADVANCING,+1.000,+0.000,+0.166,-0.108,1100,0,
1785512693.5384,2026-07-31T11:44:53.538,89.910,905,,,,0,,,,1.0388,-179.07,0.9407,-3059.07,1,20.0,auto:ADVANCING,+1.000,+0.000,+0.124,-0.114,1100,0,
1785512693.6384,2026-07-31T11:44:53.638,90.010,906,,,,0,,,,1.0318,-177.72,0.9336,-3057.72,1,20.0,auto:ADVANCING,+1.000,+0.000,+0.072,-0.140,1100,0,
1785512693.7379,2026-07-31T11:44:53.737,90.110,907,,,,0,,,,1.0366,-176.85,0.9384,-3056.85,1,20.0,auto:ADVANCING,+1.000,+0.000,+0.041,-0.115,1100,0,
1785512693.8374,2026-07-31T11:44:53.837,90.209,908,,,,0,,,,1.0332,-175.00,0.9351,-3055.00,1,20.0,auto:ADVANCING,+1.000,+0.000,+0.014,-0.109,1100,0,
1785512693.9364,2026-07-31T11:44:53.936,90.308,909,,,,0,,,,1.0343,-173.99,0.9362,-3053.99,1,20.0,auto:ADVANCING,+1.000,+0.000,+0.000,-0.098,1100,0,
1785512694.0352,2026-07-31T11:44:54.035,90.407,910,,,,0,,,,1.0382,-171.92,0.9401,-3051.92,1,20.0,auto:ADVANCING,+1.000,+0.000,+0.000,-0.087,1100,0,
1785512694.1340,2026-07-31T11:44:54.134,90.506,911,,,,0,,,,1.0307,-169.80,0.9326,-3049.80,1,20.0,auto:ADVANCING,+1.000,+0.000,+0.000,-0.075,1100,0,
1785512694.2335,2026-07-31T11:44:54.233,90.605,912,,,,0,,,,1.0121,-168.76,0.9139,-3048.76,1,20.0,auto:ADVANCING,+1.000,+0.000,+0.000,-0.067,1100,0,
1785512694.3326,2026-07-31T11:44:54.332,90.704,913,,,,0,,,,1.0162,-166.90,0.9181,-3046.90,1,20.0,auto:ADVANCING,+1.000,+0.000,+0.000,-0.055,1100,0,
1785512694.4315,2026-07-31T11:44:54.431,90.803,914,,,,0,,,,1.0031,-165.97,0.9050,-3045.97,1,20.0,auto:ADVANCING,+1.000,+0.000,+0.000,-0.047,1100,0,
1785512694.5307,2026-07-31T11:44:54.530,90.902,915,,,,0,,,,0.9916,-164.01,0.8934,-3044.01,1,20.0,auto:ADVANCING,+1.000,+0.000,-0.600,-0.032,1100,0,
1785512694.6297,2026-07-31T11:44:54.629,91.001,916,,,,0,,,,0.9805,-162.05,0.8824,-3042.05,1,20.0,auto:ADVANCING,+1.000,+0.000,-0.600,-0.017,1100,0,
1785512694.7288,2026-07-31T11:44:54.728,91.100,917,,,,0,,,,0.9823,-161.11,0.8841,-3041.11,1,20.0,auto:ADVANCING,+1.000,+0.000,-0.600,+0.002,1100,0,
1785512694.8276,2026-07-31T11:44:54.827,91.199,918,,,,0,,,,0.9747,-159.28,0.8766,-3039.28,1,20.0,auto:ADVANCING,+1.000,+0.000,-0.600,+0.030,1100,0,
1785512694.9264,2026-07-31T11:44:54.926,91.298,919,,,,0,,,,0.9662,-158.47,0.8681,-3038.47,1,20.0,auto:ADVANCING,+1.000,+0.000,-0.600,+0.056,1100,0,
1785512695.0271,2026-07-31T11:44:55.027,91.399,920,,,,0,,,,0.9504,-157.05,0.8522,-3037.05,1,20.0,auto:ADVANCING,+1.000,+0.000,-0.600,+0.092,1100,0,
1785512695.1264,2026-07-31T11:44:55.126,91.498,921,,,,0,,,,0.9538,-155.84,0.8557,-3035.84,1,20.0,auto:ADVANCING,+1.000,+0.000,-0.600,+0.110,1100,0,
1785512695.2256,2026-07-31T11:44:55.225,91.597,922,,,,0,,,,0.9417,-155.36,0.8435,-3035.36,1,20.0,auto:ADVANCING,+1.000,+0.000,-0.600,+0.147,1100,0,
1785512695.3246,2026-07-31T11:44:55.324,91.696,923,,,,0,,,,0.9259,-154.66,0.8278,-3034.66,1,20.0,auto:ADVANCING,+1.000,+0.000,-0.600,+0.169,1100,0,
1785512695.4235,2026-07-31T11:44:55.423,91.795,924,,,,0,,,,0.9277,-154.50,0.8295,-3034.50,1,20.0,auto:ADVANCING,+1.000,+0.000,-0.600,+0.190,1100,0,
1785512695.5230,2026-07-31T11:44:55.522,91.895,925,,,,0,,,,0.9195,-154.55,0.8213,-3034.55,1,20.0,auto:ADVANCING,+1.000,+0.000,-0.600,+0.213,1100,0,
1785512695.6231,2026-07-31T11:44:55.623,91.995,926,,,,0,,,,0.9240,-154.75,0.8259,-3034.75,1,20.0,auto:ADVANCING,+1.000,+0.000,-0.600,+0.222,1100,0,
1785512695.7232,2026-07-31T11:44:55.723,92.095,927,,,,0,,,,0.9147,-155.42,0.8166,-3035.42,1,20.0,auto:ADVANCING,+1.000,+0.000,-0.600,+0.237,1100,0,
1785512695.8231,2026-07-31T11:44:55.823,92.195,928,,,,0,,,,0.9195,-156.37,0.8214,-3036.37,1,20.0,auto:ADVANCING,+1.000,+0.000,-0.600,+0.240,1100,0,
1785512695.9225,2026-07-31T11:44:55.922,92.294,929,,,,0,,,,0.9178,-157.01,0.8196,-3037.01,1,20.0,auto:ADVANCING,+1.000,+0.000,-0.600,+0.243,1100,0,
1785512696.0211,2026-07-31T11:44:56.021,92.393,930,,,,0,,,,0.9234,-158.65,0.8252,-3038.65,1,20.0,auto:ADVANCING,+1.000,+0.000,-0.600,+0.239,1100,0,
1785512696.1204,2026-07-31T11:44:56.120,92.492,931,,,,0,,,,0.9284,-159.67,0.8303,-3039.67,1,20.0,auto:ADVANCING,+1.000,+0.000,-0.600,+0.232,1100,0,
1785512696.2193,2026-07-31T11:44:56.219,92.591,932,,,,0,,,,0.9335,-161.79,0.8354,-3041.79,1,20.0,auto:ADVANCING,+1.000,+0.000,-0.600,+0.221,1100,0,
1785512696.3201,2026-07-31T11:44:56.320,92.692,933,,,,0,,,,0.9358,-162.99,0.8376,-3042.99,1,20.0,auto:ADVANCING,+1.000,+0.000,-0.600,+0.205,1100,0,
1785512696.4197,2026-07-31T11:44:56.419,92.791,934,,,,0,,,,0.9471,-165.44,0.8490,-3045.44,1,20.0,auto:ADVANCING,+1.000,+0.000,-0.600,+0.186,1100,0,
1785512696.5187,2026-07-31T11:44:56.518,92.890,935,,,,0,,,,0.9756,-167.69,0.8775,-3047.69,1,20.0,auto:ADVANCING,+1.000,+0.000,-0.600,+0.167,1100,0,
1785512696.6175,2026-07-31T11:44:56.617,92.989,936,,,,0,,,,0.9765,-168.84,0.8783,-3048.84,1,20.0,auto:ADVANCING,+1.000,+0.000,-0.600,+0.155,1100,0,
1785512696.7165,2026-07-31T11:44:56.716,93.088,937,,,,0,,,,0.9780,-171.29,0.8799,-3051.29,1,20.0,auto:ADVANCING,+1.000,+0.000,-0.600,+0.138,1100,0,
1785512696.8155,2026-07-31T11:44:56.815,93.187,938,,,,0,,,,0.9939,-172.49,0.8957,-3052.49,1,20.0,auto:ADVANCING,+1.000,+0.000,-0.600,+0.118,1100,0,
1785512696.9149,2026-07-31T11:44:56.914,93.287,939,,,,0,,,,1.0085,-174.84,0.9104,-3054.84,1,20.0,auto:ADVANCING,+1.000,+0.000,+0.397,+0.097,1100,0,
1785512697.0144,2026-07-31T11:44:57.014,93.386,940,,,,0,,,,1.0135,-176.99,0.9154,-3056.99,1,20.0,auto:ADVANCING,+1.000,+0.000,+0.380,+0.090,1100,0,
1785512697.1137,2026-07-31T11:44:57.113,93.485,941,,,,0,,,,1.0129,-178.07,0.9148,-3058.07,1,20.0,auto:ADVANCING,+1.000,+0.000,+0.317,+0.071,1100,0,
1785512697.2127,2026-07-31T11:44:57.212,93.584,942,,,,0,,,,1.0153,179.63,0.9171,-3060.37,1,20.0,auto:ADVANCING,+1.000,+0.000,+0.276,+0.056,1100,0,
1785512697.3119,2026-07-31T11:44:57.311,93.684,943,,,,0,,,,1.0166,176.99,0.9185,-3063.01,1,20.0,auto:ADVANCING,+1.000,+0.000,+0.172,+0.032,1100,0,
1785512697.4105,2026-07-31T11:44:57.410,93.782,944,,,,0,,,,1.0070,175.69,0.9088,-3064.31,1,20.0,auto:ADVANCING,+1.000,+0.000,+0.086,+0.007,1100,0,
1785512697.5108,2026-07-31T11:44:57.510,93.882,945,,,,0,,,,1.0000,173.06,0.9019,-3066.94,1,20.0,auto:ADVANCING,+1.000,+0.000,+0.010,-0.014,1100,0,
1785512697.6091,2026-07-31T11:44:57.609,93.981,946,,,,0,,,,0.9993,171.80,0.9011,-3068.20,1,20.0,auto:ADVANCING,+1.000,+0.000,-0.600,-0.035,1100,0,
1785512697.7090,2026-07-31T11:44:57.709,94.081,947,,,,0,,,,0.9887,169.69,0.8905,-3070.31,1,20.0,auto:ADVANCING,+1.000,+0.000,-0.600,-0.051,1100,0,
1785512697.8085,2026-07-31T11:44:57.808,94.180,948,,,,0,,,,0.9851,168.76,0.8869,-3071.24,1,20.0,auto:ADVANCING,+1.000,+0.000,-0.600,-0.055,1100,0,
1785512697.9078,2026-07-31T11:44:57.907,94.279,949,,,,0,,,,0.9614,167.31,0.8632,-3072.69,1,20.0,auto:ADVANCING,+1.000,+0.000,-0.600,-0.072,1100,0,
1785512698.0067,2026-07-31T11:44:58.006,94.378,950,,,,0,,,,0.9428,166.08,0.8447,-3073.92,1,20.0,auto:ADVANCING,+1.000,+0.000,-0.600,-0.075,1100,0,
1785512698.1058,2026-07-31T11:44:58.105,94.477,951,,,,0,,,,0.9338,165.56,0.8357,-3074.44,1,20.0,auto:ORBITING,+1.000,+0.000,-0.600,-0.076,1100,0,
1785512698.2051,2026-07-31T11:44:58.205,94.577,952,,,,0,,,,0.9125,164.91,0.8144,-3075.09,1,20.0,auto:ORBITING,+0.477,+0.792,-0.600,-0.004,1100,0,
1785512698.3050,2026-07-31T11:44:58.304,94.677,953,,,,0,,,,0.9060,164.66,0.8078,-3075.34,1,20.0,auto:ORBITING,+0.484,+0.788,-0.600,+0.005,1100,0,
1785512698.4036,2026-07-31T11:44:58.403,94.775,954,,,,0,,,,0.8887,164.12,0.7905,-3075.88,1,20.0,auto:ORBITING,+0.447,+0.792,-0.600,-0.004,1100,0,
1785512698.5028,2026-07-31T11:44:58.502,94.874,955,,,,0,,,,0.8753,163.48,0.7772,-3076.52,1,20.0,auto:ORBITING,+0.396,+0.754,-0.600,-0.020,1100,0,
1785512698.6021,2026-07-31T11:44:58.602,94.974,956,,,,0,,,,0.8716,163.17,0.7735,-3076.83,1,20.0,auto:ORBITING,+0.351,+0.734,-0.600,-0.029,1100,0,
1785512698.7012,2026-07-31T11:44:58.701,95.073,957,,,,0,,,,0.8584,162.68,0.7603,-3077.32,1,20.0,auto:ORBITING,+0.310,+0.726,-0.600,-0.032,1100,0,
1785512698.8010,2026-07-31T11:44:58.800,95.173,958,,,,0,,,,0.8588,162.51,0.7606,-3077.49,1,20.0,auto:ORBITING,+0.241,+0.716,-0.600,-0.037,1100,0,
1785512698.8996,2026-07-31T11:44:58.899,95.271,959,,,,0,,,,0.8522,162.13,0.7541,-3077.87,1,20.0,auto:ORBITING,+0.220,+0.700,-0.600,-0.044,1100,0,
1785512698.9986,2026-07-31T11:44:58.998,95.370,960,,,,0,,,,0.8539,161.71,0.7558,-3078.29,1,20.0,auto:ORBITING,+0.218,+0.682,-0.600,-0.052,1100,0,
1785512699.0976,2026-07-31T11:44:59.097,95.469,961,,,,0,,,,0.8547,161.48,0.7566,-3078.52,1,20.0,auto:ORBITING,+0.228,+0.662,-0.600,-0.060,1100,0,
1785512699.1969,2026-07-31T11:44:59.196,95.569,962,,,,0,,,,0.8648,161.03,0.7666,-3078.97,1,20.0,auto:ORBITING,+0.288,+0.616,-0.600,-0.081,1100,0,
1785512699.2960,2026-07-31T11:44:59.296,95.668,963,,,,0,,,,0.8689,160.88,0.7707,-3079.12,1,20.0,auto:ORBITING,+0.205,+0.466,-0.600,-0.146,1100,0,
1785512699.3944,2026-07-31T11:44:59.394,95.766,964,,,,0,,,,0.8787,160.69,0.7805,-3079.31,1,20.0,auto:ORBITING,+0.042,+0.412,-0.600,-0.170,1100,0,
1785512699.4927,2026-07-31T11:44:59.492,95.864,965,,,,0,,,,0.8921,160.68,0.7940,-3079.32,1,20.0,auto:ORBITING,-0.118,+0.382,-0.600,-0.183,1100,0,
1785512699.5916,2026-07-31T11:44:59.591,95.963,966,,,,0,,,,0.8917,160.74,0.7935,-3079.26,1,20.0,auto:ORBITING,-0.199,+0.354,-0.600,-0.195,1100,0,
1785512699.6911,2026-07-31T11:44:59.691,96.063,967,,,,0,,,,0.9007,160.82,0.8025,-3079.18,1,20.0,auto:ORBITING,-0.230,+0.344,-0.600,-0.200,1100,0,
1785512699.7898,2026-07-31T11:44:59.789,96.162,968,,,,0,,,,0.9110,160.92,0.8129,-3079.08,1,20.0,auto:ORBITING,-0.287,+0.334,-0.600,-0.204,1100,0,
1785512699.8886,2026-07-31T11:44:59.888,96.260,969,,,,0,,,,0.9173,161.11,0.8191,-3078.89,1,20.0,auto:ORBITING,-0.296,+0.318,-0.600,-0.211,1100,0,
1785512699.9878,2026-07-31T11:44:59.987,96.359,970,,,,0,,,,0.9248,161.27,0.8267,-3078.73,1,20.0,auto:ORBITING,-0.298,+0.232,-0.600,-0.248,1100,0,
1785512700.0865,2026-07-31T11:45:00.086,96.458,971,,,,0,,,,0.9397,161.85,0.8416,-3078.15,1,20.0,auto:ORBITING,-0.320,+0.196,-0.600,-0.264,1100,0,
1785512700.1854,2026-07-31T11:45:00.185,96.557,972,,,,0,,,,0.9448,162.32,0.8467,-3077.68,1,20.0,auto:ORBITING,-0.269,+0.178,-0.600,-0.272,1100,0,
1785512700.2849,2026-07-31T11:45:00.284,96.657,973,,,,0,,,,0.9535,163.69,0.8554,-3076.31,1,20.0,auto:ORBITING,-0.260,+0.246,-0.600,-0.242,1100,0,
1785512700.3836,2026-07-31T11:45:00.383,96.755,974,,,,0,,,,0.9664,165.53,0.8683,-3074.47,1,20.0,auto:ORBITING,-0.154,+0.314,-0.600,-0.213,1100,0,
1785512700.4827,2026-07-31T11:45:00.482,96.854,975,,,,0,,,,0.9651,166.61,0.8670,-3073.39,1,20.0,auto:ORBITING,-0.071,+0.396,-0.600,-0.177,1100,0,
1785512700.5816,2026-07-31T11:45:00.581,96.953,976,,,,0,,,,0.9737,169.12,0.8755,-3070.88,1,20.0,auto:ORBITING,-0.067,+0.424,-0.600,-0.165,1100,0,
1785512700.6804,2026-07-31T11:45:00.680,97.052,977,,,,0,,,,0.9827,170.51,0.8846,-3069.49,1,20.0,auto:ORBITING,+0.023,+0.580,-0.600,-0.096,1100,0,
1785512700.7794,2026-07-31T11:45:00.779,97.151,978,,,,0,,,,0.9940,173.40,0.8959,-3066.60,1,20.0,auto:ORBITING,+0.068,+0.672,-0.600,-0.056,1100,0,
1785512700.8787,2026-07-31T11:45:00.878,97.250,979,,,,0,,,,1.0000,176.11,0.9019,-3063.89,1,20.0,auto:ORBITING,+0.066,+0.706,+0.645,-0.041,1100,0,
1785512700.9778,2026-07-31T11:45:00.977,97.349,980,,,,0,,,,1.0108,177.23,0.9127,-3062.77,1,20.0,auto:ORBITING,+0.021,+0.766,+0.645,-0.015,1100,0,
1785512701.0782,2026-07-31T11:45:01.078,97.450,981,,,,0,,,,1.0259,179.18,0.9278,-3060.82,1,20.0,auto:ORBITING,+0.058,+0.772,+0.635,+0.012,1100,0,
1785512701.1764,2026-07-31T11:45:01.176,97.548,982,,,,0,,,,1.0347,179.93,0.9366,-3060.07,1,20.0,auto:ORBITING,+0.159,+0.682,+0.600,+0.052,1100,0,
1785512701.2761,2026-07-31T11:45:01.276,97.648,983,,,,0,,,,1.0364,-179.13,0.9383,-3059.13,1,20.0,auto:ORBITING,+0.250,+0.582,+0.555,+0.095,1100,0,
1785512701.3743,2026-07-31T11:45:01.374,97.746,984,,,,0,,,,1.0376,-178.99,0.9394,-3058.99,1,20.0,auto:ORBITING,+0.344,+0.524,+0.514,+0.121,1100,0,
1785512701.4734,2026-07-31T11:45:01.473,97.845,985,,,,0,,,,1.0392,-179.22,0.9411,-3059.22,1,20.0,auto:ORBITING,+0.339,+0.528,+0.493,+0.119,1100,0,
1785512701.5731,2026-07-31T11:45:01.573,97.945,986,,,,0,,,,1.0407,-179.99,0.9425,-3059.99,1,20.0,auto:ORBITING,+0.389,+0.548,+0.424,+0.110,1100,0,
1785512701.6723,2026-07-31T11:45:01.672,98.044,987,,,,0,,,,1.0402,179.61,0.9420,-3060.39,1,20.0,auto:ORBITING,+0.451,+0.582,+0.348,+0.095,1100,0,
1785512701.7729,2026-07-31T11:45:01.772,98.145,988,,,,0,,,,1.0528,178.88,0.9547,-3061.12,1,20.0,auto:ORBITING,+0.498,+0.626,+0.255,+0.076,1100,0,
1785512701.8714,2026-07-31T11:45:01.871,98.243,989,,,,0,,,,1.0551,178.36,0.9570,-3061.64,1,20.0,auto:ORBITING,+0.524,+0.662,+0.179,+0.060,1100,0,
1785512701.9707,2026-07-31T11:45:01.970,98.342,990,,,,0,,,,1.0614,178.18,0.9632,-3061.82,1,20.0,auto:ORBITING,+0.552,+0.690,+0.097,+0.048,1100,0,
1785512702.0697,2026-07-31T11:45:02.069,98.441,991,,,,0,,,,1.0686,177.80,0.9705,-3062.20,1,20.0,auto:ORBITING,+0.580,+0.722,+0.017,+0.034,1100,0,
1785512702.1689,2026-07-31T11:45:02.168,98.541,992,,,,0,,,,1.0727,177.59,0.9746,-3062.41,1,20.0,auto:ORBITING,+0.607,+0.754,+0.000,+0.020,1100,0,
1785512702.2674,2026-07-31T11:45:02.267,98.639,993,,,,0,,,,1.0779,177.17,0.9798,-3062.83,1,20.0,auto:ORBITING,+0.622,+0.800,+0.000,-0.000,1100,0,
1785512702.3668,2026-07-31T11:45:02.366,98.739,994,,,,0,,,,1.0743,176.84,0.9761,-3063.16,1,20.0,auto:ORBITING,+0.620,+0.758,+0.000,-0.018,1100,0,
1785512702.4660,2026-07-31T11:45:02.465,98.838,995,,,,0,,,,1.0763,176.68,0.9781,-3063.32,1,20.0,auto:ORBITING,+0.629,+0.722,+0.000,-0.034,1100,0,
1785512702.5647,2026-07-31T11:45:02.564,98.936,996,,,,0,,,,1.0710,176.53,0.9728,-3063.47,1,20.0,auto:ORBITING,+0.643,+0.688,+0.000,-0.049,1100,0,
1785512702.6634,2026-07-31T11:45:02.663,99.035,997,,,,0,,,,1.0696,176.51,0.9715,-3063.49,1,20.0,auto:ORBITING,+0.685,+0.618,+0.000,-0.080,1100,0,
1785512702.7633,2026-07-31T11:45:02.763,99.135,998,,,,0,,,,1.0592,176.66,0.9610,-3063.34,1,20.0,auto:ORBITING,+0.677,+0.594,+0.000,-0.090,1100,0,
1785512702.8626,2026-07-31T11:45:02.862,99.234,999,,,,0,,,,1.0547,176.81,0.9566,-3063.19,1,20.0,auto:ORBITING,+0.657,+0.582,+0.000,-0.095,1100,0,
1785512702.9618,2026-07-31T11:45:02.961,99.333,1000,,,,0,,,,1.0428,177.15,0.9446,-3062.85,1,20.0,auto:ORBITING,+0.648,+0.556,+0.000,-0.107,1100,0,
1785512703.0606,2026-07-31T11:45:03.060,99.432,1001,,,,0,,,,1.0382,177.67,0.9401,-3062.33,1,20.0,auto:ORBITING,+0.641,+0.524,+0.000,-0.121,1100,0,
1785512703.1599,2026-07-31T11:45:03.159,99.532,1002,,,,0,,,,1.0328,178.06,0.9346,-3061.94,1,20.0,auto:ORBITING,+0.637,+0.510,+0.000,-0.127,1100,0,
1785512703.2588,2026-07-31T11:45:03.258,99.630,1003,,,,0,,,,1.0172,179.01,0.9190,-3060.99,1,20.0,auto:ORBITING,+0.603,+0.528,+0.000,-0.119,1100,0,
1785512703.3583,2026-07-31T11:45:03.358,99.730,1004,,,,0,,,,1.0181,179.58,0.9200,-3060.42,1,20.0,auto:ORBITING,+0.583,+0.554,+0.000,-0.108,1100,0,
1785512703.4582,2026-07-31T11:45:03.458,99.830,1005,,,,0,,,,1.0031,-179.28,0.9049,-3059.28,1,20.0,auto:ORBITING,+0.580,+0.588,+0.000,-0.093,1100,0,
1785512703.5593,2026-07-31T11:45:03.559,99.931,1006,,,,0,,,,1.0005,-178.71,0.9024,-3058.71,1,20.0,auto:ORBITING,+0.599,+0.620,+0.000,-0.079,1100,0,
1785512703.6592,2026-07-31T11:45:03.659,100.031,1007,,,,0,,,,0.9906,-177.48,0.8925,-3057.48,1,20.0,auto:ORBITING,+0.593,+0.670,-0.600,-0.057,1100,0,
1785512703.7577,2026-07-31T11:45:03.757,100.129,1008,,,,0,,,,0.9773,-176.20,0.8791,-3056.20,1,20.0,auto:ORBITING,+0.603,+0.714,-0.600,-0.038,1100,0,
1785512703.8568,2026-07-31T11:45:03.856,100.229,1009,,,,0,,,,0.9726,-175.55,0.8745,-3055.55,1,20.0,auto:ORBITING,+0.617,+0.760,-0.600,-0.018,1100,0,
1785512703.9556,2026-07-31T11:45:03.955,100.327,1010,,,,0,,,,0.9660,-174.32,0.8679,-3054.32,1,20.0,auto:ORBITING,+0.630,+0.798,-0.600,-0.001,1100,0,
1785512704.0549,2026-07-31T11:45:04.054,100.427,1011,,,,0,,,,0.9682,-173.04,0.8701,-3053.04,1,20.0,auto:ORBITING,+0.651,+0.750,-0.600,+0.022,1100,0,
1785512704.1545,2026-07-31T11:45:04.154,100.526,1012,,,,0,,,,0.9614,-172.33,0.8633,-3052.33,1,20.0,auto:ORBITING,+0.622,+0.676,-0.600,+0.054,1100,0,
1785512704.2537,2026-07-31T11:45:04.253,100.625,1013,,,,0,,,,0.9588,-170.90,0.8607,-3050.90,1,20.0,auto:ORBITING,+0.609,+0.624,-0.600,+0.077,1100,0,
1785512704.3529,2026-07-31T11:45:04.352,100.725,1014,,,,0,,,,0.9575,-170.18,0.8593,-3050.18,1,20.0,auto:ORBITING,+0.609,+0.564,-0.600,+0.103,1100,0,
1785512704.4518,2026-07-31T11:45:04.451,100.824,1015,,,,0,,,,0.9574,-168.81,0.8593,-3048.81,1,20.0,auto:ORBITING,+0.614,+0.504,-0.600,+0.130,1100,0,
1785512704.5519,2026-07-31T11:45:04.551,100.924,1016,,,,0,,,,0.9538,-167.64,0.8556,-3047.64,1,20.0,auto:ORBITING,+0.591,+0.440,-0.600,+0.158,1100,0,
1785512704.6508,2026-07-31T11:45:04.650,101.022,1017,,,,0,,,,0.9543,-167.18,0.8561,-3047.18,1,20.0,auto:ORBITING,+0.560,+0.360,-0.600,+0.193,1100,0,
1785512704.7498,2026-07-31T11:45:04.749,101.122,1018,,,,0,,,,0.9541,-166.83,0.8559,-3046.83,1,20.0,auto:ORBITING,+0.551,+0.308,-0.600,+0.215,1100,0,
1785512704.8491,2026-07-31T11:45:04.849,101.221,1019,,,,0,,,,0.9615,-167.03,0.8634,-3047.03,1,20.0,auto:ORBITING,+0.509,+0.276,-0.600,+0.229,1100,0,
1785512704.9480,2026-07-31T11:45:04.947,101.320,1020,,,,0,,,,0.9593,-168.05,0.8612,-3048.05,1,20.0,auto:ORBITING,+0.516,+0.260,-0.600,+0.236,1100,0,
1785512705.0473,2026-07-31T11:45:05.047,101.419,1021,,,,0,,,,0.9625,-168.82,0.8644,-3048.82,1,20.0,auto:ORBITING,+0.539,+0.270,-0.600,+0.232,1100,0,
1785512705.1459,2026-07-31T11:45:05.145,101.518,1022,,,,0,,,,0.9629,-170.58,0.8648,-3050.58,1,20.0,auto:ORBITING,+0.547,+0.296,-0.600,+0.221,1100,0,
1785512705.2450,2026-07-31T11:45:05.245,101.617,1023,,,,0,,,,0.9729,-172.52,0.8748,-3052.52,1,20.0,auto:ORBITING,+0.571,+0.320,-0.600,+0.210,1100,0,
1785512705.3441,2026-07-31T11:45:05.344,101.716,1024,,,,0,,,,0.9675,-173.57,0.8693,-3053.57,1,20.0,auto:ORBITING,+0.586,+0.376,-0.600,+0.185,1100,0,
1785512705.4444,2026-07-31T11:45:05.444,101.816,1025,,,,0,,,,0.9724,-175.50,0.8742,-3055.50,1,20.0,auto:ORBITING,+0.579,+0.434,-0.600,+0.160,1100,0,
1785512705.5452,2026-07-31T11:45:05.545,101.917,1026,,,,0,,,,0.9730,-176.31,0.8748,-3056.31,1,20.0,auto:ORBITING,+0.538,+0.480,-0.600,+0.140,1100,0,
1785512705.6442,2026-07-31T11:45:05.644,102.016,1027,,,,0,,,,0.9838,-177.66,0.8856,-3057.66,1,20.0,auto:ORBITING,+0.536,+0.484,-0.600,+0.138,1100,0,
1785512705.7427,2026-07-31T11:45:05.742,102.114,1028,,,,0,,,,0.9915,-178.80,0.8934,-3058.80,1,20.0,auto:ORBITING,+0.507,+0.490,-0.600,+0.136,1100,0,
1785512705.8418,2026-07-31T11:45:05.841,102.213,1029,,,,0,,,,0.9949,-179.35,0.8967,-3059.35,1,20.0,auto:ORBITING,+0.506,+0.490,-0.600,+0.136,1100,0,
1785512705.9406,2026-07-31T11:45:05.940,102.312,1030,,,,0,,,,1.0017,179.60,0.9036,-3060.40,1,20.0,auto:ORBITING,+0.442,+0.510,+0.128,+0.127,1100,0,
1785512706.0407,2026-07-31T11:45:06.040,102.412,1031,,,,0,,,,1.0048,179.06,0.9067,-3060.94,1,20.0,auto:ORBITING,+0.407,+0.526,+0.114,+0.120,1100,0,
1785512706.1403,2026-07-31T11:45:06.140,102.512,1032,,,,0,,,,1.0102,177.75,0.9121,-3062.25,1,20.0,auto:ORBITING,+0.393,+0.544,+0.097,+0.112,1100,0,
1785512706.2386,2026-07-31T11:45:06.238,102.610,1033,,,,0,,,,1.0109,176.99,0.9128,-3063.01,1,20.0,auto:ORBITING,+0.363,+0.576,+0.083,+0.098,1100,0,
1785512706.3377,2026-07-31T11:45:06.337,102.709,1034,,,,0,,,,1.0177,175.27,0.9195,-3064.73,1,20.0,auto:ORBITING,+0.373,+0.618,+0.059,+0.080,1100,0,
1785512706.4366,2026-07-31T11:45:06.436,102.808,1035,,,,0,,,,1.0162,173.55,0.9180,-3066.45,1,20.0,auto:ORBITING,+0.318,+0.702,+0.048,+0.043,1100,0,
1785512706.5357,2026-07-31T11:45:06.535,102.907,1036,,,,0,,,,1.0129,172.71,0.9147,-3067.29,1,20.0,auto:ORBITING,+0.282,+0.772,+0.017,+0.012,1100,0,
1785512706.6348,2026-07-31T11:45:06.634,103.007,1037,,,,0,,,,1.0138,171.18,0.9157,-3068.82,1,20.0,auto:ORBITING,+0.284,+0.782,+0.000,-0.008,1100,0,
1785512706.7341,2026-07-31T11:45:06.734,103.106,1038,,,,0,,,,1.0165,170.52,0.9183,-3069.48,1,20.0,auto:ORBITING,+0.193,+0.748,+0.000,-0.023,1100,0,
1785512706.8332,2026-07-31T11:45:06.833,103.205,1039,,,,0,,,,1.0117,169.45,0.9135,-3070.55,1,20.0,auto:ORBITING,+0.178,+0.700,+0.000,-0.044,1100,0,
1785512706.9329,2026-07-31T11:45:06.932,103.305,1040,,,,0,,,,1.0080,169.07,0.9099,-3070.93,1,20.0,auto:ORBITING,+0.176,+0.658,+0.000,-0.062,1100,0,
1785512707.0316,2026-07-31T11:45:07.031,103.403,1041,,,,0,,,,1.0060,168.68,0.9079,-3071.32,1,20.0,auto:ORBITING,+0.202,+0.612,+0.000,-0.082,1100,0,
1785512707.1307,2026-07-31T11:45:07.130,103.502,1042,,,,0,,,,1.0083,168.72,0.9102,-3071.28,1,20.0,auto:ORBITING,+0.250,+0.554,+0.000,-0.108,1100,0,
1785512707.2298,2026-07-31T11:45:07.229,103.601,1043,,,,0,,,,0.9989,168.91,0.9008,-3071.09,1,20.0,auto:ORBITING,+0.156,+0.438,-0.600,-0.158,1100,0,
1785512707.3286,2026-07-31T11:45:07.328,103.700,1044,,,,0,,,,0.9968,169.58,0.8987,-3070.42,1,20.0,auto:ORBITING,+0.050,+0.380,-0.600,-0.184,1100,0,
1785512707.4295,2026-07-31T11:45:07.429,103.801,1045,23,1.2172,0,1,1,1785512707.3341,95.4,0.9918,170.51,0.8937,-3069.49,1,20.0,auto:SCANNING,+0.000,+0.000,-0.600,-0.251,1100,0,
1785512707.5277,2026-07-31T11:45:07.527,103.899,1046,,,,0,,,,0.9880,170.74,0.8899,-3069.26,1,20.0,auto:SCANNING,+0.000,+0.000,-0.600,-0.259,1100,0,
1785512707.6270,2026-07-31T11:45:07.627,103.999,1047,,,,0,,,,0.9859,170.87,0.8877,-3069.13,1,20.0,auto:SCANNING,+0.000,+0.000,-0.600,-0.266,1100,0,
1785512707.7257,2026-07-31T11:45:07.725,104.097,1048,,,,0,,,,0.9825,170.94,0.8843,-3069.06,1,20.0,auto:SCANNING,+0.000,+0.000,-0.600,-0.277,1100,0,
1785512707.8247,2026-07-31T11:45:07.824,104.196,1049,,,,0,,,,0.9830,171.20,0.8848,-3068.80,1,20.0,auto:SCANNING,+0.000,+0.000,-0.600,-0.274,1100,0,
1785512707.9243,2026-07-31T11:45:07.924,104.296,1050,,,,0,,,,0.9821,171.38,0.8840,-3068.62,1,20.0,auto:SCANNING,+0.000,+0.000,-0.600,-0.319,1100,0,
1785512708.0237,2026-07-31T11:45:08.023,104.395,1051,,,,0,,,,0.9806,171.82,0.8825,-3068.18,1,20.0,auto:ORBITING,-0.377,+0.196,-0.600,-0.264,1100,0,
1785512708.1227,2026-07-31T11:45:08.122,104.494,1052,,,,0,,,,0.9795,172.54,0.8813,-3067.46,1,20.0,auto:ORBITING,-0.307,+0.182,-0.600,-0.270,1100,0,
1785512708.2218,2026-07-31T11:45:08.221,104.593,1053,,,,0,,,,0.9794,173.28,0.8812,-3066.72,1,20.0,auto:ORBITING,-0.266,+0.216,-0.600,-0.256,1100,0,
1785512708.3208,2026-07-31T11:45:08.320,104.693,1054,,,,0,,,,0.9850,175.10,0.8869,-3064.90,1,20.0,auto:ORBITING,-0.230,+0.284,-0.600,-0.226,1100,0,
1785512708.4213,2026-07-31T11:45:08.421,104.793,1055,,,,0,,,,0.9896,177.00,0.8915,-3063.00,1,20.0,auto:ORBITING,-0.125,+0.340,-0.600,-0.201,1100,0,
1785512708.5205,2026-07-31T11:45:08.520,104.892,1056,,,,0,,,,0.9960,177.96,0.8979,-3062.04,1,20.0,auto:ORBITING,+0.105,+0.406,-0.600,-0.172,1100,0,
1785512708.6199,2026-07-31T11:45:08.619,104.992,1057,9,1.1314,0,2,2,1785512708.5808,39.1,1.0002,-179.93,0.9021,-3059.93,1,20.0,auto:SCANNING,+0.000,+0.000,-0.600,-0.221,1100,0,
1785512708.6199,2026-07-31T11:45:08.619,104.992,1058,28,1.0270,0,2,2,1785512708.5808,39.1,1.0002,-179.93,0.9021,-3059.93,1,20.0,auto:SCANNING,+0.000,+0.000,-0.600,-0.221,1100,0,
1785512708.7193,2026-07-31T11:45:08.719,105.091,1059,,,,0,,,,1.0087,-178.91,0.9105,-3058.91,1,20.0,auto:SCANNING,+0.000,+0.000,+0.352,-0.236,1100,0,
1785512708.8193,2026-07-31T11:45:08.819,105.191,1060,28,1.0489,0,1,3,1785512708.7327,86.6,1.0148,-177.78,0.9166,-3057.78,1,20.0,auto:SCANNING,+0.000,+0.000,+0.386,-0.204,1100,0,
1785512708.9180,2026-07-31T11:45:08.917,105.290,1061,,,,0,,,,1.0163,-177.42,0.9182,-3057.42,1,20.0,auto:SCANNING,+0.000,+0.000,+0.393,-0.159,1100,0,
1785512709.0177,2026-07-31T11:45:09.017,105.389,1062,,,,0,,,,1.0241,-176.93,0.9260,-3056.93,1,20.0,auto:SCANNING,+0.000,+0.000,+0.390,-0.121,1100,0,
1785512709.1168,2026-07-31T11:45:09.116,105.488,1063,,,,0,,,,1.0309,-176.69,0.9327,-3056.69,1,20.0,auto:SCANNING,+0.000,+0.000,+0.393,-0.083,1100,0,
1785512709.2163,2026-07-31T11:45:09.216,105.588,1064,,,,0,,,,1.0309,-176.65,0.9327,-3056.65,1,20.0,auto:SCANNING,+0.000,+0.000,+0.386,-0.040,1100,0,
1785512709.3154,2026-07-31T11:45:09.315,105.687,1065,,,,0,,,,1.0306,-176.66,0.9325,-3056.66,1,20.0,auto:SCANNING,+0.000,+0.000,+0.373,+0.074,1100,0,
1785512709.4140,2026-07-31T11:45:09.414,105.786,1066,,,,0,,,,1.0370,-176.69,0.9389,-3056.69,1,20.0,auto:ORBITING,+0.361,+0.722,+0.348,+0.034,1100,0,
1785512709.5146,2026-07-31T11:45:09.514,105.886,1067,,,,0,,,,1.0345,-176.78,0.9364,-3056.78,1,20.0,auto:ORBITING,+0.415,+0.660,+0.328,+0.061,1100,0,
1785512709.6138,2026-07-31T11:45:09.613,105.985,1068,,,,0,,,,1.0430,-177.00,0.9448,-3057.00,1,20.0,auto:ORBITING,+0.460,+0.616,+0.297,+0.081,1100,0,
1785512709.7130,2026-07-31T11:45:09.712,106.085,1069,,,,0,,,,1.0419,-177.03,0.9438,-3057.03,1,20.0,auto:ORBITING,+0.510,+0.576,+0.269,+0.098,1100,0,
1785512709.8134,2026-07-31T11:45:09.813,106.185,1070,,,,0,,,,1.0438,-176.10,0.9456,-3056.10,1,20.0,auto:ORBITING,+0.533,+0.512,+0.235,+0.126,1100,0,
1785512709.9124,2026-07-31T11:45:09.912,106.284,1071,,,,0,,,,1.0356,-175.81,0.9375,-3055.81,1,20.0,auto:ORBITING,+0.586,+0.424,+0.162,+0.165,1100,0,
1785512710.0108,2026-07-31T11:45:10.010,106.382,1072,,,,0,,,,1.0510,-175.80,0.9529,-3055.80,1,20.0,auto:ORBITING,+0.606,+0.390,+0.110,+0.179,1100,0,
1785512710.1097,2026-07-31T11:45:10.109,106.481,1073,,,,0,,,,1.0542,-176.20,0.9560,-3056.20,1,20.0,auto:ORBITING,+0.632,+0.394,+0.055,+0.178,1100,0,
1785512710.2087,2026-07-31T11:45:10.208,106.580,1074,,,,0,,,,1.0549,-176.58,0.9568,-3056.58,1,20.0,auto:ORBITING,+0.637,+0.400,+0.010,+0.175,1100,0,
1785512710.3086,2026-07-31T11:45:10.308,106.680,1075,,,,0,,,,1.0538,-177.66,0.9556,-3057.66,1,20.0,auto:ORBITING,+0.657,+0.436,+0.000,+0.159,1100,0,
1785512710.4079,2026-07-31T11:45:10.407,106.780,1076,,,,0,,,,1.0583,-178.22,0.9601,-3058.22,1,20.0,auto:ORBITING,+0.672,+0.472,+0.000,+0.144,1100,0,
1785512710.5086,2026-07-31T11:45:10.508,106.880,1077,,,,0,,,,1.0564,-179.21,0.9583,-3059.21,1,20.0,auto:ORBITING,+0.677,+0.500,+0.000,+0.131,1100,0,
1785512710.6077,2026-07-31T11:45:10.607,106.979,1078,,,,0,,,,1.0573,-179.63,0.9592,-3059.63,1,20.0,auto:ORBITING,+0.688,+0.522,+0.000,+0.122,1100,0,
1785512710.7071,2026-07-31T11:45:10.707,107.079,1079,,,,0,,,,1.0504,179.77,0.9522,-3060.23,1,20.0,auto:ORBITING,+0.682,+0.534,+0.000,+0.116,1100,0,
1785512710.8065,2026-07-31T11:45:10.806,107.178,1080,,,,0,,,,1.0470,179.47,0.9488,-3060.53,1,20.0,auto:ORBITING,+0.673,+0.562,+0.000,+0.104,1100,0,
1785512710.9058,2026-07-31T11:45:10.905,107.277,1081,,,,0,,,,1.0433,179.42,0.9451,-3060.58,1,20.0,auto:ORBITING,+0.675,+0.568,+0.000,+0.102,1100,0,
1785512711.0049,2026-07-31T11:45:11.004,107.377,1082,,,,0,,,,1.0327,179.54,0.9345,-3060.46,1,20.0,auto:ORBITING,+0.640,+0.558,+0.000,+0.106,1100,0,
1785512711.1037,2026-07-31T11:45:11.103,107.475,1083,,,,0,,,,1.0279,179.70,0.9298,-3060.30,1,20.0,auto:ORBITING,+0.610,+0.542,+0.000,+0.113,1100,0,
1785512711.2028,2026-07-31T11:45:11.202,107.574,1084,,,,0,,,,1.0164,-179.87,0.9182,-3059.87,1,20.0,auto:ORBITING,+0.596,+0.522,+0.000,+0.122,1100,0,
1785512711.3023,2026-07-31T11:45:11.302,107.674,1085,,,,0,,,,1.0000,-179.41,0.9018,-3059.41,1,20.0,auto:ORBITING,+0.588,+0.484,-0.600,+0.138,1100,0,
1785512711.4012,2026-07-31T11:45:11.401,107.773,1086,,,,0,,,,0.9891,-179.25,0.8910,-3059.25,1,20.0,auto:ORBITING,+0.551,+0.464,-0.600,+0.147,1100,0,
1785512711.5003,2026-07-31T11:45:11.500,107.872,1087,,,,0,,,,0.9807,-179.11,0.8826,-3059.11,1,20.0,auto:ORBITING,+0.557,+0.446,-0.600,+0.155,1100,0,
1785512711.5994,2026-07-31T11:45:11.599,107.971,1088,,,,0,,,,0.9725,-179.18,0.8744,-3059.18,1,20.0,auto:ORBITING,+0.542,+0.422,-0.600,+0.165,1100,0,
1785512711.6995,2026-07-31T11:45:11.699,108.071,1089,,,,0,,,,0.9647,-179.50,0.8665,-3059.50,1,20.0,auto:ORBITING,+0.527,+0.418,-0.600,+0.167,1100,0,
1785512711.7985,2026-07-31T11:45:11.798,108.170,1090,,,,0,,,,0.9564,179.99,0.8582,-3060.01,1,20.0,auto:ORBITING,+0.502,+0.410,-0.600,+0.171,1100,0,
1785512711.8977,2026-07-31T11:45:11.897,108.269,1091,,,,0,,,,0.9531,179.71,0.8550,-3060.29,1,20.0,auto:ORBITING,+0.519,+0.396,-0.600,+0.177,1100,0,
1785512711.9975,2026-07-31T11:45:11.997,108.369,1092,,,,0,,,,0.9470,178.99,0.8488,-3061.01,1,20.0,auto:ORBITING,+0.461,+0.388,-0.600,+0.180,1100,0,
1785512712.0979,2026-07-31T11:45:12.097,108.470,1093,,,,0,,,,0.9404,177.92,0.8423,-3062.08,1,20.0,auto:ORBITING,+0.477,+0.392,-0.600,+0.178,1100,0,
1785512712.1972,2026-07-31T11:45:12.197,108.569,1094,,,,0,,,,0.9423,177.24,0.8442,-3062.76,1,20.0,auto:ORBITING,+0.419,+0.406,-0.600,+0.172,1100,0,
1785512712.2977,2026-07-31T11:45:12.297,108.669,1095,,,,0,,,,0.9375,175.70,0.8394,-3064.30,1,20.0,auto:ORBITING,+0.413,+0.406,-0.600,+0.172,1100,0,
1785512712.3975,2026-07-31T11:45:12.397,108.769,1096,,,,0,,,,0.9408,174.92,0.8426,-3065.08,1,20.0,auto:ORBITING,+0.384,+0.426,-0.600,+0.164,1100,0,
1785512712.4962,2026-07-31T11:45:12.496,108.868,1097,,,,0,,,,0.9396,173.29,0.8414,-3066.71,1,20.0,auto:ORBITING,+0.376,+0.436,-0.600,+0.159,1100,0,
1785512712.5956,2026-07-31T11:45:12.595,108.967,1098,,,,0,,,,0.9406,172.44,0.8424,-3067.56,1,20.0,auto:ORBITING,+0.343,+0.458,-0.600,+0.150,1100,0,
1785512712.6950,2026-07-31T11:45:12.694,109.067,1099,,,,0,,,,0.9478,170.60,0.8497,-3069.40,1,20.0,auto:ORBITING,+0.331,+0.492,-0.600,+0.135,1100,0,
1785512712.7943,2026-07-31T11:45:12.794,109.166,1100,,,,0,,,,0.9566,168.66,0.8584,-3071.34,1,20.0,auto:ORBITING,+0.283,+0.542,-0.600,+0.113,1100,0,
1785512712.8938,2026-07-31T11:45:12.893,109.265,1101,,,,0,,,,0.9593,167.62,0.8612,-3072.38,1,20.0,auto:ORBITING,+0.269,+0.600,-0.600,+0.088,1100,0,
1785512712.9927,2026-07-31T11:45:12.992,109.364,1102,,,,0,,,,0.9675,165.43,0.8694,-3074.57,1,20.0,auto:ORBITING,+0.230,+0.656,-0.600,+0.063,1100,0,
1785512713.0920,2026-07-31T11:45:13.091,109.464,1103,,,,0,,,,0.9713,164.33,0.8732,-3075.67,1,20.0,auto:ORBITING,+0.321,+0.758,-0.600,+0.018,1100,0,
1785512713.1913,2026-07-31T11:45:13.191,109.563,1104,,,,0,,,,0.9815,162.39,0.8834,-3077.61,1,20.0,auto:ORBITING,+0.210,+0.758,-0.600,+0.018,1100,0,
1785512713.2908,2026-07-31T11:45:13.290,109.662,1105,,,,0,,,,0.9934,160.82,0.8953,-3079.18,1,20.0,auto:ORBITING,+0.133,+0.790,-0.600,-0.004,1100,0,
1785512713.3906,2026-07-31T11:45:13.390,109.762,1106,,,,0,,,,1.0043,160.11,0.9062,-3079.89,1,20.0,auto:ORBITING,+0.128,+0.776,+0.138,-0.011,1100,0,
1785512713.4904,2026-07-31T11:45:13.490,109.862,1107,,,,0,,,,1.0140,158.90,0.9159,-3081.10,1,20.0,auto:ORBITING,+0.107,+0.736,+0.121,-0.028,1100,0,
1785512713.5894,2026-07-31T11:45:13.589,109.961,1108,,,,0,,,,1.0232,158.38,0.9250,-3081.62,1,20.0,auto:ORBITING,+0.160,+0.680,+0.117,-0.052,1100,0,
1785512713.6889,2026-07-31T11:45:13.688,110.061,1109,,,,0,,,,1.0284,157.58,0.9302,-3082.42,1,20.0,auto:ORBITING,+0.202,+0.588,+0.117,-0.093,1100,0,
1785512713.7881,2026-07-31T11:45:13.788,110.160,1110,,,,0,,,,1.0326,157.13,0.9345,-3082.87,1,20.0,auto:ORBITING,+0.115,+0.470,+0.128,-0.144,1100,0,
1785512713.8886,2026-07-31T11:45:13.888,110.260,1111,,,,0,,,,1.0377,157.11,0.9396,-3082.89,1,20.0,auto:ORBITING,-0.080,+0.416,+0.131,-0.168,1100,0,
1785512713.9877,2026-07-31T11:45:13.987,110.359,1112,,,,0,,,,1.0396,157.57,0.9415,-3082.43,1,20.0,auto:ORBITING,-0.291,+0.376,+0.135,-0.185,1100,0,
1785512714.0875,2026-07-31T11:45:14.087,110.459,1113,23,1.2032,0,1,4,1785512713.9969,90.6,1.0445,158.02,0.9463,-3081.98,1,20.0,auto:SCANNING,+0.000,+0.000,+0.141,-0.245,1100,0,
1785512714.1860,2026-07-31T11:45:14.185,110.558,1114,,,,0,,,,1.0446,158.62,0.9465,-3081.38,1,20.0,auto:SCANNING,+0.000,+0.000,+0.172,-0.231,1100,0,
1785512714.2857,2026-07-31T11:45:14.285,110.657,1115,,,,0,,,,1.0405,158.85,0.9423,-3081.15,1,20.0,auto:SCANNING,+0.000,+0.000,+0.193,-0.227,1100,0,
1785512714.3865,2026-07-31T11:45:14.386,110.758,1116,,,,0,,,,1.0426,158.95,0.9445,-3081.05,1,20.0,auto:SCANNING,+0.000,+0.000,+0.221,-0.237,1100,0,
1785512714.4859,2026-07-31T11:45:14.485,110.858,1117,,,,0,,,,1.0433,159.16,0.9451,-3080.84,1,20.0,auto:SCANNING,+0.000,+0.000,+0.248,-0.278,1100,0,
1785512714.5852,2026-07-31T11:45:14.585,110.957,1118,,,,0,,,,1.0380,159.26,0.9399,-3080.74,1,20.0,auto:SCANNING,+0.000,+0.000,+0.273,-0.281,1100,0,
1785512714.6845,2026-07-31T11:45:14.684,111.056,1119,,,,0,,,,1.0325,159.56,0.9344,-3080.44,1,20.0,auto:ORBITING,-0.553,+0.304,+0.290,-0.217,1100,0,
1785512714.7834,2026-07-31T11:45:14.783,111.155,1120,,,,0,,,,1.0344,159.80,0.9362,-3080.20,1,20.0,auto:ORBITING,-0.428,+0.322,+0.300,-0.209,1100,0,
1785512714.8833,2026-07-31T11:45:14.883,111.255,1121,,,,0,,,,1.0309,160.99,0.9328,-3079.01,1,20.0,auto:ORBITING,-0.394,+0.392,+0.317,-0.178,1100,0,
1785512714.9845,2026-07-31T11:45:14.984,111.356,1122,9,0.8597,1,1,5,1785512714.9230,61.5,1.0270,162.85,0.9288,-3077.15,1,20.0,joystick,+0.000,+0.000,+0.000,+0.000,1100,1,flash_0001
1785512715.0832,2026-07-31T11:45:15.083,111.455,1123,,,,0,,,,1.0293,163.53,0.9311,-3076.47,1,20.0,joystick,+0.000,+0.000,+0.000,+0.000,1900,1,
1785512715.1824,2026-07-31T11:45:15.182,111.554,1124,,,,0,,,,1.0265,164.41,0.9284,-3075.59,1,20.0,joystick,+0.000,+0.000,+0.000,+0.000,1900,1,
1785512715.2815,2026-07-31T11:45:15.281,111.653,1125,,,,0,,,,1.0208,164.69,0.9227,-3075.31,1,20.0,joystick,+0.000,+0.000,+0.000,+0.000,1100,1,
1785512715.3801,2026-07-31T11:45:15.380,111.752,1126,,,,0,,,,1.0294,165.06,0.9313,-3074.94,1,20.0,joystick,+0.000,+0.000,+0.000,+0.000,1100,1,
1785512715.4802,2026-07-31T11:45:15.480,111.852,1127,28,0.9645,1,1,6,1785512715.3859,94.3,1.0269,165.26,0.9288,-3074.74,1,20.0,joystick,+0.000,+0.000,+0.000,+0.000,1100,1,
1785512715.5798,2026-07-31T11:45:15.579,111.952,1128,28,1.0875,0,1,7,1785512715.5396,40.3,1.0316,165.30,0.9334,-3074.70,1,20.0,joystick,+0.000,+0.000,+0.000,+0.000,1900,1,
1785512715.6789,2026-07-31T11:45:15.678,112.051,1129,,,,0,,,,1.0308,165.31,0.9327,-3074.69,1,20.0,joystick,+0.000,+0.000,+0.000,+0.000,1900,1,
1785512715.7797,2026-07-31T11:45:15.779,112.151,1130,,,,0,,,,1.0305,165.20,0.9324,-3074.80,1,20.0,joystick,+0.000,+0.000,+0.000,+0.000,1100,1,
1785512715.8807,2026-07-31T11:45:15.880,112.252,1131,28,1.2440,0,1,8,1785512715.8569,23.8,1.0278,165.12,0.9297,-3074.88,1,20.0,joystick,+0.000,+0.000,+0.000,+0.000,1100,1,
1785512715.9806,2026-07-31T11:45:15.980,112.352,1132,,,,0,,,,1.0348,164.91,0.9366,-3075.09,1,20.0,joystick,+0.000,+0.000,+0.000,+0.000,1100,1,
1785512716.0791,2026-07-31T11:45:16.079,112.451,1133,28,1.2704,0,1,9,1785512716.0013,77.9,1.0311,164.79,0.9330,-3075.21,1,20.0,joystick,+0.000,+0.000,+0.000,+0.000,1900,1,
1785512716.1788,2026-07-31T11:45:16.178,112.550,1134,28,1.3036,0,1,10,1785512716.1578,21.0,1.0320,164.50,0.9338,-3075.50,1,20.0,joystick,+0.000,+0.000,+0.000,+0.000,1900,1,
1785512716.2784,2026-07-31T11:45:16.278,112.650,1135,,,,0,,,,1.0354,164.18,0.9373,-3075.82,1,20.0,joystick,+0.000,+0.000,+0.000,+0.000,1100,1,
1785512716.3776,2026-07-31T11:45:16.377,112.749,1136,28,1.3128,0,1,11,1785512716.3144,63.2,1.0358,164.01,0.9376,-3075.99,1,20.0,joystick,+0.000,+0.000,+0.000,+0.000,1100,1,
1785512716.4762,2026-07-31T11:45:16.476,112.848,1137,28,1.3045,0,1,12,1785512716.4657,10.4,1.0388,163.64,0.9407,-3076.36,1,20.0,joystick,+0.000,+0.000,+0.000,+0.000,1100,1,
1785512716.5754,2026-07-31T11:45:16.575,112.947,1138,,,,0,,,,1.0406,163.45,0.9424,-3076.55,1,20.0,joystick,+0.000,+0.000,+0.000,+0.000,1900,1,
1785512716.6743,2026-07-31T11:45:16.674,113.046,1139,28,1.3067,0,1,13,1785512716.6228,51.4,1.0401,163.05,0.9419,-3076.95,1,20.0,joystick,+0.000,+0.000,+0.000,+0.000,1900,1,
1785512716.7727,2026-07-31T11:45:16.772,113.144,1140,,,,0,,,,1.0380,162.84,0.9399,-3077.16,1,20.0,joystick,+0.000,+0.000,+0.000,+0.000,1100,1,
1785512716.8726,2026-07-31T11:45:16.872,113.244,1141,28,1.3218,0,1,14,1785512716.7800,92.6,1.0415,162.40,0.9434,-3077.60,1,20.0,joystick,+0.000,+0.000,+0.000,+0.000,1100,1,
1785512716.9714,2026-07-31T11:45:16.971,113.343,1142,,,,0,,,,1.0398,161.96,0.9417,-3078.04,1,20.0,joystick,+0.000,+0.000,+0.000,+0.000,1100,1,
1785512717.0716,2026-07-31T11:45:17.071,113.443,1143,,,,0,,,,1.0376,161.74,0.9395,-3078.26,1,20.0,joystick,+0.000,+0.000,+0.000,+0.000,1900,1,
1785512717.1715,2026-07-31T11:45:17.171,113.543,1144,28,1.3272,0,1,15,1785512717.0876,83.9,1.0366,161.28,0.9385,-3078.72,1,20.0,joystick,+0.000,+0.000,+0.000,+0.000,1900,1,
1785512717.2701,2026-07-31T11:45:17.270,113.642,1145,28,1.3265,0,1,16,1785512717.2430,27.1,1.0365,161.04,0.9384,-3078.96,1,20.0,joystick,+0.000,+0.000,+0.000,+0.000,1100,1,
1785512717.3707,2026-07-31T11:45:17.370,113.742,1146,,,,0,,,,1.0358,160.56,0.9376,-3079.44,1,20.0,joystick,+0.000,+0.000,+0.000,+0.000,1100,1,
1785512717.4705,2026-07-31T11:45:17.470,113.842,1147,28,1.3153,0,1,17,1785512717.3942,76.3,1.0313,160.03,0.9332,-3079.97,1,20.0,joystick,+0.000,+0.000,+0.000,+0.000,1100,1,
1785512717.5706,2026-07-31T11:45:17.570,113.942,1148,28,1.3242,0,1,18,1785512717.5495,21.2,1.0307,159.75,0.9326,-3080.25,1,20.0,joystick,+0.000,+0.000,+0.000,+0.000,1900,1,
1785512717.6692,2026-07-31T11:45:17.669,114.041,1149,,,,0,,,,1.0246,159.18,0.9265,-3080.82,1,20.0,joystick,+0.000,+0.000,+0.000,+0.000,1900,1,
1785512717.7691,2026-07-31T11:45:17.769,114.141,1150,28,1.3424,0,1,19,1785512717.7091,60.0,1.0236,158.88,0.9254,-3081.12,1,20.0,joystick,+0.000,+0.000,+0.000,+0.000,1100,1,
1785512717.8687,2026-07-31T11:45:17.868,114.240,1151,,,,0,,,,1.0184,158.25,0.9203,-3081.75,1,20.0,joystick,+0.000,+0.000,+0.000,+0.000,1100,1,
1785512717.9698,2026-07-31T11:45:17.969,114.341,1152,,,,0,,,,1.0244,157.93,0.9262,-3082.07,1,20.0,joystick,+0.000,+0.000,+0.000,+0.000,1100,0,
1785512718.0690,2026-07-31T11:45:18.068,114.441,1153,,,,0,,,,1.0168,157.25,0.9187,-3082.75,1,20.0,joystick,+0.000,+0.000,+0.000,+0.000,1100,0,
1785512718.1687,2026-07-31T11:45:18.168,114.540,1154,,,,0,,,,1.0200,156.53,0.9218,-3083.47,1,20.0,joystick,+0.000,+0.000,+0.000,+0.000,1100,0,
1785512718.2681,2026-07-31T11:45:18.268,114.640,1155,,,,0,,,,1.0147,156.16,0.9166,-3083.84,1,20.0,joystick,+0.000,+0.000,+0.000,+0.000,1100,0,
1785512718.3676,2026-07-31T11:45:18.367,114.739,1156,,,,0,,,,1.0146,155.40,0.9165,-3084.60,1,20.0,joystick,+0.000,+0.000,+0.000,+0.000,1100,0,
1785512718.4665,2026-07-31T11:45:18.466,114.838,1157,,,,0,,,,1.0159,155.01,0.9177,-3084.99,1,20.0,joystick,+0.000,+0.000,+0.000,+0.000,1100,0,
1785512718.5653,2026-07-31T11:45:18.565,114.937,1158,,,,0,,,,1.0092,154.20,0.9111,-3085.80,1,20.0,joystick,+0.000,+0.000,+0.000,+0.000,1100,0,
1785512718.6653,2026-07-31T11:45:18.665,115.037,1159,,,,0,,,,1.0118,153.39,0.9137,-3086.61,1,20.0,joystick,+0.000,+0.000,+0.000,+0.000,1100,0,
1785512718.7640,2026-07-31T11:45:18.763,115.136,1160,,,,0,,,,1.0036,152.99,0.9055,-3087.01,1,20.0,joystick,+0.000,+0.000,+0.000,+0.000,1100,0,
1785512718.8634,2026-07-31T11:45:18.863,115.235,1161,,,,0,,,,1.0084,152.17,0.9102,-3087.83,1,20.0,joystick,+0.000,+0.000,+0.000,+0.000,1100,0,
1785512718.9625,2026-07-31T11:45:18.962,115.334,1162,,,,0,,,,1.0064,151.76,0.9083,-3088.24,1,20.0,joystick,+0.000,+0.000,+0.000,+0.000,1100,0,
1785512719.0613,2026-07-31T11:45:19.061,115.433,1163,,,,0,,,,1.0012,150.97,0.9030,-3089.03,1,20.0,joystick,+0.000,+0.000,+0.000,+0.000,1100,0,
1785512719.1603,2026-07-31T11:45:19.160,115.532,1164,,,,0,,,,1.0013,150.17,0.9032,-3089.83,1,20.0,joystick,+0.000,+0.000,-0.600,+0.000,1100,0,
1785512719.2597,2026-07-31T11:45:19.259,115.631,1165,,,,0,,,,0.9987,149.79,0.9005,-3090.21,1,20.0,joystick,+0.000,+0.000,-0.600,+0.000,1100,0,
1785512719.3582,2026-07-31T11:45:19.358,115.730,1166,,,,0,,,,0.9962,148.99,0.8980,-3091.01,1,20.0,joystick,+0.000,+0.000,-0.600,+0.000,1100,0,
1785512719.4574,2026-07-31T11:45:19.457,115.829,1167,,,,0,,,,0.9885,148.56,0.8904,-3091.44,1,20.0,joystick,+0.000,+0.000,-0.600,+0.000,1100,0,
1785512719.5564,2026-07-31T11:45:19.556,115.928,1168,,,,0,,,,0.9919,147.73,0.8937,-3092.27,1,20.0,joystick,+0.000,+0.000,-0.600,+0.000,1100,0,
1785512719.6552,2026-07-31T11:45:19.655,116.027,1169,,,,0,,,,0.9898,146.91,0.8916,-3093.09,1,20.0,joystick,+0.000,+0.000,-0.600,+0.000,1100,0,
1785512719.7539,2026-07-31T11:45:19.753,116.126,1170,,,,0,,,,0.9859,146.49,0.8878,-3093.51,1,20.0,joystick,+0.000,+0.000,-0.600,+0.000,1100,0,
1785512719.8536,2026-07-31T11:45:19.853,116.225,1171,,,,0,,,,0.9876,145.63,0.8895,-3094.37,1,20.0,joystick,+0.000,+0.000,-0.600,+0.000,1100,0,
1785512719.9526,2026-07-31T11:45:19.952,116.324,1172,,,,0,,,,0.9961,145.20,0.8980,-3094.80,1,20.0,joystick,+0.000,+0.000,-0.600,+0.000,1100,0,
1785512720.0521,2026-07-31T11:45:20.052,116.424,1173,23,0.6470,1,1,20,1785512720.0294,22.6,1.0001,144.35,0.9020,-3095.65,1,20.0,joystick,+0.000,+0.000,-0.600,+0.000,1100,0,
1785512720.1521,2026-07-31T11:45:20.152,116.524,1174,,,,0,,,,1.0050,143.55,0.9068,-3096.45,1,20.0,joystick,+0.000,+0.000,-0.600,+0.000,1100,0,
1785512720.2518,2026-07-31T11:45:20.251,116.623,1175,23,0.5797,1,1,21,1785512720.1811,70.7,1.0034,143.07,0.9052,-3096.93,1,20.0,joystick,+0.000,+0.000,+0.000,+0.000,1100,0,
1785512720.3498,2026-07-31T11:45:20.349,116.722,1176,23,0.5669,1,1,22,1785512720.3341,15.8,1.0027,142.26,0.9046,-3097.74,1,20.0,joystick,+0.000,+0.000,+0.000,+0.000,1100,0,
1785512720.4494,2026-07-31T11:45:20.449,116.821,1177,,,,0,,,,1.0086,141.84,0.9104,-3098.16,1,20.0,joystick,+0.000,+0.000,+0.000,+0.000,1100,0,
1785512720.5491,2026-07-31T11:45:20.549,116.921,1178,23,0.6115,1,1,23,1785512720.4920,57.1,1.0120,141.00,0.9139,-3099.00,1,20.0,joystick,+0.000,+0.000,+0.000,+0.000,1100,0,
1785512720.6488,2026-07-31T11:45:20.648,117.020,1179,,,,0,,,,1.0099,140.58,0.9118,-3099.42,1,20.0,joystick,+0.000,+0.000,+0.000,+0.000,1100,0,
1785512720.7473,2026-07-31T11:45:20.747,117.119,1180,,,,0,,,,1.0108,139.76,0.9126,-3100.24,1,20.0,joystick,+0.000,+0.000,+0.000,+0.000,1100,0,
1785512720.8467,2026-07-31T11:45:20.846,117.218,1181,,,,0,,,,1.0116,138.92,0.9135,-3101.08,1,20.0,joystick,+0.000,+0.000,+0.000,+0.000,1100,0,
1785512720.9452,2026-07-31T11:45:20.945,117.317,1182,,,,0,,,,1.0104,138.54,0.9122,-3101.46,1,20.0,joystick,+0.000,+0.000,+0.000,+0.000,1100,0,
1785512721.0444,2026-07-31T11:45:21.044,117.416,1183,,,,0,,,,1.0048,137.81,0.9067,-3102.19,1,20.0,joystick,+0.000,+0.000,+0.000,+0.000,1100,0,
1785512721.1437,2026-07-31T11:45:21.143,117.515,1184,,,,0,,,,1.0064,137.48,0.9082,-3102.52,1,20.0,joystick,+0.000,+0.000,+0.000,+0.000,1100,0,
1785512721.2430,2026-07-31T11:45:21.243,117.615,1185,,,,0,,,,1.0039,136.81,0.9058,-3103.19,1,20.0,joystick,+0.000,+0.000,+0.000,+0.000,1100,0,
1785512721.3423,2026-07-31T11:45:21.342,117.714,1186,,,,0,,,,1.0033,136.53,0.9052,-3103.47,1,20.0,joystick,+0.000,+0.000,+0.000,+0.000,1100,0,
1785512721.4410,2026-07-31T11:45:21.441,117.813,1187,,,,0,,,,0.9931,136.13,0.8950,-3103.87,1,20.0,joystick,+0.000,+0.000,-0.600,+0.000,1100,0,
1785512721.5402,2026-07-31T11:45:21.540,117.912,1188,,,,0,,,,0.9914,135.76,0.8933,-3104.24,1,20.0,joystick,+0.000,+0.000,-0.600,+0.000,1100,0,
1785512721.6394,2026-07-31T11:45:21.639,118.011,1189,9,0.6734,1,1,24,1785512721.5748,64.6,0.9863,135.62,0.8881,-3104.38,1,20.0,joystick,+0.000,+0.000,-0.600,+0.000,1100,0,
1785512721.7387,2026-07-31T11:45:21.738,118.110,1190,28,0.9104,1,1,25,1785512721.7273,11.4,0.9817,135.55,0.8835,-3104.45,1,20.0,joystick,+0.000,+0.000,-0.600,+0.000,1100,0,
1785512721.8376,2026-07-31T11:45:21.837,118.209,1191,,,,0,,,,0.9857,135.60,0.8876,-3104.40,1,20.0,joystick,+0.000,+0.000,-0.600,+0.000,1100,0,
1785512721.9369,2026-07-31T11:45:21.936,118.309,1192,28,0.8865,1,1,26,1785512721.8841,52.7,0.9847,135.88,0.8866,-3104.12,1,20.0,joystick,+0.000,+0.000,-0.600,+0.000,1100,0,
1785512722.0360,2026-07-31T11:45:22.035,118.408,1193,,,,0,,,,0.9867,136.24,0.8886,-3103.76,1,20.0,joystick,+0.000,+0.000,-0.600,+0.000,1100,0,
1785512722.1351,2026-07-31T11:45:22.135,118.507,1194,28,0.8731,1,1,27,1785512722.0379,97.2,0.9900,136.49,0.8919,-3103.51,1,20.0,joystick,+0.000,+0.000,-0.600,+0.000,1100,0,
1785512722.2344,2026-07-31T11:45:22.234,118.606,1195,28,0.8686,1,1,28,1785512722.1911,43.4,0.9955,137.20,0.8973,-3102.80,1,20.0,joystick,+0.000,+0.000,-0.600,+0.000,1100,0,
1785512722.3339,2026-07-31T11:45:22.333,118.706,1196,,,,0,,,,0.9959,137.62,0.8978,-3102.38,1,20.0,joystick,+0.000,+0.000,-0.600,+0.000,1100,0,
1785512722.4334,2026-07-31T11:45:22.433,118.805,1197,,,,0,,,,0.9978,138.55,0.8997,-3101.45,1,20.0,joystick,+0.000,+0.000,-0.600,+0.000,1100,0,
1785512722.5327,2026-07-31T11:45:22.532,118.904,1198,,,,0,,,,1.0079,139.55,0.9097,-3100.45,1,20.0,joystick,+0.000,+0.000,+0.000,+0.000,1100,0,
1785512722.6312,2026-07-31T11:45:22.631,119.003,1199,,,,0,,,,1.0010,140.08,0.9028,-3099.92,1,20.0,joystick,+0.000,+0.000,+0.000,+0.000,1100,0,
1785512722.7303,2026-07-31T11:45:22.730,119.102,1200,,,,0,,,,1.0021,141.15,0.9039,-3098.85,1,20.0,joystick,+0.000,+0.000,+0.000,+0.000,1100,0,
1785512722.8299,2026-07-31T11:45:22.829,119.202,1201,,,,0,,,,1.0011,141.67,0.9030,-3098.33,1,20.0,joystick,+0.000,+0.000,+0.000,+0.000,1100,0,
1785512722.9297,2026-07-31T11:45:22.929,119.301,1202,,,,0,,,,0.9992,142.85,0.9010,-3097.15,1,20.0,joystick,+0.000,+0.000,+0.000,+0.000,1100,0,
1785512723.0287,2026-07-31T11:45:23.028,119.400,1203,,,,0,,,,0.9896,144.03,0.8915,-3095.97,1,20.0,joystick,+0.000,+0.000,-0.600,+0.000,1100,0,
1785512723.1273,2026-07-31T11:45:23.127,119.499,1204,,,,0,,,,0.9920,144.63,0.8938,-3095.37,1,20.0,joystick,+0.000,+0.000,-0.600,+0.000,1100,0,
1785512723.2264,2026-07-31T11:45:23.226,119.598,1205,,,,0,,,,0.9817,145.86,0.8836,-3094.14,1,20.0,joystick,+0.000,+0.000,-0.600,+0.000,1100,0,
1785512723.3257,2026-07-31T11:45:23.325,119.697,1206,,,,0,,,,0.9828,146.47,0.8847,-3093.53,1,20.0,joystick,+0.000,+0.000,-0.600,+0.000,1100,0,
1785512723.4243,2026-07-31T11:45:23.424,119.796,1207,,,,0,,,,0.9826,147.73,0.8845,-3092.27,1,20.0,joystick,+0.000,+0.000,-0.600,+0.000,1100,0,
1785512723.5233,2026-07-31T11:45:23.523,119.895,1208,,,,0,,,,0.9811,148.87,0.8829,-3091.13,1,20.0,joystick,+0.000,+0.000,-0.600,+0.000,1100,0,
1785512723.6220,2026-07-31T11:45:23.622,119.994,1209,,,,0,,,,0.9807,149.35,0.8826,-3090.65,1,20.0,joystick,+0.000,+0.000,-0.600,+0.000,1100,0,
1785512723.7213,2026-07-31T11:45:23.721,120.093,1210,,,,0,,,,0.9914,150.26,0.8932,-3089.74,1,20.0,joystick,+0.000,+0.000,-0.600,+0.000,1100,0,
1785512723.8208,2026-07-31T11:45:23.820,120.192,1211,23,1.2811,0,1,29,1785512723.7389,81.9,0.9884,150.74,0.8902,-3089.26,1,20.0,joystick,+0.000,+0.000,-0.600,+0.000,1100,0,
1785512723.9198,2026-07-31T11:45:23.919,120.291,1212,23,1.3641,0,1,30,1785512723.8965,23.3,0.9949,151.64,0.8968,-3088.36,1,20.0,joystick,+0.000,+0.000,-0.600,+0.000,1100,0,
1785512724.0186,2026-07-31T11:45:24.018,120.390,1213,,,,0,,,,0.9994,152.10,0.9013,-3087.90,1,20.0,joystick,+0.000,+0.000,-0.600,+0.000,1100,0,
1785512724.1173,2026-07-31T11:45:24.117,120.489,1214,,,,0,,,,1.0056,153.02,0.9075,-3086.98,1,20.0,joystick,+0.000,+0.000,+0.000,+0.000,1100,0,
1785512724.2166,2026-07-31T11:45:24.216,120.588,1215,,,,0,,,,1.0091,153.91,0.9109,-3086.09,1,20.0,joystick,+0.000,+0.000,+0.000,+0.000,1100,0,
1785512724.3158,2026-07-31T11:45:24.315,120.687,1216,,,,0,,,,1.0106,154.35,0.9125,-3085.65,1,20.0,joystick,+0.000,+0.000,+0.000,+0.000,1100,0,
1785512724.4146,2026-07-31T11:45:24.414,120.786,1217,,,,0,,,,1.0123,155.21,0.9141,-3084.79,1,20.0,joystick,+0.000,+0.000,+0.000,+0.000,1100,0,
1785512724.5145,2026-07-31T11:45:24.514,120.886,1218,,,,0,,,,1.0172,155.66,0.9191,-3084.34,1,20.0,joystick,+0.000,+0.000,+0.000,+0.000,1100,0,
1785512724.6135,2026-07-31T11:45:24.613,120.985,1219,,,,0,,,,1.0180,156.56,0.9199,-3083.44,1,20.0,joystick,+0.000,+0.000,+0.000,+0.000,1100,0,
1785512724.7127,2026-07-31T11:45:24.712,121.084,1220,,,,0,,,,1.0174,157.01,0.9193,-3082.99,1,20.0,joystick,+0.000,+0.000,+0.000,+0.000,1100,0,
1785512724.8117,2026-07-31T11:45:24.811,121.183,1221,,,,0,,,,1.0133,157.88,0.9151,-3082.12,1,20.0,joystick,+0.000,+0.000,+0.000,+0.000,1100,0,
1785512724.9117,2026-07-31T11:45:24.911,121.283,1222,,,,0,,,,1.0121,158.65,0.9139,-3081.35,1,20.0,joystick,+0.000,+0.000,+0.000,+0.000,1100,0,
1785512725.0113,2026-07-31T11:45:25.011,121.383,1223,,,,0,,,,1.0154,158.99,0.9173,-3081.01,1,20.0,joystick,+0.000,+0.000,+0.000,+0.000,1100,0,
1785512725.1107,2026-07-31T11:45:25.110,121.482,1224,,,,0,,,,1.0113,159.69,0.9132,-3080.31,1,20.0,joystick,+0.000,+0.000,+0.000,+0.000,1100,0,
1785512725.2098,2026-07-31T11:45:25.209,121.581,1225,,,,0,,,,1.0087,160.04,0.9105,-3079.96,1,20.0,joystick,+0.000,+0.000,+0.000,+0.000,1100,0,
1785512725.3087,2026-07-31T11:45:25.308,121.680,1226,,,,0,,,,1.0077,160.70,0.9096,-3079.30,1,20.0,joystick,+0.000,+0.000,+0.000,+0.000,1100,0,
1785512725.4088,2026-07-31T11:45:25.408,121.781,1227,,,,0,,,,1.0052,161.36,0.9070,-3078.64,1,20.0,joystick,+0.000,+0.000,+0.000,+0.000,1100,0,
1785512725.5083,2026-07-31T11:45:25.508,121.880,1228,,,,0,,,,1.0001,161.67,0.9020,-3078.33,1,20.0,joystick,+0.000,+0.000,+0.000,+0.000,1100,0,
1785512725.6075,2026-07-31T11:45:25.607,121.979,1229,,,,0,,,,1.0041,162.30,0.9060,-3077.70,1,20.0,joystick,+0.000,+0.000,+0.000,+0.000,1100,0,
1785512725.7068,2026-07-31T11:45:25.706,122.078,1230,,,,0,,,,1.0045,162.58,0.9064,-3077.42,1,20.0,joystick,+0.000,+0.000,+0.000,+0.000,1100,0,
1785512725.8059,2026-07-31T11:45:25.805,122.178,1231,,,,0,,,,0.9939,163.10,0.8958,-3076.90,1,20.0,joystick,+0.000,+0.000,-0.600,+0.000,1100,0,
1785512725.9042,2026-07-31T11:45:25.904,122.276,1232,,,,0,,,,0.9885,163.56,0.8904,-3076.44,1,20.0,joystick,+0.000,+0.000,-0.600,+0.000,1100,0,
1785512726.0038,2026-07-31T11:45:26.003,122.375,1233,,,,0,,,,0.9946,163.78,0.8964,-3076.22,1,20.0,joystick,+0.000,+0.000,-0.600,+0.000,1100,0,
1785512726.1028,2026-07-31T11:45:26.102,122.474,1234,,,,0,,,,0.9979,164.16,0.8998,-3075.84,1,20.0,joystick,+0.000,+0.000,-0.600,+0.000,1100,0,
1785512726.2012,2026-07-31T11:45:26.201,122.573,1235,,,,0,,,,0.9914,164.31,0.8933,-3075.69,1,20.0,joystick,+0.000,+0.000,-0.600,+0.000,1100,0,
1785512726.3020,2026-07-31T11:45:26.302,122.674,1236,,,,0,,,,0.9984,164.56,0.9002,-3075.44,1,20.0,joystick,+0.000,+0.000,-0.600,+0.000,1100,0,
1785512726.4031,2026-07-31T11:45:26.403,122.775,1237,,,,0,,,,1.0037,164.74,0.9056,-3075.26,1,20.0,joystick,+0.000,+0.000,+0.000,+0.000,1100,0,
1785512726.5041,2026-07-31T11:45:26.504,122.876,1238,,,,0,,,,1.0118,164.80,0.9137,-3075.20,1,20.0,joystick,+0.000,+0.000,+0.000,+0.000,1100,0,
1785512726.6033,2026-07-31T11:45:26.603,122.975,1239,,,,0,,,,1.0115,164.95,0.9133,-3075.05,1,20.0,joystick,+0.000,+0.000,+0.000,+0.000,1100,0,
1785512726.7025,2026-07-31T11:45:26.702,123.074,1240,,,,0,,,,1.0103,164.99,0.9122,-3075.01,1,20.0,joystick,+0.000,+0.000,+0.000,+0.000,1100,0,
1785512726.8019,2026-07-31T11:45:26.801,123.174,1241,,,,0,,,,1.0122,165.09,0.9141,-3074.91,1,20.0,joystick,+0.000,+0.000,+0.000,+0.000,1100,0,
1785512726.9013,2026-07-31T11:45:26.901,123.273,1242,,,,0,,,,1.0134,165.14,0.9153,-3074.86,1,20.0,joystick,+0.000,+0.000,+0.000,+0.000,1100,0,
1785512727.0004,2026-07-31T11:45:27.000,123.372,1243,,,,0,,,,1.0123,165.25,0.9142,-3074.75,1,20.0,joystick,+0.000,+0.000,+0.000,+0.000,1100,0,
1785512727.0996,2026-07-31T11:45:27.099,123.471,1244,,,,0,,,,1.0081,165.36,0.9099,-3074.64,1,20.0,joystick,+0.000,+0.000,+0.000,+0.000,1100,0,
1785512727.1982,2026-07-31T11:45:27.198,123.570,1245,,,,0,,,,1.0089,165.41,0.9107,-3074.59,1,20.0,joystick,+0.000,+0.000,+0.000,+0.000,1100,0,
1785512727.2977,2026-07-31T11:45:27.297,123.669,1246,,,,0,,,,1.0055,165.44,0.9074,-3074.56,1,20.0,joystick,+0.000,+0.000,+0.000,+0.000,1100,0,
1785512727.3972,2026-07-31T11:45:27.397,123.769,1247,,,,0,,,,1.0024,165.43,0.9043,-3074.57,1,20.0,joystick,+0.000,+0.000,+0.000,+0.000,1100,0,
1785512727.4968,2026-07-31T11:45:27.496,123.868,1248,,,,0,,,,1.0010,165.38,0.9029,-3074.62,1,20.0,joystick,+0.000,+0.000,+0.000,+0.000,1100,0,
1785512727.5971,2026-07-31T11:45:27.597,123.969,1249,,,,0,,,,0.9977,165.37,0.8995,-3074.63,1,20.0,joystick,+0.000,+0.000,-0.600,+0.000,1100,0,
1785512727.6969,2026-07-31T11:45:27.696,124.069,1250,,,,0,,,,0.9927,165.36,0.8946,-3074.64,1,20.0,joystick,+0.000,+0.000,-0.600,+0.000,1100,0,
1785512727.7960,2026-07-31T11:45:27.796,124.168,1251,,,,0,,,,0.9954,165.31,0.8972,-3074.69,1,20.0,joystick,+0.000,+0.000,-0.600,+0.000,1100,0,
1785512727.8943,2026-07-31T11:45:27.894,124.266,1252,,,,0,,,,0.9886,165.25,0.8905,-3074.75,1,20.0,joystick,+0.000,+0.000,-0.600,+0.000,1100,0,
1785512727.9939,2026-07-31T11:45:27.993,124.366,1253,,,,0,,,,0.9937,165.11,0.8955,-3074.89,1,20.0,joystick,+0.000,+0.000,-0.600,+0.000,1100,0,
1785512728.0925,2026-07-31T11:45:28.092,124.464,1254,,,,0,,,,0.9908,165.01,0.8927,-3074.99,1,20.0,joystick,+0.000,+0.000,-0.600,+0.000,1100,0,
1785512728.1918,2026-07-31T11:45:28.191,124.563,1255,,,,0,,,,0.9988,164.82,0.9006,-3075.18,1,20.0,joystick,+0.000,+0.000,-0.600,+0.000,1100,0,
1785512728.2903,2026-07-31T11:45:28.290,124.662,1256,,,,0,,,,0.9988,164.60,0.9007,-3075.40,1,20.0,joystick,+0.000,+0.000,-0.600,+0.000,1100,0,
1785512728.3896,2026-07-31T11:45:28.389,124.761,1257,,,,0,,,,1.0024,164.47,0.9043,-3075.53,1,20.0,joystick,+0.000,+0.000,+0.000,+0.000,1100,0,
1785512728.4886,2026-07-31T11:45:28.488,124.860,1258,,,,0,,,,1.0144,164.20,0.9162,-3075.80,1,20.0,joystick,+0.000,+0.000,+0.000,+0.000,1100,0,
1785512728.5878,2026-07-31T11:45:28.587,124.959,1259,,,,0,,,,1.0129,163.94,0.9148,-3076.06,1,20.0,joystick,+0.000,+0.000,+0.000,+0.000,1100,0,
1785512728.6869,2026-07-31T11:45:28.686,125.059,1260,,,,0,,,,1.0149,163.81,0.9168,-3076.19,1,20.0,joystick,+0.000,+0.000,+0.000,+0.000,1100,0,
1785512728.7859,2026-07-31T11:45:28.785,125.158,1261,,,,0,,,,1.0175,163.61,0.9194,-3076.39,1,20.0,joystick,+0.000,+0.000,+0.000,+0.000,1100,0,
1785512728.8843,2026-07-31T11:45:28.884,125.256,1262,,,,0,,,,1.0163,163.52,0.9182,-3076.48,1,20.0,joystick,+0.000,+0.000,+0.000,+0.000,1100,0,
1785512728.9838,2026-07-31T11:45:28.983,125.355,1263,,,,0,,,,1.0142,163.34,0.9161,-3076.66,1,20.0,joystick,+0.000,+0.000,+0.000,+0.000,1100,0,
1785512729.0831,2026-07-31T11:45:29.083,125.455,1264,,,,0,,,,1.0155,163.24,0.9174,-3076.76,1,20.0,joystick,+0.000,+0.000,+0.000,+0.000,1100,0,
1785512729.1814,2026-07-31T11:45:29.181,125.553,1265,,,,0,,,,1.0191,163.05,0.9210,-3076.95,1,20.0,joystick,+0.000,+0.000,+0.000,+0.000,1100,0,
1785512729.2805,2026-07-31T11:45:29.280,125.652,1266,,,,0,,,,1.0148,162.87,0.9167,-3077.13,1,20.0,joystick,+0.000,+0.000,+0.000,+0.000,1100,0,
1785512729.3800,2026-07-31T11:45:29.379,125.752,1267,,,,0,,,,1.0134,162.79,0.9153,-3077.21,1,20.0,joystick,+0.000,+0.000,+0.000,+0.000,1100,0,
1785512729.4802,2026-07-31T11:45:29.480,125.852,1268,,,,0,,,,1.0036,162.64,0.9055,-3077.36,1,20.0,joystick,+0.000,+0.000,+0.000,+0.000,1100,0,
1785512729.5807,2026-07-31T11:45:29.580,125.952,1269,,,,0,,,,1.0043,162.57,0.9062,-3077.43,1,20.0,joystick,+0.000,+0.000,+0.000,+0.000,1100,0,
1785512729.6812,2026-07-31T11:45:29.681,126.053,1270,,,,0,,,,0.9989,162.49,0.9008,-3077.51,1,20.0,joystick,+0.000,+0.000,-0.600,+0.000,1100,0,
1785512729.7807,2026-07-31T11:45:29.780,126.152,1271,,,,0,,,,0.9910,162.42,0.8929,-3077.58,1,20.0,joystick,+0.000,+0.000,-0.600,+0.000,1100,0,
1785512729.8812,2026-07-31T11:45:29.881,126.253,1272,,,,0,,,,0.9933,162.43,0.8952,-3077.57,1,20.0,joystick,+0.000,+0.000,-0.600,+0.000,1100,0,
1785512729.9808,2026-07-31T11:45:29.980,126.353,1273,,,,0,,,,0.9854,162.39,0.8873,-3077.61,1,20.0,joystick,+0.000,+0.000,-0.600,+0.000,1100,0,
1785512730.0798,2026-07-31T11:45:30.079,126.452,1274,,,,0,,,,0.9833,162.38,0.8852,-3077.62,1,20.0,joystick,+0.000,+0.000,-0.600,+0.000,1100,0,
1785512730.1789,2026-07-31T11:45:30.178,126.551,1275,,,,0,,,,0.9853,162.40,0.8872,-3077.60,1,20.0,joystick,+0.000,+0.000,-0.600,+0.000,1100,0,
1785512730.2793,2026-07-31T11:45:30.279,126.651,1276,,,,0,,,,0.9896,162.45,0.8915,-3077.55,1,20.0,joystick,+0.000,+0.000,-0.600,+0.000,1100,0,
1785512730.3783,2026-07-31T11:45:30.378,126.750,1277,,,,0,,,,0.9962,162.45,0.8981,-3077.55,1,20.0,joystick,+0.000,+0.000,-0.600,+0.000,1100,0,
1785512730.4785,2026-07-31T11:45:30.478,126.850,1278,,,,0,,,,0.9999,162.41,0.9017,-3077.59,1,20.0,joystick,+0.000,+0.000,-0.600,+0.000,1100,0,
1785512730.5794,2026-07-31T11:45:30.579,126.951,1279,,,,0,,,,1.0015,162.40,0.9034,-3077.60,1,20.0,joystick,+0.000,+0.000,+0.000,+0.000,1100,0,
1785512730.6786,2026-07-31T11:45:30.678,127.050,1280,,,,0,,,,1.0072,162.42,0.9090,-3077.58,1,20.0,joystick,+0.000,+0.000,+0.000,+0.000,1100,0,
1785512730.7778,2026-07-31T11:45:30.777,127.149,1281,,,,0,,,,1.0102,162.43,0.9120,-3077.57,1,20.0,joystick,+0.000,+0.000,+0.000,+0.000,1100,0,
1785512730.8770,2026-07-31T11:45:30.877,127.249,1282,,,,0,,,,1.0124,162.44,0.9143,-3077.56,1,20.0,joystick,+0.000,+0.000,+0.000,+0.000,1100,0,
1785512730.9758,2026-07-31T11:45:30.975,127.347,1283,,,,0,,,,1.0187,162.48,0.9206,-3077.52,1,20.0,joystick,+0.000,+0.000,+0.000,+0.000,1100,0,
1785512731.0744,2026-07-31T11:45:31.074,127.446,1284,,,,0,,,,1.0163,162.50,0.9181,-3077.50,1,20.0,joystick,+0.000,+0.000,+0.000,+0.000,1100,0,
1785512731.1739,2026-07-31T11:45:31.173,127.546,1285,,,,0,,,,1.0113,162.51,0.9131,-3077.49,1,20.0,joystick,+0.000,+0.000,+0.000,+0.000,1100,0,
1785512731.2726,2026-07-31T11:45:31.272,127.644,1286,,,,0,,,,1.0135,162.51,0.9154,-3077.49,1,20.0,joystick,+0.000,+0.000,+0.000,+0.000,1100,0,
1785512731.3718,2026-07-31T11:45:31.371,127.743,1287,,,,0,,,,1.0157,162.43,0.9176,-3077.57,1,20.0,joystick,+0.000,+0.000,+0.000,+0.000,1100,0,
1785512731.4708,2026-07-31T11:45:31.470,127.843,1288,,,,0,,,,1.0179,162.34,0.9197,-3077.66,1,20.0,joystick,+0.000,+0.000,+0.000,+0.000,1100,0,
1785512731.5696,2026-07-31T11:45:31.569,127.941,1289,,,,0,,,,1.0141,162.32,0.9159,-3077.68,1,20.0,joystick,+0.000,+0.000,+0.000,+0.000,1100,0,
1785512731.6688,2026-07-31T11:45:31.668,128.041,1290,,,,0,,,,1.0124,162.27,0.9142,-3077.73,1,20.0,joystick,+0.000,+0.000,+0.000,+0.000,1100,0,
1785512731.7682,2026-07-31T11:45:31.768,128.140,1291,,,,0,,,,1.0110,162.26,0.9129,-3077.74,1,20.0,joystick,+0.000,+0.000,+0.000,+0.000,1100,0,
1785512731.8691,2026-07-31T11:45:31.869,128.241,1292,,,,0,,,,1.0056,162.29,0.9075,-3077.71,1,20.0,joystick,+0.000,+0.000,+0.000,+0.000,1100,0,
1785512731.9681,2026-07-31T11:45:31.968,128.340,1293,,,,0,,,,1.0076,162.37,0.9095,-3077.63,1,20.0,joystick,+0.000,+0.000,+0.000,+0.000,1100,0,
1785512732.0666,2026-07-31T11:45:32.066,128.438,1294,,,,0,,,,1.0046,162.45,0.9065,-3077.55,1,20.0,joystick,+0.000,+0.000,+0.000,+0.000,1100,0,
1785512732.1658,2026-07-31T11:45:32.165,128.537,1295,,,,0,,,,0.9993,162.62,0.9012,-3077.38,1,20.0,joystick,+0.000,+0.000,+0.000,+0.000,1100,0,
1785512732.2648,2026-07-31T11:45:32.264,128.636,1296,,,,0,,,,0.9960,162.71,0.8979,-3077.29,1,20.0,joystick,+0.000,+0.000,-0.600,+0.000,1100,0,
1785512732.3650,2026-07-31T11:45:32.365,128.737,1297,,,,0,,,,0.9916,162.99,0.8935,-3077.01,1,20.0,joystick,+0.000,+0.000,-0.600,+0.000,1100,0,
1785512732.4627,2026-07-31T11:45:32.462,128.834,1298,,,,0,,,,0.9915,163.22,0.8934,-3076.78,1,20.0,joystick,+0.000,+0.000,-0.600,+0.000,1100,0,
1785512732.5621,2026-07-31T11:45:32.562,128.934,1299,,,,0,,,,0.9904,163.37,0.8923,-3076.63,1,20.0,joystick,+0.000,+0.000,-0.600,+0.000,1100,0,
1785512732.6605,2026-07-31T11:45:32.660,129.032,1300,,,,0,,,,0.9888,163.59,0.8906,-3076.41,1,20.0,joystick,+0.000,+0.000,-0.600,+0.000,1100,0,
1785512732.7598,2026-07-31T11:45:32.759,129.131,1301,,,,0,,,,0.9885,163.67,0.8904,-3076.33,1,20.0,joystick,+0.000,+0.000,-0.600,+0.000,1100,0,
1785512732.8592,2026-07-31T11:45:32.859,129.231,1302,,,,0,,,,0.9932,163.76,0.8951,-3076.24,1,20.0,joystick,+0.000,+0.000,-0.600,+0.000,1100,0,
1785512732.9587,2026-07-31T11:45:32.958,129.330,1303,,,,0,,,,0.9979,163.75,0.8997,-3076.25,1,20.0,joystick,+0.000,+0.000,-0.600,+0.000,1100,0,
1785512733.0581,2026-07-31T11:45:33.058,129.430,1304,,,,0,,,,1.0068,163.75,0.9086,-3076.25,1,20.0,joystick,+0.000,+0.000,+0.000,+0.000,1100,0,
1785512733.1570,2026-07-31T11:45:33.157,129.529,1305,,,,0,,,,1.0092,163.71,0.9111,-3076.29,1,20.0,joystick,+0.000,+0.000,+0.000,+0.000,1100,0,
1785512733.2563,2026-07-31T11:45:33.256,129.628,1306,,,,0,,,,1.0085,163.69,0.9104,-3076.31,1,20.0,joystick,+0.000,+0.000,+0.000,+0.000,1100,0,
1785512733.3563,2026-07-31T11:45:33.356,129.728,1307,,,,0,,,,1.0116,163.62,0.9135,-3076.38,1,20.0,joystick,+0.000,+0.000,+0.000,+0.000,1100,0,
1785512733.4561,2026-07-31T11:45:33.456,129.828,1308,,,,0,,,,1.0137,163.52,0.9155,-3076.48,1,20.0,joystick,+0.000,+0.000,+0.000,+0.000,1100,0,
1785512733.5556,2026-07-31T11:45:33.555,129.927,1309,,,,0,,,,1.0146,163.45,0.9165,-3076.55,1,20.0,joystick,+0.000,+0.000,+0.000,+0.000,1100,0,
1785512733.6548,2026-07-31T11:45:33.654,130.026,1310,,,,0,,,,1.0110,163.31,0.9129,-3076.69,1,20.0,joystick,+0.000,+0.000,+0.000,+0.000,1100,0,
1785512733.7541,2026-07-31T11:45:33.754,130.126,1311,,,,0,,,,1.0105,163.24,0.9123,-3076.76,1,20.0,joystick,+0.000,+0.000,+0.000,+0.000,1100,0,
1785512733.8530,2026-07-31T11:45:33.852,130.225,1312,,,,0,,,,1.0038,163.04,0.9057,-3076.96,1,20.0,joystick,+0.000,+0.000,+0.000,+0.000,1100,0,
1785512733.9526,2026-07-31T11:45:33.952,130.324,1313,,,,0,,,,1.0017,162.95,0.9036,-3077.05,1,20.0,joystick,+0.000,+0.000,+0.000,+0.000,1100,0,
1785512734.0525,2026-07-31T11:45:34.052,130.424,1314,,,,0,,,,1.0032,162.75,0.9050,-3077.25,1,20.0,joystick,+0.000,+0.000,+0.000,+0.000,1100,0,
1785512734.1518,2026-07-31T11:45:34.151,130.523,1315,,,,0,,,,0.9949,162.58,0.8967,-3077.42,1,20.0,joystick,+0.000,+0.000,-0.600,+0.000,1100,0,
1785512734.2513,2026-07-31T11:45:34.251,130.623,1316,,,,0,,,,0.9934,162.51,0.8952,-3077.49,1,20.0,joystick,+0.000,+0.000,-0.600,+0.000,1100,0,
1785512734.3521,2026-07-31T11:45:34.352,130.724,1317,,,,0,,,,0.9897,162.42,0.8916,-3077.58,1,20.0,joystick,+0.000,+0.000,-0.600,+0.000,1100,0,
1785512734.4507,2026-07-31T11:45:34.450,130.822,1318,,,,0,,,,0.9825,162.37,0.8843,-3077.63,1,20.0,joystick,+0.000,+0.000,-0.600,+0.000,1100,0,
1785512734.5498,2026-07-31T11:45:34.549,130.921,1319,,,,0,,,,0.9855,162.31,0.8874,-3077.69,1,20.0,joystick,+0.000,+0.000,-0.600,+0.000,1100,0,
1785512734.6487,2026-07-31T11:45:34.648,131.020,1320,,,,0,,,,0.9877,162.24,0.8896,-3077.76,1,20.0,joystick,+0.000,+0.000,-0.600,+0.000,1100,0,
1785512734.7476,2026-07-31T11:45:34.747,131.119,1321,,,,0,,,,0.9899,162.22,0.8917,-3077.78,1,20.0,joystick,+0.000,+0.000,-0.600,+0.000,1100,0,
1785512734.8466,2026-07-31T11:45:34.846,131.218,1322,,,,0,,,,0.9956,162.20,0.8974,-3077.80,1,20.0,joystick,+0.000,+0.000,-0.600,+0.000,1100,0,
1785512734.9462,2026-07-31T11:45:34.946,131.318,1323,,,,0,,,,0.9956,162.18,0.8974,-3077.82,1,20.0,joystick,+0.000,+0.000,-0.600,+0.000,1100,0,
1785512735.0471,2026-07-31T11:45:35.047,131.419,1324,,,,0,,,,0.9975,162.09,0.8993,-3077.91,1,20.0,joystick,+0.000,+0.000,-0.600,+0.000,1100,0,
1785512735.1467,2026-07-31T11:45:35.146,131.518,1325,,,,0,,,,1.0073,162.03,0.9092,-3077.97,1,20.0,joystick,+0.000,+0.000,+0.000,+0.000,1100,0,
1785512735.2459,2026-07-31T11:45:35.245,131.618,1326,,,,0,,,,1.0085,162.00,0.9103,-3078.00,1,20.0,joystick,+0.000,+0.000,+0.000,+0.000,1100,0,
1785512735.3445,2026-07-31T11:45:35.344,131.716,1327,,,,0,,,,1.0114,161.96,0.9132,-3078.04,1,20.0,joystick,+0.000,+0.000,+0.000,+0.000,1100,0,
1785512735.4439,2026-07-31T11:45:35.443,131.816,1328,,,,0,,,,1.0089,161.96,0.9108,-3078.04,1,20.0,joystick,+0.000,+0.000,+0.000,+0.000,1100,0,
1785512735.5431,2026-07-31T11:45:35.543,131.915,1329,,,,0,,,,1.0135,161.96,0.9153,-3078.04,1,20.0,joystick,+0.000,+0.000,+0.000,+0.000,1100,0,
1785512735.6428,2026-07-31T11:45:35.642,132.015,1330,,,,0,,,,1.0141,161.99,0.9160,-3078.01,1,20.0,joystick,+0.000,+0.000,+0.000,+0.000,1100,0,
1785512735.7417,2026-07-31T11:45:35.741,132.113,1331,,,,0,,,,1.0112,162.02,0.9130,-3077.98,1,20.0,joystick,+0.000,+0.000,+0.000,+0.000,1100,0,
1785512735.8412,2026-07-31T11:45:35.841,132.213,1332,,,,0,,,,1.0074,162.12,0.9093,-3077.88,1,20.0,joystick,+0.000,+0.000,+0.000,+0.000,1100,0,
1785512735.9396,2026-07-31T11:45:35.939,132.311,1333,,,,0,,,,1.0042,162.18,0.9061,-3077.82,1,20.0,joystick,+0.000,+0.000,+0.000,+0.000,1100,0,
1785512736.0388,2026-07-31T11:45:36.038,132.410,1334,,,,0,,,,1.0050,162.27,0.9068,-3077.73,1,20.0,joystick,+0.000,+0.000,+0.000,+0.000,1100,0,
1785512736.1380,2026-07-31T11:45:36.138,132.510,1335,,,,0,,,,1.0064,162.37,0.9082,-3077.63,1,20.0,joystick,+0.000,+0.000,+0.000,+0.000,1100,0,
1785512736.2370,2026-07-31T11:45:36.237,132.609,1336,,,,0,,,,1.0016,162.42,0.9034,-3077.58,1,20.0,joystick,+0.000,+0.000,+0.000,+0.000,1100,0,
1785512736.3369,2026-07-31T11:45:36.336,132.709,1337,,,,0,,,,1.0037,162.53,0.9056,-3077.47,1,20.0,joystick,+0.000,+0.000,+0.000,+0.000,1100,0,
1785512736.4374,2026-07-31T11:45:36.437,132.809,1338,,,,0,,,,1.0006,162.59,0.9024,-3077.41,1,20.0,joystick,+0.000,+0.000,+0.000,+0.000,1100,0,
1785512736.5376,2026-07-31T11:45:36.537,132.909,1339,,,,0,,,,1.0015,162.69,0.9034,-3077.31,1,20.0,joystick,+0.000,+0.000,-0.600,+0.000,1100,0,
1785512736.6373,2026-07-31T11:45:36.637,133.009,1340,,,,0,,,,0.9958,162.80,0.8976,-3077.20,1,20.0,joystick,+0.000,+0.000,-0.600,+0.000,1100,0,
1785512736.7358,2026-07-31T11:45:36.735,133.107,1341,,,,0,,,,0.9993,162.84,0.9012,-3077.16,1,20.0,joystick,+0.000,+0.000,-0.600,+0.000,1100,0,
1785512736.8352,2026-07-31T11:45:36.835,133.207,1342,,,,0,,,,0.9959,162.85,0.8977,-3077.15,1,20.0,joystick,+0.000,+0.000,-0.600,+0.000,1100,0,
1785512736.9342,2026-07-31T11:45:36.934,133.306,1343,,,,0,,,,0.9943,162.83,0.8962,-3077.17,1,20.0,joystick,+0.000,+0.000,-0.600,+0.000,1100,0,
1785512737.0337,2026-07-31T11:45:37.033,133.405,1344,,,,0,,,,0.9972,162.91,0.8991,-3077.09,1,20.0,joystick,+0.000,+0.000,-0.600,+0.000,1100,0,
1785512737.1334,2026-07-31T11:45:37.133,133.505,1345,,,,0,,,,0.9982,162.90,0.9001,-3077.10,1,20.0,joystick,+0.000,+0.000,-0.600,+0.000,1100,0,
1785512737.2334,2026-07-31T11:45:37.233,133.605,1346,,,,0,,,,0.9972,162.80,0.8990,-3077.20,1,20.0,joystick,+0.000,+0.000,-0.600,+0.000,1100,0,
1785512737.3327,2026-07-31T11:45:37.332,133.704,1347,,,,0,,,,1.0021,162.65,0.9040,-3077.35,1,20.0,joystick,+0.000,+0.000,-0.600,+0.000,1100,0,
1785512737.4318,2026-07-31T11:45:37.431,133.803,1348,,,,0,,,,1.0030,162.58,0.9048,-3077.42,1,20.0,joystick,+0.000,+0.000,+0.000,+0.000,1100,0,
1785512737.5314,2026-07-31T11:45:37.531,133.903,1349,,,,0,,,,1.0099,162.49,0.9118,-3077.51,1,20.0,joystick,+0.000,+0.000,+0.000,+0.000,1100,0,
1785512737.6309,2026-07-31T11:45:37.630,134.003,1350,,,,0,,,,1.0090,162.45,0.9109,-3077.55,1,20.0,joystick,+0.000,+0.000,+0.000,+0.000,1100,0,
1785512737.7305,2026-07-31T11:45:37.730,134.102,1351,,,,0,,,,1.0089,162.40,0.9108,-3077.60,1,20.0,joystick,+0.000,+0.000,+0.000,+0.000,1100,0,
1785512737.8298,2026-07-31T11:45:37.829,134.202,1352,,,,0,,,,1.0083,162.33,0.9102,-3077.67,1,20.0,joystick,+0.000,+0.000,+0.000,+0.000,1100,0,
1785512737.9290,2026-07-31T11:45:37.929,134.301,1353,,,,0,,,,1.0128,162.31,0.9146,-3077.69,1,20.0,joystick,+0.000,+0.000,+0.000,+0.000,1100,0,
1785512738.0278,2026-07-31T11:45:38.027,134.399,1354,,,,0,,,,1.0050,162.27,0.9068,-3077.73,1,20.0,joystick,+0.000,+0.000,+0.000,+0.000,1100,0,
1785512738.1266,2026-07-31T11:45:38.126,134.498,1355,,,,0,,,,1.0028,162.25,0.9047,-3077.75,1,20.0,joystick,+0.000,+0.000,+0.000,+0.000,1100,0,
1785512738.2263,2026-07-31T11:45:38.226,134.598,1356,,,,0,,,,1.0041,162.20,0.9060,-3077.80,1,20.0,joystick,+0.000,+0.000,-0.600,+0.000,1100,0,
1785512738.3248,2026-07-31T11:45:38.324,134.696,1357,,,,0,,,,0.9945,162.12,0.8963,-3077.88,1,20.0,joystick,+0.000,+0.000,-0.600,+0.000,1100,0,
1785512738.4238,2026-07-31T11:45:38.423,134.795,1358,,,,0,,,,0.9957,162.03,0.8976,-3077.97,1,20.0,joystick,+0.000,+0.000,-0.600,+0.000,1100,0,
1785512738.5242,2026-07-31T11:45:38.524,134.896,1359,,,,0,,,,0.9903,161.80,0.8922,-3078.20,1,20.0,joystick,+0.000,+0.000,-0.600,+0.000,1100,0,
1785512738.6239,2026-07-31T11:45:38.623,134.996,1360,,,,0,,,,0.9923,161.70,0.8942,-3078.30,1,20.0,joystick,+0.000,+0.000,-0.600,+0.000,1100,0,
1785512738.7226,2026-07-31T11:45:38.722,135.094,1361,,,,0,,,,0.9931,161.53,0.8949,-3078.47,1,20.0,joystick,+0.000,+0.000,-0.600,+0.000,1100,0,
1785512738.8223,2026-07-31T11:45:38.822,135.194,1362,,,,0,,,,0.9959,161.41,0.8977,-3078.59,1,20.0,joystick,+0.000,+0.000,-0.600,+0.000,1100,0,
1785512738.9206,2026-07-31T11:45:38.920,135.292,1363,,,,0,,,,0.9953,161.19,0.8972,-3078.81,1,20.0,joystick,+0.000,+0.000,-0.600,+0.000,1100,0,
1785512739.0201,2026-07-31T11:45:39.020,135.392,1364,,,,0,,,,0.9988,160.99,0.9007,-3079.01,1,20.0,joystick,+0.000,+0.000,-0.600,+0.000,1100,0,
1785512739.1204,2026-07-31T11:45:39.120,135.492,1365,,,,0,,,,0.9995,160.88,0.9014,-3079.12,1,20.0,joystick,+0.000,+0.000,-0.600,+0.000,1100,0,
1785512739.2190,2026-07-31T11:45:39.219,135.591,1366,,,,0,,,,1.0013,160.71,0.9031,-3079.29,1,20.0,joystick,+0.000,+0.000,-0.600,+0.000,1100,0,
1785512739.3183,2026-07-31T11:45:39.318,135.690,1367,,,,0,,,,1.0040,160.64,0.9059,-3079.36,1,20.0,joystick,+0.000,+0.000,+0.000,+0.000,1100,0,
1785512739.4176,2026-07-31T11:45:39.417,135.789,1368,,,,0,,,,1.0110,160.50,0.9128,-3079.50,1,20.0,joystick,+0.000,+0.000,+0.000,+0.000,1100,0,
1785512739.5174,2026-07-31T11:45:39.517,135.889,1369,,,,0,,,,1.0072,160.40,0.9091,-3079.60,1,20.0,joystick,+0.000,+0.000,+0.000,+0.000,1100,0,
1785512739.6158,2026-07-31T11:45:39.615,135.987,1370,,,,0,,,,1.0081,160.35,0.9100,-3079.65,1,20.0,joystick,+0.000,+0.000,+0.000,+0.000,1100,0,
1785512739.7154,2026-07-31T11:45:39.715,136.087,1371,,,,0,,,,1.0015,160.27,0.9034,-3079.73,1,20.0,joystick,+0.000,+0.000,+0.000,+0.000,1100,0,
1785512739.8136,2026-07-31T11:45:39.813,136.185,1372,,,,0,,,,1.0032,160.23,0.9051,-3079.77,1,20.0,joystick,+0.000,+0.000,+0.000,+0.000,1100,0,
1785512739.9131,2026-07-31T11:45:39.913,136.285,1373,,,,0,,,,0.9927,160.10,0.8945,-3079.90,1,20.0,joystick,+0.000,+0.000,-0.600,+0.000,1100,0,
1785512740.0123,2026-07-31T11:45:40.012,136.384,1374,,,,0,,,,0.9907,159.91,0.8925,-3080.09,1,20.0,joystick,+0.000,+0.000,-0.600,+0.000,1100,0,
1785512740.1108,2026-07-31T11:45:40.110,136.483,1375,,,,0,,,,0.9862,159.77,0.8881,-3080.23,1,20.0,joystick,+0.000,+0.000,-0.600,+0.000,1100,0,
1785512740.2104,2026-07-31T11:45:40.210,136.582,1376,,,,0,,,,0.9853,159.49,0.8872,-3080.51,1,20.0,joystick,+0.000,+0.000,-0.600,+0.000,1100,0,
1785512740.3107,2026-07-31T11:45:40.310,136.682,1377,,,,0,,,,0.9810,159.33,0.8829,-3080.67,1,20.0,joystick,+0.000,+0.000,-0.600,+0.000,1100,0,
1785512740.4110,2026-07-31T11:45:40.411,136.783,1378,,,,0,,,,0.9841,158.94,0.8860,-3081.06,1,20.0,joystick,+0.000,+0.000,-0.600,+0.000,1100,0,
1785512740.5107,2026-07-31T11:45:40.510,136.882,1379,,,,0,,,,0.9944,158.50,0.8963,-3081.50,1,20.0,joystick,+0.000,+0.000,-0.600,+0.000,1100,0,
1785512740.6097,2026-07-31T11:45:40.609,136.981,1380,,,,0,,,,0.9920,158.31,0.8938,-3081.69,1,20.0,joystick,+0.000,+0.000,-0.600,+0.000,1100,0,
1785512740.7091,2026-07-31T11:45:40.709,137.081,1381,,,,0,,,,0.9968,157.96,0.8987,-3082.04,1,20.0,joystick,+0.000,+0.000,-0.600,+0.000,1100,0,
1785512740.8091,2026-07-31T11:45:40.809,137.181,1382,,,,0,,,,1.0029,157.81,0.9048,-3082.19,1,20.0,joystick,+0.000,+0.000,+0.000,+0.000,1100,0,
1785512740.9082,2026-07-31T11:45:40.908,137.280,1383,,,,0,,,,1.0003,157.55,0.9022,-3082.45,1,20.0,joystick,+0.000,+0.000,+0.000,+0.000,1100,0,
1785512741.0074,2026-07-31T11:45:41.007,137.379,1384,,,,0,,,,1.0005,157.33,0.9024,-3082.67,1,20.0,joystick,+0.000,+0.000,+0.000,+0.000,1100,0,
1785512741.1061,2026-07-31T11:45:41.106,137.478,1385,,,,0,,,,1.0032,157.28,0.9051,-3082.72,1,20.0,joystick,+0.000,+0.000,+0.000,+0.000,1100,0,
1785512741.2049,2026-07-31T11:45:41.204,137.577,1386,,,,0,,,,0.9996,157.30,0.9015,-3082.70,1,20.0,joystick,+0.000,+0.000,+0.000,+0.000,1100,0,
1785512741.3050,2026-07-31T11:45:41.305,137.677,1387,,,,0,,,,0.9949,157.35,0.8968,-3082.65,1,20.0,joystick,+0.000,+0.000,-0.600,+0.000,1100,0,
1785512741.4052,2026-07-31T11:45:41.405,137.777,1388,,,,0,,,,0.9875,157.63,0.8894,-3082.37,1,20.0,joystick,+0.000,+0.000,-0.600,+0.000,1100,0,
1785512741.5045,2026-07-31T11:45:41.504,137.876,1389,,,,0,,,,0.9790,158.02,0.8809,-3081.98,1,20.0,joystick,+0.000,+0.000,-0.600,+0.000,1100,0,
1785512741.6027,2026-07-31T11:45:41.602,137.974,1390,,,,0,,,,0.9748,158.20,0.8767,-3081.80,1,20.0,joystick,+0.000,+0.000,-0.600,+0.000,1100,0,
1785512741.7018,2026-07-31T11:45:41.701,138.073,1391,,,,0,,,,0.9667,158.46,0.8686,-3081.54,1,20.0,joystick,+0.000,+0.000,-0.600,+0.000,1100,0,
1785512741.8011,2026-07-31T11:45:41.801,138.173,1392,,,,0,,,,0.9665,158.58,0.8684,-3081.42,1,20.0,joystick,+0.000,+0.000,-0.600,+0.000,1100,0,
1785512741.8999,2026-07-31T11:45:41.899,138.272,1393,,,,0,,,,0.9629,158.73,0.8648,-3081.27,1,20.0,joystick,+0.000,+0.000,-0.600,+0.000,1100,0,
1785512741.9992,2026-07-31T11:45:41.999,138.371,1394,,,,0,,,,0.9610,158.85,0.8629,-3081.15,1,20.0,joystick,+0.000,+0.000,-0.600,+0.000,1100,0,
1785512742.0987,2026-07-31T11:45:42.098,138.470,1395,,,,0,,,,0.9615,158.89,0.8634,-3081.11,1,20.0,joystick,+0.000,+0.000,-0.600,+0.000,1100,0,
1785512742.1987,2026-07-31T11:45:42.198,138.570,1396,,,,0,,,,0.9611,158.97,0.8629,-3081.03,1,20.0,joystick,+0.000,+0.000,-0.600,+0.000,1100,0,
1785512742.2985,2026-07-31T11:45:42.298,138.670,1397,,,,0,,,,0.9669,159.01,0.8688,-3080.99,1,20.0,joystick,+0.000,+0.000,-0.600,+0.000,1100,0,
1785512742.3983,2026-07-31T11:45:42.398,138.770,1398,,,,0,,,,0.9672,159.15,0.8691,-3080.85,1,20.0,joystick,+0.000,+0.000,-0.600,+0.000,1100,0,
1785512742.4977,2026-07-31T11:45:42.497,138.869,1399,,,,0,,,,0.9614,159.24,0.8633,-3080.76,1,20.0,joystick,+0.000,+0.000,-0.600,+0.000,1100,0,
1785512742.5967,2026-07-31T11:45:42.596,138.968,1400,,,,0,,,,0.9633,159.42,0.8652,-3080.58,1,20.0,joystick,+0.000,+0.000,-0.600,+0.000,1100,0,
1785512742.6965,2026-07-31T11:45:42.696,139.068,1401,,,,0,,,,0.9677,159.57,0.8695,-3080.43,1,20.0,joystick,+0.000,+0.000,-0.600,+0.000,1100,0,
1785512742.7947,2026-07-31T11:45:42.794,139.166,1402,,,,0,,,,0.9694,159.64,0.8713,-3080.36,1,20.0,joystick,+0.000,+0.000,-0.600,+0.000,1100,0,
1785512742.8941,2026-07-31T11:45:42.894,139.266,1403,,,,0,,,,0.9764,159.73,0.8783,-3080.27,1,20.0,joystick,+0.000,+0.000,-0.600,+0.000,1100,0,
1785512742.9946,2026-07-31T11:45:42.994,139.366,1404,,,,0,,,,0.9785,159.77,0.8803,-3080.23,1,20.0,joystick,+0.000,+0.000,-0.600,+0.000,1100,0,
1785512743.0951,2026-07-31T11:45:43.095,139.467,1405,,,,0,,,,0.9824,159.90,0.8843,-3080.10,1,20.0,joystick,+0.000,+0.000,-0.600,+0.000,1100,0,
1785512743.1954,2026-07-31T11:45:43.195,139.567,1406,,,,0,,,,0.9856,160.10,0.8874,-3079.90,1,20.0,joystick,+0.000,+0.000,-0.600,+0.000,1100,0,
1785512743.2944,2026-07-31T11:45:43.294,139.666,1407,,,,0,,,,0.9860,160.19,0.8878,-3079.81,1,20.0,joystick,+0.000,+0.000,-0.600,+0.000,1100,0,
1785512743.3929,2026-07-31T11:45:43.392,139.765,1408,,,,0,,,,0.9852,160.36,0.8871,-3079.64,1,20.0,joystick,+0.000,+0.000,-0.600,+0.000,1100,0,
1785512743.4913,2026-07-31T11:45:43.491,139.863,1409,,,,0,,,,0.9812,160.42,0.8831,-3079.58,1,20.0,joystick,+0.000,+0.000,-0.600,+0.000,1100,0,
1785512743.5898,2026-07-31T11:45:43.589,139.961,1410,,,,0,,,,0.9853,160.48,0.8871,-3079.52,1,20.0,joystick,+0.000,+0.000,-0.600,+0.000,1100,0,
1785512743.6901,2026-07-31T11:45:43.690,140.062,1411,,,,0,,,,0.9948,160.51,0.8966,-3079.49,1,20.0,joystick,+0.000,+0.000,-0.600,+0.000,1100,0,
1785512743.7889,2026-07-31T11:45:43.788,140.161,1412,,,,0,,,,0.9959,160.53,0.8978,-3079.47,1,20.0,joystick,+0.000,+0.000,-0.600,+0.000,1100,0,
1785512743.8878,2026-07-31T11:45:43.887,140.260,1413,,,,0,,,,0.9927,160.56,0.8945,-3079.44,1,20.0,joystick,+0.000,+0.000,-0.600,+0.000,1100,0,
1785512743.9871,2026-07-31T11:45:43.987,140.359,1414,,,,0,,,,0.9965,160.55,0.8984,-3079.45,1,20.0,joystick,+0.000,+0.000,-0.600,+0.000,1100,0,
1785512744.0865,2026-07-31T11:45:44.086,140.458,1415,,,,0,,,,1.0027,160.56,0.9046,-3079.44,1,20.0,joystick,+0.000,+0.000,-0.600,+0.000,1100,0,
1785512744.1852,2026-07-31T11:45:44.185,140.557,1416,,,,0,,,,1.0021,160.57,0.9039,-3079.43,1,20.0,joystick,+0.000,+0.000,+0.000,+0.000,1100,0,
1785512744.2854,2026-07-31T11:45:44.285,140.657,1417,,,,0,,,,1.0053,160.60,0.9071,-3079.40,1,20.0,joystick,+0.000,+0.000,+0.000,+0.000,1100,0,
1785512744.3852,2026-07-31T11:45:44.385,140.757,1418,,,,0,,,,0.9992,160.65,0.9010,-3079.35,1,20.0,joystick,+0.000,+0.000,+0.000,+0.000,1100,0,
1785512744.4857,2026-07-31T11:45:44.485,140.857,1419,,,,0,,,,0.9927,160.67,0.8946,-3079.33,1,20.0,joystick,+0.000,+0.000,-0.600,+0.000,1100,0,
1785512744.5857,2026-07-31T11:45:44.585,140.957,1420,,,,0,,,,0.9838,160.66,0.8856,-3079.34,1,20.0,joystick,+0.000,+0.000,-0.600,+0.000,1100,0,
1785512744.6850,2026-07-31T11:45:44.684,141.057,1421,,,,0,,,,0.9795,160.62,0.8814,-3079.38,1,20.0,joystick,+0.000,+0.000,-0.600,+0.000,1100,0,
1785512744.7838,2026-07-31T11:45:44.783,141.155,1422,,,,0,,,,0.9767,160.62,0.8786,-3079.38,1,20.0,joystick,+0.000,+0.000,-0.600,+0.000,1100,0,
1785512744.8831,2026-07-31T11:45:44.883,141.255,1423,,,,0,,,,0.9736,160.54,0.8754,-3079.46,1,20.0,joystick,+0.000,+0.000,-0.600,+0.000,1100,0,
1785512744.9824,2026-07-31T11:45:44.982,141.354,1424,,,,0,,,,0.9703,160.47,0.8721,-3079.53,1,20.0,joystick,+0.000,+0.000,-0.600,+0.000,1100,0,
1785512745.0814,2026-07-31T11:45:45.081,141.453,1425,,,,0,,,,0.9747,160.26,0.8766,-3079.74,1,20.0,idle,+0.000,+0.000,+0.000,+0.000,1100,0,
1785512745.1804,2026-07-31T11:45:45.180,141.552,1426,,,,0,,,,0.9737,160.16,0.8756,-3079.84,1,20.0,idle,+0.000,+0.000,+0.000,+0.000,1100,0,
1785512745.2791,2026-07-31T11:45:45.279,141.651,1427,,,,0,,,,0.9709,159.99,0.8727,-3080.01,1,20.0,idle,+0.000,+0.000,+0.000,+0.000,1100,0,
1785512745.3787,2026-07-31T11:45:45.378,141.750,1428,,,,0,,,,0.9662,159.90,0.8681,-3080.10,1,20.0,idle,+0.000,+0.000,+0.000,+0.000,1100,0,
1785512745.4807,2026-07-31T11:45:45.480,141.852,1429,,,,0,,,,0.9598,159.89,0.8616,-3080.11,1,20.0,idle,+0.000,+0.000,+0.000,+0.000,1100,0,
1785512745.5814,2026-07-31T11:45:45.581,141.953,1430,,,,0,,,,0.9477,159.89,0.8495,-3080.11,1,20.0,idle,+0.000,+0.000,+0.000,+0.000,1100,0,
1785512745.6826,2026-07-31T11:45:45.682,142.054,1431,,,,0,,,,0.9345,159.88,0.8364,-3080.12,1,20.0,idle,+0.000,+0.000,+0.000,+0.000,1100,0,
1785512745.7817,2026-07-31T11:45:45.781,142.153,1432,,,,0,,,,0.9270,159.86,0.8289,-3080.14,1,20.0,idle,+0.000,+0.000,+0.000,+0.000,1100,0,
1785512745.8827,2026-07-31T11:45:45.882,142.254,1433,,,,0,,,,0.9124,159.83,0.8143,-3080.17,1,20.0,idle,+0.000,+0.000,+0.000,+0.000,1100,0,
1785512745.9823,2026-07-31T11:45:45.982,142.354,1434,,,,0,,,,0.9072,159.81,0.8090,-3080.19,1,20.0,idle,+0.000,+0.000,+0.000,+0.000,1100,0,
1785512746.0827,2026-07-31T11:45:46.082,142.454,1435,,,,0,,,,0.8913,159.80,0.7932,-3080.20,1,20.0,idle,+0.000,+0.000,+0.000,+0.000,1100,0,
1785512746.1827,2026-07-31T11:45:46.182,142.554,1436,,,,0,,,,0.8770,159.82,0.7789,-3080.18,1,20.0,idle,+0.000,+0.000,+0.000,+0.000,1100,0,
1785512746.2819,2026-07-31T11:45:46.281,142.654,1437,,,,0,,,,0.8688,159.85,0.7706,-3080.15,1,20.0,idle,+0.000,+0.000,+0.000,+0.000,1100,0,
1785512746.3813,2026-07-31T11:45:46.381,142.753,1438,,,,0,,,,0.8506,159.88,0.7525,-3080.12,1,20.0,idle,+0.000,+0.000,+0.000,+0.000,1100,0,
1785512746.4814,2026-07-31T11:45:46.481,142.853,1439,,,,0,,,,0.8451,159.89,0.7470,-3080.11,1,20.0,joystick,+0.000,+0.000,-0.600,+0.000,1100,0,
1785512746.5808,2026-07-31T11:45:46.580,142.952,1440,,,,0,,,,0.8309,159.89,0.7327,-3080.11,1,20.0,joystick,+0.000,+0.000,-0.600,+0.000,1100,0,
1785512746.6804,2026-07-31T11:45:46.680,143.052,1441,,,,0,,,,0.8210,159.87,0.7229,-3080.13,1,20.0,joystick,+0.000,+0.000,-0.600,+0.000,1100,0,
1785512746.7796,2026-07-31T11:45:46.779,143.151,1442,,,,0,,,,0.8017,159.80,0.7036,-3080.20,1,20.0,joystick,+0.000,+0.000,-0.600,+0.000,1100,0,
1785512746.8785,2026-07-31T11:45:46.878,143.250,1443,,,,0,,,,0.8015,159.68,0.7033,-3080.32,1,20.0,joystick,+0.000,+0.000,-0.600,+0.000,1100,0,
1785512746.9792,2026-07-31T11:45:46.979,143.351,1444,,,,0,,,,0.7977,159.60,0.6996,-3080.40,1,20.0,joystick,+0.000,+0.000,-0.600,+0.000,1100,0,
1785512747.0783,2026-07-31T11:45:47.078,143.450,1445,,,,0,,,,0.8001,159.41,0.7020,-3080.59,1,20.0,joystick,+0.000,+0.000,-0.600,+0.000,1100,0,
1785512747.1776,2026-07-31T11:45:47.177,143.549,1446,,,,0,,,,0.7981,159.32,0.7000,-3080.68,1,20.0,joystick,+0.000,+0.000,-0.600,+0.000,1100,0,
1785512747.2772,2026-07-31T11:45:47.277,143.649,1447,,,,0,,,,0.8019,159.15,0.7038,-3080.85,1,20.0,joystick,+0.000,+0.000,-0.600,+0.000,1100,0,
1785512747.3767,2026-07-31T11:45:47.376,143.748,1448,,,,0,,,,0.7939,158.99,0.6958,-3081.01,1,20.0,joystick,+0.000,+0.000,-0.600,-1.000,1100,0,
1785512747.4764,2026-07-31T11:45:47.476,143.848,1449,,,,0,,,,0.7969,158.94,0.6987,-3081.06,1,20.0,joystick,+0.000,+0.000,-0.600,+0.000,1100,0,
1785512747.5757,2026-07-31T11:45:47.575,143.947,1450,,,,0,,,,0.7925,158.87,0.6944,-3081.13,1,20.0,joystick,+0.000,+0.000,-0.600,+0.000,1100,0,
1785512747.6743,2026-07-31T11:45:47.674,144.046,1451,,,,0,,,,0.7927,158.80,0.6945,-3081.20,1,20.0,joystick,+0.000,+0.000,-0.600,+0.000,1100,0,
1785512747.7729,2026-07-31T11:45:47.772,144.145,1452,,,,0,,,,0.7948,158.67,0.6966,-3081.33,1,20.0,joystick,+0.000,+0.000,-0.600,+0.000,1100,0,
1785512747.8729,2026-07-31T11:45:47.872,144.245,1453,,,,0,,,,0.7922,158.55,0.6940,-3081.45,1,20.0,joystick,+0.000,+0.000,-0.600,+0.000,1100,0,
1785512747.9725,2026-07-31T11:45:47.972,144.344,1454,,,,0,,,,0.7887,158.51,0.6906,-3081.49,1,20.0,joystick,+0.000,+0.000,-0.600,+0.000,1100,0,
1785512748.0717,2026-07-31T11:45:48.071,144.443,1455,,,,0,,,,0.7880,158.47,0.6898,-3081.53,1,20.0,joystick,+0.000,+0.000,-0.600,+0.000,1100,0,
1785512748.1717,2026-07-31T11:45:48.171,144.543,1456,,,,0,,,,0.7885,158.47,0.6904,-3081.53,1,20.0,joystick,+0.000,+0.000,-0.600,+0.000,1100,0,
1785512748.2699,2026-07-31T11:45:48.269,144.642,1457,,,,0,,,,0.7810,158.43,0.6828,-3081.57,1,20.0,joystick,+0.000,+0.000,-0.600,+0.000,1100,0,
1785512748.3697,2026-07-31T11:45:48.369,144.741,1458,,,,0,,,,0.7813,158.40,0.6832,-3081.60,1,20.0,joystick,+0.000,+0.000,-0.600,+0.000,1100,0,
1785512748.4692,2026-07-31T11:45:48.469,144.841,1459,,,,0,,,,0.7799,158.36,0.6817,-3081.64,1,20.0,joystick,+0.000,+0.000,-0.600,+0.000,1100,0,
1785512748.5678,2026-07-31T11:45:48.567,144.939,1460,,,,0,,,,0.7779,158.19,0.6797,-3081.81,1,20.0,joystick,+0.000,+0.000,-0.600,+0.000,1100,0,
1785512748.6675,2026-07-31T11:45:48.667,145.039,1461,,,,0,,,,0.7778,158.09,0.6796,-3081.91,1,20.0,joystick,+0.000,+0.000,-0.600,+0.000,1100,0,
1785512748.7669,2026-07-31T11:45:48.766,145.139,1462,,,,0,,,,0.7863,157.82,0.6881,-3082.18,1,20.0,joystick,+0.000,+0.000,-0.600,+0.000,1100,0,
1785512748.8667,2026-07-31T11:45:48.866,145.238,1463,,,,0,,,,0.7821,157.49,0.6839,-3082.51,1,20.0,joystick,+0.000,+0.000,-0.600,+0.000,1100,0,
1785512748.9666,2026-07-31T11:45:48.966,145.338,1464,,,,0,,,,0.7902,157.32,0.6921,-3082.68,1,20.0,joystick,+0.000,+0.000,-0.600,+0.000,1100,0,
1785512749.0677,2026-07-31T11:45:49.067,145.439,1465,,,,0,,,,0.7931,157.00,0.6949,-3083.00,1,20.0,joystick,+0.000,+0.000,-0.600,+0.000,1100,0,
1785512749.1668,2026-07-31T11:45:49.166,145.538,1466,,,,0,,,,0.8007,156.91,0.7026,-3083.09,1,20.0,joystick,+0.000,+0.000,-0.600,+0.000,1100,0,
1785512749.2653,2026-07-31T11:45:49.265,145.637,1467,,,,0,,,,0.7979,156.83,0.6998,-3083.17,1,20.0,joystick,-1.000,+0.000,-0.600,+0.000,1100,0,
1785512749.3645,2026-07-31T11:45:49.364,145.736,1468,,,,0,,,,0.7969,156.89,0.6988,-3083.11,1,20.0,joystick,-1.000,+0.000,-0.600,+0.000,1100,0,
1785512749.4626,2026-07-31T11:45:49.462,145.834,1469,,,,0,,,,0.7942,156.95,0.6961,-3083.05,1,20.0,joystick,-1.000,+0.000,-0.600,+0.000,1100,0,
1785512749.5617,2026-07-31T11:45:49.561,145.933,1470,,,,0,,,,0.7854,157.22,0.6873,-3082.78,1,20.0,joystick,-1.000,+0.000,-0.600,+0.000,1100,0,
1785512749.6602,2026-07-31T11:45:49.660,146.032,1471,,,,0,,,,0.7883,157.41,0.6901,-3082.59,1,20.0,joystick,-1.000,+0.000,-0.600,+0.000,1100,0,
1785512749.7593,2026-07-31T11:45:49.759,146.131,1472,,,,0,,,,0.7801,157.62,0.6820,-3082.38,1,20.0,joystick,-1.000,+0.000,-0.600,+0.000,1100,0,
1785512749.8598,2026-07-31T11:45:49.859,146.231,1473,,,,0,,,,0.7787,157.66,0.6806,-3082.34,1,20.0,joystick,-1.000,+0.000,-0.600,+0.000,1100,0,
1785512749.9609,2026-07-31T11:45:49.960,146.333,1474,,,,0,,,,0.7801,157.62,0.6820,-3082.38,1,20.0,joystick,-1.000,+0.000,-0.600,+0.000,1100,0,
1785512750.0612,2026-07-31T11:45:50.061,146.433,1475,,,,0,,,,0.7856,157.47,0.6875,-3082.53,1,20.0,joystick,-1.000,+0.000,-0.600,+0.000,1100,0,
1785512750.1600,2026-07-31T11:45:50.160,146.532,1476,,,,0,,,,0.7881,157.39,0.6899,-3082.61,1,20.0,joystick,-1.000,+0.000,-0.600,+0.000,1100,0,
1785512750.2596,2026-07-31T11:45:50.259,146.631,1477,,,,0,,,,0.7912,157.23,0.6931,-3082.77,1,20.0,joystick,-1.000,+0.000,-0.600,+0.000,1100,0,
1785512750.3587,2026-07-31T11:45:50.358,146.730,1478,,,,0,,,,0.7889,157.12,0.6908,-3082.88,1,20.0,joystick,-1.000,+0.000,-0.600,+0.000,1100,0,
1785512750.4588,2026-07-31T11:45:50.458,146.831,1479,,,,0,,,,0.7900,156.80,0.6918,-3083.20,1,20.0,joystick,-1.000,+0.000,-0.600,+0.000,1100,0,
1785512750.5585,2026-07-31T11:45:50.558,146.930,1480,,,,0,,,,0.7951,156.52,0.6970,-3083.48,1,20.0,joystick,-1.000,+0.000,-0.600,+0.000,1100,0,
1785512750.6578,2026-07-31T11:45:50.657,147.030,1481,,,,0,,,,0.7982,156.43,0.7001,-3083.57,1,20.0,joystick,-1.000,+0.000,-0.600,+0.000,1100,0,
1785512750.7573,2026-07-31T11:45:50.757,147.129,1482,,,,0,,,,0.8073,156.24,0.7091,-3083.76,1,20.0,joystick,+0.000,+0.000,-0.600,+0.000,1100,0,
1785512750.8567,2026-07-31T11:45:50.856,147.228,1483,,,,0,,,,0.8096,156.15,0.7114,-3083.85,1,20.0,joystick,+0.000,+0.000,-0.600,+0.000,1100,0,
1785512750.9550,2026-07-31T11:45:50.955,147.327,1484,,,,0,,,,0.8199,155.96,0.7217,-3084.04,1,20.0,joystick,+0.000,+0.000,-0.600,+0.000,1100,0,
1785512751.0543,2026-07-31T11:45:51.054,147.426,1485,,,,0,,,,0.8330,155.81,0.7349,-3084.19,1,20.0,joystick,+0.000,+0.000,-0.600,+0.000,1100,0,
1785512751.1530,2026-07-31T11:45:51.153,147.525,1486,,,,0,,,,0.8347,155.77,0.7366,-3084.23,1,20.0,joystick,+0.000,+0.000,-0.600,+0.000,1100,0,
1785512751.2523,2026-07-31T11:45:51.252,147.624,1487,,,,0,,,,0.8434,155.76,0.7452,-3084.24,1,20.0,joystick,+0.000,+0.000,-0.600,+0.000,1100,0,
1785512751.3516,2026-07-31T11:45:51.351,147.723,1488,,,,0,,,,0.8512,155.76,0.7531,-3084.24,1,20.0,joystick,+0.000,+0.000,-0.600,+0.000,1100,0,
1785512751.4501,2026-07-31T11:45:51.450,147.822,1489,,,,0,,,,0.8569,155.80,0.7588,-3084.20,1,20.0,joystick,+0.000,+0.000,-0.600,+0.000,1100,0,
1785512751.5503,2026-07-31T11:45:51.550,147.922,1490,,,,0,,,,0.8603,155.96,0.7622,-3084.04,1,20.0,joystick,+0.000,+0.000,-0.600,+0.000,1100,0,
1785512751.6509,2026-07-31T11:45:51.650,148.023,1491,,,,0,,,,0.8642,156.06,0.7661,-3083.94,1,20.0,joystick,+0.000,+0.000,-0.600,+0.000,1100,0,
1785512751.7502,2026-07-31T11:45:51.750,148.122,1492,,,,0,,,,0.8567,156.23,0.7586,-3083.77,1,20.0,joystick,+0.000,+0.000,-0.600,+0.000,1100,0,
1785512751.8492,2026-07-31T11:45:51.849,148.221,1493,,,,0,,,,0.8580,156.30,0.7599,-3083.70,1,20.0,joystick,+0.000,+0.000,-0.600,+0.000,1100,0,
1785512751.9498,2026-07-31T11:45:51.949,148.321,1494,,,,0,,,,0.8545,156.35,0.7564,-3083.65,1,20.0,joystick,+0.000,+0.000,-0.600,+0.000,1100,0,
1785512752.0487,2026-07-31T11:45:52.048,148.420,1495,,,,0,,,,0.8462,156.40,0.7481,-3083.60,1,20.0,joystick,+0.000,+0.000,-0.600,+0.000,1100,0,
1785512752.1473,2026-07-31T11:45:52.147,148.519,1496,,,,0,,,,0.8350,156.43,0.7369,-3083.57,1,20.0,joystick,+0.000,+0.000,-0.600,+0.000,1100,0,
1785512752.2465,2026-07-31T11:45:52.246,148.618,1497,,,,0,,,,0.8308,155.24,0.7326,-3084.76,1,20.0,joystick,+0.000,+0.000,-0.600,+0.000,1100,0,
1785512752.3458,2026-07-31T11:45:52.345,148.717,1498,,,,0,,,,0.8304,154.74,0.7322,-3085.26,1,20.0,joystick,+0.000,+0.000,-0.600,+0.000,1100,0,
1785512752.4448,2026-07-31T11:45:52.444,148.816,1499,,,,0,,,,0.8178,153.90,0.7197,-3086.10,1,20.0,joystick,+0.000,+0.000,-0.600,+0.000,1100,0,
1785512752.5439,2026-07-31T11:45:52.543,148.916,1500,,,,0,,,,0.8217,153.17,0.7235,-3086.83,1,20.0,joystick,+0.000,+0.000,-0.600,+0.000,1100,0,
1785512752.6432,2026-07-31T11:45:52.643,149.015,1501,,,,0,,,,0.8216,152.81,0.7234,-3087.19,1,20.0,joystick,+0.000,+0.000,-0.600,+0.000,1100,0,
1785512752.7430,2026-07-31T11:45:52.743,149.115,1502,,,,0,,,,0.8248,152.13,0.7267,-3087.87,1,20.0,joystick,+0.000,+0.000,-0.600,+0.000,1100,0,
1785512752.8424,2026-07-31T11:45:52.842,149.214,1503,,,,0,,,,0.8232,151.81,0.7251,-3088.19,1,20.0,joystick,+0.000,+0.000,-0.600,+0.000,1100,0,
1785512752.9416,2026-07-31T11:45:52.941,149.313,1504,,,,0,,,,0.8235,151.20,0.7253,-3088.80,1,20.0,joystick,+0.000,+0.000,-0.600,+0.000,1100,0,
1785512753.0408,2026-07-31T11:45:53.040,149.413,1505,,,,0,,,,0.8209,150.94,0.7227,-3089.06,1,20.0,joystick,+0.000,+0.000,-0.600,+0.000,1100,0,
1785512753.1399,2026-07-31T11:45:53.139,149.512,1506,,,,0,,,,0.8212,150.43,0.7231,-3089.57,1,20.0,joystick,+0.000,+0.000,-0.600,+0.000,1100,0,
1785512753.2394,2026-07-31T11:45:53.239,149.611,1507,,,,0,,,,0.8151,149.96,0.7169,-3090.04,1,20.0,joystick,+0.000,+0.000,-0.600,+0.000,1100,0,
1785512753.3382,2026-07-31T11:45:53.338,149.710,1508,,,,0,,,,0.8115,149.76,0.7133,-3090.24,1,20.0,joystick,+0.000,+0.000,-0.600,+0.000,1100,0,
1785512753.4371,2026-07-31T11:45:53.437,149.809,1509,,,,0,,,,0.8081,149.34,0.7100,-3090.66,1,20.0,joystick,+0.000,+0.000,-0.600,+0.000,1100,0,
1785512753.5367,2026-07-31T11:45:53.536,149.908,1510,,,,0,,,,0.8101,149.17,0.7120,-3090.83,1,20.0,joystick,+0.000,+0.000,-0.600,+0.000,1100,0,
1785512753.6360,2026-07-31T11:45:53.635,150.008,1511,,,,0,,,,0.8014,148.92,0.7032,-3091.08,1,20.0,joystick,+0.000,+0.000,-0.600,+0.000,1100,0,
1785512753.7353,2026-07-31T11:45:53.735,150.107,1512,,,,0,,,,0.7969,148.82,0.6987,-3091.18,1,20.0,joystick,+0.000,+0.000,-0.600,+0.000,1100,0,
1785512753.8348,2026-07-31T11:45:53.834,150.206,1513,,,,0,,,,0.7852,148.75,0.6871,-3091.25,1,20.0,joystick,+0.000,+0.000,-0.600,+0.000,1100,0,
1785512753.9340,2026-07-31T11:45:53.933,150.306,1514,,,,0,,,,0.7702,148.75,0.6720,-3091.25,1,20.0,joystick,+0.000,+0.000,-0.600,+0.000,1100,0,
1785512754.0335,2026-07-31T11:45:54.033,150.405,1515,,,,0,,,,0.7663,148.77,0.6681,-3091.23,1,20.0,joystick,+0.000,+0.000,-0.600,+0.000,1100,0,
1785512754.1328,2026-07-31T11:45:54.132,150.504,1516,,,,0,,,,0.7552,148.54,0.6570,-3091.46,1,20.0,joystick,+0.000,+0.000,-0.600,+0.000,1100,0,
1785512754.2331,2026-07-31T11:45:54.233,150.605,1517,,,,0,,,,0.7394,148.31,0.6412,-3091.69,1,20.0,joystick,+0.000,+0.000,-0.600,+0.000,1100,0,
1785512754.3322,2026-07-31T11:45:54.332,150.704,1518,,,,0,,,,0.7280,147.77,0.6299,-3092.23,1,20.0,joystick,+0.000,+0.000,-0.600,+0.000,1100,0,
1785512754.4315,2026-07-31T11:45:54.431,150.803,1519,,,,0,,,,0.7123,147.38,0.6142,-3092.62,1,20.0,joystick,+0.000,+0.000,-0.600,+0.000,1100,0,
1785512754.5307,2026-07-31T11:45:54.530,150.902,1520,,,,0,,,,0.7085,147.21,0.6104,-3092.79,1,20.0,joystick,+0.000,+0.000,-0.600,+0.000,1100,0,
1785512754.6321,2026-07-31T11:45:54.632,151.004,1521,,,,0,,,,0.6936,146.99,0.5955,-3093.01,1,20.0,joystick,+0.000,+0.000,-0.600,+0.000,1100,0,
1785512754.7315,2026-07-31T11:45:54.731,151.103,1522,,,,0,,,,0.6841,146.92,0.5860,-3093.08,1,20.0,joystick,+0.000,+0.000,-0.600,+0.000,1100,0,
1785512754.8303,2026-07-31T11:45:54.830,151.202,1523,,,,0,,,,0.6684,146.81,0.5703,-3093.19,1,20.0,joystick,+0.000,+0.000,-0.600,+0.000,1100,0,
1785512754.9299,2026-07-31T11:45:54.929,151.302,1524,,,,0,,,,0.6524,146.82,0.5542,-3093.18,1,20.0,joystick,+0.000,+0.000,-0.600,+0.000,1100,0,
1785512755.0288,2026-07-31T11:45:55.028,151.400,1525,,,,0,,,,0.6442,146.65,0.5460,-3093.35,1,20.0,joystick,+0.000,+0.000,-0.600,+0.000,1100,0,
1785512755.1277,2026-07-31T11:45:55.127,151.499,1526,,,,0,,,,0.6310,146.51,0.5329,-3093.49,1,20.0,joystick,+0.000,+0.000,-0.600,+0.000,1100,0,
1785512755.2261,2026-07-31T11:45:55.226,151.598,1527,,,,0,,,,0.6123,146.46,0.5142,-3093.54,1,20.0,joystick,+0.000,+0.000,-0.600,+0.000,1100,0,
1785512755.3251,2026-07-31T11:45:55.325,151.697,1528,,,,0,,,,0.6044,146.42,0.5062,-3093.58,1,20.0,joystick,+0.000,+0.000,-0.600,+0.000,1100,0,
1785512755.4245,2026-07-31T11:45:55.424,151.796,1529,,,,0,,,,0.5910,146.44,0.4928,-3093.56,1,20.0,joystick,+0.000,+0.000,-0.600,+0.000,1100,0,
1785512755.5239,2026-07-31T11:45:55.523,151.896,1530,,,,0,,,,0.5817,146.50,0.4835,-3093.50,1,20.0,joystick,+0.000,+0.000,-0.600,+1.000,1100,0,
1785512755.6224,2026-07-31T11:45:55.622,151.994,1531,,,,0,,,,0.5659,146.64,0.4678,-3093.36,1,20.0,joystick,+0.000,+0.000,-0.600,+1.000,1100,0,
1785512755.7222,2026-07-31T11:45:55.722,152.094,1532,,,,0,,,,0.5533,146.73,0.4552,-3093.27,1,20.0,joystick,+0.000,+0.000,-0.600,+1.000,1100,0,
1785512755.8219,2026-07-31T11:45:55.821,152.194,1533,,,,0,,,,0.5402,145.19,0.4421,-3094.81,1,20.0,joystick,+0.000,+0.000,-0.600,+1.000,1100,0,
1785512755.9204,2026-07-31T11:45:55.920,152.292,1534,,,,0,,,,0.5080,142.71,0.4099,-3097.29,1,20.0,joystick,+0.000,+0.000,-0.600,+1.000,1100,0,
1785512756.0199,2026-07-31T11:45:56.019,152.392,1535,,,,0,,,,0.4978,141.11,0.3997,-3098.89,1,20.0,joystick,+0.000,+0.000,-0.600,+1.000,1100,0,
1785512756.1201,2026-07-31T11:45:56.120,152.492,1536,,,,0,,,,0.4842,137.08,0.3860,-3102.92,1,20.0,joystick,+0.000,+0.000,-0.600,+0.000,1100,0,
1785512756.2192,2026-07-31T11:45:56.219,152.591,1537,,,,0,,,,0.4783,135.26,0.3801,-3104.74,1,20.0,joystick,+0.000,+0.000,-0.600,+0.000,1100,0,
1785512756.3189,2026-07-31T11:45:56.318,152.691,1538,,,,0,,,,0.4900,134.37,0.3918,-3105.63,1,20.0,joystick,+0.000,+0.000,-0.600,+0.000,1100,0,
1785512756.4187,2026-07-31T11:45:56.418,152.790,1539,,,,0,,,,0.4856,135.70,0.3875,-3104.30,1,20.0,joystick,+0.000,+0.000,-0.600,-1.000,1100,0,
1785512756.5178,2026-07-31T11:45:56.517,152.889,1540,,,,0,,,,0.4777,137.57,0.3796,-3102.43,1,20.0,joystick,+0.000,+0.000,-0.600,-1.000,1100,0,
1785512756.6172,2026-07-31T11:45:56.617,152.989,1541,,,,0,,,,0.4668,144.22,0.3687,-3095.78,1,20.0,joystick,+0.000,+0.000,-0.600,-1.000,1100,0,
1785512756.7164,2026-07-31T11:45:56.716,153.088,1542,,,,0,,,,0.4607,148.51,0.3626,-3091.49,1,20.0,joystick,+0.000,+0.000,-0.600,-1.000,1100,0,
1785512756.8161,2026-07-31T11:45:56.816,153.188,1543,,,,0,,,,0.4475,159.54,0.3494,-3080.46,1,20.0,joystick,+0.000,+0.000,-0.600,-1.000,1100,0,
1785512756.9154,2026-07-31T11:45:56.915,153.287,1544,,,,0,,,,0.4414,163.79,0.3433,-3076.21,1,20.0,joystick,+0.000,+0.000,-0.600,-1.000,1100,0,
1785512757.0145,2026-07-31T11:45:57.014,153.386,1545,,,,0,,,,0.4333,167.01,0.3351,-3072.99,1,20.0,joystick,+0.000,+0.000,-0.600,-1.000,1100,0,
1785512757.1137,2026-07-31T11:45:57.113,153.485,1546,,,,0,,,,0.4278,175.59,0.3297,-3064.41,1,20.0,joystick,+0.000,+0.000,-0.600,-1.000,1100,0,
1785512757.2126,2026-07-31T11:45:57.212,153.584,1547,,,,0,,,,0.4308,-179.75,0.3327,-3059.75,1,20.0,joystick,+0.000,+0.000,-0.600,-1.000,1100,0,
1785512757.3126,2026-07-31T11:45:57.312,153.684,1548,,,,0,,,,0.4162,-170.69,0.3180,-3050.69,1,20.0,joystick,+0.000,+0.000,-0.600,-1.000,1100,0,
1785512757.4118,2026-07-31T11:45:57.411,153.784,1549,,,,0,,,,0.4004,-161.49,0.3022,-3041.49,1,20.0,joystick,+0.000,+0.000,-0.600,-1.000,1100,0,
1785512757.5106,2026-07-31T11:45:57.510,153.882,1550,,,,0,,,,0.3842,-156.85,0.2861,-3036.85,1,20.0,joystick,+0.000,+0.000,-0.600,-1.000,1100,0,
1785512757.6092,2026-07-31T11:45:57.609,153.981,1551,,,,0,,,,0.3723,-147.61,0.2742,-3027.61,1,20.0,joystick,+0.000,+0.000,-0.600,-1.000,1100,0,
1785512757.7082,2026-07-31T11:45:57.708,154.080,1552,,,,0,,,,0.3585,-143.00,0.2604,-3023.00,1,20.0,joystick,+0.000,+0.000,-0.600,-1.000,1100,0,
1785512757.8078,2026-07-31T11:45:57.807,154.180,1553,,,,0,,,,0.3466,-133.77,0.2484,-3013.77,1,20.0,joystick,+0.000,+0.000,-0.600,-1.000,1100,0,
1785512757.9068,2026-07-31T11:45:57.906,154.279,1554,,,,0,,,,0.3377,-129.12,0.2396,-3009.12,1,20.0,joystick,+0.000,+0.000,-0.600,-1.000,1100,0,
1785512758.0064,2026-07-31T11:45:58.006,154.378,1555,,,,0,,,,0.3269,-119.94,0.2288,-2999.94,1,20.0,joystick,+0.000,+0.000,-0.600,-1.000,1100,0,
1785512758.1070,2026-07-31T11:45:58.106,154.479,1556,,,,0,,,,0.3189,-110.74,0.2208,-2990.74,1,20.0,joystick,+0.000,+0.000,-0.600,-1.000,1100,0,
1785512758.2056,2026-07-31T11:45:58.205,154.577,1557,,,,0,,,,0.3124,-106.13,0.2143,-2986.13,1,20.0,joystick,+0.000,+0.000,-0.600,-1.000,1100,0,
1785512758.3054,2026-07-31T11:45:58.305,154.677,1558,,,,0,,,,0.3079,-96.70,0.2097,-2976.70,1,20.0,joystick,+0.000,+0.000,-0.600,-1.000,1100,0,
1785512758.4046,2026-07-31T11:45:58.404,154.776,1559,,,,0,,,,0.2963,-91.99,0.1981,-2971.99,1,20.0,joystick,+0.000,+0.000,-0.600,-1.000,1100,0,
1785512758.5035,2026-07-31T11:45:58.503,154.875,1560,,,,0,,,,0.2906,-82.24,0.1925,-2962.24,1,20.0,joystick,+0.000,+0.000,-0.600,-1.000,1100,0,
1785512758.6029,2026-07-31T11:45:58.602,154.975,1561,,,,0,,,,0.2767,-72.44,0.1786,-2952.44,1,20.0,joystick,+0.000,+0.000,-0.600,-1.000,1100,0,
1785512758.7023,2026-07-31T11:45:58.702,155.074,1562,,,,0,,,,0.2753,-67.52,0.1772,-2947.52,1,20.0,joystick,+0.000,+0.000,-0.600,-1.000,1100,0,
1785512758.8017,2026-07-31T11:45:58.801,155.173,1563,,,,0,,,,0.2581,-57.67,0.1599,-2937.67,1,20.0,joystick,+0.000,+0.000,-0.600,-1.000,1100,0,
1785512758.9010,2026-07-31T11:45:58.901,155.273,1564,,,,0,,,,0.2598,-52.71,0.1617,-2932.71,1,20.0,joystick,+0.000,+0.000,-0.600,+0.000,1100,0,
1785512759.0003,2026-07-31T11:45:59.000,155.372,1565,,,,0,,,,0.2482,-47.11,0.1500,-2927.11,1,20.0,joystick,+0.000,+0.000,-0.600,+0.000,1100,0,
1785512759.0994,2026-07-31T11:45:59.099,155.471,1566,,,,0,,,,0.2456,-44.61,0.1475,-2924.61,1,20.0,joystick,+0.000,+0.000,-0.600,+0.000,1100,0,
1785512759.1988,2026-07-31T11:45:59.198,155.571,1567,,,,0,,,,0.2392,-43.85,0.1410,-2923.85,1,20.0,joystick,+0.000,+0.000,-0.600,+0.000,1100,0,
1785512759.2981,2026-07-31T11:45:59.298,155.670,1568,,,,0,,,,0.2385,-43.08,0.1403,-2923.08,1,20.0,joystick,+0.000,+0.000,-0.600,+0.000,1100,0,
1785512759.3982,2026-07-31T11:45:59.398,155.770,1569,,,,0,,,,0.2426,-42.98,0.1444,-2922.98,1,20.0,joystick,+0.000,+0.000,-0.600,+0.000,1100,0,
1785512759.4969,2026-07-31T11:45:59.496,155.869,1570,,,,0,,,,0.2473,-43.18,0.1492,-2923.18,1,20.0,joystick,+0.000,+0.000,-0.600,+0.000,1100,0,
1785512759.5960,2026-07-31T11:45:59.595,155.968,1571,,,,0,,,,0.2616,-43.69,0.1634,-2923.69,1,20.0,joystick,+0.000,+0.000,-0.600,+0.000,1100,0,
1785512759.6945,2026-07-31T11:45:59.694,156.066,1572,,,,0,,,,0.2625,-44.00,0.1644,-2924.00,1,20.0,joystick,+1.000,+0.000,-0.600,+0.000,1100,0,
1785512759.7936,2026-07-31T11:45:59.793,156.165,1573,,,,0,,,,0.2766,-44.80,0.1785,-2924.80,1,20.0,joystick,+1.000,+0.000,-0.600,+0.000,1100,0,
1785512759.8927,2026-07-31T11:45:59.892,156.264,1574,,,,0,,,,0.2826,-45.12,0.1845,-2925.12,1,20.0,joystick,+1.000,+0.000,-0.600,+0.000,1100,0,
1785512759.9916,2026-07-31T11:45:59.991,156.363,1575,,,,0,,,,0.2975,-45.85,0.1993,-2925.85,1,20.0,joystick,+1.000,+0.000,-0.600,+0.000,1100,0,
1785512760.0906,2026-07-31T11:46:00.090,156.462,1576,,,,0,,,,0.2814,-46.48,0.1833,-2926.48,1,20.0,joystick,+1.000,+0.000,-0.600,+0.000,1100,0,
1785512760.1912,2026-07-31T11:46:00.191,156.563,1577,,,,0,,,,0.2889,-46.67,0.1907,-2926.67,1,20.0,joystick,+1.000,+0.000,-0.600,+0.000,1100,0,
1785512760.2905,2026-07-31T11:46:00.290,156.662,1578,,,,0,,,,0.2945,-46.85,0.1963,-2926.85,1,20.0,joystick,+1.000,+0.000,-0.600,+0.000,1100,0,
1785512760.3897,2026-07-31T11:46:00.389,156.761,1579,,,,0,,,,0.2857,-46.88,0.1876,-2926.88,1,20.0,joystick,+1.000,+0.000,-0.600,+0.000,1100,0,
1785512760.4891,2026-07-31T11:46:00.489,156.861,1580,,,,0,,,,0.2684,-46.82,0.1702,-2926.82,1,20.0,joystick,+1.000,+0.000,-0.600,+0.000,1100,0,
1785512760.5889,2026-07-31T11:46:00.588,156.961,1581,,,,0,,,,0.2566,-46.46,0.1585,-2926.46,1,20.0,joystick,+1.000,+0.000,-0.600,+0.000,1100,0,
1785512760.6880,2026-07-31T11:46:00.688,157.060,1582,,,,0,,,,0.2470,-46.32,0.1489,-2926.32,1,20.0,joystick,+1.000,+0.000,-0.600,+0.000,1100,0,
1785512760.7866,2026-07-31T11:46:00.786,157.158,1583,,,,0,,,,0.2313,-46.15,0.1331,-2926.15,1,20.0,joystick,+1.000,+0.000,-0.600,+0.000,1100,0,
1785512760.8857,2026-07-31T11:46:00.885,157.257,1584,,,,0,,,,0.2289,-46.05,0.1308,-2926.05,1,20.0,joystick,+1.000,+0.000,-0.600,+0.000,1100,0,
1785512760.9858,2026-07-31T11:46:00.985,157.358,1585,,,,0,,,,0.2117,-45.79,0.1136,-2925.79,1,20.0,joystick,+1.000,+0.000,-0.600,+0.000,1100,0,
1785512761.0855,2026-07-31T11:46:01.085,157.457,1586,,,,0,,,,0.2132,-45.60,0.1150,-2925.60,1,20.0,joystick,+1.000,+0.000,-0.600,+0.000,1100,0,
1785512761.1850,2026-07-31T11:46:01.185,157.557,1587,,,,0,,,,0.2032,-45.19,0.1051,-2925.19,1,20.0,joystick,+1.000,+0.000,-0.600,+0.000,1100,0,
1785512761.2840,2026-07-31T11:46:01.284,157.656,1588,,,,0,,,,0.1985,-44.98,0.1004,-2924.98,1,20.0,joystick,+1.000,+0.000,-0.600,+0.000,1100,0,
1785512761.3841,2026-07-31T11:46:01.384,157.756,1589,,,,0,,,,0.2005,-45.70,0.1024,-2925.70,1,20.0,joystick,+1.000,+0.000,-0.600,+0.000,1100,0,
1785512761.4823,2026-07-31T11:46:01.482,157.854,1590,,,,0,,,,0.2227,-45.98,0.1246,-2925.98,1,20.0,joystick,+1.000,+0.000,-0.600,+0.000,1100,0,
1785512761.5827,2026-07-31T11:46:01.582,157.954,1591,,,,0,,,,0.2219,-46.27,0.1238,-2926.27,1,20.0,joystick,+1.000,+0.000,-0.600,+0.000,1100,0,
1785512761.6833,2026-07-31T11:46:01.683,158.055,1592,,,,0,,,,0.2315,-46.50,0.1334,-2926.50,1,20.0,joystick,+1.000,+0.000,-0.600,+0.000,1100,0,
1785512761.7842,2026-07-31T11:46:01.784,158.156,1593,,,,0,,,,0.2382,-46.77,0.1400,-2926.77,1,20.0,joystick,+1.000,+0.000,-0.600,+0.000,1100,0,
1785512761.8827,2026-07-31T11:46:01.882,158.254,1594,,,,0,,,,0.2466,-47.25,0.1485,-2927.25,1,20.0,joystick,+1.000,+0.000,-0.600,+0.000,1100,0,
1785512761.9820,2026-07-31T11:46:01.982,158.354,1595,,,,0,,,,0.2591,-47.82,0.1609,-2927.82,1,20.0,joystick,+1.000,+0.000,-0.600,+0.000,1100,0,
1785512762.0822,2026-07-31T11:46:02.082,158.454,1596,,,,0,,,,0.2600,-48.03,0.1619,-2928.03,1,20.0,joystick,+1.000,+0.000,-0.600,+0.000,1100,0,
1785512762.1833,2026-07-31T11:46:02.183,158.555,1597,,,,0,,,,0.2764,-48.40,0.1782,-2928.40,1,20.0,joystick,+1.000,+0.000,-0.600,+0.000,1100,0,
1785512762.2827,2026-07-31T11:46:02.282,158.654,1598,,,,0,,,,0.2773,-48.93,0.1792,-2928.93,1,20.0,joystick,+1.000,+0.000,-0.600,+0.000,1100,0,
1785512762.3815,2026-07-31T11:46:02.381,158.753,1599,,,,0,,,,0.2886,-49.21,0.1905,-2929.21,1,20.0,joystick,+1.000,+0.000,-0.600,+0.000,1100,0,
1785512762.4813,2026-07-31T11:46:02.481,158.853,1600,,,,0,,,,0.3048,-49.94,0.2066,-2929.94,1,20.0,joystick,+1.000,+0.000,-0.600,+0.000,1100,0,
1785512762.5833,2026-07-31T11:46:02.583,158.955,1601,,,,0,,,,0.3126,-50.24,0.2145,-2930.24,1,20.0,joystick,+1.000,+0.000,-0.600,+0.000,1100,0,
1785512762.6824,2026-07-31T11:46:02.682,159.054,1602,,,,0,,,,0.3238,-50.81,0.2257,-2930.81,1,20.0,joystick,+1.000,+0.000,-0.600,+0.000,1100,0,
1785512762.7821,2026-07-31T11:46:02.782,159.154,1603,,,,0,,,,0.3341,-51.56,0.2359,-2931.56,1,20.0,joystick,+1.000,+0.000,-0.600,+0.000,1100,0,
1785512762.8808,2026-07-31T11:46:02.880,159.252,1604,,,,0,,,,0.3263,-51.94,0.2281,-2931.94,1,20.0,joystick,+1.000,+0.000,-0.600,+0.000,1100,0,
1785512762.9801,2026-07-31T11:46:02.980,159.352,1605,,,,0,,,,0.3515,-52.73,0.2534,-2932.73,1,20.0,joystick,+1.000,+0.000,-0.600,+0.000,1100,0,
1785512763.0784,2026-07-31T11:46:03.078,159.450,1606,,,,0,,,,0.3417,-53.14,0.2436,-2933.14,1,20.0,joystick,+1.000,+1.000,-0.600,+0.000,1100,0,
1785512763.1777,2026-07-31T11:46:03.177,159.549,1607,,,,0,,,,0.3660,-53.97,0.2678,-2933.97,1,20.0,joystick,+1.000,+1.000,-0.600,+0.000,1100,0,
1785512763.2772,2026-07-31T11:46:03.277,159.649,1608,,,,0,,,,0.3699,-54.50,0.2717,-2934.50,1,20.0,joystick,+1.000,+1.000,-0.600,+0.000,1100,0,
1785512763.3765,2026-07-31T11:46:03.376,159.748,1609,,,,0,,,,0.3589,-54.70,0.2607,-2934.70,1,20.0,joystick,+1.000,+1.000,-0.600,+0.000,1100,0,
1785512763.4757,2026-07-31T11:46:03.475,159.847,1610,,,,0,,,,0.3689,-54.86,0.2708,-2934.86,1,20.0,joystick,+1.000,+1.000,-0.600,+0.000,1100,0,
1785512763.5747,2026-07-31T11:46:03.574,159.946,1611,,,,0,,,,0.3688,-54.89,0.2706,-2934.89,1,20.0,joystick,+1.000,+1.000,-0.600,+0.000,1100,0,
1785512763.6739,2026-07-31T11:46:03.673,160.046,1612,,,,0,,,,0.3781,-54.99,0.2800,-2934.99,1,20.0,joystick,+1.000,+1.000,-0.600,+0.000,1100,0,
1785512763.7728,2026-07-31T11:46:03.772,160.145,1613,,,,0,,,,0.3827,-55.20,0.2845,-2935.20,1,20.0,joystick,+1.000,+1.000,-0.600,+0.000,1100,0,
1785512763.8725,2026-07-31T11:46:03.872,160.244,1614,,,,0,,,,0.3859,-55.35,0.2878,-2935.35,1,20.0,joystick,+1.000,+1.000,-0.600,+0.000,1100,0,
1785512763.9721,2026-07-31T11:46:03.972,160.344,1615,,,,0,,,,0.3929,-55.69,0.2948,-2935.69,1,20.0,joystick,+1.000,+1.000,-0.600,+0.000,1100,0,
1785512764.0733,2026-07-31T11:46:04.073,160.445,1616,,,,0,,,,0.3971,-55.87,0.2989,-2935.87,1,20.0,joystick,+1.000,+1.000,-0.600,+0.000,1100,0,
1785512764.1727,2026-07-31T11:46:04.172,160.544,1617,,,,0,,,,0.4067,-56.19,0.3086,-2936.19,1,20.0,joystick,+1.000,+1.000,-0.600,+0.000,1100,0,
1785512764.2723,2026-07-31T11:46:04.272,160.644,1618,,,,0,,,,0.4158,-56.48,0.3177,-2936.48,1,20.0,joystick,+1.000,+0.000,-0.600,+0.000,1100,0,
1785512764.3704,2026-07-31T11:46:04.370,160.742,1619,,,,0,,,,0.4247,-56.62,0.3266,-2936.62,1,20.0,joystick,+1.000,+0.000,-0.600,+0.000,1100,0,
1785512764.4696,2026-07-31T11:46:04.469,160.841,1620,,,,0,,,,0.4241,-56.83,0.3260,-2936.83,1,20.0,joystick,+1.000,+0.000,-0.600,+0.000,1100,0,
1785512764.5691,2026-07-31T11:46:04.569,160.941,1621,,,,0,,,,0.4371,-56.97,0.3390,-2936.97,1,20.0,joystick,+1.000,+0.000,-0.600,+0.000,1100,0,
1785512764.6675,2026-07-31T11:46:04.667,161.039,1622,,,,0,,,,0.4451,-57.29,0.3470,-2937.29,1,20.0,joystick,+1.000,+0.000,-0.600,+0.000,1100,0,
1785512764.7665,2026-07-31T11:46:04.766,161.138,1623,,,,0,,,,0.4380,-57.41,0.3399,-2937.41,1,20.0,joystick,+0.000,+0.000,-0.600,+0.000,1100,0,
1785512764.8656,2026-07-31T11:46:04.865,161.237,1624,,,,0,,,,0.4408,-57.56,0.3426,-2937.56,1,20.0,joystick,+0.000,+1.000,-0.600,+0.000,1100,0,
1785512764.9646,2026-07-31T11:46:04.964,161.336,1625,,,,0,,,,0.4511,-57.61,0.3530,-2937.61,1,20.0,joystick,+0.000,+1.000,-0.600,+0.000,1100,0,
1785512765.0641,2026-07-31T11:46:05.064,161.436,1626,,,,0,,,,0.4506,-57.80,0.3525,-2937.80,1,20.0,joystick,+0.000,+1.000,-0.600,+0.000,1100,0,
1785512765.1630,2026-07-31T11:46:05.163,161.535,1627,,,,0,,,,0.4471,-58.28,0.3490,-2938.28,1,20.0,joystick,+0.000,+1.000,-0.600,+0.000,1100,0,
1785512765.2628,2026-07-31T11:46:05.262,161.635,1628,,,,0,,,,0.4500,-58.61,0.3518,-2938.61,1,20.0,joystick,+0.000,+1.000,-0.600,+0.000,1100,0,
1785512765.3618,2026-07-31T11:46:05.361,161.733,1629,,,,0,,,,0.4514,-59.41,0.3533,-2939.41,1,20.0,joystick,+0.000,+1.000,-0.600,+0.000,1100,0,
1785512765.4602,2026-07-31T11:46:05.460,161.832,1630,,,,0,,,,0.4547,-60.07,0.3566,-2940.07,1,20.0,joystick,+0.000,+1.000,-0.600,+0.000,1100,0,
1785512765.5585,2026-07-31T11:46:05.558,161.930,1631,,,,0,,,,0.4584,-61.92,0.3602,-2941.92,1,20.0,joystick,+0.000,+1.000,-0.600,+0.000,1100,0,
1785512765.6575,2026-07-31T11:46:05.657,162.029,1632,,,,0,,,,0.4614,-64.14,0.3633,-2944.14,1,20.0,joystick,+0.000,+0.000,-0.600,+0.000,1100,0,
1785512765.7571,2026-07-31T11:46:05.757,162.129,1633,,,,0,,,,0.4680,-65.26,0.3698,-2945.26,1,20.0,joystick,+0.000,+0.000,-0.600,+0.000,1100,0,
1785512765.8568,2026-07-31T11:46:05.856,162.229,1634,,,,0,,,,0.4775,-67.35,0.3794,-2947.35,1,20.0,joystick,+1.000,+0.000,-0.600,+0.000,1100,0,
1785512765.9562,2026-07-31T11:46:05.956,162.328,1635,,,,0,,,,0.4837,-68.47,0.3856,-2948.47,1,20.0,joystick,+1.000,+0.000,-0.600,+0.000,1100,0,
1785512766.0557,2026-07-31T11:46:06.055,162.427,1636,,,,0,,,,0.4950,-70.73,0.3969,-2950.73,1,20.0,joystick,+1.000,+0.000,-0.600,+0.000,1100,0,
1785512766.1554,2026-07-31T11:46:06.155,162.527,1637,,,,0,,,,0.4923,-73.07,0.3942,-2953.07,1,20.0,joystick,+1.000,+0.000,-0.600,+0.000,1100,0,
1785512766.2548,2026-07-31T11:46:06.254,162.627,1638,,,,0,,,,0.5070,-74.28,0.4089,-2954.28,1,20.0,joystick,+1.000,+0.000,-0.600,+0.000,1100,0,
1785512766.3540,2026-07-31T11:46:06.354,162.726,1639,,,,0,,,,0.5171,-75.73,0.4189,-2955.73,1,20.0,joystick,+1.000,+0.000,-0.600,+0.000,1100,0,
1785512766.4531,2026-07-31T11:46:06.453,162.825,1640,,,,0,,,,0.5165,-76.24,0.4183,-2956.24,1,20.0,joystick,+1.000,+0.000,-0.600,+0.000,1100,0,
1785512766.5521,2026-07-31T11:46:06.552,162.924,1641,,,,0,,,,0.5277,-76.68,0.4295,-2956.68,1,20.0,joystick,+0.000,+0.000,-0.600,+0.000,1100,0,
1785512766.6512,2026-07-31T11:46:06.651,163.023,1642,,,,0,,,,0.5494,-76.44,0.4513,-2956.44,1,20.0,joystick,+0.000,+0.000,-0.600,+0.000,1100,0,
1785512766.7508,2026-07-31T11:46:06.750,163.123,1643,,,,0,,,,0.5500,-76.24,0.4519,-2956.24,1,20.0,joystick,+0.000,+0.000,-0.600,+0.000,1100,0,
1785512766.8497,2026-07-31T11:46:06.849,163.221,1644,,,,0,,,,0.5575,-75.67,0.4594,-2955.67,1,20.0,joystick,+0.000,+0.000,-0.600,+0.000,1100,0,
1785512766.9486,2026-07-31T11:46:06.948,163.320,1645,,,,0,,,,0.5537,-75.36,0.4556,-2955.36,1,20.0,joystick,+0.000,+0.000,-0.600,+0.000,1100,0,
1785512767.0479,2026-07-31T11:46:07.047,163.420,1646,,,,0,,,,0.5562,-74.76,0.4581,-2954.76,1,20.0,joystick,+0.000,+0.000,-0.600,+0.000,1100,0,
1785512767.1475,2026-07-31T11:46:07.147,163.519,1647,,,,0,,,,0.5517,-74.46,0.4535,-2954.46,1,20.0,joystick,+0.000,+0.000,-0.600,+0.000,1100,0,
1785512767.2472,2026-07-31T11:46:07.247,163.619,1648,,,,0,,,,0.5525,-73.85,0.4544,-2953.85,1,20.0,joystick,+0.000,+0.000,-0.600,+0.000,1100,0,
1785512767.3475,2026-07-31T11:46:07.347,163.719,1649,,,,0,,,,0.5539,-73.26,0.4557,-2953.26,1,20.0,joystick,+0.000,+0.000,-0.600,+0.000,1100,0,
1785512767.4477,2026-07-31T11:46:07.447,163.819,1650,,,,0,,,,0.5526,-72.96,0.4545,-2952.96,1,20.0,joystick,+0.000,+0.000,-0.600,+0.000,1100,0,
1785512767.5476,2026-07-31T11:46:07.547,163.919,1651,,,,0,,,,0.5598,-72.43,0.4617,-2952.43,1,20.0,joystick,+0.000,+0.000,-0.600,+0.000,1100,0,
1785512767.6472,2026-07-31T11:46:07.647,164.019,1652,,,,0,,,,0.5610,-72.19,0.4629,-2952.19,1,20.0,joystick,+0.000,+0.000,-0.600,+0.000,1100,0,
1785512767.7484,2026-07-31T11:46:07.748,164.120,1653,,,,0,,,,0.5652,-71.80,0.4670,-2951.80,1,20.0,joystick,+0.000,+0.000,-0.600,+0.000,1100,0,
1785512767.8485,2026-07-31T11:46:07.848,164.220,1654,,,,0,,,,0.5676,-71.65,0.4695,-2951.65,1,20.0,joystick,+0.000,+0.000,-0.600,+0.000,1100,0,
1785512767.9477,2026-07-31T11:46:07.947,164.319,1655,,,,0,,,,0.5787,-71.46,0.4806,-2951.46,1,20.0,joystick,+0.000,+0.000,-0.600,+0.000,1100,0,
1785512768.0471,2026-07-31T11:46:08.047,164.419,1656,,,,0,,,,0.5901,-71.36,0.4919,-2951.36,1,20.0,joystick,+0.000,+0.000,-0.600,+0.000,1100,0,
1785512768.1465,2026-07-31T11:46:08.146,164.518,1657,,,,0,,,,0.6001,-71.34,0.5019,-2951.34,1,20.0,joystick,+0.000,+0.000,-0.600,+0.000,1100,0,
1785512768.2455,2026-07-31T11:46:08.245,164.617,1658,,,,0,,,,0.6142,-71.38,0.5160,-2951.38,1,20.0,joystick,+0.000,+0.000,-0.600,+0.000,1100,0,
1785512768.3446,2026-07-31T11:46:08.344,164.716,1659,,,,0,,,,0.6255,-71.52,0.5274,-2951.52,1,20.0,joystick,+0.000,+0.000,-0.600,+0.000,1100,0,
1785512768.4442,2026-07-31T11:46:08.444,164.816,1660,,,,0,,,,0.6351,-71.61,0.5370,-2951.61,1,20.0,joystick,+0.000,+0.000,-0.600,+0.000,1100,0,
1785512768.5433,2026-07-31T11:46:08.543,164.915,1661,,,,0,,,,0.6577,-71.81,0.5596,-2951.81,1,20.0,joystick,+0.000,+0.000,-0.600,+0.000,1100,0,
1785512768.6416,2026-07-31T11:46:08.641,165.013,1662,,,,0,,,,0.6645,-71.92,0.5664,-2951.92,1,20.0,joystick,+0.000,+0.000,-0.600,+0.000,1100,0,
1785512768.7406,2026-07-31T11:46:08.740,165.112,1663,,,,0,,,,0.6796,-72.13,0.5815,-2952.13,1,20.0,joystick,+0.000,+0.000,-0.600,+0.000,1100,0,
1785512768.8405,2026-07-31T11:46:08.840,165.212,1664,,,,0,,,,0.7012,-72.32,0.6030,-2952.32,1,20.0,joystick,+0.000,+0.000,-0.600,+0.000,1100,0,
1785512768.9395,2026-07-31T11:46:08.939,165.311,1665,,,,0,,,,0.7092,-72.40,0.6110,-2952.40,1,20.0,joystick,+0.000,+0.000,-0.600,+0.000,1100,0,
1785512769.0389,2026-07-31T11:46:09.038,165.411,1666,,,,0,,,,0.7276,-72.52,0.6295,-2952.52,1,20.0,joystick,+0.000,+0.000,-0.600,+0.000,1100,0,
1785512769.1385,2026-07-31T11:46:09.138,165.510,1667,,,,0,,,,0.7335,-72.56,0.6354,-2952.56,1,20.0,joystick,+0.000,+0.000,-0.600,+0.000,1100,0,
1785512769.2393,2026-07-31T11:46:09.239,165.611,1668,,,,0,,,,0.7528,-72.63,0.6547,-2952.63,1,20.0,joystick,+0.000,+0.000,-0.600,+0.000,1100,0,
1785512769.3379,2026-07-31T11:46:09.337,165.710,1669,,,,0,,,,0.7738,-72.67,0.6757,-2952.67,1,20.0,joystick,+0.000,+0.000,-0.600,+0.000,1100,0,
1785512769.4370,2026-07-31T11:46:09.436,165.809,1670,,,,0,,,,0.7789,-72.69,0.6808,-2952.69,1,20.0,joystick,+0.000,+0.000,-0.600,+0.000,1100,0,
1785512769.5366,2026-07-31T11:46:09.536,165.908,1671,,,,0,,,,0.7942,-72.68,0.6961,-2952.68,1,20.0,joystick,+0.000,+0.000,-0.600,+0.000,1100,0,
1785512769.6364,2026-07-31T11:46:09.636,166.008,1672,,,,0,,,,0.8024,-72.67,0.7042,-2952.67,1,20.0,joystick,+0.000,+0.000,-0.600,+0.000,1100,0,
1785512769.7355,2026-07-31T11:46:09.735,166.107,1673,,,,0,,,,0.8245,-72.59,0.7263,-2952.59,1,20.0,joystick,+0.000,+0.000,-0.600,+0.000,1100,0,
1785512769.8348,2026-07-31T11:46:09.834,166.207,1674,,,,0,,,,0.8347,-72.54,0.7365,-2952.54,1,20.0,joystick,+0.000,+0.000,-0.600,+0.000,1100,0,
1785512769.9342,2026-07-31T11:46:09.934,166.306,1675,,,,0,,,,0.8476,-72.42,0.7495,-2952.42,1,20.0,joystick,+0.000,+0.000,-0.600,+0.000,1100,0,
1785512770.0331,2026-07-31T11:46:10.033,166.405,1676,,,,0,,,,0.8695,-72.28,0.7714,-2952.28,1,20.0,joystick,+0.000,+0.000,-0.600,+0.000,1100,0,
1785512770.1327,2026-07-31T11:46:10.132,166.504,1677,,,,0,,,,0.8744,-72.20,0.7762,-2952.20,1,20.0,joystick,+0.000,+0.000,-0.600,+0.000,1100,0,
1785512770.2312,2026-07-31T11:46:10.231,166.603,1678,,,,0,,,,0.8935,-72.05,0.7954,-2952.05,1,20.0,joystick,+0.000,+0.000,-0.600,+0.000,1100,0,
1785512770.3304,2026-07-31T11:46:10.330,166.702,1679,,,,0,,,,0.9086,-71.96,0.8105,-2951.96,1,20.0,joystick,+0.000,+0.000,-0.600,+0.000,1100,0,
1785512770.4293,2026-07-31T11:46:10.429,166.801,1680,,,,0,,,,0.9266,-71.80,0.8284,-2951.80,1,20.0,joystick,+0.000,+0.000,-0.600,+0.000,1100,0,
1785512770.5269,2026-07-31T11:46:10.526,166.899,1681,,,,0,,,,0.9383,-71.63,0.8401,-2951.63,1,20.0,joystick,+0.000,+0.000,-0.600,+0.000,1100,0,
1785512770.6256,2026-07-31T11:46:10.625,166.997,1682,,,,0,,,,0.9563,-71.55,0.8582,-2951.55,1,20.0,joystick,+0.000,+0.000,-0.600,+0.000,1100,0,
1785512770.7247,2026-07-31T11:46:10.724,167.096,1683,,,,0,,,,0.9710,-71.40,0.8728,-2951.40,1,20.0,joystick,+0.000,+0.000,-0.600,+0.000,1100,0,
1785512770.8253,2026-07-31T11:46:10.825,167.197,1684,,,,0,,,,0.9838,-71.33,0.8857,-2951.33,1,20.0,joystick,+0.000,+0.000,-0.600,+0.000,1100,0,
1785512770.9241,2026-07-31T11:46:10.924,167.296,1685,,,,0,,,,1.0070,-71.22,0.9089,-2951.22,1,20.0,joystick,+0.000,+0.000,-0.600,+0.000,1100,0,
1785512771.0229,2026-07-31T11:46:11.022,167.395,1686,,,,0,,,,1.0173,-71.17,0.9192,-2951.17,1,20.0,joystick,+0.000,+0.000,+0.000,+0.000,1100,0,
1785512771.1223,2026-07-31T11:46:11.122,167.494,1687,,,,0,,,,1.0336,-71.08,0.9355,-2951.08,1,20.0,joystick,+0.000,+0.000,+0.000,+0.000,1100,0,
1785512771.2208,2026-07-31T11:46:11.220,167.592,1688,,,,0,,,,1.0492,-71.03,0.9510,-2951.03,1,20.0,joystick,+0.000,+0.000,+0.000,+0.000,1100,0,
1785512771.3197,2026-07-31T11:46:11.319,167.691,1689,,,,0,,,,1.0548,-71.03,0.9567,-2951.03,1,20.0,joystick,+0.000,+0.000,+0.000,+0.000,1100,0,
1785512771.4196,2026-07-31T11:46:11.419,167.791,1690,,,,0,,,,1.0700,-71.05,0.9718,-2951.05,1,20.0,joystick,+0.000,+0.000,+0.000,+0.000,1100,0,
1785512771.5193,2026-07-31T11:46:11.519,167.891,1691,,,,0,,,,1.0796,-71.08,0.9815,-2951.08,1,20.0,joystick,+0.000,+0.000,+0.000,+0.000,1100,0,
1785512771.6200,2026-07-31T11:46:11.620,167.992,1692,,,,0,,,,1.0925,-71.16,0.9944,-2951.16,1,20.0,joystick,+0.000,+0.000,+0.000,+0.000,1100,0,
1785512771.7187,2026-07-31T11:46:11.718,168.090,1693,,,,0,,,,1.1066,-71.26,1.0085,-2951.26,1,20.0,joystick,+0.000,+0.000,+0.000,+0.000,1100,0,
1785512771.8178,2026-07-31T11:46:11.817,168.189,1694,,,,0,,,,1.1112,-71.33,1.0131,-2951.33,1,20.0,joystick,+0.000,+0.000,+0.000,+0.000,1100,0,
1785512771.9173,2026-07-31T11:46:11.917,168.289,1695,,,,0,,,,1.1227,-71.48,1.0246,-2951.48,1,20.0,joystick,+0.000,+0.000,+0.000,+0.000,1100,0,
1785512772.0175,2026-07-31T11:46:12.017,168.389,1696,,,,0,,,,1.1292,-71.56,1.0311,-2951.56,1,20.0,joystick,+0.000,+0.000,+0.000,+0.000,1100,0,
1785512772.1170,2026-07-31T11:46:12.117,168.489,1697,,,,0,,,,1.1384,-71.75,1.0403,-2951.75,1,20.0,joystick,+0.000,+0.000,+0.000,+0.000,1100,0,
1785512772.2164,2026-07-31T11:46:12.216,168.588,1698,,,,0,,,,1.1475,-71.93,1.0493,-2951.93,1,20.0,joystick,+0.000,+0.000,+0.000,+0.000,1100,0,
1785512772.3153,2026-07-31T11:46:12.315,168.687,1699,,,,0,,,,1.1564,-72.03,1.0583,-2952.03,1,20.0,joystick,+0.000,+0.000,+0.000,+0.000,1100,0,
1785512772.4147,2026-07-31T11:46:12.414,168.786,1700,,,,0,,,,1.1605,-72.21,1.0624,-2952.21,1,20.0,joystick,+0.000,+0.000,+0.000,+0.000,1100,0,
1785512772.5147,2026-07-31T11:46:12.514,168.886,1701,,,,0,,,,1.1658,-72.30,1.0677,-2952.30,1,20.0,joystick,+0.000,+0.000,+0.000,+0.000,1100,0,
1785512772.6143,2026-07-31T11:46:12.614,168.986,1702,,,,0,,,,1.1713,-72.47,1.0732,-2952.47,1,20.0,joystick,+0.000,+0.000,+0.000,+0.000,1100,0,
1785512772.7134,2026-07-31T11:46:12.713,169.085,1703,,,,0,,,,1.1745,-72.64,1.0763,-2952.64,1,20.0,joystick,+0.000,+0.000,+0.000,+0.000,1100,0,
1785512772.8119,2026-07-31T11:46:12.811,169.184,1704,,,,0,,,,1.1792,-72.73,1.0811,-2952.73,1,20.0,joystick,+0.000,+0.000,+0.000,+0.000,1100,0,
1785512772.9127,2026-07-31T11:46:12.912,169.284,1705,,,,0,,,,1.1861,-72.90,1.0880,-2952.90,1,20.0,joystick,+0.000,+0.000,+0.000,+0.000,1100,0,
1785512773.0121,2026-07-31T11:46:13.012,169.384,1706,,,,0,,,,1.1868,-72.99,1.0887,-2952.99,1,20.0,joystick,+0.000,+0.000,+0.000,+0.000,1100,0,
1785512773.1125,2026-07-31T11:46:13.112,169.484,1707,,,,0,,,,1.1886,-73.17,1.0905,-2953.17,1,20.0,joystick,+0.000,+0.000,+0.000,+0.000,1100,0,
1785512773.2113,2026-07-31T11:46:13.211,169.583,1708,,,,0,,,,1.1939,-73.26,1.0958,-2953.26,1,20.0,joystick,+0.000,+0.000,+0.000,+0.000,1100,0,
1785512773.3117,2026-07-31T11:46:13.311,169.683,1709,,,,0,,,,1.2002,-73.48,1.1020,-2953.48,1,20.0,joystick,+0.000,+0.000,+0.000,+0.000,1100,0,
1785512773.4108,2026-07-31T11:46:13.410,169.782,1710,,,,0,,,,1.2015,-73.71,1.1033,-2953.71,1,20.0,joystick,+0.000,+0.000,+0.000,+0.000,1100,0,
1785512773.5114,2026-07-31T11:46:13.511,169.883,1711,,,,0,,,,1.2051,-73.83,1.1070,-2953.83,1,20.0,joystick,+0.000,+0.000,+0.000,+0.000,1100,0,
1785512773.6100,2026-07-31T11:46:13.610,169.982,1712,,,,0,,,,1.2081,-74.09,1.1099,-2954.09,1,20.0,joystick,+0.000,+0.000,+0.000,+0.000,1100,0,
1785512773.7088,2026-07-31T11:46:13.708,170.080,1713,,,,0,,,,1.2085,-74.24,1.1104,-2954.24,1,20.0,joystick,+0.000,+0.000,+0.000,+0.000,1100,0,
1785512773.8082,2026-07-31T11:46:13.808,170.180,1714,,,,0,,,,1.2201,-74.55,1.1219,-2954.55,1,20.0,joystick,+0.000,+0.000,+0.000,+0.000,1100,0,
1785512773.9075,2026-07-31T11:46:13.907,170.279,1715,,,,0,,,,1.2176,-74.71,1.1194,-2954.71,1,20.0,joystick,+0.000,+0.000,+0.000,+0.000,1100,0,
1785512774.0058,2026-07-31T11:46:14.005,170.377,1716,,,,0,,,,1.2194,-75.04,1.1213,-2955.04,1,20.0,joystick,+0.000,+0.000,+0.000,+0.000,1100,0,
1785512774.1049,2026-07-31T11:46:14.104,170.477,1717,,,,0,,,,1.2221,-75.38,1.1240,-2955.38,1,20.0,joystick,+0.000,+0.000,+0.000,+0.000,1100,0,
1785512774.2043,2026-07-31T11:46:14.204,170.576,1718,,,,0,,,,1.2260,-75.55,1.1278,-2955.55,1,20.0,joystick,+0.000,+0.000,+0.000,+0.000,1100,0,
1785512774.3028,2026-07-31T11:46:14.302,170.674,1719,,,,0,,,,1.2288,-75.90,1.1307,-2955.90,1,20.0,joystick,+0.000,+0.000,+0.000,+0.000,1100,0,
1785512774.4019,2026-07-31T11:46:14.401,170.774,1720,,,,0,,,,1.2287,-76.07,1.1305,-2956.07,1,20.0,joystick,+0.000,+0.000,+0.000,+0.000,1100,0,
1785512774.5015,2026-07-31T11:46:14.501,170.873,1721,,,,0,,,,1.2293,-76.41,1.1311,-2956.41,1,20.0,joystick,+0.000,+0.000,+0.000,+0.000,1100,0,
1785512774.6010,2026-07-31T11:46:14.600,170.973,1722,,,,0,,,,1.2344,-76.75,1.1363,-2956.75,1,20.0,joystick,+0.000,+0.000,+0.000,+0.000,1100,0,
1785512774.7005,2026-07-31T11:46:14.700,171.072,1723,,,,0,,,,1.2286,-76.91,1.1305,-2956.91,1,20.0,joystick,+0.000,+0.000,+0.000,+0.000,1100,0,
1785512774.8007,2026-07-31T11:46:14.800,171.172,1724,,,,0,,,,1.2338,-77.23,1.1357,-2957.23,1,20.0,joystick,+0.000,+0.000,+0.000,+0.000,1100,0,
1785512774.8998,2026-07-31T11:46:14.899,171.271,1725,,,,0,,,,1.2341,-77.39,1.1359,-2957.39,1,20.0,joystick,+0.000,+0.000,+0.000,+0.000,1100,0,
1785512774.9997,2026-07-31T11:46:14.999,171.371,1726,,,,0,,,,1.2315,-77.69,1.1333,-2957.69,1,20.0,joystick,+0.000,+0.000,+0.000,+0.000,1100,0,
1785512775.0994,2026-07-31T11:46:15.099,171.471,1727,,,,0,,,,1.2372,-77.98,1.1390,-2957.98,1,20.0,joystick,+0.000,+0.000,+0.600,+0.000,1100,0,
1785512775.1987,2026-07-31T11:46:15.198,171.570,1728,,,,0,,,,1.2358,-78.12,1.1376,-2958.12,1,20.0,joystick,+0.000,+0.000,+0.600,+0.000,1100,0,
1785512775.2984,2026-07-31T11:46:15.298,171.670,1729,,,,0,,,,1.2348,-78.40,1.1366,-2958.40,1,20.0,joystick,+0.000,+0.000,+0.600,+0.000,1100,0,
1785512775.3970,2026-07-31T11:46:15.397,171.769,1730,,,,0,,,,1.2416,-78.55,1.1435,-2958.55,1,20.0,joystick,+0.000,+0.000,+0.600,+0.000,1100,0,
1785512775.4950,2026-07-31T11:46:15.494,171.867,1731,,,,0,,,,1.2357,-78.81,1.1376,-2958.81,1,20.0,joystick,+0.000,+0.000,+0.600,+0.000,1100,0,
1785512775.5944,2026-07-31T11:46:15.594,171.966,1732,,,,0,,,,1.2263,-79.01,1.1281,-2959.01,1,20.0,joystick,+0.000,+0.000,+0.600,+0.000,1100,0,
1785512775.6941,2026-07-31T11:46:15.694,172.066,1733,,,,0,,,,1.2244,-79.10,1.1262,-2959.10,1,20.0,joystick,+0.820,+0.000,+0.600,+0.000,1100,0,
1785512775.7934,2026-07-31T11:46:15.793,172.165,1734,,,,0,,,,1.2156,-79.22,1.1175,-2959.22,1,20.0,joystick,+0.000,+0.000,+0.600,+0.000,1100,0,
1785512775.8923,2026-07-31T11:46:15.892,172.264,1735,,,,0,,,,1.2126,-79.24,1.1145,-2959.24,1,20.0,joystick,+0.000,+0.000,+0.600,+0.000,1100,0,
1785512775.9916,2026-07-31T11:46:15.991,172.363,1736,,,,0,,,,1.2044,-79.26,1.1063,-2959.26,1,20.0,joystick,+0.000,+0.000,+0.600,+0.000,1100,0,
1785512776.0900,2026-07-31T11:46:16.089,172.462,1737,,,,0,,,,1.1931,-79.22,1.0950,-2959.22,1,20.0,joystick,+0.000,+0.000,+0.600,+0.000,1100,0,
1785512776.1893,2026-07-31T11:46:16.189,172.561,1738,,,,0,,,,1.1856,-79.20,1.0874,-2959.20,1,20.0,joystick,+0.000,+0.000,+0.600,+0.000,1100,0,
1785512776.2897,2026-07-31T11:46:16.289,172.661,1739,,,,0,,,,1.1725,-79.10,1.0743,-2959.10,1,20.0,joystick,+0.000,+0.000,+0.600,+0.000,1100,0,
1785512776.3892,2026-07-31T11:46:16.389,172.761,1740,,,,0,,,,1.1663,-79.03,1.0681,-2959.03,1,20.0,joystick,+0.000,+0.000,+0.600,+0.000,1100,0,
1785512776.4881,2026-07-31T11:46:16.488,172.860,1741,,,,0,,,,1.1596,-78.93,1.0614,-2958.93,1,20.0,joystick,+0.156,+0.000,+0.600,+0.000,1100,0,
1785512776.5879,2026-07-31T11:46:16.587,172.960,1742,,,,0,,,,1.1500,-78.99,1.0518,-2958.99,1,20.0,joystick,+0.000,+0.000,+1.000,+0.000,1100,0,
1785512776.6874,2026-07-31T11:46:16.687,173.059,1743,,,,0,,,,1.1401,-79.00,1.0419,-2959.00,1,20.0,joystick,+0.000,+0.000,+1.000,+0.000,1100,0,
1785512776.7866,2026-07-31T11:46:16.786,173.158,1744,,,,0,,,,1.1148,-78.73,1.0166,-2958.73,1,20.0,joystick,+0.000,+0.000,+1.000,+0.000,1100,0,
1785512776.8857,2026-07-31T11:46:16.885,173.257,1745,,,,0,,,,1.1025,-78.45,1.0043,-2958.45,1,20.0,joystick,+0.000,+0.000,+1.000,+0.000,1100,0,
1785512776.9854,2026-07-31T11:46:16.985,173.357,1746,,,,0,,,,1.0651,-77.82,0.9669,-2957.82,1,20.0,joystick,+0.000,+0.000,+1.000,+0.000,1100,0,
1785512777.0844,2026-07-31T11:46:17.084,173.456,1747,,,,0,,,,1.0449,-77.49,0.9467,-2957.49,1,20.0,joystick,+0.000,+0.000,+1.000,+0.000,1100,0,
1785512777.1837,2026-07-31T11:46:17.183,173.555,1748,,,,0,,,,1.0137,-76.93,0.9155,-2956.93,1,20.0,joystick,+0.000,+0.000,+0.600,+0.000,1100,0,
1785512777.2847,2026-07-31T11:46:17.284,173.656,1749,,,,0,,,,0.9729,-76.48,0.8748,-2956.48,1,20.0,joystick,+0.000,+0.000,-1.000,+0.000,1100,0,
1785512777.3858,2026-07-31T11:46:17.385,173.757,1750,,,,0,,,,0.9566,-76.36,0.8585,-2956.36,1,20.0,joystick,+0.000,+0.000,-1.000,+0.000,1100,0,
1785512777.4857,2026-07-31T11:46:17.485,173.857,1751,,,,0,,,,0.9347,-76.22,0.8365,-2956.22,1,20.0,joystick,+0.000,+0.000,-1.000,+0.000,1100,0,
1785512777.5848,2026-07-31T11:46:17.584,173.957,1752,,,,0,,,,0.9303,-76.28,0.8322,-2956.28,1,20.0,joystick,+0.000,+0.000,-1.000,+0.000,1100,0,
1785512777.6843,2026-07-31T11:46:17.684,174.056,1753,,,,0,,,,0.9206,-76.68,0.8225,-2956.68,1,20.0,joystick,+0.000,+0.000,-1.000,+0.000,1100,0,
1785512777.7838,2026-07-31T11:46:17.783,174.155,1754,,,,0,,,,0.9105,-77.31,0.8123,-2957.31,1,20.0,joystick,+0.000,+0.000,-1.000,+0.000,1100,0,
1785512777.8828,2026-07-31T11:46:17.882,174.255,1755,,,,0,,,,0.9041,-77.72,0.8060,-2957.72,1,20.0,joystick,+0.000,+0.000,-1.000,+0.000,1100,0,
1785512777.9825,2026-07-31T11:46:17.982,174.354,1756,,,,0,,,,0.9041,-78.63,0.8059,-2958.63,1,20.0,joystick,+0.000,+0.000,-1.000,+0.000,1100,0,
1785512778.0819,2026-07-31T11:46:18.081,174.454,1757,,,,0,,,,0.8963,-79.10,0.7981,-2959.10,1,20.0,joystick,+0.000,+0.000,-1.000,+0.000,1100,0,
1785512778.1810,2026-07-31T11:46:18.181,174.553,1758,,,,0,,,,0.9000,-80.07,0.8019,-2960.07,1,20.0,joystick,+0.000,+0.000,-1.000,+0.000,1100,0,
1785512778.2810,2026-07-31T11:46:18.281,174.653,1759,,,,0,,,,0.9027,-81.04,0.8046,-2961.04,1,20.0,joystick,+0.000,+0.000,-1.000,+0.000,1100,0,
1785512778.3798,2026-07-31T11:46:18.379,174.752,1760,,,,0,,,,0.9152,-81.48,0.8171,-2961.48,1,20.0,joystick,+0.000,+0.000,-1.000,+0.000,1100,0,
1785512778.4796,2026-07-31T11:46:18.479,174.851,1761,,,,0,,,,0.9184,-82.34,0.8203,-2962.34,1,20.0,joystick,+0.000,+0.000,-1.000,+0.000,1100,0,
1785512778.5797,2026-07-31T11:46:18.579,174.951,1762,,,,0,,,,0.9225,-82.74,0.8243,-2962.74,1,20.0,joystick,+0.000,+0.000,-1.000,+0.000,1100,0,
1785512778.6783,2026-07-31T11:46:18.678,175.050,1763,,,,0,,,,0.9411,-83.46,0.8430,-2963.46,1,20.0,joystick,+0.000,+0.000,-1.000,+0.000,1100,0,
1785512778.7782,2026-07-31T11:46:18.778,175.150,1764,,,,0,,,,0.9567,-84.14,0.8585,-2964.14,1,20.0,joystick,+0.000,+0.000,-1.000,+0.000,1100,0,
1785512778.8770,2026-07-31T11:46:18.877,175.249,1765,,,,0,,,,0.9608,-84.45,0.8627,-2964.45,1,20.0,joystick,+0.000,+0.000,-1.000,+0.000,1100,0,
1785512778.9766,2026-07-31T11:46:18.976,175.348,1766,,,,0,,,,0.9817,-85.09,0.8836,-2965.09,1,20.0,joystick,+0.000,+0.000,-1.000,+0.000,1100,0,
1785512779.0761,2026-07-31T11:46:19.076,175.448,1767,,,,0,,,,0.9847,-85.38,0.8865,-2965.38,1,20.0,joystick,+0.000,+0.000,-1.000,+0.000,1100,0,
1785512779.1755,2026-07-31T11:46:19.175,175.547,1768,,,,0,,,,1.0024,-85.93,0.9043,-2965.93,1,20.0,joystick,+0.000,+0.000,-1.000,+0.000,1100,0,
1785512779.2744,2026-07-31T11:46:19.274,175.646,1769,,,,0,,,,1.0205,-86.39,0.9224,-2966.39,1,20.0,joystick,+0.000,+0.000,+0.600,+0.000,1100,0,
1785512779.3732,2026-07-31T11:46:19.373,175.745,1770,,,,0,,,,1.0228,-86.63,0.9247,-2966.63,1,20.0,joystick,+0.000,+0.000,+0.600,+0.000,1100,0,
1785512779.4727,2026-07-31T11:46:19.472,175.844,1771,,,,0,,,,1.0353,-87.06,0.9371,-2967.06,1,20.0,joystick,+0.000,+0.000,+0.600,+0.000,1100,0,
1785512779.5733,2026-07-31T11:46:19.573,175.945,1772,,,,0,,,,1.0339,-87.30,0.9357,-2967.30,1,20.0,joystick,+0.000,+0.000,+0.600,+0.000,1100,0,
1785512779.6728,2026-07-31T11:46:19.672,176.044,1773,,,,0,,,,1.0357,-87.80,0.9376,-2967.80,1,20.0,joystick,+0.000,+0.000,+0.600,+0.000,1100,0,
1785512779.7710,2026-07-31T11:46:19.770,176.143,1774,,,,0,,,,1.0337,-88.05,0.9356,-2968.05,1,20.0,joystick,+0.000,+0.000,+0.600,+0.000,1100,0,
1785512779.8708,2026-07-31T11:46:19.870,176.242,1775,,,,0,,,,1.0392,-88.57,0.9411,-2968.57,1,20.0,joystick,+0.000,+0.000,+0.600,+0.000,1100,0,
1785512779.9706,2026-07-31T11:46:19.970,176.342,1776,,,,0,,,,1.0396,-89.13,0.9415,-2969.13,1,20.0,joystick,+0.000,+0.000,+0.600,+0.000,1100,0,
1785512780.0704,2026-07-31T11:46:20.070,176.442,1777,,,,0,,,,1.0434,-89.41,0.9453,-2969.41,1,20.0,joystick,+0.000,+0.000,+0.600,+0.000,1100,0,
1785512780.1709,2026-07-31T11:46:20.170,176.543,1778,,,,0,,,,1.0382,-89.96,0.9400,-2969.96,1,20.0,joystick,+0.000,+0.000,+0.600,+0.000,1100,0,
1785512780.2706,2026-07-31T11:46:20.270,176.642,1779,,,,0,,,,1.0371,-90.49,0.9389,-2970.49,1,20.0,joystick,+0.000,+0.000,+0.600,+0.000,1100,0,
1785512780.3692,2026-07-31T11:46:20.369,176.741,1780,,,,0,,,,1.0451,-90.75,0.9470,-2970.75,1,20.0,joystick,+0.000,+0.000,+0.600,+0.000,1100,0,
1785512780.4684,2026-07-31T11:46:20.468,176.840,1781,,,,0,,,,1.0417,-91.25,0.9435,-2971.25,1,20.0,joystick,+0.000,+0.000,+0.600,+0.000,1100,0,
1785512780.5678,2026-07-31T11:46:20.567,176.939,1782,,,,0,,,,1.0364,-91.49,0.9383,-2971.49,1,20.0,joystick,+0.000,+0.000,+0.600,+0.000,1100,0,
1785512780.6666,2026-07-31T11:46:20.666,177.038,1783,,,,0,,,,1.0297,-91.95,0.9315,-2971.95,1,20.0,joystick,+0.000,+0.000,+0.600,+0.000,1100,0,
1785512780.7663,2026-07-31T11:46:20.766,177.138,1784,,,,0,,,,1.0319,-92.17,0.9338,-2972.17,1,20.0,joystick,+0.000,+0.000,+0.600,+0.000,1100,0,
1785512780.8654,2026-07-31T11:46:20.865,177.237,1785,,,,0,,,,1.0209,-92.57,0.9228,-2972.57,1,20.0,joystick,+0.000,+0.000,+0.600,+0.000,1100,0,
1785512780.9640,2026-07-31T11:46:20.964,177.336,1786,,,,0,,,,1.0187,-92.75,0.9206,-2972.75,1,20.0,joystick,+0.000,+0.000,+0.600,+0.000,1100,0,
1785512781.0637,2026-07-31T11:46:21.063,177.435,1787,,,,0,,,,1.0037,-93.05,0.9056,-2973.05,1,20.0,joystick,+0.000,+0.000,+0.600,+0.000,1100,0,
1785512781.1629,2026-07-31T11:46:21.162,177.535,1788,,,,0,,,,0.9861,-93.25,0.8880,-2973.25,1,20.0,joystick,+0.000,+0.000,+0.000,+0.000,1100,0,
1785512781.2622,2026-07-31T11:46:21.262,177.634,1789,,,,0,,,,0.9829,-93.33,0.8848,-2973.33,1,20.0,joystick,+0.000,+0.000,+0.000,+0.000,1100,0,
1785512781.3613,2026-07-31T11:46:21.361,177.733,1790,,,,0,,,,0.9706,-93.46,0.8725,-2973.46,1,20.0,joystick,+0.000,+0.000,+0.000,+0.000,1100,0,
1785512781.4590,2026-07-31T11:46:21.458,177.831,1791,,,,0,,,,0.9606,-93.51,0.8624,-2973.51,1,20.0,joystick,+0.000,+0.000,+0.000,+0.000,1100,0,
1785512781.5587,2026-07-31T11:46:21.558,177.930,1792,,,,0,,,,0.9512,-93.61,0.8530,-2973.61,1,20.0,joystick,+0.000,+0.000,+0.000,+0.000,1100,0,
1785512781.6576,2026-07-31T11:46:21.657,178.029,1793,,,,0,,,,0.9424,-93.67,0.8443,-2973.67,1,20.0,joystick,+0.000,+0.000,+0.000,+0.000,1100,0,
1785512781.7562,2026-07-31T11:46:21.756,178.128,1794,,,,0,,,,0.9283,-93.70,0.8301,-2973.70,1,20.0,joystick,+0.000,+0.000,+0.000,+0.000,1100,0,
1785512781.8557,2026-07-31T11:46:21.855,178.227,1795,,,,0,,,,0.9201,-93.75,0.8220,-2973.75,1,20.0,joystick,+0.000,+0.000,+0.000,+0.000,1100,0,
1785512781.9549,2026-07-31T11:46:21.954,178.327,1796,,,,0,,,,0.9216,-93.79,0.8235,-2973.79,1,20.0,joystick,+0.000,+0.000,+0.000,+0.000,1100,0,
1785512782.0541,2026-07-31T11:46:22.054,178.426,1797,,,,0,,,,0.9041,-93.85,0.8059,-2973.85,1,20.0,joystick,+0.000,+0.000,+0.000,+0.000,1100,0,
1785512782.1534,2026-07-31T11:46:22.153,178.525,1798,,,,0,,,,0.8957,-93.93,0.7975,-2973.93,1,20.0,joystick,+0.000,+0.000,+0.000,+0.000,1100,0,
1785512782.2528,2026-07-31T11:46:22.252,178.625,1799,,,,0,,,,0.8899,-93.99,0.7918,-2973.99,1,20.0,joystick,+0.000,+0.000,+0.000,+0.000,1100,0,
1785512782.3518,2026-07-31T11:46:22.351,178.724,1800,,,,0,,,,0.8830,-94.11,0.7848,-2974.11,1,20.0,joystick,+0.000,+0.000,+0.000,+0.000,1100,0,
1785512782.4508,2026-07-31T11:46:22.450,178.823,1801,,,,0,,,,0.8788,-94.19,0.7807,-2974.19,1,20.0,joystick,+0.000,+0.000,+0.000,+0.000,1100,0,
1785512782.5507,2026-07-31T11:46:22.550,178.922,1802,,,,0,,,,0.8727,-94.37,0.7745,-2974.37,1,20.0,joystick,+0.000,+0.000,+0.000,+0.000,1100,0,
1785512782.6493,2026-07-31T11:46:22.649,179.021,1803,,,,0,,,,0.8644,-94.57,0.7663,-2974.57,1,20.0,joystick,+0.000,+0.000,+0.000,+0.000,1100,0,
1785512782.7480,2026-07-31T11:46:22.747,179.120,1804,,,,0,,,,0.8587,-94.67,0.7606,-2974.67,1,20.0,joystick,+0.000,+0.000,+0.000,+0.000,1100,0,
1785512782.8479,2026-07-31T11:46:22.847,179.220,1805,,,,0,,,,0.8521,-94.89,0.7540,-2974.89,1,20.0,joystick,+0.000,+0.000,+0.000,+0.000,1100,0,
1785512782.9461,2026-07-31T11:46:22.946,179.318,1806,,,,0,,,,0.8457,-95.00,0.7475,-2975.00,1,20.0,joystick,+0.000,+0.000,+0.000,+0.000,1100,0,
1785512783.0454,2026-07-31T11:46:23.045,179.417,1807,,,,0,,,,0.8448,-95.22,0.7466,-2975.22,1,20.0,joystick,+0.000,+0.000,+0.000,+0.000,1100,0,
1785512783.1449,2026-07-31T11:46:23.144,179.517,1808,,,,0,,,,0.8376,-95.44,0.7395,-2975.44,1,20.0,joystick,+0.000,+0.000,+0.000,+0.000,1100,0,
1785512783.2438,2026-07-31T11:46:23.243,179.615,1809,,,,0,,,,0.8370,-95.55,0.7389,-2975.55,1,20.0,joystick,+0.000,+0.000,+0.000,+0.000,1100,0,
1785512783.3428,2026-07-31T11:46:23.342,179.715,1810,,,,0,,,,0.8221,-95.75,0.7239,-2975.75,1,20.0,joystick,+0.000,+0.000,-0.937,+0.000,1100,0,
1785512783.4437,2026-07-31T11:46:23.443,179.815,1811,,,,0,,,,0.8197,-95.85,0.7215,-2975.85,1,20.0,joystick,+0.000,+0.000,-1.000,+0.000,1100,0,
1785512783.5428,2026-07-31T11:46:23.542,179.915,1812,,,,0,,,,0.8147,-96.07,0.7165,-2976.07,1,20.0,joystick,+0.000,+0.000,-1.000,+0.000,1100,0,
1785512783.6415,2026-07-31T11:46:23.641,180.013,1813,,,,0,,,,0.8061,-96.25,0.7079,-2976.25,1,20.0,joystick,+0.000,+0.000,-1.000,+0.000,1100,0,
1785512783.7408,2026-07-31T11:46:23.740,180.112,1814,,,,0,,,,0.8070,-96.35,0.7089,-2976.35,1,20.0,joystick,+0.000,+0.000,-1.000,+0.000,1100,0,
1785512783.8397,2026-07-31T11:46:23.839,180.211,1815,,,,0,,,,0.8106,-96.52,0.7125,-2976.52,1,20.0,joystick,+0.000,+0.000,-1.000,+0.000,1100,0,
1785512783.9391,2026-07-31T11:46:23.939,180.311,1816,,,,0,,,,0.8079,-96.58,0.7097,-2976.58,1,20.0,joystick,+0.000,+0.000,-1.000,+0.000,1100,0,
1785512784.0385,2026-07-31T11:46:24.038,180.410,1817,,,,0,,,,0.8164,-96.72,0.7183,-2976.72,1,20.0,joystick,+0.000,+0.000,-1.000,+0.000,1100,0,
1785512784.1371,2026-07-31T11:46:24.137,180.509,1818,,,,0,,,,0.8254,-96.79,0.7273,-2976.79,1,20.0,joystick,+0.000,+0.000,-1.000,+0.000,1100,0,
1785512784.2363,2026-07-31T11:46:24.236,180.608,1819,,,,0,,,,0.8327,-96.95,0.7346,-2976.95,1,20.0,joystick,+0.000,+0.000,-1.000,+0.000,1100,0,
1785512784.3356,2026-07-31T11:46:24.335,180.707,1820,,,,0,,,,0.8516,-97.13,0.7534,-2977.13,1,20.0,joystick,+0.000,+0.000,+0.000,+0.000,1100,0,
1785512784.4342,2026-07-31T11:46:24.434,180.806,1821,,,,0,,,,0.8587,-97.19,0.7605,-2977.19,1,20.0,joystick,+0.000,+0.000,-1.000,+0.000,1100,0,
1785512784.5338,2026-07-31T11:46:24.533,180.905,1822,,,,0,,,,0.8758,-97.38,0.7776,-2977.38,1,20.0,joystick,+0.000,+0.000,-1.000,+0.000,1100,0,
1785512784.6325,2026-07-31T11:46:24.632,181.004,1823,,,,0,,,,0.8693,-97.50,0.7711,-2977.50,1,20.0,joystick,+0.000,+0.000,+0.000,+0.000,1100,0,
1785512784.7319,2026-07-31T11:46:24.731,181.104,1824,,,,0,,,,0.8869,-97.60,0.7887,-2977.60,1,20.0,joystick,+0.000,+0.000,-1.000,+0.000,1100,0,
1785512784.8307,2026-07-31T11:46:24.830,181.202,1825,,,,0,,,,0.8984,-97.93,0.8002,-2977.93,1,20.0,joystick,+0.000,+0.000,+0.000,+0.000,1100,0,
1785512784.9304,2026-07-31T11:46:24.930,181.302,1826,,,,0,,,,0.8991,-98.06,0.8010,-2978.06,1,20.0,joystick,+0.000,+0.000,-1.000,+0.000,1100,0,
1785512785.0296,2026-07-31T11:46:25.029,181.401,1827,,,,0,,,,0.9074,-98.55,0.8093,-2978.55,1,20.0,joystick,+0.000,+0.000,-0.851,+0.000,1100,0,
1785512785.1288,2026-07-31T11:46:25.128,181.500,1828,,,,0,,,,0.9097,-98.79,0.8116,-2978.79,1,20.0,joystick,+0.000,+0.000,-1.000,+0.000,1100,0,
1785512785.2278,2026-07-31T11:46:25.227,181.599,1829,,,,0,,,,0.9235,-99.25,0.8253,-2979.25,1,20.0,joystick,+0.000,+0.000,-1.000,+0.000,1100,0,
1785512785.3276,2026-07-31T11:46:25.327,181.699,1830,,,,0,,,,0.9342,-99.90,0.8361,-2979.90,1,20.0,joystick,+0.000,+0.000,-1.000,+0.000,1100,0,
1785512785.4263,2026-07-31T11:46:25.426,181.798,1831,,,,0,,,,0.9389,-100.18,0.8407,-2980.18,1,20.0,joystick,+0.000,+0.000,-1.000,+0.000,1100,0,
1785512785.5253,2026-07-31T11:46:25.525,181.897,1832,,,,0,,,,0.9583,-100.73,0.8602,-2980.73,1,20.0,joystick,+0.000,+0.000,-1.000,+0.000,1100,0,
1785512785.6245,2026-07-31T11:46:25.624,181.996,1833,,,,0,,,,0.9650,-100.94,0.8668,-2980.94,1,20.0,joystick,+0.000,+0.000,-1.000,+0.000,1100,0,
1785512785.7238,2026-07-31T11:46:25.723,182.096,1834,,,,0,,,,0.9847,-101.32,0.8865,-2981.32,1,20.0,joystick,+0.000,+0.000,-1.000,+0.000,1100,0,
1785512785.8238,2026-07-31T11:46:25.823,182.196,1835,,,,0,,,,0.9958,-101.48,0.8976,-2981.48,1,20.0,joystick,+0.000,+0.000,-1.000,+0.000,1100,0,
1785512785.9229,2026-07-31T11:46:25.922,182.295,1836,,,,0,,,,1.0208,-101.69,0.9227,-2981.69,1,20.0,joystick,+0.000,+0.000,-1.000,+0.000,1100,0,
1785512786.0218,2026-07-31T11:46:26.021,182.393,1837,,,,0,,,,1.0492,-101.94,0.9510,-2981.94,1,20.0,joystick,+0.000,+0.000,-1.000,+0.000,1100,0,
1785512786.1208,2026-07-31T11:46:26.120,182.492,1838,,,,0,,,,1.0525,-102.07,0.9544,-2982.07,1,20.0,joystick,+0.000,+0.000,-1.000,+0.000,1100,0,
1785512786.2198,2026-07-31T11:46:26.219,182.592,1839,,,,0,,,,1.0849,-102.35,0.9868,-2982.35,1,20.0,joystick,+0.000,+0.000,-1.000,+0.000,1100,0,
1785512786.3193,2026-07-31T11:46:26.319,182.691,1840,,,,0,,,,1.0961,-102.50,0.9980,-2982.50,1,20.0,joystick,+0.000,+0.000,-1.000,+0.000,1100,0,
1785512786.4194,2026-07-31T11:46:26.419,182.791,1841,,,,0,,,,1.1171,-102.90,1.0190,-2982.90,1,20.0,joystick,+0.000,+0.000,-1.000,+0.000,1100,0,
1785512786.5188,2026-07-31T11:46:26.518,182.891,1842,,,,0,,,,1.1417,-103.53,1.0435,-2983.53,1,20.0,joystick,+0.000,+0.000,-1.000,+0.000,1100,0,
1785512786.6179,2026-07-31T11:46:26.617,182.990,1843,,,,0,,,,1.1519,-103.94,1.0537,-2983.94,1,20.0,joystick,+0.000,+0.000,-1.000,+0.000,1100,0,
1785512786.7168,2026-07-31T11:46:26.716,183.088,1844,,,,0,,,,1.1670,-104.91,1.0688,-2984.91,1,20.0,joystick,+0.000,+0.000,-1.000,+0.000,1100,0,
1785512786.8156,2026-07-31T11:46:26.815,183.187,1845,,,,0,,,,1.1738,-105.48,1.0757,-2985.48,1,20.0,joystick,+0.000,+0.000,-1.000,+0.000,1100,0,
1785512786.9157,2026-07-31T11:46:26.915,183.287,1846,,,,0,,,,1.1838,-106.88,1.0857,-2986.88,1,20.0,joystick,+0.000,+0.000,+0.000,+0.000,1100,0,
1785512787.0143,2026-07-31T11:46:27.014,183.386,1847,,,,0,,,,1.1937,-108.49,1.0955,-2988.49,1,20.0,joystick,+0.000,+0.000,+0.000,+0.000,1100,0,
1785512787.1136,2026-07-31T11:46:27.113,183.485,1848,,,,0,,,,1.1921,-109.36,1.0940,-2989.36,1,20.0,joystick,+0.000,+0.000,+0.000,+0.000,1100,0,
1785512787.2127,2026-07-31T11:46:27.212,183.584,1849,,,,0,,,,1.1911,-111.13,1.0929,-2991.13,1,20.0,joystick,+0.000,+0.000,+1.000,+0.000,1100,0,
1785512787.3116,2026-07-31T11:46:27.311,183.683,1850,,,,0,,,,1.1925,-112.00,1.0944,-2992.00,1,20.0,joystick,+0.000,+0.000,+1.000,+0.000,1100,0,
1785512787.4110,2026-07-31T11:46:27.411,183.783,1851,,,,0,,,,1.1914,-113.70,1.0932,-2993.70,1,20.0,joystick,+0.000,+0.000,+1.000,+0.000,1100,0,
1785512787.5108,2026-07-31T11:46:27.510,183.883,1852,,,,0,,,,1.1964,-115.52,1.0982,-2995.52,1,20.0,joystick,+0.000,+0.000,+0.933,+0.000,1100,0,
1785512787.6098,2026-07-31T11:46:27.609,183.981,1853,,,,0,,,,1.1955,-116.48,1.0974,-2996.48,1,20.0,joystick,+0.000,+0.000,+0.000,+0.000,1100,0,
1785512787.7087,2026-07-31T11:46:27.708,184.080,1854,,,,0,,,,1.1997,-118.48,1.1016,-2998.48,1,20.0,joystick,+0.000,+0.000,+0.000,+0.000,1100,0,
1785512787.8073,2026-07-31T11:46:27.807,184.179,1855,,,,0,,,,1.2020,-119.53,1.1039,-2999.53,1,20.0,joystick,+0.000,+0.000,+0.000,+0.000,1100,0,
1785512787.9072,2026-07-31T11:46:27.907,184.279,1856,,,,0,,,,1.2062,-121.71,1.1080,-3001.71,1,20.0,joystick,+0.000,+0.000,+0.000,+0.000,1100,0,
1785512788.0068,2026-07-31T11:46:28.006,184.378,1857,,,,0,,,,1.2067,-124.03,1.1086,-3004.03,1,20.0,joystick,+0.000,+0.000,+0.000,+0.000,1100,0,
1785512788.1058,2026-07-31T11:46:28.105,184.477,1858,,,,0,,,,1.2014,-125.19,1.1032,-3005.19,1,20.0,joystick,+0.000,+0.000,+0.000,+0.000,1100,0,
1785512788.2045,2026-07-31T11:46:28.204,184.576,1859,,,,0,,,,1.2055,-127.45,1.1073,-3007.45,1,20.0,joystick,+0.000,+0.000,+0.000,+0.000,1100,0,
1785512788.3036,2026-07-31T11:46:28.303,184.675,1860,,,,0,,,,1.2044,-128.55,1.1063,-3008.55,1,20.0,joystick,+0.000,+0.000,-1.000,+0.000,1100,0,
1785512788.4026,2026-07-31T11:46:28.402,184.774,1861,,,,0,,,,1.2038,-130.61,1.1057,-3010.61,1,20.0,joystick,+0.000,+0.000,-1.000,+0.000,1100,0,
1785512788.5018,2026-07-31T11:46:28.501,184.873,1862,,,,0,,,,1.1991,-131.62,1.1010,-3011.62,1,20.0,joystick,+0.000,+0.000,+0.000,+0.000,1100,0,
1785512788.6009,2026-07-31T11:46:28.600,184.973,1863,,,,0,,,,1.2030,-133.55,1.1049,-3013.55,1,20.0,joystick,+0.000,+0.000,-1.000,+0.000,1100,0,
1785512788.6994,2026-07-31T11:46:28.699,185.071,1864,,,,0,,,,1.1977,-134.48,1.0996,-3014.48,1,20.0,joystick,+0.000,+0.000,-1.000,+0.000,1100,0,
1785512788.7987,2026-07-31T11:46:28.798,185.170,1865,,,,0,,,,1.2038,-136.26,1.1057,-3016.26,1,20.0,joystick,+0.000,+0.000,+0.000,+0.000,1100,0,
1785512788.8985,2026-07-31T11:46:28.898,185.270,1866,,,,0,,,,1.2038,-138.00,1.1057,-3018.00,1,20.0,joystick,+0.000,+0.000,-1.000,+0.000,1100,0,
1785512788.9977,2026-07-31T11:46:28.997,185.369,1867,,,,0,,,,1.2028,-138.87,1.1047,-3018.87,1,20.0,joystick,+0.000,+0.000,-1.000,+0.000,1100,0,
1785512789.0962,2026-07-31T11:46:29.096,185.468,1868,,,,0,,,,1.1908,-140.43,1.0927,-3020.43,1,20.0,joystick,+0.000,+0.000,+0.000,+0.000,1100,0,
1785512789.1958,2026-07-31T11:46:29.195,185.567,1869,,,,0,,,,1.1830,-141.92,1.0849,-3021.92,1,20.0,joystick,+0.000,+0.000,-1.000,+0.000,1100,0,
1785512789.2957,2026-07-31T11:46:29.295,185.667,1870,,,,0,,,,1.1821,-142.73,1.0840,-3022.73,1,20.0,joystick,+0.000,+0.000,-1.000,+0.000,1100,0,
1785512789.3953,2026-07-31T11:46:29.395,185.767,1871,,,,0,,,,1.1728,-144.26,1.0747,-3024.26,1,20.0,joystick,+0.000,+0.000,-1.000,+0.000,1100,0,
1785512789.4934,2026-07-31T11:46:29.493,185.865,1872,,,,0,,,,1.1726,-144.98,1.0745,-3024.98,1,20.0,joystick,+0.000,+0.000,-1.000,+0.000,1100,0,
1785512789.5932,2026-07-31T11:46:29.593,185.965,1873,,,,0,,,,1.1783,-146.45,1.0801,-3026.45,1,20.0,joystick,+0.000,+0.000,-1.000,+0.000,1100,0,
1785512789.6929,2026-07-31T11:46:29.692,186.065,1874,,,,0,,,,1.1826,-147.14,1.0845,-3027.14,1,20.0,joystick,+0.000,+0.000,-1.000,+0.000,1100,0,
1785512789.7919,2026-07-31T11:46:29.791,186.164,1875,,,,0,,,,1.1925,-148.51,1.0944,-3028.51,1,20.0,joystick,+0.000,+0.000,-1.000,+0.000,1100,0,
1785512789.8906,2026-07-31T11:46:29.890,186.262,1876,,,,0,,,,1.2046,-149.74,1.1064,-3029.74,1,20.0,joystick,+0.000,+0.000,-1.000,+0.000,1100,0,
1785512789.9897,2026-07-31T11:46:29.989,186.361,1877,,,,0,,,,1.2053,-150.32,1.1071,-3030.32,1,20.0,joystick,+0.000,+0.000,-1.000,+0.000,1100,0,
1785512790.0911,2026-07-31T11:46:30.091,186.463,1878,,,,0,,,,1.2136,-151.38,1.1155,-3031.38,1,20.0,joystick,+0.000,+0.000,-1.000,+0.000,1100,0,
1785512790.1893,2026-07-31T11:46:30.189,186.561,1879,,,,0,,,,1.2154,-151.88,1.1173,-3031.88,1,20.0,joystick,+0.000,+0.000,+0.000,+0.000,1100,0,
1785512790.2892,2026-07-31T11:46:30.289,186.661,1880,,,,0,,,,1.2116,-152.94,1.1134,-3032.94,1,20.0,joystick,+0.000,+0.000,+0.000,+0.000,1100,0,
1785512790.3884,2026-07-31T11:46:30.388,186.760,1881,,,,0,,,,1.2031,-154.08,1.1050,-3034.08,1,20.0,joystick,+0.000,+0.000,+0.000,+0.000,1100,0,
1785512790.4880,2026-07-31T11:46:30.487,186.860,1882,,,,0,,,,1.2014,-154.69,1.1033,-3034.69,1,20.0,joystick,+0.000,+0.000,+0.000,+0.000,1100,0,
1785512790.5872,2026-07-31T11:46:30.587,186.959,1883,,,,0,,,,1.2008,-156.01,1.1026,-3036.01,1,20.0,joystick,+0.000,+0.000,+0.000,+0.000,1100,0,
1785512790.6873,2026-07-31T11:46:30.687,187.059,1884,,,,0,,,,1.2057,-156.74,1.1076,-3036.74,1,20.0,joystick,+0.000,+0.000,+0.000,+0.000,1100,0,
1785512790.7869,2026-07-31T11:46:30.786,187.159,1885,,,,0,,,,1.2030,-158.27,1.1048,-3038.27,1,20.0,joystick,+0.000,+0.000,+0.000,+0.000,1100,0,
1785512790.8861,2026-07-31T11:46:30.886,187.258,1886,,,,0,,,,1.2064,-159.92,1.1083,-3039.92,1,20.0,joystick,+0.000,+0.000,+0.000,+0.000,1100,0,
1785512790.9861,2026-07-31T11:46:30.986,187.358,1887,,,,0,,,,1.2173,-160.78,1.1192,-3040.78,1,20.0,joystick,+0.000,+0.000,+0.000,+0.000,1100,0,
1785512791.0849,2026-07-31T11:46:31.084,187.457,1888,,,,0,,,,1.2151,-162.58,1.1169,-3042.58,1,20.0,joystick,+0.000,+0.000,+0.000,+0.000,1100,0,
1785512791.1847,2026-07-31T11:46:31.184,187.556,1889,,,,0,,,,1.2195,-163.50,1.1214,-3043.50,1,20.0,joystick,+0.000,+0.000,+0.000,+0.000,1100,0,
1785512791.2854,2026-07-31T11:46:31.285,187.657,1890,,,,0,,,,1.2119,-164.70,1.1138,-3044.70,1,20.0,joystick,+0.000,+0.000,+0.000,+0.000,1100,0,
1785512791.3848,2026-07-31T11:46:31.384,187.756,1891,,,,0,,,,1.2076,-165.40,1.1095,-3045.40,1,20.0,joystick,+0.000,+0.000,+0.000,+0.000,1100,0,
1785512791.4842,2026-07-31T11:46:31.484,187.856,1892,,,,0,,,,1.2071,-165.82,1.1090,-3045.82,1,20.0,joystick,+0.000,+0.000,+0.000,+0.000,1100,0,
1785512791.5847,2026-07-31T11:46:31.584,187.956,1893,,,,0,,,,1.2060,-166.74,1.1078,-3046.74,1,20.0,joystick,+0.000,+0.000,+0.000,+0.000,1100,0,
1785512791.6838,2026-07-31T11:46:31.683,188.056,1894,,,,0,,,,1.2014,-167.23,1.1033,-3047.23,1,20.0,joystick,+0.000,+0.000,+0.000,+0.000,1100,0,
1785512791.7828,2026-07-31T11:46:31.782,188.154,1895,,,,0,,,,1.1975,-168.30,1.0993,-3048.30,1,20.0,joystick,+0.000,+0.000,+0.000,+0.000,1100,0,
1785512791.8818,2026-07-31T11:46:31.881,188.253,1896,,,,0,,,,1.1968,-168.85,1.0986,-3048.85,1,20.0,joystick,+0.000,+0.000,+0.000,+0.000,1100,0,
1785512791.9803,2026-07-31T11:46:31.980,188.352,1897,,,,0,,,,1.1881,-169.96,1.0900,-3049.96,1,20.0,joystick,+0.000,+0.000,+0.000,+0.000,1100,0,
1785512792.0801,2026-07-31T11:46:32.080,188.452,1898,,,,0,,,,1.1938,-171.07,1.0957,-3051.07,1,20.0,joystick,+0.000,+0.000,+0.000,+0.000,1100,0,
1785512792.1791,2026-07-31T11:46:32.179,188.551,1899,,,,0,,,,1.1847,-171.63,1.0866,-3051.63,1,20.0,joystick,+0.000,+0.000,+0.000,+0.000,1100,0,
1785512792.2777,2026-07-31T11:46:32.277,188.649,1900,,,,0,,,,1.1787,-172.71,1.0805,-3052.71,1,20.0,joystick,+0.000,+0.000,-1.000,+0.000,1100,0,
1785512792.3769,2026-07-31T11:46:32.376,188.749,1901,,,,0,,,,1.1760,-173.23,1.0779,-3053.23,1,20.0,joystick,+0.000,+0.000,-1.000,+0.000,1100,0,
1785512792.4763,2026-07-31T11:46:32.476,188.848,1902,,,,0,,,,1.1707,-174.31,1.0726,-3054.31,1,20.0,joystick,+0.000,+0.000,-1.000,+0.000,1100,0,
1785512792.5757,2026-07-31T11:46:32.575,188.947,1903,,,,0,,,,1.1606,-175.24,1.0624,-3055.24,1,20.0,joystick,+0.000,+0.000,-1.000,+0.000,1100,0,
1785512792.6750,2026-07-31T11:46:32.674,189.047,1904,,,,0,,,,1.1635,-175.68,1.0654,-3055.68,1,20.0,joystick,+0.000,+0.000,-1.000,+0.000,1100,0,
1785512792.7745,2026-07-31T11:46:32.774,189.146,1905,,,,0,,,,1.1700,-176.58,1.0718,-3056.58,1,20.0,joystick,+0.000,+0.000,-1.000,+0.000,1100,0,
1785512792.8742,2026-07-31T11:46:32.874,189.246,1906,,,,0,,,,1.1673,-177.02,1.0692,-3057.02,1,20.0,joystick,+0.000,+0.000,-1.000,+0.000,1100,0,
1785512792.9743,2026-07-31T11:46:32.974,189.346,1907,,,,0,,,,1.1778,-177.92,1.0797,-3057.92,1,20.0,joystick,+0.000,+0.000,-1.000,+0.000,1100,0,
1785512793.0740,2026-07-31T11:46:33.074,189.446,1908,,,,0,,,,1.1831,-178.83,1.0850,-3058.83,1,20.0,joystick,+0.000,+0.000,-1.000,+0.000,1100,0,
1785512793.1736,2026-07-31T11:46:33.173,189.545,1909,,,,0,,,,1.1919,-179.28,1.0938,-3059.28,1,20.0,joystick,+0.000,+0.000,-1.000,+0.000,1100,0,
1785512793.2727,2026-07-31T11:46:33.272,189.644,1910,,,,0,,,,1.2004,179.80,1.1022,-3060.20,1,20.0,joystick,+0.000,+0.000,-1.000,+0.000,1100,0,
1785512793.3716,2026-07-31T11:46:33.371,189.743,1911,,,,0,,,,1.2042,179.36,1.1060,-3060.64,1,20.0,joystick,+0.000,+0.000,-1.000,+0.000,1100,0,
1785512793.4716,2026-07-31T11:46:33.471,189.843,1912,,,,0,,,,1.2069,178.53,1.1087,-3061.47,1,20.0,joystick,+0.000,+0.000,-1.000,+0.000,1100,0,
1785512793.5708,2026-07-31T11:46:33.570,189.942,1913,,,,0,,,,1.2114,178.12,1.1132,-3061.88,1,20.0,joystick,+0.000,+0.000,-1.000,+0.000,1100,0,
1785512793.6700,2026-07-31T11:46:33.669,190.042,1914,,,,0,,,,1.2135,177.98,1.1154,-3062.02,1,20.0,joystick,+0.000,+0.000,-1.000,+0.000,1100,0,
1785512793.7688,2026-07-31T11:46:33.768,190.140,1915,,,,0,,,,1.2106,177.61,1.1124,-3062.39,1,20.0,joystick,+0.000,+0.000,-1.000,+0.000,1100,0,
1785512793.8683,2026-07-31T11:46:33.868,190.240,1916,,,,0,,,,1.2134,177.45,1.1152,-3062.55,1,20.0,joystick,+0.000,+0.000,-1.000,+0.000,1100,0,
1785512793.9686,2026-07-31T11:46:33.968,190.340,1917,,,,0,,,,1.2165,177.06,1.1183,-3062.94,1,20.0,joystick,+0.000,+0.000,-1.000,+0.000,1100,0,
1785512794.0675,2026-07-31T11:46:34.067,190.439,1918,,,,0,,,,1.2225,176.68,1.1244,-3063.32,1,20.0,joystick,+0.000,+0.000,-1.000,+0.000,1100,0,
1785512794.1667,2026-07-31T11:46:34.166,190.538,1919,,,,0,,,,1.2207,176.51,1.1226,-3063.49,1,20.0,joystick,+0.000,+0.000,-1.000,+0.000,1100,0,
1785512794.2657,2026-07-31T11:46:34.265,190.637,1920,,,,0,,,,1.2220,176.32,1.1238,-3063.68,1,20.0,joystick,+0.000,+0.000,-1.000,+0.000,1100,0,
1785512794.3646,2026-07-31T11:46:34.364,190.736,1921,,,,0,,,,1.2311,176.63,1.1330,-3063.37,1,20.0,joystick,+0.000,+0.000,-1.000,+0.000,1100,0,
1785512794.4628,2026-07-31T11:46:34.462,190.834,1922,,,,0,,,,1.2363,177.18,1.1382,-3062.82,1,20.0,joystick,+0.000,+0.000,-1.000,+0.000,1100,0,
1785512794.5635,2026-07-31T11:46:34.563,190.935,1923,,,,0,,,,1.2415,177.80,1.1433,-3062.20,1,20.0,joystick,+0.000,+0.000,-1.000,+0.000,1100,0,
1785512794.6628,2026-07-31T11:46:34.662,191.034,1924,,,,0,,,,1.2435,178.15,1.1454,-3061.85,1,20.0,joystick,+0.000,+0.000,-1.000,+0.000,1100,0,
1785512794.7618,2026-07-31T11:46:34.761,191.133,1925,,,,0,,,,1.2505,178.96,1.1523,-3061.04,1,20.0,joystick,+0.000,+0.000,-1.000,+0.000,1100,0,
1785512794.8605,2026-07-31T11:46:34.860,191.232,1926,,,,0,,,,1.2568,179.40,1.1586,-3060.60,1,20.0,joystick,+0.000,+0.000,-1.000,+0.000,1100,0,
1785512794.9594,2026-07-31T11:46:34.959,191.331,1927,,,,0,,,,1.2594,-179.67,1.1613,-3059.67,1,20.0,joystick,+0.000,+0.000,-1.000,+0.000,1100,0,
1785512795.0589,2026-07-31T11:46:35.058,191.431,1928,,,,0,,,,1.2604,-178.66,1.1623,-3058.66,1,20.0,joystick,+0.000,+0.000,-1.000,+0.000,1100,0,
1785512795.1582,2026-07-31T11:46:35.158,191.530,1929,,,,0,,,,1.2623,-178.11,1.1641,-3058.11,1,20.0,joystick,+0.000,+0.000,-1.000,+0.000,1100,0,
1785512795.2593,2026-07-31T11:46:35.259,191.631,1930,,,,0,,,,1.2639,-176.94,1.1658,-3056.94,1,20.0,joystick,+0.000,+0.000,-1.000,+0.000,1100,0,
1785512795.3602,2026-07-31T11:46:35.360,191.732,1931,,,,0,,,,1.2624,-176.29,1.1643,-3056.29,1,20.0,joystick,+0.000,+0.000,-1.000,+0.000,1100,0,
1785512795.4590,2026-07-31T11:46:35.458,191.831,1932,,,,0,,,,1.2644,-174.97,1.1663,-3054.97,1,20.0,joystick,+0.000,+0.000,-1.000,+0.000,1100,0,
1785512795.5577,2026-07-31T11:46:35.557,191.929,1933,,,,0,,,,1.2677,-174.29,1.1695,-3054.29,1,20.0,joystick,+0.000,+0.000,-1.000,+0.000,1100,0,
1785512795.6568,2026-07-31T11:46:35.656,192.029,1934,,,,0,,,,1.2680,-172.93,1.1698,-3052.93,1,20.0,joystick,+0.000,+0.000,-1.000,+0.000,1100,0,
1785512795.7558,2026-07-31T11:46:35.755,192.127,1935,,,,0,,,,1.2690,-171.33,1.1709,-3051.33,1,20.0,joystick,+0.000,+0.000,-1.000,+0.000,1100,0,
1785512795.8563,2026-07-31T11:46:35.856,192.228,1936,,,,0,,,,1.2657,-170.66,1.1676,-3050.66,1,20.0,joystick,+0.000,+0.000,-1.000,+0.000,1100,0,
1785512795.9561,2026-07-31T11:46:35.956,192.328,1937,,,,0,,,,1.2745,-169.16,1.1763,-3049.16,1,20.0,joystick,+0.000,+0.000,+0.000,+0.000,1100,0,
1785512796.0547,2026-07-31T11:46:36.054,192.426,1938,,,,0,,,,1.2729,-168.48,1.1748,-3048.48,1,20.0,joystick,+0.000,+0.000,-0.804,+0.000,1100,0,
1785512796.1540,2026-07-31T11:46:36.153,192.526,1939,,,,0,,,,1.2731,-167.09,1.1750,-3047.09,1,20.0,joystick,+0.000,+0.000,-1.000,+0.000,1100,0,
1785512796.2533,2026-07-31T11:46:36.253,192.625,1940,,,,0,,,,1.2702,-165.74,1.1720,-3045.74,1,20.0,joystick,+0.000,+0.000,-1.000,+0.000,1100,0,
1785512796.3524,2026-07-31T11:46:36.352,192.724,1941,,,,0,,,,1.2709,-164.82,1.1727,-3044.82,1,20.0,joystick,+0.000,+0.000,-1.000,+0.000,1100,0,
1785512796.4519,2026-07-31T11:46:36.451,192.824,1942,,,,0,,,,1.2745,-162.81,1.1764,-3042.81,1,20.0,joystick,+0.000,+0.000,-1.000,+0.000,1100,0,
1785512796.5534,2026-07-31T11:46:36.553,192.925,1943,,,,0,,,,1.2746,-161.81,1.1765,-3041.81,1,20.0,joystick,+0.000,+0.000,-1.000,+0.000,1100,0,
1785512796.6525,2026-07-31T11:46:36.652,193.024,1944,,,,0,,,,1.2792,-159.84,1.1811,-3039.84,1,20.0,joystick,+0.000,+0.000,-1.000,+0.000,1100,0,
1785512796.7526,2026-07-31T11:46:36.752,193.124,1945,,,,0,,,,1.2768,-159.05,1.1787,-3039.05,1,20.0,joystick,+0.000,+0.000,-0.690,+0.000,1100,0,
1785512796.8524,2026-07-31T11:46:36.852,193.224,1946,,,,0,,,,1.2708,-158.72,1.1726,-3038.72,1,20.0,joystick,+0.000,+0.000,+0.000,+0.000,1100,0,
1785512796.9516,2026-07-31T11:46:36.951,193.323,1947,,,,0,,,,1.2736,-158.30,1.1755,-3038.30,1,20.0,joystick,+0.000,+0.000,-1.000,+0.000,1100,0,
1785512797.0509,2026-07-31T11:46:37.050,193.423,1948,,,,0,,,,1.2699,-158.24,1.1718,-3038.24,1,20.0,joystick,+0.000,+0.000,-1.000,+0.000,1100,0,
1785512797.1498,2026-07-31T11:46:37.149,193.522,1949,,,,0,,,,1.2676,-158.22,1.1694,-3038.22,1,20.0,joystick,+0.000,+0.000,-1.000,+0.000,1100,0,
1785512797.2503,2026-07-31T11:46:37.250,193.622,1950,,,,0,,,,1.2718,-158.38,1.1737,-3038.38,1,20.0,joystick,+0.000,+0.000,-1.000,+0.000,1100,0,
1785512797.3489,2026-07-31T11:46:37.348,193.721,1951,,,,0,,,,1.2790,-158.55,1.1809,-3038.55,1,20.0,joystick,+0.000,+0.000,-1.000,+0.000,1100,0,
1785512797.4483,2026-07-31T11:46:37.448,193.820,1952,,,,0,,,,1.2864,-159.14,1.1882,-3039.14,1,20.0,joystick,+0.000,+0.000,-1.000,+0.000,1100,0,
1785512797.5485,2026-07-31T11:46:37.548,193.920,1953,,,,0,,,,1.2793,-159.51,1.1812,-3039.51,1,20.0,joystick,+0.000,+0.000,-1.000,+0.000,1100,0,
1785512797.6486,2026-07-31T11:46:37.648,194.020,1954,,,,0,,,,1.2772,-160.24,1.1791,-3040.24,1,20.0,joystick,+0.000,+0.000,-1.000,+0.000,1100,0,
1785512797.7482,2026-07-31T11:46:37.748,194.120,1955,,,,0,,,,1.2771,-160.79,1.1789,-3040.79,1,20.0,joystick,+0.000,+0.000,-1.000,+0.000,1100,0,
1785512797.8467,2026-07-31T11:46:37.846,194.218,1956,,,,0,,,,1.2789,-160.93,1.1807,-3040.93,1,20.0,joystick,+0.000,+0.000,+0.000,+0.000,1100,0,
1785512797.9457,2026-07-31T11:46:37.945,194.317,1957,,,,0,,,,1.2828,-160.99,1.1847,-3040.99,1,20.0,joystick,+0.000,+0.000,+0.000,+0.000,1100,0,
1785512798.0446,2026-07-31T11:46:38.044,194.416,1958,,,,0,,,,1.2759,-160.97,1.1778,-3040.97,1,20.0,joystick,+0.000,+0.000,+0.000,+0.000,1100,0,
1785512798.1450,2026-07-31T11:46:38.144,194.517,1959,,,,0,,,,1.2771,-160.92,1.1790,-3040.92,1,20.0,joystick,+0.000,+0.000,+0.000,+0.000,1100,0,
1785512798.2443,2026-07-31T11:46:38.244,194.616,1960,,,,0,,,,1.2753,-160.87,1.1772,-3040.87,1,20.0,joystick,+0.000,+0.000,+0.000,+0.000,1100,0,
1785512798.3426,2026-07-31T11:46:38.342,194.714,1961,,,,0,,,,1.2755,-160.85,1.1774,-3040.85,1,20.0,joystick,+0.000,+0.000,+0.000,+0.000,1100,0,
1785512798.4425,2026-07-31T11:46:38.442,194.814,1962,,,,0,,,,1.2702,-160.84,1.1721,-3040.84,1,20.0,joystick,+0.000,+0.000,+0.000,+0.000,1100,0,
1785512798.5415,2026-07-31T11:46:38.541,194.913,1963,,,,0,,,,1.2742,-160.87,1.1760,-3040.87,1,20.0,joystick,+0.000,+0.000,+0.000,+0.000,1100,0,
1785512798.6411,2026-07-31T11:46:38.641,195.013,1964,,,,0,,,,1.2691,-161.01,1.1710,-3041.01,1,20.0,joystick,+0.000,+0.000,+0.000,+0.000,1100,0,
1785512798.7415,2026-07-31T11:46:38.741,195.113,1965,,,,0,,,,1.2741,-161.10,1.1760,-3041.10,1,20.0,joystick,+0.000,+0.000,+0.000,+0.000,1100,0,
1785512798.8408,2026-07-31T11:46:38.840,195.213,1966,,,,0,,,,1.2708,-161.30,1.1727,-3041.30,1,20.0,joystick,+0.000,+0.000,+0.000,+0.000,1100,0,
1785512798.9402,2026-07-31T11:46:38.940,195.312,1967,,,,0,,,,1.2625,-161.54,1.1643,-3041.54,1,20.0,joystick,+0.000,+0.000,+0.000,+0.000,1100,0,
1785512799.0396,2026-07-31T11:46:39.039,195.411,1968,,,,0,,,,1.2649,-161.66,1.1668,-3041.66,1,20.0,joystick,+0.000,+0.000,+0.000,+0.000,1100,0,
1785512799.1394,2026-07-31T11:46:39.139,195.511,1969,,,,0,,,,1.2586,-161.92,1.1604,-3041.92,1,20.0,joystick,+0.000,+0.000,-1.000,+0.000,1100,0,
1785512799.2388,2026-07-31T11:46:39.238,195.611,1970,,,,0,,,,1.2496,-162.05,1.1515,-3042.05,1,20.0,joystick,+0.000,+0.000,-1.000,+0.000,1100,0,
1785512799.3380,2026-07-31T11:46:39.338,195.710,1971,,,,0,,,,1.2417,-162.29,1.1435,-3042.29,1,20.0,joystick,+0.000,+0.000,-1.000,+0.000,1100,0,
1785512799.4368,2026-07-31T11:46:39.436,195.809,1972,,,,0,,,,1.2394,-162.38,1.1413,-3042.38,1,20.0,joystick,+0.000,+0.000,-1.000,+0.000,1100,0,
1785512799.5367,2026-07-31T11:46:39.536,195.908,1973,,,,0,,,,1.2417,-162.57,1.1435,-3042.57,1,20.0,joystick,+0.000,+0.000,-1.000,+0.000,1100,0,
1785512799.6365,2026-07-31T11:46:39.636,196.008,1974,,,,0,,,,1.2397,-162.68,1.1416,-3042.68,1,20.0,joystick,+0.000,+0.000,-1.000,+0.000,1100,0,
1785512799.7386,2026-07-31T11:46:39.738,196.110,1975,,,,0,,,,1.2311,-162.71,1.1330,-3042.71,1,20.0,joystick,+0.000,+0.000,-1.000,+0.000,1100,0,
1785512799.8382,2026-07-31T11:46:39.838,196.210,1976,,,,0,,,,1.2285,-162.80,1.1303,-3042.80,1,20.0,joystick,+0.000,+0.000,-1.000,+0.000,1100,0,
1785512799.9371,2026-07-31T11:46:39.937,196.309,1977,,,,0,,,,1.2288,-162.92,1.1306,-3042.92,1,20.0,joystick,+0.000,+0.000,-1.000,+0.000,1100,0,
1785512800.0369,2026-07-31T11:46:40.036,196.409,1978,,,,0,,,,1.2338,-162.98,1.1357,-3042.98,1,20.0,joystick,+0.000,+0.000,-1.000,+0.000,1100,0,
1785512800.1362,2026-07-31T11:46:40.136,196.508,1979,,,,0,,,,1.2290,-163.17,1.1309,-3043.17,1,20.0,joystick,+0.000,+0.000,-1.000,+0.000,1100,0,
1785512800.2352,2026-07-31T11:46:40.235,196.607,1980,,,,0,,,,1.2329,-163.28,1.1348,-3043.28,1,20.0,joystick,+0.000,+0.000,-1.000,+0.000,1100,0,
1785512800.3345,2026-07-31T11:46:40.334,196.706,1981,,,,0,,,,1.2351,-163.63,1.1369,-3043.63,1,20.0,joystick,+0.000,+0.000,-1.000,+0.000,1100,0,
1785512800.4346,2026-07-31T11:46:40.434,196.806,1982,,,,0,,,,1.2371,-163.87,1.1389,-3043.87,1,20.0,joystick,+0.000,+0.000,+0.000,+0.000,1100,0,
1785512800.5338,2026-07-31T11:46:40.533,196.905,1983,,,,0,,,,1.2405,-163.84,1.1424,-3043.84,1,20.0,joystick,+0.000,+0.000,+0.000,+0.000,1100,0,
1785512800.6328,2026-07-31T11:46:40.632,197.005,1984,,,,0,,,,1.2435,-163.86,1.1454,-3043.86,1,20.0,joystick,+0.000,+0.000,+0.000,+0.000,1100,0,
1785512800.7317,2026-07-31T11:46:40.731,197.103,1985,,,,0,,,,1.2470,-163.91,1.1488,-3043.91,1,20.0,joystick,+0.000,+0.000,+0.000,+0.000,1100,0,
1785512800.8308,2026-07-31T11:46:40.830,197.202,1986,,,,0,,,,1.2474,-164.05,1.1492,-3044.05,1,20.0,joystick,+0.000,+0.000,+0.000,+0.000,1100,0,
1785512800.9305,2026-07-31T11:46:40.930,197.302,1987,,,,0,,,,1.2439,-164.26,1.1458,-3044.26,1,20.0,joystick,+0.000,+0.000,-1.000,+0.000,1100,0,
1785512801.0299,2026-07-31T11:46:41.029,197.402,1988,,,,0,,,,1.2460,-164.17,1.1478,-3044.17,1,20.0,joystick,+0.000,+0.000,-1.000,+0.000,1100,0,
1785512801.1291,2026-07-31T11:46:41.129,197.501,1989,,,,0,,,,1.2440,-164.22,1.1459,-3044.22,1,20.0,joystick,+0.000,+0.000,-1.000,+0.000,1100,0,
1785512801.2282,2026-07-31T11:46:41.228,197.600,1990,,,,0,,,,1.2412,-164.27,1.1430,-3044.27,1,20.0,joystick,+0.000,+0.000,-1.000,+0.000,1100,0,
1785512801.3284,2026-07-31T11:46:41.328,197.700,1991,,,,0,,,,1.2506,-164.08,1.1525,-3044.08,1,20.0,joystick,+0.000,+0.000,-1.000,+0.000,1100,0,
1785512801.4273,2026-07-31T11:46:41.427,197.799,1992,,,,0,,,,1.2517,-163.70,1.1535,-3043.70,1,20.0,joystick,+0.000,+0.000,+0.000,+0.000,1100,0,
1785512801.5264,2026-07-31T11:46:41.526,197.898,1993,,,,0,,,,1.2441,-163.58,1.1460,-3043.58,1,20.0,joystick,+0.000,+0.000,+0.000,+0.000,1100,0,
1785512801.6256,2026-07-31T11:46:41.625,197.997,1994,,,,0,,,,1.2448,-163.53,1.1466,-3043.53,1,20.0,joystick,+0.000,+0.000,+0.000,+0.000,1100,0,
1785512801.7255,2026-07-31T11:46:41.725,198.097,1995,,,,0,,,,1.2437,-163.56,1.1455,-3043.56,1,20.0,joystick,+0.000,+0.000,+0.000,+0.000,1100,0,
1785512801.8262,2026-07-31T11:46:41.826,198.198,1996,,,,0,,,,1.2412,-163.72,1.1431,-3043.72,1,20.0,joystick,+0.000,+0.000,+0.000,+0.000,1100,0,
1785512801.9259,2026-07-31T11:46:41.925,198.298,1997,,,,0,,,,1.2394,-164.05,1.1413,-3044.05,1,20.0,joystick,+0.000,+0.000,+0.000,+0.000,1100,0,
1785512802.0253,2026-07-31T11:46:42.025,198.397,1998,,,,0,,,,1.2428,-164.29,1.1446,-3044.29,1,20.0,joystick,+0.000,+0.000,+0.000,+0.000,1100,0,
1785512802.1243,2026-07-31T11:46:42.124,198.496,1999,,,,0,,,,1.2470,-164.80,1.1489,-3044.80,1,20.0,joystick,+0.000,+0.000,+0.000,+0.000,1100,0,
1785512802.2227,2026-07-31T11:46:42.222,198.594,2000,,,,0,,,,1.2517,-165.04,1.1535,-3045.04,1,20.0,joystick,+0.000,+0.000,+0.000,+0.000,1100,0,
1785512802.3223,2026-07-31T11:46:42.322,198.694,2001,,,,0,,,,1.2522,-165.48,1.1541,-3045.48,1,20.0,joystick,+0.000,+0.000,+0.000,+0.000,1100,0,
1785512802.4219,2026-07-31T11:46:42.421,198.794,2002,,,,0,,,,1.2576,-165.88,1.1595,-3045.88,1,20.0,joystick,+0.000,+0.000,+0.000,+0.000,1100,0,
1785512802.5213,2026-07-31T11:46:42.521,198.893,2003,,,,0,,,,1.2544,-166.06,1.1562,-3046.06,1,20.0,joystick,+0.000,+0.000,+0.000,+0.000,1100,0,
1785512802.6205,2026-07-31T11:46:42.620,198.992,2004,,,,0,,,,1.2559,-166.31,1.1578,-3046.31,1,20.0,joystick,+0.000,+0.000,+0.000,+0.000,1100,0,
1785512802.7189,2026-07-31T11:46:42.718,199.091,2005,,,,0,,,,1.2460,-166.36,1.1479,-3046.36,1,20.0,joystick,+0.000,+0.000,+0.000,+0.000,1100,0,
1785512802.8186,2026-07-31T11:46:42.818,199.190,2006,,,,0,,,,1.2268,-166.29,1.1286,-3046.29,1,20.0,joystick,+0.000,+0.000,+0.000,+0.000,1100,0,
1785512802.9179,2026-07-31T11:46:42.917,199.290,2007,,,,0,,,,1.2091,-166.18,1.1110,-3046.18,1,20.0,joystick,+0.000,+0.000,+0.000,+0.000,1100,0,
1785512803.0174,2026-07-31T11:46:43.017,199.389,2008,,,,0,,,,1.1718,-165.86,1.0736,-3045.86,1,45.0,joystick,+0.000,+0.000,+0.000,+0.000,1100,0,
1785512803.1164,2026-07-31T11:46:43.116,199.488,2009,,,,0,,,,1.1583,-165.66,1.0602,-3045.66,1,45.0,joystick,+0.000,+0.000,+0.000,+0.000,1100,0,
1785512803.2164,2026-07-31T11:46:43.216,199.588,2010,,,,0,,,,1.1167,-165.26,1.0186,-3045.26,1,45.0,joystick,+0.000,+0.000,+0.000,+0.000,1100,0,
1785512803.3151,2026-07-31T11:46:43.315,199.687,2011,,,,0,,,,1.0865,-164.89,0.9883,-3044.89,1,45.0,joystick,+0.000,+0.000,+0.000,+0.000,1100,0,
1785512803.4146,2026-07-31T11:46:43.414,199.786,2012,,,,0,,,,1.0654,-164.73,0.9673,-3044.73,1,45.0,joystick,+0.000,+0.000,+0.000,+0.000,1100,0,
1785512803.5158,2026-07-31T11:46:43.515,199.887,2013,,,,0,,,,1.0319,-164.22,0.9337,-3044.22,1,45.0,joystick,+0.000,+0.000,-1.000,+0.000,1100,0,
1785512803.6152,2026-07-31T11:46:43.615,199.987,2014,,,,0,,,,0.9958,-163.73,0.8977,-3043.73,1,45.0,joystick,+0.000,+0.000,-1.000,+0.000,1100,0,
1785512803.7141,2026-07-31T11:46:43.714,200.086,2015,,,,0,,,,0.9725,-163.51,0.8743,-3043.51,1,45.0,joystick,+0.000,+0.000,-1.000,+0.000,1100,0,
1785512803.8136,2026-07-31T11:46:43.813,200.185,2016,,,,0,,,,0.9353,-163.14,0.8372,-3043.14,1,45.0,joystick,+0.000,+0.000,-1.000,+0.000,1100,0,
1785512803.9138,2026-07-31T11:46:43.913,200.285,2017,,,,0,,,,0.9249,-163.01,0.8267,-3043.01,1,45.0,joystick,+0.000,+0.000,-1.000,+0.000,1100,0,
1785512804.0137,2026-07-31T11:46:44.013,200.385,2018,,,,0,,,,0.9121,-161.37,0.8140,-3041.37,1,45.0,joystick,+0.000,+0.000,-1.000,+0.000,1100,0,
1785512804.1134,2026-07-31T11:46:44.113,200.485,2019,,,,0,,,,0.8756,-160.19,0.7775,-3040.19,1,45.0,joystick,+0.000,+0.000,-1.000,+0.000,1100,0,
1785512804.2119,2026-07-31T11:46:44.211,200.584,2020,,,,0,,,,0.8745,-159.81,0.7763,-3039.81,1,45.0,joystick,+0.000,+0.000,-1.000,+0.000,1100,0,
1785512804.3116,2026-07-31T11:46:44.311,200.683,2021,,,,0,,,,0.8900,-159.20,0.7918,-3039.20,1,45.0,joystick,+0.000,+0.000,-1.000,+0.000,1100,0,
1785512804.4118,2026-07-31T11:46:44.411,200.783,2022,,,,0,,,,0.8578,-158.97,0.7597,-3038.97,1,45.0,joystick,+0.000,+0.000,-1.000,+0.000,1100,0,
1785512804.5118,2026-07-31T11:46:44.511,200.883,2023,,,,0,,,,0.8781,-158.41,0.7800,-3038.41,1,45.0,joystick,+0.000,+0.000,-1.000,+0.000,1100,0,
1785512804.6115,2026-07-31T11:46:44.611,200.983,2024,,,,0,,,,0.8900,-157.72,0.7918,-3037.72,1,45.0,joystick,+0.000,+0.000,-1.000,+0.000,1100,0,
1785512804.7108,2026-07-31T11:46:44.710,201.082,2025,,,,0,,,,0.8951,-157.40,0.7970,-3037.40,1,45.0,joystick,+0.000,+0.000,-1.000,+0.000,1100,0,
1785512804.8101,2026-07-31T11:46:44.810,201.182,2026,,,,0,,,,0.8952,-156.81,0.7971,-3036.81,1,45.0,joystick,+0.000,+0.000,-1.000,+0.000,1100,0,
1785512804.9090,2026-07-31T11:46:44.909,201.281,2027,,,,0,,,,0.8925,-156.66,0.7943,-3036.66,1,45.0,joystick,+0.000,+0.000,-1.000,+0.000,1100,0,
1785512805.0085,2026-07-31T11:46:45.008,201.380,2028,,,,0,,,,0.9051,-156.31,0.8070,-3036.31,1,45.0,joystick,+0.000,+0.000,-1.000,+0.000,1100,0,
1785512805.1071,2026-07-31T11:46:45.107,201.479,2029,,,,0,,,,0.9200,-155.81,0.8218,-3035.81,1,45.0,joystick,+0.000,+0.000,-1.000,+0.000,1100,0,
1785512805.2063,2026-07-31T11:46:45.206,201.578,2030,,,,0,,,,0.9293,-155.55,0.8312,-3035.55,1,45.0,joystick,+0.000,+0.000,-1.000,+0.000,1100,0,
1785512805.3058,2026-07-31T11:46:45.305,201.678,2031,,,,0,,,,0.9530,-155.22,0.8548,-3035.22,1,45.0,joystick,+0.000,+0.000,-1.000,+0.000,1100,0,
1785512805.4058,2026-07-31T11:46:45.405,201.777,2032,,,,0,,,,0.9334,-155.34,0.8353,-3035.34,1,45.0,joystick,+0.000,+0.000,-1.000,+0.000,1100,0,
1785512805.5055,2026-07-31T11:46:45.505,201.877,2033,,,,0,,,,0.9383,-155.27,0.8402,-3035.27,1,45.0,joystick,+0.000,+0.000,-1.000,+0.000,1100,0,
1785512805.6051,2026-07-31T11:46:45.605,201.977,2034,,,,0,,,,0.9429,-155.21,0.8448,-3035.21,1,45.0,joystick,+0.000,+0.000,-1.000,+0.000,1100,0,
1785512805.7042,2026-07-31T11:46:45.704,202.076,2035,,,,0,,,,0.9362,-155.06,0.8381,-3035.06,1,45.0,joystick,+0.000,+0.000,-1.000,+0.000,1100,0,
1785512805.8032,2026-07-31T11:46:45.803,202.175,2036,,,,0,,,,0.9239,-155.12,0.8258,-3035.12,1,45.0,joystick,+0.000,+0.000,-1.000,+0.000,1100,0,
1785512805.9020,2026-07-31T11:46:45.902,202.274,2037,,,,0,,,,0.9127,-155.52,0.8145,-3035.52,1,45.0,joystick,+0.000,+0.000,-1.000,+0.000,1100,0,
1785512806.0020,2026-07-31T11:46:46.002,202.374,2038,,,,0,,,,0.8904,-156.31,0.7922,-3036.31,1,45.0,joystick,+0.000,+0.000,-1.000,+0.000,1100,0,
1785512806.1018,2026-07-31T11:46:46.101,202.473,2039,,,,0,,,,0.8694,-156.67,0.7712,-3036.67,1,45.0,joystick,+0.000,+0.000,+0.000,+0.000,1100,0,
1785512806.2018,2026-07-31T11:46:46.201,202.573,2040,,,,0,,,,0.8197,-157.57,0.7216,-3037.57,1,45.0,joystick,+0.000,+0.000,-1.000,+0.000,1100,0,
1785512806.3008,2026-07-31T11:46:46.300,202.673,2041,,,,0,,,,0.7683,-159.16,0.6702,-3039.16,1,45.0,joystick,+0.000,+0.000,-1.000,+0.000,1100,0,
1785512806.4005,2026-07-31T11:46:46.400,202.772,2042,,,,0,,,,0.7323,-159.94,0.6342,-3039.94,1,45.0,joystick,+0.000,+0.000,-1.000,+0.000,1100,0,
1785512806.4998,2026-07-31T11:46:46.499,202.871,2043,,,,0,,,,0.6824,-159.98,0.5843,-3039.98,1,45.0,joystick,+0.000,+0.000,-1.000,+0.000,1100,0,
1785512806.5995,2026-07-31T11:46:46.599,202.971,2044,,,,0,,,,0.6733,-159.06,0.5751,-3039.06,1,45.0,joystick,+0.000,+0.000,-1.000,+0.000,1100,0,
1785512806.6987,2026-07-31T11:46:46.698,203.070,2045,,,,0,,,,0.5790,-157.17,0.4809,-3037.17,1,45.0,joystick,+0.000,+0.000,-1.000,+0.000,1100,0,
1785512806.8001,2026-07-31T11:46:46.800,203.172,2046,,,,0,,,,0.5835,-155.38,0.4853,-3035.38,1,45.0,joystick,+0.000,+0.000,-1.000,+0.000,1100,0,
1785512806.9006,2026-07-31T11:46:46.900,203.272,2047,,,,0,,,,0.5643,-154.23,0.4662,-3034.23,1,45.0,joystick,+0.000,+0.000,-1.000,+0.000,1100,0,
1785512806.9992,2026-07-31T11:46:46.999,203.371,2048,,,,0,,,,0.5351,-151.33,0.4370,-3031.33,1,45.0,joystick,+0.000,+0.000,-1.000,+0.000,1100,0,
1785512807.0984,2026-07-31T11:46:47.098,203.470,2049,,,,0,,,,0.5084,-149.78,0.4102,-3029.78,1,45.0,joystick,+0.000,+0.000,-1.000,+0.000,1100,0,
1785512807.1996,2026-07-31T11:46:47.199,203.571,2050,,,,0,,,,0.4670,-148.33,0.3689,-3028.33,1,45.0,joystick,+0.000,+0.000,-1.000,+0.000,1100,0,
1785512807.2979,2026-07-31T11:46:47.297,203.670,2051,,,,0,,,,0.4087,-147.71,0.3106,-3027.71,1,45.0,joystick,+0.000,+0.000,-1.000,+0.000,1100,0,
1785512807.3977,2026-07-31T11:46:47.397,203.769,2052,,,,0,,,,0.3600,-147.61,0.2619,-3027.61,1,45.0,joystick,+0.000,+0.000,-1.000,+0.000,1100,0,
1785512807.4951,2026-07-31T11:46:47.495,203.867,2053,,,,0,,,,0.3305,-148.75,0.2324,-3028.75,1,45.0,joystick,+0.000,+0.000,-1.000,+0.000,1100,0,
1785512807.5947,2026-07-31T11:46:47.594,203.966,2054,,,,0,,,,0.3083,-149.45,0.2102,-3029.45,1,45.0,joystick,+0.000,+0.000,-1.000,+0.000,1100,0,
1785512807.6949,2026-07-31T11:46:47.694,204.067,2055,,,,0,,,,0.2519,-150.40,0.1538,-3030.40,1,45.0,joystick,+0.000,+0.000,-1.000,+0.000,1100,0,
1785512807.7954,2026-07-31T11:46:47.795,204.167,2056,,,,0,,,,0.2441,-150.10,0.1460,-3030.10,1,45.0,joystick,+0.000,+0.000,-1.000,+0.000,1100,0,
1785512807.8941,2026-07-31T11:46:47.894,204.266,2057,,,,0,,,,0.2130,-149.88,0.1149,-3029.88,1,45.0,joystick,+0.000,+0.000,-1.000,+0.000,1100,0,
1785512807.9936,2026-07-31T11:46:47.993,204.365,2058,,,,0,,,,0.1960,-149.60,0.0978,-3029.60,1,45.0,joystick,+0.000,+0.000,-1.000,+0.000,1100,0,
1785512808.0938,2026-07-31T11:46:48.093,204.465,2059,,,,0,,,,0.1651,-149.59,0.0669,-3029.59,1,45.0,joystick,+0.000,+0.000,-1.000,+0.000,1100,0,
1785512808.1933,2026-07-31T11:46:48.193,204.565,2060,,,,0,,,,0.1439,-150.45,0.0458,-3030.45,1,45.0,joystick,+0.000,+0.000,-1.000,+0.000,1100,0,
1785512808.2924,2026-07-31T11:46:48.292,204.664,2061,,,,0,,,,0.1107,-151.19,0.0126,-3031.19,1,45.0,joystick,+0.000,+0.000,-1.000,+0.000,1100,0,
1785512808.3909,2026-07-31T11:46:48.390,204.763,2062,,,,0,,,,0.0958,-151.33,-0.0024,-3031.33,1,45.0,joystick,+0.000,+0.000,-1.000,+0.000,1100,0,
1785512808.4902,2026-07-31T11:46:48.490,204.862,2063,,,,0,,,,0.0734,-150.84,-0.0248,-3030.84,1,45.0,joystick,+0.000,+0.000,-1.000,+0.000,1100,0,
1785512808.5893,2026-07-31T11:46:48.589,204.961,2064,,,,0,,,,0.0537,-150.59,-0.0444,-3030.59,1,45.0,joystick,+0.000,+0.000,-1.000,+0.000,1100,0,
1785512808.6881,2026-07-31T11:46:48.688,205.060,2065,,,,0,,,,0.0333,-150.04,-0.0649,-3030.04,1,45.0,joystick,+0.000,+0.000,-1.000,+0.000,1100,0,
1785512808.7880,2026-07-31T11:46:48.787,205.160,2066,,,,0,,,,0.0084,-149.94,-0.0897,-3029.94,1,45.0,joystick,+0.000,+0.000,-1.000,+0.000,1100,0,
1785512808.8873,2026-07-31T11:46:48.887,205.259,2067,,,,0,,,,-0.0166,-149.01,-0.1147,-3029.01,1,45.0,joystick,+0.000,+0.000,-1.000,+0.000,1100,0,
1785512808.9866,2026-07-31T11:46:48.986,205.358,2068,,,,0,,,,-0.0185,-147.76,-0.1167,-3027.76,1,45.0,joystick,+0.000,+0.000,-1.000,+0.000,1100,0,
1785512809.0858,2026-07-31T11:46:49.085,205.457,2069,,,,0,,,,-0.0348,-147.33,-0.1329,-3027.33,1,45.0,joystick,+0.000,+0.000,-1.000,+0.000,1100,0,
1785512809.1855,2026-07-31T11:46:49.185,205.557,2070,,,,0,,,,-0.0404,-145.29,-0.1385,-3025.29,1,45.0,joystick,+0.000,+0.000,-1.000,+0.000,1100,0,
1785512809.2851,2026-07-31T11:46:49.285,205.657,2071,,,,0,,,,-0.0487,-144.06,-0.1469,-3024.06,1,45.0,joystick,+0.000,+0.000,-1.000,+0.000,1100,0,
1785512809.3845,2026-07-31T11:46:49.384,205.756,2072,,,,0,,,,-0.0503,-142.04,-0.1485,-3022.04,1,45.0,joystick,+0.000,+0.000,-1.000,+0.000,1100,0,
1785512809.4836,2026-07-31T11:46:49.483,205.855,2073,,,,0,,,,-0.0364,-139.56,-0.1346,-3019.56,1,45.0,joystick,+0.000,+0.000,-1.000,+0.000,1100,0,
1785512809.5836,2026-07-31T11:46:49.583,205.955,2074,,,,0,,,,-0.0362,-138.25,-0.1343,-3018.25,1,45.0,joystick,+0.000,+0.000,-1.000,+0.000,1100,0,
1785512809.6827,2026-07-31T11:46:49.682,206.054,2075,,,,0,,,,-0.0428,-134.23,-0.1409,-3014.23,1,45.0,joystick,+0.000,+0.000,-1.000,+0.000,1100,0,
1785512809.7813,2026-07-31T11:46:49.781,206.153,2076,,,,0,,,,-0.0447,-131.24,-0.1428,-3011.24,1,45.0,joystick,+0.000,+0.000,-1.000,+0.000,1100,0,
1785512809.8807,2026-07-31T11:46:49.880,206.252,2077,,,,0,,,,-0.0790,-127.03,-0.1771,-3007.03,1,45.0,joystick,+0.000,+0.000,-1.000,+0.000,1100,0,
1785512809.9796,2026-07-31T11:46:49.979,206.351,2078,,,,0,,,,-0.0869,-126.18,-0.1850,-3006.18,1,45.0,joystick,+0.000,+0.000,-1.000,+0.000,1100,0,
1785512810.0782,2026-07-31T11:46:50.078,206.450,2079,,,,0,,,,-0.0898,-126.45,-0.1880,-3006.45,1,45.0,joystick,+0.000,+0.000,-1.000,+0.000,1100,0,
1785512810.1775,2026-07-31T11:46:50.177,206.549,2080,,,,0,,,,-0.0911,-128.48,-0.1892,-3008.48,1,45.0,joystick,+0.000,+0.000,-1.000,+0.000,1100,0,
1785512810.2761,2026-07-31T11:46:50.276,206.648,2081,,,,0,,,,-0.0915,-129.84,-0.1896,-3009.84,1,45.0,joystick,+0.000,+0.000,-1.000,+0.000,1100,0,
1785512810.3755,2026-07-31T11:46:50.375,206.747,2082,,,,0,,,,-0.0899,-130.37,-0.1880,-3010.37,1,45.0,joystick,+0.000,+0.000,+0.000,+0.000,1100,0,
1785512810.4747,2026-07-31T11:46:50.474,206.846,2083,,,,0,,,,-0.0893,-128.74,-0.1874,-3008.74,1,45.0,joystick,+0.000,+0.000,+0.000,+0.000,1100,0,
1785512810.5736,2026-07-31T11:46:50.573,206.945,2084,,,,0,,,,-0.0921,-124.56,-0.1903,-3004.56,1,45.0,joystick,+0.000,+0.000,+0.000,+0.000,1100,0,
1785512810.6730,2026-07-31T11:46:50.672,207.045,2085,,,,0,,,,-0.0925,-121.33,-0.1906,-3001.33,1,45.0,joystick,+0.000,+0.000,+0.000,+0.000,1100,0,
1785512810.7726,2026-07-31T11:46:50.772,207.144,2086,,,,0,,,,-0.0901,-121.26,-0.1882,-3001.26,1,45.0,joystick,+0.000,+0.000,+0.000,+0.000,1100,0,
1785512810.8718,2026-07-31T11:46:50.871,207.244,2087,,,,0,,,,-0.0946,-123.30,-0.1927,-3003.30,1,45.0,joystick,+0.000,+0.000,+0.000,+0.000,1100,0,
1785512810.9711,2026-07-31T11:46:50.971,207.343,2088,,,,0,,,,-0.0951,-125.50,-0.1932,-3005.50,1,45.0,joystick,+0.000,+0.000,+0.000,+0.000,1100,0,
1785512811.0708,2026-07-31T11:46:51.070,207.443,2089,,,,0,,,,-0.0956,-128.28,-0.1937,-3008.28,1,45.0,joystick,+0.000,+0.000,+0.000,+0.000,1100,0,
1785512811.1704,2026-07-31T11:46:51.170,207.542,2090,,,,0,,,,-0.0970,-131.80,-0.1951,-3011.80,1,45.0,joystick,+0.000,+0.000,+0.000,+0.000,1100,0,
1785512811.2693,2026-07-31T11:46:51.269,207.641,2091,,,,0,,,,-0.0917,-134.73,-0.1898,-3014.73,1,45.0,joystick,+0.000,+0.000,+0.000,+0.000,1100,0,
1785512811.3686,2026-07-31T11:46:51.368,207.740,2092,,,,0,,,,-0.0959,-137.47,-0.1941,-3017.47,1,45.0,joystick,+0.000,+0.000,+0.000,+0.000,1100,0,
1785512811.4671,2026-07-31T11:46:51.467,207.839,2093,,,,0,,,,-0.0937,-140.33,-0.1919,-3020.33,1,45.0,joystick,+0.000,+0.000,+0.000,+0.000,1100,0,
1785512811.5663,2026-07-31T11:46:51.566,207.938,2094,,,,0,,,,-0.0911,-147.82,-0.1893,-3027.82,1,45.0,joystick,+0.000,+0.000,+0.000,+0.000,1100,0,
1785512811.6654,2026-07-31T11:46:51.665,208.037,2095,,,,0,,,,-0.0868,-154.52,-0.1850,-3034.52,1,45.0,joystick,+0.000,+0.000,+0.000,+0.000,1100,0,
1785512811.7645,2026-07-31T11:46:51.764,208.136,2096,,,,0,,,,-0.0859,-156.31,-0.1840,-3036.31,1,45.0,joystick,+0.000,+0.000,+0.000,+0.000,1100,0,
1785512811.8639,2026-07-31T11:46:51.863,208.236,2097,,,,0,,,,-0.0895,-155.61,-0.1876,-3035.61,1,45.0,joystick,+0.000,+0.000,+0.000,+0.000,1100,0,
1785512811.9635,2026-07-31T11:46:51.963,208.335,2098,,,,0,,,,-0.0924,-154.82,-0.1906,-3034.82,1,45.0,joystick,+0.000,+0.000,+0.000,+0.000,1100,0,
1785512812.0634,2026-07-31T11:46:52.063,208.435,2099,,,,0,,,,-0.0913,-152.68,-0.1894,-3032.68,1,45.0,joystick,+0.000,+0.000,+0.000,+0.000,1100,0,
1785512812.1620,2026-07-31T11:46:52.162,208.534,2100,,,,0,,,,-0.0905,-151.87,-0.1886,-3031.87,1,45.0,joystick,+0.000,+0.000,+0.000,+0.000,1100,0,
1785512812.2619,2026-07-31T11:46:52.261,208.634,2101,,,,0,,,,-0.0958,-151.27,-0.1940,-3031.27,1,45.0,joystick,+0.000,+0.000,+0.000,+0.000,1100,0,
1785512812.3607,2026-07-31T11:46:52.360,208.732,2102,,,,0,,,,-0.0886,-150.60,-0.1867,-3030.60,1,45.0,joystick,+0.000,+0.000,+0.000,+0.000,1100,0,
1785512812.4596,2026-07-31T11:46:52.459,208.831,2103,,,,0,,,,-0.0937,-150.62,-0.1918,-3030.62,1,45.0,joystick,+0.000,+0.000,+0.000,+0.000,1100,0,
1785512812.5583,2026-07-31T11:46:52.558,208.930,2104,,,,0,,,,-0.0910,-151.47,-0.1891,-3031.47,1,45.0,joystick,+0.000,+0.000,+0.000,+0.000,1100,0,
1785512812.6574,2026-07-31T11:46:52.657,209.029,2105,,,,0,,,,-0.0934,-152.92,-0.1915,-3032.92,1,45.0,joystick,+0.000,+0.000,+0.000,+0.000,1100,0,
1785512812.7565,2026-07-31T11:46:52.756,209.128,2106,,,,0,,,,-0.0952,-155.94,-0.1934,-3035.94,1,45.0,joystick,+0.000,+0.000,+0.000,+0.000,1100,0,
1785512812.8557,2026-07-31T11:46:52.855,209.227,2107,,,,0,,,,-0.0959,-159.00,-0.1941,-3039.00,1,45.0,joystick,+0.000,+0.000,+0.000,+0.000,1100,0,
1785512812.9548,2026-07-31T11:46:52.954,209.326,2108,,,,0,,,,-0.0946,-160.26,-0.1928,-3040.26,1,45.0,joystick,+0.000,+0.000,+0.000,+0.000,1100,0,
1785512813.0539,2026-07-31T11:46:53.053,209.426,2109,,,,0,,,,-0.0887,-163.51,-0.1869,-3043.51,1,45.0,joystick,+0.000,+0.000,+0.000,+0.000,1100,0,
1785512813.1536,2026-07-31T11:46:53.153,209.525,2110,,,,0,,,,-0.0956,-164.85,-0.1938,-3044.85,1,45.0,joystick,+0.000,+0.000,+0.000,+0.000,1100,0,
1785512813.2527,2026-07-31T11:46:53.252,209.624,2111,,,,0,,,,-0.0945,-169.45,-0.1927,-3049.45,1,45.0,joystick,+0.000,+0.000,+0.000,+0.000,1100,0,
1785512813.3540,2026-07-31T11:46:53.353,209.726,2112,,,,0,,,,-0.0955,-172.60,-0.1936,-3052.60,1,45.0,joystick,+0.000,+0.000,+0.000,+0.000,1100,0,
1785512813.4548,2026-07-31T11:46:53.454,209.827,2113,,,,0,,,,-0.0962,-178.82,-0.1943,-3058.82,1,45.0,joystick,+0.000,+0.000,+0.000,+0.000,1100,0,
1785512813.5548,2026-07-31T11:46:53.554,209.926,2114,,,,0,,,,-0.0950,176.25,-0.1931,-3063.75,1,45.0,joystick,+0.000,+0.000,+0.000,+0.000,1100,0,
1785512813.6538,2026-07-31T11:46:53.653,210.025,2115,,,,0,,,,-0.0962,174.99,-0.1943,-3065.01,1,45.0,joystick,+0.000,+0.000,+0.000,+0.000,1100,0,
1785512813.7531,2026-07-31T11:46:53.753,210.125,2116,,,,0,,,,-0.0928,173.44,-0.1910,-3066.56,1,45.0,joystick,+0.000,+0.000,+0.000,+0.000,1100,0,
1785512813.8527,2026-07-31T11:46:53.852,210.224,2117,,,,0,,,,-0.0975,174.15,-0.1957,-3065.85,1,45.0,joystick,+0.000,+0.000,+0.000,+0.000,1100,0,
1785512813.9519,2026-07-31T11:46:53.951,210.324,2118,,,,0,,,,-0.0954,-178.48,-0.1935,-3058.48,1,45.0,joystick,+0.000,+0.000,+0.000,+0.000,1100,0,
1785512814.0508,2026-07-31T11:46:54.050,210.422,2119,,,,0,,,,-0.0959,-163.79,-0.1940,-3043.79,1,45.0,joystick,+0.000,+0.000,+0.000,+0.000,1100,0,
1785512814.1494,2026-07-31T11:46:54.149,210.521,2120,,,,0,,,,-0.0965,-156.04,-0.1947,-3036.04,1,45.0,joystick,+0.000,+0.000,+0.000,+0.000,1100,0,
1785512814.2485,2026-07-31T11:46:54.248,210.620,2121,,,,0,,,,-0.0950,-141.39,-0.1931,-3021.39,1,45.0,joystick,+0.000,+0.000,+0.000,+0.000,1100,0,
1785512814.3472,2026-07-31T11:46:54.347,210.719,2122,,,,0,,,,-0.0935,-135.53,-0.1917,-3015.53,1,45.0,joystick,+0.000,+0.000,+0.000,+0.000,1100,0,
1785512814.4464,2026-07-31T11:46:54.446,210.818,2123,,,,0,,,,-0.0921,-129.37,-0.1903,-3009.37,1,45.0,joystick,+0.000,+0.000,+0.000,+0.000,1100,0,
1785512814.5462,2026-07-31T11:46:54.546,210.918,2124,,,,0,,,,-0.0907,-125.61,-0.1888,-3005.61,1,45.0,joystick,+0.000,+0.000,+0.000,+0.000,1100,0,
1785512814.6455,2026-07-31T11:46:54.645,211.017,2125,,,,0,,,,-0.0940,-123.61,-0.1922,-3003.61,1,45.0,joystick,+0.000,+0.000,+0.000,+0.000,1100,0,
1785512814.7445,2026-07-31T11:46:54.744,211.116,2126,,,,0,,,,-0.0925,-119.56,-0.1906,-2999.56,1,45.0,joystick,+0.000,+0.000,+0.000,+0.000,1100,0,
1785512814.8446,2026-07-31T11:46:54.844,211.216,2127,,,,0,,,,-0.0905,-117.63,-0.1886,-2997.63,1,45.0,joystick,+0.000,+0.000,+0.000,+0.000,1100,0,
1785512814.9441,2026-07-31T11:46:54.944,211.316,2128,,,,0,,,,-0.0925,-114.55,-0.1906,-2994.55,1,45.0,joystick,+0.000,+0.000,+0.000,+0.000,1100,0,
1785512815.0438,2026-07-31T11:46:55.043,211.415,2129,,,,0,,,,-0.0886,-109.46,-0.1867,-2989.46,1,45.0,joystick,+0.000,+0.000,+0.000,+0.000,1100,0,
1785512815.1429,2026-07-31T11:46:55.142,211.515,2130,,,,0,,,,-0.0875,-107.32,-0.1856,-2987.32,1,45.0,joystick,+0.000,+0.000,+0.000,+0.000,1100,0,
1785512815.2439,2026-07-31T11:46:55.243,211.616,2131,,,,0,,,,-0.0924,-105.10,-0.1905,-2985.10,1,45.0,joystick,+0.000,+0.000,+0.000,+0.000,1100,0,
1785512815.3440,2026-07-31T11:46:55.344,211.716,2132,,,,0,,,,-0.0923,-103.62,-0.1904,-2983.62,1,45.0,joystick,+0.000,+0.000,+0.000,+0.000,1100,0,
1785512815.4435,2026-07-31T11:46:55.443,211.815,2133,,,,0,,,,-0.0910,-105.32,-0.1892,-2985.32,1,45.0,joystick,+0.000,+0.000,+0.000,+0.000,1100,0,
1785512815.5428,2026-07-31T11:46:55.542,211.914,2134,,,,0,,,,-0.0904,-111.79,-0.1885,-2991.79,1,45.0,joystick,+0.000,+0.000,+0.000,+0.000,1100,0,
1785512815.6417,2026-07-31T11:46:55.641,212.013,2135,,,,0,,,,-0.0887,-117.11,-0.1869,-2997.11,1,45.0,joystick,+0.000,+0.000,+0.000,+0.000,1100,0,
1785512815.7422,2026-07-31T11:46:55.742,212.114,2136,,,,0,,,,-0.0882,-124.93,-0.1864,-3004.93,1,45.0,joystick,+0.000,+0.000,+0.000,+0.000,1100,0,
1785512815.8426,2026-07-31T11:46:55.842,212.214,2137,,,,0,,,,-0.0887,-127.31,-0.1868,-3007.31,1,45.0,joystick,+0.000,+0.000,+0.000,+0.000,1100,0,
1785512815.9419,2026-07-31T11:46:55.941,212.314,2138,,,,0,,,,-0.0934,-131.26,-0.1915,-3011.26,1,45.0,joystick,+0.000,+0.000,+0.000,+0.000,1100,0,
1785512816.0408,2026-07-31T11:46:56.040,212.413,2139,,,,0,,,,-0.0904,-133.94,-0.1885,-3013.94,1,45.0,joystick,+0.000,+0.000,+0.000,+0.000,1100,0,
1785512816.1394,2026-07-31T11:46:56.139,212.511,2140,,,,0,,,,-0.0892,-137.16,-0.1873,-3017.16,1,45.0,joystick,+0.000,+0.000,+0.000,+0.000,1100,0,
1785512816.2390,2026-07-31T11:46:56.239,212.611,2141,,,,0,,,,-0.0922,-132.48,-0.1904,-3012.48,1,45.0,joystick,+0.000,+0.000,+0.000,+0.000,1100,0,
1785512816.3384,2026-07-31T11:46:56.338,212.710,2142,,,,0,,,,-0.0894,-130.05,-0.1875,-3010.05,1,45.0,joystick,+0.000,+0.000,+0.000,+0.000,1100,0,
1785512816.4374,2026-07-31T11:46:56.437,212.809,2143,,,,0,,,,-0.0944,-128.37,-0.1925,-3008.37,1,45.0,joystick,+0.000,+0.000,+0.000,+0.000,1100,0,
1785512816.5362,2026-07-31T11:46:56.536,212.908,2144,,,,0,,,,-0.0950,-131.99,-0.1931,-3011.99,1,45.0,joystick,+0.000,+0.000,+0.000,+0.000,1100,0,
1785512816.6371,2026-07-31T11:46:56.637,213.009,2145,,,,0,,,,-0.0929,-144.81,-0.1910,-3024.81,1,45.0,joystick,+0.000,+0.000,+0.000,+0.000,1100,0,
1785512816.7366,2026-07-31T11:46:56.736,213.108,2146,,,,0,,,,-0.0904,-144.04,-0.1886,-3024.04,1,45.0,joystick,+0.000,+0.000,+0.000,+0.000,1100,0,
1785512816.8363,2026-07-31T11:46:56.836,213.208,2147,,,,0,,,,-0.0898,-143.44,-0.1879,-3023.44,1,45.0,joystick,+0.000,+0.000,+0.000,+0.000,1100,0,
1785512816.9362,2026-07-31T11:46:56.936,213.308,2148,,,,0,,,,-0.0906,-143.74,-0.1888,-3023.74,1,45.0,joystick,+0.000,+0.000,+0.000,+0.000,1100,0,
1785512817.0354,2026-07-31T11:46:57.035,213.407,2149,,,,0,,,,-0.0947,-143.66,-0.1928,-3023.66,1,45.0,joystick,+0.000,+0.000,+0.000,+0.000,1100,0,
1785512817.1351,2026-07-31T11:46:57.135,213.507,2150,,,,0,,,,-0.0907,-139.09,-0.1889,-3019.09,1,45.0,joystick,+0.000,+0.000,+0.000,+0.000,1100,0,
1785512817.2349,2026-07-31T11:46:57.234,213.607,2151,,,,0,,,,-0.0902,-132.94,-0.1883,-3012.94,1,45.0,joystick,+0.000,+0.000,+0.000,+0.000,1100,0,
1785512817.3337,2026-07-31T11:46:57.333,213.705,2152,,,,0,,,,-0.0914,-133.51,-0.1896,-3013.51,1,45.0,joystick,+0.000,+0.000,+0.000,+0.000,1100,0,
1785512817.4329,2026-07-31T11:46:57.432,213.805,2153,,,,0,,,,-0.0903,-138.47,-0.1885,-3018.47,1,45.0,joystick,+0.000,+0.000,+0.000,+0.000,1100,0,
1785512817.5314,2026-07-31T11:46:57.531,213.903,2154,,,,0,,,,-0.0859,-142.22,-0.1841,-3022.22,1,45.0,idle,+0.000,+0.000,+0.000,+0.000,1100,0,
1785512817.6305,2026-07-31T11:46:57.630,214.002,2155,,,,0,,,,-0.0908,-144.96,-0.1889,-3024.96,1,45.0,idle,+0.000,+0.000,+0.000,+0.000,1100,0,
1785512817.7304,2026-07-31T11:46:57.730,214.102,2156,,,,0,,,,-0.0883,-146.50,-0.1864,-3026.50,1,45.0,idle,+0.000,+0.000,+0.000,+0.000,1100,0,
1785512817.8297,2026-07-31T11:46:57.829,214.201,2157,,,,0,,,,-0.0896,-147.39,-0.1877,-3027.39,1,45.0,idle,+0.000,+0.000,+0.000,+0.000,1100,0,
1785512817.9288,2026-07-31T11:46:57.928,214.300,2158,,,,0,,,,-0.0871,-148.71,-0.1852,-3028.71,1,45.0,idle,+0.000,+0.000,+0.000,+0.000,1100,0,
1785512818.0280,2026-07-31T11:46:58.028,214.400,2159,,,,0,,,,-0.0919,-150.27,-0.1901,-3030.27,1,45.0,idle,+0.000,+0.000,+0.000,+0.000,1100,0,
1785512818.1271,2026-07-31T11:46:58.127,214.499,2160,,,,0,,,,-0.0867,-151.52,-0.1849,-3031.52,1,45.0,idle,+0.000,+0.000,+0.000,+0.000,1100,0,
1785512818.2267,2026-07-31T11:46:58.226,214.598,2161,,,,0,,,,-0.0873,-150.49,-0.1855,-3030.49,1,45.0,idle,+0.000,+0.000,+0.000,+0.000,1100,0,
1785512818.3259,2026-07-31T11:46:58.325,214.698,2162,,,,0,,,,-0.0869,-149.32,-0.1851,-3029.32,1,45.0,idle,+0.000,+0.000,+0.000,+0.000,1100,0,
1785512818.4248,2026-07-31T11:46:58.424,214.797,2163,,,,0,,,,-0.0848,-144.94,-0.1829,-3024.94,1,45.0,idle,+0.000,+0.000,+0.000,+0.000,1100,0,
1785512818.5236,2026-07-31T11:46:58.523,214.895,2164,,,,0,,,,-0.0907,-143.63,-0.1889,-3023.63,1,45.0,idle,+0.000,+0.000,+0.000,+0.000,1100,0,
1785512818.6226,2026-07-31T11:46:58.622,214.994,2165,,,,0,,,,-0.0926,-145.28,-0.1907,-3025.28,1,45.0,idle,+0.000,+0.000,+0.000,+0.000,1100,0,
1785512818.7217,2026-07-31T11:46:58.721,215.093,2166,,,,0,,,,-0.0822,-145.85,-0.1804,-3025.85,1,45.0,idle,+0.000,+0.000,+0.000,+0.000,1100,0,
1785512818.8210,2026-07-31T11:46:58.821,215.193,2167,,,,0,,,,-0.0912,-142.92,-0.1893,-3022.92,1,45.0,idle,+0.000,+0.000,+0.000,+0.000,1100,0,
1785512818.9203,2026-07-31T11:46:58.920,215.292,2168,,,,0,,,,-0.0863,-142.18,-0.1844,-3022.18,1,45.0,idle,+0.000,+0.000,+0.000,+0.000,1100,0,
1785512819.0194,2026-07-31T11:46:59.019,215.391,2169,,,,0,,,,-0.0870,-142.41,-0.1852,-3022.41,1,45.0,idle,+0.000,+0.000,+0.000,+0.000,1100,0,
1785512819.1191,2026-07-31T11:46:59.119,215.491,2170,,,,0,,,,-0.0848,-139.15,-0.1830,-3019.15,1,45.0,idle,+0.000,+0.000,+0.000,+0.000,1100,0,
1785512819.2190,2026-07-31T11:46:59.218,215.591,2171,,,,0,,,,-0.0888,-136.97,-0.1869,-3016.97,1,45.0,idle,+0.000,+0.000,+0.000,+0.000,1100,0,
1785512819.3178,2026-07-31T11:46:59.317,215.689,2172,,,,0,,,,-0.0926,-136.15,-0.1908,-3016.15,1,45.0,idle,+0.000,+0.000,+0.000,+0.000,1100,0,
1785512819.4166,2026-07-31T11:46:59.416,215.788,2173,,,,0,,,,-0.0856,-133.56,-0.1838,-3013.56,1,45.0,idle,+0.000,+0.000,+0.000,+0.000,1100,0,
1785512819.5163,2026-07-31T11:46:59.516,215.888,2174,,,,0,,,,-0.0900,-124.74,-0.1881,-3004.74,1,45.0,idle,+0.000,+0.000,+0.000,+0.000,1100,0,
1785512819.6153,2026-07-31T11:46:59.615,215.987,2175,,,,0,,,,-0.0855,-124.29,-0.1836,-3004.29,1,45.0,idle,+0.000,+0.000,+0.000,+0.000,1100,0,
1785512819.7151,2026-07-31T11:46:59.715,216.087,2176,,,,0,,,,-0.0923,-126.48,-0.1905,-3006.48,1,45.0,idle,+0.000,+0.000,+0.000,+0.000,1100,0,
1785512819.8164,2026-07-31T11:46:59.816,216.188,2177,,,,0,,,,-0.0868,-130.55,-0.1850,-3010.55,1,45.0,idle,+0.000,+0.000,+0.000,+0.000,1100,0,
1785512819.9158,2026-07-31T11:46:59.915,216.288,2178,,,,0,,,,-0.0909,-132.06,-0.1890,-3012.06,1,45.0,idle,+0.000,+0.000,+0.000,+0.000,1100,0,
1785512820.0150,2026-07-31T11:47:00.014,216.387,2179,,,,0,,,,-0.0864,-133.87,-0.1846,-3013.87,1,45.0,idle,+0.000,+0.000,+0.000,+0.000,1100,0,
1785512820.1143,2026-07-31T11:47:00.114,216.486,2180,,,,0,,,,-0.0885,-137.40,-0.1867,-3017.40,1,45.0,idle,+0.000,+0.000,+0.000,+0.000,1100,0,
1785512820.2136,2026-07-31T11:47:00.213,216.585,2181,,,,0,,,,-0.0911,-136.26,-0.1892,-3016.26,1,45.0,idle,+0.000,+0.000,+0.000,+0.000,1100,0,
1785512820.3127,2026-07-31T11:47:00.312,216.684,2182,,,,0,,,,-0.0874,-131.97,-0.1856,-3011.97,1,45.0,idle,+0.000,+0.000,+0.000,+0.000,1100,0,
1785512820.4125,2026-07-31T11:47:00.412,216.784,2183,,,,0,,,,-0.0858,-128.77,-0.1839,-3008.77,1,45.0,idle,+0.000,+0.000,+0.000,+0.000,1100,0,
1785512820.5112,2026-07-31T11:47:00.511,216.883,2184,,,,0,,,,-0.0874,-124.26,-0.1855,-3004.26,1,45.0,idle,+0.000,+0.000,+0.000,+0.000,1100,0,
1785512820.6108,2026-07-31T11:47:00.610,216.983,2185,,,,0,,,,-0.0896,-128.73,-0.1877,-3008.73,1,45.0,idle,+0.000,+0.000,+0.000,+0.000,1100,0,
1785512820.7094,2026-07-31T11:47:00.709,217.081,2186,,,,0,,,,-0.0911,-131.14,-0.1892,-3011.14,1,45.0,idle,+0.000,+0.000,+0.000,+0.000,1100,0,
1785512820.8084,2026-07-31T11:47:00.808,217.180,2187,,,,0,,,,-0.0841,-133.45,-0.1822,-3013.45,1,45.0,idle,+0.000,+0.000,+0.000,+0.000,1100,0,
1785512820.9078,2026-07-31T11:47:00.907,217.279,2188,,,,0,,,,-0.0887,-135.91,-0.1869,-3015.91,1,45.0,idle,+0.000,+0.000,+0.000,+0.000,1100,0,
1785512821.0067,2026-07-31T11:47:01.006,217.378,2189,,,,0,,,,-0.0854,-137.55,-0.1835,-3017.55,1,45.0,idle,+0.000,+0.000,+0.000,+0.000,1100,0,
1785512821.1060,2026-07-31T11:47:01.106,217.478,2190,,,,0,,,,-0.0916,-132.36,-0.1898,-3012.36,1,45.0,idle,+0.000,+0.000,+0.000,+0.000,1100,0,
1785512821.2050,2026-07-31T11:47:01.204,217.577,2191,,,,0,,,,-0.0841,-133.78,-0.1822,-3013.78,1,45.0,idle,+0.000,+0.000,+0.000,+0.000,1100,0,
1785512821.3038,2026-07-31T11:47:01.303,217.676,2192,,,,0,,,,-0.0839,-135.99,-0.1820,-3015.99,1,45.0,idle,+0.000,+0.000,+0.000,+0.000,1100,0,
1785512821.4030,2026-07-31T11:47:01.402,217.775,2193,,,,0,,,,-0.0882,-132.36,-0.1863,-3012.36,1,45.0,idle,+0.000,+0.000,+0.000,+0.000,1100,0,
1785512821.5026,2026-07-31T11:47:01.502,217.874,2194,,,,0,,,,-0.0884,-126.08,-0.1865,-3006.08,1,45.0,idle,+0.000,+0.000,+0.000,+0.000,1100,0,
1785512821.6027,2026-07-31T11:47:01.602,217.974,2195,,,,0,,,,-0.0873,-116.50,-0.1854,-2996.50,1,45.0,idle,+0.000,+0.000,+0.000,+0.000,1100,0,
1785512821.7017,2026-07-31T11:47:01.701,218.073,2196,,,,0,,,,-0.0856,-111.13,-0.1837,-2991.13,1,45.0,idle,+0.000,+0.000,+0.000,+0.000,1100,0,
1785512821.8009,2026-07-31T11:47:01.800,218.173,2197,,,,0,,,,-0.0864,-102.51,-0.1845,-2982.51,1,45.0,idle,+0.000,+0.000,+0.000,+0.000,1100,0,
1785512821.9003,2026-07-31T11:47:01.900,218.272,2198,,,,0,,,,-0.0835,-97.78,-0.1816,-2977.78,1,45.0,idle,+0.000,+0.000,+0.000,+0.000,1100,0,
1785512822.0001,2026-07-31T11:47:02.000,218.372,2199,,,,0,,,,-0.0830,-89.30,-0.1811,-2969.30,1,45.0,idle,+0.000,+0.000,+0.000,+0.000,1100,0,
1785512822.0988,2026-07-31T11:47:02.098,218.470,2200,,,,0,,,,-0.0839,-89.09,-0.1820,-2969.09,1,45.0,idle,+0.000,+0.000,+0.000,+0.000,1100,0,
1785512822.1977,2026-07-31T11:47:02.197,218.569,2201,,,,0,,,,-0.0827,-91.42,-0.1809,-2971.42,1,45.0,idle,+0.000,+0.000,+0.000,+0.000,1100,0,
1785512822.2967,2026-07-31T11:47:02.296,218.668,2202,,,,0,,,,-0.0866,-93.58,-0.1848,-2973.58,1,45.0,idle,+0.000,+0.000,+0.000,+0.000,1100,0,
1785512822.3954,2026-07-31T11:47:02.395,218.767,2203,,,,0,,,,-0.0797,-93.32,-0.1778,-2973.32,1,45.0,idle,+0.000,+0.000,+0.000,+0.000,1100,0,
1785512822.4938,2026-07-31T11:47:02.493,218.865,2204,,,,0,,,,-0.0798,-89.32,-0.1779,-2969.32,1,45.0,idle,+0.000,+0.000,+0.000,+0.000,1100,0,
1785512822.5927,2026-07-31T11:47:02.592,218.964,2205,,,,0,,,,-0.0834,-87.57,-0.1815,-2967.57,1,45.0,idle,+0.000,+0.000,+0.000,+0.000,1100,0,
1785512822.6919,2026-07-31T11:47:02.691,219.064,2206,,,,0,,,,-0.0830,-85.81,-0.1811,-2965.81,1,45.0,idle,+0.000,+0.000,+0.000,+0.000,1100,0,
1785512822.7910,2026-07-31T11:47:02.791,219.163,2207,,,,0,,,,-0.0818,-84.77,-0.1799,-2964.77,1,45.0,idle,+0.000,+0.000,+0.000,+0.000,1100,0,
1785512822.8905,2026-07-31T11:47:02.890,219.262,2208,,,,0,,,,-0.0852,-83.47,-0.1833,-2963.47,1,45.0,idle,+0.000,+0.000,+0.000,+0.000,1100,0,
1785512822.9902,2026-07-31T11:47:02.990,219.362,2209,,,,0,,,,-0.0835,-84.18,-0.1816,-2964.18,1,45.0,idle,+0.000,+0.000,+0.000,+0.000,1100,0,
1785512823.0892,2026-07-31T11:47:03.089,219.461,2210,,,,0,,,,-0.0792,-84.20,-0.1773,-2964.20,1,45.0,idle,+0.000,+0.000,+0.000,+0.000,1100,0,
1785512823.1878,2026-07-31T11:47:03.187,219.560,2211,,,,0,,,,-0.0784,-84.37,-0.1766,-2964.37,1,45.0,idle,+0.000,+0.000,+0.000,+0.000,1100,0,
1785512823.2872,2026-07-31T11:47:03.287,219.659,2212,,,,0,,,,-0.0814,-84.65,-0.1795,-2964.65,1,45.0,idle,+0.000,+0.000,+0.000,+0.000,1100,0,
1785512823.3854,2026-07-31T11:47:03.385,219.757,2213,,,,0,,,,-0.0801,-85.02,-0.1783,-2965.02,1,45.0,idle,+0.000,+0.000,+0.000,+0.000,1100,0,
1785512823.4846,2026-07-31T11:47:03.484,219.856,2214,,,,0,,,,-0.0811,-85.16,-0.1793,-2965.16,1,45.0,idle,+0.000,+0.000,+0.000,+0.000,1100,0,
1785512823.5845,2026-07-31T11:47:03.584,219.956,2215,,,,0,,,,-0.0786,-85.16,-0.1767,-2965.16,1,45.0,idle,+0.000,+0.000,+0.000,+0.000,1100,0,
1785512823.6837,2026-07-31T11:47:03.683,220.055,2216,,,,0,,,,-0.0800,-85.53,-0.1782,-2965.53,1,45.0,idle,+0.000,+0.000,+0.000,+0.000,1100,0,
1785512823.7826,2026-07-31T11:47:03.782,220.154,2217,,,,0,,,,-0.0774,-85.53,-0.1755,-2965.53,1,45.0,idle,+0.000,+0.000,+0.000,+0.000,1100,0,
1785512823.8816,2026-07-31T11:47:03.881,220.253,2218,,,,0,,,,-0.0759,-85.74,-0.1740,-2965.74,1,45.0,idle,+0.000,+0.000,+0.000,+0.000,1100,0,
1785512823.9807,2026-07-31T11:47:03.980,220.352,2219,,,,0,,,,-0.0785,-85.81,-0.1767,-2965.81,1,45.0,idle,+0.000,+0.000,+0.000,+0.000,1100,0,
1785512824.0806,2026-07-31T11:47:04.080,220.452,2220,,,,0,,,,-0.0803,-85.84,-0.1784,-2965.84,1,45.0,idle,+0.000,+0.000,+0.000,+0.000,1100,0,
1785512824.1800,2026-07-31T11:47:04.180,220.552,2221,,,,0,,,,-0.0766,-85.87,-0.1747,-2965.87,1,45.0,idle,+0.000,+0.000,+0.000,+0.000,1100,0,
1785512824.2789,2026-07-31T11:47:04.278,220.651,2222,,,,0,,,,-0.0782,-85.88,-0.1764,-2965.88,1,45.0,idle,+0.000,+0.000,+0.000,+0.000,1100,0,
1785512824.3778,2026-07-31T11:47:04.377,220.750,2223,,,,0,,,,-0.0772,-85.90,-0.1754,-2965.90,1,45.0,idle,+0.000,+0.000,+0.000,+0.000,1100,0,
1785512824.4775,2026-07-31T11:47:04.477,220.849,2224,,,,0,,,,-0.0779,-85.94,-0.1760,-2965.94,1,45.0,idle,+0.000,+0.000,+0.000,+0.000,1100,0,
1785512824.5767,2026-07-31T11:47:04.576,220.948,2225,,,,0,,,,-0.0800,-85.96,-0.1781,-2965.96,1,45.0,idle,+0.000,+0.000,+0.000,+0.000,1100,0,
1785512824.6758,2026-07-31T11:47:04.675,221.047,2226,,,,0,,,,-0.0758,-85.99,-0.1740,-2965.99,1,45.0,idle,+0.000,+0.000,+0.000,+0.000,1100,0,
1785512824.7746,2026-07-31T11:47:04.774,221.146,2227,,,,0,,,,-0.0745,-86.01,-0.1727,-2966.01,1,45.0,idle,+0.000,+0.000,+0.000,+0.000,1100,0,
1785512824.8751,2026-07-31T11:47:04.875,221.247,2228,,,,0,,,,-0.0778,-86.04,-0.1759,-2966.04,1,45.0,idle,+0.000,+0.000,+0.000,+0.000,1100,0,
1785512824.9738,2026-07-31T11:47:04.973,221.345,2229,,,,0,,,,-0.0770,-86.05,-0.1751,-2966.05,1,45.0,idle,+0.000,+0.000,+0.000,+0.000,1100,0,
1785512825.0754,2026-07-31T11:47:05.075,221.447,2230,,,,0,,,,-0.0760,-86.06,-0.1741,-2966.06,1,45.0,idle,+0.000,+0.000,+0.000,+0.000,1100,0,
1785512825.1747,2026-07-31T11:47:05.174,221.546,2231,,,,0,,,,-0.0746,-86.08,-0.1727,-2966.08,1,45.0,idle,+0.000,+0.000,+0.000,+0.000,1100,0,
1785512825.2736,2026-07-31T11:47:05.273,221.645,2232,,,,0,,,,-0.0754,-86.09,-0.1735,-2966.09,1,45.0,idle,+0.000,+0.000,+0.000,+0.000,1100,0,
1785512825.3727,2026-07-31T11:47:05.372,221.744,2233,,,,0,,,,-0.0738,-86.12,-0.1720,-2966.12,1,45.0,idle,+0.000,+0.000,+0.000,+0.000,1100,0,
1785512825.4722,2026-07-31T11:47:05.472,221.844,2234,,,,0,,,,-0.0695,-86.13,-0.1676,-2966.13,1,45.0,idle,+0.000,+0.000,+0.000,+0.000,1100,0,
1785512825.5714,2026-07-31T11:47:05.571,221.943,2235,,,,0,,,,-0.0737,-86.16,-0.1719,-2966.16,1,45.0,idle,+0.000,+0.000,+0.000,+0.000,1100,0,
1785512825.6722,2026-07-31T11:47:05.672,222.044,2236,,,,0,,,,-0.0748,-86.18,-0.1729,-2966.18,1,45.0,idle,+0.000,+0.000,+0.000,+0.000,1100,0,
1785512825.7713,2026-07-31T11:47:05.771,222.143,2237,,,,0,,,,-0.0718,-86.20,-0.1699,-2966.20,1,45.0,idle,+0.000,+0.000,+0.000,+0.000,1100,0,
1785512825.8717,2026-07-31T11:47:05.871,222.243,2238,,,,0,,,,-0.0711,-86.22,-0.1692,-2966.22,1,45.0,idle,+0.000,+0.000,+0.000,+0.000,1100,0,
1785512825.9709,2026-07-31T11:47:05.970,222.343,2239,,,,0,,,,-0.0708,-86.23,-0.1689,-2966.23,1,45.0,idle,+0.000,+0.000,+0.000,+0.000,1100,0,
1785512826.0701,2026-07-31T11:47:06.070,222.442,2240,,,,0,,,,-0.0712,-86.27,-0.1694,-2966.27,1,45.0,idle,+0.000,+0.000,+0.000,+0.000,1100,0,
1785512826.1689,2026-07-31T11:47:06.168,222.541,2241,,,,0,,,,-0.0691,-86.30,-0.1672,-2966.30,1,45.0,idle,+0.000,+0.000,+0.000,+0.000,1100,0,
1785512826.2685,2026-07-31T11:47:06.268,222.640,2242,,,,0,,,,-0.0741,-86.30,-0.1723,-2966.30,1,45.0,idle,+0.000,+0.000,+0.000,+0.000,1100,0,
1785512826.3679,2026-07-31T11:47:06.367,222.740,2243,,,,0,,,,-0.0694,-86.34,-0.1676,-2966.34,1,45.0,idle,+0.000,+0.000,+0.000,+0.000,1100,0,
1785512826.4669,2026-07-31T11:47:06.466,222.839,2244,,,,0,,,,-0.0723,-86.35,-0.1704,-2966.35,1,45.0,idle,+0.000,+0.000,+0.000,+0.000,1100,0,
1785512826.5658,2026-07-31T11:47:06.565,222.937,2245,,,,0,,,,-0.0681,-86.39,-0.1662,-2966.39,1,45.0,idle,+0.000,+0.000,+0.000,+0.000,1100,0,
1785512826.6648,2026-07-31T11:47:06.664,223.036,2246,,,,0,,,,-0.0693,-86.41,-0.1675,-2966.41,1,45.0,idle,+0.000,+0.000,+0.000,+0.000,1100,0,
1785512826.7644,2026-07-31T11:47:06.764,223.136,2247,,,,0,,,,-0.0702,-86.43,-0.1683,-2966.43,1,45.0,idle,+0.000,+0.000,+0.000,+0.000,1100,0,
1785512826.8643,2026-07-31T11:47:06.864,223.236,2248,,,,0,,,,-0.0656,-86.47,-0.1638,-2966.47,1,45.0,idle,+0.000,+0.000,+0.000,+0.000,1100,0,
1785512826.9644,2026-07-31T11:47:06.964,223.336,2249,,,,0,,,,-0.0697,-86.48,-0.1678,-2966.48,1,45.0,idle,+0.000,+0.000,+0.000,+0.000,1100,0,
1785512827.0647,2026-07-31T11:47:07.064,223.436,2250,,,,0,,,,-0.0721,-86.50,-0.1703,-2966.50,1,45.0,idle,+0.000,+0.000,+0.000,+0.000,1100,0,
1785512827.1641,2026-07-31T11:47:07.164,223.536,2251,,,,0,,,,-0.0695,-86.52,-0.1676,-2966.52,1,45.0,idle,+0.000,+0.000,+0.000,+0.000,1100,0,
1785512827.2630,2026-07-31T11:47:07.262,223.635,2252,,,,0,,,,-0.0680,-86.54,-0.1662,-2966.54,1,45.0,idle,+0.000,+0.000,+0.000,+0.000,1100,0,
1785512827.3635,2026-07-31T11:47:07.363,223.735,2253,,,,0,,,,-0.0688,-86.57,-0.1669,-2966.57,1,45.0,idle,+0.000,+0.000,+0.000,+0.000,1100,0,
1785512827.4633,2026-07-31T11:47:07.463,223.835,2254,,,,0,,,,-0.0653,-86.58,-0.1634,-2966.58,1,45.0,idle,+0.000,+0.000,+0.000,+0.000,1100,0,
1785512827.5622,2026-07-31T11:47:07.562,223.934,2255,,,,0,,,,-0.0636,-86.61,-0.1617,-2966.61,1,45.0,idle,+0.000,+0.000,+0.000,+0.000,1100,0,
1785512827.6609,2026-07-31T11:47:07.660,224.033,2256,,,,0,,,,-0.0665,-86.64,-0.1646,-2966.64,1,45.0,idle,+0.000,+0.000,+0.000,+0.000,1100,0,
1785512827.7597,2026-07-31T11:47:07.759,224.131,2257,,,,0,,,,-0.0706,-86.65,-0.1687,-2966.65,1,45.0,idle,+0.000,+0.000,+0.000,+0.000,1100,0,
1785512827.8588,2026-07-31T11:47:07.858,224.231,2258,,,,0,,,,-0.0635,-86.68,-0.1616,-2966.68,1,45.0,idle,+0.000,+0.000,+0.000,+0.000,1100,0,
1785512827.9582,2026-07-31T11:47:07.958,224.330,2259,,,,0,,,,-0.0659,-86.70,-0.1641,-2966.70,1,45.0,idle,+0.000,+0.000,+0.000,+0.000,1100,0,
1785512828.0572,2026-07-31T11:47:08.057,224.429,2260,,,,0,,,,-0.0645,-86.74,-0.1627,-2966.74,1,45.0,idle,+0.000,+0.000,+0.000,+0.000,1100,0,
1785512828.1559,2026-07-31T11:47:08.155,224.528,2261,,,,0,,,,-0.0673,-86.78,-0.1654,-2966.78,1,45.0,idle,+0.000,+0.000,+0.000,+0.000,1100,0,
1785512828.2549,2026-07-31T11:47:08.254,224.627,2262,,,,0,,,,-0.0645,-86.79,-0.1627,-2966.79,1,45.0,idle,+0.000,+0.000,+0.000,+0.000,1100,0,
1785512828.3535,2026-07-31T11:47:08.353,224.725,2263,,,,0,,,,-0.0650,-86.81,-0.1632,-2966.81,1,45.0,idle,+0.000,+0.000,+0.000,+0.000,1100,0,
1785512828.4529,2026-07-31T11:47:08.452,224.825,2264,,,,0,,,,-0.0680,-86.82,-0.1662,-2966.82,1,45.0,idle,+0.000,+0.000,+0.000,+0.000,1100,0,
1785512828.5518,2026-07-31T11:47:08.551,224.923,2265,,,,0,,,,-0.0623,-86.85,-0.1604,-2966.85,1,45.0,idle,+0.000,+0.000,+0.000,+0.000,1100,0,
1785512828.6513,2026-07-31T11:47:08.651,225.023,2266,,,,0,,,,-0.0662,-86.87,-0.1643,-2966.87,1,45.0,idle,+0.000,+0.000,+0.000,+0.000,1100,0,
1785512828.7497,2026-07-31T11:47:08.749,225.121,2267,,,,0,,,,-0.0677,-86.89,-0.1659,-2966.89,1,45.0,idle,+0.000,+0.000,+0.000,+0.000,1100,0,
1785512828.8494,2026-07-31T11:47:08.849,225.221,2268,,,,0,,,,-0.0617,-86.93,-0.1599,-2966.93,1,45.0,idle,+0.000,+0.000,+0.000,+0.000,1100,0,
1785512828.9485,2026-07-31T11:47:08.948,225.320,2269,,,,0,,,,-0.0683,-86.93,-0.1665,-2966.93,1,45.0,idle,+0.000,+0.000,+0.000,+0.000,1100,0,
1785512829.0485,2026-07-31T11:47:09.048,225.420,2270,,,,0,,,,-0.0665,-86.97,-0.1646,-2966.97,1,45.0,idle,+0.000,+0.000,+0.000,+0.000,1100,0,
1785512829.1482,2026-07-31T11:47:09.148,225.520,2271,,,,0,,,,-0.0604,-86.97,-0.1586,-2966.97,1,45.0,idle,+0.000,+0.000,+0.000,+0.000,1100,0,
1785512829.2478,2026-07-31T11:47:09.247,225.620,2272,,,,0,,,,-0.0624,-87.00,-0.1605,-2967.00,1,45.0,idle,+0.000,+0.000,+0.000,+0.000,1100,0,
1785512829.3468,2026-07-31T11:47:09.346,225.718,2273,,,,0,,,,-0.0641,-87.02,-0.1622,-2967.02,1,45.0,idle,+0.000,+0.000,+0.000,+0.000,1100,0,
1785512829.4461,2026-07-31T11:47:09.446,225.818,2274,,,,0,,,,-0.0623,-87.05,-0.1604,-2967.05,1,45.0,idle,+0.000,+0.000,+0.000,+0.000,1100,0,
1785512829.5452,2026-07-31T11:47:09.545,225.917,2275,,,,0,,,,-0.0657,-87.07,-0.1638,-2967.07,1,45.0,idle,+0.000,+0.000,+0.000,+0.000,1100,0,
1785512829.6456,2026-07-31T11:47:09.645,226.017,2276,,,,0,,,,-0.0610,-87.09,-0.1591,-2967.09,1,45.0,idle,+0.000,+0.000,+0.000,+0.000,1100,0,
1785512829.7448,2026-07-31T11:47:09.744,226.116,2277,,,,0,,,,-0.0627,-87.12,-0.1609,-2967.12,1,45.0,idle,+0.000,+0.000,+0.000,+0.000,1100,0,
1785512829.8442,2026-07-31T11:47:09.844,226.216,2278,,,,0,,,,-0.0639,-87.14,-0.1620,-2967.14,1,45.0,idle,+0.000,+0.000,+0.000,+0.000,1100,0,
1785512829.9426,2026-07-31T11:47:09.942,226.314,2279,,,,0,,,,-0.0602,-87.17,-0.1584,-2967.17,1,45.0,idle,+0.000,+0.000,+0.000,+0.000,1100,0,
1785512830.0426,2026-07-31T11:47:10.042,226.414,2280,,,,0,,,,-0.0597,-87.18,-0.1578,-2967.18,1,45.0,idle,+0.000,+0.000,+0.000,+0.000,1100,0,
1785512830.1416,2026-07-31T11:47:10.141,226.513,2281,,,,0,,,,-0.0684,-87.21,-0.1665,-2967.21,1,45.0,idle,+0.000,+0.000,+0.000,+0.000,1100,0,
1785512830.2410,2026-07-31T11:47:10.241,226.613,2282,,,,0,,,,-0.0650,-87.24,-0.1632,-2967.24,1,45.0,idle,+0.000,+0.000,+0.000,+0.000,1100,0,
1785512830.3399,2026-07-31T11:47:10.339,226.712,2283,,,,0,,,,-0.0670,-87.26,-0.1651,-2967.26,1,45.0,idle,+0.000,+0.000,+0.000,+0.000,1100,0,
1785512830.4404,2026-07-31T11:47:10.440,226.812,2284,,,,0,,,,-0.0633,-87.30,-0.1614,-2967.30,1,45.0,idle,+0.000,+0.000,+0.000,+0.000,1100,0,
1785512830.5406,2026-07-31T11:47:10.540,226.912,2285,,,,0,,,,-0.0670,-87.33,-0.1651,-2967.33,1,45.0,idle,+0.000,+0.000,+0.000,+0.000,1100,0,
1785512830.6401,2026-07-31T11:47:10.640,227.012,2286,,,,0,,,,-0.0637,-87.35,-0.1619,-2967.35,1,45.0,idle,+0.000,+0.000,+0.000,+0.000,1100,0,
1785512830.7393,2026-07-31T11:47:10.739,227.111,2287,,,,0,,,,-0.0639,-87.38,-0.1621,-2967.38,1,45.0,idle,+0.000,+0.000,+0.000,+0.000,1100,0,
1785512830.8384,2026-07-31T11:47:10.838,227.210,2288,,,,0,,,,-0.0604,-87.40,-0.1586,-2967.40,1,45.0,idle,+0.000,+0.000,+0.000,+0.000,1100,0,
1785512830.9378,2026-07-31T11:47:10.937,227.309,2289,,,,0,,,,-0.0611,-87.43,-0.1592,-2967.43,1,45.0,idle,+0.000,+0.000,+0.000,+0.000,1100,0,
1785512831.0372,2026-07-31T11:47:11.037,227.409,2290,,,,0,,,,-0.0627,-87.46,-0.1608,-2967.46,1,45.0,idle,+0.000,+0.000,+0.000,+0.000,1100,0,
1785512831.1376,2026-07-31T11:47:11.137,227.509,2291,,,,0,,,,-0.0653,-87.48,-0.1635,-2967.48,1,45.0,idle,+0.000,+0.000,+0.000,+0.000,1100,0,
1785512831.2376,2026-07-31T11:47:11.237,227.609,2292,,,,0,,,,-0.0634,-87.50,-0.1615,-2967.50,1,45.0,idle,+0.000,+0.000,+0.000,+0.000,1100,0,
1785512831.3386,2026-07-31T11:47:11.338,227.710,2293,,,,0,,,,-0.0622,-87.52,-0.1604,-2967.52,1,45.0,idle,+0.000,+0.000,+0.000,+0.000,1100,0,
1785512831.4377,2026-07-31T11:47:11.437,227.809,2294,,,,0,,,,-0.0621,-87.54,-0.1603,-2967.54,1,45.0,idle,+0.000,+0.000,+0.000,+0.000,1100,0,
1785512831.5367,2026-07-31T11:47:11.536,227.908,2295,,,,0,,,,-0.0652,-87.57,-0.1633,-2967.57,1,45.0,idle,+0.000,+0.000,+0.000,+0.000,1100,0,
1785512831.6366,2026-07-31T11:47:11.636,228.008,2296,,,,0,,,,-0.0647,-87.58,-0.1629,-2967.58,1,45.0,idle,+0.000,+0.000,+0.000,+0.000,1100,0,
1785512831.7368,2026-07-31T11:47:11.736,228.108,2297,,,,0,,,,-0.0647,-87.61,-0.1628,-2967.61,1,45.0,idle,+0.000,+0.000,+0.000,+0.000,1100,0,
1785512831.8358,2026-07-31T11:47:11.835,228.207,2298,,,,0,,,,-0.0619,-87.63,-0.1600,-2967.63,1,45.0,idle,+0.000,+0.000,+0.000,+0.000,1100,0,
1785512831.9348,2026-07-31T11:47:11.934,228.306,2299,,,,0,,,,-0.0648,-87.64,-0.1630,-2967.64,1,45.0,idle,+0.000,+0.000,+0.000,+0.000,1100,0,
1785512832.0342,2026-07-31T11:47:12.034,228.406,2300,,,,0,,,,-0.0631,-87.66,-0.1612,-2967.66,1,45.0,idle,+0.000,+0.000,+0.000,+0.000,1100,0,
1785512832.1345,2026-07-31T11:47:12.134,228.506,2301,,,,0,,,,-0.0643,-87.67,-0.1624,-2967.67,1,45.0,idle,+0.000,+0.000,+0.000,+0.000,1100,0,
1785512832.2327,2026-07-31T11:47:12.232,228.604,2302,,,,0,,,,-0.0673,-87.69,-0.1655,-2967.69,1,45.0,idle,+0.000,+0.000,+0.000,+0.000,1100,0,
1785512832.3316,2026-07-31T11:47:12.331,228.703,2303,,,,0,,,,-0.0616,-87.71,-0.1598,-2967.71,1,45.0,idle,+0.000,+0.000,+0.000,+0.000,1100,0,
1785512832.4311,2026-07-31T11:47:12.431,228.803,2304,,,,0,,,,-0.0661,-87.73,-0.1642,-2967.73,1,45.0,idle,+0.000,+0.000,+0.000,+0.000,1100,0,
1785512832.5295,2026-07-31T11:47:12.529,228.901,2305,,,,0,,,,-0.0649,-87.74,-0.1630,-2967.74,1,45.0,idle,+0.000,+0.000,+0.000,+0.000,1100,0,
1785512832.6286,2026-07-31T11:47:12.628,229.000,2306,,,,0,,,,-0.0659,-87.78,-0.1640,-2967.78,1,45.0,idle,+0.000,+0.000,+0.000,+0.000,1100,0,
1785512832.7290,2026-07-31T11:47:12.729,229.101,2307,,,,0,,,,-0.0653,-87.81,-0.1634,-2967.81,1,45.0,idle,+0.000,+0.000,+0.000,+0.000,1100,0,
1785512832.8277,2026-07-31T11:47:12.827,229.199,2308,,,,0,,,,-0.0640,-87.82,-0.1621,-2967.82,1,45.0,idle,+0.000,+0.000,+0.000,+0.000,1100,0,
1785512832.9267,2026-07-31T11:47:12.926,229.298,2309,,,,0,,,,-0.0638,-87.85,-0.1619,-2967.85,1,45.0,idle,+0.000,+0.000,+0.000,+0.000,1100,0,
1785512833.0258,2026-07-31T11:47:13.025,229.397,2310,,,,0,,,,-0.0653,-87.86,-0.1635,-2967.86,1,45.0,idle,+0.000,+0.000,+0.000,+0.000,1100,0,
1785512833.1266,2026-07-31T11:47:13.126,229.498,2311,,,,0,,,,-0.0676,-87.89,-0.1658,-2967.89,1,45.0,idle,+0.000,+0.000,+0.000,+0.000,1100,0,
1785512833.2273,2026-07-31T11:47:13.227,229.599,2312,,,,0,,,,-0.0617,-87.91,-0.1598,-2967.91,1,45.0,idle,+0.000,+0.000,+0.000,+0.000,1100,0,
1785512833.3264,2026-07-31T11:47:13.326,229.698,2313,,,,0,,,,-0.0670,-87.92,-0.1651,-2967.92,1,45.0,idle,+0.000,+0.000,+0.000,+0.000,1100,0,
1785512833.4247,2026-07-31T11:47:13.424,229.796,2314,,,,0,,,,-0.0651,-87.95,-0.1633,-2967.95,1,45.0,idle,+0.000,+0.000,+0.000,+0.000,1100,0,
1785512833.5247,2026-07-31T11:47:13.524,229.896,2315,,,,0,,,,-0.0624,-87.96,-0.1605,-2967.96,1,45.0,idle,+0.000,+0.000,+0.000,+0.000,1100,0,
1785512833.6257,2026-07-31T11:47:13.625,229.997,2316,,,,0,,,,-0.0629,-88.00,-0.1611,-2968.00,1,45.0,idle,+0.000,+0.000,+0.000,+0.000,1100,0,
1785512833.7260,2026-07-31T11:47:13.726,230.098,2317,,,,0,,,,-0.0610,-88.03,-0.1591,-2968.03,1,45.0,idle,+0.000,+0.000,+0.000,+0.000,1100,0,
1785512833.8251,2026-07-31T11:47:13.825,230.197,2318,,,,0,,,,-0.0625,-88.04,-0.1606,-2968.04,1,45.0,idle,+0.000,+0.000,+0.000,+0.000,1100,0,
1785512833.9242,2026-07-31T11:47:13.924,230.296,2319,,,,0,,,,-0.0661,-88.07,-0.1643,-2968.07,1,45.0,idle,+0.000,+0.000,+0.000,+0.000,1100,0,
1785512834.0230,2026-07-31T11:47:14.023,230.395,2320,,,,0,,,,-0.0663,-88.09,-0.1644,-2968.09,1,45.0,idle,+0.000,+0.000,+0.000,+0.000,1100,0,
1785512834.1223,2026-07-31T11:47:14.122,230.494,2321,,,,0,,,,-0.0632,-88.12,-0.1613,-2968.12,1,45.0,idle,+0.000,+0.000,+0.000,+0.000,1100,0,
1785512834.2211,2026-07-31T11:47:14.221,230.593,2322,,,,0,,,,-0.0663,-88.14,-0.1645,-2968.14,1,45.0,idle,+0.000,+0.000,+0.000,+0.000,1100,0,
1785512834.3204,2026-07-31T11:47:14.320,230.692,2323,,,,0,,,,-0.0610,-88.15,-0.1591,-2968.15,1,45.0,idle,+0.000,+0.000,+0.000,+0.000,1100,0,
1785512834.4205,2026-07-31T11:47:14.420,230.792,2324,,,,0,,,,-0.0624,-88.18,-0.1605,-2968.18,1,45.0,idle,+0.000,+0.000,+0.000,+0.000,1100,0,
1785512834.5215,2026-07-31T11:47:14.521,230.893,2325,,,,0,,,,-0.0637,-88.19,-0.1618,-2968.19,1,45.0,idle,+0.000,+0.000,+0.000,+0.000,1100,0,
1785512834.6197,2026-07-31T11:47:14.619,230.991,2326,,,,0,,,,-0.0625,-88.22,-0.1606,-2968.22,1,45.0,idle,+0.000,+0.000,+0.000,+0.000,1100,0,
1785512834.7187,2026-07-31T11:47:14.718,231.090,2327,,,,0,,,,-0.0599,-88.25,-0.1580,-2968.25,1,45.0,idle,+0.000,+0.000,+0.000,+0.000,1100,0,
1785512834.8182,2026-07-31T11:47:14.818,231.190,2328,,,,0,,,,-0.0629,-88.26,-0.1611,-2968.26,1,45.0,idle,+0.000,+0.000,+0.000,+0.000,1100,0,
1785512834.9173,2026-07-31T11:47:14.917,231.289,2329,,,,0,,,,-0.0620,-88.29,-0.1602,-2968.29,1,45.0,idle,+0.000,+0.000,+0.000,+0.000,1100,0,
1785512835.0167,2026-07-31T11:47:15.016,231.388,2330,,,,0,,,,-0.0608,-88.30,-0.1590,-2968.30,1,45.0,idle,+0.000,+0.000,+0.000,+0.000,1100,0,
1785512835.1161,2026-07-31T11:47:15.116,231.488,2331,,,,0,,,,-0.0641,-88.32,-0.1622,-2968.32,1,45.0,idle,+0.000,+0.000,+0.000,+0.000,1100,0,
1785512835.2153,2026-07-31T11:47:15.215,231.587,2332,,,,0,,,,-0.0621,-88.35,-0.1603,-2968.35,1,45.0,idle,+0.000,+0.000,+0.000,+0.000,1100,0,
1785512835.3142,2026-07-31T11:47:15.314,231.686,2333,,,,0,,,,-0.0621,-88.36,-0.1602,-2968.36,1,45.0,idle,+0.000,+0.000,+0.000,+0.000,1100,0,
1785512835.4132,2026-07-31T11:47:15.413,231.785,2334,,,,0,,,,-0.0628,-88.39,-0.1609,-2968.39,1,45.0,idle,+0.000,+0.000,+0.000,+0.000,1100,0,
1785512835.5121,2026-07-31T11:47:15.512,231.884,2335,,,,0,,,,-0.0639,-88.41,-0.1620,-2968.41,1,45.0,idle,+0.000,+0.000,+0.000,+0.000,1100,0,
1785512835.6113,2026-07-31T11:47:15.611,231.983,2336,,,,0,,,,-0.0609,-88.44,-0.1590,-2968.44,1,45.0,idle,+0.000,+0.000,+0.000,+0.000,1100,0,
1785512835.7116,2026-07-31T11:47:15.711,232.083,2337,,,,0,,,,-0.0625,-88.47,-0.1607,-2968.47,1,45.0,idle,+0.000,+0.000,+0.000,+0.000,1100,0,
1785512835.8117,2026-07-31T11:47:15.811,232.183,2338,,,,0,,,,-0.0690,-88.49,-0.1672,-2968.49,1,45.0,idle,+0.000,+0.000,+0.000,+0.000,1100,0,
1785512835.9108,2026-07-31T11:47:15.910,232.283,2339,,,,0,,,,-0.0659,-88.52,-0.1640,-2968.52,1,45.0,idle,+0.000,+0.000,+0.000,+0.000,1100,0,
1785512836.0104,2026-07-31T11:47:16.010,232.382,2340,,,,0,,,,-0.0645,-88.53,-0.1627,-2968.53,1,45.0,idle,+0.000,+0.000,+0.000,+0.000,1100,0,
1785512836.1098,2026-07-31T11:47:16.109,232.481,2341,,,,0,,,,-0.0663,-88.54,-0.1644,-2968.54,1,45.0,idle,+0.000,+0.000,+0.000,+0.000,1100,0,
1785512836.2089,2026-07-31T11:47:16.208,232.581,2342,,,,0,,,,-0.0620,-88.56,-0.1602,-2968.56,1,45.0,idle,+0.000,+0.000,+0.000,+0.000,1100,0,
1785512836.3097,2026-07-31T11:47:16.309,232.681,2343,,,,0,,,,-0.0671,-88.58,-0.1652,-2968.58,1,45.0,idle,+0.000,+0.000,+0.000,+0.000,1100,0,
1785512836.4105,2026-07-31T11:47:16.410,232.782,2344,,,,0,,,,-0.0616,-88.60,-0.1597,-2968.60,1,45.0,idle,+0.000,+0.000,+0.000,+0.000,1100,0,
1785512836.5095,2026-07-31T11:47:16.509,232.881,2345,,,,0,,,,-0.0640,-88.62,-0.1621,-2968.62,1,45.0,idle,+0.000,+0.000,+0.000,+0.000,1100,0,
1785512836.6083,2026-07-31T11:47:16.608,232.980,2346,,,,0,,,,-0.0683,-88.65,-0.1664,-2968.65,1,45.0,idle,+0.000,+0.000,+0.000,+0.000,1100,0,
1785512836.7075,2026-07-31T11:47:16.707,233.079,2347,,,,0,,,,-0.0606,-88.67,-0.1587,-2968.67,1,45.0,idle,+0.000,+0.000,+0.000,+0.000,1100,0,
1785512836.8064,2026-07-31T11:47:16.806,233.178,2348,,,,0,,,,-0.0636,-88.69,-0.1618,-2968.69,1,45.0,idle,+0.000,+0.000,+0.000,+0.000,1100,0,
1785512836.9054,2026-07-31T11:47:16.905,233.277,2349,,,,0,,,,-0.0582,-88.70,-0.1563,-2968.70,1,45.0,idle,+0.000,+0.000,+0.000,+0.000,1100,0,
1785512837.0045,2026-07-31T11:47:17.004,233.376,2350,,,,0,,,,-0.0649,-88.74,-0.1631,-2968.74,1,45.0,idle,+0.000,+0.000,+0.000,+0.000,1100,0,
1785512837.1030,2026-07-31T11:47:17.103,233.475,2351,,,,0,,,,-0.0632,-88.77,-0.1613,-2968.77,1,45.0,idle,+0.000,+0.000,+0.000,+0.000,1100,0,
1785512837.2023,2026-07-31T11:47:17.202,233.574,2352,,,,0,,,,-0.0643,-88.78,-0.1625,-2968.78,1,45.0,idle,+0.000,+0.000,+0.000,+0.000,1100,0,
1785512837.3012,2026-07-31T11:47:17.301,233.673,2353,,,,0,,,,-0.0627,-88.82,-0.1609,-2968.82,1,45.0,idle,+0.000,+0.000,+0.000,+0.000,1100,0,
1785512837.4004,2026-07-31T11:47:17.400,233.772,2354,,,,0,,,,-0.0625,-88.83,-0.1606,-2968.83,1,45.0,idle,+0.000,+0.000,+0.000,+0.000,1100,0,
1785512837.4988,2026-07-31T11:47:17.498,233.870,2355,,,,0,,,,-0.0649,-88.86,-0.1631,-2968.86,1,45.0,idle,+0.000,+0.000,+0.000,+0.000,1100,0,
1785512837.5980,2026-07-31T11:47:17.598,233.970,2356,,,,0,,,,-0.0665,-88.89,-0.1646,-2968.89,1,45.0,idle,+0.000,+0.000,+0.000,+0.000,1100,0,
1785512837.6973,2026-07-31T11:47:17.697,234.069,2357,,,,0,,,,-0.0653,-88.91,-0.1634,-2968.91,1,45.0,idle,+0.000,+0.000,+0.000,+0.000,1100,0,
1785512837.7962,2026-07-31T11:47:17.796,234.168,2358,,,,0,,,,-0.0629,-88.94,-0.1610,-2968.94,1,45.0,idle,+0.000,+0.000,+0.000,+0.000,1100,0,
1785512837.8955,2026-07-31T11:47:17.895,234.267,2359,,,,0,,,,-0.0622,-88.95,-0.1603,-2968.95,1,45.0,idle,+0.000,+0.000,+0.000,+0.000,1100,0,
1785512837.9945,2026-07-31T11:47:17.994,234.366,2360,,,,0,,,,-0.0618,-88.97,-0.1599,-2968.97,1,45.0,idle,+0.000,+0.000,+0.000,+0.000,1100,0,
1785512838.0930,2026-07-31T11:47:18.092,234.465,2361,,,,0,,,,-0.0642,-88.99,-0.1624,-2968.99,1,45.0,idle,+0.000,+0.000,+0.000,+0.000,1100,0,
1785512838.1923,2026-07-31T11:47:18.192,234.564,2362,,,,0,,,,-0.0607,-89.00,-0.1588,-2969.00,1,45.0,idle,+0.000,+0.000,+0.000,+0.000,1100,0,
1785512838.2914,2026-07-31T11:47:18.291,234.663,2363,,,,0,,,,-0.0646,-89.03,-0.1627,-2969.03,1,45.0,idle,+0.000,+0.000,+0.000,+0.000,1100,0,
1785512838.3900,2026-07-31T11:47:18.390,234.762,2364,,,,0,,,,-0.0573,-89.05,-0.1554,-2969.05,1,45.0,idle,+0.000,+0.000,+0.000,+0.000,1100,0,
1785512838.4893,2026-07-31T11:47:18.489,234.861,2365,,,,0,,,,-0.0606,-89.07,-0.1587,-2969.07,1,45.0,idle,+0.000,+0.000,+0.000,+0.000,1100,0,
1785512838.5886,2026-07-31T11:47:18.588,234.960,2366,,,,0,,,,-0.0674,-89.11,-0.1655,-2969.11,1,45.0,idle,+0.000,+0.000,+0.000,+0.000,1100,0,
1785512838.6888,2026-07-31T11:47:18.688,235.060,2367,,,,0,,,,-0.0633,-89.11,-0.1615,-2969.11,1,45.0,idle,+0.000,+0.000,+0.000,+0.000,1100,0,
1785512838.7886,2026-07-31T11:47:18.788,235.160,2368,,,,0,,,,-0.0629,-89.14,-0.1610,-2969.14,1,45.0,idle,+0.000,+0.000,+0.000,+0.000,1100,0,
1785512838.8875,2026-07-31T11:47:18.887,235.259,2369,,,,0,,,,-0.0665,-89.16,-0.1646,-2969.16,1,45.0,idle,+0.000,+0.000,+0.000,+0.000,1100,0,
1785512838.9863,2026-07-31T11:47:18.986,235.358,2370,,,,0,,,,-0.0652,-89.20,-0.1633,-2969.20,1,45.0,idle,+0.000,+0.000,+0.000,+0.000,1100,0,
1785512839.0856,2026-07-31T11:47:19.085,235.457,2371,,,,0,,,,-0.0631,-89.23,-0.1613,-2969.23,1,45.0,idle,+0.000,+0.000,+0.000,+0.000,1100,0,
1785512839.1846,2026-07-31T11:47:19.184,235.556,2372,,,,0,,,,-0.0619,-89.24,-0.1600,-2969.24,1,45.0,idle,+0.000,+0.000,+0.000,+0.000,1100,0,
1785512839.2835,2026-07-31T11:47:19.283,235.655,2373,,,,0,,,,-0.0635,-89.26,-0.1616,-2969.26,1,45.0,idle,+0.000,+0.000,+0.000,+0.000,1100,0,
1785512839.3824,2026-07-31T11:47:19.382,235.754,2374,,,,0,,,,-0.0671,-89.28,-0.1652,-2969.28,1,45.0,idle,+0.000,+0.000,+0.000,+0.000,1100,0,
1785512839.4814,2026-07-31T11:47:19.481,235.853,2375,,,,0,,,,-0.0622,-89.31,-0.1603,-2969.31,1,45.0,idle,+0.000,+0.000,+0.000,+0.000,1100,0,
1785512839.5826,2026-07-31T11:47:19.582,235.954,2376,,,,0,,,,-0.0664,-89.34,-0.1645,-2969.34,1,45.0,idle,+0.000,+0.000,+0.000,+0.000,1100,0,
1785512839.6815,2026-07-31T11:47:19.681,236.053,2377,,,,0,,,,-0.0660,-89.36,-0.1641,-2969.36,1,45.0,idle,+0.000,+0.000,+0.000,+0.000,1100,0,
1785512839.7810,2026-07-31T11:47:19.781,236.153,2378,,,,0,,,,-0.0666,-89.39,-0.1647,-2969.39,1,45.0,idle,+0.000,+0.000,+0.000,+0.000,1100,0,
1785512839.8806,2026-07-31T11:47:19.880,236.252,2379,,,,0,,,,-0.0661,-89.40,-0.1643,-2969.40,1,45.0,idle,+0.000,+0.000,+0.000,+0.000,1100,0,
1785512839.9807,2026-07-31T11:47:19.980,236.352,2380,,,,0,,,,-0.0650,-89.43,-0.1631,-2969.43,1,45.0,idle,+0.000,+0.000,+0.000,+0.000,1100,0,
1785512840.0807,2026-07-31T11:47:20.080,236.452,2381,,,,0,,,,-0.0681,-89.45,-0.1662,-2969.45,1,45.0,idle,+0.000,+0.000,+0.000,+0.000,1100,0,
1785512840.1799,2026-07-31T11:47:20.179,236.552,2382,,,,0,,,,-0.0691,-89.47,-0.1672,-2969.47,1,45.0,idle,+0.000,+0.000,+0.000,+0.000,1100,0,
1785512840.2797,2026-07-31T11:47:20.279,236.651,2383,,,,0,,,,-0.0662,-89.51,-0.1643,-2969.51,1,45.0,idle,+0.000,+0.000,+0.000,+0.000,1100,0,
1785512840.3782,2026-07-31T11:47:20.378,236.750,2384,,,,0,,,,-0.0664,-89.52,-0.1645,-2969.52,1,45.0,idle,+0.000,+0.000,+0.000,+0.000,1100,0,
1785512840.4786,2026-07-31T11:47:20.478,236.850,2385,,,,0,,,,-0.0661,-89.55,-0.1643,-2969.55,1,45.0,idle,+0.000,+0.000,+0.000,+0.000,1100,0,
1785512840.5776,2026-07-31T11:47:20.577,236.949,2386,,,,0,,,,-0.0670,-89.56,-0.1651,-2969.56,1,45.0,idle,+0.000,+0.000,+0.000,+0.000,1100,0,
1785512840.6769,2026-07-31T11:47:20.676,237.049,2387,,,,0,,,,-0.0656,-89.59,-0.1638,-2969.59,1,45.0,idle,+0.000,+0.000,+0.000,+0.000,1100,0,
1785512840.7767,2026-07-31T11:47:20.776,237.148,2388,,,,0,,,,-0.0641,-89.61,-0.1623,-2969.61,1,45.0,idle,+0.000,+0.000,+0.000,+0.000,1100,0,
1785512840.8756,2026-07-31T11:47:20.875,237.247,2389,,,,0,,,,-0.0669,-89.64,-0.1651,-2969.64,1,45.0,idle,+0.000,+0.000,+0.000,+0.000,1100,0,
1785512840.9747,2026-07-31T11:47:20.974,237.346,2390,,,,0,,,,-0.0639,-89.67,-0.1621,-2969.67,1,45.0,idle,+0.000,+0.000,+0.000,+0.000,1100,0,
1785512841.0746,2026-07-31T11:47:21.074,237.446,2391,,,,0,,,,-0.0663,-89.68,-0.1644,-2969.68,1,45.0,idle,+0.000,+0.000,+0.000,+0.000,1100,0,
1785512841.1744,2026-07-31T11:47:21.174,237.546,2392,,,,0,,,,-0.0664,-89.70,-0.1645,-2969.70,1,45.0,idle,+0.000,+0.000,+0.000,+0.000,1100,0,
1785512841.2737,2026-07-31T11:47:21.273,237.645,2393,,,,0,,,,-0.0656,-89.73,-0.1637,-2969.73,1,45.0,idle,+0.000,+0.000,+0.000,+0.000,1100,0,
1785512841.3725,2026-07-31T11:47:21.372,237.744,2394,,,,0,,,,-0.0648,-89.74,-0.1630,-2969.74,1,45.0,idle,+0.000,+0.000,+0.000,+0.000,1100,0,
1785512841.4714,2026-07-31T11:47:21.471,237.843,2395,,,,0,,,,-0.0637,-89.77,-0.1618,-2969.77,1,45.0,idle,+0.000,+0.000,+0.000,+0.000,1100,0,
1785512841.5717,2026-07-31T11:47:21.571,237.943,2396,,,,0,,,,-0.0630,-89.79,-0.1611,-2969.79,1,45.0,idle,+0.000,+0.000,+0.000,+0.000,1100,0,
1785512841.6704,2026-07-31T11:47:21.670,238.042,2397,,,,0,,,,-0.0609,-89.82,-0.1590,-2969.82,1,45.0,idle,+0.000,+0.000,+0.000,+0.000,1100,0,
1785512841.7697,2026-07-31T11:47:21.769,238.141,2398,,,,0,,,,-0.0651,-89.84,-0.1632,-2969.84,1,45.0,idle,+0.000,+0.000,+0.000,+0.000,1100,0,
1785512841.8688,2026-07-31T11:47:21.868,238.240,2399,,,,0,,,,-0.0639,-89.86,-0.1621,-2969.86,1,45.0,idle,+0.000,+0.000,+0.000,+0.000,1100,0,
1785512841.9678,2026-07-31T11:47:21.967,238.340,2400,,,,0,,,,-0.0596,-89.89,-0.1577,-2969.89,1,45.0,idle,+0.000,+0.000,+0.000,+0.000,1100,0,
1785512842.0662,2026-07-31T11:47:22.066,238.438,2401,,,,0,,,,-0.0660,-89.90,-0.1641,-2969.90,1,45.0,idle,+0.000,+0.000,+0.000,+0.000,1100,0,
1785512842.1658,2026-07-31T11:47:22.165,238.538,2402,,,,0,,,,-0.0673,-89.92,-0.1655,-2969.92,1,45.0,idle,+0.000,+0.000,+0.000,+0.000,1100,0,
1785512842.2660,2026-07-31T11:47:22.266,238.638,2403,,,,0,,,,-0.0651,-89.96,-0.1632,-2969.96,1,45.0,idle,+0.000,+0.000,+0.000,+0.000,1100,0,
1785512842.3653,2026-07-31T11:47:22.365,238.737,2404,,,,0,,,,-0.0656,-89.97,-0.1637,-2969.97,1,45.0,idle,+0.000,+0.000,+0.000,+0.000,1100,0,
1785512842.4632,2026-07-31T11:47:22.463,238.835,2405,,,,0,,,,-0.0642,-89.99,-0.1623,-2969.99,1,45.0,idle,+0.000,+0.000,+0.000,+0.000,1100,0,
1785512842.5621,2026-07-31T11:47:22.562,238.934,2406,,,,0,,,,-0.0669,-90.01,-0.1650,-2970.01,1,45.0,idle,+0.000,+0.000,+0.000,+0.000,1100,0,
1785512842.6617,2026-07-31T11:47:22.661,239.033,2407,,,,0,,,,-0.0628,-90.04,-0.1609,-2970.04,1,45.0,idle,+0.000,+0.000,+0.000,+0.000,1100,0,
1785512842.7607,2026-07-31T11:47:22.760,239.132,2408,,,,0,,,,-0.0651,-90.07,-0.1633,-2970.07,1,45.0,idle,+0.000,+0.000,+0.000,+0.000,1100,0,
1785512842.8596,2026-07-31T11:47:22.859,239.231,2409,,,,0,,,,-0.0635,-90.08,-0.1616,-2970.08,1,45.0,idle,+0.000,+0.000,+0.000,+0.000,1100,0,
1785512842.9587,2026-07-31T11:47:22.958,239.330,2410,,,,0,,,,-0.0674,-90.12,-0.1655,-2970.12,1,45.0,idle,+0.000,+0.000,+0.000,+0.000,1100,0,
1785512843.0572,2026-07-31T11:47:23.057,239.429,2411,,,,0,,,,-0.0616,-90.13,-0.1598,-2970.13,1,45.0,idle,+0.000,+0.000,+0.000,+0.000,1100,0,
1785512843.1568,2026-07-31T11:47:23.156,239.528,2412,,,,0,,,,-0.0680,-90.16,-0.1661,-2970.16,1,45.0,idle,+0.000,+0.000,+0.000,+0.000,1100,0,
1785512843.2556,2026-07-31T11:47:23.255,239.627,2413,,,,0,,,,-0.0609,-90.18,-0.1590,-2970.18,1,45.0,idle,+0.000,+0.000,+0.000,+0.000,1100,0,
1785512843.3548,2026-07-31T11:47:23.354,239.726,2414,,,,0,,,,-0.0632,-90.21,-0.1614,-2970.21,1,45.0,idle,+0.000,+0.000,+0.000,+0.000,1100,0,
1785512843.4535,2026-07-31T11:47:23.453,239.825,2415,,,,0,,,,-0.0659,-90.24,-0.1641,-2970.24,1,45.0,idle,+0.000,+0.000,+0.000,+0.000,1100,0,
1785512843.5523,2026-07-31T11:47:23.552,239.924,2416,,,,0,,,,-0.0679,-90.26,-0.1660,-2970.26,1,45.0,idle,+0.000,+0.000,+0.000,+0.000,1100,0,
1785512843.6510,2026-07-31T11:47:23.651,240.023,2417,,,,0,,,,-0.0648,-90.28,-0.1630,-2970.28,1,45.0,idle,+0.000,+0.000,+0.000,+0.000,1100,0,
1785512843.7505,2026-07-31T11:47:23.750,240.122,2418,,,,0,,,,-0.0663,-90.29,-0.1644,-2970.29,1,45.0,idle,+0.000,+0.000,+0.000,+0.000,1100,0,
1785512843.8496,2026-07-31T11:47:23.849,240.221,2419,,,,0,,,,-0.0682,-90.32,-0.1664,-2970.32,1,45.0,idle,+0.000,+0.000,+0.000,+0.000,1100,0,
1785512843.9485,2026-07-31T11:47:23.948,240.320,2420,,,,0,,,,-0.0675,-90.36,-0.1656,-2970.36,1,45.0,idle,+0.000,+0.000,+0.000,+0.000,1100,0,
1785512844.0481,2026-07-31T11:47:24.048,240.420,2421,,,,0,,,,-0.0676,-90.37,-0.1658,-2970.37,1,45.0,idle,+0.000,+0.000,+0.000,+0.000,1100,0,
1785512844.1474,2026-07-31T11:47:24.147,240.519,2422,,,,0,,,,-0.0689,-90.40,-0.1670,-2970.40,1,45.0,idle,+0.000,+0.000,+0.000,+0.000,1100,0,
1785512844.2467,2026-07-31T11:47:24.246,240.618,2423,,,,0,,,,-0.0692,-90.42,-0.1673,-2970.42,1,45.0,idle,+0.000,+0.000,+0.000,+0.000,1100,0,
1785512844.3454,2026-07-31T11:47:24.345,240.717,2424,,,,0,,,,-0.0668,-90.45,-0.1650,-2970.45,1,45.0,idle,+0.000,+0.000,+0.000,+0.000,1100,0,
1785512844.4442,2026-07-31T11:47:24.444,240.816,2425,,,,0,,,,-0.0681,-90.47,-0.1662,-2970.47,1,45.0,idle,+0.000,+0.000,+0.000,+0.000,1100,0,
1785512844.5431,2026-07-31T11:47:24.543,240.915,2426,,,,0,,,,-0.0635,-90.50,-0.1616,-2970.50,1,45.0,idle,+0.000,+0.000,+0.000,+0.000,1100,0,
1785512844.6420,2026-07-31T11:47:24.642,241.014,2427,,,,0,,,,-0.0662,-90.53,-0.1644,-2970.53,1,45.0,idle,+0.000,+0.000,+0.000,+0.000,1100,0,
1785512844.7411,2026-07-31T11:47:24.741,241.113,2428,,,,0,,,,-0.0625,-90.54,-0.1606,-2970.54,1,45.0,idle,+0.000,+0.000,+0.000,+0.000,1100,0,
1785512844.8402,2026-07-31T11:47:24.840,241.212,2429,,,,0,,,,-0.0640,-90.56,-0.1622,-2970.56,1,45.0,idle,+0.000,+0.000,+0.000,+0.000,1100,0,
1785512844.9397,2026-07-31T11:47:24.939,241.311,2430,,,,0,,,,-0.0644,-90.58,-0.1625,-2970.58,1,45.0,idle,+0.000,+0.000,+0.000,+0.000,1100,0,
1785512845.0384,2026-07-31T11:47:25.038,241.410,2431,,,,0,,,,-0.0665,-90.60,-0.1647,-2970.60,1,45.0,idle,+0.000,+0.000,+0.000,+0.000,1100,0,
1785512845.1379,2026-07-31T11:47:25.137,241.510,2432,,,,0,,,,-0.0640,-90.63,-0.1621,-2970.63,1,45.0,idle,+0.000,+0.000,+0.000,+0.000,1100,0,
1785512845.2372,2026-07-31T11:47:25.237,241.609,2433,,,,0,,,,-0.0656,-90.64,-0.1637,-2970.64,1,45.0,idle,+0.000,+0.000,+0.000,+0.000,1100,0,
1785512845.3364,2026-07-31T11:47:25.336,241.708,2434,,,,0,,,,-0.0628,-90.67,-0.1609,-2970.67,1,45.0,idle,+0.000,+0.000,+0.000,+0.000,1100,0,
1785512845.4357,2026-07-31T11:47:25.435,241.807,2435,,,,0,,,,-0.0645,-90.69,-0.1627,-2970.69,1,45.0,idle,+0.000,+0.000,+0.000,+0.000,1100,0,
1785512845.5349,2026-07-31T11:47:25.534,241.907,2436,,,,0,,,,-0.0681,-90.71,-0.1662,-2970.71,1,45.0,idle,+0.000,+0.000,+0.000,+0.000,1100,0,
1785512845.6351,2026-07-31T11:47:25.635,242.007,2437,,,,0,,,,-0.0616,-90.73,-0.1597,-2970.73,1,45.0,idle,+0.000,+0.000,+0.000,+0.000,1100,0,
1785512845.7342,2026-07-31T11:47:25.734,242.106,2438,,,,0,,,,-0.0648,-90.75,-0.1629,-2970.75,1,45.0,idle,+0.000,+0.000,+0.000,+0.000,1100,0,
1785512845.8332,2026-07-31T11:47:25.833,242.205,2439,,,,0,,,,-0.0643,-90.78,-0.1624,-2970.78,1,45.0,idle,+0.000,+0.000,+0.000,+0.000,1100,0,
1785512845.9328,2026-07-31T11:47:25.932,242.304,2440,,,,0,,,,-0.0634,-90.79,-0.1615,-2970.79,1,45.0,idle,+0.000,+0.000,+0.000,+0.000,1100,0,
1785512846.0317,2026-07-31T11:47:26.031,242.403,2441,,,,0,,,,-0.0664,-90.81,-0.1645,-2970.81,1,45.0,idle,+0.000,+0.000,+0.000,+0.000,1100,0,
1785512846.1321,2026-07-31T11:47:26.132,242.504,2442,,,,0,,,,-0.0677,-90.83,-0.1658,-2970.83,1,45.0,idle,+0.000,+0.000,+0.000,+0.000,1100,0,
1785512846.2341,2026-07-31T11:47:26.234,242.606,2443,,,,0,,,,-0.0639,-90.84,-0.1621,-2970.84,1,45.0,idle,+0.000,+0.000,+0.000,+0.000,1100,0,
1785512846.3337,2026-07-31T11:47:26.333,242.705,2444,,,,0,,,,-0.0655,-90.88,-0.1637,-2970.88,1,45.0,idle,+0.000,+0.000,+0.000,+0.000,1100,0,
1785512846.4345,2026-07-31T11:47:26.434,242.806,2445,,,,0,,,,-0.0659,-90.90,-0.1640,-2970.90,1,45.0,idle,+0.000,+0.000,+0.000,+0.000,1100,0,
1785512846.5337,2026-07-31T11:47:26.533,242.905,2446,,,,0,,,,-0.0647,-90.93,-0.1628,-2970.93,1,45.0,idle,+0.000,+0.000,+0.000,+0.000,1100,0,
1785512846.6327,2026-07-31T11:47:26.632,243.004,2447,,,,0,,,,-0.0695,-90.97,-0.1676,-2970.97,1,45.0,idle,+0.000,+0.000,+0.000,+0.000,1100,0,
1785512846.7316,2026-07-31T11:47:26.731,243.103,2448,,,,0,,,,-0.0632,-90.98,-0.1613,-2970.98,1,45.0,idle,+0.000,+0.000,+0.000,+0.000,1100,0,
1785512846.8310,2026-07-31T11:47:26.831,243.203,2449,,,,0,,,,-0.0657,-91.01,-0.1638,-2971.01,1,45.0,idle,+0.000,+0.000,+0.000,+0.000,1100,0,
1785512846.9308,2026-07-31T11:47:26.930,243.302,2450,,,,0,,,,-0.0651,-91.02,-0.1633,-2971.02,1,45.0,idle,+0.000,+0.000,+0.000,+0.000,1100,0,
1785512847.0300,2026-07-31T11:47:27.030,243.402,2451,,,,0,,,,-0.0633,-91.05,-0.1614,-2971.05,1,45.0,idle,+0.000,+0.000,+0.000,+0.000,1100,0,
1785512847.1298,2026-07-31T11:47:27.129,243.501,2452,,,,0,,,,-0.0651,-91.07,-0.1632,-2971.07,1,45.0,idle,+0.000,+0.000,+0.000,+0.000,1100,0,
1785512847.2285,2026-07-31T11:47:27.228,243.600,2453,,,,0,,,,-0.0656,-91.09,-0.1637,-2971.09,1,45.0,idle,+0.000,+0.000,+0.000,+0.000,1100,0,
1785512847.3279,2026-07-31T11:47:27.327,243.700,2454,,,,0,,,,-0.0657,-91.12,-0.1639,-2971.12,1,45.0,idle,+0.000,+0.000,+0.000,+0.000,1100,0,
1785512847.4267,2026-07-31T11:47:27.426,243.798,2455,,,,0,,,,-0.0612,-91.13,-0.1593,-2971.13,1,45.0,idle,+0.000,+0.000,+0.000,+0.000,1100,0,
1785512847.5260,2026-07-31T11:47:27.526,243.898,2456,,,,0,,,,-0.0640,-91.15,-0.1622,-2971.15,1,45.0,idle,+0.000,+0.000,+0.000,+0.000,1100,0,
1785512847.6249,2026-07-31T11:47:27.624,243.997,2457,,,,0,,,,-0.0653,-91.17,-0.1634,-2971.17,1,45.0,idle,+0.000,+0.000,+0.000,+0.000,1100,0,
1785512847.7236,2026-07-31T11:47:27.723,244.095,2458,,,,0,,,,-0.0644,-91.20,-0.1625,-2971.20,1,45.0,idle,+0.000,+0.000,+0.000,+0.000,1100,0,
1785512847.8227,2026-07-31T11:47:27.822,244.194,2459,,,,0,,,,-0.0612,-91.21,-0.1594,-2971.21,1,45.0,idle,+0.000,+0.000,+0.000,+0.000,1100,0,
1785512847.9217,2026-07-31T11:47:27.921,244.293,2460,,,,0,,,,-0.0665,-91.24,-0.1646,-2971.24,1,45.0,idle,+0.000,+0.000,+0.000,+0.000,1100,0,
1785512848.0207,2026-07-31T11:47:28.020,244.392,2461,,,,0,,,,-0.0647,-91.27,-0.1629,-2971.27,1,45.0,idle,+0.000,+0.000,+0.000,+0.000,1100,0,
1785512848.1202,2026-07-31T11:47:28.120,244.492,2462,,,,0,,,,-0.0628,-91.28,-0.1610,-2971.28,1,45.0,idle,+0.000,+0.000,+0.000,+0.000,1100,0,
1785512848.2214,2026-07-31T11:47:28.221,244.593,2463,,,,0,,,,-0.0680,-91.31,-0.1662,-2971.31,1,45.0,idle,+0.000,+0.000,+0.000,+0.000,1100,0,
1785512848.3207,2026-07-31T11:47:28.320,244.692,2464,,,,0,,,,-0.0631,-91.35,-0.1613,-2971.35,1,45.0,idle,+0.000,+0.000,+0.000,+0.000,1100,0,
1785512848.4217,2026-07-31T11:47:28.421,244.793,2465,,,,0,,,,-0.0650,-91.36,-0.1631,-2971.36,1,45.0,idle,+0.000,+0.000,+0.000,+0.000,1100,0,
1785512848.5231,2026-07-31T11:47:28.523,244.895,2466,,,,0,,,,-0.0632,-91.40,-0.1613,-2971.40,1,45.0,idle,+0.000,+0.000,+0.000,+0.000,1100,0,
1785512848.6228,2026-07-31T11:47:28.622,244.994,2467,,,,0,,,,-0.0642,-91.42,-0.1623,-2971.42,1,45.0,idle,+0.000,+0.000,+0.000,+0.000,1100,0,
1785512848.7216,2026-07-31T11:47:28.721,245.093,2468,,,,0,,,,-0.0623,-91.44,-0.1604,-2971.44,1,45.0,idle,+0.000,+0.000,+0.000,+0.000,1100,0,
1785512848.8220,2026-07-31T11:47:28.822,245.194,2469,,,,0,,,,-0.0627,-91.47,-0.1609,-2971.47,1,45.0,idle,+0.000,+0.000,+0.000,+0.000,1100,0,
1785512848.9206,2026-07-31T11:47:28.920,245.292,2470,,,,0,,,,-0.0628,-91.48,-0.1610,-2971.48,1,45.0,idle,+0.000,+0.000,+0.000,+0.000,1100,0,
1785512849.0197,2026-07-31T11:47:29.019,245.391,2471,,,,0,,,,-0.0644,-91.52,-0.1625,-2971.52,1,45.0,idle,+0.000,+0.000,+0.000,+0.000,1100,0,
1785512849.1187,2026-07-31T11:47:29.118,245.490,2472,,,,0,,,,-0.0625,-91.53,-0.1606,-2971.53,1,45.0,idle,+0.000,+0.000,+0.000,+0.000,1100,0,
1785512849.2178,2026-07-31T11:47:29.217,245.589,2473,,,,0,,,,-0.0600,-91.56,-0.1581,-2971.56,1,45.0,idle,+0.000,+0.000,+0.000,+0.000,1100,0,
1785512849.3170,2026-07-31T11:47:29.317,245.689,2474,,,,0,,,,-0.0644,-91.59,-0.1626,-2971.59,1,45.0,idle,+0.000,+0.000,+0.000,+0.000,1100,0,
1785512849.4155,2026-07-31T11:47:29.415,245.787,2475,,,,0,,,,-0.0647,-91.60,-0.1628,-2971.60,1,45.0,idle,+0.000,+0.000,+0.000,+0.000,1100,0,
1785512849.5161,2026-07-31T11:47:29.516,245.888,2476,,,,0,,,,-0.0608,-91.63,-0.1589,-2971.63,1,45.0,idle,+0.000,+0.000,+0.000,+0.000,1100,0,
1785512849.6142,2026-07-31T11:47:29.614,245.986,2477,,,,0,,,,-0.0624,-91.64,-0.1605,-2971.64,1,45.0,idle,+0.000,+0.000,+0.000,+0.000,1100,0,
1785512849.7150,2026-07-31T11:47:29.714,246.087,2478,,,,0,,,,-0.0689,-91.66,-0.1671,-2971.66,1,45.0,idle,+0.000,+0.000,+0.000,+0.000,1100,0,
1785512849.8134,2026-07-31T11:47:29.813,246.185,2479,,,,0,,,,-0.0651,-91.69,-0.1632,-2971.69,1,45.0,idle,+0.000,+0.000,+0.000,+0.000,1100,0,
1785512849.9126,2026-07-31T11:47:29.912,246.284,2480,,,,0,,,,-0.0700,-91.70,-0.1682,-2971.70,1,45.0,idle,+0.000,+0.000,+0.000,+0.000,1100,0,
1785512850.0116,2026-07-31T11:47:30.011,246.383,2481,,,,0,,,,-0.0647,-91.72,-0.1629,-2971.72,1,45.0,idle,+0.000,+0.000,+0.000,+0.000,1100,0,
1785512850.1103,2026-07-31T11:47:30.110,246.482,2482,,,,0,,,,-0.0630,-91.75,-0.1612,-2971.75,1,45.0,idle,+0.000,+0.000,+0.000,+0.000,1100,0,
1785512850.2094,2026-07-31T11:47:30.209,246.581,2483,,,,0,,,,-0.0666,-91.77,-0.1647,-2971.77,1,45.0,idle,+0.000,+0.000,+0.000,+0.000,1100,0,
1785512850.3088,2026-07-31T11:47:30.308,246.681,2484,,,,0,,,,-0.0658,-91.79,-0.1639,-2971.79,1,45.0,idle,+0.000,+0.000,+0.000,+0.000,1100,0,
1785512850.4078,2026-07-31T11:47:30.407,246.780,2485,,,,0,,,,-0.0667,-91.81,-0.1648,-2971.81,1,45.0,idle,+0.000,+0.000,+0.000,+0.000,1100,0,
1785512850.5068,2026-07-31T11:47:30.506,246.878,2486,,,,0,,,,-0.0658,-91.84,-0.1640,-2971.84,1,45.0,idle,+0.000,+0.000,+0.000,+0.000,1100,0,
1785512850.6058,2026-07-31T11:47:30.605,246.977,2487,,,,0,,,,-0.0634,-91.86,-0.1615,-2971.86,1,45.0,idle,+0.000,+0.000,+0.000,+0.000,1100,0,
1785512850.7049,2026-07-31T11:47:30.704,247.077,2488,,,,0,,,,-0.0631,-91.89,-0.1612,-2971.89,1,45.0,idle,+0.000,+0.000,+0.000,+0.000,1100,0,
1785512850.8034,2026-07-31T11:47:30.803,247.175,2489,,,,0,,,,-0.0654,-91.90,-0.1636,-2971.90,1,45.0,idle,+0.000,+0.000,+0.000,+0.000,1100,0,
1785512850.9032,2026-07-31T11:47:30.903,247.275,2490,,,,0,,,,-0.0644,-91.93,-0.1625,-2971.93,1,45.0,idle,+0.000,+0.000,+0.000,+0.000,1100,0,
1785512851.0024,2026-07-31T11:47:31.002,247.374,2491,,,,0,,,,-0.0647,-91.96,-0.1628,-2971.96,1,45.0,idle,+0.000,+0.000,+0.000,+0.000,1100,0,
1785512851.1014,2026-07-31T11:47:31.101,247.473,2492,,,,0,,,,-0.0684,-91.97,-0.1665,-2971.97,1,45.0,idle,+0.000,+0.000,+0.000,+0.000,1100,0,
1785512851.2005,2026-07-31T11:47:31.200,247.572,2493,,,,0,,,,-0.0647,-91.99,-0.1628,-2971.99,1,45.0,idle,+0.000,+0.000,+0.000,+0.000,1100,0,
1785512851.3002,2026-07-31T11:47:31.300,247.672,2494,,,,0,,,,-0.0630,-92.00,-0.1611,-2972.00,1,45.0,idle,+0.000,+0.000,+0.000,+0.000,1100,0,
1785512851.3994,2026-07-31T11:47:31.399,247.771,2495,,,,0,,,,-0.0636,-92.03,-0.1617,-2972.03,1,45.0,idle,+0.000,+0.000,+0.000,+0.000,1100,0,
1785512851.4975,2026-07-31T11:47:31.497,247.869,2496,,,,0,,,,-0.0654,-92.06,-0.1635,-2972.06,1,45.0,idle,+0.000,+0.000,+0.000,+0.000,1100,0,
1785512851.5973,2026-07-31T11:47:31.597,247.969,2497,,,,0,,,,-0.0659,-92.07,-0.1640,-2972.07,1,45.0,idle,+0.000,+0.000,+0.000,+0.000,1100,0,
1785512851.6973,2026-07-31T11:47:31.697,248.069,2498,,,,0,,,,-0.0639,-92.11,-0.1620,-2972.11,1,45.0,idle,+0.000,+0.000,+0.000,+0.000,1100,0,
1785512851.7973,2026-07-31T11:47:31.797,248.169,2499,,,,0,,,,-0.0620,-92.12,-0.1602,-2972.12,1,45.0,idle,+0.000,+0.000,+0.000,+0.000,1100,0,
1785512851.8967,2026-07-31T11:47:31.896,248.268,2500,,,,0,,,,-0.0639,-92.16,-0.1620,-2972.16,1,45.0,idle,+0.000,+0.000,+0.000,+0.000,1100,0,
1785512851.9956,2026-07-31T11:47:31.995,248.367,2501,,,,0,,,,-0.0636,-92.17,-0.1618,-2972.17,1,45.0,idle,+0.000,+0.000,+0.000,+0.000,1100,0,
1785512852.0949,2026-07-31T11:47:32.094,248.467,2502,,,,0,,,,-0.0645,-92.20,-0.1627,-2972.20,1,45.0,idle,+0.000,+0.000,+0.000,+0.000,1100,0,
1785512852.1946,2026-07-31T11:47:32.194,248.566,2503,,,,0,,,,-0.0642,-92.23,-0.1624,-2972.23,1,45.0,idle,+0.000,+0.000,+0.000,+0.000,1100,0,
1785512852.2943,2026-07-31T11:47:32.294,248.666,2504,,,,0,,,,-0.0679,-92.24,-0.1660,-2972.24,1,45.0,idle,+0.000,+0.000,+0.000,+0.000,1100,0,
1785512852.3937,2026-07-31T11:47:32.393,248.765,2505,,,,0,,,,-0.0617,-92.26,-0.1599,-2972.26,1,45.0,idle,+0.000,+0.000,+0.000,+0.000,1100,0,
1785512852.4927,2026-07-31T11:47:32.492,248.864,2506,,,,0,,,,-0.0639,-92.29,-0.1621,-2972.29,1,45.0,idle,+0.000,+0.000,+0.000,+0.000,1100,0,
1785512852.5919,2026-07-31T11:47:32.591,248.964,2507,,,,0,,,,-0.0656,-92.31,-0.1638,-2972.31,1,45.0,idle,+0.000,+0.000,+0.000,+0.000,1100,0,
1785512852.6911,2026-07-31T11:47:32.691,249.063,2508,,,,0,,,,-0.0664,-92.33,-0.1646,-2972.33,1,45.0,idle,+0.000,+0.000,+0.000,+0.000,1100,0,
1785512852.7896,2026-07-31T11:47:32.789,249.161,2509,,,,0,,,,-0.0614,-92.34,-0.1595,-2972.34,1,45.0,idle,+0.000,+0.000,+0.000,+0.000,1100,0,
1785512852.8886,2026-07-31T11:47:32.888,249.260,2510,,,,0,,,,-0.0660,-92.36,-0.1641,-2972.36,1,45.0,idle,+0.000,+0.000,+0.000,+0.000,1100,0,
1785512852.9876,2026-07-31T11:47:32.987,249.359,2511,,,,0,,,,-0.0668,-92.38,-0.1650,-2972.38,1,45.0,idle,+0.000,+0.000,+0.000,+0.000,1100,0,
1785512853.0870,2026-07-31T11:47:33.087,249.459,2512,,,,0,,,,-0.0650,-92.40,-0.1632,-2972.40,1,45.0,idle,+0.000,+0.000,+0.000,+0.000,1100,0,
1785512853.1853,2026-07-31T11:47:33.185,249.557,2513,,,,0,,,,-0.0654,-92.42,-0.1636,-2972.42,1,45.0,idle,+0.000,+0.000,+0.000,+0.000,1100,0,
1785512853.2847,2026-07-31T11:47:33.284,249.656,2514,,,,0,,,,-0.0652,-92.44,-0.1634,-2972.44,1,45.0,idle,+0.000,+0.000,+0.000,+0.000,1100,0,
1785512853.3836,2026-07-31T11:47:33.383,249.755,2515,,,,0,,,,-0.0610,-92.46,-0.1591,-2972.46,1,45.0,idle,+0.000,+0.000,+0.000,+0.000,1100,0,
1785512853.4837,2026-07-31T11:47:33.483,249.855,2516,,,,0,,,,-0.0656,-92.47,-0.1638,-2972.47,1,45.0,idle,+0.000,+0.000,+0.000,+0.000,1100,0,
1785512853.5843,2026-07-31T11:47:33.584,249.956,2517,,,,0,,,,-0.0629,-92.50,-0.1611,-2972.50,1,45.0,idle,+0.000,+0.000,+0.000,+0.000,1100,0,
1785512853.6836,2026-07-31T11:47:33.683,250.055,2518,,,,0,,,,-0.0656,-92.54,-0.1638,-2972.54,1,45.0,idle,+0.000,+0.000,+0.000,+0.000,1100,0,
1785512853.7825,2026-07-31T11:47:33.782,250.154,2519,,,,0,,,,-0.0643,-92.56,-0.1624,-2972.56,1,45.0,idle,+0.000,+0.000,+0.000,+0.000,1100,0,
1785512853.8820,2026-07-31T11:47:33.881,250.254,2520,,,,0,,,,-0.0669,-92.58,-0.1651,-2972.58,1,45.0,idle,+0.000,+0.000,+0.000,+0.000,1100,0,
1785512853.9809,2026-07-31T11:47:33.980,250.353,2521,,,,0,,,,-0.0642,-92.60,-0.1623,-2972.60,1,45.0,idle,+0.000,+0.000,+0.000,+0.000,1100,0,
1785512854.0795,2026-07-31T11:47:34.079,250.451,2522,,,,0,,,,-0.0630,-92.63,-0.1611,-2972.63,1,45.0,idle,+0.000,+0.000,+0.000,+0.000,1100,0,
1785512854.1788,2026-07-31T11:47:34.178,250.551,2523,,,,0,,,,-0.0637,-92.66,-0.1618,-2972.66,1,45.0,idle,+0.000,+0.000,+0.000,+0.000,1100,0,
1785512854.2781,2026-07-31T11:47:34.278,250.650,2524,,,,0,,,,-0.0643,-92.67,-0.1624,-2972.67,1,45.0,idle,+0.000,+0.000,+0.000,+0.000,1100,0,
1785512854.3782,2026-07-31T11:47:34.378,250.750,2525,,,,0,,,,-0.0635,-92.69,-0.1616,-2972.69,1,45.0,idle,+0.000,+0.000,+0.000,+0.000,1100,0,
1785512854.4770,2026-07-31T11:47:34.477,250.849,2526,,,,0,,,,-0.0686,-92.70,-0.1667,-2972.70,1,45.0,idle,+0.000,+0.000,+0.000,+0.000,1100,0,
1785512854.5756,2026-07-31T11:47:34.575,250.947,2527,,,,0,,,,-0.0691,-92.73,-0.1672,-2972.73,1,45.0,idle,+0.000,+0.000,+0.000,+0.000,1100,0,
1785512854.6750,2026-07-31T11:47:34.675,251.047,2528,,,,0,,,,-0.0630,-92.76,-0.1612,-2972.76,1,45.0,idle,+0.000,+0.000,+0.000,+0.000,1100,0,
1785512854.7740,2026-07-31T11:47:34.774,251.146,2529,,,,0,,,,-0.0656,-92.78,-0.1638,-2972.78,1,45.0,idle,+0.000,+0.000,+0.000,+0.000,1100,0,
1785512854.8753,2026-07-31T11:47:34.875,251.247,2530,,,,0,,,,-0.0621,-92.80,-0.1602,-2972.80,1,45.0,idle,+0.000,+0.000,+0.000,+0.000,1100,0,
1785512854.9736,2026-07-31T11:47:34.973,251.345,2531,,,,0,,,,-0.0674,-92.82,-0.1656,-2972.82,1,45.0,idle,+0.000,+0.000,+0.000,+0.000,1100,0,
1785512855.0731,2026-07-31T11:47:35.073,251.445,2532,,,,0,,,,-0.0653,-92.86,-0.1635,-2972.86,1,45.0,idle,+0.000,+0.000,+0.000,+0.000,1100,0,
1785512855.1717,2026-07-31T11:47:35.171,251.543,2533,,,,0,,,,-0.0666,-92.87,-0.1647,-2972.87,1,45.0,idle,+0.000,+0.000,+0.000,+0.000,1100,0,
1785512855.2707,2026-07-31T11:47:35.270,251.642,2534,,,,0,,,,-0.0631,-92.89,-0.1613,-2972.89,1,45.0,idle,+0.000,+0.000,+0.000,+0.000,1100,0,
1785512855.3702,2026-07-31T11:47:35.370,251.742,2535,,,,0,,,,-0.0645,-92.92,-0.1626,-2972.92,1,45.0,idle,+0.000,+0.000,+0.000,+0.000,1100,0,
1785512855.4688,2026-07-31T11:47:35.468,251.840,2536,,,,0,,,,-0.0632,-92.93,-0.1613,-2972.93,1,45.0,idle,+0.000,+0.000,+0.000,+0.000,1100,0,
1785512855.5683,2026-07-31T11:47:35.568,251.940,2537,,,,0,,,,-0.0669,-92.95,-0.1651,-2972.95,1,45.0,idle,+0.000,+0.000,+0.000,+0.000,1100,0,
1785512855.6693,2026-07-31T11:47:35.669,252.041,2538,,,,0,,,,-0.0636,-92.96,-0.1618,-2972.96,1,45.0,idle,+0.000,+0.000,+0.000,+0.000,1100,0,
1785512855.7693,2026-07-31T11:47:35.769,252.141,2539,,,,0,,,,-0.0632,-92.99,-0.1614,-2972.99,1,45.0,idle,+0.000,+0.000,+0.000,+0.000,1100,0,
1785512855.8683,2026-07-31T11:47:35.868,252.240,2540,,,,0,,,,-0.0608,-93.01,-0.1589,-2973.01,1,45.0,idle,+0.000,+0.000,+0.000,+0.000,1100,0,
1785512855.9666,2026-07-31T11:47:35.966,252.338,2541,,,,0,,,,-0.0622,-93.03,-0.1604,-2973.03,1,45.0,idle,+0.000,+0.000,+0.000,+0.000,1100,0,
1785512856.0662,2026-07-31T11:47:36.066,252.438,2542,,,,0,,,,-0.0615,-93.06,-0.1596,-2973.06,1,45.0,idle,+0.000,+0.000,+0.000,+0.000,1100,0,
1785512856.1650,2026-07-31T11:47:36.165,252.537,2543,,,,0,,,,-0.0676,-93.07,-0.1657,-2973.07,1,45.0,idle,+0.000,+0.000,+0.000,+0.000,1100,0,
1785512856.2644,2026-07-31T11:47:36.264,252.636,2544,,,,0,,,,-0.0656,-93.09,-0.1637,-2973.09,1,45.0,idle,+0.000,+0.000,+0.000,+0.000,1100,0,
1785512856.3635,2026-07-31T11:47:36.363,252.735,2545,,,,0,,,,-0.0682,-93.12,-0.1664,-2973.12,1,45.0,idle,+0.000,+0.000,+0.000,+0.000,1100,0,
1785512856.4626,2026-07-31T11:47:36.462,252.834,2546,,,,0,,,,-0.0627,-93.14,-0.1608,-2973.14,1,45.0,idle,+0.000,+0.000,+0.000,+0.000,1100,0,
1785512856.5623,2026-07-31T11:47:36.562,252.934,2547,,,,0,,,,-0.0603,-93.18,-0.1584,-2973.18,1,45.0,idle,+0.000,+0.000,+0.000,+0.000,1100,0,
1785512856.6624,2026-07-31T11:47:36.662,253.034,2548,,,,0,,,,-0.0635,-93.19,-0.1616,-2973.19,1,45.0,idle,+0.000,+0.000,+0.000,+0.000,1100,0,
1785512856.7624,2026-07-31T11:47:36.762,253.134,2549,,,,0,,,,-0.0649,-93.22,-0.1631,-2973.22,1,45.0,idle,+0.000,+0.000,+0.000,+0.000,1100,0,
1785512856.8624,2026-07-31T11:47:36.862,253.234,2550,,,,0,,,,-0.0644,-93.25,-0.1625,-2973.25,1,45.0,idle,+0.000,+0.000,+0.000,+0.000,1100,0,
1785512856.9618,2026-07-31T11:47:36.961,253.333,2551,,,,0,,,,-0.0678,-93.27,-0.1660,-2973.27,1,45.0,idle,+0.000,+0.000,+0.000,+0.000,1100,0,
1785512857.0611,2026-07-31T11:47:37.061,253.433,2552,,,,0,,,,-0.0638,-93.29,-0.1619,-2973.29,1,45.0,idle,+0.000,+0.000,+0.000,+0.000,1100,0,
1785512857.1603,2026-07-31T11:47:37.160,253.532,2553,,,,0,,,,-0.0617,-93.30,-0.1598,-2973.30,1,45.0,idle,+0.000,+0.000,+0.000,+0.000,1100,0,
1785512857.2590,2026-07-31T11:47:37.259,253.631,2554,,,,0,,,,-0.0635,-93.34,-0.1617,-2973.34,1,45.0,idle,+0.000,+0.000,+0.000,+0.000,1100,0,
1785512857.3575,2026-07-31T11:47:37.357,253.729,2555,,,,0,,,,-0.0650,-93.36,-0.1632,-2973.36,1,45.0,idle,+0.000,+0.000,+0.000,+0.000,1100,0,
1785512857.4570,2026-07-31T11:47:37.457,253.829,2556,,,,0,,,,-0.0642,-93.38,-0.1623,-2973.38,1,45.0,idle,+0.000,+0.000,+0.000,+0.000,1100,0,
1785512857.5565,2026-07-31T11:47:37.556,253.928,2557,,,,0,,,,-0.0637,-93.41,-0.1619,-2973.41,1,45.0,idle,+0.000,+0.000,+0.000,+0.000,1100,0,
1785512857.6565,2026-07-31T11:47:37.656,254.028,2558,,,,0,,,,-0.0637,-93.42,-0.1619,-2973.42,1,45.0,idle,+0.000,+0.000,+0.000,+0.000,1100,0,
1785512857.7556,2026-07-31T11:47:37.755,254.127,2559,,,,0,,,,-0.0646,-93.45,-0.1628,-2973.45,1,45.0,idle,+0.000,+0.000,+0.000,+0.000,1100,0,
1785512857.8549,2026-07-31T11:47:37.854,254.227,2560,,,,0,,,,-0.0637,-93.49,-0.1618,-2973.49,1,45.0,idle,+0.000,+0.000,+0.000,+0.000,1100,0,
1785512857.9537,2026-07-31T11:47:37.953,254.325,2561,,,,0,,,,-0.0637,-93.50,-0.1618,-2973.50,1,45.0,idle,+0.000,+0.000,+0.000,+0.000,1100,0,
1785512858.0527,2026-07-31T11:47:38.052,254.424,2562,,,,0,,,,-0.0601,-93.53,-0.1582,-2973.53,1,45.0,idle,+0.000,+0.000,+0.000,+0.000,1100,0,
1785512858.1518,2026-07-31T11:47:38.151,254.524,2563,,,,0,,,,-0.0640,-93.54,-0.1621,-2973.54,1,45.0,idle,+0.000,+0.000,+0.000,+0.000,1100,0,
1785512858.2507,2026-07-31T11:47:38.250,254.622,2564,,,,0,,,,-0.0677,-93.57,-0.1659,-2973.57,1,45.0,idle,+0.000,+0.000,+0.000,+0.000,1100,0,
1785512858.3496,2026-07-31T11:47:38.349,254.721,2565,,,,0,,,,-0.0658,-93.58,-0.1639,-2973.58,1,45.0,idle,+0.000,+0.000,+0.000,+0.000,1100,0,
1785512858.4486,2026-07-31T11:47:38.448,254.820,2566,,,,0,,,,-0.0669,-93.61,-0.1650,-2973.61,1,45.0,idle,+0.000,+0.000,+0.000,+0.000,1100,0,
1785512858.5487,2026-07-31T11:47:38.548,254.920,2567,,,,0,,,,-0.0606,-93.64,-0.1587,-2973.64,1,45.0,idle,+0.000,+0.000,+0.000,+0.000,1100,0,
1785512858.6476,2026-07-31T11:47:38.647,255.019,2568,,,,0,,,,-0.0632,-93.66,-0.1613,-2973.66,1,45.0,idle,+0.000,+0.000,+0.000,+0.000,1100,0,
1785512858.7472,2026-07-31T11:47:38.747,255.119,2569,,,,0,,,,-0.0625,-93.69,-0.1607,-2973.69,1,45.0,idle,+0.000,+0.000,+0.000,+0.000,1100,0,
1785512858.8457,2026-07-31T11:47:38.845,255.217,2570,,,,0,,,,-0.0630,-93.70,-0.1611,-2973.70,1,45.0,idle,+0.000,+0.000,+0.000,+0.000,1100,0,
1785512858.9456,2026-07-31T11:47:38.945,255.317,2571,,,,0,,,,-0.0613,-93.71,-0.1595,-2973.71,1,45.0,idle,+0.000,+0.000,+0.000,+0.000,1100,0,
1785512859.0448,2026-07-31T11:47:39.044,255.416,2572,,,,0,,,,-0.0681,-93.76,-0.1662,-2973.76,1,45.0,idle,+0.000,+0.000,+0.000,+0.000,1100,0,
1785512859.1438,2026-07-31T11:47:39.143,255.515,2573,,,,0,,,,-0.0660,-93.77,-0.1641,-2973.77,1,45.0,idle,+0.000,+0.000,+0.000,+0.000,1100,0,
1785512859.2426,2026-07-31T11:47:39.242,255.614,2574,,,,0,,,,-0.0654,-93.79,-0.1635,-2973.79,1,45.0,idle,+0.000,+0.000,+0.000,+0.000,1100,0,
1785512859.3428,2026-07-31T11:47:39.342,255.714,2575,,,,0,,,,-0.0681,-93.82,-0.1662,-2973.82,1,45.0,idle,+0.000,+0.000,+0.000,+0.000,1100,0,
1785512859.4423,2026-07-31T11:47:39.442,255.814,2576,,,,0,,,,-0.0634,-93.85,-0.1615,-2973.85,1,45.0,idle,+0.000,+0.000,+0.000,+0.000,1100,0,
1785512859.5411,2026-07-31T11:47:39.541,255.913,2577,,,,0,,,,-0.0616,-93.87,-0.1597,-2973.87,1,45.0,idle,+0.000,+0.000,+0.000,+0.000,1100,0,
1785512859.6405,2026-07-31T11:47:39.640,256.012,2578,,,,0,,,,-0.0645,-93.90,-0.1626,-2973.90,1,45.0,idle,+0.000,+0.000,+0.000,+0.000,1100,0,
1785512859.7403,2026-07-31T11:47:39.740,256.112,2579,,,,0,,,,-0.0632,-93.93,-0.1613,-2973.93,1,45.0,idle,+0.000,+0.000,+0.000,+0.000,1100,0,
1785512859.8388,2026-07-31T11:47:39.838,256.210,2580,,,,0,,,,-0.0661,-93.94,-0.1642,-2973.94,1,45.0,idle,+0.000,+0.000,+0.000,+0.000,1100,0,
1785512859.9377,2026-07-31T11:47:39.937,256.309,2581,,,,0,,,,-0.0637,-93.97,-0.1619,-2973.97,1,45.0,idle,+0.000,+0.000,+0.000,+0.000,1100,0,
1785512860.0368,2026-07-31T11:47:40.036,256.409,2582,,,,0,,,,-0.0686,-93.98,-0.1667,-2973.98,1,45.0,idle,+0.000,+0.000,+0.000,+0.000,1100,0,
1785512860.1363,2026-07-31T11:47:40.136,256.508,2583,,,,0,,,,-0.0650,-94.01,-0.1631,-2974.01,1,45.0,idle,+0.000,+0.000,+0.000,+0.000,1100,0,
1785512860.2346,2026-07-31T11:47:40.234,256.606,2584,,,,0,,,,-0.0635,-94.02,-0.1617,-2974.02,1,45.0,idle,+0.000,+0.000,+0.000,+0.000,1100,0,
1785512860.3357,2026-07-31T11:47:40.335,256.707,2585,,,,0,,,,-0.0616,-94.05,-0.1597,-2974.05,1,45.0,idle,+0.000,+0.000,+0.000,+0.000,1100,0,
1785512860.4355,2026-07-31T11:47:40.435,256.807,2586,,,,0,,,,-0.0628,-94.09,-0.1609,-2974.09,1,45.0,idle,+0.000,+0.000,+0.000,+0.000,1100,0,
1785512860.5353,2026-07-31T11:47:40.535,256.907,2587,,,,0,,,,-0.0615,-94.10,-0.1596,-2974.10,1,45.0,idle,+0.000,+0.000,+0.000,+0.000,1100,0,
1785512860.6353,2026-07-31T11:47:40.635,257.007,2588,,,,0,,,,-0.0628,-94.12,-0.1609,-2974.12,1,45.0,idle,+0.000,+0.000,+0.000,+0.000,1100,0,
1785512860.7339,2026-07-31T11:47:40.733,257.106,2589,,,,0,,,,-0.0631,-94.15,-0.1612,-2974.15,1,45.0,idle,+0.000,+0.000,+0.000,+0.000,1100,0,
1785512860.8335,2026-07-31T11:47:40.833,257.205,2590,,,,0,,,,-0.0647,-94.16,-0.1629,-2974.16,1,45.0,idle,+0.000,+0.000,+0.000,+0.000,1100,0,
1785512860.9316,2026-07-31T11:47:40.931,257.303,2591,,,,0,,,,-0.0646,-94.18,-0.1627,-2974.18,1,45.0,idle,+0.000,+0.000,+0.000,+0.000,1100,0,
1785512861.0334,2026-07-31T11:47:41.033,257.405,2592,,,,0,,,,-0.0634,-94.20,-0.1616,-2974.20,1,45.0,idle,+0.000,+0.000,+0.000,+0.000,1100,0,
1785512861.1331,2026-07-31T11:47:41.133,257.505,2593,,,,0,,,,-0.0648,-94.22,-0.1630,-2974.22,1,45.0,idle,+0.000,+0.000,+0.000,+0.000,1100,0,
1785512861.2324,2026-07-31T11:47:41.232,257.604,2594,,,,0,,,,-0.0657,-94.24,-0.1638,-2974.24,1,45.0,idle,+0.000,+0.000,+0.000,+0.000,1100,0,
1785512861.3326,2026-07-31T11:47:41.332,257.704,2595,,,,0,,,,-0.0635,-94.26,-0.1616,-2974.26,1,45.0,idle,+0.000,+0.000,+0.000,+0.000,1100,0,
1785512861.4326,2026-07-31T11:47:41.432,257.804,2596,,,,0,,,,-0.0677,-94.28,-0.1659,-2974.28,1,45.0,idle,+0.000,+0.000,+0.000,+0.000,1100,0,
1785512861.5312,2026-07-31T11:47:41.531,257.903,2597,,,,0,,,,-0.0639,-94.29,-0.1620,-2974.29,1,45.0,idle,+0.000,+0.000,+0.000,+0.000,1100,0,
1785512861.6307,2026-07-31T11:47:41.630,258.002,2598,,,,0,,,,-0.0670,-94.31,-0.1652,-2974.31,1,45.0,idle,+0.000,+0.000,+0.000,+0.000,1100,0,
1785512861.7298,2026-07-31T11:47:41.729,258.102,2599,,,,0,,,,-0.0617,-94.34,-0.1599,-2974.34,1,45.0,idle,+0.000,+0.000,+0.000,+0.000,1100,0,
1785512861.8289,2026-07-31T11:47:41.828,258.201,2600,,,,0,,,,-0.0662,-94.35,-0.1643,-2974.35,1,45.0,idle,+0.000,+0.000,+0.000,+0.000,1100,0,
1785512861.9281,2026-07-31T11:47:41.928,258.300,2601,,,,0,,,,-0.0662,-94.39,-0.1644,-2974.39,1,45.0,idle,+0.000,+0.000,+0.000,+0.000,1100,0,
1785512862.0278,2026-07-31T11:47:42.027,258.400,2602,,,,0,,,,-0.0669,-94.40,-0.1651,-2974.40,1,45.0,idle,+0.000,+0.000,+0.000,+0.000,1100,0,
1785512862.1281,2026-07-31T11:47:42.128,258.500,2603,,,,0,,,,-0.0654,-94.42,-0.1635,-2974.42,1,45.0,idle,+0.000,+0.000,+0.000,+0.000,1100,0,
1785512862.2267,2026-07-31T11:47:42.226,258.598,2604,,,,0,,,,-0.0660,-94.45,-0.1641,-2974.45,1,45.0,idle,+0.000,+0.000,+0.000,+0.000,1100,0,
1785512862.3258,2026-07-31T11:47:42.325,258.697,2605,,,,0,,,,-0.0646,-94.46,-0.1628,-2974.46,1,45.0,idle,+0.000,+0.000,+0.000,+0.000,1100,0,
1785512862.4255,2026-07-31T11:47:42.425,258.797,2606,,,,0,,,,-0.0659,-94.48,-0.1640,-2974.48,1,45.0,idle,+0.000,+0.000,+0.000,+0.000,1100,0,
1785512862.5252,2026-07-31T11:47:42.525,258.897,2607,,,,0,,,,-0.0657,-94.50,-0.1638,-2974.50,1,45.0,idle,+0.000,+0.000,+0.000,+0.000,1100,0,
1785512862.6245,2026-07-31T11:47:42.624,258.996,2608,,,,0,,,,-0.0665,-94.52,-0.1647,-2974.52,1,45.0,idle,+0.000,+0.000,+0.000,+0.000,1100,0,
1785512862.7230,2026-07-31T11:47:42.722,259.095,2609,,,,0,,,,-0.0638,-94.55,-0.1619,-2974.55,1,45.0,idle,+0.000,+0.000,+0.000,+0.000,1100,0,
1785512862.8218,2026-07-31T11:47:42.821,259.193,2610,,,,0,,,,-0.0627,-94.55,-0.1608,-2974.55,1,45.0,idle,+0.000,+0.000,+0.000,+0.000,1100,0,
1785512862.9207,2026-07-31T11:47:42.920,259.292,2611,,,,0,,,,-0.0659,-94.58,-0.1641,-2974.58,1,45.0,idle,+0.000,+0.000,+0.000,+0.000,1100,0,
1785512863.0204,2026-07-31T11:47:43.020,259.392,2612,,,,0,,,,-0.0678,-94.59,-0.1660,-2974.59,1,45.0,idle,+0.000,+0.000,+0.000,+0.000,1100,0,
1785512863.1190,2026-07-31T11:47:43.119,259.491,2613,,,,0,,,,-0.0612,-94.62,-0.1593,-2974.62,1,45.0,idle,+0.000,+0.000,+0.000,+0.000,1100,0,
1785512863.2183,2026-07-31T11:47:43.218,259.590,2614,,,,0,,,,-0.0632,-94.63,-0.1614,-2974.63,1,45.0,idle,+0.000,+0.000,+0.000,+0.000,1100,0,
1785512863.3185,2026-07-31T11:47:43.318,259.690,2615,,,,0,,,,-0.0637,-94.66,-0.1618,-2974.66,1,45.0,idle,+0.000,+0.000,+0.000,+0.000,1100,0,
1785512863.4178,2026-07-31T11:47:43.417,259.789,2616,,,,0,,,,-0.0616,-94.67,-0.1598,-2974.67,1,45.0,idle,+0.000,+0.000,+0.000,+0.000,1100,0,
1785512863.5180,2026-07-31T11:47:43.517,259.890,2617,,,,0,,,,-0.0689,-94.71,-0.1671,-2974.71,1,45.0,idle,+0.000,+0.000,+0.000,+0.000,1100,0,
1785512863.6173,2026-07-31T11:47:43.617,259.989,2618,,,,0,,,,-0.0645,-94.73,-0.1626,-2974.73,1,45.0,idle,+0.000,+0.000,+0.000,+0.000,1100,0,
1785512863.7161,2026-07-31T11:47:43.716,260.088,2619,,,,0,,,,-0.0646,-94.75,-0.1627,-2974.75,1,45.0,idle,+0.000,+0.000,+0.000,+0.000,1100,0,
1785512863.8151,2026-07-31T11:47:43.815,260.187,2620,,,,0,,,,-0.0647,-94.77,-0.1628,-2974.77,1,45.0,idle,+0.000,+0.000,+0.000,+0.000,1100,0,
1785512863.9139,2026-07-31T11:47:43.913,260.286,2621,,,,0,,,,-0.0676,-94.79,-0.1657,-2974.79,1,45.0,idle,+0.000,+0.000,+0.000,+0.000,1100,0,
1785512864.0135,2026-07-31T11:47:44.013,260.385,2622,,,,0,,,,-0.0666,-94.81,-0.1648,-2974.81,1,45.0,idle,+0.000,+0.000,+0.000,+0.000,1100,0,
1785512864.1127,2026-07-31T11:47:44.112,260.484,2623,,,,0,,,,-0.0644,-94.84,-0.1625,-2974.84,1,45.0,idle,+0.000,+0.000,+0.000,+0.000,1100,0,
1785512864.2117,2026-07-31T11:47:44.211,260.583,2624,,,,0,,,,-0.0660,-94.85,-0.1641,-2974.85,1,45.0,idle,+0.000,+0.000,+0.000,+0.000,1100,0,
1785512864.3117,2026-07-31T11:47:44.311,260.683,2625,,,,0,,,,-0.0686,-94.87,-0.1667,-2974.87,1,45.0,idle,+0.000,+0.000,+0.000,+0.000,1100,0,
1785512864.4109,2026-07-31T11:47:44.410,260.783,2626,,,,0,,,,-0.0710,-94.88,-0.1692,-2974.88,1,45.0,idle,+0.000,+0.000,+0.000,+0.000,1100,0,
1785512864.5099,2026-07-31T11:47:44.509,260.882,2627,,,,0,,,,-0.0649,-94.91,-0.1630,-2974.91,1,45.0,idle,+0.000,+0.000,+0.000,+0.000,1100,0,
1785512864.6092,2026-07-31T11:47:44.609,260.981,2628,,,,0,,,,-0.0659,-94.94,-0.1640,-2974.94,1,45.0,idle,+0.000,+0.000,+0.000,+0.000,1100,0,
1785512864.7084,2026-07-31T11:47:44.708,261.080,2629,,,,0,,,,-0.0673,-94.95,-0.1654,-2974.95,1,45.0,idle,+0.000,+0.000,+0.000,+0.000,1100,0,
1785512864.8075,2026-07-31T11:47:44.807,261.179,2630,,,,0,,,,-0.0683,-94.99,-0.1664,-2974.99,1,45.0,idle,+0.000,+0.000,+0.000,+0.000,1100,0,
1785512864.9066,2026-07-31T11:47:44.906,261.278,2631,,,,0,,,,-0.0627,-95.01,-0.1608,-2975.01,1,45.0,idle,+0.000,+0.000,+0.000,+0.000,1100,0,
1785512865.0059,2026-07-31T11:47:45.005,261.378,2632,,,,0,,,,-0.0692,-95.02,-0.1674,-2975.02,1,45.0,idle,+0.000,+0.000,+0.000,+0.000,1100,0,
1785512865.1066,2026-07-31T11:47:45.106,261.478,2633,,,,0,,,,-0.0642,-95.05,-0.1623,-2975.05,1,45.0,idle,+0.000,+0.000,+0.000,+0.000,1100,0,
1785512865.2066,2026-07-31T11:47:45.206,261.578,2634,,,,0,,,,-0.0629,-95.07,-0.1610,-2975.07,1,45.0,idle,+0.000,+0.000,+0.000,+0.000,1100,0,
1785512865.3063,2026-07-31T11:47:45.306,261.678,2635,,,,0,,,,-0.0671,-95.10,-0.1653,-2975.10,1,45.0,idle,+0.000,+0.000,+0.000,+0.000,1100,0,
1785512865.4060,2026-07-31T11:47:45.406,261.778,2636,,,,0,,,,-0.0661,-95.12,-0.1642,-2975.12,1,45.0,idle,+0.000,+0.000,+0.000,+0.000,1100,0,
1785512865.5052,2026-07-31T11:47:45.505,261.877,2637,,,,0,,,,-0.0667,-95.14,-0.1649,-2975.14,1,45.0,idle,+0.000,+0.000,+0.000,+0.000,1100,0,
1785512865.6055,2026-07-31T11:47:45.605,261.977,2638,,,,0,,,,-0.0668,-95.16,-0.1649,-2975.16,1,45.0,idle,+0.000,+0.000,+0.000,+0.000,1100,0,
1785512865.7040,2026-07-31T11:47:45.704,262.076,2639,,,,0,,,,-0.0663,-95.17,-0.1644,-2975.17,1,45.0,idle,+0.000,+0.000,+0.000,+0.000,1100,0,
1785512865.8030,2026-07-31T11:47:45.802,262.175,2640,,,,0,,,,-0.0643,-95.20,-0.1624,-2975.20,1,45.0,idle,+0.000,+0.000,+0.000,+0.000,1100,0,
1785512865.9022,2026-07-31T11:47:45.902,262.274,2641,,,,0,,,,-0.0658,-95.22,-0.1640,-2975.22,1,45.0,idle,+0.000,+0.000,+0.000,+0.000,1100,0,
1785512866.0013,2026-07-31T11:47:46.001,262.373,2642,,,,0,,,,-0.0627,-95.23,-0.1608,-2975.23,1,45.0,idle,+0.000,+0.000,+0.000,+0.000,1100,0,
1785512866.1006,2026-07-31T11:47:46.100,262.472,2643,,,,0,,,,-0.0624,-95.25,-0.1605,-2975.25,1,45.0,idle,+0.000,+0.000,+0.000,+0.000,1100,0,
1785512866.1993,2026-07-31T11:47:46.199,262.571,2644,,,,0,,,,-0.0696,-95.26,-0.1678,-2975.26,1,45.0,idle,+0.000,+0.000,+0.000,+0.000,1100,0,
1785512866.2979,2026-07-31T11:47:46.297,262.670,2645,,,,0,,,,-0.0669,-95.29,-0.1650,-2975.29,1,45.0,idle,+0.000,+0.000,+0.000,+0.000,1100,0,
1785512866.3970,2026-07-31T11:47:46.397,262.769,2646,,,,0,,,,-0.0671,-95.30,-0.1652,-2975.30,1,45.0,idle,+0.000,+0.000,+0.000,+0.000,1100,0,
1785512866.4963,2026-07-31T11:47:46.496,262.868,2647,,,,0,,,,-0.0660,-95.33,-0.1642,-2975.33,1,45.0,idle,+0.000,+0.000,+0.000,+0.000,1100,0,
1785512866.5966,2026-07-31T11:47:46.596,262.968,2648,,,,0,,,,-0.0691,-95.36,-0.1673,-2975.36,1,45.0,idle,+0.000,+0.000,+0.000,+0.000,1100,0,
1785512866.6961,2026-07-31T11:47:46.696,263.068,2649,,,,0,,,,-0.0676,-95.37,-0.1657,-2975.37,1,45.0,idle,+0.000,+0.000,+0.000,+0.000,1100,0,
1785512866.7957,2026-07-31T11:47:46.795,263.167,2650,,,,0,,,,-0.0665,-95.39,-0.1647,-2975.39,1,45.0,idle,+0.000,+0.000,+0.000,+0.000,1100,0,
1785512866.8951,2026-07-31T11:47:46.895,263.267,2651,,,,0,,,,-0.0646,-95.41,-0.1627,-2975.41,1,45.0,idle,+0.000,+0.000,+0.000,+0.000,1100,0,
1785512866.9956,2026-07-31T11:47:46.995,263.367,2652,,,,0,,,,-0.0670,-95.44,-0.1651,-2975.44,1,45.0,idle,+0.000,+0.000,+0.000,+0.000,1100,0,
1785512867.0944,2026-07-31T11:47:47.094,263.466,2653,,,,0,,,,-0.0680,-95.45,-0.1661,-2975.45,1,45.0,idle,+0.000,+0.000,+0.000,+0.000,1100,0,
1785512867.1934,2026-07-31T11:47:47.193,263.565,2654,,,,0,,,,-0.0632,-95.48,-0.1613,-2975.48,1,45.0,idle,+0.000,+0.000,+0.000,+0.000,1100,0,
1785512867.2919,2026-07-31T11:47:47.291,263.664,2655,,,,0,,,,-0.0671,-95.50,-0.1653,-2975.50,1,45.0,idle,+0.000,+0.000,+0.000,+0.000,1100,0,
1785512867.3927,2026-07-31T11:47:47.392,263.764,2656,,,,0,,,,-0.0679,-95.52,-0.1661,-2975.52,1,45.0,idle,+0.000,+0.000,+0.000,+0.000,1100,0,
1785512867.4946,2026-07-31T11:47:47.494,263.866,2657,,,,0,,,,-0.0662,-95.55,-0.1644,-2975.55,1,45.0,idle,+0.000,+0.000,+0.000,+0.000,1100,0,
1785512867.5930,2026-07-31T11:47:47.593,263.965,2658,,,,0,,,,-0.0670,-95.58,-0.1652,-2975.58,1,45.0,idle,+0.000,+0.000,+0.000,+0.000,1100,0,
1785512867.6927,2026-07-31T11:47:47.692,264.064,2659,,,,0,,,,-0.0635,-95.59,-0.1616,-2975.59,1,45.0,idle,+0.000,+0.000,+0.000,+0.000,1100,0,
1785512867.7924,2026-07-31T11:47:47.792,264.164,2660,,,,0,,,,-0.0630,-95.62,-0.1612,-2975.62,1,45.0,idle,+0.000,+0.000,+0.000,+0.000,1100,0,
1785512867.8917,2026-07-31T11:47:47.891,264.263,2661,,,,0,,,,-0.0686,-95.64,-0.1667,-2975.64,1,45.0,idle,+0.000,+0.000,+0.000,+0.000,1100,0,
1785512867.9908,2026-07-31T11:47:47.990,264.362,2662,,,,0,,,,-0.0640,-95.67,-0.1621,-2975.67,1,45.0,idle,+0.000,+0.000,+0.000,+0.000,1100,0,
1785512868.0908,2026-07-31T11:47:48.090,264.463,2663,,,,0,,,,-0.0636,-95.68,-0.1617,-2975.68,1,45.0,idle,+0.000,+0.000,+0.000,+0.000,1100,0,
1785512868.1907,2026-07-31T11:47:48.190,264.562,2664,,,,0,,,,-0.0640,-95.71,-0.1622,-2975.71,1,45.0,idle,+0.000,+0.000,+0.000,+0.000,1100,0,
1785512868.2927,2026-07-31T11:47:48.292,264.664,2665,,,,0,,,,-0.0645,-95.74,-0.1627,-2975.74,1,45.0,idle,+0.000,+0.000,+0.000,+0.000,1100,0,
1785512868.3915,2026-07-31T11:47:48.391,264.763,2666,,,,0,,,,-0.0664,-95.75,-0.1645,-2975.75,1,45.0,idle,+0.000,+0.000,+0.000,+0.000,1100,0,
1785512868.4908,2026-07-31T11:47:48.490,264.862,2667,,,,0,,,,-0.0665,-95.78,-0.1646,-2975.78,1,45.0,idle,+0.000,+0.000,+0.000,+0.000,1100,0,
1785512868.5908,2026-07-31T11:47:48.590,264.963,2668,,,,0,,,,-0.0647,-95.80,-0.1629,-2975.80,1,45.0,idle,+0.000,+0.000,+0.000,+0.000,1100,0,
1785512868.6902,2026-07-31T11:47:48.690,265.062,2669,,,,0,,,,-0.0625,-95.82,-0.1606,-2975.82,1,45.0,idle,+0.000,+0.000,+0.000,+0.000,1100,0,
1785512868.7889,2026-07-31T11:47:48.788,265.161,2670,,,,0,,,,-0.0711,-95.84,-0.1692,-2975.84,1,45.0,idle,+0.000,+0.000,+0.000,+0.000,1100,0,
1785512868.8882,2026-07-31T11:47:48.888,265.260,2671,,,,0,,,,-0.0667,-95.85,-0.1649,-2975.85,1,45.0,idle,+0.000,+0.000,+0.000,+0.000,1100,0,
1785512868.9877,2026-07-31T11:47:48.987,265.359,2672,,,,0,,,,-0.0618,-95.88,-0.1599,-2975.88,1,45.0,idle,+0.000,+0.000,+0.000,+0.000,1100,0,
1785512869.0865,2026-07-31T11:47:49.086,265.458,2673,,,,0,,,,-0.0648,-95.90,-0.1629,-2975.90,1,45.0,idle,+0.000,+0.000,+0.000,+0.000,1100,0,
1785512869.1849,2026-07-31T11:47:49.184,265.557,2674,,,,0,,,,-0.0624,-95.92,-0.1605,-2975.92,1,45.0,idle,+0.000,+0.000,+0.000,+0.000,1100,0,
1785512869.2843,2026-07-31T11:47:49.284,265.656,2675,,,,0,,,,-0.0628,-95.94,-0.1609,-2975.94,1,45.0,idle,+0.000,+0.000,+0.000,+0.000,1100,0,
1785512869.3834,2026-07-31T11:47:49.383,265.755,2676,,,,0,,,,-0.0670,-95.95,-0.1651,-2975.95,1,45.0,idle,+0.000,+0.000,+0.000,+0.000,1100,0,
1785512869.4829,2026-07-31T11:47:49.482,265.855,2677,,,,0,,,,-0.0665,-95.98,-0.1646,-2975.98,1,45.0,idle,+0.000,+0.000,+0.000,+0.000,1100,0,
1785512869.5836,2026-07-31T11:47:49.583,265.955,2678,,,,0,,,,-0.0648,-96.01,-0.1629,-2976.01,1,45.0,idle,+0.000,+0.000,+0.000,+0.000,1100,0,
1785512869.6836,2026-07-31T11:47:49.683,266.055,2679,,,,0,,,,-0.0626,-96.03,-0.1607,-2976.03,1,45.0,idle,+0.000,+0.000,+0.000,+0.000,1100,0,
1785512869.7823,2026-07-31T11:47:49.782,266.154,2680,,,,0,,,,-0.0617,-96.05,-0.1599,-2976.05,1,45.0,idle,+0.000,+0.000,+0.000,+0.000,1100,0,
1785512869.8814,2026-07-31T11:47:49.881,266.253,2681,,,,0,,,,-0.0622,-96.07,-0.1603,-2976.07,1,45.0,idle,+0.000,+0.000,+0.000,+0.000,1100,0,
1785512869.9819,2026-07-31T11:47:49.981,266.354,2682,,,,0,,,,-0.0637,-96.10,-0.1619,-2976.10,1,45.0,idle,+0.000,+0.000,+0.000,+0.000,1100,0,
1785512870.0811,2026-07-31T11:47:50.081,266.453,2683,,,,0,,,,-0.0681,-96.13,-0.1662,-2976.13,1,45.0,idle,+0.000,+0.000,+0.000,+0.000,1100,0,
1785512870.1805,2026-07-31T11:47:50.180,266.552,2684,,,,0,,,,-0.0685,-96.14,-0.1666,-2976.14,1,45.0,idle,+0.000,+0.000,+0.000,+0.000,1100,0,
1785512870.2794,2026-07-31T11:47:50.279,266.651,2685,,,,0,,,,-0.0672,-96.17,-0.1654,-2976.17,1,45.0,idle,+0.000,+0.000,+0.000,+0.000,1100,0,
1785512870.3780,2026-07-31T11:47:50.378,266.750,2686,,,,0,,,,-0.0634,-96.18,-0.1615,-2976.18,1,45.0,idle,+0.000,+0.000,+0.000,+0.000,1100,0,
1785512870.4778,2026-07-31T11:47:50.477,266.849,2687,,,,0,,,,-0.0636,-96.21,-0.1617,-2976.21,1,45.0,idle,+0.000,+0.000,+0.000,+0.000,1100,0,
1785512870.5772,2026-07-31T11:47:50.577,266.949,2688,,,,0,,,,-0.0661,-96.23,-0.1642,-2976.23,1,45.0,idle,+0.000,+0.000,+0.000,+0.000,1100,0,
1785512870.6763,2026-07-31T11:47:50.676,267.048,2689,,,,0,,,,-0.0700,-96.26,-0.1681,-2976.26,1,45.0,idle,+0.000,+0.000,+0.000,+0.000,1100,0,
1785512870.7757,2026-07-31T11:47:50.775,267.147,2690,,,,0,,,,-0.0650,-96.28,-0.1631,-2976.28,1,45.0,idle,+0.000,+0.000,+0.000,+0.000,1100,0,
1785512870.8757,2026-07-31T11:47:50.875,267.247,2691,,,,0,,,,-0.0672,-96.29,-0.1653,-2976.29,1,45.0,idle,+0.000,+0.000,+0.000,+0.000,1100,0,
1785512870.9750,2026-07-31T11:47:50.975,267.347,2692,,,,0,,,,-0.0654,-96.32,-0.1635,-2976.32,1,45.0,idle,+0.000,+0.000,+0.000,+0.000,1100,0,
1785512871.0746,2026-07-31T11:47:51.074,267.446,2693,,,,0,,,,-0.0598,-96.32,-0.1579,-2976.32,1,45.0,idle,+0.000,+0.000,+0.000,+0.000,1100,0,
1785512871.1736,2026-07-31T11:47:51.173,267.545,2694,,,,0,,,,-0.0608,-96.35,-0.1589,-2976.35,1,45.0,idle,+0.000,+0.000,+0.000,+0.000,1100,0,
1785512871.2725,2026-07-31T11:47:51.272,267.644,2695,,,,0,,,,-0.0656,-96.37,-0.1637,-2976.37,1,45.0,idle,+0.000,+0.000,+0.000,+0.000,1100,0,
1785512871.3716,2026-07-31T11:47:51.371,267.743,2696,,,,0,,,,-0.0676,-96.39,-0.1658,-2976.39,1,45.0,idle,+0.000,+0.000,+0.000,+0.000,1100,0,
1785512871.4703,2026-07-31T11:47:51.470,267.842,2697,,,,0,,,,-0.0627,-96.43,-0.1608,-2976.43,1,45.0,idle,+0.000,+0.000,+0.000,+0.000,1100,0,
1785512871.5695,2026-07-31T11:47:51.569,267.941,2698,,,,0,,,,-0.0657,-96.45,-0.1638,-2976.45,1,45.0,idle,+0.000,+0.000,+0.000,+0.000,1100,0,
1785512871.6685,2026-07-31T11:47:51.668,268.040,2699,,,,0,,,,-0.0654,-96.48,-0.1635,-2976.48,1,45.0,idle,+0.000,+0.000,+0.000,+0.000,1100,0,
1785512871.7677,2026-07-31T11:47:51.767,268.139,2700,,,,0,,,,-0.0615,-96.49,-0.1596,-2976.49,1,45.0,idle,+0.000,+0.000,+0.000,+0.000,1100,0,
1785512871.8668,2026-07-31T11:47:51.866,268.239,2701,,,,0,,,,-0.0657,-96.51,-0.1639,-2976.51,1,45.0,idle,+0.000,+0.000,+0.000,+0.000,1100,0,
1785512871.9657,2026-07-31T11:47:51.965,268.337,2702,,,,0,,,,-0.0636,-96.54,-0.1618,-2976.54,1,45.0,idle,+0.000,+0.000,+0.000,+0.000,1100,0,
1785512872.0644,2026-07-31T11:47:52.064,268.436,2703,,,,0,,,,-0.0622,-96.55,-0.1603,-2976.55,1,45.0,idle,+0.000,+0.000,+0.000,+0.000,1100,0,
1785512872.1635,2026-07-31T11:47:52.163,268.535,2704,,,,0,,,,-0.0634,-96.58,-0.1615,-2976.58,1,45.0,idle,+0.000,+0.000,+0.000,+0.000,1100,0,
1785512872.2631,2026-07-31T11:47:52.263,268.635,2705,,,,0,,,,-0.0640,-96.60,-0.1621,-2976.60,1,45.0,idle,+0.000,+0.000,+0.000,+0.000,1100,0,
1785512872.3620,2026-07-31T11:47:52.362,268.734,2706,,,,0,,,,-0.0669,-96.63,-0.1651,-2976.63,1,45.0,idle,+0.000,+0.000,+0.000,+0.000,1100,0,
1785512872.4614,2026-07-31T11:47:52.461,268.833,2707,,,,0,,,,-0.0623,-96.66,-0.1604,-2976.66,1,45.0,idle,+0.000,+0.000,+0.000,+0.000,1100,0,
1785512872.5619,2026-07-31T11:47:52.561,268.934,2708,,,,0,,,,-0.0666,-96.67,-0.1648,-2976.67,1,45.0,idle,+0.000,+0.000,+0.000,+0.000,1100,0,
1785512872.6611,2026-07-31T11:47:52.661,269.033,2709,,,,0,,,,-0.0657,-96.71,-0.1638,-2976.71,1,45.0,idle,+0.000,+0.000,+0.000,+0.000,1100,0,
1785512872.7602,2026-07-31T11:47:52.760,269.132,2710,,,,0,,,,-0.0696,-96.72,-0.1678,-2976.72,1,45.0,idle,+0.000,+0.000,+0.000,+0.000,1100,0,
1785512872.8602,2026-07-31T11:47:52.860,269.232,2711,,,,0,,,,-0.0664,-96.75,-0.1645,-2976.75,1,45.0,idle,+0.000,+0.000,+0.000,+0.000,1100,0,
1785512872.9597,2026-07-31T11:47:52.959,269.331,2712,,,,0,,,,-0.0674,-96.77,-0.1655,-2976.77,1,45.0,idle,+0.000,+0.000,+0.000,+0.000,1100,0,
1785512873.0582,2026-07-31T11:47:53.058,269.430,2713,,,,0,,,,-0.0703,-96.79,-0.1684,-2976.79,1,45.0,idle,+0.000,+0.000,+0.000,+0.000,1100,0,
1785512873.1574,2026-07-31T11:47:53.157,269.529,2714,,,,0,,,,-0.0659,-96.82,-0.1640,-2976.82,1,45.0,idle,+0.000,+0.000,+0.000,+0.000,1100,0,
1785512873.2586,2026-07-31T11:47:53.258,269.630,2715,,,,0,,,,-0.0668,-96.84,-0.1649,-2976.84,1,45.0,idle,+0.000,+0.000,+0.000,+0.000,1100,0,
1785512873.3579,2026-07-31T11:47:53.357,269.730,2716,,,,0,,,,-0.0627,-96.87,-0.1608,-2976.87,1,45.0,idle,+0.000,+0.000,+0.000,+0.000,1100,0,
1785512873.4572,2026-07-31T11:47:53.457,269.829,2717,,,,0,,,,-0.0647,-96.90,-0.1628,-2976.90,1,45.0,idle,+0.000,+0.000,+0.000,+0.000,1100,0,
1785512873.5562,2026-07-31T11:47:53.556,269.928,2718,,,,0,,,,-0.0620,-96.91,-0.1601,-2976.91,1,45.0,idle,+0.000,+0.000,+0.000,+0.000,1100,0,
1785512873.6552,2026-07-31T11:47:53.655,270.027,2719,,,,0,,,,-0.0680,-96.94,-0.1662,-2976.94,1,45.0,idle,+0.000,+0.000,+0.000,+0.000,1100,0,
1785512873.7553,2026-07-31T11:47:53.755,270.127,2720,,,,0,,,,-0.0663,-96.95,-0.1644,-2976.95,1,45.0,idle,+0.000,+0.000,+0.000,+0.000,1100,0,
1785512873.8549,2026-07-31T11:47:53.854,270.227,2721,,,,0,,,,-0.0637,-96.97,-0.1618,-2976.97,1,45.0,idle,+0.000,+0.000,+0.000,+0.000,1100,0,
1785512873.9550,2026-07-31T11:47:53.954,270.327,2722,,,,0,,,,-0.0650,-97.00,-0.1632,-2977.00,1,45.0,idle,+0.000,+0.000,+0.000,+0.000,1100,0,
1785512874.0542,2026-07-31T11:47:54.054,270.426,2723,,,,0,,,,-0.0636,-97.01,-0.1618,-2977.01,1,45.0,idle,+0.000,+0.000,+0.000,+0.000,1100,0,
1785512874.1535,2026-07-31T11:47:54.153,270.525,2724,,,,0,,,,-0.0681,-97.04,-0.1662,-2977.04,1,45.0,idle,+0.000,+0.000,+0.000,+0.000,1100,0,
1785512874.2520,2026-07-31T11:47:54.252,270.624,2725,,,,0,,,,-0.0655,-97.05,-0.1637,-2977.05,1,45.0,idle,+0.000,+0.000,+0.000,+0.000,1100,0,
1785512874.3517,2026-07-31T11:47:54.351,270.723,2726,,,,0,,,,-0.0666,-97.08,-0.1647,-2977.08,1,45.0,idle,+0.000,+0.000,+0.000,+0.000,1100,0,
1785512874.4510,2026-07-31T11:47:54.451,270.823,2727,,,,0,,,,-0.0672,-97.11,-0.1653,-2977.11,1,45.0,idle,+0.000,+0.000,+0.000,+0.000,1100,0,
1785512874.5528,2026-07-31T11:47:54.552,270.924,2728,,,,0,,,,-0.0645,-97.13,-0.1626,-2977.13,1,45.0,idle,+0.000,+0.000,+0.000,+0.000,1100,0,
1785512874.6518,2026-07-31T11:47:54.651,271.023,2729,,,,0,,,,-0.0656,-97.16,-0.1638,-2977.16,1,45.0,idle,+0.000,+0.000,+0.000,+0.000,1100,0,
1785512874.7514,2026-07-31T11:47:54.751,271.123,2730,,,,0,,,,-0.0599,-97.17,-0.1581,-2977.17,1,45.0,idle,+0.000,+0.000,+0.000,+0.000,1100,0,
1785512874.8520,2026-07-31T11:47:54.852,271.224,2731,,,,0,,,,-0.0667,-97.20,-0.1648,-2977.20,1,45.0,idle,+0.000,+0.000,+0.000,+0.000,1100,0,
1785512874.9513,2026-07-31T11:47:54.951,271.323,2732,,,,0,,,,-0.0635,-97.22,-0.1616,-2977.22,1,45.0,idle,+0.000,+0.000,+0.000,+0.000,1100,0,
1785512875.0508,2026-07-31T11:47:55.050,271.422,2733,,,,0,,,,-0.0635,-97.25,-0.1616,-2977.25,1,45.0,idle,+0.000,+0.000,+0.000,+0.000,1100,0,
1785512875.1492,2026-07-31T11:47:55.149,271.521,2734,,,,0,,,,-0.0654,-97.28,-0.1635,-2977.28,1,45.0,idle,+0.000,+0.000,+0.000,+0.000,1100,0,
1785512875.2486,2026-07-31T11:47:55.248,271.620,2735,,,,0,,,,-0.0644,-97.30,-0.1626,-2977.30,1,45.0,idle,+0.000,+0.000,+0.000,+0.000,1100,0,
1785512875.3474,2026-07-31T11:47:55.347,271.719,2736,,,,0,,,,-0.0643,-97.33,-0.1625,-2977.33,1,45.0,idle,+0.000,+0.000,+0.000,+0.000,1100,0,
1785512875.4465,2026-07-31T11:47:55.446,271.818,2737,,,,0,,,,-0.0619,-97.34,-0.1600,-2977.34,1,45.0,idle,+0.000,+0.000,+0.000,+0.000,1100,0,
1785512875.5458,2026-07-31T11:47:55.545,271.918,2738,,,,0,,,,-0.0646,-97.36,-0.1627,-2977.36,1,45.0,idle,+0.000,+0.000,+0.000,+0.000,1100,0,
1785512875.6452,2026-07-31T11:47:55.645,272.017,2739,,,,0,,,,-0.0650,-97.39,-0.1631,-2977.39,1,45.0,idle,+0.000,+0.000,+0.000,+0.000,1100,0,
1785512875.7447,2026-07-31T11:47:55.744,272.116,2740,,,,0,,,,-0.0695,-97.41,-0.1676,-2977.41,1,45.0,idle,+0.000,+0.000,+0.000,+0.000,1100,0,
1785512875.8434,2026-07-31T11:47:55.843,272.215,2741,,,,0,,,,-0.0647,-97.43,-0.1628,-2977.43,1,45.0,idle,+0.000,+0.000,+0.000,+0.000,1100,0,
1785512875.9425,2026-07-31T11:47:55.942,272.314,2742,,,,0,,,,-0.0639,-97.45,-0.1621,-2977.45,1,45.0,idle,+0.000,+0.000,+0.000,+0.000,1100,0,
1785512876.0420,2026-07-31T11:47:56.041,272.414,2743,,,,0,,,,-0.0694,-97.48,-0.1675,-2977.48,1,45.0,idle,+0.000,+0.000,+0.000,+0.000,1100,0,
1785512876.1407,2026-07-31T11:47:56.140,272.512,2744,,,,0,,,,-0.0654,-97.51,-0.1636,-2977.51,1,45.0,idle,+0.000,+0.000,+0.000,+0.000,1100,0,
1785512876.2400,2026-07-31T11:47:56.239,272.612,2745,,,,0,,,,-0.0619,-97.52,-0.1600,-2977.52,1,45.0,idle,+0.000,+0.000,+0.000,+0.000,1100,0,
1785512876.3411,2026-07-31T11:47:56.341,272.713,2746,,,,0,,,,-0.0672,-97.55,-0.1654,-2977.55,1,45.0,idle,+0.000,+0.000,+0.000,+0.000,1100,0,
1785512876.4409,2026-07-31T11:47:56.440,272.813,2747,,,,0,,,,-0.0630,-97.57,-0.1612,-2977.57,1,45.0,idle,+0.000,+0.000,+0.000,+0.000,1100,0,
1785512876.5397,2026-07-31T11:47:56.539,272.911,2748,,,,0,,,,-0.0645,-97.59,-0.1627,-2977.59,1,45.0,idle,+0.000,+0.000,+0.000,+0.000,1100,0,
1785512876.6396,2026-07-31T11:47:56.639,273.011,2749,,,,0,,,,-0.0639,-97.62,-0.1620,-2977.62,1,45.0,idle,+0.000,+0.000,+0.000,+0.000,1100,0,
1785512876.7387,2026-07-31T11:47:56.738,273.110,2750,,,,0,,,,-0.0690,-97.63,-0.1671,-2977.63,1,45.0,idle,+0.000,+0.000,+0.000,+0.000,1100,0,
1785512876.8391,2026-07-31T11:47:56.839,273.211,2751,,,,0,,,,-0.0672,-97.66,-0.1653,-2977.66,1,45.0,idle,+0.000,+0.000,+0.000,+0.000,1100,0,
1785512876.9391,2026-07-31T11:47:56.939,273.311,2752,,,,0,,,,-0.0630,-97.68,-0.1611,-2977.68,1,45.0,idle,+0.000,+0.000,+0.000,+0.000,1100,0,
1785512877.0386,2026-07-31T11:47:57.038,273.410,2753,,,,0,,,,-0.0660,-97.71,-0.1642,-2977.71,1,45.0,idle,+0.000,+0.000,+0.000,+0.000,1100,0,
1785512877.1382,2026-07-31T11:47:57.138,273.510,2754,,,,0,,,,-0.0609,-97.74,-0.1591,-2977.74,1,45.0,idle,+0.000,+0.000,+0.000,+0.000,1100,0,
1785512877.2372,2026-07-31T11:47:57.237,273.609,2755,,,,0,,,,-0.0655,-97.75,-0.1637,-2977.75,1,45.0,idle,+0.000,+0.000,+0.000,+0.000,1100,0,
1785512877.3372,2026-07-31T11:47:57.337,273.709,2756,,,,0,,,,-0.0630,-97.78,-0.1612,-2977.78,1,45.0,idle,+0.000,+0.000,+0.000,+0.000,1100,0,
1785512877.4363,2026-07-31T11:47:57.436,273.808,2757,,,,0,,,,-0.0623,-97.80,-0.1605,-2977.80,1,45.0,idle,+0.000,+0.000,+0.000,+0.000,1100,0,
1785512877.5363,2026-07-31T11:47:57.536,273.908,2758,,,,0,,,,-0.0651,-97.83,-0.1632,-2977.83,1,45.0,idle,+0.000,+0.000,+0.000,+0.000,1100,0,
1785512877.6360,2026-07-31T11:47:57.635,274.008,2759,,,,0,,,,-0.0638,-97.86,-0.1620,-2977.86,1,45.0,idle,+0.000,+0.000,+0.000,+0.000,1100,0,
1785512877.7355,2026-07-31T11:47:57.735,274.107,2760,,,,0,,,,-0.0601,-97.87,-0.1582,-2977.87,1,45.0,idle,+0.000,+0.000,+0.000,+0.000,1100,0,
1785512877.8350,2026-07-31T11:47:57.834,274.207,2761,,,,0,,,,-0.0642,-97.91,-0.1624,-2977.91,1,45.0,idle,+0.000,+0.000,+0.000,+0.000,1100,0,
1785512877.9337,2026-07-31T11:47:57.933,274.305,2762,,,,0,,,,-0.0631,-97.92,-0.1612,-2977.92,1,45.0,idle,+0.000,+0.000,+0.000,+0.000,1100,0,
1785512878.0324,2026-07-31T11:47:58.032,274.404,2763,,,,0,,,,-0.0697,-97.94,-0.1678,-2977.94,1,45.0,idle,+0.000,+0.000,+0.000,+0.000,1100,0,
1785512878.1319,2026-07-31T11:47:58.131,274.504,2764,,,,0,,,,-0.0643,-97.97,-0.1624,-2977.97,1,45.0,idle,+0.000,+0.000,+0.000,+0.000,1100,0,
1785512878.2304,2026-07-31T11:47:58.230,274.602,2765,,,,0,,,,-0.0649,-97.98,-0.1630,-2977.98,1,45.0,idle,+0.000,+0.000,+0.000,+0.000,1100,0,
1785512878.3293,2026-07-31T11:47:58.329,274.701,2766,,,,0,,,,-0.0633,-98.00,-0.1615,-2978.00,1,45.0,idle,+0.000,+0.000,+0.000,+0.000,1100,0,
1785512878.4287,2026-07-31T11:47:58.428,274.800,2767,,,,0,,,,-0.0683,-98.01,-0.1665,-2978.01,1,45.0,idle,+0.000,+0.000,+0.000,+0.000,1100,0,
1785512878.5277,2026-07-31T11:47:58.527,274.899,2768,,,,0,,,,-0.0677,-98.04,-0.1659,-2978.04,1,45.0,idle,+0.000,+0.000,+0.000,+0.000,1100,0,
1785512878.6271,2026-07-31T11:47:58.627,274.999,2769,,,,0,,,,-0.0643,-98.05,-0.1624,-2978.05,1,45.0,idle,+0.000,+0.000,+0.000,+0.000,1100,0,
1785512878.7281,2026-07-31T11:47:58.728,275.100,2770,,,,0,,,,-0.0631,-98.08,-0.1613,-2978.08,1,45.0,idle,+0.000,+0.000,+0.000,+0.000,1100,0,
1785512878.8284,2026-07-31T11:47:58.828,275.200,2771,,,,0,,,,-0.0675,-98.10,-0.1656,-2978.10,1,45.0,idle,+0.000,+0.000,+0.000,+0.000,1100,0,
1785512878.9275,2026-07-31T11:47:58.927,275.299,2772,,,,0,,,,-0.0608,-98.13,-0.1589,-2978.13,1,45.0,idle,+0.000,+0.000,+0.000,+0.000,1100,0,
1785512879.0268,2026-07-31T11:47:59.026,275.398,2773,,,,0,,,,-0.0653,-98.15,-0.1634,-2978.15,1,45.0,idle,+0.000,+0.000,+0.000,+0.000,1100,0,
1785512879.1257,2026-07-31T11:47:59.125,275.497,2774,,,,0,,,,-0.0623,-98.17,-0.1604,-2978.17,1,45.0,idle,+0.000,+0.000,+0.000,+0.000,1100,0,
1785512879.2249,2026-07-31T11:47:59.224,275.597,2775,,,,0,,,,-0.0627,-98.19,-0.1609,-2978.19,1,45.0,idle,+0.000,+0.000,+0.000,+0.000,1100,0,
1785512879.3240,2026-07-31T11:47:59.324,275.696,2776,,,,0,,,,-0.0597,-98.22,-0.1578,-2978.22,1,45.0,idle,+0.000,+0.000,+0.000,+0.000,1100,0,
1785512879.4223,2026-07-31T11:47:59.422,275.794,2777,,,,0,,,,-0.0639,-98.23,-0.1620,-2978.23,1,45.0,idle,+0.000,+0.000,+0.000,+0.000,1100,0,
1785512879.5216,2026-07-31T11:47:59.521,275.893,2778,,,,0,,,,-0.0623,-98.25,-0.1604,-2978.25,1,45.0,idle,+0.000,+0.000,+0.000,+0.000,1100,0,
1785512879.6206,2026-07-31T11:47:59.620,275.992,2779,,,,0,,,,-0.0664,-98.26,-0.1646,-2978.26,1,45.0,idle,+0.000,+0.000,+0.000,+0.000,1100,0,
1785512879.7195,2026-07-31T11:47:59.719,276.091,2780,,,,0,,,,-0.0649,-98.29,-0.1630,-2978.29,1,45.0,idle,+0.000,+0.000,+0.000,+0.000,1100,0,
1785512879.8201,2026-07-31T11:47:59.820,276.192,2781,,,,0,,,,-0.0637,-98.31,-0.1619,-2978.31,1,45.0,idle,+0.000,+0.000,+0.000,+0.000,1100,0,
1785512879.9206,2026-07-31T11:47:59.920,276.292,2782,,,,0,,,,-0.0642,-98.33,-0.1623,-2978.33,1,45.0,idle,+0.000,+0.000,+0.000,+0.000,1100,0,
1785512880.0198,2026-07-31T11:48:00.019,276.392,2783,,,,0,,,,-0.0629,-98.36,-0.1610,-2978.36,1,45.0,idle,+0.000,+0.000,+0.000,+0.000,1100,0,
1785512880.1188,2026-07-31T11:48:00.118,276.490,2784,,,,0,,,,-0.0681,-98.37,-0.1663,-2978.37,1,45.0,idle,+0.000,+0.000,+0.000,+0.000,1100,0,
1785512880.2181,2026-07-31T11:48:00.218,276.590,2785,,,,0,,,,-0.0652,-98.40,-0.1633,-2978.40,1,45.0,idle,+0.000,+0.000,+0.000,+0.000,1100,0,
1785512880.3165,2026-07-31T11:48:00.316,276.688,2786,,,,0,,,,-0.0668,-98.43,-0.1649,-2978.43,1,45.0,idle,+0.000,+0.000,+0.000,+0.000,1100,0,
1785512880.4158,2026-07-31T11:48:00.415,276.787,2787,,,,0,,,,-0.0661,-98.44,-0.1643,-2978.44,1,45.0,idle,+0.000,+0.000,+0.000,+0.000,1100,0,
1785512880.5150,2026-07-31T11:48:00.515,276.887,2788,,,,0,,,,-0.0622,-98.46,-0.1603,-2978.46,1,45.0,idle,+0.000,+0.000,+0.000,+0.000,1100,0,
1785512880.6143,2026-07-31T11:48:00.614,276.986,2789,,,,0,,,,-0.0648,-98.48,-0.1630,-2978.48,1,45.0,idle,+0.000,+0.000,+0.000,+0.000,1100,0,
1785512880.7138,2026-07-31T11:48:00.713,277.086,2790,,,,0,,,,-0.0650,-98.50,-0.1631,-2978.50,1,45.0,idle,+0.000,+0.000,+0.000,+0.000,1100,0,
1785512880.8127,2026-07-31T11:48:00.812,277.184,2791,,,,0,,,,-0.0642,-98.52,-0.1624,-2978.52,1,45.0,idle,+0.000,+0.000,+0.000,+0.000,1100,0,
1785512880.9121,2026-07-31T11:48:00.912,277.284,2792,,,,0,,,,-0.0643,-98.54,-0.1624,-2978.54,1,45.0,idle,+0.000,+0.000,+0.000,+0.000,1100,0,
1785512881.0116,2026-07-31T11:48:01.011,277.383,2793,,,,0,,,,-0.0638,-98.56,-0.1619,-2978.56,1,45.0,idle,+0.000,+0.000,+0.000,+0.000,1100,0,
1785512881.1107,2026-07-31T11:48:01.110,277.482,2794,,,,0,,,,-0.0685,-98.57,-0.1666,-2978.57,1,45.0,idle,+0.000,+0.000,+0.000,+0.000,1100,0,
1785512881.2094,2026-07-31T11:48:01.209,277.581,2795,,,,0,,,,-0.0633,-98.61,-0.1614,-2978.61,1,45.0,idle,+0.000,+0.000,+0.000,+0.000,1100,0,
1785512881.3090,2026-07-31T11:48:01.309,277.681,2796,,,,0,,,,-0.0625,-98.64,-0.1606,-2978.64,1,45.0,idle,+0.000,+0.000,+0.000,+0.000,1100,0,
1785512881.4073,2026-07-31T11:48:01.407,277.779,2797,,,,0,,,,-0.0679,-98.65,-0.1660,-2978.65,1,45.0,idle,+0.000,+0.000,+0.000,+0.000,1100,0,
1785512881.5066,2026-07-31T11:48:01.506,277.878,2798,,,,0,,,,-0.0635,-98.67,-0.1616,-2978.67,1,45.0,idle,+0.000,+0.000,+0.000,+0.000,1100,0,
1785512881.6056,2026-07-31T11:48:01.605,277.977,2799,,,,0,,,,-0.0680,-98.69,-0.1661,-2978.69,1,45.0,idle,+0.000,+0.000,+0.000,+0.000,1100,0,
1785512881.7047,2026-07-31T11:48:01.704,278.076,2800,,,,0,,,,-0.0648,-98.71,-0.1629,-2978.71,1,45.0,idle,+0.000,+0.000,+0.000,+0.000,1100,0,
1785512881.8036,2026-07-31T11:48:01.803,278.175,2801,,,,0,,,,-0.0631,-98.73,-0.1613,-2978.73,1,45.0,idle,+0.000,+0.000,+0.000,+0.000,1100,0,
1785512881.9042,2026-07-31T11:48:01.904,278.276,2802,,,,0,,,,-0.0653,-98.76,-0.1635,-2978.76,1,45.0,idle,+0.000,+0.000,+0.000,+0.000,1100,0,
1785512882.0054,2026-07-31T11:48:02.005,278.377,2803,,,,0,,,,-0.0628,-98.78,-0.1609,-2978.78,1,45.0,idle,+0.000,+0.000,+0.000,+0.000,1100,0,
1785512882.1047,2026-07-31T11:48:02.104,278.476,2804,,,,0,,,,-0.0641,-98.80,-0.1622,-2978.80,1,45.0,idle,+0.000,+0.000,+0.000,+0.000,1100,0,
1785512882.2057,2026-07-31T11:48:02.205,278.577,2805,,,,0,,,,-0.0638,-98.83,-0.1619,-2978.83,1,45.0,idle,+0.000,+0.000,+0.000,+0.000,1100,0,
1785512882.3050,2026-07-31T11:48:02.305,278.677,2806,,,,0,,,,-0.0605,-98.84,-0.1587,-2978.84,1,45.0,idle,+0.000,+0.000,+0.000,+0.000,1100,0,
1785512882.4035,2026-07-31T11:48:02.403,278.775,2807,,,,0,,,,-0.0621,-98.88,-0.1602,-2978.88,1,45.0,idle,+0.000,+0.000,+0.000,+0.000,1100,0,
1785512882.5028,2026-07-31T11:48:02.502,278.874,2808,,,,0,,,,-0.0610,-98.91,-0.1592,-2978.91,1,45.0,idle,+0.000,+0.000,+0.000,+0.000,1100,0,
1785512882.6018,2026-07-31T11:48:02.601,278.974,2809,,,,0,,,,-0.0610,-98.93,-0.1591,-2978.93,1,45.0,idle,+0.000,+0.000,+0.000,+0.000,1100,0,
1785512882.7004,2026-07-31T11:48:02.700,279.072,2810,,,,0,,,,-0.0628,-98.96,-0.1610,-2978.96,1,45.0,idle,+0.000,+0.000,+0.000,+0.000,1100,0,
1785512882.7998,2026-07-31T11:48:02.799,279.172,2811,,,,0,,,,-0.0668,-98.97,-0.1649,-2978.97,1,45.0,idle,+0.000,+0.000,+0.000,+0.000,1100,0,
1785512882.8986,2026-07-31T11:48:02.898,279.270,2812,,,,0,,,,-0.0647,-99.00,-0.1628,-2979.00,1,45.0,idle,+0.000,+0.000,+0.000,+0.000,1100,0,
1785512882.9976,2026-07-31T11:48:02.997,279.369,2813,,,,0,,,,-0.0672,-99.02,-0.1653,-2979.02,1,45.0,idle,+0.000,+0.000,+0.000,+0.000,1100,0,
1785512883.0972,2026-07-31T11:48:03.097,279.469,2814,,,,0,,,,-0.0644,-99.05,-0.1625,-2979.05,1,45.0,idle,+0.000,+0.000,+0.000,+0.000,1100,0,
1785512883.1963,2026-07-31T11:48:03.196,279.568,2815,,,,0,,,,-0.0662,-99.09,-0.1643,-2979.09,1,45.0,idle,+0.000,+0.000,+0.000,+0.000,1100,0,
1785512883.2957,2026-07-31T11:48:03.295,279.667,2816,,,,0,,,,-0.0633,-99.10,-0.1614,-2979.10,1,45.0,idle,+0.000,+0.000,+0.000,+0.000,1100,0,
1785512883.3945,2026-07-31T11:48:03.394,279.766,2817,,,,0,,,,-0.0636,-99.12,-0.1617,-2979.12,1,45.0,idle,+0.000,+0.000,+0.000,+0.000,1100,0,
1785512883.4936,2026-07-31T11:48:03.493,279.865,2818,,,,0,,,,-0.0677,-99.14,-0.1658,-2979.14,1,45.0,idle,+0.000,+0.000,+0.000,+0.000,1100,0,
1785512883.5932,2026-07-31T11:48:03.593,279.965,2819,,,,0,,,,-0.0641,-99.18,-0.1623,-2979.18,1,45.0,idle,+0.000,+0.000,+0.000,+0.000,1100,0,
1785512883.6918,2026-07-31T11:48:03.691,280.064,2820,,,,0,,,,-0.0615,-99.20,-0.1596,-2979.20,1,45.0,idle,+0.000,+0.000,+0.000,+0.000,1100,0,
1785512883.7906,2026-07-31T11:48:03.790,280.162,2821,,,,0,,,,-0.0669,-99.22,-0.1651,-2979.22,1,45.0,idle,+0.000,+0.000,+0.000,+0.000,1100,0,
1785512883.8894,2026-07-31T11:48:03.889,280.261,2822,,,,0,,,,-0.0650,-99.25,-0.1631,-2979.25,1,45.0,idle,+0.000,+0.000,+0.000,+0.000,1100,0,
1785512883.9887,2026-07-31T11:48:03.988,280.360,2823,,,,0,,,,-0.0688,-99.29,-0.1670,-2979.29,1,45.0,idle,+0.000,+0.000,+0.000,+0.000,1100,0,
1785512884.0879,2026-07-31T11:48:04.087,280.460,2824,,,,0,,,,-0.0627,-99.30,-0.1608,-2979.30,1,45.0,idle,+0.000,+0.000,+0.000,+0.000,1100,0,
1785512884.1873,2026-07-31T11:48:04.187,280.559,2825,,,,0,,,,-0.0633,-99.34,-0.1615,-2979.34,1,45.0,idle,+0.000,+0.000,+0.000,+0.000,1100,0,
1785512884.2893,2026-07-31T11:48:04.289,280.661,2826,,,,0,,,,-0.0640,-99.35,-0.1622,-2979.35,1,45.0,idle,+0.000,+0.000,+0.000,+0.000,1100,0,
1785512884.3887,2026-07-31T11:48:04.388,280.760,2827,,,,0,,,,-0.0620,-99.38,-0.1601,-2979.38,1,45.0,idle,+0.000,+0.000,+0.000,+0.000,1100,0,
1785512884.4878,2026-07-31T11:48:04.487,280.859,2828,,,,0,,,,-0.0650,-99.40,-0.1631,-2979.40,1,45.0,idle,+0.000,+0.000,+0.000,+0.000,1100,0,
1785512884.5864,2026-07-31T11:48:04.586,280.958,2829,,,,0,,,,-0.0653,-99.42,-0.1634,-2979.42,1,45.0,idle,+0.000,+0.000,+0.000,+0.000,1100,0,
1785512884.6857,2026-07-31T11:48:04.685,281.057,2830,,,,0,,,,-0.0630,-99.43,-0.1611,-2979.43,1,45.0,idle,+0.000,+0.000,+0.000,+0.000,1100,0,
1785512884.7853,2026-07-31T11:48:04.785,281.157,2831,,,,0,,,,-0.0619,-99.45,-0.1601,-2979.45,1,45.0,idle,+0.000,+0.000,+0.000,+0.000,1100,0,
1785512884.8853,2026-07-31T11:48:04.885,281.257,2832,,,,0,,,,-0.0620,-99.49,-0.1602,-2979.49,1,45.0,idle,+0.000,+0.000,+0.000,+0.000,1100,0,
1785512884.9853,2026-07-31T11:48:04.985,281.357,2833,,,,0,,,,-0.0672,-99.52,-0.1653,-2979.52,1,45.0,idle,+0.000,+0.000,+0.000,+0.000,1100,0,
1785512885.0840,2026-07-31T11:48:05.084,281.456,2834,,,,0,,,,-0.0641,-99.53,-0.1622,-2979.53,1,45.0,idle,+0.000,+0.000,+0.000,+0.000,1100,0,
1785512885.1828,2026-07-31T11:48:05.182,281.555,2835,,,,0,,,,-0.0635,-99.56,-0.1616,-2979.56,1,45.0,idle,+0.000,+0.000,+0.000,+0.000,1100,0,
1785512885.2824,2026-07-31T11:48:05.282,281.654,2836,,,,0,,,,-0.0634,-99.57,-0.1615,-2979.57,1,45.0,idle,+0.000,+0.000,+0.000,+0.000,1100,0,
1785512885.3822,2026-07-31T11:48:05.382,281.754,2837,,,,0,,,,-0.0656,-99.61,-0.1637,-2979.61,1,45.0,idle,+0.000,+0.000,+0.000,+0.000,1100,0,
1785512885.4804,2026-07-31T11:48:05.480,281.852,2838,,,,0,,,,-0.0695,-99.62,-0.1677,-2979.62,1,45.0,idle,+0.000,+0.000,+0.000,+0.000,1100,0,
1785512885.5800,2026-07-31T11:48:05.579,281.952,2839,,,,0,,,,-0.0661,-99.64,-0.1642,-2979.64,1,45.0,idle,+0.000,+0.000,+0.000,+0.000,1100,0,
1785512885.6796,2026-07-31T11:48:05.679,282.051,2840,,,,0,,,,-0.0645,-99.67,-0.1626,-2979.67,1,45.0,idle,+0.000,+0.000,+0.000,+0.000,1100,0,
1785512885.7786,2026-07-31T11:48:05.778,282.150,2841,,,,0,,,,-0.0642,-99.69,-0.1623,-2979.69,1,45.0,idle,+0.000,+0.000,+0.000,+0.000,1100,0,
1785512885.8792,2026-07-31T11:48:05.879,282.251,2842,,,,0,,,,-0.0634,-99.72,-0.1616,-2979.72,1,45.0,idle,+0.000,+0.000,+0.000,+0.000,1100,0,
1785512885.9786,2026-07-31T11:48:05.978,282.350,2843,,,,0,,,,-0.0640,-99.74,-0.1621,-2979.74,1,45.0,idle,+0.000,+0.000,+0.000,+0.000,1100,0,
1785512886.0774,2026-07-31T11:48:06.077,282.449,2844,,,,0,,,,-0.0684,-99.76,-0.1665,-2979.76,1,45.0,idle,+0.000,+0.000,+0.000,+0.000,1100,0,
1785512886.1766,2026-07-31T11:48:06.176,282.548,2845,,,,0,,,,-0.0651,-99.79,-0.1633,-2979.79,1,45.0,idle,+0.000,+0.000,+0.000,+0.000,1100,0,
1785512886.2756,2026-07-31T11:48:06.275,282.647,2846,,,,0,,,,-0.0630,-99.80,-0.1611,-2979.80,1,45.0,idle,+0.000,+0.000,+0.000,+0.000,1100,0,
1785512886.3754,2026-07-31T11:48:06.375,282.747,2847,,,,0,,,,-0.0663,-99.83,-0.1645,-2979.83,1,45.0,idle,+0.000,+0.000,+0.000,+0.000,1100,0,
1785512886.4751,2026-07-31T11:48:06.475,282.847,2848,,,,0,,,,-0.0682,-99.85,-0.1663,-2979.85,1,45.0,idle,+0.000,+0.000,+0.000,+0.000,1100,0,
1785512886.5754,2026-07-31T11:48:06.575,282.947,2849,,,,0,,,,-0.0666,-99.88,-0.1647,-2979.88,1,45.0,idle,+0.000,+0.000,+0.000,+0.000,1100,0,
1785512886.6746,2026-07-31T11:48:06.674,283.046,2850,,,,0,,,,-0.0676,-99.91,-0.1657,-2979.91,1,45.0,idle,+0.000,+0.000,+0.000,+0.000,1100,0,
1785512886.7741,2026-07-31T11:48:06.774,283.146,2851,,,,0,,,,-0.0653,-99.92,-0.1634,-2979.92,1,45.0,idle,+0.000,+0.000,+0.000,+0.000,1100,0,
1785512886.8735,2026-07-31T11:48:06.873,283.245,2852,,,,0,,,,-0.0622,-99.94,-0.1604,-2979.94,1,45.0,idle,+0.000,+0.000,+0.000,+0.000,1100,0,
1785512886.9731,2026-07-31T11:48:06.973,283.345,2853,,,,0,,,,-0.0674,-99.95,-0.1655,-2979.95,1,45.0,idle,+0.000,+0.000,+0.000,+0.000,1100,0,
1785512887.0735,2026-07-31T11:48:07.073,283.445,2854,,,,0,,,,-0.0624,-99.98,-0.1606,-2979.98,1,45.0,idle,+0.000,+0.000,+0.000,+0.000,1100,0,
1785512887.1727,2026-07-31T11:48:07.172,283.544,2855,,,,0,,,,-0.0654,-99.99,-0.1636,-2979.99,1,45.0,idle,+0.000,+0.000,+0.000,+0.000,1100,0,
1785512887.2723,2026-07-31T11:48:07.272,283.644,2856,,,,0,,,,-0.0647,-100.02,-0.1629,-2980.02,1,45.0,idle,+0.000,+0.000,+0.000,+0.000,1100,0,
1785512887.3708,2026-07-31T11:48:07.370,283.742,2857,,,,0,,,,-0.0639,-100.05,-0.1621,-2980.05,1,45.0,idle,+0.000,+0.000,+0.000,+0.000,1100,0,
1785512887.4707,2026-07-31T11:48:07.470,283.842,2858,,,,0,,,,-0.0674,-100.06,-0.1655,-2980.06,1,45.0,idle,+0.000,+0.000,+0.000,+0.000,1100,0,
1785512887.5705,2026-07-31T11:48:07.570,283.942,2859,,,,0,,,,-0.0598,-100.10,-0.1580,-2980.10,1,45.0,idle,+0.000,+0.000,+0.000,+0.000,1100,0,
1785512887.6708,2026-07-31T11:48:07.670,284.043,2860,,,,0,,,,-0.0629,-100.12,-0.1610,-2980.12,1,45.0,idle,+0.000,+0.000,+0.000,+0.000,1100,0,
1785512887.7707,2026-07-31T11:48:07.770,284.142,2861,,,,0,,,,-0.0622,-100.13,-0.1603,-2980.13,1,45.0,idle,+0.000,+0.000,+0.000,+0.000,1100,0,
1785512887.8701,2026-07-31T11:48:07.870,284.242,2862,,,,0,,,,-0.0654,-100.16,-0.1636,-2980.16,1,45.0,idle,+0.000,+0.000,+0.000,+0.000,1100,0,
1785512887.9705,2026-07-31T11:48:07.970,284.342,2863,,,,0,,,,-0.0659,-100.17,-0.1640,-2980.17,1,45.0,idle,+0.000,+0.000,+0.000,+0.000,1100,0,
1785512888.0700,2026-07-31T11:48:08.070,284.442,2864,,,,0,,,,-0.0650,-100.20,-0.1631,-2980.20,1,45.0,idle,+0.000,+0.000,+0.000,+0.000,1100,0,
1785512888.1686,2026-07-31T11:48:08.168,284.540,2865,,,,0,,,,-0.0607,-100.21,-0.1588,-2980.21,1,45.0,idle,+0.000,+0.000,+0.000,+0.000,1100,0,
1785512888.2683,2026-07-31T11:48:08.268,284.640,2866,,,,0,,,,-0.0670,-100.25,-0.1652,-2980.25,1,45.0,idle,+0.000,+0.000,+0.000,+0.000,1100,0,
1785512888.3672,2026-07-31T11:48:08.367,284.739,2867,,,,0,,,,-0.0630,-100.28,-0.1612,-2980.28,1,45.0,idle,+0.000,+0.000,+0.000,+0.000,1100,0,
1785512888.4664,2026-07-31T11:48:08.466,284.838,2868,,,,0,,,,-0.0632,-100.29,-0.1614,-2980.29,1,45.0,idle,+0.000,+0.000,+0.000,+0.000,1100,0,
1785512888.5656,2026-07-31T11:48:08.565,284.937,2869,,,,0,,,,-0.0644,-100.31,-0.1625,-2980.31,1,45.0,idle,+0.000,+0.000,+0.000,+0.000,1100,0,
1785512888.6647,2026-07-31T11:48:08.664,285.036,2870,,,,0,,,,-0.0647,-100.32,-0.1628,-2980.32,1,45.0,idle,+0.000,+0.000,+0.000,+0.000,1100,0,
1785512888.7645,2026-07-31T11:48:08.764,285.136,2871,,,,0,,,,-0.0635,-100.36,-0.1616,-2980.36,1,45.0,idle,+0.000,+0.000,+0.000,+0.000,1100,0,
1785512888.8641,2026-07-31T11:48:08.864,285.236,2872,,,,0,,,,-0.0625,-100.38,-0.1606,-2980.38,1,45.0,idle,+0.000,+0.000,+0.000,+0.000,1100,0,
1785512888.9632,2026-07-31T11:48:08.963,285.335,2873,,,,0,,,,-0.0615,-100.39,-0.1596,-2980.39,1,45.0,idle,+0.000,+0.000,+0.000,+0.000,1100,0,
1785512889.0619,2026-07-31T11:48:09.061,285.434,2874,,,,0,,,,-0.0644,-100.41,-0.1625,-2980.41,1,45.0,idle,+0.000,+0.000,+0.000,+0.000,1100,0,
1785512889.1614,2026-07-31T11:48:09.161,285.533,2875,,,,0,,,,-0.0613,-100.42,-0.1595,-2980.42,1,45.0,idle,+0.000,+0.000,+0.000,+0.000,1100,0,
1785512889.2602,2026-07-31T11:48:09.260,285.632,2876,,,,0,,,,-0.0642,-100.44,-0.1623,-2980.44,1,45.0,idle,+0.000,+0.000,+0.000,+0.000,1100,0,
1785512889.3590,2026-07-31T11:48:09.359,285.731,2877,,,,0,,,,-0.0607,-100.47,-0.1588,-2980.47,1,45.0,idle,+0.000,+0.000,+0.000,+0.000,1100,0,
1785512889.4585,2026-07-31T11:48:09.458,285.830,2878,,,,0,,,,-0.0663,-100.48,-0.1644,-2980.48,1,45.0,idle,+0.000,+0.000,+0.000,+0.000,1100,0,
1785512889.5579,2026-07-31T11:48:09.557,285.930,2879,,,,0,,,,-0.0643,-100.50,-0.1624,-2980.50,1,45.0,idle,+0.000,+0.000,+0.000,+0.000,1100,0,
1785512889.6570,2026-07-31T11:48:09.657,286.029,2880,,,,0,,,,-0.0619,-100.52,-0.1600,-2980.52,1,45.0,idle,+0.000,+0.000,+0.000,+0.000,1100,0,
1785512889.7556,2026-07-31T11:48:09.755,286.127,2881,,,,0,,,,-0.0685,-100.55,-0.1666,-2980.55,1,45.0,idle,+0.000,+0.000,+0.000,+0.000,1100,0,
1785512889.8549,2026-07-31T11:48:09.854,286.227,2882,,,,0,,,,-0.0682,-100.57,-0.1664,-2980.57,1,45.0,idle,+0.000,+0.000,+0.000,+0.000,1100,0,
1785512889.9544,2026-07-31T11:48:09.954,286.326,2883,,,,0,,,,-0.0655,-100.58,-0.1636,-2980.58,1,45.0,idle,+0.000,+0.000,+0.000,+0.000,1100,0,
1785512890.0526,2026-07-31T11:48:10.052,286.424,2884,,,,0,,,,-0.0685,-100.61,-0.1666,-2980.61,1,45.0,idle,+0.000,+0.000,+0.000,+0.000,1100,0,
1785512890.1516,2026-07-31T11:48:10.151,286.523,2885,,,,0,,,,-0.0688,-100.62,-0.1669,-2980.62,1,45.0,idle,+0.000,+0.000,+0.000,+0.000,1100,0,
1785512890.2513,2026-07-31T11:48:10.251,286.623,2886,,,,0,,,,-0.0677,-100.65,-0.1659,-2980.65,1,45.0,idle,+0.000,+0.000,+0.000,+0.000,1100,0,
1785512890.3516,2026-07-31T11:48:10.351,286.723,2887,,,,0,,,,-0.0671,-100.68,-0.1653,-2980.68,1,45.0,idle,+0.000,+0.000,+0.000,+0.000,1100,0,
1785512890.4506,2026-07-31T11:48:10.450,286.822,2888,,,,0,,,,-0.0624,-100.70,-0.1605,-2980.70,1,45.0,idle,+0.000,+0.000,+0.000,+0.000,1100,0,
1785512890.5515,2026-07-31T11:48:10.551,286.923,2889,,,,0,,,,-0.0654,-100.74,-0.1635,-2980.74,1,45.0,idle,+0.000,+0.000,+0.000,+0.000,1100,0,
1785512890.6513,2026-07-31T11:48:10.651,287.023,2890,,,,0,,,,-0.0693,-100.74,-0.1674,-2980.74,1,45.0,idle,+0.000,+0.000,+0.000,+0.000,1100,0,
1785512890.7506,2026-07-31T11:48:10.750,287.122,2891,,,,0,,,,-0.0681,-100.77,-0.1662,-2980.77,1,45.0,idle,+0.000,+0.000,+0.000,+0.000,1100,0,
1785512890.8497,2026-07-31T11:48:10.849,287.221,2892,,,,0,,,,-0.0633,-100.79,-0.1614,-2980.79,1,45.0,idle,+0.000,+0.000,+0.000,+0.000,1100,0,
1785512890.9487,2026-07-31T11:48:10.948,287.320,2893,,,,0,,,,-0.0669,-100.81,-0.1651,-2980.81,1,45.0,idle,+0.000,+0.000,+0.000,+0.000,1100,0,
1785512891.0484,2026-07-31T11:48:11.048,287.420,2894,,,,0,,,,-0.0668,-100.83,-0.1649,-2980.83,1,45.0,idle,+0.000,+0.000,+0.000,+0.000,1100,0,
1785512891.1466,2026-07-31T11:48:11.146,287.518,2895,,,,0,,,,-0.0665,-100.84,-0.1647,-2980.84,1,45.0,idle,+0.000,+0.000,+0.000,+0.000,1100,0,
1785512891.2460,2026-07-31T11:48:11.246,287.618,2896,,,,0,,,,-0.0674,-100.88,-0.1655,-2980.88,1,45.0,idle,+0.000,+0.000,+0.000,+0.000,1100,0,
1785512891.3450,2026-07-31T11:48:11.345,287.717,2897,,,,0,,,,-0.0668,-100.89,-0.1650,-2980.89,1,45.0,idle,+0.000,+0.000,+0.000,+0.000,1100,0,
1785512891.4442,2026-07-31T11:48:11.444,287.816,2898,,,,0,,,,-0.0679,-100.92,-0.1661,-2980.92,1,45.0,idle,+0.000,+0.000,+0.000,+0.000,1100,0,
1785512891.5436,2026-07-31T11:48:11.543,287.915,2899,,,,0,,,,-0.0657,-100.95,-0.1639,-2980.95,1,45.0,idle,+0.000,+0.000,+0.000,+0.000,1100,0,
1785512891.6432,2026-07-31T11:48:11.643,288.015,2900,,,,0,,,,-0.0619,-100.95,-0.1601,-2980.95,1,45.0,idle,+0.000,+0.000,+0.000,+0.000,1100,0,
1785512891.7434,2026-07-31T11:48:11.743,288.115,2901,,,,0,,,,-0.0616,-100.99,-0.1597,-2980.99,1,45.0,idle,+0.000,+0.000,+0.000,+0.000,1100,0,
1785512891.8421,2026-07-31T11:48:11.842,288.214,2902,,,,0,,,,-0.0674,-101.00,-0.1656,-2981.00,1,45.0,idle,+0.000,+0.000,+0.000,+0.000,1100,0,
1785512891.9418,2026-07-31T11:48:11.941,288.313,2903,,,,0,,,,-0.0635,-101.03,-0.1616,-2981.03,1,45.0,idle,+0.000,+0.000,+0.000,+0.000,1100,0,
1785512892.0406,2026-07-31T11:48:12.040,288.412,2904,,,,0,,,,-0.0635,-101.05,-0.1616,-2981.05,1,45.0,idle,+0.000,+0.000,+0.000,+0.000,1100,0,
1785512892.1403,2026-07-31T11:48:12.140,288.512,2905,,,,0,,,,-0.0666,-101.06,-0.1647,-2981.06,1,45.0,idle,+0.000,+0.000,+0.000,+0.000,1100,0,
1785512892.2396,2026-07-31T11:48:12.239,288.611,2906,,,,0,,,,-0.0662,-101.10,-0.1643,-2981.10,1,45.0,idle,+0.000,+0.000,+0.000,+0.000,1100,0,
1785512892.3388,2026-07-31T11:48:12.338,288.710,2907,,,,0,,,,-0.0664,-101.11,-0.1645,-2981.11,1,45.0,idle,+0.000,+0.000,+0.000,+0.000,1100,0,
1785512892.4382,2026-07-31T11:48:12.438,288.810,2908,,,,0,,,,-0.0714,-101.14,-0.1696,-2981.14,1,45.0,idle,+0.000,+0.000,+0.000,+0.000,1100,0,
1785512892.5367,2026-07-31T11:48:12.536,288.908,2909,,,,0,,,,-0.0637,-101.15,-0.1618,-2981.15,1,45.0,idle,+0.000,+0.000,+0.000,+0.000,1100,0,
1785512892.6359,2026-07-31T11:48:12.635,289.008,2910,,,,0,,,,-0.0640,-101.17,-0.1621,-2981.17,1,45.0,idle,+0.000,+0.000,+0.000,+0.000,1100,0,
1785512892.7351,2026-07-31T11:48:12.735,289.107,2911,,,,0,,,,-0.0623,-101.21,-0.1605,-2981.21,1,45.0,idle,+0.000,+0.000,+0.000,+0.000,1100,0,
1785512892.8344,2026-07-31T11:48:12.834,289.206,2912,,,,0,,,,-0.0655,-101.22,-0.1637,-2981.22,1,45.0,idle,+0.000,+0.000,+0.000,+0.000,1100,0,
1785512892.9329,2026-07-31T11:48:12.932,289.305,2913,,,,0,,,,-0.0650,-101.25,-0.1632,-2981.25,1,45.0,idle,+0.000,+0.000,+0.000,+0.000,1100,0,
1785512893.0325,2026-07-31T11:48:13.032,289.404,2914,,,,0,,,,-0.0634,-101.26,-0.1615,-2981.26,1,45.0,idle,+0.000,+0.000,+0.000,+0.000,1100,0,
1785512893.1326,2026-07-31T11:48:13.132,289.504,2915,,,,0,,,,-0.0659,-101.28,-0.1641,-2981.28,1,45.0,idle,+0.000,+0.000,+0.000,+0.000,1100,0,
1785512893.2326,2026-07-31T11:48:13.232,289.604,2916,,,,0,,,,-0.0644,-101.31,-0.1625,-2981.31,1,45.0,idle,+0.000,+0.000,+0.000,+0.000,1100,0,
1785512893.3335,2026-07-31T11:48:13.333,289.705,2917,,,,0,,,,-0.0699,-101.32,-0.1681,-2981.32,1,45.0,idle,+0.000,+0.000,+0.000,+0.000,1100,0,
1785512893.4319,2026-07-31T11:48:13.431,289.804,2918,,,,0,,,,-0.0687,-101.35,-0.1669,-2981.35,1,45.0,idle,+0.000,+0.000,+0.000,+0.000,1100,0,
1785512893.5305,2026-07-31T11:48:13.530,289.902,2919,,,,0,,,,-0.0641,-101.38,-0.1622,-2981.38,1,45.0,idle,+0.000,+0.000,+0.000,+0.000,1100,0,
1785512893.6306,2026-07-31T11:48:13.630,290.002,2920,,,,0,,,,-0.0624,-101.39,-0.1605,-2981.39,1,45.0,idle,+0.000,+0.000,+0.000,+0.000,1100,0,
1785512893.7326,2026-07-31T11:48:13.732,290.104,2921,,,,0,,,,-0.0683,-101.42,-0.1665,-2981.42,1,45.0,idle,+0.000,+0.000,+0.000,+0.000,1100,0,
1785512893.8320,2026-07-31T11:48:13.832,290.204,2922,,,,0,,,,-0.0643,-101.43,-0.1624,-2981.43,1,45.0,idle,+0.000,+0.000,+0.000,+0.000,1100,0,
1785512893.9315,2026-07-31T11:48:13.931,290.303,2923,,,,0,,,,-0.0673,-101.46,-0.1654,-2981.46,1,45.0,idle,+0.000,+0.000,+0.000,+0.000,1100,0,
1785512894.0297,2026-07-31T11:48:14.029,290.401,2924,,,,0,,,,-0.0634,-101.49,-0.1615,-2981.49,1,45.0,idle,+0.000,+0.000,+0.000,+0.000,1100,0,
1785512894.1304,2026-07-31T11:48:14.130,290.502,2925,,,,0,,,,-0.0724,-101.50,-0.1705,-2981.50,1,45.0,idle,+0.000,+0.000,+0.000,+0.000,1100,0,
1785512894.2296,2026-07-31T11:48:14.229,290.601,2926,,,,0,,,,-0.0633,-101.53,-0.1614,-2981.53,1,45.0,idle,+0.000,+0.000,+0.000,+0.000,1100,0,
1785512894.3294,2026-07-31T11:48:14.329,290.701,2927,,,,0,,,,-0.0627,-101.54,-0.1608,-2981.54,1,45.0,idle,+0.000,+0.000,+0.000,+0.000,1100,0,
1785512894.4277,2026-07-31T11:48:14.427,290.799,2928,,,,0,,,,-0.0647,-101.57,-0.1629,-2981.57,1,45.0,idle,+0.000,+0.000,+0.000,+0.000,1100,0,
1785512894.5267,2026-07-31T11:48:14.526,290.898,2929,,,,0,,,,-0.0618,-101.60,-0.1599,-2981.60,1,45.0,idle,+0.000,+0.000,+0.000,+0.000,1100,0,
1785512894.6258,2026-07-31T11:48:14.625,290.998,2930,,,,0,,,,-0.0631,-101.62,-0.1613,-2981.62,1,45.0,idle,+0.000,+0.000,+0.000,+0.000,1100,0,
1785512894.7253,2026-07-31T11:48:14.725,291.097,2931,,,,0,,,,-0.0648,-101.65,-0.1629,-2981.65,1,45.0,idle,+0.000,+0.000,+0.000,+0.000,1100,0,
1785512894.8243,2026-07-31T11:48:14.824,291.196,2932,,,,0,,,,-0.0602,-101.67,-0.1583,-2981.67,1,45.0,idle,+0.000,+0.000,+0.000,+0.000,1100,0,
1785512894.9247,2026-07-31T11:48:14.924,291.296,2933,,,,0,,,,-0.0642,-101.70,-0.1623,-2981.70,1,45.0,idle,+0.000,+0.000,+0.000,+0.000,1100,0,
1785512895.0257,2026-07-31T11:48:15.025,291.397,2934,,,,0,,,,-0.0689,-101.72,-0.1670,-2981.72,1,45.0,idle,+0.000,+0.000,+0.000,+0.000,1100,0,
1785512895.1267,2026-07-31T11:48:15.126,291.498,2935,,,,0,,,,-0.0635,-101.74,-0.1617,-2981.74,1,45.0,idle,+0.000,+0.000,+0.000,+0.000,1100,0,
1785512895.2265,2026-07-31T11:48:15.226,291.598,2936,,,,0,,,,-0.0640,-101.76,-0.1621,-2981.76,1,45.0,idle,+0.000,+0.000,+0.000,+0.000,1100,0,
1785512895.3267,2026-07-31T11:48:15.326,291.698,2937,,,,0,,,,-0.0620,-101.78,-0.1601,-2981.78,1,45.0,idle,+0.000,+0.000,+0.000,+0.000,1100,0,
1785512895.4262,2026-07-31T11:48:15.426,291.798,2938,,,,0,,,,-0.0669,-101.80,-0.1651,-2981.80,1,45.0,idle,+0.000,+0.000,+0.000,+0.000,1100,0,
1785512895.5253,2026-07-31T11:48:15.525,291.897,2939,,,,0,,,,-0.0636,-101.82,-0.1617,-2981.82,1,45.0,idle,+0.000,+0.000,+0.000,+0.000,1100,0,
1785512895.6252,2026-07-31T11:48:15.625,291.997,2940,,,,0,,,,-0.0661,-101.85,-0.1643,-2981.85,1,45.0,idle,+0.000,+0.000,+0.000,+0.000,1100,0,
1785512895.7245,2026-07-31T11:48:15.724,292.096,2941,,,,0,,,,-0.0636,-101.87,-0.1617,-2981.87,1,45.0,idle,+0.000,+0.000,+0.000,+0.000,1100,0,
1785512895.8237,2026-07-31T11:48:15.823,292.195,2942,,,,0,,,,-0.0686,-101.89,-0.1667,-2981.89,1,45.0,idle,+0.000,+0.000,+0.000,+0.000,1100,0,
1785512895.9233,2026-07-31T11:48:15.923,292.295,2943,,,,0,,,,-0.0648,-101.93,-0.1629,-2981.93,1,45.0,idle,+0.000,+0.000,+0.000,+0.000,1100,0,
1785512896.0224,2026-07-31T11:48:16.022,292.394,2944,,,,0,,,,-0.0654,-101.95,-0.1635,-2981.95,1,45.0,idle,+0.000,+0.000,+0.000,+0.000,1100,0,
1785512896.1210,2026-07-31T11:48:16.121,292.493,2945,,,,0,,,,-0.0664,-101.98,-0.1645,-2981.98,1,45.0,idle,+0.000,+0.000,+0.000,+0.000,1100,0,
1785512896.2208,2026-07-31T11:48:16.220,292.592,2946,,,,0,,,,-0.0633,-102.02,-0.1614,-2982.02,1,45.0,idle,+0.000,+0.000,+0.000,+0.000,1100,0,
1785512896.3217,2026-07-31T11:48:16.321,292.693,2947,,,,0,,,,-0.0728,-102.03,-0.1710,-2982.03,1,45.0,idle,+0.000,+0.000,+0.000,+0.000,1100,0,
1785512896.4208,2026-07-31T11:48:16.420,292.792,2948,,,,0,,,,-0.0671,-102.05,-0.1653,-2982.05,1,45.0,idle,+0.000,+0.000,+0.000,+0.000,1100,0,
1785512896.5208,2026-07-31T11:48:16.520,292.892,2949,,,,0,,,,-0.0626,-102.09,-0.1607,-2982.09,1,45.0,idle,+0.000,+0.000,+0.000,+0.000,1100,0,
1785512896.6205,2026-07-31T11:48:16.620,292.992,2950,,,,0,,,,-0.0686,-102.10,-0.1667,-2982.10,1,45.0,idle,+0.000,+0.000,+0.000,+0.000,1100,0,
1785512896.7189,2026-07-31T11:48:16.718,293.091,2951,,,,0,,,,-0.0656,-102.13,-0.1637,-2982.13,1,45.0,idle,+0.000,+0.000,+0.000,+0.000,1100,0,
1785512896.8187,2026-07-31T11:48:16.818,293.190,2952,,,,0,,,,-0.0662,-102.14,-0.1643,-2982.14,1,45.0,idle,+0.000,+0.000,+0.000,+0.000,1100,0,
1785512896.9196,2026-07-31T11:48:16.919,293.291,2953,,,,0,,,,-0.0641,-102.17,-0.1622,-2982.17,1,45.0,idle,+0.000,+0.000,+0.000,+0.000,1100,0,
1785512897.0197,2026-07-31T11:48:17.019,293.391,2954,,,,0,,,,-0.0661,-102.18,-0.1642,-2982.18,1,45.0,idle,+0.000,+0.000,+0.000,+0.000,1100,0,
1785512897.1194,2026-07-31T11:48:17.119,293.491,2955,,,,0,,,,-0.0678,-102.22,-0.1659,-2982.22,1,45.0,idle,+0.000,+0.000,+0.000,+0.000,1100,0,
1785512897.2200,2026-07-31T11:48:17.220,293.592,2956,,,,0,,,,-0.0638,-102.25,-0.1619,-2982.25,1,45.0,idle,+0.000,+0.000,+0.000,+0.000,1100,0,
1785512897.3192,2026-07-31T11:48:17.319,293.691,2957,,,,0,,,,-0.0655,-102.26,-0.1636,-2982.26,1,45.0,idle,+0.000,+0.000,+0.000,+0.000,1100,0,
1785512897.4188,2026-07-31T11:48:17.418,293.790,2958,,,,0,,,,-0.0653,-102.29,-0.1634,-2982.29,1,45.0,idle,+0.000,+0.000,+0.000,+0.000,1100,0,
1785512897.5190,2026-07-31T11:48:17.519,293.891,2959,,,,0,,,,-0.0635,-102.30,-0.1616,-2982.30,1,45.0,idle,+0.000,+0.000,+0.000,+0.000,1100,0,
1785512897.6184,2026-07-31T11:48:17.618,293.990,2960,,,,0,,,,-0.0663,-102.33,-0.1644,-2982.33,1,45.0,idle,+0.000,+0.000,+0.000,+0.000,1100,0,
1785512897.7176,2026-07-31T11:48:17.717,294.089,2961,,,,0,,,,-0.0629,-102.36,-0.1610,-2982.36,1,45.0,idle,+0.000,+0.000,+0.000,+0.000,1100,0,
1785512897.8159,2026-07-31T11:48:17.815,294.188,2962,,,,0,,,,-0.0657,-102.36,-0.1638,-2982.36,1,45.0,idle,+0.000,+0.000,+0.000,+0.000,1100,0,
1785512897.9154,2026-07-31T11:48:17.915,294.287,2963,,,,0,,,,-0.0664,-102.39,-0.1646,-2982.39,1,45.0,idle,+0.000,+0.000,+0.000,+0.000,1100,0,
1785512898.0154,2026-07-31T11:48:18.015,294.387,2964,,,,0,,,,-0.0652,-102.42,-0.1633,-2982.42,1,45.0,idle,+0.000,+0.000,+0.000,+0.000,1100,0,
1785512898.1145,2026-07-31T11:48:18.114,294.486,2965,,,,0,,,,-0.0636,-102.45,-0.1617,-2982.45,1,45.0,idle,+0.000,+0.000,+0.000,+0.000,1100,0,
1785512898.2134,2026-07-31T11:48:18.213,294.585,2966,,,,0,,,,-0.0625,-102.46,-0.1607,-2982.46,1,45.0,idle,+0.000,+0.000,+0.000,+0.000,1100,0,
1785512898.3124,2026-07-31T11:48:18.312,294.684,2967,,,,0,,,,-0.0661,-102.49,-0.1642,-2982.49,1,45.0,idle,+0.000,+0.000,+0.000,+0.000,1100,0,
1785512898.4125,2026-07-31T11:48:18.412,294.784,2968,,,,0,,,,-0.0639,-102.51,-0.1621,-2982.51,1,45.0,idle,+0.000,+0.000,+0.000,+0.000,1100,0,
1785512898.5117,2026-07-31T11:48:18.511,294.883,2969,,,,0,,,,-0.0604,-102.52,-0.1585,-2982.52,1,45.0,idle,+0.000,+0.000,+0.000,+0.000,1100,0,
1785512898.6101,2026-07-31T11:48:18.610,294.982,2970,,,,0,,,,-0.0673,-102.54,-0.1655,-2982.54,1,45.0,idle,+0.000,+0.000,+0.000,+0.000,1100,0,
1785512898.7090,2026-07-31T11:48:18.709,295.081,2971,,,,0,,,,-0.0652,-102.56,-0.1633,-2982.56,1,45.0,idle,+0.000,+0.000,+0.000,+0.000,1100,0,
1785512898.8088,2026-07-31T11:48:18.808,295.180,2972,,,,0,,,,-0.0657,-102.58,-0.1639,-2982.58,1,45.0,idle,+0.000,+0.000,+0.000,+0.000,1100,0,
1785512898.9096,2026-07-31T11:48:18.909,295.281,2973,,,,0,,,,-0.0660,-102.60,-0.1642,-2982.60,1,45.0,idle,+0.000,+0.000,+0.000,+0.000,1100,0,
1785512899.0089,2026-07-31T11:48:19.008,295.381,2974,,,,0,,,,-0.0661,-102.61,-0.1643,-2982.61,1,45.0,idle,+0.000,+0.000,+0.000,+0.000,1100,0,
1785512899.1081,2026-07-31T11:48:19.108,295.480,2975,,,,0,,,,-0.0677,-102.64,-0.1659,-2982.64,1,45.0,idle,+0.000,+0.000,+0.000,+0.000,1100,0,
1785512899.2078,2026-07-31T11:48:19.207,295.579,2976,,,,0,,,,-0.0670,-102.65,-0.1651,-2982.65,1,45.0,idle,+0.000,+0.000,+0.000,+0.000,1100,0,
1785512899.3073,2026-07-31T11:48:19.307,295.679,2977,,,,0,,,,-0.0705,-102.67,-0.1686,-2982.67,1,45.0,idle,+0.000,+0.000,+0.000,+0.000,1100,0,
1785512899.4059,2026-07-31T11:48:19.405,295.778,2978,,,,0,,,,-0.0698,-102.70,-0.1679,-2982.70,1,45.0,idle,+0.000,+0.000,+0.000,+0.000,1100,0,
1785512899.5049,2026-07-31T11:48:19.504,295.877,2979,,,,0,,,,-0.0694,-102.72,-0.1676,-2982.72,1,45.0,idle,+0.000,+0.000,+0.000,+0.000,1100,0,
1785512899.6045,2026-07-31T11:48:19.604,295.976,2980,,,,0,,,,-0.0692,-102.74,-0.1674,-2982.74,1,45.0,idle,+0.000,+0.000,+0.000,+0.000,1100,0,
1785512899.7035,2026-07-31T11:48:19.703,296.075,2981,,,,0,,,,-0.0688,-102.76,-0.1669,-2982.76,1,45.0,idle,+0.000,+0.000,+0.000,+0.000,1100,0,
1785512899.8022,2026-07-31T11:48:19.802,296.174,2982,,,,0,,,,-0.0627,-102.80,-0.1609,-2982.80,1,45.0,idle,+0.000,+0.000,+0.000,+0.000,1100,0,
1785512899.9009,2026-07-31T11:48:19.900,296.273,2983,,,,0,,,,-0.0639,-102.82,-0.1620,-2982.82,1,45.0,idle,+0.000,+0.000,+0.000,+0.000,1100,0,
1785512900.0006,2026-07-31T11:48:20.000,296.372,2984,,,,0,,,,-0.0674,-102.84,-0.1655,-2982.84,1,45.0,idle,+0.000,+0.000,+0.000,+0.000,1100,0,
1785512900.1007,2026-07-31T11:48:20.100,296.472,2985,,,,0,,,,-0.0627,-102.86,-0.1608,-2982.86,1,45.0,idle,+0.000,+0.000,+0.000,+0.000,1100,0,
1785512900.1995,2026-07-31T11:48:20.199,296.571,2986,,,,0,,,,-0.0625,-102.87,-0.1606,-2982.87,1,45.0,idle,+0.000,+0.000,+0.000,+0.000,1100,0,
1785512900.2981,2026-07-31T11:48:20.298,296.670,2987,,,,0,,,,-0.0668,-102.89,-0.1649,-2982.89,1,45.0,idle,+0.000,+0.000,+0.000,+0.000,1100,0,
1785512900.3974,2026-07-31T11:48:20.397,296.769,2988,,,,0,,,,-0.0643,-102.91,-0.1624,-2982.91,1,45.0,idle,+0.000,+0.000,+0.000,+0.000,1100,0,
1785512900.4962,2026-07-31T11:48:20.496,296.868,2989,,,,0,,,,-0.0633,-102.93,-0.1615,-2982.93,1,45.0,idle,+0.000,+0.000,+0.000,+0.000,1100,0,
1785512900.5953,2026-07-31T11:48:20.595,296.967,2990,,,,0,,,,-0.0634,-102.95,-0.1616,-2982.95,1,45.0,idle,+0.000,+0.000,+0.000,+0.000,1100,0,
1785512900.6942,2026-07-31T11:48:20.694,297.066,2991,,,,0,,,,-0.0623,-102.96,-0.1605,-2982.96,1,45.0,idle,+0.000,+0.000,+0.000,+0.000,1100,0,
1785512900.7933,2026-07-31T11:48:20.793,297.165,2992,,,,0,,,,-0.0640,-102.99,-0.1622,-2982.99,1,45.0,idle,+0.000,+0.000,+0.000,+0.000,1100,0,
1785512900.8919,2026-07-31T11:48:20.891,297.264,2993,,,,0,,,,-0.0697,-103.02,-0.1679,-2983.02,1,45.0,idle,+0.000,+0.000,+0.000,+0.000,1100,0,
1785512900.9914,2026-07-31T11:48:20.991,297.363,2994,,,,0,,,,-0.0632,-103.03,-0.1613,-2983.03,1,45.0,idle,+0.000,+0.000,+0.000,+0.000,1100,0,
1785512901.0908,2026-07-31T11:48:21.090,297.462,2995,,,,0,,,,-0.0664,-103.06,-0.1645,-2983.06,1,45.0,idle,+0.000,+0.000,+0.000,+0.000,1100,0,
1785512901.1897,2026-07-31T11:48:21.189,297.561,2996,,,,0,,,,-0.0642,-103.07,-0.1624,-2983.07,1,45.0,idle,+0.000,+0.000,+0.000,+0.000,1100,0,
1785512901.2888,2026-07-31T11:48:21.288,297.660,2997,,,,0,,,,-0.0690,-103.11,-0.1671,-2983.11,1,45.0,idle,+0.000,+0.000,+0.000,+0.000,1100,0,
1785512901.3876,2026-07-31T11:48:21.387,297.759,2998,,,,0,,,,-0.0633,-103.12,-0.1615,-2983.12,1,45.0,idle,+0.000,+0.000,+0.000,+0.000,1100,0,
1785512901.4869,2026-07-31T11:48:21.486,297.859,2999,,,,0,,,,-0.0664,-103.14,-0.1646,-2983.14,1,45.0,idle,+0.000,+0.000,+0.000,+0.000,1100,0,
1785512901.5873,2026-07-31T11:48:21.587,297.959,3000,,,,0,,,,-0.0688,-103.16,-0.1670,-2983.16,1,45.0,idle,+0.000,+0.000,+0.000,+0.000,1100,0,
1785512901.6864,2026-07-31T11:48:21.686,298.058,3001,,,,0,,,,-0.0619,-103.17,-0.1600,-2983.17,1,45.0,idle,+0.000,+0.000,+0.000,+0.000,1100,0,
1785512901.7858,2026-07-31T11:48:21.785,298.158,3002,,,,0,,,,-0.0615,-103.20,-0.1597,-2983.20,1,45.0,idle,+0.000,+0.000,+0.000,+0.000,1100,0,
1785512901.8842,2026-07-31T11:48:21.884,298.256,3003,,,,0,,,,-0.0616,-103.21,-0.1597,-2983.21,1,45.0,idle,+0.000,+0.000,+0.000,+0.000,1100,0,
1785512901.9832,2026-07-31T11:48:21.983,298.355,3004,,,,0,,,,-0.0646,-103.25,-0.1627,-2983.25,1,45.0,idle,+0.000,+0.000,+0.000,+0.000,1100,0,
1785512902.0822,2026-07-31T11:48:22.082,298.454,3005,,,,0,,,,-0.0654,-103.26,-0.1636,-2983.26,1,45.0,idle,+0.000,+0.000,+0.000,+0.000,1100,0,
1785512902.1814,2026-07-31T11:48:22.181,298.553,3006,,,,0,,,,-0.0610,-103.30,-0.1591,-2983.30,1,45.0,idle,+0.000,+0.000,+0.000,+0.000,1100,0,
1785512902.2809,2026-07-31T11:48:22.280,298.653,3007,,,,0,,,,-0.0669,-103.33,-0.1651,-2983.33,1,45.0,idle,+0.000,+0.000,+0.000,+0.000,1100,0,
1785512902.3802,2026-07-31T11:48:22.380,298.752,3008,,,,0,,,,-0.0651,-103.34,-0.1633,-2983.34,1,45.0,idle,+0.000,+0.000,+0.000,+0.000,1100,0,
1785512902.4795,2026-07-31T11:48:22.479,298.851,3009,,,,0,,,,-0.0680,-103.37,-0.1661,-2983.37,1,45.0,idle,+0.000,+0.000,+0.000,+0.000,1100,0,
1785512902.5787,2026-07-31T11:48:22.578,298.950,3010,,,,0,,,,-0.0635,-103.38,-0.1616,-2983.38,1,45.0,idle,+0.000,+0.000,+0.000,+0.000,1100,0,
1785512902.6777,2026-07-31T11:48:22.677,299.049,3011,,,,0,,,,-0.0649,-103.41,-0.1631,-2983.41,1,45.0,idle,+0.000,+0.000,+0.000,+0.000,1100,0,
1785512902.7768,2026-07-31T11:48:22.776,299.148,3012,,,,0,,,,-0.0619,-103.44,-0.1600,-2983.44,1,45.0,idle,+0.000,+0.000,+0.000,+0.000,1100,0,
1785512902.8754,2026-07-31T11:48:22.875,299.247,3013,,,,0,,,,-0.0665,-103.46,-0.1647,-2983.46,1,45.0,idle,+0.000,+0.000,+0.000,+0.000,1100,0,
1785512902.9747,2026-07-31T11:48:22.974,299.346,3014,,,,0,,,,-0.0652,-103.49,-0.1634,-2983.49,1,45.0,idle,+0.000,+0.000,+0.000,+0.000,1100,0,
1785512903.0736,2026-07-31T11:48:23.073,299.445,3015,,,,0,,,,-0.0666,-103.51,-0.1647,-2983.51,1,45.0,idle,+0.000,+0.000,+0.000,+0.000,1100,0,
1785512903.1726,2026-07-31T11:48:23.172,299.544,3016,,,,0,,,,-0.0660,-103.55,-0.1641,-2983.55,1,45.0,idle,+0.000,+0.000,+0.000,+0.000,1100,0,
1785512903.2713,2026-07-31T11:48:23.271,299.643,3017,,,,0,,,,-0.0661,-103.59,-0.1643,-2983.59,1,45.0,idle,+0.000,+0.000,+0.000,+0.000,1100,0,
1785512903.3709,2026-07-31T11:48:23.370,299.743,3018,,,,0,,,,-0.0605,-103.60,-0.1586,-2983.60,1,45.0,idle,+0.000,+0.000,+0.000,+0.000,1100,0,
1785512903.4702,2026-07-31T11:48:23.470,299.842,3019,,,,0,,,,-0.0649,-103.63,-0.1631,-2983.63,1,45.0,idle,+0.000,+0.000,+0.000,+0.000,1100,0,
1785512903.5695,2026-07-31T11:48:23.569,299.941,3020,,,,0,,,,-0.0631,-103.65,-0.1612,-2983.65,1,45.0,idle,+0.000,+0.000,+0.000,+0.000,1100,0,
1785512903.6685,2026-07-31T11:48:23.668,300.040,3021,,,,0,,,,-0.0645,-103.67,-0.1626,-2983.67,1,45.0,idle,+0.000,+0.000,+0.000,+0.000,1100,0,
1785512903.7697,2026-07-31T11:48:23.769,300.141,3022,,,,0,,,,-0.0649,-103.70,-0.1631,-2983.70,1,45.0,idle,+0.000,+0.000,+0.000,+0.000,1100,0,
1785512903.8684,2026-07-31T11:48:23.868,300.240,3023,,,,0,,,,-0.0650,-103.71,-0.1631,-2983.71,1,45.0,idle,+0.000,+0.000,+0.000,+0.000,1100,0,
1785512903.9675,2026-07-31T11:48:23.967,300.339,3024,,,,0,,,,-0.0652,-103.73,-0.1633,-2983.73,1,45.0,idle,+0.000,+0.000,+0.000,+0.000,1100,0,
1785512904.0664,2026-07-31T11:48:24.066,300.438,3025,,,,0,,,,-0.0668,-103.74,-0.1649,-2983.74,1,45.0,idle,+0.000,+0.000,+0.000,+0.000,1100,0,
1785512904.1655,2026-07-31T11:48:24.165,300.537,3026,,,,0,,,,-0.0664,-103.76,-0.1646,-2983.76,1,45.0,idle,+0.000,+0.000,+0.000,+0.000,1100,0,
1785512904.2652,2026-07-31T11:48:24.265,300.637,3027,,,,0,,,,-0.0638,-103.79,-0.1619,-2983.79,1,45.0,idle,+0.000,+0.000,+0.000,+0.000,1100,0,
1785512904.3644,2026-07-31T11:48:24.364,300.736,3028,,,,0,,,,-0.0711,-103.81,-0.1693,-2983.81,1,45.0,idle,+0.000,+0.000,+0.000,+0.000,1100,0,
1785512904.4635,2026-07-31T11:48:24.463,300.835,3029,,,,0,,,,-0.0633,-103.84,-0.1614,-2983.84,1,45.0,idle,+0.000,+0.000,+0.000,+0.000,1100,0,
1785512904.5630,2026-07-31T11:48:24.563,300.935,3030,,,,0,,,,-0.0617,-103.85,-0.1599,-2983.85,1,45.0,idle,+0.000,+0.000,+0.000,+0.000,1100,0,
1785512904.6630,2026-07-31T11:48:24.663,301.035,3031,,,,0,,,,-0.0704,-103.88,-0.1685,-2983.88,1,45.0,idle,+0.000,+0.000,+0.000,+0.000,1100,0,
1785512904.7627,2026-07-31T11:48:24.762,301.134,3032,,,,0,,,,-0.0648,-103.91,-0.1629,-2983.91,1,45.0,idle,+0.000,+0.000,+0.000,+0.000,1100,0,
1785512904.8623,2026-07-31T11:48:24.862,301.234,3033,,,,0,,,,-0.0630,-103.93,-0.1612,-2983.93,1,45.0,idle,+0.000,+0.000,+0.000,+0.000,1100,0,
1785512904.9612,2026-07-31T11:48:24.961,301.333,3034,,,,0,,,,-0.0665,-103.95,-0.1646,-2983.95,1,45.0,idle,+0.000,+0.000,+0.000,+0.000,1100,0,
1785512905.0601,2026-07-31T11:48:25.060,301.432,3035,,,,0,,,,-0.0631,-103.96,-0.1613,-2983.96,1,45.0,idle,+0.000,+0.000,+0.000,+0.000,1100,0,
1785512905.1602,2026-07-31T11:48:25.160,301.532,3036,,,,0,,,,-0.0636,-103.99,-0.1618,-2983.99,1,45.0,idle,+0.000,+0.000,+0.000,+0.000,1100,0,
1785512905.2597,2026-07-31T11:48:25.259,301.631,3037,,,,0,,,,-0.0671,-104.01,-0.1652,-2984.01,1,45.0,idle,+0.000,+0.000,+0.000,+0.000,1100,0,
1785512905.3585,2026-07-31T11:48:25.358,301.730,3038,,,,0,,,,-0.0680,-104.02,-0.1661,-2984.02,1,45.0,idle,+0.000,+0.000,+0.000,+0.000,1100,0,
1785512905.4579,2026-07-31T11:48:25.457,301.830,3039,,,,0,,,,-0.0631,-104.04,-0.1612,-2984.04,1,45.0,idle,+0.000,+0.000,+0.000,+0.000,1100,0,
1785512905.5567,2026-07-31T11:48:25.556,301.928,3040,,,,0,,,,-0.0620,-104.06,-0.1601,-2984.06,1,45.0,idle,+0.000,+0.000,+0.000,+0.000,1100,0,
1785512905.6560,2026-07-31T11:48:25.656,302.028,3041,,,,0,,,,-0.0684,-104.09,-0.1666,-2984.09,1,45.0,idle,+0.000,+0.000,+0.000,+0.000,1100,0,
1785512905.7555,2026-07-31T11:48:25.755,302.127,3042,,,,0,,,,-0.0683,-104.09,-0.1664,-2984.09,1,45.0,idle,+0.000,+0.000,+0.000,+0.000,1100,0,
1785512905.8548,2026-07-31T11:48:25.854,302.227,3043,,,,0,,,,-0.0611,-104.13,-0.1592,-2984.13,1,45.0,idle,+0.000,+0.000,+0.000,+0.000,1100,0,
1785512905.9536,2026-07-31T11:48:25.953,302.325,3044,,,,0,,,,-0.0644,-104.15,-0.1626,-2984.15,1,45.0,idle,+0.000,+0.000,+0.000,+0.000,1100,0,
1785512906.0541,2026-07-31T11:48:26.054,302.426,3045,,,,0,,,,-0.0651,-104.17,-0.1632,-2984.17,1,45.0,idle,+0.000,+0.000,+0.000,+0.000,1100,0,
1785512906.1532,2026-07-31T11:48:26.153,302.525,3046,,,,0,,,,-0.0628,-104.19,-0.1609,-2984.19,1,45.0,idle,+0.000,+0.000,+0.000,+0.000,1100,0,
1785512906.2522,2026-07-31T11:48:26.252,302.624,3047,,,,0,,,,-0.0689,-104.21,-0.1670,-2984.21,1,45.0,idle,+0.000,+0.000,+0.000,+0.000,1100,0,
1785512906.3512,2026-07-31T11:48:26.351,302.723,3048,,,,0,,,,-0.0642,-104.23,-0.1623,-2984.23,1,45.0,idle,+0.000,+0.000,+0.000,+0.000,1100,0,
1785512906.4506,2026-07-31T11:48:26.450,302.822,3049,,,,0,,,,-0.0662,-104.24,-0.1643,-2984.24,1,45.0,idle,+0.000,+0.000,+0.000,+0.000,1100,0,
1785512906.5511,2026-07-31T11:48:26.551,302.923,3050,,,,0,,,,-0.0693,-104.27,-0.1674,-2984.27,1,45.0,idle,+0.000,+0.000,+0.000,+0.000,1100,0,
1785512906.6503,2026-07-31T11:48:26.650,303.022,3051,,,,0,,,,-0.0660,-104.29,-0.1642,-2984.29,1,45.0,idle,+0.000,+0.000,+0.000,+0.000,1100,0,
1785512906.7495,2026-07-31T11:48:26.749,303.121,3052,,,,0,,,,-0.0658,-104.30,-0.1639,-2984.30,1,45.0,idle,+0.000,+0.000,+0.000,+0.000,1100,0,
1785512906.8484,2026-07-31T11:48:26.848,303.220,3053,,,,0,,,,-0.0628,-104.33,-0.1609,-2984.33,1,45.0,idle,+0.000,+0.000,+0.000,+0.000,1100,0,
1785512906.9475,2026-07-31T11:48:26.947,303.319,3054,,,,0,,,,-0.0676,-104.35,-0.1657,-2984.35,1,45.0,idle,+0.000,+0.000,+0.000,+0.000,1100,0,
1785512907.0474,2026-07-31T11:48:27.047,303.419,3055,,,,0,,,,-0.0666,-104.38,-0.1647,-2984.38,1,45.0,idle,+0.000,+0.000,+0.000,+0.000,1100,0,
1785512907.1473,2026-07-31T11:48:27.147,303.519,3056,,,,0,,,,-0.0630,-104.41,-0.1611,-2984.41,1,45.0,idle,+0.000,+0.000,+0.000,+0.000,1100,0,
1785512907.2465,2026-07-31T11:48:27.246,303.618,3057,,,,0,,,,-0.0664,-104.43,-0.1646,-2984.43,1,45.0,idle,+0.000,+0.000,+0.000,+0.000,1100,0,
1785512907.3458,2026-07-31T11:48:27.345,303.717,3058,,,,0,,,,-0.0670,-104.46,-0.1651,-2984.46,1,45.0,idle,+0.000,+0.000,+0.000,+0.000,1100,0,
1785512907.4444,2026-07-31T11:48:27.444,303.816,3059,,,,0,,,,-0.0643,-104.48,-0.1624,-2984.48,1,45.0,idle,+0.000,+0.000,+0.000,+0.000,1100,0,
1785512907.5440,2026-07-31T11:48:27.544,303.916,3060,,,,0,,,,-0.0669,-104.49,-0.1651,-2984.49,1,45.0,idle,+0.000,+0.000,+0.000,+0.000,1100,0,
1785512907.6437,2026-07-31T11:48:27.643,304.015,3061,,,,0,,,,-0.0629,-104.53,-0.1610,-2984.53,1,45.0,idle,+0.000,+0.000,+0.000,+0.000,1100,0,
1785512907.7428,2026-07-31T11:48:27.742,304.114,3062,,,,0,,,,-0.0662,-104.55,-0.1644,-2984.55,1,45.0,idle,+0.000,+0.000,+0.000,+0.000,1100,0,
1785512907.8430,2026-07-31T11:48:27.843,304.215,3063,,,,0,,,,-0.0669,-104.57,-0.1651,-2984.57,1,45.0,idle,+0.000,+0.000,+0.000,+0.000,1100,0,
1785512907.9428,2026-07-31T11:48:27.942,304.314,3064,,,,0,,,,-0.0641,-104.60,-0.1622,-2984.60,1,45.0,idle,+0.000,+0.000,+0.000,+0.000,1100,0,
1785512908.0421,2026-07-31T11:48:28.042,304.414,3065,,,,0,,,,-0.0653,-104.61,-0.1635,-2984.61,1,45.0,idle,+0.000,+0.000,+0.000,+0.000,1100,0,
1785512908.1416,2026-07-31T11:48:28.141,304.513,3066,,,,0,,,,-0.0646,-104.64,-0.1627,-2984.64,1,45.0,idle,+0.000,+0.000,+0.000,+0.000,1100,0,
1785512908.2405,2026-07-31T11:48:28.240,304.612,3067,,,,0,,,,-0.0666,-104.65,-0.1647,-2984.65,1,45.0,idle,+0.000,+0.000,+0.000,+0.000,1100,0,
1785512908.3396,2026-07-31T11:48:28.339,304.711,3068,,,,0,,,,-0.0642,-104.69,-0.1624,-2984.69,1,45.0,idle,+0.000,+0.000,+0.000,+0.000,1100,0,
1785512908.4391,2026-07-31T11:48:28.439,304.811,3069,,,,0,,,,-0.0704,-104.71,-0.1685,-2984.71,1,45.0,idle,+0.000,+0.000,+0.000,+0.000,1100,0,
1785512908.5386,2026-07-31T11:48:28.538,304.910,3070,,,,0,,,,-0.0652,-104.73,-0.1633,-2984.73,1,45.0,idle,+0.000,+0.000,+0.000,+0.000,1100,0,
1785512908.6378,2026-07-31T11:48:28.637,305.009,3071,,,,0,,,,-0.0658,-104.75,-0.1640,-2984.75,1,45.0,idle,+0.000,+0.000,+0.000,+0.000,1100,0,
1785512908.7372,2026-07-31T11:48:28.737,305.109,3072,,,,0,,,,-0.0656,-104.76,-0.1638,-2984.76,1,45.0,idle,+0.000,+0.000,+0.000,+0.000,1100,0,
1785512908.8368,2026-07-31T11:48:28.836,305.209,3073,,,,0,,,,-0.0638,-104.79,-0.1619,-2984.79,1,45.0,idle,+0.000,+0.000,+0.000,+0.000,1100,0,
1785512908.9354,2026-07-31T11:48:28.935,305.307,3074,,,,0,,,,-0.0669,-104.81,-0.1651,-2984.81,1,45.0,idle,+0.000,+0.000,+0.000,+0.000,1100,0,
1785512909.0348,2026-07-31T11:48:29.034,305.406,3075,,,,0,,,,-0.0662,-104.84,-0.1643,-2984.84,1,45.0,idle,+0.000,+0.000,+0.000,+0.000,1100,0,
1785512909.1340,2026-07-31T11:48:29.134,305.506,3076,,,,0,,,,-0.0645,-104.87,-0.1626,-2984.87,1,45.0,idle,+0.000,+0.000,+0.000,+0.000,1100,0,
1785512909.2351,2026-07-31T11:48:29.235,305.607,3077,,,,0,,,,-0.0677,-104.89,-0.1658,-2984.89,1,45.0,idle,+0.000,+0.000,+0.000,+0.000,1100,0,
1785512909.3351,2026-07-31T11:48:29.335,305.707,3078,,,,0,,,,-0.0658,-104.93,-0.1639,-2984.93,1,45.0,idle,+0.000,+0.000,+0.000,+0.000,1100,0,
1785512909.4345,2026-07-31T11:48:29.434,305.806,3079,,,,0,,,,-0.0676,-104.94,-0.1657,-2984.94,1,45.0,idle,+0.000,+0.000,+0.000,+0.000,1100,0,
1785512909.5329,2026-07-31T11:48:29.532,305.905,3080,,,,0,,,,-0.0631,-104.97,-0.1613,-2984.97,1,45.0,idle,+0.000,+0.000,+0.000,+0.000,1100,0,
1785512909.6332,2026-07-31T11:48:29.633,306.005,3081,,,,0,,,,-0.0631,-104.98,-0.1612,-2984.98,1,45.0,idle,+0.000,+0.000,+0.000,+0.000,1100,0,
1785512909.7341,2026-07-31T11:48:29.734,306.106,3082,,,,0,,,,-0.0631,-105.00,-0.1613,-2985.00,1,45.0,idle,+0.000,+0.000,+0.000,+0.000,1100,0,
1785512909.8325,2026-07-31T11:48:29.832,306.204,3083,,,,0,,,,-0.0637,-105.03,-0.1618,-2985.03,1,45.0,idle,+0.000,+0.000,+0.000,+0.000,1100,0,
1785512909.9333,2026-07-31T11:48:29.933,306.305,3084,,,,0,,,,-0.0679,-105.04,-0.1660,-2985.04,1,45.0,idle,+0.000,+0.000,+0.000,+0.000,1100,0,
1785512910.0341,2026-07-31T11:48:30.034,306.406,3085,,,,0,,,,-0.0654,-105.07,-0.1635,-2985.07,1,45.0,idle,+0.000,+0.000,+0.000,+0.000,1100,0,
1785512910.1348,2026-07-31T11:48:30.134,306.507,3086,,,,0,,,,-0.0679,-105.10,-0.1660,-2985.10,1,45.0,idle,+0.000,+0.000,+0.000,+0.000,1100,0,
1785512910.2338,2026-07-31T11:48:30.233,306.605,3087,,,,0,,,,-0.0624,-105.12,-0.1606,-2985.12,1,45.0,idle,+0.000,+0.000,+0.000,+0.000,1100,0,
1785512910.3335,2026-07-31T11:48:30.333,306.705,3088,,,,0,,,,-0.0674,-105.15,-0.1655,-2985.15,1,45.0,idle,+0.000,+0.000,+0.000,+0.000,1100,0,
1785512910.4329,2026-07-31T11:48:30.432,306.805,3089,,,,0,,,,-0.0658,-105.16,-0.1640,-2985.16,1,45.0,idle,+0.000,+0.000,+0.000,+0.000,1100,0,
1785512910.5308,2026-07-31T11:48:30.530,306.902,3090,,,,0,,,,-0.0626,-105.18,-0.1608,-2985.18,1,45.0,idle,+0.000,+0.000,+0.000,+0.000,1100,0,
1785512910.6297,2026-07-31T11:48:30.629,307.001,3091,,,,0,,,,-0.0635,-105.19,-0.1617,-2985.19,1,45.0,idle,+0.000,+0.000,+0.000,+0.000,1100,0,
1785512910.7287,2026-07-31T11:48:30.728,307.100,3092,,,,0,,,,-0.0649,-105.22,-0.1630,-2985.22,1,45.0,idle,+0.000,+0.000,+0.000,+0.000,1100,0,
1785512910.8287,2026-07-31T11:48:30.828,307.200,3093,,,,0,,,,-0.0670,-105.25,-0.1651,-2985.25,1,45.0,idle,+0.000,+0.000,+0.000,+0.000,1100,0,
1785512910.9278,2026-07-31T11:48:30.927,307.300,3094,,,,0,,,,-0.0649,-105.26,-0.1630,-2985.26,1,45.0,idle,+0.000,+0.000,+0.000,+0.000,1100,0,
1785512911.0268,2026-07-31T11:48:31.026,307.398,3095,,,,0,,,,-0.0619,-105.29,-0.1601,-2985.29,1,45.0,idle,+0.000,+0.000,+0.000,+0.000,1100,0,
1785512911.1264,2026-07-31T11:48:31.126,307.498,3096,,,,0,,,,-0.0670,-105.32,-0.1651,-2985.32,1,45.0,idle,+0.000,+0.000,+0.000,+0.000,1100,0,
1785512911.2258,2026-07-31T11:48:31.225,307.597,3097,,,,0,,,,-0.0678,-105.33,-0.1659,-2985.33,1,45.0,idle,+0.000,+0.000,+0.000,+0.000,1100,0,
1785512911.3246,2026-07-31T11:48:31.324,307.696,3098,,,,0,,,,-0.0682,-105.37,-0.1663,-2985.37,1,45.0,idle,+0.000,+0.000,+0.000,+0.000,1100,0,
1785512911.4236,2026-07-31T11:48:31.423,307.795,3099,,,,0,,,,-0.0677,-105.38,-0.1658,-2985.38,1,45.0,idle,+0.000,+0.000,+0.000,+0.000,1100,0,
1785512911.5230,2026-07-31T11:48:31.522,307.895,3100,,,,0,,,,-0.0649,-105.40,-0.1630,-2985.40,1,45.0,idle,+0.000,+0.000,+0.000,+0.000,1100,0,
1785512911.6220,2026-07-31T11:48:31.622,307.994,3101,,,,0,,,,-0.0665,-105.40,-0.1647,-2985.40,1,45.0,idle,+0.000,+0.000,+0.000,+0.000,1100,0,
1785512911.7211,2026-07-31T11:48:31.721,308.093,3102,,,,0,,,,-0.0640,-105.43,-0.1621,-2985.43,1,45.0,idle,+0.000,+0.000,+0.000,+0.000,1100,0,
1785512911.8197,2026-07-31T11:48:31.819,308.191,3103,,,,0,,,,-0.0643,-105.47,-0.1625,-2985.47,1,45.0,idle,+0.000,+0.000,+0.000,+0.000,1100,0,
1785512911.9186,2026-07-31T11:48:31.918,308.290,3104,,,,0,,,,-0.0638,-105.48,-0.1620,-2985.48,1,45.0,idle,+0.000,+0.000,+0.000,+0.000,1100,0,
1785512912.0178,2026-07-31T11:48:32.017,308.389,3105,,,,0,,,,-0.0680,-105.51,-0.1661,-2985.51,1,45.0,idle,+0.000,+0.000,+0.000,+0.000,1100,0,
1785512912.1182,2026-07-31T11:48:32.118,308.490,3106,,,,0,,,,-0.0674,-105.52,-0.1655,-2985.52,1,45.0,idle,+0.000,+0.000,+0.000,+0.000,1100,0,
1785512912.2176,2026-07-31T11:48:32.217,308.589,3107,,,,0,,,,-0.0689,-105.55,-0.1671,-2985.55,1,45.0,idle,+0.000,+0.000,+0.000,+0.000,1100,0,
1785512912.3170,2026-07-31T11:48:32.317,308.689,3108,,,,0,,,,-0.0660,-105.58,-0.1642,-2985.58,1,45.0,idle,+0.000,+0.000,+0.000,+0.000,1100,0,
1785512912.4159,2026-07-31T11:48:32.415,308.788,3109,,,,0,,,,-0.0657,-105.59,-0.1639,-2985.59,1,45.0,idle,+0.000,+0.000,+0.000,+0.000,1100,0,
1785512912.5149,2026-07-31T11:48:32.514,308.887,3110,,,,0,,,,-0.0681,-105.62,-0.1662,-2985.62,1,45.0,idle,+0.000,+0.000,+0.000,+0.000,1100,0,
1785512912.6136,2026-07-31T11:48:32.613,308.985,3111,,,,0,,,,-0.0692,-105.63,-0.1673,-2985.63,1,45.0,idle,+0.000,+0.000,+0.000,+0.000,1100,0,
1785512912.7127,2026-07-31T11:48:32.712,309.084,3112,,,,0,,,,-0.0657,-105.66,-0.1638,-2985.66,1,45.0,idle,+0.000,+0.000,+0.000,+0.000,1100,0,
1785512912.8117,2026-07-31T11:48:32.811,309.183,3113,,,,0,,,,-0.0658,-105.69,-0.1640,-2985.69,1,45.0,idle,+0.000,+0.000,+0.000,+0.000,1100,0,
1785512912.9107,2026-07-31T11:48:32.910,309.282,3114,,,,0,,,,-0.0593,-105.70,-0.1574,-2985.70,1,45.0,idle,+0.000,+0.000,+0.000,+0.000,1100,0,
1785512913.0098,2026-07-31T11:48:33.009,309.381,3115,,,,0,,,,-0.0678,-105.74,-0.1659,-2985.74,1,45.0,idle,+0.000,+0.000,+0.000,+0.000,1100,0,
1785512913.1093,2026-07-31T11:48:33.109,309.481,3116,,,,0,,,,-0.0617,-105.75,-0.1598,-2985.75,1,45.0,idle,+0.000,+0.000,+0.000,+0.000,1100,0,
1785512913.2091,2026-07-31T11:48:33.209,309.581,3117,,,,0,,,,-0.0698,-105.77,-0.1679,-2985.77,1,45.0,idle,+0.000,+0.000,+0.000,+0.000,1100,0,
1785512913.3094,2026-07-31T11:48:33.309,309.681,3118,,,,0,,,,-0.0690,-105.79,-0.1672,-2985.79,1,45.0,idle,+0.000,+0.000,+0.000,+0.000,1100,0,
1785512913.4086,2026-07-31T11:48:33.408,309.780,3119,,,,0,,,,-0.0678,-105.82,-0.1660,-2985.82,1,45.0,idle,+0.000,+0.000,+0.000,+0.000,1100,0,
1785512913.5078,2026-07-31T11:48:33.507,309.879,3120,,,,0,,,,-0.0647,-105.83,-0.1628,-2985.83,1,45.0,idle,+0.000,+0.000,+0.000,+0.000,1100,0,
1785512913.6071,2026-07-31T11:48:33.607,309.979,3121,,,,0,,,,-0.0639,-105.86,-0.1621,-2985.86,1,45.0,idle,+0.000,+0.000,+0.000,+0.000,1100,0,
1785512913.7073,2026-07-31T11:48:33.707,310.079,3122,,,,0,,,,-0.0706,-105.89,-0.1688,-2985.89,1,45.0,idle,+0.000,+0.000,+0.000,+0.000,1100,0,
1785512913.8064,2026-07-31T11:48:33.806,310.178,3123,,,,0,,,,-0.0698,-105.90,-0.1679,-2985.90,1,45.0,idle,+0.000,+0.000,+0.000,+0.000,1100,0,
1785512913.9062,2026-07-31T11:48:33.906,310.278,3124,,,,0,,,,-0.0696,-105.93,-0.1678,-2985.93,1,45.0,idle,+0.000,+0.000,+0.000,+0.000,1100,0,
1785512914.0048,2026-07-31T11:48:34.004,310.377,3125,,,,0,,,,-0.0667,-105.94,-0.1649,-2985.94,1,45.0,idle,+0.000,+0.000,+0.000,+0.000,1100,0,
1785512914.1034,2026-07-31T11:48:34.103,310.475,3126,,,,0,,,,-0.0648,-105.97,-0.1629,-2985.97,1,45.0,idle,+0.000,+0.000,+0.000,+0.000,1100,0,
1785512914.2027,2026-07-31T11:48:34.202,310.574,3127,,,,0,,,,-0.0597,-105.99,-0.1579,-2985.99,1,45.0,idle,+0.000,+0.000,+0.000,+0.000,1100,0,
1785512914.3016,2026-07-31T11:48:34.301,310.673,3128,,,,0,,,,-0.0653,-106.01,-0.1634,-2986.01,1,45.0,idle,+0.000,+0.000,+0.000,+0.000,1100,0,
1785512914.4007,2026-07-31T11:48:34.400,310.772,3129,,,,0,,,,-0.0638,-106.04,-0.1619,-2986.04,1,45.0,idle,+0.000,+0.000,+0.000,+0.000,1100,0,
1785512914.4987,2026-07-31T11:48:34.498,310.870,3130,,,,0,,,,-0.0643,-106.07,-0.1625,-2986.07,1,45.0,idle,+0.000,+0.000,+0.000,+0.000,1100,0,
1785512914.5976,2026-07-31T11:48:34.597,310.969,3131,,,,0,,,,-0.0652,-106.09,-0.1633,-2986.09,1,45.0,idle,+0.000,+0.000,+0.000,+0.000,1100,0,
1785512914.6965,2026-07-31T11:48:34.696,311.068,3132,,,,0,,,,-0.0683,-106.12,-0.1665,-2986.12,1,45.0,idle,+0.000,+0.000,+0.000,+0.000,1100,0,
1785512914.7962,2026-07-31T11:48:34.796,311.168,3133,,,,0,,,,-0.0669,-106.14,-0.1650,-2986.14,1,45.0,idle,+0.000,+0.000,+0.000,+0.000,1100,0,
1785512914.8973,2026-07-31T11:48:34.897,311.269,3134,,,,0,,,,-0.0683,-106.17,-0.1664,-2986.17,1,45.0,idle,+0.000,+0.000,+0.000,+0.000,1100,0,
1785512914.9973,2026-07-31T11:48:34.997,311.369,3135,,,,0,,,,-0.0701,-106.19,-0.1682,-2986.19,1,45.0,idle,+0.000,+0.000,+0.000,+0.000,1100,0,
1785512915.0983,2026-07-31T11:48:35.098,311.470,3136,,,,0,,,,-0.0650,-106.20,-0.1631,-2986.20,1,45.0,idle,+0.000,+0.000,+0.000,+0.000,1100,0,
1785512915.2004,2026-07-31T11:48:35.200,311.572,3137,,,,0,,,,-0.0626,-106.23,-0.1607,-2986.23,1,45.0,idle,+0.000,+0.000,+0.000,+0.000,1100,0,
1785512915.3023,2026-07-31T11:48:35.302,311.674,3138,,,,0,,,,-0.0657,-106.25,-0.1639,-2986.25,1,45.0,idle,+0.000,+0.000,+0.000,+0.000,1100,0,
1785512915.4034,2026-07-31T11:48:35.403,311.775,3139,,,,0,,,,-0.0631,-106.27,-0.1613,-2986.27,1,45.0,idle,+0.000,+0.000,+0.000,+0.000,1100,0,
1785512915.5027,2026-07-31T11:48:35.502,311.874,3140,,,,0,,,,-0.0664,-106.29,-0.1645,-2986.29,1,45.0,idle,+0.000,+0.000,+0.000,+0.000,1100,0,
1785512915.6017,2026-07-31T11:48:35.601,311.973,3141,,,,0,,,,-0.0645,-106.30,-0.1626,-2986.30,1,45.0,idle,+0.000,+0.000,+0.000,+0.000,1100,0,
1785512915.7005,2026-07-31T11:48:35.700,312.072,3142,,,,0,,,,-0.0616,-106.33,-0.1597,-2986.33,1,45.0,idle,+0.000,+0.000,+0.000,+0.000,1100,0,
1785512915.7996,2026-07-31T11:48:35.799,312.171,3143,,,,0,,,,-0.0627,-106.34,-0.1608,-2986.34,1,45.0,idle,+0.000,+0.000,+0.000,+0.000,1100,0,
1785512915.8994,2026-07-31T11:48:35.899,312.271,3144,,,,0,,,,-0.0691,-106.37,-0.1673,-2986.37,1,45.0,idle,+0.000,+0.000,+0.000,+0.000,1100,0,
1785512915.9986,2026-07-31T11:48:35.998,312.370,3145,,,,0,,,,-0.0698,-106.40,-0.1680,-2986.40,1,45.0,idle,+0.000,+0.000,+0.000,+0.000,1100,0,
1785512916.0976,2026-07-31T11:48:36.097,312.469,3146,,,,0,,,,-0.0689,-106.41,-0.1670,-2986.41,1,45.0,idle,+0.000,+0.000,+0.000,+0.000,1100,0,
1785512916.1977,2026-07-31T11:48:36.197,312.569,3147,,,,0,,,,-0.0685,-106.44,-0.1666,-2986.44,1,45.0,idle,+0.000,+0.000,+0.000,+0.000,1100,0,
1785512916.2978,2026-07-31T11:48:36.297,312.670,3148,,,,0,,,,-0.0688,-106.45,-0.1669,-2986.45,1,45.0,idle,+0.000,+0.000,+0.000,+0.000,1100,0,
1785512916.3984,2026-07-31T11:48:36.398,312.770,3149,,,,0,,,,-0.0656,-106.49,-0.1637,-2986.49,1,45.0,idle,+0.000,+0.000,+0.000,+0.000,1100,0,
1785512916.4979,2026-07-31T11:48:36.497,312.870,3150,,,,0,,,,-0.0659,-106.51,-0.1641,-2986.51,1,45.0,idle,+0.000,+0.000,+0.000,+0.000,1100,0,
1785512916.5973,2026-07-31T11:48:36.597,312.969,3151,,,,0,,,,-0.0628,-106.53,-0.1609,-2986.53,1,45.0,idle,+0.000,+0.000,+0.000,+0.000,1100,0,
1785512916.6960,2026-07-31T11:48:36.696,313.068,3152,,,,0,,,,-0.0664,-106.54,-0.1646,-2986.54,1,45.0,idle,+0.000,+0.000,+0.000,+0.000,1100,0,
1785512916.7947,2026-07-31T11:48:36.794,313.166,3153,,,,0,,,,-0.0682,-106.55,-0.1664,-2986.55,1,45.0,idle,+0.000,+0.000,+0.000,+0.000,1100,0,
1785512916.8940,2026-07-31T11:48:36.893,313.266,3154,,,,0,,,,-0.0683,-106.57,-0.1665,-2986.57,1,45.0,idle,+0.000,+0.000,+0.000,+0.000,1100,0,
1785512916.9926,2026-07-31T11:48:36.992,313.364,3155,,,,0,,,,-0.0660,-106.59,-0.1642,-2986.59,1,45.0,idle,+0.000,+0.000,+0.000,+0.000,1100,0,
1785512917.0915,2026-07-31T11:48:37.091,313.463,3156,,,,0,,,,-0.0685,-106.60,-0.1667,-2986.60,1,45.0,idle,+0.000,+0.000,+0.000,+0.000,1100,0,
1785512917.1913,2026-07-31T11:48:37.191,313.563,3157,,,,0,,,,-0.0657,-106.63,-0.1638,-2986.63,1,45.0,idle,+0.000,+0.000,+0.000,+0.000,1100,0,
1785512917.2897,2026-07-31T11:48:37.289,313.661,3158,,,,0,,,,-0.0651,-106.65,-0.1632,-2986.65,1,45.0,idle,+0.000,+0.000,+0.000,+0.000,1100,0,
1785512917.3891,2026-07-31T11:48:37.389,313.761,3159,,,,0,,,,-0.0639,-106.68,-0.1620,-2986.68,1,45.0,idle,+0.000,+0.000,+0.000,+0.000,1100,0,
1785512917.4877,2026-07-31T11:48:37.487,313.859,3160,,,,0,,,,-0.0602,-106.70,-0.1583,-2986.70,1,45.0,idle,+0.000,+0.000,+0.000,+0.000,1100,0,
1785512917.5884,2026-07-31T11:48:37.588,313.960,3161,,,,0,,,,-0.0672,-106.74,-0.1654,-2986.74,1,45.0,idle,+0.000,+0.000,+0.000,+0.000,1100,0,
1785512917.6882,2026-07-31T11:48:37.688,314.060,3162,,,,0,,,,-0.0668,-106.76,-0.1650,-2986.76,1,45.0,idle,+0.000,+0.000,+0.000,+0.000,1100,0,
1785512917.7884,2026-07-31T11:48:37.788,314.160,3163,,,,0,,,,-0.0655,-106.77,-0.1636,-2986.77,1,45.0,idle,+0.000,+0.000,+0.000,+0.000,1100,0,
1785512917.8879,2026-07-31T11:48:37.887,314.260,3164,,,,0,,,,-0.0648,-106.79,-0.1630,-2986.79,1,45.0,idle,+0.000,+0.000,+0.000,+0.000,1100,0,
1785512917.9884,2026-07-31T11:48:37.988,314.360,3165,,,,0,,,,-0.0665,-106.81,-0.1647,-2986.81,1,45.0,idle,+0.000,+0.000,+0.000,+0.000,1100,0,
1785512918.0877,2026-07-31T11:48:38.087,314.459,3166,,,,0,,,,-0.0637,-106.82,-0.1618,-2986.82,1,45.0,idle,+0.000,+0.000,+0.000,+0.000,1100,0,
1785512918.1872,2026-07-31T11:48:38.187,314.559,3167,,,,0,,,,-0.0674,-106.84,-0.1655,-2986.84,1,45.0,idle,+0.000,+0.000,+0.000,+0.000,1100,0,
1785512918.2874,2026-07-31T11:48:38.287,314.659,3168,,,,0,,,,-0.0643,-106.86,-0.1624,-2986.86,1,45.0,idle,+0.000,+0.000,+0.000,+0.000,1100,0,
1785512918.3868,2026-07-31T11:48:38.386,314.758,3169,,,,0,,,,-0.0676,-106.89,-0.1657,-2986.89,1,45.0,idle,+0.000,+0.000,+0.000,+0.000,1100,0,
1785512918.4859,2026-07-31T11:48:38.485,314.858,3170,,,,0,,,,-0.0648,-106.91,-0.1630,-2986.91,1,45.0,idle,+0.000,+0.000,+0.000,+0.000,1100,0,
1785512918.5861,2026-07-31T11:48:38.586,314.958,3171,,,,0,,,,-0.0632,-106.94,-0.1613,-2986.94,1,45.0,idle,+0.000,+0.000,+0.000,+0.000,1100,0,
1785512918.6853,2026-07-31T11:48:38.685,315.057,3172,,,,0,,,,-0.0681,-106.97,-0.1663,-2986.97,1,45.0,idle,+0.000,+0.000,+0.000,+0.000,1100,0,
1785512918.7852,2026-07-31T11:48:38.785,315.157,3173,,,,0,,,,-0.0665,-106.98,-0.1646,-2986.98,1,45.0,idle,+0.000,+0.000,+0.000,+0.000,1100,0,
1785512918.8841,2026-07-31T11:48:38.884,315.256,3174,,,,0,,,,-0.0708,-107.01,-0.1689,-2987.01,1,45.0,idle,+0.000,+0.000,+0.000,+0.000,1100,0,
1785512918.9846,2026-07-31T11:48:38.984,315.356,3175,,,,0,,,,-0.0656,-107.03,-0.1637,-2987.03,1,45.0,idle,+0.000,+0.000,+0.000,+0.000,1100,0,
1785512919.0844,2026-07-31T11:48:39.084,315.456,3176,,,,0,,,,-0.0635,-107.04,-0.1616,-2987.04,1,45.0,idle,+0.000,+0.000,+0.000,+0.000,1100,0,
1785512919.1826,2026-07-31T11:48:39.182,315.554,3177,,,,0,,,,-0.0666,-107.07,-0.1647,-2987.07,1,45.0,idle,+0.000,+0.000,+0.000,+0.000,1100,0,
1785512919.2816,2026-07-31T11:48:39.281,315.653,3178,,,,0,,,,-0.0719,-107.08,-0.1700,-2987.08,1,45.0,idle,+0.000,+0.000,+0.000,+0.000,1100,0,
1785512919.3809,2026-07-31T11:48:39.380,315.753,3179,,,,0,,,,-0.0670,-107.11,-0.1651,-2987.11,1,45.0,idle,+0.000,+0.000,+0.000,+0.000,1100,0,
1785512919.4810,2026-07-31T11:48:39.481,315.853,3180,,,,0,,,,-0.0696,-107.14,-0.1677,-2987.14,1,45.0,idle,+0.000,+0.000,+0.000,+0.000,1100,0,
1785512919.5803,2026-07-31T11:48:39.580,315.952,3181,,,,0,,,,-0.0656,-107.15,-0.1638,-2987.15,1,45.0,idle,+0.000,+0.000,+0.000,+0.000,1100,0,
1785512919.6787,2026-07-31T11:48:39.678,316.050,3182,,,,0,,,,-0.0673,-107.18,-0.1655,-2987.18,1,45.0,idle,+0.000,+0.000,+0.000,+0.000,1100,0,
1785512919.7778,2026-07-31T11:48:39.777,316.149,3183,,,,0,,,,-0.0658,-107.19,-0.1639,-2987.19,1,45.0,idle,+0.000,+0.000,+0.000,+0.000,1100,0,
1785512919.8771,2026-07-31T11:48:39.877,316.249,3184,,,,0,,,,-0.0638,-107.23,-0.1620,-2987.23,1,45.0,idle,+0.000,+0.000,+0.000,+0.000,1100,0,
1785512919.9769,2026-07-31T11:48:39.976,316.349,3185,,,,0,,,,-0.0685,-107.24,-0.1667,-2987.24,1,45.0,idle,+0.000,+0.000,+0.000,+0.000,1100,0,
1785512920.0771,2026-07-31T11:48:40.077,316.449,3186,,,,0,,,,-0.0646,-107.27,-0.1628,-2987.27,1,45.0,idle,+0.000,+0.000,+0.000,+0.000,1100,0,
1785512920.1764,2026-07-31T11:48:40.176,316.548,3187,,,,0,,,,-0.0672,-107.30,-0.1653,-2987.30,1,45.0,idle,+0.000,+0.000,+0.000,+0.000,1100,0,
1785512920.2764,2026-07-31T11:48:40.276,316.648,3188,,,,0,,,,-0.0660,-107.32,-0.1641,-2987.32,1,45.0,idle,+0.000,+0.000,+0.000,+0.000,1100,0,
1785512920.3759,2026-07-31T11:48:40.375,316.748,3189,,,,0,,,,-0.0653,-107.35,-0.1634,-2987.35,1,45.0,idle,+0.000,+0.000,+0.000,+0.000,1100,0,
1785512920.4748,2026-07-31T11:48:40.474,316.847,3190,,,,0,,,,-0.0620,-107.37,-0.1601,-2987.37,1,45.0,idle,+0.000,+0.000,+0.000,+0.000,1100,0,
1785512920.5752,2026-07-31T11:48:40.575,316.947,3191,,,,0,,,,-0.0682,-107.39,-0.1663,-2987.39,1,45.0,idle,+0.000,+0.000,+0.000,+0.000,1100,0,
1785512920.6739,2026-07-31T11:48:40.673,317.046,3192,,,,0,,,,-0.0642,-107.41,-0.1624,-2987.41,1,45.0,idle,+0.000,+0.000,+0.000,+0.000,1100,0,
1785512920.7731,2026-07-31T11:48:40.773,317.145,3193,,,,0,,,,-0.0660,-107.42,-0.1642,-2987.42,1,45.0,idle,+0.000,+0.000,+0.000,+0.000,1100,0,
1785512920.8719,2026-07-31T11:48:40.871,317.244,3194,,,,0,,,,-0.0683,-107.45,-0.1664,-2987.45,1,45.0,idle,+0.000,+0.000,+0.000,+0.000,1100,0,
1785512920.9714,2026-07-31T11:48:40.971,317.343,3195,,,,0,,,,-0.0602,-107.46,-0.1584,-2987.46,1,45.0,idle,+0.000,+0.000,+0.000,+0.000,1100,0,
1785512921.0726,2026-07-31T11:48:41.072,317.444,3196,,,,0,,,,-0.0668,-107.49,-0.1649,-2987.49,1,45.0,idle,+0.000,+0.000,+0.000,+0.000,1100,0,
1785512921.1734,2026-07-31T11:48:41.173,317.545,3197,,,,0,,,,-0.0668,-107.51,-0.1650,-2987.51,1,45.0,idle,+0.000,+0.000,+0.000,+0.000,1100,0,
1785512921.2726,2026-07-31T11:48:41.272,317.644,3198,,,,0,,,,-0.0645,-107.54,-0.1626,-2987.54,1,45.0,idle,+0.000,+0.000,+0.000,+0.000,1100,0,
1785512921.3719,2026-07-31T11:48:41.371,317.744,3199,,,,0,,,,-0.0667,-107.56,-0.1648,-2987.56,1,45.0,idle,+0.000,+0.000,+0.000,+0.000,1100,0,
1785512921.4715,2026-07-31T11:48:41.471,317.843,3200,,,,0,,,,-0.0675,-107.58,-0.1656,-2987.58,1,45.0,idle,+0.000,+0.000,+0.000,+0.000,1100,0,
1785512921.5725,2026-07-31T11:48:41.572,317.944,3201,,,,0,,,,-0.0652,-107.60,-0.1633,-2987.60,1,45.0,idle,+0.000,+0.000,+0.000,+0.000,1100,0,
1785512921.6718,2026-07-31T11:48:41.671,318.043,3202,,,,0,,,,-0.0654,-107.62,-0.1636,-2987.62,1,45.0,idle,+0.000,+0.000,+0.000,+0.000,1100,0,
1785512921.7717,2026-07-31T11:48:41.771,318.143,3203,,,,0,,,,-0.0686,-107.64,-0.1667,-2987.64,1,45.0,idle,+0.000,+0.000,+0.000,+0.000,1100,0,
1785512921.8707,2026-07-31T11:48:41.870,318.242,3204,,,,0,,,,-0.0661,-107.69,-0.1643,-2987.69,1,45.0,idle,+0.000,+0.000,+0.000,+0.000,1100,0,
1785512921.9700,2026-07-31T11:48:41.969,318.342,3205,,,,0,,,,-0.0670,-107.70,-0.1651,-2987.70,1,45.0,idle,+0.000,+0.000,+0.000,+0.000,1100,0,
1785512922.0691,2026-07-31T11:48:42.069,318.441,3206,,,,0,,,,-0.0649,-107.73,-0.1631,-2987.73,1,45.0,idle,+0.000,+0.000,+0.000,+0.000,1100,0,
1785512922.1679,2026-07-31T11:48:42.167,318.540,3207,,,,0,,,,-0.0668,-107.76,-0.1649,-2987.76,1,45.0,idle,+0.000,+0.000,+0.000,+0.000,1100,0,
1785512922.2670,2026-07-31T11:48:42.267,318.639,3208,,,,0,,,,-0.0635,-107.78,-0.1617,-2987.78,1,45.0,idle,+0.000,+0.000,+0.000,+0.000,1100,0,
1785512922.3656,2026-07-31T11:48:42.365,318.737,3209,,,,0,,,,-0.0662,-107.79,-0.1643,-2987.79,1,45.0,idle,+0.000,+0.000,+0.000,+0.000,1100,0,
1785512922.4642,2026-07-31T11:48:42.464,318.836,3210,,,,0,,,,-0.0668,-107.80,-0.1649,-2987.80,1,45.0,idle,+0.000,+0.000,+0.000,+0.000,1100,0,
1785512922.5633,2026-07-31T11:48:42.563,318.935,3211,,,,0,,,,-0.0690,-107.83,-0.1671,-2987.83,1,45.0,idle,+0.000,+0.000,+0.000,+0.000,1100,0,
1785512922.6627,2026-07-31T11:48:42.662,319.034,3212,,,,0,,,,-0.0672,-107.85,-0.1653,-2987.85,1,45.0,idle,+0.000,+0.000,+0.000,+0.000,1100,0,
1785512922.7622,2026-07-31T11:48:42.762,319.134,3213,,,,0,,,,-0.0706,-107.87,-0.1687,-2987.87,1,45.0,idle,+0.000,+0.000,+0.000,+0.000,1100,0,
1785512922.8609,2026-07-31T11:48:42.860,319.233,3214,,,,0,,,,-0.0653,-107.89,-0.1634,-2987.89,1,45.0,idle,+0.000,+0.000,+0.000,+0.000,1100,0,
1785512922.9600,2026-07-31T11:48:42.960,319.332,3215,,,,0,,,,-0.0676,-107.91,-0.1657,-2987.91,1,45.0,idle,+0.000,+0.000,+0.000,+0.000,1100,0,
1785512923.0590,2026-07-31T11:48:43.059,319.431,3216,,,,0,,,,-0.0674,-107.94,-0.1655,-2987.94,1,45.0,idle,+0.000,+0.000,+0.000,+0.000,1100,0,
1785512923.1577,2026-07-31T11:48:43.157,319.529,3217,,,,0,,,,-0.0672,-107.95,-0.1653,-2987.95,1,45.0,idle,+0.000,+0.000,+0.000,+0.000,1100,0,
1785512923.2575,2026-07-31T11:48:43.257,319.629,3218,,,,0,,,,-0.0633,-107.98,-0.1614,-2987.98,1,45.0,idle,+0.000,+0.000,+0.000,+0.000,1100,0,
1785512923.3562,2026-07-31T11:48:43.356,319.728,3219,,,,0,,,,-0.0681,-108.02,-0.1663,-2988.02,1,45.0,idle,+0.000,+0.000,+0.000,+0.000,1100,0,
1785512923.4555,2026-07-31T11:48:43.455,319.827,3220,,,,0,,,,-0.0680,-108.04,-0.1661,-2988.04,1,45.0,idle,+0.000,+0.000,+0.000,+0.000,1100,0,
1785512923.5547,2026-07-31T11:48:43.554,319.926,3221,,,,0,,,,-0.0634,-108.07,-0.1615,-2988.07,1,45.0,idle,+0.000,+0.000,+0.000,+0.000,1100,0,
1785512923.6550,2026-07-31T11:48:43.654,320.027,3222,,,,0,,,,-0.0623,-108.08,-0.1604,-2988.08,1,45.0,idle,+0.000,+0.000,+0.000,+0.000,1100,0,
1785512923.7539,2026-07-31T11:48:43.753,320.126,3223,,,,0,,,,-0.0653,-108.11,-0.1634,-2988.11,1,45.0,idle,+0.000,+0.000,+0.000,+0.000,1100,0,
1785512923.8533,2026-07-31T11:48:43.853,320.225,3224,,,,0,,,,-0.0682,-108.14,-0.1664,-2988.14,1,45.0,idle,+0.000,+0.000,+0.000,+0.000,1100,0,
1785512923.9535,2026-07-31T11:48:43.953,320.325,3225,,,,0,,,,-0.0650,-108.15,-0.1632,-2988.15,1,45.0,idle,+0.000,+0.000,+0.000,+0.000,1100,0,
1785512924.0520,2026-07-31T11:48:44.052,320.424,3226,,,,0,,,,-0.0642,-108.18,-0.1624,-2988.18,1,45.0,idle,+0.000,+0.000,+0.000,+0.000,1100,0,
1785512924.1516,2026-07-31T11:48:44.151,320.523,3227,,,,0,,,,-0.0650,-108.20,-0.1632,-2988.20,1,45.0,idle,+0.000,+0.000,+0.000,+0.000,1100,0,
1785512924.2507,2026-07-31T11:48:44.250,320.622,3228,,,,0,,,,-0.0678,-108.23,-0.1660,-2988.23,1,45.0,idle,+0.000,+0.000,+0.000,+0.000,1100,0,
1785512924.3515,2026-07-31T11:48:44.351,320.723,3229,,,,0,,,,-0.0673,-108.26,-0.1654,-2988.26,1,45.0,idle,+0.000,+0.000,+0.000,+0.000,1100,0,
1785512924.4526,2026-07-31T11:48:44.452,320.824,3230,,,,0,,,,-0.0656,-108.28,-0.1638,-2988.28,1,45.0,idle,+0.000,+0.000,+0.000,+0.000,1100,0,
1785512924.5531,2026-07-31T11:48:44.553,320.925,3231,,,,0,,,,-0.0685,-108.31,-0.1666,-2988.31,1,45.0,idle,+0.000,+0.000,+0.000,+0.000,1100,0,
1785512924.6519,2026-07-31T11:48:44.651,321.024,3232,,,,0,,,,-0.0646,-108.32,-0.1627,-2988.32,1,45.0,idle,+0.000,+0.000,+0.000,+0.000,1100,0,
1785512924.7513,2026-07-31T11:48:44.751,321.123,3233,,,,0,,,,-0.0645,-108.35,-0.1626,-2988.35,1,45.0,idle,+0.000,+0.000,+0.000,+0.000,1100,0,
1785512924.8503,2026-07-31T11:48:44.850,321.222,3234,,,,0,,,,-0.0666,-108.38,-0.1648,-2988.38,1,45.0,idle,+0.000,+0.000,+0.000,+0.000,1100,0,
1785512924.9491,2026-07-31T11:48:44.949,321.321,3235,,,,0,,,,-0.0685,-108.39,-0.1666,-2988.39,1,45.0,idle,+0.000,+0.000,+0.000,+0.000,1100,0,
1785512925.0479,2026-07-31T11:48:45.047,321.420,3236,,,,0,,,,-0.0651,-108.43,-0.1633,-2988.43,1,45.0,idle,+0.000,+0.000,+0.000,+0.000,1100,0,
1785512925.1470,2026-07-31T11:48:45.147,321.519,3237,,,,0,,,,-0.0659,-108.45,-0.1641,-2988.45,1,45.0,idle,+0.000,+0.000,+0.000,+0.000,1100,0,
1785512925.2466,2026-07-31T11:48:45.246,321.618,3238,,,,0,,,,-0.0645,-108.48,-0.1627,-2988.48,1,45.0,idle,+0.000,+0.000,+0.000,+0.000,1100,0,
1785512925.3448,2026-07-31T11:48:45.344,321.716,3239,,,,0,,,,-0.0656,-108.49,-0.1638,-2988.49,1,45.0,idle,+0.000,+0.000,+0.000,+0.000,1100,0,
1785512925.4455,2026-07-31T11:48:45.445,321.817,3240,,,,0,,,,-0.0631,-108.51,-0.1613,-2988.51,1,45.0,idle,+0.000,+0.000,+0.000,+0.000,1100,0,
1785512925.5448,2026-07-31T11:48:45.544,321.916,3241,,,,0,,,,-0.0672,-108.54,-0.1654,-2988.54,1,45.0,idle,+0.000,+0.000,+0.000,+0.000,1100,0,
1785512925.6446,2026-07-31T11:48:45.644,322.016,3242,,,,0,,,,-0.0647,-108.55,-0.1628,-2988.55,1,45.0,idle,+0.000,+0.000,+0.000,+0.000,1100,0,
1785512925.7428,2026-07-31T11:48:45.742,322.114,3243,,,,0,,,,-0.0692,-108.58,-0.1673,-2988.58,1,45.0,idle,+0.000,+0.000,+0.000,+0.000,1100,0,
1785512925.8419,2026-07-31T11:48:45.841,322.214,3244,,,,0,,,,-0.0631,-108.59,-0.1612,-2988.59,1,45.0,idle,+0.000,+0.000,+0.000,+0.000,1100,0,
1785512925.9410,2026-07-31T11:48:45.941,322.313,3245,,,,0,,,,-0.0672,-108.62,-0.1653,-2988.62,1,45.0,idle,+0.000,+0.000,+0.000,+0.000,1100,0,
1785512926.0406,2026-07-31T11:48:46.040,322.412,3246,,,,0,,,,-0.0645,-108.64,-0.1626,-2988.64,1,45.0,idle,+0.000,+0.000,+0.000,+0.000,1100,0,
1785512926.1417,2026-07-31T11:48:46.141,322.513,3247,,,,0,,,,-0.0647,-108.65,-0.1628,-2988.65,1,45.0,idle,+0.000,+0.000,+0.000,+0.000,1100,0,
1785512926.2426,2026-07-31T11:48:46.242,322.614,3248,,,,0,,,,-0.0681,-108.68,-0.1663,-2988.68,1,45.0,idle,+0.000,+0.000,+0.000,+0.000,1100,0,
1785512926.3415,2026-07-31T11:48:46.341,322.713,3249,,,,0,,,,-0.0677,-108.71,-0.1658,-2988.71,1,45.0,idle,+0.000,+0.000,+0.000,+0.000,1100,0,
1785512926.4415,2026-07-31T11:48:46.441,322.813,3250,,,,0,,,,-0.0645,-108.72,-0.1626,-2988.72,1,45.0,idle,+0.000,+0.000,+0.000,+0.000,1100,0,
1785512926.5401,2026-07-31T11:48:46.540,322.912,3251,,,,0,,,,-0.0672,-108.75,-0.1653,-2988.75,1,45.0,idle,+0.000,+0.000,+0.000,+0.000,1100,0,
1785512926.6396,2026-07-31T11:48:46.639,323.011,3252,,,,0,,,,-0.0659,-108.76,-0.1641,-2988.76,1,45.0,idle,+0.000,+0.000,+0.000,+0.000,1100,0,
1785512926.7383,2026-07-31T11:48:46.738,323.110,3253,,,,0,,,,-0.0656,-108.78,-0.1637,-2988.78,1,45.0,idle,+0.000,+0.000,+0.000,+0.000,1100,0,
1785512926.8374,2026-07-31T11:48:46.837,323.209,3254,,,,0,,,,-0.0683,-108.79,-0.1664,-2988.79,1,45.0,idle,+0.000,+0.000,+0.000,+0.000,1100,0,
1785512926.9359,2026-07-31T11:48:46.935,323.308,3255,,,,0,,,,-0.0685,-108.82,-0.1666,-2988.82,1,45.0,idle,+0.000,+0.000,+0.000,+0.000,1100,0,
1785512927.0357,2026-07-31T11:48:47.035,323.407,3256,,,,0,,,,-0.0621,-108.84,-0.1602,-2988.84,1,45.0,idle,+0.000,+0.000,+0.000,+0.000,1100,0,
1785512927.1348,2026-07-31T11:48:47.134,323.506,3257,,,,0,,,,-0.0637,-108.85,-0.1618,-2988.85,1,45.0,idle,+0.000,+0.000,+0.000,+0.000,1100,0,
1785512927.2356,2026-07-31T11:48:47.235,323.607,3258,,,,0,,,,-0.0686,-108.87,-0.1667,-2988.87,1,45.0,idle,+0.000,+0.000,+0.000,+0.000,1100,0,
1785512927.3358,2026-07-31T11:48:47.335,323.707,3259,,,,0,,,,-0.0654,-108.89,-0.1636,-2988.89,1,45.0,idle,+0.000,+0.000,+0.000,+0.000,1100,0,
1785512927.4354,2026-07-31T11:48:47.435,323.807,3260,,,,0,,,,-0.0641,-108.91,-0.1622,-2988.91,1,45.0,idle,+0.000,+0.000,+0.000,+0.000,1100,0,
1785512927.5328,2026-07-31T11:48:47.532,323.905,3261,,,,0,,,,-0.0641,-108.94,-0.1622,-2988.94,1,45.0,idle,+0.000,+0.000,+0.000,+0.000,1100,0,
1785512927.6335,2026-07-31T11:48:47.633,324.005,3262,,,,0,,,,-0.0657,-108.95,-0.1638,-2988.95,1,45.0,idle,+0.000,+0.000,+0.000,+0.000,1100,0,
1785512927.7328,2026-07-31T11:48:47.732,324.104,3263,,,,0,,,,-0.0612,-108.98,-0.1594,-2988.98,1,45.0,idle,+0.000,+0.000,+0.000,+0.000,1100,0,
1785512927.8331,2026-07-31T11:48:47.833,324.205,3264,,,,0,,,,-0.0690,-108.99,-0.1672,-2988.99,1,45.0,idle,+0.000,+0.000,+0.000,+0.000,1100,0,
1785512927.9322,2026-07-31T11:48:47.932,324.304,3265,,,,0,,,,-0.0688,-109.02,-0.1669,-2989.02,1,45.0,idle,+0.000,+0.000,+0.000,+0.000,1100,0,
1785512928.0313,2026-07-31T11:48:48.031,324.403,3266,,,,0,,,,-0.0691,-109.05,-0.1673,-2989.05,1,45.0,idle,+0.000,+0.000,+0.000,+0.000,1100,0,
1785512928.1304,2026-07-31T11:48:48.130,324.502,3267,,,,0,,,,-0.0654,-109.05,-0.1635,-2989.05,1,45.0,idle,+0.000,+0.000,+0.000,+0.000,1100,0,
1785512928.2293,2026-07-31T11:48:48.229,324.601,3268,,,,0,,,,-0.0620,-109.08,-0.1601,-2989.08,1,45.0,idle,+0.000,+0.000,+0.000,+0.000,1100,0,
1785512928.3279,2026-07-31T11:48:48.327,324.700,3269,,,,0,,,,-0.0708,-109.10,-0.1690,-2989.10,1,45.0,idle,+0.000,+0.000,+0.000,+0.000,1100,0,
1785512928.4277,2026-07-31T11:48:48.427,324.799,3270,,,,0,,,,-0.0659,-109.13,-0.1641,-2989.13,1,45.0,idle,+0.000,+0.000,+0.000,+0.000,1100,0,
1785512928.5276,2026-07-31T11:48:48.527,324.899,3271,,,,0,,,,-0.0662,-109.15,-0.1644,-2989.15,1,45.0,idle,+0.000,+0.000,+0.000,+0.000,1100,0,
1785512928.6267,2026-07-31T11:48:48.626,324.998,3272,,,,0,,,,-0.0673,-109.18,-0.1655,-2989.18,1,45.0,idle,+0.000,+0.000,+0.000,+0.000,1100,0,
1785512928.7253,2026-07-31T11:48:48.725,325.097,3273,,,,0,,,,-0.0644,-109.20,-0.1625,-2989.20,1,45.0,idle,+0.000,+0.000,+0.000,+0.000,1100,0,
1785512928.8241,2026-07-31T11:48:48.824,325.196,3274,,,,0,,,,-0.0653,-109.22,-0.1635,-2989.22,1,45.0,idle,+0.000,+0.000,+0.000,+0.000,1100,0,
1785512928.9237,2026-07-31T11:48:48.923,325.295,3275,,,,0,,,,-0.0630,-109.26,-0.1611,-2989.26,1,45.0,idle,+0.000,+0.000,+0.000,+0.000,1100,0,
1785512929.0238,2026-07-31T11:48:49.023,325.395,3276,,,,0,,,,-0.0684,-109.28,-0.1666,-2989.28,1,45.0,idle,+0.000,+0.000,+0.000,+0.000,1100,0,
1785512929.1243,2026-07-31T11:48:49.124,325.496,3277,,,,0,,,,-0.0662,-109.31,-0.1643,-2989.31,1,45.0,idle,+0.000,+0.000,+0.000,+0.000,1100,0,
1785512929.2231,2026-07-31T11:48:49.223,325.595,3278,,,,0,,,,-0.0631,-109.34,-0.1612,-2989.34,1,45.0,idle,+0.000,+0.000,+0.000,+0.000,1100,0,
1785512929.3223,2026-07-31T11:48:49.322,325.694,3279,,,,0,,,,-0.0685,-109.35,-0.1666,-2989.35,1,45.0,idle,+0.000,+0.000,+0.000,+0.000,1100,0,
1785512929.4210,2026-07-31T11:48:49.421,325.793,3280,,,,0,,,,-0.0647,-109.38,-0.1629,-2989.38,1,45.0,idle,+0.000,+0.000,+0.000,+0.000,1100,0,
1785512929.5214,2026-07-31T11:48:49.521,325.893,3281,,,,0,,,,-0.0694,-109.39,-0.1675,-2989.39,1,45.0,idle,+0.000,+0.000,+0.000,+0.000,1100,0,
1785512929.6203,2026-07-31T11:48:49.620,325.992,3282,,,,0,,,,-0.0673,-109.42,-0.1654,-2989.42,1,45.0,idle,+0.000,+0.000,+0.000,+0.000,1100,0,
1785512929.7196,2026-07-31T11:48:49.719,326.091,3283,,,,0,,,,-0.0676,-109.45,-0.1658,-2989.45,1,45.0,idle,+0.000,+0.000,+0.000,+0.000,1100,0,
1785512929.8201,2026-07-31T11:48:49.820,326.192,3284,,,,0,,,,-0.0657,-109.46,-0.1639,-2989.46,1,45.0,idle,+0.000,+0.000,+0.000,+0.000,1100,0,
1785512929.9207,2026-07-31T11:48:49.920,326.292,3285,,,,0,,,,-0.0642,-109.48,-0.1624,-2989.48,1,45.0,idle,+0.000,+0.000,+0.000,+0.000,1100,0,
1785512930.0196,2026-07-31T11:48:50.019,326.391,3286,,,,0,,,,-0.0641,-109.49,-0.1622,-2989.49,1,45.0,idle,+0.000,+0.000,+0.000,+0.000,1100,0,
1785512930.1187,2026-07-31T11:48:50.118,326.490,3287,,,,0,,,,-0.0647,-109.52,-0.1628,-2989.52,1,45.0,idle,+0.000,+0.000,+0.000,+0.000,1100,0,
1785512930.2173,2026-07-31T11:48:50.217,326.589,3288,,,,0,,,,-0.0650,-109.54,-0.1631,-2989.54,1,45.0,idle,+0.000,+0.000,+0.000,+0.000,1100,0,
1785512930.3167,2026-07-31T11:48:50.316,326.688,3289,,,,0,,,,-0.0657,-109.56,-0.1638,-2989.56,1,45.0,idle,+0.000,+0.000,+0.000,+0.000,1100,0,
1785512930.4160,2026-07-31T11:48:50.416,326.788,3290,,,,0,,,,-0.0650,-109.58,-0.1631,-2989.58,1,45.0,idle,+0.000,+0.000,+0.000,+0.000,1100,0,
1785512930.5151,2026-07-31T11:48:50.515,326.887,3291,,,,0,,,,-0.0666,-109.60,-0.1647,-2989.60,1,45.0,idle,+0.000,+0.000,+0.000,+0.000,1100,0,
1785512930.6146,2026-07-31T11:48:50.614,326.986,3292,,,,0,,,,-0.0661,-109.63,-0.1642,-2989.63,1,45.0,idle,+0.000,+0.000,+0.000,+0.000,1100,0,
1785512930.7131,2026-07-31T11:48:50.713,327.085,3293,,,,0,,,,-0.0686,-109.65,-0.1668,-2989.65,1,45.0,idle,+0.000,+0.000,+0.000,+0.000,1100,0,
1785512930.8122,2026-07-31T11:48:50.812,327.184,3294,,,,0,,,,-0.0675,-109.66,-0.1657,-2989.66,1,45.0,idle,+0.000,+0.000,+0.000,+0.000,1100,0,
1785512930.9112,2026-07-31T11:48:50.911,327.283,3295,,,,0,,,,-0.0686,-109.68,-0.1668,-2989.68,1,45.0,idle,+0.000,+0.000,+0.000,+0.000,1100,0,
1785512931.0109,2026-07-31T11:48:51.010,327.383,3296,,,,0,,,,-0.0625,-109.70,-0.1606,-2989.70,1,45.0,idle,+0.000,+0.000,+0.000,+0.000,1100,0,
1785512931.1103,2026-07-31T11:48:51.110,327.482,3297,,,,0,,,,-0.0675,-109.73,-0.1656,-2989.73,1,45.0,idle,+0.000,+0.000,+0.000,+0.000,1100,0,
1785512931.2109,2026-07-31T11:48:51.210,327.583,3298,,,,0,,,,-0.0617,-109.75,-0.1598,-2989.75,1,45.0,idle,+0.000,+0.000,+0.000,+0.000,1100,0,
1785512931.3101,2026-07-31T11:48:51.310,327.682,3299,,,,0,,,,-0.0671,-109.76,-0.1653,-2989.76,1,45.0,idle,+0.000,+0.000,+0.000,+0.000,1100,0,
1785512931.4090,2026-07-31T11:48:51.409,327.781,3300,,,,0,,,,-0.0660,-109.79,-0.1642,-2989.79,1,45.0,idle,+0.000,+0.000,+0.000,+0.000,1100,0,
1785512931.5083,2026-07-31T11:48:51.508,327.880,3301,,,,0,,,,-0.0680,-109.80,-0.1662,-2989.80,1,45.0,idle,+0.000,+0.000,+0.000,+0.000,1100,0,
1785512931.6076,2026-07-31T11:48:51.607,327.979,3302,,,,0,,,,-0.0724,-109.83,-0.1706,-2989.83,1,45.0,idle,+0.000,+0.000,+0.000,+0.000,1100,0,
1785512931.7074,2026-07-31T11:48:51.707,328.079,3303,,,,0,,,,-0.0685,-109.86,-0.1666,-2989.86,1,45.0,idle,+0.000,+0.000,+0.000,+0.000,1100,0,
1785512931.8064,2026-07-31T11:48:51.806,328.178,3304,,,,0,,,,-0.0709,-109.88,-0.1690,-2989.88,1,45.0,idle,+0.000,+0.000,+0.000,+0.000,1100,0,
1785512931.9056,2026-07-31T11:48:51.905,328.277,3305,,,,0,,,,-0.0645,-109.91,-0.1626,-2989.91,1,45.0,idle,+0.000,+0.000,+0.000,+0.000,1100,0,
1785512932.0041,2026-07-31T11:48:52.004,328.376,3306,,,,0,,,,-0.0668,-109.92,-0.1650,-2989.92,1,45.0,idle,+0.000,+0.000,+0.000,+0.000,1100,0,
1785512932.1035,2026-07-31T11:48:52.103,328.475,3307,,,,0,,,,-0.0658,-109.95,-0.1639,-2989.95,1,45.0,idle,+0.000,+0.000,+0.000,+0.000,1100,0,
1785512932.2028,2026-07-31T11:48:52.202,328.574,3308,,,,0,,,,-0.0683,-109.99,-0.1664,-2989.99,1,45.0,idle,+0.000,+0.000,+0.000,+0.000,1100,0,
1785512932.3027,2026-07-31T11:48:52.302,328.674,3309,,,,0,,,,-0.0636,-110.00,-0.1618,-2990.00,1,45.0,idle,+0.000,+0.000,+0.000,+0.000,1100,0,
1785512932.4019,2026-07-31T11:48:52.401,328.774,3310,,,,0,,,,-0.0683,-110.03,-0.1665,-2990.03,1,45.0,idle,+0.000,+0.000,+0.000,+0.000,1100,0,
1785512932.5005,2026-07-31T11:48:52.500,328.872,3311,,,,0,,,,-0.0703,-110.05,-0.1684,-2990.05,1,45.0,idle,+0.000,+0.000,+0.000,+0.000,1100,0,
1785512932.5990,2026-07-31T11:48:52.599,328.971,3312,,,,0,,,,-0.0674,-110.07,-0.1655,-2990.07,1,45.0,idle,+0.000,+0.000,+0.000,+0.000,1100,0,
1785512932.6988,2026-07-31T11:48:52.698,329.070,3313,,,,0,,,,-0.0696,-110.11,-0.1677,-2990.11,1,45.0,idle,+0.000,+0.000,+0.000,+0.000,1100,0,
1785512932.7976,2026-07-31T11:48:52.797,329.169,3314,,,,0,,,,-0.0641,-110.13,-0.1622,-2990.13,1,45.0,idle,+0.000,+0.000,+0.000,+0.000,1100,0,
1785512932.8964,2026-07-31T11:48:52.896,329.268,3315,,,,0,,,,-0.0630,-110.15,-0.1612,-2990.15,1,45.0,idle,+0.000,+0.000,+0.000,+0.000,1100,0,
1785512932.9966,2026-07-31T11:48:52.996,329.368,3316,,,,0,,,,-0.0678,-110.16,-0.1660,-2990.16,1,45.0,idle,+0.000,+0.000,+0.000,+0.000,1100,0,
1785512933.0957,2026-07-31T11:48:53.095,329.467,3317,,,,0,,,,-0.0655,-110.19,-0.1636,-2990.19,1,45.0,idle,+0.000,+0.000,+0.000,+0.000,1100,0,
1785512933.1944,2026-07-31T11:48:53.194,329.566,3318,,,,0,,,,-0.0708,-110.20,-0.1689,-2990.20,1,45.0,idle,+0.000,+0.000,+0.000,+0.000,1100,0,
1785512933.2947,2026-07-31T11:48:53.294,329.666,3319,,,,0,,,,-0.0635,-110.24,-0.1616,-2990.24,1,45.0,idle,+0.000,+0.000,+0.000,+0.000,1100,0,
1785512933.3936,2026-07-31T11:48:53.393,329.765,3320,,,,0,,,,-0.0662,-110.26,-0.1644,-2990.26,1,45.0,idle,+0.000,+0.000,+0.000,+0.000,1100,0,
1785512933.4926,2026-07-31T11:48:53.492,329.864,3321,,,,0,,,,-0.0694,-110.28,-0.1676,-2990.28,1,45.0,idle,+0.000,+0.000,+0.000,+0.000,1100,0,
1785512933.5915,2026-07-31T11:48:53.591,329.963,3322,,,,0,,,,-0.0650,-110.31,-0.1632,-2990.31,1,45.0,idle,+0.000,+0.000,+0.000,+0.000,1100,0,
1785512933.6909,2026-07-31T11:48:53.690,330.063,3323,,,,0,,,,-0.0652,-110.33,-0.1634,-2990.33,1,45.0,idle,+0.000,+0.000,+0.000,+0.000,1100,0,
1785512933.7930,2026-07-31T11:48:53.793,330.165,3324,,,,0,,,,-0.0650,-110.36,-0.1631,-2990.36,1,45.0,idle,+0.000,+0.000,+0.000,+0.000,1100,0,
1785512933.8930,2026-07-31T11:48:53.893,330.265,3325,,,,0,,,,-0.0671,-110.37,-0.1653,-2990.37,1,45.0,idle,+0.000,+0.000,+0.000,+0.000,1100,0,
1785512933.9931,2026-07-31T11:48:53.993,330.365,3326,,,,0,,,,-0.0653,-110.40,-0.1634,-2990.40,1,45.0,idle,+0.000,+0.000,+0.000,+0.000,1100,0,
1785512934.0924,2026-07-31T11:48:54.092,330.464,3327,,,,0,,,,-0.0682,-110.42,-0.1663,-2990.42,1,45.0,idle,+0.000,+0.000,+0.000,+0.000,1100,0,
1785512934.1913,2026-07-31T11:48:54.191,330.563,3328,,,,0,,,,-0.0702,-110.44,-0.1683,-2990.44,1,45.0,idle,+0.000,+0.000,+0.000,+0.000,1100,0,
1785512934.2903,2026-07-31T11:48:54.290,330.662,3329,,,,0,,,,-0.0645,-110.46,-0.1626,-2990.46,1,45.0,idle,+0.000,+0.000,+0.000,+0.000,1100,0,
1785512934.3895,2026-07-31T11:48:54.389,330.761,3330,,,,0,,,,-0.0680,-110.47,-0.1661,-2990.47,1,45.0,idle,+0.000,+0.000,+0.000,+0.000,1100,0,
1785512934.4888,2026-07-31T11:48:54.488,330.860,3331,,,,0,,,,-0.0686,-110.50,-0.1667,-2990.50,1,45.0,idle,+0.000,+0.000,+0.000,+0.000,1100,0,
1785512934.5889,2026-07-31T11:48:54.588,330.961,3332,,,,0,,,,-0.0679,-110.53,-0.1660,-2990.53,1,45.0,idle,+0.000,+0.000,+0.000,+0.000,1100,0,
1785512934.6901,2026-07-31T11:48:54.690,331.062,3333,,,,0,,,,-0.0676,-110.54,-0.1658,-2990.54,1,45.0,idle,+0.000,+0.000,+0.000,+0.000,1100,0,
1785512934.7908,2026-07-31T11:48:54.790,331.162,3334,,,,0,,,,-0.0640,-110.57,-0.1621,-2990.57,1,45.0,idle,+0.000,+0.000,+0.000,+0.000,1100,0,
1785512934.8891,2026-07-31T11:48:54.889,331.261,3335,,,,0,,,,-0.0664,-110.60,-0.1646,-2990.60,1,45.0,idle,+0.000,+0.000,+0.000,+0.000,1100,0,
1785512934.9885,2026-07-31T11:48:54.988,331.360,3336,,,,0,,,,-0.0635,-110.61,-0.1616,-2990.61,1,45.0,idle,+0.000,+0.000,+0.000,+0.000,1100,0,
1785512935.0875,2026-07-31T11:48:55.087,331.459,3337,,,,0,,,,-0.0683,-110.64,-0.1665,-2990.64,1,45.0,idle,+0.000,+0.000,+0.000,+0.000,1100,0,
1785512935.1863,2026-07-31T11:48:55.186,331.558,3338,,,,0,,,,-0.0655,-110.65,-0.1636,-2990.65,1,45.0,idle,+0.000,+0.000,+0.000,+0.000,1100,0,
1785512935.2856,2026-07-31T11:48:55.285,331.657,3339,,,,0,,,,-0.0680,-110.69,-0.1661,-2990.69,1,45.0,idle,+0.000,+0.000,+0.000,+0.000,1100,0,
1785512935.3842,2026-07-31T11:48:55.384,331.756,3340,,,,0,,,,-0.0685,-110.71,-0.1666,-2990.71,1,45.0,idle,+0.000,+0.000,+0.000,+0.000,1100,0,
1785512935.4835,2026-07-31T11:48:55.483,331.855,3341,,,,0,,,,-0.0665,-110.73,-0.1646,-2990.73,1,45.0,idle,+0.000,+0.000,+0.000,+0.000,1100,0,
1785512935.5828,2026-07-31T11:48:55.582,331.954,3342,,,,0,,,,-0.0685,-110.76,-0.1666,-2990.76,1,45.0,idle,+0.000,+0.000,+0.000,+0.000,1100,0,
1785512935.6817,2026-07-31T11:48:55.681,332.053,3343,,,,0,,,,-0.0658,-110.77,-0.1639,-2990.77,1,45.0,idle,+0.000,+0.000,+0.000,+0.000,1100,0,
1785512935.7806,2026-07-31T11:48:55.780,332.152,3344,,,,0,,,,-0.0661,-110.81,-0.1642,-2990.81,1,45.0,idle,+0.000,+0.000,+0.000,+0.000,1100,0,
1785512935.8802,2026-07-31T11:48:55.880,332.252,3345,,,,0,,,,-0.0654,-110.83,-0.1636,-2990.83,1,45.0,idle,+0.000,+0.000,+0.000,+0.000,1100,0,
1785512935.9793,2026-07-31T11:48:55.979,332.351,3346,,,,0,,,,-0.0687,-110.85,-0.1668,-2990.85,1,45.0,idle,+0.000,+0.000,+0.000,+0.000,1100,0,
1785512936.0786,2026-07-31T11:48:56.078,332.450,3347,,,,0,,,,-0.0644,-110.88,-0.1625,-2990.88,1,45.0,idle,+0.000,+0.000,+0.000,+0.000,1100,0,
1785512936.1777,2026-07-31T11:48:56.177,332.549,3348,,,,0,,,,-0.0672,-110.89,-0.1653,-2990.89,1,45.0,idle,+0.000,+0.000,+0.000,+0.000,1100,0,
1785512936.2767,2026-07-31T11:48:56.276,332.648,3349,,,,0,,,,-0.0684,-110.92,-0.1666,-2990.92,1,45.0,idle,+0.000,+0.000,+0.000,+0.000,1100,0,
1785512936.3755,2026-07-31T11:48:56.375,332.747,3350,,,,0,,,,-0.0657,-110.95,-0.1638,-2990.95,1,45.0,idle,+0.000,+0.000,+0.000,+0.000,1100,0,
1785512936.4751,2026-07-31T11:48:56.475,332.847,3351,,,,0,,,,-0.0675,-110.96,-0.1656,-2990.96,1,45.0,idle,+0.000,+0.000,+0.000,+0.000,1100,0,
1785512936.5746,2026-07-31T11:48:56.574,332.946,3352,,,,0,,,,-0.0632,-110.99,-0.1613,-2990.99,1,45.0,idle,+0.000,+0.000,+0.000,+0.000,1100,0,
1785512936.6736,2026-07-31T11:48:56.673,333.045,3353,,,,0,,,,-0.0673,-111.00,-0.1654,-2991.00,1,45.0,idle,+0.000,+0.000,+0.000,+0.000,1100,0,
1785512936.7727,2026-07-31T11:48:56.772,333.144,3354,,,,0,,,,-0.0668,-111.03,-0.1649,-2991.03,1,45.0,idle,+0.000,+0.000,+0.000,+0.000,1100,0,
1785512936.8714,2026-07-31T11:48:56.871,333.243,3355,,,,0,,,,-0.0651,-111.04,-0.1632,-2991.04,1,45.0,idle,+0.000,+0.000,+0.000,+0.000,1100,0,
1785512936.9707,2026-07-31T11:48:56.970,333.342,3356,,,,0,,,,-0.0673,-111.06,-0.1655,-2991.06,1,45.0,idle,+0.000,+0.000,+0.000,+0.000,1100,0,
1785512937.0706,2026-07-31T11:48:57.070,333.442,3357,,,,0,,,,-0.0707,-111.08,-0.1689,-2991.08,1,45.0,idle,+0.000,+0.000,+0.000,+0.000,1100,0,
1785512937.1703,2026-07-31T11:48:57.170,333.542,3358,,,,0,,,,-0.0670,-111.10,-0.1651,-2991.10,1,45.0,idle,+0.000,+0.000,+0.000,+0.000,1100,0,
1785512937.2697,2026-07-31T11:48:57.269,333.641,3359,,,,0,,,,-0.0621,-111.13,-0.1602,-2991.13,1,45.0,idle,+0.000,+0.000,+0.000,+0.000,1100,0,
1785512937.3686,2026-07-31T11:48:57.368,333.740,3360,,,,0,,,,-0.0668,-111.14,-0.1649,-2991.14,1,45.0,idle,+0.000,+0.000,+0.000,+0.000,1100,0,
1785512937.4666,2026-07-31T11:48:57.466,333.838,3361,,,,0,,,,-0.0671,-111.17,-0.1652,-2991.17,1,45.0,idle,+0.000,+0.000,+0.000,+0.000,1100,0,
1785512937.5657,2026-07-31T11:48:57.565,333.937,3362,,,,0,,,,-0.0681,-111.19,-0.1662,-2991.19,1,45.0,idle,+0.000,+0.000,+0.000,+0.000,1100,0,
1785512937.6657,2026-07-31T11:48:57.665,334.037,3363,,,,0,,,,-0.0674,-111.20,-0.1655,-2991.20,1,45.0,idle,+0.000,+0.000,+0.000,+0.000,1100,0,
1785512937.7643,2026-07-31T11:48:57.764,334.136,3364,,,,0,,,,-0.0643,-111.22,-0.1624,-2991.22,1,45.0,idle,+0.000,+0.000,+0.000,+0.000,1100,0,
1785512937.8632,2026-07-31T11:48:57.863,334.235,3365,,,,0,,,,-0.0671,-111.23,-0.1652,-2991.23,1,45.0,idle,+0.000,+0.000,+0.000,+0.000,1100,0,
1785512937.9628,2026-07-31T11:48:57.962,334.334,3366,,,,0,,,,-0.0672,-111.26,-0.1654,-2991.26,1,45.0,idle,+0.000,+0.000,+0.000,+0.000,1100,0,
1785512938.0619,2026-07-31T11:48:58.061,334.434,3367,,,,0,,,,-0.0662,-111.28,-0.1643,-2991.28,1,45.0,idle,+0.000,+0.000,+0.000,+0.000,1100,0,
1785512938.1609,2026-07-31T11:48:58.160,334.533,3368,,,,0,,,,-0.0653,-111.31,-0.1635,-2991.31,1,45.0,idle,+0.000,+0.000,+0.000,+0.000,1100,0,
1785512938.2596,2026-07-31T11:48:58.259,334.631,3369,,,,0,,,,-0.0662,-111.33,-0.1643,-2991.33,1,45.0,idle,+0.000,+0.000,+0.000,+0.000,1100,0,
1785512938.3583,2026-07-31T11:48:58.358,334.730,3370,,,,0,,,,-0.0645,-111.35,-0.1626,-2991.35,1,45.0,idle,+0.000,+0.000,+0.000,+0.000,1100,0,
1785512938.4576,2026-07-31T11:48:58.457,334.829,3371,,,,0,,,,-0.0704,-111.38,-0.1685,-2991.38,1,45.0,idle,+0.000,+0.000,+0.000,+0.000,1100,0,
1785512938.5567,2026-07-31T11:48:58.556,334.928,3372,,,,0,,,,-0.0666,-111.39,-0.1647,-2991.39,1,45.0,idle,+0.000,+0.000,+0.000,+0.000,1100,0,
1785512938.6557,2026-07-31T11:48:58.655,335.027,3373,,,,0,,,,-0.0680,-111.42,-0.1661,-2991.42,1,45.0,idle,+0.000,+0.000,+0.000,+0.000,1100,0,
1785512938.7548,2026-07-31T11:48:58.754,335.127,3374,,,,0,,,,-0.0659,-111.45,-0.1641,-2991.45,1,45.0,idle,+0.000,+0.000,+0.000,+0.000,1100,0,
1785512938.8536,2026-07-31T11:48:58.853,335.225,3375,,,,0,,,,-0.0659,-111.47,-0.1640,-2991.47,1,45.0,idle,+0.000,+0.000,+0.000,+0.000,1100,0,
1785512938.9541,2026-07-31T11:48:58.954,335.326,3376,,,,0,,,,-0.0632,-111.49,-0.1613,-2991.49,1,45.0,idle,+0.000,+0.000,+0.000,+0.000,1100,0,
1785512939.0539,2026-07-31T11:48:59.053,335.426,3377,,,,0,,,,-0.0691,-111.51,-0.1672,-2991.51,1,45.0,idle,+0.000,+0.000,+0.000,+0.000,1100,0,
1785512939.1536,2026-07-31T11:48:59.153,335.525,3378,,,,0,,,,-0.0658,-111.54,-0.1639,-2991.54,1,45.0,idle,+0.000,+0.000,+0.000,+0.000,1100,0,
1785512939.2531,2026-07-31T11:48:59.253,335.625,3379,,,,0,,,,-0.0647,-111.57,-0.1629,-2991.57,1,45.0,idle,+0.000,+0.000,+0.000,+0.000,1100,0,
1785512939.3525,2026-07-31T11:48:59.352,335.724,3380,,,,0,,,,-0.0684,-111.58,-0.1665,-2991.58,1,45.0,idle,+0.000,+0.000,+0.000,+0.000,1100,0,
1785512939.4519,2026-07-31T11:48:59.451,335.824,3381,,,,0,,,,-0.0740,-111.61,-0.1721,-2991.61,1,45.0,idle,+0.000,+0.000,+0.000,+0.000,1100,0,
1785512939.5517,2026-07-31T11:48:59.551,335.923,3382,,,,0,,,,-0.0675,-111.63,-0.1657,-2991.63,1,45.0,idle,+0.000,+0.000,+0.000,+0.000,1100,0,
1785512939.6510,2026-07-31T11:48:59.651,336.023,3383,,,,0,,,,-0.0663,-111.65,-0.1645,-2991.65,1,45.0,idle,+0.000,+0.000,+0.000,+0.000,1100,0,
1785512939.7501,2026-07-31T11:48:59.750,336.122,3384,,,,0,,,,-0.0656,-111.68,-0.1638,-2991.68,1,45.0,idle,+0.000,+0.000,+0.000,+0.000,1100,0,
1785512939.8495,2026-07-31T11:48:59.849,336.221,3385,,,,0,,,,-0.0676,-111.69,-0.1657,-2991.69,1,45.0,idle,+0.000,+0.000,+0.000,+0.000,1100,0,
1785512939.9486,2026-07-31T11:48:59.948,336.320,3386,,,,0,,,,-0.0688,-111.72,-0.1669,-2991.72,1,45.0,idle,+0.000,+0.000,+0.000,+0.000,1100,0,
1785512940.0476,2026-07-31T11:49:00.047,336.419,3387,,,,0,,,,-0.0661,-111.73,-0.1643,-2991.73,1,45.0,idle,+0.000,+0.000,+0.000,+0.000,1100,0,
1785512940.1469,2026-07-31T11:49:00.146,336.519,3388,,,,0,,,,-0.0634,-111.76,-0.1615,-2991.76,1,45.0,idle,+0.000,+0.000,+0.000,+0.000,1100,0,
1785512940.2457,2026-07-31T11:49:00.245,336.617,3389,,,,0,,,,-0.0688,-111.79,-0.1669,-2991.79,1,45.0,idle,+0.000,+0.000,+0.000,+0.000,1100,0,
1785512940.3448,2026-07-31T11:49:00.344,336.716,3390,,,,0,,,,-0.0684,-111.80,-0.1666,-2991.80,1,45.0,idle,+0.000,+0.000,+0.000,+0.000,1100,0,
1785512940.4437,2026-07-31T11:49:00.443,336.815,3391,,,,0,,,,-0.0679,-111.82,-0.1660,-2991.82,1,45.0,idle,+0.000,+0.000,+0.000,+0.000,1100,0,
1785512940.5425,2026-07-31T11:49:00.542,336.914,3392,,,,0,,,,-0.0668,-111.84,-0.1650,-2991.84,1,45.0,idle,+0.000,+0.000,+0.000,+0.000,1100,0,
1785512940.6420,2026-07-31T11:49:00.641,337.014,3393,,,,0,,,,-0.0661,-111.88,-0.1642,-2991.88,1,45.0,idle,+0.000,+0.000,+0.000,+0.000,1100,0,
1785512940.7423,2026-07-31T11:49:00.742,337.114,3394,,,,0,,,,-0.0674,-111.91,-0.1655,-2991.91,1,45.0,idle,+0.000,+0.000,+0.000,+0.000,1100,0,
1785512940.8416,2026-07-31T11:49:00.841,337.213,3395,,,,0,,,,-0.0674,-111.93,-0.1655,-2991.93,1,45.0,idle,+0.000,+0.000,+0.000,+0.000,1100,0,
1785512940.9404,2026-07-31T11:49:00.940,337.312,3396,,,,0,,,,-0.0692,-111.95,-0.1673,-2991.95,1,45.0,idle,+0.000,+0.000,+0.000,+0.000,1100,0,
1785512941.0403,2026-07-31T11:49:01.040,337.412,3397,,,,0,,,,-0.0650,-111.97,-0.1632,-2991.97,1,45.0,idle,+0.000,+0.000,+0.000,+0.000,1100,0,
1785512941.1399,2026-07-31T11:49:01.139,337.512,3398,,,,0,,,,-0.0683,-112.01,-0.1664,-2992.01,1,45.0,idle,+0.000,+0.000,+0.000,+0.000,1100,0,
1785512941.2392,2026-07-31T11:49:01.239,337.611,3399,,,,0,,,,-0.0693,-112.05,-0.1675,-2992.05,1,45.0,idle,+0.000,+0.000,+0.000,+0.000,1100,0,
1785512941.3403,2026-07-31T11:49:01.340,337.712,3400,,,,0,,,,-0.0648,-112.06,-0.1630,-2992.06,1,45.0,idle,+0.000,+0.000,+0.000,+0.000,1100,0,
1785512941.4395,2026-07-31T11:49:01.439,337.811,3401,,,,0,,,,-0.0692,-112.09,-0.1673,-2992.09,1,45.0,idle,+0.000,+0.000,+0.000,+0.000,1100,0,
1785512941.5387,2026-07-31T11:49:01.538,337.910,3402,,,,0,,,,-0.0679,-112.10,-0.1660,-2992.10,1,45.0,idle,+0.000,+0.000,+0.000,+0.000,1100,0,
1785512941.6379,2026-07-31T11:49:01.637,338.010,3403,,,,0,,,,-0.0655,-112.12,-0.1636,-2992.12,1,45.0,idle,+0.000,+0.000,+0.000,+0.000,1100,0,
1785512941.7375,2026-07-31T11:49:01.737,338.109,3404,,,,0,,,,-0.0668,-112.14,-0.1650,-2992.14,1,45.0,idle,+0.000,+0.000,+0.000,+0.000,1100,0,
1785512941.8365,2026-07-31T11:49:01.836,338.208,3405,,,,0,,,,-0.0677,-112.18,-0.1658,-2992.18,1,45.0,idle,+0.000,+0.000,+0.000,+0.000,1100,0,
1785512941.9357,2026-07-31T11:49:01.935,338.307,3406,,,,0,,,,-0.0671,-112.21,-0.1653,-2992.21,1,45.0,idle,+0.000,+0.000,+0.000,+0.000,1100,0,
1785512942.0349,2026-07-31T11:49:02.034,338.407,3407,,,,0,,,,-0.0666,-112.22,-0.1647,-2992.22,1,45.0,idle,+0.000,+0.000,+0.000,+0.000,1100,0,
1785512942.1344,2026-07-31T11:49:02.134,338.506,3408,,,,0,,,,-0.0651,-112.25,-0.1632,-2992.25,1,45.0,idle,+0.000,+0.000,+0.000,+0.000,1100,0,
1785512942.2336,2026-07-31T11:49:02.233,338.605,3409,,,,0,,,,-0.0668,-112.26,-0.1650,-2992.26,1,45.0,idle,+0.000,+0.000,+0.000,+0.000,1100,0,
1785512942.3327,2026-07-31T11:49:02.332,338.704,3410,,,,0,,,,-0.0677,-112.28,-0.1658,-2992.28,1,45.0,idle,+0.000,+0.000,+0.000,+0.000,1100,0,
1785512942.4322,2026-07-31T11:49:02.432,338.804,3411,,,,0,,,,-0.0697,-112.31,-0.1678,-2992.31,1,45.0,idle,+0.000,+0.000,+0.000,+0.000,1100,0,
1785512942.5305,2026-07-31T11:49:02.530,338.902,3412,,,,0,,,,-0.0657,-112.32,-0.1638,-2992.32,1,45.0,idle,+0.000,+0.000,+0.000,+0.000,1100,0,
1785512942.6301,2026-07-31T11:49:02.630,339.002,3413,,,,0,,,,-0.0674,-112.35,-0.1655,-2992.35,1,45.0,idle,+0.000,+0.000,+0.000,+0.000,1100,0,
1785512942.7295,2026-07-31T11:49:02.729,339.101,3414,,,,0,,,,-0.0654,-112.36,-0.1635,-2992.36,1,45.0,idle,+0.000,+0.000,+0.000,+0.000,1100,0,
1785512942.8285,2026-07-31T11:49:02.828,339.200,3415,,,,0,,,,-0.0667,-112.39,-0.1649,-2992.39,1,45.0,idle,+0.000,+0.000,+0.000,+0.000,1100,0,
1785512942.9284,2026-07-31T11:49:02.928,339.300,3416,,,,0,,,,-0.0636,-112.41,-0.1617,-2992.41,1,45.0,idle,+0.000,+0.000,+0.000,+0.000,1100,0,
1785512943.0277,2026-07-31T11:49:03.027,339.399,3417,,,,0,,,,-0.0665,-112.43,-0.1646,-2992.43,1,45.0,idle,+0.000,+0.000,+0.000,+0.000,1100,0,
1785512943.1273,2026-07-31T11:49:03.127,339.499,3418,,,,0,,,,-0.0675,-112.45,-0.1657,-2992.45,1,45.0,idle,+0.000,+0.000,+0.000,+0.000,1100,0,
1785512943.2269,2026-07-31T11:49:03.226,339.599,3419,,,,0,,,,-0.0686,-112.46,-0.1668,-2992.46,1,45.0,idle,+0.000,+0.000,+0.000,+0.000,1100,0,
1785512943.3257,2026-07-31T11:49:03.325,339.697,3420,,,,0,,,,-0.0672,-112.49,-0.1654,-2992.49,1,45.0,idle,+0.000,+0.000,+0.000,+0.000,1100,0,
1785512943.4260,2026-07-31T11:49:03.426,339.798,3421,,,,0,,,,-0.0666,-112.52,-0.1648,-2992.52,1,45.0,idle,+0.000,+0.000,+0.000,+0.000,1100,0,
1785512943.5257,2026-07-31T11:49:03.525,339.897,3422,,,,0,,,,-0.0654,-112.53,-0.1636,-2992.53,1,45.0,idle,+0.000,+0.000,+0.000,+0.000,1100,0,
1785512943.6250,2026-07-31T11:49:03.625,339.997,3423,,,,0,,,,-0.0691,-112.56,-0.1672,-2992.56,1,45.0,idle,+0.000,+0.000,+0.000,+0.000,1100,0,
1785512943.7255,2026-07-31T11:49:03.725,340.097,3424,,,,0,,,,-0.0674,-112.58,-0.1655,-2992.58,1,45.0,idle,+0.000,+0.000,+0.000,+0.000,1100,0,
1785512943.8261,2026-07-31T11:49:03.826,340.198,3425,,,,0,,,,-0.0653,-112.60,-0.1634,-2992.60,1,45.0,idle,+0.000,+0.000,+0.000,+0.000,1100,0,
1785512943.9253,2026-07-31T11:49:03.925,340.297,3426,,,,0,,,,-0.0686,-112.64,-0.1667,-2992.64,1,45.0,idle,+0.000,+0.000,+0.000,+0.000,1100,0,
1785512944.0245,2026-07-31T11:49:04.024,340.396,3427,,,,0,,,,-0.0701,-112.65,-0.1682,-2992.65,1,45.0,idle,+0.000,+0.000,+0.000,+0.000,1100,0,
1785512944.1237,2026-07-31T11:49:04.123,340.495,3428,,,,0,,,,-0.0682,-112.67,-0.1663,-2992.67,1,45.0,idle,+0.000,+0.000,+0.000,+0.000,1100,0,
1785512944.2226,2026-07-31T11:49:04.222,340.594,3429,,,,0,,,,-0.0619,-112.67,-0.1601,-2992.67,1,45.0,idle,+0.000,+0.000,+0.000,+0.000,1100,0,
1785512944.3222,2026-07-31T11:49:04.322,340.694,3430,,,,0,,,,-0.0673,-112.71,-0.1654,-2992.71,1,45.0,idle,+0.000,+0.000,+0.000,+0.000,1100,0,
1785512944.4234,2026-07-31T11:49:04.423,340.795,3431,,,,0,,,,-0.0673,-112.74,-0.1654,-2992.74,1,45.0,idle,+0.000,+0.000,+0.000,+0.000,1100,0,
1785512944.5242,2026-07-31T11:49:04.524,340.896,3432,,,,0,,,,-0.0694,-112.76,-0.1676,-2992.76,1,45.0,idle,+0.000,+0.000,+0.000,+0.000,1100,0,
1785512944.6252,2026-07-31T11:49:04.625,340.997,3433,,,,0,,,,-0.0662,-112.78,-0.1643,-2992.78,1,45.0,idle,+0.000,+0.000,+0.000,+0.000,1100,0,
1785512944.7242,2026-07-31T11:49:04.724,341.096,3434,,,,0,,,,-0.0677,-112.78,-0.1659,-2992.78,1,45.0,idle,+0.000,+0.000,+0.000,+0.000,1100,0,
1785512944.8231,2026-07-31T11:49:04.823,341.195,3435,,,,0,,,,-0.0689,-112.81,-0.1670,-2992.81,1,45.0,idle,+0.000,+0.000,+0.000,+0.000,1100,0,
1785512944.9227,2026-07-31T11:49:04.922,341.294,3436,,,,0,,,,-0.0683,-112.84,-0.1664,-2992.84,1,45.0,idle,+0.000,+0.000,+0.000,+0.000,1100,0,
1785512945.0220,2026-07-31T11:49:05.022,341.394,3437,,,,0,,,,-0.0651,-112.86,-0.1632,-2992.86,1,45.0,idle,+0.000,+0.000,+0.000,+0.000,1100,0,
1785512945.1224,2026-07-31T11:49:05.122,341.494,3438,,,,0,,,,-0.0647,-112.88,-0.1629,-2992.88,1,45.0,idle,+0.000,+0.000,+0.000,+0.000,1100,0,
1785512945.2215,2026-07-31T11:49:05.221,341.593,3439,,,,0,,,,-0.0629,-112.90,-0.1610,-2992.90,1,45.0,idle,+0.000,+0.000,+0.000,+0.000,1100,0,
1785512945.3226,2026-07-31T11:49:05.322,341.694,3440,,,,0,,,,-0.0697,-112.92,-0.1678,-2992.92,1,45.0,idle,+0.000,+0.000,+0.000,+0.000,1100,0,
1785512945.4222,2026-07-31T11:49:05.422,341.794,3441,,,,0,,,,-0.0671,-112.95,-0.1652,-2992.95,1,45.0,idle,+0.000,+0.000,+0.000,+0.000,1100,0,
1785512945.5216,2026-07-31T11:49:05.521,341.893,3442,,,,0,,,,-0.0629,-112.96,-0.1611,-2992.96,1,45.0,idle,+0.000,+0.000,+0.000,+0.000,1100,0,
1785512945.6205,2026-07-31T11:49:05.620,341.992,3443,,,,0,,,,-0.0656,-112.99,-0.1637,-2992.99,1,45.0,idle,+0.000,+0.000,+0.000,+0.000,1100,0,
1785512945.7203,2026-07-31T11:49:05.720,342.092,3444,,,,0,,,,-0.0688,-112.99,-0.1670,-2992.99,1,45.0,idle,+0.000,+0.000,+0.000,+0.000,1100,0,
1785512945.8191,2026-07-31T11:49:05.819,342.191,3445,,,,0,,,,-0.0689,-113.02,-0.1670,-2993.02,1,45.0,idle,+0.000,+0.000,+0.000,+0.000,1100,0,
1785512945.9176,2026-07-31T11:49:05.917,342.289,3446,,,,0,,,,-0.0669,-113.03,-0.1650,-2993.03,1,45.0,idle,+0.000,+0.000,+0.000,+0.000,1100,0,
1785512946.0170,2026-07-31T11:49:06.017,342.389,3447,,,,0,,,,-0.0691,-113.06,-0.1672,-2993.06,1,45.0,idle,+0.000,+0.000,+0.000,+0.000,1100,0,
1785512946.1172,2026-07-31T11:49:06.117,342.489,3448,,,,0,,,,-0.0665,-113.08,-0.1646,-2993.08,1,45.0,idle,+0.000,+0.000,+0.000,+0.000,1100,0,
1785512946.2155,2026-07-31T11:49:06.215,342.587,3449,,,,0,,,,-0.0715,-113.10,-0.1696,-2993.10,1,45.0,idle,+0.000,+0.000,+0.000,+0.000,1100,0,
1785512946.3149,2026-07-31T11:49:06.314,342.687,3450,,,,0,,,,-0.0708,-113.15,-0.1689,-2993.15,1,45.0,idle,+0.000,+0.000,+0.000,+0.000,1100,0,
1785512946.4142,2026-07-31T11:49:06.414,342.786,3451,,,,0,,,,-0.0678,-113.16,-0.1660,-2993.16,1,45.0,idle,+0.000,+0.000,+0.000,+0.000,1100,0,
1785512946.5132,2026-07-31T11:49:06.513,342.885,3452,,,,0,,,,-0.0655,-113.18,-0.1637,-2993.18,1,45.0,idle,+0.000,+0.000,+0.000,+0.000,1100,0,
1785512946.6132,2026-07-31T11:49:06.613,342.985,3453,,,,0,,,,-0.0642,-113.21,-0.1624,-2993.21,1,45.0,idle,+0.000,+0.000,+0.000,+0.000,1100,0,
1785512946.7135,2026-07-31T11:49:06.713,343.085,3454,,,,0,,,,-0.0682,-113.22,-0.1664,-2993.22,1,45.0,idle,+0.000,+0.000,+0.000,+0.000,1100,0,
1785512946.8128,2026-07-31T11:49:06.812,343.185,3455,,,,0,,,,-0.0653,-113.25,-0.1634,-2993.25,1,45.0,idle,+0.000,+0.000,+0.000,+0.000,1100,0,
1785512946.9119,2026-07-31T11:49:06.911,343.284,3456,,,,0,,,,-0.0681,-113.27,-0.1663,-2993.27,1,45.0,idle,+0.000,+0.000,+0.000,+0.000,1100,0,
1785512947.0108,2026-07-31T11:49:07.010,343.383,3457,,,,0,,,,-0.0665,-113.30,-0.1647,-2993.30,1,45.0,idle,+0.000,+0.000,+0.000,+0.000,1100,0,
1785512947.1106,2026-07-31T11:49:07.110,343.482,3458,,,,0,,,,-0.0684,-113.33,-0.1665,-2993.33,1,45.0,idle,+0.000,+0.000,+0.000,+0.000,1100,0,
1785512947.2102,2026-07-31T11:49:07.210,343.582,3459,,,,0,,,,-0.0635,-113.34,-0.1616,-2993.34,1,45.0,idle,+0.000,+0.000,+0.000,+0.000,1100,0,
1785512947.3087,2026-07-31T11:49:07.308,343.680,3460,,,,0,,,,-0.0649,-113.37,-0.1631,-2993.37,1,45.0,idle,+0.000,+0.000,+0.000,+0.000,1100,0,
1785512947.4076,2026-07-31T11:49:07.407,343.779,3461,,,,0,,,,-0.0662,-113.38,-0.1644,-2993.38,1,45.0,idle,+0.000,+0.000,+0.000,+0.000,1100,0,
1785512947.5069,2026-07-31T11:49:07.506,343.879,3462,,,,0,,,,-0.0714,-113.41,-0.1695,-2993.41,1,45.0,idle,+0.000,+0.000,+0.000,+0.000,1100,0,
1785512947.6063,2026-07-31T11:49:07.606,343.978,3463,,,,0,,,,-0.0695,-113.44,-0.1677,-2993.44,1,45.0,idle,+0.000,+0.000,+0.000,+0.000,1100,0,
1785512947.7055,2026-07-31T11:49:07.705,344.077,3464,,,,0,,,,-0.0672,-113.45,-0.1653,-2993.45,1,45.0,idle,+0.000,+0.000,+0.000,+0.000,1100,0,
1785512947.8049,2026-07-31T11:49:07.804,344.177,3465,,,,0,,,,-0.0706,-113.49,-0.1687,-2993.49,1,45.0,idle,+0.000,+0.000,+0.000,+0.000,1100,0,
1785512947.9035,2026-07-31T11:49:07.903,344.275,3466,,,,0,,,,-0.0702,-113.51,-0.1683,-2993.51,1,45.0,idle,+0.000,+0.000,+0.000,+0.000,1100,0,
1785512948.0032,2026-07-31T11:49:08.003,344.375,3467,,,,0,,,,-0.0638,-113.54,-0.1619,-2993.54,1,45.0,idle,+0.000,+0.000,+0.000,+0.000,1100,0,
1785512948.1028,2026-07-31T11:49:08.102,344.474,3468,,,,0,,,,-0.0709,-113.56,-0.1690,-2993.56,1,45.0,idle,+0.000,+0.000,+0.000,+0.000,1100,0,
1785512948.2015,2026-07-31T11:49:08.201,344.573,3469,,,,0,,,,-0.0657,-113.58,-0.1639,-2993.58,1,45.0,idle,+0.000,+0.000,+0.000,+0.000,1100,0,
1785512948.3012,2026-07-31T11:49:08.301,344.673,3470,,,,0,,,,-0.0680,-113.61,-0.1661,-2993.61,1,45.0,idle,+0.000,+0.000,+0.000,+0.000,1100,0,
1785512948.4005,2026-07-31T11:49:08.400,344.772,3471,,,,0,,,,-0.0689,-113.62,-0.1670,-2993.62,1,45.0,idle,+0.000,+0.000,+0.000,+0.000,1100,0,
1785512948.4992,2026-07-31T11:49:08.499,344.871,3472,,,,0,,,,-0.0678,-113.64,-0.1660,-2993.64,1,45.0,idle,+0.000,+0.000,+0.000,+0.000,1100,0,
1785512948.5981,2026-07-31T11:49:08.598,344.970,3473,,,,0,,,,-0.0668,-113.68,-0.1650,-2993.68,1,45.0,idle,+0.000,+0.000,+0.000,+0.000,1100,0,
1785512948.6985,2026-07-31T11:49:08.698,345.070,3474,,,,0,,,,-0.0665,-113.69,-0.1646,-2993.69,1,45.0,idle,+0.000,+0.000,+0.000,+0.000,1100,0,
1785512948.7979,2026-07-31T11:49:08.797,345.170,3475,,,,0,,,,-0.0657,-113.72,-0.1639,-2993.72,1,45.0,idle,+0.000,+0.000,+0.000,+0.000,1100,0,
1785512948.8978,2026-07-31T11:49:08.897,345.269,3476,,,,0,,,,-0.0665,-113.73,-0.1647,-2993.73,1,45.0,idle,+0.000,+0.000,+0.000,+0.000,1100,0,
1785512948.9972,2026-07-31T11:49:08.997,345.369,3477,,,,0,,,,-0.0676,-113.75,-0.1658,-2993.75,1,45.0,idle,+0.000,+0.000,+0.000,+0.000,1100,0,
1785512949.0964,2026-07-31T11:49:09.096,345.468,3478,,,,0,,,,-0.0675,-113.78,-0.1656,-2993.78,1,45.0,idle,+0.000,+0.000,+0.000,+0.000,1100,0,
1785512949.1950,2026-07-31T11:49:09.195,345.567,3479,,,,0,,,,-0.0700,-113.79,-0.1682,-2993.79,1,45.0,idle,+0.000,+0.000,+0.000,+0.000,1100,0,
1785512949.2944,2026-07-31T11:49:09.294,345.666,3480,,,,0,,,,-0.0643,-113.82,-0.1625,-2993.82,1,45.0,idle,+0.000,+0.000,+0.000,+0.000,1100,0,
1785512949.3936,2026-07-31T11:49:09.393,345.765,3481,,,,0,,,,-0.0669,-113.83,-0.1651,-2993.83,1,45.0,idle,+0.000,+0.000,+0.000,+0.000,1100,0,
1785512949.4935,2026-07-31T11:49:09.493,345.865,3482,,,,0,,,,-0.0644,-113.86,-0.1626,-2993.86,1,45.0,idle,+0.000,+0.000,+0.000,+0.000,1100,0,
1785512949.5928,2026-07-31T11:49:09.592,345.965,3483,,,,0,,,,-0.0678,-113.87,-0.1660,-2993.87,1,45.0,idle,+0.000,+0.000,+0.000,+0.000,1100,0,
1785512949.6920,2026-07-31T11:49:09.692,346.064,3484,,,,0,,,,-0.0702,-113.91,-0.1683,-2993.91,1,45.0,idle,+0.000,+0.000,+0.000,+0.000,1100,0,
1785512949.7907,2026-07-31T11:49:09.790,346.162,3485,,,,0,,,,-0.0701,-113.93,-0.1683,-2993.93,1,45.0,idle,+0.000,+0.000,+0.000,+0.000,1100,0,
1785512949.8902,2026-07-31T11:49:09.890,346.262,3486,,,,0,,,,-0.0694,-113.95,-0.1675,-2993.95,1,45.0,idle,+0.000,+0.000,+0.000,+0.000,1100,0,
1785512949.9887,2026-07-31T11:49:09.988,346.360,3487,,,,0,,,,-0.0635,-113.98,-0.1617,-2993.98,1,45.0,idle,+0.000,+0.000,+0.000,+0.000,1100,0,
1785512950.0884,2026-07-31T11:49:10.088,346.460,3488,,,,0,,,,-0.0704,-113.99,-0.1686,-2993.99,1,45.0,idle,+0.000,+0.000,+0.000,+0.000,1100,0,
1785512950.1893,2026-07-31T11:49:10.189,346.561,3489,,,,0,,,,-0.0661,-114.01,-0.1642,-2994.01,1,45.0,idle,+0.000,+0.000,+0.000,+0.000,1100,0,
1785512950.2880,2026-07-31T11:49:10.288,346.660,3490,,,,0,,,,-0.0682,-114.02,-0.1664,-2994.02,1,45.0,idle,+0.000,+0.000,+0.000,+0.000,1100,0,
1785512950.3872,2026-07-31T11:49:10.387,346.759,3491,,,,0,,,,-0.0695,-114.04,-0.1677,-2994.04,1,45.0,idle,+0.000,+0.000,+0.000,+0.000,1100,0,
1785512950.4869,2026-07-31T11:49:10.486,346.859,3492,,,,0,,,,-0.0652,-114.07,-0.1633,-2994.07,1,45.0,idle,+0.000,+0.000,+0.000,+0.000,1100,0,
1785512950.5867,2026-07-31T11:49:10.586,346.958,3493,,,,0,,,,-0.0683,-114.08,-0.1664,-2994.08,1,45.0,idle,+0.000,+0.000,+0.000,+0.000,1100,0,
1785512950.6865,2026-07-31T11:49:10.686,347.058,3494,,,,0,,,,-0.0665,-114.10,-0.1646,-2994.10,1,45.0,idle,+0.000,+0.000,+0.000,+0.000,1100,0,
1785512950.7857,2026-07-31T11:49:10.785,347.157,3495,,,,0,,,,-0.0703,-114.12,-0.1684,-2994.12,1,45.0,idle,+0.000,+0.000,+0.000,+0.000,1100,0,
1785512950.8857,2026-07-31T11:49:10.885,347.257,3496,,,,0,,,,-0.0662,-114.14,-0.1643,-2994.14,1,45.0,idle,+0.000,+0.000,+0.000,+0.000,1100,0,
1785512950.9850,2026-07-31T11:49:10.985,347.357,3497,,,,0,,,,-0.0704,-114.17,-0.1686,-2994.17,1,45.0,idle,+0.000,+0.000,+0.000,+0.000,1100,0,
1785512951.0845,2026-07-31T11:49:11.084,347.456,3498,,,,0,,,,-0.0680,-114.19,-0.1662,-2994.19,1,45.0,idle,+0.000,+0.000,+0.000,+0.000,1100,0,
1785512951.1855,2026-07-31T11:49:11.185,347.557,3499,,,,0,,,,-0.0673,-114.22,-0.1654,-2994.22,1,45.0,idle,+0.000,+0.000,+0.000,+0.000,1100,0,
1785512951.2845,2026-07-31T11:49:11.284,347.656,3500,,,,0,,,,-0.0643,-114.24,-0.1624,-2994.24,1,45.0,idle,+0.000,+0.000,+0.000,+0.000,1100,0,
1785512951.3837,2026-07-31T11:49:11.383,347.755,3501,,,,0,,,,-0.0680,-114.25,-0.1661,-2994.25,1,45.0,idle,+0.000,+0.000,+0.000,+0.000,1100,0,
1785512951.4832,2026-07-31T11:49:11.483,347.855,3502,,,,0,,,,-0.0642,-114.28,-0.1623,-2994.28,1,45.0,idle,+0.000,+0.000,+0.000,+0.000,1100,0,
1785512951.5821,2026-07-31T11:49:11.582,347.954,3503,,,,0,,,,-0.0689,-114.30,-0.1670,-2994.30,1,45.0,idle,+0.000,+0.000,+0.000,+0.000,1100,0,
1785512951.6814,2026-07-31T11:49:11.681,348.053,3504,,,,0,,,,-0.0679,-114.32,-0.1661,-2994.32,1,45.0,idle,+0.000,+0.000,+0.000,+0.000,1100,0,
1785512951.7817,2026-07-31T11:49:11.781,348.153,3505,,,,0,,,,-0.0737,-114.34,-0.1718,-2994.34,1,45.0,idle,+0.000,+0.000,+0.000,+0.000,1100,0,
1785512951.8809,2026-07-31T11:49:11.880,348.253,3506,,,,0,,,,-0.0670,-114.36,-0.1652,-2994.36,1,45.0,idle,+0.000,+0.000,+0.000,+0.000,1100,0,
1785512951.9799,2026-07-31T11:49:11.979,348.352,3507,,,,0,,,,-0.0693,-114.39,-0.1674,-2994.39,1,45.0,idle,+0.000,+0.000,+0.000,+0.000,1100,0,
1785512952.0786,2026-07-31T11:49:12.078,348.450,3508,,,,0,,,,-0.0689,-114.40,-0.1670,-2994.40,1,45.0,idle,+0.000,+0.000,+0.000,+0.000,1100,0,
1785512952.1785,2026-07-31T11:49:12.178,348.550,3509,,,,0,,,,-0.0681,-114.43,-0.1662,-2994.43,1,45.0,idle,+0.000,+0.000,+0.000,+0.000,1100,0,
1785512952.2767,2026-07-31T11:49:12.276,348.648,3510,,,,0,,,,-0.0667,-114.44,-0.1648,-2994.44,1,45.0,idle,+0.000,+0.000,+0.000,+0.000,1100,0,
1785512952.3760,2026-07-31T11:49:12.376,348.748,3511,,,,0,,,,-0.0704,-114.47,-0.1685,-2994.47,1,45.0,idle,+0.000,+0.000,+0.000,+0.000,1100,0,
1785512952.4752,2026-07-31T11:49:12.475,348.847,3512,,,,0,,,,-0.0686,-114.51,-0.1667,-2994.51,1,45.0,idle,+0.000,+0.000,+0.000,+0.000,1100,0,
1785512952.5743,2026-07-31T11:49:12.574,348.946,3513,,,,0,,,,-0.0667,-114.53,-0.1648,-2994.53,1,45.0,idle,+0.000,+0.000,+0.000,+0.000,1100,0,
1785512952.6727,2026-07-31T11:49:12.672,349.044,3514,,,,0,,,,-0.0698,-114.56,-0.1680,-2994.56,1,45.0,idle,+0.000,+0.000,+0.000,+0.000,1100,0,
1785512952.7725,2026-07-31T11:49:12.772,349.144,3515,,,,0,,,,-0.0686,-114.58,-0.1667,-2994.58,1,45.0,idle,+0.000,+0.000,+0.000,+0.000,1100,0,
1785512952.8707,2026-07-31T11:49:12.870,349.242,3516,,,,0,,,,-0.0655,-114.61,-0.1636,-2994.61,1,45.0,idle,+0.000,+0.000,+0.000,+0.000,1100,0,
1785512952.9701,2026-07-31T11:49:12.970,349.342,3517,,,,0,,,,-0.0637,-114.63,-0.1618,-2994.63,1,45.0,idle,+0.000,+0.000,+0.000,+0.000,1100,0,
1785512953.0696,2026-07-31T11:49:13.069,349.441,3518,,,,0,,,,-0.0644,-114.64,-0.1625,-2994.64,1,45.0,idle,+0.000,+0.000,+0.000,+0.000,1100,0,
1785512953.1688,2026-07-31T11:49:13.168,349.541,3519,,,,0,,,,-0.0705,-114.67,-0.1686,-2994.67,1,45.0,idle,+0.000,+0.000,+0.000,+0.000,1100,0,
1785512953.2682,2026-07-31T11:49:13.268,349.640,3520,,,,0,,,,-0.0694,-114.68,-0.1675,-2994.68,1,45.0,idle,+0.000,+0.000,+0.000,+0.000,1100,0,
1785512953.3677,2026-07-31T11:49:13.367,349.739,3521,,,,0,,,,-0.0674,-114.71,-0.1655,-2994.71,1,45.0,idle,+0.000,+0.000,+0.000,+0.000,1100,0,
1785512953.4676,2026-07-31T11:49:13.467,349.839,3522,,,,0,,,,-0.0678,-114.73,-0.1659,-2994.73,1,45.0,idle,+0.000,+0.000,+0.000,+0.000,1100,0,
1785512953.5686,2026-07-31T11:49:13.568,349.940,3523,,,,0,,,,-0.0679,-114.76,-0.1660,-2994.76,1,45.0,idle,+0.000,+0.000,+0.000,+0.000,1100,0,
1785512953.6685,2026-07-31T11:49:13.668,350.040,3524,,,,0,,,,-0.0701,-114.78,-0.1682,-2994.78,1,45.0,idle,+0.000,+0.000,+0.000,+0.000,1100,0,
1785512953.7696,2026-07-31T11:49:13.769,350.141,3525,,,,0,,,,-0.0675,-114.79,-0.1656,-2994.79,1,45.0,idle,+0.000,+0.000,+0.000,+0.000,1100,0,
1785512953.8682,2026-07-31T11:49:13.868,350.240,3526,,,,0,,,,-0.0672,-114.81,-0.1653,-2994.81,1,45.0,idle,+0.000,+0.000,+0.000,+0.000,1100,0,
1785512953.9671,2026-07-31T11:49:13.967,350.339,3527,,,,0,,,,-0.0682,-114.83,-0.1663,-2994.83,1,45.0,idle,+0.000,+0.000,+0.000,+0.000,1100,0,
1785512954.0676,2026-07-31T11:49:14.067,350.439,3528,,,,0,,,,-0.0667,-114.86,-0.1649,-2994.86,1,45.0,idle,+0.000,+0.000,+0.000,+0.000,1100,0,
1785512954.1673,2026-07-31T11:49:14.167,350.539,3529,,,,0,,,,-0.0685,-114.88,-0.1666,-2994.88,1,45.0,idle,+0.000,+0.000,+0.000,+0.000,1100,0,
1785512954.2675,2026-07-31T11:49:14.267,350.639,3530,,,,0,,,,-0.0684,-114.90,-0.1665,-2994.90,1,45.0,idle,+0.000,+0.000,+0.000,+0.000,1100,0,
1785512954.3658,2026-07-31T11:49:14.365,350.738,3531,,,,0,,,,-0.0715,-114.92,-0.1696,-2994.92,1,45.0,idle,+0.000,+0.000,+0.000,+0.000,1100,0,
1785512954.4655,2026-07-31T11:49:14.465,350.837,3532,,,,0,,,,-0.0679,-114.96,-0.1660,-2994.96,1,45.0,idle,+0.000,+0.000,+0.000,+0.000,1100,0,
1785512954.5639,2026-07-31T11:49:14.563,350.936,3533,,,,0,,,,-0.0670,-114.98,-0.1651,-2994.98,1,45.0,idle,+0.000,+0.000,+0.000,+0.000,1100,0,
1785512954.6657,2026-07-31T11:49:14.665,351.037,3534,,,,0,,,,-0.0676,-115.01,-0.1658,-2995.01,1,45.0,idle,+0.000,+0.000,+0.000,+0.000,1100,0,
1785512954.7657,2026-07-31T11:49:14.765,351.137,3535,,,,0,,,,-0.0688,-115.02,-0.1670,-2995.02,1,45.0,idle,+0.000,+0.000,+0.000,+0.000,1100,0,
1785512954.8657,2026-07-31T11:49:14.865,351.237,3536,,,,0,,,,-0.0673,-115.05,-0.1654,-2995.05,1,45.0,idle,+0.000,+0.000,+0.000,+0.000,1100,0,
1785512954.9648,2026-07-31T11:49:14.964,351.336,3537,,,,0,,,,-0.0683,-115.08,-0.1664,-2995.08,1,45.0,idle,+0.000,+0.000,+0.000,+0.000,1100,0,
1785512955.0644,2026-07-31T11:49:15.064,351.436,3538,,,,0,,,,-0.0658,-115.10,-0.1639,-2995.10,1,45.0,idle,+0.000,+0.000,+0.000,+0.000,1100,0,
1785512955.1633,2026-07-31T11:49:15.163,351.535,3539,,,,0,,,,-0.0679,-115.13,-0.1660,-2995.13,1,45.0,idle,+0.000,+0.000,+0.000,+0.000,1100,0,
1785512955.2626,2026-07-31T11:49:15.262,351.634,3540,,,,0,,,,-0.0670,-115.14,-0.1652,-2995.14,1,45.0,idle,+0.000,+0.000,+0.000,+0.000,1100,0,
1785512955.3616,2026-07-31T11:49:15.361,351.733,3541,,,,0,,,,-0.0650,-115.17,-0.1631,-2995.17,1,45.0,idle,+0.000,+0.000,+0.000,+0.000,1100,0,
1785512955.4606,2026-07-31T11:49:15.460,351.832,3542,,,,0,,,,-0.0668,-115.18,-0.1649,-2995.18,1,45.0,idle,+0.000,+0.000,+0.000,+0.000,1100,0,
1785512955.5596,2026-07-31T11:49:15.559,351.931,3543,,,,0,,,,-0.0660,-115.22,-0.1642,-2995.22,1,45.0,idle,+0.000,+0.000,+0.000,+0.000,1100,0,
1785512955.6584,2026-07-31T11:49:15.658,352.030,3544,,,,0,,,,-0.0683,-115.25,-0.1664,-2995.25,1,45.0,idle,+0.000,+0.000,+0.000,+0.000,1100,0,
1785512955.7569,2026-07-31T11:49:15.756,352.129,3545,,,,0,,,,-0.0699,-115.26,-0.1680,-2995.26,1,45.0,idle,+0.000,+0.000,+0.000,+0.000,1100,0,
1785512955.8566,2026-07-31T11:49:15.856,352.228,3546,,,,0,,,,-0.0671,-115.29,-0.1652,-2995.29,1,45.0,idle,+0.000,+0.000,+0.000,+0.000,1100,0,
1785512955.9566,2026-07-31T11:49:15.956,352.328,3547,,,,0,,,,-0.0705,-115.31,-0.1686,-2995.31,1,45.0,idle,+0.000,+0.000,+0.000,+0.000,1100,0,
1785512956.0556,2026-07-31T11:49:16.055,352.427,3548,,,,0,,,,-0.0737,-115.32,-0.1719,-2995.32,1,45.0,idle,+0.000,+0.000,+0.000,+0.000,1100,0,
1785512956.1551,2026-07-31T11:49:16.155,352.527,3549,,,,0,,,,-0.0661,-115.35,-0.1642,-2995.35,1,45.0,idle,+0.000,+0.000,+0.000,+0.000,1100,0,
1785512956.2542,2026-07-31T11:49:16.254,352.626,3550,,,,0,,,,-0.0655,-115.36,-0.1636,-2995.36,1,45.0,idle,+0.000,+0.000,+0.000,+0.000,1100,0,
1785512956.3529,2026-07-31T11:49:16.352,352.725,3551,,,,0,,,,-0.0647,-115.40,-0.1628,-2995.40,1,45.0,idle,+0.000,+0.000,+0.000,+0.000,1100,0,
1785512956.4527,2026-07-31T11:49:16.452,352.824,3552,,,,0,,,,-0.0662,-115.42,-0.1643,-2995.42,1,45.0,idle,+0.000,+0.000,+0.000,+0.000,1100,0,
1785512956.5531,2026-07-31T11:49:16.553,352.925,3553,,,,0,,,,-0.0691,-115.44,-0.1672,-2995.44,1,45.0,idle,+0.000,+0.000,+0.000,+0.000,1100,0,
1785512956.6528,2026-07-31T11:49:16.652,353.025,3554,,,,0,,,,-0.0692,-115.45,-0.1674,-2995.45,1,45.0,idle,+0.000,+0.000,+0.000,+0.000,1100,0,
1785512956.7531,2026-07-31T11:49:16.753,353.125,3555,,,,0,,,,-0.0728,-115.49,-0.1710,-2995.49,1,45.0,idle,+0.000,+0.000,+0.000,+0.000,1100,0,
1785512956.8528,2026-07-31T11:49:16.852,353.224,3556,,,,0,,,,-0.0645,-115.51,-0.1627,-2995.51,1,45.0,idle,+0.000,+0.000,+0.000,+0.000,1100,0,
1785512956.9526,2026-07-31T11:49:16.952,353.324,3557,,,,0,,,,-0.0705,-115.53,-0.1686,-2995.53,1,45.0,idle,+0.000,+0.000,+0.000,+0.000,1100,0,
1785512957.0510,2026-07-31T11:49:17.051,353.423,3558,,,,0,,,,-0.0721,-115.55,-0.1703,-2995.55,1,45.0,idle,+0.000,+0.000,+0.000,+0.000,1100,0,
1785512957.1501,2026-07-31T11:49:17.150,353.522,3559,,,,0,,,,-0.0701,-115.57,-0.1682,-2995.57,1,45.0,idle,+0.000,+0.000,+0.000,+0.000,1100,0,
1785512957.2493,2026-07-31T11:49:17.249,353.621,3560,,,,0,,,,-0.0652,-115.58,-0.1633,-2995.58,1,45.0,idle,+0.000,+0.000,+0.000,+0.000,1100,0,
1785512957.3485,2026-07-31T11:49:17.348,353.720,3561,,,,0,,,,-0.0683,-115.61,-0.1664,-2995.61,1,45.0,idle,+0.000,+0.000,+0.000,+0.000,1100,0,
1785512957.4474,2026-07-31T11:49:17.447,353.819,3562,,,,0,,,,-0.0721,-115.63,-0.1702,-2995.63,1,45.0,idle,+0.000,+0.000,+0.000,+0.000,1100,0,
1785512957.5467,2026-07-31T11:49:17.546,353.918,3563,,,,0,,,,-0.0696,-115.66,-0.1678,-2995.66,1,45.0,idle,+0.000,+0.000,+0.000,+0.000,1100,0,
1785512957.6469,2026-07-31T11:49:17.646,354.019,3564,,,,0,,,,-0.0696,-115.67,-0.1677,-2995.67,1,45.0,idle,+0.000,+0.000,+0.000,+0.000,1100,0,
1785512957.7463,2026-07-31T11:49:17.746,354.118,3565,,,,0,,,,-0.0734,-115.69,-0.1716,-2995.69,1,45.0,idle,+0.000,+0.000,+0.000,+0.000,1100,0,
1785512957.8457,2026-07-31T11:49:17.845,354.217,3566,,,,0,,,,-0.0696,-115.72,-0.1677,-2995.72,1,45.0,idle,+0.000,+0.000,+0.000,+0.000,1100,0,
1785512957.9446,2026-07-31T11:49:17.944,354.316,3567,,,,0,,,,-0.0688,-115.74,-0.1669,-2995.74,1,45.0,idle,+0.000,+0.000,+0.000,+0.000,1100,0,
1785512958.0458,2026-07-31T11:49:18.045,354.417,3568,,,,0,,,,-0.0659,-115.77,-0.1640,-2995.77,1,45.0,idle,+0.000,+0.000,+0.000,+0.000,1100,0,
1785512958.1466,2026-07-31T11:49:18.146,354.518,3569,,,,0,,,,-0.0709,-115.79,-0.1691,-2995.79,1,45.0,idle,+0.000,+0.000,+0.000,+0.000,1100,0,
1785512958.2457,2026-07-31T11:49:18.245,354.617,3570,,,,0,,,,-0.0667,-115.81,-0.1649,-2995.81,1,45.0,idle,+0.000,+0.000,+0.000,+0.000,1100,0,
1785512958.3443,2026-07-31T11:49:18.344,354.716,3571,,,,0,,,,-0.0705,-115.83,-0.1686,-2995.83,1,45.0,idle,+0.000,+0.000,+0.000,+0.000,1100,0,
1785512958.4450,2026-07-31T11:49:18.445,354.817,3572,,,,0,,,,-0.0669,-115.85,-0.1651,-2995.85,1,45.0,idle,+0.000,+0.000,+0.000,+0.000,1100,0,
1785512958.5444,2026-07-31T11:49:18.544,354.916,3573,,,,0,,,,-0.0682,-115.87,-0.1663,-2995.87,1,45.0,idle,+0.000,+0.000,+0.000,+0.000,1100,0,
1785512958.6448,2026-07-31T11:49:18.644,355.016,3574,,,,0,,,,-0.0646,-115.89,-0.1628,-2995.89,1,45.0,idle,+0.000,+0.000,+0.000,+0.000,1100,0,
1785512958.7434,2026-07-31T11:49:18.743,355.115,3575,,,,0,,,,-0.0670,-115.92,-0.1652,-2995.92,1,45.0,idle,+0.000,+0.000,+0.000,+0.000,1100,0,
1785512958.8423,2026-07-31T11:49:18.842,355.214,3576,,,,0,,,,-0.0675,-115.95,-0.1656,-2995.95,1,45.0,idle,+0.000,+0.000,+0.000,+0.000,1100,0,
1785512958.9415,2026-07-31T11:49:18.941,355.313,3577,,,,0,,,,-0.0661,-115.96,-0.1642,-2995.96,1,45.0,idle,+0.000,+0.000,+0.000,+0.000,1100,0,
1785512959.0407,2026-07-31T11:49:19.040,355.412,3578,,,,0,,,,-0.0702,-115.99,-0.1684,-2995.99,1,45.0,idle,+0.000,+0.000,+0.000,+0.000,1100,0,
1785512959.1390,2026-07-31T11:49:19.139,355.511,3579,,,,0,,,,-0.0683,-116.00,-0.1664,-2996.00,1,45.0,idle,+0.000,+0.000,+0.000,+0.000,1100,0,
1785512959.2381,2026-07-31T11:49:19.238,355.610,3580,,,,0,,,,-0.0696,-116.03,-0.1678,-2996.03,1,45.0,idle,+0.000,+0.000,+0.000,+0.000,1100,0,
1785512959.3378,2026-07-31T11:49:19.337,355.710,3581,,,,0,,,,-0.0735,-116.04,-0.1717,-2996.04,1,45.0,idle,+0.000,+0.000,+0.000,+0.000,1100,0,
1785512959.4372,2026-07-31T11:49:19.437,355.809,3582,,,,0,,,,-0.0658,-116.08,-0.1639,-2996.08,1,45.0,idle,+0.000,+0.000,+0.000,+0.000,1100,0,
1785512959.5355,2026-07-31T11:49:19.535,355.907,3583,,,,0,,,,-0.0734,-116.08,-0.1716,-2996.08,1,45.0,idle,+0.000,+0.000,+0.000,+0.000,1100,0,
1785512959.6341,2026-07-31T11:49:19.634,356.006,3584,,,,0,,,,-0.0688,-116.11,-0.1669,-2996.11,1,45.0,idle,+0.000,+0.000,+0.000,+0.000,1100,0,
1785512959.7336,2026-07-31T11:49:19.733,356.105,3585,,,,0,,,,-0.0653,-116.13,-0.1635,-2996.13,1,45.0,idle,+0.000,+0.000,+0.000,+0.000,1100,0,
1785512959.8324,2026-07-31T11:49:19.832,356.204,3586,,,,0,,,,-0.0671,-116.14,-0.1652,-2996.14,1,45.0,idle,+0.000,+0.000,+0.000,+0.000,1100,0,
1785512959.9318,2026-07-31T11:49:19.931,356.303,3587,,,,0,,,,-0.0716,-116.17,-0.1697,-2996.17,1,45.0,idle,+0.000,+0.000,+0.000,+0.000,1100,0,
1785512960.0306,2026-07-31T11:49:20.030,356.402,3588,,,,0,,,,-0.0692,-116.18,-0.1673,-2996.18,1,45.0,idle,+0.000,+0.000,+0.000,+0.000,1100,0,
1785512960.1297,2026-07-31T11:49:20.129,356.501,3589,,,,0,,,,-0.0690,-116.22,-0.1672,-2996.22,1,45.0,idle,+0.000,+0.000,+0.000,+0.000,1100,0,
1785512960.2288,2026-07-31T11:49:20.228,356.601,3590,,,,0,,,,-0.0718,-116.25,-0.1699,-2996.25,1,45.0,idle,+0.000,+0.000,+0.000,+0.000,1100,0,
1785512960.3282,2026-07-31T11:49:20.328,356.700,3591,,,,0,,,,-0.0707,-116.27,-0.1688,-2996.27,1,45.0,idle,+0.000,+0.000,+0.000,+0.000,1100,0,
1785512960.4273,2026-07-31T11:49:20.427,356.799,3592,,,,0,,,,-0.0677,-116.29,-0.1658,-2996.29,1,45.0,idle,+0.000,+0.000,+0.000,+0.000,1100,0,
1785512960.5266,2026-07-31T11:49:20.526,356.898,3593,,,,0,,,,-0.0725,-116.31,-0.1706,-2996.31,1,45.0,idle,+0.000,+0.000,+0.000,+0.000,1100,0,
1785512960.6251,2026-07-31T11:49:20.625,356.997,3594,,,,0,,,,-0.0692,-116.34,-0.1674,-2996.34,1,45.0,idle,+0.000,+0.000,+0.000,+0.000,1100,0,
1785512960.7245,2026-07-31T11:49:20.724,357.096,3595,,,,0,,,,-0.0697,-116.37,-0.1678,-2996.37,1,45.0,idle,+0.000,+0.000,+0.000,+0.000,1100,0,
1785512960.8231,2026-07-31T11:49:20.823,357.195,3596,,,,0,,,,-0.0689,-116.39,-0.1670,-2996.39,1,45.0,idle,+0.000,+0.000,+0.000,+0.000,1100,0,
1785512960.9227,2026-07-31T11:49:20.922,357.294,3597,,,,0,,,,-0.0686,-116.41,-0.1667,-2996.41,1,45.0,idle,+0.000,+0.000,+0.000,+0.000,1100,0,
1785512961.0218,2026-07-31T11:49:21.021,357.393,3598,,,,0,,,,-0.0707,-116.43,-0.1688,-2996.43,1,45.0,idle,+0.000,+0.000,+0.000,+0.000,1100,0,
1785512961.1208,2026-07-31T11:49:21.120,357.493,3599,,,,0,,,,-0.0661,-116.47,-0.1642,-2996.47,1,45.0,idle,+0.000,+0.000,+0.000,+0.000,1100,0,
1785512961.2207,2026-07-31T11:49:21.220,357.592,3600,,,,0,,,,-0.0688,-116.50,-0.1669,-2996.50,1,45.0,idle,+0.000,+0.000,+0.000,+0.000,1100,0,
1785512961.3191,2026-07-31T11:49:21.319,357.691,3601,,,,0,,,,-0.0703,-116.51,-0.1684,-2996.51,1,45.0,idle,+0.000,+0.000,+0.000,+0.000,1100,0,
1785512961.4182,2026-07-31T11:49:21.418,357.790,3602,,,,0,,,,-0.0692,-116.53,-0.1674,-2996.53,1,45.0,idle,+0.000,+0.000,+0.000,+0.000,1100,0,
1785512961.5172,2026-07-31T11:49:21.517,357.889,3603,,,,0,,,,-0.0708,-116.54,-0.1690,-2996.54,1,45.0,idle,+0.000,+0.000,+0.000,+0.000,1100,0,
1785512961.6166,2026-07-31T11:49:21.616,357.988,3604,,,,0,,,,-0.0675,-116.57,-0.1657,-2996.57,1,45.0,idle,+0.000,+0.000,+0.000,+0.000,1100,0,
1785512961.7153,2026-07-31T11:49:21.715,358.087,3605,,,,0,,,,-0.0718,-116.58,-0.1700,-2996.58,1,45.0,idle,+0.000,+0.000,+0.000,+0.000,1100,0,
1785512961.8160,2026-07-31T11:49:21.815,358.188,3606,,,,0,,,,-0.0684,-116.60,-0.1665,-2996.60,1,45.0,idle,+0.000,+0.000,+0.000,+0.000,1100,0,
1785512961.9167,2026-07-31T11:49:21.916,358.288,3607,,,,0,,,,-0.0681,-116.62,-0.1662,-2996.62,1,45.0,idle,+0.000,+0.000,+0.000,+0.000,1100,0,
1785512962.0168,2026-07-31T11:49:22.016,358.388,3608,,,,0,,,,-0.0695,-116.63,-0.1676,-2996.63,1,45.0,idle,+0.000,+0.000,+0.000,+0.000,1100,0,
1785512962.1159,2026-07-31T11:49:22.115,358.488,3609,,,,0,,,,-0.0665,-116.66,-0.1646,-2996.66,1,45.0,idle,+0.000,+0.000,+0.000,+0.000,1100,0,
1785512962.2156,2026-07-31T11:49:22.215,358.587,3610,,,,0,,,,-0.0678,-116.68,-0.1660,-2996.68,1,45.0,idle,+0.000,+0.000,+0.000,+0.000,1100,0,
1785512962.3148,2026-07-31T11:49:22.314,358.687,3611,,,,0,,,,-0.0665,-116.69,-0.1646,-2996.69,1,45.0,idle,+0.000,+0.000,+0.000,+0.000,1100,0,
1785512962.4137,2026-07-31T11:49:22.413,358.785,3612,,,,0,,,,-0.0680,-116.74,-0.1661,-2996.74,1,45.0,idle,+0.000,+0.000,+0.000,+0.000,1100,0,
1785512962.5127,2026-07-31T11:49:22.512,358.884,3613,,,,0,,,,-0.0672,-116.75,-0.1653,-2996.75,1,45.0,idle,+0.000,+0.000,+0.000,+0.000,1100,0,
1785512962.6112,2026-07-31T11:49:22.611,358.983,3614,,,,0,,,,-0.0696,-116.79,-0.1677,-2996.79,1,45.0,idle,+0.000,+0.000,+0.000,+0.000,1100,0,
1785512962.7106,2026-07-31T11:49:22.710,359.082,3615,,,,0,,,,-0.0674,-116.80,-0.1656,-2996.80,1,45.0,idle,+0.000,+0.000,+0.000,+0.000,1100,0,
1785512962.8098,2026-07-31T11:49:22.809,359.182,3616,,,,0,,,,-0.0691,-116.84,-0.1672,-2996.84,1,45.0,idle,+0.000,+0.000,+0.000,+0.000,1100,0,
1785512962.9099,2026-07-31T11:49:22.909,359.282,3617,,,,0,,,,-0.0659,-116.86,-0.1640,-2996.86,1,45.0,idle,+0.000,+0.000,+0.000,+0.000,1100,0,
1785512963.0080,2026-07-31T11:49:23.007,359.380,3618,,,,0,,,,-0.0702,-116.88,-0.1684,-2996.88,1,45.0,idle,+0.000,+0.000,+0.000,+0.000,1100,0,
1785512963.1076,2026-07-31T11:49:23.107,359.479,3619,,,,0,,,,-0.0665,-116.91,-0.1646,-2996.91,1,45.0,idle,+0.000,+0.000,+0.000,+0.000,1100,0,
1785512963.2068,2026-07-31T11:49:23.206,359.578,3620,,,,0,,,,-0.0698,-116.92,-0.1680,-2996.92,1,45.0,idle,+0.000,+0.000,+0.000,+0.000,1100,0,
1785512963.3052,2026-07-31T11:49:23.305,359.677,3621,,,,0,,,,-0.0681,-116.96,-0.1662,-2996.96,1,45.0,idle,+0.000,+0.000,+0.000,+0.000,1100,0,
1785512963.4041,2026-07-31T11:49:23.404,359.776,3622,,,,0,,,,-0.0650,-116.97,-0.1631,-2996.97,1,45.0,idle,+0.000,+0.000,+0.000,+0.000,1100,0,
1785512963.5040,2026-07-31T11:49:23.504,359.876,3623,,,,0,,,,-0.0657,-117.00,-0.1638,-2997.00,1,45.0,idle,+0.000,+0.000,+0.000,+0.000,1100,0,
1785512963.6039,2026-07-31T11:49:23.603,359.976,3624,,,,0,,,,-0.0698,-117.03,-0.1680,-2997.03,1,45.0,idle,+0.000,+0.000,+0.000,+0.000,1100,0,
1785512963.7032,2026-07-31T11:49:23.703,360.075,3625,,,,0,,,,-0.0673,-117.04,-0.1655,-2997.04,1,45.0,idle,+0.000,+0.000,+0.000,+0.000,1100,0,
1785512963.8024,2026-07-31T11:49:23.802,360.174,3626,,,,0,,,,-0.0703,-117.06,-0.1684,-2997.06,1,45.0,idle,+0.000,+0.000,+0.000,+0.000,1100,0,
1785512963.9013,2026-07-31T11:49:23.901,360.273,3627,,,,0,,,,-0.0727,-117.07,-0.1709,-2997.07,1,45.0,idle,+0.000,+0.000,+0.000,+0.000,1100,0,
1785512964.0001,2026-07-31T11:49:24.000,360.372,3628,,,,0,,,,-0.0683,-117.10,-0.1665,-2997.10,1,45.0,idle,+0.000,+0.000,+0.000,+0.000,1100,0,
1785512964.0995,2026-07-31T11:49:24.099,360.471,3629,,,,0,,,,-0.0678,-117.13,-0.1659,-2997.13,1,45.0,idle,+0.000,+0.000,+0.000,+0.000,1100,0,
1785512964.1991,2026-07-31T11:49:24.199,360.571,3630,,,,0,,,,-0.0683,-117.15,-0.1664,-2997.15,1,45.0,idle,+0.000,+0.000,+0.000,+0.000,1100,0,
1785512964.2983,2026-07-31T11:49:24.298,360.670,3631,,,,0,,,,-0.0684,-117.18,-0.1666,-2997.18,1,45.0,idle,+0.000,+0.000,+0.000,+0.000,1100,0,
1785512964.3978,2026-07-31T11:49:24.397,360.769,3632,,,,0,,,,-0.0698,-117.20,-0.1680,-2997.20,1,45.0,idle,+0.000,+0.000,+0.000,+0.000,1100,0,
1785512964.4977,2026-07-31T11:49:24.497,360.869,3633,,,,0,,,,-0.0687,-117.22,-0.1668,-2997.22,1,45.0,idle,+0.000,+0.000,+0.000,+0.000,1100,0,
1785512964.5961,2026-07-31T11:49:24.596,360.968,3634,,,,0,,,,-0.0702,-117.24,-0.1683,-2997.24,1,45.0,idle,+0.000,+0.000,+0.000,+0.000,1100,0,
1785512964.6954,2026-07-31T11:49:24.695,361.067,3635,,,,0,,,,-0.0700,-117.26,-0.1681,-2997.26,1,45.0,idle,+0.000,+0.000,+0.000,+0.000,1100,0,
1785512964.7947,2026-07-31T11:49:24.794,361.166,3636,,,,0,,,,-0.0707,-117.28,-0.1689,-2997.28,1,45.0,idle,+0.000,+0.000,+0.000,+0.000,1100,0,
1785512964.8938,2026-07-31T11:49:24.893,361.265,3637,,,,0,,,,-0.0679,-117.30,-0.1661,-2997.30,1,45.0,idle,+0.000,+0.000,+0.000,+0.000,1100,0,
1785512964.9927,2026-07-31T11:49:24.992,361.364,3638,,,,0,,,,-0.0678,-117.32,-0.1660,-2997.32,1,45.0,idle,+0.000,+0.000,+0.000,+0.000,1100,0,
1785512965.0912,2026-07-31T11:49:25.091,361.463,3639,,,,0,,,,-0.0673,-117.35,-0.1654,-2997.35,1,45.0,idle,+0.000,+0.000,+0.000,+0.000,1100,0,
1785512965.1908,2026-07-31T11:49:25.190,361.562,3640,,,,0,,,,-0.0687,-117.36,-0.1668,-2997.36,1,45.0,idle,+0.000,+0.000,+0.000,+0.000,1100,0,
1785512965.2892,2026-07-31T11:49:25.289,361.661,3641,,,,0,,,,-0.0709,-117.39,-0.1690,-2997.39,1,45.0,idle,+0.000,+0.000,+0.000,+0.000,1100,0,
1785512965.3885,2026-07-31T11:49:25.388,361.760,3642,,,,0,,,,-0.0718,-117.40,-0.1699,-2997.40,1,45.0,idle,+0.000,+0.000,+0.000,+0.000,1100,0,
1785512965.4879,2026-07-31T11:49:25.487,361.860,3643,,,,0,,,,-0.0749,-117.44,-0.1730,-2997.44,1,45.0,idle,+0.000,+0.000,+0.000,+0.000,1100,0,
1785512965.5877,2026-07-31T11:49:25.587,361.959,3644,,,,0,,,,-0.0707,-117.45,-0.1688,-2997.45,1,45.0,idle,+0.000,+0.000,+0.000,+0.000,1100,0,
1785512965.6868,2026-07-31T11:49:25.686,362.059,3645,,,,0,,,,-0.0736,-117.48,-0.1718,-2997.48,1,45.0,idle,+0.000,+0.000,+0.000,+0.000,1100,0,
1785512965.7852,2026-07-31T11:49:25.785,362.157,3646,,,,0,,,,-0.0682,-117.50,-0.1663,-2997.50,1,45.0,idle,+0.000,+0.000,+0.000,+0.000,1100,0,
1785512965.8845,2026-07-31T11:49:25.884,362.256,3647,,,,0,,,,-0.0709,-117.52,-0.1690,-2997.52,1,45.0,idle,+0.000,+0.000,+0.000,+0.000,1100,0,
1785512965.9839,2026-07-31T11:49:25.983,362.356,3648,,,,0,,,,-0.0678,-117.55,-0.1659,-2997.55,1,45.0,idle,+0.000,+0.000,+0.000,+0.000,1100,0,
1785512966.0823,2026-07-31T11:49:26.082,362.454,3649,,,,0,,,,-0.0697,-117.56,-0.1678,-2997.56,1,45.0,idle,+0.000,+0.000,+0.000,+0.000,1100,0,
1785512966.1815,2026-07-31T11:49:26.181,362.553,3650,,,,0,,,,-0.0706,-117.59,-0.1687,-2997.59,1,45.0,idle,+0.000,+0.000,+0.000,+0.000,1100,0,
1785512966.2811,2026-07-31T11:49:26.281,362.653,3651,,,,0,,,,-0.0704,-117.60,-0.1685,-2997.60,1,45.0,idle,+0.000,+0.000,+0.000,+0.000,1100,0,
1785512966.3802,2026-07-31T11:49:26.380,362.752,3652,,,,0,,,,-0.0739,-117.63,-0.1721,-2997.63,1,45.0,idle,+0.000,+0.000,+0.000,+0.000,1100,0,
1785512966.4794,2026-07-31T11:49:26.479,362.851,3653,,,,0,,,,-0.0713,-117.65,-0.1694,-2997.65,1,45.0,idle,+0.000,+0.000,+0.000,+0.000,1100,0,
1785512966.5786,2026-07-31T11:49:26.578,362.950,3654,,,,0,,,,-0.0674,-117.66,-0.1655,-2997.66,1,45.0,idle,+0.000,+0.000,+0.000,+0.000,1100,0,
1785512966.6774,2026-07-31T11:49:26.677,363.049,3655,,,,0,,,,-0.0667,-117.69,-0.1648,-2997.69,1,45.0,idle,+0.000,+0.000,+0.000,+0.000,1100,0,
1785512966.7767,2026-07-31T11:49:26.776,363.148,3656,,,,0,,,,-0.0675,-117.71,-0.1657,-2997.71,1,45.0,idle,+0.000,+0.000,+0.000,+0.000,1100,0,
1785512966.8753,2026-07-31T11:49:26.875,363.247,3657,,,,0,,,,-0.0689,-117.73,-0.1670,-2997.73,1,45.0,idle,+0.000,+0.000,+0.000,+0.000,1100,0,
1785512966.9748,2026-07-31T11:49:26.974,363.347,3658,,,,0,,,,-0.0712,-117.77,-0.1693,-2997.77,1,45.0,idle,+0.000,+0.000,+0.000,+0.000,1100,0,
1785512967.0743,2026-07-31T11:49:27.074,363.446,3659,,,,0,,,,-0.0718,-117.78,-0.1699,-2997.78,1,45.0,idle,+0.000,+0.000,+0.000,+0.000,1100,0,
1785512967.1735,2026-07-31T11:49:27.173,363.545,3660,,,,0,,,,-0.0705,-117.81,-0.1687,-2997.81,1,45.0,idle,+0.000,+0.000,+0.000,+0.000,1100,0,
1785512967.2728,2026-07-31T11:49:27.272,363.644,3661,,,,0,,,,-0.0672,-117.83,-0.1653,-2997.83,1,45.0,idle,+0.000,+0.000,+0.000,+0.000,1100,0,
1785512967.3712,2026-07-31T11:49:27.371,363.743,3662,,,,0,,,,-0.0697,-117.86,-0.1679,-2997.86,1,45.0,idle,+0.000,+0.000,+0.000,+0.000,1100,0,
1785512967.4696,2026-07-31T11:49:27.469,363.841,3663,,,,0,,,,-0.0697,-117.90,-0.1678,-2997.90,1,45.0,idle,+0.000,+0.000,+0.000,+0.000,1100,0,
1785512967.5685,2026-07-31T11:49:27.568,363.940,3664,,,,0,,,,-0.0682,-117.91,-0.1664,-2997.91,1,45.0,idle,+0.000,+0.000,+0.000,+0.000,1100,0,
1785512967.6680,2026-07-31T11:49:27.668,364.040,3665,,,,0,,,,-0.0706,-117.94,-0.1687,-2997.94,1,45.0,idle,+0.000,+0.000,+0.000,+0.000,1100,0,
1785512967.7671,2026-07-31T11:49:27.767,364.139,3666,,,,0,,,,-0.0688,-117.95,-0.1669,-2997.95,1,45.0,idle,+0.000,+0.000,+0.000,+0.000,1100,0,
1785512967.8668,2026-07-31T11:49:27.866,364.238,3667,,,,0,,,,-0.0673,-117.98,-0.1654,-2997.98,1,45.0,idle,+0.000,+0.000,+0.000,+0.000,1100,0,
1785512967.9673,2026-07-31T11:49:27.967,364.339,3668,,,,0,,,,-0.0685,-118.01,-0.1666,-2998.01,1,45.0,idle,+0.000,+0.000,+0.000,+0.000,1100,0,
1785512968.0669,2026-07-31T11:49:28.066,364.439,3669,,,,0,,,,-0.0708,-118.03,-0.1689,-2998.03,1,45.0,idle,+0.000,+0.000,+0.000,+0.000,1100,0,
1785512968.1657,2026-07-31T11:49:28.165,364.537,3670,,,,0,,,,-0.0673,-118.06,-0.1654,-2998.06,1,45.0,idle,+0.000,+0.000,+0.000,+0.000,1100,0,
1785512968.2651,2026-07-31T11:49:28.265,364.637,3671,,,,0,,,,-0.0681,-118.07,-0.1662,-2998.07,1,45.0,idle,+0.000,+0.000,+0.000,+0.000,1100,0,
1785512968.3647,2026-07-31T11:49:28.364,364.736,3672,,,,0,,,,-0.0685,-118.09,-0.1666,-2998.09,1,45.0,idle,+0.000,+0.000,+0.000,+0.000,1100,0,
1785512968.4635,2026-07-31T11:49:28.463,364.835,3673,,,,0,,,,-0.0661,-118.12,-0.1642,-2998.12,1,45.0,idle,+0.000,+0.000,+0.000,+0.000,1100,0,
1785512968.5627,2026-07-31T11:49:28.562,364.934,3674,,,,0,,,,-0.0676,-118.13,-0.1657,-2998.13,1,45.0,idle,+0.000,+0.000,+0.000,+0.000,1100,0,
1785512968.6611,2026-07-31T11:49:28.661,365.033,3675,,,,0,,,,-0.0687,-118.16,-0.1669,-2998.16,1,45.0,idle,+0.000,+0.000,+0.000,+0.000,1100,0,
1785512968.7614,2026-07-31T11:49:28.761,365.133,3676,,,,0,,,,-0.0651,-118.17,-0.1633,-2998.17,1,45.0,idle,+0.000,+0.000,+0.000,+0.000,1100,0,
1785512968.8607,2026-07-31T11:49:28.860,365.232,3677,,,,0,,,,-0.0661,-118.19,-0.1642,-2998.19,1,45.0,idle,+0.000,+0.000,+0.000,+0.000,1100,0,
1785512968.9596,2026-07-31T11:49:28.959,365.331,3678,,,,0,,,,-0.0684,-118.20,-0.1665,-2998.20,1,45.0,idle,+0.000,+0.000,+0.000,+0.000,1100,0,
1785512969.0589,2026-07-31T11:49:29.058,365.431,3679,,,,0,,,,-0.0662,-118.22,-0.1643,-2998.22,1,45.0,idle,+0.000,+0.000,+0.000,+0.000,1100,0,
1785512969.1591,2026-07-31T11:49:29.159,365.531,3680,,,,0,,,,-0.0675,-118.25,-0.1657,-2998.25,1,45.0,idle,+0.000,+0.000,+0.000,+0.000,1100,0,
1785512969.2591,2026-07-31T11:49:29.259,365.631,3681,,,,0,,,,-0.0706,-118.27,-0.1688,-2998.27,1,45.0,idle,+0.000,+0.000,+0.000,+0.000,1100,0,
1785512969.3595,2026-07-31T11:49:29.359,365.731,3682,,,,0,,,,-0.0708,-118.29,-0.1689,-2998.29,1,45.0,idle,+0.000,+0.000,+0.000,+0.000,1100,0,
1785512969.4600,2026-07-31T11:49:29.460,365.832,3683,,,,0,,,,-0.0702,-118.31,-0.1684,-2998.31,1,45.0,idle,+0.000,+0.000,+0.000,+0.000,1100,0,
1785512969.5590,2026-07-31T11:49:29.559,365.931,3684,,,,0,,,,-0.0706,-118.33,-0.1688,-2998.33,1,45.0,idle,+0.000,+0.000,+0.000,+0.000,1100,0,
1785512969.6581,2026-07-31T11:49:29.658,366.030,3685,,,,0,,,,-0.0690,-118.36,-0.1671,-2998.36,1,45.0,idle,+0.000,+0.000,+0.000,+0.000,1100,0,
1785512969.7578,2026-07-31T11:49:29.757,366.130,3686,,,,0,,,,-0.0690,-118.37,-0.1671,-2998.37,1,45.0,idle,+0.000,+0.000,+0.000,+0.000,1100,0,
1785512969.8572,2026-07-31T11:49:29.857,366.229,3687,,,,0,,,,-0.0666,-118.40,-0.1647,-2998.40,1,45.0,idle,+0.000,+0.000,+0.000,+0.000,1100,0,
1785512969.9565,2026-07-31T11:49:29.956,366.328,3688,,,,0,,,,-0.0677,-118.42,-0.1658,-2998.42,1,45.0,idle,+0.000,+0.000,+0.000,+0.000,1100,0,
1785512970.0561,2026-07-31T11:49:30.056,366.428,3689,,,,0,,,,-0.0687,-118.45,-0.1668,-2998.45,1,45.0,idle,+0.000,+0.000,+0.000,+0.000,1100,0,
1785512970.1550,2026-07-31T11:49:30.155,366.527,3690,,,,0,,,,-0.0653,-118.46,-0.1634,-2998.46,1,45.0,idle,+0.000,+0.000,+0.000,+0.000,1100,0,
1785512970.2541,2026-07-31T11:49:30.254,366.626,3691,,,,0,,,,-0.0718,-118.49,-0.1699,-2998.49,1,45.0,idle,+0.000,+0.000,+0.000,+0.000,1100,0,
1785512970.3529,2026-07-31T11:49:30.352,366.725,3692,,,,0,,,,-0.0665,-118.52,-0.1646,-2998.52,1,45.0,idle,+0.000,+0.000,+0.000,+0.000,1100,0,
1785512970.4532,2026-07-31T11:49:30.453,366.825,3693,,,,0,,,,-0.0670,-118.55,-0.1652,-2998.55,1,45.0,idle,+0.000,+0.000,+0.000,+0.000,1100,0,
1785512970.5545,2026-07-31T11:49:30.554,366.926,3694,,,,0,,,,-0.0736,-118.57,-0.1717,-2998.57,1,45.0,idle,+0.000,+0.000,+0.000,+0.000,1100,0,
1785512970.6537,2026-07-31T11:49:30.653,367.025,3695,,,,0,,,,-0.0678,-118.59,-0.1659,-2998.59,1,45.0,idle,+0.000,+0.000,+0.000,+0.000,1100,0,
1785512970.7523,2026-07-31T11:49:30.752,367.124,3696,,,,0,,,,-0.0741,-118.60,-0.1722,-2998.60,1,45.0,idle,+0.000,+0.000,+0.000,+0.000,1100,0,
1785512970.8541,2026-07-31T11:49:30.854,367.226,3697,,,,0,,,,-0.0708,-118.62,-0.1689,-2998.62,1,45.0,idle,+0.000,+0.000,+0.000,+0.000,1100,0,
1785512970.9542,2026-07-31T11:49:30.954,367.326,3698,,,,0,,,,-0.0680,-118.64,-0.1661,-2998.64,1,45.0,idle,+0.000,+0.000,+0.000,+0.000,1100,0,
1785512971.0555,2026-07-31T11:49:31.055,367.427,3699,,,,0,,,,-0.0698,-118.67,-0.1679,-2998.67,1,45.0,idle,+0.000,+0.000,+0.000,+0.000,1100,0,
1785512971.1554,2026-07-31T11:49:31.155,367.527,3700,,,,0,,,,-0.0651,-118.70,-0.1633,-2998.70,1,45.0,idle,+0.000,+0.000,+0.000,+0.000,1100,0,
1785512971.2550,2026-07-31T11:49:31.255,367.627,3701,,,,0,,,,-0.0700,-118.71,-0.1682,-2998.71,1,45.0,idle,+0.000,+0.000,+0.000,+0.000,1100,0,
1785512971.3540,2026-07-31T11:49:31.353,367.726,3702,,,,0,,,,-0.0724,-118.75,-0.1705,-2998.75,1,45.0,idle,+0.000,+0.000,+0.000,+0.000,1100,0,
1785512971.4534,2026-07-31T11:49:31.453,367.825,3703,,,,0,,,,-0.0693,-118.76,-0.1674,-2998.76,1,45.0,idle,+0.000,+0.000,+0.000,+0.000,1100,0,
1785512971.5535,2026-07-31T11:49:31.553,367.925,3704,,,,0,,,,-0.0659,-118.79,-0.1640,-2998.79,1,45.0,idle,+0.000,+0.000,+0.000,+0.000,1100,0,
1785512971.6526,2026-07-31T11:49:31.652,368.024,3705,,,,0,,,,-0.0684,-118.82,-0.1666,-2998.82,1,45.0,idle,+0.000,+0.000,+0.000,+0.000,1100,0,
1785512971.7517,2026-07-31T11:49:31.751,368.123,3706,,,,0,,,,-0.0717,-118.84,-0.1699,-2998.84,1,45.0,idle,+0.000,+0.000,+0.000,+0.000,1100,0,
1785512971.8511,2026-07-31T11:49:31.851,368.223,3707,,,,0,,,,-0.0709,-118.86,-0.1690,-2998.86,1,45.0,idle,+0.000,+0.000,+0.000,+0.000,1100,0,
1785512971.9512,2026-07-31T11:49:31.951,368.323,3708,,,,0,,,,-0.0671,-118.87,-0.1652,-2998.87,1,45.0,idle,+0.000,+0.000,+0.000,+0.000,1100,0,
1785512972.0494,2026-07-31T11:49:32.049,368.421,3709,,,,0,,,,-0.0706,-118.90,-0.1687,-2998.90,1,45.0,idle,+0.000,+0.000,+0.000,+0.000,1100,0,
1785512972.1485,2026-07-31T11:49:32.148,368.520,3710,,,,0,,,,-0.0681,-118.92,-0.1663,-2998.92,1,45.0,idle,+0.000,+0.000,+0.000,+0.000,1100,0,
1785512972.2479,2026-07-31T11:49:32.247,368.620,3711,,,,0,,,,-0.0672,-118.96,-0.1653,-2998.96,1,45.0,idle,+0.000,+0.000,+0.000,+0.000,1100,0,
1785512972.3471,2026-07-31T11:49:32.347,368.719,3712,,,,0,,,,-0.0692,-118.98,-0.1673,-2998.98,1,45.0,idle,+0.000,+0.000,+0.000,+0.000,1100,0,
1785512972.4459,2026-07-31T11:49:32.445,368.818,3713,,,,0,,,,-0.0686,-119.00,-0.1668,-2999.00,1,45.0,idle,+0.000,+0.000,+0.000,+0.000,1100,0,
1785512972.5459,2026-07-31T11:49:32.545,368.918,3714,,,,0,,,,-0.0692,-119.03,-0.1674,-2999.03,1,45.0,idle,+0.000,+0.000,+0.000,+0.000,1100,0,
1785512972.6453,2026-07-31T11:49:32.645,369.017,3715,,,,0,,,,-0.0740,-119.04,-0.1721,-2999.04,1,45.0,idle,+0.000,+0.000,+0.000,+0.000,1100,0,
1785512972.7446,2026-07-31T11:49:32.744,369.116,3716,,,,0,,,,-0.0711,-119.07,-0.1692,-2999.07,1,45.0,idle,+0.000,+0.000,+0.000,+0.000,1100,0,
1785512972.8440,2026-07-31T11:49:32.844,369.216,3717,,,,0,,,,-0.0738,-119.08,-0.1719,-2999.08,1,45.0,idle,+0.000,+0.000,+0.000,+0.000,1100,0,
1785512972.9427,2026-07-31T11:49:32.942,369.314,3718,,,,0,,,,-0.0671,-119.11,-0.1653,-2999.11,1,45.0,idle,+0.000,+0.000,+0.000,+0.000,1100,0,
1785512973.0421,2026-07-31T11:49:33.042,369.414,3719,,,,0,,,,-0.0692,-119.14,-0.1673,-2999.14,1,45.0,idle,+0.000,+0.000,+0.000,+0.000,1100,0,
1785512973.1425,2026-07-31T11:49:33.142,369.514,3720,,,,0,,,,-0.0716,-119.15,-0.1697,-2999.15,1,45.0,idle,+0.000,+0.000,+0.000,+0.000,1100,0,
1785512973.2414,2026-07-31T11:49:33.241,369.613,3721,,,,0,,,,-0.0713,-119.18,-0.1694,-2999.18,1,45.0,idle,+0.000,+0.000,+0.000,+0.000,1100,0,
1785512973.3424,2026-07-31T11:49:33.342,369.714,3722,,,,0,,,,-0.0673,-119.19,-0.1655,-2999.19,1,45.0,idle,+0.000,+0.000,+0.000,+0.000,1100,0,
1785512973.4422,2026-07-31T11:49:33.442,369.814,3723,,,,0,,,,-0.0648,-119.22,-0.1629,-2999.22,1,45.0,idle,+0.000,+0.000,+0.000,+0.000,1100,0,
1785512973.5407,2026-07-31T11:49:33.540,369.912,3724,,,,0,,,,-0.0689,-119.25,-0.1671,-2999.25,1,45.0,idle,+0.000,+0.000,+0.000,+0.000,1100,0,
1785512973.6413,2026-07-31T11:49:33.641,370.013,3725,,,,0,,,,-0.0690,-119.27,-0.1671,-2999.27,1,45.0,idle,+0.000,+0.000,+0.000,+0.000,1100,0,
1785512973.7423,2026-07-31T11:49:33.742,370.114,3726,,,,0,,,,-0.0682,-119.30,-0.1663,-2999.30,1,45.0,idle,+0.000,+0.000,+0.000,+0.000,1100,0,
1785512973.8431,2026-07-31T11:49:33.843,370.215,3727,,,,0,,,,-0.0718,-119.33,-0.1700,-2999.33,1,45.0,idle,+0.000,+0.000,+0.000,+0.000,1100,0,
1785512973.9425,2026-07-31T11:49:33.942,370.314,3728,,,,0,,,,-0.0708,-119.34,-0.1689,-2999.34,1,45.0,idle,+0.000,+0.000,+0.000,+0.000,1100,0,
1785512974.0415,2026-07-31T11:49:34.041,370.413,3729,,,,0,,,,-0.0672,-119.37,-0.1654,-2999.37,1,45.0,idle,+0.000,+0.000,+0.000,+0.000,1100,0,
1785512974.1409,2026-07-31T11:49:34.140,370.513,3730,,,,0,,,,-0.0651,-119.38,-0.1632,-2999.38,1,45.0,idle,+0.000,+0.000,+0.000,+0.000,1100,0,
1785512974.2397,2026-07-31T11:49:34.239,370.611,3731,,,,0,,,,-0.0694,-119.42,-0.1676,-2999.42,1,45.0,idle,+0.000,+0.000,+0.000,+0.000,1100,0,
1785512974.3399,2026-07-31T11:49:34.339,370.712,3732,,,,0,,,,-0.0692,-119.44,-0.1673,-2999.44,1,45.0,idle,+0.000,+0.000,+0.000,+0.000,1100,0,
1785512974.4391,2026-07-31T11:49:34.439,370.811,3733,,,,0,,,,-0.0706,-119.45,-0.1687,-2999.45,1,45.0,idle,+0.000,+0.000,+0.000,+0.000,1100,0,
1785512974.5376,2026-07-31T11:49:34.537,370.909,3734,,,,0,,,,-0.0661,-119.49,-0.1642,-2999.49,1,45.0,idle,+0.000,+0.000,+0.000,+0.000,1100,0,
1785512974.6375,2026-07-31T11:49:34.637,371.009,3735,,,,0,,,,-0.0686,-119.51,-0.1667,-2999.51,1,45.0,idle,+0.000,+0.000,+0.000,+0.000,1100,0,
1785512974.7369,2026-07-31T11:49:34.736,371.109,3736,,,,0,,,,-0.0718,-119.54,-0.1699,-2999.54,1,45.0,idle,+0.000,+0.000,+0.000,+0.000,1100,0,
1785512974.8354,2026-07-31T11:49:34.835,371.207,3737,,,,0,,,,-0.0689,-119.57,-0.1670,-2999.57,1,45.0,idle,+0.000,+0.000,+0.000,+0.000,1100,0,
1785512974.9348,2026-07-31T11:49:34.934,371.306,3738,,,,0,,,,-0.0730,-119.58,-0.1711,-2999.58,1,45.0,idle,+0.000,+0.000,+0.000,+0.000,1100,0,
1785512975.0338,2026-07-31T11:49:35.033,371.405,3739,,,,0,,,,-0.0695,-119.61,-0.1676,-2999.61,1,45.0,idle,+0.000,+0.000,+0.000,+0.000,1100,0,
1785512975.1328,2026-07-31T11:49:35.132,371.504,3740,,,,0,,,,-0.0715,-119.62,-0.1696,-2999.62,1,45.0,idle,+0.000,+0.000,+0.000,+0.000,1100,0,
1785512975.2335,2026-07-31T11:49:35.233,371.605,3741,,,,0,,,,-0.0721,-119.65,-0.1703,-2999.65,1,45.0,idle,+0.000,+0.000,+0.000,+0.000,1100,0,
1785512975.3331,2026-07-31T11:49:35.333,371.705,3742,,,,0,,,,-0.0731,-119.67,-0.1713,-2999.67,1,45.0,idle,+0.000,+0.000,+0.000,+0.000,1100,0,
1785512975.4335,2026-07-31T11:49:35.433,371.805,3743,,,,0,,,,-0.0711,-119.69,-0.1693,-2999.69,1,45.0,idle,+0.000,+0.000,+0.000,+0.000,1100,0,
1785512975.5326,2026-07-31T11:49:35.532,371.904,3744,,,,0,,,,-0.0668,-119.71,-0.1649,-2999.71,1,45.0,idle,+0.000,+0.000,+0.000,+0.000,1100,0,
1785512975.6316,2026-07-31T11:49:35.631,372.003,3745,,,,0,,,,-0.0747,-119.74,-0.1728,-2999.74,1,45.0,idle,+0.000,+0.000,+0.000,+0.000,1100,0,
1785512975.7312,2026-07-31T11:49:35.731,372.103,3746,,,,0,,,,-0.0648,-119.76,-0.1629,-2999.76,1,45.0,idle,+0.000,+0.000,+0.000,+0.000,1100,0,
1785512975.8298,2026-07-31T11:49:35.829,372.201,3747,,,,0,,,,-0.0698,-119.78,-0.1680,-2999.78,1,45.0,idle,+0.000,+0.000,+0.000,+0.000,1100,0,
1785512975.9293,2026-07-31T11:49:35.929,372.301,3748,,,,0,,,,-0.0656,-119.82,-0.1637,-2999.82,1,45.0,idle,+0.000,+0.000,+0.000,+0.000,1100,0,
1785512976.0294,2026-07-31T11:49:36.029,372.401,3749,,,,0,,,,-0.0711,-119.84,-0.1693,-2999.84,1,45.0,idle,+0.000,+0.000,+0.000,+0.000,1100,0,
1785512976.1285,2026-07-31T11:49:36.128,372.500,3750,,,,0,,,,-0.0711,-119.87,-0.1693,-2999.87,1,45.0,idle,+0.000,+0.000,+0.000,+0.000,1100,0,
1785512976.2283,2026-07-31T11:49:36.228,372.600,3751,,,,0,,,,-0.0655,-119.89,-0.1637,-2999.89,1,45.0,idle,+0.000,+0.000,+0.000,+0.000,1100,0,
1785512976.3276,2026-07-31T11:49:36.327,372.699,3752,,,,0,,,,-0.0685,-119.90,-0.1666,-2999.90,1,45.0,idle,+0.000,+0.000,+0.000,+0.000,1100,0,
1785512976.4266,2026-07-31T11:49:36.426,372.798,3753,,,,0,,,,-0.0742,-119.92,-0.1723,-2999.92,1,45.0,idle,+0.000,+0.000,+0.000,+0.000,1100,0,
1785512976.5255,2026-07-31T11:49:36.525,372.897,3754,,,,0,,,,-0.0684,-119.95,-0.1665,-2999.95,1,45.0,idle,+0.000,+0.000,+0.000,+0.000,1100,0,
1785512976.6253,2026-07-31T11:49:36.625,372.997,3755,,,,0,,,,-0.0728,-119.96,-0.1709,-2999.96,1,45.0,idle,+0.000,+0.000,+0.000,+0.000,1100,0,
1785512976.7240,2026-07-31T11:49:36.723,373.096,3756,,,,0,,,,-0.0719,-119.98,-0.1701,-2999.98,1,45.0,idle,+0.000,+0.000,+0.000,+0.000,1100,0,
1785512976.8233,2026-07-31T11:49:36.823,373.195,3757,,,,0,,,,-0.0724,-120.00,-0.1706,-3000.00,1,45.0,idle,+0.000,+0.000,+0.000,+0.000,1100,0,
1785512976.9244,2026-07-31T11:49:36.924,373.296,3758,,,,0,,,,-0.0676,-120.02,-0.1658,-3000.02,1,45.0,idle,+0.000,+0.000,+0.000,+0.000,1100,0,
1785512977.0238,2026-07-31T11:49:37.023,373.396,3759,,,,0,,,,-0.0663,-120.04,-0.1644,-3000.04,1,45.0,idle,+0.000,+0.000,+0.000,+0.000,1100,0,
1785512977.1229,2026-07-31T11:49:37.122,373.495,3760,,,,0,,,,-0.0653,-120.07,-0.1634,-3000.07,1,45.0,idle,+0.000,+0.000,+0.000,+0.000,1100,0,
1785512977.2226,2026-07-31T11:49:37.222,373.594,3761,,,,0,,,,-0.0728,-120.10,-0.1710,-3000.10,1,45.0,idle,+0.000,+0.000,+0.000,+0.000,1100,0,
1785512977.3223,2026-07-31T11:49:37.322,373.694,3762,,,,0,,,,-0.0712,-120.11,-0.1693,-3000.11,1,45.0,idle,+0.000,+0.000,+0.000,+0.000,1100,0,
1785512977.4234,2026-07-31T11:49:37.423,373.795,3763,,,,0,,,,-0.0703,-120.14,-0.1685,-3000.14,1,45.0,idle,+0.000,+0.000,+0.000,+0.000,1100,0,
1785512977.5239,2026-07-31T11:49:37.523,373.896,3764,,,,0,,,,-0.0679,-120.16,-0.1660,-3000.16,1,45.0,idle,+0.000,+0.000,+0.000,+0.000,1100,0,
1785512977.6234,2026-07-31T11:49:37.623,373.995,3765,,,,0,,,,-0.0683,-120.18,-0.1665,-3000.18,1,45.0,idle,+0.000,+0.000,+0.000,+0.000,1100,0,
1785512977.7230,2026-07-31T11:49:37.722,374.095,3766,,,,0,,,,-0.0727,-120.21,-0.1709,-3000.21,1,45.0,idle,+0.000,+0.000,+0.000,+0.000,1100,0,
1785512977.8220,2026-07-31T11:49:37.822,374.194,3767,,,,0,,,,-0.0639,-120.22,-0.1620,-3000.22,1,45.0,idle,+0.000,+0.000,+0.000,+0.000,1100,0,
1785512977.9210,2026-07-31T11:49:37.921,374.293,3768,,,,0,,,,-0.0704,-120.25,-0.1686,-3000.25,1,45.0,idle,+0.000,+0.000,+0.000,+0.000,1100,0,
1785512978.0207,2026-07-31T11:49:38.020,374.392,3769,,,,0,,,,-0.0697,-120.28,-0.1678,-3000.28,1,45.0,idle,+0.000,+0.000,+0.000,+0.000,1100,0,
1785512978.1198,2026-07-31T11:49:38.119,374.491,3770,,,,0,,,,-0.0676,-120.30,-0.1657,-3000.30,1,45.0,idle,+0.000,+0.000,+0.000,+0.000,1100,0,
1785512978.2187,2026-07-31T11:49:38.218,374.590,3771,,,,0,,,,-0.0701,-120.34,-0.1683,-3000.34,1,45.0,idle,+0.000,+0.000,+0.000,+0.000,1100,0,
1785512978.3185,2026-07-31T11:49:38.318,374.690,3772,,,,0,,,,-0.0659,-120.35,-0.1640,-3000.35,1,45.0,idle,+0.000,+0.000,+0.000,+0.000,1100,0,
1785512978.4187,2026-07-31T11:49:38.418,374.790,3773,,,,0,,,,-0.0677,-120.38,-0.1658,-3000.38,1,45.0,idle,+0.000,+0.000,+0.000,+0.000,1100,0,
1785512978.5181,2026-07-31T11:49:38.518,374.890,3774,,,,0,,,,-0.0698,-120.41,-0.1679,-3000.41,1,45.0,idle,+0.000,+0.000,+0.000,+0.000,1100,0,
1785512978.6195,2026-07-31T11:49:38.619,374.991,3775,,,,0,,,,-0.0719,-120.42,-0.1701,-3000.42,1,45.0,idle,+0.000,+0.000,+0.000,+0.000,1100,0,
1785512978.7198,2026-07-31T11:49:38.719,375.091,3776,,,,0,,,,-0.0686,-120.45,-0.1667,-3000.45,1,45.0,idle,+0.000,+0.000,+0.000,+0.000,1100,0,
1785512978.8202,2026-07-31T11:49:38.820,375.192,3777,,,,0,,,,-0.0679,-120.47,-0.1660,-3000.47,1,45.0,idle,+0.000,+0.000,+0.000,+0.000,1100,0,
1785512978.9195,2026-07-31T11:49:38.919,375.291,3778,,,,0,,,,-0.0697,-120.50,-0.1678,-3000.50,1,45.0,idle,+0.000,+0.000,+0.000,+0.000,1100,0,
1785512979.0187,2026-07-31T11:49:39.018,375.390,3779,,,,0,,,,-0.0674,-120.52,-0.1655,-3000.52,1,45.0,idle,+0.000,+0.000,+0.000,+0.000,1100,0,
1785512979.1177,2026-07-31T11:49:39.117,375.489,3780,,,,0,,,,-0.0701,-120.53,-0.1682,-3000.53,1,45.0,idle,+0.000,+0.000,+0.000,+0.000,1100,0,
1785512979.2176,2026-07-31T11:49:39.217,375.589,3781,,,,0,,,,-0.0713,-120.55,-0.1694,-3000.55,1,45.0,idle,+0.000,+0.000,+0.000,+0.000,1100,0,
1785512979.3175,2026-07-31T11:49:39.317,375.689,3782,,,,0,,,,-0.0722,-120.56,-0.1704,-3000.56,1,45.0,idle,+0.000,+0.000,+0.000,+0.000,1100,0,
1785512979.4176,2026-07-31T11:49:39.417,375.789,3783,,,,0,,,,-0.0691,-120.60,-0.1672,-3000.60,1,45.0,idle,+0.000,+0.000,+0.000,+0.000,1100,0,
1785512979.5166,2026-07-31T11:49:39.516,375.888,3784,,,,0,,,,-0.0673,-120.63,-0.1654,-3000.63,1,45.0,idle,+0.000,+0.000,+0.000,+0.000,1100,0,
1785512979.6159,2026-07-31T11:49:39.615,375.988,3785,,,,0,,,,-0.0660,-120.65,-0.1642,-3000.65,1,45.0,idle,+0.000,+0.000,+0.000,+0.000,1100,0,
1785512979.7164,2026-07-31T11:49:39.716,376.088,3786,,,,0,,,,-0.0712,-120.68,-0.1694,-3000.68,1,45.0,idle,+0.000,+0.000,+0.000,+0.000,1100,0,
1785512979.8154,2026-07-31T11:49:39.815,376.187,3787,,,,0,,,,-0.0727,-120.68,-0.1708,-3000.68,1,45.0,idle,+0.000,+0.000,+0.000,+0.000,1100,0,
1785512979.9138,2026-07-31T11:49:39.913,376.285,3788,,,,0,,,,-0.0709,-120.71,-0.1690,-3000.71,1,45.0,idle,+0.000,+0.000,+0.000,+0.000,1100,0,
1785512980.0136,2026-07-31T11:49:40.013,376.385,3789,,,,0,,,,-0.0710,-120.73,-0.1691,-3000.73,1,45.0,idle,+0.000,+0.000,+0.000,+0.000,1100,0,
1785512980.1126,2026-07-31T11:49:40.112,376.484,3790,,,,0,,,,-0.0684,-120.76,-0.1665,-3000.76,1,45.0,idle,+0.000,+0.000,+0.000,+0.000,1100,0,
1785512980.2123,2026-07-31T11:49:40.212,376.584,3791,,,,0,,,,-0.0720,-120.78,-0.1701,-3000.78,1,45.0,idle,+0.000,+0.000,+0.000,+0.000,1100,0,
1785512980.3115,2026-07-31T11:49:40.311,376.683,3792,,,,0,,,,-0.0711,-120.79,-0.1693,-3000.79,1,45.0,idle,+0.000,+0.000,+0.000,+0.000,1100,0,
1785512980.4113,2026-07-31T11:49:40.411,376.783,3793,,,,0,,,,-0.0659,-120.81,-0.1641,-3000.81,1,45.0,idle,+0.000,+0.000,+0.000,+0.000,1100,0,
1785512980.5104,2026-07-31T11:49:40.510,376.882,3794,,,,0,,,,-0.0686,-120.82,-0.1668,-3000.82,1,45.0,idle,+0.000,+0.000,+0.000,+0.000,1100,0,
1785512980.6099,2026-07-31T11:49:40.609,376.982,3795,,,,0,,,,-0.0681,-120.85,-0.1662,-3000.85,1,45.0,idle,+0.000,+0.000,+0.000,+0.000,1100,0,
1785512980.7105,2026-07-31T11:49:40.710,377.082,3796,,,,0,,,,-0.0671,-120.88,-0.1652,-3000.88,1,45.0,idle,+0.000,+0.000,+0.000,+0.000,1100,0,
1785512980.8097,2026-07-31T11:49:40.809,377.181,3797,,,,0,,,,-0.0690,-120.89,-0.1671,-3000.89,1,45.0,idle,+0.000,+0.000,+0.000,+0.000,1100,0,
1785512980.9091,2026-07-31T11:49:40.909,377.281,3798,,,,0,,,,-0.0718,-120.92,-0.1700,-3000.92,1,45.0,idle,+0.000,+0.000,+0.000,+0.000,1100,0,
1785512981.0083,2026-07-31T11:49:41.008,377.380,3799,,,,0,,,,-0.0671,-120.95,-0.1652,-3000.95,1,45.0,idle,+0.000,+0.000,+0.000,+0.000,1100,0,
1785512981.1074,2026-07-31T11:49:41.107,377.479,3800,,,,0,,,,-0.0698,-120.96,-0.1679,-3000.96,1,45.0,idle,+0.000,+0.000,+0.000,+0.000,1100,0,
1785512981.2063,2026-07-31T11:49:41.206,377.578,3801,,,,0,,,,-0.0627,-120.99,-0.1608,-3000.99,1,45.0,idle,+0.000,+0.000,+0.000,+0.000,1100,0,
1785512981.3048,2026-07-31T11:49:41.304,377.677,3802,,,,0,,,,-0.0746,-121.00,-0.1728,-3001.00,1,45.0,idle,+0.000,+0.000,+0.000,+0.000,1100,0,
1785512981.4043,2026-07-31T11:49:41.404,377.776,3803,,,,0,,,,-0.0680,-121.02,-0.1661,-3001.02,1,45.0,idle,+0.000,+0.000,+0.000,+0.000,1100,0,
1785512981.5022,2026-07-31T11:49:41.502,377.874,3804,,,,0,,,,-0.0673,-121.04,-0.1654,-3001.04,1,45.0,idle,+0.000,+0.000,+0.000,+0.000,1100,0,
1785512981.6013,2026-07-31T11:49:41.601,377.973,3805,,,,0,,,,-0.0697,-121.08,-0.1679,-3001.08,1,45.0,idle,+0.000,+0.000,+0.000,+0.000,1100,0,
1785512981.7008,2026-07-31T11:49:41.700,378.073,3806,,,,0,,,,-0.0720,-121.10,-0.1701,-3001.10,1,45.0,idle,+0.000,+0.000,+0.000,+0.000,1100,0,
1785512981.8004,2026-07-31T11:49:41.800,378.172,3807,,,,0,,,,-0.0688,-121.11,-0.1669,-3001.11,1,45.0,idle,+0.000,+0.000,+0.000,+0.000,1100,0,
1785512981.9016,2026-07-31T11:49:41.901,378.273,3808,,,,0,,,,-0.0687,-121.13,-0.1668,-3001.13,1,45.0,idle,+0.000,+0.000,+0.000,+0.000,1100,0,
1785512982.0009,2026-07-31T11:49:42.000,378.373,3809,,,,0,,,,-0.0707,-121.15,-0.1688,-3001.15,1,45.0,idle,+0.000,+0.000,+0.000,+0.000,1100,0,
1785512982.1006,2026-07-31T11:49:42.100,378.472,3810,,,,0,,,,-0.0714,-121.18,-0.1696,-3001.18,1,45.0,idle,+0.000,+0.000,+0.000,+0.000,1100,0,
1785512982.2002,2026-07-31T11:49:42.200,378.572,3811,,,,0,,,,-0.0686,-121.21,-0.1667,-3001.21,1,45.0,idle,+0.000,+0.000,+0.000,+0.000,1100,0,
1785512982.2995,2026-07-31T11:49:42.299,378.671,3812,,,,0,,,,-0.0690,-121.22,-0.1672,-3001.22,1,45.0,idle,+0.000,+0.000,+0.000,+0.000,1100,0,
1785512982.3996,2026-07-31T11:49:42.399,378.771,3813,,,,0,,,,-0.0642,-121.26,-0.1623,-3001.26,1,45.0,idle,+0.000,+0.000,+0.000,+0.000,1100,0,
1785512982.4995,2026-07-31T11:49:42.499,378.871,3814,,,,0,,,,-0.0707,-121.27,-0.1688,-3001.27,1,45.0,idle,+0.000,+0.000,+0.000,+0.000,1100,0,
1785512982.5982,2026-07-31T11:49:42.598,378.970,3815,,,,0,,,,-0.0705,-121.29,-0.1687,-3001.29,1,45.0,idle,+0.000,+0.000,+0.000,+0.000,1100,0,
1785512982.6967,2026-07-31T11:49:42.696,379.068,3816,,,,0,,,,-0.0709,-121.32,-0.1691,-3001.32,1,45.0,idle,+0.000,+0.000,+0.000,+0.000,1100,0,
1785512982.7959,2026-07-31T11:49:42.795,379.168,3817,,,,0,,,,-0.0721,-121.34,-0.1702,-3001.34,1,45.0,idle,+0.000,+0.000,+0.000,+0.000,1100,0,
1785512982.8948,2026-07-31T11:49:42.894,379.267,3818,,,,0,,,,-0.0682,-121.37,-0.1664,-3001.37,1,45.0,idle,+0.000,+0.000,+0.000,+0.000,1100,0,
1785512982.9946,2026-07-31T11:49:42.994,379.366,3819,,,,0,,,,-0.0668,-121.37,-0.1649,-3001.37,1,45.0,idle,+0.000,+0.000,+0.000,+0.000,1100,0,
1785512983.0938,2026-07-31T11:49:43.093,379.465,3820,,,,0,,,,-0.0663,-121.41,-0.1644,-3001.41,1,45.0,idle,+0.000,+0.000,+0.000,+0.000,1100,0,
1785512983.1933,2026-07-31T11:49:43.193,379.565,3821,,,,0,,,,-0.0693,-121.44,-0.1675,-3001.44,1,45.0,idle,+0.000,+0.000,+0.000,+0.000,1100,0,
1785512983.2923,2026-07-31T11:49:43.292,379.664,3822,,,,0,,,,-0.0708,-121.45,-0.1689,-3001.45,1,45.0,idle,+0.000,+0.000,+0.000,+0.000,1100,0,
1785512983.3913,2026-07-31T11:49:43.391,379.763,3823,,,,0,,,,-0.0725,-121.48,-0.1706,-3001.48,1,45.0,idle,+0.000,+0.000,+0.000,+0.000,1100,0,
1785512983.4906,2026-07-31T11:49:43.490,379.862,3824,,,,0,,,,-0.0715,-121.50,-0.1696,-3001.50,1,45.0,idle,+0.000,+0.000,+0.000,+0.000,1100,0,
1785512983.5901,2026-07-31T11:49:43.590,379.962,3825,,,,0,,,,-0.0687,-121.53,-0.1668,-3001.53,1,45.0,idle,+0.000,+0.000,+0.000,+0.000,1100,0,
1785512983.6888,2026-07-31T11:49:43.688,380.060,3826,,,,0,,,,-0.0695,-121.54,-0.1676,-3001.54,1,45.0,idle,+0.000,+0.000,+0.000,+0.000,1100,0,
1785512983.7880,2026-07-31T11:49:43.787,380.160,3827,,,,0,,,,-0.0711,-121.56,-0.1693,-3001.56,1,45.0,idle,+0.000,+0.000,+0.000,+0.000,1100,0,
1785512983.8886,2026-07-31T11:49:43.888,380.260,3828,,,,0,,,,-0.0707,-121.58,-0.1688,-3001.58,1,45.0,idle,+0.000,+0.000,+0.000,+0.000,1100,0,
1785512983.9893,2026-07-31T11:49:43.989,380.361,3829,,,,0,,,,-0.0715,-121.61,-0.1696,-3001.61,1,45.0,idle,+0.000,+0.000,+0.000,+0.000,1100,0,
1785512984.0888,2026-07-31T11:49:44.088,380.460,3830,,,,0,,,,-0.0676,-121.63,-0.1657,-3001.63,1,45.0,idle,+0.000,+0.000,+0.000,+0.000,1100,0,
1785512984.1885,2026-07-31T11:49:44.188,380.560,3831,,,,0,,,,-0.0686,-121.65,-0.1667,-3001.65,1,45.0,idle,+0.000,+0.000,+0.000,+0.000,1100,0,
1785512984.2869,2026-07-31T11:49:44.286,380.659,3832,,,,0,,,,-0.0691,-121.68,-0.1673,-3001.68,1,45.0,idle,+0.000,+0.000,+0.000,+0.000,1100,0,
1785512984.3861,2026-07-31T11:49:44.386,380.758,3833,,,,0,,,,-0.0729,-121.70,-0.1711,-3001.70,1,45.0,idle,+0.000,+0.000,+0.000,+0.000,1100,0,
1785512984.4863,2026-07-31T11:49:44.486,380.858,3834,,,,0,,,,-0.0702,-121.72,-0.1683,-3001.72,1,45.0,idle,+0.000,+0.000,+0.000,+0.000,1100,0,
1785512984.5868,2026-07-31T11:49:44.586,380.959,3835,,,,0,,,,-0.0677,-121.75,-0.1658,-3001.75,1,45.0,idle,+0.000,+0.000,+0.000,+0.000,1100,0,
1785512984.6858,2026-07-31T11:49:44.685,381.058,3836,,,,0,,,,-0.0695,-121.76,-0.1677,-3001.76,1,45.0,idle,+0.000,+0.000,+0.000,+0.000,1100,0,
1785512984.7853,2026-07-31T11:49:44.785,381.157,3837,,,,0,,,,-0.0693,-121.79,-0.1674,-3001.79,1,45.0,idle,+0.000,+0.000,+0.000,+0.000,1100,0,
1785512984.8856,2026-07-31T11:49:44.885,381.257,3838,,,,0,,,,-0.0740,-121.81,-0.1721,-3001.81,1,45.0,idle,+0.000,+0.000,+0.000,+0.000,1100,0,
1785512984.9840,2026-07-31T11:49:44.984,381.356,3839,,,,0,,,,-0.0706,-121.83,-0.1688,-3001.83,1,45.0,idle,+0.000,+0.000,+0.000,+0.000,1100,0,
1785512985.0834,2026-07-31T11:49:45.083,381.455,3840,,,,0,,,,-0.0671,-121.84,-0.1653,-3001.84,1,45.0,idle,+0.000,+0.000,+0.000,+0.000,1100,0,
1785512985.1823,2026-07-31T11:49:45.182,381.554,3841,,,,0,,,,-0.0725,-121.85,-0.1706,-3001.85,1,45.0,idle,+0.000,+0.000,+0.000,+0.000,1100,0,
1785512985.2815,2026-07-31T11:49:45.281,381.653,3842,,,,0,,,,-0.0658,-121.88,-0.1640,-3001.88,1,45.0,idle,+0.000,+0.000,+0.000,+0.000,1100,0,
1785512985.3812,2026-07-31T11:49:45.381,381.753,3843,,,,0,,,,-0.0683,-121.91,-0.1664,-3001.91,1,45.0,idle,+0.000,+0.000,+0.000,+0.000,1100,0,
1785512985.4804,2026-07-31T11:49:45.480,381.852,3844,,,,0,,,,-0.0694,-121.92,-0.1675,-3001.92,1,45.0,idle,+0.000,+0.000,+0.000,+0.000,1100,0,
1785512985.5816,2026-07-31T11:49:45.581,381.953,3845,,,,0,,,,-0.0686,-121.95,-0.1667,-3001.95,1,45.0,idle,+0.000,+0.000,+0.000,+0.000,1100,0,
1785512985.6816,2026-07-31T11:49:45.681,382.053,3846,,,,0,,,,-0.0701,-121.96,-0.1682,-3001.96,1,45.0,idle,+0.000,+0.000,+0.000,+0.000,1100,0,
1785512985.7806,2026-07-31T11:49:45.780,382.152,3847,,,,0,,,,-0.0669,-121.99,-0.1651,-3001.99,1,45.0,idle,+0.000,+0.000,+0.000,+0.000,1100,0,
1785512985.8794,2026-07-31T11:49:45.879,382.251,3848,,,,0,,,,-0.0729,-122.02,-0.1711,-3002.02,1,45.0,idle,+0.000,+0.000,+0.000,+0.000,1100,0,
1785512985.9787,2026-07-31T11:49:45.978,382.350,3849,,,,0,,,,-0.0670,-122.04,-0.1652,-3002.04,1,45.0,idle,+0.000,+0.000,+0.000,+0.000,1100,0,
1785512986.0797,2026-07-31T11:49:46.079,382.451,3850,,,,0,,,,-0.0755,-122.06,-0.1736,-3002.06,1,45.0,idle,+0.000,+0.000,+0.000,+0.000,1100,0,
1785512986.1818,2026-07-31T11:49:46.181,382.553,3851,,,,0,,,,-0.0695,-122.07,-0.1677,-3002.07,1,45.0,idle,+0.000,+0.000,+0.000,+0.000,1100,0,
1785512986.2811,2026-07-31T11:49:46.281,382.653,3852,,,,0,,,,-0.0674,-122.10,-0.1655,-3002.10,1,45.0,idle,+0.000,+0.000,+0.000,+0.000,1100,0,
1785512986.3806,2026-07-31T11:49:46.380,382.752,3853,,,,0,,,,-0.0709,-122.15,-0.1690,-3002.15,1,45.0,idle,+0.000,+0.000,+0.000,+0.000,1100,0,
1785512986.4807,2026-07-31T11:49:46.480,382.852,3854,,,,0,,,,-0.0709,-122.16,-0.1690,-3002.16,1,45.0,idle,+0.000,+0.000,+0.000,+0.000,1100,0,
1785512986.5819,2026-07-31T11:49:46.581,382.954,3855,,,,0,,,,-0.0663,-122.19,-0.1644,-3002.19,1,45.0,idle,+0.000,+0.000,+0.000,+0.000,1100,0,
1785512986.6822,2026-07-31T11:49:46.682,383.054,3856,,,,0,,,,-0.0718,-122.22,-0.1699,-3002.22,1,45.0,idle,+0.000,+0.000,+0.000,+0.000,1100,0,
1785512986.7817,2026-07-31T11:49:46.781,383.153,3857,,,,0,,,,-0.0677,-122.23,-0.1659,-3002.23,1,45.0,idle,+0.000,+0.000,+0.000,+0.000,1100,0,
1785512986.8826,2026-07-31T11:49:46.882,383.254,3858,,,,0,,,,-0.0691,-122.26,-0.1673,-3002.26,1,45.0,idle,+0.000,+0.000,+0.000,+0.000,1100,0,
1785512986.9811,2026-07-31T11:49:46.981,383.353,3859,,,,0,,,,-0.0712,-122.27,-0.1693,-3002.27,1,45.0,idle,+0.000,+0.000,+0.000,+0.000,1100,0,
1785512987.0807,2026-07-31T11:49:47.080,383.452,3860,,,,0,,,,-0.0692,-122.29,-0.1673,-3002.29,1,45.0,idle,+0.000,+0.000,+0.000,+0.000,1100,0,
1785512987.1793,2026-07-31T11:49:47.179,383.551,3861,,,,0,,,,-0.0707,-122.30,-0.1688,-3002.30,1,45.0,idle,+0.000,+0.000,+0.000,+0.000,1100,0,
1785512987.2786,2026-07-31T11:49:47.278,383.650,3862,,,,0,,,,-0.0719,-122.34,-0.1700,-3002.34,1,45.0,idle,+0.000,+0.000,+0.000,+0.000,1100,0,
1785512987.3769,2026-07-31T11:49:47.376,383.749,3863,,,,0,,,,-0.0685,-122.37,-0.1666,-3002.37,1,45.0,idle,+0.000,+0.000,+0.000,+0.000,1100,0,
1785512987.4775,2026-07-31T11:49:47.477,383.849,3864,,,,0,,,,-0.0700,-122.39,-0.1681,-3002.39,1,45.0,idle,+0.000,+0.000,+0.000,+0.000,1100,0,
1785512987.5761,2026-07-31T11:49:47.576,383.948,3865,,,,0,,,,-0.0647,-122.42,-0.1628,-3002.42,1,45.0,idle,+0.000,+0.000,+0.000,+0.000,1100,0,
1785512987.6751,2026-07-31T11:49:47.675,384.047,3866,,,,0,,,,-0.0671,-122.43,-0.1653,-3002.43,1,45.0,idle,+0.000,+0.000,+0.000,+0.000,1100,0,
1785512987.7743,2026-07-31T11:49:47.774,384.146,3867,,,,0,,,,-0.0732,-122.45,-0.1713,-3002.45,1,45.0,idle,+0.000,+0.000,+0.000,+0.000,1100,0,
1785512987.8737,2026-07-31T11:49:47.873,384.245,3868,,,,0,,,,-0.0688,-122.46,-0.1669,-3002.46,1,45.0,idle,+0.000,+0.000,+0.000,+0.000,1100,0,
1785512987.9734,2026-07-31T11:49:47.973,384.345,3869,,,,0,,,,-0.0708,-122.49,-0.1690,-3002.49,1,45.0,idle,+0.000,+0.000,+0.000,+0.000,1100,0,
1785512988.0728,2026-07-31T11:49:48.072,384.445,3870,,,,0,,,,-0.0711,-122.52,-0.1693,-3002.52,1,45.0,idle,+0.000,+0.000,+0.000,+0.000,1100,0,
1785512988.1725,2026-07-31T11:49:48.172,384.544,3871,,,,0,,,,-0.0715,-122.54,-0.1696,-3002.54,1,45.0,idle,+0.000,+0.000,+0.000,+0.000,1100,0,
1785512988.2719,2026-07-31T11:49:48.271,384.644,3872,,,,0,,,,-0.0681,-122.57,-0.1663,-3002.57,1,45.0,idle,+0.000,+0.000,+0.000,+0.000,1100,0,
1785512988.3711,2026-07-31T11:49:48.371,384.743,3873,,,,0,,,,-0.0710,-122.58,-0.1692,-3002.58,1,45.0,idle,+0.000,+0.000,+0.000,+0.000,1100,0,
1785512988.4693,2026-07-31T11:49:48.469,384.841,3874,,,,0,,,,-0.0670,-122.61,-0.1651,-3002.61,1,45.0,idle,+0.000,+0.000,+0.000,+0.000,1100,0,
1785512988.5690,2026-07-31T11:49:48.569,384.941,3875,,,,0,,,,-0.0698,-122.65,-0.1680,-3002.65,1,45.0,idle,+0.000,+0.000,+0.000,+0.000,1100,0,
1785512988.6687,2026-07-31T11:49:48.668,385.040,3876,,,,0,,,,-0.0714,-122.66,-0.1695,-3002.66,1,45.0,idle,+0.000,+0.000,+0.000,+0.000,1100,0,
1785512988.7679,2026-07-31T11:49:48.767,385.140,3877,,,,0,,,,-0.0653,-122.69,-0.1634,-3002.69,1,45.0,idle,+0.000,+0.000,+0.000,+0.000,1100,0,
1785512988.8672,2026-07-31T11:49:48.867,385.239,3878,,,,0,,,,-0.0702,-122.71,-0.1684,-3002.71,1,45.0,idle,+0.000,+0.000,+0.000,+0.000,1100,0,
1785512988.9662,2026-07-31T11:49:48.966,385.338,3879,,,,0,,,,-0.0660,-122.75,-0.1642,-3002.75,1,45.0,idle,+0.000,+0.000,+0.000,+0.000,1100,0,
1785512989.0658,2026-07-31T11:49:49.065,385.437,3880,,,,0,,,,-0.0693,-122.78,-0.1675,-3002.78,1,45.0,idle,+0.000,+0.000,+0.000,+0.000,1100,0,
1785512989.1653,2026-07-31T11:49:49.165,385.537,3881,,,,0,,,,-0.0689,-122.80,-0.1670,-3002.80,1,45.0,idle,+0.000,+0.000,+0.000,+0.000,1100,0,
1785512989.2648,2026-07-31T11:49:49.264,385.636,3882,,,,0,,,,-0.0680,-122.83,-0.1661,-3002.83,1,45.0,idle,+0.000,+0.000,+0.000,+0.000,1100,0,
1785512989.3658,2026-07-31T11:49:49.365,385.738,3883,,,,0,,,,-0.0704,-122.85,-0.1685,-3002.85,1,45.0,idle,+0.000,+0.000,+0.000,+0.000,1100,0,
1785512989.4652,2026-07-31T11:49:49.465,385.837,3884,,,,0,,,,-0.0667,-122.88,-0.1649,-3002.88,1,45.0,idle,+0.000,+0.000,+0.000,+0.000,1100,0,
1785512989.5639,2026-07-31T11:49:49.563,385.936,3885,,,,0,,,,-0.0693,-122.90,-0.1675,-3002.90,1,45.0,idle,+0.000,+0.000,+0.000,+0.000,1100,0,
1785512989.6648,2026-07-31T11:49:49.664,386.036,3886,,,,0,,,,-0.0695,-122.91,-0.1676,-3002.91,1,45.0,idle,+0.000,+0.000,+0.000,+0.000,1100,0,
1785512989.7633,2026-07-31T11:49:49.763,386.135,3887,,,,0,,,,-0.0712,-122.94,-0.1693,-3002.94,1,45.0,idle,+0.000,+0.000,+0.000,+0.000,1100,0,
1785512989.8636,2026-07-31T11:49:49.863,386.235,3888,,,,0,,,,-0.0699,-122.94,-0.1680,-3002.94,1,45.0,idle,+0.000,+0.000,+0.000,+0.000,1100,0,
1785512989.9625,2026-07-31T11:49:49.962,386.334,3889,,,,0,,,,-0.0703,-122.97,-0.1685,-3002.97,1,45.0,idle,+0.000,+0.000,+0.000,+0.000,1100,0,
1785512990.0618,2026-07-31T11:49:50.061,386.434,3890,,,,0,,,,-0.0720,-123.00,-0.1701,-3003.00,1,45.0,idle,+0.000,+0.000,+0.000,+0.000,1100,0,
1785512990.1619,2026-07-31T11:49:50.161,386.534,3891,,,,0,,,,-0.0702,-123.02,-0.1683,-3003.02,1,45.0,idle,+0.000,+0.000,+0.000,+0.000,1100,0,
1785512990.2617,2026-07-31T11:49:50.261,386.633,3892,,,,0,,,,-0.0747,-123.05,-0.1729,-3003.05,1,45.0,idle,+0.000,+0.000,+0.000,+0.000,1100,0,
1785512990.3604,2026-07-31T11:49:50.360,386.732,3893,,,,0,,,,-0.0689,-123.06,-0.1671,-3003.06,1,45.0,idle,+0.000,+0.000,+0.000,+0.000,1100,0,
1785512990.4592,2026-07-31T11:49:50.459,386.831,3894,,,,0,,,,-0.0736,-123.10,-0.1718,-3003.10,1,45.0,idle,+0.000,+0.000,+0.000,+0.000,1100,0,
1785512990.5584,2026-07-31T11:49:50.558,386.930,3895,,,,0,,,,-0.0676,-123.13,-0.1657,-3003.13,1,45.0,idle,+0.000,+0.000,+0.000,+0.000,1100,0,
1785512990.6573,2026-07-31T11:49:50.657,387.029,3896,,,,0,,,,-0.0657,-123.14,-0.1638,-3003.14,1,45.0,idle,+0.000,+0.000,+0.000,+0.000,1100,0,
1785512990.7565,2026-07-31T11:49:50.756,387.128,3897,,,,0,,,,-0.0681,-123.17,-0.1663,-3003.17,1,45.0,idle,+0.000,+0.000,+0.000,+0.000,1100,0,
1785512990.8551,2026-07-31T11:49:50.855,387.227,3898,,,,0,,,,-0.0697,-123.19,-0.1679,-3003.19,1,45.0,idle,+0.000,+0.000,+0.000,+0.000,1100,0,
1785512990.9552,2026-07-31T11:49:50.955,387.327,3899,,,,0,,,,-0.0709,-123.22,-0.1690,-3003.22,1,45.0,idle,+0.000,+0.000,+0.000,+0.000,1100,0,
1785512991.0544,2026-07-31T11:49:51.054,387.426,3900,,,,0,,,,-0.0690,-123.25,-0.1671,-3003.25,1,45.0,idle,+0.000,+0.000,+0.000,+0.000,1100,0,
1785512991.1537,2026-07-31T11:49:51.153,387.525,3901,,,,0,,,,-0.0699,-123.26,-0.1680,-3003.26,1,45.0,idle,+0.000,+0.000,+0.000,+0.000,1100,0,
1785512991.2526,2026-07-31T11:49:51.252,387.624,3902,,,,0,,,,-0.0701,-123.31,-0.1682,-3003.31,1,45.0,idle,+0.000,+0.000,+0.000,+0.000,1100,0,
1785512991.3528,2026-07-31T11:49:51.352,387.724,3903,,,,0,,,,-0.0691,-123.32,-0.1672,-3003.32,1,45.0,idle,+0.000,+0.000,+0.000,+0.000,1100,0,
1785512991.4514,2026-07-31T11:49:51.451,387.823,3904,,,,0,,,,-0.0718,-123.35,-0.1699,-3003.35,1,45.0,idle,+0.000,+0.000,+0.000,+0.000,1100,0,
1785512991.5507,2026-07-31T11:49:51.550,387.922,3905,,,,0,,,,-0.0674,-123.36,-0.1655,-3003.36,1,45.0,idle,+0.000,+0.000,+0.000,+0.000,1100,0,
1785512991.6507,2026-07-31T11:49:51.650,388.022,3906,,,,0,,,,-0.0712,-123.39,-0.1694,-3003.39,1,45.0,idle,+0.000,+0.000,+0.000,+0.000,1100,0,
1785512991.7497,2026-07-31T11:49:51.749,388.121,3907,,,,0,,,,-0.0715,-123.40,-0.1696,-3003.40,1,45.0,idle,+0.000,+0.000,+0.000,+0.000,1100,0,
1785512991.8485,2026-07-31T11:49:51.848,388.220,3908,,,,0,,,,-0.0705,-123.42,-0.1686,-3003.42,1,45.0,idle,+0.000,+0.000,+0.000,+0.000,1100,0,
1785512991.9478,2026-07-31T11:49:51.947,388.320,3909,,,,0,,,,-0.0701,-123.44,-0.1682,-3003.44,1,45.0,idle,+0.000,+0.000,+0.000,+0.000,1100,0,
1785512992.0490,2026-07-31T11:49:52.048,388.421,3910,,,,0,,,,-0.0690,-123.46,-0.1671,-3003.46,1,45.0,idle,+0.000,+0.000,+0.000,+0.000,1100,0,
1785512992.1484,2026-07-31T11:49:52.148,388.520,3911,,,,0,,,,-0.0721,-123.48,-0.1702,-3003.48,1,45.0,idle,+0.000,+0.000,+0.000,+0.000,1100,0,
1785512992.2479,2026-07-31T11:49:52.247,388.620,3912,,,,0,,,,-0.0718,-123.51,-0.1699,-3003.51,1,45.0,idle,+0.000,+0.000,+0.000,+0.000,1100,0,
1785512992.3478,2026-07-31T11:49:52.347,388.720,3913,,,,0,,,,-0.0700,-123.52,-0.1681,-3003.52,1,45.0,idle,+0.000,+0.000,+0.000,+0.000,1100,0,
1785512992.4467,2026-07-31T11:49:52.446,388.818,3914,,,,0,,,,-0.0681,-123.55,-0.1663,-3003.55,1,45.0,idle,+0.000,+0.000,+0.000,+0.000,1100,0,
1785512992.5472,2026-07-31T11:49:52.547,388.919,3915,,,,0,,,,-0.0684,-123.56,-0.1665,-3003.56,1,45.0,idle,+0.000,+0.000,+0.000,+0.000,1100,0,
1785512992.6463,2026-07-31T11:49:52.646,389.018,3916,,,,0,,,,-0.0690,-123.59,-0.1671,-3003.59,1,45.0,idle,+0.000,+0.000,+0.000,+0.000,1100,0,
1785512992.7468,2026-07-31T11:49:52.746,389.119,3917,,,,0,,,,-0.0710,-123.62,-0.1691,-3003.62,1,45.0,idle,+0.000,+0.000,+0.000,+0.000,1100,0,
1785512992.8450,2026-07-31T11:49:52.844,389.217,3918,,,,0,,,,-0.0690,-123.63,-0.1671,-3003.63,1,45.0,idle,+0.000,+0.000,+0.000,+0.000,1100,0,
1785512992.9441,2026-07-31T11:49:52.944,389.316,3919,,,,0,,,,-0.0701,-123.66,-0.1683,-3003.66,1,45.0,idle,+0.000,+0.000,+0.000,+0.000,1100,0,
1785512993.0434,2026-07-31T11:49:53.043,389.415,3920,,,,0,,,,-0.0681,-123.67,-0.1662,-3003.67,1,45.0,idle,+0.000,+0.000,+0.000,+0.000,1100,0,
1785512993.1427,2026-07-31T11:49:53.142,389.514,3921,,,,0,,,,-0.0695,-123.70,-0.1677,-3003.70,1,45.0,idle,+0.000,+0.000,+0.000,+0.000,1100,0,
1785512993.2414,2026-07-31T11:49:53.241,389.613,3922,,,,0,,,,-0.0689,-123.74,-0.1671,-3003.74,1,45.0,idle,+0.000,+0.000,+0.000,+0.000,1100,0,
1785512993.3405,2026-07-31T11:49:53.340,389.712,3923,,,,0,,,,-0.0717,-123.75,-0.1698,-3003.75,1,45.0,idle,+0.000,+0.000,+0.000,+0.000,1100,0,
1785512993.4409,2026-07-31T11:49:53.440,389.813,3924,,,,0,,,,-0.0727,-123.79,-0.1709,-3003.79,1,45.0,idle,+0.000,+0.000,+0.000,+0.000,1100,0,
1785512993.5395,2026-07-31T11:49:53.539,389.911,3925,,,,0,,,,-0.0713,-123.81,-0.1694,-3003.81,1,45.0,idle,+0.000,+0.000,+0.000,+0.000,1100,0,
1785512993.6389,2026-07-31T11:49:53.638,390.011,3926,,,,0,,,,-0.0728,-123.83,-0.1710,-3003.83,1,45.0,idle,+0.000,+0.000,+0.000,+0.000,1100,0,
1785512993.7372,2026-07-31T11:49:53.737,390.109,3927,,,,0,,,,-0.0675,-123.86,-0.1657,-3003.86,1,45.0,idle,+0.000,+0.000,+0.000,+0.000,1100,0,
1785512993.8363,2026-07-31T11:49:53.836,390.208,3928,,,,0,,,,-0.0705,-123.87,-0.1687,-3003.87,1,45.0,idle,+0.000,+0.000,+0.000,+0.000,1100,0,
1785512993.9354,2026-07-31T11:49:53.935,390.307,3929,,,,0,,,,-0.0704,-123.90,-0.1685,-3003.90,1,45.0,idle,+0.000,+0.000,+0.000,+0.000,1100,0,
1785512994.0346,2026-07-31T11:49:54.034,390.406,3930,,,,0,,,,-0.0706,-123.91,-0.1687,-3003.91,1,45.0,idle,+0.000,+0.000,+0.000,+0.000,1100,0,
1785512994.1342,2026-07-31T11:49:54.134,390.506,3931,,,,0,,,,-0.0653,-123.94,-0.1634,-3003.94,1,45.0,idle,+0.000,+0.000,+0.000,+0.000,1100,0,
1785512994.2349,2026-07-31T11:49:54.234,390.607,3932,,,,0,,,,-0.0688,-123.96,-0.1670,-3003.96,1,45.0,idle,+0.000,+0.000,+0.000,+0.000,1100,0,
1785512994.3344,2026-07-31T11:49:54.334,390.706,3933,,,,0,,,,-0.0708,-123.97,-0.1690,-3003.97,1,45.0,idle,+0.000,+0.000,+0.000,+0.000,1100,0,
1785512994.4337,2026-07-31T11:49:54.433,390.805,3934,,,,0,,,,-0.0736,-124.00,-0.1717,-3004.00,1,45.0,idle,+0.000,+0.000,+0.000,+0.000,1100,0,
1785512994.5328,2026-07-31T11:49:54.532,390.904,3935,,,,0,,,,-0.0664,-124.02,-0.1645,-3004.02,1,45.0,idle,+0.000,+0.000,+0.000,+0.000,1100,0,
1785512994.6316,2026-07-31T11:49:54.631,391.003,3936,,,,0,,,,-0.0658,-124.05,-0.1639,-3004.05,1,45.0,idle,+0.000,+0.000,+0.000,+0.000,1100,0,
1785512994.7314,2026-07-31T11:49:54.731,391.103,3937,,,,0,,,,-0.0725,-124.06,-0.1706,-3004.06,1,45.0,idle,+0.000,+0.000,+0.000,+0.000,1100,0,
1785512994.8310,2026-07-31T11:49:54.831,391.203,3938,,,,0,,,,-0.0694,-124.09,-0.1676,-3004.09,1,45.0,idle,+0.000,+0.000,+0.000,+0.000,1100,0,
1785512994.9310,2026-07-31T11:49:54.930,391.303,3939,,,,0,,,,-0.0725,-124.11,-0.1706,-3004.11,1,45.0,idle,+0.000,+0.000,+0.000,+0.000,1100,0,
1785512995.0308,2026-07-31T11:49:55.030,391.403,3940,,,,0,,,,-0.0673,-124.13,-0.1654,-3004.13,1,45.0,idle,+0.000,+0.000,+0.000,+0.000,1100,0,
1785512995.1294,2026-07-31T11:49:55.129,391.501,3941,,,,0,,,,-0.0724,-124.15,-0.1706,-3004.15,1,45.0,idle,+0.000,+0.000,+0.000,+0.000,1100,0,
1785512995.2287,2026-07-31T11:49:55.228,391.600,3942,,,,0,,,,-0.0683,-124.16,-0.1664,-3004.16,1,45.0,idle,+0.000,+0.000,+0.000,+0.000,1100,0,
1785512995.3274,2026-07-31T11:49:55.327,391.699,3943,,,,0,,,,-0.0751,-124.19,-0.1732,-3004.19,1,45.0,idle,+0.000,+0.000,+0.000,+0.000,1100,0,
1785512995.4268,2026-07-31T11:49:55.426,391.799,3944,,,,0,,,,-0.0672,-124.21,-0.1653,-3004.21,1,45.0,idle,+0.000,+0.000,+0.000,+0.000,1100,0,
1785512995.5266,2026-07-31T11:49:55.526,391.898,3945,,,,0,,,,-0.0698,-124.22,-0.1680,-3004.22,1,45.0,idle,+0.000,+0.000,+0.000,+0.000,1100,0,
1785512995.6252,2026-07-31T11:49:55.625,391.997,3946,,,,0,,,,-0.0703,-124.25,-0.1684,-3004.25,1,45.0,idle,+0.000,+0.000,+0.000,+0.000,1100,0,
1785512995.7245,2026-07-31T11:49:55.724,392.096,3947,,,,0,,,,-0.0721,-124.26,-0.1702,-3004.26,1,45.0,idle,+0.000,+0.000,+0.000,+0.000,1100,0,
1785512995.8234,2026-07-31T11:49:55.823,392.195,3948,,,,0,,,,-0.0680,-124.29,-0.1661,-3004.29,1,45.0,idle,+0.000,+0.000,+0.000,+0.000,1100,0,
1785512995.9228,2026-07-31T11:49:55.922,392.294,3949,,,,0,,,,-0.0693,-124.31,-0.1674,-3004.31,1,45.0,idle,+0.000,+0.000,+0.000,+0.000,1100,0,
1785512996.0223,2026-07-31T11:49:56.022,392.394,3950,,,,0,,,,-0.0673,-124.33,-0.1655,-3004.33,1,45.0,idle,+0.000,+0.000,+0.000,+0.000,1100,0,
1785512996.1215,2026-07-31T11:49:56.121,392.493,3951,,,,0,,,,-0.0709,-124.35,-0.1691,-3004.35,1,45.0,idle,+0.000,+0.000,+0.000,+0.000,1100,0,
1785512996.2205,2026-07-31T11:49:56.220,392.592,3952,,,,0,,,,-0.0737,-124.36,-0.1719,-3004.36,1,45.0,idle,+0.000,+0.000,+0.000,+0.000,1100,0,
1785512996.3193,2026-07-31T11:49:56.319,392.691,3953,,,,0,,,,-0.0725,-124.39,-0.1707,-3004.39,1,45.0,idle,+0.000,+0.000,+0.000,+0.000,1100,0,
1785512996.4190,2026-07-31T11:49:56.419,392.791,3954,,,,0,,,,-0.0673,-124.42,-0.1654,-3004.42,1,45.0,idle,+0.000,+0.000,+0.000,+0.000,1100,0,
1785512996.5185,2026-07-31T11:49:56.518,392.890,3955,,,,0,,,,-0.0680,-124.43,-0.1662,-3004.43,1,45.0,idle,+0.000,+0.000,+0.000,+0.000,1100,0,
1785512996.6178,2026-07-31T11:49:56.617,392.989,3956,,,,0,,,,-0.0680,-124.45,-0.1662,-3004.45,1,45.0,idle,+0.000,+0.000,+0.000,+0.000,1100,0,
1785512996.7166,2026-07-31T11:49:56.716,393.088,3957,,,,0,,,,-0.0745,-124.46,-0.1727,-3004.46,1,45.0,idle,+0.000,+0.000,+0.000,+0.000,1100,0,
1785512996.8153,2026-07-31T11:49:56.815,393.187,3958,,,,0,,,,-0.0714,-124.49,-0.1695,-3004.49,1,45.0,idle,+0.000,+0.000,+0.000,+0.000,1100,0,
1785512996.9143,2026-07-31T11:49:56.914,393.286,3959,,,,0,,,,-0.0699,-124.51,-0.1680,-3004.51,1,45.0,idle,+0.000,+0.000,+0.000,+0.000,1100,0,
1785512997.0136,2026-07-31T11:49:57.013,393.385,3960,,,,0,,,,-0.0664,-124.54,-0.1646,-3004.54,1,45.0,idle,+0.000,+0.000,+0.000,+0.000,1100,0,
1785512997.1134,2026-07-31T11:49:57.113,393.485,3961,,,,0,,,,-0.0698,-124.57,-0.1679,-3004.57,1,45.0,idle,+0.000,+0.000,+0.000,+0.000,1100,0,
1785512997.2124,2026-07-31T11:49:57.212,393.584,3962,,,,0,,,,-0.0650,-124.59,-0.1631,-3004.59,1,45.0,idle,+0.000,+0.000,+0.000,+0.000,1100,0,
1785512997.3114,2026-07-31T11:49:57.311,393.683,3963,,,,0,,,,-0.0717,-124.61,-0.1698,-3004.61,1,45.0,idle,+0.000,+0.000,+0.000,+0.000,1100,0,
1785512997.4111,2026-07-31T11:49:57.411,393.783,3964,,,,0,,,,-0.0755,-124.62,-0.1736,-3004.62,1,45.0,idle,+0.000,+0.000,+0.000,+0.000,1100,0,
1785512997.5109,2026-07-31T11:49:57.510,393.883,3965,,,,0,,,,-0.0660,-124.65,-0.1642,-3004.65,1,45.0,idle,+0.000,+0.000,+0.000,+0.000,1100,0,
1785512997.6119,2026-07-31T11:49:57.611,393.984,3966,,,,0,,,,-0.0705,-124.68,-0.1686,-3004.68,1,45.0,idle,+0.000,+0.000,+0.000,+0.000,1100,0,
1785512997.7106,2026-07-31T11:49:57.710,394.082,3967,,,,0,,,,-0.0732,-124.69,-0.1714,-3004.69,1,45.0,idle,+0.000,+0.000,+0.000,+0.000,1100,0,
1785512997.8092,2026-07-31T11:49:57.809,394.181,3968,,,,0,,,,-0.0681,-124.71,-0.1662,-3004.71,1,45.0,idle,+0.000,+0.000,+0.000,+0.000,1100,0,
1785512997.9089,2026-07-31T11:49:57.908,394.281,3969,,,,0,,,,-0.0704,-124.73,-0.1686,-3004.73,1,45.0,idle,+0.000,+0.000,+0.000,+0.000,1100,0,
1785512998.0084,2026-07-31T11:49:58.008,394.380,3970,,,,0,,,,-0.0684,-124.75,-0.1666,-3004.75,1,45.0,idle,+0.000,+0.000,+0.000,+0.000,1100,0,
1785512998.1079,2026-07-31T11:49:58.107,394.480,3971,,,,0,,,,-0.0689,-124.78,-0.1670,-3004.78,1,45.0,idle,+0.000,+0.000,+0.000,+0.000,1100,0,
1785512998.2080,2026-07-31T11:49:58.208,394.580,3972,,,,0,,,,-0.0658,-124.79,-0.1639,-3004.79,1,45.0,idle,+0.000,+0.000,+0.000,+0.000,1100,0,
1785512998.3081,2026-07-31T11:49:58.308,394.680,3973,,,,0,,,,-0.0720,-124.82,-0.1702,-3004.82,1,45.0,idle,+0.000,+0.000,+0.000,+0.000,1100,0,
1785512998.4081,2026-07-31T11:49:58.408,394.780,3974,,,,0,,,,-0.0680,-124.83,-0.1661,-3004.83,1,45.0,idle,+0.000,+0.000,+0.000,+0.000,1100,0,
1785512998.5075,2026-07-31T11:49:58.507,394.879,3975,,,,0,,,,-0.0722,-124.86,-0.1703,-3004.86,1,45.0,idle,+0.000,+0.000,+0.000,+0.000,1100,0,
1785512998.6066,2026-07-31T11:49:58.606,394.978,3976,,,,0,,,,-0.0717,-124.88,-0.1698,-3004.88,1,45.0,idle,+0.000,+0.000,+0.000,+0.000,1100,0,
1785512998.7060,2026-07-31T11:49:58.706,395.078,3977,,,,0,,,,-0.0725,-124.90,-0.1707,-3004.90,1,45.0,idle,+0.000,+0.000,+0.000,+0.000,1100,0,
1785512998.8054,2026-07-31T11:49:58.805,395.177,3978,,,,0,,,,-0.0722,-124.92,-0.1704,-3004.92,1,45.0,idle,+0.000,+0.000,+0.000,+0.000,1100,0,
1785512998.9046,2026-07-31T11:49:58.904,395.276,3979,,,,0,,,,-0.0713,-124.94,-0.1694,-3004.94,1,45.0,idle,+0.000,+0.000,+0.000,+0.000,1100,0,
1785512999.0036,2026-07-31T11:49:59.003,395.375,3980,,,,0,,,,-0.0716,-124.96,-0.1697,-3004.96,1,45.0,idle,+0.000,+0.000,+0.000,+0.000,1100,0,
1785512999.1026,2026-07-31T11:49:59.102,395.474,3981,,,,0,,,,-0.0768,-124.97,-0.1749,-3004.97,1,45.0,idle,+0.000,+0.000,+0.000,+0.000,1100,0,
1785512999.2015,2026-07-31T11:49:59.201,395.573,3982,,,,0,,,,-0.0684,-125.00,-0.1666,-3005.00,1,45.0,idle,+0.000,+0.000,+0.000,+0.000,1100,0,
1785512999.3003,2026-07-31T11:49:59.300,395.672,3983,,,,0,,,,-0.0699,-125.03,-0.1681,-3005.03,1,45.0,idle,+0.000,+0.000,+0.000,+0.000,1100,0,
1785512999.3997,2026-07-31T11:49:59.399,395.771,3984,,,,0,,,,-0.0711,-125.04,-0.1692,-3005.04,1,45.0,idle,+0.000,+0.000,+0.000,+0.000,1100,0,
1785512999.4989,2026-07-31T11:49:59.498,395.871,3985,,,,0,,,,-0.0724,-125.07,-0.1706,-3005.07,1,45.0,idle,+0.000,+0.000,+0.000,+0.000,1100,0,
1785512999.5980,2026-07-31T11:49:59.598,395.970,3986,,,,0,,,,-0.0713,-125.08,-0.1695,-3005.08,1,45.0,idle,+0.000,+0.000,+0.000,+0.000,1100,0,
1785512999.6964,2026-07-31T11:49:59.696,396.068,3987,,,,0,,,,-0.0715,-125.11,-0.1696,-3005.11,1,45.0,idle,+0.000,+0.000,+0.000,+0.000,1100,0,
1785512999.7956,2026-07-31T11:49:59.795,396.167,3988,,,,0,,,,-0.0708,-125.14,-0.1690,-3005.14,1,45.0,idle,+0.000,+0.000,+0.000,+0.000,1100,0,
1785512999.8946,2026-07-31T11:49:59.894,396.266,3989,,,,0,,,,-0.0733,-125.15,-0.1714,-3005.15,1,45.0,idle,+0.000,+0.000,+0.000,+0.000,1100,0,
1785512999.9938,2026-07-31T11:49:59.993,396.365,3990,,,,0,,,,-0.0711,-125.19,-0.1692,-3005.19,1,45.0,idle,+0.000,+0.000,+0.000,+0.000,1100,0,
1785513000.0926,2026-07-31T11:50:00.092,396.464,3991,,,,0,,,,-0.0691,-125.21,-0.1673,-3005.21,1,45.0,idle,+0.000,+0.000,+0.000,+0.000,1100,0,
1785513000.1918,2026-07-31T11:50:00.191,396.563,3992,,,,0,,,,-0.0672,-125.24,-0.1653,-3005.24,1,45.0,idle,+0.000,+0.000,+0.000,+0.000,1100,0,
1785513000.2908,2026-07-31T11:50:00.290,396.663,3993,,,,0,,,,-0.0737,-125.25,-0.1718,-3005.25,1,45.0,idle,+0.000,+0.000,+0.000,+0.000,1100,0,
1785513000.3906,2026-07-31T11:50:00.390,396.762,3994,,,,0,,,,-0.0714,-125.28,-0.1696,-3005.28,1,45.0,idle,+0.000,+0.000,+0.000,+0.000,1100,0,
1785513000.4899,2026-07-31T11:50:00.489,396.862,3995,,,,0,,,,-0.0763,-125.31,-0.1745,-3005.31,1,45.0,idle,+0.000,+0.000,+0.000,+0.000,1100,0,
1785513000.5905,2026-07-31T11:50:00.590,396.962,3996,,,,0,,,,-0.0683,-125.32,-0.1664,-3005.32,1,45.0,idle,+0.000,+0.000,+0.000,+0.000,1100,0,
1785513000.6898,2026-07-31T11:50:00.689,397.061,3997,,,,0,,,,-0.0661,-125.36,-0.1642,-3005.36,1,45.0,idle,+0.000,+0.000,+0.000,+0.000,1100,0,
1785513000.7883,2026-07-31T11:50:00.788,397.160,3998,,,,0,,,,-0.0698,-125.37,-0.1680,-3005.37,1,45.0,idle,+0.000,+0.000,+0.000,+0.000,1100,0,
1785513000.8878,2026-07-31T11:50:00.887,397.259,3999,,,,0,,,,-0.0717,-125.41,-0.1698,-3005.41,1,45.0,idle,+0.000,+0.000,+0.000,+0.000,1100,0,
1785513000.9872,2026-07-31T11:50:00.987,397.359,4000,,,,0,,,,-0.0688,-125.43,-0.1669,-3005.43,1,45.0,idle,+0.000,+0.000,+0.000,+0.000,1100,0,
1785513001.0892,2026-07-31T11:50:01.089,397.461,4001,,,,0,,,,-0.0716,-125.45,-0.1698,-3005.45,1,45.0,idle,+0.000,+0.000,+0.000,+0.000,1100,0,
1785513001.1891,2026-07-31T11:50:01.189,397.561,4002,,,,0,,,,-0.0691,-125.47,-0.1673,-3005.47,1,45.0,idle,+0.000,+0.000,+0.000,+0.000,1100,0,
1785513001.2884,2026-07-31T11:50:01.288,397.660,4003,,,,0,,,,-0.0681,-125.48,-0.1662,-3005.48,1,45.0,idle,+0.000,+0.000,+0.000,+0.000,1100,0,
1785513001.3876,2026-07-31T11:50:01.387,397.759,4004,,,,0,,,,-0.0721,-125.51,-0.1702,-3005.51,1,45.0,idle,+0.000,+0.000,+0.000,+0.000,1100,0,
1785513001.4867,2026-07-31T11:50:01.486,397.858,4005,,,,0,,,,-0.0703,-125.52,-0.1685,-3005.52,1,45.0,idle,+0.000,+0.000,+0.000,+0.000,1100,0,
1785513001.5872,2026-07-31T11:50:01.587,397.959,4006,,,,0,,,,-0.0678,-125.55,-0.1659,-3005.55,1,45.0,idle,+0.000,+0.000,+0.000,+0.000,1100,0,
1785513001.6866,2026-07-31T11:50:01.686,398.058,4007,,,,0,,,,-0.0703,-125.59,-0.1684,-3005.59,1,45.0,idle,+0.000,+0.000,+0.000,+0.000,1100,0,
1785513001.7853,2026-07-31T11:50:01.785,398.157,4008,,,,0,,,,-0.0690,-125.60,-0.1671,-3005.60,1,45.0,idle,+0.000,+0.000,+0.000,+0.000,1100,0,
1785513001.8845,2026-07-31T11:50:01.884,398.256,4009,,,,0,,,,-0.0679,-125.62,-0.1660,-3005.62,1,45.0,idle,+0.000,+0.000,+0.000,+0.000,1100,0,
1785513001.9837,2026-07-31T11:50:01.983,398.355,4010,,,,0,,,,-0.0678,-125.63,-0.1659,-3005.63,1,45.0,idle,+0.000,+0.000,+0.000,+0.000,1100,0,
1785513002.0827,2026-07-31T11:50:02.082,398.454,4011,,,,0,,,,-0.0708,-125.66,-0.1689,-3005.66,1,45.0,idle,+0.000,+0.000,+0.000,+0.000,1100,0,
1785513002.1814,2026-07-31T11:50:02.181,398.553,4012,,,,0,,,,-0.0668,-125.70,-0.1649,-3005.70,1,45.0,idle,+0.000,+0.000,+0.000,+0.000,1100,0,
1785513002.2811,2026-07-31T11:50:02.281,398.653,4013,,,,0,,,,-0.0683,-125.72,-0.1664,-3005.72,1,45.0,idle,+0.000,+0.000,+0.000,+0.000,1100,0,
1785513002.3801,2026-07-31T11:50:02.380,398.752,4014,,,,0,,,,-0.0668,-125.74,-0.1650,-3005.74,1,45.0,idle,+0.000,+0.000,+0.000,+0.000,1100,0,
1785513002.4802,2026-07-31T11:50:02.480,398.852,4015,,,,0,,,,-0.0686,-125.77,-0.1667,-3005.77,1,45.0,idle,+0.000,+0.000,+0.000,+0.000,1100,0,
1785513002.5797,2026-07-31T11:50:02.579,398.951,4016,,,,0,,,,-0.0695,-125.78,-0.1676,-3005.78,1,45.0,idle,+0.000,+0.000,+0.000,+0.000,1100,0,
1785513002.6787,2026-07-31T11:50:02.678,399.050,4017,,,,0,,,,-0.0669,-125.81,-0.1651,-3005.81,1,45.0,idle,+0.000,+0.000,+0.000,+0.000,1100,0,
1785513002.7781,2026-07-31T11:50:02.778,399.150,4018,,,,0,,,,-0.0711,-125.83,-0.1692,-3005.83,1,45.0,idle,+0.000,+0.000,+0.000,+0.000,1100,0,
1785513002.8771,2026-07-31T11:50:02.877,399.249,4019,,,,0,,,,-0.0658,-125.84,-0.1639,-3005.84,1,45.0,idle,+0.000,+0.000,+0.000,+0.000,1100,0,
1785513002.9757,2026-07-31T11:50:02.975,399.347,4020,,,,0,,,,-0.0739,-125.86,-0.1721,-3005.86,1,45.0,idle,+0.000,+0.000,+0.000,+0.000,1100,0,
1785513003.0754,2026-07-31T11:50:03.075,399.447,4021,,,,0,,,,-0.0741,-125.89,-0.1722,-3005.89,1,45.0,idle,+0.000,+0.000,+0.000,+0.000,1100,0,
1785513003.1746,2026-07-31T11:50:03.174,399.546,4022,,,,0,,,,-0.0728,-125.91,-0.1709,-3005.91,1,45.0,idle,+0.000,+0.000,+0.000,+0.000,1100,0,
1785513003.2739,2026-07-31T11:50:03.273,399.646,4023,,,,0,,,,-0.0692,-125.93,-0.1673,-3005.93,1,45.0,idle,+0.000,+0.000,+0.000,+0.000,1100,0,
1785513003.3728,2026-07-31T11:50:03.372,399.744,4024,,,,0,,,,-0.0724,-125.95,-0.1705,-3005.95,1,45.0,idle,+0.000,+0.000,+0.000,+0.000,1100,0,
1785513003.4728,2026-07-31T11:50:03.472,399.845,4025,,,,0,,,,-0.0732,-125.97,-0.1714,-3005.97,1,45.0,idle,+0.000,+0.000,+0.000,+0.000,1100,0,
1785513003.5717,2026-07-31T11:50:03.571,399.943,4026,,,,0,,,,-0.0661,-125.99,-0.1643,-3005.99,1,45.0,idle,+0.000,+0.000,+0.000,+0.000,1100,0,
1785513003.6733,2026-07-31T11:50:03.673,400.045,4027,,,,0,,,,-0.0749,-126.03,-0.1731,-3006.03,1,45.0,idle,+0.000,+0.000,+0.000,+0.000,1100,0,
1785513003.7726,2026-07-31T11:50:03.772,400.144,4028,,,,0,,,,-0.0717,-126.04,-0.1698,-3006.04,1,45.0,idle,+0.000,+0.000,+0.000,+0.000,1100,0,
1785513003.8720,2026-07-31T11:50:03.872,400.244,4029,,,,0,,,,-0.0664,-126.07,-0.1645,-3006.07,1,45.0,idle,+0.000,+0.000,+0.000,+0.000,1100,0,
1785513003.9722,2026-07-31T11:50:03.972,400.344,4030,,,,0,,,,-0.0698,-126.08,-0.1679,-3006.08,1,45.0,idle,+0.000,+0.000,+0.000,+0.000,1100,0,
1785513004.0710,2026-07-31T11:50:04.070,400.443,4031,,,,0,,,,-0.0723,-126.10,-0.1705,-3006.10,1,45.0,idle,+0.000,+0.000,+0.000,+0.000,1100,0,
1785513004.1711,2026-07-31T11:50:04.171,400.543,4032,,,,0,,,,-0.0743,-126.12,-0.1724,-3006.12,1,45.0,idle,+0.000,+0.000,+0.000,+0.000,1100,0,
1785513004.2694,2026-07-31T11:50:04.269,400.641,4033,,,,0,,,,-0.0738,-126.13,-0.1720,-3006.13,1,45.0,idle,+0.000,+0.000,+0.000,+0.000,1100,0,
1785513004.3686,2026-07-31T11:50:04.368,400.740,4034,,,,0,,,,-0.0659,-126.16,-0.1640,-3006.16,1,45.0,idle,+0.000,+0.000,+0.000,+0.000,1100,0,
1785513004.4670,2026-07-31T11:50:04.466,400.839,4035,,,,0,,,,-0.0648,-126.18,-0.1630,-3006.18,1,45.0,idle,+0.000,+0.000,+0.000,+0.000,1100,0,
1785513004.5655,2026-07-31T11:50:04.565,400.937,4036,,,,0,,,,-0.0682,-126.21,-0.1664,-3006.21,1,45.0,idle,+0.000,+0.000,+0.000,+0.000,1100,0,
1785513004.6648,2026-07-31T11:50:04.664,401.037,4037,,,,0,,,,-0.0733,-126.24,-0.1715,-3006.24,1,45.0,idle,+0.000,+0.000,+0.000,+0.000,1100,0,
1785513004.7640,2026-07-31T11:50:04.764,401.136,4038,,,,0,,,,-0.0687,-126.25,-0.1669,-3006.25,1,45.0,idle,+0.000,+0.000,+0.000,+0.000,1100,0,
1785513004.8634,2026-07-31T11:50:04.863,401.235,4039,,,,0,,,,-0.0694,-126.28,-0.1676,-3006.28,1,45.0,idle,+0.000,+0.000,+0.000,+0.000,1100,0,
1785513004.9629,2026-07-31T11:50:04.962,401.335,4040,,,,0,,,,-0.0665,-126.29,-0.1646,-3006.29,1,45.0,idle,+0.000,+0.000,+0.000,+0.000,1100,0,
1785513005.0618,2026-07-31T11:50:05.061,401.433,4041,,,,0,,,,-0.0751,-126.32,-0.1732,-3006.32,1,45.0,idle,+0.000,+0.000,+0.000,+0.000,1100,0,
1785513005.1613,2026-07-31T11:50:05.161,401.533,4042,,,,0,,,,-0.0668,-126.34,-0.1649,-3006.34,1,45.0,idle,+0.000,+0.000,+0.000,+0.000,1100,0,
1785513005.2613,2026-07-31T11:50:05.261,401.633,4043,,,,0,,,,-0.0701,-126.37,-0.1682,-3006.37,1,45.0,idle,+0.000,+0.000,+0.000,+0.000,1100,0,
1785513005.3614,2026-07-31T11:50:05.361,401.733,4044,,,,0,,,,-0.0712,-126.39,-0.1693,-3006.39,1,45.0,idle,+0.000,+0.000,+0.000,+0.000,1100,0,
1785513005.4613,2026-07-31T11:50:05.461,401.833,4045,,,,0,,,,-0.0683,-126.42,-0.1665,-3006.42,1,45.0,idle,+0.000,+0.000,+0.000,+0.000,1100,0,
1785513005.5600,2026-07-31T11:50:05.559,401.932,4046,,,,0,,,,-0.0674,-126.44,-0.1655,-3006.44,1,45.0,idle,+0.000,+0.000,+0.000,+0.000,1100,0,
1785513005.6601,2026-07-31T11:50:05.660,402.032,4047,,,,0,,,,-0.0711,-126.45,-0.1692,-3006.45,1,45.0,idle,+0.000,+0.000,+0.000,+0.000,1100,0,
1785513005.7598,2026-07-31T11:50:05.759,402.131,4048,,,,0,,,,-0.0684,-126.48,-0.1665,-3006.48,1,45.0,idle,+0.000,+0.000,+0.000,+0.000,1100,0,
1785513005.8593,2026-07-31T11:50:05.859,402.231,4049,,,,0,,,,-0.0700,-126.51,-0.1681,-3006.51,1,45.0,idle,+0.000,+0.000,+0.000,+0.000,1100,0,
1785513005.9581,2026-07-31T11:50:05.958,402.330,4050,,,,0,,,,-0.0733,-126.52,-0.1714,-3006.52,1,45.0,idle,+0.000,+0.000,+0.000,+0.000,1100,0,
1785513006.0572,2026-07-31T11:50:06.057,402.429,4051,,,,0,,,,-0.0698,-126.55,-0.1679,-3006.55,1,45.0,idle,+0.000,+0.000,+0.000,+0.000,1100,0,
1785513006.1583,2026-07-31T11:50:06.158,402.530,4052,,,,0,,,,-0.0710,-126.55,-0.1691,-3006.55,1,45.0,idle,+0.000,+0.000,+0.000,+0.000,1100,0,
1785513006.2576,2026-07-31T11:50:06.257,402.629,4053,,,,0,,,,-0.0713,-126.59,-0.1694,-3006.59,1,45.0,idle,+0.000,+0.000,+0.000,+0.000,1100,0,
1785513006.3573,2026-07-31T11:50:06.357,402.729,4054,,,,0,,,,-0.0706,-126.62,-0.1687,-3006.62,1,45.0,idle,+0.000,+0.000,+0.000,+0.000,1100,0,
1785513006.4563,2026-07-31T11:50:06.456,402.828,4055,,,,0,,,,-0.0710,-126.63,-0.1692,-3006.63,1,45.0,idle,+0.000,+0.000,+0.000,+0.000,1100,0,
1785513006.5557,2026-07-31T11:50:06.555,402.927,4056,,,,0,,,,-0.0714,-126.66,-0.1695,-3006.66,1,45.0,idle,+0.000,+0.000,+0.000,+0.000,1100,0,
1785513006.6547,2026-07-31T11:50:06.654,403.026,4057,,,,0,,,,-0.0726,-126.67,-0.1707,-3006.67,1,45.0,idle,+0.000,+0.000,+0.000,+0.000,1100,0,
1785513006.7543,2026-07-31T11:50:06.754,403.126,4058,,,,0,,,,-0.0718,-126.69,-0.1700,-3006.69,1,45.0,idle,+0.000,+0.000,+0.000,+0.000,1100,0,
1785513006.8525,2026-07-31T11:50:06.852,403.224,4059,,,,0,,,,-0.0748,-126.71,-0.1730,-3006.71,1,45.0,idle,+0.000,+0.000,+0.000,+0.000,1100,0,
1785513006.9520,2026-07-31T11:50:06.951,403.324,4060,,,,0,,,,-0.0731,-126.73,-0.1712,-3006.73,1,45.0,idle,+0.000,+0.000,+0.000,+0.000,1100,0,
1785513007.0513,2026-07-31T11:50:07.051,403.423,4061,,,,0,,,,-0.0700,-126.76,-0.1682,-3006.76,1,45.0,idle,+0.000,+0.000,+0.000,+0.000,1100,0,
1785513007.1497,2026-07-31T11:50:07.149,403.521,4062,,,,0,,,,-0.0692,-126.77,-0.1673,-3006.77,1,45.0,idle,+0.000,+0.000,+0.000,+0.000,1100,0,
1785513007.2500,2026-07-31T11:50:07.250,403.622,4063,,,,0,,,,-0.0724,-126.81,-0.1706,-3006.81,1,45.0,idle,+0.000,+0.000,+0.000,+0.000,1100,0,
1785513007.3490,2026-07-31T11:50:07.348,403.721,4064,,,,0,,,,-0.0689,-126.82,-0.1670,-3006.82,1,45.0,idle,+0.000,+0.000,+0.000,+0.000,1100,0,
1785513007.4478,2026-07-31T11:50:07.447,403.819,4065,,,,0,,,,-0.0743,-126.84,-0.1724,-3006.84,1,45.0,idle,+0.000,+0.000,+0.000,+0.000,1100,0,
1785513007.5471,2026-07-31T11:50:07.547,403.919,4066,,,,0,,,,-0.0703,-126.88,-0.1685,-3006.88,1,45.0,idle,+0.000,+0.000,+0.000,+0.000,1100,0,
1785513007.6458,2026-07-31T11:50:07.645,404.018,4067,,,,0,,,,-0.0731,-126.89,-0.1713,-3006.89,1,45.0,idle,+0.000,+0.000,+0.000,+0.000,1100,0,
1785513007.7469,2026-07-31T11:50:07.746,404.119,4068,,,,0,,,,-0.0699,-126.91,-0.1681,-3006.91,1,45.0,idle,+0.000,+0.000,+0.000,+0.000,1100,0,
1785513007.8458,2026-07-31T11:50:07.845,404.218,4069,,,,0,,,,-0.0711,-126.94,-0.1693,-3006.94,1,45.0,idle,+0.000,+0.000,+0.000,+0.000,1100,0,
1785513007.9453,2026-07-31T11:50:07.945,404.317,4070,,,,0,,,,-0.0708,-126.95,-0.1689,-3006.95,1,45.0,idle,+0.000,+0.000,+0.000,+0.000,1100,0,
1785513008.0453,2026-07-31T11:50:08.045,404.417,4071,,,,0,,,,-0.0724,-126.98,-0.1705,-3006.98,1,45.0,idle,+0.000,+0.000,+0.000,+0.000,1100,0,
1785513008.1455,2026-07-31T11:50:08.145,404.517,4072,,,,0,,,,-0.0753,-126.99,-0.1735,-3006.99,1,45.0,idle,+0.000,+0.000,+0.000,+0.000,1100,0,
1785513008.2455,2026-07-31T11:50:08.245,404.617,4073,,,,0,,,,-0.0697,-127.03,-0.1679,-3007.03,1,45.0,idle,+0.000,+0.000,+0.000,+0.000,1100,0,
1785513008.3449,2026-07-31T11:50:08.344,404.717,4074,,,,0,,,,-0.0711,-127.04,-0.1693,-3007.04,1,45.0,idle,+0.000,+0.000,+0.000,+0.000,1100,0,
1785513008.4441,2026-07-31T11:50:08.444,404.816,4075,,,,0,,,,-0.0746,-127.05,-0.1727,-3007.05,1,45.0,idle,+0.000,+0.000,+0.000,+0.000,1100,0,
1785513008.5432,2026-07-31T11:50:08.543,404.915,4076,,,,0,,,,-0.0752,-127.08,-0.1733,-3007.08,1,45.0,idle,+0.000,+0.000,+0.000,+0.000,1100,0,
1785513008.6423,2026-07-31T11:50:08.642,405.014,4077,,,,0,,,,-0.0730,-127.09,-0.1711,-3007.09,1,45.0,idle,+0.000,+0.000,+0.000,+0.000,1100,0,
1785513008.7415,2026-07-31T11:50:08.741,405.113,4078,,,,0,,,,-0.0709,-127.13,-0.1691,-3007.13,1,45.0,idle,+0.000,+0.000,+0.000,+0.000,1100,0,
1785513008.8408,2026-07-31T11:50:08.840,405.213,4079,,,,0,,,,-0.0724,-127.15,-0.1706,-3007.15,1,45.0,idle,+0.000,+0.000,+0.000,+0.000,1100,0,
1785513008.9401,2026-07-31T11:50:08.940,405.312,4080,,,,0,,,,-0.0661,-127.17,-0.1642,-3007.17,1,45.0,idle,+0.000,+0.000,+0.000,+0.000,1100,0,
1785513009.0405,2026-07-31T11:50:09.040,405.412,4081,,,,0,,,,-0.0710,-127.19,-0.1691,-3007.19,1,45.0,idle,+0.000,+0.000,+0.000,+0.000,1100,0,
1785513009.1402,2026-07-31T11:50:09.140,405.512,4082,,,,0,,,,-0.0732,-127.22,-0.1713,-3007.22,1,45.0,idle,+0.000,+0.000,+0.000,+0.000,1100,0,
1785513009.2405,2026-07-31T11:50:09.240,405.612,4083,,,,0,,,,-0.0755,-127.24,-0.1737,-3007.24,1,45.0,idle,+0.000,+0.000,+0.000,+0.000,1100,0,
1785513009.3406,2026-07-31T11:50:09.340,405.712,4084,,,,0,,,,-0.0675,-127.25,-0.1657,-3007.25,1,45.0,idle,+0.000,+0.000,+0.000,+0.000,1100,0,
1785513009.4416,2026-07-31T11:50:09.441,405.813,4085,,,,0,,,,-0.0695,-127.27,-0.1676,-3007.27,1,45.0,idle,+0.000,+0.000,+0.000,+0.000,1100,0,
1785513009.5410,2026-07-31T11:50:09.540,405.913,4086,,,,0,,,,-0.0693,-127.30,-0.1674,-3007.30,1,45.0,idle,+0.000,+0.000,+0.000,+0.000,1100,0,
1785513009.6399,2026-07-31T11:50:09.639,406.012,4087,,,,0,,,,-0.0672,-127.32,-0.1654,-3007.32,1,45.0,idle,+0.000,+0.000,+0.000,+0.000,1100,0,
1785513009.7390,2026-07-31T11:50:09.739,406.111,4088,,,,0,,,,-0.0693,-127.34,-0.1675,-3007.34,1,45.0,idle,+0.000,+0.000,+0.000,+0.000,1100,0,
1785513009.8377,2026-07-31T11:50:09.837,406.209,4089,,,,0,,,,-0.0677,-127.36,-0.1659,-3007.36,1,45.0,idle,+0.000,+0.000,+0.000,+0.000,1100,0,
1785513009.9385,2026-07-31T11:50:09.938,406.310,4090,,,,0,,,,-0.0697,-127.38,-0.1678,-3007.38,1,45.0,idle,+0.000,+0.000,+0.000,+0.000,1100,0,
1785513010.0389,2026-07-31T11:50:10.038,406.411,4091,,,,0,,,,-0.0681,-127.40,-0.1663,-3007.40,1,45.0,idle,+0.000,+0.000,+0.000,+0.000,1100,0,
1785513010.1381,2026-07-31T11:50:10.138,406.510,4092,,,,0,,,,-0.0715,-127.42,-0.1697,-3007.42,1,45.0,idle,+0.000,+0.000,+0.000,+0.000,1100,0,
1785513010.2373,2026-07-31T11:50:10.237,406.609,4093,,,,0,,,,-0.0726,-127.45,-0.1708,-3007.45,1,45.0,idle,+0.000,+0.000,+0.000,+0.000,1100,0,
1785513010.3375,2026-07-31T11:50:10.337,406.709,4094,,,,0,,,,-0.0679,-127.46,-0.1660,-3007.46,1,45.0,idle,+0.000,+0.000,+0.000,+0.000,1100,0,
1785513010.4378,2026-07-31T11:50:10.437,406.809,4095,,,,0,,,,-0.0697,-127.50,-0.1678,-3007.50,1,45.0,idle,+0.000,+0.000,+0.000,+0.000,1100,0,
1785513010.5365,2026-07-31T11:50:10.536,406.908,4096,,,,0,,,,-0.0700,-127.54,-0.1682,-3007.54,1,45.0,idle,+0.000,+0.000,+0.000,+0.000,1100,0,
1785513010.6354,2026-07-31T11:50:10.635,407.007,4097,,,,0,,,,-0.0712,-127.55,-0.1694,-3007.55,1,45.0,idle,+0.000,+0.000,+0.000,+0.000,1100,0,
1785513010.7344,2026-07-31T11:50:10.734,407.106,4098,,,,0,,,,-0.0682,-127.57,-0.1664,-3007.57,1,45.0,idle,+0.000,+0.000,+0.000,+0.000,1100,0,
1785513010.8326,2026-07-31T11:50:10.832,407.204,4099,,,,0,,,,-0.0716,-127.59,-0.1697,-3007.59,1,45.0,idle,+0.000,+0.000,+0.000,+0.000,1100,0,
1785513010.9324,2026-07-31T11:50:10.932,407.304,4100,,,,0,,,,-0.0708,-127.61,-0.1689,-3007.61,1,45.0,idle,+0.000,+0.000,+0.000,+0.000,1100,0,
1785513011.0312,2026-07-31T11:50:11.031,407.403,4101,,,,0,,,,-0.0706,-127.64,-0.1687,-3007.64,1,45.0,idle,+0.000,+0.000,+0.000,+0.000,1100,0,
1785513011.1303,2026-07-31T11:50:11.130,407.502,4102,,,,0,,,,-0.0737,-127.65,-0.1719,-3007.65,1,45.0,idle,+0.000,+0.000,+0.000,+0.000,1100,0,
1785513011.2294,2026-07-31T11:50:11.229,407.601,4103,,,,0,,,,-0.0718,-127.68,-0.1699,-3007.68,1,45.0,idle,+0.000,+0.000,+0.000,+0.000,1100,0,
1785513011.3278,2026-07-31T11:50:11.327,407.700,4104,,,,0,,,,-0.0710,-127.69,-0.1691,-3007.69,1,45.0,idle,+0.000,+0.000,+0.000,+0.000,1100,0,
1785513011.4281,2026-07-31T11:50:11.428,407.800,4105,,,,0,,,,-0.0706,-127.72,-0.1687,-3007.72,1,45.0,idle,+0.000,+0.000,+0.000,+0.000,1100,0,
1785513011.5274,2026-07-31T11:50:11.527,407.899,4106,,,,0,,,,-0.0710,-127.75,-0.1691,-3007.75,1,45.0,idle,+0.000,+0.000,+0.000,+0.000,1100,0,
1785513011.6275,2026-07-31T11:50:11.627,407.999,4107,,,,0,,,,-0.0724,-127.76,-0.1705,-3007.76,1,45.0,idle,+0.000,+0.000,+0.000,+0.000,1100,0,
1785513011.7266,2026-07-31T11:50:11.726,408.098,4108,,,,0,,,,-0.0679,-127.79,-0.1660,-3007.79,1,45.0,idle,+0.000,+0.000,+0.000,+0.000,1100,0,
1785513011.8261,2026-07-31T11:50:11.826,408.198,4109,,,,0,,,,-0.0728,-127.80,-0.1709,-3007.80,1,45.0,idle,+0.000,+0.000,+0.000,+0.000,1100,0,
1785513011.9258,2026-07-31T11:50:11.925,408.297,4110,,,,0,,,,-0.0694,-127.83,-0.1675,-3007.83,1,45.0,idle,+0.000,+0.000,+0.000,+0.000,1100,0,
1785513012.0246,2026-07-31T11:50:12.024,408.396,4111,,,,0,,,,-0.0700,-127.86,-0.1682,-3007.86,1,45.0,idle,+0.000,+0.000,+0.000,+0.000,1100,0,
1785513012.1246,2026-07-31T11:50:12.124,408.496,4112,,,,0,,,,-0.0709,-127.86,-0.1690,-3007.86,1,45.0,idle,+0.000,+0.000,+0.000,+0.000,1100,0,
1785513012.2237,2026-07-31T11:50:12.223,408.595,4113,,,,0,,,,-0.0723,-127.90,-0.1705,-3007.90,1,45.0,idle,+0.000,+0.000,+0.000,+0.000,1100,0,
1785513012.3231,2026-07-31T11:50:12.323,408.695,4114,,,,0,,,,-0.0696,-127.91,-0.1678,-3007.91,1,45.0,idle,+0.000,+0.000,+0.000,+0.000,1100,0,
1785513012.4225,2026-07-31T11:50:12.422,408.794,4115,,,,0,,,,-0.0661,-127.94,-0.1642,-3007.94,1,45.0,idle,+0.000,+0.000,+0.000,+0.000,1100,0,
1785513012.5219,2026-07-31T11:50:12.521,408.894,4116,,,,0,,,,-0.0708,-127.96,-0.1689,-3007.96,1,45.0,idle,+0.000,+0.000,+0.000,+0.000,1100,0,
1785513012.6207,2026-07-31T11:50:12.620,408.992,4117,,,,0,,,,-0.0692,-127.97,-0.1674,-3007.97,1,45.0,idle,+0.000,+0.000,+0.000,+0.000,1100,0,
1785513012.7199,2026-07-31T11:50:12.719,409.092,4118,,,,0,,,,-0.0697,-128.01,-0.1678,-3008.01,1,45.0,idle,+0.000,+0.000,+0.000,+0.000,1100,0,
1785513012.8210,2026-07-31T11:50:12.821,409.193,4119,,,,0,,,,-0.0702,-128.02,-0.1683,-3008.02,1,45.0,idle,+0.000,+0.000,+0.000,+0.000,1100,0,
1785513012.9216,2026-07-31T11:50:12.921,409.293,4120,,,,0,,,,-0.0712,-128.05,-0.1694,-3008.05,1,45.0,idle,+0.000,+0.000,+0.000,+0.000,1100,0,
1785513013.0217,2026-07-31T11:50:13.021,409.393,4121,,,,0,,,,-0.0696,-128.06,-0.1677,-3008.06,1,45.0,idle,+0.000,+0.000,+0.000,+0.000,1100,0,
1785513013.1210,2026-07-31T11:50:13.120,409.493,4122,,,,0,,,,-0.0726,-128.10,-0.1707,-3008.10,1,45.0,idle,+0.000,+0.000,+0.000,+0.000,1100,0,
1785513013.2204,2026-07-31T11:50:13.220,409.592,4123,,,,0,,,,-0.0713,-128.12,-0.1694,-3008.12,1,45.0,idle,+0.000,+0.000,+0.000,+0.000,1100,0,
1785513013.3222,2026-07-31T11:50:13.322,409.694,4124,,,,0,,,,-0.0738,-128.14,-0.1719,-3008.14,1,45.0,idle,+0.000,+0.000,+0.000,+0.000,1100,0,
1785513013.4225,2026-07-31T11:50:13.422,409.794,4125,,,,0,,,,-0.0716,-128.16,-0.1698,-3008.16,1,45.0,idle,+0.000,+0.000,+0.000,+0.000,1100,0,
1785513013.5223,2026-07-31T11:50:13.522,409.894,4126,,,,0,,,,-0.0700,-128.18,-0.1681,-3008.18,1,45.0,idle,+0.000,+0.000,+0.000,+0.000,1100,0,
1785513013.6216,2026-07-31T11:50:13.621,409.993,4127,,,,0,,,,-0.0717,-128.22,-0.1698,-3008.22,1,45.0,idle,+0.000,+0.000,+0.000,+0.000,1100,0,
1785513013.7221,2026-07-31T11:50:13.722,410.094,4128,,,,0,,,,-0.0696,-128.26,-0.1677,-3008.26,1,45.0,idle,+0.000,+0.000,+0.000,+0.000,1100,0,
1785513013.8213,2026-07-31T11:50:13.821,410.193,4129,,,,0,,,,-0.0763,-128.28,-0.1745,-3008.28,1,45.0,idle,+0.000,+0.000,+0.000,+0.000,1100,0,
1785513013.9207,2026-07-31T11:50:13.920,410.292,4130,,,,0,,,,-0.0727,-128.30,-0.1709,-3008.30,1,45.0,idle,+0.000,+0.000,+0.000,+0.000,1100,0,
1785513014.0199,2026-07-31T11:50:14.019,410.392,4131,,,,0,,,,-0.0700,-128.31,-0.1682,-3008.31,1,45.0,idle,+0.000,+0.000,+0.000,+0.000,1100,0,
1785513014.1187,2026-07-31T11:50:14.118,410.490,4132,,,,0,,,,-0.0697,-128.34,-0.1678,-3008.34,1,45.0,idle,+0.000,+0.000,+0.000,+0.000,1100,0,
1785513014.2182,2026-07-31T11:50:14.218,410.590,4133,,,,0,,,,-0.0685,-128.36,-0.1666,-3008.36,1,45.0,idle,+0.000,+0.000,+0.000,+0.000,1100,0,
1785513014.3174,2026-07-31T11:50:14.317,410.689,4134,,,,0,,,,-0.0703,-128.38,-0.1685,-3008.38,1,45.0,idle,+0.000,+0.000,+0.000,+0.000,1100,0,
1785513014.4186,2026-07-31T11:50:14.418,410.790,4135,,,,0,,,,-0.0713,-128.40,-0.1695,-3008.40,1,45.0,idle,+0.000,+0.000,+0.000,+0.000,1100,0,
1785513014.5193,2026-07-31T11:50:14.519,410.891,4136,,,,0,,,,-0.0724,-128.43,-0.1705,-3008.43,1,45.0,idle,+0.000,+0.000,+0.000,+0.000,1100,0,
1785513014.6191,2026-07-31T11:50:14.619,410.991,4137,,,,0,,,,-0.0676,-128.45,-0.1657,-3008.45,1,45.0,idle,+0.000,+0.000,+0.000,+0.000,1100,0,
1785513014.7183,2026-07-31T11:50:14.718,411.090,4138,,,,0,,,,-0.0709,-128.48,-0.1690,-3008.48,1,45.0,idle,+0.000,+0.000,+0.000,+0.000,1100,0,
1785513014.8184,2026-07-31T11:50:14.818,411.190,4139,,,,0,,,,-0.0718,-128.50,-0.1700,-3008.50,1,45.0,idle,+0.000,+0.000,+0.000,+0.000,1100,0,
1785513014.9177,2026-07-31T11:50:14.917,411.289,4140,,,,0,,,,-0.0731,-128.52,-0.1713,-3008.52,1,45.0,idle,+0.000,+0.000,+0.000,+0.000,1100,0,
1785513015.0173,2026-07-31T11:50:15.017,411.389,4141,,,,0,,,,-0.0694,-128.55,-0.1676,-3008.55,1,45.0,idle,+0.000,+0.000,+0.000,+0.000,1100,0,
1785513015.1167,2026-07-31T11:50:15.116,411.488,4142,,,,0,,,,-0.0647,-128.56,-0.1628,-3008.56,1,45.0,idle,+0.000,+0.000,+0.000,+0.000,1100,0,
1785513015.2164,2026-07-31T11:50:15.216,411.588,4143,,,,0,,,,-0.0677,-128.59,-0.1659,-3008.59,1,45.0,idle,+0.000,+0.000,+0.000,+0.000,1100,0,
1785513015.3152,2026-07-31T11:50:15.315,411.687,4144,,,,0,,,,-0.0732,-128.60,-0.1713,-3008.60,1,45.0,idle,+0.000,+0.000,+0.000,+0.000,1100,0,
1785513015.4148,2026-07-31T11:50:15.414,411.786,4145,,,,0,,,,-0.0707,-128.63,-0.1688,-3008.63,1,45.0,idle,+0.000,+0.000,+0.000,+0.000,1100,0,
1785513015.5146,2026-07-31T11:50:15.514,411.886,4146,,,,0,,,,-0.0742,-128.64,-0.1723,-3008.64,1,45.0,idle,+0.000,+0.000,+0.000,+0.000,1100,0,
1785513015.6139,2026-07-31T11:50:15.613,411.986,4147,,,,0,,,,-0.0751,-128.67,-0.1733,-3008.67,1,45.0,idle,+0.000,+0.000,+0.000,+0.000,1100,0,
1785513015.7131,2026-07-31T11:50:15.713,412.085,4148,,,,0,,,,-0.0692,-128.69,-0.1674,-3008.69,1,45.0,idle,+0.000,+0.000,+0.000,+0.000,1100,0,
1785513015.8118,2026-07-31T11:50:15.811,412.184,4149,,,,0,,,,-0.0702,-128.71,-0.1684,-3008.71,1,45.0,idle,+0.000,+0.000,+0.000,+0.000,1100,0,
1785513015.9115,2026-07-31T11:50:15.911,412.283,4150,,,,0,,,,-0.0705,-128.73,-0.1687,-3008.73,1,45.0,idle,+0.000,+0.000,+0.000,+0.000,1100,0,
1785513016.0110,2026-07-31T11:50:16.011,412.383,4151,,,,0,,,,-0.0707,-128.74,-0.1688,-3008.74,1,45.0,idle,+0.000,+0.000,+0.000,+0.000,1100,0,
1785513016.1102,2026-07-31T11:50:16.110,412.482,4152,,,,0,,,,-0.0719,-128.78,-0.1701,-3008.78,1,45.0,idle,+0.000,+0.000,+0.000,+0.000,1100,0,
1785513016.2094,2026-07-31T11:50:16.209,412.581,4153,,,,0,,,,-0.0736,-128.80,-0.1718,-3008.80,1,45.0,idle,+0.000,+0.000,+0.000,+0.000,1100,0,
1785513016.3082,2026-07-31T11:50:16.308,412.680,4154,,,,0,,,,-0.0671,-128.82,-0.1652,-3008.82,1,45.0,idle,+0.000,+0.000,+0.000,+0.000,1100,0,
1785513016.4073,2026-07-31T11:50:16.407,412.779,4155,,,,0,,,,-0.0696,-128.85,-0.1678,-3008.85,1,45.0,idle,+0.000,+0.000,+0.000,+0.000,1100,0,
1785513016.5065,2026-07-31T11:50:16.506,412.878,4156,,,,0,,,,-0.0699,-128.86,-0.1681,-3008.86,1,45.0,idle,+0.000,+0.000,+0.000,+0.000,1100,0,
1785513016.6057,2026-07-31T11:50:16.605,412.977,4157,,,,0,,,,-0.0661,-128.90,-0.1642,-3008.90,1,45.0,idle,+0.000,+0.000,+0.000,+0.000,1100,0,
1785513016.7054,2026-07-31T11:50:16.705,413.077,4158,,,,0,,,,-0.0738,-128.91,-0.1719,-3008.91,1,45.0,idle,+0.000,+0.000,+0.000,+0.000,1100,0,
1785513016.8045,2026-07-31T11:50:16.804,413.176,4159,,,,0,,,,-0.0690,-128.93,-0.1671,-3008.93,1,45.0,idle,+0.000,+0.000,+0.000,+0.000,1100,0,
1785513016.9048,2026-07-31T11:50:16.904,413.277,4160,,,,0,,,,-0.0702,-128.96,-0.1684,-3008.96,1,45.0,idle,+0.000,+0.000,+0.000,+0.000,1100,0,
1785513017.0043,2026-07-31T11:50:17.004,413.376,4161,,,,0,,,,-0.0736,-128.98,-0.1717,-3008.98,1,45.0,idle,+0.000,+0.000,+0.000,+0.000,1100,0,
1785513017.1034,2026-07-31T11:50:17.103,413.475,4162,,,,0,,,,-0.0715,-129.00,-0.1696,-3009.00,1,45.0,idle,+0.000,+0.000,+0.000,+0.000,1100,0,
1785513017.2023,2026-07-31T11:50:17.202,413.574,4163,,,,0,,,,-0.0700,-129.01,-0.1681,-3009.01,1,45.0,idle,+0.000,+0.000,+0.000,+0.000,1100,0,
1785513017.3012,2026-07-31T11:50:17.301,413.673,4164,,,,0,,,,-0.0688,-129.04,-0.1669,-3009.04,1,45.0,idle,+0.000,+0.000,+0.000,+0.000,1100,0,
1785513017.4015,2026-07-31T11:50:17.401,413.773,4165,,,,0,,,,-0.0724,-129.06,-0.1705,-3009.06,1,45.0,idle,+0.000,+0.000,+0.000,+0.000,1100,0,
1785513017.5007,2026-07-31T11:50:17.500,413.872,4166,,,,0,,,,-0.0730,-129.08,-0.1711,-3009.08,1,45.0,idle,+0.000,+0.000,+0.000,+0.000,1100,0,
1785513017.6015,2026-07-31T11:50:17.601,413.973,4167,,,,0,,,,-0.0735,-129.10,-0.1717,-3009.10,1,45.0,idle,+0.000,+0.000,+0.000,+0.000,1100,0,
1785513017.7015,2026-07-31T11:50:17.701,414.073,4168,,,,0,,,,-0.0705,-129.13,-0.1686,-3009.13,1,45.0,idle,+0.000,+0.000,+0.000,+0.000,1100,0,
1785513017.8016,2026-07-31T11:50:17.801,414.173,4169,,,,0,,,,-0.0731,-129.15,-0.1712,-3009.15,1,45.0,idle,+0.000,+0.000,+0.000,+0.000,1100,0,
1785513017.9012,2026-07-31T11:50:17.901,414.273,4170,,,,0,,,,-0.0724,-129.18,-0.1705,-3009.18,1,45.0,idle,+0.000,+0.000,+0.000,+0.000,1100,0,
1785513018.0006,2026-07-31T11:50:18.000,414.372,4171,,,,0,,,,-0.0682,-129.18,-0.1663,-3009.18,1,45.0,idle,+0.000,+0.000,+0.000,+0.000,1100,0,
1785513018.0990,2026-07-31T11:50:18.099,414.471,4172,,,,0,,,,-0.0708,-129.21,-0.1689,-3009.21,1,45.0,idle,+0.000,+0.000,+0.000,+0.000,1100,0,
1785513018.1985,2026-07-31T11:50:18.198,414.570,4173,,,,0,,,,-0.0716,-129.22,-0.1697,-3009.22,1,45.0,idle,+0.000,+0.000,+0.000,+0.000,1100,0,
1785513018.2969,2026-07-31T11:50:18.296,414.669,4174,,,,0,,,,-0.0697,-129.25,-0.1678,-3009.25,1,45.0,idle,+0.000,+0.000,+0.000,+0.000,1100,0,
1785513018.3959,2026-07-31T11:50:18.395,414.768,4175,,,,0,,,,-0.0677,-129.27,-0.1658,-3009.27,1,45.0,idle,+0.000,+0.000,+0.000,+0.000,1100,0,
1785513018.4950,2026-07-31T11:50:18.495,414.867,4176,,,,0,,,,-0.0672,-129.29,-0.1654,-3009.29,1,45.0,idle,+0.000,+0.000,+0.000,+0.000,1100,0,
1785513018.5945,2026-07-31T11:50:18.594,414.966,4177,,,,0,,,,-0.0700,-129.33,-0.1682,-3009.33,1,45.0,idle,+0.000,+0.000,+0.000,+0.000,1100,0,
1785513018.6935,2026-07-31T11:50:18.693,415.065,4178,,,,0,,,,-0.0726,-129.33,-0.1707,-3009.33,1,45.0,idle,+0.000,+0.000,+0.000,+0.000,1100,0,
1785513018.7923,2026-07-31T11:50:18.792,415.164,4179,,,,0,,,,-0.0701,-129.36,-0.1682,-3009.36,1,45.0,idle,+0.000,+0.000,+0.000,+0.000,1100,0,
1785513018.8909,2026-07-31T11:50:18.890,415.263,4180,,,,0,,,,-0.0733,-129.39,-0.1714,-3009.39,1,45.0,idle,+0.000,+0.000,+0.000,+0.000,1100,0,
1785513018.9903,2026-07-31T11:50:18.990,415.362,4181,,,,0,,,,-0.0708,-129.40,-0.1690,-3009.40,1,45.0,idle,+0.000,+0.000,+0.000,+0.000,1100,0,
1785513019.0895,2026-07-31T11:50:19.089,415.461,4182,,,,0,,,,-0.0722,-129.42,-0.1703,-3009.42,1,45.0,idle,+0.000,+0.000,+0.000,+0.000,1100,0,
1785513019.1879,2026-07-31T11:50:19.187,415.560,4183,,,,0,,,,-0.0715,-129.44,-0.1696,-3009.44,1,45.0,idle,+0.000,+0.000,+0.000,+0.000,1100,0,
1785513019.2877,2026-07-31T11:50:19.287,415.659,4184,,,,0,,,,-0.0715,-129.46,-0.1696,-3009.46,1,45.0,idle,+0.000,+0.000,+0.000,+0.000,1100,0,
1785513019.3864,2026-07-31T11:50:19.386,415.758,4185,,,,0,,,,-0.0687,-129.49,-0.1669,-3009.49,1,45.0,idle,+0.000,+0.000,+0.000,+0.000,1100,0,
1785513019.4856,2026-07-31T11:50:19.485,415.857,4186,,,,0,,,,-0.0729,-129.51,-0.1711,-3009.51,1,45.0,idle,+0.000,+0.000,+0.000,+0.000,1100,0,
1785513019.5845,2026-07-31T11:50:19.584,415.956,4187,,,,0,,,,-0.0757,-129.53,-0.1738,-3009.53,1,45.0,idle,+0.000,+0.000,+0.000,+0.000,1100,0,
1785513019.6833,2026-07-31T11:50:19.683,416.055,4188,,,,0,,,,-0.0677,-129.55,-0.1658,-3009.55,1,45.0,idle,+0.000,+0.000,+0.000,+0.000,1100,0,
1785513019.7825,2026-07-31T11:50:19.782,416.154,4189,,,,0,,,,-0.0702,-129.58,-0.1683,-3009.58,1,45.0,idle,+0.000,+0.000,+0.000,+0.000,1100,0,
1785513019.8812,2026-07-31T11:50:19.881,416.253,4190,,,,0,,,,-0.0715,-129.60,-0.1696,-3009.60,1,45.0,idle,+0.000,+0.000,+0.000,+0.000,1100,0,
1785513019.9806,2026-07-31T11:50:19.980,416.352,4191,,,,0,,,,-0.0722,-129.63,-0.1704,-3009.63,1,45.0,idle,+0.000,+0.000,+0.000,+0.000,1100,0,
1785513020.0806,2026-07-31T11:50:20.080,416.452,4192,,,,0,,,,-0.0754,-129.65,-0.1736,-3009.65,1,45.0,idle,+0.000,+0.000,+0.000,+0.000,1100,0,
1785513020.1798,2026-07-31T11:50:20.179,416.552,4193,,,,0,,,,-0.0695,-129.68,-0.1676,-3009.68,1,45.0,idle,+0.000,+0.000,+0.000,+0.000,1100,0,
1785513020.2797,2026-07-31T11:50:20.279,416.651,4194,,,,0,,,,-0.0748,-129.70,-0.1730,-3009.70,1,45.0,idle,+0.000,+0.000,+0.000,+0.000,1100,0,
1785513020.3782,2026-07-31T11:50:20.378,416.750,4195,,,,0,,,,-0.0717,-129.72,-0.1699,-3009.72,1,45.0,idle,+0.000,+0.000,+0.000,+0.000,1100,0,
1785513020.4774,2026-07-31T11:50:20.477,416.849,4196,,,,0,,,,-0.0732,-129.75,-0.1714,-3009.75,1,45.0,idle,+0.000,+0.000,+0.000,+0.000,1100,0,
1785513020.5759,2026-07-31T11:50:20.575,416.948,4197,,,,0,,,,-0.0702,-129.76,-0.1683,-3009.76,1,45.0,idle,+0.000,+0.000,+0.000,+0.000,1100,0,
1785513020.6752,2026-07-31T11:50:20.675,417.047,4198,,,,0,,,,-0.0679,-129.79,-0.1660,-3009.79,1,45.0,idle,+0.000,+0.000,+0.000,+0.000,1100,0,
1785513020.7744,2026-07-31T11:50:20.774,417.146,4199,,,,0,,,,-0.0712,-129.83,-0.1693,-3009.83,1,45.0,idle,+0.000,+0.000,+0.000,+0.000,1100,0,
1785513020.8738,2026-07-31T11:50:20.873,417.246,4200,,,,0,,,,-0.0747,-129.84,-0.1729,-3009.84,1,45.0,idle,+0.000,+0.000,+0.000,+0.000,1100,0,
1785513020.9729,2026-07-31T11:50:20.972,417.345,4201,,,,0,,,,-0.0727,-129.87,-0.1709,-3009.87,1,45.0,idle,+0.000,+0.000,+0.000,+0.000,1100,0,
1785513021.0737,2026-07-31T11:50:21.073,417.445,4202,,,,0,,,,-0.0716,-129.89,-0.1697,-3009.89,1,45.0,idle,+0.000,+0.000,+0.000,+0.000,1100,0,
1785513021.1729,2026-07-31T11:50:21.172,417.545,4203,,,,0,,,,-0.0702,-129.92,-0.1684,-3009.92,1,45.0,idle,+0.000,+0.000,+0.000,+0.000,1100,0,
1785513021.2721,2026-07-31T11:50:21.272,417.644,4204,,,,0,,,,-0.0702,-129.94,-0.1684,-3009.94,1,45.0,idle,+0.000,+0.000,+0.000,+0.000,1100,0,
1785513021.3712,2026-07-31T11:50:21.371,417.743,4205,,,,0,,,,-0.0730,-129.95,-0.1712,-3009.95,1,45.0,idle,+0.000,+0.000,+0.000,+0.000,1100,0,
1785513021.4692,2026-07-31T11:50:21.469,417.841,4206,,,,0,,,,-0.0755,-129.97,-0.1736,-3009.97,1,45.0,idle,+0.000,+0.000,+0.000,+0.000,1100,0,
1785513021.5686,2026-07-31T11:50:21.568,417.940,4207,,,,0,,,,-0.0727,-129.99,-0.1708,-3009.99,1,45.0,idle,+0.000,+0.000,+0.000,+0.000,1100,0,
1785513021.6676,2026-07-31T11:50:21.667,418.039,4208,,,,0,,,,-0.0699,-130.01,-0.1680,-3010.01,1,45.0,idle,+0.000,+0.000,+0.000,+0.000,1100,0,
1785513021.7664,2026-07-31T11:50:21.766,418.138,4209,,,,0,,,,-0.0731,-130.03,-0.1713,-3010.03,1,45.0,idle,+0.000,+0.000,+0.000,+0.000,1100,0,
1785513021.8655,2026-07-31T11:50:21.865,418.237,4210,,,,0,,,,-0.0710,-130.05,-0.1691,-3010.05,1,45.0,idle,+0.000,+0.000,+0.000,+0.000,1100,0,
1785513021.9643,2026-07-31T11:50:21.964,418.336,4211,,,,0,,,,-0.0718,-130.07,-0.1699,-3010.07,1,45.0,idle,+0.000,+0.000,+0.000,+0.000,1100,0,
1785513022.0633,2026-07-31T11:50:22.063,418.435,4212,,,,0,,,,-0.0710,-130.09,-0.1691,-3010.09,1,45.0,idle,+0.000,+0.000,+0.000,+0.000,1100,0,
1785513022.1624,2026-07-31T11:50:22.162,418.534,4213,,,,0,,,,-0.0760,-130.12,-0.1742,-3010.12,1,45.0,idle,+0.000,+0.000,+0.000,+0.000,1100,0,
1785513022.2616,2026-07-31T11:50:22.261,418.633,4214,,,,0,,,,-0.0681,-130.14,-0.1662,-3010.14,1,45.0,idle,+0.000,+0.000,+0.000,+0.000,1100,0,
1785513022.3609,2026-07-31T11:50:22.360,418.733,4215,,,,0,,,,-0.0711,-130.15,-0.1693,-3010.15,1,45.0,idle,+0.000,+0.000,+0.000,+0.000,1100,0,
1785513022.4601,2026-07-31T11:50:22.460,418.832,4216,,,,0,,,,-0.0713,-130.17,-0.1694,-3010.17,1,45.0,idle,+0.000,+0.000,+0.000,+0.000,1100,0,
1785513022.5597,2026-07-31T11:50:22.559,418.931,4217,,,,0,,,,-0.0730,-130.19,-0.1711,-3010.19,1,45.0,idle,+0.000,+0.000,+0.000,+0.000,1100,0,
1785513022.6581,2026-07-31T11:50:22.658,419.030,4218,,,,0,,,,-0.0733,-130.21,-0.1715,-3010.21,1,45.0,idle,+0.000,+0.000,+0.000,+0.000,1100,0,
1785513022.7571,2026-07-31T11:50:22.757,419.129,4219,,,,0,,,,-0.0727,-130.25,-0.1709,-3010.25,1,45.0,idle,+0.000,+0.000,+0.000,+0.000,1100,0,
1785513022.8562,2026-07-31T11:50:22.856,419.228,4220,,,,0,,,,-0.0706,-130.26,-0.1687,-3010.26,1,45.0,idle,+0.000,+0.000,+0.000,+0.000,1100,0,
1785513022.9554,2026-07-31T11:50:22.955,419.327,4221,,,,0,,,,-0.0707,-130.28,-0.1688,-3010.28,1,45.0,idle,+0.000,+0.000,+0.000,+0.000,1100,0,
1785513023.0543,2026-07-31T11:50:23.054,419.426,4222,,,,0,,,,-0.0726,-130.30,-0.1707,-3010.30,1,45.0,idle,+0.000,+0.000,+0.000,+0.000,1100,0,
1785513023.1537,2026-07-31T11:50:23.153,419.525,4223,,,,0,,,,-0.0706,-130.32,-0.1688,-3010.32,1,45.0,idle,+0.000,+0.000,+0.000,+0.000,1100,0,
1785513023.2529,2026-07-31T11:50:23.252,419.625,4224,,,,0,,,,-0.0693,-130.34,-0.1674,-3010.34,1,45.0,idle,+0.000,+0.000,+0.000,+0.000,1100,0,
1785513023.3535,2026-07-31T11:50:23.353,419.725,4225,,,,0,,,,-0.0675,-130.36,-0.1656,-3010.36,1,45.0,idle,+0.000,+0.000,+0.000,+0.000,1100,0,
1785513023.4525,2026-07-31T11:50:23.452,419.824,4226,,,,0,,,,-0.0715,-130.38,-0.1696,-3010.38,1,45.0,idle,+0.000,+0.000,+0.000,+0.000,1100,0,
1785513023.5511,2026-07-31T11:50:23.551,419.923,4227,,,,0,,,,-0.0690,-130.40,-0.1672,-3010.40,1,45.0,idle,+0.000,+0.000,+0.000,+0.000,1100,0,
1785513023.6520,2026-07-31T11:50:23.651,420.024,4228,,,,0,,,,-0.0704,-130.43,-0.1685,-3010.43,1,45.0,idle,+0.000,+0.000,+0.000,+0.000,1100,0,
1785513023.7516,2026-07-31T11:50:23.751,420.123,4229,,,,0,,,,-0.0706,-130.46,-0.1687,-3010.46,1,45.0,idle,+0.000,+0.000,+0.000,+0.000,1100,0,
1785513023.8507,2026-07-31T11:50:23.850,420.222,4230,,,,0,,,,-0.0723,-130.48,-0.1704,-3010.48,1,45.0,idle,+0.000,+0.000,+0.000,+0.000,1100,0,
1785513023.9513,2026-07-31T11:50:23.951,420.323,4231,,,,0,,,,-0.0685,-130.51,-0.1666,-3010.51,1,45.0,idle,+0.000,+0.000,+0.000,+0.000,1100,0,
1785513024.0506,2026-07-31T11:50:24.050,420.422,4232,,,,0,,,,-0.0725,-130.51,-0.1707,-3010.51,1,45.0,idle,+0.000,+0.000,+0.000,+0.000,1100,0,
1785513024.1493,2026-07-31T11:50:24.149,420.521,4233,,,,0,,,,-0.0723,-130.54,-0.1705,-3010.54,1,45.0,idle,+0.000,+0.000,+0.000,+0.000,1100,0,
1785513024.2489,2026-07-31T11:50:24.248,420.621,4234,,,,0,,,,-0.0726,-130.57,-0.1707,-3010.57,1,45.0,idle,+0.000,+0.000,+0.000,+0.000,1100,0,
1785513024.3480,2026-07-31T11:50:24.348,420.720,4235,,,,0,,,,-0.0701,-130.59,-0.1682,-3010.59,1,45.0,idle,+0.000,+0.000,+0.000,+0.000,1100,0,
1785513024.4479,2026-07-31T11:50:24.447,420.820,4236,,,,0,,,,-0.0701,-130.61,-0.1683,-3010.61,1,45.0,idle,+0.000,+0.000,+0.000,+0.000,1100,0,
1785513024.5465,2026-07-31T11:50:24.546,420.918,4237,,,,0,,,,-0.0746,-130.62,-0.1727,-3010.62,1,45.0,idle,+0.000,+0.000,+0.000,+0.000,1100,0,
1785513024.6464,2026-07-31T11:50:24.646,421.018,4238,,,,0,,,,-0.0712,-130.65,-0.1694,-3010.65,1,45.0,idle,+0.000,+0.000,+0.000,+0.000,1100,0,
1785513024.7458,2026-07-31T11:50:24.745,421.118,4239,,,,0,,,,-0.0728,-130.67,-0.1710,-3010.67,1,45.0,idle,+0.000,+0.000,+0.000,+0.000,1100,0,
1785513024.8448,2026-07-31T11:50:24.844,421.216,4240,,,,0,,,,-0.0720,-130.70,-0.1701,-3010.70,1,45.0,idle,+0.000,+0.000,+0.000,+0.000,1100,0,
1785513024.9435,2026-07-31T11:50:24.943,421.315,4241,,,,0,,,,-0.0702,-130.72,-0.1683,-3010.72,1,45.0,idle,+0.000,+0.000,+0.000,+0.000,1100,0,
1785513025.0424,2026-07-31T11:50:25.042,421.414,4242,,,,0,,,,-0.0697,-130.73,-0.1678,-3010.73,1,45.0,idle,+0.000,+0.000,+0.000,+0.000,1100,0,
1785513025.1416,2026-07-31T11:50:25.141,421.513,4243,,,,0,,,,-0.0710,-130.76,-0.1692,-3010.76,1,45.0,idle,+0.000,+0.000,+0.000,+0.000,1100,0,
1785513025.2405,2026-07-31T11:50:25.240,421.612,4244,,,,0,,,,-0.0680,-130.77,-0.1661,-3010.77,1,45.0,idle,+0.000,+0.000,+0.000,+0.000,1100,0,
1785513025.3393,2026-07-31T11:50:25.339,421.711,4245,,,,0,,,,-0.0708,-130.79,-0.1689,-3010.79,1,45.0,idle,+0.000,+0.000,+0.000,+0.000,1100,0,
1785513025.4390,2026-07-31T11:50:25.439,421.811,4246,,,,0,,,,-0.0726,-130.81,-0.1708,-3010.81,1,45.0,idle,+0.000,+0.000,+0.000,+0.000,1100,0,
1785513025.5379,2026-07-31T11:50:25.537,421.910,4247,,,,0,,,,-0.0756,-130.84,-0.1737,-3010.84,1,45.0,idle,+0.000,+0.000,+0.000,+0.000,1100,0,
1785513025.6370,2026-07-31T11:50:25.637,422.009,4248,,,,0,,,,-0.0709,-130.88,-0.1691,-3010.88,1,45.0,idle,+0.000,+0.000,+0.000,+0.000,1100,0,
1785513025.7389,2026-07-31T11:50:25.738,422.111,4249,,,,0,,,,-0.0710,-130.90,-0.1692,-3010.90,1,45.0,idle,+0.000,+0.000,+0.000,+0.000,1100,0,
1785513025.8377,2026-07-31T11:50:25.837,422.209,4250,,,,0,,,,-0.0694,-130.93,-0.1676,-3010.93,1,45.0,idle,+0.000,+0.000,+0.000,+0.000,1100,0,
1785513025.9370,2026-07-31T11:50:25.937,422.309,4251,,,,0,,,,-0.0723,-130.96,-0.1705,-3010.96,1,45.0,idle,+0.000,+0.000,+0.000,+0.000,1100,0,
1785513026.0370,2026-07-31T11:50:26.037,422.409,4252,,,,0,,,,-0.0732,-130.98,-0.1714,-3010.98,1,45.0,idle,+0.000,+0.000,+0.000,+0.000,1100,0,
1785513026.1369,2026-07-31T11:50:26.136,422.509,4253,,,,0,,,,-0.0738,-131.01,-0.1720,-3011.01,1,45.0,idle,+0.000,+0.000,+0.000,+0.000,1100,0,
1785513026.2352,2026-07-31T11:50:26.235,422.607,4254,,,,0,,,,-0.0680,-131.02,-0.1661,-3011.02,1,45.0,idle,+0.000,+0.000,+0.000,+0.000,1100,0,
1785513026.3343,2026-07-31T11:50:26.334,422.706,4255,,,,0,,,,-0.0733,-131.05,-0.1714,-3011.05,1,45.0,idle,+0.000,+0.000,+0.000,+0.000,1100,0,
1785513026.4340,2026-07-31T11:50:26.434,422.806,4256,,,,0,,,,-0.0705,-131.08,-0.1686,-3011.08,1,45.0,idle,+0.000,+0.000,+0.000,+0.000,1100,0,
1785513026.5351,2026-07-31T11:50:26.535,422.907,4257,,,,0,,,,-0.0708,-131.09,-0.1690,-3011.09,1,45.0,idle,+0.000,+0.000,+0.000,+0.000,1100,0,
1785513026.6346,2026-07-31T11:50:26.634,423.006,4258,,,,0,,,,-0.0698,-131.11,-0.1680,-3011.11,1,45.0,idle,+0.000,+0.000,+0.000,+0.000,1100,0,
1785513026.7336,2026-07-31T11:50:26.733,423.105,4259,,,,0,,,,-0.0714,-131.13,-0.1695,-3011.13,1,45.0,idle,+0.000,+0.000,+0.000,+0.000,1100,0,
1785513026.8323,2026-07-31T11:50:26.832,423.204,4260,,,,0,,,,-0.0679,-131.16,-0.1660,-3011.16,1,45.0,idle,+0.000,+0.000,+0.000,+0.000,1100,0,
1785513026.9318,2026-07-31T11:50:26.931,423.303,4261,,,,0,,,,-0.0763,-131.19,-0.1744,-3011.19,1,45.0,idle,+0.000,+0.000,+0.000,+0.000,1100,0,
1785513027.0321,2026-07-31T11:50:27.032,423.404,4262,,,,0,,,,-0.0684,-131.21,-0.1665,-3011.21,1,45.0,idle,+0.000,+0.000,+0.000,+0.000,1100,0,
1785513027.1315,2026-07-31T11:50:27.131,423.503,4263,,,,0,,,,-0.0728,-131.23,-0.1709,-3011.23,1,45.0,idle,+0.000,+0.000,+0.000,+0.000,1100,0,
1785513027.2309,2026-07-31T11:50:27.230,423.603,4264,,,,0,,,,-0.0724,-131.25,-0.1705,-3011.25,1,45.0,idle,+0.000,+0.000,+0.000,+0.000,1100,0,
1785513027.3306,2026-07-31T11:50:27.330,423.702,4265,,,,0,,,,-0.0723,-131.28,-0.1704,-3011.28,1,45.0,idle,+0.000,+0.000,+0.000,+0.000,1100,0,
1785513027.4300,2026-07-31T11:50:27.429,423.802,4266,,,,0,,,,-0.0662,-131.31,-0.1644,-3011.31,1,45.0,idle,+0.000,+0.000,+0.000,+0.000,1100,0,
1785513027.5284,2026-07-31T11:50:27.528,423.900,4267,,,,0,,,,-0.0731,-131.32,-0.1712,-3011.32,1,45.0,idle,+0.000,+0.000,+0.000,+0.000,1100,0,
1785513027.6275,2026-07-31T11:50:27.627,423.999,4268,,,,0,,,,-0.0724,-131.35,-0.1705,-3011.35,1,45.0,idle,+0.000,+0.000,+0.000,+0.000,1100,0,
1785513027.7264,2026-07-31T11:50:27.726,424.098,4269,,,,0,,,,-0.0723,-131.37,-0.1704,-3011.37,1,45.0,idle,+0.000,+0.000,+0.000,+0.000,1100,0,
1785513027.8262,2026-07-31T11:50:27.826,424.198,4270,,,,0,,,,-0.0710,-131.39,-0.1691,-3011.39,1,45.0,idle,+0.000,+0.000,+0.000,+0.000,1100,0,
1785513027.9259,2026-07-31T11:50:27.925,424.298,4271,,,,0,,,,-0.0708,-131.40,-0.1689,-3011.40,1,45.0,idle,+0.000,+0.000,+0.000,+0.000,1100,0,
1785513028.0261,2026-07-31T11:50:28.026,424.398,4272,,,,0,,,,-0.0728,-131.43,-0.1709,-3011.43,1,45.0,idle,+0.000,+0.000,+0.000,+0.000,1100,0,
1785513028.1242,2026-07-31T11:50:28.124,424.496,4273,,,,0,,,,-0.0721,-131.45,-0.1703,-3011.45,1,45.0,idle,+0.000,+0.000,+0.000,+0.000,1100,0,
1785513028.2237,2026-07-31T11:50:28.223,424.595,4274,,,,0,,,,-0.0714,-131.48,-0.1696,-3011.48,1,45.0,idle,+0.000,+0.000,+0.000,+0.000,1100,0,
1785513028.3233,2026-07-31T11:50:28.323,424.695,4275,,,,0,,,,-0.0748,-131.51,-0.1729,-3011.51,1,45.0,idle,+0.000,+0.000,+0.000,+0.000,1100,0,
1785513028.4225,2026-07-31T11:50:28.422,424.794,4276,,,,0,,,,-0.0674,-131.53,-0.1655,-3011.53,1,45.0,idle,+0.000,+0.000,+0.000,+0.000,1100,0,
1785513028.5227,2026-07-31T11:50:28.522,424.894,4277,,,,0,,,,-0.0757,-131.55,-0.1738,-3011.55,1,45.0,idle,+0.000,+0.000,+0.000,+0.000,1100,0,
1785513028.6216,2026-07-31T11:50:28.621,424.993,4278,,,,0,,,,-0.0709,-131.59,-0.1691,-3011.59,1,45.0,idle,+0.000,+0.000,+0.000,+0.000,1100,0,
1785513028.7217,2026-07-31T11:50:28.721,425.093,4279,,,,0,,,,-0.0721,-131.60,-0.1702,-3011.60,1,45.0,idle,+0.000,+0.000,+0.000,+0.000,1100,0,
1785513028.8207,2026-07-31T11:50:28.820,425.192,4280,,,,0,,,,-0.0705,-131.64,-0.1686,-3011.64,1,45.0,idle,+0.000,+0.000,+0.000,+0.000,1100,0,
1785513028.9199,2026-07-31T11:50:28.919,425.292,4281,,,,0,,,,-0.0714,-131.65,-0.1695,-3011.65,1,45.0,idle,+0.000,+0.000,+0.000,+0.000,1100,0,
1785513029.0191,2026-07-31T11:50:29.019,425.391,4282,,,,0,,,,-0.0668,-131.67,-0.1650,-3011.67,1,45.0,idle,+0.000,+0.000,+0.000,+0.000,1100,0,
1785513029.1188,2026-07-31T11:50:29.118,425.490,4283,,,,0,,,,-0.0691,-131.69,-0.1673,-3011.69,1,45.0,idle,+0.000,+0.000,+0.000,+0.000,1100,0,
1785513029.2174,2026-07-31T11:50:29.217,425.589,4284,,,,0,,,,-0.0671,-131.70,-0.1653,-3011.70,1,45.0,idle,+0.000,+0.000,+0.000,+0.000,1100,0,
1785513029.3167,2026-07-31T11:50:29.316,425.688,4285,,,,0,,,,-0.0778,-131.73,-0.1760,-3011.73,1,45.0,idle,+0.000,+0.000,+0.000,+0.000,1100,0,
1785513029.4155,2026-07-31T11:50:29.415,425.787,4286,,,,0,,,,-0.0738,-131.74,-0.1720,-3011.74,1,45.0,idle,+0.000,+0.000,+0.000,+0.000,1100,0,
1785513029.5146,2026-07-31T11:50:29.514,425.886,4287,,,,0,,,,-0.0689,-131.76,-0.1670,-3011.76,1,45.0,idle,+0.000,+0.000,+0.000,+0.000,1100,0,
1785513029.6137,2026-07-31T11:50:29.613,425.985,4288,,,,0,,,,-0.0666,-131.77,-0.1647,-3011.77,1,45.0,idle,+0.000,+0.000,+0.000,+0.000,1100,0,
1785513029.7123,2026-07-31T11:50:29.712,426.084,4289,,,,0,,,,-0.0706,-131.81,-0.1688,-3011.81,1,45.0,idle,+0.000,+0.000,+0.000,+0.000,1100,0,
1785513029.8117,2026-07-31T11:50:29.811,426.183,4290,,,,0,,,,-0.0730,-131.84,-0.1712,-3011.84,1,45.0,idle,+0.000,+0.000,+0.000,+0.000,1100,0,
1785513029.9112,2026-07-31T11:50:29.911,426.283,4291,,,,0,,,,-0.0722,-131.86,-0.1704,-3011.86,1,45.0,idle,+0.000,+0.000,+0.000,+0.000,1100,0,
1785513030.0103,2026-07-31T11:50:30.010,426.382,4292,,,,0,,,,-0.0717,-131.88,-0.1698,-3011.88,1,45.0,idle,+0.000,+0.000,+0.000,+0.000,1100,0,
1785513030.1103,2026-07-31T11:50:30.110,426.482,4293,,,,0,,,,-0.0735,-131.89,-0.1716,-3011.89,1,45.0,idle,+0.000,+0.000,+0.000,+0.000,1100,0,
1785513030.2112,2026-07-31T11:50:30.211,426.583,4294,,,,0,,,,-0.0716,-131.92,-0.1697,-3011.92,1,45.0,idle,+0.000,+0.000,+0.000,+0.000,1100,0,
1785513030.3107,2026-07-31T11:50:30.310,426.682,4295,,,,0,,,,-0.0735,-131.96,-0.1716,-3011.96,1,45.0,idle,+0.000,+0.000,+0.000,+0.000,1100,0,
1785513030.4100,2026-07-31T11:50:30.409,426.782,4296,,,,0,,,,-0.0722,-131.97,-0.1703,-3011.97,1,45.0,idle,+0.000,+0.000,+0.000,+0.000,1100,0,
1785513030.5091,2026-07-31T11:50:30.509,426.881,4297,,,,0,,,,-0.0732,-131.99,-0.1713,-3011.99,1,45.0,idle,+0.000,+0.000,+0.000,+0.000,1100,0,
1785513030.6077,2026-07-31T11:50:30.607,426.979,4298,,,,0,,,,-0.0717,-132.00,-0.1698,-3012.00,1,45.0,idle,+0.000,+0.000,+0.000,+0.000,1100,0,
1785513030.7071,2026-07-31T11:50:30.707,427.079,4299,,,,0,,,,-0.0703,-132.02,-0.1685,-3012.02,1,45.0,idle,+0.000,+0.000,+0.000,+0.000,1100,0,
1785513030.8055,2026-07-31T11:50:30.805,427.177,4300,,,,0,,,,-0.0718,-132.05,-0.1699,-3012.05,1,45.0,idle,+0.000,+0.000,+0.000,+0.000,1100,0,
1785513030.9045,2026-07-31T11:50:30.904,427.276,4301,,,,0,,,,-0.0707,-132.07,-0.1688,-3012.07,1,45.0,idle,+0.000,+0.000,+0.000,+0.000,1100,0,
1785513031.0033,2026-07-31T11:50:31.003,427.375,4302,,,,0,,,,-0.0696,-132.10,-0.1677,-3012.10,1,45.0,idle,+0.000,+0.000,+0.000,+0.000,1100,0,
1785513031.1026,2026-07-31T11:50:31.102,427.474,4303,,,,0,,,,-0.0708,-132.11,-0.1689,-3012.11,1,45.0,idle,+0.000,+0.000,+0.000,+0.000,1100,0,
1785513031.2028,2026-07-31T11:50:31.202,427.575,4304,,,,0,,,,-0.0719,-132.14,-0.1700,-3012.14,1,45.0,idle,+0.000,+0.000,+0.000,+0.000,1100,0,
1785513031.3023,2026-07-31T11:50:31.302,427.674,4305,,,,0,,,,-0.0699,-132.17,-0.1681,-3012.17,1,45.0,idle,+0.000,+0.000,+0.000,+0.000,1100,0,
1785513031.4015,2026-07-31T11:50:31.401,427.773,4306,,,,0,,,,-0.0698,-132.19,-0.1679,-3012.19,1,45.0,idle,+0.000,+0.000,+0.000,+0.000,1100,0,
1785513031.5022,2026-07-31T11:50:31.502,427.874,4307,,,,0,,,,-0.0686,-132.23,-0.1668,-3012.23,1,45.0,idle,+0.000,+0.000,+0.000,+0.000,1100,0,
1785513031.6018,2026-07-31T11:50:31.601,427.974,4308,,,,0,,,,-0.0711,-132.24,-0.1692,-3012.24,1,45.0,idle,+0.000,+0.000,+0.000,+0.000,1100,0,
1785513031.7011,2026-07-31T11:50:31.701,428.073,4309,,,,0,,,,-0.0690,-132.26,-0.1671,-3012.26,1,45.0,idle,+0.000,+0.000,+0.000,+0.000,1100,0,
1785513031.8023,2026-07-31T11:50:31.802,428.174,4310,,,,0,,,,-0.0706,-132.28,-0.1687,-3012.28,1,45.0,idle,+0.000,+0.000,+0.000,+0.000,1100,0,
1785513031.9014,2026-07-31T11:50:31.901,428.273,4311,,,,0,,,,-0.0739,-132.31,-0.1721,-3012.31,1,45.0,idle,+0.000,+0.000,+0.000,+0.000,1100,0,
1785513032.0009,2026-07-31T11:50:32.000,428.373,4312,,,,0,,,,-0.0723,-132.34,-0.1704,-3012.34,1,45.0,idle,+0.000,+0.000,+0.000,+0.000,1100,0,
1785513032.1006,2026-07-31T11:50:32.100,428.472,4313,,,,0,,,,-0.0696,-132.36,-0.1677,-3012.36,1,45.0,idle,+0.000,+0.000,+0.000,+0.000,1100,0,
1785513032.1997,2026-07-31T11:50:32.199,428.571,4314,,,,0,,,,-0.0702,-132.38,-0.1684,-3012.38,1,45.0,idle,+0.000,+0.000,+0.000,+0.000,1100,0,
1785513032.2986,2026-07-31T11:50:32.298,428.670,4315,,,,0,,,,-0.0729,-132.39,-0.1710,-3012.39,1,45.0,idle,+0.000,+0.000,+0.000,+0.000,1100,0,
1785513032.3981,2026-07-31T11:50:32.398,428.770,4316,,,,0,,,,-0.0723,-132.42,-0.1705,-3012.42,1,45.0,idle,+0.000,+0.000,+0.000,+0.000,1100,0,
1785513032.4982,2026-07-31T11:50:32.498,428.870,4317,,,,0,,,,-0.0725,-132.44,-0.1706,-3012.44,1,45.0,idle,+0.000,+0.000,+0.000,+0.000,1100,0,
1785513032.5964,2026-07-31T11:50:32.596,428.968,4318,,,,0,,,,-0.0699,-132.45,-0.1680,-3012.45,1,45.0,idle,+0.000,+0.000,+0.000,+0.000,1100,0,
1785513032.6957,2026-07-31T11:50:32.695,429.067,4319,,,,0,,,,-0.0728,-132.48,-0.1709,-3012.48,1,45.0,idle,+0.000,+0.000,+0.000,+0.000,1100,0,
1785513032.7948,2026-07-31T11:50:32.794,429.166,4320,,,,0,,,,-0.0720,-132.49,-0.1701,-3012.49,1,45.0,idle,+0.000,+0.000,+0.000,+0.000,1100,0,
1785513032.8937,2026-07-31T11:50:32.893,429.265,4321,,,,0,,,,-0.0722,-132.52,-0.1703,-3012.52,1,45.0,idle,+0.000,+0.000,+0.000,+0.000,1100,0,
1785513032.9930,2026-07-31T11:50:32.992,429.365,4322,,,,0,,,,-0.0694,-132.54,-0.1676,-3012.54,1,45.0,idle,+0.000,+0.000,+0.000,+0.000,1100,0,
1785513033.0920,2026-07-31T11:50:33.092,429.464,4323,,,,0,,,,-0.0726,-132.56,-0.1707,-3012.56,1,45.0,idle,+0.000,+0.000,+0.000,+0.000,1100,0,
1785513033.1912,2026-07-31T11:50:33.191,429.563,4324,,,,0,,,,-0.0722,-132.58,-0.1704,-3012.58,1,45.0,idle,+0.000,+0.000,+0.000,+0.000,1100,0,
1785513033.2903,2026-07-31T11:50:33.290,429.662,4325,,,,0,,,,-0.0717,-132.60,-0.1699,-3012.60,1,45.0,idle,+0.000,+0.000,+0.000,+0.000,1100,0,
1785513033.3898,2026-07-31T11:50:33.389,429.762,4326,,,,0,,,,-0.0666,-132.63,-0.1647,-3012.63,1,45.0,idle,+0.000,+0.000,+0.000,+0.000,1100,0,
1785513033.4898,2026-07-31T11:50:33.489,429.862,4327,,,,0,,,,-0.0695,-132.66,-0.1677,-3012.66,1,45.0,idle,+0.000,+0.000,+0.000,+0.000,1100,0,
1785513033.5893,2026-07-31T11:50:33.589,429.961,4328,,,,0,,,,-0.0705,-132.67,-0.1686,-3012.67,1,45.0,idle,+0.000,+0.000,+0.000,+0.000,1100,0,
1785513033.6887,2026-07-31T11:50:33.688,430.060,4329,,,,0,,,,-0.0687,-132.70,-0.1668,-3012.70,1,45.0,idle,+0.000,+0.000,+0.000,+0.000,1100,0,
1785513033.7877,2026-07-31T11:50:33.787,430.159,4330,,,,0,,,,-0.0713,-132.71,-0.1694,-3012.71,1,45.0,idle,+0.000,+0.000,+0.000,+0.000,1100,0,
1785513033.8869,2026-07-31T11:50:33.886,430.259,4331,,,,0,,,,-0.0711,-132.74,-0.1693,-3012.74,1,45.0,idle,+0.000,+0.000,+0.000,+0.000,1100,0,
1785513033.9874,2026-07-31T11:50:33.987,430.359,4332,,,,0,,,,-0.0791,-132.76,-0.1772,-3012.76,1,45.0,idle,+0.000,+0.000,+0.000,+0.000,1100,0,
1785513034.0873,2026-07-31T11:50:34.087,430.459,4333,,,,0,,,,-0.0705,-132.78,-0.1686,-3012.78,1,45.0,idle,+0.000,+0.000,+0.000,+0.000,1100,0,
1785513034.1874,2026-07-31T11:50:34.187,430.559,4334,,,,0,,,,-0.0729,-132.81,-0.1710,-3012.81,1,45.0,idle,+0.000,+0.000,+0.000,+0.000,1100,0,
1785513034.2867,2026-07-31T11:50:34.286,430.658,4335,,,,0,,,,-0.0763,-132.83,-0.1744,-3012.83,1,45.0,idle,+0.000,+0.000,+0.000,+0.000,1100,0,
1785513034.3855,2026-07-31T11:50:34.385,430.757,4336,,,,0,,,,-0.0720,-132.84,-0.1702,-3012.84,1,45.0,idle,+0.000,+0.000,+0.000,+0.000,1100,0,
1785513034.4849,2026-07-31T11:50:34.484,430.857,4337,,,,0,,,,-0.0730,-132.88,-0.1711,-3012.88,1,45.0,idle,+0.000,+0.000,+0.000,+0.000,1100,0,
1785513034.5841,2026-07-31T11:50:34.584,430.956,4338,,,,0,,,,-0.0734,-132.89,-0.1716,-3012.89,1,45.0,idle,+0.000,+0.000,+0.000,+0.000,1100,0,
1785513034.6833,2026-07-31T11:50:34.683,431.055,4339,,,,0,,,,-0.0722,-132.92,-0.1703,-3012.92,1,45.0,idle,+0.000,+0.000,+0.000,+0.000,1100,0,
1785513034.7824,2026-07-31T11:50:34.782,431.154,4340,,,,0,,,,-0.0724,-132.93,-0.1705,-3012.93,1,45.0,idle,+0.000,+0.000,+0.000,+0.000,1100,0,
1785513034.8819,2026-07-31T11:50:34.881,431.254,4341,,,,0,,,,-0.0732,-132.95,-0.1713,-3012.95,1,45.0,idle,+0.000,+0.000,+0.000,+0.000,1100,0,
1785513034.9814,2026-07-31T11:50:34.981,431.353,4342,,,,0,,,,-0.0708,-132.98,-0.1689,-3012.98,1,45.0,idle,+0.000,+0.000,+0.000,+0.000,1100,0,
1785513035.0826,2026-07-31T11:50:35.082,431.454,4343,,,,0,,,,-0.0754,-133.00,-0.1736,-3013.00,1,45.0,idle,+0.000,+0.000,+0.000,+0.000,1100,0,
1785513035.1818,2026-07-31T11:50:35.181,431.553,4344,,,,0,,,,-0.0703,-133.01,-0.1684,-3013.01,1,45.0,idle,+0.000,+0.000,+0.000,+0.000,1100,0,
1785513035.2812,2026-07-31T11:50:35.281,431.653,4345,,,,0,,,,-0.0739,-133.03,-0.1721,-3013.03,1,45.0,idle,+0.000,+0.000,+0.000,+0.000,1100,0,
1785513035.3796,2026-07-31T11:50:35.379,431.751,4346,,,,0,,,,-0.0712,-133.05,-0.1693,-3013.05,1,45.0,idle,+0.000,+0.000,+0.000,+0.000,1100,0,
1785513035.4787,2026-07-31T11:50:35.478,431.850,4347,,,,0,,,,-0.0735,-133.09,-0.1716,-3013.09,1,45.0,idle,+0.000,+0.000,+0.000,+0.000,1100,0,
1785513035.5775,2026-07-31T11:50:35.577,431.949,4348,,,,0,,,,-0.0693,-133.10,-0.1674,-3013.10,1,45.0,idle,+0.000,+0.000,+0.000,+0.000,1100,0,
1785513035.6769,2026-07-31T11:50:35.676,432.049,4349,,,,0,,,,-0.0725,-133.12,-0.1707,-3013.12,1,45.0,idle,+0.000,+0.000,+0.000,+0.000,1100,0,
1785513035.7756,2026-07-31T11:50:35.775,432.147,4350,,,,0,,,,-0.0691,-133.14,-0.1672,-3013.14,1,45.0,idle,+0.000,+0.000,+0.000,+0.000,1100,0,
1785513035.8755,2026-07-31T11:50:35.875,432.247,4351,,,,0,,,,-0.0705,-133.17,-0.1687,-3013.17,1,45.0,idle,+0.000,+0.000,+0.000,+0.000,1100,0,
1785513035.9747,2026-07-31T11:50:35.974,432.346,4352,,,,0,,,,-0.0716,-133.18,-0.1697,-3013.18,1,45.0,idle,+0.000,+0.000,+0.000,+0.000,1100,0,
1785513036.0736,2026-07-31T11:50:36.073,432.445,4353,,,,0,,,,-0.0698,-133.22,-0.1680,-3013.22,1,45.0,idle,+0.000,+0.000,+0.000,+0.000,1100,0,
1785513036.1735,2026-07-31T11:50:36.173,432.545,4354,,,,0,,,,-0.0707,-133.24,-0.1689,-3013.24,1,45.0,idle,+0.000,+0.000,+0.000,+0.000,1100,0,
1785513036.2725,2026-07-31T11:50:36.272,432.644,4355,,,,0,,,,-0.0738,-133.25,-0.1720,-3013.25,1,45.0,idle,+0.000,+0.000,+0.000,+0.000,1100,0,
1785513036.3721,2026-07-31T11:50:36.372,432.744,4356,,,,0,,,,-0.0711,-133.28,-0.1693,-3013.28,1,45.0,idle,+0.000,+0.000,+0.000,+0.000,1100,0,
1785513036.4723,2026-07-31T11:50:36.472,432.844,4357,,,,0,,,,-0.0726,-133.30,-0.1708,-3013.30,1,45.0,idle,+0.000,+0.000,+0.000,+0.000,1100,0,
1785513036.5710,2026-07-31T11:50:36.571,432.943,4358,,,,0,,,,-0.0728,-133.32,-0.1709,-3013.32,1,45.0,idle,+0.000,+0.000,+0.000,+0.000,1100,0,
1785513036.6698,2026-07-31T11:50:36.669,433.041,4359,,,,0,,,,-0.0707,-133.33,-0.1688,-3013.33,1,45.0,idle,+0.000,+0.000,+0.000,+0.000,1100,0,
1785513036.7692,2026-07-31T11:50:36.769,433.141,4360,,,,0,,,,-0.0700,-133.36,-0.1681,-3013.36,1,45.0,idle,+0.000,+0.000,+0.000,+0.000,1100,0,
1785513036.8683,2026-07-31T11:50:36.868,433.240,4361,,,,0,,,,-0.0709,-133.39,-0.1690,-3013.39,1,45.0,idle,+0.000,+0.000,+0.000,+0.000,1100,0,
1785513036.9683,2026-07-31T11:50:36.968,433.340,4362,,,,0,,,,-0.0711,-133.40,-0.1692,-3013.40,1,45.0,idle,+0.000,+0.000,+0.000,+0.000,1100,0,
1785513037.0672,2026-07-31T11:50:37.067,433.439,4363,,,,0,,,,-0.0712,-133.43,-0.1693,-3013.43,1,45.0,idle,+0.000,+0.000,+0.000,+0.000,1100,0,
1785513037.1660,2026-07-31T11:50:37.166,433.538,4364,,,,0,,,,-0.0700,-133.45,-0.1682,-3013.45,1,45.0,idle,+0.000,+0.000,+0.000,+0.000,1100,0,
1785513037.2647,2026-07-31T11:50:37.264,433.636,4365,,,,0,,,,-0.0714,-133.47,-0.1695,-3013.47,1,45.0,idle,+0.000,+0.000,+0.000,+0.000,1100,0,
1785513037.3641,2026-07-31T11:50:37.364,433.736,4366,,,,0,,,,-0.0682,-133.50,-0.1663,-3013.50,1,45.0,idle,+0.000,+0.000,+0.000,+0.000,1100,0,
1785513037.4630,2026-07-31T11:50:37.462,433.835,4367,,,,0,,,,-0.0725,-133.52,-0.1706,-3013.52,1,45.0,idle,+0.000,+0.000,+0.000,+0.000,1100,0,
1785513037.5618,2026-07-31T11:50:37.561,433.934,4368,,,,0,,,,-0.0738,-133.55,-0.1719,-3013.55,1,45.0,idle,+0.000,+0.000,+0.000,+0.000,1100,0,
1785513037.6606,2026-07-31T11:50:37.660,434.032,4369,,,,0,,,,-0.0713,-133.56,-0.1694,-3013.56,1,45.0,idle,+0.000,+0.000,+0.000,+0.000,1100,0,
1785513037.7618,2026-07-31T11:50:37.761,434.133,4370,,,,0,,,,-0.0693,-133.58,-0.1675,-3013.58,1,45.0,idle,+0.000,+0.000,+0.000,+0.000,1100,0,
1785513037.8611,2026-07-31T11:50:37.861,434.233,4371,,,,0,,,,-0.0719,-133.61,-0.1700,-3013.61,1,45.0,idle,+0.000,+0.000,+0.000,+0.000,1100,0,
1785513037.9605,2026-07-31T11:50:37.960,434.332,4372,,,,0,,,,-0.0733,-133.62,-0.1714,-3013.62,1,45.0,idle,+0.000,+0.000,+0.000,+0.000,1100,0,
1785513038.0608,2026-07-31T11:50:38.060,434.433,4373,,,,0,,,,-0.0685,-133.66,-0.1666,-3013.66,1,45.0,idle,+0.000,+0.000,+0.000,+0.000,1100,0,
1785513038.1600,2026-07-31T11:50:38.159,434.532,4374,,,,0,,,,-0.0707,-133.67,-0.1689,-3013.67,1,45.0,idle,+0.000,+0.000,+0.000,+0.000,1100,0,
1785513038.2593,2026-07-31T11:50:38.259,434.631,4375,,,,0,,,,-0.0735,-133.70,-0.1716,-3013.70,1,45.0,idle,+0.000,+0.000,+0.000,+0.000,1100,0,
1785513038.3579,2026-07-31T11:50:38.357,434.730,4376,,,,0,,,,-0.0726,-133.73,-0.1707,-3013.73,1,45.0,idle,+0.000,+0.000,+0.000,+0.000,1100,0,
1785513038.4572,2026-07-31T11:50:38.457,434.829,4377,,,,0,,,,-0.0729,-133.74,-0.1710,-3013.74,1,45.0,idle,+0.000,+0.000,+0.000,+0.000,1100,0,
1785513038.5572,2026-07-31T11:50:38.557,434.929,4378,,,,0,,,,-0.0702,-133.77,-0.1683,-3013.77,1,45.0,idle,+0.000,+0.000,+0.000,+0.000,1100,0,
1785513038.6566,2026-07-31T11:50:38.656,435.028,4379,,,,0,,,,-0.0703,-133.78,-0.1684,-3013.78,1,45.0,idle,+0.000,+0.000,+0.000,+0.000,1100,0,
1785513038.7565,2026-07-31T11:50:38.756,435.128,4380,,,,0,,,,-0.0699,-133.81,-0.1680,-3013.81,1,45.0,idle,+0.000,+0.000,+0.000,+0.000,1100,0,
1785513038.8583,2026-07-31T11:50:38.858,435.230,4381,,,,0,,,,-0.0674,-133.84,-0.1655,-3013.84,1,45.0,idle,+0.000,+0.000,+0.000,+0.000,1100,0,
1785513038.9574,2026-07-31T11:50:38.957,435.329,4382,,,,0,,,,-0.0715,-133.85,-0.1696,-3013.85,1,45.0,idle,+0.000,+0.000,+0.000,+0.000,1100,0,
1785513039.0556,2026-07-31T11:50:39.055,435.427,4383,,,,0,,,,-0.0708,-133.88,-0.1690,-3013.88,1,45.0,idle,+0.000,+0.000,+0.000,+0.000,1100,0,
1785513039.1557,2026-07-31T11:50:39.155,435.527,4384,,,,0,,,,-0.0714,-133.90,-0.1695,-3013.90,1,45.0,idle,+0.000,+0.000,+0.000,+0.000,1100,0,
1785513039.2548,2026-07-31T11:50:39.254,435.627,4385,,,,0,,,,-0.0738,-133.93,-0.1719,-3013.93,1,45.0,idle,+0.000,+0.000,+0.000,+0.000,1100,0,
1785513039.3537,2026-07-31T11:50:39.353,435.725,4386,,,,0,,,,-0.0737,-133.95,-0.1718,-3013.95,1,45.0,idle,+0.000,+0.000,+0.000,+0.000,1100,0,
1785513039.4536,2026-07-31T11:50:39.453,435.825,4387,,,,0,,,,-0.0748,-133.98,-0.1730,-3013.98,1,45.0,idle,+0.000,+0.000,+0.000,+0.000,1100,0,
1785513039.5536,2026-07-31T11:50:39.553,435.925,4388,,,,0,,,,-0.0716,-134.02,-0.1698,-3014.02,1,45.0,idle,+0.000,+0.000,+0.000,+0.000,1100,0,
1785513039.6532,2026-07-31T11:50:39.653,436.025,4389,,,,0,,,,-0.0702,-134.03,-0.1683,-3014.03,1,45.0,idle,+0.000,+0.000,+0.000,+0.000,1100,0,
1785513039.7521,2026-07-31T11:50:39.752,436.124,4390,,,,0,,,,-0.0740,-134.06,-0.1722,-3014.06,1,45.0,idle,+0.000,+0.000,+0.000,+0.000,1100,0,
1785513039.8512,2026-07-31T11:50:39.851,436.223,4391,,,,0,,,,-0.0713,-134.09,-0.1694,-3014.09,1,45.0,idle,+0.000,+0.000,+0.000,+0.000,1100,0,
1785513039.9514,2026-07-31T11:50:39.951,436.323,4392,,,,0,,,,-0.0680,-134.10,-0.1661,-3014.10,1,45.0,idle,+0.000,+0.000,+0.000,+0.000,1100,0,
1785513040.0507,2026-07-31T11:50:40.050,436.422,4393,,,,0,,,,-0.0707,-134.13,-0.1688,-3014.13,1,45.0,idle,+0.000,+0.000,+0.000,+0.000,1100,0,
1785513040.1503,2026-07-31T11:50:40.150,436.522,4394,,,,0,,,,-0.0721,-134.14,-0.1702,-3014.14,1,45.0,idle,+0.000,+0.000,+0.000,+0.000,1100,0,
1785513040.2493,2026-07-31T11:50:40.249,436.621,4395,,,,0,,,,-0.0659,-134.17,-0.1640,-3014.17,1,45.0,idle,+0.000,+0.000,+0.000,+0.000,1100,0,
1785513040.3483,2026-07-31T11:50:40.348,436.720,4396,,,,0,,,,-0.0691,-134.19,-0.1672,-3014.19,1,45.0,idle,+0.000,+0.000,+0.000,+0.000,1100,0,
1785513040.4474,2026-07-31T11:50:40.447,436.819,4397,,,,0,,,,-0.0725,-134.21,-0.1707,-3014.21,1,45.0,idle,+0.000,+0.000,+0.000,+0.000,1100,0,
1785513040.5457,2026-07-31T11:50:40.545,436.917,4398,,,,0,,,,-0.0712,-134.23,-0.1693,-3014.23,1,45.0,idle,+0.000,+0.000,+0.000,+0.000,1100,0,
1785513040.6448,2026-07-31T11:50:40.644,437.017,4399,,,,0,,,,-0.0706,-134.25,-0.1688,-3014.25,1,45.0,idle,+0.000,+0.000,+0.000,+0.000,1100,0,
1785513040.7445,2026-07-31T11:50:40.744,437.116,4400,,,,0,,,,-0.0723,-134.27,-0.1704,-3014.27,1,45.0,idle,+0.000,+0.000,+0.000,+0.000,1100,0,
1785513040.8445,2026-07-31T11:50:40.844,437.216,4401,,,,0,,,,-0.0698,-134.28,-0.1679,-3014.28,1,45.0,idle,+0.000,+0.000,+0.000,+0.000,1100,0,
1785513040.9445,2026-07-31T11:50:40.944,437.316,4402,,,,0,,,,-0.0724,-134.32,-0.1705,-3014.32,1,45.0,idle,+0.000,+0.000,+0.000,+0.000,1100,0,
1785513041.0441,2026-07-31T11:50:41.044,437.416,4403,,,,0,,,,-0.0714,-134.35,-0.1696,-3014.35,1,45.0,idle,+0.000,+0.000,+0.000,+0.000,1100,0,
1785513041.1454,2026-07-31T11:50:41.145,437.517,4404,,,,0,,,,-0.0700,-134.36,-0.1681,-3014.36,1,45.0,idle,+0.000,+0.000,+0.000,+0.000,1100,0,
1785513041.2445,2026-07-31T11:50:41.244,437.616,4405,,,,0,,,,-0.0703,-134.37,-0.1684,-3014.37,1,45.0,idle,+0.000,+0.000,+0.000,+0.000,1100,0,
1785513041.3437,2026-07-31T11:50:41.343,437.715,4406,,,,0,,,,-0.0750,-134.39,-0.1732,-3014.39,1,45.0,idle,+0.000,+0.000,+0.000,+0.000,1100,0,
1785513041.4432,2026-07-31T11:50:41.443,437.815,4407,,,,0,,,,-0.0751,-134.41,-0.1732,-3014.41,1,45.0,idle,+0.000,+0.000,+0.000,+0.000,1100,0,
1785513041.5425,2026-07-31T11:50:41.542,437.914,4408,,,,0,,,,-0.0726,-134.44,-0.1708,-3014.44,1,45.0,idle,+0.000,+0.000,+0.000,+0.000,1100,0,
1785513041.6435,2026-07-31T11:50:41.643,438.015,4409,,,,0,,,,-0.0740,-134.45,-0.1722,-3014.45,1,45.0,idle,+0.000,+0.000,+0.000,+0.000,1100,0,
1785513041.7444,2026-07-31T11:50:41.744,438.116,4410,,,,0,,,,-0.0698,-134.48,-0.1680,-3014.48,1,45.0,idle,+0.000,+0.000,+0.000,+0.000,1100,0,
1785513041.8435,2026-07-31T11:50:41.843,438.215,4411,,,,0,,,,-0.0750,-134.52,-0.1732,-3014.52,1,45.0,idle,+0.000,+0.000,+0.000,+0.000,1100,0,
1785513041.9419,2026-07-31T11:50:41.941,438.314,4412,,,,0,,,,-0.0694,-134.53,-0.1676,-3014.53,1,45.0,idle,+0.000,+0.000,+0.000,+0.000,1100,0,
1785513042.0416,2026-07-31T11:50:42.041,438.413,4413,,,,0,,,,-0.0714,-134.56,-0.1695,-3014.56,1,45.0,idle,+0.000,+0.000,+0.000,+0.000,1100,0,
1785513042.1425,2026-07-31T11:50:42.142,438.514,4414,,,,0,,,,-0.0730,-134.57,-0.1711,-3014.57,1,45.0,idle,+0.000,+0.000,+0.000,+0.000,1100,0,
1785513042.2426,2026-07-31T11:50:42.242,438.614,4415,,,,0,,,,-0.0725,-134.61,-0.1706,-3014.61,1,45.0,idle,+0.000,+0.000,+0.000,+0.000,1100,0,
1785513042.3420,2026-07-31T11:50:42.341,438.714,4416,,,,0,,,,-0.0723,-134.63,-0.1704,-3014.63,1,45.0,idle,+0.000,+0.000,+0.000,+0.000,1100,0,
1785513042.4411,2026-07-31T11:50:42.441,438.813,4417,,,,0,,,,-0.0728,-134.65,-0.1710,-3014.65,1,45.0,idle,+0.000,+0.000,+0.000,+0.000,1100,0,
1785513042.5403,2026-07-31T11:50:42.540,438.912,4418,,,,0,,,,-0.0736,-134.69,-0.1718,-3014.69,1,45.0,idle,+0.000,+0.000,+0.000,+0.000,1100,0,
1785513042.6390,2026-07-31T11:50:42.639,439.011,4419,,,,0,,,,-0.0732,-134.70,-0.1713,-3014.70,1,45.0,idle,+0.000,+0.000,+0.000,+0.000,1100,0,
1785513042.7385,2026-07-31T11:50:42.738,439.110,4420,,,,0,,,,-0.0732,-134.72,-0.1713,-3014.72,1,45.0,idle,+0.000,+0.000,+0.000,+0.000,1100,0,
1785513042.8373,2026-07-31T11:50:42.837,439.209,4421,,,,0,,,,-0.0706,-134.75,-0.1687,-3014.75,1,45.0,idle,+0.000,+0.000,+0.000,+0.000,1100,0,
1785513042.9357,2026-07-31T11:50:42.935,439.307,4422,,,,0,,,,-0.0732,-134.76,-0.1714,-3014.76,1,45.0,idle,+0.000,+0.000,+0.000,+0.000,1100,0,
1785513043.0356,2026-07-31T11:50:43.035,439.407,4423,,,,0,,,,-0.0705,-134.79,-0.1687,-3014.79,1,45.0,idle,+0.000,+0.000,+0.000,+0.000,1100,0,
1785513043.1348,2026-07-31T11:50:43.134,439.507,4424,,,,0,,,,-0.0714,-134.81,-0.1696,-3014.81,1,45.0,idle,+0.000,+0.000,+0.000,+0.000,1100,0,
1785513043.2341,2026-07-31T11:50:43.234,439.606,4425,,,,0,,,,-0.0710,-134.84,-0.1692,-3014.84,1,45.0,idle,+0.000,+0.000,+0.000,+0.000,1100,0,
1785513043.3338,2026-07-31T11:50:43.333,439.705,4426,,,,0,,,,-0.0712,-134.85,-0.1693,-3014.85,1,45.0,idle,+0.000,+0.000,+0.000,+0.000,1100,0,
1785513043.4332,2026-07-31T11:50:43.433,439.805,4427,,,,0,,,,-0.0709,-134.88,-0.1690,-3014.88,1,45.0,idle,+0.000,+0.000,+0.000,+0.000,1100,0,
1785513043.5322,2026-07-31T11:50:43.532,439.904,4428,,,,0,,,,-0.0708,-134.89,-0.1690,-3014.89,1,45.0,idle,+0.000,+0.000,+0.000,+0.000,1100,0,
1785513043.6313,2026-07-31T11:50:43.631,440.003,4429,,,,0,,,,-0.0693,-134.92,-0.1675,-3014.92,1,45.0,idle,+0.000,+0.000,+0.000,+0.000,1100,0,
1785513043.7299,2026-07-31T11:50:43.729,440.102,4430,,,,0,,,,-0.0721,-134.94,-0.1702,-3014.94,1,45.0,idle,+0.000,+0.000,+0.000,+0.000,1100,0,
1785513043.8293,2026-07-31T11:50:43.829,440.201,4431,,,,0,,,,-0.0713,-134.95,-0.1694,-3014.95,1,45.0,idle,+0.000,+0.000,+0.000,+0.000,1100,0,
1785513043.9281,2026-07-31T11:50:43.928,440.300,4432,,,,0,,,,-0.0701,-134.97,-0.1683,-3014.97,1,45.0,idle,+0.000,+0.000,+0.000,+0.000,1100,0,
1785513044.0270,2026-07-31T11:50:44.027,440.399,4433,,,,0,,,,-0.0712,-134.98,-0.1694,-3014.98,1,45.0,idle,+0.000,+0.000,+0.000,+0.000,1100,0,
1785513044.1261,2026-07-31T11:50:44.126,440.498,4434,,,,0,,,,-0.0714,-135.02,-0.1695,-3015.02,1,45.0,idle,+0.000,+0.000,+0.000,+0.000,1100,0,
1785513044.2255,2026-07-31T11:50:44.225,440.597,4435,,,,0,,,,-0.0696,-135.03,-0.1677,-3015.03,1,45.0,idle,+0.000,+0.000,+0.000,+0.000,1100,0,
1785513044.3242,2026-07-31T11:50:44.324,440.696,4436,,,,0,,,,-0.0716,-135.05,-0.1698,-3015.05,1,45.0,idle,+0.000,+0.000,+0.000,+0.000,1100,0,
1785513044.4234,2026-07-31T11:50:44.423,440.795,4437,,,,0,,,,-0.0724,-135.07,-0.1706,-3015.07,1,45.0,idle,+0.000,+0.000,+0.000,+0.000,1100,0,
1785513044.5246,2026-07-31T11:50:44.524,440.896,4438,,,,0,,,,-0.0714,-135.10,-0.1696,-3015.10,1,45.0,idle,+0.000,+0.000,+0.000,+0.000,1100,0,
1785513044.6236,2026-07-31T11:50:44.623,440.995,4439,,,,0,,,,-0.0677,-135.11,-0.1658,-3015.11,1,45.0,idle,+0.000,+0.000,+0.000,+0.000,1100,0,
1785513044.7235,2026-07-31T11:50:44.723,441.095,4440,,,,0,,,,-0.0765,-135.14,-0.1747,-3015.14,1,45.0,idle,+0.000,+0.000,+0.000,+0.000,1100,0,
1785513044.8247,2026-07-31T11:50:44.824,441.196,4441,,,,0,,,,-0.0730,-135.15,-0.1711,-3015.15,1,45.0,idle,+0.000,+0.000,+0.000,+0.000,1100,0,
1785513044.9246,2026-07-31T11:50:44.924,441.296,4442,,,,0,,,,-0.0731,-135.18,-0.1712,-3015.18,1,45.0,idle,+0.000,+0.000,+0.000,+0.000,1100,0,
1785513045.0243,2026-07-31T11:50:45.024,441.396,4443,,,,0,,,,-0.0739,-135.21,-0.1720,-3015.21,1,45.0,idle,+0.000,+0.000,+0.000,+0.000,1100,0,
1785513045.1228,2026-07-31T11:50:45.122,441.495,4444,,,,0,,,,-0.0745,-135.22,-0.1726,-3015.22,1,45.0,idle,+0.000,+0.000,+0.000,+0.000,1100,0,
1785513045.2221,2026-07-31T11:50:45.222,441.594,4445,,,,0,,,,-0.0730,-135.25,-0.1712,-3015.25,1,45.0,idle,+0.000,+0.000,+0.000,+0.000,1100,0,
1785513045.3212,2026-07-31T11:50:45.321,441.693,4446,,,,0,,,,-0.0727,-135.25,-0.1708,-3015.25,1,45.0,idle,+0.000,+0.000,+0.000,+0.000,1100,0,
1785513045.4203,2026-07-31T11:50:45.420,441.792,4447,,,,0,,,,-0.0749,-135.27,-0.1730,-3015.27,1,45.0,idle,+0.000,+0.000,+0.000,+0.000,1100,0,
1785513045.5204,2026-07-31T11:50:45.520,441.892,4448,,,,0,,,,-0.0731,-135.29,-0.1713,-3015.29,1,45.0,idle,+0.000,+0.000,+0.000,+0.000,1100,0,
1785513045.6217,2026-07-31T11:50:45.621,441.993,4449,,,,0,,,,-0.0715,-135.30,-0.1696,-3015.30,1,45.0,idle,+0.000,+0.000,+0.000,+0.000,1100,0,
1785513045.7210,2026-07-31T11:50:45.720,442.093,4450,,,,0,,,,-0.0706,-135.33,-0.1687,-3015.33,1,45.0,idle,+0.000,+0.000,+0.000,+0.000,1100,0,
1785513045.8204,2026-07-31T11:50:45.820,442.192,4451,,,,0,,,,-0.0677,-135.34,-0.1658,-3015.34,1,45.0,idle,+0.000,+0.000,+0.000,+0.000,1100,0,
1785513045.9194,2026-07-31T11:50:45.919,442.291,4452,,,,0,,,,-0.0713,-135.36,-0.1695,-3015.36,1,45.0,idle,+0.000,+0.000,+0.000,+0.000,1100,0,
1785513046.0185,2026-07-31T11:50:46.018,442.390,4453,,,,0,,,,-0.0690,-135.37,-0.1672,-3015.37,1,45.0,idle,+0.000,+0.000,+0.000,+0.000,1100,0,
1785513046.1171,2026-07-31T11:50:46.117,442.489,4454,,,,0,,,,-0.0744,-135.40,-0.1725,-3015.40,1,45.0,idle,+0.000,+0.000,+0.000,+0.000,1100,0,
1785513046.2164,2026-07-31T11:50:46.216,442.588,4455,,,,0,,,,-0.0692,-135.42,-0.1673,-3015.42,1,45.0,idle,+0.000,+0.000,+0.000,+0.000,1100,0,
1785513046.3160,2026-07-31T11:50:46.316,442.688,4456,,,,0,,,,-0.0705,-135.44,-0.1686,-3015.44,1,45.0,idle,+0.000,+0.000,+0.000,+0.000,1100,0,
1785513046.4154,2026-07-31T11:50:46.415,442.787,4457,,,,0,,,,-0.0747,-135.46,-0.1729,-3015.46,1,45.0,idle,+0.000,+0.000,+0.000,+0.000,1100,0,
1785513046.5146,2026-07-31T11:50:46.514,442.886,4458,,,,0,,,,-0.0723,-135.47,-0.1704,-3015.47,1,45.0,idle,+0.000,+0.000,+0.000,+0.000,1100,0,
1785513046.6128,2026-07-31T11:50:46.612,442.985,4459,,,,0,,,,-0.0698,-135.51,-0.1680,-3015.51,1,45.0,idle,+0.000,+0.000,+0.000,+0.000,1100,0,
1785513046.7121,2026-07-31T11:50:46.712,443.084,4460,,,,0,,,,-0.0684,-135.54,-0.1666,-3015.54,1,45.0,idle,+0.000,+0.000,+0.000,+0.000,1100,0,
1785513046.8115,2026-07-31T11:50:46.811,443.183,4461,,,,0,,,,-0.0708,-135.55,-0.1689,-3015.55,1,45.0,idle,+0.000,+0.000,+0.000,+0.000,1100,0,
1785513046.9106,2026-07-31T11:50:46.910,443.282,4462,,,,0,,,,-0.0756,-135.58,-0.1738,-3015.58,1,45.0,idle,+0.000,+0.000,+0.000,+0.000,1100,0,
1785513047.0106,2026-07-31T11:50:47.010,443.382,4463,,,,0,,,,-0.0733,-135.60,-0.1714,-3015.60,1,45.0,idle,+0.000,+0.000,+0.000,+0.000,1100,0,
1785513047.1092,2026-07-31T11:50:47.109,443.481,4464,,,,0,,,,-0.0737,-135.63,-0.1718,-3015.63,1,45.0,idle,+0.000,+0.000,+0.000,+0.000,1100,0,
1785513047.2085,2026-07-31T11:50:47.208,443.580,4465,,,,0,,,,-0.0679,-135.66,-0.1660,-3015.66,1,45.0,idle,+0.000,+0.000,+0.000,+0.000,1100,0,
1785513047.3071,2026-07-31T11:50:47.307,443.679,4466,,,,0,,,,-0.0713,-135.67,-0.1695,-3015.67,1,45.0,idle,+0.000,+0.000,+0.000,+0.000,1100,0,
1785513047.4064,2026-07-31T11:50:47.406,443.778,4467,,,,0,,,,-0.0701,-135.71,-0.1683,-3015.71,1,45.0,idle,+0.000,+0.000,+0.000,+0.000,1100,0,
1785513047.5041,2026-07-31T11:50:47.504,443.876,4468,,,,0,,,,-0.0695,-135.72,-0.1676,-3015.72,1,45.0,idle,+0.000,+0.000,+0.000,+0.000,1100,0,
1785513047.6036,2026-07-31T11:50:47.603,443.975,4469,,,,0,,,,-0.0729,-135.75,-0.1710,-3015.75,1,45.0,idle,+0.000,+0.000,+0.000,+0.000,1100,0,
1785513047.7026,2026-07-31T11:50:47.702,444.074,4470,,,,0,,,,-0.0734,-135.76,-0.1715,-3015.76,1,45.0,idle,+0.000,+0.000,+0.000,+0.000,1100,0,
1785513047.8028,2026-07-31T11:50:47.802,444.174,4471,,,,0,,,,-0.0728,-135.79,-0.1710,-3015.79,1,45.0,idle,+0.000,+0.000,+0.000,+0.000,1100,0,
1785513047.9020,2026-07-31T11:50:47.902,444.274,4472,,,,0,,,,-0.0692,-135.81,-0.1674,-3015.81,1,45.0,idle,+0.000,+0.000,+0.000,+0.000,1100,0,
1785513048.0018,2026-07-31T11:50:48.001,444.373,4473,,,,0,,,,-0.0743,-135.83,-0.1725,-3015.83,1,45.0,idle,+0.000,+0.000,+0.000,+0.000,1100,0,
1785513048.1016,2026-07-31T11:50:48.101,444.473,4474,,,,0,,,,-0.0711,-135.86,-0.1692,-3015.86,1,45.0,idle,+0.000,+0.000,+0.000,+0.000,1100,0,
1785513048.2026,2026-07-31T11:50:48.202,444.574,4475,,,,0,,,,-0.0728,-135.87,-0.1710,-3015.87,1,45.0,idle,+0.000,+0.000,+0.000,+0.000,1100,0,
1785513048.3014,2026-07-31T11:50:48.301,444.673,4476,,,,0,,,,-0.0750,-135.90,-0.1731,-3015.90,1,45.0,idle,+0.000,+0.000,+0.000,+0.000,1100,0,
1785513048.4004,2026-07-31T11:50:48.400,444.772,4477,,,,0,,,,-0.0758,-135.92,-0.1739,-3015.92,1,45.0,idle,+0.000,+0.000,+0.000,+0.000,1100,0,
1785513048.5005,2026-07-31T11:50:48.500,444.872,4478,,,,0,,,,-0.0740,-135.94,-0.1721,-3015.94,1,45.0,idle,+0.000,+0.000,+0.000,+0.000,1100,0,
1785513048.5996,2026-07-31T11:50:48.599,444.971,4479,,,,0,,,,-0.0728,-135.97,-0.1709,-3015.97,1,45.0,idle,+0.000,+0.000,+0.000,+0.000,1100,0,
1785513048.6981,2026-07-31T11:50:48.698,445.070,4480,,,,0,,,,-0.0729,-135.99,-0.1710,-3015.99,1,45.0,idle,+0.000,+0.000,+0.000,+0.000,1100,0,
1785513048.7985,2026-07-31T11:50:48.798,445.170,4481,,,,0,,,,-0.0725,-136.00,-0.1707,-3016.00,1,45.0,idle,+0.000,+0.000,+0.000,+0.000,1100,0,
1785513048.8989,2026-07-31T11:50:48.898,445.271,4482,,,,0,,,,-0.0725,-136.04,-0.1707,-3016.04,1,45.0,idle,+0.000,+0.000,+0.000,+0.000,1100,0,
1785513048.9980,2026-07-31T11:50:48.998,445.370,4483,,,,0,,,,-0.0700,-136.06,-0.1681,-3016.06,1,45.0,idle,+0.000,+0.000,+0.000,+0.000,1100,0,
1785513049.0971,2026-07-31T11:50:49.097,445.469,4484,,,,0,,,,-0.0734,-136.08,-0.1715,-3016.08,1,45.0,idle,+0.000,+0.000,+0.000,+0.000,1100,0,
1785513049.1965,2026-07-31T11:50:49.196,445.568,4485,,,,0,,,,-0.0746,-136.09,-0.1728,-3016.09,1,45.0,idle,+0.000,+0.000,+0.000,+0.000,1100,0,
1785513049.2958,2026-07-31T11:50:49.295,445.668,4486,,,,0,,,,-0.0686,-136.12,-0.1667,-3016.12,1,45.0,idle,+0.000,+0.000,+0.000,+0.000,1100,0,
1785513049.3952,2026-07-31T11:50:49.395,445.767,4487,,,,0,,,,-0.0755,-136.14,-0.1736,-3016.14,1,45.0,idle,+0.000,+0.000,+0.000,+0.000,1100,0,
1785513049.4944,2026-07-31T11:50:49.494,445.866,4488,,,,0,,,,-0.0750,-136.16,-0.1731,-3016.16,1,45.0,idle,+0.000,+0.000,+0.000,+0.000,1100,0,
1785513049.5936,2026-07-31T11:50:49.593,445.965,4489,,,,0,,,,-0.0740,-136.18,-0.1722,-3016.18,1,45.0,idle,+0.000,+0.000,+0.000,+0.000,1100,0,
1785513049.6923,2026-07-31T11:50:49.692,446.064,4490,,,,0,,,,-0.0712,-136.19,-0.1694,-3016.19,1,45.0,idle,+0.000,+0.000,+0.000,+0.000,1100,0,
1785513049.7914,2026-07-31T11:50:49.791,446.163,4491,,,,0,,,,-0.0689,-136.21,-0.1670,-3016.21,1,45.0,idle,+0.000,+0.000,+0.000,+0.000,1100,0,
1785513049.8911,2026-07-31T11:50:49.891,446.263,4492,,,,0,,,,-0.0746,-136.23,-0.1727,-3016.23,1,45.0,idle,+0.000,+0.000,+0.000,+0.000,1100,0,
1785513049.9903,2026-07-31T11:50:49.990,446.362,4493,,,,0,,,,-0.0735,-136.25,-0.1717,-3016.25,1,45.0,idle,+0.000,+0.000,+0.000,+0.000,1100,0,
1785513050.0892,2026-07-31T11:50:50.089,446.461,4494,,,,0,,,,-0.0731,-136.27,-0.1712,-3016.27,1,45.0,idle,+0.000,+0.000,+0.000,+0.000,1100,0,
1785513050.1884,2026-07-31T11:50:50.188,446.560,4495,,,,0,,,,-0.0734,-136.28,-0.1715,-3016.28,1,45.0,idle,+0.000,+0.000,+0.000,+0.000,1100,0,
1785513050.2878,2026-07-31T11:50:50.287,446.659,4496,,,,0,,,,-0.0713,-136.31,-0.1694,-3016.31,1,45.0,idle,+0.000,+0.000,+0.000,+0.000,1100,0,
1785513050.3869,2026-07-31T11:50:50.386,446.759,4497,,,,0,,,,-0.0696,-136.33,-0.1677,-3016.33,1,45.0,idle,+0.000,+0.000,+0.000,+0.000,1100,0,
1785513050.4861,2026-07-31T11:50:50.486,446.858,4498,,,,0,,,,-0.0741,-136.34,-0.1722,-3016.34,1,45.0,idle,+0.000,+0.000,+0.000,+0.000,1100,0,
1785513050.5851,2026-07-31T11:50:50.585,446.957,4499,,,,0,,,,-0.0729,-136.36,-0.1710,-3016.36,1,45.0,idle,+0.000,+0.000,+0.000,+0.000,1100,0,
1785513050.6857,2026-07-31T11:50:50.685,447.057,4500,,,,0,,,,-0.0678,-136.37,-0.1659,-3016.37,1,45.0,idle,+0.000,+0.000,+0.000,+0.000,1100,0,
1785513050.7845,2026-07-31T11:50:50.784,447.156,4501,,,,0,,,,-0.0747,-136.40,-0.1728,-3016.40,1,45.0,idle,+0.000,+0.000,+0.000,+0.000,1100,0,
1785513050.8846,2026-07-31T11:50:50.884,447.256,4502,,,,0,,,,-0.0704,-136.43,-0.1685,-3016.43,1,45.0,idle,+0.000,+0.000,+0.000,+0.000,1100,0,
1785513050.9837,2026-07-31T11:50:50.983,447.355,4503,,,,0,,,,-0.0699,-136.45,-0.1681,-3016.45,1,45.0,idle,+0.000,+0.000,+0.000,+0.000,1100,0,
1785513051.0825,2026-07-31T11:50:51.082,447.454,4504,,,,0,,,,-0.0721,-136.47,-0.1703,-3016.47,1,45.0,idle,+0.000,+0.000,+0.000,+0.000,1100,0,
1785513051.1815,2026-07-31T11:50:51.181,447.553,4505,,,,0,,,,-0.0745,-136.49,-0.1727,-3016.49,1,45.0,idle,+0.000,+0.000,+0.000,+0.000,1100,0,
1785513051.2810,2026-07-31T11:50:51.281,447.653,4506,,,,0,,,,-0.0725,-136.52,-0.1706,-3016.52,1,45.0,idle,+0.000,+0.000,+0.000,+0.000,1100,0,
1785513051.3803,2026-07-31T11:50:51.380,447.752,4507,,,,0,,,,-0.0707,-136.53,-0.1688,-3016.53,1,45.0,idle,+0.000,+0.000,+0.000,+0.000,1100,0,
1785513051.4796,2026-07-31T11:50:51.479,447.851,4508,,,,0,,,,-0.0709,-136.55,-0.1691,-3016.55,1,45.0,idle,+0.000,+0.000,+0.000,+0.000,1100,0,
1785513051.5786,2026-07-31T11:50:51.578,447.950,4509,,,,0,,,,-0.0705,-136.58,-0.1686,-3016.58,1,45.0,idle,+0.000,+0.000,+0.000,+0.000,1100,0,
1785513051.6782,2026-07-31T11:50:51.678,448.050,4510,,,,0,,,,-0.0742,-136.59,-0.1723,-3016.59,1,45.0,idle,+0.000,+0.000,+0.000,+0.000,1100,0,
1785513051.7777,2026-07-31T11:50:51.777,448.149,4511,,,,0,,,,-0.0778,-136.62,-0.1760,-3016.62,1,45.0,idle,+0.000,+0.000,+0.000,+0.000,1100,0,
1785513051.8769,2026-07-31T11:50:51.876,448.249,4512,,,,0,,,,-0.0770,-136.64,-0.1752,-3016.64,1,45.0,idle,+0.000,+0.000,+0.000,+0.000,1100,0,
1785513051.9777,2026-07-31T11:50:51.977,448.349,4513,,,,0,,,,-0.0700,-136.67,-0.1681,-3016.67,1,45.0,idle,+0.000,+0.000,+0.000,+0.000,1100,0,
1785513052.0769,2026-07-31T11:50:52.076,448.449,4514,,,,0,,,,-0.0748,-136.70,-0.1729,-3016.70,1,45.0,idle,+0.000,+0.000,+0.000,+0.000,1100,0,
1785513052.1762,2026-07-31T11:50:52.176,448.548,4515,,,,0,,,,-0.0710,-136.72,-0.1691,-3016.72,1,45.0,idle,+0.000,+0.000,+0.000,+0.000,1100,0,
1785513052.2769,2026-07-31T11:50:52.276,448.649,4516,,,,0,,,,-0.0739,-136.75,-0.1721,-3016.75,1,45.0,idle,+0.000,+0.000,+0.000,+0.000,1100,0,
1785513052.3769,2026-07-31T11:50:52.376,448.749,4517,,,,0,,,,-0.0704,-136.76,-0.1686,-3016.76,1,45.0,idle,+0.000,+0.000,+0.000,+0.000,1100,0,
1785513052.4774,2026-07-31T11:50:52.477,448.849,4518,,,,0,,,,-0.0735,-136.79,-0.1716,-3016.79,1,45.0,idle,+0.000,+0.000,+0.000,+0.000,1100,0,
1785513052.5769,2026-07-31T11:50:52.576,448.949,4519,,,,0,,,,-0.0750,-136.81,-0.1731,-3016.81,1,45.0,idle,+0.000,+0.000,+0.000,+0.000,1100,0,
1785513052.6753,2026-07-31T11:50:52.675,449.047,4520,,,,0,,,,-0.0719,-136.83,-0.1701,-3016.83,1,45.0,idle,+0.000,+0.000,+0.000,+0.000,1100,0,
1785513052.7749,2026-07-31T11:50:52.774,449.147,4521,,,,0,,,,-0.0731,-136.86,-0.1713,-3016.86,1,45.0,idle,+0.000,+0.000,+0.000,+0.000,1100,0,
1785513052.8749,2026-07-31T11:50:52.874,449.247,4522,,,,0,,,,-0.0740,-136.87,-0.1721,-3016.87,1,45.0,idle,+0.000,+0.000,+0.000,+0.000,1100,0,
1785513052.9730,2026-07-31T11:50:52.973,449.345,4523,,,,0,,,,-0.0729,-136.90,-0.1711,-3016.90,1,45.0,idle,+0.000,+0.000,+0.000,+0.000,1100,0,
1785513053.0724,2026-07-31T11:50:53.072,449.444,4524,,,,0,,,,-0.0707,-136.94,-0.1688,-3016.94,1,45.0,idle,+0.000,+0.000,+0.000,+0.000,1100,0,
1785513053.1718,2026-07-31T11:50:53.171,449.544,4525,,,,0,,,,-0.0727,-136.95,-0.1708,-3016.95,1,45.0,idle,+0.000,+0.000,+0.000,+0.000,1100,0,
1785513053.2721,2026-07-31T11:50:53.272,449.644,4526,,,,0,,,,-0.0691,-136.97,-0.1672,-3016.97,1,45.0,idle,+0.000,+0.000,+0.000,+0.000,1100,0,
1785513053.3719,2026-07-31T11:50:53.371,449.744,4527,,,,0,,,,-0.0714,-136.99,-0.1696,-3016.99,1,45.0,idle,+0.000,+0.000,+0.000,+0.000,1100,0,
1785513053.4711,2026-07-31T11:50:53.471,449.843,4528,,,,0,,,,-0.0715,-137.01,-0.1696,-3017.01,1,45.0,idle,+0.000,+0.000,+0.000,+0.000,1100,0,
1785513053.5703,2026-07-31T11:50:53.570,449.942,4529,,,,0,,,,-0.0710,-137.04,-0.1692,-3017.04,1,45.0,idle,+0.000,+0.000,+0.000,+0.000,1100,0,
1785513053.6697,2026-07-31T11:50:53.669,450.041,4530,,,,0,,,,-0.0706,-137.05,-0.1687,-3017.05,1,45.0,idle,+0.000,+0.000,+0.000,+0.000,1100,0,
1785513053.7686,2026-07-31T11:50:53.768,450.140,4531,,,,0,,,,-0.0748,-137.08,-0.1729,-3017.08,1,45.0,idle,+0.000,+0.000,+0.000,+0.000,1100,0,
1785513053.8677,2026-07-31T11:50:53.867,450.239,4532,,,,0,,,,-0.0733,-137.10,-0.1714,-3017.10,1,45.0,idle,+0.000,+0.000,+0.000,+0.000,1100,0,
1785513053.9664,2026-07-31T11:50:53.966,450.338,4533,,,,0,,,,-0.0725,-137.13,-0.1706,-3017.13,1,45.0,idle,+0.000,+0.000,+0.000,+0.000,1100,0,
1785513054.0652,2026-07-31T11:50:54.065,450.437,4534,,,,0,,,,-0.0699,-137.15,-0.1680,-3017.15,1,45.0,idle,+0.000,+0.000,+0.000,+0.000,1100,0,
1785513054.1644,2026-07-31T11:50:54.164,450.536,4535,,,,0,,,,-0.0772,-137.17,-0.1753,-3017.17,1,45.0,idle,+0.000,+0.000,+0.000,+0.000,1100,0,
1785513054.2635,2026-07-31T11:50:54.263,450.635,4536,,,,0,,,,-0.0701,-137.19,-0.1682,-3017.19,1,45.0,idle,+0.000,+0.000,+0.000,+0.000,1100,0,
1785513054.3630,2026-07-31T11:50:54.362,450.735,4537,,,,0,,,,-0.0684,-137.20,-0.1665,-3017.20,1,45.0,idle,+0.000,+0.000,+0.000,+0.000,1100,0,
1785513054.4622,2026-07-31T11:50:54.462,450.834,4538,,,,0,,,,-0.0684,-137.24,-0.1666,-3017.24,1,45.0,idle,+0.000,+0.000,+0.000,+0.000,1100,0,
1785513054.5613,2026-07-31T11:50:54.561,450.933,4539,,,,0,,,,-0.0708,-137.26,-0.1689,-3017.26,1,45.0,idle,+0.000,+0.000,+0.000,+0.000,1100,0,
1785513054.6607,2026-07-31T11:50:54.660,451.032,4540,,,,0,,,,-0.0697,-137.28,-0.1678,-3017.28,1,45.0,idle,+0.000,+0.000,+0.000,+0.000,1100,0,
1785513054.7597,2026-07-31T11:50:54.759,451.131,4541,,,,0,,,,-0.0755,-137.31,-0.1736,-3017.31,1,45.0,idle,+0.000,+0.000,+0.000,+0.000,1100,0,
1785513054.8585,2026-07-31T11:50:54.858,451.230,4542,,,,0,,,,-0.0708,-137.32,-0.1689,-3017.32,1,45.0,idle,+0.000,+0.000,+0.000,+0.000,1100,0,
1785513054.9578,2026-07-31T11:50:54.957,451.329,4543,,,,0,,,,-0.0721,-137.35,-0.1702,-3017.35,1,45.0,idle,+0.000,+0.000,+0.000,+0.000,1100,0,
1785513055.0563,2026-07-31T11:50:55.056,451.428,4544,,,,0,,,,-0.0694,-137.36,-0.1676,-3017.36,1,45.0,idle,+0.000,+0.000,+0.000,+0.000,1100,0,
1785513055.1557,2026-07-31T11:50:55.155,451.527,4545,,,,0,,,,-0.0728,-137.39,-0.1709,-3017.39,1,45.0,idle,+0.000,+0.000,+0.000,+0.000,1100,0,
1785513055.2546,2026-07-31T11:50:55.254,451.626,4546,,,,0,,,,-0.0680,-137.42,-0.1661,-3017.42,1,45.0,idle,+0.000,+0.000,+0.000,+0.000,1100,0,
1785513055.3545,2026-07-31T11:50:55.354,451.726,4547,,,,0,,,,-0.0705,-137.43,-0.1687,-3017.43,1,45.0,idle,+0.000,+0.000,+0.000,+0.000,1100,0,
1785513055.4539,2026-07-31T11:50:55.453,451.826,4548,,,,0,,,,-0.0701,-137.46,-0.1682,-3017.46,1,45.0,idle,+0.000,+0.000,+0.000,+0.000,1100,0,
1785513055.5530,2026-07-31T11:50:55.552,451.925,4549,,,,0,,,,-0.0714,-137.47,-0.1695,-3017.47,1,45.0,idle,+0.000,+0.000,+0.000,+0.000,1100,0,
1785513055.6523,2026-07-31T11:50:55.652,452.024,4550,,,,0,,,,-0.0741,-137.50,-0.1723,-3017.50,1,45.0,idle,+0.000,+0.000,+0.000,+0.000,1100,0,
1785513055.7513,2026-07-31T11:50:55.751,452.123,4551,,,,0,,,,-0.0752,-137.52,-0.1733,-3017.52,1,45.0,idle,+0.000,+0.000,+0.000,+0.000,1100,0,
1785513055.8502,2026-07-31T11:50:55.850,452.222,4552,,,,0,,,,-0.0711,-137.55,-0.1693,-3017.55,1,45.0,idle,+0.000,+0.000,+0.000,+0.000,1100,0,
1785513055.9498,2026-07-31T11:50:55.949,452.321,4553,,,,0,,,,-0.0725,-137.58,-0.1706,-3017.58,1,45.0,idle,+0.000,+0.000,+0.000,+0.000,1100,0,
1785513056.0485,2026-07-31T11:50:56.048,452.420,4554,,,,0,,,,-0.0721,-137.59,-0.1702,-3017.59,1,45.0,idle,+0.000,+0.000,+0.000,+0.000,1100,0,
1785513056.1477,2026-07-31T11:50:56.147,452.519,4555,,,,0,,,,-0.0745,-137.61,-0.1726,-3017.61,1,45.0,idle,+0.000,+0.000,+0.000,+0.000,1100,0,
1785513056.2471,2026-07-31T11:50:56.247,452.619,4556,,,,0,,,,-0.0716,-137.62,-0.1697,-3017.62,1,45.0,idle,+0.000,+0.000,+0.000,+0.000,1100,0,
1785513056.3466,2026-07-31T11:50:56.346,452.718,4557,,,,0,,,,-0.0685,-137.65,-0.1666,-3017.65,1,45.0,idle,+0.000,+0.000,+0.000,+0.000,1100,0,
1785513056.4460,2026-07-31T11:50:56.445,452.818,4558,,,,0,,,,-0.0685,-137.68,-0.1666,-3017.68,1,45.0,idle,+0.000,+0.000,+0.000,+0.000,1100,0,
1785513056.5448,2026-07-31T11:50:56.544,452.916,4559,,,,0,,,,-0.0686,-137.69,-0.1667,-3017.69,1,45.0,idle,+0.000,+0.000,+0.000,+0.000,1100,0,
1785513056.6432,2026-07-31T11:50:56.643,453.015,4560,,,,0,,,,-0.0701,-137.71,-0.1682,-3017.71,1,45.0,idle,+0.000,+0.000,+0.000,+0.000,1100,0,
1785513056.7427,2026-07-31T11:50:56.742,453.114,4561,,,,0,,,,-0.0741,-137.73,-0.1722,-3017.73,1,45.0,idle,+0.000,+0.000,+0.000,+0.000,1100,0,
1785513056.8417,2026-07-31T11:50:56.841,453.213,4562,,,,0,,,,-0.0739,-137.76,-0.1720,-3017.76,1,45.0,idle,+0.000,+0.000,+0.000,+0.000,1100,0,
1785513056.9418,2026-07-31T11:50:56.941,453.313,4563,,,,0,,,,-0.0715,-137.79,-0.1696,-3017.79,1,45.0,idle,+0.000,+0.000,+0.000,+0.000,1100,0,
1785513057.0417,2026-07-31T11:50:57.041,453.413,4564,,,,0,,,,-0.0670,-137.80,-0.1652,-3017.80,1,45.0,idle,+0.000,+0.000,+0.000,+0.000,1100,0,
1785513057.1410,2026-07-31T11:50:57.141,453.513,4565,,,,0,,,,-0.0737,-137.83,-0.1719,-3017.83,1,45.0,idle,+0.000,+0.000,+0.000,+0.000,1100,0,
1785513057.2397,2026-07-31T11:50:57.239,453.611,4566,,,,0,,,,-0.0691,-137.85,-0.1673,-3017.85,1,45.0,idle,+0.000,+0.000,+0.000,+0.000,1100,0,
1785513057.3383,2026-07-31T11:50:57.338,453.710,4567,,,,0,,,,-0.0707,-137.89,-0.1689,-3017.89,1,45.0,idle,+0.000,+0.000,+0.000,+0.000,1100,0,
1785513057.4377,2026-07-31T11:50:57.437,453.809,4568,,,,0,,,,-0.0710,-137.92,-0.1692,-3017.92,1,45.0,idle,+0.000,+0.000,+0.000,+0.000,1100,0,
1785513057.5362,2026-07-31T11:50:57.536,453.908,4569,,,,0,,,,-0.0727,-137.94,-0.1708,-3017.94,1,45.0,idle,+0.000,+0.000,+0.000,+0.000,1100,0,
1785513057.6355,2026-07-31T11:50:57.635,454.007,4570,,,,0,,,,-0.0690,-137.96,-0.1671,-3017.96,1,45.0,idle,+0.000,+0.000,+0.000,+0.000,1100,0,
1785513057.7347,2026-07-31T11:50:57.734,454.106,4571,,,,0,,,,-0.0692,-137.97,-0.1673,-3017.97,1,45.0,idle,+0.000,+0.000,+0.000,+0.000,1100,0,
1785513057.8332,2026-07-31T11:50:57.833,454.205,4572,,,,0,,,,-0.0697,-138.00,-0.1678,-3018.00,1,45.0,idle,+0.000,+0.000,+0.000,+0.000,1100,0,
1785513057.9328,2026-07-31T11:50:57.932,454.305,4573,,,,0,,,,-0.0681,-138.03,-0.1662,-3018.03,1,45.0,idle,+0.000,+0.000,+0.000,+0.000,1100,0,
1785513058.0326,2026-07-31T11:50:58.032,454.404,4574,,,,0,,,,-0.0675,-138.05,-0.1656,-3018.05,1,45.0,idle,+0.000,+0.000,+0.000,+0.000,1100,0,
1785513058.1319,2026-07-31T11:50:58.131,454.504,4575,,,,0,,,,-0.0745,-138.08,-0.1727,-3018.08,1,45.0,idle,+0.000,+0.000,+0.000,+0.000,1100,0,
1785513058.2328,2026-07-31T11:50:58.232,454.604,4576,,,,0,,,,-0.0676,-138.08,-0.1658,-3018.08,1,45.0,idle,+0.000,+0.000,+0.000,+0.000,1100,0,
1785513058.3320,2026-07-31T11:50:58.332,454.704,4577,,,,0,,,,-0.0707,-138.12,-0.1689,-3018.12,1,45.0,idle,+0.000,+0.000,+0.000,+0.000,1100,0,
1785513058.4305,2026-07-31T11:50:58.430,454.802,4578,,,,0,,,,-0.0717,-138.14,-0.1698,-3018.14,1,45.0,idle,+0.000,+0.000,+0.000,+0.000,1100,0,
1785513058.5298,2026-07-31T11:50:58.529,454.902,4579,,,,0,,,,-0.0699,-138.15,-0.1681,-3018.15,1,45.0,idle,+0.000,+0.000,+0.000,+0.000,1100,0,
1785513058.6302,2026-07-31T11:50:58.630,455.002,4580,,,,0,,,,-0.0718,-138.18,-0.1700,-3018.18,1,45.0,idle,+0.000,+0.000,+0.000,+0.000,1100,0,
1785513058.7301,2026-07-31T11:50:58.730,455.102,4581,,,,0,,,,-0.0734,-138.20,-0.1715,-3018.20,1,45.0,idle,+0.000,+0.000,+0.000,+0.000,1100,0,
1785513058.8298,2026-07-31T11:50:58.829,455.202,4582,,,,0,,,,-0.0682,-138.22,-0.1664,-3018.22,1,45.0,idle,+0.000,+0.000,+0.000,+0.000,1100,0,
1785513058.9293,2026-07-31T11:50:58.929,455.301,4583,,,,0,,,,-0.0711,-138.26,-0.1692,-3018.26,1,45.0,idle,+0.000,+0.000,+0.000,+0.000,1100,0,
1785513059.0293,2026-07-31T11:50:59.029,455.401,4584,,,,0,,,,-0.0719,-138.28,-0.1700,-3018.28,1,45.0,idle,+0.000,+0.000,+0.000,+0.000,1100,0,
1785513059.1283,2026-07-31T11:50:59.128,455.500,4585,,,,0,,,,-0.0715,-138.31,-0.1696,-3018.31,1,45.0,idle,+0.000,+0.000,+0.000,+0.000,1100,0,
1785513059.2276,2026-07-31T11:50:59.227,455.599,4586,,,,0,,,,-0.0671,-138.32,-0.1652,-3018.32,1,45.0,idle,+0.000,+0.000,+0.000,+0.000,1100,0,
1785513059.3271,2026-07-31T11:50:59.327,455.699,4587,,,,0,,,,-0.0659,-138.35,-0.1641,-3018.35,1,45.0,idle,+0.000,+0.000,+0.000,+0.000,1100,0,
1785513059.4280,2026-07-31T11:50:59.428,455.800,4588,,,,0,,,,-0.0727,-138.37,-0.1708,-3018.37,1,45.0,idle,+0.000,+0.000,+0.000,+0.000,1100,0,
1785513059.5274,2026-07-31T11:50:59.527,455.899,4589,,,,0,,,,-0.0737,-138.39,-0.1719,-3018.39,1,45.0,idle,+0.000,+0.000,+0.000,+0.000,1100,0,
1785513059.6264,2026-07-31T11:50:59.626,455.998,4590,,,,0,,,,-0.0690,-138.43,-0.1672,-3018.43,1,45.0,idle,+0.000,+0.000,+0.000,+0.000,1100,0,
1785513059.7252,2026-07-31T11:50:59.725,456.097,4591,,,,0,,,,-0.0718,-138.44,-0.1700,-3018.44,1,45.0,idle,+0.000,+0.000,+0.000,+0.000,1100,0,
1785513059.8247,2026-07-31T11:50:59.824,456.196,4592,,,,0,,,,-0.0752,-138.47,-0.1734,-3018.47,1,45.0,idle,+0.000,+0.000,+0.000,+0.000,1100,0,
1785513059.9240,2026-07-31T11:50:59.924,456.296,4593,,,,0,,,,-0.0741,-138.49,-0.1723,-3018.49,1,45.0,idle,+0.000,+0.000,+0.000,+0.000,1100,0,
1785513060.0230,2026-07-31T11:51:00.023,456.395,4594,,,,0,,,,-0.0740,-138.52,-0.1721,-3018.52,1,45.0,idle,+0.000,+0.000,+0.000,+0.000,1100,0,
1785513060.1219,2026-07-31T11:51:00.121,456.494,4595,,,,0,,,,-0.0709,-138.55,-0.1691,-3018.55,1,45.0,idle,+0.000,+0.000,+0.000,+0.000,1100,0,
1785513060.2218,2026-07-31T11:51:00.221,456.594,4596,,,,0,,,,-0.0716,-138.56,-0.1697,-3018.56,1,45.0,idle,+0.000,+0.000,+0.000,+0.000,1100,0,
1785513060.3210,2026-07-31T11:51:00.321,456.693,4597,,,,0,,,,-0.0712,-138.59,-0.1693,-3018.59,1,45.0,idle,+0.000,+0.000,+0.000,+0.000,1100,0,
1785513060.4212,2026-07-31T11:51:00.421,456.793,4598,,,,0,,,,-0.0731,-138.60,-0.1713,-3018.60,1,45.0,idle,+0.000,+0.000,+0.000,+0.000,1100,0,
1785513060.5227,2026-07-31T11:51:00.522,456.894,4599,,,,0,,,,-0.0702,-138.63,-0.1683,-3018.63,1,45.0,idle,+0.000,+0.000,+0.000,+0.000,1100,0,
1785513060.6217,2026-07-31T11:51:00.621,456.993,4600,,,,0,,,,-0.0732,-138.65,-0.1713,-3018.65,1,45.0,idle,+0.000,+0.000,+0.000,+0.000,1100,0,
1785513060.7213,2026-07-31T11:51:00.721,457.093,4601,,,,0,,,,-0.0728,-138.67,-0.1709,-3018.67,1,45.0,idle,+0.000,+0.000,+0.000,+0.000,1100,0,
1785513060.8220,2026-07-31T11:51:00.822,457.194,4602,,,,0,,,,-0.0745,-138.70,-0.1727,-3018.70,1,45.0,idle,+0.000,+0.000,+0.000,+0.000,1100,0,
1785513060.9211,2026-07-31T11:51:00.921,457.293,4603,,,,0,,,,-0.0732,-138.71,-0.1714,-3018.71,1,45.0,idle,+0.000,+0.000,+0.000,+0.000,1100,0,
1785513061.0207,2026-07-31T11:51:01.020,457.392,4604,,,,0,,,,-0.0735,-138.74,-0.1716,-3018.74,1,45.0,idle,+0.000,+0.000,+0.000,+0.000,1100,0,
1785513061.1205,2026-07-31T11:51:01.120,457.492,4605,,,,0,,,,-0.0686,-138.77,-0.1667,-3018.77,1,45.0,idle,+0.000,+0.000,+0.000,+0.000,1100,0,
1785513061.2195,2026-07-31T11:51:01.219,457.591,4606,,,,0,,,,-0.0737,-138.78,-0.1718,-3018.78,1,45.0,idle,+0.000,+0.000,+0.000,+0.000,1100,0,
1785513061.3183,2026-07-31T11:51:01.318,457.690,4607,,,,0,,,,-0.0763,-138.80,-0.1744,-3018.80,1,45.0,idle,+0.000,+0.000,+0.000,+0.000,1100,0,
1785513061.4178,2026-07-31T11:51:01.417,457.789,4608,,,,0,,,,-0.0710,-138.81,-0.1692,-3018.81,1,45.0,idle,+0.000,+0.000,+0.000,+0.000,1100,0,
1785513061.5174,2026-07-31T11:51:01.517,457.889,4609,,,,0,,,,-0.0723,-138.85,-0.1704,-3018.85,1,45.0,idle,+0.000,+0.000,+0.000,+0.000,1100,0,
1785513061.6162,2026-07-31T11:51:01.616,457.988,4610,,,,0,,,,-0.0708,-138.88,-0.1689,-3018.88,1,45.0,idle,+0.000,+0.000,+0.000,+0.000,1100,0,
1785513061.7163,2026-07-31T11:51:01.716,458.088,4611,,,,0,,,,-0.0700,-138.90,-0.1681,-3018.90,1,45.0,idle,+0.000,+0.000,+0.000,+0.000,1100,0,
1785513061.8154,2026-07-31T11:51:01.815,458.187,4612,,,,0,,,,-0.0720,-138.93,-0.1701,-3018.93,1,45.0,idle,+0.000,+0.000,+0.000,+0.000,1100,0,
1785513061.9149,2026-07-31T11:51:01.914,458.287,4613,,,,0,,,,-0.0770,-138.94,-0.1752,-3018.94,1,45.0,idle,+0.000,+0.000,+0.000,+0.000,1100,0,
1785513062.0134,2026-07-31T11:51:02.013,458.385,4614,,,,0,,,,-0.0733,-138.97,-0.1714,-3018.97,1,45.0,idle,+0.000,+0.000,+0.000,+0.000,1100,0,
