t_epoch,iso_time,t_elapsed_s,seq,tag_id,tag_distance_m,tag_under_1m,tag_count,det_seq,det_t_epoch,det_age_ms,depth_m,yaw_deg,depth_raw_m,yaw_raw_deg,sensors_ok,throttle_pct,mode,surge_cmd,strafe_cmd,heave_cmd,yaw_cmd,light_pwm,led_flashing,flash_frame
1785511541.4004,2026-07-31T11:25:41.400,0.048,1,,,,0,,,,,,,,0,20.0,idle,+0.000,+0.000,+0.000,+0.000,1100,0,
1785511541.4992,2026-07-31T11:25:41.499,0.146,2,,,,0,,,,-0.0938,-93.48,-0.0938,-5493.48,1,20.0,idle,+0.000,+0.000,+0.000,+0.000,1100,0,
1785511541.5989,2026-07-31T11:25:41.598,0.246,3,,,,0,,,,-0.0990,-92.78,-0.0990,-5492.78,1,20.0,idle,+0.000,+0.000,+0.000,+0.000,1100,0,
1785511541.6983,2026-07-31T11:25:41.698,0.346,4,,,,0,,,,-0.1033,-92.43,-0.1033,-5492.43,1,20.0,idle,+0.000,+0.000,+0.000,+0.000,1100,0,
1785511541.7974,2026-07-31T11:25:41.797,0.445,5,,,,0,,,,-0.1075,-91.94,-0.1075,-5491.94,1,20.0,idle,+0.000,+0.000,+0.000,+0.000,1100,0,
1785511541.8966,2026-07-31T11:25:41.896,0.544,6,,,,0,,,,-0.1088,-91.94,-0.1088,-5491.94,1,20.0,idle,+0.000,+0.000,+0.000,+0.000,1100,0,
1785511541.9953,2026-07-31T11:25:41.995,0.643,7,,,,0,,,,-0.1060,-92.11,-0.1060,-5492.11,1,20.0,idle,+0.000,+0.000,+0.000,+0.000,1100,0,
1785511542.0940,2026-07-31T11:25:42.094,0.741,8,,,,0,,,,-0.1037,-92.45,-0.1037,-5492.45,1,20.0,idle,+0.000,+0.000,+0.000,+0.000,1100,0,
1785511542.1933,2026-07-31T11:25:42.193,0.841,9,,,,0,,,,-0.1049,-92.54,-0.1049,-5492.54,1,20.0,idle,+0.000,+0.000,+0.000,+0.000,1100,0,
1785511542.2918,2026-07-31T11:25:42.291,0.939,10,,,,0,,,,-0.1101,-92.67,-0.1101,-5492.67,1,20.0,idle,+0.000,+0.000,+0.000,+0.000,1100,0,
1785511542.3913,2026-07-31T11:25:42.391,1.039,11,,,,0,,,,-0.1068,-92.65,-0.1068,-5492.65,1,20.0,idle,+0.000,+0.000,+0.000,+0.000,1100,0,
1785511542.4907,2026-07-31T11:25:42.490,1.138,12,,,,0,,,,-0.1077,-92.73,-0.1077,-5492.73,1,20.0,idle,+0.000,+0.000,+0.000,+0.000,1100,0,
1785511542.5908,2026-07-31T11:25:42.590,1.238,13,,,,0,,,,-0.1043,-93.08,-0.1043,-5493.08,1,20.0,idle,+0.000,+0.000,+0.000,+0.000,1100,0,
1785511542.6908,2026-07-31T11:25:42.690,1.338,14,,,,0,,,,-0.1055,-93.35,-0.1055,-5493.35,1,20.0,idle,+0.000,+0.000,+0.000,+0.000,1100,0,
1785511542.7898,2026-07-31T11:25:42.789,1.437,15,,,,0,,,,-0.1052,-94.11,-0.1052,-5494.11,1,20.0,idle,+0.000,+0.000,+0.000,+0.000,1100,0,
1785511542.8887,2026-07-31T11:25:42.888,1.536,16,,,,0,,,,-0.0996,-94.71,-0.0996,-5494.71,1,20.0,idle,+0.000,+0.000,+0.000,+0.000,1100,0,
1785511542.9872,2026-07-31T11:25:42.987,1.634,17,,,,0,,,,-0.0974,-95.89,-0.0974,-5495.89,1,20.0,idle,+0.000,+0.000,+0.000,+0.000,1100,0,
1785511543.0864,2026-07-31T11:25:43.086,1.734,18,,,,0,,,,-0.0984,-96.90,-0.0984,-5496.90,1,20.0,idle,+0.000,+0.000,+0.000,+0.000,1100,0,
1785511543.1858,2026-07-31T11:25:43.185,1.833,19,,,,0,,,,-0.0954,-97.34,-0.0954,-5497.34,1,20.0,idle,+0.000,+0.000,+0.000,+0.000,1100,0,
1785511543.2846,2026-07-31T11:25:43.284,1.932,20,,,,0,,,,-0.0918,-98.01,-0.0918,-5498.01,1,20.0,idle,+0.000,+0.000,+0.000,+0.000,1100,0,
1785511543.3834,2026-07-31T11:25:43.383,2.031,21,,,,0,,,,-0.0962,-98.24,-0.0962,-5498.24,1,20.0,idle,+0.000,+0.000,+0.000,+0.000,1100,0,
1785511543.4821,2026-07-31T11:25:43.482,2.129,22,,,,0,,,,-0.0999,-98.86,-0.0999,-5498.86,1,20.0,idle,+0.000,+0.000,+0.000,+0.000,1100,0,
1785511543.5811,2026-07-31T11:25:43.581,2.228,23,,,,0,,,,-0.0996,-99.07,-0.0996,-5499.07,1,20.0,idle,+0.000,+0.000,+0.000,+0.000,1100,0,
1785511543.6804,2026-07-31T11:25:43.680,2.328,24,,,,0,,,,-0.0990,-99.36,-0.0990,-5499.36,1,20.0,idle,+0.000,+0.000,+0.000,+0.000,1100,0,
1785511543.7798,2026-07-31T11:25:43.779,2.427,25,,,,0,,,,-0.0985,-99.69,-0.0985,-5499.69,1,20.0,idle,+0.000,+0.000,+0.000,+0.000,1100,0,
1785511543.8781,2026-07-31T11:25:43.878,2.525,26,,,,0,,,,-0.0993,-99.85,-0.0993,-5499.85,1,20.0,idle,+0.000,+0.000,+0.000,+0.000,1100,0,
1785511543.9778,2026-07-31T11:25:43.977,2.625,27,,,,0,,,,-0.1006,-100.11,-0.1006,-5500.11,1,20.0,idle,+0.000,+0.000,+0.000,+0.000,1100,0,
1785511544.0762,2026-07-31T11:25:44.076,2.723,28,,,,0,,,,-0.0983,-100.15,-0.0983,-5500.15,1,20.0,idle,+0.000,+0.000,+0.000,+0.000,1100,0,
1785511544.1758,2026-07-31T11:25:44.175,2.823,29,,,,0,,,,-0.0965,-100.14,-0.0965,-5500.14,1,20.0,idle,+0.000,+0.000,+0.000,+0.000,1100,0,
1785511544.2741,2026-07-31T11:25:44.274,2.921,30,,,,0,,,,-0.0916,-99.92,-0.0916,-5499.92,1,20.0,idle,+0.000,+0.000,+0.000,+0.000,1100,0,
1785511544.3730,2026-07-31T11:25:44.373,3.020,31,,,,0,,,,-0.0978,-99.68,-0.0978,-5499.68,1,20.0,idle,+0.000,+0.000,+0.000,+0.000,1100,0,
1785511544.4724,2026-07-31T11:25:44.472,3.120,32,,,,0,,,,-0.0990,-99.20,-0.0990,-5499.20,1,20.0,idle,+0.000,+0.000,+0.000,+0.000,1100,0,
1785511544.5714,2026-07-31T11:25:44.571,3.219,33,,,,0,,,,-0.0965,-98.97,-0.0965,-5498.97,1,20.0,idle,+0.000,+0.000,+0.000,+0.000,1100,0,
1785511544.6702,2026-07-31T11:25:44.670,3.317,34,,,,0,,,,-0.1005,-98.48,-0.1005,-5498.48,1,20.0,idle,+0.000,+0.000,+0.000,+0.000,1100,0,
1785511544.7690,2026-07-31T11:25:44.768,3.416,35,,,,0,,,,-0.0965,-98.07,-0.0965,-5498.07,1,20.0,idle,+0.000,+0.000,+0.000,+0.000,1100,0,
1785511544.8682,2026-07-31T11:25:44.868,3.515,36,,,,0,,,,-0.0952,-97.92,-0.0952,-5497.92,1,20.0,idle,+0.000,+0.000,+0.000,+0.000,1100,0,
1785511544.9674,2026-07-31T11:25:44.967,3.615,37,,,,0,,,,-0.0902,-97.76,-0.0902,-5497.76,1,20.0,idle,+0.000,+0.000,+0.000,+0.000,1100,0,
1785511545.0671,2026-07-31T11:25:45.067,3.714,38,,,,0,,,,-0.0900,-97.65,-0.0900,-5497.65,1,20.0,idle,+0.000,+0.000,+0.000,+0.000,1100,0,
1785511545.1665,2026-07-31T11:25:45.166,3.814,39,,,,0,,,,-0.0951,-97.37,-0.0951,-5497.37,1,20.0,idle,+0.000,+0.000,+0.000,+0.000,1100,0,
1785511545.2650,2026-07-31T11:25:45.265,3.912,40,,,,0,,,,-0.0935,-96.96,-0.0935,-5496.96,1,20.0,idle,+0.000,+0.000,+0.000,+0.000,1100,0,
1785511545.3647,2026-07-31T11:25:45.364,4.012,41,,,,0,,,,-0.0944,-96.67,-0.0944,-5496.67,1,20.0,idle,+0.000,+0.000,+0.000,+0.000,1100,0,
1785511545.4636,2026-07-31T11:25:45.463,4.111,42,,,,0,,,,-0.0947,-96.22,-0.0947,-5496.22,1,20.0,idle,+0.000,+0.000,+0.000,+0.000,1100,0,
1785511545.5632,2026-07-31T11:25:45.563,4.210,43,,,,0,,,,-0.0950,-96.03,-0.0950,-5496.03,1,20.0,idle,+0.000,+0.000,+0.000,+0.000,1100,0,
1785511545.6623,2026-07-31T11:25:45.662,4.310,44,,,,0,,,,-0.0949,-95.80,-0.0949,-5495.80,1,20.0,idle,+0.000,+0.000,+0.000,+0.000,1100,0,
1785511545.7613,2026-07-31T11:25:45.761,4.409,45,,,,0,,,,-0.0971,-95.75,-0.0971,-5495.75,1,20.0,idle,+0.000,+0.000,+0.000,+0.000,1100,0,
1785511545.8604,2026-07-31T11:25:45.860,4.508,46,,,,0,,,,-0.0953,-95.62,-0.0953,-5495.62,1,20.0,idle,+0.000,+0.000,+0.000,+0.000,1100,0,
1785511545.9593,2026-07-31T11:25:45.959,4.607,47,,,,0,,,,-0.0935,-95.55,-0.0935,-5495.55,1,20.0,idle,+0.000,+0.000,+0.000,+0.000,1100,0,
1785511546.0591,2026-07-31T11:25:46.059,4.706,48,,,,0,,,,-0.0940,-95.53,-0.0940,-5495.53,1,20.0,idle,+0.000,+0.000,+0.000,+0.000,1100,0,
1785511546.1585,2026-07-31T11:25:46.158,4.806,49,,,,0,,,,-0.0917,-95.25,-0.0917,-5495.25,1,20.0,idle,+0.000,+0.000,+0.000,+0.000,1100,0,
1785511546.2578,2026-07-31T11:25:46.257,4.905,50,,,,0,,,,-0.0890,-94.99,-0.0890,-5494.99,1,20.0,idle,+0.000,+0.000,+0.000,+0.000,1100,0,
1785511546.3569,2026-07-31T11:25:46.356,5.004,51,,,,0,,,,-0.0849,-94.41,-0.0849,-5494.41,1,20.0,idle,+0.000,+0.000,+0.000,+0.000,1100,0,
1785511546.4559,2026-07-31T11:25:46.455,5.103,52,,,,0,,,,-0.0834,-94.18,-0.0834,-5494.18,1,20.0,idle,+0.000,+0.000,+0.000,+0.000,1100,0,
1785511546.5546,2026-07-31T11:25:46.554,5.202,53,,,,0,,,,-0.0029,-93.92,-0.0845,-5493.92,1,20.0,idle,+0.000,+0.000,+0.000,+0.000,1100,0,
1785511546.6530,2026-07-31T11:25:46.653,5.300,54,,,,0,,,,-0.0030,-93.29,-0.0845,-5493.29,1,20.0,idle,+0.000,+0.000,+0.000,+0.000,1100,0,
1785511546.7523,2026-07-31T11:25:46.752,5.400,55,,,,0,,,,0.0000,-92.87,-0.0815,-5492.87,1,20.0,idle,+0.000,+0.000,+0.000,+0.000,1100,0,
1785511546.8513,2026-07-31T11:25:46.851,5.499,56,,,,0,,,,-0.0009,-92.08,-0.0825,-5492.08,1,20.0,idle,+0.000,+0.000,+0.000,+0.000,1100,0,
1785511546.9503,2026-07-31T11:25:46.950,5.598,57,,,,0,,,,-0.0002,-91.67,-0.0817,-5491.67,1,20.0,idle,+0.000,+0.000,+0.000,+0.000,1100,0,
1785511547.0499,2026-07-31T11:25:47.049,5.697,58,,,,0,,,,-0.0024,-91.03,-0.0839,-5491.03,1,20.0,idle,+0.000,+0.000,+0.000,+0.000,1100,0,
1785511547.1492,2026-07-31T11:25:47.149,5.796,59,,,,0,,,,-0.0061,-91.20,-0.0876,-5491.20,1,20.0,idle,+0.000,+0.000,+0.000,+0.000,1100,0,
1785511547.2485,2026-07-31T11:25:47.248,5.896,60,,,,0,,,,-0.0065,-91.56,-0.0881,-5491.56,1,20.0,idle,+0.000,+0.000,+0.000,+0.000,1100,0,
1785511547.3480,2026-07-31T11:25:47.348,5.995,61,,,,0,,,,-0.0046,-92.80,-0.0861,-5492.80,1,20.0,idle,+0.000,+0.000,+0.000,+0.000,1100,0,
1785511547.4481,2026-07-31T11:25:47.448,6.095,62,,,,0,,,,-0.0063,-93.36,-0.0879,-5493.36,1,20.0,idle,+0.000,+0.000,+0.000,+0.000,1100,0,
1785511547.5477,2026-07-31T11:25:47.547,6.195,63,,,,0,,,,-0.0073,-93.94,-0.0889,-5493.94,1,20.0,idle,+0.000,+0.000,+0.000,+0.000,1100,0,
1785511547.6465,2026-07-31T11:25:47.646,6.294,64,,,,0,,,,-0.0111,-94.17,-0.0927,-5494.17,1,20.0,idle,+0.000,+0.000,+0.000,+0.000,1100,0,
1785511547.7467,2026-07-31T11:25:47.746,6.394,65,,,,0,,,,-0.0147,-94.12,-0.0963,-5494.12,1,20.0,idle,+0.000,+0.000,+0.000,+0.000,1100,0,
1785511547.8467,2026-07-31T11:25:47.846,6.494,66,,,,0,,,,-0.0135,-93.54,-0.0951,-5493.54,1,20.0,idle,+0.000,+0.000,+0.000,+0.000,1100,0,
1785511547.9451,2026-07-31T11:25:47.945,6.592,67,,,,0,,,,-0.0166,-92.55,-0.0982,-5492.55,1,20.0,idle,+0.000,+0.000,+0.000,+0.000,1100,0,
1785511548.0450,2026-07-31T11:25:48.045,6.692,68,,,,0,,,,-0.0135,-92.11,-0.0951,-5492.11,1,20.0,idle,+0.000,+0.000,+0.000,+0.000,1100,0,
1785511548.1443,2026-07-31T11:25:48.144,6.792,69,,,,0,,,,-0.0107,-91.63,-0.0922,-5491.63,1,20.0,idle,+0.000,+0.000,+0.000,+0.000,1100,0,
1785511548.2434,2026-07-31T11:25:48.243,6.891,70,,,,0,,,,-0.0138,-91.58,-0.0953,-5491.58,1,20.0,idle,+0.000,+0.000,+0.000,+0.000,1100,0,
1785511548.3424,2026-07-31T11:25:48.342,6.990,71,,,,0,,,,-0.0155,-91.68,-0.0970,-5491.68,1,20.0,idle,+0.000,+0.000,+0.000,+0.000,1100,0,
1785511548.4442,2026-07-31T11:25:48.444,7.091,72,,,,0,,,,-0.0162,-92.10,-0.0978,-5492.10,1,20.0,idle,+0.000,+0.000,+0.000,+0.000,1100,0,
1785511548.5436,2026-07-31T11:25:48.543,7.191,73,,,,0,,,,-0.0157,-92.43,-0.0973,-5492.43,1,20.0,idle,+0.000,+0.000,+0.000,+0.000,1100,0,
1785511548.6439,2026-07-31T11:25:48.643,7.291,74,,,,0,,,,-0.0183,-92.97,-0.0998,-5492.97,1,20.0,idle,+0.000,+0.000,+0.000,+0.000,1100,0,
1785511548.7435,2026-07-31T11:25:48.743,7.391,75,,,,0,,,,-0.0193,-93.26,-0.1008,-5493.26,1,20.0,idle,+0.000,+0.000,+0.000,+0.000,1100,0,
1785511548.8427,2026-07-31T11:25:48.842,7.490,76,,,,0,,,,-0.0186,-93.82,-0.1001,-5493.82,1,20.0,idle,+0.000,+0.000,+0.000,+0.000,1100,0,
1785511548.9418,2026-07-31T11:25:48.941,7.589,77,,,,0,,,,-0.0171,-94.22,-0.0987,-5494.22,1,20.0,idle,+0.000,+0.000,+0.000,+0.000,1100,0,
1785511549.0410,2026-07-31T11:25:49.041,7.688,78,,,,0,,,,-0.0170,-94.35,-0.0986,-5494.35,1,20.0,idle,+0.000,+0.000,+0.000,+0.000,1100,0,
1785511549.1408,2026-07-31T11:25:49.140,7.788,79,,,,0,,,,-0.0177,-94.24,-0.0993,-5494.24,1,20.0,idle,+0.000,+0.000,+0.000,+0.000,1100,0,
1785511549.2416,2026-07-31T11:25:49.241,7.889,80,,,,0,,,,-0.0185,-94.15,-0.1001,-5494.15,1,20.0,idle,+0.000,+0.000,+0.000,+0.000,1100,0,
1785511549.3404,2026-07-31T11:25:49.340,7.988,81,,,,0,,,,-0.0141,-94.23,-0.0957,-5494.23,1,20.0,idle,+0.000,+0.000,+0.000,+0.000,1100,0,
1785511549.4407,2026-07-31T11:25:49.440,8.088,82,,,,0,,,,-0.0175,-94.03,-0.0991,-5494.03,1,20.0,idle,+0.000,+0.000,+0.000,+0.000,1100,0,
1785511549.5397,2026-07-31T11:25:49.539,8.187,83,,,,0,,,,-0.0114,-93.51,-0.0930,-5493.51,1,20.0,idle,+0.000,+0.000,+0.000,+0.000,1100,0,
1785511549.6386,2026-07-31T11:25:49.638,8.286,84,,,,0,,,,-0.0101,-93.08,-0.0917,-5493.08,1,20.0,idle,+0.000,+0.000,+0.000,+0.000,1100,0,
1785511549.7374,2026-07-31T11:25:49.737,8.385,85,,,,0,,,,-0.0139,-93.01,-0.0954,-5493.01,1,20.0,idle,+0.000,+0.000,+0.000,+0.000,1100,0,
1785511549.8366,2026-07-31T11:25:49.836,8.484,86,,,,0,,,,-0.0126,-93.36,-0.0942,-5493.36,1,20.0,idle,+0.000,+0.000,+0.000,+0.000,1100,0,
1785511549.9367,2026-07-31T11:25:49.936,8.584,87,,,,0,,,,-0.0130,-93.62,-0.0945,-5493.62,1,20.0,idle,+0.000,+0.000,+0.000,+0.000,1100,0,
1785511550.0366,2026-07-31T11:25:50.036,8.684,88,,,,0,,,,-0.0112,-94.40,-0.0928,-5494.40,1,20.0,idle,+0.000,+0.000,+0.000,+0.000,1100,0,
1785511550.1353,2026-07-31T11:25:50.135,8.783,89,,,,0,,,,-0.0196,-94.97,-0.1012,-5494.97,1,20.0,idle,+0.000,+0.000,+0.000,+0.000,1100,0,
1785511550.2348,2026-07-31T11:25:50.234,8.882,90,,,,0,,,,-0.0107,-96.05,-0.0922,-5496.05,1,20.0,idle,+0.000,+0.000,+0.000,+0.000,1100,0,
1785511550.3332,2026-07-31T11:25:50.333,8.980,91,,,,0,,,,-0.0106,-96.96,-0.0922,-5496.96,1,20.0,idle,+0.000,+0.000,+0.000,+0.000,1100,0,
1785511550.4335,2026-07-31T11:25:50.433,9.081,92,,,,0,,,,-0.0105,-97.22,-0.0920,-5497.22,1,20.0,idle,+0.000,+0.000,+0.000,+0.000,1100,0,
1785511550.5326,2026-07-31T11:25:50.532,9.180,93,,,,0,,,,-0.0153,-97.32,-0.0969,-5497.32,1,20.0,idle,+0.000,+0.000,+0.000,+0.000,1100,0,
1785511550.6333,2026-07-31T11:25:50.633,9.281,94,,,,0,,,,-0.0141,-97.22,-0.0957,-5497.22,1,20.0,idle,+0.000,+0.000,+0.000,+0.000,1100,0,
1785511550.7337,2026-07-31T11:25:50.733,9.381,95,,,,0,,,,-0.0138,-97.15,-0.0954,-5497.15,1,20.0,idle,+0.000,+0.000,+0.000,+0.000,1100,0,
1785511550.8328,2026-07-31T11:25:50.832,9.480,96,,,,0,,,,-0.0083,-97.13,-0.0898,-5497.13,1,20.0,idle,+0.000,+0.000,+0.000,+0.000,1100,0,
1785511550.9327,2026-07-31T11:25:50.932,9.580,97,,,,0,,,,-0.0096,-97.25,-0.0912,-5497.25,1,20.0,idle,+0.000,+0.000,+0.000,+0.000,1100,0,
1785511551.0315,2026-07-31T11:25:51.031,9.679,98,,,,0,,,,-0.0103,-97.72,-0.0918,-5497.72,1,20.0,idle,+0.000,+0.000,+0.000,+0.000,1100,0,
1785511551.1318,2026-07-31T11:25:51.131,9.779,99,,,,0,,,,-0.0127,-98.39,-0.0942,-5498.39,1,20.0,idle,+0.000,+0.000,+0.000,+0.000,1100,0,
1785511551.2307,2026-07-31T11:25:51.230,9.878,100,,,,0,,,,-0.0159,-98.80,-0.0975,-5498.80,1,20.0,idle,+0.000,+0.000,+0.000,+0.000,1100,0,
1785511551.3298,2026-07-31T11:25:51.329,9.977,101,,,,0,,,,-0.0174,-99.76,-0.0989,-5499.76,1,20.0,idle,+0.000,+0.000,+0.000,+0.000,1100,0,
1785511551.4286,2026-07-31T11:25:51.428,10.076,102,,,,0,,,,-0.0132,-100.26,-0.0947,-5500.26,1,20.0,idle,+0.000,+0.000,+0.000,+0.000,1100,0,
1785511551.5288,2026-07-31T11:25:51.528,10.176,103,,,,0,,,,-0.0125,-101.48,-0.0940,-5501.48,1,20.0,idle,+0.000,+0.000,+0.000,+0.000,1100,0,
1785511551.6292,2026-07-31T11:25:51.629,10.276,104,,,,0,,,,-0.0164,-102.39,-0.0980,-5502.39,1,20.0,idle,+0.000,+0.000,+0.000,+0.000,1100,0,
1785511551.7294,2026-07-31T11:25:51.729,10.377,105,,,,0,,,,-0.0187,-102.68,-0.1003,-5502.68,1,20.0,idle,+0.000,+0.000,+0.000,+0.000,1100,0,
1785511551.8293,2026-07-31T11:25:51.829,10.477,106,,,,0,,,,-0.0162,-103.08,-0.0978,-5503.08,1,20.0,idle,+0.000,+0.000,+0.000,+0.000,1100,0,
1785511551.9291,2026-07-31T11:25:51.929,10.576,107,,,,0,,,,-0.0161,-103.14,-0.0976,-5503.14,1,20.0,idle,+0.000,+0.000,+0.000,+0.000,1100,0,
1785511552.0272,2026-07-31T11:25:52.027,10.675,108,,,,0,,,,-0.0136,-103.31,-0.0952,-5503.31,1,20.0,idle,+0.000,+0.000,+0.000,+0.000,1100,0,
1785511552.1276,2026-07-31T11:25:52.127,10.775,109,,,,0,,,,-0.0149,-103.61,-0.0965,-5503.61,1,20.0,idle,+0.000,+0.000,+0.000,+0.000,1100,0,
1785511552.2270,2026-07-31T11:25:52.227,10.874,110,,,,0,,,,-0.0165,-103.90,-0.0981,-5503.90,1,20.0,idle,+0.000,+0.000,+0.000,+0.000,1100,0,
1785511552.3258,2026-07-31T11:25:52.325,10.973,111,,,,0,,,,-0.0099,-105.21,-0.0914,-5505.21,1,20.0,idle,+0.000,+0.000,+0.000,+0.000,1100,0,
1785511552.4259,2026-07-31T11:25:52.425,11.073,112,,,,0,,,,-0.0090,-106.15,-0.0905,-5506.15,1,20.0,idle,+0.000,+0.000,+0.000,+0.000,1100,0,
1785511552.5253,2026-07-31T11:25:52.525,11.173,113,,,,0,,,,-0.0062,-107.69,-0.0877,-5507.69,1,20.0,idle,+0.000,+0.000,+0.000,+0.000,1100,0,
1785511552.6250,2026-07-31T11:25:52.624,11.272,114,,,,0,,,,-0.0085,-108.18,-0.0901,-5508.18,1,20.0,idle,+0.000,+0.000,+0.000,+0.000,1100,0,
1785511552.7240,2026-07-31T11:25:52.724,11.371,115,,,,0,,,,-0.0116,-108.65,-0.0931,-5508.65,1,20.0,idle,+0.000,+0.000,+0.000,+0.000,1100,0,
1785511552.8224,2026-07-31T11:25:52.822,11.470,116,,,,0,,,,-0.0088,-108.95,-0.0903,-5508.95,1,20.0,idle,+0.000,+0.000,+0.000,+0.000,1100,0,
1785511552.9213,2026-07-31T11:25:52.921,11.569,117,,,,0,,,,-0.0098,-109.15,-0.0913,-5509.15,1,20.0,idle,+0.000,+0.000,+0.000,+0.000,1100,0,
1785511553.0216,2026-07-31T11:25:53.021,11.669,118,,,,0,,,,-0.0124,-109.58,-0.0940,-5509.58,1,20.0,idle,+0.000,+0.000,+0.000,+0.000,1100,0,
1785511553.1212,2026-07-31T11:25:53.121,11.768,119,,,,0,,,,-0.0150,-109.73,-0.0966,-5509.73,1,20.0,idle,+0.000,+0.000,+0.000,+0.000,1100,0,
1785511553.2206,2026-07-31T11:25:53.220,11.868,120,,,,0,,,,-0.0132,-109.86,-0.0947,-5509.86,1,20.0,idle,+0.000,+0.000,+0.000,+0.000,1100,0,
1785511553.3208,2026-07-31T11:25:53.320,11.968,121,,,,0,,,,-0.0122,-109.97,-0.0938,-5509.97,1,20.0,idle,+0.000,+0.000,+0.000,+0.000,1100,0,
1785511553.4188,2026-07-31T11:25:53.418,12.066,122,,,,0,,,,-0.0128,-110.06,-0.0944,-5510.06,1,20.0,idle,+0.000,+0.000,+0.000,+0.000,1100,0,
1785511553.5176,2026-07-31T11:25:53.517,12.165,123,,,,0,,,,-0.0108,-110.21,-0.0924,-5510.21,1,20.0,idle,+0.000,+0.000,+0.000,+0.000,1100,0,
1785511553.6170,2026-07-31T11:25:53.616,12.264,124,,,,0,,,,-0.0061,-110.53,-0.0876,-5510.53,1,20.0,idle,+0.000,+0.000,+0.000,+0.000,1100,0,
1785511553.7161,2026-07-31T11:25:53.716,12.363,125,,,,0,,,,-0.0060,-111.51,-0.0876,-5511.51,1,20.0,idle,+0.000,+0.000,+0.000,+0.000,1100,0,
1785511553.8159,2026-07-31T11:25:53.815,12.463,126,,,,0,,,,-0.0020,-112.24,-0.0836,-5512.24,1,20.0,idle,+0.000,+0.000,+0.000,+0.000,1100,0,
1785511553.9143,2026-07-31T11:25:53.914,12.562,127,,,,0,,,,-0.0016,-112.57,-0.0832,-5512.57,1,20.0,idle,+0.000,+0.000,+0.000,+0.000,1100,0,
1785511554.0151,2026-07-31T11:25:54.015,12.662,128,,,,0,,,,-0.0011,-113.84,-0.0827,-5513.84,1,20.0,idle,+0.000,+0.000,+0.000,+0.000,1100,0,
1785511554.1133,2026-07-31T11:25:54.113,12.761,129,,,,0,,,,0.0030,-114.59,-0.0786,-5514.59,1,20.0,idle,+0.000,+0.000,+0.000,+0.000,1100,0,
1785511554.2135,2026-07-31T11:25:54.213,12.861,130,,,,0,,,,0.0109,-115.80,-0.0706,-5515.80,1,20.0,idle,+0.000,+0.000,+0.000,+0.000,1100,0,
1785511554.3133,2026-07-31T11:25:54.313,12.961,131,,,,0,,,,0.0140,-116.25,-0.0675,-5516.25,1,20.0,idle,+0.000,+0.000,+0.000,+0.000,1100,0,
1785511554.4127,2026-07-31T11:25:54.412,13.060,132,,,,0,,,,0.0185,-116.44,-0.0630,-5516.44,1,20.0,idle,+0.000,+0.000,+0.000,+0.000,1100,0,
1785511554.5123,2026-07-31T11:25:54.512,13.160,133,,,,0,,,,0.0245,-116.39,-0.0571,-5516.39,1,20.0,idle,+0.000,+0.000,+0.000,+0.000,1100,0,
1785511554.6118,2026-07-31T11:25:54.611,13.259,134,,,,0,,,,0.0232,-116.52,-0.0584,-5516.52,1,20.0,idle,+0.000,+0.000,+0.000,+0.000,1100,0,
1785511554.7105,2026-07-31T11:25:54.710,13.358,135,,,,0,,,,0.0264,-117.19,-0.0552,-5517.19,1,20.0,idle,+0.000,+0.000,+0.000,+0.000,1100,0,
1785511554.8095,2026-07-31T11:25:54.809,13.457,136,,,,0,,,,0.0269,-117.73,-0.0546,-5517.73,1,20.0,idle,+0.000,+0.000,+0.000,+0.000,1100,0,
1785511554.9087,2026-07-31T11:25:54.908,13.556,137,,,,0,,,,0.0259,-118.63,-0.0557,-5518.63,1,20.0,idle,+0.000,+0.000,+0.000,+0.000,1100,0,
1785511555.0082,2026-07-31T11:25:55.008,13.655,138,,,,0,,,,0.0272,-119.64,-0.0543,-5519.64,1,20.0,idle,+0.000,+0.000,+0.000,+0.000,1100,0,
1785511555.1073,2026-07-31T11:25:55.107,13.755,139,,,,0,,,,0.0239,-119.96,-0.0577,-5519.96,1,20.0,idle,+0.000,+0.000,+0.000,+0.000,1100,0,
1785511555.2072,2026-07-31T11:25:55.207,13.854,140,,,,0,,,,0.0244,-119.92,-0.0572,-5519.92,1,20.0,idle,+0.000,+0.000,+0.000,+0.000,1100,0,
1785511555.3069,2026-07-31T11:25:55.306,13.954,141,,,,0,,,,0.0187,-119.51,-0.0628,-5519.51,1,20.0,idle,+0.000,+0.000,+0.000,+0.000,1100,0,
1785511555.4056,2026-07-31T11:25:55.405,14.053,142,,,,0,,,,0.0169,-118.29,-0.0646,-5518.29,1,20.0,idle,+0.000,+0.000,+0.000,+0.000,1100,0,
1785511555.5051,2026-07-31T11:25:55.505,14.152,143,,,,0,,,,0.0108,-116.85,-0.0708,-5516.85,1,20.0,idle,+0.000,+0.000,+0.000,+0.000,1100,0,
1785511555.6035,2026-07-31T11:25:55.603,14.251,144,,,,0,,,,0.0072,-116.11,-0.0744,-5516.11,1,20.0,idle,+0.000,+0.000,+0.000,+0.000,1100,0,
1785511555.7035,2026-07-31T11:25:55.703,14.351,145,,,,0,,,,-0.0045,-114.59,-0.0860,-5514.59,1,20.0,idle,+0.000,+0.000,+0.000,+0.000,1100,0,
1785511555.8033,2026-07-31T11:25:55.803,14.451,146,,,,0,,,,-0.0041,-113.96,-0.0857,-5513.96,1,20.0,idle,+0.000,+0.000,+0.000,+0.000,1100,0,
1785511555.9027,2026-07-31T11:25:55.902,14.550,147,,,,0,,,,-0.0077,-113.26,-0.0892,-5513.26,1,20.0,idle,+0.000,+0.000,+0.000,+0.000,1100,0,
1785511556.0020,2026-07-31T11:25:56.001,14.649,148,,,,0,,,,-0.0098,-112.91,-0.0914,-5512.91,1,20.0,idle,+0.000,+0.000,+0.000,+0.000,1100,0,
1785511556.1020,2026-07-31T11:25:56.102,14.749,149,,,,0,,,,-0.0148,-112.73,-0.0964,-5512.73,1,20.0,idle,+0.000,+0.000,+0.000,+0.000,1100,0,
1785511556.2008,2026-07-31T11:25:56.200,14.848,150,,,,0,,,,-0.0161,-111.96,-0.0976,-5511.96,1,20.0,idle,+0.000,+0.000,+0.000,+0.000,1100,0,
1785511556.3002,2026-07-31T11:25:56.300,14.947,151,,,,0,,,,-0.0162,-111.31,-0.0977,-5511.31,1,20.0,idle,+0.000,+0.000,+0.000,+0.000,1100,0,
1785511556.3986,2026-07-31T11:25:56.398,15.046,152,,,,0,,,,-0.0198,-109.94,-0.1013,-5509.94,1,20.0,idle,+0.000,+0.000,+0.000,+0.000,1100,0,
1785511556.4977,2026-07-31T11:25:56.497,15.145,153,,,,0,,,,-0.0174,-109.19,-0.0989,-5509.19,1,20.0,idle,+0.000,+0.000,+0.000,+0.000,1100,0,
1785511556.5968,2026-07-31T11:25:56.596,15.244,154,,,,0,,,,-0.0148,-107.92,-0.0963,-5507.92,1,20.0,idle,+0.000,+0.000,+0.000,+0.000,1100,0,
1785511556.6970,2026-07-31T11:25:56.697,15.344,155,,,,0,,,,-0.0175,-107.66,-0.0990,-5507.66,1,20.0,idle,+0.000,+0.000,+0.000,+0.000,1100,0,
1785511556.7961,2026-07-31T11:25:56.796,15.443,156,,,,0,,,,-0.0127,-107.67,-0.0943,-5507.67,1,20.0,idle,+0.000,+0.000,+0.000,+0.000,1100,0,
1785511556.8953,2026-07-31T11:25:56.895,15.543,157,,,,0,,,,-0.0194,-108.04,-0.1009,-5508.04,1,20.0,idle,+0.000,+0.000,+0.000,+0.000,1100,0,
1785511556.9953,2026-07-31T11:25:56.995,15.643,158,,,,0,,,,-0.0121,-108.33,-0.0937,-5508.33,1,20.0,idle,+0.000,+0.000,+0.000,+0.000,1100,0,
1785511557.0945,2026-07-31T11:25:57.094,15.742,159,,,,0,,,,-0.0093,-108.81,-0.0908,-5508.81,1,20.0,idle,+0.000,+0.000,+0.000,+0.000,1100,0,
1785511557.1935,2026-07-31T11:25:57.193,15.841,160,,,,0,,,,-0.0102,-109.04,-0.0918,-5509.04,1,20.0,idle,+0.000,+0.000,+0.000,+0.000,1100,0,
1785511557.2929,2026-07-31T11:25:57.292,15.940,161,,,,0,,,,-0.0033,-109.45,-0.0848,-5509.45,1,20.0,idle,+0.000,+0.000,+0.000,+0.000,1100,0,
1785511557.3921,2026-07-31T11:25:57.392,16.039,162,,,,0,,,,-0.0042,-110.11,-0.0857,-5510.11,1,20.0,idle,+0.000,+0.000,+0.000,+0.000,1100,0,
1785511557.4912,2026-07-31T11:25:57.491,16.138,163,,,,0,,,,-0.0013,-110.45,-0.0829,-5510.45,1,20.0,idle,+0.000,+0.000,+0.000,+0.000,1100,0,
1785511557.5903,2026-07-31T11:25:57.590,16.238,164,,,,0,,,,0.0028,-111.07,-0.0788,-5511.07,1,20.0,idle,+0.000,+0.000,+0.000,+0.000,1100,0,
1785511557.6885,2026-07-31T11:25:57.688,16.336,165,,,,0,,,,0.0033,-111.64,-0.0783,-5511.64,1,20.0,idle,+0.000,+0.000,+0.000,+0.000,1100,0,
1785511557.7874,2026-07-31T11:25:57.787,16.435,166,,,,0,,,,0.0006,-111.96,-0.0810,-5511.96,1,20.0,idle,+0.000,+0.000,+0.000,+0.000,1100,0,
1785511557.8878,2026-07-31T11:25:57.887,16.535,167,,,,0,,,,0.0073,-112.90,-0.0742,-5512.90,1,20.0,idle,+0.000,+0.000,+0.000,+0.000,1100,0,
1785511557.9881,2026-07-31T11:25:57.988,16.635,168,,,,0,,,,0.0081,-113.48,-0.0735,-5513.48,1,20.0,idle,+0.000,+0.000,+0.000,+0.000,1100,0,
1785511558.0874,2026-07-31T11:25:58.087,16.735,169,,,,0,,,,0.0068,-114.52,-0.0747,-5514.52,1,20.0,idle,+0.000,+0.000,+0.000,+0.000,1100,0,
1785511558.1883,2026-07-31T11:25:58.188,16.836,170,,,,0,,,,-0.0022,-115.61,-0.0838,-5515.61,1,20.0,idle,+0.000,+0.000,+0.000,+0.000,1100,0,
1785511558.2866,2026-07-31T11:25:58.286,16.934,171,,,,0,,,,0.0013,-116.05,-0.0803,-5516.05,1,20.0,idle,+0.000,+0.000,+0.000,+0.000,1100,0,
1785511558.3872,2026-07-31T11:25:58.387,17.034,172,,,,0,,,,-0.0021,-115.75,-0.0836,-5515.75,1,20.0,idle,+0.000,+0.000,+0.000,+0.000,1100,0,
1785511558.4852,2026-07-31T11:25:58.485,17.132,173,,,,0,,,,0.0054,-115.11,-0.0762,-5515.11,1,20.0,idle,+0.000,+0.000,+0.000,+0.000,1100,0,
1785511558.5837,2026-07-31T11:25:58.583,17.231,174,,,,0,,,,0.0013,-112.92,-0.0802,-5512.92,1,20.0,idle,+0.000,+0.000,+0.000,+0.000,1100,0,
1785511558.6841,2026-07-31T11:25:58.684,17.331,175,,,,0,,,,-0.0008,-111.62,-0.0824,-5511.62,1,20.0,idle,+0.000,+0.000,+0.000,+0.000,1100,0,
1785511558.7834,2026-07-31T11:25:58.783,17.431,176,,,,0,,,,0.0032,-109.30,-0.0784,-5509.30,1,20.0,idle,+0.000,+0.000,+0.000,+0.000,1100,0,
1785511558.8826,2026-07-31T11:25:58.882,17.530,177,,,,0,,,,0.0009,-107.23,-0.0807,-5507.23,1,20.0,idle,+0.000,+0.000,+0.000,+0.000,1100,0,
1785511558.9818,2026-07-31T11:25:58.981,17.629,178,,,,0,,,,0.0038,-106.31,-0.0778,-5506.31,1,20.0,idle,+0.000,+0.000,+0.000,+0.000,1100,0,
1785511559.0812,2026-07-31T11:25:59.081,17.728,179,,,,0,,,,0.0047,-104.82,-0.0768,-5504.82,1,20.0,idle,+0.000,+0.000,+0.000,+0.000,1100,0,
1785511559.1798,2026-07-31T11:25:59.179,17.827,180,,,,0,,,,0.0061,-104.55,-0.0755,-5504.55,1,20.0,idle,+0.000,+0.000,+0.000,+0.000,1100,0,
1785511559.2785,2026-07-31T11:25:59.278,17.926,181,,,,0,,,,0.0057,-104.93,-0.0758,-5504.93,1,20.0,idle,+0.000,+0.000,+0.000,+0.000,1100,0,
1785511559.3777,2026-07-31T11:25:59.377,18.025,182,,,,0,,,,0.0053,-105.36,-0.0763,-5505.36,1,20.0,idle,+0.000,+0.000,+0.000,+0.000,1100,0,
1785511559.4780,2026-07-31T11:25:59.478,18.125,183,,,,0,,,,0.0058,-105.62,-0.0758,-5505.62,1,20.0,idle,+0.000,+0.000,+0.000,+0.000,1100,0,
1785511559.5775,2026-07-31T11:25:59.577,18.225,184,,,,0,,,,0.0155,-106.01,-0.0661,-5506.01,1,20.0,idle,+0.000,+0.000,+0.000,+0.000,1100,0,
1785511559.6769,2026-07-31T11:25:59.676,18.324,185,,,,0,,,,0.0168,-106.21,-0.0648,-5506.21,1,20.0,idle,+0.000,+0.000,+0.000,+0.000,1100,0,
1785511559.7771,2026-07-31T11:25:59.777,18.424,186,,,,0,,,,0.0216,-106.36,-0.0599,-5506.36,1,20.0,idle,+0.000,+0.000,+0.000,+0.000,1100,0,
1785511559.8763,2026-07-31T11:25:59.876,18.524,187,,,,0,,,,0.0235,-106.41,-0.0581,-5506.41,1,20.0,idle,+0.000,+0.000,+0.000,+0.000,1100,0,
1785511559.9755,2026-07-31T11:25:59.975,18.623,188,,,,0,,,,0.0215,-106.44,-0.0601,-5506.44,1,20.0,idle,+0.000,+0.000,+0.000,+0.000,1100,0,
1785511560.0774,2026-07-31T11:26:00.077,18.725,189,,,,0,,,,0.0249,-106.57,-0.0567,-5506.57,1,20.0,idle,+0.000,+0.000,+0.000,+0.000,1100,0,
1785511560.1756,2026-07-31T11:26:00.175,18.823,190,,,,0,,,,0.0207,-106.76,-0.0609,-5506.76,1,20.0,idle,+0.000,+0.000,+0.000,+0.000,1100,0,
1785511560.2752,2026-07-31T11:26:00.275,18.922,191,,,,0,,,,0.0156,-107.25,-0.0660,-5507.25,1,20.0,idle,+0.000,+0.000,+0.000,+0.000,1100,0,
1785511560.3744,2026-07-31T11:26:00.374,19.022,192,,,,0,,,,0.0200,-107.52,-0.0616,-5507.52,1,20.0,idle,+0.000,+0.000,+0.000,+0.000,1100,0,
1785511560.4744,2026-07-31T11:26:00.474,19.122,193,,,,0,,,,0.0102,-107.95,-0.0713,-5507.95,1,20.0,idle,+0.000,+0.000,+0.000,+0.000,1100,0,
1785511560.5729,2026-07-31T11:26:00.572,19.220,194,,,,0,,,,0.0099,-108.17,-0.0717,-5508.17,1,20.0,idle,+0.000,+0.000,+0.000,+0.000,1100,0,
1785511560.6716,2026-07-31T11:26:00.671,19.319,195,,,,0,,,,0.0083,-108.22,-0.0733,-5508.22,1,20.0,idle,+0.000,+0.000,+0.000,+0.000,1100,0,
1785511560.7720,2026-07-31T11:26:00.772,19.419,196,,,,0,,,,0.0030,-108.20,-0.0785,-5508.20,1,20.0,idle,+0.000,+0.000,+0.000,+0.000,1100,0,
1785511560.8721,2026-07-31T11:26:00.872,19.519,197,,,,0,,,,0.0026,-108.14,-0.0790,-5508.14,1,20.0,idle,+0.000,+0.000,+0.000,+0.000,1100,0,
1785511560.9706,2026-07-31T11:26:00.970,19.618,198,,,,0,,,,0.0057,-107.57,-0.0759,-5507.57,1,20.0,idle,+0.000,+0.000,+0.000,+0.000,1100,0,
1785511561.0705,2026-07-31T11:26:01.070,19.718,199,,,,0,,,,0.0054,-106.09,-0.0762,-5506.09,1,20.0,idle,+0.000,+0.000,+0.000,+0.000,1100,0,
1785511561.1699,2026-07-31T11:26:01.169,19.817,200,,,,0,,,,0.0089,-105.20,-0.0726,-5505.20,1,20.0,idle,+0.000,+0.000,+0.000,+0.000,1100,0,
1785511561.2702,2026-07-31T11:26:01.270,19.917,201,,,,0,,,,0.0084,-103.95,-0.0732,-5503.95,1,20.0,idle,+0.000,+0.000,+0.000,+0.000,1100,0,
1785511561.3692,2026-07-31T11:26:01.369,20.016,202,,,,0,,,,0.0082,-103.51,-0.0734,-5503.51,1,20.0,idle,+0.000,+0.000,+0.000,+0.000,1100,0,
1785511561.4678,2026-07-31T11:26:01.467,20.115,203,,,,0,,,,0.0105,-103.02,-0.0711,-5503.02,1,20.0,idle,+0.000,+0.000,+0.000,+0.000,1100,0,
1785511561.5673,2026-07-31T11:26:01.567,20.215,204,,,,0,,,,0.0069,-102.74,-0.0746,-5502.74,1,20.0,idle,+0.000,+0.000,+0.000,+0.000,1100,0,
1785511561.6661,2026-07-31T11:26:01.666,20.313,205,,,,0,,,,0.0100,-102.64,-0.0716,-5502.64,1,20.0,idle,+0.000,+0.000,+0.000,+0.000,1100,0,
1785511561.7650,2026-07-31T11:26:01.765,20.412,206,,,,0,,,,0.0106,-102.31,-0.0710,-5502.31,1,20.0,idle,+0.000,+0.000,+0.000,+0.000,1100,0,
1785511561.8639,2026-07-31T11:26:01.863,20.511,207,,,,0,,,,0.0080,-102.03,-0.0736,-5502.03,1,20.0,idle,+0.000,+0.000,+0.000,+0.000,1100,0,
1785511561.9629,2026-07-31T11:26:01.962,20.610,208,,,,0,,,,0.0053,-101.24,-0.0762,-5501.24,1,20.0,idle,+0.000,+0.000,+0.000,+0.000,1100,0,
1785511562.0618,2026-07-31T11:26:02.061,20.709,209,,,,0,,,,0.0010,-100.46,-0.0805,-5500.46,1,20.0,idle,+0.000,+0.000,+0.000,+0.000,1100,0,
1785511562.1621,2026-07-31T11:26:02.162,20.809,210,,,,0,,,,0.0001,-100.24,-0.0815,-5500.24,1,20.0,idle,+0.000,+0.000,+0.000,+0.000,1100,0,
1785511562.2614,2026-07-31T11:26:02.261,20.909,211,,,,0,,,,-0.0011,-100.24,-0.0827,-5500.24,1,20.0,idle,+0.000,+0.000,+0.000,+0.000,1100,0,
1785511562.3616,2026-07-31T11:26:02.361,21.009,212,,,,0,,,,-0.0032,-100.41,-0.0848,-5500.41,1,20.0,idle,+0.000,+0.000,+0.000,+0.000,1100,0,
1785511562.4614,2026-07-31T11:26:02.461,21.109,213,,,,0,,,,-0.0091,-100.71,-0.0907,-5500.71,1,20.0,idle,+0.000,+0.000,+0.000,+0.000,1100,0,
1785511562.5599,2026-07-31T11:26:02.559,21.207,214,,,,0,,,,-0.0109,-100.89,-0.0924,-5500.89,1,20.0,idle,+0.000,+0.000,+0.000,+0.000,1100,0,
1785511562.6588,2026-07-31T11:26:02.658,21.306,215,,,,0,,,,-0.0129,-100.90,-0.0945,-5500.90,1,20.0,idle,+0.000,+0.000,+0.000,+0.000,1100,0,
1785511562.7578,2026-07-31T11:26:02.757,21.405,216,,,,0,,,,-0.0157,-100.77,-0.0973,-5500.77,1,20.0,idle,+0.000,+0.000,+0.000,+0.000,1100,0,
1785511562.8571,2026-07-31T11:26:02.857,21.504,217,,,,0,,,,-0.0142,-100.66,-0.0958,-5500.66,1,20.0,idle,+0.000,+0.000,+0.000,+0.000,1100,0,
1785511562.9564,2026-07-31T11:26:02.956,21.604,218,,,,0,,,,-0.0164,-100.67,-0.0979,-5500.67,1,20.0,idle,+0.000,+0.000,+0.000,+0.000,1100,0,
1785511563.0546,2026-07-31T11:26:03.054,21.702,219,,,,0,,,,-0.0175,-100.84,-0.0990,-5500.84,1,20.0,idle,+0.000,+0.000,+0.000,+0.000,1100,0,
1785511563.1548,2026-07-31T11:26:03.154,21.802,220,,,,0,,,,-0.0101,-101.42,-0.0916,-5501.42,1,20.0,idle,+0.000,+0.000,+0.000,+0.000,1100,0,
1785511563.2540,2026-07-31T11:26:03.254,21.901,221,,,,0,,,,-0.0163,-102.02,-0.0979,-5502.02,1,20.0,idle,+0.000,+0.000,+0.000,+0.000,1100,0,
1785511563.3526,2026-07-31T11:26:03.352,22.000,222,,,,0,,,,-0.0156,-102.23,-0.0972,-5502.23,1,20.0,idle,+0.000,+0.000,+0.000,+0.000,1100,0,
1785511563.4532,2026-07-31T11:26:03.453,22.100,223,,,,0,,,,-0.0148,-102.45,-0.0964,-5502.45,1,20.0,idle,+0.000,+0.000,+0.000,+0.000,1100,0,
1785511563.5525,2026-07-31T11:26:03.552,22.200,224,,,,0,,,,-0.0154,-102.51,-0.0970,-5502.51,1,20.0,idle,+0.000,+0.000,+0.000,+0.000,1100,0,
1785511563.6515,2026-07-31T11:26:03.651,22.299,225,,,,0,,,,-0.0138,-102.58,-0.0954,-5502.58,1,20.0,idle,+0.000,+0.000,+0.000,+0.000,1100,0,
1785511563.7504,2026-07-31T11:26:03.750,22.398,226,,,,0,,,,-0.0155,-102.63,-0.0971,-5502.63,1,20.0,idle,+0.000,+0.000,+0.000,+0.000,1100,0,
1785511563.8491,2026-07-31T11:26:03.849,22.496,227,,,,0,,,,-0.0127,-102.75,-0.0942,-5502.75,1,20.0,idle,+0.000,+0.000,+0.000,+0.000,1100,0,
1785511563.9478,2026-07-31T11:26:03.947,22.595,228,,,,0,,,,-0.0076,-102.88,-0.0892,-5502.88,1,20.0,idle,+0.000,+0.000,+0.000,+0.000,1100,0,
1785511564.0480,2026-07-31T11:26:04.048,22.695,229,,,,0,,,,-0.0084,-102.90,-0.0899,-5502.90,1,20.0,idle,+0.000,+0.000,+0.000,+0.000,1100,0,
1785511564.1481,2026-07-31T11:26:04.148,22.795,230,,,,0,,,,-0.0096,-102.79,-0.0912,-5502.79,1,20.0,idle,+0.000,+0.000,+0.000,+0.000,1100,0,
1785511564.2474,2026-07-31T11:26:04.247,22.895,231,,,,0,,,,-0.0068,-102.70,-0.0883,-5502.70,1,20.0,idle,+0.000,+0.000,+0.000,+0.000,1100,0,
1785511564.3469,2026-07-31T11:26:04.346,22.994,232,,,,0,,,,-0.0023,-102.50,-0.0839,-5502.50,1,20.0,idle,+0.000,+0.000,+0.000,+0.000,1100,0,
1785511564.4464,2026-07-31T11:26:04.446,23.094,233,,,,0,,,,-0.0046,-102.35,-0.0862,-5502.35,1,20.0,idle,+0.000,+0.000,+0.000,+0.000,1100,0,
1785511564.5451,2026-07-31T11:26:04.545,23.192,234,,,,0,,,,-0.0037,-102.30,-0.0852,-5502.30,1,20.0,idle,+0.000,+0.000,+0.000,+0.000,1100,0,
1785511564.6441,2026-07-31T11:26:04.644,23.291,235,,,,0,,,,-0.0031,-102.30,-0.0847,-5502.30,1,20.0,idle,+0.000,+0.000,+0.000,+0.000,1100,0,
1785511564.7433,2026-07-31T11:26:04.743,23.391,236,,,,0,,,,-0.0007,-102.32,-0.0823,-5502.32,1,20.0,idle,+0.000,+0.000,+0.000,+0.000,1100,0,
1785511564.8425,2026-07-31T11:26:04.842,23.490,237,,,,0,,,,0.0009,-102.29,-0.0806,-5502.29,1,20.0,idle,+0.000,+0.000,+0.000,+0.000,1100,0,
1785511564.9410,2026-07-31T11:26:04.940,23.588,238,,,,0,,,,0.0056,-102.16,-0.0759,-5502.16,1,20.0,idle,+0.000,+0.000,+0.000,+0.000,1100,0,
1785511565.0413,2026-07-31T11:26:05.041,23.689,239,,,,0,,,,0.0067,-102.06,-0.0748,-5502.06,1,20.0,idle,+0.000,+0.000,+0.000,+0.000,1100,0,
1785511565.1403,2026-07-31T11:26:05.140,23.788,240,,,,0,,,,0.0081,-101.75,-0.0735,-5501.75,1,20.0,idle,+0.000,+0.000,+0.000,+0.000,1100,0,
1785511565.2405,2026-07-31T11:26:05.240,23.888,241,,,,0,,,,0.0055,-101.56,-0.0760,-5501.56,1,20.0,idle,+0.000,+0.000,+0.000,+0.000,1100,0,
1785511565.3388,2026-07-31T11:26:05.338,23.986,242,,,,0,,,,0.0098,-101.10,-0.0718,-5501.10,1,20.0,idle,+0.000,+0.000,+0.000,+0.000,1100,0,
1785511565.4394,2026-07-31T11:26:05.439,24.087,243,,,,0,,,,0.0103,-100.66,-0.0712,-5500.66,1,20.0,idle,+0.000,+0.000,+0.000,+0.000,1100,0,
1785511565.5386,2026-07-31T11:26:05.538,24.186,244,,,,0,,,,0.0119,-100.52,-0.0696,-5500.52,1,20.0,idle,+0.000,+0.000,+0.000,+0.000,1100,0,
1785511565.6381,2026-07-31T11:26:05.638,24.285,245,,,,0,,,,0.0078,-100.38,-0.0738,-5500.38,1,20.0,idle,+0.000,+0.000,+0.000,+0.000,1100,0,
1785511565.7369,2026-07-31T11:26:05.736,24.384,246,,,,0,,,,0.0091,-100.40,-0.0725,-5500.40,1,20.0,idle,+0.000,+0.000,+0.000,+0.000,1100,0,
1785511565.8371,2026-07-31T11:26:05.837,24.484,247,,,,0,,,,0.0127,-100.68,-0.0688,-5500.68,1,20.0,idle,+0.000,+0.000,+0.000,+0.000,1100,0,
1785511565.9373,2026-07-31T11:26:05.937,24.585,248,,,,0,,,,0.0111,-101.22,-0.0705,-5501.22,1,20.0,idle,+0.000,+0.000,+0.000,+0.000,1100,0,
1785511566.0373,2026-07-31T11:26:06.037,24.685,249,,,,0,,,,0.0067,-101.49,-0.0749,-5501.49,1,20.0,idle,+0.000,+0.000,+0.000,+0.000,1100,0,
1785511566.1369,2026-07-31T11:26:06.136,24.784,250,,,,0,,,,0.0145,-102.01,-0.0670,-5502.01,1,20.0,idle,+0.000,+0.000,+0.000,+0.000,1100,0,
1785511566.2372,2026-07-31T11:26:06.237,24.885,251,,,,0,,,,0.0116,-102.22,-0.0700,-5502.22,1,20.0,idle,+0.000,+0.000,+0.000,+0.000,1100,0,
1785511566.3357,2026-07-31T11:26:06.335,24.983,252,,,,0,,,,0.0101,-102.58,-0.0715,-5502.58,1,20.0,idle,+0.000,+0.000,+0.000,+0.000,1100,0,
1785511566.4358,2026-07-31T11:26:06.435,25.083,253,,,,0,,,,0.0139,-102.96,-0.0677,-5502.96,1,20.0,idle,+0.000,+0.000,+0.000,+0.000,1100,0,
1785511566.5348,2026-07-31T11:26:06.534,25.182,254,,,,0,,,,0.0106,-103.14,-0.0709,-5503.14,1,20.0,idle,+0.000,+0.000,+0.000,+0.000,1100,0,
1785511566.6343,2026-07-31T11:26:06.634,25.282,255,,,,0,,,,0.0154,-103.48,-0.0662,-5503.48,1,20.0,idle,+0.000,+0.000,+0.000,+0.000,1100,0,
1785511566.7330,2026-07-31T11:26:06.732,25.380,256,,,,0,,,,0.0165,-103.60,-0.0651,-5503.60,1,20.0,idle,+0.000,+0.000,+0.000,+0.000,1100,0,
1785511566.8317,2026-07-31T11:26:06.831,25.479,257,,,,0,,,,0.0162,-103.82,-0.0654,-5503.82,1,20.0,idle,+0.000,+0.000,+0.000,+0.000,1100,0,
1785511566.9321,2026-07-31T11:26:06.932,25.579,258,,,,0,,,,0.0184,-103.90,-0.0632,-5503.90,1,20.0,idle,+0.000,+0.000,+0.000,+0.000,1100,0,
1785511567.0326,2026-07-31T11:26:07.032,25.680,259,,,,0,,,,0.0168,-104.02,-0.0647,-5504.02,1,20.0,idle,+0.000,+0.000,+0.000,+0.000,1100,0,
1785511567.1325,2026-07-31T11:26:07.132,25.780,260,,,,0,,,,0.0116,-104.11,-0.0700,-5504.11,1,20.0,idle,+0.000,+0.000,+0.000,+0.000,1100,0,
1785511567.2309,2026-07-31T11:26:07.230,25.878,261,,,,0,,,,0.0178,-104.17,-0.0638,-5504.17,1,20.0,idle,+0.000,+0.000,+0.000,+0.000,1100,0,
1785511567.3310,2026-07-31T11:26:07.331,25.978,262,,,,0,,,,0.0151,-104.29,-0.0665,-5504.29,1,20.0,idle,+0.000,+0.000,+0.000,+0.000,1100,0,
1785511567.4306,2026-07-31T11:26:07.430,26.078,263,,,,0,,,,0.0166,-104.36,-0.0649,-5504.36,1,20.0,idle,+0.000,+0.000,+0.000,+0.000,1100,0,
1785511567.5293,2026-07-31T11:26:07.529,26.177,264,,,,0,,,,0.0159,-104.44,-0.0656,-5504.44,1,20.0,idle,+0.000,+0.000,+0.000,+0.000,1100,0,
1785511567.6285,2026-07-31T11:26:07.628,26.276,265,,,,0,,,,0.0132,-104.44,-0.0684,-5504.44,1,20.0,idle,+0.000,+0.000,+0.000,+0.000,1100,0,
1785511567.7283,2026-07-31T11:26:07.728,26.376,266,,,,0,,,,0.0095,-104.43,-0.0720,-5504.43,1,20.0,idle,+0.000,+0.000,+0.000,+0.000,1100,0,
1785511567.8277,2026-07-31T11:26:07.827,26.475,267,,,,0,,,,0.0135,-104.43,-0.0681,-5504.43,1,20.0,idle,+0.000,+0.000,+0.000,+0.000,1100,0,
1785511567.9271,2026-07-31T11:26:07.927,26.574,268,,,,0,,,,0.0120,-104.43,-0.0696,-5504.43,1,20.0,idle,+0.000,+0.000,+0.000,+0.000,1100,0,
1785511568.0276,2026-07-31T11:26:08.027,26.675,269,,,,0,,,,0.0114,-104.46,-0.0702,-5504.46,1,20.0,idle,+0.000,+0.000,+0.000,+0.000,1100,0,
1785511568.1274,2026-07-31T11:26:08.127,26.775,270,,,,0,,,,0.0081,-104.52,-0.0735,-5504.52,1,20.0,idle,+0.000,+0.000,+0.000,+0.000,1100,0,
1785511568.2258,2026-07-31T11:26:08.225,26.873,271,,,,0,,,,0.0087,-104.57,-0.0729,-5504.57,1,20.0,idle,+0.000,+0.000,+0.000,+0.000,1100,0,
1785511568.3266,2026-07-31T11:26:08.326,26.974,272,,,,0,,,,0.0055,-104.65,-0.0761,-5504.65,1,20.0,idle,+0.000,+0.000,+0.000,+0.000,1100,0,
1785511568.4248,2026-07-31T11:26:08.424,27.072,273,,,,0,,,,0.0070,-104.67,-0.0745,-5504.67,1,20.0,idle,+0.000,+0.000,+0.000,+0.000,1100,0,
1785511568.5246,2026-07-31T11:26:08.524,27.172,274,,,,0,,,,0.0007,-104.75,-0.0809,-5504.75,1,20.0,idle,+0.000,+0.000,+0.000,+0.000,1100,0,
1785511568.6235,2026-07-31T11:26:08.623,27.271,275,,,,0,,,,0.0030,-104.89,-0.0786,-5504.89,1,20.0,idle,+0.000,+0.000,+0.000,+0.000,1100,0,
1785511568.7221,2026-07-31T11:26:08.722,27.369,276,,,,0,,,,0.0010,-105.00,-0.0806,-5505.00,1,20.0,idle,+0.000,+0.000,+0.000,+0.000,1100,0,
1785511568.8212,2026-07-31T11:26:08.821,27.468,277,,,,0,,,,0.0047,-105.17,-0.0769,-5505.17,1,20.0,idle,+0.000,+0.000,+0.000,+0.000,1100,0,
1785511568.9206,2026-07-31T11:26:08.920,27.568,278,,,,0,,,,0.0053,-105.23,-0.0762,-5505.23,1,20.0,idle,+0.000,+0.000,+0.000,+0.000,1100,0,
1785511569.0193,2026-07-31T11:26:09.019,27.667,279,,,,0,,,,-0.0002,-105.32,-0.0818,-5505.32,1,20.0,idle,+0.000,+0.000,+0.000,+0.000,1100,0,
1785511569.1187,2026-07-31T11:26:09.118,27.766,280,,,,0,,,,0.0038,-105.38,-0.0777,-5505.38,1,20.0,idle,+0.000,+0.000,+0.000,+0.000,1100,0,
1785511569.2181,2026-07-31T11:26:09.218,27.865,281,,,,0,,,,0.0023,-105.47,-0.0793,-5505.47,1,20.0,idle,+0.000,+0.000,+0.000,+0.000,1100,0,
1785511569.3174,2026-07-31T11:26:09.317,27.965,282,,,,0,,,,-0.0002,-105.46,-0.0818,-5505.46,1,20.0,idle,+0.000,+0.000,+0.000,+0.000,1100,0,
1785511569.4159,2026-07-31T11:26:09.415,28.063,283,,,,0,,,,-0.0023,-105.43,-0.0839,-5505.43,1,20.0,idle,+0.000,+0.000,+0.000,+0.000,1100,0,
1785511569.5150,2026-07-31T11:26:09.514,28.162,284,,,,0,,,,-0.0007,-105.41,-0.0822,-5505.41,1,20.0,idle,+0.000,+0.000,+0.000,+0.000,1100,0,
1785511569.6143,2026-07-31T11:26:09.614,28.262,285,,,,0,,,,-0.0041,-105.46,-0.0856,-5505.46,1,20.0,idle,+0.000,+0.000,+0.000,+0.000,1100,0,
1785511569.7146,2026-07-31T11:26:09.714,28.362,286,,,,0,,,,-0.0057,-105.59,-0.0873,-5505.59,1,20.0,idle,+0.000,+0.000,+0.000,+0.000,1100,0,
1785511569.8137,2026-07-31T11:26:09.813,28.461,287,,,,0,,,,-0.0014,-105.64,-0.0829,-5505.64,1,20.0,idle,+0.000,+0.000,+0.000,+0.000,1100,0,
1785511569.9133,2026-07-31T11:26:09.913,28.561,288,,,,0,,,,-0.0026,-105.65,-0.0841,-5505.65,1,20.0,idle,+0.000,+0.000,+0.000,+0.000,1100,0,
1785511570.0128,2026-07-31T11:26:10.012,28.660,289,,,,0,,,,0.0010,-105.57,-0.0806,-5505.57,1,20.0,idle,+0.000,+0.000,+0.000,+0.000,1100,0,
1785511570.1127,2026-07-31T11:26:10.112,28.760,290,,,,0,,,,-0.0014,-105.55,-0.0829,-5505.55,1,20.0,idle,+0.000,+0.000,+0.000,+0.000,1100,0,
1785511570.2114,2026-07-31T11:26:10.211,28.859,291,,,,0,,,,-0.0031,-105.52,-0.0846,-5505.52,1,20.0,idle,+0.000,+0.000,+0.000,+0.000,1100,0,
1785511570.3116,2026-07-31T11:26:10.311,28.959,292,,,,0,,,,-0.0050,-105.50,-0.0866,-5505.50,1,20.0,idle,+0.000,+0.000,+0.000,+0.000,1100,0,
1785511570.4114,2026-07-31T11:26:10.411,29.059,293,,,,0,,,,-0.0034,-105.43,-0.0850,-5505.43,1,20.0,idle,+0.000,+0.000,+0.000,+0.000,1100,0,
1785511570.5114,2026-07-31T11:26:10.511,29.159,294,,,,0,,,,-0.0051,-105.33,-0.0866,-5505.33,1,20.0,idle,+0.000,+0.000,+0.000,+0.000,1100,0,
1785511570.6104,2026-07-31T11:26:10.610,29.258,295,,,,0,,,,-0.0058,-105.25,-0.0874,-5505.25,1,20.0,idle,+0.000,+0.000,+0.000,+0.000,1100,0,
1785511570.7091,2026-07-31T11:26:10.709,29.356,296,,,,0,,,,0.0000,-105.09,-0.0815,-5505.09,1,20.0,idle,+0.000,+0.000,+0.000,+0.000,1100,0,
1785511570.8084,2026-07-31T11:26:10.808,29.456,297,,,,0,,,,-0.0028,-104.92,-0.0844,-5504.92,1,20.0,idle,+0.000,+0.000,+0.000,+0.000,1100,0,
1785511570.9074,2026-07-31T11:26:10.907,29.555,298,,,,0,,,,0.0020,-104.82,-0.0796,-5504.82,1,20.0,idle,+0.000,+0.000,+0.000,+0.000,1100,0,
1785511571.0059,2026-07-31T11:26:11.005,29.653,299,,,,0,,,,-0.0078,-104.63,-0.0894,-5504.63,1,20.0,idle,+0.000,+0.000,+0.000,+0.000,1100,0,
1785511571.1053,2026-07-31T11:26:11.105,29.753,300,,,,0,,,,-0.0058,-104.55,-0.0874,-5504.55,1,20.0,idle,+0.000,+0.000,+0.000,+0.000,1100,0,
1785511571.2047,2026-07-31T11:26:11.204,29.852,301,,,,0,,,,-0.0048,-104.41,-0.0864,-5504.41,1,20.0,idle,+0.000,+0.000,+0.000,+0.000,1100,0,
1785511571.3054,2026-07-31T11:26:11.305,29.953,302,,,,0,,,,-0.0044,-104.38,-0.0860,-5504.38,1,20.0,idle,+0.000,+0.000,+0.000,+0.000,1100,0,
1785511571.4039,2026-07-31T11:26:11.403,30.051,303,,,,0,,,,0.0010,-104.34,-0.0806,-5504.34,1,20.0,idle,+0.000,+0.000,+0.000,+0.000,1100,0,
1785511571.5032,2026-07-31T11:26:11.503,30.151,304,,,,0,,,,-0.0050,-104.19,-0.0866,-5504.19,1,20.0,idle,+0.000,+0.000,+0.000,+0.000,1100,0,
1785511571.6032,2026-07-31T11:26:11.603,30.251,305,,,,0,,,,0.0003,-104.09,-0.0812,-5504.09,1,20.0,idle,+0.000,+0.000,+0.000,+0.000,1100,0,
1785511571.7021,2026-07-31T11:26:11.702,30.349,306,,,,0,,,,-0.0052,-103.93,-0.0867,-5503.93,1,20.0,idle,+0.000,+0.000,+0.000,+0.000,1100,0,
1785511571.8021,2026-07-31T11:26:11.802,30.449,307,,,,0,,,,-0.0059,-103.88,-0.0874,-5503.88,1,20.0,idle,+0.000,+0.000,+0.000,+0.000,1100,0,
1785511571.9025,2026-07-31T11:26:11.902,30.550,308,,,,0,,,,-0.0061,-103.78,-0.0876,-5503.78,1,20.0,idle,+0.000,+0.000,+0.000,+0.000,1100,0,
1785511572.0018,2026-07-31T11:26:12.001,30.649,309,,,,0,,,,-0.0014,-103.69,-0.0830,-5503.69,1,20.0,idle,+0.000,+0.000,+0.000,+0.000,1100,0,
1785511572.1011,2026-07-31T11:26:12.101,30.748,310,,,,0,,,,0.0007,-103.65,-0.0809,-5503.65,1,20.0,idle,+0.000,+0.000,+0.000,+0.000,1100,0,
1785511572.2015,2026-07-31T11:26:12.201,30.849,311,,,,0,,,,-0.0050,-103.63,-0.0866,-5503.63,1,20.0,idle,+0.000,+0.000,+0.000,+0.000,1100,0,
1785511572.3000,2026-07-31T11:26:12.300,30.947,312,,,,0,,,,-0.0009,-103.67,-0.0824,-5503.67,1,20.0,idle,+0.000,+0.000,+0.000,+0.000,1100,0,
1785511572.4004,2026-07-31T11:26:12.400,31.048,313,,,,0,,,,0.0041,-103.83,-0.0775,-5503.83,1,20.0,idle,+0.000,+0.000,+0.000,+0.000,1100,0,
1785511572.4993,2026-07-31T11:26:12.499,31.147,314,,,,0,,,,0.0057,-104.02,-0.0759,-5504.02,1,20.0,idle,+0.000,+0.000,+0.000,+0.000,1100,0,
1785511572.5984,2026-07-31T11:26:12.598,31.246,315,,,,0,,,,0.0046,-104.11,-0.0770,-5504.11,1,20.0,idle,+0.000,+0.000,+0.000,+0.000,1100,0,
1785511572.6986,2026-07-31T11:26:12.698,31.346,316,,,,0,,,,0.0027,-104.29,-0.0789,-5504.29,1,20.0,idle,+0.000,+0.000,+0.000,+0.000,1100,0,
1785511572.7970,2026-07-31T11:26:12.796,31.444,317,,,,0,,,,0.0072,-104.43,-0.0743,-5504.43,1,20.0,idle,+0.000,+0.000,+0.000,+0.000,1100,0,
1785511572.8963,2026-07-31T11:26:12.896,31.544,318,,,,0,,,,0.0097,-104.77,-0.0719,-5504.77,1,20.0,idle,+0.000,+0.000,+0.000,+0.000,1100,0,
1785511572.9958,2026-07-31T11:26:12.995,31.643,319,,,,0,,,,0.0125,-104.91,-0.0691,-5504.91,1,20.0,idle,+0.000,+0.000,+0.000,+0.000,1100,0,
1785511573.0946,2026-07-31T11:26:13.094,31.742,320,,,,0,,,,0.0145,-105.12,-0.0671,-5505.12,1,20.0,idle,+0.000,+0.000,+0.000,+0.000,1100,0,
1785511573.1945,2026-07-31T11:26:13.194,31.842,321,,,,0,,,,0.0169,-105.48,-0.0647,-5505.48,1,20.0,idle,+0.000,+0.000,+0.000,+0.000,1100,0,
1785511573.2938,2026-07-31T11:26:13.293,31.941,322,,,,0,,,,0.0125,-105.74,-0.0691,-5505.74,1,20.0,idle,+0.000,+0.000,+0.000,+0.000,1100,0,
1785511573.3937,2026-07-31T11:26:13.393,32.041,323,,,,0,,,,0.0167,-106.34,-0.0649,-5506.34,1,20.0,idle,+0.000,+0.000,+0.000,+0.000,1100,0,
1785511573.4923,2026-07-31T11:26:13.492,32.140,324,,,,0,,,,0.0165,-106.72,-0.0651,-5506.72,1,20.0,idle,+0.000,+0.000,+0.000,+0.000,1100,0,
1785511573.5914,2026-07-31T11:26:13.591,32.239,325,,,,0,,,,0.0177,-107.70,-0.0639,-5507.70,1,20.0,idle,+0.000,+0.000,+0.000,+0.000,1100,0,
1785511573.6903,2026-07-31T11:26:13.690,32.338,326,,,,0,,,,0.0229,-108.83,-0.0587,-5508.83,1,20.0,idle,+0.000,+0.000,+0.000,+0.000,1100,0,
1785511573.7898,2026-07-31T11:26:13.789,32.437,327,,,,0,,,,0.0241,-109.41,-0.0575,-5509.41,1,20.0,idle,+0.000,+0.000,+0.000,+0.000,1100,0,
1785511573.8886,2026-07-31T11:26:13.888,32.536,328,,,,0,,,,0.0234,-110.63,-0.0581,-5510.63,1,20.0,idle,+0.000,+0.000,+0.000,+0.000,1100,0,
1785511573.9870,2026-07-31T11:26:13.987,32.634,329,,,,0,,,,0.0330,-111.24,-0.0486,-5511.24,1,20.0,idle,+0.000,+0.000,+0.000,+0.000,1100,0,
1785511574.0878,2026-07-31T11:26:14.087,32.735,330,,,,0,,,,0.0292,-112.45,-0.0524,-5512.45,1,20.0,idle,+0.000,+0.000,+0.000,+0.000,1100,0,
1785511574.1865,2026-07-31T11:26:14.186,32.834,331,,,,0,,,,0.0247,-113.60,-0.0569,-5513.60,1,20.0,idle,+0.000,+0.000,+0.000,+0.000,1100,0,
1785511574.2851,2026-07-31T11:26:14.285,32.932,332,,,,0,,,,0.0280,-114.16,-0.0536,-5514.16,1,20.0,idle,+0.000,+0.000,+0.000,+0.000,1100,0,
1785511574.3846,2026-07-31T11:26:14.384,33.032,333,,,,0,,,,0.0259,-115.24,-0.0557,-5515.24,1,20.0,idle,+0.000,+0.000,+0.000,+0.000,1100,0,
1785511574.4839,2026-07-31T11:26:14.483,33.131,334,,,,0,,,,0.0322,-115.72,-0.0493,-5515.72,1,20.0,idle,+0.000,+0.000,+0.000,+0.000,1100,0,
1785511574.5834,2026-07-31T11:26:14.583,33.231,335,,,,0,,,,0.0312,-116.66,-0.0504,-5516.66,1,20.0,idle,+0.000,+0.000,+0.000,+0.000,1100,0,
1785511574.6824,2026-07-31T11:26:14.682,33.330,336,,,,0,,,,0.0259,-117.22,-0.0557,-5517.22,1,20.0,idle,+0.000,+0.000,+0.000,+0.000,1100,0,
1785511574.7810,2026-07-31T11:26:14.781,33.428,337,,,,0,,,,0.0246,-117.15,-0.0569,-5517.15,1,20.0,idle,+0.000,+0.000,+0.000,+0.000,1100,0,
1785511574.8803,2026-07-31T11:26:14.880,33.528,338,,,,0,,,,0.0219,-116.77,-0.0597,-5516.77,1,20.0,idle,+0.000,+0.000,+0.000,+0.000,1100,0,
1785511574.9795,2026-07-31T11:26:14.979,33.627,339,,,,0,,,,0.0180,-116.42,-0.0635,-5516.42,1,20.0,idle,+0.000,+0.000,+0.000,+0.000,1100,0,
1785511575.0787,2026-07-31T11:26:15.078,33.726,340,,,,0,,,,0.0170,-115.44,-0.0646,-5515.44,1,20.0,idle,+0.000,+0.000,+0.000,+0.000,1100,0,
1785511575.1776,2026-07-31T11:26:15.177,33.825,341,,,,0,,,,0.0217,-114.82,-0.0599,-5514.82,1,20.0,idle,+0.000,+0.000,+0.000,+0.000,1100,0,
1785511575.2764,2026-07-31T11:26:15.276,33.924,342,,,,0,,,,0.0172,-113.32,-0.0643,-5513.32,1,20.0,idle,+0.000,+0.000,+0.000,+0.000,1100,0,
1785511575.3760,2026-07-31T11:26:15.376,34.023,343,,,,0,,,,0.0177,-111.71,-0.0639,-5511.71,1,20.0,idle,+0.000,+0.000,+0.000,+0.000,1100,0,
1785511575.4754,2026-07-31T11:26:15.475,34.123,344,,,,0,,,,0.0218,-110.98,-0.0598,-5510.98,1,20.0,idle,+0.000,+0.000,+0.000,+0.000,1100,0,
1785511575.5745,2026-07-31T11:26:15.574,34.222,345,,,,0,,,,0.0207,-109.67,-0.0608,-5509.67,1,20.0,idle,+0.000,+0.000,+0.000,+0.000,1100,0,
1785511575.6736,2026-07-31T11:26:15.673,34.321,346,,,,0,,,,0.0247,-109.03,-0.0569,-5509.03,1,20.0,idle,+0.000,+0.000,+0.000,+0.000,1100,0,
1785511575.7725,2026-07-31T11:26:15.772,34.420,347,,,,0,,,,0.0239,-107.92,-0.0577,-5507.92,1,20.0,idle,+0.000,+0.000,+0.000,+0.000,1100,0,
1785511575.8716,2026-07-31T11:26:15.871,34.519,348,,,,0,,,,0.0238,-107.08,-0.0578,-5507.08,1,20.0,idle,+0.000,+0.000,+0.000,+0.000,1100,0,
1785511575.9703,2026-07-31T11:26:15.970,34.618,349,,,,0,,,,0.0226,-106.81,-0.0589,-5506.81,1,20.0,idle,+0.000,+0.000,+0.000,+0.000,1100,0,
1785511576.0692,2026-07-31T11:26:16.069,34.716,350,,,,0,,,,0.0219,-106.51,-0.0596,-5506.51,1,20.0,idle,+0.000,+0.000,+0.000,+0.000,1100,0,
1785511576.1686,2026-07-31T11:26:16.168,34.816,351,,,,0,,,,0.0218,-106.48,-0.0598,-5506.48,1,20.0,idle,+0.000,+0.000,+0.000,+0.000,1100,0,
1785511576.2673,2026-07-31T11:26:16.267,34.915,352,,,,0,,,,0.0249,-106.49,-0.0566,-5506.49,1,20.0,idle,+0.000,+0.000,+0.000,+0.000,1100,0,
1785511576.3670,2026-07-31T11:26:16.366,35.014,353,,,,0,,,,0.0240,-106.49,-0.0575,-5506.49,1,20.0,idle,+0.000,+0.000,+0.000,+0.000,1100,0,
1785511576.4670,2026-07-31T11:26:16.466,35.114,354,,,,0,,,,0.0192,-106.51,-0.0623,-5506.51,1,20.0,idle,+0.000,+0.000,+0.000,+0.000,1100,0,
1785511576.5662,2026-07-31T11:26:16.566,35.213,355,,,,0,,,,0.0160,-106.68,-0.0655,-5506.68,1,20.0,idle,+0.000,+0.000,+0.000,+0.000,1100,0,
1785511576.6660,2026-07-31T11:26:16.665,35.313,356,,,,0,,,,0.0231,-106.83,-0.0585,-5506.83,1,20.0,idle,+0.000,+0.000,+0.000,+0.000,1100,0,
1785511576.7651,2026-07-31T11:26:16.765,35.412,357,,,,0,,,,0.0191,-107.14,-0.0624,-5507.14,1,20.0,idle,+0.000,+0.000,+0.000,+0.000,1100,0,
1785511576.8643,2026-07-31T11:26:16.864,35.512,358,,,,0,,,,0.0214,-107.42,-0.0602,-5507.42,1,20.0,idle,+0.000,+0.000,+0.000,+0.000,1100,0,
1785511576.9634,2026-07-31T11:26:16.963,35.611,359,,,,0,,,,0.0214,-108.33,-0.0601,-5508.33,1,20.0,idle,+0.000,+0.000,+0.000,+0.000,1100,0,
1785511577.0630,2026-07-31T11:26:17.063,35.710,360,,,,0,,,,0.0187,-109.13,-0.0629,-5509.13,1,20.0,idle,+0.000,+0.000,+0.000,+0.000,1100,0,
1785511577.1639,2026-07-31T11:26:17.163,35.811,361,,,,0,,,,0.0251,-109.33,-0.0565,-5509.33,1,20.0,idle,+0.000,+0.000,+0.000,+0.000,1100,0,
1785511577.2622,2026-07-31T11:26:17.262,35.909,362,,,,0,,,,0.0277,-109.11,-0.0539,-5509.11,1,20.0,idle,+0.000,+0.000,+0.000,+0.000,1100,0,
1785511577.3612,2026-07-31T11:26:17.361,36.008,363,,,,0,,,,0.0287,-108.78,-0.0528,-5508.78,1,20.0,idle,+0.000,+0.000,+0.000,+0.000,1100,0,
1785511577.4608,2026-07-31T11:26:17.460,36.108,364,,,,0,,,,0.0340,-107.87,-0.0476,-5507.87,1,20.0,idle,+0.000,+0.000,+0.000,+0.000,1100,0,
1785511577.5610,2026-07-31T11:26:17.560,36.208,365,,,,0,,,,0.0285,-106.98,-0.0531,-5506.98,1,20.0,idle,+0.000,+0.000,+0.000,+0.000,1100,0,
1785511577.6597,2026-07-31T11:26:17.659,36.307,366,,,,0,,,,0.0328,-106.58,-0.0488,-5506.58,1,20.0,idle,+0.000,+0.000,+0.000,+0.000,1100,0,
1785511577.7581,2026-07-31T11:26:17.758,36.405,367,,,,0,,,,0.0340,-105.84,-0.0475,-5505.84,1,20.0,idle,+0.000,+0.000,+0.000,+0.000,1100,0,
1785511577.8576,2026-07-31T11:26:17.857,36.505,368,,,,0,,,,0.0401,-105.54,-0.0414,-5505.54,1,20.0,idle,+0.000,+0.000,+0.000,+0.000,1100,0,
1785511577.9562,2026-07-31T11:26:17.956,36.603,369,,,,0,,,,0.0351,-105.30,-0.0465,-5505.30,1,20.0,idle,+0.000,+0.000,+0.000,+0.000,1100,0,
1785511578.0558,2026-07-31T11:26:18.055,36.703,370,,,,0,,,,0.0381,-105.44,-0.0434,-5505.44,1,20.0,idle,+0.000,+0.000,+0.000,+0.000,1100,0,
1785511578.1546,2026-07-31T11:26:18.154,36.802,371,,,,0,,,,0.0355,-105.58,-0.0461,-5505.58,1,20.0,idle,+0.000,+0.000,+0.000,+0.000,1100,0,
1785511578.2546,2026-07-31T11:26:18.254,36.902,372,,,,0,,,,0.0344,-105.86,-0.0472,-5505.86,1,20.0,idle,+0.000,+0.000,+0.000,+0.000,1100,0,
1785511578.3535,2026-07-31T11:26:18.353,37.001,373,,,,0,,,,0.0322,-106.06,-0.0493,-5506.06,1,20.0,idle,+0.000,+0.000,+0.000,+0.000,1100,0,
1785511578.4517,2026-07-31T11:26:18.451,37.099,374,,,,0,,,,0.0357,-106.50,-0.0459,-5506.50,1,20.0,idle,+0.000,+0.000,+0.000,+0.000,1100,0,
1785511578.5504,2026-07-31T11:26:18.550,37.198,375,,,,0,,,,0.0345,-106.71,-0.0471,-5506.71,1,20.0,idle,+0.000,+0.000,+0.000,+0.000,1100,0,
1785511578.6499,2026-07-31T11:26:18.649,37.297,376,,,,0,,,,0.0303,-107.17,-0.0512,-5507.17,1,20.0,idle,+0.000,+0.000,+0.000,+0.000,1100,0,
1785511578.7485,2026-07-31T11:26:18.748,37.396,377,,,,0,,,,0.0290,-107.76,-0.0526,-5507.76,1,20.0,idle,+0.000,+0.000,+0.000,+0.000,1100,0,
1785511578.8485,2026-07-31T11:26:18.848,37.496,378,,,,0,,,,0.0266,-108.09,-0.0550,-5508.09,1,20.0,idle,+0.000,+0.000,+0.000,+0.000,1100,0,
1785511578.9480,2026-07-31T11:26:18.948,37.595,379,,,,0,,,,0.0289,-108.72,-0.0527,-5508.72,1,20.0,idle,+0.000,+0.000,+0.000,+0.000,1100,0,
1785511579.0474,2026-07-31T11:26:19.047,37.695,380,,,,0,,,,0.0243,-109.01,-0.0573,-5509.01,1,20.0,idle,+0.000,+0.000,+0.000,+0.000,1100,0,
1785511579.1469,2026-07-31T11:26:19.146,37.794,381,,,,0,,,,0.0253,-109.50,-0.0562,-5509.50,1,20.0,idle,+0.000,+0.000,+0.000,+0.000,1100,0,
1785511579.2452,2026-07-31T11:26:19.245,37.892,382,,,,0,,,,0.0263,-109.62,-0.0553,-5509.62,1,20.0,idle,+0.000,+0.000,+0.000,+0.000,1100,0,
1785511579.3444,2026-07-31T11:26:19.344,37.992,383,,,,0,,,,0.0232,-109.71,-0.0583,-5509.71,1,20.0,idle,+0.000,+0.000,+0.000,+0.000,1100,0,
1785511579.4460,2026-07-31T11:26:19.445,38.093,384,,,,0,,,,0.0269,-109.73,-0.0546,-5509.73,1,20.0,idle,+0.000,+0.000,+0.000,+0.000,1100,0,
1785511579.5443,2026-07-31T11:26:19.544,38.192,385,,,,0,,,,0.0191,-109.76,-0.0625,-5509.76,1,20.0,idle,+0.000,+0.000,+0.000,+0.000,1100,0,
1785511579.6436,2026-07-31T11:26:19.643,38.291,386,,,,0,,,,0.0213,-109.89,-0.0603,-5509.89,1,20.0,idle,+0.000,+0.000,+0.000,+0.000,1100,0,
1785511579.7436,2026-07-31T11:26:19.743,38.391,387,,,,0,,,,0.0202,-109.95,-0.0613,-5509.95,1,20.0,idle,+0.000,+0.000,+0.000,+0.000,1100,0,
1785511579.8425,2026-07-31T11:26:19.842,38.490,388,,,,0,,,,0.0140,-110.06,-0.0676,-5510.06,1,20.0,idle,+0.000,+0.000,+0.000,+0.000,1100,0,
1785511579.9421,2026-07-31T11:26:19.942,38.589,389,,,,0,,,,0.0111,-110.17,-0.0704,-5510.17,1,20.0,idle,+0.000,+0.000,+0.000,+0.000,1100,0,
1785511580.0417,2026-07-31T11:26:20.041,38.689,390,,,,0,,,,0.0141,-110.18,-0.0675,-5510.18,1,20.0,idle,+0.000,+0.000,+0.000,+0.000,1100,0,
1785511580.1410,2026-07-31T11:26:20.141,38.788,391,,,,0,,,,0.0112,-110.04,-0.0703,-5510.04,1,20.0,idle,+0.000,+0.000,+0.000,+0.000,1100,0,
1785511580.2411,2026-07-31T11:26:20.241,38.888,392,,,,0,,,,0.0097,-109.89,-0.0718,-5509.89,1,20.0,idle,+0.000,+0.000,+0.000,+0.000,1100,0,
1785511580.3414,2026-07-31T11:26:20.341,38.989,393,,,,0,,,,0.0083,-109.52,-0.0733,-5509.52,1,20.0,idle,+0.000,+0.000,+0.000,+0.000,1100,0,
1785511580.4405,2026-07-31T11:26:20.440,39.088,394,,,,0,,,,0.0046,-109.12,-0.0770,-5509.12,1,20.0,idle,+0.000,+0.000,+0.000,+0.000,1100,0,
1785511580.5408,2026-07-31T11:26:20.540,39.188,395,,,,0,,,,0.0031,-108.87,-0.0785,-5508.87,1,20.0,idle,+0.000,+0.000,+0.000,+0.000,1100,0,
1785511580.6397,2026-07-31T11:26:20.639,39.287,396,,,,0,,,,0.0051,-108.34,-0.0765,-5508.34,1,20.0,idle,+0.000,+0.000,+0.000,+0.000,1100,0,
1785511580.7383,2026-07-31T11:26:20.738,39.386,397,,,,0,,,,0.0029,-108.09,-0.0787,-5508.09,1,20.0,idle,+0.000,+0.000,+0.000,+0.000,1100,0,
1785511580.8374,2026-07-31T11:26:20.837,39.485,398,,,,0,,,,-0.0029,-107.64,-0.0845,-5507.64,1,20.0,idle,+0.000,+0.000,+0.000,+0.000,1100,0,
1785511580.9365,2026-07-31T11:26:20.936,39.584,399,,,,0,,,,-0.0005,-107.26,-0.0821,-5507.26,1,20.0,idle,+0.000,+0.000,+0.000,+0.000,1100,0,
1785511581.0352,2026-07-31T11:26:21.035,39.682,400,,,,0,,,,-0.0022,-107.06,-0.0838,-5507.06,1,20.0,idle,+0.000,+0.000,+0.000,+0.000,1100,0,
1785511581.1343,2026-07-31T11:26:21.134,39.782,401,,,,0,,,,-0.0004,-106.56,-0.0820,-5506.56,1,20.0,idle,+0.000,+0.000,+0.000,+0.000,1100,0,
1785511581.2361,2026-07-31T11:26:21.236,39.883,402,,,,0,,,,-0.0048,-106.31,-0.0863,-5506.31,1,20.0,idle,+0.000,+0.000,+0.000,+0.000,1100,0,
1785511581.3358,2026-07-31T11:26:21.335,39.983,403,,,,0,,,,-0.0088,-105.92,-0.0904,-5505.92,1,20.0,idle,+0.000,+0.000,+0.000,+0.000,1100,0,
1785511581.4343,2026-07-31T11:26:21.434,40.082,404,,,,0,,,,-0.0089,-105.71,-0.0905,-5505.71,1,20.0,idle,+0.000,+0.000,+0.000,+0.000,1100,0,
1785511581.5334,2026-07-31T11:26:21.533,40.181,405,,,,0,,,,-0.0079,-105.70,-0.0895,-5505.70,1,20.0,idle,+0.000,+0.000,+0.000,+0.000,1100,0,
1785511581.6326,2026-07-31T11:26:21.632,40.280,406,,,,0,,,,-0.0091,-105.79,-0.0906,-5505.79,1,20.0,idle,+0.000,+0.000,+0.000,+0.000,1100,0,
1785511581.7314,2026-07-31T11:26:21.731,40.379,407,,,,0,,,,-0.0079,-105.86,-0.0894,-5505.86,1,20.0,idle,+0.000,+0.000,+0.000,+0.000,1100,0,
1785511581.8304,2026-07-31T11:26:21.830,40.478,408,,,,0,,,,-0.0044,-105.95,-0.0860,-5505.95,1,20.0,idle,+0.000,+0.000,+0.000,+0.000,1100,0,
1785511581.9297,2026-07-31T11:26:21.929,40.577,409,,,,0,,,,-0.0056,-106.00,-0.0872,-5506.00,1,20.0,idle,+0.000,+0.000,+0.000,+0.000,1100,0,
1785511582.0300,2026-07-31T11:26:22.029,40.677,410,,,,0,,,,-0.0035,-106.18,-0.0851,-5506.18,1,20.0,idle,+0.000,+0.000,+0.000,+0.000,1100,0,
1785511582.1290,2026-07-31T11:26:22.129,40.776,411,,,,0,,,,-0.0056,-106.40,-0.0872,-5506.40,1,20.0,idle,+0.000,+0.000,+0.000,+0.000,1100,0,
1785511582.2275,2026-07-31T11:26:22.227,40.875,412,,,,0,,,,-0.0036,-106.48,-0.0851,-5506.48,1,20.0,idle,+0.000,+0.000,+0.000,+0.000,1100,0,
1785511582.3272,2026-07-31T11:26:22.327,40.975,413,,,,0,,,,-0.0079,-106.54,-0.0894,-5506.54,1,20.0,idle,+0.000,+0.000,+0.000,+0.000,1100,0,
1785511582.4264,2026-07-31T11:26:22.426,41.074,414,,,,0,,,,-0.0085,-106.56,-0.0900,-5506.56,1,20.0,idle,+0.000,+0.000,+0.000,+0.000,1100,0,
1785511582.5253,2026-07-31T11:26:22.525,41.173,415,,,,0,,,,-0.0084,-106.62,-0.0900,-5506.62,1,20.0,idle,+0.000,+0.000,+0.000,+0.000,1100,0,
1785511582.6252,2026-07-31T11:26:22.625,41.272,416,,,,0,,,,-0.0021,-106.66,-0.0836,-5506.66,1,20.0,idle,+0.000,+0.000,+0.000,+0.000,1100,0,
1785511582.7248,2026-07-31T11:26:22.724,41.372,417,,,,0,,,,-0.0092,-106.64,-0.0907,-5506.64,1,20.0,idle,+0.000,+0.000,+0.000,+0.000,1100,0,
1785511582.8247,2026-07-31T11:26:22.824,41.472,418,,,,0,,,,-0.0093,-106.48,-0.0909,-5506.48,1,20.0,idle,+0.000,+0.000,+0.000,+0.000,1100,0,
1785511582.9240,2026-07-31T11:26:22.924,41.571,419,,,,0,,,,-0.0119,-106.41,-0.0935,-5506.41,1,20.0,idle,+0.000,+0.000,+0.000,+0.000,1100,0,
1785511583.0223,2026-07-31T11:26:23.022,41.670,420,,,,0,,,,-0.0150,-106.29,-0.0966,-5506.29,1,20.0,idle,+0.000,+0.000,+0.000,+0.000,1100,0,
1785511583.1223,2026-07-31T11:26:23.122,41.770,421,,,,0,,,,-0.0147,-106.24,-0.0962,-5506.24,1,20.0,idle,+0.000,+0.000,+0.000,+0.000,1100,0,
1785511583.2223,2026-07-31T11:26:23.222,41.870,422,,,,0,,,,-0.0158,-106.23,-0.0974,-5506.23,1,20.0,idle,+0.000,+0.000,+0.000,+0.000,1100,0,
1785511583.3228,2026-07-31T11:26:23.322,41.970,423,,,,0,,,,-0.0146,-106.23,-0.0961,-5506.23,1,20.0,idle,+0.000,+0.000,+0.000,+0.000,1100,0,
1785511583.4207,2026-07-31T11:26:23.420,42.068,424,,,,0,,,,-0.0119,-106.27,-0.0934,-5506.27,1,20.0,idle,+0.000,+0.000,+0.000,+0.000,1100,0,
1785511583.5200,2026-07-31T11:26:23.520,42.167,425,,,,0,,,,-0.0135,-106.45,-0.0951,-5506.45,1,20.0,idle,+0.000,+0.000,+0.000,+0.000,1100,0,
1785511583.6192,2026-07-31T11:26:23.619,42.266,426,,,,0,,,,-0.0084,-106.70,-0.0900,-5506.70,1,20.0,idle,+0.000,+0.000,+0.000,+0.000,1100,0,
1785511583.7186,2026-07-31T11:26:23.718,42.366,427,,,,0,,,,-0.0131,-106.84,-0.0946,-5506.84,1,20.0,idle,+0.000,+0.000,+0.000,+0.000,1100,0,
1785511583.8181,2026-07-31T11:26:23.818,42.465,428,,,,0,,,,-0.0073,-107.13,-0.0889,-5507.13,1,20.0,idle,+0.000,+0.000,+0.000,+0.000,1100,0,
1785511583.9173,2026-07-31T11:26:23.917,42.565,429,,,,0,,,,-0.0072,-107.26,-0.0887,-5507.26,1,20.0,idle,+0.000,+0.000,+0.000,+0.000,1100,0,
1785511584.0163,2026-07-31T11:26:24.016,42.664,430,,,,0,,,,-0.0040,-107.47,-0.0856,-5507.47,1,20.0,idle,+0.000,+0.000,+0.000,+0.000,1100,0,
1785511584.1153,2026-07-31T11:26:24.115,42.763,431,,,,0,,,,-0.0040,-107.64,-0.0856,-5507.64,1,20.0,idle,+0.000,+0.000,+0.000,+0.000,1100,0,
1785511584.2161,2026-07-31T11:26:24.216,42.863,432,,,,0,,,,-0.0042,-107.73,-0.0858,-5507.73,1,20.0,idle,+0.000,+0.000,+0.000,+0.000,1100,0,
1785511584.3145,2026-07-31T11:26:24.314,42.962,433,,,,0,,,,0.0027,-107.97,-0.0789,-5507.97,1,20.0,idle,+0.000,+0.000,+0.000,+0.000,1100,0,
1785511584.4144,2026-07-31T11:26:24.414,43.062,434,,,,0,,,,0.0030,-108.11,-0.0786,-5508.11,1,20.0,idle,+0.000,+0.000,+0.000,+0.000,1100,0,
1785511584.5145,2026-07-31T11:26:24.514,43.162,435,,,,0,,,,0.0003,-108.36,-0.0812,-5508.36,1,20.0,idle,+0.000,+0.000,+0.000,+0.000,1100,0,
1785511584.6136,2026-07-31T11:26:24.613,43.261,436,,,,0,,,,-0.0004,-108.53,-0.0820,-5508.53,1,20.0,idle,+0.000,+0.000,+0.000,+0.000,1100,0,
1785511584.7127,2026-07-31T11:26:24.712,43.360,437,,,,0,,,,0.0009,-108.58,-0.0807,-5508.58,1,20.0,idle,+0.000,+0.000,+0.000,+0.000,1100,0,
1785511584.8123,2026-07-31T11:26:24.812,43.460,438,,,,0,,,,0.0020,-108.64,-0.0796,-5508.64,1,20.0,idle,+0.000,+0.000,+0.000,+0.000,1100,0,
1785511584.9118,2026-07-31T11:26:24.911,43.559,439,,,,0,,,,-0.0031,-108.67,-0.0847,-5508.67,1,20.0,idle,+0.000,+0.000,+0.000,+0.000,1100,0,
1785511585.0105,2026-07-31T11:26:25.010,43.658,440,,,,0,,,,-0.0043,-108.74,-0.0858,-5508.74,1,20.0,idle,+0.000,+0.000,+0.000,+0.000,1100,0,
1785511585.1099,2026-07-31T11:26:25.109,43.757,441,,,,0,,,,-0.0057,-108.78,-0.0872,-5508.78,1,20.0,idle,+0.000,+0.000,+0.000,+0.000,1100,0,
1785511585.2099,2026-07-31T11:26:25.209,43.857,442,,,,0,,,,-0.0053,-108.91,-0.0869,-5508.91,1,20.0,idle,+0.000,+0.000,+0.000,+0.000,1100,0,
1785511585.3085,2026-07-31T11:26:25.308,43.956,443,,,,0,,,,-0.0155,-109.10,-0.0971,-5509.10,1,20.0,idle,+0.000,+0.000,+0.000,+0.000,1100,0,
1785511585.4086,2026-07-31T11:26:25.408,44.056,444,,,,0,,,,-0.0084,-109.24,-0.0899,-5509.24,1,20.0,idle,+0.000,+0.000,+0.000,+0.000,1100,0,
1785511585.5090,2026-07-31T11:26:25.509,44.156,445,,,,0,,,,-0.0118,-109.48,-0.0934,-5509.48,1,20.0,idle,+0.000,+0.000,+0.000,+0.000,1100,0,
1785511585.6079,2026-07-31T11:26:25.607,44.255,446,,,,0,,,,-0.0098,-109.57,-0.0913,-5509.57,1,20.0,idle,+0.000,+0.000,+0.000,+0.000,1100,0,
1785511585.7069,2026-07-31T11:26:25.706,44.354,447,,,,0,,,,-0.0136,-109.71,-0.0951,-5509.71,1,20.0,idle,+0.000,+0.000,+0.000,+0.000,1100,0,
1785511585.8071,2026-07-31T11:26:25.807,44.454,448,,,,0,,,,-0.0166,-109.85,-0.0981,-5509.85,1,20.0,idle,+0.000,+0.000,+0.000,+0.000,1100,0,
1785511585.9055,2026-07-31T11:26:25.905,44.553,449,,,,0,,,,-0.0160,-109.93,-0.0976,-5509.93,1,20.0,idle,+0.000,+0.000,+0.000,+0.000,1100,0,
1785511586.0049,2026-07-31T11:26:26.004,44.652,450,,,,0,,,,-0.0144,-110.06,-0.0960,-5510.06,1,20.0,idle,+0.000,+0.000,+0.000,+0.000,1100,0,
1785511586.1035,2026-07-31T11:26:26.103,44.751,451,,,,0,,,,-0.0163,-110.07,-0.0978,-5510.07,1,20.0,idle,+0.000,+0.000,+0.000,+0.000,1100,0,
1785511586.2027,2026-07-31T11:26:26.202,44.850,452,,,,0,,,,-0.0154,-109.96,-0.0970,-5509.96,1,20.0,idle,+0.000,+0.000,+0.000,+0.000,1100,0,
1785511586.3022,2026-07-31T11:26:26.302,44.949,453,,,,0,,,,-0.0213,-109.93,-0.1029,-5509.93,1,20.0,idle,+0.000,+0.000,+0.000,+0.000,1100,0,
1785511586.4014,2026-07-31T11:26:26.401,45.049,454,,,,0,,,,-0.0199,-109.87,-0.1015,-5509.87,1,20.0,idle,+0.000,+0.000,+0.000,+0.000,1100,0,
1785511586.5010,2026-07-31T11:26:26.500,45.148,455,,,,0,,,,-0.0131,-109.76,-0.0947,-5509.76,1,20.0,idle,+0.000,+0.000,+0.000,+0.000,1100,0,
1785511586.6002,2026-07-31T11:26:26.600,45.247,456,,,,0,,,,-0.0175,-109.69,-0.0990,-5509.69,1,20.0,idle,+0.000,+0.000,+0.000,+0.000,1100,0,
1785511586.6985,2026-07-31T11:26:26.698,45.346,457,,,,0,,,,-0.0106,-109.54,-0.0921,-5509.54,1,20.0,idle,+0.000,+0.000,+0.000,+0.000,1100,0,
1785511586.7993,2026-07-31T11:26:26.799,45.447,458,,,,0,,,,-0.0094,-109.48,-0.0909,-5509.48,1,20.0,idle,+0.000,+0.000,+0.000,+0.000,1100,0,
1785511586.8985,2026-07-31T11:26:26.898,45.546,459,,,,0,,,,-0.0120,-109.37,-0.0936,-5509.37,1,20.0,idle,+0.000,+0.000,+0.000,+0.000,1100,0,
1785511586.9990,2026-07-31T11:26:26.998,45.646,460,,,,0,,,,-0.0126,-109.31,-0.0942,-5509.31,1,20.0,idle,+0.000,+0.000,+0.000,+0.000,1100,0,
1785511587.0981,2026-07-31T11:26:27.098,45.745,461,,,,0,,,,-0.0105,-109.30,-0.0920,-5509.30,1,20.0,idle,+0.000,+0.000,+0.000,+0.000,1100,0,
1785511587.1965,2026-07-31T11:26:27.196,45.844,462,,,,0,,,,-0.0125,-109.24,-0.0940,-5509.24,1,20.0,idle,+0.000,+0.000,+0.000,+0.000,1100,0,
1785511587.2957,2026-07-31T11:26:27.295,45.943,463,,,,0,,,,-0.0107,-109.20,-0.0923,-5509.20,1,20.0,idle,+0.000,+0.000,+0.000,+0.000,1100,0,
1785511587.3948,2026-07-31T11:26:27.394,46.042,464,,,,0,,,,-0.0113,-109.10,-0.0928,-5509.10,1,20.0,idle,+0.000,+0.000,+0.000,+0.000,1100,0,
1785511587.4942,2026-07-31T11:26:27.494,46.141,465,,,,0,,,,-0.0136,-109.00,-0.0951,-5509.00,1,20.0,idle,+0.000,+0.000,+0.000,+0.000,1100,0,
1785511587.5933,2026-07-31T11:26:27.593,46.241,466,,,,0,,,,-0.0120,-108.95,-0.0936,-5508.95,1,20.0,idle,+0.000,+0.000,+0.000,+0.000,1100,0,
1785511587.6917,2026-07-31T11:26:27.691,46.339,467,,,,0,,,,-0.0091,-108.88,-0.0907,-5508.88,1,20.0,idle,+0.000,+0.000,+0.000,+0.000,1100,0,
1785511587.7923,2026-07-31T11:26:27.792,46.440,468,,,,0,,,,-0.0134,-108.85,-0.0950,-5508.85,1,20.0,idle,+0.000,+0.000,+0.000,+0.000,1100,0,
1785511587.8917,2026-07-31T11:26:27.891,46.539,469,,,,0,,,,-0.0102,-108.76,-0.0918,-5508.76,1,20.0,idle,+0.000,+0.000,+0.000,+0.000,1100,0,
1785511587.9911,2026-07-31T11:26:27.991,46.638,470,,,,0,,,,-0.0173,-108.67,-0.0989,-5508.67,1,20.0,idle,+0.000,+0.000,+0.000,+0.000,1100,0,
1785511588.0903,2026-07-31T11:26:28.090,46.738,471,,,,0,,,,-0.0098,-108.65,-0.0914,-5508.65,1,20.0,idle,+0.000,+0.000,+0.000,+0.000,1100,0,
1785511588.1904,2026-07-31T11:26:28.190,46.838,472,,,,0,,,,-0.0078,-108.65,-0.0894,-5508.65,1,20.0,idle,+0.000,+0.000,+0.000,+0.000,1100,0,
1785511588.2901,2026-07-31T11:26:28.290,46.937,473,,,,0,,,,-0.0074,-108.67,-0.0889,-5508.67,1,20.0,idle,+0.000,+0.000,+0.000,+0.000,1100,0,
1785511588.3904,2026-07-31T11:26:28.390,47.038,474,,,,0,,,,-0.0099,-108.75,-0.0915,-5508.75,1,20.0,idle,+0.000,+0.000,+0.000,+0.000,1100,0,
1785511588.4888,2026-07-31T11:26:28.488,47.136,475,,,,0,,,,-0.0118,-108.96,-0.0933,-5508.96,1,20.0,idle,+0.000,+0.000,+0.000,+0.000,1100,0,
1785511588.5878,2026-07-31T11:26:28.587,47.235,476,,,,0,,,,-0.0069,-109.12,-0.0885,-5509.12,1,20.0,idle,+0.000,+0.000,+0.000,+0.000,1100,0,
1785511588.6874,2026-07-31T11:26:28.687,47.335,477,,,,0,,,,-0.0090,-109.55,-0.0905,-5509.55,1,20.0,idle,+0.000,+0.000,+0.000,+0.000,1100,0,
1785511588.7883,2026-07-31T11:26:28.788,47.436,478,,,,0,,,,-0.0070,-109.79,-0.0886,-5509.79,1,20.0,idle,+0.000,+0.000,+0.000,+0.000,1100,0,
1785511588.8869,2026-07-31T11:26:28.886,47.534,479,,,,0,,,,-0.0069,-110.32,-0.0885,-5510.32,1,20.0,idle,+0.000,+0.000,+0.000,+0.000,1100,0,
1785511588.9861,2026-07-31T11:26:28.986,47.633,480,,,,0,,,,-0.0075,-110.91,-0.0891,-5510.91,1,20.0,idle,+0.000,+0.000,+0.000,+0.000,1100,0,
1785511589.0852,2026-07-31T11:26:29.085,47.732,481,,,,0,,,,-0.0068,-111.25,-0.0884,-5511.25,1,20.0,idle,+0.000,+0.000,+0.000,+0.000,1100,0,
1785511589.1845,2026-07-31T11:26:29.184,47.832,482,,,,0,,,,-0.0051,-111.95,-0.0867,-5511.95,1,20.0,idle,+0.000,+0.000,+0.000,+0.000,1100,0,
1785511589.2842,2026-07-31T11:26:29.284,47.931,483,,,,0,,,,-0.0078,-112.29,-0.0894,-5512.29,1,20.0,idle,+0.000,+0.000,+0.000,+0.000,1100,0,
1785511589.3825,2026-07-31T11:26:29.382,48.030,484,,,,0,,,,-0.0068,-112.91,-0.0884,-5512.91,1,20.0,idle,+0.000,+0.000,+0.000,+0.000,1100,0,
1785511589.4820,2026-07-31T11:26:29.481,48.129,485,,,,0,,,,-0.0070,-113.53,-0.0885,-5513.53,1,20.0,idle,+0.000,+0.000,+0.000,+0.000,1100,0,
1785511589.5821,2026-07-31T11:26:29.582,48.229,486,,,,0,,,,-0.0089,-113.85,-0.0905,-5513.85,1,20.0,idle,+0.000,+0.000,+0.000,+0.000,1100,0,
1785511589.6807,2026-07-31T11:26:29.680,48.328,487,,,,0,,,,-0.0052,-114.54,-0.0867,-5514.54,1,20.0,idle,+0.000,+0.000,+0.000,+0.000,1100,0,
1785511589.7804,2026-07-31T11:26:29.780,48.428,488,,,,0,,,,-0.0066,-114.86,-0.0882,-5514.86,1,20.0,idle,+0.000,+0.000,+0.000,+0.000,1100,0,
1785511589.8797,2026-07-31T11:26:29.879,48.527,489,,,,0,,,,-0.0078,-115.39,-0.0894,-5515.39,1,20.0,idle,+0.000,+0.000,+0.000,+0.000,1100,0,
1785511589.9786,2026-07-31T11:26:29.978,48.626,490,,,,0,,,,-0.0108,-115.59,-0.0923,-5515.59,1,20.0,idle,+0.000,+0.000,+0.000,+0.000,1100,0,
1785511590.0776,2026-07-31T11:26:30.077,48.725,491,,,,0,,,,-0.0098,-115.79,-0.0914,-5515.79,1,20.0,idle,+0.000,+0.000,+0.000,+0.000,1100,0,
1785511590.1776,2026-07-31T11:26:30.177,48.825,492,,,,0,,,,-0.0093,-115.82,-0.0908,-5515.82,1,20.0,idle,+0.000,+0.000,+0.000,+0.000,1100,0,
1785511590.2781,2026-07-31T11:26:30.278,48.925,493,,,,0,,,,-0.0100,-115.73,-0.0915,-5515.73,1,20.0,idle,+0.000,+0.000,+0.000,+0.000,1100,0,
1785511590.3773,2026-07-31T11:26:30.377,49.025,494,,,,0,,,,-0.0158,-115.43,-0.0973,-5515.43,1,20.0,idle,+0.000,+0.000,+0.000,+0.000,1100,0,
1785511590.4762,2026-07-31T11:26:30.476,49.123,495,,,,0,,,,-0.0117,-115.25,-0.0932,-5515.25,1,20.0,idle,+0.000,+0.000,+0.000,+0.000,1100,0,
1785511590.5761,2026-07-31T11:26:30.576,49.223,496,,,,0,,,,-0.0123,-114.87,-0.0938,-5514.87,1,20.0,idle,+0.000,+0.000,+0.000,+0.000,1100,0,
1785511590.6747,2026-07-31T11:26:30.674,49.322,497,,,,0,,,,-0.0147,-114.53,-0.0963,-5514.53,1,20.0,idle,+0.000,+0.000,+0.000,+0.000,1100,0,
1785511590.7753,2026-07-31T11:26:30.775,49.423,498,,,,0,,,,-0.0166,-114.35,-0.0982,-5514.35,1,20.0,idle,+0.000,+0.000,+0.000,+0.000,1100,0,
1785511590.8744,2026-07-31T11:26:30.874,49.522,499,,,,0,,,,-0.0160,-113.96,-0.0976,-5513.96,1,20.0,idle,+0.000,+0.000,+0.000,+0.000,1100,0,
1785511590.9732,2026-07-31T11:26:30.973,49.620,500,,,,0,,,,-0.0129,-113.76,-0.0944,-5513.76,1,20.0,idle,+0.000,+0.000,+0.000,+0.000,1100,0,
1785511591.0721,2026-07-31T11:26:31.072,49.719,501,,,,0,,,,-0.0158,-113.40,-0.0974,-5513.40,1,20.0,idle,+0.000,+0.000,+0.000,+0.000,1100,0,
1785511591.1707,2026-07-31T11:26:31.170,49.818,502,,,,0,,,,-0.0145,-113.07,-0.0960,-5513.07,1,20.0,idle,+0.000,+0.000,+0.000,+0.000,1100,0,
1785511591.2732,2026-07-31T11:26:31.273,49.920,503,,,,0,,,,-0.0169,-112.90,-0.0985,-5512.90,1,20.0,idle,+0.000,+0.000,+0.000,+0.000,1100,0,
1785511591.3723,2026-07-31T11:26:31.372,50.020,504,,,,0,,,,-0.0162,-112.61,-0.0978,-5512.61,1,20.0,idle,+0.000,+0.000,+0.000,+0.000,1100,0,
1785511591.4712,2026-07-31T11:26:31.471,50.119,505,,,,0,,,,-0.0173,-112.53,-0.0988,-5512.53,1,20.0,idle,+0.000,+0.000,+0.000,+0.000,1100,0,
1785511591.5697,2026-07-31T11:26:31.569,50.217,506,,,,0,,,,-0.0182,-112.55,-0.0997,-5512.55,1,20.0,idle,+0.000,+0.000,+0.000,+0.000,1100,0,
1785511591.6692,2026-07-31T11:26:31.669,50.316,507,,,,0,,,,-0.0170,-112.64,-0.0985,-5512.64,1,20.0,idle,+0.000,+0.000,+0.000,+0.000,1100,0,
1785511591.7678,2026-07-31T11:26:31.767,50.415,508,,,,0,,,,-0.0125,-112.69,-0.0941,-5512.69,1,20.0,idle,+0.000,+0.000,+0.000,+0.000,1100,0,
1785511591.8671,2026-07-31T11:26:31.867,50.514,509,,,,0,,,,-0.0159,-112.72,-0.0975,-5512.72,1,20.0,idle,+0.000,+0.000,+0.000,+0.000,1100,0,
1785511591.9657,2026-07-31T11:26:31.965,50.613,510,,,,0,,,,-0.0136,-112.73,-0.0951,-5512.73,1,20.0,idle,+0.000,+0.000,+0.000,+0.000,1100,0,
1785511592.0667,2026-07-31T11:26:32.066,50.714,511,,,,0,,,,-0.0128,-112.78,-0.0944,-5512.78,1,20.0,idle,+0.000,+0.000,+0.000,+0.000,1100,0,
1785511592.1662,2026-07-31T11:26:32.166,50.813,512,,,,0,,,,-0.0124,-112.81,-0.0940,-5512.81,1,20.0,idle,+0.000,+0.000,+0.000,+0.000,1100,0,
1785511592.2653,2026-07-31T11:26:32.265,50.913,513,,,,0,,,,-0.0108,-112.91,-0.0923,-5512.91,1,20.0,idle,+0.000,+0.000,+0.000,+0.000,1100,0,
1785511592.3644,2026-07-31T11:26:32.364,51.012,514,,,,0,,,,-0.0171,-112.97,-0.0987,-5512.97,1,20.0,idle,+0.000,+0.000,+0.000,+0.000,1100,0,
1785511592.4633,2026-07-31T11:26:32.463,51.111,515,,,,0,,,,-0.0115,-113.02,-0.0931,-5513.02,1,20.0,idle,+0.000,+0.000,+0.000,+0.000,1100,0,
1785511592.5617,2026-07-31T11:26:32.561,51.209,516,,,,0,,,,-0.0125,-113.04,-0.0941,-5513.04,1,20.0,idle,+0.000,+0.000,+0.000,+0.000,1100,0,
1785511592.6622,2026-07-31T11:26:32.662,51.309,517,,,,0,,,,-0.0098,-112.97,-0.0914,-5512.97,1,20.0,idle,+0.000,+0.000,+0.000,+0.000,1100,0,
1785511592.7613,2026-07-31T11:26:32.761,51.409,518,,,,0,,,,-0.0097,-112.72,-0.0913,-5512.72,1,20.0,idle,+0.000,+0.000,+0.000,+0.000,1100,0,
1785511592.8600,2026-07-31T11:26:32.860,51.507,519,,,,0,,,,-0.0123,-112.57,-0.0939,-5512.57,1,20.0,idle,+0.000,+0.000,+0.000,+0.000,1100,0,
1785511592.9592,2026-07-31T11:26:32.959,51.606,520,,,,0,,,,-0.0099,-112.35,-0.0915,-5512.35,1,20.0,idle,+0.000,+0.000,+0.000,+0.000,1100,0,
1785511593.0580,2026-07-31T11:26:33.058,51.705,521,,,,0,,,,-0.0124,-112.22,-0.0940,-5512.22,1,20.0,idle,+0.000,+0.000,+0.000,+0.000,1100,0,
1785511593.1574,2026-07-31T11:26:33.157,51.805,522,,,,0,,,,-0.0084,-112.25,-0.0899,-5512.25,1,20.0,idle,+0.000,+0.000,+0.000,+0.000,1100,0,
1785511593.2564,2026-07-31T11:26:33.256,51.904,523,,,,0,,,,-0.0131,-112.51,-0.0947,-5512.51,1,20.0,idle,+0.000,+0.000,+0.000,+0.000,1100,0,
1785511593.3555,2026-07-31T11:26:33.355,52.003,524,,,,0,,,,-0.0120,-112.73,-0.0935,-5512.73,1,20.0,idle,+0.000,+0.000,+0.000,+0.000,1100,0,
1785511593.4542,2026-07-31T11:26:33.454,52.101,525,,,,0,,,,-0.0072,-113.25,-0.0888,-5513.25,1,20.0,idle,+0.000,+0.000,+0.000,+0.000,1100,0,
1785511593.5544,2026-07-31T11:26:33.554,52.202,526,,,,0,,,,-0.0074,-113.80,-0.0889,-5513.80,1,20.0,idle,+0.000,+0.000,+0.000,+0.000,1100,0,
1785511593.6539,2026-07-31T11:26:33.653,52.301,527,,,,0,,,,-0.0066,-114.07,-0.0882,-5514.07,1,20.0,idle,+0.000,+0.000,+0.000,+0.000,1100,0,
1785511593.7530,2026-07-31T11:26:33.753,52.400,528,,,,0,,,,-0.0094,-114.68,-0.0909,-5514.68,1,20.0,idle,+0.000,+0.000,+0.000,+0.000,1100,0,
1785511593.8532,2026-07-31T11:26:33.853,52.500,529,,,,0,,,,-0.0095,-115.01,-0.0911,-5515.01,1,20.0,idle,+0.000,+0.000,+0.000,+0.000,1100,0,
1785511593.9524,2026-07-31T11:26:33.952,52.600,530,,,,0,,,,-0.0095,-115.76,-0.0911,-5515.76,1,20.0,idle,+0.000,+0.000,+0.000,+0.000,1100,0,
1785511594.0516,2026-07-31T11:26:34.051,52.699,531,,,,0,,,,-0.0122,-116.72,-0.0937,-5516.72,1,20.0,idle,+0.000,+0.000,+0.000,+0.000,1100,0,
1785511594.1507,2026-07-31T11:26:34.150,52.798,532,,,,0,,,,-0.0092,-117.27,-0.0907,-5517.27,1,20.0,idle,+0.000,+0.000,+0.000,+0.000,1100,0,
1785511594.2497,2026-07-31T11:26:34.249,52.897,533,,,,0,,,,-0.0105,-118.38,-0.0921,-5518.38,1,20.0,idle,+0.000,+0.000,+0.000,+0.000,1100,0,
1785511594.3504,2026-07-31T11:26:34.350,52.998,534,,,,0,,,,-0.0079,-118.90,-0.0895,-5518.90,1,20.0,idle,+0.000,+0.000,+0.000,+0.000,1100,0,
1785511594.4495,2026-07-31T11:26:34.449,53.097,535,,,,0,,,,-0.0100,-119.86,-0.0916,-5519.86,1,20.0,idle,+0.000,+0.000,+0.000,+0.000,1100,0,
1785511594.5501,2026-07-31T11:26:34.550,53.197,536,,,,0,,,,-0.0113,-120.75,-0.0929,-5520.75,1,20.0,idle,+0.000,+0.000,+0.000,+0.000,1100,0,
1785511594.6495,2026-07-31T11:26:34.649,53.297,537,,,,0,,,,-0.0040,-121.17,-0.0855,-5521.17,1,20.0,idle,+0.000,+0.000,+0.000,+0.000,1100,0,
1785511594.7485,2026-07-31T11:26:34.748,53.396,538,,,,0,,,,-0.0131,-121.96,-0.0946,-5521.96,1,20.0,idle,+0.000,+0.000,+0.000,+0.000,1100,0,
1785511594.8487,2026-07-31T11:26:34.848,53.496,539,,,,0,,,,-0.0070,-122.74,-0.0886,-5522.74,1,20.0,auto:IDLE,+0.000,+0.000,-0.800,+0.400,1100,0,
1785511594.9462,2026-07-31T11:26:34.946,53.593,540,,,,0,,,,-0.0075,-123.15,-0.0891,-5523.15,1,20.0,auto:ADVANCING,+1.000,+0.000,-0.800,-0.285,1100,0,
1785511595.0454,2026-07-31T11:26:35.045,53.693,541,,,,0,,,,-0.0090,-123.76,-0.0906,-5523.76,1,20.0,auto:ADVANCING,+1.000,+0.000,-0.800,-0.285,1100,0,
1785511595.1446,2026-07-31T11:26:35.144,53.792,542,,,,0,,,,-0.0081,-124.13,-0.0896,-5524.13,1,20.0,auto:ADVANCING,+1.000,+0.000,-0.800,-0.285,1100,0,
1785511595.2447,2026-07-31T11:26:35.244,53.892,543,,,,0,,,,-0.0037,-124.16,-0.0852,-5524.16,1,20.0,auto:ADVANCING,+1.000,+0.000,-0.800,-0.285,1100,0,
1785511595.3453,2026-07-31T11:26:35.345,53.993,544,,,,0,,,,-0.0002,-123.37,-0.0817,-5523.37,1,20.0,auto:ADVANCING,+1.000,+0.000,-0.800,-0.285,1100,0,
1785511595.4440,2026-07-31T11:26:35.443,54.091,545,,,,0,,,,0.0034,-121.05,-0.0781,-5521.05,1,20.0,auto:SEARCHING,+0.000,+0.000,-0.800,-0.400,1100,0,
1785511595.5433,2026-07-31T11:26:35.543,54.191,546,,,,0,,,,0.0222,-118.56,-0.0594,-5518.56,1,20.0,auto:SEARCHING,+0.000,+0.000,-0.800,-0.400,1100,0,
1785511595.6426,2026-07-31T11:26:35.642,54.290,547,,,,0,,,,0.0304,-117.44,-0.0511,-5517.44,1,20.0,auto:SEARCHING,+0.000,+0.000,-0.800,-0.400,1100,0,
1785511595.7419,2026-07-31T11:26:35.741,54.389,548,,,,0,,,,0.0412,-114.81,-0.0403,-5514.81,1,20.0,auto:SEARCHING,+0.000,+0.000,-0.800,-0.400,1100,0,
1785511595.8411,2026-07-31T11:26:35.841,54.488,549,,,,0,,,,0.0462,-113.33,-0.0354,-5513.33,1,20.0,auto:SEARCHING,+0.000,+0.000,-0.800,-0.400,1100,0,
1785511595.9400,2026-07-31T11:26:35.940,54.587,550,,,,0,,,,0.0516,-110.35,-0.0299,-5510.35,1,20.0,auto:SEARCHING,+0.000,+0.000,-0.800,-0.400,1100,0,
1785511596.0404,2026-07-31T11:26:36.040,54.688,551,,,,0,,,,0.0520,-107.38,-0.0296,-5507.38,1,20.0,auto:SEARCHING,+0.000,+0.000,-0.800,-0.400,1100,0,
1785511596.1388,2026-07-31T11:26:36.138,54.786,552,,,,0,,,,0.0604,-105.89,-0.0212,-5505.89,1,20.0,auto:SEARCHING,+0.000,+0.000,-0.800,-0.400,1100,0,
1785511596.2396,2026-07-31T11:26:36.239,54.887,553,,,,0,,,,0.0700,-102.96,-0.0116,-5502.96,1,20.0,auto:SEARCHING,+0.000,+0.000,-0.800,-0.400,1100,0,
1785511596.3406,2026-07-31T11:26:36.340,54.988,554,,,,0,,,,0.0725,-101.53,-0.0091,-5501.53,1,20.0,auto:SEARCHING,+0.000,+0.000,-0.800,-0.400,1100,0,
1785511596.4401,2026-07-31T11:26:36.440,55.087,555,,,,0,,,,0.0855,-98.74,0.0040,-5498.74,1,20.0,auto:SEARCHING,+0.000,+0.000,-0.800,-0.400,1100,0,
1785511596.5397,2026-07-31T11:26:36.539,55.187,556,,,,0,,,,0.0971,-95.97,0.0155,-5495.97,1,20.0,auto:SEARCHING,+0.000,+0.000,-0.800,-0.400,1100,0,
1785511596.6393,2026-07-31T11:26:36.639,55.287,557,,,,0,,,,0.1018,-94.59,0.0203,-5494.59,1,20.0,auto:SEARCHING,+0.000,+0.000,-0.800,-0.400,1100,0,
1785511596.7379,2026-07-31T11:26:36.737,55.385,558,,,,0,,,,0.1220,-91.85,0.0404,-5491.85,1,20.0,auto:SEARCHING,+0.000,+0.000,-0.800,-0.400,1100,0,
1785511596.8373,2026-07-31T11:26:36.837,55.485,559,,,,0,,,,0.1283,-90.49,0.0467,-5490.49,1,20.0,auto:SEARCHING,+0.000,+0.000,-0.800,-0.400,1100,0,
1785511596.9363,2026-07-31T11:26:36.936,55.584,560,,,,0,,,,0.1458,-87.80,0.0642,-5487.80,1,20.0,auto:SEARCHING,+0.000,+0.000,-0.800,-0.400,1100,0,
1785511597.0352,2026-07-31T11:26:37.035,55.682,561,,,,0,,,,0.1507,-86.46,0.0691,-5486.46,1,20.0,auto:SEARCHING,+0.000,+0.000,-0.800,-0.400,1100,0,
1785511597.1339,2026-07-31T11:26:37.133,55.781,562,,,,0,,,,0.1694,-83.84,0.0878,-5483.84,1,20.0,auto:SEARCHING,+0.000,+0.000,-0.800,-0.400,1100,0,
1785511597.2336,2026-07-31T11:26:37.233,55.881,563,,,,0,,,,0.1933,-81.19,0.1118,-5481.19,1,20.0,auto:SEARCHING,+0.000,+0.000,-0.800,-0.400,1100,0,
1785511597.3320,2026-07-31T11:26:37.332,55.979,564,,,,0,,,,0.2007,-79.89,0.1192,-5479.89,1,20.0,auto:SEARCHING,+0.000,+0.000,-0.800,-0.400,1100,0,
1785511597.4312,2026-07-31T11:26:37.431,56.078,565,,,,0,,,,0.2204,-77.41,0.1388,-5477.41,1,20.0,auto:SEARCHING,+0.000,+0.000,-0.800,-0.400,1100,0,
1785511597.5302,2026-07-31T11:26:37.530,56.177,566,,,,0,,,,0.2382,-76.19,0.1566,-5476.19,1,20.0,auto:SEARCHING,+0.000,+0.000,-0.800,-0.400,1100,0,
1785511597.6292,2026-07-31T11:26:37.629,56.276,567,,,,0,,,,0.2604,-73.81,0.1788,-5473.81,1,20.0,auto:SEARCHING,+0.000,+0.000,-0.800,-0.400,1100,0,
1785511597.7287,2026-07-31T11:26:37.728,56.376,568,,,,0,,,,0.2893,-71.45,0.2078,-5471.45,1,20.0,auto:SEARCHING,+0.000,+0.000,-0.800,-0.400,1100,0,
1785511597.8287,2026-07-31T11:26:37.828,56.476,569,,,,0,,,,0.3031,-70.28,0.2216,-5470.28,1,20.0,auto:SEARCHING,+0.000,+0.000,-0.800,-0.400,1100,0,
1785511597.9297,2026-07-31T11:26:37.929,56.577,570,,,,0,,,,0.3293,-67.96,0.2478,-5467.96,1,20.0,auto:SEARCHING,+0.000,+0.000,-0.800,-0.400,1100,0,
1785511598.0306,2026-07-31T11:26:38.030,56.678,571,,,,0,,,,0.3409,-66.78,0.2593,-5466.78,1,20.0,auto:SEARCHING,+0.000,+0.000,-0.800,-0.400,1100,0,
1785511598.1294,2026-07-31T11:26:38.129,56.777,572,,,,0,,,,0.3644,-64.49,0.2829,-5464.49,1,20.0,auto:SEARCHING,+0.000,+0.000,-0.800,-0.400,1100,0,
1785511598.2293,2026-07-31T11:26:38.229,56.877,573,,,,0,,,,0.3969,-62.29,0.3154,-5462.29,1,20.0,auto:SEARCHING,+0.000,+0.000,-0.800,-0.400,1100,0,
1785511598.3285,2026-07-31T11:26:38.328,56.976,574,,,,0,,,,0.4097,-61.21,0.3282,-5461.21,1,20.0,auto:SEARCHING,+0.000,+0.000,-0.800,-0.400,1100,0,
1785511598.4274,2026-07-31T11:26:38.427,57.075,575,,,,0,,,,0.4418,-59.08,0.3603,-5459.08,1,20.0,auto:SEARCHING,+0.000,+0.000,-0.800,-0.400,1100,0,
1785511598.5265,2026-07-31T11:26:38.526,57.174,576,,,,0,,,,0.4518,-58.04,0.3703,-5458.04,1,20.0,auto:SEARCHING,+0.000,+0.000,-0.800,-0.400,1100,0,
1785511598.6253,2026-07-31T11:26:38.625,57.273,577,,,,0,,,,0.4813,-55.96,0.3997,-5455.96,1,20.0,auto:SEARCHING,+0.000,+0.000,-0.800,-0.400,1100,0,
1785511598.7250,2026-07-31T11:26:38.725,57.372,578,,,,0,,,,0.5103,-53.92,0.4287,-5453.92,1,20.0,auto:SEARCHING,+0.000,+0.000,-0.800,-0.400,1100,0,
1785511598.8240,2026-07-31T11:26:38.824,57.471,579,,,,0,,,,0.5254,-52.92,0.4439,-5452.92,1,20.0,auto:SEARCHING,+0.000,+0.000,-0.800,-0.400,1100,0,
1785511598.9231,2026-07-31T11:26:38.923,57.570,580,,,,0,,,,0.5552,-50.91,0.4736,-5450.91,1,20.0,auto:SEARCHING,+0.000,+0.000,-0.800,-0.400,1100,0,
1785511599.0226,2026-07-31T11:26:39.022,57.670,581,,,,0,,,,0.5652,-49.90,0.4837,-5449.90,1,20.0,auto:SEARCHING,+0.000,+0.000,-0.800,-0.400,1100,0,
1785511599.1218,2026-07-31T11:26:39.121,57.769,582,,,,0,,,,0.5998,-47.84,0.5183,-5447.84,1,20.0,auto:SEARCHING,+0.000,+0.000,-0.800,-0.400,1100,0,
1785511599.2214,2026-07-31T11:26:39.221,57.869,583,,,,0,,,,0.6315,-45.78,0.5499,-5445.78,1,20.0,auto:SEARCHING,+0.000,+0.000,-0.800,-0.400,1100,0,
1785511599.3206,2026-07-31T11:26:39.320,57.968,584,,,,0,,,,0.6418,-44.77,0.5602,-5444.77,1,20.0,auto:SEARCHING,+0.000,+0.000,-0.800,-0.400,1100,0,
1785511599.4197,2026-07-31T11:26:39.419,58.067,585,,,,0,,,,0.6733,-42.76,0.5917,-5442.76,1,20.0,auto:SEARCHING,+0.000,+0.000,-0.800,-0.400,1100,0,
1785511599.5207,2026-07-31T11:26:39.520,58.168,586,,,,0,,,,0.6877,-41.75,0.6061,-5441.75,1,20.0,auto:SEARCHING,+0.000,+0.000,-0.800,-0.400,1100,0,
1785511599.6197,2026-07-31T11:26:39.619,58.267,587,,,,0,,,,0.7200,-39.75,0.6384,-5439.75,1,20.0,auto:SEARCHING,+0.000,+0.000,-0.800,-0.400,1100,0,
1785511599.7199,2026-07-31T11:26:39.719,58.367,588,,,,0,,,,0.7334,-38.77,0.6519,-5438.77,1,20.0,auto:SEARCHING,+0.000,+0.000,-0.800,-0.400,1100,0,
1785511599.8190,2026-07-31T11:26:39.818,58.466,589,,,,0,,,,0.7661,-36.78,0.6845,-5436.78,1,20.0,auto:SEARCHING,+0.000,+0.000,-0.800,-0.400,1100,0,
1785511599.9198,2026-07-31T11:26:39.919,58.567,590,,,,0,,,,0.7938,-34.85,0.7122,-5434.85,1,20.0,auto:SEARCHING,+0.000,+0.000,-0.800,-0.400,1100,0,
1785511600.0186,2026-07-31T11:26:40.018,58.666,591,,,,0,,,,0.8072,-33.89,0.7257,-5433.89,1,20.0,auto:SEARCHING,+0.000,+0.000,-0.800,-0.400,1100,0,
1785511600.1186,2026-07-31T11:26:40.118,58.766,592,,,,0,,,,0.8411,-31.98,0.7596,-5431.98,1,20.0,auto:SEARCHING,+0.000,+0.000,-0.800,-0.400,1100,0,
1785511600.2177,2026-07-31T11:26:40.217,58.865,593,,,,0,,,,0.8529,-31.03,0.7714,-5431.03,1,20.0,auto:SEARCHING,+0.000,+0.000,-0.800,-0.400,1100,0,
1785511600.3163,2026-07-31T11:26:40.316,58.964,594,,,,0,,,,0.8863,-29.13,0.8047,-5429.13,1,20.0,auto:SEARCHING,+0.000,+0.000,-0.800,-0.400,1100,0,
1785511600.4149,2026-07-31T11:26:40.414,59.062,595,,,,0,,,,0.9186,-27.23,0.8370,-5427.23,1,20.0,auto:SEARCHING,+0.000,+0.000,-0.800,-0.400,1100,0,
1785511600.5146,2026-07-31T11:26:40.514,59.162,596,,,,0,,,,0.9362,-26.28,0.8546,-5426.28,1,20.0,auto:SEARCHING,+0.000,+0.000,-0.800,-0.400,1100,0,
1785511600.6134,2026-07-31T11:26:40.613,59.261,597,,,,0,,,,0.9655,-24.34,0.8839,-5424.34,1,20.0,auto:SEARCHING,+0.000,+0.000,-0.800,-0.400,1100,0,
1785511600.7127,2026-07-31T11:26:40.712,59.360,598,,,,0,,,,0.9776,-23.37,0.8961,-5423.37,1,20.0,auto:SEARCHING,+0.000,+0.000,-0.800,-0.400,1100,0,
1785511600.8127,2026-07-31T11:26:40.812,59.460,599,,,,0,,,,1.0087,-21.37,0.9272,-5421.37,1,20.0,auto:SEARCHING,+0.000,+0.000,-0.800,-0.400,1100,0,
1785511600.9122,2026-07-31T11:26:40.912,59.559,600,,,,0,,,,1.0230,-20.42,0.9415,-5420.42,1,20.0,auto:SEARCHING,+0.000,+0.000,-0.800,-0.400,1100,0,
1785511601.0128,2026-07-31T11:26:41.012,59.660,601,,,,0,,,,1.0552,-18.52,0.9736,-5418.52,1,20.0,auto:SEARCHING,+0.000,+0.000,-0.800,-0.400,1100,0,
1785511601.1138,2026-07-31T11:26:41.113,59.761,602,,,,0,,,,1.0879,-16.68,1.0063,-5416.68,1,20.0,auto:SEARCHING,+0.000,+0.000,-0.800,-0.400,1100,0,
1785511601.2147,2026-07-31T11:26:41.214,59.862,603,,,,0,,,,1.1015,-15.76,1.0200,-5415.76,1,20.0,auto:SEARCHING,+0.000,+0.000,-0.800,-0.400,1100,0,
1785511601.3130,2026-07-31T11:26:41.313,59.960,604,,,,0,,,,1.1325,-13.88,1.0509,-5413.88,1,20.0,auto:SEARCHING,+0.000,+0.000,-0.800,-0.400,1100,0,
1785511601.4126,2026-07-31T11:26:41.412,60.060,605,,,,0,,,,1.1620,-11.95,1.0805,-5411.95,1,20.0,auto:SEARCHING,+0.000,+0.000,-0.800,-0.400,1100,0,
1785511601.5116,2026-07-31T11:26:41.511,60.159,606,,,,0,,,,1.1786,-10.98,1.0970,-5410.98,1,20.0,auto:SEARCHING,+0.000,+0.000,-0.800,-0.400,1100,0,
1785511601.6107,2026-07-31T11:26:41.610,60.258,607,,,,0,,,,1.2105,-9.05,1.1289,-5409.05,1,20.0,auto:SEARCHING,+0.000,+0.000,-0.800,-0.400,1100,0,
1785511601.7096,2026-07-31T11:26:41.709,60.357,608,,,,0,,,,1.2244,-8.09,1.1428,-5408.09,1,20.0,auto:SEARCHING,+0.000,+0.000,-0.800,-0.400,1100,0,
1785511601.8080,2026-07-31T11:26:41.808,60.455,609,,,,0,,,,1.2608,-6.18,1.1792,-5406.18,1,20.0,auto:SEARCHING,+0.000,+0.000,-0.800,-0.400,1100,0,
1785511601.9089,2026-07-31T11:26:41.908,60.556,610,,,,0,,,,1.2712,-5.25,1.1897,-5405.25,1,20.0,auto:SEARCHING,+0.000,+0.000,-0.800,-0.400,1100,0,
1785511602.0085,2026-07-31T11:26:42.008,60.656,611,,,,0,,,,1.3051,-3.40,1.2235,-5403.40,1,20.0,auto:SEARCHING,+0.000,+0.000,-0.800,-0.400,1100,0,
1785511602.1071,2026-07-31T11:26:42.107,60.754,612,,,,0,,,,1.3359,-1.57,1.2543,-5401.57,1,20.0,auto:SEARCHING,+0.000,+0.000,-0.800,-0.400,1100,0,
1785511602.2060,2026-07-31T11:26:42.206,60.853,613,,,,0,,,,1.3526,-0.67,1.2711,-5400.67,1,20.0,auto:SEARCHING,+0.000,+0.000,-0.800,-0.400,1100,0,
1785511602.3068,2026-07-31T11:26:42.306,60.954,614,,,,0,,,,1.3785,1.15,1.2969,-5398.85,1,20.0,auto:SEARCHING,+0.000,+0.000,-0.800,-0.400,1100,0,
1785511602.4065,2026-07-31T11:26:42.406,61.054,615,,,,0,,,,1.3967,2.04,1.3151,-5397.96,1,20.0,auto:SEARCHING,+0.000,+0.000,-0.800,-0.400,1100,0,
1785511602.5052,2026-07-31T11:26:42.505,61.152,616,,,,0,,,,1.4355,3.84,1.3539,-5396.16,1,20.0,auto:SEARCHING,+0.000,+0.000,-0.800,-0.400,1100,0,
1785511602.6042,2026-07-31T11:26:42.604,61.251,617,,,,0,,,,1.4522,4.74,1.3706,-5395.26,1,20.0,auto:SEARCHING,+0.000,+0.000,-0.800,-0.400,1100,0,
1785511602.7032,2026-07-31T11:26:42.703,61.350,618,,,,0,,,,1.4847,6.51,1.4031,-5393.49,1,20.0,auto:SEARCHING,+0.000,+0.000,-0.800,-0.400,1100,0,
1785511602.8021,2026-07-31T11:26:42.802,61.449,619,,,,0,,,,1.5148,8.33,1.4333,-5391.67,1,20.0,auto:SEARCHING,+0.000,+0.000,+0.000,-0.400,1100,0,
1785511602.9014,2026-07-31T11:26:42.901,61.549,620,,,,0,,,,1.5271,9.27,1.4456,-5390.73,1,20.0,auto:SEARCHING,+0.000,+0.000,+0.000,-0.400,1100,0,
1785511603.0007,2026-07-31T11:26:43.000,61.648,621,,,,0,,,,1.5585,11.20,1.4769,-5388.80,1,20.0,auto:SEARCHING,+0.000,+0.000,+0.000,-0.400,1100,0,
1785511603.1007,2026-07-31T11:26:43.100,61.748,622,,,,0,,,,1.5747,12.26,1.4931,-5387.74,1,20.0,auto:SEARCHING,+0.000,+0.000,+0.000,-0.400,1100,0,
1785511603.1993,2026-07-31T11:26:43.199,61.847,623,,,,0,,,,1.5901,14.48,1.5086,-5385.52,1,20.0,auto:SEARCHING,+0.000,+0.000,+0.000,-0.400,1100,0,
1785511603.2981,2026-07-31T11:26:43.298,61.945,624,,,,0,,,,1.6105,16.91,1.5289,-5383.09,1,20.0,auto:SEARCHING,+0.000,+0.000,+0.000,-0.400,1100,0,
1785511603.3976,2026-07-31T11:26:43.397,62.045,625,,,,0,,,,1.6198,18.20,1.5382,-5381.80,1,20.0,auto:SEARCHING,+0.000,+0.000,+0.014,-0.400,1100,0,
1785511603.4968,2026-07-31T11:26:43.496,62.144,626,,,,0,,,,1.6423,20.90,1.5608,-5379.10,1,20.0,auto:SEARCHING,+0.000,+0.000,+0.042,-0.400,1100,0,
1785511603.5957,2026-07-31T11:26:43.595,62.243,627,,,,0,,,,1.6496,22.30,1.5681,-5377.70,1,20.0,auto:SEARCHING,+0.000,+0.000,+0.070,-0.400,1100,0,
1785511603.6942,2026-07-31T11:26:43.694,62.341,628,,,,0,,,,1.6635,25.22,1.5820,-5374.78,1,20.0,auto:SEARCHING,+0.000,+0.000,+0.103,-0.400,1100,0,
1785511603.7937,2026-07-31T11:26:43.793,62.441,629,,,,0,,,,1.6785,28.29,1.5970,-5371.71,1,20.0,auto:SEARCHING,+0.000,+0.000,+0.128,-0.400,1100,0,
1785511603.8937,2026-07-31T11:26:43.893,62.541,630,,,,0,,,,1.6860,29.88,1.6044,-5370.12,1,20.0,auto:SEARCHING,+0.000,+0.000,+0.150,-0.400,1100,0,
1785511603.9937,2026-07-31T11:26:43.993,62.641,631,,,,0,,,,1.6960,33.18,1.6145,-5366.82,1,20.0,auto:SEARCHING,+0.000,+0.000,+0.168,-0.400,1100,0,
1785511604.0925,2026-07-31T11:26:44.092,62.740,632,,,,0,,,,1.7049,34.88,1.6233,-5365.12,1,20.0,auto:SEARCHING,+0.000,+0.000,+0.182,-0.400,1100,0,
1785511604.1916,2026-07-31T11:26:44.191,62.839,633,,,,0,,,,1.7179,38.38,1.6364,-5361.62,1,20.0,auto:SEARCHING,+0.000,+0.000,+0.194,-0.400,1100,0,
1785511604.2914,2026-07-31T11:26:44.291,62.939,634,,,,0,,,,1.7298,42.03,1.6482,-5357.97,1,20.0,auto:SEARCHING,+0.000,+0.000,+0.199,-0.400,1100,0,
1785511604.3906,2026-07-31T11:26:44.390,63.038,635,,,,0,,,,1.7327,43.90,1.6511,-5356.10,1,20.0,auto:SEARCHING,+0.000,+0.000,+0.200,-0.400,1100,0,
1785511604.4887,2026-07-31T11:26:44.488,63.136,636,,,,0,,,,1.7457,47.70,1.6641,-5352.30,1,20.0,auto:SEARCHING,+0.000,+0.000,+0.196,-0.400,1100,0,
1785511604.5874,2026-07-31T11:26:44.587,63.235,637,,,,0,,,,1.7467,49.63,1.6651,-5350.37,1,20.0,auto:SEARCHING,+0.000,+0.000,+0.188,-0.400,1100,0,
1785511604.6863,2026-07-31T11:26:44.686,63.334,638,,,,0,,,,1.7527,53.52,1.6711,-5346.48,1,20.0,auto:SEARCHING,+0.000,+0.000,+0.176,-0.400,1100,0,
1785511604.7857,2026-07-31T11:26:44.785,63.433,639,,,,0,,,,1.7593,57.45,1.6777,-5342.55,1,20.0,auto:SEARCHING,+0.000,+0.000,+0.155,-0.400,1100,0,
1785511604.8841,2026-07-31T11:26:44.884,63.531,640,,,,0,,,,1.7661,59.40,1.6845,-5340.60,1,20.0,auto:SEARCHING,+0.000,+0.000,+0.135,-0.400,1100,0,
1785511604.9831,2026-07-31T11:26:44.983,63.630,641,,,,0,,,,1.7752,63.31,1.6936,-5336.69,1,20.0,auto:SEARCHING,+0.000,+0.000,+0.112,-0.400,1100,0,
1785511605.0839,2026-07-31T11:26:45.083,63.731,642,,,,0,,,,1.7715,65.27,1.6900,-5334.73,1,20.0,auto:SEARCHING,+0.000,+0.000,+0.088,-0.400,1100,0,
1785511605.1827,2026-07-31T11:26:45.182,63.830,643,,,,0,,,,1.7823,69.18,1.7007,-5330.82,1,20.0,auto:SEARCHING,+0.000,+0.000,+0.051,-0.400,1100,0,
1785511605.2818,2026-07-31T11:26:45.281,63.929,644,,,,0,,,,1.7882,73.12,1.7067,-5326.88,1,20.0,auto:SEARCHING,+0.000,+0.000,+0.023,-0.400,1100,0,
1785511605.3807,2026-07-31T11:26:45.380,64.028,645,,,,0,,,,1.7899,75.08,1.7084,-5324.92,1,20.0,auto:SEARCHING,+0.000,+0.000,+0.000,-0.400,1100,0,
1785511605.4795,2026-07-31T11:26:45.479,64.127,646,,,,0,,,,1.7977,79.02,1.7161,-5320.98,1,20.0,auto:SEARCHING,+0.000,+0.000,+0.000,-0.400,1100,0,
1785511605.5781,2026-07-31T11:26:45.578,64.225,647,,,,0,,,,1.8005,80.98,1.7189,-5319.02,1,20.0,auto:SEARCHING,+0.000,+0.000,-0.064,-0.400,1100,0,
1785511605.6778,2026-07-31T11:26:45.677,64.325,648,,,,0,,,,1.8100,84.89,1.7284,-5315.11,1,20.0,auto:SEARCHING,+0.000,+0.000,-0.100,-0.400,1100,0,
1785511605.7768,2026-07-31T11:26:45.776,64.424,649,,,,0,,,,1.8105,86.82,1.7289,-5313.18,1,20.0,auto:SEARCHING,+0.000,+0.000,-0.125,-0.400,1100,0,
1785511605.8752,2026-07-31T11:26:45.875,64.522,650,,,,0,,,,1.8159,90.79,1.7343,-5309.21,1,20.0,auto:SEARCHING,+0.000,+0.000,-0.145,-0.400,1100,0,
1785511605.9750,2026-07-31T11:26:45.974,64.622,651,,,,0,,,,1.8165,92.70,1.7350,-5307.30,1,20.0,auto:SEARCHING,+0.000,+0.000,-0.165,-0.400,1100,0,
1785511606.0745,2026-07-31T11:26:46.074,64.722,652,,,,0,,,,1.8258,96.52,1.7443,-5303.48,1,20.0,auto:SEARCHING,+0.000,+0.000,-0.179,-0.400,1100,0,
1785511606.1732,2026-07-31T11:26:46.173,64.820,653,,,,0,,,,1.8312,100.32,1.7496,-5299.68,1,20.0,auto:SEARCHING,+0.000,+0.000,-0.193,-0.400,1100,0,
1785511606.2731,2026-07-31T11:26:46.273,64.920,654,,,,0,,,,1.8309,102.21,1.7494,-5297.79,1,20.0,auto:SEARCHING,+0.000,+0.000,-0.199,-0.400,1100,0,
1785511606.3723,2026-07-31T11:26:46.372,65.020,655,,,,0,,,,1.8349,105.96,1.7534,-5294.04,1,20.0,auto:SEARCHING,+0.000,+0.000,-0.200,-0.400,1100,0,
1785511606.4711,2026-07-31T11:26:46.471,65.118,656,,,,0,,,,1.8421,107.82,1.7605,-5292.18,1,20.0,auto:SEARCHING,+0.000,+0.000,-0.197,-0.400,1100,0,
1785511606.5725,2026-07-31T11:26:46.572,65.220,657,,,,0,,,,1.8440,111.48,1.7625,-5288.52,1,20.0,auto:SEARCHING,+0.000,+0.000,-0.190,-0.400,1100,0,
1785511606.6711,2026-07-31T11:26:46.671,65.318,658,,,,0,,,,1.8520,115.14,1.7704,-5284.86,1,20.0,auto:SEARCHING,+0.000,+0.000,-0.175,-0.400,1100,0,
1785511606.7705,2026-07-31T11:26:46.770,65.418,659,,,,0,,,,1.8527,116.95,1.7712,-5283.05,1,20.0,auto:SEARCHING,+0.000,+0.000,-0.159,-0.400,1100,0,
1785511606.8695,2026-07-31T11:26:46.869,65.517,660,,,,0,,,,1.8592,120.55,1.7776,-5279.45,1,20.0,auto:SEARCHING,+0.000,+0.000,-0.138,-0.400,1100,0,
1785511606.9687,2026-07-31T11:26:46.968,65.616,661,,,,0,,,,1.8624,122.33,1.7809,-5277.67,1,20.0,auto:SEARCHING,+0.000,+0.000,-0.118,-0.400,1100,0,
1785511607.0679,2026-07-31T11:26:47.067,65.715,662,,,,0,,,,1.8639,125.88,1.7823,-5274.12,1,20.0,auto:SEARCHING,+0.000,+0.000,-0.084,-0.400,1100,0,
1785511607.1663,2026-07-31T11:26:47.166,65.814,663,,,,0,,,,1.8704,129.37,1.7888,-5270.63,1,20.0,auto:SEARCHING,+0.000,+0.000,-0.055,-0.400,1100,0,
1785511607.2658,2026-07-31T11:26:47.265,65.913,664,,,,0,,,,1.8726,131.13,1.7911,-5268.87,1,20.0,auto:SEARCHING,+0.000,+0.000,-0.028,-0.400,1100,0,
1785511607.3650,2026-07-31T11:26:47.364,66.012,665,,,,0,,,,1.8754,134.60,1.7939,-5265.40,1,20.0,auto:SEARCHING,+0.000,+0.000,+0.002,-0.400,1100,0,
1785511607.4638,2026-07-31T11:26:47.463,66.111,666,,,,0,,,,1.8767,136.32,1.7951,-5263.68,1,20.0,auto:SEARCHING,+0.000,+0.000,+0.030,-0.400,1100,0,
1785511607.5635,2026-07-31T11:26:47.563,66.211,667,,,,0,,,,1.8818,139.77,1.8003,-5260.23,1,20.0,auto:SEARCHING,+0.000,+0.000,+0.059,-0.400,1100,0,
1785511607.6622,2026-07-31T11:26:47.662,66.309,668,,,,0,,,,1.8775,143.12,1.7959,-5256.88,1,20.0,auto:SEARCHING,+0.000,+0.000,+0.094,-0.400,1100,0,
1785511607.7621,2026-07-31T11:26:47.762,66.409,669,,,,0,,,,1.8823,144.80,1.8008,-5255.20,1,20.0,auto:SEARCHING,+0.000,+0.000,+0.119,-0.400,1100,0,
1785511607.8623,2026-07-31T11:26:47.862,66.510,670,,,,0,,,,1.8867,148.18,1.8052,-5251.82,1,20.0,auto:SEARCHING,+0.000,+0.000,+0.141,-0.400,1100,0,
1785511607.9613,2026-07-31T11:26:47.961,66.609,671,,,,0,,,,1.8861,149.86,1.8045,-5250.14,1,20.0,auto:SEARCHING,+0.000,+0.000,+0.162,-0.400,1100,0,
1785511608.0617,2026-07-31T11:26:48.061,66.709,672,,,,0,,,,1.8888,153.23,1.8072,-5246.77,1,20.0,auto:SEARCHING,+0.000,+0.000,+0.181,-0.400,1100,0,
1785511608.1601,2026-07-31T11:26:48.160,66.807,673,,,,0,,,,1.8896,156.52,1.8081,-5243.48,1,20.0,auto:SEARCHING,+0.000,+0.000,+0.191,-0.400,1100,0,
1785511608.2593,2026-07-31T11:26:48.259,66.907,674,,,,0,,,,1.8889,158.17,1.8073,-5241.83,1,20.0,auto:SEARCHING,+0.000,+0.000,+0.198,-0.400,1100,0,
1785511608.3584,2026-07-31T11:26:48.358,67.006,675,,,,0,,,,1.8888,161.57,1.8072,-5238.43,1,20.0,auto:SEARCHING,+0.000,+0.000,+0.200,-0.400,1100,0,
1785511608.4568,2026-07-31T11:26:48.456,67.104,676,,,,0,,,,1.8912,163.24,1.8097,-5236.76,1,20.0,auto:SEARCHING,+0.000,+0.000,+0.198,-0.400,1100,0,
1785511608.5553,2026-07-31T11:26:48.555,67.203,677,,,,0,,,,1.8900,166.55,1.8084,-5233.45,1,20.0,auto:SEARCHING,+0.000,+0.000,+0.192,-0.400,1100,0,
1785511608.6553,2026-07-31T11:26:48.655,67.303,678,,,,0,,,,1.8906,168.20,1.8090,-5231.80,1,20.0,auto:SEARCHING,+0.000,+0.000,+0.178,-0.400,1100,0,
1785511608.7546,2026-07-31T11:26:48.754,67.402,679,,,,0,,,,1.8939,171.49,1.8123,-5228.51,1,20.0,auto:SEARCHING,+0.000,+0.000,+0.162,-0.400,1100,0,
1785511608.8536,2026-07-31T11:26:48.853,67.501,680,,,,0,,,,1.8908,174.78,1.8092,-5225.22,1,20.0,auto:SEARCHING,+0.000,+0.000,+0.143,-0.400,1100,0,
1785511608.9523,2026-07-31T11:26:48.952,67.600,681,,,,0,,,,1.8920,176.44,1.8104,-5223.56,1,20.0,auto:SEARCHING,+0.000,+0.000,+0.122,-0.400,1100,0,
1785511609.0516,2026-07-31T11:26:49.051,67.699,682,,,,0,,,,1.8931,179.78,1.8115,-5220.22,1,20.0,auto:SEARCHING,+0.000,+0.000,+0.089,-0.400,1100,0,
1785511609.1511,2026-07-31T11:26:49.151,67.798,683,,,,0,,,,1.8879,-178.55,1.8063,-5218.55,1,20.0,auto:SEARCHING,+0.000,+0.000,+0.063,-0.400,1100,0,
1785511609.2506,2026-07-31T11:26:49.250,67.898,684,,,,0,,,,1.8913,-175.18,1.8097,-5215.18,1,20.0,auto:SEARCHING,+0.000,+0.000,+0.035,-0.400,1100,0,
1785511609.3494,2026-07-31T11:26:49.349,67.997,685,,,,0,,,,1.8977,-173.51,1.8161,-5213.51,1,20.0,auto:SEARCHING,+0.000,+0.000,+0.002,-0.400,1100,0,
1785511609.4488,2026-07-31T11:26:49.448,68.096,686,,,,0,,,,1.8937,-170.13,1.8122,-5210.13,1,20.0,auto:SEARCHING,+0.000,+0.000,-0.024,-0.400,1100,0,
1785511609.5488,2026-07-31T11:26:49.548,68.196,687,,,,0,,,,1.8960,-166.88,1.8145,-5206.88,1,20.0,auto:SEARCHING,+0.000,+0.000,-0.063,-0.400,1100,0,
1785511609.6479,2026-07-31T11:26:49.647,68.295,688,,,,0,,,,1.8904,-165.24,1.8088,-5205.24,1,20.0,auto:SEARCHING,+0.000,+0.000,-0.091,-0.400,1100,0,
1785511609.7474,2026-07-31T11:26:49.747,68.395,689,,,,0,,,,1.8970,-161.94,1.8154,-5201.94,1,20.0,auto:SEARCHING,+0.000,+0.000,-0.114,-0.400,1100,0,
1785511609.8467,2026-07-31T11:26:49.846,68.494,690,,,,0,,,,1.8975,-160.26,1.8159,-5200.26,1,20.0,auto:SEARCHING,+0.000,+0.000,-0.136,-0.400,1100,0,
1785511609.9458,2026-07-31T11:26:49.945,68.593,691,,,,0,,,,1.8996,-156.82,1.8181,-5196.82,1,20.0,auto:SEARCHING,+0.000,+0.000,-0.157,-0.400,1100,0,
1785511610.0442,2026-07-31T11:26:50.044,68.691,692,,,,0,,,,1.8993,-153.32,1.8178,-5193.32,1,20.0,auto:SEARCHING,+0.000,+0.000,-0.177,-0.400,1100,0,
1785511610.1436,2026-07-31T11:26:50.143,68.791,693,,,,0,,,,1.8967,-151.55,1.8151,-5191.55,1,20.0,auto:SEARCHING,+0.000,+0.000,-0.189,-0.400,1100,0,
1785511610.2439,2026-07-31T11:26:50.243,68.891,694,,,,0,,,,1.8977,-147.97,1.8161,-5187.97,1,20.0,auto:SEARCHING,+0.000,+0.000,-0.197,-0.400,1100,0,
1785511610.3427,2026-07-31T11:26:50.342,68.990,695,,,,0,,,,1.8965,-146.21,1.8149,-5186.21,1,20.0,auto:SEARCHING,+0.000,+0.000,-0.200,-0.400,1100,0,
1785511610.4429,2026-07-31T11:26:50.442,69.090,696,,,,0,,,,1.9030,-142.64,1.8215,-5182.64,1,20.0,auto:RESET,+0.000,+0.000,+0.000,+0.000,1100,0,
1785511610.5413,2026-07-31T11:26:50.541,69.189,697,,,,0,,,,1.8985,-139.35,1.8170,-5179.35,1,20.0,auto:RESET,+0.000,+0.000,+0.500,+0.000,1100,0,
1785511610.6403,2026-07-31T11:26:50.640,69.288,698,,,,0,,,,1.8961,-138.10,1.8146,-5178.10,1,20.0,auto:RESET,+0.000,+0.000,+0.500,+0.000,1100,0,
1785511610.7395,2026-07-31T11:26:50.739,69.387,699,,,,0,,,,1.9045,-136.30,1.8230,-5176.30,1,20.0,auto:RESET,+0.000,+0.000,+0.000,+0.000,1100,0,
1785511610.8386,2026-07-31T11:26:50.838,69.486,700,,,,0,,,,1.9049,-135.67,1.8233,-5175.67,1,20.0,auto:RESET,+0.000,+0.000,+0.000,+0.000,1100,0,
1785511610.9379,2026-07-31T11:26:50.937,69.585,701,,,,0,,,,1.9054,-134.63,1.8239,-5174.63,1,20.0,auto:RESET,+0.000,+0.000,+0.000,+0.000,1100,0,
1785511611.0364,2026-07-31T11:26:51.036,69.684,702,,,,0,,,,1.9027,-133.85,1.8211,-5173.85,1,20.0,auto:RESET,+0.000,+0.000,+0.000,+0.000,1100,0,
1785511611.1353,2026-07-31T11:26:51.135,69.783,703,,,,0,,,,1.9031,-133.53,1.8215,-5173.53,1,20.0,auto:RESET,+0.000,+0.000,+0.000,+0.000,1100,0,
1785511611.2344,2026-07-31T11:26:51.234,69.882,704,,,,0,,,,1.9026,-133.03,1.8211,-5173.03,1,20.0,auto:RESET,+0.000,+0.000,+0.000,+0.000,1100,0,
1785511611.3335,2026-07-31T11:26:51.333,69.981,705,,,,0,,,,1.9023,-132.82,1.8207,-5172.82,1,20.0,auto:RESET,+0.000,+0.000,+0.000,+0.000,1100,0,
1785511611.4332,2026-07-31T11:26:51.433,70.080,706,,,,0,,,,1.9004,-132.48,1.8188,-5172.48,1,20.0,auto:RESET,+0.600,+0.000,+0.000,+0.000,1100,0,
1785511611.5325,2026-07-31T11:26:51.532,70.180,707,,,,0,,,,1.8969,-132.23,1.8153,-5172.23,1,20.0,auto:RESET,+0.600,+0.000,+0.000,+0.000,1100,0,
1785511611.6315,2026-07-31T11:26:51.631,70.279,708,,,,0,,,,1.8981,-132.06,1.8166,-5172.06,1,20.0,auto:RESET,+0.600,+0.000,+0.000,+0.000,1100,0,
1785511611.7305,2026-07-31T11:26:51.730,70.378,709,,,,0,,,,1.8972,-131.72,1.8157,-5171.72,1,20.0,auto:RESET,+0.600,+0.000,+0.000,+0.000,1100,0,
1785511611.8298,2026-07-31T11:26:51.829,70.477,710,,,,0,,,,1.8935,-131.55,1.8119,-5171.55,1,20.0,auto:RESET,+0.600,+0.000,+0.000,+0.000,1100,0,
1785511611.9286,2026-07-31T11:26:51.928,70.576,711,,,,0,,,,1.8846,-131.30,1.8031,-5171.30,1,20.0,auto:RESET,+0.600,+0.000,+0.000,+0.000,1100,0,
1785511612.0280,2026-07-31T11:26:52.028,70.675,712,,,,0,,,,1.8884,-131.22,1.8069,-5171.22,1,20.0,auto:RESET,+0.600,+0.000,+0.000,+0.000,1100,0,
1785511612.1291,2026-07-31T11:26:52.129,70.776,713,,,,0,,,,1.8830,-131.06,1.8014,-5171.06,1,20.0,auto:RESET,+0.600,+0.000,+0.000,+0.000,1100,0,
1785511612.2277,2026-07-31T11:26:52.227,70.875,714,,,,0,,,,1.8784,-130.80,1.7969,-5170.80,1,20.0,auto:RESET,+0.600,+0.000,+0.000,+0.000,1100,0,
1785511612.3280,2026-07-31T11:26:52.328,70.975,715,,,,0,,,,1.8817,-130.63,1.8001,-5170.63,1,20.0,auto:RESET,+0.600,+0.000,+0.000,+0.000,1100,0,
1785511612.4265,2026-07-31T11:26:52.426,71.074,716,,,,0,,,,1.8770,-130.22,1.7954,-5170.22,1,20.0,auto:RESET,+0.000,+0.000,+0.000,-0.800,1100,0,
1785511612.5257,2026-07-31T11:26:52.525,71.173,717,,,,0,,,,1.8774,-129.83,1.7958,-5169.83,1,20.0,auto:RESET,+0.000,+0.000,+0.000,-0.800,1100,0,
1785511612.6245,2026-07-31T11:26:52.624,71.272,718,,,,0,,,,1.8783,-125.60,1.7967,-5165.60,1,20.0,auto:RESET,+0.000,+0.000,+0.000,-0.800,1100,0,
1785511612.7233,2026-07-31T11:26:52.723,71.371,719,,,,0,,,,1.8813,-122.14,1.7998,-5162.14,1,20.0,auto:RESET,+0.000,+0.000,+0.000,-0.800,1100,0,
1785511612.8232,2026-07-31T11:26:52.823,71.470,720,,,,0,,,,1.8784,-113.98,1.7968,-5153.98,1,20.0,auto:RESET,+0.000,+0.000,+0.000,-0.800,1100,0,
1785511612.9226,2026-07-31T11:26:52.922,71.570,721,,,,0,,,,1.8733,-104.88,1.7917,-5144.88,1,20.0,auto:RESET,+0.000,+0.000,+0.000,-0.800,1100,0,
1785511613.0218,2026-07-31T11:26:53.021,71.669,722,,,,0,,,,1.8776,-100.25,1.7960,-5140.25,1,20.0,auto:RESET,+0.000,+0.000,+0.000,-0.800,1100,0,
1785511613.1204,2026-07-31T11:26:53.120,71.768,723,,,,0,,,,1.8740,-90.96,1.7925,-5130.96,1,20.0,auto:RESET,+0.000,+0.000,+0.000,-0.800,1100,0,
1785511613.2212,2026-07-31T11:26:53.221,71.868,724,,,,0,,,,1.8778,-86.47,1.7963,-5126.47,1,20.0,auto:RESET,+0.000,+0.000,+0.000,-0.800,1100,0,
1785511613.3204,2026-07-31T11:26:53.320,71.968,725,,,,0,,,,1.8796,-77.53,1.7981,-5117.53,1,20.0,auto:RESET,+0.000,+0.000,+0.000,-0.800,1100,0,
1785511613.4195,2026-07-31T11:26:53.419,72.067,726,,,,0,,,,1.8754,-68.89,1.7938,-5108.89,1,20.0,auto:SEARCHING,+0.000,+0.000,-0.199,-0.400,1100,0,
1785511613.5188,2026-07-31T11:26:53.518,72.166,727,,,,0,,,,1.8782,-65.32,1.7967,-5105.32,1,20.0,auto:SEARCHING,+0.000,+0.000,-0.193,-0.400,1100,0,
1785511613.6176,2026-07-31T11:26:53.617,72.265,728,,,,0,,,,1.8836,-60.78,1.8020,-5100.78,1,20.0,auto:SEARCHING,+0.000,+0.000,-0.184,-0.400,1100,0,
1785511613.7167,2026-07-31T11:26:53.716,72.364,729,,,,0,,,,1.8857,-59.22,1.8041,-5099.22,1,20.0,auto:SEARCHING,+0.000,+0.000,-0.171,-0.400,1100,0,
1785511613.8157,2026-07-31T11:26:53.815,72.463,730,,,,0,,,,1.8825,-56.67,1.8010,-5096.67,1,20.0,auto:SEARCHING,+0.000,+0.000,-0.154,-0.400,1100,0,
1785511613.9147,2026-07-31T11:26:53.914,72.562,731,,,,0,,,,1.8880,-53.83,1.8065,-5093.83,1,20.0,auto:SEARCHING,+0.000,+0.000,-0.127,-0.400,1100,0,
1785511614.0138,2026-07-31T11:26:54.013,72.661,732,,,,0,,,,1.8881,-52.39,1.8066,-5092.39,1,20.0,auto:SEARCHING,+0.000,+0.000,-0.103,-0.400,1100,0,
1785511614.1126,2026-07-31T11:26:54.112,72.760,733,,,,0,,,,1.8890,-49.53,1.8075,-5089.53,1,20.0,auto:SEARCHING,+0.000,+0.000,-0.076,-0.400,1100,0,
1785511614.2115,2026-07-31T11:26:54.211,72.859,734,,,,0,,,,1.8930,-48.12,1.8114,-5088.12,1,20.0,auto:SEARCHING,+0.000,+0.000,-0.049,-0.400,1100,0,
1785511614.3108,2026-07-31T11:26:54.310,72.958,735,,,,0,,,,1.8946,-45.35,1.8130,-5085.35,1,20.0,auto:SEARCHING,+0.000,+0.000,-0.011,-0.400,1100,0,
1785511614.4112,2026-07-31T11:26:54.411,73.058,736,,,,0,,,,1.8884,-42.63,1.8068,-5082.63,1,20.0,auto:SEARCHING,+0.000,+0.000,+0.018,-0.400,1100,0,
1785511614.5107,2026-07-31T11:26:54.510,73.158,737,,,,0,,,,1.8858,-41.25,1.8042,-5081.25,1,20.0,auto:SEARCHING,+0.000,+0.000,+0.048,-0.400,1100,0,
1785511614.6097,2026-07-31T11:26:54.609,73.257,738,,,,0,,,,1.8868,-38.39,1.8052,-5078.39,1,20.0,auto:SEARCHING,+0.000,+0.000,+0.076,-0.400,1100,0,
1785511614.7097,2026-07-31T11:26:54.709,73.357,739,,,,0,,,,1.8805,-36.93,1.7990,-5076.93,1,20.0,auto:SEARCHING,+0.000,+0.000,+0.100,-0.400,1100,0,
1785511614.8091,2026-07-31T11:26:54.809,73.456,740,,,,0,,,,1.8820,-33.96,1.8004,-5073.96,1,20.0,auto:SEARCHING,+0.000,+0.000,+0.132,-0.400,1100,0,
1785511614.9076,2026-07-31T11:26:54.907,73.555,741,,,,0,,,,1.8796,-30.91,1.7981,-5070.91,1,20.0,auto:SEARCHING,+0.000,+0.000,+0.154,-0.400,1100,0,
1785511615.0065,2026-07-31T11:26:55.006,73.654,742,,,,0,,,,1.8792,-29.34,1.7976,-5069.34,1,20.0,auto:SEARCHING,+0.000,+0.000,+0.170,-0.400,1100,0,
1785511615.1057,2026-07-31T11:26:55.105,73.753,743,,,,0,,,,1.8753,-26.32,1.7937,-5066.32,1,20.0,auto:SEARCHING,+0.000,+0.000,+0.183,-0.400,1100,0,
1785511615.2057,2026-07-31T11:26:55.205,73.853,744,,,,0,,,,1.8760,-24.85,1.7944,-5064.85,1,20.0,auto:SEARCHING,+0.000,+0.000,+0.193,-0.400,1100,0,
1785511615.3061,2026-07-31T11:26:55.306,73.953,745,,,,0,,,,1.8710,-21.86,1.7894,-5061.86,1,20.0,auto:SEARCHING,+0.000,+0.000,+0.200,-0.400,1100,0,
1785511615.4051,2026-07-31T11:26:55.405,74.052,746,,,,0,,,,1.8711,-18.77,1.7895,-5058.77,1,20.0,auto:SEARCHING,+0.000,+0.000,+0.199,-0.400,1100,0,
1785511615.5037,2026-07-31T11:26:55.503,74.151,747,,,,0,,,,1.8698,-17.20,1.7882,-5057.20,1,20.0,auto:SEARCHING,+0.000,+0.000,+0.195,-0.400,1100,0,
1785511615.6026,2026-07-31T11:26:55.602,74.250,748,,,,0,,,,1.8660,-14.00,1.7844,-5054.00,1,20.0,auto:SEARCHING,+0.000,+0.000,+0.186,-0.400,1100,0,
1785511615.7025,2026-07-31T11:26:55.702,74.350,749,,,,0,,,,1.8623,-12.38,1.7807,-5052.38,1,20.0,auto:SEARCHING,+0.000,+0.000,+0.169,-0.400,1100,0,
1785511615.8014,2026-07-31T11:26:55.801,74.449,750,,,,0,,,,1.8613,-9.09,1.7797,-5049.09,1,20.0,auto:SEARCHING,+0.000,+0.000,+0.152,-0.400,1100,0,
1785511615.9007,2026-07-31T11:26:55.900,74.548,751,,,,0,,,,1.8648,-5.77,1.7832,-5045.77,1,20.0,auto:SEARCHING,+0.000,+0.000,+0.132,-0.400,1100,0,
1785511615.9994,2026-07-31T11:26:55.999,74.647,752,,,,0,,,,1.8609,-4.09,1.7793,-5044.09,1,20.0,auto:SEARCHING,+0.000,+0.000,+0.108,-0.400,1100,0,
1785511616.0985,2026-07-31T11:26:56.098,74.746,753,,,,0,,,,1.8618,-0.69,1.7802,-5040.69,1,20.0,auto:SEARCHING,+0.000,+0.000,+0.083,-0.400,1100,0,
1785511616.1981,2026-07-31T11:26:56.198,74.845,754,,,,0,,,,1.8599,1.00,1.7783,-5039.00,1,20.0,auto:SEARCHING,+0.000,+0.000,+0.046,-0.400,1100,0,
1785511616.2967,2026-07-31T11:26:56.296,74.944,755,,,,0,,,,1.8597,4.42,1.7782,-5035.58,1,20.0,auto:SEARCHING,+0.000,+0.000,+0.016,-0.400,1100,0,
1785511616.3959,2026-07-31T11:26:56.395,75.043,756,,,,0,,,,1.8609,6.13,1.7793,-5033.87,1,20.0,auto:SEARCHING,+0.000,+0.000,-0.012,-0.400,1100,0,
1785511616.4947,2026-07-31T11:26:56.494,75.142,757,,,,0,,,,1.8568,9.61,1.7753,-5030.39,1,20.0,auto:SEARCHING,+0.000,+0.000,-0.041,-0.400,1100,0,
1785511616.5935,2026-07-31T11:26:56.593,75.241,758,,,,0,,,,1.8555,11.37,1.7739,-5028.63,1,20.0,auto:SEARCHING,+0.000,+0.000,-0.069,-0.400,1100,0,
1785511616.6932,2026-07-31T11:26:56.693,75.340,759,,,,0,,,,1.8567,14.94,1.7751,-5025.06,1,20.0,auto:SEARCHING,+0.000,+0.000,-0.103,-0.400,1100,0,
1785511616.7922,2026-07-31T11:26:56.792,75.439,760,,,,0,,,,1.8576,18.55,1.7760,-5021.45,1,20.0,auto:SEARCHING,+0.000,+0.000,-0.127,-0.400,1100,0,
1785511616.8922,2026-07-31T11:26:56.892,75.539,761,,,,0,,,,1.8539,20.39,1.7723,-5019.61,1,20.0,auto:SEARCHING,+0.000,+0.000,-0.149,-0.400,1100,0,
1785511616.9924,2026-07-31T11:26:56.992,75.640,762,,,,0,,,,1.8551,24.04,1.7735,-5015.96,1,20.0,auto:SEARCHING,+0.000,+0.000,-0.166,-0.400,1100,0,
1785511617.0922,2026-07-31T11:26:57.092,75.740,763,,,,0,,,,1.8547,25.87,1.7731,-5014.13,1,20.0,auto:SEARCHING,+0.000,+0.000,-0.181,-0.400,1100,0,
1785511617.1907,2026-07-31T11:26:57.190,75.838,764,,,,0,,,,1.8522,29.56,1.7706,-5010.44,1,20.0,auto:SEARCHING,+0.000,+0.000,-0.194,-0.400,1100,0,
1785511617.2897,2026-07-31T11:26:57.289,75.937,765,,,,0,,,,1.8473,33.27,1.7658,-5006.73,1,20.0,auto:SEARCHING,+0.000,+0.000,-0.199,-0.400,1100,0,
1785511617.3888,2026-07-31T11:26:57.388,76.036,766,,,,0,,,,1.8490,35.14,1.7675,-5004.86,1,20.0,auto:SEARCHING,+0.000,+0.000,-0.200,-0.400,1100,0,
1785511617.4868,2026-07-31T11:26:57.486,76.134,767,,,,0,,,,1.8475,38.90,1.7659,-5001.10,1,20.0,auto:SEARCHING,+0.000,+0.000,-0.196,-0.400,1100,0,
1785511617.5858,2026-07-31T11:26:57.585,76.233,768,,,,0,,,,1.8469,42.68,1.7653,-4997.32,1,20.0,auto:SEARCHING,+0.000,+0.000,-0.186,-0.400,1100,0,
1785511617.6844,2026-07-31T11:26:57.684,76.332,769,,,,0,,,,1.8488,44.54,1.7672,-4995.46,1,20.0,auto:SEARCHING,+0.000,+0.000,-0.177,-0.400,1100,0,
1785511617.7840,2026-07-31T11:26:57.784,76.431,770,,,,0,,,,1.8479,48.26,1.7663,-4991.74,1,20.0,auto:SEARCHING,+0.000,+0.000,-0.156,-0.400,1100,0,
1785511617.8854,2026-07-31T11:26:57.885,76.533,771,,,,0,,,,1.8452,50.16,1.7636,-4989.84,1,20.0,auto:SEARCHING,+0.000,+0.000,-0.136,-0.400,1100,0,
1785511617.9852,2026-07-31T11:26:57.985,76.632,772,,,,0,,,,1.8445,53.91,1.7629,-4986.09,1,20.0,auto:SEARCHING,+0.000,+0.000,-0.114,-0.400,1100,0,
1785511618.0857,2026-07-31T11:26:58.085,76.733,773,,,,0,,,,1.8401,57.64,1.7585,-4982.36,1,20.0,auto:SEARCHING,+0.000,+0.000,-0.080,-0.400,1100,0,
1785511618.1852,2026-07-31T11:26:58.185,76.832,774,,,,0,,,,1.8403,59.51,1.7587,-4980.49,1,20.0,auto:SEARCHING,+0.000,+0.000,-0.053,-0.400,1100,0,
1785511618.2840,2026-07-31T11:26:58.283,76.931,775,,,,0,,,,1.8456,63.22,1.7641,-4976.78,1,20.0,auto:SEARCHING,+0.000,+0.000,-0.024,-0.400,1100,0,
1785511618.3827,2026-07-31T11:26:58.382,77.030,776,,,,0,,,,1.8434,65.06,1.7618,-4974.94,1,20.0,auto:SEARCHING,+0.000,+0.000,+0.006,-0.400,1100,0,
1785511618.4824,2026-07-31T11:26:58.482,77.130,777,,,,0,,,,1.8400,68.76,1.7585,-4971.24,1,20.0,auto:SEARCHING,+0.000,+0.000,+0.036,-0.400,1100,0,
1785511618.5816,2026-07-31T11:26:58.581,77.229,778,,,,0,,,,1.8327,72.49,1.7512,-4967.51,1,20.0,auto:SEARCHING,+0.000,+0.000,+0.071,-0.400,1100,0,
1785511618.6809,2026-07-31T11:26:58.680,77.328,779,,,,0,,,,1.8295,74.33,1.7480,-4965.67,1,20.0,auto:SEARCHING,+0.000,+0.000,+0.098,-0.400,1100,0,
1785511618.7798,2026-07-31T11:26:58.779,77.427,780,,,,0,,,,1.8383,78.04,1.7567,-4961.96,1,20.0,auto:SEARCHING,+0.000,+0.000,+0.123,-0.400,1100,0,
1785511618.8788,2026-07-31T11:26:58.878,77.526,781,,,,0,,,,1.8318,79.89,1.7502,-4960.11,1,20.0,auto:SEARCHING,+0.000,+0.000,+0.143,-0.400,1100,0,
1785511618.9775,2026-07-31T11:26:58.977,77.625,782,,,,0,,,,1.8314,83.64,1.7499,-4956.36,1,20.0,auto:SEARCHING,+0.000,+0.000,+0.168,-0.400,1100,0,
1785511619.0774,2026-07-31T11:26:59.077,77.725,783,,,,0,,,,1.8284,85.50,1.7468,-4954.50,1,20.0,auto:SEARCHING,+0.000,+0.000,+0.183,-0.400,1100,0,
1785511619.1767,2026-07-31T11:26:59.176,77.824,784,,,,0,,,,1.8236,89.23,1.7421,-4950.77,1,20.0,auto:SEARCHING,+0.000,+0.000,+0.192,-0.400,1100,0,
1785511619.2766,2026-07-31T11:26:59.276,77.924,785,,,,0,,,,1.8230,92.92,1.7415,-4947.08,1,20.0,auto:SEARCHING,+0.000,+0.000,+0.198,-0.400,1100,0,
1785511619.3757,2026-07-31T11:26:59.375,78.023,786,,,,0,,,,1.8236,94.76,1.7421,-4945.24,1,20.0,auto:SEARCHING,+0.000,+0.000,+0.200,-0.400,1100,0,
1785511619.4754,2026-07-31T11:26:59.475,78.123,787,,,,0,,,,1.8210,98.44,1.7394,-4941.56,1,20.0,auto:SEARCHING,+0.000,+0.000,+0.196,-0.400,1100,0,
1785511619.5751,2026-07-31T11:26:59.575,78.222,788,,,,0,,,,1.8206,100.26,1.7390,-4939.74,1,20.0,auto:SEARCHING,+0.000,+0.000,+0.188,-0.400,1100,0,
1785511619.6741,2026-07-31T11:26:59.674,78.321,789,,,,0,,,,1.8164,103.94,1.7348,-4936.06,1,20.0,auto:SEARCHING,+0.000,+0.000,+0.176,-0.400,1100,0,
1785511619.7726,2026-07-31T11:26:59.772,78.420,790,,,,0,,,,1.8168,105.79,1.7352,-4934.21,1,20.0,auto:SEARCHING,+0.000,+0.000,+0.161,-0.400,1100,0,
1785511619.8725,2026-07-31T11:26:59.872,78.520,791,,,,0,,,,1.8179,109.48,1.7363,-4930.52,1,20.0,auto:SEARCHING,+0.000,+0.000,+0.140,-0.400,1100,0,
1785511619.9719,2026-07-31T11:26:59.971,78.619,792,,,,0,,,,1.8108,113.16,1.7292,-4926.84,1,20.0,auto:SEARCHING,+0.000,+0.000,+0.111,-0.400,1100,0,
1785511620.0716,2026-07-31T11:27:00.071,78.719,793,,,,0,,,,1.8110,115.01,1.7295,-4924.99,1,20.0,auto:SEARCHING,+0.000,+0.000,+0.086,-0.400,1100,0,
1785511620.1706,2026-07-31T11:27:00.170,78.818,794,,,,0,,,,1.8049,118.74,1.7234,-4921.26,1,20.0,auto:SEARCHING,+0.000,+0.000,+0.057,-0.400,1100,0,
1785511620.2696,2026-07-31T11:27:00.269,78.917,795,,,,0,,,,1.8097,120.61,1.7281,-4919.39,1,20.0,auto:SEARCHING,+0.000,+0.000,+0.031,-0.400,1100,0,
1785511620.3695,2026-07-31T11:27:00.369,79.017,796,,,,0,,,,1.8023,124.42,1.7208,-4915.58,1,20.0,auto:SEARCHING,+0.000,+0.000,-0.008,-0.400,1100,0,
1785511620.4690,2026-07-31T11:27:00.469,79.116,797,,,,0,,,,1.8024,128.25,1.7208,-4911.75,1,20.0,auto:SEARCHING,+0.000,+0.000,-0.028,-0.400,1100,0,
1785511620.5693,2026-07-31T11:27:00.569,79.217,798,,,,0,,,,1.7990,130.18,1.7174,-4909.82,1,20.0,auto:SEARCHING,+0.000,+0.000,+0.000,-0.400,1100,0,
1785511620.6685,2026-07-31T11:27:00.668,79.316,799,,,,0,,,,1.7956,134.00,1.7140,-4906.00,1,20.0,auto:SEARCHING,+0.000,+0.000,+0.000,-0.400,1100,0,
1785511620.7694,2026-07-31T11:27:00.769,79.417,800,,,,0,,,,1.7911,135.90,1.7095,-4904.10,1,20.0,auto:SEARCHING,+0.000,+0.000,+0.000,-0.400,1100,0,
1785511620.8692,2026-07-31T11:27:00.869,79.516,801,,,,0,,,,1.7911,139.69,1.7096,-4900.31,1,20.0,auto:SEARCHING,+0.000,+0.000,+0.000,-0.400,1100,0,
1785511620.9688,2026-07-31T11:27:00.968,79.616,802,,,,0,,,,1.7869,143.45,1.7053,-4896.55,1,20.0,auto:SEARCHING,+0.000,+0.000,+0.000,-0.400,1100,0,
1785511621.0677,2026-07-31T11:27:01.067,79.715,803,,,,0,,,,1.7858,145.33,1.7043,-4894.67,1,20.0,auto:SEARCHING,+0.000,+0.000,+0.000,-0.400,1100,0,
1785511621.1667,2026-07-31T11:27:01.166,79.814,804,,,,0,,,,1.7826,149.08,1.7011,-4890.92,1,20.0,auto:SEARCHING,+0.000,+0.000,+0.000,-0.400,1100,0,
1785511621.2658,2026-07-31T11:27:01.265,79.913,805,,,,0,,,,1.7849,150.96,1.7034,-4889.04,1,20.0,auto:SEARCHING,+0.000,+0.000,+0.000,-0.400,1100,0,
1785511621.3654,2026-07-31T11:27:01.365,80.013,806,,,,0,,,,1.7824,154.71,1.7008,-4885.29,1,20.0,auto:SEARCHING,+0.000,+0.000,+0.000,-0.400,1100,0,
1785511621.4637,2026-07-31T11:27:01.463,80.111,807,,,,0,,,,1.7826,158.46,1.7010,-4881.54,1,20.0,auto:SEARCHING,+0.000,+0.000,+0.000,-0.400,1100,0,
1785511621.5629,2026-07-31T11:27:01.562,80.210,808,,,,0,,,,1.7740,160.35,1.6925,-4879.65,1,20.0,auto:SEARCHING,+0.000,+0.000,+0.000,-0.400,1100,0,
1785511621.6618,2026-07-31T11:27:01.661,80.309,809,,,,0,,,,1.7715,164.16,1.6899,-4875.84,1,20.0,auto:SEARCHING,+0.000,+0.000,+0.000,-0.400,1100,0,
1785511621.7606,2026-07-31T11:27:01.760,80.408,810,,,,0,,,,1.7737,166.05,1.6921,-4873.95,1,20.0,auto:SEARCHING,+0.000,+0.000,+0.000,-0.400,1100,0,
1785511621.8603,2026-07-31T11:27:01.860,80.508,811,,,,0,,,,1.7724,169.86,1.6908,-4870.14,1,20.0,auto:SEARCHING,+0.000,+0.000,+0.000,-0.400,1100,0,
1785511621.9597,2026-07-31T11:27:01.959,80.607,812,,,,0,,,,1.7723,173.66,1.6908,-4866.34,1,20.0,auto:SEARCHING,+0.000,+0.000,+0.000,-0.400,1100,0,
1785511622.0589,2026-07-31T11:27:02.058,80.706,813,,,,0,,,,1.7653,175.55,1.6837,-4864.45,1,20.0,auto:SEARCHING,+0.000,+0.000,+0.000,-0.400,1100,0,
1785511622.1577,2026-07-31T11:27:02.157,80.805,814,,,,0,,,,1.7638,179.36,1.6822,-4860.64,1,20.0,auto:SEARCHING,+0.000,+0.000,+0.000,-0.400,1100,0,
1785511622.2580,2026-07-31T11:27:02.258,80.905,815,,,,0,,,,1.7663,-178.75,1.6847,-4858.75,1,20.0,auto:SEARCHING,+0.000,+0.000,+0.000,-0.400,1100,0,
1785511622.3580,2026-07-31T11:27:02.358,81.005,816,,,,0,,,,1.7608,-174.96,1.6793,-4854.96,1,20.0,auto:SEARCHING,+0.000,+0.000,+0.003,-0.400,1100,0,
1785511622.4564,2026-07-31T11:27:02.456,81.104,817,,,,0,,,,1.7542,-171.16,1.6726,-4851.16,1,20.0,auto:SEARCHING,+0.000,+0.000,+0.032,-0.400,1100,0,
1785511622.5557,2026-07-31T11:27:02.555,81.203,818,,,,0,,,,1.7539,-169.25,1.6724,-4849.25,1,20.0,auto:SEARCHING,+0.000,+0.000,+0.060,-0.400,1100,0,
1785511622.6564,2026-07-31T11:27:02.656,81.304,819,,,,0,,,,1.7514,-165.47,1.6698,-4845.47,1,20.0,auto:SEARCHING,+0.000,+0.000,+0.089,-0.400,1100,0,
1785511622.7563,2026-07-31T11:27:02.756,81.404,820,,,,0,,,,1.7526,-163.58,1.6710,-4843.58,1,20.0,auto:SEARCHING,+0.000,+0.000,+0.120,-0.400,1100,0,
1785511622.8548,2026-07-31T11:27:02.854,81.502,821,,,,0,,,,1.7512,-159.79,1.6696,-4839.79,1,20.0,auto:SEARCHING,+0.000,+0.000,+0.141,-0.400,1100,0,
1785511622.9539,2026-07-31T11:27:02.953,81.601,822,,,,0,,,,1.7453,-155.98,1.6638,-4835.98,1,20.0,auto:SEARCHING,+0.000,+0.000,+0.161,-0.400,1100,0,
1785511623.0529,2026-07-31T11:27:03.052,81.700,823,,,,0,,,,1.7415,-154.04,1.6599,-4834.04,1,20.0,auto:SEARCHING,+0.000,+0.000,+0.176,-0.400,1100,0,
1785511623.1518,2026-07-31T11:27:03.151,81.799,824,,,,0,,,,1.7404,-150.22,1.6588,-4830.22,1,20.0,auto:SEARCHING,+0.000,+0.000,+0.188,-0.400,1100,0,
1785511623.2514,2026-07-31T11:27:03.251,81.899,825,,,,0,,,,1.7393,-148.34,1.6578,-4828.34,1,20.0,auto:SEARCHING,+0.000,+0.000,+0.198,-0.400,1100,0,
1785511623.3498,2026-07-31T11:27:03.349,81.997,826,,,,0,,,,1.7330,-144.55,1.6515,-4824.55,1,20.0,auto:SEARCHING,+0.000,+0.000,+0.200,-0.400,1100,0,
1785511623.4494,2026-07-31T11:27:03.449,82.097,827,,,,0,,,,1.7328,-140.76,1.6513,-4820.76,1,20.0,auto:SEARCHING,+0.000,+0.000,+0.198,-0.400,1100,0,
1785511623.5482,2026-07-31T11:27:03.548,82.195,828,,,,0,,,,1.7300,-138.86,1.6484,-4818.86,1,20.0,auto:SEARCHING,+0.000,+0.000,+0.192,-0.400,1100,0,
1785511623.6480,2026-07-31T11:27:03.647,82.295,829,,,,0,,,,1.7220,-135.06,1.6405,-4815.06,1,20.0,auto:SEARCHING,+0.000,+0.000,+0.178,-0.400,1100,0,
1785511623.7470,2026-07-31T11:27:03.746,82.394,830,,,,0,,,,1.7218,-133.15,1.6403,-4813.15,1,20.0,auto:SEARCHING,+0.000,+0.000,+0.163,-0.400,1100,0,
1785511623.8464,2026-07-31T11:27:03.846,82.494,831,,,,0,,,,1.7178,-129.36,1.6362,-4809.36,1,20.0,auto:SEARCHING,+0.000,+0.000,+0.143,-0.400,1100,0,
1785511623.9454,2026-07-31T11:27:03.945,82.593,832,,,,0,,,,1.7204,-127.46,1.6389,-4807.46,1,20.0,auto:SEARCHING,+0.000,+0.000,+0.120,-0.400,1100,0,
1785511624.0451,2026-07-31T11:27:04.045,82.692,833,,,,0,,,,1.7187,-123.70,1.6371,-4803.70,1,20.0,auto:SEARCHING,+0.000,+0.000,+0.095,-0.400,1100,0,
1785511624.1453,2026-07-31T11:27:04.145,82.793,834,,,,0,,,,1.7133,-119.97,1.6317,-4799.97,1,20.0,auto:SEARCHING,+0.000,+0.000,+0.069,-0.400,1100,0,
1785511624.2442,2026-07-31T11:27:04.244,82.891,835,,,,0,,,,1.7112,-118.10,1.6296,-4798.10,1,20.0,auto:SEARCHING,+0.000,+0.000,+0.033,-0.400,1100,0,
1785511624.3432,2026-07-31T11:27:04.343,82.990,836,,,,0,,,,1.7045,-114.37,1.6230,-4794.37,1,20.0,auto:SEARCHING,+0.000,+0.000,+0.003,-0.400,1100,0,
1785511624.4424,2026-07-31T11:27:04.442,83.090,837,,,,0,,,,1.7001,-112.53,1.6186,-4792.53,1,20.0,auto:SEARCHING,+0.000,+0.000,+0.000,-0.400,1100,0,
1785511624.5425,2026-07-31T11:27:04.542,83.190,838,,,,0,,,,1.6970,-110.21,1.6155,-4790.21,1,20.0,auto:SEARCHING,+0.000,+0.000,+0.000,-0.400,1100,0,
1785511624.6416,2026-07-31T11:27:04.641,83.289,839,,,,0,,,,1.6952,-108.44,1.6136,-4788.44,1,20.0,auto:SEARCHING,+0.000,+0.000,+0.000,-0.400,1100,0,
1785511624.7410,2026-07-31T11:27:04.741,83.388,840,,,,0,,,,1.6910,-107.33,1.6094,-4787.33,1,20.0,auto:SEARCHING,+0.000,+0.000,+0.000,-0.400,1100,0,
1785511624.8407,2026-07-31T11:27:04.840,83.488,841,,,,0,,,,1.6876,-104.81,1.6060,-4784.81,1,20.0,auto:SEARCHING,+0.000,+0.000,+0.000,-0.400,1100,0,
1785511624.9398,2026-07-31T11:27:04.939,83.587,842,,,,0,,,,1.6934,-103.44,1.6119,-4783.44,1,20.0,auto:SEARCHING,+0.000,+0.000,+0.000,-0.400,1100,0,
1785511625.0397,2026-07-31T11:27:05.039,83.687,843,,,,0,,,,1.6839,-101.23,1.6023,-4781.23,1,20.0,auto:SEARCHING,+0.000,+0.000,+0.000,-0.400,1100,0,
1785511625.1405,2026-07-31T11:27:05.140,83.788,844,,,,0,,,,1.6846,-98.83,1.6030,-4778.83,1,20.0,auto:SEARCHING,+0.000,+0.000,+0.000,-0.400,1100,0,
1785511625.2405,2026-07-31T11:27:05.240,83.888,845,,,,0,,,,1.6819,-97.52,1.6004,-4777.52,1,20.0,auto:SEARCHING,+0.000,+0.000,+0.000,-0.400,1100,0,
1785511625.3402,2026-07-31T11:27:05.340,83.987,846,,,,0,,,,1.6830,-94.79,1.6014,-4774.79,1,20.0,auto:SEARCHING,+0.000,+0.000,+0.000,-0.400,1100,0,
1785511625.4390,2026-07-31T11:27:05.439,84.086,847,,,,0,,,,1.6824,-93.35,1.6008,-4773.35,1,20.0,auto:SEARCHING,+0.000,+0.000,+0.000,-0.400,1100,0,
1785511625.5388,2026-07-31T11:27:05.538,84.186,848,,,,0,,,,1.6839,-90.38,1.6023,-4770.38,1,20.0,auto:SEARCHING,+0.000,+0.000,+0.000,-0.400,1100,0,
1785511625.6384,2026-07-31T11:27:05.638,84.286,849,,,,0,,,,1.6782,-87.25,1.5966,-4767.25,1,20.0,auto:SEARCHING,+0.000,+0.000,+0.000,-0.400,1100,0,
1785511625.7368,2026-07-31T11:27:05.736,84.384,850,,,,0,,,,1.6789,-85.67,1.5973,-4765.67,1,20.0,auto:SEARCHING,+0.000,+0.000,+0.000,-0.400,1100,0,
1785511625.8363,2026-07-31T11:27:05.836,84.484,851,,,,0,,,,1.6784,-82.44,1.5968,-4762.44,1,20.0,auto:SEARCHING,+0.000,+0.000,+0.000,-0.400,1100,0,
1785511625.9351,2026-07-31T11:27:05.935,84.582,852,,,,0,,,,1.6785,-80.82,1.5969,-4760.82,1,20.0,auto:SEARCHING,+0.000,+0.000,+0.000,-0.400,1100,0,
1785511626.0340,2026-07-31T11:27:06.033,84.681,853,,,,0,,,,1.6727,-77.53,1.5911,-4757.53,1,20.0,auto:SEARCHING,+0.000,+0.000,+0.000,-0.400,1100,0,
1785511626.1335,2026-07-31T11:27:06.133,84.781,854,,,,0,,,,1.6670,-74.18,1.5854,-4754.18,1,20.0,auto:SEARCHING,+0.000,+0.000,+0.000,-0.400,1100,0,
1785511626.2327,2026-07-31T11:27:06.232,84.880,855,,,,0,,,,1.6657,-72.49,1.5842,-4752.49,1,20.0,auto:SEARCHING,+0.000,+0.000,+0.000,-0.400,1100,0,
1785511626.3327,2026-07-31T11:27:06.332,84.980,856,,,,0,,,,1.6624,-69.06,1.5808,-4749.06,1,20.0,auto:SEARCHING,+0.000,+0.000,+0.000,-0.400,1100,0,
1785511626.4340,2026-07-31T11:27:06.433,85.081,857,,,,0,,,,1.6603,-67.34,1.5788,-4747.34,1,20.0,auto:SEARCHING,+0.000,+0.000,+0.028,-0.400,1100,0,
1785511626.5327,2026-07-31T11:27:06.532,85.180,858,,,,0,,,,1.6536,-63.90,1.5720,-4743.90,1,20.0,auto:SEARCHING,+0.000,+0.000,+0.057,-0.400,1100,0,
1785511626.6324,2026-07-31T11:27:06.632,85.280,859,,,,0,,,,1.6504,-60.45,1.5688,-4740.45,1,20.0,auto:SEARCHING,+0.000,+0.000,+0.085,-0.400,1100,0,
1785511626.7308,2026-07-31T11:27:06.730,85.378,860,,,,0,,,,1.6490,-58.70,1.5675,-4738.70,1,20.0,auto:SEARCHING,+0.000,+0.000,+0.110,-0.400,1100,0,
1785511626.8317,2026-07-31T11:27:06.831,85.479,861,,,,0,,,,1.6428,-55.25,1.5613,-4735.25,1,20.0,auto:SEARCHING,+0.000,+0.000,+0.134,-0.400,1100,0,
1785511626.9322,2026-07-31T11:27:06.932,85.579,862,,,,0,,,,1.6445,-53.48,1.5629,-4733.48,1,20.0,auto:SEARCHING,+0.000,+0.000,+0.160,-0.400,1100,0,
1785511627.0318,2026-07-31T11:27:07.031,85.679,863,,,,0,,,,1.6382,-50.02,1.5566,-4730.02,1,20.0,auto:SEARCHING,+0.000,+0.000,+0.175,-0.400,1100,0,
1785511627.1313,2026-07-31T11:27:07.131,85.779,864,,,,0,,,,1.6364,-46.53,1.5548,-4726.53,1,20.0,auto:SEARCHING,+0.000,+0.000,+0.188,-0.400,1100,0,
1785511627.2299,2026-07-31T11:27:07.229,85.877,865,,,,0,,,,1.6324,-44.78,1.5508,-4724.78,1,20.0,auto:SEARCHING,+0.000,+0.000,+0.196,-0.400,1100,0,
1785511627.3292,2026-07-31T11:27:07.329,85.976,866,,,,0,,,,1.6306,-41.16,1.5491,-4721.16,1,20.0,auto:SEARCHING,+0.000,+0.000,+0.200,-0.400,1100,0,
1785511627.4280,2026-07-31T11:27:07.427,86.075,867,,,,0,,,,1.6276,-39.37,1.5461,-4719.37,1,20.0,auto:SEARCHING,+0.000,+0.000,+0.199,-0.400,1100,0,
1785511627.5274,2026-07-31T11:27:07.527,86.175,868,,,,0,,,,1.6255,-35.79,1.5440,-4715.79,1,20.0,auto:SEARCHING,+0.000,+0.000,+0.192,-0.400,1100,0,
1785511627.6258,2026-07-31T11:27:07.625,86.273,869,,,,0,,,,1.6219,-34.01,1.5404,-4714.01,1,20.0,auto:SEARCHING,+0.000,+0.000,+0.182,-0.400,1100,0,
1785511627.7250,2026-07-31T11:27:07.724,86.372,870,,,,0,,,,1.6209,-30.39,1.5394,-4710.39,1,20.0,auto:SEARCHING,+0.000,+0.000,+0.169,-0.400,1100,0,
1785511627.8243,2026-07-31T11:27:07.824,86.472,871,,,,0,,,,1.6175,-28.59,1.5359,-4708.59,1,20.0,auto:SEARCHING,+0.000,+0.000,+0.152,-0.400,1100,0,
1785511627.9232,2026-07-31T11:27:07.923,86.570,872,,,,0,,,,1.6130,-24.82,1.5314,-4704.82,1,20.0,auto:SEARCHING,+0.000,+0.000,+0.124,-0.400,1100,0,
1785511628.0225,2026-07-31T11:27:08.022,86.670,873,,,,0,,,,1.6061,-21.17,1.5246,-4701.17,1,20.0,auto:SEARCHING,+0.000,+0.000,+0.099,-0.400,1100,0,
1785511628.1237,2026-07-31T11:27:08.123,86.771,874,,,,0,,,,1.6060,-19.35,1.5244,-4699.35,1,20.0,auto:SEARCHING,+0.000,+0.000,+0.073,-0.400,1100,0,
1785511628.2224,2026-07-31T11:27:08.222,86.870,875,,,,0,,,,1.6001,-15.70,1.5185,-4695.70,1,20.0,auto:SEARCHING,+0.000,+0.000,+0.044,-0.400,1100,0,
1785511628.3230,2026-07-31T11:27:08.323,86.970,876,,,,0,,,,1.5979,-12.07,1.5163,-4692.07,1,20.0,auto:SEARCHING,+0.000,+0.000,+0.007,-0.400,1100,0,
1785511628.4209,2026-07-31T11:27:08.420,87.068,877,,,,0,,,,1.5950,-10.22,1.5134,-4690.22,1,20.0,auto:RESET,+0.000,+0.000,+0.000,+0.000,1100,0,
1785511628.5204,2026-07-31T11:27:08.520,87.168,878,,,,0,,,,1.5922,-6.69,1.5106,-4686.69,1,20.0,auto:RESET,+0.000,+0.000,+0.000,+0.000,1100,0,
1785511628.6194,2026-07-31T11:27:08.619,87.267,879,,,,0,,,,1.5903,-5.28,1.5087,-4685.28,1,20.0,auto:RESET,+0.000,+0.000,+0.000,+0.000,1100,0,
1785511628.7185,2026-07-31T11:27:08.718,87.366,880,,,,0,,,,1.5799,-3.03,1.4983,-4683.03,1,20.0,auto:RESET,+0.000,+0.000,+0.000,+0.000,1100,0,
1785511628.8175,2026-07-31T11:27:08.817,87.465,881,,,,0,,,,1.5831,-2.10,1.5015,-4682.10,1,20.0,auto:RESET,+0.000,+0.000,+0.000,+0.000,1100,0,
1785511628.9177,2026-07-31T11:27:08.917,87.565,882,,,,0,,,,1.5768,-0.51,1.4953,-4680.51,1,20.0,auto:RESET,+0.000,+0.000,+0.000,+0.000,1100,0,
1785511629.0187,2026-07-31T11:27:09.018,87.666,883,,,,0,,,,1.5708,0.83,1.4893,-4679.17,1,20.0,auto:RESET,+0.000,+0.000,+0.000,+0.000,1100,0,
1785511629.1174,2026-07-31T11:27:09.117,87.765,884,,,,0,,,,1.5685,1.44,1.4869,-4678.56,1,20.0,auto:RESET,+0.000,+0.000,+0.000,+0.000,1100,0,
1785511629.2161,2026-07-31T11:27:09.216,87.863,885,,,,0,,,,1.5649,2.55,1.4834,-4677.45,1,20.0,auto:RESET,+0.000,+0.000,+0.000,+0.000,1100,0,
1785511629.3154,2026-07-31T11:27:09.315,87.963,886,,,,0,,,,1.5578,3.06,1.4763,-4676.94,1,20.0,auto:RESET,+0.000,+0.000,+0.000,+0.000,1100,0,
1785511629.4146,2026-07-31T11:27:09.414,88.062,887,,,,0,,,,1.5547,4.02,1.4731,-4675.98,1,20.0,auto:RESET,+0.600,+0.000,+0.000,+0.000,1100,0,
1785511629.5147,2026-07-31T11:27:09.514,88.162,888,,,,0,,,,1.5480,4.87,1.4664,-4675.13,1,20.0,auto:RESET,+0.600,+0.000,+0.000,+0.000,1100,0,
1785511629.6134,2026-07-31T11:27:09.613,88.261,889,,,,0,,,,1.5434,5.27,1.4618,-4674.73,1,20.0,auto:RESET,+0.600,+0.000,+0.000,+0.000,1100,0,
1785511629.7130,2026-07-31T11:27:09.712,88.360,890,,,,0,,,,1.5419,5.98,1.4604,-4674.02,1,20.0,auto:RESET,+0.600,+0.000,+0.000,+0.000,1100,0,
1785511629.8120,2026-07-31T11:27:09.812,88.459,891,,,,0,,,,1.5375,6.37,1.4559,-4673.63,1,20.0,auto:RESET,+0.600,+0.000,+0.000,+0.000,1100,0,
1785511629.9111,2026-07-31T11:27:09.911,88.558,892,,,,0,,,,1.5316,7.07,1.4500,-4672.93,1,20.0,auto:RESET,+0.600,+0.000,+0.000,+0.000,1100,0,
1785511630.0101,2026-07-31T11:27:10.010,88.657,893,,,,0,,,,1.5283,7.40,1.4468,-4672.60,1,20.0,auto:RESET,+0.600,+0.000,+0.000,+0.000,1100,0,
1785511630.1090,2026-07-31T11:27:10.108,88.756,894,,,,0,,,,1.5184,8.00,1.4368,-4672.00,1,20.0,auto:RESET,+0.600,+0.000,+0.000,+0.000,1100,0,
1785511630.2082,2026-07-31T11:27:10.208,88.855,895,,,,0,,,,1.5187,8.50,1.4371,-4671.50,1,20.0,auto:RESET,+0.600,+0.000,+0.000,+0.000,1100,0,
1785511630.3085,2026-07-31T11:27:10.308,88.956,896,,,,0,,,,1.5182,8.67,1.4366,-4671.33,1,20.0,auto:RESET,+0.600,+0.000,+0.000,+0.000,1100,0,
1785511630.4078,2026-07-31T11:27:10.407,89.055,897,,,,0,,,,1.5141,8.94,1.4325,-4671.06,1,20.0,auto:RESET,+0.000,+0.000,+0.000,-0.800,1100,0,
1785511630.5077,2026-07-31T11:27:10.507,89.155,898,,,,0,,,,1.5093,9.06,1.4277,-4670.94,1,20.0,auto:RESET,+0.000,+0.000,+0.000,-0.800,1100,0,
1785511630.6059,2026-07-31T11:27:10.605,89.253,899,,,,0,,,,1.5039,12.31,1.4223,-4667.69,1,20.0,auto:RESET,+0.000,+0.000,+0.000,-0.800,1100,0,
1785511630.7056,2026-07-31T11:27:10.705,89.353,900,,,,0,,,,1.5023,19.17,1.4208,-4660.83,1,20.0,auto:RESET,+0.000,+0.000,+0.000,-0.800,1100,0,
1785511630.8057,2026-07-31T11:27:10.805,89.453,901,,,,0,,,,1.4989,23.15,1.4173,-4656.85,1,20.0,auto:RESET,+0.000,+0.000,-0.800,-0.800,1100,0,
1785511630.9058,2026-07-31T11:27:10.905,89.553,902,,,,0,,,,1.4963,31.75,1.4147,-4648.25,1,20.0,auto:RESET,+0.000,+0.000,-0.800,-0.800,1100,0,
1785511631.0068,2026-07-31T11:27:11.006,89.654,903,,,,0,,,,1.4941,36.29,1.4125,-4643.71,1,20.0,auto:RESET,+0.000,+0.000,-0.800,-0.800,1100,0,
1785511631.1076,2026-07-31T11:27:11.107,89.755,904,,,,0,,,,1.4852,45.49,1.4037,-4634.51,1,20.0,auto:RESET,+0.000,+0.000,-0.800,-0.800,1100,0,
1785511631.2064,2026-07-31T11:27:11.206,89.854,905,,,,0,,,,1.4766,54.65,1.3951,-4625.35,1,20.0,auto:RESET,+0.000,+0.000,-0.800,-0.800,1100,0,
1785511631.3066,2026-07-31T11:27:11.306,89.954,906,,,,0,,,,1.4760,59.19,1.3944,-4620.81,1,20.0,auto:RESET,+0.000,+0.000,-0.800,-0.800,1100,0,
1785511631.4055,2026-07-31T11:27:11.405,90.053,907,,,,0,,,,1.4848,67.94,1.4032,-4612.06,1,20.0,auto:SEARCHING,+0.000,+0.000,-0.800,+0.000,1100,0,
1785511631.5043,2026-07-31T11:27:11.504,90.152,908,,,,0,,,,1.4831,72.20,1.4015,-4607.80,1,20.0,auto:SEARCHING,+0.000,+0.000,-0.800,-0.400,1100,0,
1785511631.6038,2026-07-31T11:27:11.603,90.251,909,,,,0,,,,1.4888,77.31,1.4073,-4602.69,1,20.0,auto:SEARCHING,+0.000,+0.000,-0.800,-0.400,1100,0,
1785511631.7031,2026-07-31T11:27:11.703,90.350,910,,,,0,,,,1.5009,79.91,1.4193,-4600.09,1,20.0,auto:SEARCHING,+0.000,+0.000,-0.800,-0.400,1100,0,
1785511631.8024,2026-07-31T11:27:11.802,90.450,911,,,,0,,,,1.5038,80.82,1.4222,-4599.18,1,20.0,auto:SEARCHING,+0.000,+0.000,+0.000,-0.400,1100,0,
1785511631.9017,2026-07-31T11:27:11.901,90.549,912,,,,0,,,,1.5143,82.83,1.4328,-4597.17,1,20.0,auto:SEARCHING,+0.000,+0.000,+0.000,-0.400,1100,0,
1785511632.0001,2026-07-31T11:27:12.000,90.647,913,,,,0,,,,1.5191,83.99,1.4375,-4596.01,1,20.0,auto:SEARCHING,+0.000,+0.000,+0.000,-0.400,1100,0,
1785511632.1000,2026-07-31T11:27:12.099,90.747,914,,,,0,,,,1.5320,86.44,1.4504,-4593.56,1,20.0,auto:SEARCHING,+0.000,+0.000,+0.000,-0.400,1100,0,
1785511632.1991,2026-07-31T11:27:12.199,90.846,915,,,,0,,,,1.5384,88.93,1.4568,-4591.07,1,20.0,auto:SEARCHING,+0.000,+0.000,+0.000,-0.400,1100,0,
1785511632.2987,2026-07-31T11:27:12.298,90.946,916,,,,0,,,,1.5392,90.17,1.4577,-4589.83,1,20.0,auto:SEARCHING,+0.000,+0.000,+0.000,-0.400,1100,0,
1785511632.3976,2026-07-31T11:27:12.397,91.045,917,,,,0,,,,1.5431,92.65,1.4615,-4587.35,1,20.0,auto:SEARCHING,+0.000,+0.000,+0.000,-0.400,1100,0,
1785511632.4960,2026-07-31T11:27:12.496,91.143,918,,,,0,,,,1.5473,93.92,1.4657,-4586.08,1,20.0,auto:SEARCHING,+0.000,+0.000,+0.000,-0.400,1100,0,
1785511632.5954,2026-07-31T11:27:12.595,91.243,919,,,,0,,,,1.5518,96.49,1.4703,-4583.51,1,20.0,auto:SEARCHING,+0.000,+0.000,+0.000,-0.400,1100,0,
1785511632.6944,2026-07-31T11:27:12.694,91.342,920,,,,0,,,,1.5563,97.82,1.4747,-4582.18,1,20.0,auto:SEARCHING,+0.000,+0.000,+0.000,-0.400,1100,0,
1785511632.7938,2026-07-31T11:27:12.793,91.441,921,,,,0,,,,1.5544,100.53,1.4728,-4579.47,1,20.0,auto:SEARCHING,+0.000,+0.000,+0.000,-0.400,1100,0,
1785511632.8937,2026-07-31T11:27:12.893,91.541,922,,,,0,,,,1.5601,101.92,1.4786,-4578.08,1,20.0,auto:SEARCHING,+0.000,+0.000,+0.000,-0.400,1100,0,
1785511632.9926,2026-07-31T11:27:12.992,91.640,923,,,,0,,,,1.5595,104.77,1.4779,-4575.23,1,20.0,auto:SEARCHING,+0.000,+0.000,+0.000,-0.400,1100,0,
1785511633.0917,2026-07-31T11:27:13.091,91.739,924,,,,0,,,,1.5575,107.72,1.4760,-4572.28,1,20.0,auto:SEARCHING,+0.000,+0.000,+0.000,-0.400,1100,0,
1785511633.1900,2026-07-31T11:27:13.189,91.837,925,,,,0,,,,1.5542,109.23,1.4726,-4570.77,1,20.0,auto:SEARCHING,+0.000,+0.000,+0.000,-0.400,1100,0,
1785511633.2893,2026-07-31T11:27:13.289,91.937,926,,,,0,,,,1.5535,112.33,1.4719,-4567.67,1,20.0,auto:SEARCHING,+0.000,+0.000,+0.000,-0.400,1100,0,
1785511633.3888,2026-07-31T11:27:13.388,92.036,927,,,,0,,,,1.5604,113.91,1.4788,-4566.09,1,20.0,auto:SEARCHING,+0.000,+0.000,+0.004,-0.400,1100,0,
1785511633.4863,2026-07-31T11:27:13.486,92.134,928,,,,0,,,,1.5530,117.17,1.4714,-4562.83,1,20.0,auto:SEARCHING,+0.000,+0.000,+0.035,-0.400,1100,0,
1785511633.5855,2026-07-31T11:27:13.585,92.233,929,,,,0,,,,1.5514,120.54,1.4698,-4559.46,1,20.0,auto:SEARCHING,+0.000,+0.000,+0.072,-0.400,1100,0,
1785511633.6846,2026-07-31T11:27:13.684,92.332,930,,,,0,,,,1.5571,122.24,1.4755,-4557.76,1,20.0,auto:SEARCHING,+0.000,+0.000,+0.098,-0.400,1100,0,
1785511633.7847,2026-07-31T11:27:13.784,92.432,931,,,,0,,,,1.5474,125.66,1.4659,-4554.34,1,20.0,auto:SEARCHING,+0.000,+0.000,+0.124,-0.400,1100,0,
1785511633.8834,2026-07-31T11:27:13.883,92.531,932,,,,0,,,,1.5532,127.36,1.4716,-4552.64,1,20.0,auto:SEARCHING,+0.000,+0.000,+0.143,-0.400,1100,0,
1785511633.9828,2026-07-31T11:27:13.982,92.630,933,,,,0,,,,1.5476,130.76,1.4660,-4549.24,1,20.0,auto:SEARCHING,+0.000,+0.000,+0.168,-0.400,1100,0,
1785511634.0813,2026-07-31T11:27:14.081,92.729,934,,,,0,,,,1.5462,134.19,1.4647,-4545.81,1,20.0,auto:SEARCHING,+0.000,+0.000,+0.182,-0.400,1100,0,
1785511634.1806,2026-07-31T11:27:14.180,92.828,935,,,,0,,,,1.5482,135.89,1.4667,-4544.11,1,20.0,auto:SEARCHING,+0.000,+0.000,+0.192,-0.400,1100,0,
1785511634.2791,2026-07-31T11:27:14.279,92.926,936,,,,0,,,,1.5499,139.31,1.4684,-4540.69,1,20.0,auto:SEARCHING,+0.000,+0.000,+0.198,-0.400,1100,0,
1785511634.3783,2026-07-31T11:27:14.378,93.026,937,,,,0,,,,1.5515,141.03,1.4700,-4538.97,1,20.0,auto:SEARCHING,+0.000,+0.000,+0.200,-0.400,1100,0,
1785511634.4787,2026-07-31T11:27:14.478,93.126,938,,,,0,,,,1.5472,144.49,1.4656,-4535.51,1,20.0,auto:SEARCHING,+0.000,+0.000,+0.198,-0.400,1100,0,
1785511634.5771,2026-07-31T11:27:14.577,93.224,939,,,,0,,,,1.5475,147.93,1.4659,-4532.07,1,20.0,auto:SEARCHING,+0.000,+0.000,+0.188,-0.400,1100,0,
1785511634.6765,2026-07-31T11:27:14.676,93.324,940,,,,0,,,,1.5444,149.65,1.4628,-4530.35,1,20.0,auto:SEARCHING,+0.000,+0.000,+0.176,-0.400,1100,0,
1785511634.7757,2026-07-31T11:27:14.775,93.423,941,,,,0,,,,1.5488,153.11,1.4673,-4526.89,1,20.0,auto:SEARCHING,+0.000,+0.000,+0.160,-0.400,1100,0,
1785511634.8746,2026-07-31T11:27:14.874,93.522,942,,,,0,,,,1.5413,154.85,1.4597,-4525.15,1,20.0,auto:SEARCHING,+0.000,+0.000,+0.140,-0.400,1100,0,
1785511634.9737,2026-07-31T11:27:14.973,93.621,943,,,,0,,,,1.5434,158.34,1.4619,-4521.66,1,20.0,auto:SEARCHING,+0.000,+0.000,+0.118,-0.400,1100,0,
1785511635.0721,2026-07-31T11:27:15.072,93.719,944,,,,0,,,,1.5399,161.83,1.4583,-4518.17,1,20.0,auto:SEARCHING,+0.000,+0.000,+0.086,-0.400,1100,0,
1785511635.1710,2026-07-31T11:27:15.171,93.818,945,,,,0,,,,1.5442,163.58,1.4627,-4516.42,1,20.0,auto:SEARCHING,+0.000,+0.000,+0.057,-0.400,1100,0,
1785511635.2712,2026-07-31T11:27:15.271,93.918,946,,,,0,,,,1.5426,167.11,1.4610,-4512.89,1,20.0,auto:SEARCHING,+0.000,+0.000,+0.031,-0.400,1100,0,
1785511635.3703,2026-07-31T11:27:15.370,94.018,947,,,,0,,,,1.5383,168.90,1.4567,-4511.10,1,20.0,auto:SEARCHING,+0.000,+0.000,+0.002,-0.400,1100,0,
1785511635.4698,2026-07-31T11:27:15.469,94.117,948,,,,0,,,,1.5385,172.44,1.4569,-4507.56,1,20.0,auto:SEARCHING,+0.000,+0.000,+0.000,-0.400,1100,0,
1785511635.5687,2026-07-31T11:27:15.568,94.216,949,,,,0,,,,1.5343,174.20,1.4528,-4505.80,1,20.0,auto:SEARCHING,+0.000,+0.000,+0.000,-0.400,1100,0,
1785511635.6689,2026-07-31T11:27:15.668,94.316,950,,,,0,,,,1.5376,177.72,1.4561,-4502.28,1,20.0,auto:SEARCHING,+0.000,+0.000,+0.000,-0.400,1100,0,
1785511635.7699,2026-07-31T11:27:15.769,94.417,951,,,,0,,,,1.5349,-178.76,1.4534,-4498.76,1,20.0,auto:SEARCHING,+0.000,+0.000,+0.000,-0.400,1100,0,
1785511635.8699,2026-07-31T11:27:15.869,94.517,952,,,,0,,,,1.5304,-177.00,1.4488,-4497.00,1,20.0,auto:SEARCHING,+0.000,+0.000,+0.000,-0.400,1100,0,
1785511635.9698,2026-07-31T11:27:15.969,94.617,953,,,,0,,,,1.5325,-173.47,1.4509,-4493.47,1,20.0,auto:SEARCHING,+0.000,+0.000,+0.000,-0.400,1100,0,
1785511636.0681,2026-07-31T11:27:16.068,94.715,954,,,,0,,,,1.5273,-171.70,1.4457,-4491.70,1,20.0,auto:SEARCHING,+0.000,+0.000,+0.000,-0.400,1100,0,
1785511636.1671,2026-07-31T11:27:16.167,94.814,955,,,,0,,,,1.5269,-168.14,1.4453,-4488.14,1,20.0,auto:SEARCHING,+0.000,+0.000,+0.000,-0.400,1100,0,
1785511636.2676,2026-07-31T11:27:16.267,94.915,956,,,,0,,,,1.5243,-166.36,1.4427,-4486.36,1,20.0,auto:SEARCHING,+0.000,+0.000,+0.000,-0.400,1100,0,
1785511636.3661,2026-07-31T11:27:16.366,95.013,957,,,,0,,,,1.5226,-162.80,1.4411,-4482.80,1,20.0,auto:SEARCHING,+0.000,+0.000,+0.000,-0.400,1100,0,
1785511636.4665,2026-07-31T11:27:16.466,95.114,958,,,,0,,,,1.5205,-159.25,1.4389,-4479.25,1,20.0,auto:SEARCHING,+0.000,+0.000,+0.000,-0.400,1100,0,
1785511636.5656,2026-07-31T11:27:16.565,95.213,959,,,,0,,,,1.5155,-157.48,1.4340,-4477.48,1,20.0,auto:SEARCHING,+0.000,+0.000,+0.000,-0.400,1100,0,
1785511636.6646,2026-07-31T11:27:16.664,95.312,960,,,,0,,,,1.5137,-153.93,1.4322,-4473.93,1,20.0,auto:SEARCHING,+0.000,+0.000,+0.000,-0.400,1100,0,
1785511636.7640,2026-07-31T11:27:16.763,95.411,961,,,,0,,,,1.5133,-152.12,1.4317,-4472.12,1,20.0,auto:SEARCHING,+0.000,+0.000,+0.000,-0.400,1100,0,
1785511636.8646,2026-07-31T11:27:16.864,95.512,962,,,,0,,,,1.5096,-148.57,1.4281,-4468.57,1,20.0,auto:SEARCHING,+0.000,+0.000,+0.000,-0.400,1100,0,
1785511636.9638,2026-07-31T11:27:16.963,95.611,963,,,,0,,,,1.5097,-145.00,1.4282,-4465.00,1,20.0,auto:SEARCHING,+0.000,+0.000,+0.000,-0.400,1100,0,
1785511637.0627,2026-07-31T11:27:17.062,95.710,964,,,,0,,,,1.5069,-143.22,1.4254,-4463.22,1,20.0,auto:SEARCHING,+0.000,+0.000,+0.000,-0.400,1100,0,
1785511637.1616,2026-07-31T11:27:17.161,95.809,965,,,,0,,,,1.5072,-139.65,1.4257,-4459.65,1,20.0,auto:SEARCHING,+0.000,+0.000,+0.000,-0.400,1100,0,
1785511637.2609,2026-07-31T11:27:17.260,95.908,966,,,,0,,,,1.5022,-137.85,1.4207,-4457.85,1,20.0,auto:SEARCHING,+0.000,+0.000,+0.000,-0.400,1100,0,
1785511637.3597,2026-07-31T11:27:17.359,96.007,967,,,,0,,,,1.4971,-134.28,1.4155,-4454.28,1,20.0,auto:SEARCHING,+0.000,+0.000,-0.800,-0.400,1100,0,
1785511637.4579,2026-07-31T11:27:17.457,96.105,968,,,,0,,,,1.4944,-130.68,1.4128,-4450.68,1,20.0,auto:SEARCHING,+0.000,+0.000,-0.800,-0.400,1100,0,
1785511637.5563,2026-07-31T11:27:17.556,96.204,969,,,,0,,,,1.4967,-128.88,1.4151,-4448.88,1,20.0,auto:SEARCHING,+0.000,+0.000,-0.800,-0.400,1100,0,
1785511637.6553,2026-07-31T11:27:17.655,96.303,970,,,,0,,,,1.4904,-125.25,1.4089,-4445.25,1,20.0,auto:SEARCHING,+0.000,+0.000,-0.800,-0.400,1100,0,
1785511637.7542,2026-07-31T11:27:17.754,96.401,971,,,,0,,,,1.4859,-123.45,1.4044,-4443.45,1,20.0,auto:SEARCHING,+0.000,+0.000,-0.800,-0.400,1100,0,
1785511637.8539,2026-07-31T11:27:17.853,96.501,972,,,,0,,,,1.4857,-119.92,1.4042,-4439.92,1,20.0,auto:SEARCHING,+0.000,+0.000,-0.800,-0.400,1100,0,
1785511637.9540,2026-07-31T11:27:17.954,96.601,973,,,,0,,,,1.4870,-116.42,1.4054,-4436.42,1,20.0,auto:SEARCHING,+0.000,+0.000,-0.800,-0.400,1100,0,
1785511638.0560,2026-07-31T11:27:18.055,96.703,974,,,,0,,,,1.4899,-114.70,1.4083,-4434.70,1,20.0,auto:SEARCHING,+0.000,+0.000,-0.800,-0.400,1100,0,
1785511638.1564,2026-07-31T11:27:18.156,96.804,975,,,,0,,,,1.4955,-111.51,1.4139,-4431.51,1,20.0,auto:SEARCHING,+0.000,+0.000,-0.800,-0.400,1100,0,
1785511638.2556,2026-07-31T11:27:18.255,96.903,976,,,,0,,,,1.5024,-108.42,1.4209,-4428.42,1,20.0,auto:SEARCHING,+0.000,+0.000,+0.198,-0.400,1100,0,
1785511638.3550,2026-07-31T11:27:18.354,97.002,977,,,,0,,,,1.5107,-106.90,1.4291,-4426.90,1,20.0,auto:SEARCHING,+0.000,+0.000,+0.200,-0.400,1100,0,
1785511638.4534,2026-07-31T11:27:18.453,97.101,978,,,,0,,,,1.5140,-103.78,1.4324,-4423.78,1,20.0,auto:SEARCHING,+0.000,+0.000,+0.198,-0.400,1100,0,
1785511638.5524,2026-07-31T11:27:18.552,97.200,979,,,,0,,,,1.5182,-102.19,1.4366,-4422.19,1,20.0,auto:SEARCHING,+0.000,+0.000,+0.192,-0.400,1100,0,
1785511638.6514,2026-07-31T11:27:18.651,97.299,980,,,,0,,,,1.5119,-98.93,1.4303,-4418.93,1,20.0,auto:SEARCHING,+0.000,+0.000,+0.182,-0.400,1100,0,
1785511638.7502,2026-07-31T11:27:18.750,97.397,981,,,,0,,,,1.5210,-97.25,1.4394,-4417.25,1,20.0,auto:SEARCHING,+0.000,+0.000,+0.162,-0.400,1100,0,
1785511638.8501,2026-07-31T11:27:18.850,97.497,982,,,,0,,,,1.5197,-93.81,1.4381,-4413.81,1,20.0,auto:SEARCHING,+0.000,+0.000,+0.143,-0.400,1100,0,
1785511638.9493,2026-07-31T11:27:18.949,97.597,983,,,,0,,,,1.5238,-90.28,1.4422,-4410.28,1,20.0,auto:SEARCHING,+0.000,+0.000,+0.122,-0.400,1100,0,
1785511639.0491,2026-07-31T11:27:19.049,97.696,984,,,,0,,,,1.5217,-88.49,1.4402,-4408.49,1,20.0,auto:SEARCHING,+0.000,+0.000,+0.096,-0.400,1100,0,
1785511639.1495,2026-07-31T11:27:19.149,97.797,985,,,,0,,,,1.5233,-84.87,1.4417,-4404.87,1,20.0,auto:SEARCHING,+0.000,+0.000,+0.070,-0.400,1100,0,
1785511639.2487,2026-07-31T11:27:19.248,97.896,986,,,,0,,,,1.5228,-83.05,1.4412,-4403.05,1,20.0,auto:SEARCHING,+0.000,+0.000,+0.033,-0.400,1100,0,
1785511639.3478,2026-07-31T11:27:19.347,97.995,987,,,,0,,,,1.5269,-79.43,1.4453,-4399.43,1,20.0,auto:SEARCHING,+0.000,+0.000,+0.003,-0.400,1100,0,
1785511639.4481,2026-07-31T11:27:19.448,98.095,988,,,,0,,,,1.5263,-75.84,1.4447,-4395.84,1,20.0,auto:SEARCHING,+0.000,+0.000,+0.000,-0.400,1100,0,
1785511639.5483,2026-07-31T11:27:19.548,98.196,989,,,,0,,,,1.5263,-74.06,1.4448,-4394.06,1,20.0,auto:SEARCHING,+0.000,+0.000,+0.000,-0.400,1100,0,
1785511639.6480,2026-07-31T11:27:19.648,98.295,990,,,,0,,,,1.5269,-70.50,1.4453,-4390.50,1,20.0,auto:SEARCHING,+0.000,+0.000,+0.000,-0.400,1100,0,
1785511639.7472,2026-07-31T11:27:19.747,98.394,991,,,,0,,,,1.5272,-68.71,1.4457,-4388.71,1,20.0,auto:SEARCHING,+0.000,+0.000,+0.000,-0.400,1100,0,
1785511639.8472,2026-07-31T11:27:19.847,98.494,992,,,,0,,,,1.5241,-65.14,1.4425,-4385.14,1,20.0,auto:SEARCHING,+0.000,+0.000,+0.000,-0.400,1100,0,
1785511639.9492,2026-07-31T11:27:19.949,98.596,993,,,,0,,,,1.5235,-61.59,1.4419,-4381.59,1,20.0,auto:SEARCHING,+0.000,+0.000,+0.000,-0.400,1100,0,
1785511640.0495,2026-07-31T11:27:20.049,98.697,994,,,,0,,,,1.5238,-59.75,1.4422,-4379.75,1,20.0,auto:SEARCHING,+0.000,+0.000,+0.000,-0.400,1100,0,
1785511640.1488,2026-07-31T11:27:20.148,98.796,995,,,,0,,,,1.5196,-56.22,1.4380,-4376.22,1,20.0,auto:SEARCHING,+0.000,+0.000,+0.000,-0.400,1100,0,
1785511640.2478,2026-07-31T11:27:20.247,98.895,996,,,,0,,,,1.5222,-54.44,1.4407,-4374.44,1,20.0,auto:SEARCHING,+0.000,+0.000,+0.000,-0.400,1100,0,
1785511640.3465,2026-07-31T11:27:20.346,98.994,997,,,,0,,,,1.5180,-50.88,1.4364,-4370.88,1,20.0,auto:SEARCHING,+0.000,+0.000,+0.000,-0.400,1100,0,
1785511640.4453,2026-07-31T11:27:20.445,99.093,998,,,,0,,,,1.5151,-49.12,1.4336,-4369.12,1,20.0,auto:SEARCHING,+0.000,+0.000,+0.000,-0.400,1100,0,
1785511640.5453,2026-07-31T11:27:20.545,99.193,999,,,,0,,,,1.5154,-45.59,1.4338,-4365.59,1,20.0,auto:SEARCHING,+0.000,+0.000,+0.000,-0.400,1100,0,
1785511640.6448,2026-07-31T11:27:20.644,99.292,1000,,,,0,,,,1.5099,-42.06,1.4283,-4362.06,1,20.0,auto:SEARCHING,+0.000,+0.000,+0.000,-0.400,1100,0,
1785511640.7450,2026-07-31T11:27:20.744,99.392,1001,,,,0,,,,1.5084,-40.29,1.4268,-4360.29,1,20.0,auto:SEARCHING,+0.000,+0.000,+0.000,-0.400,1100,0,
1785511640.8439,2026-07-31T11:27:20.843,99.491,1002,,,,0,,,,1.5082,-36.75,1.4266,-4356.75,1,20.0,auto:SEARCHING,+0.000,+0.000,+0.000,-0.400,1100,0,
1785511640.9424,2026-07-31T11:27:20.942,99.590,1003,,,,0,,,,1.5014,-34.97,1.4199,-4354.97,1,20.0,auto:SEARCHING,+0.000,+0.000,+0.000,-0.400,1100,0,
1785511641.0421,2026-07-31T11:27:21.042,99.689,1004,,,,0,,,,1.5005,-31.41,1.4189,-4351.41,1,20.0,auto:SEARCHING,+0.000,+0.000,+0.000,-0.400,1100,0,
1785511641.1431,2026-07-31T11:27:21.143,99.790,1005,,,,0,,,,1.5034,-27.83,1.4218,-4347.83,1,20.0,auto:SEARCHING,+0.000,+0.000,+0.000,-0.400,1100,0,
1785511641.2436,2026-07-31T11:27:21.243,99.891,1006,,,,0,,,,1.5035,-26.04,1.4219,-4346.04,1,20.0,auto:SEARCHING,+0.000,+0.000,+0.000,-0.400,1100,0,
1785511641.3431,2026-07-31T11:27:21.343,99.990,1007,,,,0,,,,1.4947,-22.41,1.4132,-4342.41,1,20.0,auto:SEARCHING,+0.000,+0.000,-0.800,-0.400,1100,0,
1785511641.4418,2026-07-31T11:27:21.441,100.089,1008,,,,0,,,,1.4933,-18.79,1.4117,-4338.79,1,20.0,auto:SEARCHING,+0.000,+0.000,-0.800,-0.400,1100,0,
1785511641.5402,2026-07-31T11:27:21.540,100.188,1009,,,,0,,,,1.4980,-16.98,1.4164,-4336.98,1,20.0,auto:SEARCHING,+0.000,+0.000,-0.800,-0.400,1100,0,
1785511641.6402,2026-07-31T11:27:21.640,100.287,1010,,,,0,,,,1.4981,-13.42,1.4166,-4333.42,1,20.0,auto:SEARCHING,+0.000,+0.000,-0.800,-0.400,1100,0,
1785511641.7412,2026-07-31T11:27:21.741,100.389,1011,,,,0,,,,1.4969,-11.70,1.4153,-4331.70,1,20.0,auto:SEARCHING,+0.000,+0.000,-0.800,-0.400,1100,0,
1785511641.8408,2026-07-31T11:27:21.840,100.488,1012,,,,0,,,,1.5061,-8.41,1.4246,-4328.41,1,20.0,auto:SEARCHING,+0.000,+0.000,+0.135,-0.400,1100,0,
1785511641.9396,2026-07-31T11:27:21.939,100.587,1013,,,,0,,,,1.5120,-5.26,1.4305,-4325.26,1,20.0,auto:SEARCHING,+0.000,+0.000,+0.159,-0.400,1100,0,
1785511642.0390,2026-07-31T11:27:22.039,100.686,1014,,,,0,,,,1.5153,-3.69,1.4337,-4323.69,1,20.0,auto:SEARCHING,+0.000,+0.000,+0.175,-0.400,1100,0,
1785511642.1400,2026-07-31T11:27:22.139,100.787,1015,,,,0,,,,1.5170,-0.54,1.4355,-4320.54,1,20.0,auto:SEARCHING,+0.000,+0.000,+0.188,-0.400,1100,0,
1785511642.2410,2026-07-31T11:27:22.241,100.888,1016,,,,0,,,,1.5159,1.07,1.4343,-4318.93,1,20.0,auto:SEARCHING,+0.000,+0.000,+0.196,-0.400,1100,0,
1785511642.3407,2026-07-31T11:27:22.340,100.988,1017,,,,0,,,,1.5185,4.34,1.4370,-4315.66,1,20.0,auto:SEARCHING,+0.000,+0.000,+0.200,-0.400,1100,0,
1785511642.4395,2026-07-31T11:27:22.439,101.087,1018,,,,0,,,,1.5212,7.68,1.4396,-4312.32,1,20.0,auto:SEARCHING,+0.000,+0.000,+0.198,-0.400,1100,0,
1785511642.5386,2026-07-31T11:27:22.538,101.186,1019,,,,0,,,,1.5189,9.42,1.4373,-4310.58,1,20.0,auto:SEARCHING,+0.000,+0.000,+0.192,-0.400,1100,0,
1785511642.6377,2026-07-31T11:27:22.637,101.285,1020,,,,0,,,,1.5208,12.92,1.4392,-4307.08,1,20.0,auto:SEARCHING,+0.000,+0.000,+0.183,-0.400,1100,0,
1785511642.7365,2026-07-31T11:27:22.736,101.384,1021,,,,0,,,,1.5209,14.68,1.4393,-4305.32,1,20.0,auto:SEARCHING,+0.000,+0.000,+0.169,-0.400,1100,0,
1785511642.8362,2026-07-31T11:27:22.836,101.483,1022,,,,0,,,,1.5170,18.25,1.4354,-4301.75,1,20.0,auto:SEARCHING,+0.000,+0.000,+0.145,-0.400,1100,0,
1785511642.9354,2026-07-31T11:27:22.935,101.583,1023,,,,0,,,,1.5173,20.06,1.4357,-4299.94,1,20.0,auto:SEARCHING,+0.000,+0.000,+0.124,-0.400,1100,0,
1785511643.0345,2026-07-31T11:27:23.034,101.682,1024,,,,0,,,,1.5213,23.71,1.4397,-4296.29,1,20.0,auto:SEARCHING,+0.000,+0.000,+0.100,-0.400,1100,0,
1785511643.1343,2026-07-31T11:27:23.134,101.782,1025,,,,0,,,,1.5146,27.34,1.4331,-4292.66,1,20.0,auto:SEARCHING,+0.000,+0.000,+0.073,-0.400,1100,0,
1785511643.2350,2026-07-31T11:27:23.235,101.882,1026,,,,0,,,,1.5119,29.17,1.4303,-4290.83,1,20.0,auto:SEARCHING,+0.000,+0.000,+0.038,-0.400,1100,0,
1785511643.3345,2026-07-31T11:27:23.334,101.982,1027,,,,0,,,,1.5068,32.85,1.4253,-4287.15,1,20.0,auto:SEARCHING,+0.000,+0.000,+0.007,-0.400,1100,0,
1785511643.4336,2026-07-31T11:27:23.433,102.081,1028,,,,0,,,,1.5076,34.73,1.4261,-4285.27,1,20.0,auto:SEARCHING,+0.000,+0.000,+0.000,-0.400,1100,0,
1785511643.5327,2026-07-31T11:27:23.532,102.180,1029,,,,0,,,,1.5065,38.45,1.4249,-4281.55,1,20.0,auto:SEARCHING,+0.000,+0.000,+0.000,-0.400,1100,0,
1785511643.6318,2026-07-31T11:27:23.631,102.279,1030,,,,0,,,,1.5065,40.32,1.4250,-4279.68,1,20.0,auto:SEARCHING,+0.000,+0.000,+0.000,-0.400,1100,0,
1785511643.7309,2026-07-31T11:27:23.730,102.378,1031,,,,0,,,,1.5011,44.03,1.4196,-4275.97,1,20.0,auto:SEARCHING,+0.000,+0.000,+0.000,-0.400,1100,0,
1785511643.8293,2026-07-31T11:27:23.829,102.477,1032,,,,0,,,,1.4979,47.75,1.4163,-4272.25,1,20.0,auto:SEARCHING,+0.000,+0.000,-0.800,-0.400,1100,0,
1785511643.9303,2026-07-31T11:27:23.930,102.578,1033,,,,0,,,,1.4989,49.62,1.4173,-4270.38,1,20.0,auto:SEARCHING,+0.000,+0.000,-0.800,-0.400,1100,0,
1785511644.0311,2026-07-31T11:27:24.031,102.678,1034,,,,0,,,,1.4971,53.34,1.4156,-4266.66,1,20.0,auto:SEARCHING,+0.000,+0.000,-0.800,-0.400,1100,0,
1785511644.1296,2026-07-31T11:27:24.129,102.777,1035,,,,0,,,,1.4924,55.23,1.4109,-4264.77,1,20.0,auto:SEARCHING,+0.000,+0.000,-0.800,-0.400,1100,0,
1785511644.2289,2026-07-31T11:27:24.228,102.876,1036,,,,0,,,,1.4927,58.90,1.4111,-4261.10,1,20.0,auto:SEARCHING,+0.000,+0.000,-0.800,-0.400,1100,0,
1785511644.3273,2026-07-31T11:27:24.327,102.975,1037,,,,0,,,,1.5017,62.39,1.4202,-4257.61,1,20.0,auto:SEARCHING,+0.000,+0.000,+0.000,-0.400,1100,0,
1785511644.4255,2026-07-31T11:27:24.425,103.073,1038,,,,0,,,,1.5047,64.07,1.4231,-4255.93,1,20.0,auto:SEARCHING,+0.000,+0.000,+0.000,-0.400,1100,0,
1785511644.5263,2026-07-31T11:27:24.526,103.174,1039,,,,0,,,,1.5051,67.47,1.4236,-4252.53,1,20.0,auto:SEARCHING,+0.000,+0.000,+0.000,-0.400,1100,0,
1785511644.6264,2026-07-31T11:27:24.626,103.274,1040,,,,0,,,,1.5066,69.15,1.4250,-4250.85,1,20.0,auto:SEARCHING,+0.000,+0.000,+0.000,-0.400,1100,0,
1785511644.7257,2026-07-31T11:27:24.725,103.373,1041,,,,0,,,,1.5014,72.51,1.4199,-4247.49,1,20.0,auto:SEARCHING,+0.000,+0.000,+0.000,-0.400,1100,0,
1785511644.8251,2026-07-31T11:27:24.825,103.472,1042,,,,0,,,,1.5051,75.91,1.4235,-4244.09,1,20.0,auto:SEARCHING,+0.000,+0.000,+0.000,-0.400,1100,0,
1785511644.9251,2026-07-31T11:27:24.925,103.572,1043,,,,0,,,,1.5009,77.65,1.4193,-4242.35,1,20.0,auto:SEARCHING,+0.000,+0.000,+0.000,-0.400,1100,0,
1785511645.0245,2026-07-31T11:27:25.024,103.672,1044,,,,0,,,,1.5014,81.15,1.4199,-4238.85,1,20.0,auto:SEARCHING,+0.000,+0.000,+0.000,-0.400,1100,0,
1785511645.1242,2026-07-31T11:27:25.124,103.771,1045,,,,0,,,,1.5000,82.92,1.4185,-4237.08,1,20.0,auto:SEARCHING,+0.000,+0.000,+0.000,-0.400,1100,0,
1785511645.2230,2026-07-31T11:27:25.223,103.870,1046,,,,0,,,,1.5023,86.49,1.4207,-4233.51,1,20.0,auto:SEARCHING,+0.000,+0.000,+0.000,-0.400,1100,0,
1785511645.3222,2026-07-31T11:27:25.322,103.970,1047,,,,0,,,,1.4973,90.07,1.4157,-4229.93,1,20.0,auto:SEARCHING,+0.000,+0.000,-0.800,-0.400,1100,0,
1785511645.4223,2026-07-31T11:27:25.422,104.070,1048,,,,0,,,,1.5036,91.90,1.4220,-4228.10,1,20.0,auto:SEARCHING,+0.000,+0.000,+0.015,-0.400,1100,0,
1785511645.5239,2026-07-31T11:27:25.523,104.171,1049,,,,0,,,,1.4955,95.54,1.4139,-4224.46,1,20.0,auto:SEARCHING,+0.000,+0.000,-0.800,-0.400,1100,0,
1785511645.6236,2026-07-31T11:27:25.623,104.271,1050,,,,0,,,,1.4990,97.32,1.4175,-4222.68,1,20.0,auto:SEARCHING,+0.000,+0.000,-0.800,-0.400,1100,0,
1785511645.7229,2026-07-31T11:27:25.722,104.370,1051,,,,0,,,,1.4987,100.87,1.4172,-4219.13,1,20.0,auto:SEARCHING,+0.000,+0.000,-0.800,-0.400,1100,0,
1785511645.8218,2026-07-31T11:27:25.821,104.469,1052,,,,0,,,,1.5012,104.27,1.4196,-4215.73,1,20.0,auto:SEARCHING,+0.000,+0.000,-0.800,-0.400,1100,0,
1785511645.9208,2026-07-31T11:27:25.920,104.568,1053,,,,0,,,,1.5089,105.89,1.4274,-4214.11,1,20.0,auto:SEARCHING,+0.000,+0.000,+0.150,-0.400,1100,0,
1785511646.0201,2026-07-31T11:27:26.020,104.667,1054,,,,0,,,,1.5145,109.06,1.4330,-4210.94,1,20.0,auto:SEARCHING,+0.000,+0.000,+0.173,-0.400,1100,0,
1785511646.1195,2026-07-31T11:27:26.119,104.767,1055,,,,0,,,,1.5180,110.67,1.4364,-4209.33,1,20.0,auto:SEARCHING,+0.000,+0.000,+0.186,-0.400,1100,0,
1785511646.2187,2026-07-31T11:27:26.218,104.866,1056,,,,0,,,,1.5169,113.91,1.4353,-4206.09,1,20.0,auto:SEARCHING,+0.000,+0.000,+0.195,-0.400,1100,0,
1785511646.3176,2026-07-31T11:27:26.317,104.965,1057,,,,0,,,,1.5120,115.54,1.4304,-4204.46,1,20.0,auto:SEARCHING,+0.000,+0.000,+0.199,-0.400,1100,0,
1785511646.4171,2026-07-31T11:27:26.417,105.064,1058,,,,0,,,,1.5159,118.85,1.4344,-4201.15,1,20.0,auto:RESET,+0.000,+0.000,+0.200,-0.400,1100,0,
1785511646.5158,2026-07-31T11:27:26.515,105.163,1059,,,,0,,,,1.5157,122.07,1.4341,-4197.93,1,20.0,auto:RESET,+0.000,+0.000,+0.500,+0.000,1100,0,
1785511646.6148,2026-07-31T11:27:26.614,105.262,1060,,,,0,,,,1.5168,123.36,1.4352,-4196.64,1,20.0,auto:RESET,+0.000,+0.000,+0.500,+0.000,1100,0,
1785511646.7141,2026-07-31T11:27:26.714,105.361,1061,,,,0,,,,1.5089,125.36,1.4273,-4194.64,1,20.0,auto:RESET,+0.000,+0.000,+0.500,+0.000,1100,0,
1785511646.8131,2026-07-31T11:27:26.813,105.460,1062,,,,0,,,,1.5105,126.17,1.4290,-4193.83,1,20.0,auto:RESET,+0.000,+0.000,+0.500,+0.000,1100,0,
1785511646.9119,2026-07-31T11:27:26.911,105.559,1063,,,,0,,,,1.5022,127.61,1.4206,-4192.39,1,20.0,auto:RESET,+0.000,+0.000,+0.500,+0.000,1100,0,
1785511647.0122,2026-07-31T11:27:27.012,105.660,1064,,,,0,,,,1.4918,128.85,1.4103,-4191.15,1,20.0,auto:RESET,+0.000,+0.000,-0.800,+0.000,1100,0,
1785511647.1115,2026-07-31T11:27:27.111,105.759,1065,,,,0,,,,1.4906,129.39,1.4091,-4190.61,1,20.0,auto:RESET,+0.000,+0.000,-0.800,+0.000,1100,0,
1785511647.2108,2026-07-31T11:27:27.210,105.858,1066,,,,0,,,,1.4893,130.44,1.4078,-4189.56,1,20.0,auto:RESET,+0.000,+0.000,-0.800,+0.000,1100,0,
1785511647.3105,2026-07-31T11:27:27.310,105.958,1067,,,,0,,,,1.4918,130.91,1.4102,-4189.09,1,20.0,auto:RESET,+0.000,+0.000,-0.800,+0.000,1100,0,
1785511647.4097,2026-07-31T11:27:27.409,106.057,1068,,,,0,,,,1.4955,131.74,1.4139,-4188.26,1,20.0,auto:RESET,+0.600,+0.000,-0.800,+0.000,1100,0,
1785511647.5095,2026-07-31T11:27:27.509,106.157,1069,,,,0,,,,1.5086,132.46,1.4271,-4187.54,1,20.0,auto:RESET,+0.600,+0.000,+0.000,+0.000,1100,0,
1785511647.6086,2026-07-31T11:27:27.608,106.256,1070,,,,0,,,,1.5079,132.78,1.4264,-4187.22,1,20.0,auto:RESET,+0.600,+0.000,+0.000,+0.000,1100,0,
1785511647.7076,2026-07-31T11:27:27.707,106.355,1071,,,,0,,,,1.5153,133.37,1.4338,-4186.63,1,20.0,auto:RESET,+0.600,+0.000,+0.000,+0.000,1100,0,
1785511647.8074,2026-07-31T11:27:27.807,106.455,1072,,,,0,,,,1.5184,133.71,1.4368,-4186.29,1,20.0,auto:RESET,+0.600,+0.000,+0.000,+0.000,1100,0,
1785511647.9071,2026-07-31T11:27:27.907,106.554,1073,,,,0,,,,1.5197,134.23,1.4382,-4185.77,1,20.0,auto:RESET,+0.600,+0.000,+0.000,+0.000,1100,0,
1785511648.0057,2026-07-31T11:27:28.005,106.653,1074,,,,0,,,,1.5215,134.63,1.4400,-4185.37,1,20.0,auto:RESET,+0.600,+0.000,+0.000,+0.000,1100,0,
1785511648.1055,2026-07-31T11:27:28.105,106.753,1075,,,,0,,,,1.5279,134.79,1.4463,-4185.21,1,20.0,auto:RESET,+0.600,+0.000,+0.000,+0.000,1100,0,
1785511648.2072,2026-07-31T11:27:28.207,106.854,1076,,,,0,,,,1.5343,134.97,1.4528,-4185.03,1,20.0,auto:RESET,+0.600,+0.000,+0.000,+0.000,1100,0,
1785511648.3074,2026-07-31T11:27:28.307,106.955,1077,,,,0,,,,1.5397,135.04,1.4581,-4184.96,1,20.0,auto:RESET,+0.600,+0.000,+0.000,+0.000,1100,0,
1785511648.4066,2026-07-31T11:27:28.406,107.054,1078,,,,0,,,,1.5418,135.12,1.4602,-4184.88,1,20.0,auto:RESET,+0.000,+0.000,+0.000,-0.800,1100,0,
1785511648.5064,2026-07-31T11:27:28.506,107.154,1079,,,,0,,,,1.5380,135.82,1.4564,-4184.18,1,20.0,auto:RESET,+0.000,+0.000,+0.000,-0.800,1100,0,
1785511648.6072,2026-07-31T11:27:28.607,107.254,1080,,,,0,,,,1.5384,137.83,1.4568,-4182.17,1,20.0,auto:RESET,+0.000,+0.000,+0.000,-0.800,1100,0,
1785511648.7059,2026-07-31T11:27:28.705,107.353,1081,,,,0,,,,1.5378,144.22,1.4562,-4175.78,1,20.0,auto:RESET,+0.000,+0.000,+0.000,-0.800,1100,0,
1785511648.8047,2026-07-31T11:27:28.804,107.452,1082,,,,0,,,,1.5443,148.08,1.4627,-4171.92,1,20.0,auto:RESET,+0.000,+0.000,+0.000,-0.800,1100,0,
1785511648.9041,2026-07-31T11:27:28.904,107.551,1083,,,,0,,,,1.5363,156.48,1.4548,-4163.52,1,20.0,auto:RESET,+0.000,+0.000,+0.000,-0.800,1100,0,
1785511649.0032,2026-07-31T11:27:29.003,107.650,1084,,,,0,,,,1.5314,165.46,1.4498,-4154.54,1,20.0,auto:RESET,+0.000,+0.000,+0.000,-0.800,1100,0,
1785511649.1028,2026-07-31T11:27:29.102,107.750,1085,,,,0,,,,1.5243,170.06,1.4427,-4149.94,1,20.0,auto:RESET,+0.000,+0.000,+0.000,-0.800,1100,0,
1785511649.2018,2026-07-31T11:27:29.201,107.849,1086,,,,0,,,,1.5217,179.27,1.4401,-4140.73,1,20.0,auto:RESET,+0.000,+0.000,+0.000,-0.800,1100,0,
1785511649.3013,2026-07-31T11:27:29.301,107.949,1087,,,,0,,,,1.5218,-176.11,1.4402,-4136.11,1,20.0,auto:RESET,+0.000,+0.000,+0.000,-0.800,1100,0,
1785511649.4005,2026-07-31T11:27:29.400,108.048,1088,,,,0,,,,1.5147,-167.09,1.4331,-4127.09,1,20.0,auto:SEARCHING,+0.000,+0.000,+0.000,+0.000,1100,0,
1785511649.5014,2026-07-31T11:27:29.501,108.149,1089,,,,0,,,,1.5098,-162.63,1.4283,-4122.63,1,20.0,auto:SEARCHING,+0.000,+0.000,+0.196,-0.400,1100,0,
1785511649.6024,2026-07-31T11:27:29.602,108.250,1090,,,,0,,,,1.5089,-156.66,1.4274,-4116.66,1,20.0,auto:SEARCHING,+0.000,+0.000,+0.188,-0.400,1100,0,
1785511649.7024,2026-07-31T11:27:29.702,108.350,1091,,,,0,,,,1.5067,-153.21,1.4252,-4113.21,1,20.0,auto:SEARCHING,+0.000,+0.000,+0.175,-0.400,1100,0,
1785511649.8019,2026-07-31T11:27:29.801,108.449,1092,,,,0,,,,1.5045,-151.91,1.4229,-4111.91,1,20.0,auto:SEARCHING,+0.000,+0.000,+0.154,-0.400,1100,0,
1785511649.9013,2026-07-31T11:27:29.901,108.549,1093,,,,0,,,,1.5053,-149.46,1.4237,-4109.46,1,20.0,auto:SEARCHING,+0.000,+0.000,+0.134,-0.400,1100,0,
1785511650.0014,2026-07-31T11:27:30.001,108.649,1094,,,,0,,,,1.5060,-148.01,1.4245,-4108.01,1,20.0,auto:SEARCHING,+0.000,+0.000,+0.111,-0.400,1100,0,
1785511650.1026,2026-07-31T11:27:30.102,108.750,1095,,,,0,,,,1.5066,-144.98,1.4250,-4104.98,1,20.0,auto:SEARCHING,+0.000,+0.000,+0.077,-0.400,1100,0,
1785511650.2017,2026-07-31T11:27:30.201,108.849,1096,,,,0,,,,1.5001,-141.95,1.4185,-4101.95,1,20.0,auto:SEARCHING,+0.000,+0.000,+0.051,-0.400,1100,0,
1785511650.3007,2026-07-31T11:27:30.300,108.948,1097,,,,0,,,,1.5010,-140.44,1.4195,-4100.44,1,20.0,auto:SEARCHING,+0.000,+0.000,+0.020,-0.400,1100,0,
1785511650.3997,2026-07-31T11:27:30.399,109.047,1098,,,,0,,,,1.4990,-137.37,1.4175,-4097.37,1,20.0,auto:SEARCHING,+0.000,+0.000,-0.800,-0.400,1100,0,
1785511650.4986,2026-07-31T11:27:30.498,109.146,1099,,,,0,,,,1.5006,-135.78,1.4190,-4095.78,1,20.0,auto:SEARCHING,+0.000,+0.000,+0.000,-0.400,1100,0,
1785511650.5982,2026-07-31T11:27:30.598,109.245,1100,,,,0,,,,1.4854,-132.64,1.4039,-4092.64,1,20.0,auto:SEARCHING,+0.000,+0.000,-0.800,-0.400,1100,0,
1785511650.6979,2026-07-31T11:27:30.697,109.345,1101,,,,0,,,,1.4856,-129.64,1.4040,-4089.64,1,20.0,auto:SEARCHING,+0.000,+0.000,-0.800,-0.400,1100,0,
1785511650.7972,2026-07-31T11:27:30.797,109.444,1102,,,,0,,,,1.4803,-128.16,1.3987,-4088.16,1,20.0,auto:SEARCHING,+0.000,+0.000,-0.800,-0.400,1100,0,
1785511650.8964,2026-07-31T11:27:30.896,109.544,1103,,,,0,,,,1.4848,-125.25,1.4033,-4085.25,1,20.0,auto:SEARCHING,+0.000,+0.000,-0.800,-0.400,1100,0,
1785511650.9952,2026-07-31T11:27:30.995,109.643,1104,,,,0,,,,1.4858,-123.81,1.4042,-4083.81,1,20.0,auto:SEARCHING,+0.000,+0.000,-0.800,-0.400,1100,0,
1785511651.0945,2026-07-31T11:27:31.094,109.742,1105,,,,0,,,,1.4912,-120.93,1.4097,-4080.93,1,20.0,auto:SEARCHING,+0.000,+0.000,-0.800,-0.400,1100,0,
1785511651.1944,2026-07-31T11:27:31.194,109.842,1106,,,,0,,,,1.4961,-118.12,1.4146,-4078.12,1,20.0,auto:SEARCHING,+0.000,+0.000,-0.800,-0.400,1100,0,
1785511651.2955,2026-07-31T11:27:31.295,109.943,1107,,,,0,,,,1.5008,-116.72,1.4192,-4076.72,1,20.0,auto:SEARCHING,+0.000,+0.000,+0.000,-0.400,1100,0,
1785511651.3958,2026-07-31T11:27:31.395,110.043,1108,,,,0,,,,1.5044,-113.91,1.4229,-4073.91,1,20.0,auto:SEARCHING,+0.000,+0.000,+0.000,-0.400,1100,0,
1785511651.4947,2026-07-31T11:27:31.494,110.142,1109,,,,0,,,,1.5106,-112.49,1.4290,-4072.49,1,20.0,auto:SEARCHING,+0.000,+0.000,+0.000,-0.400,1100,0,
1785511651.5943,2026-07-31T11:27:31.594,110.242,1110,,,,0,,,,1.5128,-109.57,1.4313,-4069.57,1,20.0,auto:SEARCHING,+0.000,+0.000,+0.000,-0.400,1100,0,
1785511651.6956,2026-07-31T11:27:31.695,110.343,1111,,,,0,,,,1.5155,-106.52,1.4339,-4066.52,1,20.0,auto:SEARCHING,+0.000,+0.000,+0.000,-0.400,1100,0,
1785511651.7964,2026-07-31T11:27:31.796,110.444,1112,,,,0,,,,1.5172,-104.94,1.4356,-4064.94,1,20.0,auto:SEARCHING,+0.000,+0.000,+0.000,-0.400,1100,0,
1785511651.8973,2026-07-31T11:27:31.897,110.545,1113,,,,0,,,,1.5176,-101.67,1.4361,-4061.67,1,20.0,auto:SEARCHING,+0.000,+0.000,+0.000,-0.400,1100,0,
1785511651.9958,2026-07-31T11:27:31.995,110.643,1114,,,,0,,,,1.5219,-98.29,1.4403,-4058.29,1,20.0,auto:SEARCHING,+0.000,+0.000,+0.000,-0.400,1100,0,
1785511652.0951,2026-07-31T11:27:32.095,110.742,1115,,,,0,,,,1.5233,-96.56,1.4417,-4056.56,1,20.0,auto:SEARCHING,+0.000,+0.000,+0.000,-0.400,1100,0,
1785511652.1937,2026-07-31T11:27:32.193,110.841,1116,,,,0,,,,1.5282,-93.11,1.4467,-4053.11,1,20.0,auto:SEARCHING,+0.000,+0.000,+0.000,-0.400,1100,0,
1785511652.2944,2026-07-31T11:27:32.294,110.942,1117,,,,0,,,,1.5249,-91.38,1.4434,-4051.38,1,20.0,auto:SEARCHING,+0.000,+0.000,+0.000,-0.400,1100,0,
1785511652.3928,2026-07-31T11:27:32.392,111.040,1118,,,,0,,,,1.5315,-87.92,1.4499,-4047.92,1,20.0,auto:SEARCHING,+0.000,+0.000,+0.003,-0.400,1100,0,
1785511652.4925,2026-07-31T11:27:32.492,111.140,1119,,,,0,,,,1.5326,-86.20,1.4510,-4046.20,1,20.0,auto:SEARCHING,+0.000,+0.000,+0.042,-0.400,1100,0,
1785511652.5918,2026-07-31T11:27:32.591,111.239,1120,,,,0,,,,1.5323,-82.77,1.4508,-4042.77,1,20.0,auto:SEARCHING,+0.000,+0.000,+0.070,-0.400,1100,0,
1785511652.6916,2026-07-31T11:27:32.691,111.339,1121,,,,0,,,,1.5333,-79.27,1.4518,-4039.27,1,20.0,auto:SEARCHING,+0.000,+0.000,+0.096,-0.400,1100,0,
1785511652.7917,2026-07-31T11:27:32.791,111.439,1122,,,,0,,,,1.5312,-77.54,1.4496,-4037.54,1,20.0,auto:SEARCHING,+0.000,+0.000,+0.120,-0.400,1100,0,
1785511652.8925,2026-07-31T11:27:32.892,111.540,1123,,,,0,,,,1.5328,-74.04,1.4513,-4034.04,1,20.0,auto:SEARCHING,+0.000,+0.000,+0.148,-0.400,1100,0,
1785511652.9921,2026-07-31T11:27:32.992,111.639,1124,,,,0,,,,1.5298,-72.29,1.4482,-4032.29,1,20.0,auto:SEARCHING,+0.000,+0.000,+0.166,-0.400,1100,0,
1785511653.0908,2026-07-31T11:27:33.090,111.738,1125,,,,0,,,,1.5292,-68.80,1.4477,-4028.80,1,20.0,auto:SEARCHING,+0.000,+0.000,+0.181,-0.400,1100,0,
1785511653.1906,2026-07-31T11:27:33.190,111.838,1126,,,,0,,,,1.5266,-65.36,1.4450,-4025.36,1,20.0,auto:SEARCHING,+0.000,+0.000,+0.191,-0.400,1100,0,
1785511653.2914,2026-07-31T11:27:33.291,111.939,1127,,,,0,,,,1.5260,-63.66,1.4444,-4023.66,1,20.0,auto:SEARCHING,+0.000,+0.000,+0.199,-0.400,1100,0,
1785511653.3914,2026-07-31T11:27:33.391,112.039,1128,,,,0,,,,1.5187,-60.28,1.4372,-4020.28,1,20.0,auto:SEARCHING,+0.000,+0.000,+0.200,-0.400,1100,0,
1785511653.4906,2026-07-31T11:27:33.490,112.138,1129,,,,0,,,,1.5165,-58.61,1.4349,-4018.61,1,20.0,auto:SEARCHING,+0.000,+0.000,+0.196,-0.400,1100,0,
1785511653.5925,2026-07-31T11:27:33.592,112.240,1130,,,,0,,,,1.5180,-55.26,1.4365,-4015.26,1,20.0,auto:SEARCHING,+0.000,+0.000,+0.188,-0.400,1100,0,
1785511653.6920,2026-07-31T11:27:33.691,112.339,1131,,,,0,,,,1.5135,-52.00,1.4319,-4012.00,1,20.0,auto:SEARCHING,+0.000,+0.000,+0.173,-0.400,1100,0,
1785511653.7907,2026-07-31T11:27:33.790,112.438,1132,,,,0,,,,1.5094,-50.37,1.4278,-4010.37,1,20.0,auto:SEARCHING,+0.000,+0.000,+0.156,-0.400,1100,0,
1785511653.8897,2026-07-31T11:27:33.889,112.537,1133,,,,0,,,,1.5049,-47.15,1.4233,-4007.15,1,20.0,auto:SEARCHING,+0.000,+0.000,+0.134,-0.400,1100,0,
1785511653.9890,2026-07-31T11:27:33.988,112.636,1134,,,,0,,,,1.5031,-45.52,1.4215,-4005.52,1,20.0,auto:SEARCHING,+0.000,+0.000,+0.113,-0.400,1100,0,
1785511654.0886,2026-07-31T11:27:34.088,112.736,1135,,,,0,,,,1.4992,-42.34,1.4176,-4002.34,1,20.0,auto:SEARCHING,+0.000,+0.000,-0.800,-0.400,1100,0,
1785511654.1894,2026-07-31T11:27:34.189,112.837,1136,,,,0,,,,1.4927,-39.16,1.4111,-3999.16,1,20.0,auto:SEARCHING,+0.000,+0.000,+0.061,-0.400,1100,0,
1785511654.2878,2026-07-31T11:27:34.287,112.935,1137,,,,0,,,,1.4950,-37.56,1.4134,-3997.56,1,20.0,auto:SEARCHING,+0.000,+0.000,-0.800,-0.400,1100,0,
1785511654.3871,2026-07-31T11:27:34.387,113.034,1138,,,,0,,,,1.4872,-34.30,1.4056,-3994.30,1,20.0,auto:SEARCHING,+0.000,+0.000,-0.800,-0.400,1100,0,
1785511654.4859,2026-07-31T11:27:34.485,113.133,1139,,,,0,,,,1.4877,-32.66,1.4061,-3992.66,1,20.0,auto:SEARCHING,+0.000,+0.000,-0.800,-0.400,1100,0,
1785511654.5848,2026-07-31T11:27:34.584,113.232,1140,,,,0,,,,1.4820,-29.31,1.4004,-3989.31,1,20.0,auto:SEARCHING,+0.000,+0.000,-0.800,-0.400,1100,0,
1785511654.6845,2026-07-31T11:27:34.684,113.332,1141,,,,0,,,,1.4906,-25.99,1.4090,-3985.99,1,20.0,auto:SEARCHING,+0.000,+0.000,-0.800,-0.400,1100,0,
1785511654.7827,2026-07-31T11:27:34.782,113.430,1142,,,,0,,,,1.4920,-24.38,1.4104,-3984.38,1,20.0,auto:SEARCHING,+0.000,+0.000,-0.800,-0.400,1100,0,
1785511654.8827,2026-07-31T11:27:34.882,113.530,1143,,,,0,,,,1.4944,-21.24,1.4129,-3981.24,1,20.0,auto:SEARCHING,+0.000,+0.000,-0.800,-0.400,1100,0,
1785511654.9833,2026-07-31T11:27:34.983,113.631,1144,,,,0,,,,1.4998,-19.67,1.4182,-3979.67,1,20.0,auto:SEARCHING,+0.000,+0.000,-0.800,-0.400,1100,0,
1785511655.0823,2026-07-31T11:27:35.082,113.730,1145,,,,0,,,,1.5119,-16.54,1.4304,-3976.54,1,20.0,auto:SEARCHING,+0.000,+0.000,+0.000,-0.400,1100,0,
1785511655.1820,2026-07-31T11:27:35.182,113.829,1146,,,,0,,,,1.5227,-13.47,1.4412,-3973.47,1,20.0,auto:SEARCHING,+0.000,+0.000,+0.000,-0.400,1100,0,
1785511655.2809,2026-07-31T11:27:35.280,113.928,1147,,,,0,,,,1.5239,-11.92,1.4423,-3971.92,1,20.0,auto:SEARCHING,+0.000,+0.000,+0.000,-0.400,1100,0,
1785511655.3799,2026-07-31T11:27:35.379,114.027,1148,,,,0,,,,1.5279,-8.74,1.4464,-3968.74,1,20.0,auto:SEARCHING,+0.000,+0.000,+0.000,-0.400,1100,0,
1785511655.4796,2026-07-31T11:27:35.479,114.127,1149,,,,0,,,,1.5293,-7.13,1.4477,-3967.13,1,20.0,auto:SEARCHING,+0.000,+0.000,+0.000,-0.400,1100,0,
1785511655.5790,2026-07-31T11:27:35.579,114.226,1150,,,,0,,,,1.5286,-3.82,1.4470,-3963.82,1,20.0,auto:SEARCHING,+0.000,+0.000,+0.000,-0.400,1100,0,
1785511655.6789,2026-07-31T11:27:35.678,114.326,1151,,,,0,,,,1.5312,-0.48,1.4497,-3960.48,1,20.0,auto:SEARCHING,+0.000,+0.000,+0.000,-0.400,1100,0,
1785511655.7781,2026-07-31T11:27:35.778,114.425,1152,,,,0,,,,1.5312,1.20,1.4496,-3958.80,1,20.0,auto:SEARCHING,+0.000,+0.000,+0.000,-0.400,1100,0,
1785511655.8771,2026-07-31T11:27:35.877,114.524,1153,,,,0,,,,1.5345,4.63,1.4530,-3955.37,1,20.0,auto:SEARCHING,+0.000,+0.000,+0.000,-0.400,1100,0,
1785511655.9760,2026-07-31T11:27:35.975,114.623,1154,,,,0,,,,1.5306,6.33,1.4490,-3953.67,1,20.0,auto:SEARCHING,+0.000,+0.000,+0.000,-0.400,1100,0,
1785511656.0757,2026-07-31T11:27:36.075,114.723,1155,,,,0,,,,1.5361,9.76,1.4545,-3950.24,1,20.0,auto:SEARCHING,+0.000,+0.000,+0.000,-0.400,1100,0,
1785511656.1757,2026-07-31T11:27:36.175,114.823,1156,,,,0,,,,1.5393,11.47,1.4577,-3948.53,1,20.0,auto:SEARCHING,+0.000,+0.000,+0.000,-0.400,1100,0,
1785511656.2775,2026-07-31T11:27:36.277,114.925,1157,,,,0,,,,1.5365,14.93,1.4549,-3945.07,1,20.0,auto:SEARCHING,+0.000,+0.000,+0.000,-0.400,1100,0,
1785511656.3760,2026-07-31T11:27:36.376,115.023,1158,,,,0,,,,1.5331,18.42,1.4515,-3941.58,1,20.0,auto:SEARCHING,+0.000,+0.000,+0.000,-0.400,1100,0,
1785511656.4750,2026-07-31T11:27:36.475,115.122,1159,,,,0,,,,1.5317,20.19,1.4502,-3939.81,1,20.0,auto:SEARCHING,+0.000,+0.000,+0.038,-0.400,1100,0,
1785511656.5751,2026-07-31T11:27:36.575,115.222,1160,,,,0,,,,1.5344,23.73,1.4529,-3936.27,1,20.0,auto:SEARCHING,+0.000,+0.000,+0.067,-0.400,1100,0,
1785511656.6743,2026-07-31T11:27:36.674,115.322,1161,,,,0,,,,1.5342,25.49,1.4526,-3934.51,1,20.0,auto:SEARCHING,+0.000,+0.000,+0.094,-0.400,1100,0,
1785511656.7732,2026-07-31T11:27:36.773,115.420,1162,,,,0,,,,1.5346,29.01,1.4530,-3930.99,1,20.0,auto:SEARCHING,+0.000,+0.000,+0.117,-0.400,1100,0,
1785511656.8724,2026-07-31T11:27:36.872,115.520,1163,,,,0,,,,1.5324,32.53,1.4509,-3927.47,1,20.0,auto:SEARCHING,+0.000,+0.000,+0.139,-0.400,1100,0,
1785511656.9714,2026-07-31T11:27:36.971,115.619,1164,,,,0,,,,1.5296,34.29,1.4481,-3925.71,1,20.0,auto:SEARCHING,+0.000,+0.000,+0.159,-0.400,1100,0,
1785511657.0718,2026-07-31T11:27:37.071,115.719,1165,,,,0,,,,1.5282,37.77,1.4466,-3922.23,1,20.0,auto:SEARCHING,+0.000,+0.000,+0.179,-0.400,1100,0,
1785511657.1726,2026-07-31T11:27:37.172,115.820,1166,,,,0,,,,1.5250,39.47,1.4435,-3920.53,1,20.0,auto:SEARCHING,+0.000,+0.000,+0.190,-0.400,1100,0,
1785511657.2713,2026-07-31T11:27:37.271,115.919,1167,,,,0,,,,1.5223,42.87,1.4408,-3917.13,1,20.0,auto:SEARCHING,+0.000,+0.000,+0.197,-0.400,1100,0,
1785511657.3717,2026-07-31T11:27:37.371,116.019,1168,,,,0,,,,1.5222,44.57,1.4406,-3915.43,1,20.0,auto:SEARCHING,+0.000,+0.000,+0.200,-0.400,1100,0,
1785511657.4717,2026-07-31T11:27:37.471,116.119,1169,,,,0,,,,1.5169,47.88,1.4353,-3912.12,1,20.0,auto:SEARCHING,+0.000,+0.000,+0.197,-0.400,1100,0,
1785511657.5727,2026-07-31T11:27:37.572,116.220,1170,,,,0,,,,1.5115,51.15,1.4299,-3908.85,1,20.0,auto:SEARCHING,+0.000,+0.000,+0.190,-0.400,1100,0,
1785511657.6727,2026-07-31T11:27:37.672,116.320,1171,,,,0,,,,1.5083,52.76,1.4267,-3907.24,1,20.0,auto:SEARCHING,+0.000,+0.000,+0.179,-0.400,1100,0,
1785511657.7732,2026-07-31T11:27:37.773,116.420,1172,,,,0,,,,1.5069,55.95,1.4254,-3904.05,1,20.0,auto:SEARCHING,+0.000,+0.000,+0.158,-0.400,1100,0,
1785511657.8722,2026-07-31T11:27:37.872,116.520,1173,,,,0,,,,1.5024,59.06,1.4209,-3900.94,1,20.0,auto:SEARCHING,+0.000,+0.000,+0.138,-0.400,1100,0,
1785511657.9717,2026-07-31T11:27:37.971,116.619,1174,,,,0,,,,1.5004,60.67,1.4188,-3899.33,1,20.0,auto:SEARCHING,+0.000,+0.000,+0.118,-0.400,1100,0,
1785511658.0725,2026-07-31T11:27:38.072,116.720,1175,,,,0,,,,1.4958,63.83,1.4142,-3896.17,1,20.0,auto:SEARCHING,+0.000,+0.000,-0.800,-0.400,1100,0,
1785511658.1724,2026-07-31T11:27:38.172,116.820,1176,,,,0,,,,1.4933,65.42,1.4117,-3894.58,1,20.0,auto:SEARCHING,+0.000,+0.000,-0.800,-0.400,1100,0,
1785511658.2713,2026-07-31T11:27:38.271,116.919,1177,,,,0,,,,1.4867,68.73,1.4051,-3891.27,1,20.0,auto:SEARCHING,+0.000,+0.000,-0.800,-0.400,1100,0,
1785511658.3705,2026-07-31T11:27:38.370,117.018,1178,,,,0,,,,1.4894,71.98,1.4078,-3888.02,1,20.0,auto:SEARCHING,+0.000,+0.000,-0.800,-0.400,1100,0,
1785511658.4707,2026-07-31T11:27:38.470,117.118,1179,,,,0,,,,1.4884,73.55,1.4068,-3886.45,1,20.0,auto:SEARCHING,+0.000,+0.000,-0.800,-0.400,1100,0,
1785511658.5705,2026-07-31T11:27:38.570,117.218,1180,,,,0,,,,1.4943,76.59,1.4128,-3883.41,1,20.0,auto:SEARCHING,+0.000,+0.000,-0.800,-0.400,1100,0,
1785511658.6691,2026-07-31T11:27:38.669,117.316,1181,,,,0,,,,1.4952,78.06,1.4136,-3881.94,1,20.0,auto:SEARCHING,+0.000,+0.000,-0.800,-0.400,1100,0,
1785511658.7685,2026-07-31T11:27:38.768,117.416,1182,,,,0,,,,1.5086,81.00,1.4271,-3879.00,1,20.0,auto:SEARCHING,+0.000,+0.000,+0.000,-0.400,1100,0,
1785511658.8674,2026-07-31T11:27:38.867,117.515,1183,,,,0,,,,1.5127,83.87,1.4312,-3876.13,1,20.0,auto:SEARCHING,+0.000,+0.000,+0.000,-0.400,1100,0,
1785511658.9664,2026-07-31T11:27:38.966,117.614,1184,,,,0,,,,1.5175,85.33,1.4359,-3874.67,1,20.0,auto:SEARCHING,+0.000,+0.000,+0.000,-0.400,1100,0,
1785511659.0655,2026-07-31T11:27:39.065,117.713,1185,,,,0,,,,1.5176,88.31,1.4360,-3871.69,1,20.0,auto:SEARCHING,+0.000,+0.000,+0.000,-0.400,1100,0,
1785511659.1645,2026-07-31T11:27:39.164,117.812,1186,,,,0,,,,1.5194,89.84,1.4378,-3870.16,1,20.0,auto:SEARCHING,+0.000,+0.000,+0.000,-0.400,1100,0,
1785511659.2635,2026-07-31T11:27:39.263,117.911,1187,,,,0,,,,1.5203,93.01,1.4387,-3866.99,1,20.0,auto:SEARCHING,+0.000,+0.000,+0.000,-0.400,1100,0,
1785511659.3630,2026-07-31T11:27:39.362,118.010,1188,,,,0,,,,1.5182,96.30,1.4366,-3863.70,1,20.0,auto:SEARCHING,+0.000,+0.000,+0.000,-0.400,1100,0,
1785511659.4620,2026-07-31T11:27:39.462,118.109,1189,,,,0,,,,1.5206,97.96,1.4390,-3862.04,1,20.0,auto:SEARCHING,+0.000,+0.000,+0.000,-0.400,1100,0,
1785511659.5617,2026-07-31T11:27:39.561,118.209,1190,,,,0,,,,1.5186,101.30,1.4370,-3858.70,1,20.0,auto:SEARCHING,+0.000,+0.000,+0.000,-0.400,1100,0,
1785511659.6626,2026-07-31T11:27:39.662,118.310,1191,,,,0,,,,1.5161,102.95,1.4346,-3857.05,1,20.0,auto:SEARCHING,+0.000,+0.000,+0.000,-0.400,1100,0,
1785511659.7616,2026-07-31T11:27:39.761,118.409,1192,,,,0,,,,1.5210,106.26,1.4394,-3853.74,1,20.0,auto:SEARCHING,+0.000,+0.000,+0.000,-0.400,1100,0,
1785511659.8601,2026-07-31T11:27:39.860,118.507,1193,,,,0,,,,1.5200,109.53,1.4384,-3850.47,1,20.0,auto:SEARCHING,+0.000,+0.000,+0.000,-0.400,1100,0,
1785511659.9592,2026-07-31T11:27:39.959,118.606,1194,,,,0,,,,1.5184,111.15,1.4369,-3848.85,1,20.0,auto:SEARCHING,+0.000,+0.000,+0.000,-0.400,1100,0,
1785511660.0588,2026-07-31T11:27:40.058,118.706,1195,,,,0,,,,1.5172,114.39,1.4356,-3845.61,1,20.0,auto:SEARCHING,+0.000,+0.000,+0.000,-0.400,1100,0,
1785511660.1584,2026-07-31T11:27:40.158,118.806,1196,,,,0,,,,1.5143,116.02,1.4328,-3843.98,1,20.0,auto:SEARCHING,+0.000,+0.000,+0.000,-0.400,1100,0,
1785511660.2576,2026-07-31T11:27:40.257,118.905,1197,,,,0,,,,1.5162,119.25,1.4347,-3840.75,1,20.0,auto:SEARCHING,+0.000,+0.000,+0.000,-0.400,1100,0,
1785511660.3567,2026-07-31T11:27:40.356,119.004,1198,,,,0,,,,1.5157,120.87,1.4342,-3839.13,1,20.0,auto:SEARCHING,+0.000,+0.000,+0.000,-0.400,1100,0,
1785511660.4567,2026-07-31T11:27:40.456,119.104,1199,,,,0,,,,1.5128,124.13,1.4313,-3835.87,1,20.0,auto:SEARCHING,+0.000,+0.000,+0.025,-0.400,1100,0,
1785511660.5562,2026-07-31T11:27:40.556,119.203,1200,,,,0,,,,1.5077,127.36,1.4262,-3832.64,1,20.0,auto:SEARCHING,+0.000,+0.000,+0.063,-0.400,1100,0,
1785511660.6555,2026-07-31T11:27:40.655,119.303,1201,,,,0,,,,1.5058,129.00,1.4242,-3831.00,1,20.0,auto:SEARCHING,+0.000,+0.000,+0.090,-0.400,1100,0,
1785511660.7545,2026-07-31T11:27:40.754,119.402,1202,,,,0,,,,1.5063,132.20,1.4248,-3827.80,1,20.0,auto:SEARCHING,+0.000,+0.000,+0.117,-0.400,1100,0,
1785511660.8535,2026-07-31T11:27:40.853,119.501,1203,,,,0,,,,1.5021,133.80,1.4205,-3826.20,1,20.0,auto:SEARCHING,+0.000,+0.000,+0.139,-0.400,1100,0,
1785511660.9522,2026-07-31T11:27:40.952,119.599,1204,,,,0,,,,1.5002,137.00,1.4186,-3823.00,1,20.0,auto:SEARCHING,+0.000,+0.000,+0.157,-0.400,1100,0,
1785511661.0518,2026-07-31T11:27:41.051,119.699,1205,,,,0,,,,1.4992,138.59,1.4177,-3821.41,1,20.0,auto:SEARCHING,+0.000,+0.000,-0.800,-0.400,1100,0,
1785511661.1505,2026-07-31T11:27:41.150,119.798,1206,,,,0,,,,1.4957,141.72,1.4141,-3818.28,1,20.0,auto:SEARCHING,+0.000,+0.000,-0.800,-0.400,1100,0,
1785511661.2508,2026-07-31T11:27:41.250,119.898,1207,,,,0,,,,1.4926,144.87,1.4111,-3815.13,1,20.0,auto:SEARCHING,+0.000,+0.000,-0.800,-0.400,1100,0,
1785511661.3498,2026-07-31T11:27:41.349,119.997,1208,,,,0,,,,1.4953,146.49,1.4137,-3813.51,1,20.0,auto:SEARCHING,+0.000,+0.000,-0.800,-0.400,1100,0,
1785511661.4492,2026-07-31T11:27:41.449,120.096,1209,,,,0,,,,1.4908,149.38,1.4093,-3810.62,1,20.0,auto:SEARCHING,+0.000,+0.000,-0.800,-0.400,1100,0,
1785511661.5487,2026-07-31T11:27:41.548,120.196,1210,,,,0,,,,1.4975,150.76,1.4160,-3809.24,1,20.0,auto:SEARCHING,+0.000,+0.000,-0.800,-0.400,1100,0,
1785511661.6476,2026-07-31T11:27:41.647,120.295,1211,,,,0,,,,1.5102,153.37,1.4286,-3806.63,1,20.0,auto:SEARCHING,+0.000,+0.000,+0.180,-0.400,1100,0,
1785511661.7466,2026-07-31T11:27:41.746,120.394,1212,,,,0,,,,1.5102,155.94,1.4287,-3804.06,1,20.0,auto:SEARCHING,+0.000,+0.000,+0.165,-0.400,1100,0,
1785511661.8451,2026-07-31T11:27:41.845,120.492,1213,,,,0,,,,1.5122,157.25,1.4306,-3802.75,1,20.0,auto:SEARCHING,+0.000,+0.000,+0.147,-0.400,1100,0,
1785511661.9456,2026-07-31T11:27:41.945,120.593,1214,,,,0,,,,1.5113,159.96,1.4298,-3800.04,1,20.0,auto:SEARCHING,+0.000,+0.000,+0.124,-0.400,1100,0,
1785511662.0445,2026-07-31T11:27:42.044,120.692,1215,,,,0,,,,1.5174,161.35,1.4358,-3798.65,1,20.0,auto:SEARCHING,+0.000,+0.000,+0.094,-0.400,1100,0,
1785511662.1438,2026-07-31T11:27:42.143,120.791,1216,,,,0,,,,1.5193,164.20,1.4377,-3795.80,1,20.0,auto:SEARCHING,+0.000,+0.000,+0.066,-0.400,1100,0,
1785511662.2457,2026-07-31T11:27:42.245,120.893,1217,,,,0,,,,1.5145,167.13,1.4329,-3792.87,1,20.0,auto:SEARCHING,+0.000,+0.000,+0.037,-0.400,1100,0,
1785511662.3456,2026-07-31T11:27:42.345,120.993,1218,,,,0,,,,1.5154,168.66,1.4338,-3791.34,1,20.0,auto:SEARCHING,+0.000,+0.000,+0.010,-0.400,1100,0,
1785511662.4443,2026-07-31T11:27:42.444,121.092,1219,,,,0,,,,1.5202,171.74,1.4386,-3788.26,1,20.0,auto:SEARCHING,+0.000,+0.000,+0.000,-0.400,1100,0,
1785511662.5441,2026-07-31T11:27:42.544,121.191,1220,,,,0,,,,1.5141,173.32,1.4325,-3786.68,1,20.0,auto:SEARCHING,+0.000,+0.000,+0.000,-0.400,1100,0,
1785511662.6434,2026-07-31T11:27:42.643,121.291,1221,,,,0,,,,1.5157,176.49,1.4341,-3783.51,1,20.0,auto:SEARCHING,+0.000,+0.000,+0.000,-0.400,1100,0,
1785511662.7422,2026-07-31T11:27:42.742,121.389,1222,,,,0,,,,1.5156,179.70,1.4340,-3780.30,1,20.0,auto:SEARCHING,+0.000,+0.000,+0.000,-0.400,1100,0,
1785511662.8417,2026-07-31T11:27:42.841,121.489,1223,,,,0,,,,1.5188,-178.71,1.4372,-3778.71,1,20.0,auto:SEARCHING,+0.000,+0.000,+0.000,-0.400,1100,0,
1785511662.9404,2026-07-31T11:27:42.940,121.588,1224,,,,0,,,,1.5109,-175.50,1.4293,-3775.50,1,20.0,auto:SEARCHING,+0.000,+0.000,+0.000,-0.400,1100,0,
1785511663.0397,2026-07-31T11:27:43.039,121.687,1225,,,,0,,,,1.5140,-173.90,1.4325,-3773.90,1,20.0,auto:SEARCHING,+0.000,+0.000,+0.000,-0.400,1100,0,
1785511663.1388,2026-07-31T11:27:43.138,121.786,1226,,,,0,,,,1.5108,-170.65,1.4292,-3770.65,1,20.0,auto:SEARCHING,+0.000,+0.000,+0.000,-0.400,1100,0,
1785511663.2397,2026-07-31T11:27:43.239,121.887,1227,,,,0,,,,1.5120,-167.40,1.4304,-3767.40,1,20.0,auto:SEARCHING,+0.000,+0.000,+0.000,-0.400,1100,0,
1785511663.3386,2026-07-31T11:27:43.338,121.986,1228,,,,0,,,,1.5057,-165.77,1.4241,-3765.77,1,20.0,auto:SEARCHING,+0.000,+0.000,+0.000,-0.400,1100,0,
1785511663.4382,2026-07-31T11:27:43.438,122.085,1229,,,,0,,,,1.5096,-162.50,1.4281,-3762.50,1,20.0,auto:SEARCHING,+0.000,+0.000,+0.000,-0.400,1100,0,
1785511663.5373,2026-07-31T11:27:43.537,122.185,1230,,,,0,,,,1.5065,-160.87,1.4249,-3760.87,1,20.0,auto:SEARCHING,+0.000,+0.000,+0.000,-0.400,1100,0,
1785511663.6364,2026-07-31T11:27:43.636,122.284,1231,,,,0,,,,1.5024,-157.66,1.4209,-3757.66,1,20.0,auto:SEARCHING,+0.000,+0.000,+0.000,-0.400,1100,0,
1785511663.7357,2026-07-31T11:27:43.735,122.383,1232,,,,0,,,,1.5000,-156.06,1.4185,-3756.06,1,20.0,auto:SEARCHING,+0.000,+0.000,+0.000,-0.400,1100,0,
1785511663.8345,2026-07-31T11:27:43.834,122.482,1233,,,,0,,,,1.5024,-152.91,1.4208,-3752.91,1,20.0,auto:SEARCHING,+0.000,+0.000,+0.000,-0.400,1100,0,
1785511663.9336,2026-07-31T11:27:43.933,122.581,1234,,,,0,,,,1.4944,-149.78,1.4128,-3749.78,1,20.0,auto:SEARCHING,+0.000,+0.000,-0.800,-0.400,1100,0,
1785511664.0327,2026-07-31T11:27:44.032,122.680,1235,,,,0,,,,1.4929,-148.29,1.4114,-3748.29,1,20.0,auto:SEARCHING,+0.000,+0.000,-0.800,-0.400,1100,0,
1785511664.1314,2026-07-31T11:27:44.131,122.779,1236,,,,0,,,,1.4862,-145.41,1.4047,-3745.41,1,20.0,auto:SEARCHING,+0.000,+0.000,-0.800,-0.400,1100,0,
1785511664.2305,2026-07-31T11:27:44.230,122.878,1237,,,,0,,,,1.4850,-143.99,1.4035,-3743.99,1,20.0,auto:SEARCHING,+0.000,+0.000,-0.800,-0.400,1100,0,
1785511664.3298,2026-07-31T11:27:44.329,122.977,1238,,,,0,,,,1.4911,-141.14,1.4095,-3741.14,1,20.0,auto:SEARCHING,+0.000,+0.000,-0.800,-0.400,1100,0,
1785511664.4285,2026-07-31T11:27:44.428,123.076,1239,,,,0,,,,1.4898,-138.30,1.4082,-3738.30,1,20.0,auto:RESET,+0.000,+0.000,-0.800,+0.000,1100,0,
1785511664.5277,2026-07-31T11:27:44.527,123.175,1240,,,,0,,,,1.4934,-136.92,1.4118,-3736.92,1,20.0,auto:RESET,+0.000,+0.000,-0.800,+0.000,1100,0,
1785511664.6267,2026-07-31T11:27:44.626,123.274,1241,,,,0,,,,1.5016,-134.95,1.4200,-3734.95,1,20.0,auto:RESET,+0.000,+0.000,+0.000,+0.000,1100,0,
1785511664.7254,2026-07-31T11:27:44.725,123.373,1242,,,,0,,,,1.5000,-134.33,1.4185,-3734.33,1,20.0,auto:RESET,+0.000,+0.000,+0.000,+0.000,1100,0,
1785511664.8240,2026-07-31T11:27:44.824,123.471,1243,,,,0,,,,1.5134,-133.52,1.4318,-3733.52,1,20.0,auto:RESET,+0.000,+0.000,+0.000,+0.000,1100,0,
1785511664.9239,2026-07-31T11:27:44.923,123.571,1244,,,,0,,,,1.5172,-133.01,1.4357,-3733.01,1,20.0,auto:RESET,+0.000,+0.000,+0.000,+0.000,1100,0,
1785511665.0239,2026-07-31T11:27:45.023,123.671,1245,,,,0,,,,1.5172,-132.84,1.4356,-3732.84,1,20.0,auto:RESET,+0.000,+0.000,+0.000,+0.000,1100,0,
1785511665.1236,2026-07-31T11:27:45.123,123.771,1246,,,,0,,,,1.5211,-132.60,1.4395,-3732.60,1,20.0,auto:RESET,+0.000,+0.000,+0.000,+0.000,1100,0,
1785511665.2224,2026-07-31T11:27:45.222,123.870,1247,,,,0,,,,1.5267,-132.53,1.4452,-3732.53,1,20.0,auto:RESET,+0.000,+0.000,+0.000,+0.000,1100,0,
1785511665.3220,2026-07-31T11:27:45.322,123.969,1248,,,,0,,,,1.5231,-132.46,1.4415,-3732.46,1,20.0,auto:RESET,+0.000,+0.000,+0.000,+0.000,1100,0,
1785511665.4217,2026-07-31T11:27:45.421,124.069,1249,,,,0,,,,1.5304,-132.49,1.4488,-3732.49,1,20.0,auto:RESET,+0.600,+0.000,+0.000,+0.000,1100,0,
1785511665.5207,2026-07-31T11:27:45.520,124.168,1250,,,,0,,,,1.5264,-132.53,1.4448,-3732.53,1,20.0,auto:RESET,+0.600,+0.000,+0.000,+0.000,1100,0,
1785511665.6197,2026-07-31T11:27:45.619,124.267,1251,,,,0,,,,1.5327,-132.59,1.4511,-3732.59,1,20.0,auto:RESET,+0.600,+0.000,+0.000,+0.000,1100,0,
1785511665.7184,2026-07-31T11:27:45.718,124.366,1252,,,,0,,,,1.5312,-132.83,1.4496,-3732.83,1,20.0,auto:RESET,+0.600,+0.000,+0.000,+0.000,1100,0,
1785511665.8175,2026-07-31T11:27:45.817,124.465,1253,,,,0,,,,1.5330,-132.82,1.4514,-3732.82,1,20.0,auto:RESET,+0.600,+0.000,+0.000,+0.000,1100,0,
1785511665.9176,2026-07-31T11:27:45.917,124.565,1254,,,,0,,,,1.5331,-132.90,1.4515,-3732.90,1,20.0,auto:RESET,+0.600,+0.000,+0.000,+0.000,1100,0,
1785511666.0177,2026-07-31T11:27:46.017,124.665,1255,,,,0,,,,1.5258,-133.14,1.4442,-3733.14,1,20.0,auto:RESET,+0.600,+0.000,+0.000,+0.000,1100,0,
1785511666.1164,2026-07-31T11:27:46.116,124.764,1256,,,,0,,,,1.5319,-134.74,1.4504,-3734.74,1,20.0,auto:RESET,+0.600,+0.000,+0.000,+0.000,1100,0,
1785511666.2160,2026-07-31T11:27:46.216,124.863,1257,,,,0,,,,1.5227,-136.32,1.4412,-3736.32,1,20.0,auto:RESET,+0.600,+0.000,+0.000,+0.000,1100,0,
1785511666.3163,2026-07-31T11:27:46.316,124.964,1258,,,,0,,,,1.5192,-138.93,1.4376,-3738.93,1,20.0,auto:RESET,+0.600,+0.000,+0.000,+0.000,1100,0,
1785511666.4152,2026-07-31T11:27:46.415,125.062,1259,,,,0,,,,1.5311,-140.10,1.4495,-3740.10,1,20.0,auto:RESET,+0.000,+0.000,+0.000,-0.800,1100,0,
1785511666.5142,2026-07-31T11:27:46.514,125.161,1260,,,,0,,,,1.5186,-141.57,1.4370,-3741.57,1,20.0,auto:RESET,+0.000,+0.000,+0.000,-0.800,1100,0,
1785511666.6148,2026-07-31T11:27:46.614,125.262,1261,,,,0,,,,1.5055,-141.31,1.4239,-3741.31,1,20.0,auto:RESET,+0.000,+0.000,+0.000,-0.800,1100,0,
1785511666.7135,2026-07-31T11:27:46.713,125.361,1262,,,,0,,,,1.5033,-140.15,1.4217,-3740.15,1,20.0,auto:RESET,+0.000,+0.000,+0.000,-0.800,1100,0,
1785511666.8131,2026-07-31T11:27:46.813,125.460,1263,,,,0,,,,1.5058,-136.78,1.4243,-3736.78,1,20.0,auto:RESET,+0.000,+0.000,+0.000,-0.800,1100,0,
1785511666.9125,2026-07-31T11:27:46.912,125.560,1264,,,,0,,,,1.4995,-134.68,1.4180,-3734.68,1,20.0,auto:RESET,+0.000,+0.000,-0.800,-0.800,1100,0,
1785511667.0116,2026-07-31T11:27:47.011,125.659,1265,,,,0,,,,1.5018,-130.08,1.4202,-3730.08,1,20.0,auto:RESET,+0.000,+0.000,+0.000,-0.800,1100,0,
1785511667.1104,2026-07-31T11:27:47.110,125.758,1266,,,,0,,,,1.5042,-127.36,1.4227,-3727.36,1,20.0,auto:RESET,+0.000,+0.000,+0.000,-0.800,1100,0,
1785511667.2100,2026-07-31T11:27:47.209,125.857,1267,,,,0,,,,1.5049,-120.76,1.4233,-3720.76,1,20.0,auto:RESET,+0.000,+0.000,+0.000,-0.800,1100,0,
1785511667.3110,2026-07-31T11:27:47.310,125.958,1268,,,,0,,,,1.5094,-113.27,1.4279,-3713.27,1,20.0,auto:RESET,+0.000,+0.000,+0.000,-0.800,1100,0,
1785511667.4122,2026-07-31T11:27:47.412,126.059,1269,,,,0,,,,1.5136,-109.39,1.4321,-3709.39,1,20.0,auto:RESET,+0.000,+0.000,+0.000,-0.800,1100,0,
1785511667.5113,2026-07-31T11:27:47.511,126.159,1270,,,,0,,,,1.5045,-101.47,1.4229,-3701.47,1,20.0,auto:SEARCHING,+0.000,+0.000,+0.039,-0.400,1100,0,
1785511667.6107,2026-07-31T11:27:47.610,126.258,1271,,,,0,,,,1.5122,-98.58,1.4306,-3698.58,1,20.0,auto:SEARCHING,+0.000,+0.000,+0.062,-0.400,1100,0,
1785511667.7102,2026-07-31T11:27:47.710,126.357,1272,,,,0,,,,1.5155,-94.98,1.4339,-3694.98,1,20.0,auto:SEARCHING,+0.000,+0.000,+0.089,-0.400,1100,0,
1785511667.8097,2026-07-31T11:27:47.809,126.457,1273,,,,0,,,,1.5082,-92.92,1.4267,-3692.92,1,20.0,auto:SEARCHING,+0.000,+0.000,+0.123,-0.400,1100,0,
1785511667.9088,2026-07-31T11:27:47.908,126.556,1274,,,,0,,,,1.5076,-91.94,1.4260,-3691.94,1,20.0,auto:SEARCHING,+0.000,+0.000,+0.143,-0.400,1100,0,
1785511668.0078,2026-07-31T11:27:48.007,126.655,1275,,,,0,,,,1.5075,-89.58,1.4259,-3689.58,1,20.0,auto:SEARCHING,+0.000,+0.000,+0.162,-0.400,1100,0,
1785511668.1068,2026-07-31T11:27:48.106,126.754,1276,,,,0,,,,1.5033,-86.91,1.4217,-3686.91,1,20.0,auto:SEARCHING,+0.000,+0.000,+0.177,-0.400,1100,0,
1785511668.2059,2026-07-31T11:27:48.205,126.853,1277,,,,0,,,,1.5025,-85.56,1.4210,-3685.56,1,20.0,auto:SEARCHING,+0.000,+0.000,+0.192,-0.400,1100,0,
1785511668.3060,2026-07-31T11:27:48.306,126.953,1278,,,,0,,,,1.4959,-82.78,1.4144,-3682.78,1,20.0,auto:SEARCHING,+0.000,+0.000,+0.198,-0.400,1100,0,
1785511668.4066,2026-07-31T11:27:48.406,127.054,1279,,,,0,,,,1.4922,-81.40,1.4107,-3681.40,1,20.0,auto:SEARCHING,+0.000,+0.000,-0.800,-0.400,1100,0,
1785511668.5056,2026-07-31T11:27:48.505,127.153,1280,,,,0,,,,1.4877,-78.63,1.4062,-3678.63,1,20.0,auto:SEARCHING,+0.000,+0.000,-0.800,-0.400,1100,0,
1785511668.6046,2026-07-31T11:27:48.604,127.252,1281,,,,0,,,,1.4831,-77.19,1.4015,-3677.19,1,20.0,auto:SEARCHING,+0.000,+0.000,-0.800,-0.400,1100,0,
1785511668.7032,2026-07-31T11:27:48.703,127.350,1282,,,,0,,,,1.4744,-74.31,1.3929,-3674.31,1,20.0,auto:SEARCHING,+0.000,+0.000,-0.800,-0.400,1100,0,
1785511668.8025,2026-07-31T11:27:48.802,127.450,1283,,,,0,,,,1.4805,-71.50,1.3989,-3671.50,1,20.0,auto:SEARCHING,+0.000,+0.000,-0.800,-0.400,1100,0,
1785511668.9014,2026-07-31T11:27:48.901,127.549,1284,,,,0,,,,1.4786,-70.09,1.3970,-3670.09,1,20.0,auto:SEARCHING,+0.000,+0.000,-0.800,-0.400,1100,0,
1785511669.0003,2026-07-31T11:27:49.000,127.648,1285,,,,0,,,,1.4844,-67.33,1.4029,-3667.33,1,20.0,auto:SEARCHING,+0.000,+0.000,-0.800,-0.400,1100,0,
1785511669.1005,2026-07-31T11:27:49.100,127.748,1286,,,,0,,,,1.4891,-65.94,1.4075,-3665.94,1,20.0,auto:SEARCHING,+0.000,+0.000,-0.800,-0.400,1100,0,
1785511669.1998,2026-07-31T11:27:49.199,127.847,1287,,,,0,,,,1.4950,-63.14,1.4134,-3663.14,1,20.0,auto:SEARCHING,+0.000,+0.000,-0.800,-0.400,1100,0,
1785511669.2993,2026-07-31T11:27:49.299,127.947,1288,,,,0,,,,1.5003,-60.32,1.4187,-3660.32,1,20.0,auto:SEARCHING,+0.000,+0.000,-0.800,-0.400,1100,0,
1785511669.3991,2026-07-31T11:27:49.399,128.046,1289,,,,0,,,,1.5074,-58.91,1.4259,-3658.91,1,20.0,auto:SEARCHING,+0.000,+0.000,+0.002,-0.400,1100,0,
1785511669.4992,2026-07-31T11:27:49.499,128.147,1290,,,,0,,,,1.5150,-56.05,1.4334,-3656.05,1,20.0,auto:SEARCHING,+0.000,+0.000,+0.000,-0.400,1100,0,
1785511669.5989,2026-07-31T11:27:49.598,128.246,1291,,,,0,,,,1.5187,-54.58,1.4371,-3654.58,1,20.0,auto:SEARCHING,+0.000,+0.000,+0.000,-0.400,1100,0,
1785511669.6978,2026-07-31T11:27:49.697,128.345,1292,,,,0,,,,1.5283,-51.53,1.4467,-3651.53,1,20.0,auto:SEARCHING,+0.000,+0.000,+0.000,-0.400,1100,0,
1785511669.7965,2026-07-31T11:27:49.796,128.444,1293,,,,0,,,,1.5287,-49.93,1.4471,-3649.93,1,20.0,auto:SEARCHING,+0.000,+0.000,+0.000,-0.400,1100,0,
1785511669.8961,2026-07-31T11:27:49.896,128.543,1294,,,,0,,,,1.5331,-46.63,1.4515,-3646.63,1,20.0,auto:SEARCHING,+0.000,+0.000,+0.000,-0.400,1100,0,
1785511669.9955,2026-07-31T11:27:49.995,128.643,1295,,,,0,,,,1.5353,-43.18,1.4538,-3643.18,1,20.0,auto:SEARCHING,+0.000,+0.000,+0.000,-0.400,1100,0,
1785511670.0945,2026-07-31T11:27:50.094,128.742,1296,,,,0,,,,1.5398,-41.43,1.4582,-3641.43,1,20.0,auto:SEARCHING,+0.000,+0.000,+0.000,-0.400,1100,0,
1785511670.1938,2026-07-31T11:27:50.193,128.841,1297,,,,0,,,,1.5388,-37.87,1.4572,-3637.87,1,20.0,auto:SEARCHING,+0.000,+0.000,+0.000,-0.400,1100,0,
1785511670.2927,2026-07-31T11:27:50.292,128.940,1298,,,,0,,,,1.5390,-36.07,1.4575,-3636.07,1,20.0,auto:SEARCHING,+0.000,+0.000,+0.000,-0.400,1100,0,
1785511670.3915,2026-07-31T11:27:50.391,129.039,1299,,,,0,,,,1.5383,-32.50,1.4567,-3632.50,1,20.0,auto:SEARCHING,+0.000,+0.000,+0.000,-0.400,1100,0,
1785511670.4899,2026-07-31T11:27:50.489,129.137,1300,,,,0,,,,1.5436,-30.73,1.4621,-3630.73,1,20.0,auto:SEARCHING,+0.000,+0.000,+0.000,-0.400,1100,0,
1785511670.5890,2026-07-31T11:27:50.589,129.236,1301,,,,0,,,,1.5448,-27.19,1.4633,-3627.19,1,20.0,auto:SEARCHING,+0.000,+0.000,+0.000,-0.400,1100,0,
1785511670.6872,2026-07-31T11:27:50.687,129.334,1302,,,,0,,,,1.5432,-23.65,1.4617,-3623.65,1,20.0,auto:SEARCHING,+0.000,+0.000,+0.000,-0.400,1100,0,
1785511670.7863,2026-07-31T11:27:50.786,129.434,1303,,,,0,,,,1.5460,-21.87,1.4644,-3621.87,1,20.0,auto:SEARCHING,+0.000,+0.000,+0.000,-0.400,1100,0,
1785511670.8873,2026-07-31T11:27:50.887,129.535,1304,,,,0,,,,1.5444,-18.31,1.4629,-3618.31,1,20.0,auto:SEARCHING,+0.000,+0.000,+0.000,-0.400,1100,0,
1785511670.9868,2026-07-31T11:27:50.986,129.634,1305,,,,0,,,,1.5437,-14.76,1.4621,-3614.76,1,20.0,auto:SEARCHING,+0.000,+0.000,+0.000,-0.400,1100,0,
1785511671.0866,2026-07-31T11:27:51.086,129.734,1306,,,,0,,,,1.5441,-13.00,1.4626,-3613.00,1,20.0,auto:SEARCHING,+0.000,+0.000,+0.000,-0.400,1100,0,
1785511671.1858,2026-07-31T11:27:51.185,129.833,1307,,,,0,,,,1.5381,-9.51,1.4565,-3609.51,1,20.0,auto:SEARCHING,+0.000,+0.000,+0.000,-0.400,1100,0,
1785511671.2847,2026-07-31T11:27:51.284,129.932,1308,,,,0,,,,1.5404,-7.79,1.4588,-3607.79,1,20.0,auto:SEARCHING,+0.000,+0.000,+0.000,-0.400,1100,0,
1785511671.3838,2026-07-31T11:27:51.383,130.031,1309,,,,0,,,,1.5410,-4.37,1.4594,-3604.37,1,20.0,auto:SEARCHING,+0.000,+0.000,+0.000,-0.400,1100,0,
1785511671.4842,2026-07-31T11:27:51.484,130.131,1310,,,,0,,,,1.5405,-0.95,1.4590,-3600.95,1,20.0,auto:SEARCHING,+0.000,+0.000,+0.030,-0.400,1100,0,
1785511671.5838,2026-07-31T11:27:51.583,130.231,1311,,,,0,,,,1.5381,0.76,1.4566,-3599.24,1,20.0,auto:SEARCHING,+0.000,+0.000,+0.057,-0.400,1100,0,
1785511671.6828,2026-07-31T11:27:51.682,130.330,1312,,,,0,,,,1.5362,4.25,1.4547,-3595.75,1,20.0,auto:SEARCHING,+0.000,+0.000,+0.086,-0.400,1100,0,
1785511671.7815,2026-07-31T11:27:51.781,130.429,1313,,,,0,,,,1.5351,6.00,1.4535,-3594.00,1,20.0,auto:SEARCHING,+0.000,+0.000,+0.111,-0.400,1100,0,
1785511671.8811,2026-07-31T11:27:51.881,130.528,1314,,,,0,,,,1.5284,9.52,1.4468,-3590.48,1,20.0,auto:SEARCHING,+0.000,+0.000,+0.134,-0.400,1100,0,
1785511671.9800,2026-07-31T11:27:51.980,130.627,1315,,,,0,,,,1.5296,11.27,1.4480,-3588.73,1,20.0,auto:SEARCHING,+0.000,+0.000,+0.161,-0.400,1100,0,
1785511672.0787,2026-07-31T11:27:52.078,130.726,1316,,,,0,,,,1.5240,14.77,1.4425,-3585.23,1,20.0,auto:SEARCHING,+0.000,+0.000,+0.175,-0.400,1100,0,
1785511672.1776,2026-07-31T11:27:52.177,130.825,1317,,,,0,,,,1.5259,18.33,1.4443,-3581.67,1,20.0,auto:SEARCHING,+0.000,+0.000,+0.187,-0.400,1100,0,
1785511672.2775,2026-07-31T11:27:52.277,130.925,1318,,,,0,,,,1.5249,20.06,1.4433,-3579.94,1,20.0,auto:SEARCHING,+0.000,+0.000,+0.196,-0.400,1100,0,
1785511672.3763,2026-07-31T11:27:52.376,131.024,1319,,,,0,,,,1.5227,23.48,1.4411,-3576.52,1,20.0,auto:SEARCHING,+0.000,+0.000,+0.200,-0.400,1100,0,
1785511672.4755,2026-07-31T11:27:52.475,131.123,1320,,,,0,,,,1.5238,25.19,1.4422,-3574.81,1,20.0,auto:SEARCHING,+0.000,+0.000,+0.198,-0.400,1100,0,
1785511672.5748,2026-07-31T11:27:52.574,131.222,1321,,,,0,,,,1.5207,28.63,1.4392,-3571.37,1,20.0,auto:SEARCHING,+0.000,+0.000,+0.192,-0.400,1100,0,
1785511672.6738,2026-07-31T11:27:52.673,131.321,1322,,,,0,,,,1.5165,32.08,1.4349,-3567.92,1,20.0,auto:SEARCHING,+0.000,+0.000,+0.182,-0.400,1100,0,
1785511672.7725,2026-07-31T11:27:52.772,131.420,1323,,,,0,,,,1.5130,33.81,1.4315,-3566.19,1,20.0,auto:SEARCHING,+0.000,+0.000,+0.168,-0.400,1100,0,
1785511672.8717,2026-07-31T11:27:52.871,131.519,1324,,,,0,,,,1.5176,37.30,1.4360,-3562.70,1,20.0,auto:SEARCHING,+0.000,+0.000,+0.151,-0.400,1100,0,
1785511672.9704,2026-07-31T11:27:52.970,131.618,1325,,,,0,,,,1.5098,39.08,1.4283,-3560.92,1,20.0,auto:SEARCHING,+0.000,+0.000,+0.123,-0.400,1100,0,
1785511673.0697,2026-07-31T11:27:53.069,131.717,1326,,,,0,,,,1.5068,42.68,1.4252,-3557.32,1,20.0,auto:SEARCHING,+0.000,+0.000,+0.100,-0.400,1100,0,
1785511673.1686,2026-07-31T11:27:53.168,131.816,1327,,,,0,,,,1.5088,44.47,1.4272,-3555.53,1,20.0,auto:SEARCHING,+0.000,+0.000,+0.072,-0.400,1100,0,
1785511673.2673,2026-07-31T11:27:53.267,131.915,1328,,,,0,,,,1.5103,48.10,1.4288,-3551.90,1,20.0,auto:SEARCHING,+0.000,+0.000,+0.044,-0.400,1100,0,
1785511673.3683,2026-07-31T11:27:53.368,132.016,1329,,,,0,,,,1.5017,51.75,1.4201,-3548.25,1,20.0,auto:SEARCHING,+0.000,+0.000,+0.016,-0.400,1100,0,
1785511673.4680,2026-07-31T11:27:53.467,132.115,1330,,,,0,,,,1.5034,53.59,1.4218,-3546.41,1,20.0,auto:SEARCHING,+0.000,+0.000,+0.000,-0.400,1100,0,
1785511673.5682,2026-07-31T11:27:53.568,132.215,1331,,,,0,,,,1.5008,57.26,1.4193,-3542.74,1,20.0,auto:SEARCHING,+0.000,+0.000,+0.000,-0.400,1100,0,
1785511673.6692,2026-07-31T11:27:53.669,132.316,1332,,,,0,,,,1.4977,59.11,1.4162,-3540.89,1,20.0,auto:SEARCHING,+0.000,+0.000,-0.800,-0.400,1100,0,
1785511673.7702,2026-07-31T11:27:53.770,132.417,1333,,,,0,,,,1.4936,62.79,1.4121,-3537.21,1,20.0,auto:SEARCHING,+0.000,+0.000,-0.800,-0.400,1100,0,
1785511673.8698,2026-07-31T11:27:53.869,132.517,1334,,,,0,,,,1.4912,66.32,1.4096,-3533.68,1,20.0,auto:SEARCHING,+0.000,+0.000,-0.800,-0.400,1100,0,
1785511673.9691,2026-07-31T11:27:53.969,132.616,1335,,,,0,,,,1.4914,68.03,1.4098,-3531.97,1,20.0,auto:SEARCHING,+0.000,+0.000,-0.800,-0.400,1100,0,
1785511674.0692,2026-07-31T11:27:54.069,132.716,1336,,,,0,,,,1.4888,71.47,1.4073,-3528.53,1,20.0,auto:SEARCHING,+0.000,+0.000,-0.800,-0.400,1100,0,
1785511674.1681,2026-07-31T11:27:54.168,132.815,1337,,,,0,,,,1.4959,73.09,1.4143,-3526.91,1,20.0,auto:SEARCHING,+0.000,+0.000,-0.800,-0.400,1100,0,
1785511674.2683,2026-07-31T11:27:54.268,132.916,1338,,,,0,,,,1.4994,76.28,1.4179,-3523.72,1,20.0,auto:SEARCHING,+0.000,+0.000,-0.800,-0.400,1100,0,
1785511674.3675,2026-07-31T11:27:54.367,133.015,1339,,,,0,,,,1.5119,79.35,1.4304,-3520.65,1,20.0,auto:SEARCHING,+0.000,+0.000,+0.000,-0.400,1100,0,
1785511674.4665,2026-07-31T11:27:54.466,133.114,1340,,,,0,,,,1.5181,80.87,1.4365,-3519.13,1,20.0,auto:SEARCHING,+0.000,+0.000,+0.000,-0.400,1100,0,
1785511674.5657,2026-07-31T11:27:54.565,133.213,1341,,,,0,,,,1.5193,83.95,1.4378,-3516.05,1,20.0,auto:SEARCHING,+0.000,+0.000,+0.000,-0.400,1100,0,
1785511674.6648,2026-07-31T11:27:54.664,133.312,1342,,,,0,,,,1.5163,85.51,1.4348,-3514.49,1,20.0,auto:SEARCHING,+0.000,+0.000,+0.000,-0.400,1100,0,
1785511674.7639,2026-07-31T11:27:54.763,133.411,1343,,,,0,,,,1.5211,88.73,1.4396,-3511.27,1,20.0,auto:SEARCHING,+0.000,+0.000,+0.000,-0.400,1100,0,
1785511674.8628,2026-07-31T11:27:54.862,133.510,1344,,,,0,,,,1.5251,92.14,1.4435,-3507.86,1,20.0,auto:SEARCHING,+0.000,+0.000,+0.000,-0.400,1100,0,
1785511674.9618,2026-07-31T11:27:54.961,133.609,1345,,,,0,,,,1.5298,93.84,1.4482,-3506.16,1,20.0,auto:SEARCHING,+0.000,+0.000,+0.000,-0.400,1100,0,
1785511675.0605,2026-07-31T11:27:55.060,133.708,1346,,,,0,,,,1.5257,97.34,1.4441,-3502.66,1,20.0,auto:SEARCHING,+0.000,+0.000,+0.000,-0.400,1100,0,
1785511675.1612,2026-07-31T11:27:55.161,133.808,1347,,,,0,,,,1.5286,99.14,1.4470,-3500.86,1,20.0,auto:SEARCHING,+0.000,+0.000,+0.000,-0.400,1100,0,
1785511675.2595,2026-07-31T11:27:55.259,133.907,1348,,,,0,,,,1.5351,102.73,1.4535,-3497.27,1,20.0,auto:SEARCHING,+0.000,+0.000,+0.000,-0.400,1100,0,
1785511675.3584,2026-07-31T11:27:55.358,134.006,1349,,,,0,,,,1.5307,106.31,1.4491,-3493.69,1,20.0,auto:SEARCHING,+0.000,+0.000,+0.000,-0.400,1100,0,
1785511675.4565,2026-07-31T11:27:55.456,134.104,1350,,,,0,,,,1.5275,108.08,1.4459,-3491.92,1,20.0,auto:SEARCHING,+0.000,+0.000,+0.017,-0.400,1100,0,
1785511675.5555,2026-07-31T11:27:55.555,134.203,1351,,,,0,,,,1.5332,111.59,1.4516,-3488.41,1,20.0,auto:SEARCHING,+0.000,+0.000,+0.047,-0.400,1100,0,
1785511675.6551,2026-07-31T11:27:55.655,134.302,1352,,,,0,,,,1.5333,113.34,1.4518,-3486.66,1,20.0,auto:SEARCHING,+0.000,+0.000,+0.074,-0.400,1100,0,
1785511675.7543,2026-07-31T11:27:55.754,134.402,1353,,,,0,,,,1.5297,116.86,1.4481,-3483.14,1,20.0,auto:SEARCHING,+0.000,+0.000,+0.108,-0.400,1100,0,
1785511675.8536,2026-07-31T11:27:55.853,134.501,1354,,,,0,,,,1.5356,118.62,1.4540,-3481.38,1,20.0,auto:SEARCHING,+0.000,+0.000,+0.133,-0.400,1100,0,
1785511675.9527,2026-07-31T11:27:55.952,134.600,1355,,,,0,,,,1.5254,122.12,1.4439,-3477.88,1,20.0,auto:SEARCHING,+0.000,+0.000,+0.152,-0.400,1100,0,
1785511676.0517,2026-07-31T11:27:56.051,134.699,1356,,,,0,,,,1.5225,125.59,1.4410,-3474.41,1,20.0,auto:SEARCHING,+0.000,+0.000,+0.170,-0.400,1100,0,
1785511676.1507,2026-07-31T11:27:56.150,134.798,1357,,,,0,,,,1.5218,127.31,1.4403,-3472.69,1,20.0,auto:SEARCHING,+0.000,+0.000,+0.183,-0.400,1100,0,
1785511676.2498,2026-07-31T11:27:56.249,134.897,1358,,,,0,,,,1.5143,130.72,1.4328,-3469.28,1,20.0,auto:SEARCHING,+0.000,+0.000,+0.195,-0.400,1100,0,
1785511676.3489,2026-07-31T11:27:56.348,134.996,1359,,,,0,,,,1.5170,132.42,1.4354,-3467.58,1,20.0,auto:SEARCHING,+0.000,+0.000,+0.199,-0.400,1100,0,
1785511676.4476,2026-07-31T11:27:56.447,135.095,1360,,,,0,,,,1.5121,135.75,1.4305,-3464.25,1,20.0,auto:SEARCHING,+0.000,+0.000,+0.200,-0.400,1100,0,
1785511676.5466,2026-07-31T11:27:56.546,135.194,1361,,,,0,,,,1.5078,137.42,1.4262,-3462.58,1,20.0,auto:SEARCHING,+0.000,+0.000,+0.195,-0.400,1100,0,
1785511676.6469,2026-07-31T11:27:56.646,135.294,1362,,,,0,,,,1.5091,140.73,1.4275,-3459.27,1,20.0,auto:SEARCHING,+0.000,+0.000,+0.183,-0.400,1100,0,
1785511676.7473,2026-07-31T11:27:56.747,135.395,1363,,,,0,,,,1.5023,144.02,1.4207,-3455.98,1,20.0,auto:SEARCHING,+0.000,+0.000,+0.169,-0.400,1100,0,
1785511676.8466,2026-07-31T11:27:56.846,135.494,1364,,,,0,,,,1.4986,145.67,1.4170,-3454.33,1,20.0,auto:SEARCHING,+0.000,+0.000,-0.800,-0.400,1100,0,
1785511676.9457,2026-07-31T11:27:56.945,135.593,1365,,,,0,,,,1.4936,149.02,1.4121,-3450.98,1,20.0,auto:SEARCHING,+0.000,+0.000,-0.800,-0.400,1100,0,
1785511677.0452,2026-07-31T11:27:57.045,135.693,1366,,,,0,,,,1.4931,150.70,1.4116,-3449.30,1,20.0,auto:SEARCHING,+0.000,+0.000,-0.800,-0.400,1100,0,
1785511677.1444,2026-07-31T11:27:57.144,135.792,1367,,,,0,,,,1.4959,153.93,1.4144,-3446.07,1,20.0,auto:SEARCHING,+0.000,+0.000,-0.800,-0.400,1100,0,
1785511677.2449,2026-07-31T11:27:57.244,135.892,1368,,,,0,,,,1.5022,157.04,1.4207,-3442.96,1,20.0,auto:SEARCHING,+0.000,+0.000,+0.046,-0.400,1100,0,
1785511677.3437,2026-07-31T11:27:57.343,135.991,1369,,,,0,,,,1.5051,158.56,1.4236,-3441.44,1,20.0,auto:SEARCHING,+0.000,+0.000,+0.018,-0.400,1100,0,
1785511677.4428,2026-07-31T11:27:57.442,136.090,1370,,,,0,,,,1.5074,161.58,1.4258,-3438.42,1,20.0,auto:SEARCHING,+0.000,+0.000,+0.000,-0.400,1100,0,
1785511677.5428,2026-07-31T11:27:57.542,136.190,1371,,,,0,,,,1.5133,163.11,1.4317,-3436.89,1,20.0,auto:SEARCHING,+0.000,+0.000,+0.000,-0.400,1100,0,
1785511677.6419,2026-07-31T11:27:57.641,136.289,1372,,,,0,,,,1.5131,166.19,1.4316,-3433.81,1,20.0,auto:SEARCHING,+0.000,+0.000,+0.000,-0.400,1100,0,
1785511677.7412,2026-07-31T11:27:57.741,136.388,1373,,,,0,,,,1.5135,169.33,1.4320,-3430.67,1,20.0,auto:SEARCHING,+0.000,+0.000,+0.000,-0.400,1100,0,
1785511677.8412,2026-07-31T11:27:57.841,136.489,1374,,,,0,,,,1.5153,170.91,1.4338,-3429.09,1,20.0,auto:SEARCHING,+0.000,+0.000,+0.000,-0.400,1100,0,
1785511677.9413,2026-07-31T11:27:57.941,136.589,1375,,,,0,,,,1.5088,174.11,1.4272,-3425.89,1,20.0,auto:SEARCHING,+0.000,+0.000,+0.000,-0.400,1100,0,
1785511678.0397,2026-07-31T11:27:58.039,136.687,1376,,,,0,,,,1.5134,175.73,1.4318,-3424.27,1,20.0,auto:SEARCHING,+0.000,+0.000,+0.000,-0.400,1100,0,
1785511678.1390,2026-07-31T11:27:58.138,136.786,1377,,,,0,,,,1.5103,179.00,1.4287,-3421.00,1,20.0,auto:SEARCHING,+0.000,+0.000,+0.000,-0.400,1100,0,
1785511678.2382,2026-07-31T11:27:58.238,136.885,1378,,,,0,,,,1.5105,-177.69,1.4290,-3417.69,1,20.0,auto:SEARCHING,+0.000,+0.000,+0.000,-0.400,1100,0,
1785511678.3372,2026-07-31T11:27:58.337,136.984,1379,,,,0,,,,1.5086,-176.00,1.4270,-3416.00,1,20.0,auto:SEARCHING,+0.000,+0.000,+0.000,-0.400,1100,0,
1785511678.4358,2026-07-31T11:27:58.435,137.083,1380,,,,0,,,,1.5073,-172.56,1.4258,-3412.56,1,20.0,auto:SEARCHING,+0.000,+0.000,+0.000,-0.400,1100,0,
1785511678.5347,2026-07-31T11:27:58.534,137.182,1381,,,,0,,,,1.5057,-170.82,1.4241,-3410.82,1,20.0,auto:SEARCHING,+0.000,+0.000,+0.000,-0.400,1100,0,
1785511678.6339,2026-07-31T11:27:58.633,137.281,1382,,,,0,,,,1.5023,-167.35,1.4207,-3407.35,1,20.0,auto:SEARCHING,+0.000,+0.000,+0.000,-0.400,1100,0,
1785511678.7334,2026-07-31T11:27:58.733,137.381,1383,,,,0,,,,1.5015,-163.84,1.4199,-3403.84,1,20.0,auto:SEARCHING,+0.000,+0.000,+0.000,-0.400,1100,0,
1785511678.8326,2026-07-31T11:27:58.832,137.480,1384,,,,0,,,,1.5077,-162.11,1.4261,-3402.11,1,20.0,auto:SEARCHING,+0.000,+0.000,+0.000,-0.400,1100,0,
1785511678.9336,2026-07-31T11:27:58.933,137.581,1385,,,,0,,,,1.5024,-158.63,1.4209,-3398.63,1,20.0,auto:SEARCHING,+0.000,+0.000,-0.800,-0.400,1100,0,
1785511679.0332,2026-07-31T11:27:59.033,137.680,1386,,,,0,,,,1.4988,-156.90,1.4172,-3396.90,1,20.0,auto:SEARCHING,+0.000,+0.000,-0.800,-0.400,1100,0,
1785511679.1317,2026-07-31T11:27:59.131,137.779,1387,,,,0,,,,1.4978,-153.48,1.4162,-3393.48,1,20.0,auto:SEARCHING,+0.000,+0.000,-0.800,-0.400,1100,0,
1785511679.2307,2026-07-31T11:27:59.230,137.878,1388,,,,0,,,,1.4955,-150.15,1.4139,-3390.15,1,20.0,auto:SEARCHING,+0.000,+0.000,-0.800,-0.400,1100,0,
1785511679.3296,2026-07-31T11:27:59.329,137.977,1389,,,,0,,,,1.4927,-148.56,1.4112,-3388.56,1,20.0,auto:SEARCHING,+0.000,+0.000,-0.800,-0.400,1100,0,
1785511679.4286,2026-07-31T11:27:59.428,138.076,1390,,,,0,,,,1.4971,-145.37,1.4155,-3385.37,1,20.0,auto:SEARCHING,+0.000,+0.000,-0.800,-0.400,1100,0,
1785511679.5288,2026-07-31T11:27:59.528,138.176,1391,,,,0,,,,1.4983,-143.81,1.4167,-3383.81,1,20.0,auto:SEARCHING,+0.000,+0.000,-0.800,-0.400,1100,0,
1785511679.6276,2026-07-31T11:27:59.627,138.275,1392,,,,0,,,,1.5065,-140.77,1.4249,-3380.77,1,20.0,auto:SEARCHING,+0.000,+0.000,+0.072,-0.400,1100,0,
1785511679.7268,2026-07-31T11:27:59.726,138.374,1393,,,,0,,,,1.5106,-139.29,1.4291,-3379.29,1,20.0,auto:SEARCHING,+0.000,+0.000,+0.099,-0.400,1100,0,
1785511679.8259,2026-07-31T11:27:59.825,138.473,1394,,,,0,,,,1.5165,-136.36,1.4350,-3376.36,1,20.0,auto:SEARCHING,+0.000,+0.000,+0.122,-0.400,1100,0,
1785511679.9248,2026-07-31T11:27:59.924,138.572,1395,,,,0,,,,1.5160,-134.89,1.4345,-3374.89,1,20.0,auto:SEARCHING,+0.000,+0.000,+0.145,-0.400,1100,0,
1785511680.0236,2026-07-31T11:28:00.023,138.671,1396,,,,0,,,,1.5190,-131.85,1.4374,-3371.85,1,20.0,auto:SEARCHING,+0.000,+0.000,+0.168,-0.400,1100,0,
1785511680.1229,2026-07-31T11:28:00.122,138.770,1397,,,,0,,,,1.5193,-128.75,1.4378,-3368.75,1,20.0,auto:SEARCHING,+0.000,+0.000,+0.182,-0.400,1100,0,
1785511680.2220,2026-07-31T11:28:00.222,138.869,1398,,,,0,,,,1.5189,-127.17,1.4373,-3367.17,1,20.0,auto:SEARCHING,+0.000,+0.000,+0.192,-0.400,1100,0,
1785511680.3208,2026-07-31T11:28:00.320,138.968,1399,,,,0,,,,1.5162,-123.95,1.4346,-3363.95,1,20.0,auto:SEARCHING,+0.000,+0.000,+0.198,-0.400,1100,0,
1785511680.4201,2026-07-31T11:28:00.420,139.067,1400,,,,0,,,,1.5155,-122.33,1.4339,-3362.33,1,20.0,auto:SEARCHING,+0.000,+0.000,+0.200,-0.400,1100,0,
1785511680.5205,2026-07-31T11:28:00.520,139.168,1401,,,,0,,,,1.5217,-119.00,1.4401,-3359.00,1,20.0,auto:SEARCHING,+0.000,+0.000,+0.196,-0.400,1100,0,
1785511680.6197,2026-07-31T11:28:00.619,139.267,1402,,,,0,,,,1.5230,-115.61,1.4414,-3355.61,1,20.0,auto:SEARCHING,+0.000,+0.000,+0.188,-0.400,1100,0,
1785511680.7187,2026-07-31T11:28:00.718,139.366,1403,,,,0,,,,1.5184,-113.88,1.4369,-3353.88,1,20.0,auto:SEARCHING,+0.000,+0.000,+0.176,-0.400,1100,0,
1785511680.8178,2026-07-31T11:28:00.817,139.465,1404,,,,0,,,,1.5208,-110.42,1.4392,-3350.42,1,20.0,auto:SEARCHING,+0.000,+0.000,+0.159,-0.400,1100,0,
1785511680.9169,2026-07-31T11:28:00.916,139.564,1405,,,,0,,,,1.5199,-108.65,1.4383,-3348.65,1,20.0,auto:SEARCHING,+0.000,+0.000,+0.141,-0.400,1100,0,
1785511681.0166,2026-07-31T11:28:01.016,139.664,1406,,,,0,,,,1.5188,-105.13,1.4372,-3345.13,1,20.0,auto:SEARCHING,+0.000,+0.000,+0.111,-0.400,1100,0,
1785511681.1165,2026-07-31T11:28:01.116,139.764,1407,,,,0,,,,1.5208,-101.59,1.4393,-3341.59,1,20.0,auto:SEARCHING,+0.000,+0.000,+0.084,-0.400,1100,0,
1785511681.2175,2026-07-31T11:28:01.217,139.865,1408,,,,0,,,,1.5211,-99.86,1.4396,-3339.86,1,20.0,auto:SEARCHING,+0.000,+0.000,+0.059,-0.400,1100,0,
1785511681.3175,2026-07-31T11:28:01.317,139.965,1409,,,,0,,,,1.5163,-96.37,1.4347,-3336.37,1,20.0,auto:SEARCHING,+0.000,+0.000,+0.030,-0.400,1100,0,
1785511681.4167,2026-07-31T11:28:01.416,140.064,1410,,,,0,,,,1.5100,-94.60,1.4284,-3334.60,1,20.0,auto:SEARCHING,+0.000,+0.000,+0.000,-0.400,1100,0,
1785511681.5162,2026-07-31T11:28:01.516,140.163,1411,,,,0,,,,1.5030,-91.07,1.4214,-3331.07,1,20.0,auto:SEARCHING,+0.000,+0.000,+0.000,-0.400,1100,0,
1785511681.6151,2026-07-31T11:28:01.615,140.262,1412,,,,0,,,,1.5005,-87.50,1.4189,-3327.50,1,20.0,auto:SEARCHING,+0.000,+0.000,+0.000,-0.400,1100,0,
1785511681.7136,2026-07-31T11:28:01.713,140.361,1413,,,,0,,,,1.4990,-85.72,1.4174,-3325.72,1,20.0,auto:SEARCHING,+0.000,+0.000,-0.800,-0.400,1100,0,
1785511681.8129,2026-07-31T11:28:01.812,140.460,1414,,,,0,,,,1.4882,-82.19,1.4067,-3322.19,1,20.0,auto:SEARCHING,+0.000,+0.000,-0.800,-0.400,1100,0,
1785511681.9123,2026-07-31T11:28:01.912,140.560,1415,,,,0,,,,1.4834,-80.41,1.4018,-3320.41,1,20.0,auto:SEARCHING,+0.000,+0.000,-0.800,-0.400,1100,0,
1785511682.0111,2026-07-31T11:28:02.011,140.658,1416,,,,0,,,,1.4834,-76.91,1.4018,-3316.91,1,20.0,auto:SEARCHING,+0.000,+0.000,-0.800,-0.400,1100,0,
1785511682.1105,2026-07-31T11:28:02.110,140.758,1417,,,,0,,,,1.4818,-75.16,1.4002,-3315.16,1,20.0,idle,+0.000,+0.000,+0.000,+0.000,1100,0,
1785511682.2116,2026-07-31T11:28:02.211,140.859,1418,,,,0,,,,1.4805,-72.05,1.3989,-3312.05,1,20.0,idle,+0.000,+0.000,+0.000,+0.000,1100,0,
1785511682.3135,2026-07-31T11:28:02.313,140.961,1419,,,,0,,,,1.4801,-69.96,1.3985,-3309.96,1,20.0,idle,+0.000,+0.000,+0.000,+0.000,1100,0,
1785511682.4120,2026-07-31T11:28:02.412,141.059,1420,,,,0,,,,1.4815,-69.15,1.3999,-3309.15,1,20.0,idle,+0.000,+0.000,+0.000,+0.000,1100,0,
1785511682.5112,2026-07-31T11:28:02.511,141.158,1421,,,,0,,,,1.4816,-67.78,1.4000,-3307.78,1,20.0,idle,+0.000,+0.000,+0.000,+0.000,1100,0,
1785511682.6102,2026-07-31T11:28:02.610,141.257,1422,,,,0,,,,1.4790,-67.19,1.3975,-3307.19,1,20.0,idle,+0.000,+0.000,+0.000,+0.000,1100,0,
1785511682.7087,2026-07-31T11:28:02.708,141.356,1423,,,,0,,,,1.4697,-66.10,1.3881,-3306.10,1,20.0,idle,+0.000,+0.000,+0.000,+0.000,1100,0,
1785511682.8084,2026-07-31T11:28:02.808,141.456,1424,,,,0,,,,1.4664,-65.11,1.3849,-3305.11,1,20.0,idle,+0.000,+0.000,+0.000,+0.000,1100,0,
1785511682.9085,2026-07-31T11:28:02.908,141.556,1425,,,,0,,,,1.4653,-64.65,1.3838,-3304.65,1,20.0,idle,+0.000,+0.000,+0.000,+0.000,1100,0,
1785511683.0084,2026-07-31T11:28:03.008,141.656,1426,,,,0,,,,1.4550,-63.82,1.3734,-3303.82,1,20.0,idle,+0.000,+0.000,+0.000,+0.000,1100,0,
1785511683.1072,2026-07-31T11:28:03.107,141.754,1427,,,,0,,,,1.4552,-63.46,1.3737,-3303.46,1,20.0,idle,+0.000,+0.000,+0.000,+0.000,1100,0,
1785511683.2076,2026-07-31T11:28:03.207,141.855,1428,,,,0,,,,1.4474,-62.78,1.3659,-3302.78,1,20.0,idle,+0.000,+0.000,+0.000,+0.000,1100,0,
1785511683.3078,2026-07-31T11:28:03.307,141.955,1429,,,,0,,,,1.4416,-62.19,1.3601,-3302.19,1,20.0,idle,+0.000,+0.000,+0.000,+0.000,1100,0,
1785511683.4073,2026-07-31T11:28:03.407,142.055,1430,,,,0,,,,1.4416,-61.93,1.3600,-3301.93,1,20.0,idle,+0.000,+0.000,+0.000,+0.000,1100,0,
1785511683.5060,2026-07-31T11:28:03.506,142.153,1431,,,,0,,,,1.4387,-61.46,1.3571,-3301.46,1,20.0,idle,+0.000,+0.000,+0.000,+0.000,1100,0,
1785511683.6050,2026-07-31T11:28:03.604,142.252,1432,,,,0,,,,1.4353,-61.25,1.3538,-3301.25,1,20.0,idle,+0.000,+0.000,+0.000,+0.000,1100,0,
1785511683.7043,2026-07-31T11:28:03.704,142.352,1433,,,,0,,,,1.4299,-60.85,1.3483,-3300.85,1,20.0,idle,+0.000,+0.000,+0.000,+0.000,1100,0,
1785511683.8034,2026-07-31T11:28:03.803,142.451,1434,,,,0,,,,1.4259,-60.48,1.3443,-3300.48,1,20.0,idle,+0.000,+0.000,+0.000,+0.000,1100,0,
1785511683.9017,2026-07-31T11:28:03.901,142.549,1435,,,,0,,,,1.4279,-60.29,1.3463,-3300.29,1,20.0,idle,+0.000,+0.000,+0.000,+0.000,1100,0,
1785511684.0015,2026-07-31T11:28:04.001,142.649,1436,,,,0,,,,1.4171,-59.88,1.3355,-3299.88,1,20.0,idle,+0.000,+0.000,+0.000,+0.000,1100,0,
1785511684.1002,2026-07-31T11:28:04.100,142.747,1437,,,,0,,,,1.4161,-59.68,1.3345,-3299.68,1,20.0,idle,+0.000,+0.000,+0.000,+0.000,1100,0,
1785511684.1996,2026-07-31T11:28:04.199,142.847,1438,,,,0,,,,1.4063,-59.25,1.3248,-3299.25,1,20.0,idle,+0.000,+0.000,+0.000,+0.000,1100,0,
1785511684.3016,2026-07-31T11:28:04.301,142.949,1439,,,,0,,,,1.3986,-58.81,1.3171,-3298.81,1,20.0,idle,+0.000,+0.000,+0.000,+0.000,1100,0,
1785511684.4008,2026-07-31T11:28:04.400,143.048,1440,,,,0,,,,1.3952,-58.59,1.3137,-3298.59,1,20.0,idle,+0.000,+0.000,+0.000,+0.000,1100,0,
1785511684.4997,2026-07-31T11:28:04.499,143.147,1441,,,,0,,,,1.3845,-58.16,1.3029,-3298.16,1,20.0,idle,+0.000,+0.000,+0.000,+0.000,1100,0,
1785511684.5997,2026-07-31T11:28:04.599,143.247,1442,,,,0,,,,1.3796,-57.95,1.2981,-3297.95,1,20.0,idle,+0.000,+0.000,+0.000,+0.000,1100,0,
1785511684.6991,2026-07-31T11:28:04.699,143.346,1443,,,,0,,,,1.3699,-57.56,1.2883,-3297.56,1,20.0,idle,+0.000,+0.000,+0.000,+0.000,1100,0,
1785511684.7980,2026-07-31T11:28:04.798,143.445,1444,,,,0,,,,1.3629,-57.19,1.2814,-3297.19,1,20.0,idle,+0.000,+0.000,+0.000,+0.000,1100,0,
1785511684.8971,2026-07-31T11:28:04.897,143.544,1445,,,,0,,,,1.3552,-57.01,1.2736,-3297.01,1,20.0,idle,+0.000,+0.000,+0.000,+0.000,1100,0,
1785511684.9961,2026-07-31T11:28:04.996,143.643,1446,,,,0,,,,1.3457,-56.68,1.2642,-3296.68,1,20.0,idle,+0.000,+0.000,+0.000,+0.000,1100,0,
1785511685.0954,2026-07-31T11:28:05.095,143.743,1447,,,,0,,,,1.3444,-56.51,1.2629,-3296.51,1,20.0,idle,+0.000,+0.000,+0.000,+0.000,1100,0,
1785511685.1942,2026-07-31T11:28:05.194,143.841,1448,,,,0,,,,1.3301,-56.21,1.2485,-3296.21,1,20.0,idle,+0.000,+0.000,+0.000,+0.000,1100,0,
1785511685.2933,2026-07-31T11:28:05.293,143.941,1449,,,,0,,,,1.3206,-55.95,1.2391,-3295.95,1,20.0,idle,+0.000,+0.000,+0.000,+0.000,1100,0,
1785511685.3924,2026-07-31T11:28:05.392,144.040,1450,,,,0,,,,1.3142,-55.82,1.2327,-3295.82,1,20.0,idle,+0.000,+0.000,+0.000,+0.000,1100,0,
1785511685.4900,2026-07-31T11:28:05.490,144.137,1451,,,,0,,,,1.3087,-55.59,1.2271,-3295.59,1,20.0,idle,+0.000,+0.000,+0.000,+0.000,1100,0,
1785511685.5902,2026-07-31T11:28:05.590,144.237,1452,,,,0,,,,1.3042,-55.48,1.2227,-3295.48,1,20.0,idle,+0.000,+0.000,+0.000,+0.000,1100,0,
1785511685.6896,2026-07-31T11:28:05.689,144.337,1453,,,,0,,,,1.2945,-55.28,1.2129,-3295.28,1,20.0,idle,+0.000,+0.000,+0.000,+0.000,1100,0,
1785511685.7896,2026-07-31T11:28:05.789,144.437,1454,,,,0,,,,1.2880,-55.09,1.2064,-3295.09,1,20.0,idle,+0.000,+0.000,+0.000,+0.000,1100,0,
1785511685.8907,2026-07-31T11:28:05.890,144.538,1455,,,,0,,,,1.2820,-55.00,1.2004,-3295.00,1,20.0,idle,+0.000,+0.000,+0.000,+0.000,1100,0,
1785511685.9900,2026-07-31T11:28:05.990,144.637,1456,,,,0,,,,1.2760,-54.82,1.1945,-3294.82,1,20.0,idle,+0.000,+0.000,+0.000,+0.000,1100,0,
1785511686.0897,2026-07-31T11:28:06.089,144.737,1457,,,,0,,,,1.2698,-54.74,1.1883,-3294.74,1,20.0,idle,+0.000,+0.000,+0.000,+0.000,1100,0,
1785511686.1887,2026-07-31T11:28:06.188,144.836,1458,,,,0,,,,1.2634,-54.58,1.1819,-3294.58,1,20.0,idle,+0.000,+0.000,+0.000,+0.000,1100,0,
1785511686.2886,2026-07-31T11:28:06.288,144.936,1459,,,,0,,,,1.2552,-54.51,1.1736,-3294.51,1,20.0,idle,+0.000,+0.000,+0.000,+0.000,1100,0,
1785511686.3896,2026-07-31T11:28:06.389,145.037,1460,,,,0,,,,1.2523,-54.35,1.1708,-3294.35,1,20.0,idle,+0.000,+0.000,+0.000,+0.000,1100,0,
1785511686.4892,2026-07-31T11:28:06.489,145.137,1461,,,,0,,,,1.2417,-54.20,1.1602,-3294.20,1,20.0,idle,+0.000,+0.000,+0.000,+0.000,1100,0,
1785511686.5877,2026-07-31T11:28:06.587,145.235,1462,,,,0,,,,1.2378,-54.11,1.1562,-3294.11,1,20.0,idle,+0.000,+0.000,+0.000,+0.000,1100,0,
1785511686.6876,2026-07-31T11:28:06.687,145.335,1463,,,,0,,,,1.2255,-53.95,1.1439,-3293.95,1,20.0,idle,+0.000,+0.000,+0.000,+0.000,1100,0,
1785511686.7886,2026-07-31T11:28:06.788,145.436,1464,,,,0,,,,1.2206,-53.86,1.1390,-3293.86,1,20.0,idle,+0.000,+0.000,+0.000,+0.000,1100,0,
1785511686.8893,2026-07-31T11:28:06.889,145.537,1465,,,,0,,,,1.2097,-53.71,1.1281,-3293.71,1,20.0,idle,+0.000,+0.000,+0.000,+0.000,1100,0,
1785511686.9878,2026-07-31T11:28:06.987,145.635,1466,,,,0,,,,1.1944,-53.55,1.1129,-3293.55,1,20.0,idle,+0.000,+0.000,+0.000,+0.000,1100,0,
1785511687.0875,2026-07-31T11:28:07.087,145.735,1467,,,,0,,,,1.1951,-53.47,1.1135,-3293.47,1,20.0,idle,+0.000,+0.000,+0.000,+0.000,1100,0,
1785511687.1863,2026-07-31T11:28:07.186,145.834,1468,,,,0,,,,1.1818,-53.30,1.1003,-3293.30,1,20.0,idle,+0.000,+0.000,+0.000,+0.000,1100,0,
1785511687.2852,2026-07-31T11:28:07.285,145.932,1469,,,,0,,,,1.1750,-53.21,1.0934,-3293.21,1,20.0,idle,+0.000,+0.000,+0.000,+0.000,1100,0,
1785511687.3842,2026-07-31T11:28:07.384,146.031,1470,,,,0,,,,1.1619,-53.02,1.0803,-3293.02,1,20.0,idle,+0.000,+0.000,+0.000,+0.000,1100,0,
1785511687.4836,2026-07-31T11:28:07.483,146.131,1471,,,,0,,,,1.1515,-52.79,1.0700,-3292.79,1,20.0,idle,+0.000,+0.000,+0.000,+0.000,1100,0,
1785511687.5836,2026-07-31T11:28:07.583,146.231,1472,,,,0,,,,1.1438,-52.64,1.0622,-3292.64,1,20.0,idle,+0.000,+0.000,+0.000,+0.000,1100,0,
1785511687.6823,2026-07-31T11:28:07.682,146.330,1473,,,,0,,,,1.1359,-52.28,1.0543,-3292.28,1,20.0,idle,+0.000,+0.000,+0.000,+0.000,1100,0,
1785511687.7812,2026-07-31T11:28:07.781,146.428,1474,,,,0,,,,1.1267,-52.08,1.0451,-3292.08,1,20.0,idle,+0.000,+0.000,+0.000,+0.000,1100,0,
1785511687.8811,2026-07-31T11:28:07.881,146.528,1475,,,,0,,,,1.1133,-51.67,1.0318,-3291.67,1,20.0,idle,+0.000,+0.000,+0.000,+0.000,1100,0,
1785511687.9800,2026-07-31T11:28:07.980,146.627,1476,,,,0,,,,1.0995,-51.16,1.0180,-3291.16,1,20.0,idle,+0.000,+0.000,+0.000,+0.000,1100,0,
1785511688.0794,2026-07-31T11:28:08.079,146.727,1477,,,,0,,,,1.0977,-50.85,1.0161,-3290.85,1,20.0,idle,+0.000,+0.000,+0.000,+0.000,1100,0,
1785511688.1784,2026-07-31T11:28:08.178,146.826,1478,,,,0,,,,1.0790,-50.10,0.9975,-3290.10,1,20.0,idle,+0.000,+0.000,+0.000,+0.000,1100,0,
1785511688.2783,2026-07-31T11:28:08.278,146.926,1479,,,,0,,,,1.0643,-49.63,0.9827,-3289.63,1,20.0,idle,+0.000,+0.000,+0.000,+0.000,1100,0,
1785511688.3780,2026-07-31T11:28:08.378,147.025,1480,,,,0,,,,1.0531,-48.47,0.9715,-3288.47,1,20.0,idle,+0.000,+0.000,+0.000,+0.000,1100,0,
1785511688.4786,2026-07-31T11:28:08.478,147.126,1481,,,,0,,,,1.0397,-47.29,0.9582,-3287.29,1,20.0,idle,+0.000,+0.000,+0.000,+0.000,1100,0,
1785511688.5777,2026-07-31T11:28:08.577,147.225,1482,,,,0,,,,1.0322,-46.73,0.9506,-3286.73,1,20.0,idle,+0.000,+0.000,+0.000,+0.000,1100,0,
1785511688.6774,2026-07-31T11:28:08.677,147.325,1483,,,,0,,,,1.0165,-45.58,0.9349,-3285.58,1,20.0,idle,+0.000,+0.000,+0.000,+0.000,1100,0,
1785511688.7766,2026-07-31T11:28:08.776,147.424,1484,,,,0,,,,1.0079,-44.93,0.9264,-3284.93,1,20.0,idle,+0.000,+0.000,+0.000,+0.000,1100,0,
1785511688.8753,2026-07-31T11:28:08.875,147.523,1485,,,,0,,,,0.9859,-43.18,0.9043,-3283.18,1,20.0,idle,+0.000,+0.000,+0.000,+0.000,1100,0,
1785511688.9745,2026-07-31T11:28:08.974,147.622,1486,,,,0,,,,0.9667,-40.85,0.8851,-3280.85,1,20.0,idle,+0.000,+0.000,+0.000,+0.000,1100,0,
1785511689.0729,2026-07-31T11:28:09.072,147.720,1487,,,,0,,,,0.9552,-39.54,0.8736,-3279.54,1,20.0,idle,+0.000,+0.000,+0.000,+0.000,1100,0,
1785511689.1725,2026-07-31T11:28:09.172,147.820,1488,,,,0,,,,0.9251,-36.72,0.8435,-3276.72,1,20.0,idle,+0.000,+0.000,+0.000,+0.000,1100,0,
1785511689.2716,2026-07-31T11:28:09.271,147.919,1489,,,,0,,,,0.9079,-35.28,0.8264,-3275.28,1,20.0,idle,+0.000,+0.000,+0.000,+0.000,1100,0,
1785511689.3698,2026-07-31T11:28:09.369,148.017,1490,,,,0,,,,0.8797,-32.35,0.7981,-3272.35,1,20.0,idle,+0.000,+0.000,+0.000,+0.000,1100,0,
1785511689.4694,2026-07-31T11:28:09.469,148.117,1491,,,,0,,,,0.8630,-30.86,0.7814,-3270.86,1,20.0,idle,+0.000,+0.000,+0.000,+0.000,1100,0,
1785511689.5695,2026-07-31T11:28:09.569,148.217,1492,,,,0,,,,0.8324,-27.92,0.7509,-3267.92,1,20.0,idle,+0.000,+0.000,+0.000,+0.000,1100,0,
1785511689.6683,2026-07-31T11:28:09.668,148.316,1493,,,,0,,,,0.8037,-25.31,0.7221,-3265.31,1,20.0,idle,+0.000,+0.000,+0.000,+0.000,1100,0,
1785511689.7678,2026-07-31T11:28:09.767,148.415,1494,,,,0,,,,0.7893,-24.12,0.7078,-3264.12,1,20.0,idle,+0.000,+0.000,+0.000,+0.000,1100,0,
1785511689.8674,2026-07-31T11:28:09.867,148.515,1495,,,,0,,,,0.7704,-21.77,0.6889,-3261.77,1,20.0,idle,+0.000,+0.000,+0.000,+0.000,1100,0,
1785511689.9666,2026-07-31T11:28:09.966,148.614,1496,,,,0,,,,0.7578,-20.66,0.6763,-3260.66,1,20.0,idle,+0.000,+0.000,+0.000,+0.000,1100,0,
1785511690.0663,2026-07-31T11:28:10.066,148.714,1497,,,,0,,,,0.7344,-18.57,0.6529,-3258.57,1,20.0,idle,+0.000,+0.000,+0.000,+0.000,1100,0,
1785511690.1655,2026-07-31T11:28:10.165,148.813,1498,,,,0,,,,0.7291,-17.53,0.6475,-3257.53,1,20.0,idle,+0.000,+0.000,+0.000,+0.000,1100,0,
1785511690.2642,2026-07-31T11:28:10.264,148.911,1499,,,,0,,,,0.7037,-15.47,0.6221,-3255.47,1,20.0,idle,+0.000,+0.000,+0.000,+0.000,1100,0,
1785511690.3632,2026-07-31T11:28:10.363,149.010,1500,,,,0,,,,0.6835,-13.52,0.6019,-3253.52,1,20.0,idle,+0.000,+0.000,+0.000,+0.000,1100,0,
1785511690.4623,2026-07-31T11:28:10.462,149.110,1501,,,,0,,,,0.6723,-12.57,0.5908,-3252.57,1,20.0,idle,+0.000,+0.000,+0.000,+0.000,1100,0,
1785511690.5612,2026-07-31T11:28:10.561,149.208,1502,,,,0,,,,0.6517,-10.56,0.5701,-3250.56,1,20.0,idle,+0.000,+0.000,+0.000,+0.000,1100,0,
1785511690.6599,2026-07-31T11:28:10.659,149.307,1503,,,,0,,,,0.6359,-9.50,0.5543,-3249.50,1,20.0,idle,+0.000,+0.000,+0.000,+0.000,1100,0,
1785511690.7593,2026-07-31T11:28:10.759,149.407,1504,,,,0,,,,0.6144,-7.35,0.5328,-3247.35,1,20.0,idle,+0.000,+0.000,+0.000,+0.000,1100,0,
1785511690.8582,2026-07-31T11:28:10.858,149.505,1505,,,,0,,,,0.5910,-5.23,0.5094,-3245.23,1,20.0,idle,+0.000,+0.000,+0.000,+0.000,1100,0,
1785511690.9569,2026-07-31T11:28:10.956,149.604,1506,,,,0,,,,0.5768,-4.14,0.4952,-3244.14,1,20.0,idle,+0.000,+0.000,+0.000,+0.000,1100,0,
1785511691.0570,2026-07-31T11:28:11.056,149.704,1507,,,,0,,,,0.5489,-1.87,0.4674,-3241.87,1,20.0,idle,+0.000,+0.000,+0.000,+0.000,1100,0,
1785511691.1560,2026-07-31T11:28:11.156,149.803,1508,,,,0,,,,0.5143,0.51,0.4328,-3239.49,1,20.0,idle,+0.000,+0.000,+0.000,+0.000,1100,0,
1785511691.2551,2026-07-31T11:28:11.255,149.902,1509,,,,0,,,,0.5017,1.73,0.4201,-3238.27,1,20.0,idle,+0.000,+0.000,+0.000,+0.000,1100,0,
1785511691.3542,2026-07-31T11:28:11.354,150.001,1510,,,,0,,,,0.4663,4.13,0.3847,-3235.87,1,20.0,idle,+0.000,+0.000,+0.000,+0.000,1100,0,
1785511691.4538,2026-07-31T11:28:11.453,150.101,1511,,,,0,,,,0.4466,5.28,0.3650,-3234.72,1,20.0,idle,+0.000,+0.000,+0.000,+0.000,1100,0,
1785511691.5533,2026-07-31T11:28:11.553,150.201,1512,,,,0,,,,0.4098,7.46,0.3283,-3232.54,1,20.0,idle,+0.000,+0.000,+0.000,+0.000,1100,0,
1785511691.6519,2026-07-31T11:28:11.651,150.299,1513,,,,0,,,,0.3901,8.53,0.3085,-3231.47,1,20.0,idle,+0.000,+0.000,+0.000,+0.000,1100,0,
1785511691.7510,2026-07-31T11:28:11.751,150.398,1514,,,,0,,,,0.3515,10.51,0.2699,-3229.49,1,20.0,idle,+0.000,+0.000,+0.000,+0.000,1100,0,
1785511691.8500,2026-07-31T11:28:11.850,150.497,1515,,,,0,,,,0.3240,12.12,0.2424,-3227.88,1,20.0,idle,+0.000,+0.000,+0.000,+0.000,1100,0,
1785511691.9499,2026-07-31T11:28:11.949,150.597,1516,,,,0,,,,0.3091,12.83,0.2275,-3227.17,1,20.0,idle,+0.000,+0.000,+0.000,+0.000,1100,0,
1785511692.0495,2026-07-31T11:28:12.049,150.697,1517,,,,0,,,,0.2792,14.25,0.1977,-3225.75,1,20.0,idle,+0.000,+0.000,+0.000,+0.000,1100,0,
1785511692.1488,2026-07-31T11:28:12.148,150.796,1518,,,,0,,,,0.2689,15.03,0.1873,-3224.97,1,20.0,idle,+0.000,+0.000,+0.000,+0.000,1100,0,
1785511692.2471,2026-07-31T11:28:12.247,150.894,1519,,,,0,,,,0.2300,16.72,0.1484,-3223.28,1,20.0,idle,+0.000,+0.000,+0.000,+0.000,1100,0,
1785511692.3462,2026-07-31T11:28:12.346,150.993,1520,,,,0,,,,0.1938,18.53,0.1123,-3221.47,1,20.0,idle,+0.000,+0.000,+0.000,+0.000,1100,0,
1785511692.4450,2026-07-31T11:28:12.445,151.092,1521,,,,0,,,,0.1796,19.47,0.0981,-3220.53,1,20.0,idle,+0.000,+0.000,+0.000,+0.000,1100,0,
1785511692.5456,2026-07-31T11:28:12.545,151.193,1522,,,,0,,,,0.1447,21.34,0.0631,-3218.66,1,20.0,idle,+0.000,+0.000,+0.000,+0.000,1100,0,
1785511692.6448,2026-07-31T11:28:12.644,151.292,1523,,,,0,,,,0.1233,22.24,0.0418,-3217.76,1,20.0,idle,+0.000,+0.000,+0.000,+0.000,1100,0,
1785511692.7448,2026-07-31T11:28:12.744,151.392,1524,,,,0,,,,0.0905,24.03,0.0089,-3215.97,1,20.0,idle,+0.000,+0.000,+0.000,+0.000,1100,0,
1785511692.8433,2026-07-31T11:28:12.843,151.491,1525,,,,0,,,,0.0636,25.67,-0.0180,-3214.33,1,20.0,idle,+0.000,+0.000,+0.000,+0.000,1100,0,
1785511692.9429,2026-07-31T11:28:12.942,151.590,1526,,,,0,,,,0.0400,26.57,-0.0416,-3213.43,1,20.0,idle,+0.000,+0.000,+0.000,+0.000,1100,0,
1785511693.0427,2026-07-31T11:28:13.042,151.690,1527,,,,0,,,,0.0105,28.33,-0.0711,-3211.67,1,20.0,idle,+0.000,+0.000,+0.000,+0.000,1100,0,
1785511693.1411,2026-07-31T11:28:13.141,151.788,1528,,,,0,,,,-0.0048,29.14,-0.0863,-3210.86,1,20.0,idle,+0.000,+0.000,+0.000,+0.000,1100,0,
1785511693.2403,2026-07-31T11:28:13.240,151.888,1529,,,,0,,,,-0.0357,30.68,-0.1173,-3209.32,1,20.0,idle,+0.000,+0.000,+0.000,+0.000,1100,0,
1785511693.3392,2026-07-31T11:28:13.339,151.986,1530,,,,0,,,,-0.0664,32.12,-0.1479,-3207.88,1,20.0,idle,+0.000,+0.000,+0.000,+0.000,1100,0,
1785511693.4390,2026-07-31T11:28:13.439,152.086,1531,,,,0,,,,-0.0795,32.82,-0.1610,-3207.18,1,20.0,idle,+0.000,+0.000,+0.000,+0.000,1100,0,
1785511693.5389,2026-07-31T11:28:13.538,152.186,1532,,,,0,,,,-0.0985,34.29,-0.1800,-3205.71,1,20.0,idle,+0.000,+0.000,+0.000,+0.000,1100,0,
1785511693.6381,2026-07-31T11:28:13.638,152.285,1533,,,,0,,,,-0.1019,34.98,-0.1835,-3205.02,1,20.0,idle,+0.000,+0.000,+0.000,+0.000,1100,0,
1785511693.7375,2026-07-31T11:28:13.737,152.385,1534,,,,0,,,,-0.0997,34.64,-0.1813,-3205.36,1,20.0,idle,+0.000,+0.000,+0.000,+0.000,1100,0,
1785511693.8365,2026-07-31T11:28:13.836,152.484,1535,,,,0,,,,-0.0854,33.78,-0.1670,-3206.22,1,20.0,idle,+0.000,+0.000,+0.000,+0.000,1100,0,
1785511693.9355,2026-07-31T11:28:13.935,152.583,1536,,,,0,,,,-0.0706,32.59,-0.1522,-3207.41,1,20.0,idle,+0.000,+0.000,+0.000,+0.000,1100,0,
1785511694.0344,2026-07-31T11:28:14.034,152.682,1537,,,,0,,,,-0.0689,32.22,-0.1505,-3207.78,1,20.0,idle,+0.000,+0.000,+0.000,+0.000,1100,0,
1785511694.1333,2026-07-31T11:28:14.133,152.781,1538,,,,0,,,,-0.0714,31.46,-0.1529,-3208.54,1,20.0,idle,+0.000,+0.000,+0.000,+0.000,1100,0,
1785511694.2323,2026-07-31T11:28:14.232,152.880,1539,,,,0,,,,-0.0741,30.42,-0.1557,-3209.58,1,20.0,idle,+0.000,+0.000,+0.000,+0.000,1100,0,
1785511694.3311,2026-07-31T11:28:14.331,152.978,1540,,,,0,,,,-0.0792,29.66,-0.1607,-3210.34,1,20.0,idle,+0.000,+0.000,+0.000,+0.000,1100,0,
1785511694.4301,2026-07-31T11:28:14.430,153.077,1541,,,,0,,,,-0.0804,28.27,-0.1619,-3211.73,1,20.0,idle,+0.000,+0.000,+0.000,+0.000,1100,0,
1785511694.5297,2026-07-31T11:28:14.529,153.177,1542,,,,0,,,,-0.0786,26.96,-0.1602,-3213.04,1,20.0,idle,+0.000,+0.000,+0.000,+0.000,1100,0,
1785511694.6282,2026-07-31T11:28:14.628,153.275,1543,,,,0,,,,-0.0750,26.31,-0.1566,-3213.69,1,20.0,idle,+0.000,+0.000,+0.000,+0.000,1100,0,
1785511694.7271,2026-07-31T11:28:14.727,153.374,1544,,,,0,,,,-0.0771,24.97,-0.1586,-3215.03,1,20.0,idle,+0.000,+0.000,+0.000,+0.000,1100,0,
1785511694.8261,2026-07-31T11:28:14.826,153.473,1545,,,,0,,,,-0.0798,24.27,-0.1614,-3215.73,1,20.0,idle,+0.000,+0.000,+0.000,+0.000,1100,0,
1785511694.9269,2026-07-31T11:28:14.926,153.574,1546,,,,0,,,,-0.0793,22.95,-0.1609,-3217.05,1,20.0,idle,+0.000,+0.000,+0.000,+0.000,1100,0,
1785511695.0253,2026-07-31T11:28:15.025,153.673,1547,,,,0,,,,-0.0738,21.79,-0.1554,-3218.21,1,20.0,idle,+0.000,+0.000,+0.000,+0.000,1100,0,
1785511695.1245,2026-07-31T11:28:15.124,153.772,1548,,,,0,,,,-0.0698,21.27,-0.1513,-3218.73,1,20.0,idle,+0.000,+0.000,+0.000,+0.000,1100,0,
1785511695.2232,2026-07-31T11:28:15.223,153.870,1549,,,,0,,,,-0.0691,20.29,-0.1506,-3219.71,1,20.0,idle,+0.000,+0.000,+0.000,+0.000,1100,0,
1785511695.3221,2026-07-31T11:28:15.322,153.969,1550,,,,0,,,,-0.0656,19.81,-0.1472,-3220.19,1,20.0,idle,+0.000,+0.000,+0.000,+0.000,1100,0,
1785511695.4211,2026-07-31T11:28:15.421,154.068,1551,,,,0,,,,-0.0643,18.89,-0.1458,-3221.11,1,20.0,idle,+0.000,+0.000,+0.000,+0.000,1100,0,
1785511695.5215,2026-07-31T11:28:15.521,154.169,1552,,,,0,,,,-0.0652,18.42,-0.1468,-3221.58,1,20.0,idle,+0.000,+0.000,+0.000,+0.000,1100,0,
1785511695.6205,2026-07-31T11:28:15.620,154.268,1553,,,,0,,,,-0.0537,17.38,-0.1353,-3222.62,1,20.0,idle,+0.000,+0.000,+0.000,+0.000,1100,0,
1785511695.7196,2026-07-31T11:28:15.719,154.367,1554,,,,0,,,,-0.0522,16.29,-0.1338,-3223.71,1,20.0,idle,+0.000,+0.000,+0.000,+0.000,1100,0,
1785511695.8184,2026-07-31T11:28:15.818,154.466,1555,,,,0,,,,-0.0472,15.76,-0.1288,-3224.24,1,20.0,idle,+0.000,+0.000,+0.000,+0.000,1100,0,
1785511695.9171,2026-07-31T11:28:15.917,154.564,1556,,,,0,,,,-0.0410,14.77,-0.1225,-3225.23,1,20.0,idle,+0.000,+0.000,+0.000,+0.000,1100,0,
1785511696.0174,2026-07-31T11:28:16.017,154.665,1557,,,,0,,,,-0.0428,14.31,-0.1244,-3225.69,1,20.0,idle,+0.000,+0.000,+0.000,+0.000,1100,0,
1785511696.1161,2026-07-31T11:28:16.116,154.763,1558,,,,0,,,,-0.0350,13.44,-0.1166,-3226.56,1,20.0,idle,+0.000,+0.000,+0.000,+0.000,1100,0,
1785511696.2159,2026-07-31T11:28:16.215,154.863,1559,,,,0,,,,-0.0360,12.61,-0.1176,-3227.39,1,20.0,idle,+0.000,+0.000,+0.000,+0.000,1100,0,
1785511696.3146,2026-07-31T11:28:16.314,154.962,1560,,,,0,,,,-0.0395,12.19,-0.1210,-3227.81,1,20.0,idle,+0.000,+0.000,+0.000,+0.000,1100,0,
1785511696.4139,2026-07-31T11:28:16.413,155.061,1561,,,,0,,,,-0.0373,11.34,-0.1189,-3228.66,1,20.0,idle,+0.000,+0.000,+0.000,+0.000,1100,0,
1785511696.5145,2026-07-31T11:28:16.514,155.162,1562,,,,0,,,,-0.0398,10.92,-0.1214,-3229.08,1,20.0,idle,+0.000,+0.000,+0.000,+0.000,1100,0,
1785511696.6138,2026-07-31T11:28:16.613,155.261,1563,,,,0,,,,-0.0441,9.99,-0.1257,-3230.01,1,20.0,idle,+0.000,+0.000,+0.000,+0.000,1100,0,
1785511696.7139,2026-07-31T11:28:16.713,155.361,1564,,,,0,,,,-0.0424,9.61,-0.1240,-3230.39,1,20.0,idle,+0.000,+0.000,+0.000,+0.000,1100,0,
1785511696.8127,2026-07-31T11:28:16.812,155.460,1565,,,,0,,,,-0.0444,9.29,-0.1260,-3230.71,1,20.0,idle,+0.000,+0.000,+0.000,+0.000,1100,0,
1785511696.9123,2026-07-31T11:28:16.912,155.560,1566,,,,0,,,,-0.0485,8.26,-0.1301,-3231.74,1,20.0,idle,+0.000,+0.000,+0.000,+0.000,1100,0,
1785511697.0125,2026-07-31T11:28:17.012,155.660,1567,,,,0,,,,-0.0490,7.78,-0.1306,-3232.22,1,20.0,idle,+0.000,+0.000,+0.000,+0.000,1100,0,
1785511697.1117,2026-07-31T11:28:17.111,155.759,1568,,,,0,,,,-0.0579,6.44,-0.1394,-3233.56,1,20.0,idle,+0.000,+0.000,+0.000,+0.000,1100,0,
1785511697.2105,2026-07-31T11:28:17.210,155.858,1569,,,,0,,,,-0.0656,5.80,-0.1472,-3234.20,1,20.0,idle,+0.000,+0.000,+0.000,+0.000,1100,0,
1785511697.3110,2026-07-31T11:28:17.311,155.958,1570,,,,0,,,,-0.0710,4.48,-0.1526,-3235.52,1,20.0,idle,+0.000,+0.000,+0.000,+0.000,1100,0,
1785511697.4107,2026-07-31T11:28:17.410,156.058,1571,,,,0,,,,-0.0691,3.16,-0.1506,-3236.84,1,20.0,idle,+0.000,+0.000,+0.000,+0.000,1100,0,
1785511697.5099,2026-07-31T11:28:17.509,156.157,1572,,,,0,,,,-0.0720,2.55,-0.1536,-3237.45,1,20.0,idle,+0.000,+0.000,+0.000,+0.000,1100,0,
1785511697.6090,2026-07-31T11:28:17.609,156.256,1573,,,,0,,,,-0.0667,1.32,-0.1483,-3238.68,1,20.0,idle,+0.000,+0.000,+0.000,+0.000,1100,0,
1785511697.7083,2026-07-31T11:28:17.708,156.356,1574,,,,0,,,,-0.0640,0.79,-0.1456,-3239.21,1,20.0,idle,+0.000,+0.000,+0.000,+0.000,1100,0,
1785511697.8074,2026-07-31T11:28:17.807,156.455,1575,,,,0,,,,-0.0594,0.44,-0.1410,-3239.56,1,20.0,idle,+0.000,+0.000,+0.000,+0.000,1100,0,
1785511697.9065,2026-07-31T11:28:17.906,156.554,1576,,,,0,,,,-0.0635,0.90,-0.1450,-3239.10,1,20.0,idle,+0.000,+0.000,+0.000,+0.000,1100,0,
1785511698.0057,2026-07-31T11:28:18.005,156.653,1577,,,,0,,,,-0.0655,1.49,-0.1471,-3238.51,1,20.0,idle,+0.000,+0.000,+0.000,+0.000,1100,0,
1785511698.1044,2026-07-31T11:28:18.104,156.752,1578,,,,0,,,,-0.0654,2.09,-0.1469,-3237.91,1,20.0,idle,+0.000,+0.000,+0.000,+0.000,1100,0,
1785511698.2034,2026-07-31T11:28:18.203,156.851,1579,,,,0,,,,-0.0685,2.09,-0.1500,-3237.91,1,20.0,idle,+0.000,+0.000,+0.000,+0.000,1100,0,
1785511698.3030,2026-07-31T11:28:18.303,156.950,1580,,,,0,,,,-0.0600,2.80,-0.1416,-3237.20,1,20.0,idle,+0.000,+0.000,+0.000,+0.000,1100,0,
1785511698.4026,2026-07-31T11:28:18.402,157.050,1581,,,,0,,,,-0.0701,5.49,-0.1516,-3234.51,1,20.0,idle,+0.000,+0.000,+0.000,+0.000,1100,0,
1785511698.5017,2026-07-31T11:28:18.501,157.149,1582,,,,0,,,,-0.0742,7.26,-0.1557,-3232.74,1,20.0,idle,+0.000,+0.000,+0.000,+0.000,1100,0,
1785511698.6004,2026-07-31T11:28:18.600,157.248,1583,,,,0,,,,-0.0782,10.25,-0.1598,-3229.75,1,20.0,idle,+0.000,+0.000,+0.000,+0.000,1100,0,
1785511698.6996,2026-07-31T11:28:18.699,157.347,1584,,,,0,,,,-0.0748,11.45,-0.1564,-3228.55,1,20.0,idle,+0.000,+0.000,+0.000,+0.000,1100,0,
1785511698.7985,2026-07-31T11:28:18.798,157.446,1585,,,,0,,,,-0.0809,13.22,-0.1625,-3226.78,1,20.0,idle,+0.000,+0.000,+0.000,+0.000,1100,0,
1785511698.8978,2026-07-31T11:28:18.897,157.545,1586,,,,0,,,,-0.0900,13.99,-0.1716,-3226.01,1,20.0,idle,+0.000,+0.000,+0.000,+0.000,1100,0,
1785511698.9962,2026-07-31T11:28:18.996,157.643,1587,,,,0,,,,-0.0939,13.65,-0.1755,-3226.35,1,20.0,idle,+0.000,+0.000,+0.000,+0.000,1100,0,
1785511699.0970,2026-07-31T11:28:19.096,157.744,1588,,,,0,,,,-0.0759,11.94,-0.1575,-3228.06,1,20.0,idle,+0.000,+0.000,+0.000,+0.000,1100,0,
1785511699.1957,2026-07-31T11:28:19.195,157.843,1589,,,,0,,,,-0.0592,10.88,-0.1408,-3229.12,1,20.0,idle,+0.000,+0.000,+0.000,+0.000,1100,0,
1785511699.2953,2026-07-31T11:28:19.295,157.943,1590,,,,0,,,,-0.0590,11.31,-0.1405,-3228.69,1,20.0,idle,+0.000,+0.000,+0.000,+0.000,1100,0,
1785511699.3947,2026-07-31T11:28:19.394,158.042,1591,,,,0,,,,-0.0722,12.19,-0.1538,-3227.81,1,20.0,idle,+0.000,+0.000,+0.000,+0.000,1100,0,
1785511699.4928,2026-07-31T11:28:19.492,158.140,1592,,,,0,,,,-0.0751,13.69,-0.1567,-3226.31,1,20.0,idle,+0.000,+0.000,+0.000,+0.000,1100,0,
1785511699.5914,2026-07-31T11:28:19.591,158.239,1593,,,,0,,,,-0.0782,15.19,-0.1598,-3224.81,1,20.0,idle,+0.000,+0.000,+0.000,+0.000,1100,0,
1785511699.6915,2026-07-31T11:28:19.691,158.339,1594,,,,0,,,,-0.0766,15.73,-0.1582,-3224.27,1,20.0,idle,+0.000,+0.000,+0.000,+0.000,1100,0,
1785511699.7908,2026-07-31T11:28:19.790,158.438,1595,,,,0,,,,-0.0722,16.30,-0.1538,-3223.70,1,20.0,idle,+0.000,+0.000,+0.000,+0.000,1100,0,
1785511699.8895,2026-07-31T11:28:19.889,158.537,1596,,,,0,,,,-0.0685,16.86,-0.1501,-3223.14,1,20.0,idle,+0.000,+0.000,+0.000,+0.000,1100,0,
1785511699.9886,2026-07-31T11:28:19.988,158.636,1597,,,,0,,,,-0.0765,18.70,-0.1581,-3221.30,1,20.0,idle,+0.000,+0.000,+0.000,+0.000,1100,0,
1785511700.0874,2026-07-31T11:28:20.087,158.735,1598,,,,0,,,,-0.0789,19.41,-0.1604,-3220.59,1,20.0,idle,+0.000,+0.000,+0.000,+0.000,1100,0,
1785511700.1870,2026-07-31T11:28:20.186,158.834,1599,,,,0,,,,-0.0726,19.68,-0.1542,-3220.32,1,20.0,idle,+0.000,+0.000,+0.000,+0.000,1100,0,
1785511700.2866,2026-07-31T11:28:20.286,158.934,1600,,,,0,,,,-0.0662,19.73,-0.1477,-3220.27,1,20.0,idle,+0.000,+0.000,+0.000,+0.000,1100,0,
1785511700.3860,2026-07-31T11:28:20.386,159.033,1601,,,,0,,,,-0.0625,20.21,-0.1440,-3219.79,1,20.0,idle,+0.000,+0.000,+0.000,+0.000,1100,0,
1785511700.4848,2026-07-31T11:28:20.484,159.132,1602,,,,0,,,,-0.0608,22.70,-0.1424,-3217.30,1,20.0,idle,+0.000,+0.000,+0.000,+0.000,1100,0,
1785511700.5835,2026-07-31T11:28:20.583,159.231,1603,,,,0,,,,-0.0544,24.23,-0.1360,-3215.77,1,20.0,idle,+0.000,+0.000,+0.000,+0.000,1100,0,
1785511700.6827,2026-07-31T11:28:20.682,159.330,1604,,,,0,,,,-0.0764,25.28,-0.1580,-3214.72,1,20.0,idle,+0.000,+0.000,+0.000,+0.000,1100,0,
1785511700.7816,2026-07-31T11:28:20.781,159.429,1605,,,,0,,,,-0.0835,25.38,-0.1650,-3214.62,1,20.0,idle,+0.000,+0.000,+0.000,+0.000,1100,0,
1785511700.8808,2026-07-31T11:28:20.880,159.528,1606,,,,0,,,,-0.0764,25.11,-0.1580,-3214.89,1,20.0,idle,+0.000,+0.000,+0.000,+0.000,1100,0,
1785511700.9814,2026-07-31T11:28:20.981,159.629,1607,,,,0,,,,-0.0899,24.23,-0.1714,-3215.77,1,20.0,idle,+0.000,+0.000,+0.000,+0.000,1100,0,
1785511701.0805,2026-07-31T11:28:21.080,159.728,1608,,,,0,,,,-0.0885,23.92,-0.1700,-3216.08,1,20.0,idle,+0.000,+0.000,+0.000,+0.000,1100,0,
1785511701.1795,2026-07-31T11:28:21.179,159.827,1609,,,,0,,,,-0.0911,23.97,-0.1726,-3216.03,1,20.0,idle,+0.000,+0.000,+0.000,+0.000,1100,0,
1785511701.2802,2026-07-31T11:28:21.280,159.927,1610,,,,0,,,,-0.0898,24.20,-0.1714,-3215.80,1,20.0,idle,+0.000,+0.000,+0.000,+0.000,1100,0,
1785511701.3793,2026-07-31T11:28:21.379,160.027,1611,,,,0,,,,-0.0953,24.20,-0.1769,-3215.80,1,20.0,idle,+0.000,+0.000,+0.000,+0.000,1100,0,
1785511701.4783,2026-07-31T11:28:21.478,160.126,1612,,,,0,,,,-0.0869,24.34,-0.1684,-3215.66,1,20.0,idle,+0.000,+0.000,+0.000,+0.000,1100,0,
1785511701.5782,2026-07-31T11:28:21.578,160.225,1613,,,,0,,,,-0.0811,24.51,-0.1627,-3215.49,1,20.0,idle,+0.000,+0.000,+0.000,+0.000,1100,0,
1785511701.6799,2026-07-31T11:28:21.679,160.327,1614,,,,0,,,,-0.0755,24.83,-0.1570,-3215.17,1,20.0,idle,+0.000,+0.000,+0.000,+0.000,1100,0,
1785511701.7785,2026-07-31T11:28:21.778,160.426,1615,,,,0,,,,-0.0725,24.87,-0.1540,-3215.13,1,20.0,idle,+0.000,+0.000,+0.000,+0.000,1100,0,
1785511701.8779,2026-07-31T11:28:21.877,160.525,1616,,,,0,,,,-0.0754,24.78,-0.1569,-3215.22,1,20.0,idle,+0.000,+0.000,+0.000,+0.000,1100,0,
1785511701.9767,2026-07-31T11:28:21.976,160.624,1617,,,,0,,,,-0.0732,24.43,-0.1547,-3215.57,1,20.0,idle,+0.000,+0.000,+0.000,+0.000,1100,0,
1785511702.0756,2026-07-31T11:28:22.075,160.723,1618,,,,0,,,,-0.0769,24.26,-0.1585,-3215.74,1,20.0,idle,+0.000,+0.000,+0.000,+0.000,1100,0,
1785511702.1757,2026-07-31T11:28:22.175,160.823,1619,,,,0,,,,-0.0738,24.25,-0.1554,-3215.75,1,20.0,idle,+0.000,+0.000,+0.000,+0.000,1100,0,
1785511702.2760,2026-07-31T11:28:22.275,160.923,1620,,,,0,,,,-0.0758,24.41,-0.1574,-3215.59,1,20.0,idle,+0.000,+0.000,+0.000,+0.000,1100,0,
1785511702.3771,2026-07-31T11:28:22.377,161.024,1621,,,,0,,,,-0.0750,24.44,-0.1566,-3215.56,1,20.0,idle,+0.000,+0.000,+0.000,+0.000,1100,0,
1785511702.4763,2026-07-31T11:28:22.476,161.124,1622,,,,0,,,,-0.0672,24.48,-0.1488,-3215.52,1,20.0,idle,+0.000,+0.000,+0.000,+0.000,1100,0,
1785511702.5757,2026-07-31T11:28:22.575,161.223,1623,,,,0,,,,-0.0719,24.44,-0.1535,-3215.56,1,20.0,idle,+0.000,+0.000,+0.000,+0.000,1100,0,
1785511702.6748,2026-07-31T11:28:22.674,161.322,1624,,,,0,,,,-0.0666,24.39,-0.1482,-3215.61,1,20.0,idle,+0.000,+0.000,+0.000,+0.000,1100,0,
1785511702.7739,2026-07-31T11:28:22.773,161.421,1625,,,,0,,,,-0.0703,24.38,-0.1519,-3215.62,1,20.0,idle,+0.000,+0.000,+0.000,+0.000,1100,0,
1785511702.8727,2026-07-31T11:28:22.872,161.520,1626,,,,0,,,,-0.0761,24.20,-0.1576,-3215.80,1,20.0,idle,+0.000,+0.000,+0.000,+0.000,1100,0,
1785511702.9715,2026-07-31T11:28:22.971,161.619,1627,,,,0,,,,-0.0969,23.11,-0.1785,-3216.89,1,20.0,idle,+0.000,+0.000,+0.000,+0.000,1100,0,
1785511703.0707,2026-07-31T11:28:23.070,161.718,1628,,,,0,,,,-0.0996,22.81,-0.1812,-3217.19,1,20.0,idle,+0.000,+0.000,+0.000,+0.000,1100,0,
1785511703.1703,2026-07-31T11:28:23.170,161.818,1629,,,,0,,,,-0.0974,21.80,-0.1789,-3218.20,1,20.0,idle,+0.000,+0.000,+0.000,+0.000,1100,0,
1785511703.2702,2026-07-31T11:28:23.270,161.917,1630,,,,0,,,,-0.0952,22.18,-0.1768,-3217.82,1,20.0,idle,+0.000,+0.000,+0.000,+0.000,1100,0,
1785511703.3693,2026-07-31T11:28:23.369,162.017,1631,,,,0,,,,-0.0928,23.18,-0.1743,-3216.82,1,20.0,idle,+0.000,+0.000,+0.000,+0.000,1100,0,
1785511703.4683,2026-07-31T11:28:23.468,162.116,1632,,,,0,,,,-0.0954,26.43,-0.1769,-3213.57,1,20.0,idle,+0.000,+0.000,+0.000,+0.000,1100,0,
1785511703.5692,2026-07-31T11:28:23.569,162.216,1633,,,,0,,,,-0.0960,27.87,-0.1776,-3212.13,1,20.0,idle,+0.000,+0.000,+0.000,+0.000,1100,0,
1785511703.6691,2026-07-31T11:28:23.669,162.316,1634,,,,0,,,,-0.0981,29.09,-0.1796,-3210.91,1,20.0,idle,+0.000,+0.000,+0.000,+0.000,1100,0,
1785511703.7690,2026-07-31T11:28:23.769,162.416,1635,,,,0,,,,-0.0946,28.62,-0.1762,-3211.38,1,20.0,idle,+0.000,+0.000,+0.000,+0.000,1100,0,
1785511703.8683,2026-07-31T11:28:23.868,162.516,1636,,,,0,,,,-0.0970,28.46,-0.1786,-3211.54,1,20.0,idle,+0.000,+0.000,+0.000,+0.000,1100,0,
1785511703.9692,2026-07-31T11:28:23.969,162.616,1637,,,,0,,,,-0.0976,29.08,-0.1792,-3210.92,1,20.0,idle,+0.000,+0.000,+0.000,+0.000,1100,0,
1785511704.0693,2026-07-31T11:28:24.069,162.717,1638,,,,0,,,,-0.0969,29.72,-0.1785,-3210.28,1,20.0,idle,+0.000,+0.000,+0.000,+0.000,1100,0,
1785511704.1703,2026-07-31T11:28:24.170,162.818,1639,,,,0,,,,-0.0974,30.78,-0.1790,-3209.22,1,20.0,idle,+0.000,+0.000,+0.000,+0.000,1100,0,
1785511704.2703,2026-07-31T11:28:24.270,162.918,1640,,,,0,,,,-0.0958,29.63,-0.1774,-3210.37,1,20.0,idle,+0.000,+0.000,+0.000,+0.000,1100,0,
1785511704.3704,2026-07-31T11:28:24.370,163.018,1641,,,,0,,,,-0.0858,27.99,-0.1674,-3212.01,1,20.0,idle,+0.000,+0.000,+0.000,+0.000,1100,0,
1785511704.4695,2026-07-31T11:28:24.469,163.117,1642,,,,0,,,,-0.0721,27.60,-0.1537,-3212.40,1,20.0,idle,+0.000,+0.000,+0.000,+0.000,1100,0,
1785511704.5686,2026-07-31T11:28:24.568,163.216,1643,,,,0,,,,-0.0740,27.56,-0.1556,-3212.44,1,20.0,idle,+0.000,+0.000,+0.000,+0.000,1100,0,
1785511704.6674,2026-07-31T11:28:24.667,163.315,1644,,,,0,,,,-0.0598,27.52,-0.1413,-3212.48,1,20.0,idle,+0.000,+0.000,+0.000,+0.000,1100,0,
1785511704.7681,2026-07-31T11:28:24.768,163.415,1645,,,,0,,,,-0.0407,26.99,-0.1222,-3213.01,1,20.0,idle,+0.000,+0.000,+0.000,+0.000,1100,0,
1785511704.8675,2026-07-31T11:28:24.867,163.515,1646,,,,0,,,,-0.0324,26.62,-0.1140,-3213.38,1,20.0,idle,+0.000,+0.000,+0.000,+0.000,1100,0,
1785511704.9666,2026-07-31T11:28:24.966,163.614,1647,,,,0,,,,-0.0324,25.48,-0.1139,-3214.52,1,20.0,idle,+0.000,+0.000,+0.000,+0.000,1100,0,
1785511705.0656,2026-07-31T11:28:25.065,163.713,1648,,,,0,,,,-0.0258,24.80,-0.1073,-3215.20,1,20.0,idle,+0.000,+0.000,+0.000,+0.000,1100,0,
1785511705.1653,2026-07-31T11:28:25.165,163.813,1649,,,,0,,,,-0.0247,23.50,-0.1063,-3216.50,1,20.0,idle,+0.000,+0.000,+0.000,+0.000,1100,0,
1785511705.2653,2026-07-31T11:28:25.265,163.913,1650,,,,0,,,,-0.0277,22.20,-0.1093,-3217.80,1,20.0,idle,+0.000,+0.000,+0.000,+0.000,1100,0,
1785511705.3647,2026-07-31T11:28:25.364,164.012,1651,,,,0,,,,-0.0284,21.61,-0.1100,-3218.39,1,20.0,idle,+0.000,+0.000,+0.000,+0.000,1100,0,
1785511705.4637,2026-07-31T11:28:25.463,164.111,1652,,,,0,,,,-0.0328,20.49,-0.1143,-3219.51,1,20.0,idle,+0.000,+0.000,+0.000,+0.000,1100,0,
1785511705.5626,2026-07-31T11:28:25.562,164.210,1653,,,,0,,,,-0.0331,19.93,-0.1146,-3220.07,1,20.0,idle,+0.000,+0.000,+0.000,+0.000,1100,0,
1785511705.6615,2026-07-31T11:28:25.661,164.309,1654,,,,0,,,,-0.0351,18.72,-0.1167,-3221.28,1,20.0,idle,+0.000,+0.000,+0.000,+0.000,1100,0,
1785511705.7606,2026-07-31T11:28:25.760,164.408,1655,,,,0,,,,-0.0328,17.55,-0.1143,-3222.45,1,20.0,idle,+0.000,+0.000,+0.000,+0.000,1100,0,
1785511705.8597,2026-07-31T11:28:25.859,164.507,1656,,,,0,,,,-0.0337,17.02,-0.1153,-3222.98,1,20.0,idle,+0.000,+0.000,+0.000,+0.000,1100,0,
1785511705.9590,2026-07-31T11:28:25.958,164.606,1657,,,,0,,,,-0.0309,16.01,-0.1124,-3223.99,1,20.0,idle,+0.000,+0.000,+0.000,+0.000,1100,0,
1785511706.0576,2026-07-31T11:28:26.057,164.705,1658,,,,0,,,,-0.0335,15.53,-0.1151,-3224.47,1,20.0,idle,+0.000,+0.000,+0.000,+0.000,1100,0,
1785511706.1572,2026-07-31T11:28:26.157,164.804,1659,,,,0,,,,-0.0299,14.59,-0.1114,-3225.41,1,20.0,idle,+0.000,+0.000,+0.000,+0.000,1100,0,
1785511706.2563,2026-07-31T11:28:26.256,164.904,1660,,,,0,,,,-0.0331,14.16,-0.1146,-3225.84,1,20.0,idle,+0.000,+0.000,+0.000,+0.000,1100,0,
1785511706.3558,2026-07-31T11:28:26.355,165.003,1661,,,,0,,,,-0.0304,13.30,-0.1120,-3226.70,1,20.0,idle,+0.000,+0.000,+0.000,+0.000,1100,0,
1785511706.4548,2026-07-31T11:28:26.454,165.102,1662,,,,0,,,,-0.0276,12.39,-0.1092,-3227.61,1,20.0,idle,+0.000,+0.000,+0.000,+0.000,1100,0,
1785511706.5535,2026-07-31T11:28:26.553,165.201,1663,,,,0,,,,-0.0350,11.93,-0.1165,-3228.07,1,20.0,idle,+0.000,+0.000,+0.000,+0.000,1100,0,
1785511706.6525,2026-07-31T11:28:26.652,165.300,1664,,,,0,,,,-0.0358,11.08,-0.1173,-3228.92,1,20.0,idle,+0.000,+0.000,+0.000,+0.000,1100,0,
1785511706.7518,2026-07-31T11:28:26.751,165.399,1665,,,,0,,,,-0.0323,10.74,-0.1138,-3229.26,1,20.0,idle,+0.000,+0.000,+0.000,+0.000,1100,0,
1785511706.8509,2026-07-31T11:28:26.850,165.498,1666,,,,0,,,,-0.0333,10.14,-0.1149,-3229.86,1,20.0,idle,+0.000,+0.000,+0.000,+0.000,1100,0,
1785511706.9500,2026-07-31T11:28:26.949,165.597,1667,,,,0,,,,-0.0338,9.46,-0.1154,-3230.54,1,20.0,idle,+0.000,+0.000,+0.000,+0.000,1100,0,
1785511707.0488,2026-07-31T11:28:27.048,165.696,1668,,,,0,,,,-0.0393,9.09,-0.1209,-3230.91,1,20.0,idle,+0.000,+0.000,+0.000,+0.000,1100,0,
1785511707.1475,2026-07-31T11:28:27.147,165.795,1669,,,,0,,,,-0.0393,8.39,-0.1209,-3231.61,1,20.0,idle,+0.000,+0.000,+0.000,+0.000,1100,0,
1785511707.2466,2026-07-31T11:28:27.246,165.894,1670,,,,0,,,,-0.0383,8.08,-0.1199,-3231.92,1,20.0,idle,+0.000,+0.000,+0.000,+0.000,1100,0,
1785511707.3458,2026-07-31T11:28:27.345,165.993,1671,,,,0,,,,-0.0364,7.46,-0.1180,-3232.54,1,20.0,idle,+0.000,+0.000,+0.000,+0.000,1100,0,
1785511707.4453,2026-07-31T11:28:27.445,166.093,1672,,,,0,,,,-0.0429,7.13,-0.1245,-3232.87,1,20.0,idle,+0.000,+0.000,+0.000,+0.000,1100,0,
1785511707.5436,2026-07-31T11:28:27.543,166.191,1673,,,,0,,,,-0.0371,6.55,-0.1187,-3233.45,1,20.0,idle,+0.000,+0.000,+0.000,+0.000,1100,0,
1785511707.6433,2026-07-31T11:28:27.643,166.291,1674,,,,0,,,,-0.0385,6.10,-0.1201,-3233.90,1,20.0,idle,+0.000,+0.000,+0.000,+0.000,1100,0,
1785511707.7418,2026-07-31T11:28:27.741,166.389,1675,,,,0,,,,-0.0403,5.87,-0.1218,-3234.13,1,20.0,idle,+0.000,+0.000,+0.000,+0.000,1100,0,
1785511707.8410,2026-07-31T11:28:27.840,166.488,1676,,,,0,,,,-0.0337,5.26,-0.1152,-3234.74,1,20.0,idle,+0.000,+0.000,+0.000,+0.000,1100,0,
1785511707.9402,2026-07-31T11:28:27.940,166.587,1677,,,,0,,,,-0.0384,4.94,-0.1200,-3235.06,1,20.0,idle,+0.000,+0.000,+0.000,+0.000,1100,0,
1785511708.0389,2026-07-31T11:28:28.038,166.686,1678,,,,0,,,,-0.0376,4.39,-0.1191,-3235.61,1,20.0,idle,+0.000,+0.000,+0.000,+0.000,1100,0,
1785511708.1381,2026-07-31T11:28:28.138,166.785,1679,,,,0,,,,-0.0416,4.16,-0.1232,-3235.84,1,20.0,idle,+0.000,+0.000,+0.000,+0.000,1100,0,
1785511708.2368,2026-07-31T11:28:28.236,166.884,1680,,,,0,,,,-0.0361,3.75,-0.1177,-3236.25,1,20.0,idle,+0.000,+0.000,+0.000,+0.000,1100,0,
1785511708.3361,2026-07-31T11:28:28.336,166.983,1681,,,,0,,,,-0.0412,3.44,-0.1227,-3236.56,1,20.0,idle,+0.000,+0.000,+0.000,+0.000,1100,0,
1785511708.4364,2026-07-31T11:28:28.436,167.084,1682,,,,0,,,,-0.0334,3.31,-0.1149,-3236.69,1,20.0,idle,+0.000,+0.000,+0.000,+0.000,1100,0,
1785511708.5383,2026-07-31T11:28:28.538,167.186,1683,,,,0,,,,-0.0340,3.09,-0.1155,-3236.91,1,20.0,idle,+0.000,+0.000,+0.000,+0.000,1100,0,
1785511708.6383,2026-07-31T11:28:28.638,167.286,1684,,,,0,,,,-0.0378,2.80,-0.1194,-3237.20,1,20.0,idle,+0.000,+0.000,+0.000,+0.000,1100,0,
1785511708.7367,2026-07-31T11:28:28.736,167.384,1685,,,,0,,,,-0.0369,2.62,-0.1184,-3237.38,1,20.0,idle,+0.000,+0.000,+0.000,+0.000,1100,0,
1785511708.8357,2026-07-31T11:28:28.835,167.483,1686,,,,0,,,,-0.0402,2.29,-0.1218,-3237.71,1,20.0,idle,+0.000,+0.000,+0.000,+0.000,1100,0,
1785511708.9345,2026-07-31T11:28:28.934,167.582,1687,,,,0,,,,-0.0412,2.16,-0.1227,-3237.84,1,20.0,idle,+0.000,+0.000,+0.000,+0.000,1100,0,
1785511709.0344,2026-07-31T11:28:29.034,167.682,1688,,,,0,,,,-0.0400,1.97,-0.1215,-3238.03,1,20.0,idle,+0.000,+0.000,+0.000,+0.000,1100,0,
1785511709.1341,2026-07-31T11:28:29.134,167.781,1689,,,,0,,,,-0.0363,1.90,-0.1179,-3238.10,1,20.0,idle,+0.000,+0.000,+0.000,+0.000,1100,0,
1785511709.2343,2026-07-31T11:28:29.234,167.882,1690,,,,0,,,,-0.0368,1.87,-0.1184,-3238.13,1,20.0,idle,+0.000,+0.000,+0.000,+0.000,1100,0,
1785511709.3345,2026-07-31T11:28:29.334,167.982,1691,,,,0,,,,-0.0396,1.79,-0.1212,-3238.21,1,20.0,idle,+0.000,+0.000,+0.000,+0.000,1100,0,
1785511709.4351,2026-07-31T11:28:29.435,168.082,1692,,,,0,,,,-0.0374,1.74,-0.1190,-3238.26,1,20.0,idle,+0.000,+0.000,+0.000,+0.000,1100,0,
1785511709.5336,2026-07-31T11:28:29.533,168.181,1693,,,,0,,,,-0.0355,1.62,-0.1170,-3238.38,1,20.0,idle,+0.000,+0.000,+0.000,+0.000,1100,0,
1785511709.6333,2026-07-31T11:28:29.633,168.281,1694,,,,0,,,,-0.0337,1.47,-0.1152,-3238.53,1,20.0,idle,+0.000,+0.000,+0.000,+0.000,1100,0,
1785511709.7315,2026-07-31T11:28:29.731,168.379,1695,,,,0,,,,-0.0391,1.41,-0.1207,-3238.59,1,20.0,idle,+0.000,+0.000,+0.000,+0.000,1100,0,
1785511709.8307,2026-07-31T11:28:29.830,168.478,1696,,,,0,,,,-0.0377,1.35,-0.1193,-3238.65,1,20.0,idle,+0.000,+0.000,+0.000,+0.000,1100,0,
1785511709.9315,2026-07-31T11:28:29.931,168.579,1697,,,,0,,,,-0.0344,1.34,-0.1160,-3238.66,1,20.0,idle,+0.000,+0.000,+0.000,+0.000,1100,0,
1785511710.0314,2026-07-31T11:28:30.031,168.679,1698,,,,0,,,,-0.0316,1.39,-0.1131,-3238.61,1,20.0,idle,+0.000,+0.000,+0.000,+0.000,1100,0,
1785511710.1307,2026-07-31T11:28:30.130,168.778,1699,,,,0,,,,-0.0361,1.48,-0.1177,-3238.52,1,20.0,idle,+0.000,+0.000,+0.000,+0.000,1100,0,
1785511710.2298,2026-07-31T11:28:30.229,168.877,1700,,,,0,,,,-0.0328,1.52,-0.1144,-3238.48,1,20.0,idle,+0.000,+0.000,+0.000,+0.000,1100,0,
1785511710.3287,2026-07-31T11:28:30.328,168.976,1701,,,,0,,,,-0.0368,1.58,-0.1184,-3238.42,1,20.0,idle,+0.000,+0.000,+0.000,+0.000,1100,0,
1785511710.4266,2026-07-31T11:28:30.426,169.074,1702,,,,0,,,,-0.0354,1.61,-0.1169,-3238.39,1,20.0,idle,+0.000,+0.000,+0.000,+0.000,1100,0,
1785511710.5257,2026-07-31T11:28:30.525,169.173,1703,,,,0,,,,-0.0346,1.60,-0.1161,-3238.40,1,20.0,idle,+0.000,+0.000,+0.000,+0.000,1100,0,
1785511710.6247,2026-07-31T11:28:30.624,169.272,1704,,,,0,,,,-0.0361,1.58,-0.1177,-3238.42,1,20.0,idle,+0.000,+0.000,+0.000,+0.000,1100,0,
1785511710.7242,2026-07-31T11:28:30.724,169.371,1705,,,,0,,,,-0.0308,1.57,-0.1123,-3238.43,1,20.0,idle,+0.000,+0.000,+0.000,+0.000,1100,0,
1785511710.8233,2026-07-31T11:28:30.823,169.471,1706,,,,0,,,,-0.0344,1.64,-0.1160,-3238.36,1,20.0,idle,+0.000,+0.000,+0.000,+0.000,1100,0,
1785511710.9218,2026-07-31T11:28:30.921,169.569,1707,,,,0,,,,-0.0284,1.68,-0.1100,-3238.32,1,20.0,idle,+0.000,+0.000,+0.000,+0.000,1100,0,
1785511711.0206,2026-07-31T11:28:31.020,169.668,1708,,,,0,,,,-0.0305,1.77,-0.1121,-3238.23,1,20.0,idle,+0.000,+0.000,+0.000,+0.000,1100,0,
1785511711.1197,2026-07-31T11:28:31.119,169.767,1709,,,,0,,,,-0.0300,1.82,-0.1116,-3238.18,1,20.0,idle,+0.000,+0.000,+0.000,+0.000,1100,0,
1785511711.2187,2026-07-31T11:28:31.218,169.866,1710,,,,0,,,,-0.0340,1.90,-0.1156,-3238.10,1,20.0,idle,+0.000,+0.000,+0.000,+0.000,1100,0,
1785511711.3180,2026-07-31T11:28:31.317,169.965,1711,,,,0,,,,-0.0318,1.94,-0.1133,-3238.06,1,20.0,idle,+0.000,+0.000,+0.000,+0.000,1100,0,
1785511711.4168,2026-07-31T11:28:31.416,170.064,1712,,,,0,,,,-0.0379,2.04,-0.1195,-3237.96,1,20.0,idle,+0.000,+0.000,+0.000,+0.000,1100,0,
1785511711.5163,2026-07-31T11:28:31.516,170.164,1713,,,,0,,,,-0.0343,2.04,-0.1159,-3237.96,1,20.0,idle,+0.000,+0.000,+0.000,+0.000,1100,0,
1785511711.6148,2026-07-31T11:28:31.614,170.262,1714,,,,0,,,,-0.0284,2.01,-0.1099,-3237.99,1,20.0,idle,+0.000,+0.000,+0.000,+0.000,1100,0,
1785511711.7139,2026-07-31T11:28:31.713,170.361,1715,,,,0,,,,-0.0254,1.94,-0.1070,-3238.06,1,20.0,idle,+0.000,+0.000,+0.000,+0.000,1100,0,
1785511711.8131,2026-07-31T11:28:31.813,170.460,1716,,,,0,,,,-0.0295,1.93,-0.1110,-3238.07,1,20.0,idle,+0.000,+0.000,+0.000,+0.000,1100,0,
1785511711.9122,2026-07-31T11:28:31.912,170.559,1717,,,,0,,,,-0.0288,2.00,-0.1103,-3238.00,1,20.0,idle,+0.000,+0.000,+0.000,+0.000,1100,0,
1785511712.0123,2026-07-31T11:28:32.012,170.660,1718,,,,0,,,,-0.0303,2.11,-0.1119,-3237.89,1,20.0,idle,+0.000,+0.000,+0.000,+0.000,1100,0,
1785511712.1117,2026-07-31T11:28:32.111,170.759,1719,,,,0,,,,-0.0271,2.14,-0.1087,-3237.86,1,20.0,idle,+0.000,+0.000,+0.000,+0.000,1100,0,
1785511712.2107,2026-07-31T11:28:32.210,170.858,1720,,,,0,,,,-0.0293,2.14,-0.1108,-3237.86,1,20.0,idle,+0.000,+0.000,+0.000,+0.000,1100,0,
1785511712.3108,2026-07-31T11:28:32.310,170.958,1721,,,,0,,,,-0.0286,2.11,-0.1101,-3237.89,1,20.0,idle,+0.000,+0.000,+0.000,+0.000,1100,0,
1785511712.4103,2026-07-31T11:28:32.410,171.058,1722,,,,0,,,,-0.0297,2.02,-0.1113,-3237.98,1,20.0,idle,+0.000,+0.000,+0.000,+0.000,1100,0,
1785511712.5089,2026-07-31T11:28:32.508,171.156,1723,,,,0,,,,-0.0318,1.94,-0.1133,-3238.06,1,20.0,idle,+0.000,+0.000,+0.000,+0.000,1100,0,
1785511712.6086,2026-07-31T11:28:32.608,171.256,1724,,,,0,,,,-0.0288,1.90,-0.1104,-3238.10,1,20.0,idle,+0.000,+0.000,+0.000,+0.000,1100,0,
1785511712.7078,2026-07-31T11:28:32.707,171.355,1725,,,,0,,,,-0.0279,1.91,-0.1094,-3238.09,1,20.0,idle,+0.000,+0.000,+0.000,+0.000,1100,0,
1785511712.8075,2026-07-31T11:28:32.807,171.455,1726,,,,0,,,,-0.0323,1.96,-0.1138,-3238.04,1,20.0,idle,+0.000,+0.000,+0.000,+0.000,1100,0,
1785511712.9074,2026-07-31T11:28:32.907,171.555,1727,,,,0,,,,-0.0292,2.03,-0.1108,-3237.97,1,20.0,idle,+0.000,+0.000,+0.000,+0.000,1100,0,
1785511713.0057,2026-07-31T11:28:33.005,171.653,1728,,,,0,,,,-0.0309,1.99,-0.1124,-3238.01,1,20.0,idle,+0.000,+0.000,+0.000,+0.000,1100,0,
1785511713.1048,2026-07-31T11:28:33.104,171.752,1729,,,,0,,,,-0.0343,1.95,-0.1159,-3238.05,1,20.0,idle,+0.000,+0.000,+0.000,+0.000,1100,0,
1785511713.2036,2026-07-31T11:28:33.203,171.851,1730,,,,0,,,,-0.0306,1.82,-0.1121,-3238.18,1,20.0,idle,+0.000,+0.000,+0.000,+0.000,1100,0,
1785511713.3028,2026-07-31T11:28:33.302,171.950,1731,,,,0,,,,-0.0279,1.71,-0.1095,-3238.29,1,20.0,idle,+0.000,+0.000,+0.000,+0.000,1100,0,
1785511713.4027,2026-07-31T11:28:33.402,172.050,1732,,,,0,,,,-0.0263,1.39,-0.1079,-3238.61,1,20.0,idle,+0.000,+0.000,+0.000,+0.000,1100,0,
1785511713.5021,2026-07-31T11:28:33.502,172.149,1733,,,,0,,,,-0.0271,1.15,-0.1087,-3238.85,1,20.0,idle,+0.000,+0.000,+0.000,+0.000,1100,0,
1785511713.6011,2026-07-31T11:28:33.601,172.248,1734,,,,0,,,,-0.0246,1.11,-0.1062,-3238.89,1,20.0,idle,+0.000,+0.000,+0.000,+0.000,1100,0,
1785511713.6999,2026-07-31T11:28:33.699,172.347,1735,,,,0,,,,-0.0250,1.11,-0.1066,-3238.89,1,20.0,idle,+0.000,+0.000,+0.000,+0.000,1100,0,
1785511713.7995,2026-07-31T11:28:33.799,172.447,1736,,,,0,,,,-0.0273,1.13,-0.1088,-3238.87,1,20.0,idle,+0.000,+0.000,+0.000,+0.000,1100,0,
1785511713.8987,2026-07-31T11:28:33.898,172.546,1737,,,,0,,,,-0.0256,1.08,-0.1071,-3238.92,1,20.0,idle,+0.000,+0.000,+0.000,+0.000,1100,0,
1785511713.9983,2026-07-31T11:28:33.998,172.646,1738,,,,0,,,,-0.0259,0.91,-0.1075,-3239.09,1,20.0,idle,+0.000,+0.000,+0.000,+0.000,1100,0,
1785511714.0978,2026-07-31T11:28:34.097,172.745,1739,,,,0,,,,-0.0315,0.83,-0.1130,-3239.17,1,20.0,idle,+0.000,+0.000,+0.000,+0.000,1100,0,
1785511714.1976,2026-07-31T11:28:34.197,172.845,1740,,,,0,,,,-0.0282,0.69,-0.1098,-3239.31,1,20.0,idle,+0.000,+0.000,+0.000,+0.000,1100,0,
1785511714.2979,2026-07-31T11:28:34.297,172.945,1741,,,,0,,,,-0.0294,0.57,-0.1109,-3239.43,1,20.0,idle,+0.000,+0.000,+0.000,+0.000,1100,0,
1785511714.3967,2026-07-31T11:28:34.396,173.044,1742,,,,0,,,,-0.0296,0.26,-0.1111,-3239.74,1,20.0,idle,+0.000,+0.000,+0.000,+0.000,1100,0,
1785511714.4958,2026-07-31T11:28:34.495,173.143,1743,,,,0,,,,-0.0264,-0.05,-0.1080,-3240.05,1,20.0,idle,+0.000,+0.000,+0.000,+0.000,1100,0,
1785511714.5957,2026-07-31T11:28:34.595,173.243,1744,,,,0,,,,-0.0201,-0.16,-0.1017,-3240.16,1,20.0,idle,+0.000,+0.000,+0.000,+0.000,1100,0,
1785511714.6966,2026-07-31T11:28:34.696,173.344,1745,,,,0,,,,-0.0271,-0.36,-0.1086,-3240.36,1,20.0,idle,+0.000,+0.000,+0.000,+0.000,1100,0,
1785511714.7964,2026-07-31T11:28:34.796,173.444,1746,,,,0,,,,-0.0229,-0.46,-0.1044,-3240.46,1,20.0,idle,+0.000,+0.000,+0.000,+0.000,1100,0,
1785511714.8955,2026-07-31T11:28:34.895,173.543,1747,,,,0,,,,-0.0212,-0.73,-0.1028,-3240.73,1,20.0,idle,+0.000,+0.000,+0.000,+0.000,1100,0,
1785511714.9937,2026-07-31T11:28:34.993,173.641,1748,,,,0,,,,-0.0217,-1.20,-0.1032,-3241.20,1,20.0,idle,+0.000,+0.000,+0.000,+0.000,1100,0,
1785511715.0936,2026-07-31T11:28:35.093,173.741,1749,,,,0,,,,-0.0216,-1.44,-0.1032,-3241.44,1,20.0,idle,+0.000,+0.000,+0.000,+0.000,1100,0,
1785511715.1927,2026-07-31T11:28:35.192,173.840,1750,,,,0,,,,-0.0211,-1.88,-0.1027,-3241.88,1,20.0,idle,+0.000,+0.000,+0.000,+0.000,1100,0,
1785511715.2921,2026-07-31T11:28:35.292,173.939,1751,,,,0,,,,-0.0179,-2.09,-0.0995,-3242.09,1,20.0,idle,+0.000,+0.000,+0.000,+0.000,1100,0,
1785511715.3914,2026-07-31T11:28:35.391,174.039,1752,,,,0,,,,-0.0146,-2.52,-0.0962,-3242.52,1,20.0,idle,+0.000,+0.000,+0.000,+0.000,1100,0,
1785511715.4917,2026-07-31T11:28:35.491,174.139,1753,,,,0,,,,-0.0155,-2.72,-0.0971,-3242.72,1,20.0,idle,+0.000,+0.000,+0.000,+0.000,1100,0,
1785511715.5923,2026-07-31T11:28:35.592,174.240,1754,,,,0,,,,-0.0171,-3.13,-0.0987,-3243.13,1,20.0,idle,+0.000,+0.000,+0.000,+0.000,1100,0,
1785511715.6914,2026-07-31T11:28:35.691,174.339,1755,,,,0,,,,-0.0136,-3.64,-0.0952,-3243.64,1,20.0,idle,+0.000,+0.000,+0.000,+0.000,1100,0,
1785511715.7897,2026-07-31T11:28:35.789,174.437,1756,,,,0,,,,-0.0153,-3.93,-0.0969,-3243.93,1,20.0,idle,+0.000,+0.000,+0.000,+0.000,1100,0,
1785511715.8897,2026-07-31T11:28:35.889,174.537,1757,,,,0,,,,-0.0132,-4.52,-0.0948,-3244.52,1,20.0,idle,+0.000,+0.000,+0.000,+0.000,1100,0,
1785511715.9916,2026-07-31T11:28:35.991,174.639,1758,,,,0,,,,-0.0144,-4.78,-0.0960,-3244.78,1,20.0,idle,+0.000,+0.000,+0.000,+0.000,1100,0,
1785511716.0908,2026-07-31T11:28:36.090,174.738,1759,,,,0,,,,-0.0110,-5.25,-0.0926,-3245.25,1,20.0,idle,+0.000,+0.000,+0.000,+0.000,1100,0,
1785511716.1907,2026-07-31T11:28:36.190,174.838,1760,,,,0,,,,-0.0143,-5.71,-0.0959,-3245.71,1,20.0,idle,+0.000,+0.000,+0.000,+0.000,1100,0,
1785511716.2903,2026-07-31T11:28:36.290,174.938,1761,,,,0,,,,-0.0156,-5.95,-0.0972,-3245.95,1,20.0,idle,+0.000,+0.000,+0.000,+0.000,1100,0,
1785511716.3895,2026-07-31T11:28:36.389,175.037,1762,,,,0,,,,-0.0182,-6.38,-0.0998,-3246.38,1,20.0,idle,+0.000,+0.000,+0.000,+0.000,1100,0,
1785511716.4896,2026-07-31T11:28:36.489,175.137,1763,,,,0,,,,-0.0188,-6.57,-0.1004,-3246.57,1,20.0,idle,+0.000,+0.000,+0.000,+0.000,1100,0,
1785511716.5893,2026-07-31T11:28:36.589,175.237,1764,,,,0,,,,-0.0184,-6.93,-0.1000,-3246.93,1,20.0,idle,+0.000,+0.000,+0.000,+0.000,1100,0,
1785511716.6886,2026-07-31T11:28:36.688,175.336,1765,,,,0,,,,-0.0171,-7.31,-0.0987,-3247.31,1,20.0,idle,+0.000,+0.000,+0.000,+0.000,1100,0,
1785511716.7875,2026-07-31T11:28:36.787,175.435,1766,,,,0,,,,-0.0206,-7.52,-0.1021,-3247.52,1,20.0,idle,+0.000,+0.000,+0.000,+0.000,1100,0,
1785511716.8886,2026-07-31T11:28:36.888,175.536,1767,,,,0,,,,-0.0281,-7.96,-0.1097,-3247.96,1,20.0,idle,+0.000,+0.000,+0.000,+0.000,1100,0,
1785511716.9881,2026-07-31T11:28:36.988,175.635,1768,,,,0,,,,-0.0230,-8.16,-0.1045,-3248.16,1,20.0,idle,+0.000,+0.000,+0.000,+0.000,1100,0,
1785511717.0871,2026-07-31T11:28:37.087,175.734,1769,,,,0,,,,-0.0203,-8.49,-0.1018,-3248.49,1,20.0,idle,+0.000,+0.000,+0.000,+0.000,1100,0,
1785511717.1857,2026-07-31T11:28:37.185,175.833,1770,,,,0,,,,-0.0249,-8.74,-0.1064,-3248.74,1,20.0,idle,+0.000,+0.000,+0.000,+0.000,1100,0,
1785511717.2852,2026-07-31T11:28:37.285,175.932,1771,,,,0,,,,-0.0282,-8.88,-0.1098,-3248.88,1,20.0,idle,+0.000,+0.000,+0.000,+0.000,1100,0,
1785511717.3838,2026-07-31T11:28:37.383,176.031,1772,,,,0,,,,-0.0282,-9.27,-0.1098,-3249.27,1,20.0,idle,+0.000,+0.000,+0.000,+0.000,1100,0,
1785511717.4831,2026-07-31T11:28:37.483,176.130,1773,,,,0,,,,-0.0243,-9.50,-0.1059,-3249.50,1,20.0,idle,+0.000,+0.000,+0.000,+0.000,1100,0,
1785511717.5820,2026-07-31T11:28:37.582,176.229,1774,,,,0,,,,-0.0241,-9.99,-0.1056,-3249.99,1,20.0,idle,+0.000,+0.000,+0.000,+0.000,1100,0,
1785511717.6825,2026-07-31T11:28:37.682,176.330,1775,,,,0,,,,-0.0190,-10.44,-0.1006,-3250.44,1,20.0,idle,+0.000,+0.000,+0.000,+0.000,1100,0,
1785511717.7813,2026-07-31T11:28:37.781,176.429,1776,,,,0,,,,-0.0234,-10.62,-0.1050,-3250.62,1,20.0,idle,+0.000,+0.000,+0.000,+0.000,1100,0,
1785511717.8802,2026-07-31T11:28:37.880,176.527,1777,,,,0,,,,-0.0230,-10.94,-0.1045,-3250.94,1,20.0,idle,+0.000,+0.000,+0.000,+0.000,1100,0,
1785511717.9791,2026-07-31T11:28:37.979,176.626,1778,,,,0,,,,-0.0222,-11.11,-0.1037,-3251.11,1,20.0,idle,+0.000,+0.000,+0.000,+0.000,1100,0,
1785511718.0785,2026-07-31T11:28:38.078,176.726,1779,,,,0,,,,-0.0193,-11.53,-0.1009,-3251.53,1,20.0,idle,+0.000,+0.000,+0.000,+0.000,1100,0,
1785511718.1772,2026-07-31T11:28:38.177,176.825,1780,,,,0,,,,-0.0244,-12.09,-0.1059,-3252.09,1,20.0,idle,+0.000,+0.000,+0.000,+0.000,1100,0,
1785511718.2771,2026-07-31T11:28:38.277,176.924,1781,,,,0,,,,-0.0215,-12.42,-0.1031,-3252.42,1,20.0,idle,+0.000,+0.000,+0.000,+0.000,1100,0,
1785511718.3763,2026-07-31T11:28:38.376,177.024,1782,,,,0,,,,-0.0177,-13.04,-0.0993,-3253.04,1,20.0,idle,+0.000,+0.000,+0.000,+0.000,1100,0,
1785511718.4750,2026-07-31T11:28:38.475,177.122,1783,,,,0,,,,-0.0156,-13.34,-0.0972,-3253.34,1,20.0,idle,+0.000,+0.000,+0.000,+0.000,1100,0,
1785511718.5742,2026-07-31T11:28:38.574,177.221,1784,,,,0,,,,-0.0121,-13.94,-0.0936,-3253.94,1,20.0,idle,+0.000,+0.000,+0.000,+0.000,1100,0,
1785511718.6730,2026-07-31T11:28:38.673,177.320,1785,,,,0,,,,-0.0132,-14.19,-0.0948,-3254.19,1,20.0,idle,+0.000,+0.000,+0.000,+0.000,1100,0,
1785511718.7722,2026-07-31T11:28:38.772,177.419,1786,,,,0,,,,-0.0111,-14.60,-0.0927,-3254.60,1,20.0,idle,+0.000,+0.000,+0.000,+0.000,1100,0,
1785511718.8709,2026-07-31T11:28:38.870,177.518,1787,,,,0,,,,-0.0102,-14.80,-0.0918,-3254.80,1,20.0,idle,+0.000,+0.000,+0.000,+0.000,1100,0,
1785511718.9704,2026-07-31T11:28:38.970,177.618,1788,,,,0,,,,-0.0135,-15.30,-0.0950,-3255.30,1,20.0,idle,+0.000,+0.000,+0.000,+0.000,1100,0,
1785511719.0691,2026-07-31T11:28:39.069,177.716,1789,,,,0,,,,-0.0095,-15.95,-0.0911,-3255.95,1,20.0,idle,+0.000,+0.000,+0.000,+0.000,1100,0,
1785511719.1682,2026-07-31T11:28:39.168,177.815,1790,,,,0,,,,-0.0131,-16.30,-0.0947,-3256.30,1,20.0,idle,+0.000,+0.000,+0.000,+0.000,1100,0,
1785511719.2672,2026-07-31T11:28:39.267,177.914,1791,,,,0,,,,-0.0101,-16.95,-0.0917,-3256.95,1,20.0,idle,+0.000,+0.000,+0.000,+0.000,1100,0,
1785511719.3660,2026-07-31T11:28:39.365,178.013,1792,,,,0,,,,-0.0142,-17.24,-0.0958,-3257.24,1,20.0,idle,+0.000,+0.000,+0.000,+0.000,1100,0,
1785511719.4651,2026-07-31T11:28:39.465,178.112,1793,,,,0,,,,-0.0135,-17.75,-0.0951,-3257.75,1,20.0,idle,+0.000,+0.000,+0.000,+0.000,1100,0,
1785511719.5647,2026-07-31T11:28:39.564,178.212,1794,,,,0,,,,-0.0092,-18.17,-0.0908,-3258.17,1,20.0,idle,+0.000,+0.000,+0.000,+0.000,1100,0,
1785511719.6637,2026-07-31T11:28:39.663,178.311,1795,,,,0,,,,-0.0054,-18.35,-0.0870,-3258.35,1,20.0,idle,+0.000,+0.000,+0.000,+0.000,1100,0,
1785511719.7624,2026-07-31T11:28:39.762,178.410,1796,,,,0,,,,-0.0098,-18.78,-0.0914,-3258.78,1,20.0,idle,+0.000,+0.000,+0.000,+0.000,1100,0,
1785511719.8616,2026-07-31T11:28:39.861,178.509,1797,,,,0,,,,-0.0129,-19.02,-0.0945,-3259.02,1,20.0,idle,+0.000,+0.000,+0.000,+0.000,1100,0,
1785511719.9605,2026-07-31T11:28:39.960,178.608,1798,,,,0,,,,-0.0122,-19.56,-0.0937,-3259.56,1,20.0,idle,+0.000,+0.000,+0.000,+0.000,1100,0,
1785511720.0588,2026-07-31T11:28:40.058,178.706,1799,,,,0,,,,-0.0109,-20.09,-0.0924,-3260.09,1,20.0,idle,+0.000,+0.000,+0.000,+0.000,1100,0,
1785511720.1581,2026-07-31T11:28:40.158,178.805,1800,,,,0,,,,-0.0155,-20.33,-0.0971,-3260.33,1,20.0,idle,+0.000,+0.000,+0.000,+0.000,1100,0,
1785511720.2571,2026-07-31T11:28:40.257,178.904,1801,,,,0,,,,-0.0116,-20.76,-0.0931,-3260.76,1,20.0,idle,+0.000,+0.000,+0.000,+0.000,1100,0,
1785511720.3566,2026-07-31T11:28:40.356,179.004,1802,,,,0,,,,-0.0120,-20.94,-0.0936,-3260.94,1,20.0,idle,+0.000,+0.000,+0.000,+0.000,1100,0,
1785511720.4557,2026-07-31T11:28:40.455,179.103,1803,,,,0,,,,-0.0107,-21.29,-0.0922,-3261.29,1,20.0,idle,+0.000,+0.000,+0.000,+0.000,1100,0,
1785511720.5551,2026-07-31T11:28:40.555,179.202,1804,,,,0,,,,-0.0150,-21.64,-0.0965,-3261.64,1,20.0,idle,+0.000,+0.000,+0.000,+0.000,1100,0,
1785511720.6542,2026-07-31T11:28:40.654,179.301,1805,,,,0,,,,-0.0134,-21.81,-0.0950,-3261.81,1,20.0,idle,+0.000,+0.000,+0.000,+0.000,1100,0,
1785511720.7531,2026-07-31T11:28:40.753,179.400,1806,,,,0,,,,-0.0142,-22.18,-0.0958,-3262.18,1,20.0,idle,+0.000,+0.000,+0.000,+0.000,1100,0,
1785511720.8522,2026-07-31T11:28:40.852,179.499,1807,,,,0,,,,-0.0153,-22.38,-0.0969,-3262.38,1,20.0,idle,+0.000,+0.000,+0.000,+0.000,1100,0,
1785511720.9511,2026-07-31T11:28:40.951,179.598,1808,,,,0,,,,-0.0152,-22.86,-0.0968,-3262.86,1,20.0,idle,+0.000,+0.000,+0.000,+0.000,1100,0,
1785511721.0504,2026-07-31T11:28:41.050,179.698,1809,,,,0,,,,-0.0143,-23.31,-0.0959,-3263.31,1,20.0,idle,+0.000,+0.000,+0.000,+0.000,1100,0,
1785511721.1494,2026-07-31T11:28:41.149,179.797,1810,,,,0,,,,-0.0185,-23.48,-0.1000,-3263.48,1,20.0,idle,+0.000,+0.000,+0.000,+0.000,1100,0,
1785511721.2496,2026-07-31T11:28:41.249,179.897,1811,,,,0,,,,-0.0093,-23.73,-0.0909,-3263.73,1,20.0,idle,+0.000,+0.000,+0.000,+0.000,1100,0,
1785511721.3488,2026-07-31T11:28:41.348,179.996,1812,,,,0,,,,-0.0098,-23.85,-0.0914,-3263.85,1,20.0,idle,+0.000,+0.000,+0.000,+0.000,1100,0,
1785511721.4481,2026-07-31T11:28:41.448,180.095,1813,,,,0,,,,-0.0147,-24.09,-0.0963,-3264.09,1,20.0,idle,+0.000,+0.000,+0.000,+0.000,1100,0,
1785511721.5472,2026-07-31T11:28:41.547,180.194,1814,,,,0,,,,-0.0121,-24.38,-0.0937,-3264.38,1,20.0,idle,+0.000,+0.000,+0.000,+0.000,1100,0,
1785511721.6467,2026-07-31T11:28:41.646,180.294,1815,,,,0,,,,-0.0143,-24.54,-0.0958,-3264.54,1,20.0,idle,+0.000,+0.000,+0.000,+0.000,1100,0,
1785511721.7454,2026-07-31T11:28:41.745,180.393,1816,,,,0,,,,-0.0168,-24.85,-0.0984,-3264.85,1,20.0,idle,+0.000,+0.000,+0.000,+0.000,1100,0,
1785511721.8446,2026-07-31T11:28:41.844,180.492,1817,,,,0,,,,-0.0150,-25.02,-0.0966,-3265.02,1,20.0,idle,+0.000,+0.000,+0.000,+0.000,1100,0,
1785511721.9446,2026-07-31T11:28:41.944,180.592,1818,,,,0,,,,-0.0135,-25.32,-0.0951,-3265.32,1,20.0,idle,+0.000,+0.000,+0.000,+0.000,1100,0,
1785511722.0430,2026-07-31T11:28:42.043,180.690,1819,,,,0,,,,-0.0148,-25.45,-0.0963,-3265.45,1,20.0,idle,+0.000,+0.000,+0.000,+0.000,1100,0,
1785511722.1419,2026-07-31T11:28:42.141,180.789,1820,,,,0,,,,-0.0113,-25.67,-0.0929,-3265.67,1,20.0,idle,+0.000,+0.000,+0.000,+0.000,1100,0,
1785511722.2418,2026-07-31T11:28:42.241,180.889,1821,,,,0,,,,-0.0110,-25.84,-0.0925,-3265.84,1,20.0,idle,+0.000,+0.000,+0.000,+0.000,1100,0,
1785511722.3415,2026-07-31T11:28:42.341,180.989,1822,,,,0,,,,-0.0148,-25.93,-0.0963,-3265.93,1,20.0,idle,+0.000,+0.000,+0.000,+0.000,1100,0,
1785511722.4404,2026-07-31T11:28:42.440,181.088,1823,,,,0,,,,-0.0124,-26.13,-0.0940,-3266.13,1,20.0,idle,+0.000,+0.000,+0.000,+0.000,1100,0,
1785511722.5399,2026-07-31T11:28:42.539,181.187,1824,,,,0,,,,-0.0154,-26.24,-0.0970,-3266.24,1,20.0,idle,+0.000,+0.000,+0.000,+0.000,1100,0,
1785511722.6395,2026-07-31T11:28:42.639,181.287,1825,,,,0,,,,-0.0129,-26.46,-0.0945,-3266.46,1,20.0,idle,+0.000,+0.000,+0.000,+0.000,1100,0,
1785511722.7386,2026-07-31T11:28:42.738,181.386,1826,,,,0,,,,-0.0145,-26.55,-0.0961,-3266.55,1,20.0,idle,+0.000,+0.000,+0.000,+0.000,1100,0,
1785511722.8370,2026-07-31T11:28:42.836,181.484,1827,,,,0,,,,-0.0097,-26.72,-0.0913,-3266.72,1,20.0,idle,+0.000,+0.000,+0.000,+0.000,1100,0,
1785511722.9363,2026-07-31T11:28:42.936,181.584,1828,,,,0,,,,-0.0108,-26.86,-0.0924,-3266.86,1,20.0,idle,+0.000,+0.000,+0.000,+0.000,1100,0,
1785511723.0353,2026-07-31T11:28:43.035,181.683,1829,,,,0,,,,-0.0138,-26.91,-0.0954,-3266.91,1,20.0,idle,+0.000,+0.000,+0.000,+0.000,1100,0,
1785511723.1357,2026-07-31T11:28:43.135,181.783,1830,,,,0,,,,-0.0148,-27.01,-0.0963,-3267.01,1,20.0,idle,+0.000,+0.000,+0.000,+0.000,1100,0,
1785511723.2343,2026-07-31T11:28:43.234,181.882,1831,,,,0,,,,-0.0112,-27.07,-0.0928,-3267.07,1,20.0,idle,+0.000,+0.000,+0.000,+0.000,1100,0,
1785511723.3346,2026-07-31T11:28:43.334,181.982,1832,,,,0,,,,-0.0109,-27.24,-0.0925,-3267.24,1,20.0,idle,+0.000,+0.000,+0.000,+0.000,1100,0,
1785511723.4337,2026-07-31T11:28:43.433,182.081,1833,,,,0,,,,-0.0126,-27.46,-0.0942,-3267.46,1,20.0,idle,+0.000,+0.000,+0.000,+0.000,1100,0,
1785511723.5319,2026-07-31T11:28:43.531,182.179,1834,,,,0,,,,-0.0130,-27.55,-0.0945,-3267.55,1,20.0,idle,+0.000,+0.000,+0.000,+0.000,1100,0,
1785511723.6328,2026-07-31T11:28:43.632,182.280,1835,,,,0,,,,-0.0099,-27.62,-0.0915,-3267.62,1,20.0,idle,+0.000,+0.000,+0.000,+0.000,1100,0,
1785511723.7311,2026-07-31T11:28:43.731,182.378,1836,,,,0,,,,-0.0106,-27.61,-0.0921,-3267.61,1,20.0,idle,+0.000,+0.000,+0.000,+0.000,1100,0,
1785511723.8301,2026-07-31T11:28:43.830,182.477,1837,,,,0,,,,-0.0096,-27.55,-0.0911,-3267.55,1,20.0,idle,+0.000,+0.000,+0.000,+0.000,1100,0,
1785511723.9294,2026-07-31T11:28:43.929,182.577,1838,,,,0,,,,-0.0129,-27.54,-0.0944,-3267.54,1,20.0,idle,+0.000,+0.000,+0.000,+0.000,1100,0,
1785511724.0288,2026-07-31T11:28:44.028,182.676,1839,,,,0,,,,-0.0146,-27.58,-0.0962,-3267.58,1,20.0,idle,+0.000,+0.000,+0.000,+0.000,1100,0,
1785511724.1276,2026-07-31T11:28:44.127,182.775,1840,,,,0,,,,-0.0157,-27.70,-0.0972,-3267.70,1,20.0,idle,+0.000,+0.000,+0.000,+0.000,1100,0,
1785511724.2265,2026-07-31T11:28:44.226,182.874,1841,,,,0,,,,-0.0138,-27.76,-0.0954,-3267.76,1,20.0,idle,+0.000,+0.000,+0.000,+0.000,1100,0,
