t_epoch,iso_time,t_elapsed_s,seq,tag_id,tag_distance_m,tag_under_1m,tag_count,det_seq,det_t_epoch,det_age_ms,depth_m,yaw_deg,depth_raw_m,yaw_raw_deg,sensors_ok,throttle_pct,mode,surge_cmd,strafe_cmd,heave_cmd,yaw_cmd,light_pwm,led_flashing,flash_frame
1785507301.0119,2026-07-31T10:15:01.011,0.047,1,,,,0,,,,,,,,0,30.0,idle,+0.000,+0.000,+0.000,+0.000,1100,0,
1785507301.1117,2026-07-31T10:15:01.111,0.147,2,,,,0,,,,-0.1438,-131.15,-0.1438,-131.15,1,30.0,idle,+0.000,+0.000,+0.000,+0.000,1100,0,
1785507301.2107,2026-07-31T10:15:01.210,0.246,3,,,,0,,,,-0.1449,-131.17,-0.1449,-131.17,1,30.0,idle,+0.000,+0.000,+0.000,+0.000,1100,0,
1785507301.3099,2026-07-31T10:15:01.309,0.345,4,,,,0,,,,-0.1446,-131.20,-0.1446,-131.20,1,30.0,idle,+0.000,+0.000,+0.000,+0.000,1100,0,
1785507301.4089,2026-07-31T10:15:01.408,0.444,5,,,,0,,,,-0.1408,-131.21,-0.1408,-131.21,1,30.0,idle,+0.000,+0.000,+0.000,+0.000,1100,0,
1785507301.5100,2026-07-31T10:15:01.510,0.545,6,,,,0,,,,-0.1455,-131.23,-0.1455,-131.23,1,30.0,idle,+0.000,+0.000,+0.000,+0.000,1100,0,
1785507301.6097,2026-07-31T10:15:01.609,0.645,7,,,,0,,,,-0.1454,-131.25,-0.1454,-131.25,1,30.0,idle,+0.000,+0.000,+0.000,+0.000,1100,0,
1785507301.7086,2026-07-31T10:15:01.708,0.743,8,,,,0,,,,-0.1421,-131.28,-0.1421,-131.28,1,30.0,idle,+0.000,+0.000,+0.000,+0.000,1100,0,
1785507301.8074,2026-07-31T10:15:01.807,0.842,9,,,,0,,,,-0.1466,-131.30,-0.1466,-131.30,1,30.0,idle,+0.000,+0.000,+0.000,+0.000,1100,0,
1785507301.9065,2026-07-31T10:15:01.906,0.941,10,,,,0,,,,-0.1468,-131.32,-0.1468,-131.32,1,30.0,idle,+0.000,+0.000,+0.000,+0.000,1100,0,
1785507302.0055,2026-07-31T10:15:02.005,1.040,11,,,,0,,,,-0.1473,-131.34,-0.1473,-131.34,1,30.0,idle,+0.000,+0.000,+0.000,+0.000,1100,0,
1785507302.1058,2026-07-31T10:15:02.105,1.141,12,,,,0,,,,-0.1461,-131.35,-0.1461,-131.35,1,30.0,idle,+0.000,+0.000,+0.000,+0.000,1100,0,
1785507302.2046,2026-07-31T10:15:02.204,1.239,13,,,,0,,,,-0.1438,-131.38,-0.1438,-131.38,1,30.0,idle,+0.000,+0.000,+0.000,+0.000,1100,0,
1785507302.3030,2026-07-31T10:15:02.303,1.338,14,,,,0,,,,-0.1455,-131.40,-0.1455,-131.40,1,30.0,idle,+0.000,+0.000,+0.000,+0.000,1100,0,
1785507302.4020,2026-07-31T10:15:02.402,1.437,15,,,,0,,,,-0.1480,-131.41,-0.1480,-131.41,1,30.0,idle,+0.000,+0.000,+0.000,+0.000,1100,0,
1785507302.5010,2026-07-31T10:15:02.501,1.536,16,,,,0,,,,-0.1451,-131.45,-0.1451,-131.45,1,30.0,idle,+0.000,+0.000,+0.000,+0.000,1100,0,
1785507302.6018,2026-07-31T10:15:02.601,1.637,17,,,,0,,,,-0.1427,-131.46,-0.1427,-131.46,1,30.0,idle,+0.000,+0.000,+0.000,+0.000,1100,0,
1785507302.7018,2026-07-31T10:15:02.701,1.737,18,,,,0,,,,-0.1428,-131.48,-0.1428,-131.48,1,30.0,idle,+0.000,+0.000,+0.000,+0.000,1100,0,
1785507302.8002,2026-07-31T10:15:02.800,1.835,19,,,,0,,,,-0.1483,-131.49,-0.1483,-131.49,1,30.0,idle,+0.000,+0.000,+0.000,+0.000,1100,0,
1785507302.8997,2026-07-31T10:15:02.899,1.935,20,,,,0,,,,-0.1457,-131.52,-0.1457,-131.52,1,30.0,idle,+0.000,+0.000,+0.000,+0.000,1100,0,
1785507302.9983,2026-07-31T10:15:02.998,2.033,21,,,,0,,,,-0.1454,-131.55,-0.1454,-131.55,1,30.0,idle,+0.000,+0.000,+0.000,+0.000,1100,0,
1785507303.0978,2026-07-31T10:15:03.097,2.133,22,,,,0,,,,-0.1442,-131.56,-0.1442,-131.56,1,30.0,idle,+0.000,+0.000,+0.000,+0.000,1100,0,
1785507303.1965,2026-07-31T10:15:03.196,2.231,23,,,,0,,,,-0.1434,-131.59,-0.1434,-131.59,1,30.0,idle,+0.000,+0.000,+0.000,+0.000,1100,0,
1785507303.2954,2026-07-31T10:15:03.295,2.330,24,,,,0,,,,-0.1455,-131.60,-0.1455,-131.60,1,30.0,idle,+0.000,+0.000,+0.000,+0.000,1100,0,
1785507303.3947,2026-07-31T10:15:03.394,2.430,25,,,,0,,,,-0.1454,-131.62,-0.1454,-131.62,1,30.0,idle,+0.000,+0.000,+0.000,+0.000,1100,0,
1785507303.4945,2026-07-31T10:15:03.494,2.529,26,,,,0,,,,-0.1429,-131.65,-0.1429,-131.65,1,30.0,idle,+0.000,+0.000,+0.000,+0.000,1100,0,
1785507303.5940,2026-07-31T10:15:03.594,2.629,27,,,,0,,,,-0.1448,-131.66,-0.1448,-131.66,1,30.0,idle,+0.000,+0.000,+0.000,+0.000,1100,0,
1785507303.6938,2026-07-31T10:15:03.693,2.729,28,,,,0,,,,-0.1445,-131.69,-0.1445,-131.69,1,30.0,idle,+0.000,+0.000,+0.000,+0.000,1100,0,
1785507303.7936,2026-07-31T10:15:03.793,2.828,29,,,,0,,,,-0.1438,-131.71,-0.1438,-131.71,1,30.0,idle,+0.000,+0.000,+0.000,+0.000,1100,0,
1785507303.8922,2026-07-31T10:15:03.892,2.927,30,,,,0,,,,-0.1440,-131.74,-0.1440,-131.74,1,30.0,idle,+0.000,+0.000,+0.000,+0.000,1100,0,
1785507303.9920,2026-07-31T10:15:03.992,3.027,31,,,,0,,,,-0.1430,-131.77,-0.1430,-131.77,1,30.0,idle,+0.000,+0.000,+0.000,+0.000,1100,0,
1785507304.0908,2026-07-31T10:15:04.090,3.126,32,,,,0,,,,-0.1449,-131.77,-0.1449,-131.77,1,30.0,idle,+0.000,+0.000,+0.000,+0.000,1100,0,
1785507304.1894,2026-07-31T10:15:04.189,3.224,33,,,,0,,,,-0.1460,-131.80,-0.1460,-131.80,1,30.0,idle,+0.000,+0.000,+0.000,+0.000,1100,0,
1785507304.2886,2026-07-31T10:15:04.288,3.323,34,,,,0,,,,-0.1405,-131.81,-0.1405,-131.81,1,30.0,idle,+0.000,+0.000,+0.000,+0.000,1100,0,
1785507304.3877,2026-07-31T10:15:04.387,3.423,35,,,,0,,,,-0.1418,-131.84,-0.1418,-131.84,1,30.0,idle,+0.000,+0.000,+0.000,+0.000,1100,0,
1785507304.4866,2026-07-31T10:15:04.486,3.521,36,,,,0,,,,-0.1454,-131.86,-0.1454,-131.86,1,30.0,idle,+0.000,+0.000,+0.000,+0.000,1100,0,
1785507304.5856,2026-07-31T10:15:04.585,3.621,37,,,,0,,,,-0.1464,-131.89,-0.1464,-131.89,1,30.0,idle,+0.000,+0.000,+0.000,+0.000,1100,0,
1785507304.6850,2026-07-31T10:15:04.685,3.720,38,,,,0,,,,-0.1430,-131.92,-0.1430,-131.92,1,30.0,idle,+0.000,+0.000,+0.000,+0.000,1100,0,
1785507304.7845,2026-07-31T10:15:04.784,3.819,39,,,,0,,,,-0.1468,-131.93,-0.1468,-131.93,1,30.0,idle,+0.000,+0.000,+0.000,+0.000,1100,0,
1785507304.8836,2026-07-31T10:15:04.883,3.918,40,,,,0,,,,-0.1445,-131.96,-0.1445,-131.96,1,30.0,idle,+0.000,+0.000,+0.000,+0.000,1100,0,
1785507304.9827,2026-07-31T10:15:04.982,4.018,41,,,,0,,,,-0.1445,-131.97,-0.1445,-131.97,1,30.0,idle,+0.000,+0.000,+0.000,+0.000,1100,0,
1785507305.0814,2026-07-31T10:15:05.081,4.116,42,,,,0,,,,-0.1466,-132.00,-0.1466,-132.00,1,30.0,idle,+0.000,+0.000,+0.000,+0.000,1100,0,
1785507305.1805,2026-07-31T10:15:05.180,4.215,43,,,,0,,,,-0.1453,-132.03,-0.1453,-132.03,1,30.0,idle,+0.000,+0.000,+0.000,+0.000,1100,0,
1785507305.2795,2026-07-31T10:15:05.279,4.314,44,,,,0,,,,-0.1440,-132.03,-0.1440,-132.03,1,30.0,idle,+0.000,+0.000,+0.000,+0.000,1100,0,
1785507305.3777,2026-07-31T10:15:05.377,4.413,45,,,,0,,,,-0.1421,-132.06,-0.1421,-132.06,1,30.0,idle,+0.000,+0.000,+0.000,+0.000,1100,0,
1785507305.4767,2026-07-31T10:15:05.476,4.512,46,,,,0,,,,-0.1452,-132.08,-0.1452,-132.08,1,30.0,idle,+0.000,+0.000,+0.000,+0.000,1100,0,
1785507305.5759,2026-07-31T10:15:05.575,4.611,47,,,,0,,,,-0.1386,-132.11,-0.1386,-132.11,1,30.0,idle,+0.000,+0.000,+0.000,+0.000,1100,0,
1785507305.6747,2026-07-31T10:15:05.674,4.710,48,,,,0,,,,-0.1436,-132.12,-0.1436,-132.12,1,30.0,idle,+0.000,+0.000,+0.000,+0.000,1100,0,
1785507305.7734,2026-07-31T10:15:05.773,4.808,49,,,,0,,,,-0.1481,-132.14,-0.1481,-132.14,1,30.0,idle,+0.000,+0.000,+0.000,+0.000,1100,0,
1785507305.8733,2026-07-31T10:15:05.873,4.908,50,,,,0,,,,-0.1428,-132.16,-0.1428,-132.16,1,30.0,idle,+0.000,+0.000,+0.000,+0.000,1100,0,
1785507305.9731,2026-07-31T10:15:05.973,5.008,51,,,,0,,,,-0.1441,-132.18,-0.1441,-132.18,1,30.0,idle,+0.000,+0.000,+0.000,+0.000,1100,0,
1785507306.0722,2026-07-31T10:15:06.072,5.107,52,,,,0,,,,-0.1452,-132.21,-0.1452,-132.21,1,30.0,idle,+0.000,+0.000,+0.000,+0.000,1100,0,
1785507306.1725,2026-07-31T10:15:06.172,5.207,53,,,,0,,,,-0.1416,-132.23,-0.1416,-132.23,1,30.0,idle,+0.000,+0.000,+0.000,+0.000,1100,0,
1785507306.2718,2026-07-31T10:15:06.271,5.307,54,,,,0,,,,-0.1423,-132.25,-0.1423,-132.25,1,30.0,idle,+0.000,+0.000,+0.000,+0.000,1100,0,
1785507306.3704,2026-07-31T10:15:06.370,5.405,55,,,,0,,,,-0.1444,-132.28,-0.1444,-132.28,1,30.0,idle,+0.000,+0.000,+0.000,+0.000,1100,0,
1785507306.4701,2026-07-31T10:15:06.470,5.505,56,,,,0,,,,-0.1512,-132.29,-0.1512,-132.29,1,30.0,idle,+0.000,+0.000,+0.000,+0.000,1100,0,
1785507306.5684,2026-07-31T10:15:06.568,5.603,57,,,,0,,,,-0.1466,-132.32,-0.1466,-132.32,1,30.0,idle,+0.000,+0.000,+0.000,+0.000,1100,0,
1785507306.6683,2026-07-31T10:15:06.668,5.703,58,,,,0,,,,-0.1442,-132.34,-0.1442,-132.34,1,30.0,idle,+0.000,+0.000,+0.000,+0.000,1100,0,
1785507306.7682,2026-07-31T10:15:06.768,5.803,59,,,,0,,,,-0.1478,-132.37,-0.1478,-132.37,1,30.0,idle,+0.000,+0.000,+0.000,+0.000,1100,0,
1785507306.8666,2026-07-31T10:15:06.866,5.901,60,,,,0,,,,-0.1480,-132.40,-0.1480,-132.40,1,30.0,idle,+0.000,+0.000,+0.000,+0.000,1100,0,
1785507306.9672,2026-07-31T10:15:06.967,6.002,61,,,,0,,,,-0.1468,-132.41,-0.1468,-132.41,1,30.0,idle,+0.000,+0.000,+0.000,+0.000,1100,0,
1785507307.0662,2026-07-31T10:15:07.066,6.101,62,,,,0,,,,-0.1466,-132.44,-0.1466,-132.44,1,30.0,idle,+0.000,+0.000,+0.000,+0.000,1100,0,
1785507307.1654,2026-07-31T10:15:07.165,6.200,63,,,,0,,,,-0.1417,-132.45,-0.1417,-132.45,1,30.0,idle,+0.000,+0.000,+0.000,+0.000,1100,0,
1785507307.2647,2026-07-31T10:15:07.264,6.300,64,,,,0,,,,-0.1455,-132.47,-0.1455,-132.47,1,30.0,idle,+0.000,+0.000,+0.000,+0.000,1100,0,
1785507307.3651,2026-07-31T10:15:07.365,6.400,65,,,,0,,,,-0.1455,-132.49,-0.1455,-132.49,1,30.0,idle,+0.000,+0.000,+0.000,+0.000,1100,0,
1785507307.4639,2026-07-31T10:15:07.463,6.499,66,,,,0,,,,-0.1462,-132.50,-0.1462,-132.50,1,30.0,idle,+0.000,+0.000,+0.000,+0.000,1100,0,
1785507307.5629,2026-07-31T10:15:07.562,6.598,67,,,,0,,,,-0.1473,-132.53,-0.1473,-132.53,1,30.0,idle,+0.000,+0.000,+0.000,+0.000,1100,0,
1785507307.6615,2026-07-31T10:15:07.661,6.696,68,,,,0,,,,-0.1493,-132.55,-0.1493,-132.55,1,30.0,idle,+0.000,+0.000,+0.000,+0.000,1100,0,
1785507307.7606,2026-07-31T10:15:07.760,6.795,69,,,,0,,,,-0.1477,-132.57,-0.1477,-132.57,1,30.0,idle,+0.000,+0.000,+0.000,+0.000,1100,0,
1785507307.8594,2026-07-31T10:15:07.859,6.894,70,,,,0,,,,-0.1422,-132.58,-0.1422,-132.58,1,30.0,idle,+0.000,+0.000,+0.000,+0.000,1100,0,
1785507307.9591,2026-07-31T10:15:07.959,6.994,71,,,,0,,,,-0.1451,-132.61,-0.1451,-132.61,1,30.0,idle,+0.000,+0.000,+0.000,+0.000,1100,0,
1785507308.0583,2026-07-31T10:15:08.058,7.093,72,,,,0,,,,-0.1464,-132.64,-0.1464,-132.64,1,30.0,idle,+0.000,+0.000,+0.000,+0.000,1100,0,
1785507308.1567,2026-07-31T10:15:08.156,7.192,73,,,,0,,,,-0.1422,-132.66,-0.1422,-132.66,1,30.0,idle,+0.000,+0.000,+0.000,+0.000,1100,0,
1785507308.2559,2026-07-31T10:15:08.255,7.291,74,,,,0,,,,-0.1457,-132.68,-0.1457,-132.68,1,30.0,idle,+0.000,+0.000,+0.000,+0.000,1100,0,
1785507308.3561,2026-07-31T10:15:08.356,7.391,75,,,,0,,,,-0.1462,-132.69,-0.1462,-132.69,1,30.0,idle,+0.000,+0.000,+0.000,+0.000,1100,0,
1785507308.4549,2026-07-31T10:15:08.454,7.490,76,,,,0,,,,-0.1449,-132.72,-0.1449,-132.72,1,30.0,idle,+0.000,+0.000,+0.000,+0.000,1100,0,
1785507308.5538,2026-07-31T10:15:08.553,7.589,77,,,,0,,,,-0.1467,-132.76,-0.1467,-132.76,1,30.0,idle,+0.000,+0.000,+0.000,+0.000,1100,0,
1785507308.6536,2026-07-31T10:15:08.653,7.688,78,,,,0,,,,-0.1492,-132.77,-0.1492,-132.77,1,30.0,idle,+0.000,+0.000,+0.000,+0.000,1100,0,
1785507308.7531,2026-07-31T10:15:08.753,7.788,79,,,,0,,,,-0.1445,-132.79,-0.1445,-132.79,1,30.0,idle,+0.000,+0.000,+0.000,+0.000,1100,0,
1785507308.8521,2026-07-31T10:15:08.852,7.887,80,,,,0,,,,-0.1426,-132.81,-0.1426,-132.81,1,30.0,idle,+0.000,+0.000,+0.000,+0.000,1100,0,
1785507308.9508,2026-07-31T10:15:08.950,7.986,81,,,,0,,,,-0.1453,-132.83,-0.1453,-132.83,1,30.0,idle,+0.000,+0.000,+0.000,+0.000,1100,0,
1785507309.0508,2026-07-31T10:15:09.050,8.086,82,,,,0,,,,-0.1464,-132.84,-0.1464,-132.84,1,30.0,idle,+0.000,+0.000,+0.000,+0.000,1100,0,
1785507309.1497,2026-07-31T10:15:09.149,8.185,83,,,,0,,,,-0.1442,-132.88,-0.1442,-132.88,1,30.0,idle,+0.000,+0.000,+0.000,+0.000,1100,0,
1785507309.2504,2026-07-31T10:15:09.250,8.285,84,,,,0,,,,-0.1443,-132.91,-0.1443,-132.91,1,30.0,idle,+0.000,+0.000,+0.000,+0.000,1100,0,
1785507309.3499,2026-07-31T10:15:09.349,8.385,85,,,,0,,,,-0.1454,-132.92,-0.1454,-132.92,1,30.0,idle,+0.000,+0.000,+0.000,+0.000,1100,0,
1785507309.4502,2026-07-31T10:15:09.450,8.485,86,,,,0,,,,-0.1436,-132.95,-0.1436,-132.95,1,30.0,idle,+0.000,+0.000,+0.000,+0.000,1100,0,
1785507309.5496,2026-07-31T10:15:09.549,8.584,87,,,,0,,,,-0.1455,-132.98,-0.1455,-132.98,1,30.0,idle,+0.000,+0.000,+0.000,+0.000,1100,0,
1785507309.6491,2026-07-31T10:15:09.649,8.684,88,,,,0,,,,-0.1460,-132.98,-0.1460,-132.98,1,30.0,idle,+0.000,+0.000,+0.000,+0.000,1100,0,
1785507309.7478,2026-07-31T10:15:09.747,8.783,89,,,,0,,,,-0.1456,-133.01,-0.1456,-133.01,1,30.0,idle,+0.000,+0.000,+0.000,+0.000,1100,0,
1785507309.8496,2026-07-31T10:15:09.849,8.884,90,,,,0,,,,-0.1407,-133.03,-0.1407,-133.03,1,30.0,idle,+0.000,+0.000,+0.000,+0.000,1100,0,
1785507309.9494,2026-07-31T10:15:09.949,8.984,91,,,,0,,,,-0.1454,-133.05,-0.1454,-133.05,1,30.0,idle,+0.000,+0.000,+0.000,+0.000,1100,0,
1785507310.0486,2026-07-31T10:15:10.048,9.083,92,,,,0,,,,-0.1439,-133.07,-0.1439,-133.07,1,30.0,idle,+0.000,+0.000,+0.000,+0.000,1100,0,
1785507310.1477,2026-07-31T10:15:10.147,9.183,93,,,,0,,,,-0.1437,-133.09,-0.1437,-133.09,1,30.0,idle,+0.000,+0.000,+0.000,+0.000,1100,0,
1785507310.2477,2026-07-31T10:15:10.247,9.283,94,,,,0,,,,-0.1435,-133.11,-0.1435,-133.11,1,30.0,idle,+0.000,+0.000,+0.000,+0.000,1100,0,
1785507310.3474,2026-07-31T10:15:10.347,9.382,95,,,,0,,,,-0.1463,-133.13,-0.1463,-133.13,1,30.0,idle,+0.000,+0.000,+0.000,+0.000,1100,0,
1785507310.4459,2026-07-31T10:15:10.445,9.481,96,,,,0,,,,-0.1430,-133.16,-0.1430,-133.16,1,30.0,idle,+0.000,+0.000,+0.000,+0.000,1100,0,
1785507310.5451,2026-07-31T10:15:10.545,9.580,97,,,,0,,,,-0.1468,-133.19,-0.1468,-133.19,1,30.0,idle,+0.000,+0.000,+0.000,+0.000,1100,0,
1785507310.6443,2026-07-31T10:15:10.644,9.679,98,,,,0,,,,-0.1412,-133.21,-0.1412,-133.21,1,30.0,idle,+0.000,+0.000,+0.000,+0.000,1100,0,
1785507310.7434,2026-07-31T10:15:10.743,9.778,99,,,,0,,,,-0.1456,-133.23,-0.1456,-133.23,1,30.0,idle,+0.000,+0.000,+0.000,+0.000,1100,0,
1785507310.8427,2026-07-31T10:15:10.842,9.878,100,,,,0,,,,-0.1440,-133.26,-0.1440,-133.26,1,30.0,idle,+0.000,+0.000,+0.000,+0.000,1100,0,
1785507310.9439,2026-07-31T10:15:10.943,9.979,101,,,,0,,,,-0.1458,-133.29,-0.1458,-133.29,1,30.0,idle,+0.000,+0.000,+0.000,+0.000,1100,0,
1785507311.0445,2026-07-31T10:15:11.044,10.079,102,,,,0,,,,-0.1475,-133.31,-0.1475,-133.31,1,30.0,idle,+0.000,+0.000,+0.000,+0.000,1100,0,
1785507311.1437,2026-07-31T10:15:11.143,10.179,103,,,,0,,,,-0.1464,-133.32,-0.1464,-133.32,1,30.0,idle,+0.000,+0.000,+0.000,+0.000,1100,0,
1785507311.2437,2026-07-31T10:15:11.243,10.279,104,,,,0,,,,-0.1478,-133.35,-0.1478,-133.35,1,30.0,idle,+0.000,+0.000,+0.000,+0.000,1100,0,
1785507311.3419,2026-07-31T10:15:11.341,10.377,105,,,,0,,,,-0.1475,-133.36,-0.1475,-133.36,1,30.0,idle,+0.000,+0.000,+0.000,+0.000,1100,0,
1785507311.4417,2026-07-31T10:15:11.441,10.477,106,,,,0,,,,-0.1462,-133.39,-0.1462,-133.39,1,30.0,idle,+0.000,+0.000,+0.000,+0.000,1100,0,
1785507311.5412,2026-07-31T10:15:11.541,10.576,107,,,,0,,,,-0.1469,-133.41,-0.1469,-133.41,1,30.0,idle,+0.000,+0.000,+0.000,+0.000,1100,0,
1785507311.6404,2026-07-31T10:15:11.640,10.675,108,,,,0,,,,-0.1461,-133.42,-0.1461,-133.42,1,30.0,idle,+0.000,+0.000,+0.000,+0.000,1100,0,
1785507311.7394,2026-07-31T10:15:11.739,10.774,109,,,,0,,,,-0.1432,-133.44,-0.1432,-133.44,1,30.0,idle,+0.000,+0.000,+0.000,+0.000,1100,0,
1785507311.8381,2026-07-31T10:15:11.838,10.873,110,,,,0,,,,-0.1480,-133.45,-0.1480,-133.45,1,30.0,idle,+0.000,+0.000,+0.000,+0.000,1100,0,
1785507311.9377,2026-07-31T10:15:11.937,10.973,111,,,,0,,,,-0.1461,-133.48,-0.1461,-133.48,1,30.0,idle,+0.000,+0.000,+0.000,+0.000,1100,0,
1785507312.0374,2026-07-31T10:15:12.037,11.072,112,,,,0,,,,-0.1458,-133.50,-0.1458,-133.50,1,30.0,idle,+0.000,+0.000,+0.000,+0.000,1100,0,
1785507312.1364,2026-07-31T10:15:12.136,11.171,113,,,,0,,,,-0.1438,-133.51,-0.1438,-133.51,1,30.0,idle,+0.000,+0.000,+0.000,+0.000,1100,0,
1785507312.2348,2026-07-31T10:15:12.234,11.270,114,,,,0,,,,-0.1493,-133.54,-0.1493,-133.54,1,30.0,idle,+0.000,+0.000,+0.000,+0.000,1100,0,
1785507312.3351,2026-07-31T10:15:12.335,11.370,115,,,,0,,,,-0.1425,-133.55,-0.1425,-133.55,1,30.0,idle,+0.000,+0.000,+0.000,+0.000,1100,0,
1785507312.4341,2026-07-31T10:15:12.434,11.469,116,,,,0,,,,-0.1495,-133.57,-0.1495,-133.57,1,30.0,idle,+0.000,+0.000,+0.000,+0.000,1100,0,
1785507312.5337,2026-07-31T10:15:12.533,11.569,117,,,,0,,,,-0.1468,-133.59,-0.1468,-133.59,1,30.0,idle,+0.000,+0.000,+0.000,+0.000,1100,0,
1785507312.6333,2026-07-31T10:15:12.633,11.668,118,,,,0,,,,-0.1488,-133.61,-0.1488,-133.61,1,30.0,idle,+0.000,+0.000,+0.000,+0.000,1100,0,
1785507312.7328,2026-07-31T10:15:12.732,11.768,119,,,,0,,,,-0.1443,-133.64,-0.1443,-133.64,1,30.0,idle,+0.000,+0.000,+0.000,+0.000,1100,0,
1785507312.8325,2026-07-31T10:15:12.832,11.867,120,,,,0,,,,-0.1439,-133.65,-0.1439,-133.65,1,30.0,idle,+0.000,+0.000,+0.000,+0.000,1100,0,
1785507312.9316,2026-07-31T10:15:12.931,11.966,121,,,,0,,,,-0.1465,-133.68,-0.1465,-133.68,1,30.0,idle,+0.000,+0.000,+0.000,+0.000,1100,0,
1785507313.0307,2026-07-31T10:15:13.030,12.066,122,,,,0,,,,-0.1477,-133.69,-0.1477,-133.69,1,30.0,idle,+0.000,+0.000,+0.000,+0.000,1100,0,
1785507313.1297,2026-07-31T10:15:13.129,12.165,123,,,,0,,,,-0.1474,-133.71,-0.1474,-133.71,1,30.0,idle,+0.000,+0.000,+0.000,+0.000,1100,0,
1785507313.2281,2026-07-31T10:15:13.228,12.263,124,,,,0,,,,-0.1445,-133.72,-0.1445,-133.72,1,30.0,idle,+0.000,+0.000,+0.000,+0.000,1100,0,
1785507313.3286,2026-07-31T10:15:13.328,12.363,125,,,,0,,,,-0.1431,-133.75,-0.1431,-133.75,1,30.0,idle,+0.000,+0.000,+0.000,+0.000,1100,0,
1785507313.4273,2026-07-31T10:15:13.427,12.462,126,,,,0,,,,-0.1433,-133.76,-0.1433,-133.76,1,30.0,idle,+0.000,+0.000,+0.000,+0.000,1100,0,
1785507313.5262,2026-07-31T10:15:13.526,12.561,127,,,,0,,,,-0.1437,-133.78,-0.1437,-133.78,1,30.0,idle,+0.000,+0.000,+0.000,+0.000,1100,0,
1785507313.6260,2026-07-31T10:15:13.626,12.661,128,,,,0,,,,-0.1435,-133.81,-0.1435,-133.81,1,30.0,idle,+0.000,+0.000,+0.000,+0.000,1100,0,
1785507313.7253,2026-07-31T10:15:13.725,12.760,129,,,,0,,,,-0.1443,-133.82,-0.1443,-133.82,1,30.0,idle,+0.000,+0.000,+0.000,+0.000,1100,0,
1785507313.8242,2026-07-31T10:15:13.824,12.859,130,,,,0,,,,-0.1472,-133.84,-0.1472,-133.84,1,30.0,idle,+0.000,+0.000,+0.000,+0.000,1100,0,
1785507313.9232,2026-07-31T10:15:13.923,12.958,131,,,,0,,,,-0.1467,-133.86,-0.1467,-133.86,1,30.0,idle,+0.000,+0.000,+0.000,+0.000,1100,0,
1785507314.0240,2026-07-31T10:15:14.024,13.059,132,,,,0,,,,-0.1470,-133.87,-0.1470,-133.87,1,30.0,idle,+0.000,+0.000,+0.000,+0.000,1100,0,
1785507314.1232,2026-07-31T10:15:14.123,13.158,133,,,,0,,,,-0.1477,-133.90,-0.1477,-133.90,1,30.0,idle,+0.000,+0.000,+0.000,+0.000,1100,0,
1785507314.2236,2026-07-31T10:15:14.223,13.258,134,,,,0,,,,-0.1436,-133.91,-0.1436,-133.91,1,30.0,idle,+0.000,+0.000,+0.000,+0.000,1100,0,
1785507314.3222,2026-07-31T10:15:14.322,13.357,135,,,,0,,,,-0.1445,-133.95,-0.1445,-133.95,1,30.0,idle,+0.000,+0.000,+0.000,+0.000,1100,0,
1785507314.4228,2026-07-31T10:15:14.422,13.458,136,,,,0,,,,-0.1456,-133.97,-0.1456,-133.97,1,30.0,idle,+0.000,+0.000,+0.000,+0.000,1100,0,
1785507314.5224,2026-07-31T10:15:14.522,13.557,137,0,1.0201,0,1,1,1785507314.5016,20.8,-0.1454,-133.98,-0.1454,-133.98,1,30.0,idle,+0.000,+0.000,+0.000,+0.000,1100,0,
1785507314.6222,2026-07-31T10:15:14.622,13.657,138,,,,0,,,,-0.1430,-134.01,-0.1430,-134.01,1,30.0,idle,+0.000,+0.000,+0.000,+0.000,1100,0,
1785507314.7212,2026-07-31T10:15:14.721,13.756,139,,,,0,,,,-0.1454,-134.03,-0.1454,-134.03,1,30.0,idle,+0.000,+0.000,+0.000,+0.000,1100,0,
1785507314.8216,2026-07-31T10:15:14.821,13.856,140,,,,0,,,,-0.1456,-134.04,-0.1456,-134.04,1,30.0,idle,+0.000,+0.000,+0.000,+0.000,1100,0,
1785507314.9204,2026-07-31T10:15:14.920,13.955,141,,,,0,,,,-0.1459,-134.07,-0.1459,-134.07,1,30.0,idle,+0.000,+0.000,+0.000,+0.000,1100,0,
1785507315.0202,2026-07-31T10:15:15.020,14.055,142,,,,0,,,,-0.1444,-134.08,-0.1444,-134.08,1,30.0,idle,+0.000,+0.000,+0.000,+0.000,1100,0,
1785507315.1200,2026-07-31T10:15:15.120,14.155,143,,,,0,,,,-0.1458,-134.11,-0.1458,-134.11,1,30.0,idle,+0.000,+0.000,+0.000,+0.000,1100,0,
1785507315.2192,2026-07-31T10:15:15.219,14.254,144,,,,0,,,,-0.1426,-134.12,-0.1426,-134.12,1,30.0,idle,+0.000,+0.000,+0.000,+0.000,1100,0,
1785507315.3200,2026-07-31T10:15:15.319,14.355,145,,,,0,,,,-0.1471,-134.15,-0.1471,-134.15,1,30.0,idle,+0.000,+0.000,+0.000,+0.000,1100,0,
1785507315.4199,2026-07-31T10:15:15.419,14.455,146,,,,0,,,,-0.1449,-134.17,-0.1449,-134.17,1,30.0,idle,+0.000,+0.000,+0.000,+0.000,1100,0,
1785507315.5186,2026-07-31T10:15:15.518,14.553,147,,,,0,,,,-0.1439,-134.19,-0.1439,-134.19,1,30.0,idle,+0.000,+0.000,+0.000,+0.000,1100,0,
1785507315.6175,2026-07-31T10:15:15.617,14.652,148,,,,0,,,,-0.1468,-134.21,-0.1468,-134.21,1,30.0,idle,+0.000,+0.000,+0.000,+0.000,1100,0,
1785507315.7162,2026-07-31T10:15:15.716,14.751,149,,,,0,,,,-0.1471,-134.23,-0.1471,-134.23,1,30.0,idle,+0.000,+0.000,+0.000,+0.000,1100,0,
1785507315.8160,2026-07-31T10:15:15.816,14.851,150,,,,0,,,,-0.1471,-134.26,-0.1471,-134.26,1,30.0,idle,+0.000,+0.000,+0.000,+0.000,1100,0,
1785507315.9161,2026-07-31T10:15:15.916,14.951,151,,,,0,,,,-0.1445,-134.28,-0.1445,-134.28,1,30.0,idle,+0.000,+0.000,+0.000,+0.000,1100,0,
1785507316.0156,2026-07-31T10:15:16.015,15.050,152,,,,0,,,,-0.1440,-134.31,-0.1440,-134.31,1,30.0,idle,+0.000,+0.000,+0.000,+0.000,1100,0,
1785507316.1150,2026-07-31T10:15:16.115,15.150,153,,,,0,,,,-0.1445,-134.34,-0.1445,-134.34,1,30.0,idle,+0.000,+0.000,+0.000,+0.000,1100,0,
1785507316.2142,2026-07-31T10:15:16.214,15.249,154,,,,0,,,,-0.1457,-134.35,-0.1457,-134.35,1,30.0,idle,+0.000,+0.000,+0.000,+0.000,1100,0,
1785507316.3133,2026-07-31T10:15:16.313,15.348,155,,,,0,,,,-0.1396,-134.38,-0.1396,-134.38,1,30.0,idle,+0.000,+0.000,+0.000,+0.000,1100,0,
1785507316.4116,2026-07-31T10:15:16.411,15.446,156,,,,0,,,,-0.1467,-134.40,-0.1467,-134.40,1,30.0,idle,+0.000,+0.000,+0.000,+0.000,1100,0,
1785507316.5107,2026-07-31T10:15:16.510,15.546,157,,,,0,,,,-0.1446,-134.42,-0.1446,-134.42,1,30.0,idle,+0.000,+0.000,+0.000,+0.000,1100,0,
1785507316.6092,2026-07-31T10:15:16.609,15.644,158,,,,0,,,,-0.1480,-134.46,-0.1480,-134.46,1,30.0,idle,+0.000,+0.000,+0.000,+0.000,1100,0,
1785507316.7086,2026-07-31T10:15:16.708,15.744,159,,,,0,,,,-0.1457,-134.48,-0.1457,-134.48,1,30.0,idle,+0.000,+0.000,+0.000,+0.000,1900,0,
1785507316.8077,2026-07-31T10:15:16.807,15.843,160,,,,0,,,,-0.1446,-134.50,-0.1446,-134.50,1,30.0,idle,+0.000,+0.000,+0.000,+0.000,1900,0,
1785507316.9080,2026-07-31T10:15:16.907,15.943,161,,,,0,,,,-0.1498,-134.52,-0.1498,-134.52,1,30.0,idle,+0.000,+0.000,+0.000,+0.000,1900,0,
1785507317.0069,2026-07-31T10:15:17.006,16.042,162,,,,0,,,,-0.1463,-134.55,-0.1463,-134.55,1,30.0,idle,+0.000,+0.000,+0.000,+0.000,1900,0,
1785507317.1053,2026-07-31T10:15:17.105,16.140,163,,,,0,,,,-0.1457,-134.58,-0.1457,-134.58,1,30.0,idle,+0.000,+0.000,+0.000,+0.000,1900,0,
1785507317.2049,2026-07-31T10:15:17.204,16.240,164,,,,0,,,,-0.1461,-134.58,-0.1461,-134.58,1,30.0,idle,+0.000,+0.000,+0.000,+0.000,1900,0,
1785507317.3041,2026-07-31T10:15:17.304,16.339,165,,,,0,,,,-0.1495,-134.61,-0.1495,-134.61,1,30.0,idle,+0.000,+0.000,+0.000,+0.000,1900,0,
1785507317.4041,2026-07-31T10:15:17.404,16.439,166,,,,0,,,,-0.1444,-134.63,-0.1444,-134.63,1,30.0,idle,+0.000,+0.000,+0.000,+0.000,1900,0,
1785507317.5036,2026-07-31T10:15:17.503,16.538,167,,,,0,,,,-0.1427,-134.66,-0.1427,-134.66,1,30.0,idle,+0.000,+0.000,+0.000,+0.000,1900,0,
1785507317.6028,2026-07-31T10:15:17.602,16.638,168,,,,0,,,,-0.1435,-134.68,-0.1435,-134.68,1,30.0,idle,+0.000,+0.000,+0.000,+0.000,1900,0,
1785507317.7014,2026-07-31T10:15:17.701,16.736,169,,,,0,,,,-0.1446,-134.69,-0.1446,-134.69,1,30.0,idle,+0.000,+0.000,+0.000,+0.000,1900,0,
1785507317.8016,2026-07-31T10:15:17.801,16.836,170,,,,0,,,,-0.1471,-134.73,-0.1471,-134.73,1,30.0,idle,+0.000,+0.000,+0.000,+0.000,1900,0,
1785507317.9010,2026-07-31T10:15:17.901,16.936,171,,,,0,,,,-0.1488,-134.74,-0.1488,-134.74,1,30.0,idle,+0.000,+0.000,+0.000,+0.000,1900,0,
1785507317.9995,2026-07-31T10:15:17.999,17.034,172,,,,0,,,,-0.1453,-134.76,-0.1453,-134.76,1,30.0,idle,+0.000,+0.000,+0.000,+0.000,1900,0,
1785507318.0988,2026-07-31T10:15:18.098,17.134,173,,,,0,,,,-0.1443,-134.78,-0.1443,-134.78,1,30.0,idle,+0.000,+0.000,+0.000,+0.000,1900,0,
1785507318.1975,2026-07-31T10:15:18.197,17.232,174,,,,0,,,,-0.1420,-134.79,-0.1420,-134.79,1,30.0,idle,+0.000,+0.000,+0.000,+0.000,1900,0,
1785507318.2973,2026-07-31T10:15:18.297,17.332,175,,,,0,,,,-0.1444,-134.82,-0.1444,-134.82,1,30.0,idle,+0.000,+0.000,+0.000,+0.000,1900,0,
1785507318.3970,2026-07-31T10:15:18.396,17.432,176,,,,0,,,,-0.1464,-134.83,-0.1464,-134.83,1,30.0,idle,+0.000,+0.000,+0.000,+0.000,1900,0,
1785507318.4956,2026-07-31T10:15:18.495,17.530,177,,,,0,,,,-0.1464,-134.85,-0.1464,-134.85,1,30.0,idle,+0.000,+0.000,+0.000,+0.000,1900,0,
1785507318.5962,2026-07-31T10:15:18.596,17.631,178,,,,0,,,,-0.1492,-134.87,-0.1492,-134.87,1,30.0,idle,+0.000,+0.000,+0.000,+0.000,1900,0,
1785507318.6963,2026-07-31T10:15:18.696,17.731,179,,,,0,,,,-0.1491,-134.88,-0.1491,-134.88,1,30.0,idle,+0.000,+0.000,+0.000,+0.000,1900,0,
1785507318.7957,2026-07-31T10:15:18.795,17.831,180,,,,0,,,,-0.1451,-134.90,-0.1451,-134.90,1,30.0,idle,+0.000,+0.000,+0.000,+0.000,1900,0,
1785507318.8953,2026-07-31T10:15:18.895,17.930,181,,,,0,,,,-0.1444,-134.91,-0.1444,-134.91,1,30.0,idle,+0.000,+0.000,+0.000,+0.000,1900,0,
1785507318.9946,2026-07-31T10:15:18.994,18.030,182,,,,0,,,,-0.1453,-134.94,-0.1453,-134.94,1,30.0,idle,+0.000,+0.000,+0.000,+0.000,1900,0,
1785507319.0942,2026-07-31T10:15:19.094,18.129,183,,,,0,,,,-0.1438,-134.95,-0.1438,-134.95,1,30.0,idle,+0.000,+0.000,+0.000,+0.000,1900,0,
1785507319.1941,2026-07-31T10:15:19.194,18.229,184,,,,0,,,,-0.1465,-134.99,-0.1465,-134.99,1,30.0,idle,+0.000,+0.000,+0.000,+0.000,1900,0,
1785507319.2929,2026-07-31T10:15:19.292,18.328,185,,,,0,,,,-0.1458,-135.02,-0.1458,-135.02,1,30.0,idle,+0.000,+0.000,+0.000,+0.000,1100,0,
1785507319.3927,2026-07-31T10:15:19.392,18.428,186,,,,0,,,,-0.1453,-135.03,-0.1453,-135.03,1,30.0,idle,+0.000,+0.000,+0.000,+0.000,1100,0,
1785507319.4915,2026-07-31T10:15:19.491,18.526,187,,,,0,,,,-0.1441,-135.05,-0.1441,-135.05,1,30.0,idle,+0.000,+0.000,+0.000,+0.000,1100,0,
1785507319.5911,2026-07-31T10:15:19.591,18.626,188,,,,0,,,,-0.1454,-135.06,-0.1454,-135.06,1,30.0,idle,+0.000,+0.000,+0.000,+0.000,1100,0,
1785507319.6911,2026-07-31T10:15:19.691,18.726,189,,,,0,,,,-0.1477,-135.10,-0.1477,-135.10,1,30.0,idle,+0.000,+0.000,+0.000,+0.000,1100,0,
1785507319.7894,2026-07-31T10:15:19.789,18.824,190,,,,0,,,,-0.1466,-135.13,-0.1466,-135.13,1,30.0,idle,+0.000,+0.000,+0.000,+0.000,1100,0,
1785507319.8894,2026-07-31T10:15:19.889,18.924,191,,,,0,,,,-0.1476,-135.14,-0.1476,-135.14,1,30.0,idle,+0.000,+0.000,+0.000,+0.000,1100,0,
1785507319.9885,2026-07-31T10:15:19.988,19.023,192,,,,0,,,,-0.1462,-135.16,-0.1462,-135.16,1,30.0,idle,+0.000,+0.000,+0.000,+0.000,1100,0,
1785507320.0886,2026-07-31T10:15:20.088,19.123,193,,,,0,,,,-0.1454,-135.18,-0.1454,-135.18,1,30.0,idle,+0.000,+0.000,+0.000,+0.000,1100,0,
1785507320.1877,2026-07-31T10:15:20.187,19.223,194,,,,0,,,,-0.1453,-135.21,-0.1453,-135.21,1,30.0,idle,+0.000,+0.000,+0.000,+0.000,1100,0,
1785507320.2869,2026-07-31T10:15:20.286,19.322,195,,,,0,,,,-0.1466,-135.23,-0.1466,-135.23,1,30.0,idle,+0.000,+0.000,+0.000,+0.000,1100,0,
1785507320.3860,2026-07-31T10:15:20.386,19.421,196,,,,0,,,,-0.1482,-135.24,-0.1482,-135.24,1,30.0,idle,+0.000,+0.000,+0.000,+0.000,1900,0,
1785507320.4856,2026-07-31T10:15:20.485,19.520,197,,,,0,,,,-0.1480,-135.26,-0.1480,-135.26,1,30.0,idle,+0.000,+0.000,+0.000,+0.000,1900,0,
1785507320.5837,2026-07-31T10:15:20.583,19.619,198,,,,0,,,,-0.1434,-135.28,-0.1434,-135.28,1,30.0,idle,+0.000,+0.000,+0.000,+0.000,1900,0,
1785507320.6827,2026-07-31T10:15:20.682,19.718,199,,,,0,,,,-0.1443,-135.30,-0.1443,-135.30,1,30.0,idle,+0.000,+0.000,+0.000,+0.000,1900,0,
1785507320.7823,2026-07-31T10:15:20.782,19.817,200,,,,0,,,,-0.1471,-135.33,-0.1471,-135.33,1,30.0,idle,+0.000,+0.000,+0.000,+0.000,1900,0,
1785507320.8818,2026-07-31T10:15:20.881,19.917,201,,,,0,,,,-0.1438,-135.34,-0.1438,-135.34,1,30.0,idle,+0.000,+0.000,+0.000,+0.000,1900,0,
1785507320.9813,2026-07-31T10:15:20.981,20.016,202,,,,0,,,,-0.1467,-135.36,-0.1467,-135.36,1,30.0,idle,+0.000,+0.000,+0.000,+0.000,1900,0,
1785507321.0805,2026-07-31T10:15:21.080,20.115,203,,,,0,,,,-0.1445,-135.37,-0.1445,-135.37,1,30.0,idle,+0.000,+0.000,+0.000,+0.000,1900,0,
1785507321.1796,2026-07-31T10:15:21.179,20.214,204,,,,0,,,,-0.1475,-135.39,-0.1475,-135.39,1,30.0,idle,+0.000,+0.000,+0.000,+0.000,1900,0,
1785507321.2795,2026-07-31T10:15:21.279,20.314,205,,,,0,,,,-0.1487,-135.41,-0.1487,-135.41,1,30.0,idle,+0.000,+0.000,+0.000,+0.000,1900,0,
1785507321.3780,2026-07-31T10:15:21.377,20.413,206,,,,0,,,,-0.1503,-135.42,-0.1503,-135.42,1,30.0,idle,+0.000,+0.000,+0.000,+0.000,1900,0,
1785507321.4770,2026-07-31T10:15:21.477,20.512,207,,,,0,,,,-0.1497,-135.45,-0.1497,-135.45,1,30.0,idle,+0.000,+0.000,+0.000,+0.000,1900,0,
1785507321.5771,2026-07-31T10:15:21.577,20.612,208,,,,0,,,,-0.1477,-135.46,-0.1477,-135.46,1,30.0,idle,+0.000,+0.000,+0.000,+0.000,1900,0,
1785507321.6758,2026-07-31T10:15:21.675,20.711,209,,,,0,,,,-0.1449,-135.49,-0.1449,-135.49,1,30.0,idle,+0.000,+0.000,+0.000,+0.000,1900,0,
1785507321.7761,2026-07-31T10:15:21.776,20.811,210,,,,0,,,,-0.1480,-135.50,-0.1480,-135.50,1,30.0,idle,+0.000,+0.000,+0.000,+0.000,1900,0,
1785507321.8753,2026-07-31T10:15:21.875,20.910,211,,,,0,,,,-0.1445,-135.53,-0.1445,-135.53,1,30.0,idle,+0.000,+0.000,+0.000,+0.000,1900,0,
1785507321.9752,2026-07-31T10:15:21.975,21.010,212,,,,0,,,,-0.1482,-135.54,-0.1482,-135.54,1,30.0,idle,+0.000,+0.000,+0.000,+0.000,1900,0,
1785507322.0741,2026-07-31T10:15:22.074,21.109,213,,,,0,,,,-0.1440,-135.56,-0.1440,-135.56,1,30.0,idle,+0.000,+0.000,+0.000,+0.000,1900,0,
1785507322.1743,2026-07-31T10:15:22.174,21.209,214,,,,0,,,,-0.1481,-135.58,-0.1481,-135.58,1,30.0,idle,+0.000,+0.000,+0.000,+0.000,1900,0,
1785507322.2730,2026-07-31T10:15:22.273,21.308,215,,,,0,,,,-0.1435,-135.60,-0.1435,-135.60,1,30.0,idle,+0.000,+0.000,+0.000,+0.000,1900,0,
1785507322.3726,2026-07-31T10:15:22.372,21.407,216,,,,0,,,,-0.1465,-135.64,-0.1465,-135.64,1,30.0,idle,+0.000,+0.000,+0.000,+0.000,1900,0,
1785507322.4725,2026-07-31T10:15:22.472,21.507,217,,,,0,,,,-0.1438,-135.66,-0.1438,-135.66,1,30.0,idle,+0.000,+0.000,+0.000,+0.000,1900,0,
1785507322.5715,2026-07-31T10:15:22.571,21.606,218,,,,0,,,,-0.1430,-135.67,-0.1430,-135.67,1,30.0,idle,+0.000,+0.000,+0.000,+0.000,1900,0,
1785507322.6700,2026-07-31T10:15:22.670,21.705,219,,,,0,,,,-0.1469,-135.70,-0.1469,-135.70,1,30.0,idle,+0.000,+0.000,+0.000,+0.000,1900,0,
1785507322.7687,2026-07-31T10:15:22.768,21.804,220,,,,0,,,,-0.1480,-135.71,-0.1480,-135.71,1,30.0,idle,+0.000,+0.000,+0.000,+0.000,1900,0,
1785507322.8691,2026-07-31T10:15:22.869,21.904,221,,,,0,,,,-0.1454,-135.73,-0.1454,-135.73,1,30.0,idle,+0.000,+0.000,+0.000,+0.000,1900,0,
1785507322.9681,2026-07-31T10:15:22.968,22.003,222,,,,0,,,,-0.1443,-135.75,-0.1443,-135.75,1,30.0,idle,+0.000,+0.000,+0.000,+0.000,1900,0,
1785507323.0675,2026-07-31T10:15:23.067,22.102,223,,,,0,,,,-0.1480,-135.76,-0.1480,-135.76,1,30.0,idle,+0.000,+0.000,+0.000,+0.000,1900,0,
1785507323.1664,2026-07-31T10:15:23.166,22.201,224,,,,0,,,,-0.1427,-135.77,-0.1427,-135.77,1,30.0,idle,+0.000,+0.000,+0.000,+0.000,1900,0,
1785507323.2655,2026-07-31T10:15:23.265,22.300,225,,,,0,,,,-0.1477,-135.80,-0.1477,-135.80,1,30.0,idle,+0.000,+0.000,+0.000,+0.000,1900,0,
1785507323.3655,2026-07-31T10:15:23.365,22.400,226,,,,0,,,,-0.1459,-135.83,-0.1459,-135.83,1,30.0,idle,+0.000,+0.000,+0.000,+0.000,1100,0,
1785507323.4646,2026-07-31T10:15:23.464,22.499,227,,,,0,,,,-0.1436,-135.84,-0.1436,-135.84,1,30.0,idle,+0.000,+0.000,+0.000,+0.000,1100,0,
1785507323.5632,2026-07-31T10:15:23.563,22.598,228,,,,0,,,,-0.1414,-135.87,-0.1414,-135.87,1,30.0,idle,+0.000,+0.000,+0.000,+0.000,1100,0,
1785507323.6620,2026-07-31T10:15:23.662,22.697,229,,,,0,,,,-0.1442,-135.89,-0.1442,-135.89,1,30.0,idle,+0.000,+0.000,+0.000,+0.000,1100,0,
1785507323.7614,2026-07-31T10:15:23.761,22.796,230,,,,0,,,,-0.1479,-135.90,-0.1479,-135.90,1,30.0,idle,+0.000,+0.000,+0.000,+0.000,1100,0,
1785507323.8602,2026-07-31T10:15:23.860,22.895,231,,,,0,,,,-0.1459,-135.93,-0.1459,-135.93,1,30.0,idle,+0.000,+0.000,+0.000,+0.000,1100,0,
1785507323.9591,2026-07-31T10:15:23.959,22.994,232,,,,0,,,,-0.1472,-135.94,-0.1472,-135.94,1,30.0,idle,+0.000,+0.000,+0.000,+0.000,1100,0,
1785507324.0581,2026-07-31T10:15:24.058,23.093,233,,,,0,,,,-0.1439,-135.96,-0.1439,-135.96,1,30.0,idle,+0.000,+0.000,+0.000,+0.000,1100,0,
1785507324.1577,2026-07-31T10:15:24.157,23.193,234,,,,0,,,,-0.1459,-135.99,-0.1459,-135.99,1,30.0,idle,+0.000,+0.000,+0.000,+0.000,1100,0,
1785507324.2571,2026-07-31T10:15:24.257,23.292,235,,,,0,,,,-0.1490,-136.00,-0.1490,-136.00,1,30.0,idle,+0.000,+0.000,+0.000,+0.000,1100,0,
1785507324.3560,2026-07-31T10:15:24.356,23.391,236,,,,0,,,,-0.1469,-136.03,-0.1469,-136.03,1,30.0,idle,+0.000,+0.000,+0.000,+0.000,1100,0,
1785507324.4550,2026-07-31T10:15:24.454,23.490,237,,,,0,,,,-0.1445,-136.05,-0.1445,-136.05,1,30.0,idle,+0.000,+0.000,+0.000,+0.000,1100,0,
1785507324.5567,2026-07-31T10:15:24.556,23.592,238,,,,0,,,,-0.1495,-136.08,-0.1495,-136.08,1,30.0,idle,+0.000,+0.000,+0.000,+0.000,1100,0,
1785507324.6549,2026-07-31T10:15:24.654,23.690,239,,,,0,,,,-0.1459,-136.09,-0.1459,-136.09,1,30.0,idle,+0.000,+0.000,+0.000,+0.000,1100,0,
1785507324.7541,2026-07-31T10:15:24.754,23.789,240,,,,0,,,,-0.1451,-136.11,-0.1451,-136.11,1,30.0,idle,+0.000,+0.000,+0.000,+0.000,1100,0,
1785507324.8532,2026-07-31T10:15:24.853,23.888,241,,,,0,,,,-0.1485,-136.14,-0.1485,-136.14,1,30.0,idle,+0.000,+0.000,+0.000,+0.000,1100,0,
1785507324.9526,2026-07-31T10:15:24.952,23.987,242,,,,0,,,,-0.1464,-136.15,-0.1464,-136.15,1,30.0,idle,+0.000,+0.000,+0.000,+0.000,1100,0,
1785507325.0523,2026-07-31T10:15:25.052,24.087,243,,,,0,,,,-0.1457,-136.17,-0.1457,-136.17,1,30.0,idle,+0.000,+0.000,+0.000,+0.000,1100,0,
1785507325.1516,2026-07-31T10:15:25.151,24.186,244,,,,0,,,,-0.1440,-136.20,-0.1440,-136.20,1,30.0,idle,+0.000,+0.000,+0.000,+0.000,1100,0,
1785507325.2505,2026-07-31T10:15:25.250,24.285,245,,,,0,,,,-0.1483,-136.22,-0.1483,-136.22,1,30.0,idle,+0.000,+0.000,+0.000,+0.000,1100,0,
1785507325.3496,2026-07-31T10:15:25.349,24.384,246,,,,0,,,,-0.1466,-136.25,-0.1466,-136.25,1,30.0,idle,+0.000,+0.000,+0.000,+0.000,1100,0,
1785507325.4486,2026-07-31T10:15:25.448,24.483,247,,,,0,,,,-0.1451,-136.26,-0.1451,-136.26,1,30.0,idle,+0.000,+0.000,+0.000,+0.000,1100,0,
1785507325.5471,2026-07-31T10:15:25.547,24.582,248,,,,0,,,,-0.1468,-136.29,-0.1468,-136.29,1,30.0,idle,+0.000,+0.000,+0.000,+0.000,1100,0,
1785507325.6467,2026-07-31T10:15:25.646,24.682,249,,,,0,,,,-0.1491,-136.32,-0.1491,-136.32,1,30.0,idle,+0.000,+0.000,+0.000,+0.000,1100,0,
1785507325.7449,2026-07-31T10:15:25.744,24.780,250,,,,0,,,,-0.1471,-136.34,-0.1471,-136.34,1,30.0,idle,+0.000,+0.000,+0.000,+0.000,1100,0,
1785507325.8448,2026-07-31T10:15:25.844,24.880,251,,,,0,,,,-0.1485,-136.36,-0.1485,-136.36,1,30.0,idle,+0.000,+0.000,+0.000,+0.000,1100,0,
1785507325.9442,2026-07-31T10:15:25.944,24.979,252,,,,0,,,,-0.1468,-136.38,-0.1468,-136.38,1,30.0,idle,+0.000,+0.000,+0.000,+0.000,1100,0,
1785507326.0432,2026-07-31T10:15:26.043,25.078,253,,,,0,,,,-0.1507,-136.41,-0.1507,-136.41,1,30.0,idle,+0.000,+0.000,+0.000,+0.000,1100,0,
1785507326.1435,2026-07-31T10:15:26.143,25.178,254,,,,0,,,,-0.1497,-136.43,-0.1497,-136.43,1,30.0,idle,+0.000,+0.000,+0.000,+0.000,1100,0,
1785507326.2423,2026-07-31T10:15:26.242,25.277,255,,,,0,,,,-0.1458,-136.46,-0.1458,-136.46,1,30.0,idle,+0.000,+0.000,+0.000,+0.000,1100,0,
1785507326.3413,2026-07-31T10:15:26.341,25.376,256,,,,0,,,,-0.1428,-136.48,-0.1428,-136.48,1,30.0,idle,+0.000,+0.000,+0.000,+0.000,1100,0,
1785507326.4407,2026-07-31T10:15:26.440,25.476,257,,,,0,,,,-0.1472,-136.50,-0.1472,-136.50,1,30.0,idle,+0.000,+0.000,+0.000,+0.000,1100,0,
1785507326.5393,2026-07-31T10:15:26.539,25.574,258,,,,0,,,,-0.1477,-136.52,-0.1477,-136.52,1,30.0,idle,+0.000,+0.000,+0.000,+0.000,1100,0,
1785507326.6387,2026-07-31T10:15:26.638,25.674,259,,,,0,,,,-0.1458,-136.53,-0.1458,-136.53,1,30.0,idle,+0.000,+0.000,+0.000,+0.000,1100,0,
1785507326.7377,2026-07-31T10:15:26.737,25.773,260,,,,0,,,,-0.1472,-136.55,-0.1472,-136.55,1,30.0,idle,+0.000,+0.000,+0.000,+0.000,1100,0,
1785507326.8360,2026-07-31T10:15:26.835,25.871,261,,,,0,,,,-0.1514,-136.56,-0.1514,-136.56,1,30.0,idle,+0.000,+0.000,+0.000,+0.000,1100,0,
1785507326.9354,2026-07-31T10:15:26.935,25.970,262,,,,0,,,,-0.1489,-136.59,-0.1489,-136.59,1,30.0,idle,+0.000,+0.000,+0.000,+0.000,1100,0,
1785507327.0342,2026-07-31T10:15:27.034,26.069,263,,,,0,,,,-0.1492,-136.61,-0.1492,-136.61,1,30.0,idle,+0.000,+0.000,+0.000,+0.000,1100,0,
1785507327.1334,2026-07-31T10:15:27.133,26.168,264,,,,0,,,,-0.1435,-136.62,-0.1435,-136.62,1,30.0,idle,+0.000,+0.000,+0.000,+0.000,1100,0,
1785507327.2327,2026-07-31T10:15:27.232,26.268,265,,,,0,,,,-0.1448,-136.65,-0.1448,-136.65,1,30.0,idle,+0.000,+0.000,+0.000,+0.000,1100,0,
1785507327.3318,2026-07-31T10:15:27.331,26.367,266,,,,0,,,,-0.1477,-136.66,-0.1477,-136.66,1,30.0,idle,+0.000,+0.000,+0.000,+0.000,1100,0,
1785507327.4306,2026-07-31T10:15:27.430,26.465,267,,,,0,,,,-0.1480,-136.68,-0.1480,-136.68,1,30.0,idle,+0.000,+0.000,+0.000,+0.000,1100,0,
1785507327.5297,2026-07-31T10:15:27.529,26.565,268,,,,0,,,,-0.1463,-136.69,-0.1463,-136.69,1,30.0,idle,+0.000,+0.000,+0.000,+0.000,1100,0,
1785507327.6305,2026-07-31T10:15:27.630,26.665,269,,,,0,,,,-0.1457,-136.71,-0.1457,-136.71,1,30.0,idle,+0.000,+0.000,+0.000,+0.000,1100,0,
1785507327.7294,2026-07-31T10:15:27.729,26.764,270,,,,0,,,,-0.1464,-136.74,-0.1464,-136.74,1,30.0,idle,+0.000,+0.000,+0.000,+0.000,1100,0,
1785507327.8282,2026-07-31T10:15:27.828,26.863,271,,,,0,,,,-0.1436,-136.76,-0.1436,-136.76,1,30.0,idle,+0.000,+0.000,+0.000,+0.000,1100,0,
1785507327.9274,2026-07-31T10:15:27.927,26.962,272,,,,0,,,,-0.1477,-136.78,-0.1477,-136.78,1,30.0,idle,+0.000,+0.000,+0.000,+0.000,1100,0,
1785507328.0269,2026-07-31T10:15:28.026,27.062,273,,,,0,,,,-0.1458,-136.80,-0.1458,-136.80,1,30.0,idle,+0.000,+0.000,+0.000,+0.000,1100,0,
1785507328.1266,2026-07-31T10:15:28.126,27.162,274,,,,0,,,,-0.1470,-136.81,-0.1470,-136.81,1,30.0,idle,+0.000,+0.000,+0.000,+0.000,1100,0,
1785507328.2264,2026-07-31T10:15:28.226,27.261,275,,,,0,,,,-0.1465,-136.83,-0.1465,-136.83,1,30.0,idle,+0.000,+0.000,+0.000,+0.000,1100,0,
1785507328.3269,2026-07-31T10:15:28.326,27.362,276,,,,0,,,,-0.1479,-136.85,-0.1479,-136.85,1,30.0,idle,+0.000,+0.000,+0.000,+0.000,1100,0,
1785507328.4263,2026-07-31T10:15:28.426,27.461,277,,,,0,,,,-0.1459,-136.88,-0.1459,-136.88,1,30.0,idle,+0.000,+0.000,+0.000,+0.000,1100,0,
1785507328.5257,2026-07-31T10:15:28.525,27.561,278,,,,0,,,,-0.1503,-136.90,-0.1503,-136.90,1,30.0,idle,+0.000,+0.000,+0.000,+0.000,1100,0,
1785507328.6246,2026-07-31T10:15:28.624,27.659,279,,,,0,,,,-0.1451,-136.91,-0.1451,-136.91,1,30.0,idle,+0.000,+0.000,+0.000,+0.000,1100,0,
1785507328.7232,2026-07-31T10:15:28.723,27.758,280,,,,0,,,,-0.1428,-136.95,-0.1428,-136.95,1,30.0,idle,+0.000,+0.000,+0.000,+0.000,1100,0,
1785507328.8228,2026-07-31T10:15:28.822,27.858,281,,,,0,,,,-0.1441,-136.99,-0.1441,-136.99,1,30.0,idle,+0.000,+0.000,+0.000,+0.000,1100,0,
1785507328.9214,2026-07-31T10:15:28.921,27.956,282,,,,0,,,,-0.1430,-137.02,-0.1430,-137.02,1,30.0,idle,+0.000,+0.000,+0.000,+0.000,1100,0,
1785507329.0205,2026-07-31T10:15:29.020,28.055,283,,,,0,,,,-0.1468,-137.03,-0.1468,-137.03,1,30.0,idle,+0.000,+0.000,+0.000,+0.000,1100,0,
1785507329.1195,2026-07-31T10:15:29.119,28.154,284,,,,0,,,,-0.1451,-137.05,-0.1451,-137.05,1,30.0,idle,+0.000,+0.000,+0.000,+0.000,1100,0,
1785507329.2194,2026-07-31T10:15:29.219,28.254,285,,,,0,,,,-0.1453,-137.09,-0.1453,-137.09,1,30.0,idle,+0.000,+0.000,+0.000,+0.000,1100,0,
1785507329.3190,2026-07-31T10:15:29.318,28.354,286,,,,0,,,,-0.1443,-137.10,-0.1443,-137.10,1,30.0,idle,+0.000,+0.000,+0.000,+0.000,1100,0,
1785507329.4176,2026-07-31T10:15:29.417,28.452,287,,,,0,,,,-0.1461,-137.12,-0.1461,-137.12,1,30.0,idle,+0.000,+0.000,+0.000,+0.000,1100,0,
1785507329.5167,2026-07-31T10:15:29.516,28.552,288,,,,0,,,,-0.1450,-137.14,-0.1450,-137.14,1,30.0,idle,+0.000,+0.000,+0.000,+0.000,1100,0,
1785507329.6154,2026-07-31T10:15:29.615,28.650,289,,,,0,,,,-0.1446,-137.15,-0.1446,-137.15,1,30.0,idle,+0.000,+0.000,+0.000,+0.000,1100,0,
1785507329.7150,2026-07-31T10:15:29.715,28.750,290,,,,0,,,,-0.1451,-137.16,-0.1451,-137.16,1,30.0,idle,+0.000,+0.000,+0.000,+0.000,1100,0,
1785507329.8136,2026-07-31T10:15:29.813,28.848,291,,,,0,,,,-0.1477,-137.18,-0.1477,-137.18,1,30.0,idle,+0.000,+0.000,+0.000,+0.000,1100,0,
1785507329.9136,2026-07-31T10:15:29.913,28.949,292,,,,0,,,,-0.1481,-137.22,-0.1481,-137.22,1,30.0,idle,+0.000,+0.000,+0.000,+0.000,1100,0,
1785507330.0126,2026-07-31T10:15:30.012,29.047,293,,,,0,,,,-0.1458,-137.23,-0.1458,-137.23,1,30.0,idle,+0.000,+0.000,+0.000,+0.000,1100,0,
1785507330.1116,2026-07-31T10:15:30.111,29.146,294,,,,0,,,,-0.1466,-137.25,-0.1466,-137.25,1,30.0,idle,+0.000,+0.000,+0.000,+0.000,1100,0,
1785507330.2114,2026-07-31T10:15:30.211,29.246,295,,,,0,,,,-0.1489,-137.23,-0.1489,-137.23,1,30.0,idle,+0.000,+0.000,+0.000,+0.000,1100,0,
1785507330.3111,2026-07-31T10:15:30.311,29.346,296,,,,0,,,,-0.1447,-137.24,-0.1447,-137.24,1,30.0,idle,+0.000,+0.000,+0.000,+0.000,1100,0,
1785507330.4091,2026-07-31T10:15:30.409,29.444,297,,,,0,,,,-0.1492,-137.27,-0.1492,-137.27,1,30.0,idle,+0.000,+0.000,+0.000,+0.000,1100,0,
1785507330.5082,2026-07-31T10:15:30.508,29.543,298,,,,0,,,,-0.1481,-137.27,-0.1481,-137.27,1,30.0,idle,+0.000,+0.000,+0.000,+0.000,1100,0,
1785507330.6080,2026-07-31T10:15:30.607,29.643,299,,,,0,,,,-0.1505,-137.28,-0.1505,-137.28,1,30.0,idle,+0.000,+0.000,+0.000,+0.000,1100,0,
1785507330.7068,2026-07-31T10:15:30.706,29.742,300,,,,0,,,,-0.1460,-137.30,-0.1460,-137.30,1,30.0,idle,+0.000,+0.000,+0.000,+0.000,1100,0,
1785507330.8054,2026-07-31T10:15:30.805,29.840,301,,,,0,,,,-0.1442,-137.32,-0.1442,-137.32,1,30.0,idle,+0.000,+0.000,+0.000,+0.000,1100,0,
1785507330.9046,2026-07-31T10:15:30.904,29.939,302,,,,0,,,,-0.1475,-137.68,-0.1475,-137.68,1,30.0,idle,+0.000,+0.000,+0.000,+0.000,1100,0,
1785507331.0035,2026-07-31T10:15:31.003,30.038,303,,,,0,,,,-0.1517,-137.69,-0.1517,-137.69,1,30.0,idle,+0.000,+0.000,+0.000,+0.000,1100,0,
1785507331.1024,2026-07-31T10:15:31.102,30.137,304,,,,0,,,,-0.1473,-136.83,-0.1473,-136.83,1,30.0,idle,+0.000,+0.000,+0.000,+0.000,1100,0,
1785507331.2023,2026-07-31T10:15:31.202,30.237,305,,,,0,,,,-0.1500,-136.41,-0.1500,-136.41,1,30.0,idle,+0.000,+0.000,+0.000,+0.000,1100,0,
1785507331.3015,2026-07-31T10:15:31.301,30.336,306,,,,0,,,,-0.1487,-136.09,-0.1487,-136.09,1,30.0,idle,+0.000,+0.000,+0.000,+0.000,1100,0,
1785507331.4005,2026-07-31T10:15:31.400,30.435,307,,,,0,,,,-0.1490,-136.34,-0.1490,-136.34,1,30.0,idle,+0.000,+0.000,+0.000,+0.000,1100,0,
1785507331.4995,2026-07-31T10:15:31.499,30.534,308,,,,0,,,,-0.1455,-136.35,-0.1455,-136.35,1,30.0,idle,+0.000,+0.000,+0.000,+0.000,1100,0,
1785507331.5985,2026-07-31T10:15:31.598,30.633,309,,,,0,,,,-0.1494,-136.15,-0.1494,-136.15,1,30.0,idle,+0.000,+0.000,+0.000,+0.000,1100,0,
1785507331.6984,2026-07-31T10:15:31.698,30.733,310,,,,0,,,,-0.1495,-136.14,-0.1495,-136.14,1,30.0,idle,+0.000,+0.000,+0.000,+0.000,1100,0,
1785507331.7980,2026-07-31T10:15:31.798,30.833,311,,,,0,,,,-0.1491,-136.25,-0.1491,-136.25,1,30.0,idle,+0.000,+0.000,+0.000,+0.000,1100,0,
1785507331.8980,2026-07-31T10:15:31.897,30.933,312,,,,0,,,,-0.1471,-136.45,-0.1471,-136.45,1,30.0,idle,+0.000,+0.000,+0.000,+0.000,1100,0,
1785507331.9966,2026-07-31T10:15:31.996,31.032,313,,,,0,,,,-0.1477,-136.52,-0.1477,-136.52,1,30.0,idle,+0.000,+0.000,+0.000,+0.000,1100,0,
1785507332.0963,2026-07-31T10:15:32.096,31.131,314,,,,0,,,,-0.1480,-136.80,-0.1480,-136.80,1,30.0,idle,+0.000,+0.000,+0.000,+0.000,1100,0,
1785507332.1955,2026-07-31T10:15:32.195,31.230,315,,,,0,,,,-0.1473,-137.03,-0.1473,-137.03,1,30.0,idle,+0.000,+0.000,+0.000,+0.000,1100,0,
1785507332.2947,2026-07-31T10:15:32.294,31.330,316,,,,0,,,,-0.1444,-137.01,-0.1444,-137.01,1,30.0,idle,+0.000,+0.000,+0.000,+0.000,1100,0,
1785507332.3935,2026-07-31T10:15:32.393,31.428,317,,,,0,,,,-0.1487,-136.87,-0.1487,-136.87,1,30.0,idle,+0.000,+0.000,+0.000,+0.000,1100,0,
1785507332.4935,2026-07-31T10:15:32.493,31.528,318,,,,0,,,,-0.1466,-136.84,-0.1466,-136.84,1,30.0,idle,+0.000,+0.000,+0.000,+0.000,1100,0,
1785507332.5931,2026-07-31T10:15:32.593,31.628,319,,,,0,,,,-0.1451,-136.99,-0.1451,-136.99,1,30.0,idle,+0.000,+0.000,+0.000,+0.000,1100,0,
1785507332.6915,2026-07-31T10:15:32.691,31.726,320,,,,0,,,,-0.1472,-137.02,-0.1472,-137.02,1,30.0,idle,+0.000,+0.000,+0.000,+0.000,1100,0,
1785507332.7917,2026-07-31T10:15:32.791,31.827,321,,,,0,,,,-0.1515,-136.82,-0.1515,-136.82,1,30.0,idle,+0.000,+0.000,+0.000,+0.000,1100,0,
1785507332.8910,2026-07-31T10:15:32.891,31.926,322,,,,0,,,,-0.1448,-136.73,-0.1448,-136.73,1,30.0,idle,+0.000,+0.000,+0.000,+0.000,1100,0,
1785507332.9900,2026-07-31T10:15:32.990,32.025,323,,,,0,,,,-0.1491,-136.73,-0.1491,-136.73,1,30.0,idle,+0.000,+0.000,+0.000,+0.000,1100,0,
1785507333.0892,2026-07-31T10:15:33.089,32.124,324,,,,0,,,,-0.1472,-136.75,-0.1472,-136.75,1,30.0,idle,+0.000,+0.000,+0.000,+0.000,1100,0,
1785507333.1889,2026-07-31T10:15:33.188,32.224,325,,,,0,,,,-0.1466,-136.77,-0.1466,-136.77,1,30.0,idle,+0.000,+0.000,+0.000,+0.000,1100,0,
1785507333.2891,2026-07-31T10:15:33.289,32.324,326,,,,0,,,,-0.1439,-136.78,-0.1439,-136.78,1,30.0,idle,+0.000,+0.000,+0.000,+0.000,1100,0,
1785507333.3878,2026-07-31T10:15:33.387,32.423,327,,,,0,,,,-0.1495,-136.94,-0.1495,-136.94,1,30.0,idle,+0.000,+0.000,+0.000,+0.000,1100,0,
1785507333.4874,2026-07-31T10:15:33.487,32.522,328,,,,0,,,,-0.1472,-137.01,-0.1472,-137.01,1,30.0,idle,+0.000,+0.000,+0.000,+0.000,1100,0,
1785507333.5864,2026-07-31T10:15:33.586,32.621,329,,,,0,,,,-0.1450,-137.15,-0.1450,-137.15,1,30.0,idle,+0.000,+0.000,+0.000,+0.000,1100,0,
1785507333.6862,2026-07-31T10:15:33.686,32.721,330,,,,0,,,,-0.1481,-137.18,-0.1481,-137.18,1,30.0,idle,+0.000,+0.000,+0.000,+0.000,1100,0,
1785507333.7850,2026-07-31T10:15:33.785,32.820,331,,,,0,,,,-0.1456,-137.17,-0.1456,-137.17,1,30.0,idle,+0.000,+0.000,+0.000,+0.000,1100,0,
1785507333.8851,2026-07-31T10:15:33.885,32.920,332,,,,0,,,,-0.1466,-137.32,-0.1466,-137.32,1,30.0,idle,+0.000,+0.000,+0.000,+0.000,1100,0,
1785507333.9844,2026-07-31T10:15:33.984,33.019,333,,,,0,,,,-0.1500,-137.30,-0.1500,-137.30,1,30.0,idle,+0.000,+0.000,+0.000,+0.000,1100,0,
1785507334.0841,2026-07-31T10:15:34.084,33.119,334,,,,0,,,,-0.1447,-137.26,-0.1447,-137.26,1,30.0,idle,+0.000,+0.000,+0.000,+0.000,1100,0,
1785507334.1826,2026-07-31T10:15:34.182,33.217,335,,,,0,,,,-0.1477,-137.24,-0.1477,-137.24,1,30.0,idle,+0.000,+0.000,+0.000,+0.000,1100,0,
1785507334.2820,2026-07-31T10:15:34.281,33.317,336,,,,0,,,,-0.1486,-137.40,-0.1486,-137.40,1,30.0,idle,+0.000,+0.000,+0.000,+0.000,1100,0,
1785507334.3818,2026-07-31T10:15:34.381,33.417,337,,,,0,,,,-0.1484,-137.68,-0.1484,-137.68,1,30.0,idle,+0.000,+0.000,+0.000,+0.000,1100,0,
1785507334.4826,2026-07-31T10:15:34.482,33.517,338,,,,0,,,,-0.1457,-137.70,-0.1457,-137.70,1,30.0,idle,+0.000,+0.000,+0.000,+0.000,1100,0,
1785507334.5818,2026-07-31T10:15:34.581,33.617,339,,,,0,,,,-0.1466,-137.52,-0.1466,-137.52,1,30.0,idle,+0.000,+0.000,+0.000,+0.000,1100,0,
1785507334.6813,2026-07-31T10:15:34.681,33.716,340,,,,0,,,,-0.1486,-137.67,-0.1486,-137.67,1,30.0,idle,+0.000,+0.000,+0.000,+0.000,1100,0,
1785507334.7804,2026-07-31T10:15:34.780,33.815,341,,,,0,,,,-0.1452,-137.49,-0.1452,-137.49,1,30.0,idle,+0.000,+0.000,+0.000,+0.000,1100,0,
1785507334.8801,2026-07-31T10:15:34.880,33.915,342,,,,0,,,,-0.1477,-137.44,-0.1477,-137.44,1,30.0,idle,+0.000,+0.000,+0.000,+0.000,1100,0,
1785507334.9791,2026-07-31T10:15:34.979,34.014,343,,,,0,,,,-0.1448,-137.32,-0.1448,-137.32,1,30.0,idle,+0.000,+0.000,+0.000,+0.000,1100,0,
1785507335.0784,2026-07-31T10:15:35.078,34.113,344,,,,0,,,,-0.1469,-137.28,-0.1469,-137.28,1,30.0,idle,+0.000,+0.000,+0.000,+0.000,1100,0,
1785507335.1785,2026-07-31T10:15:35.178,34.213,345,,,,0,,,,-0.1482,-137.21,-0.1482,-137.21,1,30.0,idle,+0.000,+0.000,+0.000,+0.000,1100,0,
1785507335.2784,2026-07-31T10:15:35.278,34.313,346,,,,0,,,,-0.1480,-137.15,-0.1480,-137.15,1,30.0,idle,+0.000,+0.000,+0.000,+0.000,1100,0,
1785507335.3764,2026-07-31T10:15:35.376,34.411,347,,,,0,,,,-0.1485,-137.16,-0.1485,-137.16,1,30.0,idle,+0.000,+0.000,+0.000,+0.000,1100,0,
1785507335.4762,2026-07-31T10:15:35.476,34.511,348,,,,0,,,,-0.1514,-137.17,-0.1514,-137.17,1,30.0,idle,+0.000,+0.000,+0.000,+0.000,1100,0,
1785507335.5752,2026-07-31T10:15:35.575,34.610,349,,,,0,,,,-0.1491,-137.17,-0.1491,-137.17,1,30.0,idle,+0.000,+0.000,+0.000,+0.000,1100,0,
1785507335.6754,2026-07-31T10:15:35.675,34.710,350,,,,0,,,,-0.1501,-137.15,-0.1501,-137.15,1,30.0,idle,+0.000,+0.000,+0.000,+0.000,1100,0,
1785507335.7753,2026-07-31T10:15:35.775,34.810,351,,,,0,,,,-0.1451,-137.06,-0.1451,-137.06,1,30.0,idle,+0.000,+0.000,+0.000,+0.000,1100,0,
1785507335.8752,2026-07-31T10:15:35.875,34.910,352,,,,0,,,,-0.1438,-137.55,-0.1438,-137.55,1,30.0,idle,+0.000,+0.000,+0.000,+0.000,1100,0,
1785507335.9750,2026-07-31T10:15:35.975,35.010,353,,,,0,,,,-0.1475,-138.71,-0.1475,-138.71,1,30.0,idle,+0.000,+0.000,+0.000,+0.000,1100,0,
1785507336.0743,2026-07-31T10:15:36.074,35.109,354,,,,0,,,,-0.1456,-139.02,-0.1456,-139.02,1,30.0,idle,+0.000,+0.000,+0.000,+0.000,1100,0,
1785507336.1742,2026-07-31T10:15:36.174,35.209,355,,,,0,,,,-0.1518,-138.86,-0.1518,-138.86,1,30.0,idle,+0.000,+0.000,+0.000,+0.000,1100,0,
1785507336.2731,2026-07-31T10:15:36.273,35.308,356,,,,0,,,,-0.1444,-139.13,-0.1444,-139.13,1,30.0,idle,+0.000,+0.000,+0.000,+0.000,1100,0,
1785507336.3733,2026-07-31T10:15:36.373,35.408,357,,,,0,,,,-0.1456,-139.27,-0.1456,-139.27,1,30.0,idle,+0.000,+0.000,+0.000,+0.000,1100,0,
1785507336.4720,2026-07-31T10:15:36.471,35.507,358,,,,0,,,,-0.1484,-139.18,-0.1484,-139.18,1,30.0,idle,+0.000,+0.000,+0.000,+0.000,1100,0,
1785507336.5719,2026-07-31T10:15:36.571,35.607,359,,,,0,,,,-0.1452,-139.31,-0.1452,-139.31,1,30.0,idle,+0.000,+0.000,+0.000,+0.000,1100,0,
1785507336.6713,2026-07-31T10:15:36.671,35.706,360,,,,0,,,,-0.1449,-139.36,-0.1449,-139.36,1,30.0,idle,+0.000,+0.000,+0.000,+0.000,1100,0,
1785507336.7713,2026-07-31T10:15:36.771,35.806,361,,,,0,,,,-0.1494,-139.37,-0.1494,-139.37,1,30.0,idle,+0.000,+0.000,+0.000,+0.000,1100,0,
1785507336.8704,2026-07-31T10:15:36.870,35.905,362,,,,0,,,,-0.1502,-139.38,-0.1502,-139.38,1,30.0,idle,+0.000,+0.000,+0.000,+0.000,1100,0,
1785507336.9696,2026-07-31T10:15:36.969,36.004,363,,,,0,,,,-0.1470,-139.40,-0.1470,-139.40,1,30.0,idle,+0.000,+0.000,+0.000,+0.000,1100,0,
1785507337.0687,2026-07-31T10:15:37.068,36.104,364,,,,0,,,,-0.1489,-139.43,-0.1489,-139.43,1,30.0,idle,+0.000,+0.000,+0.000,+0.000,1100,0,
1785507337.1681,2026-07-31T10:15:37.168,36.203,365,,,,0,,,,-0.1458,-139.45,-0.1458,-139.45,1,30.0,idle,+0.000,+0.000,+0.000,+0.000,1100,0,
1785507337.2677,2026-07-31T10:15:37.267,36.303,366,,,,0,,,,-0.1489,-139.48,-0.1489,-139.48,1,30.0,idle,+0.000,+0.000,+0.000,+0.000,1100,0,
1785507337.3672,2026-07-31T10:15:37.367,36.402,367,,,,0,,,,-0.1440,-139.49,-0.1440,-139.49,1,30.0,idle,+0.000,+0.000,+0.000,+0.000,1100,0,
1785507337.4663,2026-07-31T10:15:37.466,36.501,368,,,,0,,,,-0.1475,-139.52,-0.1475,-139.52,1,30.0,idle,+0.000,+0.000,+0.000,+0.000,1100,0,
1785507337.5658,2026-07-31T10:15:37.565,36.601,369,0,1.0555,0,1,2,1785507337.5502,15.6,-0.1508,-139.54,-0.1508,-139.54,1,30.0,idle,+0.000,+0.000,+0.000,+0.000,1100,0,
1785507337.6657,2026-07-31T10:15:37.665,36.701,370,,,,0,,,,-0.1457,-139.56,-0.1457,-139.56,1,30.0,idle,+0.000,+0.000,+0.000,+0.000,1100,0,
1785507337.7641,2026-07-31T10:15:37.764,36.799,371,,,,0,,,,-0.1472,-139.58,-0.1472,-139.58,1,30.0,idle,+0.000,+0.000,+0.000,+0.000,1100,0,
1785507337.8635,2026-07-31T10:15:37.863,36.898,372,,,,0,,,,-0.1492,-139.59,-0.1492,-139.59,1,30.0,idle,+0.000,+0.000,+0.000,+0.000,1100,0,
1785507337.9626,2026-07-31T10:15:37.962,36.997,373,,,,0,,,,-0.1501,-139.63,-0.1501,-139.63,1,30.0,idle,+0.000,+0.000,+0.000,+0.000,1100,0,
1785507338.0618,2026-07-31T10:15:38.061,37.097,374,,,,0,,,,-0.1517,-138.70,-0.1517,-138.70,1,30.0,idle,+0.000,+0.000,+0.000,+0.000,1100,0,
1785507338.1615,2026-07-31T10:15:38.161,37.196,375,,,,0,,,,-0.1473,-138.66,-0.1473,-138.66,1,30.0,idle,+0.000,+0.000,+0.000,+0.000,1100,0,
1785507338.2615,2026-07-31T10:15:38.261,37.296,376,,,,0,,,,-0.1493,-138.71,-0.1493,-138.71,1,30.0,idle,+0.000,+0.000,+0.000,+0.000,1100,0,
1785507338.3607,2026-07-31T10:15:38.360,37.396,377,,,,0,,,,-0.1467,-138.73,-0.1467,-138.73,1,30.0,idle,+0.000,+0.000,+0.000,+0.000,1100,0,
1785507338.4598,2026-07-31T10:15:38.459,37.495,378,,,,0,,,,-0.1479,-138.76,-0.1479,-138.76,1,30.0,idle,+0.000,+0.000,+0.000,+0.000,1100,0,
1785507338.5597,2026-07-31T10:15:38.559,37.595,379,,,,0,,,,-0.1478,-138.75,-0.1478,-138.75,1,30.0,idle,+0.000,+0.000,+0.000,+0.000,1100,0,
1785507338.6587,2026-07-31T10:15:38.658,37.694,380,,,,0,,,,-0.1491,-138.76,-0.1491,-138.76,1,30.0,idle,+0.000,+0.000,+0.000,+0.000,1100,0,
1785507338.7576,2026-07-31T10:15:38.757,37.792,381,,,,0,,,,-0.1481,-138.77,-0.1481,-138.77,1,30.0,idle,+0.000,+0.000,+0.000,+0.000,1100,0,
1785507338.8562,2026-07-31T10:15:38.856,37.891,382,,,,0,,,,-0.1463,-138.79,-0.1463,-138.79,1,30.0,idle,+0.000,+0.000,+0.000,+0.000,1100,0,
1785507338.9552,2026-07-31T10:15:38.955,37.990,383,,,,0,,,,-0.1460,-138.82,-0.1460,-138.82,1,30.0,idle,+0.000,+0.000,+0.000,+0.000,1100,0,
1785507339.0556,2026-07-31T10:15:39.055,38.090,384,,,,0,,,,-0.1483,-138.83,-0.1483,-138.83,1,30.0,idle,+0.000,+0.000,+0.000,+0.000,1100,0,
1785507339.1546,2026-07-31T10:15:39.154,38.189,385,,,,0,,,,-0.1464,-138.85,-0.1464,-138.85,1,30.0,idle,+0.000,+0.000,+0.000,+0.000,1100,0,
1785507339.2537,2026-07-31T10:15:39.253,38.289,386,,,,0,,,,-0.1426,-138.86,-0.1426,-138.86,1,30.0,idle,+0.000,+0.000,+0.000,+0.000,1100,0,
1785507339.3528,2026-07-31T10:15:39.352,38.388,387,,,,0,,,,-0.1449,-138.88,-0.1449,-138.88,1,30.0,idle,+0.000,+0.000,+0.000,+0.000,1100,0,
1785507339.4513,2026-07-31T10:15:39.451,38.486,388,,,,0,,,,-0.1468,-138.91,-0.1468,-138.91,1,30.0,idle,+0.000,+0.000,+0.000,+0.000,1100,0,
1785507339.5513,2026-07-31T10:15:39.551,38.586,389,,,,0,,,,-0.1493,-138.92,-0.1493,-138.92,1,30.0,idle,+0.000,+0.000,+0.000,+0.000,1100,0,
1785507339.6501,2026-07-31T10:15:39.650,38.685,390,,,,0,,,,-0.1490,-138.94,-0.1490,-138.94,1,30.0,idle,+0.000,+0.000,+0.000,+0.000,1100,0,
1785507339.7497,2026-07-31T10:15:39.749,38.785,391,,,,0,,,,-0.1467,-138.96,-0.1467,-138.96,1,30.0,idle,+0.000,+0.000,+0.000,+0.000,1100,0,
1785507339.8494,2026-07-31T10:15:39.849,38.884,392,,,,0,,,,-0.1472,-138.97,-0.1472,-138.97,1,30.0,idle,+0.000,+0.000,+0.000,+0.000,1100,0,
1785507339.9487,2026-07-31T10:15:39.948,38.984,393,,,,0,,,,-0.1454,-139.00,-0.1454,-139.00,1,30.0,idle,+0.000,+0.000,+0.000,+0.000,1100,0,
1785507340.0478,2026-07-31T10:15:40.047,39.083,394,,,,0,,,,-0.1451,-139.01,-0.1451,-139.01,1,30.0,idle,+0.000,+0.000,+0.000,+0.000,1100,0,
1785507340.1470,2026-07-31T10:15:40.147,39.182,395,,,,0,,,,-0.1482,-139.04,-0.1482,-139.04,1,30.0,idle,+0.000,+0.000,+0.000,+0.000,1100,0,
1785507340.2473,2026-07-31T10:15:40.247,39.282,396,,,,0,,,,-0.1449,-139.06,-0.1449,-139.06,1,30.0,idle,+0.000,+0.000,+0.000,+0.000,1100,0,
1785507340.3460,2026-07-31T10:15:40.345,39.381,397,,,,0,,,,-0.1494,-139.07,-0.1494,-139.07,1,30.0,idle,+0.000,+0.000,+0.000,+0.000,1100,0,
1785507340.4460,2026-07-31T10:15:40.446,39.481,398,,,,0,,,,-0.1498,-139.10,-0.1498,-139.10,1,30.0,idle,+0.000,+0.000,+0.000,+0.000,1100,0,
1785507340.5459,2026-07-31T10:15:40.545,39.581,399,,,,0,,,,-0.1453,-139.11,-0.1453,-139.11,1,30.0,idle,+0.000,+0.000,+0.000,+0.000,1100,0,
1785507340.6447,2026-07-31T10:15:40.644,39.680,400,,,,0,,,,-0.1421,-139.13,-0.1421,-139.13,1,30.0,idle,+0.000,+0.000,+0.000,+0.000,1100,0,
1785507340.7434,2026-07-31T10:15:40.743,39.778,401,,,,0,,,,-0.1467,-139.15,-0.1467,-139.15,1,30.0,idle,+0.000,+0.000,+0.000,+0.000,1100,0,
1785507340.8425,2026-07-31T10:15:40.842,39.877,402,,,,0,,,,-0.1448,-139.17,-0.1448,-139.17,1,30.0,idle,+0.000,+0.000,+0.000,+0.000,1100,0,
1785507340.9431,2026-07-31T10:15:40.943,39.978,403,,,,0,,,,-0.1468,-139.20,-0.1468,-139.20,1,30.0,idle,+0.000,+0.000,+0.000,+0.000,1100,0,
1785507341.0424,2026-07-31T10:15:41.042,40.077,404,,,,0,,,,-0.1529,-139.22,-0.1529,-139.22,1,30.0,idle,+0.000,+0.000,+0.000,+0.000,1100,0,
1785507341.1421,2026-07-31T10:15:41.142,40.177,405,,,,0,,,,-0.1491,-139.25,-0.1491,-139.25,1,30.0,idle,+0.000,+0.000,+0.000,+0.000,1100,0,
1785507341.2413,2026-07-31T10:15:41.241,40.276,406,,,,0,,,,-0.1484,-139.25,-0.1484,-139.25,1,30.0,idle,+0.000,+0.000,+0.000,+0.000,1100,0,
1785507341.3404,2026-07-31T10:15:41.340,40.375,407,,,,0,,,,-0.1527,-139.28,-0.1527,-139.28,1,30.0,idle,+0.000,+0.000,+0.000,+0.000,1100,0,
1785507341.4404,2026-07-31T10:15:41.440,40.475,408,,,,0,,,,-0.1482,-139.31,-0.1482,-139.31,1,30.0,idle,+0.000,+0.000,+0.000,+0.000,1100,0,
1785507341.5399,2026-07-31T10:15:41.539,40.575,409,,,,0,,,,-0.1493,-139.32,-0.1493,-139.32,1,30.0,idle,+0.000,+0.000,+0.000,+0.000,1100,0,
1785507341.6385,2026-07-31T10:15:41.638,40.673,410,0,1.0338,0,1,3,1785507341.5718,66.8,-0.1471,-139.34,-0.1471,-139.34,1,30.0,idle,+0.000,+0.000,+0.000,+0.000,1100,0,
1785507341.7375,2026-07-31T10:15:41.737,40.772,411,,,,0,,,,-0.1512,-139.35,-0.1512,-139.35,1,30.0,idle,+0.000,+0.000,+0.000,+0.000,1100,0,
1785507341.8365,2026-07-31T10:15:41.836,40.871,412,,,,0,,,,-0.1436,-139.38,-0.1436,-139.38,1,30.0,idle,+0.000,+0.000,+0.000,+0.000,1100,0,
1785507341.9354,2026-07-31T10:15:41.935,40.970,413,,,,0,,,,-0.1453,-139.40,-0.1453,-139.40,1,30.0,idle,+0.000,+0.000,+0.000,+0.000,1100,0,
1785507342.0352,2026-07-31T10:15:42.035,41.070,414,,,,0,,,,-0.1473,-139.41,-0.1473,-139.41,1,30.0,idle,+0.000,+0.000,+0.000,+0.000,1100,0,
1785507342.1348,2026-07-31T10:15:42.134,41.170,415,,,,0,,,,-0.1452,-139.45,-0.1452,-139.45,1,30.0,idle,+0.000,+0.000,+0.000,+0.000,1100,0,
1785507342.2340,2026-07-31T10:15:42.234,41.269,416,,,,0,,,,-0.1493,-139.46,-0.1493,-139.46,1,30.0,idle,+0.000,+0.000,+0.000,+0.000,1100,0,
1785507342.3328,2026-07-31T10:15:42.332,41.368,417,,,,0,,,,-0.1490,-139.48,-0.1490,-139.48,1,30.0,idle,+0.000,+0.000,+0.000,+0.000,1100,0,
1785507342.4315,2026-07-31T10:15:42.431,41.466,418,,,,0,,,,-0.1441,-139.50,-0.1441,-139.50,1,30.0,idle,+0.000,+0.000,+0.000,+0.000,1100,0,
1785507342.5327,2026-07-31T10:15:42.532,41.568,419,,,,0,,,,-0.1493,-139.53,-0.1493,-139.53,1,30.0,idle,+0.000,+0.000,+0.000,+0.000,1100,0,
1785507342.6314,2026-07-31T10:15:42.631,41.666,420,,,,0,,,,-0.1499,-139.56,-0.1499,-139.56,1,30.0,idle,+0.000,+0.000,+0.000,+0.000,1100,0,
1785507342.7309,2026-07-31T10:15:42.730,41.766,421,,,,0,,,,-0.1479,-139.57,-0.1479,-139.57,1,30.0,idle,+0.000,+0.000,+0.000,+0.000,1100,0,
1785507342.8297,2026-07-31T10:15:42.829,41.865,422,,,,0,,,,-0.1473,-139.59,-0.1473,-139.59,1,30.0,idle,+0.000,+0.000,+0.000,+0.000,1100,0,
1785507342.9283,2026-07-31T10:15:42.928,41.963,423,,,,0,,,,-0.1474,-139.61,-0.1474,-139.61,1,30.0,idle,+0.000,+0.000,+0.000,+0.000,1100,0,
1785507343.0274,2026-07-31T10:15:43.027,42.062,424,,,,0,,,,-0.1510,-139.62,-0.1510,-139.62,1,30.0,idle,+0.000,+0.000,+0.000,+0.000,1100,0,
1785507343.1268,2026-07-31T10:15:43.126,42.162,425,,,,0,,,,-0.1497,-139.65,-0.1497,-139.65,1,30.0,idle,+0.000,+0.000,+0.000,+0.000,1100,0,
1785507343.2261,2026-07-31T10:15:43.226,42.261,426,,,,0,,,,-0.1463,-139.66,-0.1463,-139.66,1,30.0,idle,+0.000,+0.000,+0.000,+0.000,1100,0,
1785507343.3251,2026-07-31T10:15:43.325,42.360,427,,,,0,,,,-0.1474,-139.69,-0.1474,-139.69,1,30.0,idle,+0.000,+0.000,+0.000,+0.000,1100,0,
1785507343.4235,2026-07-31T10:15:43.423,42.458,428,,,,0,,,,-0.1467,-139.70,-0.1467,-139.70,1,30.0,idle,+0.000,+0.000,+0.000,+0.000,1100,0,
1785507343.5233,2026-07-31T10:15:43.523,42.558,429,,,,0,,,,-0.1508,-139.72,-0.1508,-139.72,1,30.0,idle,+0.000,+0.000,+0.000,+0.000,1100,0,
1785507343.6228,2026-07-31T10:15:43.622,42.658,430,,,,0,,,,-0.1507,-139.74,-0.1507,-139.74,1,30.0,idle,+0.000,+0.000,+0.000,+0.000,1100,0,
1785507343.7217,2026-07-31T10:15:43.721,42.757,431,,,,0,,,,-0.1508,-139.76,-0.1508,-139.76,1,30.0,idle,+0.000,+0.000,+0.000,+0.000,1100,0,
1785507343.8212,2026-07-31T10:15:43.821,42.856,432,,,,0,,,,-0.1469,-139.79,-0.1469,-139.79,1,30.0,idle,+0.000,+0.000,+0.000,+0.000,1100,0,
1785507343.9199,2026-07-31T10:15:43.919,42.955,433,,,,0,,,,-0.1480,-139.80,-0.1480,-139.80,1,30.0,idle,+0.000,+0.000,+0.000,+0.000,1100,0,
1785507344.0193,2026-07-31T10:15:44.019,43.054,434,,,,0,,,,-0.1489,-139.83,-0.1489,-139.83,1,30.0,idle,+0.000,+0.000,+0.000,+0.000,1100,0,
1785507344.1193,2026-07-31T10:15:44.119,43.154,435,,,,0,,,,-0.1493,-139.84,-0.1493,-139.84,1,30.0,idle,+0.000,+0.000,+0.000,+0.000,1100,0,
1785507344.2193,2026-07-31T10:15:44.219,43.254,436,,,,0,,,,-0.1481,-139.85,-0.1481,-139.85,1,30.0,idle,+0.000,+0.000,+0.000,+0.000,1100,0,
1785507344.3177,2026-07-31T10:15:44.317,43.353,437,,,,0,,,,-0.1519,-139.88,-0.1519,-139.88,1,30.0,idle,+0.000,+0.000,+0.000,+0.000,1100,0,
1785507344.4170,2026-07-31T10:15:44.417,43.452,438,,,,0,,,,-0.1482,-139.89,-0.1482,-139.89,1,30.0,idle,+0.000,+0.000,+0.000,+0.000,1100,0,
1785507344.5156,2026-07-31T10:15:44.515,43.550,439,,,,0,,,,-0.1499,-139.92,-0.1499,-139.92,1,30.0,idle,+0.000,+0.000,+0.000,+0.000,1100,0,
1785507344.6147,2026-07-31T10:15:44.614,43.650,440,,,,0,,,,-0.1465,-139.95,-0.1465,-139.95,1,30.0,idle,+0.000,+0.000,+0.000,+0.000,1100,0,
1785507344.7135,2026-07-31T10:15:44.713,43.748,441,,,,0,,,,-0.1510,-139.96,-0.1510,-139.96,1,30.0,idle,+0.000,+0.000,+0.000,+0.000,1100,0,
1785507344.8140,2026-07-31T10:15:44.814,43.849,442,,,,0,,,,-0.1481,-139.99,-0.1481,-139.99,1,30.0,idle,+0.000,+0.000,+0.000,+0.000,1100,0,
1785507344.9143,2026-07-31T10:15:44.914,43.949,443,,,,0,,,,-0.1504,-140.00,-0.1504,-140.00,1,30.0,idle,+0.000,+0.000,+0.000,+0.000,1100,0,
1785507345.0125,2026-07-31T10:15:45.012,44.047,444,,,,0,,,,-0.1495,-140.03,-0.1495,-140.03,1,30.0,idle,+0.000,+0.000,+0.000,+0.000,1100,0,
1785507345.1122,2026-07-31T10:15:45.112,44.147,445,,,,0,,,,-0.1443,-140.05,-0.1443,-140.05,1,30.0,idle,+0.000,+0.000,+0.000,+0.000,1100,0,
1785507345.2108,2026-07-31T10:15:45.210,44.246,446,,,,0,,,,-0.1515,-140.07,-0.1515,-140.07,1,30.0,idle,+0.000,+0.000,+0.000,+0.000,1100,0,
1785507345.3104,2026-07-31T10:15:45.310,44.345,447,,,,0,,,,-0.1520,-140.10,-0.1520,-140.10,1,30.0,idle,+0.000,+0.000,+0.000,+0.000,1100,0,
1785507345.4124,2026-07-31T10:15:45.412,44.447,448,,,,0,,,,-0.1444,-140.12,-0.1444,-140.12,1,30.0,idle,+0.000,+0.000,+0.000,+0.000,1100,0,
1785507345.5107,2026-07-31T10:15:45.510,44.546,449,,,,0,,,,-0.1472,-140.13,-0.1472,-140.13,1,30.0,idle,+0.000,+0.000,+0.000,+0.000,1100,0,
1785507345.6114,2026-07-31T10:15:45.611,44.646,450,,,,0,,,,-0.1454,-140.15,-0.1454,-140.15,1,30.0,idle,+0.000,+0.000,+0.000,+0.000,1100,0,
1785507345.7113,2026-07-31T10:15:45.711,44.746,451,,,,0,,,,-0.1466,-140.17,-0.1466,-140.17,1,30.0,idle,+0.000,+0.000,+0.000,+0.000,1100,0,
1785507345.8107,2026-07-31T10:15:45.810,44.846,452,,,,0,,,,-0.1454,-140.20,-0.1454,-140.20,1,30.0,idle,+0.000,+0.000,+0.000,+0.000,1100,0,
1785507345.9101,2026-07-31T10:15:45.910,44.945,453,,,,0,,,,-0.1481,-140.21,-0.1481,-140.21,1,30.0,idle,+0.000,+0.000,+0.000,+0.000,1100,0,
1785507346.0089,2026-07-31T10:15:46.008,45.044,454,,,,0,,,,-0.1421,-140.22,-0.1421,-140.22,1,30.0,idle,+0.000,+0.000,+0.000,+0.000,1100,0,
1785507346.1083,2026-07-31T10:15:46.108,45.143,455,,,,0,,,,-0.1520,-140.24,-0.1520,-140.24,1,30.0,idle,+0.000,+0.000,+0.000,+0.000,1100,0,
1785507346.2074,2026-07-31T10:15:46.207,45.242,456,,,,0,,,,-0.1497,-140.27,-0.1497,-140.27,1,30.0,idle,+0.000,+0.000,+0.000,+0.000,1100,0,
1785507346.3060,2026-07-31T10:15:46.306,45.341,457,,,,0,,,,-0.1449,-140.29,-0.1449,-140.29,1,30.0,idle,+0.000,+0.000,+0.000,+0.000,1900,0,
1785507346.4048,2026-07-31T10:15:46.404,45.440,458,,,,0,,,,-0.1516,-140.31,-0.1516,-140.31,1,30.0,idle,+0.000,+0.000,+0.000,+0.000,1900,0,
1785507346.5036,2026-07-31T10:15:46.503,45.539,459,,,,0,,,,-0.1472,-140.32,-0.1472,-140.32,1,30.0,idle,+0.000,+0.000,+0.000,+0.000,1900,0,
1785507346.6029,2026-07-31T10:15:46.602,45.638,460,,,,0,,,,-0.1466,-140.33,-0.1466,-140.33,1,30.0,idle,+0.000,+0.000,+0.000,+0.000,1900,0,
1785507346.7029,2026-07-31T10:15:46.702,45.738,461,,,,0,,,,-0.1465,-140.36,-0.1465,-140.36,1,30.0,idle,+0.000,+0.000,+0.000,+0.000,1900,0,
1785507346.8021,2026-07-31T10:15:46.802,45.837,462,,,,0,,,,-0.1464,-140.38,-0.1464,-140.38,1,30.0,idle,+0.000,+0.000,+0.000,+0.000,1900,0,
1785507346.9010,2026-07-31T10:15:46.900,45.936,463,,,,0,,,,-0.1486,-140.40,-0.1486,-140.40,1,30.0,idle,+0.000,+0.000,+0.000,+0.000,1900,0,
1785507347.0004,2026-07-31T10:15:47.000,46.035,464,,,,0,,,,-0.1493,-140.43,-0.1493,-140.43,1,30.0,idle,+0.000,+0.000,+0.000,+0.000,1900,0,
1785507347.0994,2026-07-31T10:15:47.099,46.134,465,,,,0,,,,-0.1476,-140.44,-0.1476,-140.44,1,30.0,idle,+0.000,+0.000,+0.000,+0.000,1900,0,
1785507347.1985,2026-07-31T10:15:47.198,46.233,466,,,,0,,,,-0.1449,-140.48,-0.1449,-140.48,1,30.0,idle,+0.000,+0.000,+0.000,+0.000,1900,0,
1785507347.2966,2026-07-31T10:15:47.296,46.332,467,,,,0,,,,-0.1470,-140.49,-0.1470,-140.49,1,30.0,idle,+0.000,+0.000,+0.000,+0.000,1900,0,
1785507347.3984,2026-07-31T10:15:47.398,46.433,468,,,,0,,,,-0.1474,-140.51,-0.1474,-140.51,1,30.0,idle,+0.000,+0.000,+0.000,+0.000,1900,0,
1785507347.4971,2026-07-31T10:15:47.497,46.532,469,,,,0,,,,-0.1533,-140.53,-0.1533,-140.53,1,30.0,idle,+0.000,+0.000,+0.000,+0.000,1900,0,
1785507347.5961,2026-07-31T10:15:47.596,46.631,470,,,,0,,,,-0.1462,-140.55,-0.1462,-140.55,1,30.0,idle,+0.000,+0.000,+0.000,+0.000,1900,0,
1785507347.6955,2026-07-31T10:15:47.695,46.730,471,,,,0,,,,-0.1487,-140.58,-0.1487,-140.58,1,30.0,idle,+0.000,+0.000,+0.000,+0.000,1900,0,
1785507347.7944,2026-07-31T10:15:47.794,46.829,472,,,,0,,,,-0.1466,-140.60,-0.1466,-140.60,1,30.0,idle,+0.000,+0.000,+0.000,+0.000,1900,0,
1785507347.8931,2026-07-31T10:15:47.893,46.928,473,,,,0,,,,-0.1486,-140.63,-0.1486,-140.63,1,30.0,idle,+0.000,+0.000,+0.000,+0.000,1900,0,
1785507347.9919,2026-07-31T10:15:47.991,47.027,474,,,,0,,,,-0.1494,-140.65,-0.1494,-140.65,1,30.0,idle,+0.000,+0.000,+0.000,+0.000,1900,0,
1785507348.0916,2026-07-31T10:15:48.091,47.127,475,,,,0,,,,-0.1455,-140.66,-0.1455,-140.66,1,30.0,idle,+0.000,+0.000,+0.000,+0.000,1900,0,
1785507348.1920,2026-07-31T10:15:48.192,47.227,476,,,,0,,,,-0.1493,-140.68,-0.1493,-140.68,1,30.0,idle,+0.000,+0.000,+0.000,+0.000,1900,0,
1785507348.2910,2026-07-31T10:15:48.290,47.326,477,,,,0,,,,-0.1518,-140.70,-0.1518,-140.70,1,30.0,idle,+0.000,+0.000,+0.000,+0.000,1900,0,
1785507348.3909,2026-07-31T10:15:48.390,47.426,478,,,,0,,,,-0.1507,-140.71,-0.1507,-140.71,1,30.0,idle,+0.000,+0.000,+0.000,+0.000,1900,0,
1785507348.4903,2026-07-31T10:15:48.490,47.525,479,,,,0,,,,-0.1496,-140.74,-0.1496,-140.74,1,30.0,idle,+0.000,+0.000,+0.000,+0.000,1900,0,
1785507348.5890,2026-07-31T10:15:48.589,47.624,480,,,,0,,,,-0.1479,-140.75,-0.1479,-140.75,1,30.0,idle,+0.000,+0.000,+0.000,+0.000,1900,0,
1785507348.6878,2026-07-31T10:15:48.687,47.723,481,,,,0,,,,-0.1443,-140.77,-0.1443,-140.77,1,30.0,idle,+0.000,+0.000,+0.000,+0.000,1900,0,
1785507348.7870,2026-07-31T10:15:48.786,47.822,482,,,,0,,,,-0.1490,-140.78,-0.1490,-140.78,1,30.0,idle,+0.000,+0.000,+0.000,+0.000,1900,0,
1785507348.8870,2026-07-31T10:15:48.887,47.922,483,,,,0,,,,-0.1453,-140.82,-0.1453,-140.82,1,30.0,idle,+0.000,+0.000,+0.000,+0.000,1900,0,
1785507348.9861,2026-07-31T10:15:48.986,48.021,484,,,,0,,,,-0.1519,-140.83,-0.1519,-140.83,1,30.0,idle,+0.000,+0.000,+0.000,+0.000,1900,0,
1785507349.0849,2026-07-31T10:15:49.084,48.120,485,,,,0,,,,-0.1464,-140.85,-0.1464,-140.85,1,30.0,idle,+0.000,+0.000,+0.000,+0.000,1900,0,
1785507349.1839,2026-07-31T10:15:49.183,48.219,486,,,,0,,,,-0.1491,-140.88,-0.1491,-140.88,1,30.0,idle,+0.000,+0.000,+0.000,+0.000,1900,0,
1785507349.2838,2026-07-31T10:15:49.283,48.319,487,,,,0,,,,-0.1498,-140.89,-0.1498,-140.89,1,30.0,idle,+0.000,+0.000,+0.000,+0.000,1900,0,
1785507349.3832,2026-07-31T10:15:49.383,48.418,488,,,,0,,,,-0.1507,-140.92,-0.1507,-140.92,1,30.0,idle,+0.000,+0.000,+0.000,+0.000,1900,0,
1785507349.4821,2026-07-31T10:15:49.482,48.517,489,,,,0,,,,-0.1501,-140.93,-0.1501,-140.93,1,30.0,idle,+0.000,+0.000,+0.000,+0.000,1900,0,
1785507349.5812,2026-07-31T10:15:49.581,48.616,490,,,,0,,,,-0.1491,-140.95,-0.1491,-140.95,1,30.0,idle,+0.000,+0.000,+0.000,+0.000,1900,0,
1785507349.6803,2026-07-31T10:15:49.680,48.715,491,,,,0,,,,-0.1537,-140.99,-0.1537,-140.99,1,30.0,idle,+0.000,+0.000,+0.000,+0.000,1900,0,
1785507349.7791,2026-07-31T10:15:49.779,48.814,492,,,,0,,,,-0.1498,-141.00,-0.1498,-141.00,1,30.0,idle,+0.000,+0.000,+0.000,+0.000,1900,0,
1785507349.8780,2026-07-31T10:15:49.877,48.913,493,,,,0,,,,-0.1475,-141.03,-0.1475,-141.03,1,30.0,idle,+0.000,+0.000,+0.000,+0.000,1900,0,
1785507349.9771,2026-07-31T10:15:49.977,49.012,494,,,,0,,,,-0.1509,-141.05,-0.1509,-141.05,1,30.0,idle,+0.000,+0.000,+0.000,+0.000,1900,0,
1785507350.0771,2026-07-31T10:15:50.077,49.112,495,,,,0,,,,-0.1459,-141.07,-0.1459,-141.07,1,30.0,idle,+0.000,+0.000,+0.000,+0.000,1900,0,
1785507350.1760,2026-07-31T10:15:50.176,49.211,496,,,,0,,,,-0.1499,-141.08,-0.1499,-141.08,1,30.0,idle,+0.000,+0.000,+0.000,+0.000,1900,0,
1785507350.2752,2026-07-31T10:15:50.275,49.310,497,,,,0,,,,-0.1502,-141.11,-0.1502,-141.11,1,30.0,idle,+0.000,+0.000,+0.000,+0.000,1900,0,
1785507350.3743,2026-07-31T10:15:50.374,49.409,498,,,,0,,,,-0.1472,-141.13,-0.1472,-141.13,1,30.0,idle,+0.000,+0.000,+0.000,+0.000,1900,0,
1785507350.4744,2026-07-31T10:15:50.474,49.509,499,,,,0,,,,-0.1494,-141.14,-0.1494,-141.14,1,30.0,idle,+0.000,+0.000,+0.000,+0.000,1900,0,
1785507350.5735,2026-07-31T10:15:50.573,49.608,500,0,1.0219,0,1,4,1785507350.5483,25.2,-0.1480,-141.17,-0.1480,-141.17,1,30.0,idle,+0.000,+0.000,+0.000,+0.000,1900,0,
1785507350.6729,2026-07-31T10:15:50.672,49.708,501,,,,0,,,,-0.1474,-141.19,-0.1474,-141.19,1,30.0,idle,+0.000,+0.000,+0.000,+0.000,1900,0,
1785507350.7727,2026-07-31T10:15:50.772,49.808,502,0,1.0159,0,1,5,1785507350.7128,59.8,-0.1501,-141.20,-0.1501,-141.20,1,30.0,idle,+0.000,+0.000,+0.000,+0.000,1900,0,
1785507350.8717,2026-07-31T10:15:50.871,49.907,503,0,1.0126,0,1,6,1785507350.8629,8.9,-0.1491,-141.22,-0.1491,-141.22,1,30.0,idle,+0.000,+0.000,+0.000,+0.000,1900,0,
1785507350.9708,2026-07-31T10:15:50.970,50.006,504,,,,0,,,,-0.1485,-141.23,-0.1485,-141.23,1,30.0,idle,+0.000,+0.000,+0.000,+0.000,1900,0,
1785507351.0692,2026-07-31T10:15:51.069,50.104,505,0,1.0157,0,1,7,1785507351.0130,56.3,-0.1526,-141.27,-0.1526,-141.27,1,30.0,idle,+0.000,+0.000,+0.000,+0.000,1900,0,
1785507351.1681,2026-07-31T10:15:51.168,50.203,506,,,,0,,,,-0.1504,-141.28,-0.1504,-141.28,1,30.0,idle,+0.000,+0.000,+0.000,+0.000,1900,0,
1785507351.2676,2026-07-31T10:15:51.267,50.302,507,0,1.0178,0,1,8,1785507351.1753,92.2,-0.1480,-141.31,-0.1480,-141.31,1,30.0,idle,+0.000,+0.000,+0.000,+0.000,1900,0,
1785507351.3660,2026-07-31T10:15:51.366,50.401,508,,,,0,,,,-0.1442,-141.34,-0.1442,-141.34,1,30.0,idle,+0.000,+0.000,+0.000,+0.000,1900,0,
1785507351.4650,2026-07-31T10:15:51.465,50.500,509,,,,0,,,,-0.1481,-141.36,-0.1481,-141.36,1,30.0,idle,+0.000,+0.000,+0.000,+0.000,1900,0,
1785507351.5642,2026-07-31T10:15:51.564,50.599,510,0,1.0149,0,1,9,1785507351.4831,81.1,-0.1510,-141.38,-0.1510,-141.38,1,30.0,idle,+0.000,+0.000,+0.000,+0.000,1900,0,
1785507351.6649,2026-07-31T10:15:51.664,50.700,511,,,,0,,,,-0.1510,-141.39,-0.1510,-141.39,1,30.0,idle,+0.000,+0.000,+0.000,+0.000,1900,0,
1785507351.7644,2026-07-31T10:15:51.764,50.799,512,,,,0,,,,-0.1528,-141.42,-0.1528,-141.42,1,30.0,idle,+0.000,+0.000,+0.000,+0.000,1900,0,
1785507351.8637,2026-07-31T10:15:51.863,50.899,513,0,1.0173,0,1,10,1785507351.7919,71.8,-0.1478,-141.45,-0.1478,-141.45,1,30.0,idle,+0.000,+0.000,+0.000,+0.000,1900,0,
1785507351.9626,2026-07-31T10:15:51.962,50.997,514,,,,0,,,,-0.1465,-141.46,-0.1465,-141.46,1,30.0,idle,+0.000,+0.000,+0.000,+0.000,1900,0,
1785507352.0613,2026-07-31T10:15:52.061,51.096,515,,,,0,,,,-0.1488,-141.48,-0.1488,-141.48,1,30.0,idle,+0.000,+0.000,+0.000,+0.000,1900,0,
1785507352.1606,2026-07-31T10:15:52.160,51.195,516,0,1.0196,0,1,11,1785507352.1037,56.8,-0.1467,-141.49,-0.1467,-141.49,1,30.0,idle,+0.000,+0.000,+0.000,+0.000,1900,0,
1785507352.2600,2026-07-31T10:15:52.259,51.295,517,,,,0,,,,-0.1468,-141.51,-0.1468,-141.51,1,30.0,idle,+0.000,+0.000,+0.000,+0.000,1900,0,
1785507352.3594,2026-07-31T10:15:52.359,51.394,518,,,,0,,,,-0.1503,-141.55,-0.1503,-141.55,1,30.0,idle,+0.000,+0.000,+0.000,+0.000,1900,0,
1785507352.4583,2026-07-31T10:15:52.458,51.493,519,0,1.0166,0,1,12,1785507352.4046,53.8,-0.1513,-141.56,-0.1513,-141.56,1,30.0,idle,+0.000,+0.000,+0.000,+0.000,1900,0,
1785507352.5580,2026-07-31T10:15:52.558,51.593,520,,,,0,,,,-0.1546,-141.59,-0.1546,-141.59,1,30.0,idle,+0.000,+0.000,+0.000,+0.000,1900,0,
1785507352.6574,2026-07-31T10:15:52.657,51.692,521,0,1.0199,0,1,13,1785507352.5616,95.8,-0.1488,-141.60,-0.1488,-141.60,1,30.0,idle,+0.000,+0.000,+0.000,+0.000,1900,0,
1785507352.7570,2026-07-31T10:15:52.756,51.792,522,0,1.0180,0,1,14,1785507352.7251,31.9,-0.1449,-141.62,-0.1449,-141.62,1,30.0,idle,+0.000,+0.000,+0.000,+0.000,1900,0,
1785507352.8561,2026-07-31T10:15:52.856,51.891,523,,,,0,,,,-0.1493,-141.64,-0.1493,-141.64,1,30.0,idle,+0.000,+0.000,+0.000,+0.000,1900,0,
1785507352.9560,2026-07-31T10:15:52.956,51.991,524,0,1.0149,0,1,15,1785507352.8675,88.5,-0.1420,-141.66,-0.1420,-141.66,1,30.0,idle,+0.000,+0.000,+0.000,+0.000,1900,0,
1785507353.0553,2026-07-31T10:15:53.055,52.090,525,0,1.0186,0,1,16,1785507353.0254,29.9,-0.1486,-141.69,-0.1486,-141.69,1,30.0,idle,+0.000,+0.000,+0.000,+0.000,1900,0,
1785507353.1547,2026-07-31T10:15:53.154,52.190,526,,,,0,,,,-0.1486,-141.70,-0.1486,-141.70,1,30.0,idle,+0.000,+0.000,+0.000,+0.000,1900,0,
1785507353.2541,2026-07-31T10:15:53.254,52.289,527,0,1.0179,0,1,17,1785507353.1883,65.7,-0.1518,-141.72,-0.1518,-141.72,1,30.0,idle,+0.000,+0.000,+0.000,+0.000,1900,0,
1785507353.3536,2026-07-31T10:15:53.353,52.389,528,,,,0,,,,-0.1496,-141.73,-0.1496,-141.73,1,30.0,idle,+0.000,+0.000,+0.000,+0.000,1900,0,
1785507353.4523,2026-07-31T10:15:53.452,52.487,529,,,,0,,,,-0.1475,-141.77,-0.1475,-141.77,1,30.0,idle,+0.000,+0.000,+0.000,+0.000,1900,0,
1785507353.5515,2026-07-31T10:15:53.551,52.586,530,,,,0,,,,-0.1463,-141.79,-0.1463,-141.79,1,30.0,idle,+0.000,+0.000,+0.000,+0.000,1900,0,
1785507353.6501,2026-07-31T10:15:53.650,52.685,531,,,,0,,,,-0.1454,-141.80,-0.1454,-141.80,1,30.0,idle,+0.000,+0.000,+0.000,+0.000,1900,0,
1785507353.7493,2026-07-31T10:15:53.749,52.784,532,,,,0,,,,-0.1496,-141.83,-0.1496,-141.83,1,30.0,idle,+0.000,+0.000,+0.000,+0.000,1900,0,
1785507353.8493,2026-07-31T10:15:53.849,52.884,533,0,1.0206,0,1,18,1785507353.8043,45.0,-0.1450,-141.85,-0.1450,-141.85,1,30.0,idle,+0.000,+0.000,+0.000,+0.000,1900,0,
1785507353.9496,2026-07-31T10:15:53.949,52.984,534,,,,0,,,,-0.1466,-141.86,-0.1466,-141.86,1,30.0,idle,+0.000,+0.000,+0.000,+0.000,1900,0,
1785507354.0484,2026-07-31T10:15:54.048,53.083,535,,,,0,,,,-0.1458,-141.89,-0.1458,-141.89,1,30.0,idle,+0.000,+0.000,+0.000,+0.000,1900,0,
1785507354.1484,2026-07-31T10:15:54.148,53.183,536,0,1.0221,0,1,19,1785507354.1082,40.3,-0.1490,-141.89,-0.1490,-141.89,1,30.0,idle,+0.000,+0.000,+0.000,+0.000,1900,0,
1785507354.2478,2026-07-31T10:15:54.247,53.283,537,,,,0,,,,-0.1485,-141.93,-0.1485,-141.93,1,30.0,idle,+0.000,+0.000,+0.000,+0.000,1900,0,
1785507354.3468,2026-07-31T10:15:54.346,53.382,538,0,1.0208,0,1,20,1785507354.2612,85.6,-0.1469,-141.94,-0.1469,-141.94,1,30.0,idle,+0.000,+0.000,+0.000,+0.000,1900,0,
1785507354.4457,2026-07-31T10:15:54.445,53.481,539,0,1.0170,0,1,21,1785507354.4240,21.7,-0.1529,-141.96,-0.1529,-141.96,1,30.0,idle,+0.000,+0.000,+0.000,+0.000,1900,0,
1785507354.5452,2026-07-31T10:15:54.545,53.580,540,,,,0,,,,-0.1466,-141.98,-0.1466,-141.98,1,30.0,idle,+0.000,+0.000,+0.000,+0.000,1900,0,
1785507354.6457,2026-07-31T10:15:54.645,53.681,541,0,1.0212,0,1,22,1785507354.5803,65.4,-0.1480,-142.00,-0.1480,-142.00,1,30.0,idle,+0.000,+0.000,+0.000,+0.000,1900,0,
1785507354.7445,2026-07-31T10:15:54.744,53.779,542,0,1.0257,0,1,23,1785507354.7248,19.7,-0.1478,-142.03,-0.1478,-142.03,1,30.0,idle,+0.000,+0.000,+0.000,+0.000,1900,0,
1785507354.8443,2026-07-31T10:15:54.844,53.879,543,,,,0,,,,-0.1489,-142.04,-0.1489,-142.04,1,30.0,idle,+0.000,+0.000,+0.000,+0.000,1900,0,
1785507354.9434,2026-07-31T10:15:54.943,53.978,544,0,1.0172,0,1,24,1785507354.8878,55.6,-0.1491,-142.07,-0.1491,-142.07,1,30.0,idle,+0.000,+0.000,+0.000,+0.000,1900,0,
1785507355.0426,2026-07-31T10:15:55.042,54.078,545,,,,0,,,,-0.1483,-142.09,-0.1483,-142.09,1,30.0,idle,+0.000,+0.000,+0.000,+0.000,1900,0,
1785507355.1421,2026-07-31T10:15:55.142,54.177,546,,,,0,,,,-0.1474,-142.10,-0.1474,-142.10,1,30.0,idle,+0.000,+0.000,+0.000,+0.000,1900,0,
1785507355.2417,2026-07-31T10:15:55.241,54.277,547,0,1.0175,0,1,25,1785507355.1880,53.7,-0.1484,-142.13,-0.1484,-142.13,1,30.0,idle,+0.000,+0.000,+0.000,+0.000,1900,0,
1785507355.3418,2026-07-31T10:15:55.341,54.377,548,,,,0,,,,-0.1487,-142.15,-0.1487,-142.15,1,30.0,idle,+0.000,+0.000,+0.000,+0.000,1900,0,
1785507355.4417,2026-07-31T10:15:55.441,54.477,549,0,1.0341,0,1,26,1785507355.3518,89.9,-0.1513,-142.18,-0.1513,-142.18,1,30.0,idle,+0.000,+0.000,+0.000,+0.000,1900,0,
1785507355.5410,2026-07-31T10:15:55.541,54.576,550,,,,0,,,,-0.1491,-142.21,-0.1491,-142.21,1,30.0,idle,+0.000,+0.000,+0.000,+0.000,1900,0,
1785507355.6410,2026-07-31T10:15:55.641,54.676,551,,,,0,,,,-0.1514,-142.23,-0.1514,-142.23,1,30.0,idle,+0.000,+0.000,+0.000,+0.000,1900,0,
1785507355.7399,2026-07-31T10:15:55.739,54.775,552,,,,0,,,,-0.1487,-142.24,-0.1487,-142.24,1,30.0,idle,+0.000,+0.000,+0.000,+0.000,1900,0,
1785507355.8388,2026-07-31T10:15:55.838,54.874,553,,,,0,,,,-0.1476,-142.26,-0.1476,-142.26,1,30.0,idle,+0.000,+0.000,+0.000,+0.000,1900,0,
1785507355.9382,2026-07-31T10:15:55.938,54.973,554,,,,0,,,,-0.1474,-142.29,-0.1474,-142.29,1,30.0,idle,+0.000,+0.000,+0.000,+0.000,1900,0,
1785507356.0374,2026-07-31T10:15:56.037,55.072,555,,,,0,,,,-0.1492,-142.33,-0.1492,-142.33,1,30.0,idle,+0.000,+0.000,+0.000,+0.000,1900,0,
1785507356.1368,2026-07-31T10:15:56.136,55.172,556,,,,0,,,,-0.1496,-142.34,-0.1496,-142.34,1,30.0,idle,+0.000,+0.000,+0.000,+0.000,1900,0,
1785507356.2361,2026-07-31T10:15:56.236,55.271,557,,,,0,,,,-0.1490,-142.36,-0.1490,-142.36,1,30.0,idle,+0.000,+0.000,+0.000,+0.000,1900,0,
1785507356.3348,2026-07-31T10:15:56.334,55.370,558,,,,0,,,,-0.1495,-142.38,-0.1495,-142.38,1,30.0,idle,+0.000,+0.000,+0.000,+0.000,1900,0,
1785507356.4337,2026-07-31T10:15:56.433,55.469,559,,,,0,,,,-0.1485,-142.41,-0.1485,-142.41,1,30.0,idle,+0.000,+0.000,+0.000,+0.000,1900,0,
1785507356.5325,2026-07-31T10:15:56.532,55.567,560,,,,0,,,,-0.1520,-142.43,-0.1520,-142.43,1,30.0,idle,+0.000,+0.000,+0.000,+0.000,1900,0,
1785507356.6317,2026-07-31T10:15:56.631,55.667,561,,,,0,,,,-0.1500,-142.46,-0.1500,-142.46,1,30.0,idle,+0.000,+0.000,+0.000,+0.000,1900,0,
1785507356.7313,2026-07-31T10:15:56.731,55.766,562,,,,0,,,,-0.1511,-142.47,-0.1511,-142.47,1,30.0,idle,+0.000,+0.000,+0.000,+0.000,1900,0,
1785507356.8310,2026-07-31T10:15:56.830,55.866,563,,,,0,,,,-0.1495,-142.50,-0.1495,-142.50,1,30.0,idle,+0.000,+0.000,+0.000,+0.000,1900,0,
1785507356.9304,2026-07-31T10:15:56.930,55.965,564,,,,0,,,,-0.1490,-142.52,-0.1490,-142.52,1,30.0,idle,+0.000,+0.000,+0.000,+0.000,1900,0,
1785507357.0299,2026-07-31T10:15:57.029,56.065,565,,,,0,,,,-0.1487,-142.53,-0.1487,-142.53,1,30.0,idle,+0.000,+0.000,+0.000,+0.000,1900,0,
1785507357.1286,2026-07-31T10:15:57.128,56.164,566,,,,0,,,,-0.1486,-142.56,-0.1486,-142.56,1,30.0,idle,+0.000,+0.000,+0.000,+0.000,1900,0,
1785507357.2275,2026-07-31T10:15:57.227,56.262,567,,,,0,,,,-0.1498,-142.57,-0.1498,-142.57,1,30.0,idle,+0.000,+0.000,+0.000,+0.000,1900,0,
1785507357.3266,2026-07-31T10:15:57.326,56.362,568,,,,0,,,,-0.1470,-142.59,-0.1470,-142.59,1,30.0,idle,+0.000,+0.000,+0.000,+0.000,1900,0,
1785507357.4255,2026-07-31T10:15:57.425,56.460,569,,,,0,,,,-0.1493,-142.61,-0.1493,-142.61,1,30.0,idle,+0.000,+0.000,+0.000,+0.000,1900,0,
1785507357.5246,2026-07-31T10:15:57.524,56.559,570,,,,0,,,,-0.1501,-142.62,-0.1501,-142.62,1,30.0,idle,+0.000,+0.000,+0.000,+0.000,1900,0,
1785507357.6243,2026-07-31T10:15:57.624,56.659,571,,,,0,,,,-0.1478,-142.65,-0.1478,-142.65,1,30.0,idle,+0.000,+0.000,+0.000,+0.000,1100,0,
1785507357.7231,2026-07-31T10:15:57.723,56.758,572,,,,0,,,,-0.1434,-142.67,-0.1434,-142.67,1,30.0,idle,+0.000,+0.000,+0.000,+0.000,1100,0,
1785507357.8216,2026-07-31T10:15:57.821,56.857,573,,,,0,,,,-0.1501,-142.69,-0.1501,-142.69,1,30.0,idle,+0.000,+0.000,+0.000,+0.000,1100,0,
1785507357.9208,2026-07-31T10:15:57.920,56.956,574,,,,0,,,,-0.1508,-142.71,-0.1508,-142.71,1,30.0,idle,+0.000,+0.000,+0.000,+0.000,1100,0,
1785507358.0206,2026-07-31T10:15:58.020,57.055,575,,,,0,,,,-0.1518,-142.72,-0.1518,-142.72,1,30.0,idle,+0.000,+0.000,+0.000,+0.000,1100,0,
1785507358.1204,2026-07-31T10:15:58.120,57.155,576,,,,0,,,,-0.1453,-142.75,-0.1453,-142.75,1,30.0,idle,+0.000,+0.000,+0.000,+0.000,1100,0,
1785507358.2201,2026-07-31T10:15:58.220,57.255,577,,,,0,,,,-0.1515,-142.77,-0.1515,-142.77,1,30.0,idle,+0.000,+0.000,+0.000,+0.000,1100,0,
1785507358.3186,2026-07-31T10:15:58.318,57.353,578,,,,0,,,,-0.1488,-142.78,-0.1488,-142.78,1,30.0,idle,+0.000,+0.000,+0.000,+0.000,1100,0,
1785507358.4184,2026-07-31T10:15:58.418,57.453,579,,,,0,,,,-0.1474,-142.80,-0.1474,-142.80,1,30.0,idle,+0.000,+0.000,+0.000,+0.000,1100,0,
1785507358.5173,2026-07-31T10:15:58.517,57.552,580,,,,0,,,,-0.1520,-142.82,-0.1520,-142.82,1,30.0,idle,+0.000,+0.000,+0.000,+0.000,1100,0,
1785507358.6170,2026-07-31T10:15:58.617,57.652,581,,,,0,,,,-0.1468,-142.84,-0.1468,-142.84,1,30.0,idle,+0.000,+0.000,+0.000,+0.000,1100,0,
1785507358.7158,2026-07-31T10:15:58.715,57.751,582,,,,0,,,,-0.1466,-142.85,-0.1466,-142.85,1,30.0,idle,+0.000,+0.000,+0.000,+0.000,1100,0,
1785507358.8162,2026-07-31T10:15:58.816,57.851,583,,,,0,,,,-0.1495,-142.88,-0.1495,-142.88,1,30.0,idle,+0.000,+0.000,+0.000,+0.000,1100,0,
1785507358.9162,2026-07-31T10:15:58.916,57.951,584,0,0.9773,1,1,27,1785507358.9006,15.6,-0.1492,-142.91,-0.1492,-142.91,1,30.0,idle,+0.000,+0.000,+0.000,+0.000,1100,0,
1785507359.0155,2026-07-31T10:15:59.015,58.050,585,,,,0,,,,-0.1462,-142.92,-0.1462,-142.92,1,30.0,idle,+0.000,+0.000,+0.000,+0.000,1100,0,
1785507359.1147,2026-07-31T10:15:59.114,58.150,586,0,0.9720,1,1,28,1785507359.0652,49.5,-0.1452,-142.95,-0.1452,-142.95,1,30.0,idle,+0.000,+0.000,+0.000,+0.000,1100,0,
1785507359.2141,2026-07-31T10:15:59.214,58.249,587,,,,0,,,,-0.1501,-142.96,-0.1501,-142.96,1,30.0,idle,+0.000,+0.000,+0.000,+0.000,1100,0,
1785507359.3131,2026-07-31T10:15:59.313,58.348,588,,,,0,,,,-0.1501,-143.00,-0.1501,-143.00,1,30.0,idle,+0.000,+0.000,+0.000,+0.000,1100,0,
1785507359.4122,2026-07-31T10:15:59.412,58.447,589,,,,0,,,,-0.1485,-143.02,-0.1485,-143.02,1,30.0,idle,+0.000,+0.000,+0.000,+0.000,1100,0,
1785507359.5110,2026-07-31T10:15:59.511,58.546,590,,,,0,,,,-0.1501,-143.02,-0.1501,-143.02,1,30.0,idle,+0.000,+0.000,+0.000,+0.000,1100,0,
1785507359.6115,2026-07-31T10:15:59.611,58.646,591,0,0.9764,1,1,29,1785507359.5211,90.4,-0.1502,-143.06,-0.1502,-143.06,1,30.0,idle,+0.000,+0.000,+0.000,+0.000,1100,0,
1785507359.7120,2026-07-31T10:15:59.712,58.747,592,,,,0,,,,-0.1532,-143.08,-0.1532,-143.08,1,30.0,idle,+0.000,+0.000,+0.000,+0.000,1100,0,
1785507359.8113,2026-07-31T10:15:59.811,58.846,593,,,,0,,,,-0.1515,-143.10,-0.1515,-143.10,1,30.0,idle,+0.000,+0.000,+0.000,+0.000,1100,0,
1785507359.9113,2026-07-31T10:15:59.911,58.946,594,0,0.9752,1,1,30,1785507359.8260,85.3,-0.1505,-143.11,-0.1505,-143.11,1,30.0,idle,+0.000,+0.000,+0.000,+0.000,1100,0,
1785507360.0101,2026-07-31T10:16:00.010,59.045,595,0,0.9777,1,1,31,1785507359.9939,16.2,-0.1506,-143.12,-0.1506,-143.12,1,30.0,idle,+0.000,+0.000,+0.000,+0.000,1100,0,
1785507360.1104,2026-07-31T10:16:00.110,59.145,596,,,,0,,,,-0.1479,-143.15,-0.1479,-143.15,1,30.0,idle,+0.000,+0.000,+0.000,+0.000,1100,0,
1785507360.2090,2026-07-31T10:16:00.208,59.244,597,0,0.9805,1,1,32,1785507360.1401,68.9,-0.1480,-143.16,-0.1480,-143.16,1,30.0,idle,+0.000,+0.000,+0.000,+0.000,1100,0,
1785507360.3081,2026-07-31T10:16:00.308,59.343,598,0,0.9779,1,1,33,1785507360.2916,16.5,-0.1493,-143.18,-0.1493,-143.18,1,30.0,idle,+0.000,+0.000,+0.000,+0.000,1100,0,
1785507360.4082,2026-07-31T10:16:00.408,59.443,599,,,,0,,,,-0.1469,-143.19,-0.1469,-143.19,1,30.0,idle,+0.000,+0.000,+0.000,+0.000,1100,0,
1785507360.5071,2026-07-31T10:16:00.507,59.542,600,0,0.9766,1,1,34,1785507360.4500,57.1,-0.1486,-143.21,-0.1486,-143.21,1,30.0,idle,+0.000,+0.000,+0.000,+0.000,1100,0,
1785507360.6064,2026-07-31T10:16:00.606,59.641,601,0,0.9766,1,1,35,1785507360.6045,1.9,-0.1489,-143.25,-0.1489,-143.25,1,30.0,idle,+0.000,+0.000,+0.000,+0.000,1100,0,
1785507360.7062,2026-07-31T10:16:00.706,59.741,602,,,,0,,,,-0.1485,-143.26,-0.1485,-143.26,1,30.0,idle,+0.000,+0.000,+0.000,+0.000,1100,0,
1785507360.8050,2026-07-31T10:16:00.805,59.840,603,0,0.9711,1,1,36,1785507360.7577,47.3,-0.1493,-143.28,-0.1493,-143.28,1,30.0,idle,+0.000,+0.000,+0.000,+0.000,1100,0,
1785507360.9057,2026-07-31T10:16:00.905,59.941,604,,,,0,,,,-0.1520,-143.30,-0.1520,-143.30,1,30.0,idle,+0.000,+0.000,+0.000,+0.000,1100,0,
1785507361.0062,2026-07-31T10:16:01.006,60.041,605,0,0.9716,1,1,37,1785507360.9119,94.2,-0.1479,-143.33,-0.1479,-143.33,1,30.0,idle,+0.000,+0.000,+0.000,+0.000,1100,0,
1785507361.1077,2026-07-31T10:16:01.107,60.143,606,0,0.9721,1,1,38,1785507361.0755,32.2,-0.1479,-143.37,-0.1479,-143.37,1,30.0,idle,+0.000,+0.000,+0.000,+0.000,1100,0,
1785507361.2076,2026-07-31T10:16:01.207,60.242,607,,,,0,,,,-0.1511,-143.39,-0.1511,-143.39,1,30.0,idle,+0.000,+0.000,+0.000,+0.000,1100,0,
1785507361.3067,2026-07-31T10:16:01.306,60.342,608,0,0.9710,1,1,39,1785507361.2195,87.1,-0.1501,-143.42,-0.1501,-143.42,1,30.0,idle,+0.000,+0.000,+0.000,+0.000,1100,0,
1785507361.4086,2026-07-31T10:16:01.408,60.443,609,0,0.9768,1,1,40,1785507361.3765,32.1,-0.1453,-143.45,-0.1453,-143.45,1,30.0,idle,+0.000,+0.000,+0.000,+0.000,1100,0,
1785507361.5073,2026-07-31T10:16:01.507,60.542,610,,,,0,,,,-0.1484,-143.46,-0.1484,-143.46,1,30.0,idle,+0.000,+0.000,+0.000,+0.000,1100,0,
1785507361.6059,2026-07-31T10:16:01.605,60.641,611,0,0.9692,1,1,41,1785507361.5314,74.5,-0.1491,-143.49,-0.1491,-143.49,1,30.0,idle,+0.000,+0.000,+0.000,+0.000,1100,0,
1785507361.7059,2026-07-31T10:16:01.705,60.741,612,0,0.9673,1,1,42,1785507361.6842,21.7,-0.1512,-143.50,-0.1512,-143.50,1,30.0,idle,+0.000,+0.000,+0.000,+0.000,1100,0,
1785507361.8067,2026-07-31T10:16:01.806,60.842,613,,,,0,,,,-0.1490,-143.53,-0.1490,-143.53,1,30.0,idle,+0.000,+0.000,+0.000,+0.000,1100,0,
1785507361.9068,2026-07-31T10:16:01.906,60.942,614,0,0.9703,1,1,43,1785507361.8389,67.9,-0.1493,-143.55,-0.1493,-143.55,1,30.0,idle,+0.000,+0.000,+0.000,+0.000,1100,0,
1785507362.0059,2026-07-31T10:16:02.005,61.041,615,0,0.9695,1,1,44,1785507361.9968,9.2,-0.1530,-143.57,-0.1530,-143.57,1,30.0,idle,+0.000,+0.000,+0.000,+0.000,1100,0,
1785507362.1049,2026-07-31T10:16:02.104,61.140,616,,,,0,,,,-0.1532,-143.59,-0.1532,-143.59,1,30.0,idle,+0.000,+0.000,+0.000,+0.000,1100,0,
1785507362.2046,2026-07-31T10:16:02.204,61.239,617,0,0.9689,1,1,45,1785507362.1477,56.9,-0.1502,-143.61,-0.1502,-143.61,1,30.0,idle,+0.000,+0.000,+0.000,+0.000,1100,0,
1785507362.3032,2026-07-31T10:16:02.303,61.338,618,,,,0,,,,-0.1505,-143.63,-0.1505,-143.63,1,30.0,idle,+0.000,+0.000,+0.000,+0.000,1100,0,
1785507362.4026,2026-07-31T10:16:02.402,61.437,619,0,0.9729,1,1,46,1785507362.3051,97.5,-0.1517,-143.67,-0.1517,-143.67,1,30.0,idle,+0.000,+0.000,+0.000,+0.000,1100,0,
1785507362.5010,2026-07-31T10:16:02.500,61.536,620,0,0.9735,1,1,47,1785507362.4705,30.4,-0.1496,-143.69,-0.1496,-143.69,1,30.0,idle,+0.000,+0.000,+0.000,+0.000,1100,0,
1785507362.6009,2026-07-31T10:16:02.600,61.636,621,,,,0,,,,-0.1493,-143.71,-0.1493,-143.71,1,30.0,idle,+0.000,+0.000,+0.000,+0.000,1100,0,
1785507362.7009,2026-07-31T10:16:02.700,61.736,622,0,0.9724,1,1,48,1785507362.6120,88.9,-0.1474,-143.73,-0.1474,-143.73,1,30.0,idle,+0.000,+0.000,+0.000,+0.000,1900,0,
1785507362.7993,2026-07-31T10:16:02.799,61.834,623,0,0.9744,1,1,49,1785507362.7674,32.0,-0.1516,-143.75,-0.1516,-143.75,1,30.0,idle,+0.000,+0.000,+0.000,+0.000,1900,0,
1785507362.8985,2026-07-31T10:16:02.898,61.933,624,,,,0,,,,-0.1514,-143.77,-0.1514,-143.77,1,30.0,idle,+0.000,+0.000,+0.000,+0.000,1900,0,
1785507362.9977,2026-07-31T10:16:02.997,62.033,625,0,0.9773,1,1,50,1785507362.9332,64.5,-0.1511,-143.78,-0.1511,-143.78,1,30.0,idle,+0.000,+0.000,+0.000,+0.000,1900,0,
1785507363.0962,2026-07-31T10:16:03.096,62.131,626,0,0.9778,1,1,51,1785507363.0770,19.1,-0.1500,-143.80,-0.1500,-143.80,1,30.0,idle,+0.000,+0.000,+0.000,+0.000,1100,0,
1785507363.1951,2026-07-31T10:16:03.195,62.230,627,,,,0,,,,-0.1470,-143.82,-0.1470,-143.82,1,30.0,idle,+0.000,+0.000,+0.000,+0.000,1100,0,
1785507363.2944,2026-07-31T10:16:03.294,62.329,628,0,0.9754,1,1,52,1785507363.2321,62.3,-0.1492,-143.84,-0.1492,-143.84,1,30.0,idle,+0.000,+0.000,+0.000,+0.000,1100,0,
1785507363.3934,2026-07-31T10:16:03.393,62.428,629,,,,0,,,,-0.1461,-143.85,-0.1461,-143.85,1,30.0,idle,+0.000,+0.000,+0.000,+0.000,1100,0,
1785507363.4929,2026-07-31T10:16:03.492,62.528,630,,,,0,,,,-0.1495,-143.88,-0.1495,-143.88,1,30.0,idle,+0.000,+0.000,+0.000,+0.000,1100,0,
1785507363.5924,2026-07-31T10:16:03.592,62.627,631,0,0.9748,1,1,53,1785507363.5388,53.7,-0.1491,-143.89,-0.1491,-143.89,1,30.0,idle,+0.000,+0.000,+0.000,+0.000,1100,0,
1785507363.6916,2026-07-31T10:16:03.691,62.726,632,,,,0,,,,-0.1494,-143.91,-0.1494,-143.91,1,30.0,idle,+0.000,+0.000,+0.000,+0.000,1900,1,flash_0001
1785507363.7900,2026-07-31T10:16:03.790,62.825,633,,,,0,,,,-0.1515,-143.94,-0.1515,-143.94,1,30.0,idle,+0.000,+0.000,+0.000,+0.000,1100,0,
1785507363.8893,2026-07-31T10:16:03.889,62.924,634,,,,0,,,,-0.1486,-143.95,-0.1486,-143.95,1,30.0,idle,+0.000,+0.000,+0.000,+0.000,1100,0,
1785507363.9882,2026-07-31T10:16:03.988,63.023,635,,,,0,,,,-0.1465,-143.98,-0.1465,-143.98,1,30.0,idle,+0.000,+0.000,+0.000,+0.000,1100,0,
1785507364.0871,2026-07-31T10:16:04.087,63.122,636,,,,0,,,,-0.1487,-144.01,-0.1487,-144.01,1,30.0,idle,+0.000,+0.000,+0.000,+0.000,1100,0,
1785507364.1866,2026-07-31T10:16:04.188,63.221,637,0,0.9723,1,1,54,1785507364.1676,19.0,-0.1494,-144.02,-0.1494,-144.02,1,30.0,idle,+0.000,+0.000,+0.000,+0.000,1900,1,flash_0002
1785507364.2855,2026-07-31T10:16:04.285,63.320,638,,,,0,,,,-0.1492,-144.04,-0.1492,-144.04,1,30.0,idle,+0.000,+0.000,+0.000,+0.000,1100,1,
1785507364.3870,2026-07-31T10:16:04.386,63.422,639,0,0.9709,1,1,55,1785507364.3174,69.5,-0.1532,-144.06,-0.1532,-144.06,1,30.0,idle,+0.000,+0.000,+0.000,+0.000,1100,1,
1785507364.4868,2026-07-31T10:16:04.486,63.522,640,0,0.9677,1,1,56,1785507364.4685,18.3,-0.1474,-144.09,-0.1474,-144.09,1,30.0,idle,+0.000,+0.000,+0.000,+0.000,1100,1,
1785507364.5855,2026-07-31T10:16:04.585,63.620,641,,,,0,,,,-0.1517,-144.10,-0.1517,-144.10,1,30.0,idle,+0.000,+0.000,+0.000,+0.000,1900,1,
1785507364.6856,2026-07-31T10:16:04.685,63.720,642,,,,0,,,,-0.1488,-144.12,-0.1488,-144.12,1,30.0,idle,+0.000,+0.000,+0.000,+0.000,1100,0,
1785507364.7849,2026-07-31T10:16:04.786,63.820,643,0,0.9735,1,1,57,1785507364.7792,5.7,-0.1503,-144.16,-0.1503,-144.16,1,30.0,idle,+0.000,+0.000,+0.000,+0.000,1100,1,flash_0003
1785507364.8845,2026-07-31T10:16:04.884,63.919,644,,,,0,,,,-0.1549,-144.17,-0.1549,-144.17,1,30.0,idle,+0.000,+0.000,+0.000,+0.000,1100,1,
1785507364.9833,2026-07-31T10:16:04.983,64.018,645,,,,0,,,,-0.1481,-144.20,-0.1481,-144.20,1,30.0,idle,+0.000,+0.000,+0.000,+0.000,1100,0,
1785507365.0837,2026-07-31T10:16:05.083,64.119,646,,,,0,,,,-0.1484,-144.21,-0.1484,-144.21,1,30.0,idle,+0.000,+0.000,+0.000,+0.000,1100,0,
1785507365.1838,2026-07-31T10:16:05.183,64.219,647,0,0.9723,1,1,58,1785507365.0906,93.2,-0.1488,-144.24,-0.1488,-144.24,1,30.0,idle,+0.000,+0.000,+0.000,+0.000,1900,1,flash_0004
1785507365.2829,2026-07-31T10:16:05.282,64.318,648,0,0.9711,1,1,59,1785507365.2451,37.8,-0.1494,-144.27,-0.1494,-144.27,1,30.0,idle,+0.000,+0.000,+0.000,+0.000,1100,1,
1785507365.3801,2026-07-31T10:16:05.380,64.415,649,,,,0,,,,-0.1486,-144.28,-0.1486,-144.28,1,30.0,idle,+0.000,+0.000,+0.000,+0.000,1100,1,
1785507365.4800,2026-07-31T10:16:05.479,64.515,650,,,,0,,,,-0.1516,-144.30,-0.1516,-144.30,1,30.0,idle,+0.000,+0.000,+0.000,+0.000,1100,0,
1785507365.5788,2026-07-31T10:16:05.580,64.614,651,0,0.9786,1,1,60,1785507365.5542,24.6,-0.1484,-144.33,-0.1484,-144.33,1,30.0,idle,+0.000,+0.000,+0.000,+0.000,1900,1,flash_0005
1785507365.6775,2026-07-31T10:16:05.677,64.712,652,,,,0,,,,-0.1533,-144.34,-0.1533,-144.34,1,30.0,idle,+0.000,+0.000,+0.000,+0.000,1900,1,
1785507365.7769,2026-07-31T10:16:05.776,64.812,653,,,,0,,,,-0.1470,-144.35,-0.1470,-144.35,1,30.0,idle,+0.000,+0.000,+0.000,+0.000,1100,0,
1785507365.8752,2026-07-31T10:16:05.877,64.910,654,0,0.9818,1,1,61,1785507365.8613,14.0,-0.1507,-144.36,-0.1507,-144.36,1,30.0,idle,+0.000,+0.000,+0.000,+0.000,1100,1,flash_0006
1785507365.9758,2026-07-31T10:16:05.975,65.011,655,,,,0,,,,-0.1505,-144.40,-0.1505,-144.40,1,30.0,idle,+0.000,+0.000,+0.000,+0.000,1100,1,
1785507366.0751,2026-07-31T10:16:06.075,65.110,656,0,0.9842,1,1,62,1785507366.0152,59.9,-0.1494,-144.41,-0.1494,-144.41,1,30.0,idle,+0.000,+0.000,+0.000,+0.000,1900,1,
1785507366.1743,2026-07-31T10:16:06.174,65.209,657,0,0.9818,1,1,63,1785507366.1732,1.2,-0.1471,-144.43,-0.1471,-144.43,1,30.0,idle,+0.000,+0.000,+0.000,+0.000,1900,1,
1785507366.2737,2026-07-31T10:16:06.273,65.309,658,,,,0,,,,-0.1506,-144.45,-0.1506,-144.45,1,30.0,idle,+0.000,+0.000,+0.000,+0.000,1100,1,
1785507366.3730,2026-07-31T10:16:06.373,65.408,659,,,,0,,,,-0.1463,-144.46,-0.1463,-144.46,1,30.0,idle,+0.000,+0.000,+0.000,+0.000,1100,0,
1785507366.4721,2026-07-31T10:16:06.472,65.507,660,,,,0,,,,-0.1487,-144.49,-0.1487,-144.49,1,30.0,idle,+0.000,+0.000,+0.000,+0.000,1100,0,
1785507366.5728,2026-07-31T10:16:06.572,65.608,661,0,0.9789,1,1,64,1785507366.4816,91.3,-0.1497,-144.50,-0.1497,-144.50,1,30.0,idle,+0.000,+0.000,+0.000,+0.000,1100,0,
1785507366.6741,2026-07-31T10:16:06.674,65.709,662,0,0.9767,1,1,65,1785507366.6378,36.3,-0.1459,-144.52,-0.1459,-144.52,1,30.0,idle,+0.000,+0.000,+0.000,+0.000,1100,0,
1785507366.7732,2026-07-31T10:16:06.773,65.808,663,,,,0,,,,-0.1494,-144.54,-0.1494,-144.54,1,30.0,idle,+0.000,+0.000,+0.000,+0.000,1100,0,
1785507366.8740,2026-07-31T10:16:06.873,65.909,664,0,0.9682,1,1,66,1785507366.7877,86.2,-0.1498,-144.55,-0.1498,-144.55,1,30.0,idle,+0.000,+0.000,+0.000,+0.000,1100,0,
1785507366.9727,2026-07-31T10:16:06.972,66.008,665,0,0.9716,1,1,67,1785507366.9448,27.9,-0.1511,-144.57,-0.1511,-144.57,1,30.0,idle,+0.000,+0.000,+0.000,+0.000,1100,0,
1785507367.0717,2026-07-31T10:16:07.071,66.107,666,,,,0,,,,-0.1492,-144.58,-0.1492,-144.58,1,30.0,idle,+0.000,+0.000,+0.000,+0.000,1100,0,
1785507367.1702,2026-07-31T10:16:07.170,66.205,667,0,0.9857,1,1,68,1785507367.1003,69.9,-0.1548,-144.61,-0.1548,-144.61,1,30.0,idle,+0.000,+0.000,+0.000,+0.000,1100,0,
1785507367.2693,2026-07-31T10:16:07.269,66.304,668,0,0.9979,1,1,69,1785507367.2511,18.2,-0.1499,-144.62,-0.1499,-144.62,1,30.0,idle,+0.000,+0.000,+0.000,+0.000,1100,0,
1785507367.3685,2026-07-31T10:16:07.368,66.403,669,,,,0,,,,-0.1505,-144.64,-0.1505,-144.64,1,30.0,idle,+0.000,+0.000,+0.000,+0.000,1100,0,
1785507367.4673,2026-07-31T10:16:07.467,66.502,670,,,,0,,,,-0.1502,-144.67,-0.1502,-144.67,1,30.0,idle,+0.000,+0.000,+0.000,+0.000,1100,0,
1785507367.5668,2026-07-31T10:16:07.566,66.602,671,,,,0,,,,-0.1497,-144.68,-0.1497,-144.68,1,30.0,idle,+0.000,+0.000,+0.000,+0.000,1100,0,
1785507367.6662,2026-07-31T10:16:07.666,66.701,672,,,,0,,,,-0.1512,-144.71,-0.1512,-144.71,1,30.0,idle,+0.000,+0.000,+0.000,+0.000,1100,0,
1785507367.7680,2026-07-31T10:16:07.768,66.803,673,,,,0,,,,-0.1521,-144.73,-0.1521,-144.73,1,30.0,idle,+0.000,+0.000,+0.000,+0.000,1100,0,
1785507367.8666,2026-07-31T10:16:07.866,66.902,674,,,,0,,,,-0.1504,-144.74,-0.1504,-144.74,1,30.0,idle,+0.000,+0.000,+0.000,+0.000,1100,0,
1785507367.9660,2026-07-31T10:16:07.966,67.001,675,,,,0,,,,-0.1481,-144.77,-0.1481,-144.77,1,30.0,idle,+0.000,+0.000,+0.000,+0.000,1100,0,
1785507368.0647,2026-07-31T10:16:08.064,67.100,676,,,,0,,,,-0.1530,-144.79,-0.1530,-144.79,1,30.0,idle,+0.000,+0.000,+0.000,+0.000,1100,0,
1785507368.1636,2026-07-31T10:16:08.163,67.198,677,,,,0,,,,-0.1518,-144.81,-0.1518,-144.81,1,30.0,idle,+0.000,+0.000,+0.000,+0.000,1100,0,
1785507368.2632,2026-07-31T10:16:08.263,67.298,678,,,,0,,,,-0.1482,-144.82,-0.1482,-144.82,1,30.0,idle,+0.000,+0.000,+0.000,+0.000,1100,0,
1785507368.3623,2026-07-31T10:16:08.362,67.397,679,,,,0,,,,-0.1475,-144.84,-0.1475,-144.84,1,30.0,idle,+0.000,+0.000,+0.000,+0.000,1100,0,
1785507368.4622,2026-07-31T10:16:08.462,67.497,680,,,,0,,,,-0.1496,-144.87,-0.1496,-144.87,1,30.0,idle,+0.000,+0.000,+0.000,+0.000,1100,0,
1785507368.5604,2026-07-31T10:16:08.560,67.595,681,,,,0,,,,-0.1537,-144.88,-0.1537,-144.88,1,30.0,idle,+0.000,+0.000,+0.000,+0.000,1100,0,
1785507368.6594,2026-07-31T10:16:08.659,67.694,682,,,,0,,,,-0.1526,-144.90,-0.1526,-144.90,1,30.0,idle,+0.000,+0.000,+0.000,+0.000,1100,0,
1785507368.7585,2026-07-31T10:16:08.758,67.793,683,,,,0,,,,-0.1454,-144.91,-0.1454,-144.91,1,30.0,idle,+0.000,+0.000,+0.000,+0.000,1100,0,
1785507368.8579,2026-07-31T10:16:08.857,67.893,684,,,,0,,,,-0.1475,-144.94,-0.1475,-144.94,1,30.0,idle,+0.000,+0.000,+0.000,+0.000,1100,0,
1785507368.9566,2026-07-31T10:16:08.956,67.991,685,,,,0,,,,-0.1528,-144.97,-0.1528,-144.97,1,30.0,idle,+0.000,+0.000,+0.000,+0.000,1100,0,
1785507369.0555,2026-07-31T10:16:09.055,68.090,686,,,,0,,,,-0.1525,-144.99,-0.1525,-144.99,1,30.0,idle,+0.000,+0.000,+0.000,+0.000,1100,0,
1785507369.1562,2026-07-31T10:16:09.156,68.191,687,,,,0,,,,-0.1511,-145.01,-0.1511,-145.01,1,30.0,idle,+0.000,+0.000,+0.000,+0.000,1100,0,
1785507369.2550,2026-07-31T10:16:09.255,68.290,688,,,,0,,,,-0.1489,-145.02,-0.1489,-145.02,1,30.0,idle,+0.000,+0.000,+0.000,+0.000,1100,0,
1785507369.3541,2026-07-31T10:16:09.354,68.389,689,,,,0,,,,-0.1494,-145.05,-0.1494,-145.05,1,30.0,idle,+0.000,+0.000,+0.000,+0.000,1100,0,
1785507369.4525,2026-07-31T10:16:09.452,68.487,690,,,,0,,,,-0.1493,-145.08,-0.1493,-145.08,1,30.0,idle,+0.000,+0.000,+0.000,+0.000,1100,0,
1785507369.5524,2026-07-31T10:16:09.552,68.587,691,,,,0,,,,-0.1527,-145.09,-0.1527,-145.09,1,30.0,idle,+0.000,+0.000,+0.000,+0.000,1100,0,
1785507369.6515,2026-07-31T10:16:09.651,68.686,692,,,,0,,,,-0.1532,-145.11,-0.1532,-145.11,1,30.0,idle,+0.000,+0.000,+0.000,+0.000,1100,0,
1785507369.7507,2026-07-31T10:16:09.750,68.786,693,,,,0,,,,-0.1483,-145.13,-0.1483,-145.13,1,30.0,idle,+0.000,+0.000,+0.000,+0.000,1100,0,
1785507369.8512,2026-07-31T10:16:09.851,68.886,694,,,,0,,,,-0.1487,-145.16,-0.1487,-145.16,1,30.0,idle,+0.000,+0.000,+0.000,+0.000,1100,0,
1785507369.9502,2026-07-31T10:16:09.950,68.985,695,,,,0,,,,-0.1538,-145.17,-0.1538,-145.17,1,30.0,idle,+0.000,+0.000,+0.000,+0.000,1100,0,
1785507370.0491,2026-07-31T10:16:10.049,69.084,696,,,,0,,,,-0.1487,-145.18,-0.1487,-145.18,1,30.0,idle,+0.000,+0.000,+0.000,+0.000,1100,0,
1785507370.1477,2026-07-31T10:16:10.147,69.183,697,,,,0,,,,-0.1520,-145.21,-0.1520,-145.21,1,30.0,idle,+0.000,+0.000,+0.000,+0.000,1100,0,
1785507370.2469,2026-07-31T10:16:10.246,69.282,698,,,,0,,,,-0.1482,-145.23,-0.1482,-145.23,1,30.0,idle,+0.000,+0.000,+0.000,+0.000,1100,0,
1785507370.3456,2026-07-31T10:16:10.345,69.380,699,,,,0,,,,-0.1463,-145.25,-0.1463,-145.25,1,30.0,idle,+0.000,+0.000,+0.000,+0.000,1100,0,
1785507370.4447,2026-07-31T10:16:10.444,69.480,700,,,,0,,,,-0.1499,-145.27,-0.1499,-145.27,1,30.0,idle,+0.000,+0.000,+0.000,+0.000,1100,0,
1785507370.5435,2026-07-31T10:16:10.543,69.578,701,,,,0,,,,-0.1500,-145.29,-0.1500,-145.29,1,30.0,idle,+0.000,+0.000,+0.000,+0.000,1100,0,
1785507370.6443,2026-07-31T10:16:10.644,69.679,702,,,,0,,,,-0.1486,-145.33,-0.1486,-145.33,1,30.0,idle,+0.000,+0.000,+0.000,+0.000,1100,0,
1785507370.7434,2026-07-31T10:16:10.743,69.778,703,,,,0,,,,-0.1448,-145.34,-0.1448,-145.34,1,30.0,idle,+0.000,+0.000,+0.000,+0.000,1100,0,
1785507370.8415,2026-07-31T10:16:10.841,69.876,704,,,,0,,,,-0.1493,-145.36,-0.1493,-145.36,1,30.0,idle,+0.000,+0.000,+0.000,+0.000,1100,0,
1785507370.9406,2026-07-31T10:16:10.940,69.975,705,,,,0,,,,-0.1490,-145.38,-0.1490,-145.38,1,30.0,idle,+0.000,+0.000,+0.000,+0.000,1100,0,
1785507371.0396,2026-07-31T10:16:11.039,70.074,706,,,,0,,,,-0.1506,-145.40,-0.1506,-145.40,1,30.0,idle,+0.000,+0.000,+0.000,+0.000,1100,0,
1785507371.1395,2026-07-31T10:16:11.139,70.174,707,,,,0,,,,-0.1500,-145.42,-0.1500,-145.42,1,30.0,idle,+0.000,+0.000,+0.000,+0.000,1100,0,
1785507371.2405,2026-07-31T10:16:11.240,70.275,708,,,,0,,,,-0.1465,-145.44,-0.1465,-145.44,1,30.0,idle,+0.000,+0.000,+0.000,+0.000,1100,0,
1785507371.3415,2026-07-31T10:16:11.341,70.376,709,,,,0,,,,-0.1515,-145.46,-0.1515,-145.46,1,30.0,idle,+0.000,+0.000,+0.000,+0.000,1100,0,
1785507371.4415,2026-07-31T10:16:11.441,70.476,710,,,,0,,,,-0.1482,-145.47,-0.1482,-145.47,1,30.0,idle,+0.000,+0.000,+0.000,+0.000,1100,0,
1785507371.5422,2026-07-31T10:16:11.542,70.577,711,,,,0,,,,-0.1530,-145.49,-0.1530,-145.49,1,30.0,idle,+0.000,+0.000,+0.000,+0.000,1100,0,
1785507371.6428,2026-07-31T10:16:11.642,70.678,712,,,,0,,,,-0.1502,-145.51,-0.1502,-145.51,1,30.0,idle,+0.000,+0.000,+0.000,+0.000,1100,0,
1785507371.7437,2026-07-31T10:16:11.743,70.779,713,,,,0,,,,-0.1483,-145.52,-0.1483,-145.52,1,30.0,idle,+0.000,+0.000,+0.000,+0.000,1100,0,
1785507371.8432,2026-07-31T10:16:11.843,70.878,714,,,,0,,,,-0.1467,-145.54,-0.1467,-145.54,1,30.0,idle,+0.000,+0.000,+0.000,+0.000,1100,0,
1785507371.9419,2026-07-31T10:16:11.941,70.977,715,,,,0,,,,-0.1496,-145.58,-0.1496,-145.58,1,30.0,idle,+0.000,+0.000,+0.000,+0.000,1100,0,
1785507372.0415,2026-07-31T10:16:12.041,71.076,716,,,,0,,,,-0.1525,-145.59,-0.1525,-145.59,1,30.0,idle,+0.000,+0.000,+0.000,+0.000,1100,0,
1785507372.1415,2026-07-31T10:16:12.141,71.176,717,,,,0,,,,-0.1498,-145.62,-0.1498,-145.62,1,30.0,idle,+0.000,+0.000,+0.000,+0.000,1100,0,
1785507372.2410,2026-07-31T10:16:12.240,71.276,718,,,,0,,,,-0.1496,-145.64,-0.1496,-145.64,1,30.0,idle,+0.000,+0.000,+0.000,+0.000,1100,0,
1785507372.3397,2026-07-31T10:16:12.339,71.375,719,,,,0,,,,-0.1507,-145.66,-0.1507,-145.66,1,30.0,idle,+0.000,+0.000,+0.000,+0.000,1100,0,
1785507372.4404,2026-07-31T10:16:12.440,71.475,720,,,,0,,,,-0.1505,-145.67,-0.1505,-145.67,1,30.0,idle,+0.000,+0.000,+0.000,+0.000,1100,0,
1785507372.5392,2026-07-31T10:16:12.539,71.574,721,,,,0,,,,-0.1498,-145.70,-0.1498,-145.70,1,30.0,idle,+0.000,+0.000,+0.000,+0.000,1100,0,
1785507372.6385,2026-07-31T10:16:12.638,71.673,722,,,,0,,,,-0.1502,-145.73,-0.1502,-145.73,1,30.0,idle,+0.000,+0.000,+0.000,+0.000,1100,0,
1785507372.7387,2026-07-31T10:16:12.738,71.774,723,,,,0,,,,-0.1499,-145.74,-0.1499,-145.74,1,30.0,idle,+0.000,+0.000,+0.000,+0.000,1100,0,
1785507372.8395,2026-07-31T10:16:12.839,71.874,724,,,,0,,,,-0.1486,-145.76,-0.1486,-145.76,1,30.0,idle,+0.000,+0.000,+0.000,+0.000,1100,0,
1785507372.9404,2026-07-31T10:16:12.940,71.975,725,,,,0,,,,-0.1519,-145.79,-0.1519,-145.79,1,30.0,idle,+0.000,+0.000,+0.000,+0.000,1100,0,
1785507373.0392,2026-07-31T10:16:13.039,72.074,726,,,,0,,,,-0.1472,-145.80,-0.1472,-145.80,1,30.0,idle,+0.000,+0.000,+0.000,+0.000,1100,0,
1785507373.1382,2026-07-31T10:16:13.138,72.173,727,,,,0,,,,-0.1483,-145.82,-0.1483,-145.82,1,30.0,idle,+0.000,+0.000,+0.000,+0.000,1100,0,
1785507373.2374,2026-07-31T10:16:13.237,72.272,728,,,,0,,,,-0.1479,-145.83,-0.1479,-145.83,1,30.0,idle,+0.000,+0.000,+0.000,+0.000,1100,0,
1785507373.3363,2026-07-31T10:16:13.336,72.371,729,,,,0,,,,-0.1474,-145.87,-0.1474,-145.87,1,30.0,idle,+0.000,+0.000,+0.000,+0.000,1100,0,
1785507373.4353,2026-07-31T10:16:13.435,72.470,730,,,,0,,,,-0.1468,-145.88,-0.1468,-145.88,1,30.0,idle,+0.000,+0.000,+0.000,+0.000,1100,0,
1785507373.5348,2026-07-31T10:16:13.534,72.570,731,,,,0,,,,-0.1532,-145.90,-0.1532,-145.90,1,30.0,idle,+0.000,+0.000,+0.000,+0.000,1100,0,
1785507373.6342,2026-07-31T10:16:13.634,72.669,732,,,,0,,,,-0.1512,-145.93,-0.1512,-145.93,1,30.0,idle,+0.000,+0.000,+0.000,+0.000,1100,0,
1785507373.7332,2026-07-31T10:16:13.733,72.768,733,,,,0,,,,-0.1505,-145.94,-0.1505,-145.94,1,30.0,idle,+0.000,+0.000,+0.000,+0.000,1100,0,
1785507373.8321,2026-07-31T10:16:13.832,72.867,734,,,,0,,,,-0.1494,-145.96,-0.1494,-145.96,1,30.0,idle,+0.000,+0.000,+0.000,+0.000,1100,0,
1785507373.9314,2026-07-31T10:16:13.931,72.966,735,,,,0,,,,-0.1488,-145.98,-0.1488,-145.98,1,30.0,idle,+0.000,+0.000,+0.000,+0.000,1100,0,
1785507374.0308,2026-07-31T10:16:14.030,73.066,736,,,,0,,,,-0.1498,-145.99,-0.1498,-145.99,1,30.0,idle,+0.000,+0.000,+0.000,+0.000,1100,0,
1785507374.1300,2026-07-31T10:16:14.129,73.165,737,,,,0,,,,-0.1505,-146.02,-0.1505,-146.02,1,30.0,idle,+0.000,+0.000,+0.000,+0.000,1100,0,
1785507374.2292,2026-07-31T10:16:14.229,73.264,738,,,,0,,,,-0.1511,-146.03,-0.1511,-146.03,1,30.0,idle,+0.000,+0.000,+0.000,+0.000,1100,0,
1785507374.3281,2026-07-31T10:16:14.328,73.363,739,,,,0,,,,-0.1508,-146.05,-0.1508,-146.05,1,30.0,idle,+0.000,+0.000,+0.000,+0.000,1100,0,
1785507374.4275,2026-07-31T10:16:14.427,73.462,740,,,,0,,,,-0.1478,-146.06,-0.1478,-146.06,1,30.0,idle,+0.000,+0.000,+0.000,+0.000,1100,0,
1785507374.5261,2026-07-31T10:16:14.526,73.561,741,,,,0,,,,-0.1521,-146.09,-0.1521,-146.09,1,30.0,idle,+0.000,+0.000,+0.000,+0.000,1100,0,
1785507374.6255,2026-07-31T10:16:14.625,73.660,742,,,,0,,,,-0.1473,-146.10,-0.1473,-146.10,1,30.0,idle,+0.000,+0.000,+0.000,+0.000,1100,0,
1785507374.7248,2026-07-31T10:16:14.724,73.760,743,,,,0,,,,-0.1497,-146.12,-0.1497,-146.12,1,30.0,idle,+0.000,+0.000,+0.000,+0.000,1100,0,
1785507374.8257,2026-07-31T10:16:14.825,73.861,744,,,,0,,,,-0.1508,-146.15,-0.1508,-146.15,1,30.0,idle,+0.000,+0.000,+0.000,+0.000,1100,0,
1785507374.9251,2026-07-31T10:16:14.925,73.960,745,,,,0,,,,-0.1496,-146.15,-0.1496,-146.15,1,30.0,idle,+0.000,+0.000,+0.000,+0.000,1100,0,
1785507375.0254,2026-07-31T10:16:15.025,74.060,746,,,,0,,,,-0.1517,-146.18,-0.1517,-146.18,1,30.0,idle,+0.000,+0.000,+0.000,+0.000,1100,0,
1785507375.1246,2026-07-31T10:16:15.124,74.159,747,,,,0,,,,-0.1465,-146.21,-0.1465,-146.21,1,30.0,idle,+0.000,+0.000,+0.000,+0.000,1100,0,
1785507375.2245,2026-07-31T10:16:15.224,74.259,748,,,,0,,,,-0.1508,-146.21,-0.1508,-146.21,1,30.0,idle,+0.000,+0.000,+0.000,+0.000,1100,0,
1785507375.3229,2026-07-31T10:16:15.322,74.358,749,,,,0,,,,-0.1510,-146.24,-0.1510,-146.24,1,30.0,idle,+0.000,+0.000,+0.000,+0.000,1100,0,
1785507375.4223,2026-07-31T10:16:15.422,74.457,750,,,,0,,,,-0.1500,-146.25,-0.1500,-146.25,1,30.0,idle,+0.000,+0.000,+0.000,+0.000,1100,0,
1785507375.5215,2026-07-31T10:16:15.521,74.556,751,,,,0,,,,-0.1478,-146.27,-0.1478,-146.27,1,30.0,idle,+0.000,+0.000,+0.000,+0.000,1100,0,
1785507375.6208,2026-07-31T10:16:15.620,74.656,752,,,,0,,,,-0.1529,-146.30,-0.1529,-146.30,1,30.0,idle,+0.000,+0.000,+0.000,+0.000,1100,0,
1785507375.7206,2026-07-31T10:16:15.720,74.755,753,,,,0,,,,-0.1519,-146.31,-0.1519,-146.31,1,30.0,idle,+0.000,+0.000,+0.000,+0.000,1100,0,
1785507375.8203,2026-07-31T10:16:15.820,74.855,754,,,,0,,,,-0.1506,-146.34,-0.1506,-146.34,1,30.0,idle,+0.000,+0.000,+0.000,+0.000,1100,0,
1785507375.9200,2026-07-31T10:16:15.919,74.955,755,,,,0,,,,-0.1522,-146.36,-0.1522,-146.36,1,30.0,idle,+0.000,+0.000,+0.000,+0.000,1100,0,
1785507376.0190,2026-07-31T10:16:16.019,75.054,756,,,,0,,,,-0.1513,-146.39,-0.1513,-146.39,1,30.0,idle,+0.000,+0.000,+0.000,+0.000,1100,0,
1785507376.1181,2026-07-31T10:16:16.118,75.153,757,,,,0,,,,-0.1505,-146.40,-0.1505,-146.40,1,30.0,idle,+0.000,+0.000,+0.000,+0.000,1100,0,
1785507376.2171,2026-07-31T10:16:16.217,75.252,758,,,,0,,,,-0.1505,-146.43,-0.1505,-146.43,1,30.0,idle,+0.000,+0.000,+0.000,+0.000,1100,0,
1785507376.3171,2026-07-31T10:16:16.317,75.352,759,,,,0,,,,-0.1494,-146.46,-0.1494,-146.46,1,30.0,idle,+0.000,+0.000,+0.000,+0.000,1100,0,
1785507376.4158,2026-07-31T10:16:16.415,75.451,760,,,,0,,,,-0.1489,-146.47,-0.1489,-146.47,1,30.0,idle,+0.000,+0.000,+0.000,+0.000,1100,0,
1785507376.5141,2026-07-31T10:16:16.514,75.549,761,,,,0,,,,-0.1499,-146.50,-0.1499,-146.50,1,30.0,idle,+0.000,+0.000,+0.000,+0.000,1100,0,
1785507376.6131,2026-07-31T10:16:16.613,75.648,762,,,,0,,,,-0.1500,-146.51,-0.1500,-146.51,1,30.0,idle,+0.000,+0.000,+0.000,+0.000,1100,0,
1785507376.7130,2026-07-31T10:16:16.712,75.748,763,,,,0,,,,-0.1561,-146.54,-0.1561,-146.54,1,30.0,idle,+0.000,+0.000,+0.000,+0.000,1100,0,
1785507376.8128,2026-07-31T10:16:16.812,75.848,764,,,,0,,,,-0.1500,-146.56,-0.1500,-146.56,1,30.0,idle,+0.000,+0.000,+0.000,+0.000,1100,0,
1785507376.9114,2026-07-31T10:16:16.911,75.946,765,,,,0,,,,-0.1497,-146.57,-0.1497,-146.57,1,30.0,idle,+0.000,+0.000,+0.000,+0.000,1100,0,
1785507377.0106,2026-07-31T10:16:17.010,76.045,766,,,,0,,,,-0.1459,-146.60,-0.1459,-146.60,1,30.0,idle,+0.000,+0.000,+0.000,+0.000,1100,0,
1785507377.1096,2026-07-31T10:16:17.109,76.144,767,,,,0,,,,-0.1497,-146.61,-0.1497,-146.61,1,30.0,idle,+0.000,+0.000,+0.000,+0.000,1100,0,
1785507377.2086,2026-07-31T10:16:17.208,76.243,768,,,,0,,,,-0.1507,-146.64,-0.1507,-146.64,1,30.0,idle,+0.000,+0.000,+0.000,+0.000,1100,0,
1785507377.3071,2026-07-31T10:16:17.307,76.342,769,,,,0,,,,-0.1509,-146.67,-0.1509,-146.67,1,30.0,idle,+0.000,+0.000,+0.000,+0.000,1100,0,
1785507377.4063,2026-07-31T10:16:17.406,76.441,770,,,,0,,,,-0.1491,-146.68,-0.1491,-146.68,1,30.0,idle,+0.000,+0.000,+0.000,+0.000,1100,0,
1785507377.5057,2026-07-31T10:16:17.505,76.541,771,,,,0,,,,-0.1512,-146.70,-0.1512,-146.70,1,30.0,idle,+0.000,+0.000,+0.000,+0.000,1100,0,
1785507377.6052,2026-07-31T10:16:17.605,76.640,772,,,,0,,,,-0.1490,-146.71,-0.1490,-146.71,1,30.0,idle,+0.000,+0.000,+0.000,+0.000,1100,0,
1785507377.7053,2026-07-31T10:16:17.705,76.740,773,,,,0,,,,-0.1464,-146.73,-0.1464,-146.73,1,30.0,idle,+0.000,+0.000,+0.000,+0.000,1100,0,
1785507377.8055,2026-07-31T10:16:17.805,76.840,774,,,,0,,,,-0.1505,-146.76,-0.1505,-146.76,1,30.0,idle,+0.000,+0.000,+0.000,+0.000,1100,0,
1785507377.9044,2026-07-31T10:16:17.904,76.939,775,,,,0,,,,-0.1492,-146.77,-0.1492,-146.77,1,30.0,idle,+0.000,+0.000,+0.000,+0.000,1100,0,
1785507378.0036,2026-07-31T10:16:18.003,77.038,776,,,,0,,,,-0.1526,-146.81,-0.1526,-146.81,1,30.0,idle,+0.000,+0.000,+0.000,+0.000,1100,0,
1785507378.1024,2026-07-31T10:16:18.102,77.137,777,,,,0,,,,-0.1505,-146.83,-0.1505,-146.83,1,30.0,idle,+0.000,+0.000,+0.000,+0.000,1100,0,
1785507378.2015,2026-07-31T10:16:18.201,77.236,778,,,,0,,,,-0.1478,-146.85,-0.1478,-146.85,1,30.0,idle,+0.000,+0.000,+0.000,+0.000,1100,0,
1785507378.3005,2026-07-31T10:16:18.300,77.335,779,,,,0,,,,-0.1517,-146.86,-0.1517,-146.86,1,30.0,idle,+0.000,+0.000,+0.000,+0.000,1100,0,
1785507378.3993,2026-07-31T10:16:18.399,77.434,780,,,,0,,,,-0.1527,-146.89,-0.1527,-146.89,1,30.0,idle,+0.000,+0.000,+0.000,+0.000,1100,0,
1785507378.4983,2026-07-31T10:16:18.498,77.533,781,,,,0,,,,-0.1470,-146.91,-0.1470,-146.91,1,30.0,idle,+0.000,+0.000,+0.000,+0.000,1100,0,
1785507378.5981,2026-07-31T10:16:18.598,77.633,782,,,,0,,,,-0.1481,-146.93,-0.1481,-146.93,1,30.0,idle,+0.000,+0.000,+0.000,+0.000,1100,0,
1785507378.6991,2026-07-31T10:16:18.699,77.734,783,,,,0,,,,-0.1455,-146.94,-0.1455,-146.94,1,30.0,idle,+0.000,+0.000,+0.000,+0.000,1100,0,
1785507378.7981,2026-07-31T10:16:18.798,77.833,784,,,,0,,,,-0.1504,-146.96,-0.1504,-146.96,1,30.0,idle,+0.000,+0.000,+0.000,+0.000,1100,0,
1785507378.8980,2026-07-31T10:16:18.897,77.933,785,,,,0,,,,-0.1511,-146.99,-0.1511,-146.99,1,30.0,idle,+0.000,+0.000,+0.000,+0.000,1100,0,
1785507378.9964,2026-07-31T10:16:18.996,78.031,786,,,,0,,,,-0.1523,-147.02,-0.1523,-147.02,1,30.0,idle,+0.000,+0.000,+0.000,+0.000,1100,0,
1785507379.0952,2026-07-31T10:16:19.095,78.130,787,,,,0,,,,-0.1545,-147.03,-0.1545,-147.03,1,30.0,idle,+0.000,+0.000,+0.000,+0.000,1100,0,
1785507379.1958,2026-07-31T10:16:19.195,78.231,788,,,,0,,,,-0.1518,-147.06,-0.1518,-147.06,1,30.0,idle,+0.000,+0.000,+0.000,+0.000,1100,0,
1785507379.2953,2026-07-31T10:16:19.295,78.330,789,,,,0,,,,-0.1536,-147.06,-0.1536,-147.06,1,30.0,idle,+0.000,+0.000,+0.000,+0.000,1100,0,
1785507379.3942,2026-07-31T10:16:19.394,78.429,790,,,,0,,,,-0.1510,-147.09,-0.1510,-147.09,1,30.0,idle,+0.000,+0.000,+0.000,+0.000,1100,0,
1785507379.4933,2026-07-31T10:16:19.493,78.528,791,,,,0,,,,-0.1515,-147.10,-0.1515,-147.10,1,30.0,idle,+0.000,+0.000,+0.000,+0.000,1100,0,
1785507379.5929,2026-07-31T10:16:19.592,78.628,792,,,,0,,,,-0.1527,-147.14,-0.1527,-147.14,1,30.0,idle,+0.000,+0.000,+0.000,+0.000,1100,0,
1785507379.6921,2026-07-31T10:16:19.692,78.727,793,,,,0,,,,-0.1494,-147.15,-0.1494,-147.15,1,30.0,idle,+0.000,+0.000,+0.000,+0.000,1100,0,
1785507379.7908,2026-07-31T10:16:19.790,78.826,794,,,,0,,,,-0.1498,-147.17,-0.1498,-147.17,1,30.0,idle,+0.000,+0.000,+0.000,+0.000,1100,0,
1785507379.8896,2026-07-31T10:16:19.889,78.924,795,,,,0,,,,-0.1510,-147.19,-0.1510,-147.19,1,30.0,idle,+0.000,+0.000,+0.000,+0.000,1100,0,
1785507379.9891,2026-07-31T10:16:19.989,79.024,796,,,,0,,,,-0.1476,-147.20,-0.1476,-147.20,1,30.0,idle,+0.000,+0.000,+0.000,+0.000,1100,0,
1785507380.0902,2026-07-31T10:16:20.090,79.125,797,,,,0,,,,-0.1460,-147.23,-0.1460,-147.23,1,30.0,idle,+0.000,+0.000,+0.000,+0.000,1100,0,
1785507380.1896,2026-07-31T10:16:20.189,79.225,798,,,,0,,,,-0.1511,-147.25,-0.1511,-147.25,1,30.0,idle,+0.000,+0.000,+0.000,+0.000,1100,0,
1785507380.2886,2026-07-31T10:16:20.288,79.324,799,,,,0,,,,-0.1513,-147.26,-0.1513,-147.26,1,30.0,idle,+0.000,+0.000,+0.000,+0.000,1100,0,
1785507380.3892,2026-07-31T10:16:20.389,79.424,800,,,,0,,,,-0.1510,-147.29,-0.1510,-147.29,1,30.0,idle,+0.000,+0.000,+0.000,+0.000,1100,0,
1785507380.4895,2026-07-31T10:16:20.489,79.524,801,,,,0,,,,-0.1515,-147.30,-0.1515,-147.30,1,30.0,idle,+0.000,+0.000,+0.000,+0.000,1100,0,
1785507380.5884,2026-07-31T10:16:20.588,79.623,802,,,,0,,,,-0.1511,-147.33,-0.1511,-147.33,1,30.0,idle,+0.000,+0.000,+0.000,+0.000,1100,0,
1785507380.6874,2026-07-31T10:16:20.687,79.722,803,,,,0,,,,-0.1504,-147.36,-0.1504,-147.36,1,30.0,idle,+0.000,+0.000,+0.000,+0.000,1100,0,
1785507380.7864,2026-07-31T10:16:20.786,79.821,804,,,,0,,,,-0.1550,-147.38,-0.1550,-147.38,1,30.0,idle,+0.000,+0.000,+0.000,+0.000,1100,0,
1785507380.8873,2026-07-31T10:16:20.887,79.922,805,,,,0,,,,-0.1515,-147.40,-0.1515,-147.40,1,30.0,idle,+0.000,+0.000,+0.000,+0.000,1100,0,
1785507380.9868,2026-07-31T10:16:20.986,80.022,806,,,,0,,,,-0.1518,-147.42,-0.1518,-147.42,1,30.0,idle,+0.000,+0.000,+0.000,+0.000,1100,0,
1785507381.0867,2026-07-31T10:16:21.086,80.122,807,,,,0,,,,-0.1484,-147.45,-0.1484,-147.45,1,30.0,idle,+0.000,+0.000,+0.000,+0.000,1100,0,
1785507381.1857,2026-07-31T10:16:21.185,80.221,808,,,,0,,,,-0.1522,-147.48,-0.1522,-147.48,1,30.0,idle,+0.000,+0.000,+0.000,+0.000,1100,0,
1785507381.2847,2026-07-31T10:16:21.284,80.320,809,,,,0,,,,-0.1502,-147.49,-0.1502,-147.49,1,30.0,idle,+0.000,+0.000,+0.000,+0.000,1100,0,
1785507381.3826,2026-07-31T10:16:21.382,80.417,810,,,,0,,,,-0.1473,-147.50,-0.1473,-147.50,1,30.0,idle,+0.000,+0.000,+0.000,+0.000,1100,0,
1785507381.4832,2026-07-31T10:16:21.483,80.518,811,,,,0,,,,-0.1531,-147.52,-0.1531,-147.52,1,30.0,idle,+0.000,+0.000,+0.000,+0.000,1100,0,
1785507381.5818,2026-07-31T10:16:21.581,80.617,812,,,,0,,,,-0.1483,-147.55,-0.1483,-147.55,1,30.0,idle,+0.000,+0.000,+0.000,+0.000,1100,0,
1785507381.6808,2026-07-31T10:16:21.680,80.716,813,,,,0,,,,-0.1482,-147.57,-0.1482,-147.57,1,30.0,idle,+0.000,+0.000,+0.000,+0.000,1100,0,
1785507381.7798,2026-07-31T10:16:21.779,80.815,814,,,,0,,,,-0.1505,-147.58,-0.1505,-147.58,1,30.0,idle,+0.000,+0.000,+0.000,+0.000,1100,0,
1785507381.8789,2026-07-31T10:16:21.878,80.914,815,,,,0,,,,-0.1473,-147.61,-0.1473,-147.61,1,30.0,idle,+0.000,+0.000,+0.000,+0.000,1100,0,
1785507381.9777,2026-07-31T10:16:21.977,81.013,816,,,,0,,,,-0.1530,-147.62,-0.1530,-147.62,1,30.0,idle,+0.000,+0.000,+0.000,+0.000,1100,0,
1785507382.0774,2026-07-31T10:16:22.077,81.112,817,,,,0,,,,-0.1486,-147.65,-0.1486,-147.65,1,30.0,idle,+0.000,+0.000,+0.000,+0.000,1100,0,
1785507382.1770,2026-07-31T10:16:22.176,81.212,818,,,,0,,,,-0.1533,-147.67,-0.1533,-147.67,1,30.0,idle,+0.000,+0.000,+0.000,+0.000,1100,0,
1785507382.2760,2026-07-31T10:16:22.276,81.311,819,,,,0,,,,-0.1531,-147.68,-0.1531,-147.68,1,30.0,idle,+0.000,+0.000,+0.000,+0.000,1100,0,
1785507382.3752,2026-07-31T10:16:22.375,81.410,820,,,,0,,,,-0.1499,-147.70,-0.1499,-147.70,1,30.0,idle,+0.000,+0.000,+0.000,+0.000,1100,0,
1785507382.4737,2026-07-31T10:16:22.473,81.509,821,,,,0,,,,-0.1537,-147.71,-0.1537,-147.71,1,30.0,idle,+0.000,+0.000,+0.000,+0.000,1100,0,
1785507382.5725,2026-07-31T10:16:22.572,81.607,822,,,,0,,,,-0.1534,-147.74,-0.1534,-147.74,1,30.0,idle,+0.000,+0.000,+0.000,+0.000,1100,0,
1785507382.6718,2026-07-31T10:16:22.671,81.707,823,,,,0,,,,-0.1547,-147.75,-0.1547,-147.75,1,30.0,idle,+0.000,+0.000,+0.000,+0.000,1100,0,
1785507382.7705,2026-07-31T10:16:22.770,81.805,824,,,,0,,,,-0.1528,-147.78,-0.1528,-147.78,1,30.0,idle,+0.000,+0.000,+0.000,+0.000,1100,0,
1785507382.8712,2026-07-31T10:16:22.871,81.906,825,,,,0,,,,-0.1541,-147.80,-0.1541,-147.80,1,30.0,idle,+0.000,+0.000,+0.000,+0.000,1100,0,
1785507382.9723,2026-07-31T10:16:22.972,82.007,826,,,,0,,,,-0.1503,-147.81,-0.1503,-147.81,1,30.0,idle,+0.000,+0.000,+0.000,+0.000,1100,0,
1785507383.0714,2026-07-31T10:16:23.071,82.106,827,,,,0,,,,-0.1500,-147.83,-0.1500,-147.83,1,30.0,idle,+0.000,+0.000,+0.000,+0.000,1100,0,
1785507383.1707,2026-07-31T10:16:23.170,82.206,828,,,,0,,,,-0.1514,-147.85,-0.1514,-147.85,1,30.0,idle,+0.000,+0.000,+0.000,+0.000,1100,0,
1785507383.2705,2026-07-31T10:16:23.270,82.305,829,,,,0,,,,-0.1497,-147.88,-0.1497,-147.88,1,30.0,idle,+0.000,+0.000,+0.000,+0.000,1100,0,
1785507383.3701,2026-07-31T10:16:23.370,82.405,830,,,,0,,,,-0.1555,-147.89,-0.1555,-147.89,1,30.0,idle,+0.000,+0.000,+0.000,+0.000,1100,0,
1785507383.4689,2026-07-31T10:16:23.468,82.504,831,,,,0,,,,-0.1529,-147.92,-0.1529,-147.92,1,30.0,idle,+0.000,+0.000,+0.000,+0.000,1100,0,
1785507383.5683,2026-07-31T10:16:23.568,82.603,832,,,,0,,,,-0.1475,-147.94,-0.1475,-147.94,1,30.0,idle,+0.000,+0.000,+0.000,+0.000,1100,0,
1785507383.6669,2026-07-31T10:16:23.666,82.702,833,,,,0,,,,-0.1542,-147.96,-0.1542,-147.96,1,30.0,idle,+0.000,+0.000,+0.000,+0.000,1100,0,
1785507383.7660,2026-07-31T10:16:23.765,82.801,834,,,,0,,,,-0.1494,-147.98,-0.1494,-147.98,1,30.0,idle,+0.000,+0.000,+0.000,+0.000,1100,0,
1785507383.8649,2026-07-31T10:16:23.864,82.900,835,,,,0,,,,-0.1536,-148.01,-0.1536,-148.01,1,30.0,idle,+0.000,+0.000,+0.000,+0.000,1100,0,
1785507383.9635,2026-07-31T10:16:23.963,82.998,836,,,,0,,,,-0.1531,-148.03,-0.1531,-148.03,1,30.0,idle,+0.000,+0.000,+0.000,+0.000,1100,0,
1785507384.0629,2026-07-31T10:16:24.062,83.098,837,,,,0,,,,-0.1527,-148.05,-0.1527,-148.05,1,30.0,idle,+0.000,+0.000,+0.000,+0.000,1100,0,
1785507384.1620,2026-07-31T10:16:24.162,83.197,838,,,,0,,,,-0.1505,-148.05,-0.1505,-148.05,1,30.0,idle,+0.000,+0.000,+0.000,+0.000,1100,0,
1785507384.2610,2026-07-31T10:16:24.261,83.296,839,,,,0,,,,-0.1489,-148.08,-0.1489,-148.08,1,30.0,idle,+0.000,+0.000,+0.000,+0.000,1100,0,
1785507384.3614,2026-07-31T10:16:24.361,83.396,840,,,,0,,,,-0.1527,-148.11,-0.1527,-148.11,1,30.0,idle,+0.000,+0.000,+0.000,+0.000,1100,0,
1785507384.4605,2026-07-31T10:16:24.460,83.495,841,,,,0,,,,-0.1517,-148.12,-0.1517,-148.12,1,30.0,idle,+0.000,+0.000,+0.000,+0.000,1100,0,
1785507384.5597,2026-07-31T10:16:24.559,83.595,842,,,,0,,,,-0.1492,-148.15,-0.1492,-148.15,1,30.0,idle,+0.000,+0.000,+0.000,+0.000,1100,0,
1785507384.6596,2026-07-31T10:16:24.659,83.694,843,,,,0,,,,-0.1528,-148.16,-0.1528,-148.16,1,30.0,idle,+0.000,+0.000,+0.000,+0.000,1100,0,
1785507384.7603,2026-07-31T10:16:24.760,83.795,844,,,,0,,,,-0.1499,-148.20,-0.1499,-148.20,1,30.0,idle,+0.000,+0.000,+0.000,+0.000,1100,0,
1785507384.8597,2026-07-31T10:16:24.859,83.895,845,,,,0,,,,-0.1516,-148.23,-0.1516,-148.23,1,30.0,idle,+0.000,+0.000,+0.000,+0.000,1100,0,
1785507384.9592,2026-07-31T10:16:24.959,83.994,846,,,,0,,,,-0.1498,-148.24,-0.1498,-148.24,1,30.0,idle,+0.000,+0.000,+0.000,+0.000,1100,0,
1785507385.0583,2026-07-31T10:16:25.058,84.093,847,,,,0,,,,-0.1518,-148.28,-0.1518,-148.28,1,30.0,idle,+0.000,+0.000,+0.000,+0.000,1100,0,
1785507385.1571,2026-07-31T10:16:25.157,84.192,848,,,,0,,,,-0.1499,-148.29,-0.1499,-148.29,1,30.0,idle,+0.000,+0.000,+0.000,+0.000,1100,0,
1785507385.2558,2026-07-31T10:16:25.255,84.291,849,,,,0,,,,-0.1537,-148.31,-0.1537,-148.31,1,30.0,idle,+0.000,+0.000,+0.000,+0.000,1100,0,
1785507385.3553,2026-07-31T10:16:25.355,84.390,850,,,,0,,,,-0.1520,-148.34,-0.1520,-148.34,1,30.0,idle,+0.000,+0.000,+0.000,+0.000,1100,0,
1785507385.4541,2026-07-31T10:16:25.454,84.489,851,,,,0,,,,-0.1520,-148.34,-0.1520,-148.34,1,30.0,idle,+0.000,+0.000,+0.000,+0.000,1100,0,
1785507385.5535,2026-07-31T10:16:25.553,84.588,852,,,,0,,,,-0.1560,-148.36,-0.1560,-148.36,1,30.0,idle,+0.000,+0.000,+0.000,+0.000,1100,0,
1785507385.6518,2026-07-31T10:16:25.651,84.687,853,,,,0,,,,-0.1522,-148.37,-0.1522,-148.37,1,30.0,idle,+0.000,+0.000,+0.000,+0.000,1100,0,
1785507385.7516,2026-07-31T10:16:25.751,84.786,854,,,,0,,,,-0.1516,-148.41,-0.1516,-148.41,1,30.0,idle,+0.000,+0.000,+0.000,+0.000,1100,0,
1785507385.8522,2026-07-31T10:16:25.852,84.887,855,,,,0,,,,-0.1519,-148.42,-0.1519,-148.42,1,30.0,idle,+0.000,+0.000,+0.000,+0.000,1100,0,
1785507385.9515,2026-07-31T10:16:25.951,84.986,856,,,,0,,,,-0.1537,-148.44,-0.1537,-148.44,1,30.0,idle,+0.000,+0.000,+0.000,+0.000,1100,0,
1785507386.0498,2026-07-31T10:16:26.049,85.085,857,,,,0,,,,-0.1557,-148.46,-0.1557,-148.46,1,30.0,idle,+0.000,+0.000,+0.000,+0.000,1100,0,
1785507386.1497,2026-07-31T10:16:26.149,85.185,858,,,,0,,,,-0.1501,-148.47,-0.1501,-148.47,1,30.0,idle,+0.000,+0.000,+0.000,+0.000,1100,0,
1785507386.2495,2026-07-31T10:16:26.249,85.284,859,,,,0,,,,-0.1517,-148.49,-0.1517,-148.49,1,30.0,idle,+0.000,+0.000,+0.000,+0.000,1100,0,
1785507386.3485,2026-07-31T10:16:26.348,85.383,860,,,,0,,,,-0.1493,-148.51,-0.1493,-148.51,1,30.0,idle,+0.000,+0.000,+0.000,+0.000,1100,0,
1785507386.4469,2026-07-31T10:16:26.446,85.482,861,,,,0,,,,-0.1494,-148.53,-0.1494,-148.53,1,30.0,idle,+0.000,+0.000,+0.000,+0.000,1100,0,
1785507386.5461,2026-07-31T10:16:26.546,85.581,862,,,,0,,,,-0.1536,-148.55,-0.1536,-148.55,1,30.0,idle,+0.000,+0.000,+0.000,+0.000,1100,0,
1785507386.6454,2026-07-31T10:16:26.645,85.680,863,,,,0,,,,-0.1545,-148.57,-0.1545,-148.57,1,30.0,idle,+0.000,+0.000,+0.000,+0.000,1100,0,
1785507386.7446,2026-07-31T10:16:26.744,85.779,864,,,,0,,,,-0.1483,-148.60,-0.1483,-148.60,1,30.0,idle,+0.000,+0.000,+0.000,+0.000,1100,0,
1785507386.8445,2026-07-31T10:16:26.844,85.879,865,,,,0,,,,-0.1531,-148.61,-0.1531,-148.61,1,30.0,idle,+0.000,+0.000,+0.000,+0.000,1100,0,
1785507386.9447,2026-07-31T10:16:26.944,85.980,866,,,,0,,,,-0.1490,-148.63,-0.1490,-148.63,1,30.0,idle,+0.000,+0.000,+0.000,+0.000,1100,0,
1785507387.0436,2026-07-31T10:16:27.043,86.078,867,,,,0,,,,-0.1502,-148.67,-0.1502,-148.67,1,30.0,idle,+0.000,+0.000,+0.000,+0.000,1100,0,
1785507387.1436,2026-07-31T10:16:27.143,86.178,868,,,,0,,,,-0.1513,-148.68,-0.1513,-148.68,1,30.0,idle,+0.000,+0.000,+0.000,+0.000,1100,0,
1785507387.2427,2026-07-31T10:16:27.242,86.278,869,,,,0,,,,-0.1524,-148.71,-0.1524,-148.71,1,30.0,idle,+0.000,+0.000,+0.000,+0.000,1100,0,
1785507387.3411,2026-07-31T10:16:27.341,86.376,870,,,,0,,,,-0.1542,-148.72,-0.1542,-148.72,1,30.0,idle,+0.000,+0.000,+0.000,+0.000,1100,0,
1785507387.4404,2026-07-31T10:16:27.440,86.475,871,,,,0,,,,-0.1517,-148.75,-0.1517,-148.75,1,30.0,idle,+0.000,+0.000,+0.000,+0.000,1100,0,
1785507387.5397,2026-07-31T10:16:27.539,86.575,872,,,,0,,,,-0.1489,-148.76,-0.1489,-148.76,1,30.0,idle,+0.000,+0.000,+0.000,+0.000,1100,0,
1785507387.6378,2026-07-31T10:16:27.637,86.673,873,,,,0,,,,-0.1528,-148.79,-0.1528,-148.79,1,30.0,idle,+0.000,+0.000,+0.000,+0.000,1100,0,
1785507387.7388,2026-07-31T10:16:27.738,86.774,874,,,,0,,,,-0.1528,-148.80,-0.1528,-148.80,1,30.0,idle,+0.000,+0.000,+0.000,+0.000,1100,0,
1785507387.8383,2026-07-31T10:16:27.838,86.873,875,,,,0,,,,-0.1472,-148.82,-0.1472,-148.82,1,30.0,idle,+0.000,+0.000,+0.000,+0.000,1100,0,
1785507387.9377,2026-07-31T10:16:27.937,86.973,876,,,,0,,,,-0.1488,-148.83,-0.1488,-148.83,1,30.0,idle,+0.000,+0.000,+0.000,+0.000,1100,0,
1785507388.0371,2026-07-31T10:16:28.037,87.072,877,,,,0,,,,-0.1537,-148.85,-0.1537,-148.85,1,30.0,idle,+0.000,+0.000,+0.000,+0.000,1100,0,
1785507388.1367,2026-07-31T10:16:28.136,87.172,878,,,,0,,,,-0.1511,-148.87,-0.1511,-148.87,1,30.0,idle,+0.000,+0.000,+0.000,+0.000,1100,0,
1785507388.2358,2026-07-31T10:16:28.235,87.271,879,,,,0,,,,-0.1492,-148.91,-0.1492,-148.91,1,30.0,idle,+0.000,+0.000,+0.000,+0.000,1100,0,
1785507388.3351,2026-07-31T10:16:28.335,87.370,880,,,,0,,,,-0.1535,-148.92,-0.1535,-148.92,1,30.0,idle,+0.000,+0.000,+0.000,+0.000,1100,0,
1785507388.4342,2026-07-31T10:16:28.434,87.469,881,,,,0,,,,-0.1531,-148.95,-0.1531,-148.95,1,30.0,idle,+0.000,+0.000,+0.000,+0.000,1100,0,
1785507388.5333,2026-07-31T10:16:28.533,87.568,882,,,,0,,,,-0.1493,-148.96,-0.1493,-148.96,1,30.0,idle,+0.000,+0.000,+0.000,+0.000,1100,0,
1785507388.6326,2026-07-31T10:16:28.632,87.667,883,,,,0,,,,-0.1518,-148.99,-0.1518,-148.99,1,30.0,idle,+0.000,+0.000,+0.000,+0.000,1100,0,
1785507388.7318,2026-07-31T10:16:28.731,87.767,884,,,,0,,,,-0.1505,-149.00,-0.1505,-149.00,1,30.0,idle,+0.000,+0.000,+0.000,+0.000,1100,0,
1785507388.8319,2026-07-31T10:16:28.831,87.867,885,,,,0,,,,-0.1517,-149.01,-0.1517,-149.01,1,30.0,idle,+0.000,+0.000,+0.000,+0.000,1100,0,
1785507388.9311,2026-07-31T10:16:28.931,87.966,886,,,,0,,,,-0.1523,-149.04,-0.1523,-149.04,1,30.0,idle,+0.000,+0.000,+0.000,+0.000,1100,0,
1785507389.0301,2026-07-31T10:16:29.030,88.065,887,,,,0,,,,-0.1492,-149.05,-0.1492,-149.05,1,30.0,idle,+0.000,+0.000,+0.000,+0.000,1100,0,
1785507389.1298,2026-07-31T10:16:29.129,88.165,888,,,,0,,,,-0.1527,-149.07,-0.1527,-149.07,1,30.0,idle,+0.000,+0.000,+0.000,+0.000,1900,0,
1785507389.2283,2026-07-31T10:16:29.228,88.263,889,,,,0,,,,-0.1524,-149.10,-0.1524,-149.10,1,30.0,idle,+0.000,+0.000,+0.000,+0.000,1900,0,
1785507389.3278,2026-07-31T10:16:29.327,88.363,890,,,,0,,,,-0.1502,-149.11,-0.1502,-149.11,1,30.0,idle,+0.000,+0.000,+0.000,+0.000,1900,0,
1785507389.4267,2026-07-31T10:16:29.426,88.462,891,,,,0,,,,-0.1535,-149.13,-0.1535,-149.13,1,30.0,idle,+0.000,+0.000,+0.000,+0.000,1900,0,
1785507389.5269,2026-07-31T10:16:29.526,88.562,892,,,,0,,,,-0.1532,-149.14,-0.1532,-149.14,1,30.0,idle,+0.000,+0.000,+0.000,+0.000,1100,0,
1785507389.6267,2026-07-31T10:16:29.626,88.662,893,,,,0,,,,-0.1542,-149.16,-0.1542,-149.16,1,30.0,idle,+0.000,+0.000,+0.000,+0.000,1100,0,
1785507389.7258,2026-07-31T10:16:29.725,88.761,894,,,,0,,,,-0.1535,-149.18,-0.1535,-149.18,1,30.0,idle,+0.000,+0.000,+0.000,+0.000,1100,0,
1785507389.8246,2026-07-31T10:16:29.824,88.859,895,,,,0,,,,-0.1495,-149.21,-0.1495,-149.21,1,30.0,idle,+0.000,+0.000,+0.000,+0.000,1100,0,
1785507389.9231,2026-07-31T10:16:29.923,88.958,896,,,,0,,,,-0.1486,-149.24,-0.1486,-149.24,1,30.0,idle,+0.000,+0.000,+0.000,+0.000,1100,0,
1785507390.0230,2026-07-31T10:16:30.023,89.058,897,,,,0,,,,-0.1525,-149.25,-0.1525,-149.25,1,30.0,idle,+0.000,+0.000,+0.000,+0.000,1100,0,
1785507390.1234,2026-07-31T10:16:30.123,89.158,898,,,,0,,,,-0.1556,-149.28,-0.1556,-149.28,1,30.0,idle,+0.000,+0.000,+0.000,+0.000,1100,0,
1785507390.2225,2026-07-31T10:16:30.222,89.257,899,,,,0,,,,-0.1513,-149.29,-0.1513,-149.29,1,30.0,idle,+0.000,+0.000,+0.000,+0.000,1100,0,
1785507390.3216,2026-07-31T10:16:30.321,89.356,900,,,,0,,,,-0.1503,-149.32,-0.1503,-149.32,1,30.0,idle,+0.000,+0.000,+0.000,+0.000,1100,0,
1785507390.4207,2026-07-31T10:16:30.420,89.456,901,,,,0,,,,-0.1480,-149.34,-0.1480,-149.34,1,30.0,idle,+0.000,+0.000,+0.000,+0.000,1100,0,
1785507390.5203,2026-07-31T10:16:30.520,89.555,902,,,,0,,,,-0.1523,-149.36,-0.1523,-149.36,1,30.0,idle,+0.000,+0.000,+0.000,+0.000,1100,0,
1785507390.6196,2026-07-31T10:16:30.619,89.654,903,,,,0,,,,-0.1508,-149.38,-0.1508,-149.38,1,30.0,idle,+0.000,+0.000,+0.000,+0.000,1100,0,
1785507390.7186,2026-07-31T10:16:30.718,89.754,904,,,,0,,,,-0.1542,-149.39,-0.1542,-149.39,1,30.0,idle,+0.000,+0.000,+0.000,+0.000,1100,0,
1785507390.8175,2026-07-31T10:16:30.817,89.852,905,,,,0,,,,-0.1526,-149.42,-0.1526,-149.42,1,30.0,idle,+0.000,+0.000,+0.000,+0.000,1100,0,
1785507390.9175,2026-07-31T10:16:30.917,89.952,906,,,,0,,,,-0.1509,-149.44,-0.1509,-149.44,1,30.0,idle,+0.000,+0.000,+0.000,+0.000,1100,0,
1785507391.0172,2026-07-31T10:16:31.017,90.052,907,,,,0,,,,-0.1517,-149.46,-0.1517,-149.46,1,30.0,idle,+0.000,+0.000,+0.000,+0.000,1100,0,
1785507391.1164,2026-07-31T10:16:31.116,90.151,908,,,,0,,,,-0.1513,-149.49,-0.1513,-149.49,1,30.0,idle,+0.000,+0.000,+0.000,+0.000,1100,0,
1785507391.2152,2026-07-31T10:16:31.215,90.250,909,,,,0,,,,-0.1546,-149.51,-0.1546,-149.51,1,30.0,idle,+0.000,+0.000,+0.000,+0.000,1100,0,
1785507391.3158,2026-07-31T10:16:31.315,90.351,910,,,,0,,,,-0.1498,-149.54,-0.1498,-149.54,1,30.0,idle,+0.000,+0.000,+0.000,+0.000,1100,0,
1785507391.4137,2026-07-31T10:16:31.413,90.449,911,,,,0,,,,-0.1519,-149.56,-0.1519,-149.56,1,30.0,idle,+0.000,+0.000,+0.000,+0.000,1100,0,
1785507391.5127,2026-07-31T10:16:31.512,90.548,912,,,,0,,,,-0.1499,-149.58,-0.1499,-149.58,1,30.0,idle,+0.000,+0.000,+0.000,+0.000,1100,0,
1785507391.6117,2026-07-31T10:16:31.611,90.647,913,,,,0,,,,-0.1490,-149.61,-0.1490,-149.61,1,30.0,idle,+0.000,+0.000,+0.000,+0.000,1100,0,
1785507391.7105,2026-07-31T10:16:31.710,90.745,914,,,,0,,,,-0.1518,-149.63,-0.1518,-149.63,1,30.0,idle,+0.000,+0.000,+0.000,+0.000,1100,0,
1785507391.8094,2026-07-31T10:16:31.809,90.844,915,,,,0,,,,-0.1512,-149.66,-0.1512,-149.66,1,30.0,idle,+0.000,+0.000,+0.000,+0.000,1100,0,
1785507391.9086,2026-07-31T10:16:31.908,90.943,916,,,,0,,,,-0.1500,-149.67,-0.1500,-149.67,1,30.0,idle,+0.000,+0.000,+0.000,+0.000,1100,0,
1785507392.0078,2026-07-31T10:16:32.007,91.043,917,,,,0,,,,-0.1495,-149.69,-0.1495,-149.69,1,30.0,idle,+0.000,+0.000,+0.000,+0.000,1100,0,
1785507392.1079,2026-07-31T10:16:32.107,91.143,918,,,,0,,,,-0.1519,-149.71,-0.1519,-149.71,1,30.0,idle,+0.000,+0.000,+0.000,+0.000,1100,0,
1785507392.2082,2026-07-31T10:16:32.208,91.243,919,,,,0,,,,-0.1513,-149.73,-0.1513,-149.73,1,30.0,idle,+0.000,+0.000,+0.000,+0.000,1100,0,
1785507392.3100,2026-07-31T10:16:32.310,91.345,920,,,,0,,,,-0.1509,-149.75,-0.1509,-149.75,1,30.0,idle,+0.000,+0.000,+0.000,+0.000,1100,0,
1785507392.4106,2026-07-31T10:16:32.410,91.445,921,,,,0,,,,-0.1516,-149.76,-0.1516,-149.76,1,30.0,idle,+0.000,+0.000,+0.000,+0.000,1100,0,
1785507392.5100,2026-07-31T10:16:32.510,91.545,922,,,,0,,,,-0.1505,-149.80,-0.1505,-149.80,1,30.0,idle,+0.000,+0.000,+0.000,+0.000,1100,0,
1785507392.6088,2026-07-31T10:16:32.608,91.644,923,,,,0,,,,-0.1508,-149.82,-0.1508,-149.82,1,30.0,idle,+0.000,+0.000,+0.000,+0.000,1100,0,
1785507392.7075,2026-07-31T10:16:32.707,91.742,924,,,,0,,,,-0.1484,-149.83,-0.1484,-149.83,1,30.0,idle,+0.000,+0.000,+0.000,+0.000,1100,0,
1785507392.8072,2026-07-31T10:16:32.807,91.842,925,,,,0,,,,-0.1553,-149.86,-0.1553,-149.86,1,30.0,idle,+0.000,+0.000,+0.000,+0.000,1100,0,
1785507392.9065,2026-07-31T10:16:32.906,91.941,926,,,,0,,,,-0.1521,-149.87,-0.1521,-149.87,1,30.0,idle,+0.000,+0.000,+0.000,+0.000,1100,0,
1785507393.0056,2026-07-31T10:16:33.005,92.040,927,,,,0,,,,-0.1523,-149.89,-0.1523,-149.89,1,30.0,idle,+0.000,+0.000,+0.000,+0.000,1100,0,
1785507393.1044,2026-07-31T10:16:33.104,92.139,928,,,,0,,,,-0.1545,-149.91,-0.1545,-149.91,1,30.0,idle,+0.000,+0.000,+0.000,+0.000,1100,0,
1785507393.2043,2026-07-31T10:16:33.204,92.239,929,,,,0,,,,-0.1507,-149.93,-0.1507,-149.93,1,30.0,idle,+0.000,+0.000,+0.000,+0.000,1100,0,
1785507393.3051,2026-07-31T10:16:33.305,92.340,930,,,,0,,,,-0.1494,-149.96,-0.1494,-149.96,1,30.0,idle,+0.000,+0.000,+0.000,+0.000,1100,0,
1785507393.4037,2026-07-31T10:16:33.403,92.439,931,,,,0,,,,-0.1531,-149.97,-0.1531,-149.97,1,30.0,idle,+0.000,+0.000,+0.000,+0.000,1100,0,
1785507393.5032,2026-07-31T10:16:33.503,92.538,932,,,,0,,,,-0.1546,-149.99,-0.1546,-149.99,1,30.0,idle,+0.000,+0.000,+0.000,+0.000,1100,0,
1785507393.6033,2026-07-31T10:16:33.603,92.638,933,,,,0,,,,-0.1493,-150.02,-0.1493,-150.02,1,30.0,idle,+0.000,+0.000,+0.000,+0.000,1100,0,
1785507393.7024,2026-07-31T10:16:33.702,92.737,934,,,,0,,,,-0.1476,-150.03,-0.1476,-150.03,1,30.0,idle,+0.000,+0.000,+0.000,+0.000,1100,0,
1785507393.8020,2026-07-31T10:16:33.801,92.837,935,,,,0,,,,-0.1509,-150.05,-0.1509,-150.05,1,30.0,idle,+0.000,+0.000,+0.000,+0.000,1100,0,
1785507393.9005,2026-07-31T10:16:33.900,92.935,936,,,,0,,,,-0.1539,-150.07,-0.1539,-150.07,1,30.0,idle,+0.000,+0.000,+0.000,+0.000,1100,0,
1785507393.9996,2026-07-31T10:16:33.999,93.034,937,,,,0,,,,-0.1526,-150.09,-0.1526,-150.09,1,30.0,idle,+0.000,+0.000,+0.000,+0.000,1100,0,
1785507394.0986,2026-07-31T10:16:34.098,93.134,938,,,,0,,,,-0.1501,-150.10,-0.1501,-150.10,1,30.0,idle,+0.000,+0.000,+0.000,+0.000,1100,0,
1785507394.1986,2026-07-31T10:16:34.198,93.234,939,,,,0,,,,-0.1533,-150.12,-0.1533,-150.12,1,30.0,idle,+0.000,+0.000,+0.000,+0.000,1100,0,
1785507394.2994,2026-07-31T10:16:34.299,93.334,940,,,,0,,,,-0.1529,-150.15,-0.1529,-150.15,1,30.0,idle,+0.000,+0.000,+0.000,+0.000,1100,0,
1785507394.3991,2026-07-31T10:16:34.399,93.434,941,,,,0,,,,-0.1488,-150.16,-0.1488,-150.16,1,30.0,idle,+0.000,+0.000,+0.000,+0.000,1100,0,
1785507394.4982,2026-07-31T10:16:34.498,93.533,942,,,,0,,,,-0.1475,-150.18,-0.1475,-150.18,1,30.0,idle,+0.000,+0.000,+0.000,+0.000,1100,0,
1785507394.5967,2026-07-31T10:16:34.596,93.632,943,,,,0,,,,-0.1483,-150.19,-0.1483,-150.19,1,30.0,idle,+0.000,+0.000,+0.000,+0.000,1100,0,
1785507394.6962,2026-07-31T10:16:34.696,93.731,944,,,,0,,,,-0.1482,-150.20,-0.1482,-150.20,1,30.0,idle,+0.000,+0.000,+0.000,+0.000,1100,0,
1785507394.7947,2026-07-31T10:16:34.794,93.830,945,,,,0,,,,-0.1528,-150.23,-0.1528,-150.23,1,30.0,idle,+0.000,+0.000,+0.000,+0.000,1100,0,
1785507394.8942,2026-07-31T10:16:34.894,93.929,946,,,,0,,,,-0.1534,-150.24,-0.1534,-150.24,1,30.0,idle,+0.000,+0.000,+0.000,+0.000,1100,0,
1785507394.9931,2026-07-31T10:16:34.993,94.028,947,,,,0,,,,-0.1480,-150.26,-0.1480,-150.26,1,30.0,idle,+0.000,+0.000,+0.000,+0.000,1100,0,
1785507395.0917,2026-07-31T10:16:35.091,94.127,948,,,,0,,,,-0.1498,-150.28,-0.1498,-150.28,1,30.0,idle,+0.000,+0.000,+0.000,+0.000,1100,0,
1785507395.1924,2026-07-31T10:16:35.192,94.227,949,,,,0,,,,-0.1512,-150.31,-0.1512,-150.31,1,30.0,idle,+0.000,+0.000,+0.000,+0.000,1100,0,
1785507395.2922,2026-07-31T10:16:35.292,94.327,950,,,,0,,,,-0.1498,-150.34,-0.1498,-150.34,1,30.0,idle,+0.000,+0.000,+0.000,+0.000,1100,0,
1785507395.3926,2026-07-31T10:16:35.392,94.427,951,,,,0,,,,-0.1509,-150.34,-0.1509,-150.34,1,30.0,idle,+0.000,+0.000,+0.000,+0.000,1100,0,
1785507395.4918,2026-07-31T10:16:35.491,94.527,952,,,,0,,,,-0.1520,-150.38,-0.1520,-150.38,1,30.0,idle,+0.000,+0.000,+0.000,+0.000,1100,0,
1785507395.5918,2026-07-31T10:16:35.591,94.627,953,,,,0,,,,-0.1530,-150.39,-0.1530,-150.39,1,30.0,idle,+0.000,+0.000,+0.000,+0.000,1100,0,
1785507395.6908,2026-07-31T10:16:35.690,94.726,954,,,,0,,,,-0.1527,-150.42,-0.1527,-150.42,1,30.0,idle,+0.000,+0.000,+0.000,+0.000,1100,0,
1785507395.7902,2026-07-31T10:16:35.790,94.825,955,,,,0,,,,-0.1482,-150.44,-0.1482,-150.44,1,30.0,idle,+0.000,+0.000,+0.000,+0.000,1100,0,
1785507395.8886,2026-07-31T10:16:35.888,94.923,956,,,,0,,,,-0.1532,-150.45,-0.1532,-150.45,1,30.0,idle,+0.000,+0.000,+0.000,+0.000,1100,0,
1785507395.9878,2026-07-31T10:16:35.987,95.023,957,,,,0,,,,-0.1515,-150.48,-0.1515,-150.48,1,30.0,idle,+0.000,+0.000,+0.000,+0.000,1100,0,
1785507396.0868,2026-07-31T10:16:36.086,95.122,958,,,,0,,,,-0.1521,-150.49,-0.1521,-150.49,1,30.0,idle,+0.000,+0.000,+0.000,+0.000,1100,0,
1785507396.1862,2026-07-31T10:16:36.186,95.221,959,,,,0,,,,-0.1503,-150.52,-0.1503,-150.52,1,30.0,idle,+0.000,+0.000,+0.000,+0.000,1100,0,
1785507396.2854,2026-07-31T10:16:36.285,95.320,960,,,,0,,,,-0.1501,-150.54,-0.1501,-150.54,1,30.0,idle,+0.000,+0.000,+0.000,+0.000,1100,0,
1785507396.3844,2026-07-31T10:16:36.384,95.419,961,,,,0,,,,-0.1507,-150.55,-0.1507,-150.55,1,30.0,idle,+0.000,+0.000,+0.000,+0.000,1100,0,
1785507396.4829,2026-07-31T10:16:36.482,95.518,962,,,,0,,,,-0.1530,-150.57,-0.1530,-150.57,1,30.0,idle,+0.000,+0.000,+0.000,+0.000,1100,0,
1785507396.5823,2026-07-31T10:16:36.582,95.617,963,,,,0,,,,-0.1504,-150.58,-0.1504,-150.58,1,30.0,idle,+0.000,+0.000,+0.000,+0.000,1100,0,
1785507396.6807,2026-07-31T10:16:36.680,95.716,964,,,,0,,,,-0.1562,-150.60,-0.1562,-150.60,1,30.0,idle,+0.000,+0.000,+0.000,+0.000,1100,0,
1785507396.7803,2026-07-31T10:16:36.780,95.815,965,,,,0,,,,-0.1528,-150.63,-0.1528,-150.63,1,30.0,idle,+0.000,+0.000,+0.000,+0.000,1100,0,
1785507396.8787,2026-07-31T10:16:36.878,95.914,966,,,,0,,,,-0.1489,-150.64,-0.1489,-150.64,1,30.0,idle,+0.000,+0.000,+0.000,+0.000,1100,0,
1785507396.9777,2026-07-31T10:16:36.977,96.013,967,,,,0,,,,-0.1526,-150.66,-0.1526,-150.66,1,30.0,idle,+0.000,+0.000,+0.000,+0.000,1100,0,
1785507397.0771,2026-07-31T10:16:37.077,96.112,968,,,,0,,,,-0.1539,-150.68,-0.1539,-150.68,1,30.0,idle,+0.000,+0.000,+0.000,+0.000,1100,0,
1785507397.1772,2026-07-31T10:16:37.177,96.212,969,,,,0,,,,-0.1528,-150.69,-0.1528,-150.69,1,30.0,idle,+0.000,+0.000,+0.000,+0.000,1100,0,
1785507397.2765,2026-07-31T10:16:37.276,96.311,970,,,,0,,,,-0.1514,-150.70,-0.1514,-150.70,1,30.0,idle,+0.000,+0.000,+0.000,+0.000,1100,0,
1785507397.3767,2026-07-31T10:16:37.376,96.412,971,,,,0,,,,-0.1524,-150.71,-0.1524,-150.71,1,30.0,idle,+0.000,+0.000,+0.000,+0.000,1100,0,
1785507397.4761,2026-07-31T10:16:37.476,96.511,972,,,,0,,,,-0.1561,-150.74,-0.1561,-150.74,1,30.0,idle,+0.000,+0.000,+0.000,+0.000,1100,0,
1785507397.5761,2026-07-31T10:16:37.576,96.611,973,,,,0,,,,-0.1508,-150.76,-0.1508,-150.76,1,30.0,idle,+0.000,+0.000,+0.000,+0.000,1100,0,
1785507397.6748,2026-07-31T10:16:37.674,96.710,974,,,,0,,,,-0.1530,-150.79,-0.1530,-150.79,1,30.0,idle,+0.000,+0.000,+0.000,+0.000,1100,0,
1785507397.7749,2026-07-31T10:16:37.774,96.810,975,,,,0,,,,-0.1512,-150.80,-0.1512,-150.80,1,30.0,idle,+0.000,+0.000,+0.000,+0.000,1100,0,
1785507397.8746,2026-07-31T10:16:37.874,96.909,976,,,,0,,,,-0.1489,-150.83,-0.1489,-150.83,1,30.0,idle,+0.000,+0.000,+0.000,+0.000,1100,0,
1785507397.9747,2026-07-31T10:16:37.974,97.010,977,,,,0,,,,-0.1518,-150.86,-0.1518,-150.86,1,30.0,idle,+0.000,+0.000,+0.000,+0.000,1100,0,
1785507398.0746,2026-07-31T10:16:38.074,97.110,978,,,,0,,,,-0.1551,-150.87,-0.1551,-150.87,1,30.0,idle,+0.000,+0.000,+0.000,+0.000,1100,0,
1785507398.1739,2026-07-31T10:16:38.173,97.209,979,,,,0,,,,-0.1521,-150.90,-0.1521,-150.90,1,30.0,idle,+0.000,+0.000,+0.000,+0.000,1100,0,
1785507398.2733,2026-07-31T10:16:38.273,97.308,980,,,,0,,,,-0.1474,-150.91,-0.1474,-150.91,1,30.0,idle,+0.000,+0.000,+0.000,+0.000,1100,0,
1785507398.3725,2026-07-31T10:16:38.372,97.407,981,,,,0,,,,-0.1534,-150.95,-0.1534,-150.95,1,30.0,idle,+0.000,+0.000,+0.000,+0.000,1100,0,
1785507398.4714,2026-07-31T10:16:38.471,97.506,982,,,,0,,,,-0.1507,-150.97,-0.1507,-150.97,1,30.0,idle,+0.000,+0.000,+0.000,+0.000,1100,0,
1785507398.5698,2026-07-31T10:16:38.569,97.605,983,,,,0,,,,-0.1465,-150.98,-0.1465,-150.98,1,30.0,idle,+0.000,+0.000,+0.000,+0.000,1100,0,
1785507398.6692,2026-07-31T10:16:38.669,97.704,984,,,,0,,,,-0.1540,-151.01,-0.1540,-151.01,1,30.0,idle,+0.000,+0.000,+0.000,+0.000,1100,0,
1785507398.7684,2026-07-31T10:16:38.768,97.803,985,,,,0,,,,-0.1547,-151.02,-0.1547,-151.02,1,30.0,idle,+0.000,+0.000,+0.000,+0.000,1100,0,
1785507398.8669,2026-07-31T10:16:38.866,97.902,986,,,,0,,,,-0.1498,-151.04,-0.1498,-151.04,1,30.0,idle,+0.000,+0.000,+0.000,+0.000,1100,0,
1785507398.9660,2026-07-31T10:16:38.965,98.001,987,,,,0,,,,-0.1485,-151.04,-0.1485,-151.04,1,30.0,idle,+0.000,+0.000,+0.000,+0.000,1100,0,
1785507399.0650,2026-07-31T10:16:39.064,98.100,988,,,,0,,,,-0.1540,-151.07,-0.1540,-151.07,1,30.0,idle,+0.000,+0.000,+0.000,+0.000,1100,0,
1785507399.1641,2026-07-31T10:16:39.164,98.199,989,,,,0,,,,-0.1494,-151.10,-0.1494,-151.10,1,30.0,idle,+0.000,+0.000,+0.000,+0.000,1100,0,
1785507399.2632,2026-07-31T10:16:39.263,98.298,990,,,,0,,,,-0.1531,-151.11,-0.1531,-151.11,1,30.0,idle,+0.000,+0.000,+0.000,+0.000,1100,0,
1785507399.3619,2026-07-31T10:16:39.361,98.397,991,,,,0,,,,-0.1553,-151.14,-0.1553,-151.14,1,30.0,idle,+0.000,+0.000,+0.000,+0.000,1100,0,
1785507399.4617,2026-07-31T10:16:39.461,98.497,992,,,,0,,,,-0.1473,-151.15,-0.1473,-151.15,1,30.0,idle,+0.000,+0.000,+0.000,+0.000,1100,0,
1785507399.5611,2026-07-31T10:16:39.561,98.596,993,,,,0,,,,-0.1508,-151.18,-0.1508,-151.18,1,30.0,idle,+0.000,+0.000,+0.000,+0.000,1100,0,
1785507399.6600,2026-07-31T10:16:39.660,98.695,994,,,,0,,,,-0.1517,-151.20,-0.1517,-151.20,1,30.0,idle,+0.000,+0.000,+0.000,+0.000,1100,0,
1785507399.7588,2026-07-31T10:16:39.758,98.794,995,,,,0,,,,-0.1566,-151.21,-0.1566,-151.21,1,30.0,idle,+0.000,+0.000,+0.000,+0.000,1100,0,
1785507399.8604,2026-07-31T10:16:39.860,98.895,996,,,,0,,,,-0.1538,-151.24,-0.1538,-151.24,1,30.0,idle,+0.000,+0.000,+0.000,+0.000,1100,0,
1785507399.9594,2026-07-31T10:16:39.959,98.994,997,,,,0,,,,-0.1476,-151.25,-0.1476,-151.25,1,30.0,idle,+0.000,+0.000,+0.000,+0.000,1100,0,
1785507400.0586,2026-07-31T10:16:40.058,99.093,998,,,,0,,,,-0.1516,-151.27,-0.1516,-151.27,1,30.0,idle,+0.000,+0.000,+0.000,+0.000,1100,0,
1785507400.1576,2026-07-31T10:16:40.157,99.193,999,,,,0,,,,-0.1454,-151.30,-0.1454,-151.30,1,30.0,idle,+0.000,+0.000,+0.000,+0.000,1100,0,
1785507400.2563,2026-07-31T10:16:40.256,99.291,1000,,,,0,,,,-0.1534,-151.32,-0.1534,-151.32,1,30.0,idle,+0.000,+0.000,+0.000,+0.000,1100,0,
1785507400.3552,2026-07-31T10:16:40.355,99.390,1001,,,,0,,,,-0.1555,-151.34,-0.1555,-151.34,1,30.0,idle,+0.000,+0.000,+0.000,+0.000,1100,0,
1785507400.4546,2026-07-31T10:16:40.454,99.489,1002,,,,0,,,,-0.1510,-151.35,-0.1510,-151.35,1,30.0,idle,+0.000,+0.000,+0.000,+0.000,1100,0,
1785507400.5536,2026-07-31T10:16:40.553,99.588,1003,,,,0,,,,-0.1497,-151.38,-0.1497,-151.38,1,30.0,idle,+0.000,+0.000,+0.000,+0.000,1100,0,
1785507400.6538,2026-07-31T10:16:40.653,99.689,1004,,,,0,,,,-0.1518,-151.41,-0.1518,-151.41,1,30.0,idle,+0.000,+0.000,+0.000,+0.000,1100,0,
1785507400.7531,2026-07-31T10:16:40.753,99.788,1005,,,,0,,,,-0.1507,-151.43,-0.1507,-151.43,1,30.0,idle,+0.000,+0.000,+0.000,+0.000,1100,0,
1785507400.8534,2026-07-31T10:16:40.853,99.888,1006,,,,0,,,,-0.1496,-151.45,-0.1496,-151.45,1,30.0,idle,+0.000,+0.000,+0.000,+0.000,1100,0,
1785507400.9525,2026-07-31T10:16:40.952,99.987,1007,,,,0,,,,-0.1457,-151.46,-0.1457,-151.46,1,30.0,idle,+0.000,+0.000,+0.000,+0.000,1100,0,
1785507401.0517,2026-07-31T10:16:41.051,100.087,1008,,,,0,,,,-0.1500,-151.50,-0.1500,-151.50,1,30.0,idle,+0.000,+0.000,+0.000,+0.000,1100,0,
1785507401.1506,2026-07-31T10:16:41.150,100.185,1009,,,,0,,,,-0.1497,-151.52,-0.1497,-151.52,1,30.0,idle,+0.000,+0.000,+0.000,+0.000,1100,0,
1785507401.2492,2026-07-31T10:16:41.249,100.284,1010,,,,0,,,,-0.1518,-151.54,-0.1518,-151.54,1,30.0,idle,+0.000,+0.000,+0.000,+0.000,1100,0,
1785507401.3484,2026-07-31T10:16:41.348,100.383,1011,,,,0,,,,-0.1533,-151.57,-0.1533,-151.57,1,30.0,idle,+0.000,+0.000,+0.000,+0.000,1100,0,
1785507401.4488,2026-07-31T10:16:41.448,100.484,1012,,,,0,,,,-0.1536,-151.58,-0.1536,-151.58,1,30.0,idle,+0.000,+0.000,+0.000,+0.000,1100,0,
1785507401.5471,2026-07-31T10:16:41.547,100.582,1013,,,,0,,,,-0.1581,-151.62,-0.1581,-151.62,1,30.0,idle,+0.000,+0.000,+0.000,+0.000,1100,0,
1785507401.6460,2026-07-31T10:16:41.645,100.681,1014,,,,0,,,,-0.1518,-151.64,-0.1518,-151.64,1,30.0,idle,+0.000,+0.000,+0.000,+0.000,1100,0,
1785507401.7453,2026-07-31T10:16:41.745,100.780,1015,,,,0,,,,-0.1527,-151.65,-0.1527,-151.65,1,30.0,idle,+0.000,+0.000,+0.000,+0.000,1100,0,
1785507401.8440,2026-07-31T10:16:41.844,100.879,1016,,,,0,,,,-0.1514,-151.68,-0.1514,-151.68,1,30.0,idle,+0.000,+0.000,+0.000,+0.000,1100,0,
1785507401.9430,2026-07-31T10:16:41.943,100.978,1017,,,,0,,,,-0.1512,-151.70,-0.1512,-151.70,1,30.0,idle,+0.000,+0.000,+0.000,+0.000,1100,0,
1785507402.0424,2026-07-31T10:16:42.042,101.077,1018,,,,0,,,,-0.1493,-151.73,-0.1493,-151.73,1,30.0,idle,+0.000,+0.000,+0.000,+0.000,1100,0,
1785507402.1416,2026-07-31T10:16:42.141,101.176,1019,,,,0,,,,-0.1490,-151.75,-0.1490,-151.75,1,30.0,idle,+0.000,+0.000,+0.000,+0.000,1100,0,
1785507402.2401,2026-07-31T10:16:42.240,101.275,1020,,,,0,,,,-0.1551,-151.77,-0.1551,-151.77,1,30.0,idle,+0.000,+0.000,+0.000,+0.000,1100,0,
1785507402.3393,2026-07-31T10:16:42.339,101.374,1021,,,,0,,,,-0.1499,-151.80,-0.1499,-151.80,1,30.0,idle,+0.000,+0.000,+0.000,+0.000,1100,0,
1785507402.4385,2026-07-31T10:16:42.438,101.473,1022,,,,0,,,,-0.1514,-151.82,-0.1514,-151.82,1,30.0,idle,+0.000,+0.000,+0.000,+0.000,1100,0,
1785507402.5377,2026-07-31T10:16:42.537,101.573,1023,,,,0,,,,-0.1538,-151.85,-0.1538,-151.85,1,30.0,idle,+0.000,+0.000,+0.000,+0.000,1100,0,
1785507402.6366,2026-07-31T10:16:42.636,101.671,1024,,,,0,,,,-0.1531,-151.86,-0.1531,-151.86,1,30.0,idle,+0.000,+0.000,+0.000,+0.000,1100,0,
1785507402.7356,2026-07-31T10:16:42.735,101.771,1025,,,,0,,,,-0.1531,-151.88,-0.1531,-151.88,1,30.0,idle,+0.000,+0.000,+0.000,+0.000,1100,0,
1785507402.8345,2026-07-31T10:16:42.834,101.869,1026,,,,0,,,,-0.1545,-151.91,-0.1545,-151.91,1,30.0,idle,+0.000,+0.000,+0.000,+0.000,1100,0,
1785507402.9360,2026-07-31T10:16:42.936,101.971,1027,,,,0,,,,-0.1512,-151.93,-0.1512,-151.93,1,30.0,idle,+0.000,+0.000,+0.000,+0.000,1100,0,
1785507403.0379,2026-07-31T10:16:43.037,102.073,1028,,,,0,,,,-0.1478,-151.95,-0.1478,-151.95,1,30.0,idle,+0.000,+0.000,+0.000,+0.000,1100,0,
1785507403.1363,2026-07-31T10:16:43.136,102.171,1029,,,,0,,,,-0.1490,-151.96,-0.1490,-151.96,1,30.0,idle,+0.000,+0.000,+0.000,+0.000,1100,0,
1785507403.2358,2026-07-31T10:16:43.235,102.271,1030,,,,0,,,,-0.1506,-151.99,-0.1506,-151.99,1,30.0,idle,+0.000,+0.000,+0.000,+0.000,1100,0,
1785507403.3347,2026-07-31T10:16:43.334,102.370,1031,,,,0,,,,-0.1517,-152.01,-0.1517,-152.01,1,30.0,idle,+0.000,+0.000,+0.000,+0.000,1100,0,
1785507403.4333,2026-07-31T10:16:43.433,102.468,1032,,,,0,,,,-0.1473,-152.02,-0.1473,-152.02,1,30.0,idle,+0.000,+0.000,+0.000,+0.000,1100,0,
1785507403.5331,2026-07-31T10:16:43.533,102.568,1033,,,,0,,,,-0.1542,-152.06,-0.1542,-152.06,1,30.0,idle,+0.000,+0.000,+0.000,+0.000,1100,0,
1785507403.6339,2026-07-31T10:16:43.633,102.669,1034,,,,0,,,,-0.1552,-152.07,-0.1552,-152.07,1,30.0,idle,+0.000,+0.000,+0.000,+0.000,1100,0,
1785507403.7326,2026-07-31T10:16:43.732,102.768,1035,,,,0,,,,-0.1523,-152.10,-0.1523,-152.10,1,30.0,idle,+0.000,+0.000,+0.000,+0.000,1100,0,
1785507403.8316,2026-07-31T10:16:43.831,102.866,1036,,,,0,,,,-0.1489,-152.13,-0.1489,-152.13,1,30.0,idle,+0.000,+0.000,+0.000,+0.000,1100,0,
1785507403.9317,2026-07-31T10:16:43.931,102.967,1037,,,,0,,,,-0.1505,-152.14,-0.1505,-152.14,1,30.0,idle,+0.000,+0.000,+0.000,+0.000,1100,0,
1785507404.0304,2026-07-31T10:16:44.030,103.065,1038,,,,0,,,,-0.1516,-152.18,-0.1516,-152.18,1,30.0,idle,+0.000,+0.000,+0.000,+0.000,1100,0,
1785507404.1294,2026-07-31T10:16:44.129,103.164,1039,,,,0,,,,-0.1511,-152.20,-0.1511,-152.20,1,30.0,idle,+0.000,+0.000,+0.000,+0.000,1100,0,
1785507404.2287,2026-07-31T10:16:44.228,103.264,1040,,,,0,,,,-0.1511,-152.23,-0.1511,-152.23,1,30.0,idle,+0.000,+0.000,+0.000,+0.000,1100,0,
1785507404.3275,2026-07-31T10:16:44.327,103.362,1041,,,,0,,,,-0.1506,-152.25,-0.1506,-152.25,1,30.0,idle,+0.000,+0.000,+0.000,+0.000,1100,0,
1785507404.4272,2026-07-31T10:16:44.427,103.462,1042,,,,0,,,,-0.1527,-152.26,-0.1527,-152.26,1,30.0,idle,+0.000,+0.000,+0.000,+0.000,1100,0,
1785507404.5267,2026-07-31T10:16:44.526,103.562,1043,,,,0,,,,-0.1531,-152.30,-0.1531,-152.30,1,30.0,idle,+0.000,+0.000,+0.000,+0.000,1100,0,
1785507404.6256,2026-07-31T10:16:44.625,103.660,1044,,,,0,,,,-0.1539,-152.31,-0.1539,-152.31,1,30.0,idle,+0.000,+0.000,+0.000,+0.000,1100,0,
1785507404.7252,2026-07-31T10:16:44.725,103.760,1045,,,,0,,,,-0.1502,-152.33,-0.1502,-152.33,1,30.0,idle,+0.000,+0.000,+0.000,+0.000,1100,0,
1785507404.8262,2026-07-31T10:16:44.826,103.861,1046,,,,0,,,,-0.1509,-152.35,-0.1509,-152.35,1,30.0,idle,+0.000,+0.000,+0.000,+0.000,1100,0,
1785507404.9262,2026-07-31T10:16:44.926,103.961,1047,,,,0,,,,-0.1541,-152.37,-0.1541,-152.37,1,30.0,idle,+0.000,+0.000,+0.000,+0.000,1100,0,
1785507405.0272,2026-07-31T10:16:45.027,104.062,1048,,,,0,,,,-0.1521,-152.41,-0.1521,-152.41,1,30.0,idle,+0.000,+0.000,+0.000,+0.000,1100,0,
1785507405.1269,2026-07-31T10:16:45.126,104.162,1049,,,,0,,,,-0.1549,-152.43,-0.1549,-152.43,1,30.0,idle,+0.000,+0.000,+0.000,+0.000,1100,0,
1785507405.2256,2026-07-31T10:16:45.225,104.261,1050,,,,0,,,,-0.1514,-152.45,-0.1514,-152.45,1,30.0,idle,+0.000,+0.000,+0.000,+0.000,1100,0,
1785507405.3244,2026-07-31T10:16:45.324,104.359,1051,,,,0,,,,-0.1529,-152.48,-0.1529,-152.48,1,30.0,idle,+0.000,+0.000,+0.000,+0.000,1100,0,
1785507405.4237,2026-07-31T10:16:45.423,104.459,1052,,,,0,,,,-0.1517,-152.49,-0.1517,-152.49,1,30.0,idle,+0.000,+0.000,+0.000,+0.000,1100,0,
1785507405.5223,2026-07-31T10:16:45.522,104.557,1053,,,,0,,,,-0.1502,-152.51,-0.1502,-152.51,1,30.0,idle,+0.000,+0.000,+0.000,+0.000,1100,0,
1785507405.6231,2026-07-31T10:16:45.623,104.658,1054,,,,0,,,,-0.1501,-152.52,-0.1501,-152.52,1,30.0,idle,+0.000,+0.000,+0.000,+0.000,1100,0,
1785507405.7220,2026-07-31T10:16:45.722,104.757,1055,,,,0,,,,-0.1494,-152.55,-0.1494,-152.55,1,30.0,idle,+0.000,+0.000,+0.000,+0.000,1100,0,
1785507405.8210,2026-07-31T10:16:45.820,104.856,1056,,,,0,,,,-0.1505,-152.56,-0.1505,-152.56,1,30.0,idle,+0.000,+0.000,+0.000,+0.000,1100,0,
1785507405.9207,2026-07-31T10:16:45.920,104.956,1057,,,,0,,,,-0.1504,-152.59,-0.1504,-152.59,1,30.0,idle,+0.000,+0.000,+0.000,+0.000,1100,0,
1785507406.0197,2026-07-31T10:16:46.019,105.055,1058,,,,0,,,,-0.1529,-152.60,-0.1529,-152.60,1,30.0,idle,+0.000,+0.000,+0.000,+0.000,1100,0,
1785507406.1188,2026-07-31T10:16:46.118,105.154,1059,,,,0,,,,-0.1511,-152.62,-0.1511,-152.62,1,30.0,idle,+0.000,+0.000,+0.000,+0.000,1100,0,
1785507406.2177,2026-07-31T10:16:46.217,105.253,1060,,,,0,,,,-0.1514,-152.64,-0.1514,-152.64,1,30.0,idle,+0.000,+0.000,+0.000,+0.000,1100,0,
1785507406.3168,2026-07-31T10:16:46.316,105.352,1061,,,,0,,,,-0.1536,-152.66,-0.1536,-152.66,1,30.0,idle,+0.000,+0.000,+0.000,+0.000,1100,0,
1785507406.4146,2026-07-31T10:16:46.414,105.449,1062,,,,0,,,,-0.1503,-152.68,-0.1503,-152.68,1,30.0,idle,+0.000,+0.000,+0.000,+0.000,1100,0,
1785507406.5146,2026-07-31T10:16:46.514,105.549,1063,,,,0,,,,-0.1554,-152.70,-0.1554,-152.70,1,30.0,idle,+0.000,+0.000,+0.000,+0.000,1100,0,
1785507406.6145,2026-07-31T10:16:46.614,105.649,1064,,,,0,,,,-0.1499,-152.71,-0.1499,-152.71,1,30.0,idle,+0.000,+0.000,+0.000,+0.000,1100,0,
1785507406.7137,2026-07-31T10:16:46.713,105.749,1065,,,,0,,,,-0.1505,-152.75,-0.1505,-152.75,1,30.0,idle,+0.000,+0.000,+0.000,+0.000,1100,0,
1785507406.8126,2026-07-31T10:16:46.812,105.847,1066,,,,0,,,,-0.1523,-152.76,-0.1523,-152.76,1,30.0,idle,+0.000,+0.000,+0.000,+0.000,1100,0,
1785507406.9114,2026-07-31T10:16:46.911,105.946,1067,,,,0,,,,-0.1540,-152.78,-0.1540,-152.78,1,30.0,idle,+0.000,+0.000,+0.000,+0.000,1100,0,
1785507407.0119,2026-07-31T10:16:47.011,106.047,1068,,,,0,,,,-0.1512,-152.79,-0.1512,-152.79,1,30.0,idle,+0.000,+0.000,+0.000,+0.000,1100,0,
1785507407.1111,2026-07-31T10:16:47.111,106.146,1069,,,,0,,,,-0.1504,-152.81,-0.1504,-152.81,1,30.0,idle,+0.000,+0.000,+0.000,+0.000,1100,0,
1785507407.2102,2026-07-31T10:16:47.210,106.245,1070,,,,0,,,,-0.1553,-152.83,-0.1553,-152.83,1,30.0,idle,+0.000,+0.000,+0.000,+0.000,1100,0,
1785507407.3090,2026-07-31T10:16:47.309,106.344,1071,,,,0,,,,-0.1511,-152.84,-0.1511,-152.84,1,30.0,idle,+0.000,+0.000,+0.000,+0.000,1100,0,
1785507407.4082,2026-07-31T10:16:47.408,106.443,1072,,,,0,,,,-0.1533,-152.87,-0.1533,-152.87,1,30.0,idle,+0.000,+0.000,+0.000,+0.000,1100,0,
1785507407.5091,2026-07-31T10:16:47.509,106.544,1073,,,,0,,,,-0.1535,-152.90,-0.1535,-152.90,1,30.0,idle,+0.000,+0.000,+0.000,+0.000,1100,0,
1785507407.6076,2026-07-31T10:16:47.607,106.642,1074,,,,0,,,,-0.1522,-152.91,-0.1522,-152.91,1,30.0,idle,+0.000,+0.000,+0.000,+0.000,1100,0,
1785507407.7065,2026-07-31T10:16:47.706,106.741,1075,,,,0,,,,-0.1547,-152.94,-0.1547,-152.94,1,30.0,idle,+0.000,+0.000,+0.000,+0.000,1100,0,
1785507407.8062,2026-07-31T10:16:47.806,106.841,1076,,,,0,,,,-0.1512,-152.95,-0.1512,-152.95,1,30.0,idle,+0.000,+0.000,+0.000,+0.000,1100,0,
1785507407.9048,2026-07-31T10:16:47.904,106.940,1077,,,,0,,,,-0.1497,-152.98,-0.1497,-152.98,1,30.0,idle,+0.000,+0.000,+0.000,+0.000,1100,0,
1785507408.0052,2026-07-31T10:16:48.005,107.040,1078,,,,0,,,,-0.1517,-153.01,-0.1517,-153.01,1,30.0,idle,+0.000,+0.000,+0.000,+0.000,1100,0,
1785507408.1036,2026-07-31T10:16:48.103,107.138,1079,,,,0,,,,-0.1501,-153.01,-0.1501,-153.01,1,30.0,idle,+0.000,+0.000,+0.000,+0.000,1100,0,
1785507408.2043,2026-07-31T10:16:48.204,107.239,1080,,,,0,,,,-0.1547,-153.04,-0.1547,-153.04,1,30.0,idle,+0.000,+0.000,+0.000,+0.000,1100,0,
1785507408.3043,2026-07-31T10:16:48.304,107.339,1081,,,,0,,,,-0.1510,-153.05,-0.1510,-153.05,1,30.0,idle,+0.000,+0.000,+0.000,+0.000,1100,0,
1785507408.4027,2026-07-31T10:16:48.402,107.438,1082,,,,0,,,,-0.1551,-153.07,-0.1551,-153.07,1,30.0,idle,+0.000,+0.000,+0.000,+0.000,1100,0,
1785507408.5017,2026-07-31T10:16:48.501,107.537,1083,,,,0,,,,-0.1506,-153.08,-0.1506,-153.08,1,30.0,idle,+0.000,+0.000,+0.000,+0.000,1100,0,
1785507408.6007,2026-07-31T10:16:48.600,107.636,1084,,,,0,,,,-0.1529,-153.10,-0.1529,-153.10,1,30.0,idle,+0.000,+0.000,+0.000,+0.000,1100,0,
1785507408.7013,2026-07-31T10:16:48.701,107.736,1085,,,,0,,,,-0.1526,-153.13,-0.1526,-153.13,1,30.0,idle,+0.000,+0.000,+0.000,+0.000,1100,0,
1785507408.8009,2026-07-31T10:16:48.800,107.836,1086,,,,0,,,,-0.1529,-153.14,-0.1529,-153.14,1,30.0,idle,+0.000,+0.000,+0.000,+0.000,1100,0,
1785507408.9001,2026-07-31T10:16:48.900,107.935,1087,,,,0,,,,-0.1550,-153.16,-0.1550,-153.16,1,30.0,idle,+0.000,+0.000,+0.000,+0.000,1100,0,
1785507409.0004,2026-07-31T10:16:49.000,108.035,1088,,,,0,,,,-0.1500,-153.18,-0.1500,-153.18,1,30.0,idle,+0.000,+0.000,+0.000,+0.000,1100,0,
1785507409.1004,2026-07-31T10:16:49.100,108.135,1089,,,,0,,,,-0.1544,-153.20,-0.1544,-153.20,1,30.0,idle,+0.000,+0.000,+0.000,+0.000,1100,0,
1785507409.1992,2026-07-31T10:16:49.199,108.234,1090,,,,0,,,,-0.1543,-153.22,-0.1543,-153.22,1,30.0,idle,+0.000,+0.000,+0.000,+0.000,1100,0,
1785507409.2976,2026-07-31T10:16:49.297,108.332,1091,,,,0,,,,-0.1488,-153.22,-0.1488,-153.22,1,30.0,idle,+0.000,+0.000,+0.000,+0.000,1100,0,
1785507409.3969,2026-07-31T10:16:49.396,108.432,1092,,,,0,,,,-0.1503,-153.26,-0.1503,-153.26,1,30.0,idle,+0.000,+0.000,+0.000,+0.000,1100,0,
1785507409.4962,2026-07-31T10:16:49.496,108.531,1093,,,,0,,,,-0.1456,-153.25,-0.1456,-153.25,1,30.0,idle,+0.000,+0.000,+0.000,+0.000,1100,0,
1785507409.5953,2026-07-31T10:16:49.595,108.630,1094,,,,0,,,,-0.1529,-153.30,-0.1529,-153.30,1,30.0,idle,+0.000,+0.000,+0.000,+0.000,1100,0,
1785507409.6941,2026-07-31T10:16:49.694,108.729,1095,,,,0,,,,-0.1530,-153.36,-0.1530,-153.36,1,30.0,idle,+0.000,+0.000,+0.000,+0.000,1100,0,
1785507409.7928,2026-07-31T10:16:49.792,108.828,1096,,,,0,,,,-0.1535,-153.31,-0.1535,-153.31,1,30.0,idle,+0.000,+0.000,+0.000,+0.000,1100,0,
1785507409.8922,2026-07-31T10:16:49.892,108.927,1097,,,,0,,,,-0.1506,-153.30,-0.1506,-153.30,1,30.0,idle,+0.000,+0.000,+0.000,+0.000,1100,0,
1785507409.9906,2026-07-31T10:16:49.990,109.025,1098,,,,0,,,,-0.1534,-153.32,-0.1534,-153.32,1,30.0,idle,+0.000,+0.000,+0.000,+0.000,1100,0,
1785507410.0896,2026-07-31T10:16:50.089,109.125,1099,,,,0,,,,-0.1511,-153.34,-0.1511,-153.34,1,30.0,idle,+0.000,+0.000,+0.000,+0.000,1100,0,
1785507410.1916,2026-07-31T10:16:50.191,109.226,1100,,,,0,,,,-0.1527,-153.35,-0.1527,-153.35,1,30.0,idle,+0.000,+0.000,+0.000,+0.000,1100,0,
1785507410.2921,2026-07-31T10:16:50.292,109.327,1101,,,,0,,,,-0.1536,-153.38,-0.1536,-153.38,1,30.0,idle,+0.000,+0.000,+0.000,+0.000,1100,0,
1785507410.3907,2026-07-31T10:16:50.390,109.426,1102,,,,0,,,,-0.1524,-153.40,-0.1524,-153.40,1,30.0,idle,+0.000,+0.000,+0.000,+0.000,1100,0,
1785507410.4897,2026-07-31T10:16:50.489,109.525,1103,,,,0,,,,-0.1558,-153.42,-0.1558,-153.42,1,30.0,idle,+0.000,+0.000,+0.000,+0.000,1100,0,
1785507410.5905,2026-07-31T10:16:50.590,109.625,1104,,,,0,,,,-0.1501,-153.44,-0.1501,-153.44,1,30.0,idle,+0.000,+0.000,+0.000,+0.000,1100,0,
1785507410.6898,2026-07-31T10:16:50.689,109.725,1105,,,,0,,,,-0.1501,-153.46,-0.1501,-153.46,1,30.0,idle,+0.000,+0.000,+0.000,+0.000,1100,0,
1785507410.7899,2026-07-31T10:16:50.789,109.825,1106,,,,0,,,,-0.1514,-153.49,-0.1514,-153.49,1,30.0,idle,+0.000,+0.000,+0.000,+0.000,1100,0,
1785507410.8903,2026-07-31T10:16:50.890,109.925,1107,,,,0,,,,-0.1497,-153.52,-0.1497,-153.52,1,30.0,idle,+0.000,+0.000,+0.000,+0.000,1100,0,
1785507410.9906,2026-07-31T10:16:50.990,110.025,1108,,,,0,,,,-0.1489,-153.53,-0.1489,-153.53,1,30.0,idle,+0.000,+0.000,+0.000,+0.000,1100,0,
1785507411.0907,2026-07-31T10:16:51.090,110.126,1109,,,,0,,,,-0.1531,-153.58,-0.1531,-153.58,1,30.0,idle,+0.000,+0.000,+0.000,+0.000,1100,0,
1785507411.1903,2026-07-31T10:16:51.190,110.225,1110,,,,0,,,,-0.1541,-153.61,-0.1541,-153.61,1,30.0,idle,+0.000,+0.000,+0.000,+0.000,1100,0,
1785507411.2899,2026-07-31T10:16:51.289,110.325,1111,,,,0,,,,-0.1597,-153.60,-0.1597,-153.60,1,30.0,idle,+0.000,+0.000,+0.000,+0.000,1100,0,
1785507411.3893,2026-07-31T10:16:51.389,110.424,1112,,,,0,,,,-0.1571,-153.65,-0.1571,-153.65,1,30.0,idle,+0.000,+0.000,+0.000,+0.000,1100,0,
1785507411.4881,2026-07-31T10:16:51.488,110.523,1113,,,,0,,,,-0.1544,-153.65,-0.1544,-153.65,1,30.0,idle,+0.000,+0.000,+0.000,+0.000,1100,0,
1785507411.5874,2026-07-31T10:16:51.587,110.622,1114,,,,0,,,,-0.1500,-153.70,-0.1500,-153.70,1,30.0,idle,+0.000,+0.000,+0.000,+0.000,1100,0,
1785507411.6869,2026-07-31T10:16:51.686,110.722,1115,,,,0,,,,-0.1524,-153.71,-0.1524,-153.71,1,30.0,idle,+0.000,+0.000,+0.000,+0.000,1100,0,
1785507411.7861,2026-07-31T10:16:51.786,110.821,1116,,,,0,,,,-0.1539,-153.70,-0.1539,-153.70,1,30.0,idle,+0.000,+0.000,+0.000,+0.000,1100,0,
1785507411.8863,2026-07-31T10:16:51.886,110.921,1117,,,,0,,,,-0.1537,-153.74,-0.1537,-153.74,1,30.0,idle,+0.000,+0.000,+0.000,+0.000,1100,0,
1785507411.9851,2026-07-31T10:16:51.985,111.020,1118,,,,0,,,,-0.1558,-153.75,-0.1558,-153.75,1,30.0,idle,+0.000,+0.000,+0.000,+0.000,1100,0,
1785507412.0845,2026-07-31T10:16:52.084,111.119,1119,,,,0,,,,-0.1522,-153.78,-0.1522,-153.78,1,30.0,idle,+0.000,+0.000,+0.000,+0.000,1100,0,
1785507412.1836,2026-07-31T10:16:52.183,111.218,1120,,,,0,,,,-0.1507,-153.79,-0.1507,-153.79,1,30.0,idle,+0.000,+0.000,+0.000,+0.000,1100,0,
1785507412.2820,2026-07-31T10:16:52.281,111.317,1121,,,,0,,,,-0.1548,-153.81,-0.1548,-153.81,1,30.0,idle,+0.000,+0.000,+0.000,+0.000,1100,0,
1785507412.3809,2026-07-31T10:16:52.380,111.416,1122,,,,0,,,,-0.1508,-153.83,-0.1508,-153.83,1,30.0,idle,+0.000,+0.000,+0.000,+0.000,1100,0,
1785507412.4818,2026-07-31T10:16:52.481,111.517,1123,,,,0,,,,-0.1515,-153.85,-0.1515,-153.85,1,30.0,idle,+0.000,+0.000,+0.000,+0.000,1100,0,
1785507412.5809,2026-07-31T10:16:52.580,111.616,1124,,,,0,,,,-0.1532,-153.88,-0.1532,-153.88,1,30.0,idle,+0.000,+0.000,+0.000,+0.000,1100,0,
1785507412.6803,2026-07-31T10:16:52.680,111.715,1125,,,,0,,,,-0.1503,-153.89,-0.1503,-153.89,1,30.0,idle,+0.000,+0.000,+0.000,+0.000,1100,0,
1785507412.7793,2026-07-31T10:16:52.779,111.814,1126,,,,0,,,,-0.1521,-153.91,-0.1521,-153.91,1,30.0,idle,+0.000,+0.000,+0.000,+0.000,1100,0,
1785507412.8782,2026-07-31T10:16:52.878,111.913,1127,,,,0,,,,-0.1508,-153.93,-0.1508,-153.93,1,30.0,idle,+0.000,+0.000,+0.000,+0.000,1100,0,
1785507412.9769,2026-07-31T10:16:52.976,112.012,1128,,,,0,,,,-0.1523,-153.96,-0.1523,-153.96,1,30.0,idle,+0.000,+0.000,+0.000,+0.000,1100,0,
1785507413.0760,2026-07-31T10:16:53.076,112.111,1129,,,,0,,,,-0.1503,-153.99,-0.1503,-153.99,1,30.0,idle,+0.000,+0.000,+0.000,+0.000,1100,0,
1785507413.1755,2026-07-31T10:16:53.175,112.210,1130,,,,0,,,,-0.1514,-154.00,-0.1514,-154.00,1,30.0,idle,+0.000,+0.000,+0.000,+0.000,1100,0,
1785507413.2746,2026-07-31T10:16:53.274,112.309,1131,,,,0,,,,-0.1512,-154.03,-0.1512,-154.03,1,30.0,idle,+0.000,+0.000,+0.000,+0.000,1100,0,
1785507413.3735,2026-07-31T10:16:53.373,112.408,1132,,,,0,,,,-0.1563,-154.05,-0.1563,-154.05,1,30.0,idle,+0.000,+0.000,+0.000,+0.000,1100,0,
1785507413.4719,2026-07-31T10:16:53.471,112.507,1133,,,,0,,,,-0.1541,-154.07,-0.1541,-154.07,1,30.0,idle,+0.000,+0.000,+0.000,+0.000,1100,0,
1785507413.5713,2026-07-31T10:16:53.571,112.606,1134,,,,0,,,,-0.1507,-154.10,-0.1507,-154.10,1,30.0,idle,+0.000,+0.000,+0.000,+0.000,1100,0,
1785507413.6706,2026-07-31T10:16:53.670,112.706,1135,,,,0,,,,-0.1507,-154.12,-0.1507,-154.12,1,30.0,idle,+0.000,+0.000,+0.000,+0.000,1100,0,
1785507413.7697,2026-07-31T10:16:53.769,112.805,1136,,,,0,,,,-0.1506,-154.14,-0.1506,-154.14,1,30.0,idle,+0.000,+0.000,+0.000,+0.000,1100,0,
1785507413.8685,2026-07-31T10:16:53.868,112.903,1137,,,,0,,,,-0.1528,-154.16,-0.1528,-154.16,1,30.0,idle,+0.000,+0.000,+0.000,+0.000,1100,0,
1785507413.9675,2026-07-31T10:16:53.967,113.002,1138,,,,0,,,,-0.1550,-154.19,-0.1550,-154.19,1,30.0,idle,+0.000,+0.000,+0.000,+0.000,1100,0,
1785507414.0659,2026-07-31T10:16:54.065,113.101,1139,,,,0,,,,-0.1510,-154.22,-0.1510,-154.22,1,30.0,idle,+0.000,+0.000,+0.000,+0.000,1100,0,
1785507414.1649,2026-07-31T10:16:54.164,113.200,1140,,,,0,,,,-0.1549,-154.22,-0.1549,-154.22,1,30.0,idle,+0.000,+0.000,+0.000,+0.000,1100,0,
1785507414.2649,2026-07-31T10:16:54.264,113.300,1141,,,,0,,,,-0.1531,-154.25,-0.1531,-154.25,1,30.0,idle,+0.000,+0.000,+0.000,+0.000,1100,0,
1785507414.3657,2026-07-31T10:16:54.365,113.401,1142,,,,0,,,,-0.1574,-154.27,-0.1574,-154.27,1,30.0,idle,+0.000,+0.000,+0.000,+0.000,1100,0,
1785507414.4644,2026-07-31T10:16:54.464,113.499,1143,,,,0,,,,-0.1540,-154.29,-0.1540,-154.29,1,30.0,idle,+0.000,+0.000,+0.000,+0.000,1100,0,
1785507414.5640,2026-07-31T10:16:54.563,113.599,1144,,,,0,,,,-0.1494,-154.32,-0.1494,-154.32,1,30.0,idle,+0.000,+0.000,+0.000,+0.000,1100,0,
1785507414.6635,2026-07-31T10:16:54.663,113.698,1145,,,,0,,,,-0.1512,-154.33,-0.1512,-154.33,1,30.0,idle,+0.000,+0.000,+0.000,+0.000,1100,0,
1785507414.7626,2026-07-31T10:16:54.762,113.797,1146,,,,0,,,,-0.1527,-154.36,-0.1527,-154.36,1,30.0,idle,+0.000,+0.000,+0.000,+0.000,1100,0,
1785507414.8615,2026-07-31T10:16:54.861,113.896,1147,,,,0,,,,-0.1472,-154.38,-0.1472,-154.38,1,30.0,idle,+0.000,+0.000,+0.000,+0.000,1100,0,
1785507414.9604,2026-07-31T10:16:54.960,113.995,1148,,,,0,,,,-0.1518,-154.41,-0.1518,-154.41,1,30.0,idle,+0.000,+0.000,+0.000,+0.000,1100,0,
1785507415.0597,2026-07-31T10:16:55.059,114.095,1149,,,,0,,,,-0.1548,-154.43,-0.1548,-154.43,1,30.0,idle,+0.000,+0.000,+0.000,+0.000,1100,0,
1785507415.1588,2026-07-31T10:16:55.158,114.194,1150,,,,0,,,,-0.1565,-154.44,-0.1565,-154.44,1,30.0,idle,+0.000,+0.000,+0.000,+0.000,1100,0,
1785507415.2588,2026-07-31T10:16:55.258,114.294,1151,,,,0,,,,-0.1538,-154.47,-0.1538,-154.47,1,30.0,idle,+0.000,+0.000,+0.000,+0.000,1100,0,
1785507415.3577,2026-07-31T10:16:55.357,114.393,1152,,,,0,,,,-0.1513,-154.48,-0.1513,-154.48,1,30.0,idle,+0.000,+0.000,+0.000,+0.000,1100,0,
1785507415.4571,2026-07-31T10:16:55.457,114.492,1153,,,,0,,,,-0.1549,-154.52,-0.1549,-154.52,1,30.0,idle,+0.000,+0.000,+0.000,+0.000,1100,0,
1785507415.5565,2026-07-31T10:16:55.556,114.591,1154,,,,0,,,,-0.1565,-154.53,-0.1565,-154.53,1,30.0,idle,+0.000,+0.000,+0.000,+0.000,1100,0,
1785507415.6555,2026-07-31T10:16:55.655,114.690,1155,,,,0,,,,-0.1526,-154.55,-0.1526,-154.55,1,30.0,idle,+0.000,+0.000,+0.000,+0.000,1100,0,
1785507415.7544,2026-07-31T10:16:55.754,114.789,1156,,,,0,,,,-0.1488,-154.58,-0.1488,-154.58,1,30.0,idle,+0.000,+0.000,+0.000,+0.000,1100,0,
1785507415.8543,2026-07-31T10:16:55.854,114.889,1157,,,,0,,,,-0.1510,-154.59,-0.1510,-154.59,1,30.0,idle,+0.000,+0.000,+0.000,+0.000,1100,0,
1785507415.9542,2026-07-31T10:16:55.954,114.989,1158,,,,0,,,,-0.1523,-154.62,-0.1523,-154.62,1,30.0,idle,+0.000,+0.000,+0.000,+0.000,1100,0,
1785507416.0534,2026-07-31T10:16:56.053,115.088,1159,,,,0,,,,-0.1549,-154.62,-0.1549,-154.62,1,30.0,idle,+0.000,+0.000,+0.000,+0.000,1100,0,
1785507416.1523,2026-07-31T10:16:56.152,115.187,1160,,,,0,,,,-0.1534,-154.66,-0.1534,-154.66,1,30.0,idle,+0.000,+0.000,+0.000,+0.000,1100,0,
1785507416.2519,2026-07-31T10:16:56.251,115.287,1161,,,,0,,,,-0.1531,-154.67,-0.1531,-154.67,1,30.0,idle,+0.000,+0.000,+0.000,+0.000,1100,0,
1785507416.3501,2026-07-31T10:16:56.350,115.385,1162,,,,0,,,,-0.1513,-154.68,-0.1513,-154.68,1,30.0,idle,+0.000,+0.000,+0.000,+0.000,1100,0,
1785507416.4500,2026-07-31T10:16:56.449,115.485,1163,,,,0,,,,-0.1539,-154.71,-0.1539,-154.71,1,30.0,idle,+0.000,+0.000,+0.000,+0.000,1100,0,
1785507416.5491,2026-07-31T10:16:56.549,115.584,1164,,,,0,,,,-0.1538,-154.73,-0.1538,-154.73,1,30.0,idle,+0.000,+0.000,+0.000,+0.000,1100,0,
1785507416.6510,2026-07-31T10:16:56.651,115.686,1165,,,,0,,,,-0.1522,-154.76,-0.1522,-154.76,1,30.0,idle,+0.000,+0.000,+0.000,+0.000,1100,0,
1785507416.7508,2026-07-31T10:16:56.750,115.786,1166,,,,0,,,,-0.1518,-154.78,-0.1518,-154.78,1,30.0,idle,+0.000,+0.000,+0.000,+0.000,1100,0,
1785507416.8498,2026-07-31T10:16:56.849,115.885,1167,,,,0,,,,-0.1530,-154.80,-0.1530,-154.80,1,30.0,idle,+0.000,+0.000,+0.000,+0.000,1100,0,
1785507416.9493,2026-07-31T10:16:56.949,115.984,1168,,,,0,,,,-0.1526,-154.83,-0.1526,-154.83,1,30.0,idle,+0.000,+0.000,+0.000,+0.000,1100,0,
1785507417.0482,2026-07-31T10:16:57.048,116.083,1169,,,,0,,,,-0.1522,-154.85,-0.1522,-154.85,1,30.0,idle,+0.000,+0.000,+0.000,+0.000,1100,0,
1785507417.1473,2026-07-31T10:16:57.147,116.182,1170,,,,0,,,,-0.1519,-154.88,-0.1519,-154.88,1,30.0,idle,+0.000,+0.000,+0.000,+0.000,1100,0,
1785507417.2464,2026-07-31T10:16:57.246,116.281,1171,,,,0,,,,-0.1526,-154.89,-0.1526,-154.89,1,30.0,idle,+0.000,+0.000,+0.000,+0.000,1100,0,
1785507417.3454,2026-07-31T10:16:57.345,116.380,1172,,,,0,,,,-0.1550,-154.92,-0.1550,-154.92,1,30.0,idle,+0.000,+0.000,+0.000,+0.000,1100,0,
1785507417.4449,2026-07-31T10:16:57.444,116.480,1173,,,,0,,,,-0.1533,-154.94,-0.1533,-154.94,1,30.0,idle,+0.000,+0.000,+0.000,+0.000,1100,0,
1785507417.5438,2026-07-31T10:16:57.543,116.579,1174,,,,0,,,,-0.1508,-154.95,-0.1508,-154.95,1,30.0,idle,+0.000,+0.000,+0.000,+0.000,1100,0,
1785507417.6426,2026-07-31T10:16:57.642,116.677,1175,,,,0,,,,-0.1501,-154.98,-0.1501,-154.98,1,30.0,idle,+0.000,+0.000,+0.000,+0.000,1100,0,
1785507417.7422,2026-07-31T10:16:57.742,116.777,1176,,,,0,,,,-0.1508,-154.99,-0.1508,-154.99,1,30.0,idle,+0.000,+0.000,+0.000,+0.000,1100,0,
1785507417.8432,2026-07-31T10:16:57.843,116.878,1177,,,,0,,,,-0.1514,-155.01,-0.1514,-155.01,1,30.0,idle,+0.000,+0.000,+0.000,+0.000,1100,0,
1785507417.9425,2026-07-31T10:16:57.942,116.977,1178,,,,0,,,,-0.1510,-155.04,-0.1510,-155.04,1,30.0,idle,+0.000,+0.000,+0.000,+0.000,1100,0,
1785507418.0417,2026-07-31T10:16:58.041,117.077,1179,,,,0,,,,-0.1594,-155.06,-0.1594,-155.06,1,30.0,idle,+0.000,+0.000,+0.000,+0.000,1100,0,
1785507418.1407,2026-07-31T10:16:58.140,117.176,1180,,,,0,,,,-0.1521,-155.08,-0.1521,-155.08,1,30.0,idle,+0.000,+0.000,+0.000,+0.000,1100,0,
1785507418.2395,2026-07-31T10:16:58.239,117.274,1181,,,,0,,,,-0.1557,-155.10,-0.1557,-155.10,1,30.0,idle,+0.000,+0.000,+0.000,+0.000,1100,0,
1785507418.3391,2026-07-31T10:16:58.339,117.374,1182,,,,0,,,,-0.1543,-155.12,-0.1543,-155.12,1,30.0,idle,+0.000,+0.000,+0.000,+0.000,1100,0,
1785507418.4385,2026-07-31T10:16:58.438,117.473,1183,,,,0,,,,-0.1553,-155.14,-0.1553,-155.14,1,30.0,idle,+0.000,+0.000,+0.000,+0.000,1100,0,
1785507418.5377,2026-07-31T10:16:58.537,117.573,1184,,,,0,,,,-0.1479,-155.15,-0.1479,-155.15,1,30.0,idle,+0.000,+0.000,+0.000,+0.000,1100,0,
1785507418.6366,2026-07-31T10:16:58.636,117.671,1185,,,,0,,,,-0.1498,-155.16,-0.1498,-155.16,1,30.0,idle,+0.000,+0.000,+0.000,+0.000,1100,0,
1785507418.7360,2026-07-31T10:16:58.736,117.771,1186,,,,0,,,,-0.1551,-155.19,-0.1551,-155.19,1,30.0,idle,+0.000,+0.000,+0.000,+0.000,1100,0,
1785507418.8355,2026-07-31T10:16:58.835,117.870,1187,,,,0,,,,-0.1498,-155.22,-0.1498,-155.22,1,30.0,idle,+0.000,+0.000,+0.000,+0.000,1100,0,
1785507418.9349,2026-07-31T10:16:58.934,117.970,1188,,,,0,,,,-0.1513,-155.23,-0.1513,-155.23,1,30.0,idle,+0.000,+0.000,+0.000,+0.000,1100,0,
1785507419.0341,2026-07-31T10:16:59.034,118.069,1189,,,,0,,,,-0.1484,-155.26,-0.1484,-155.26,1,30.0,idle,+0.000,+0.000,+0.000,+0.000,1100,0,
1785507419.1338,2026-07-31T10:16:59.133,118.169,1190,,,,0,,,,-0.1541,-155.28,-0.1541,-155.28,1,30.0,idle,+0.000,+0.000,+0.000,+0.000,1100,0,
1785507419.2341,2026-07-31T10:16:59.234,118.269,1191,,,,0,,,,-0.1497,-155.30,-0.1497,-155.30,1,30.0,idle,+0.000,+0.000,+0.000,+0.000,1100,0,
1785507419.3338,2026-07-31T10:16:59.333,118.369,1192,,,,0,,,,-0.1561,-155.31,-0.1561,-155.31,1,30.0,idle,+0.000,+0.000,+0.000,+0.000,1100,0,
1785507419.4327,2026-07-31T10:16:59.432,118.468,1193,,,,0,,,,-0.1505,-155.34,-0.1505,-155.34,1,30.0,idle,+0.000,+0.000,+0.000,+0.000,1100,0,
1785507419.5314,2026-07-31T10:16:59.531,118.566,1194,,,,0,,,,-0.1559,-155.37,-0.1559,-155.37,1,30.0,idle,+0.000,+0.000,+0.000,+0.000,1100,0,
1785507419.6312,2026-07-31T10:16:59.631,118.666,1195,,,,0,,,,-0.1526,-155.40,-0.1526,-155.40,1,30.0,idle,+0.000,+0.000,+0.000,+0.000,1100,0,
1785507419.7295,2026-07-31T10:16:59.729,118.764,1196,,,,0,,,,-0.1514,-155.42,-0.1514,-155.42,1,30.0,idle,+0.000,+0.000,+0.000,+0.000,1100,0,
1785507419.8285,2026-07-31T10:16:59.828,118.863,1197,,,,0,,,,-0.1569,-155.45,-0.1569,-155.45,1,30.0,idle,+0.000,+0.000,+0.000,+0.000,1100,0,
1785507419.9279,2026-07-31T10:16:59.927,118.963,1198,,,,0,,,,-0.1511,-155.46,-0.1511,-155.46,1,30.0,idle,+0.000,+0.000,+0.000,+0.000,1100,0,
1785507420.0270,2026-07-31T10:17:00.027,119.062,1199,,,,0,,,,-0.1549,-155.48,-0.1549,-155.48,1,30.0,idle,+0.000,+0.000,+0.000,+0.000,1100,0,
1785507420.1262,2026-07-31T10:17:00.126,119.161,1200,,,,0,,,,-0.1506,-155.50,-0.1506,-155.50,1,30.0,idle,+0.000,+0.000,+0.000,+0.000,1100,0,
1785507420.2257,2026-07-31T10:17:00.225,119.261,1201,,,,0,,,,-0.1548,-155.52,-0.1548,-155.52,1,30.0,idle,+0.000,+0.000,+0.000,+0.000,1100,0,
1785507420.3252,2026-07-31T10:17:00.325,119.360,1202,,,,0,,,,-0.1531,-155.55,-0.1531,-155.55,1,30.0,idle,+0.000,+0.000,+0.000,+0.000,1100,0,
1785507420.4235,2026-07-31T10:17:00.423,119.458,1203,,,,0,,,,-0.1550,-155.57,-0.1550,-155.57,1,30.0,idle,+0.000,+0.000,+0.000,+0.000,1100,0,
1785507420.5231,2026-07-31T10:17:00.523,119.558,1204,,,,0,,,,-0.1529,-155.59,-0.1529,-155.59,1,30.0,idle,+0.000,+0.000,+0.000,+0.000,1100,0,
1785507420.6219,2026-07-31T10:17:00.621,119.657,1205,,,,0,,,,-0.1553,-155.59,-0.1553,-155.59,1,30.0,idle,+0.000,+0.000,+0.000,+0.000,1100,0,
1785507420.7209,2026-07-31T10:17:00.720,119.756,1206,,,,0,,,,-0.1494,-155.62,-0.1494,-155.62,1,30.0,idle,+0.000,+0.000,+0.000,+0.000,1100,0,
1785507420.8201,2026-07-31T10:17:00.820,119.855,1207,,,,0,,,,-0.1502,-155.66,-0.1502,-155.66,1,30.0,idle,+0.000,+0.000,+0.000,+0.000,1100,0,
1785507420.9204,2026-07-31T10:17:00.920,119.955,1208,,,,0,,,,-0.1541,-155.68,-0.1541,-155.68,1,30.0,idle,+0.000,+0.000,+0.000,+0.000,1100,0,
1785507421.0215,2026-07-31T10:17:01.021,120.056,1209,,,,0,,,,-0.1543,-155.70,-0.1543,-155.70,1,30.0,idle,+0.000,+0.000,+0.000,+0.000,1100,0,
1785507421.1207,2026-07-31T10:17:01.120,120.156,1210,,,,0,,,,-0.1521,-155.72,-0.1521,-155.72,1,30.0,idle,+0.000,+0.000,+0.000,+0.000,1100,0,
1785507421.2215,2026-07-31T10:17:01.221,120.256,1211,,,,0,,,,-0.1520,-155.74,-0.1520,-155.74,1,30.0,idle,+0.000,+0.000,+0.000,+0.000,1100,0,
1785507421.3208,2026-07-31T10:17:01.320,120.356,1212,,,,0,,,,-0.1470,-155.76,-0.1470,-155.76,1,30.0,idle,+0.000,+0.000,+0.000,+0.000,1100,0,
1785507421.4195,2026-07-31T10:17:01.419,120.454,1213,,,,0,,,,-0.1535,-155.77,-0.1535,-155.77,1,30.0,idle,+0.000,+0.000,+0.000,+0.000,1100,0,
1785507421.5191,2026-07-31T10:17:01.519,120.554,1214,,,,0,,,,-0.1529,-155.79,-0.1529,-155.79,1,30.0,idle,+0.000,+0.000,+0.000,+0.000,1100,0,
1785507421.6186,2026-07-31T10:17:01.618,120.653,1215,,,,0,,,,-0.1515,-155.82,-0.1515,-155.82,1,30.0,idle,+0.000,+0.000,+0.000,+0.000,1100,0,
1785507421.7184,2026-07-31T10:17:01.718,120.753,1216,,,,0,,,,-0.1483,-155.83,-0.1483,-155.83,1,30.0,idle,+0.000,+0.000,+0.000,+0.000,1100,0,
1785507421.8185,2026-07-31T10:17:01.818,120.853,1217,,,,0,,,,-0.1557,-155.85,-0.1557,-155.85,1,30.0,idle,+0.000,+0.000,+0.000,+0.000,1100,0,
1785507421.9194,2026-07-31T10:17:01.919,120.954,1218,,,,0,,,,-0.1501,-155.87,-0.1501,-155.87,1,30.0,idle,+0.000,+0.000,+0.000,+0.000,1100,0,
1785507422.0194,2026-07-31T10:17:02.019,121.054,1219,,,,0,,,,-0.1520,-155.90,-0.1520,-155.90,1,30.0,idle,+0.000,+0.000,+0.000,+0.000,1100,0,
1785507422.1183,2026-07-31T10:17:02.118,121.153,1220,,,,0,,,,-0.1536,-155.92,-0.1536,-155.92,1,30.0,idle,+0.000,+0.000,+0.000,+0.000,1100,0,
1785507422.2186,2026-07-31T10:17:02.218,121.253,1221,,,,0,,,,-0.1547,-155.94,-0.1547,-155.94,1,30.0,idle,+0.000,+0.000,+0.000,+0.000,1100,0,
1785507422.3193,2026-07-31T10:17:02.319,121.354,1222,,,,0,,,,-0.1550,-155.96,-0.1550,-155.96,1,30.0,idle,+0.000,+0.000,+0.000,+0.000,1100,0,
1785507422.4169,2026-07-31T10:17:02.416,121.452,1223,,,,0,,,,-0.1525,-155.97,-0.1525,-155.97,1,30.0,idle,+0.000,+0.000,+0.000,+0.000,1100,0,
1785507422.5158,2026-07-31T10:17:02.515,121.551,1224,,,,0,,,,-0.1505,-156.00,-0.1505,-156.00,1,30.0,idle,+0.000,+0.000,+0.000,+0.000,1100,0,
1785507422.6149,2026-07-31T10:17:02.614,121.650,1225,,,,0,,,,-0.1515,-156.01,-0.1515,-156.01,1,30.0,idle,+0.000,+0.000,+0.000,+0.000,1100,0,
1785507422.7154,2026-07-31T10:17:02.715,121.750,1226,,,,0,,,,-0.1527,-156.05,-0.1527,-156.05,1,30.0,idle,+0.000,+0.000,+0.000,+0.000,1100,0,
1785507422.8142,2026-07-31T10:17:02.814,121.849,1227,,,,0,,,,-0.1520,-156.07,-0.1520,-156.07,1,30.0,idle,+0.000,+0.000,+0.000,+0.000,1100,0,
1785507422.9130,2026-07-31T10:17:02.912,121.948,1228,,,,0,,,,-0.1502,-156.08,-0.1502,-156.08,1,30.0,idle,+0.000,+0.000,+0.000,+0.000,1100,0,
1785507423.0118,2026-07-31T10:17:03.011,122.047,1229,,,,0,,,,-0.1526,-156.11,-0.1526,-156.11,1,30.0,idle,+0.000,+0.000,+0.000,+0.000,1100,0,
1785507423.1116,2026-07-31T10:17:03.111,122.146,1230,,,,0,,,,-0.1524,-156.13,-0.1524,-156.13,1,30.0,idle,+0.000,+0.000,+0.000,+0.000,1100,0,
1785507423.2124,2026-07-31T10:17:03.212,122.247,1231,,,,0,,,,-0.1527,-156.14,-0.1527,-156.14,1,30.0,idle,+0.000,+0.000,+0.000,+0.000,1100,0,
1785507423.3109,2026-07-31T10:17:03.310,122.346,1232,,,,0,,,,-0.1562,-156.16,-0.1562,-156.16,1,30.0,idle,+0.000,+0.000,+0.000,+0.000,1100,0,
1785507423.4115,2026-07-31T10:17:03.411,122.446,1233,,,,0,,,,-0.1514,-156.18,-0.1514,-156.18,1,30.0,idle,+0.000,+0.000,+0.000,+0.000,1100,0,
1785507423.5102,2026-07-31T10:17:03.510,122.545,1234,,,,0,,,,-0.1510,-156.21,-0.1510,-156.21,1,30.0,idle,+0.000,+0.000,+0.000,+0.000,1100,0,
1785507423.6094,2026-07-31T10:17:03.609,122.644,1235,,,,0,,,,-0.1497,-156.22,-0.1497,-156.22,1,30.0,idle,+0.000,+0.000,+0.000,+0.000,1100,0,
1785507423.7080,2026-07-31T10:17:03.708,122.743,1236,,,,0,,,,-0.1532,-156.25,-0.1532,-156.25,1,30.0,idle,+0.000,+0.000,+0.000,+0.000,1100,0,
1785507423.8075,2026-07-31T10:17:03.807,122.842,1237,,,,0,,,,-0.1562,-156.26,-0.1562,-156.26,1,30.0,idle,+0.000,+0.000,+0.000,+0.000,1100,0,
1785507423.9057,2026-07-31T10:17:03.905,122.941,1238,,,,0,,,,-0.1529,-156.27,-0.1529,-156.27,1,30.0,idle,+0.000,+0.000,+0.000,+0.000,1100,0,
1785507424.0051,2026-07-31T10:17:04.005,123.040,1239,,,,0,,,,-0.1535,-156.29,-0.1535,-156.29,1,30.0,idle,+0.000,+0.000,+0.000,+0.000,1100,0,
1785507424.1043,2026-07-31T10:17:04.104,123.139,1240,,,,0,,,,-0.1501,-156.31,-0.1501,-156.31,1,30.0,idle,+0.000,+0.000,+0.000,+0.000,1100,0,
1785507424.2033,2026-07-31T10:17:04.203,123.238,1241,,,,0,,,,-0.1515,-156.33,-0.1515,-156.33,1,30.0,idle,+0.000,+0.000,+0.000,+0.000,1100,0,
1785507424.3031,2026-07-31T10:17:04.303,123.338,1242,,,,0,,,,-0.1524,-156.35,-0.1524,-156.35,1,30.0,idle,+0.000,+0.000,+0.000,+0.000,1100,0,
1785507424.4019,2026-07-31T10:17:04.401,123.437,1243,,,,0,,,,-0.1493,-156.37,-0.1493,-156.37,1,30.0,idle,+0.000,+0.000,+0.000,+0.000,1100,0,
1785507424.5016,2026-07-31T10:17:04.501,123.537,1244,,,,0,,,,-0.1533,-156.40,-0.1533,-156.40,1,30.0,idle,+0.000,+0.000,+0.000,+0.000,1100,0,
1785507424.5998,2026-07-31T10:17:04.599,123.635,1245,,,,0,,,,-0.1539,-156.41,-0.1539,-156.41,1,30.0,idle,+0.000,+0.000,+0.000,+0.000,1100,0,
1785507424.6995,2026-07-31T10:17:04.699,123.734,1246,,,,0,,,,-0.1514,-156.44,-0.1514,-156.44,1,30.0,idle,+0.000,+0.000,+0.000,+0.000,1100,0,
1785507424.7986,2026-07-31T10:17:04.798,123.833,1247,,,,0,,,,-0.1539,-156.46,-0.1539,-156.46,1,30.0,idle,+0.000,+0.000,+0.000,+0.000,1100,0,
1785507424.8982,2026-07-31T10:17:04.898,123.933,1248,,,,0,,,,-0.1555,-156.48,-0.1555,-156.48,1,30.0,idle,+0.000,+0.000,+0.000,+0.000,1100,0,
1785507424.9974,2026-07-31T10:17:04.997,124.032,1249,,,,0,,,,-0.1525,-156.51,-0.1525,-156.51,1,30.0,idle,+0.000,+0.000,+0.000,+0.000,1100,0,
1785507425.0963,2026-07-31T10:17:05.096,124.131,1250,,,,0,,,,-0.1537,-156.53,-0.1537,-156.53,1,30.0,idle,+0.000,+0.000,+0.000,+0.000,1100,0,
1785507425.1951,2026-07-31T10:17:05.195,124.230,1251,,,,0,,,,-0.1552,-156.56,-0.1552,-156.56,1,30.0,idle,+0.000,+0.000,+0.000,+0.000,1100,0,
1785507425.2945,2026-07-31T10:17:05.294,124.329,1252,,,,0,,,,-0.1530,-156.57,-0.1530,-156.57,1,30.0,idle,+0.000,+0.000,+0.000,+0.000,1100,0,
1785507425.3948,2026-07-31T10:17:05.394,124.430,1253,,,,0,,,,-0.1556,-156.61,-0.1556,-156.61,1,30.0,idle,+0.000,+0.000,+0.000,+0.000,1100,0,
1785507425.4931,2026-07-31T10:17:05.493,124.528,1254,,,,0,,,,-0.1515,-156.64,-0.1515,-156.64,1,30.0,idle,+0.000,+0.000,+0.000,+0.000,1100,0,
1785507425.5921,2026-07-31T10:17:05.592,124.627,1255,,,,0,,,,-0.1495,-156.66,-0.1495,-156.66,1,30.0,idle,+0.000,+0.000,+0.000,+0.000,1100,0,
1785507425.6927,2026-07-31T10:17:05.692,124.728,1256,,,,0,,,,-0.1535,-156.69,-0.1535,-156.69,1,30.0,idle,+0.000,+0.000,+0.000,+0.000,1100,0,
1785507425.7915,2026-07-31T10:17:05.791,124.826,1257,,,,0,,,,-0.1580,-156.71,-0.1580,-156.71,1,30.0,idle,+0.000,+0.000,+0.000,+0.000,1100,0,
1785507425.8918,2026-07-31T10:17:05.891,124.927,1258,,,,0,,,,-0.1575,-156.73,-0.1575,-156.73,1,30.0,idle,+0.000,+0.000,+0.000,+0.000,1100,0,
1785507425.9926,2026-07-31T10:17:05.992,125.028,1259,,,,0,,,,-0.1525,-156.76,-0.1525,-156.76,1,30.0,idle,+0.000,+0.000,+0.000,+0.000,1100,0,
1785507426.0914,2026-07-31T10:17:06.091,125.126,1260,,,,0,,,,-0.1541,-156.77,-0.1541,-156.77,1,30.0,idle,+0.000,+0.000,+0.000,+0.000,1100,0,
1785507426.1901,2026-07-31T10:17:06.190,125.225,1261,,,,0,,,,-0.1515,-156.79,-0.1515,-156.79,1,30.0,idle,+0.000,+0.000,+0.000,+0.000,1100,0,
1785507426.2896,2026-07-31T10:17:06.289,125.324,1262,,,,0,,,,-0.1530,-156.81,-0.1530,-156.81,1,30.0,idle,+0.000,+0.000,+0.000,+0.000,1100,0,
1785507426.3870,2026-07-31T10:17:06.386,125.422,1263,,,,0,,,,-0.1531,-156.83,-0.1531,-156.83,1,30.0,idle,+0.000,+0.000,+0.000,+0.000,1100,0,
1785507426.4862,2026-07-31T10:17:06.486,125.521,1264,,,,0,,,,-0.1538,-156.84,-0.1538,-156.84,1,30.0,idle,+0.000,+0.000,+0.000,+0.000,1100,0,
1785507426.5850,2026-07-31T10:17:06.585,125.620,1265,,,,0,,,,-0.1548,-156.86,-0.1548,-156.86,1,30.0,idle,+0.000,+0.000,+0.000,+0.000,1100,0,
1785507426.6847,2026-07-31T10:17:06.684,125.720,1266,,,,0,,,,-0.1517,-156.89,-0.1517,-156.89,1,30.0,idle,+0.000,+0.000,+0.000,+0.000,1100,0,
1785507426.7848,2026-07-31T10:17:06.784,125.820,1267,,,,0,,,,-0.1537,-156.90,-0.1537,-156.90,1,30.0,idle,+0.000,+0.000,+0.000,+0.000,1100,0,
1785507426.8838,2026-07-31T10:17:06.883,125.919,1268,,,,0,,,,-0.1545,-156.93,-0.1545,-156.93,1,30.0,idle,+0.000,+0.000,+0.000,+0.000,1100,0,
1785507426.9822,2026-07-31T10:17:06.982,126.017,1269,,,,0,,,,-0.1536,-156.94,-0.1536,-156.94,1,30.0,idle,+0.000,+0.000,+0.000,+0.000,1100,0,
1785507427.0812,2026-07-31T10:17:07.081,126.116,1270,,,,0,,,,-0.1526,-156.96,-0.1526,-156.96,1,30.0,idle,+0.000,+0.000,+0.000,+0.000,1100,0,
1785507427.1818,2026-07-31T10:17:07.181,126.217,1271,,,,0,,,,-0.1565,-156.98,-0.1565,-156.98,1,30.0,idle,+0.000,+0.000,+0.000,+0.000,1100,0,
1785507427.2810,2026-07-31T10:17:07.281,126.316,1272,,,,0,,,,-0.1523,-157.00,-0.1523,-157.00,1,30.0,idle,+0.000,+0.000,+0.000,+0.000,1100,0,
1785507427.3807,2026-07-31T10:17:07.380,126.416,1273,,,,0,,,,-0.1502,-157.02,-0.1502,-157.02,1,30.0,idle,+0.000,+0.000,+0.000,+0.000,1100,0,
1785507427.4792,2026-07-31T10:17:07.479,126.514,1274,,,,0,,,,-0.1533,-157.03,-0.1533,-157.03,1,30.0,idle,+0.000,+0.000,+0.000,+0.000,1100,0,
1785507427.5789,2026-07-31T10:17:07.578,126.614,1275,,,,0,,,,-0.1541,-157.05,-0.1541,-157.05,1,30.0,idle,+0.000,+0.000,+0.000,+0.000,1100,0,
1785507427.6775,2026-07-31T10:17:07.677,126.712,1276,,,,0,,,,-0.1566,-157.06,-0.1566,-157.06,1,30.0,idle,+0.000,+0.000,+0.000,+0.000,1100,0,
1785507427.7761,2026-07-31T10:17:07.776,126.811,1277,,,,0,,,,-0.1544,-157.09,-0.1544,-157.09,1,30.0,idle,+0.000,+0.000,+0.000,+0.000,1100,0,
1785507427.8769,2026-07-31T10:17:07.876,126.912,1278,,,,0,,,,-0.1506,-157.12,-0.1506,-157.12,1,30.0,idle,+0.000,+0.000,+0.000,+0.000,1100,0,
1785507427.9767,2026-07-31T10:17:07.976,127.012,1279,,,,0,,,,-0.1541,-157.13,-0.1541,-157.13,1,30.0,idle,+0.000,+0.000,+0.000,+0.000,1100,0,
1785507428.0754,2026-07-31T10:17:08.075,127.110,1280,,,,0,,,,-0.1486,-157.17,-0.1486,-157.17,1,30.0,idle,+0.000,+0.000,+0.000,+0.000,1100,0,
1785507428.1743,2026-07-31T10:17:08.174,127.209,1281,,,,0,,,,-0.1536,-157.18,-0.1536,-157.18,1,30.0,idle,+0.000,+0.000,+0.000,+0.000,1100,0,
1785507428.2734,2026-07-31T10:17:08.273,127.308,1282,,,,0,,,,-0.1529,-157.20,-0.1529,-157.20,1,30.0,idle,+0.000,+0.000,+0.000,+0.000,1100,0,
1785507428.3721,2026-07-31T10:17:08.372,127.407,1283,,,,0,,,,-0.1505,-157.23,-0.1505,-157.23,1,30.0,idle,+0.000,+0.000,+0.000,+0.000,1100,0,
1785507428.4721,2026-07-31T10:17:08.472,127.507,1284,,,,0,,,,-0.1546,-157.24,-0.1546,-157.24,1,30.0,idle,+0.000,+0.000,+0.000,+0.000,1100,0,
1785507428.5724,2026-07-31T10:17:08.572,127.607,1285,,,,0,,,,-0.1508,-157.26,-0.1508,-157.26,1,30.0,idle,+0.000,+0.000,+0.000,+0.000,1100,0,
1785507428.6717,2026-07-31T10:17:08.671,127.707,1286,,,,0,,,,-0.1533,-157.29,-0.1533,-157.29,1,30.0,idle,+0.000,+0.000,+0.000,+0.000,1100,0,
1785507428.7702,2026-07-31T10:17:08.770,127.805,1287,,,,0,,,,-0.1517,-157.31,-0.1517,-157.31,1,30.0,idle,+0.000,+0.000,+0.000,+0.000,1100,0,
1785507428.8694,2026-07-31T10:17:08.869,127.904,1288,,,,0,,,,-0.1523,-157.34,-0.1523,-157.34,1,30.0,idle,+0.000,+0.000,+0.000,+0.000,1100,0,
1785507428.9684,2026-07-31T10:17:08.968,128.003,1289,,,,0,,,,-0.1572,-157.35,-0.1572,-157.35,1,30.0,idle,+0.000,+0.000,+0.000,+0.000,1100,0,
1785507429.0675,2026-07-31T10:17:09.067,128.102,1290,,,,0,,,,-0.1491,-157.38,-0.1491,-157.38,1,30.0,idle,+0.000,+0.000,+0.000,+0.000,1100,0,
1785507429.1665,2026-07-31T10:17:09.166,128.201,1291,,,,0,,,,-0.1499,-157.40,-0.1499,-157.40,1,30.0,idle,+0.000,+0.000,+0.000,+0.000,1100,0,
1785507429.2657,2026-07-31T10:17:09.265,128.301,1292,,,,0,,,,-0.1516,-157.41,-0.1516,-157.41,1,30.0,idle,+0.000,+0.000,+0.000,+0.000,1100,0,
1785507429.3649,2026-07-31T10:17:09.364,128.400,1293,,,,0,,,,-0.1507,-157.43,-0.1507,-157.43,1,30.0,idle,+0.000,+0.000,+0.000,+0.000,1100,0,
1785507429.4637,2026-07-31T10:17:09.463,128.499,1294,,,,0,,,,-0.1570,-157.44,-0.1570,-157.44,1,30.0,idle,+0.000,+0.000,+0.000,+0.000,1100,0,
1785507429.5629,2026-07-31T10:17:09.562,128.598,1295,,,,0,,,,-0.1548,-157.47,-0.1548,-157.47,1,30.0,idle,+0.000,+0.000,+0.000,+0.000,1100,0,
1785507429.6615,2026-07-31T10:17:09.661,128.696,1296,,,,0,,,,-0.1535,-157.48,-0.1535,-157.48,1,30.0,idle,+0.000,+0.000,+0.000,+0.000,1100,0,
1785507429.7605,2026-07-31T10:17:09.760,128.795,1297,,,,0,,,,-0.1542,-157.50,-0.1542,-157.50,1,30.0,idle,+0.000,+0.000,+0.000,+0.000,1100,0,
1785507429.8595,2026-07-31T10:17:09.859,128.894,1298,,,,0,,,,-0.1539,-157.53,-0.1539,-157.53,1,30.0,idle,+0.000,+0.000,+0.000,+0.000,1100,0,
1785507429.9585,2026-07-31T10:17:09.958,128.993,1299,,,,0,,,,-0.1529,-157.54,-0.1529,-157.54,1,30.0,idle,+0.000,+0.000,+0.000,+0.000,1100,0,
1785507430.0588,2026-07-31T10:17:10.058,129.094,1300,,,,0,,,,-0.1522,-157.56,-0.1522,-157.56,1,30.0,idle,+0.000,+0.000,+0.000,+0.000,1100,0,
1785507430.1577,2026-07-31T10:17:10.157,129.193,1301,,,,0,,,,-0.1524,-157.57,-0.1524,-157.57,1,30.0,idle,+0.000,+0.000,+0.000,+0.000,1100,0,
1785507430.2568,2026-07-31T10:17:10.256,129.292,1302,,,,0,,,,-0.1470,-157.60,-0.1470,-157.60,1,30.0,idle,+0.000,+0.000,+0.000,+0.000,1100,0,
1785507430.3546,2026-07-31T10:17:10.354,129.389,1303,,,,0,,,,-0.1537,-157.60,-0.1537,-157.60,1,30.0,idle,+0.000,+0.000,+0.000,+0.000,1100,0,
1785507430.4535,2026-07-31T10:17:10.453,129.488,1304,,,,0,,,,-0.1546,-157.63,-0.1546,-157.63,1,30.0,idle,+0.000,+0.000,+0.000,+0.000,1100,0,
1785507430.5527,2026-07-31T10:17:10.552,129.588,1305,,,,0,,,,-0.1515,-157.65,-0.1515,-157.65,1,30.0,idle,+0.000,+0.000,+0.000,+0.000,1100,0,
1785507430.6516,2026-07-31T10:17:10.651,129.686,1306,,,,0,,,,-0.1530,-157.67,-0.1530,-157.67,1,30.0,idle,+0.000,+0.000,+0.000,+0.000,1100,0,
1785507430.7506,2026-07-31T10:17:10.750,129.785,1307,,,,0,,,,-0.1538,-157.69,-0.1538,-157.69,1,30.0,idle,+0.000,+0.000,+0.000,+0.000,1100,0,
1785507430.8495,2026-07-31T10:17:10.849,129.884,1308,,,,0,,,,-0.1498,-157.70,-0.1498,-157.70,1,30.0,idle,+0.000,+0.000,+0.000,+0.000,1100,0,
1785507430.9501,2026-07-31T10:17:10.950,129.985,1309,,,,0,,,,-0.1551,-157.73,-0.1551,-157.73,1,30.0,idle,+0.000,+0.000,+0.000,+0.000,1100,0,
1785507431.0490,2026-07-31T10:17:11.048,130.084,1310,,,,0,,,,-0.1503,-157.75,-0.1503,-157.75,1,30.0,idle,+0.000,+0.000,+0.000,+0.000,1100,0,
1785507431.1480,2026-07-31T10:17:11.148,130.183,1311,,,,0,,,,-0.1554,-157.77,-0.1554,-157.77,1,30.0,idle,+0.000,+0.000,+0.000,+0.000,1100,0,
1785507431.2468,2026-07-31T10:17:11.246,130.282,1312,,,,0,,,,-0.1535,-157.80,-0.1535,-157.80,1,30.0,idle,+0.000,+0.000,+0.000,+0.000,1100,0,
1785507431.3454,2026-07-31T10:17:11.345,130.380,1313,,,,0,,,,-0.1564,-157.82,-0.1564,-157.82,1,30.0,idle,+0.000,+0.000,+0.000,+0.000,1100,0,
1785507431.4454,2026-07-31T10:17:11.445,130.480,1314,,,,0,,,,-0.1522,-157.84,-0.1522,-157.84,1,30.0,idle,+0.000,+0.000,+0.000,+0.000,1100,0,
1785507431.5457,2026-07-31T10:17:11.545,130.581,1315,,,,0,,,,-0.1486,-157.87,-0.1486,-157.87,1,30.0,idle,+0.000,+0.000,+0.000,+0.000,1100,0,
1785507431.6447,2026-07-31T10:17:11.644,130.680,1316,,,,0,,,,-0.1568,-157.88,-0.1568,-157.88,1,30.0,idle,+0.000,+0.000,+0.000,+0.000,1100,0,
1785507431.7435,2026-07-31T10:17:11.743,130.778,1317,,,,0,,,,-0.1515,-157.91,-0.1515,-157.91,1,30.0,idle,+0.000,+0.000,+0.000,+0.000,1100,0,
1785507431.8432,2026-07-31T10:17:11.843,130.878,1318,,,,0,,,,-0.1513,-157.92,-0.1513,-157.92,1,30.0,idle,+0.000,+0.000,+0.000,+0.000,1100,0,
1785507431.9417,2026-07-31T10:17:11.941,130.977,1319,,,,0,,,,-0.1533,-157.95,-0.1533,-157.95,1,30.0,idle,+0.000,+0.000,+0.000,+0.000,1100,0,
1785507432.0425,2026-07-31T10:17:12.042,131.077,1320,,,,0,,,,-0.1516,-157.97,-0.1516,-157.97,1,30.0,idle,+0.000,+0.000,+0.000,+0.000,1100,0,
1785507432.1417,2026-07-31T10:17:12.141,131.177,1321,,,,0,,,,-0.1535,-157.99,-0.1535,-157.99,1,30.0,idle,+0.000,+0.000,+0.000,+0.000,1100,0,
1785507432.2407,2026-07-31T10:17:12.240,131.276,1322,,,,0,,,,-0.1536,-158.01,-0.1536,-158.01,1,30.0,idle,+0.000,+0.000,+0.000,+0.000,1100,0,
1785507432.3397,2026-07-31T10:17:12.339,131.375,1323,,,,0,,,,-0.1500,-158.03,-0.1500,-158.03,1,30.0,idle,+0.000,+0.000,+0.000,+0.000,1100,0,
1785507432.4391,2026-07-31T10:17:12.439,131.474,1324,,,,0,,,,-0.1523,-158.05,-0.1523,-158.05,1,30.0,idle,+0.000,+0.000,+0.000,+0.000,1100,0,
1785507432.5381,2026-07-31T10:17:12.538,131.573,1325,,,,0,,,,-0.1499,-158.07,-0.1499,-158.07,1,30.0,idle,+0.000,+0.000,+0.000,+0.000,1100,0,
1785507432.6366,2026-07-31T10:17:12.636,131.671,1326,,,,0,,,,-0.1525,-158.08,-0.1525,-158.08,1,30.0,idle,+0.000,+0.000,+0.000,+0.000,1100,0,
1785507432.7356,2026-07-31T10:17:12.735,131.770,1327,,,,0,,,,-0.1511,-158.10,-0.1511,-158.10,1,30.0,idle,+0.000,+0.000,+0.000,+0.000,1100,0,
1785507432.8357,2026-07-31T10:17:12.835,131.871,1328,,,,0,,,,-0.1525,-158.11,-0.1525,-158.11,1,30.0,idle,+0.000,+0.000,+0.000,+0.000,1100,0,
1785507432.9355,2026-07-31T10:17:12.935,131.970,1329,,,,0,,,,-0.1514,-158.14,-0.1514,-158.14,1,30.0,idle,+0.000,+0.000,+0.000,+0.000,1100,0,
1785507433.0353,2026-07-31T10:17:13.035,132.070,1330,,,,0,,,,-0.1508,-158.17,-0.1508,-158.17,1,30.0,idle,+0.000,+0.000,+0.000,+0.000,1100,0,
1785507433.1341,2026-07-31T10:17:13.134,132.169,1331,,,,0,,,,-0.1538,-158.19,-0.1538,-158.19,1,30.0,idle,+0.000,+0.000,+0.000,+0.000,1100,0,
1785507433.2328,2026-07-31T10:17:13.232,132.268,1332,,,,0,,,,-0.1530,-158.21,-0.1530,-158.21,1,30.0,idle,+0.000,+0.000,+0.000,+0.000,1100,0,
1785507433.3324,2026-07-31T10:17:13.332,132.367,1333,,,,0,,,,-0.1525,-158.23,-0.1525,-158.23,1,30.0,idle,+0.000,+0.000,+0.000,+0.000,1100,0,
1785507433.4323,2026-07-31T10:17:13.432,132.467,1334,,,,0,,,,-0.1513,-158.26,-0.1513,-158.26,1,30.0,idle,+0.000,+0.000,+0.000,+0.000,1100,0,
1785507433.5305,2026-07-31T10:17:13.530,132.565,1335,,,,0,,,,-0.1513,-158.27,-0.1513,-158.27,1,30.0,idle,+0.000,+0.000,+0.000,+0.000,1100,0,
1785507433.6298,2026-07-31T10:17:13.629,132.665,1336,,,,0,,,,-0.1530,-158.29,-0.1530,-158.29,1,30.0,idle,+0.000,+0.000,+0.000,+0.000,1100,0,
1785507433.7286,2026-07-31T10:17:13.728,132.763,1337,,,,0,,,,-0.1528,-158.32,-0.1528,-158.32,1,30.0,idle,+0.000,+0.000,+0.000,+0.000,1100,0,
1785507433.8286,2026-07-31T10:17:13.828,132.863,1338,,,,0,,,,-0.1497,-158.34,-0.1497,-158.34,1,30.0,idle,+0.000,+0.000,+0.000,+0.000,1100,0,
1785507433.9281,2026-07-31T10:17:13.928,132.963,1339,,,,0,,,,-0.1533,-158.37,-0.1533,-158.37,1,30.0,idle,+0.000,+0.000,+0.000,+0.000,1100,0,
1785507434.0285,2026-07-31T10:17:14.028,133.063,1340,,,,0,,,,-0.1513,-158.38,-0.1513,-158.38,1,30.0,idle,+0.000,+0.000,+0.000,+0.000,1100,0,
1785507434.1286,2026-07-31T10:17:14.128,133.163,1341,,,,0,,,,-0.1499,-158.40,-0.1499,-158.40,1,30.0,idle,+0.000,+0.000,+0.000,+0.000,1100,0,
1785507434.2295,2026-07-31T10:17:14.229,133.264,1342,,,,0,,,,-0.1550,-158.42,-0.1550,-158.42,1,30.0,idle,+0.000,+0.000,+0.000,+0.000,1100,0,
1785507434.3276,2026-07-31T10:17:14.327,133.362,1343,,,,0,,,,-0.1560,-158.43,-0.1560,-158.43,1,30.0,idle,+0.000,+0.000,+0.000,+0.000,1100,0,
1785507434.4281,2026-07-31T10:17:14.428,133.463,1344,,,,0,,,,-0.1504,-158.45,-0.1504,-158.45,1,30.0,idle,+0.000,+0.000,+0.000,+0.000,1100,0,
1785507434.5272,2026-07-31T10:17:14.527,133.562,1345,,,,0,,,,-0.1508,-158.47,-0.1508,-158.47,1,30.0,idle,+0.000,+0.000,+0.000,+0.000,1100,0,
1785507434.6262,2026-07-31T10:17:14.626,133.661,1346,,,,0,,,,-0.1555,-158.49,-0.1555,-158.49,1,30.0,idle,+0.000,+0.000,+0.000,+0.000,1100,0,
1785507434.7247,2026-07-31T10:17:14.724,133.760,1347,,,,0,,,,-0.1498,-158.51,-0.1498,-158.51,1,30.0,idle,+0.000,+0.000,+0.000,+0.000,1100,0,
1785507434.8242,2026-07-31T10:17:14.824,133.859,1348,,,,0,,,,-0.1555,-158.52,-0.1555,-158.52,1,30.0,idle,+0.000,+0.000,+0.000,+0.000,1100,0,
1785507434.9248,2026-07-31T10:17:14.924,133.960,1349,,,,0,,,,-0.1544,-158.54,-0.1544,-158.54,1,30.0,idle,+0.000,+0.000,+0.000,+0.000,1100,0,
1785507435.0246,2026-07-31T10:17:15.024,134.059,1350,,,,0,,,,-0.1523,-158.55,-0.1523,-158.55,1,30.0,idle,+0.000,+0.000,+0.000,+0.000,1100,0,
1785507435.1244,2026-07-31T10:17:15.124,134.159,1351,,,,0,,,,-0.1497,-158.58,-0.1497,-158.58,1,30.0,idle,+0.000,+0.000,+0.000,+0.000,1100,0,
1785507435.2227,2026-07-31T10:17:15.222,134.258,1352,,,,0,,,,-0.1524,-158.59,-0.1524,-158.59,1,30.0,idle,+0.000,+0.000,+0.000,+0.000,1100,0,
1785507435.3221,2026-07-31T10:17:15.322,134.357,1353,,,,0,,,,-0.1513,-158.62,-0.1513,-158.62,1,30.0,idle,+0.000,+0.000,+0.000,+0.000,1100,0,
1785507435.4203,2026-07-31T10:17:15.420,134.455,1354,,,,0,,,,-0.1535,-158.64,-0.1535,-158.64,1,30.0,idle,+0.000,+0.000,+0.000,+0.000,1100,0,
1785507435.5197,2026-07-31T10:17:15.519,134.555,1355,,,,0,,,,-0.1531,-158.65,-0.1531,-158.65,1,30.0,idle,+0.000,+0.000,+0.000,+0.000,1100,0,
1785507435.6203,2026-07-31T10:17:15.620,134.655,1356,,,,0,,,,-0.1521,-158.67,-0.1521,-158.67,1,30.0,idle,+0.000,+0.000,+0.000,+0.000,1100,0,
1785507435.7187,2026-07-31T10:17:15.718,134.754,1357,,,,0,,,,-0.1544,-158.69,-0.1544,-158.69,1,30.0,idle,+0.000,+0.000,+0.000,+0.000,1100,0,
1785507435.8177,2026-07-31T10:17:15.817,134.853,1358,,,,0,,,,-0.1523,-158.71,-0.1523,-158.71,1,30.0,idle,+0.000,+0.000,+0.000,+0.000,1100,0,
1785507435.9176,2026-07-31T10:17:15.917,134.953,1359,,,,0,,,,-0.1531,-158.74,-0.1531,-158.74,1,30.0,idle,+0.000,+0.000,+0.000,+0.000,1100,0,
1785507436.0174,2026-07-31T10:17:16.017,135.052,1360,,,,0,,,,-0.1506,-158.75,-0.1506,-158.75,1,30.0,idle,+0.000,+0.000,+0.000,+0.000,1100,0,
1785507436.1163,2026-07-31T10:17:16.116,135.151,1361,,,,0,,,,-0.1537,-158.77,-0.1537,-158.77,1,30.0,idle,+0.000,+0.000,+0.000,+0.000,1100,0,
1785507436.2151,2026-07-31T10:17:16.215,135.250,1362,,,,0,,,,-0.1519,-158.80,-0.1519,-158.80,1,30.0,idle,+0.000,+0.000,+0.000,+0.000,1100,0,
1785507436.3147,2026-07-31T10:17:16.314,135.350,1363,,,,0,,,,-0.1555,-158.81,-0.1555,-158.81,1,30.0,idle,+0.000,+0.000,+0.000,+0.000,1100,0,
1785507436.4166,2026-07-31T10:17:16.416,135.451,1364,,,,0,,,,-0.1548,-158.83,-0.1548,-158.83,1,30.0,idle,+0.000,+0.000,+0.000,+0.000,1100,0,
1785507436.5155,2026-07-31T10:17:16.515,135.550,1365,,,,0,,,,-0.1525,-158.84,-0.1525,-158.84,1,30.0,idle,+0.000,+0.000,+0.000,+0.000,1100,0,
1785507436.6151,2026-07-31T10:17:16.615,135.650,1366,,,,0,,,,-0.1527,-158.87,-0.1527,-158.87,1,30.0,idle,+0.000,+0.000,+0.000,+0.000,1100,0,
1785507436.7147,2026-07-31T10:17:16.714,135.750,1367,,,,0,,,,-0.1486,-158.89,-0.1486,-158.89,1,30.0,idle,+0.000,+0.000,+0.000,+0.000,1100,0,
1785507436.8147,2026-07-31T10:17:16.814,135.850,1368,,,,0,,,,-0.1521,-158.90,-0.1521,-158.90,1,30.0,idle,+0.000,+0.000,+0.000,+0.000,1100,0,
1785507436.9147,2026-07-31T10:17:16.914,135.950,1369,,,,0,,,,-0.1549,-158.93,-0.1549,-158.93,1,30.0,idle,+0.000,+0.000,+0.000,+0.000,1100,0,
1785507437.0138,2026-07-31T10:17:17.013,136.049,1370,,,,0,,,,-0.1530,-158.95,-0.1530,-158.95,1,30.0,idle,+0.000,+0.000,+0.000,+0.000,1100,0,
1785507437.1141,2026-07-31T10:17:17.114,136.149,1371,,,,0,,,,-0.1519,-158.97,-0.1519,-158.97,1,30.0,idle,+0.000,+0.000,+0.000,+0.000,1100,0,
1785507437.2134,2026-07-31T10:17:17.213,136.248,1372,,,,0,,,,-0.1520,-158.98,-0.1520,-158.98,1,30.0,idle,+0.000,+0.000,+0.000,+0.000,1100,0,
1785507437.3124,2026-07-31T10:17:17.312,136.347,1373,,,,0,,,,-0.1501,-159.01,-0.1501,-159.01,1,30.0,idle,+0.000,+0.000,+0.000,+0.000,1100,0,
1785507437.4113,2026-07-31T10:17:17.411,136.446,1374,,,,0,,,,-0.1542,-159.03,-0.1542,-159.03,1,30.0,idle,+0.000,+0.000,+0.000,+0.000,1100,0,
1785507437.5104,2026-07-31T10:17:17.510,136.545,1375,,,,0,,,,-0.1496,-159.05,-0.1496,-159.05,1,30.0,idle,+0.000,+0.000,+0.000,+0.000,1100,0,
1785507437.6093,2026-07-31T10:17:17.609,136.644,1376,,,,0,,,,-0.1553,-159.08,-0.1553,-159.08,1,30.0,idle,+0.000,+0.000,+0.000,+0.000,1100,0,
1785507437.7085,2026-07-31T10:17:17.708,136.743,1377,,,,0,,,,-0.1511,-159.10,-0.1511,-159.10,1,30.0,idle,+0.000,+0.000,+0.000,+0.000,1100,0,
1785507437.8079,2026-07-31T10:17:17.807,136.843,1378,,,,0,,,,-0.1508,-159.12,-0.1508,-159.12,1,30.0,idle,+0.000,+0.000,+0.000,+0.000,1100,0,
1785507437.9086,2026-07-31T10:17:17.908,136.943,1379,,,,0,,,,-0.1541,-159.15,-0.1541,-159.15,1,30.0,idle,+0.000,+0.000,+0.000,+0.000,1100,0,
1785507438.0078,2026-07-31T10:17:18.007,137.043,1380,,,,0,,,,-0.1563,-159.17,-0.1563,-159.17,1,30.0,idle,+0.000,+0.000,+0.000,+0.000,1100,0,
1785507438.1077,2026-07-31T10:17:18.107,137.143,1381,,,,0,,,,-0.1573,-159.19,-0.1573,-159.19,1,30.0,idle,+0.000,+0.000,+0.000,+0.000,1100,0,
1785507438.2059,2026-07-31T10:17:18.205,137.241,1382,,,,0,,,,-0.1505,-159.21,-0.1505,-159.21,1,30.0,idle,+0.000,+0.000,+0.000,+0.000,1100,0,
1785507438.3057,2026-07-31T10:17:18.305,137.341,1383,,,,0,,,,-0.1527,-159.23,-0.1527,-159.23,1,30.0,idle,+0.000,+0.000,+0.000,+0.000,1100,0,
1785507438.4043,2026-07-31T10:17:18.404,137.439,1384,,,,0,,,,-0.1464,-159.26,-0.1464,-159.26,1,30.0,idle,+0.000,+0.000,+0.000,+0.000,1100,0,
1785507438.5038,2026-07-31T10:17:18.503,137.539,1385,,,,0,,,,-0.1523,-159.27,-0.1523,-159.27,1,30.0,idle,+0.000,+0.000,+0.000,+0.000,1100,0,
1785507438.6024,2026-07-31T10:17:18.602,137.637,1386,,,,0,,,,-0.1523,-159.30,-0.1523,-159.30,1,30.0,idle,+0.000,+0.000,+0.000,+0.000,1100,0,
1785507438.7028,2026-07-31T10:17:18.702,137.738,1387,,,,0,,,,-0.1538,-159.31,-0.1538,-159.31,1,30.0,idle,+0.000,+0.000,+0.000,+0.000,1100,0,
1785507438.8017,2026-07-31T10:17:18.801,137.837,1388,,,,0,,,,-0.1547,-159.33,-0.1547,-159.33,1,30.0,idle,+0.000,+0.000,+0.000,+0.000,1100,0,
1785507438.9004,2026-07-31T10:17:18.900,137.935,1389,,,,0,,,,-0.1528,-159.35,-0.1528,-159.35,1,30.0,idle,+0.000,+0.000,+0.000,+0.000,1100,0,
1785507438.9999,2026-07-31T10:17:18.999,138.035,1390,,,,0,,,,-0.1531,-159.38,-0.1531,-159.38,1,30.0,idle,+0.000,+0.000,+0.000,+0.000,1100,0,
1785507439.0992,2026-07-31T10:17:19.099,138.134,1391,,,,0,,,,-0.1535,-159.41,-0.1535,-159.41,1,30.0,idle,+0.000,+0.000,+0.000,+0.000,1100,0,
1785507439.1982,2026-07-31T10:17:19.198,138.233,1392,,,,0,,,,-0.1535,-159.42,-0.1535,-159.42,1,30.0,idle,+0.000,+0.000,+0.000,+0.000,1100,0,
1785507439.2975,2026-07-31T10:17:19.297,138.332,1393,,,,0,,,,-0.1494,-159.45,-0.1494,-159.45,1,30.0,idle,+0.000,+0.000,+0.000,+0.000,1100,0,
1785507439.3963,2026-07-31T10:17:19.396,138.431,1394,,,,0,,,,-0.1544,-159.46,-0.1544,-159.46,1,30.0,idle,+0.000,+0.000,+0.000,+0.000,1100,0,
1785507439.4956,2026-07-31T10:17:19.495,138.530,1395,,,,0,,,,-0.1493,-159.48,-0.1493,-159.48,1,30.0,idle,+0.000,+0.000,+0.000,+0.000,1100,0,
1785507439.5951,2026-07-31T10:17:19.595,138.630,1396,,,,0,,,,-0.1513,-159.50,-0.1513,-159.50,1,30.0,idle,+0.000,+0.000,+0.000,+0.000,1100,0,
1785507439.6942,2026-07-31T10:17:19.694,138.729,1397,,,,0,,,,-0.1538,-159.52,-0.1538,-159.52,1,30.0,idle,+0.000,+0.000,+0.000,+0.000,1100,0,
1785507439.7947,2026-07-31T10:17:19.794,138.830,1398,,,,0,,,,-0.1530,-159.55,-0.1530,-159.55,1,30.0,idle,+0.000,+0.000,+0.000,+0.000,1100,0,
1785507439.8934,2026-07-31T10:17:19.893,138.928,1399,,,,0,,,,-0.1518,-159.56,-0.1518,-159.56,1,30.0,idle,+0.000,+0.000,+0.000,+0.000,1100,0,
1785507439.9929,2026-07-31T10:17:19.992,139.028,1400,,,,0,,,,-0.1559,-159.59,-0.1559,-159.59,1,30.0,idle,+0.000,+0.000,+0.000,+0.000,1100,0,
1785507440.0930,2026-07-31T10:17:20.092,139.128,1401,,,,0,,,,-0.1515,-159.61,-0.1515,-159.61,1,30.0,idle,+0.000,+0.000,+0.000,+0.000,1100,0,
1785507440.1922,2026-07-31T10:17:20.192,139.227,1402,,,,0,,,,-0.1521,-159.62,-0.1521,-159.62,1,30.0,idle,+0.000,+0.000,+0.000,+0.000,1100,0,
1785507440.2916,2026-07-31T10:17:20.291,139.327,1403,,,,0,,,,-0.1556,-159.65,-0.1556,-159.65,1,30.0,idle,+0.000,+0.000,+0.000,+0.000,1100,0,
1785507440.3910,2026-07-31T10:17:20.391,139.426,1404,,,,0,,,,-0.1506,-159.66,-0.1506,-159.66,1,30.0,idle,+0.000,+0.000,+0.000,+0.000,1100,0,
1785507440.4906,2026-07-31T10:17:20.490,139.525,1405,,,,0,,,,-0.1516,-159.67,-0.1516,-159.67,1,30.0,idle,+0.000,+0.000,+0.000,+0.000,1100,0,
1785507440.5908,2026-07-31T10:17:20.590,139.626,1406,,,,0,,,,-0.1515,-159.69,-0.1515,-159.69,1,30.0,idle,+0.000,+0.000,+0.000,+0.000,1100,0,
1785507440.6894,2026-07-31T10:17:20.689,139.724,1407,,,,0,,,,-0.1488,-159.71,-0.1488,-159.71,1,30.0,idle,+0.000,+0.000,+0.000,+0.000,1100,0,
1785507440.7883,2026-07-31T10:17:20.788,139.823,1408,,,,0,,,,-0.1552,-159.74,-0.1552,-159.74,1,30.0,idle,+0.000,+0.000,+0.000,+0.000,1100,0,
1785507440.8887,2026-07-31T10:17:20.888,139.924,1409,,,,0,,,,-0.1547,-159.75,-0.1547,-159.75,1,30.0,idle,+0.000,+0.000,+0.000,+0.000,1100,0,
1785507440.9875,2026-07-31T10:17:20.987,140.022,1410,,,,0,,,,-0.1540,-159.77,-0.1540,-159.77,1,30.0,idle,+0.000,+0.000,+0.000,+0.000,1100,0,
1785507441.0889,2026-07-31T10:17:21.088,140.124,1411,,,,0,,,,-0.1568,-159.79,-0.1568,-159.79,1,30.0,idle,+0.000,+0.000,+0.000,+0.000,1100,0,
1785507441.1876,2026-07-31T10:17:21.187,140.222,1412,,,,0,,,,-0.1490,-159.80,-0.1490,-159.80,1,30.0,idle,+0.000,+0.000,+0.000,+0.000,1100,0,
1785507441.2863,2026-07-31T10:17:21.286,140.321,1413,,,,0,,,,-0.1573,-159.83,-0.1573,-159.83,1,30.0,idle,+0.000,+0.000,+0.000,+0.000,1100,0,
1785507441.3847,2026-07-31T10:17:21.384,140.420,1414,,,,0,,,,-0.1522,-159.84,-0.1522,-159.84,1,30.0,idle,+0.000,+0.000,+0.000,+0.000,1100,0,
1785507441.4836,2026-07-31T10:17:21.483,140.518,1415,,,,0,,,,-0.1559,-159.87,-0.1559,-159.87,1,30.0,idle,+0.000,+0.000,+0.000,+0.000,1100,0,
1785507441.5825,2026-07-31T10:17:21.582,140.617,1416,,,,0,,,,-0.1567,-159.90,-0.1567,-159.90,1,30.0,idle,+0.000,+0.000,+0.000,+0.000,1100,0,
1785507441.6814,2026-07-31T10:17:21.681,140.716,1417,,,,0,,,,-0.1539,-159.90,-0.1539,-159.90,1,30.0,idle,+0.000,+0.000,+0.000,+0.000,1100,0,
1785507441.7803,2026-07-31T10:17:21.780,140.815,1418,,,,0,,,,-0.1512,-159.92,-0.1512,-159.92,1,30.0,idle,+0.000,+0.000,+0.000,+0.000,1100,0,
1785507441.8798,2026-07-31T10:17:21.879,140.915,1419,,,,0,,,,-0.1532,-159.93,-0.1532,-159.93,1,30.0,idle,+0.000,+0.000,+0.000,+0.000,1100,0,
1785507441.9787,2026-07-31T10:17:21.978,141.014,1420,,,,0,,,,-0.1513,-159.96,-0.1513,-159.96,1,30.0,idle,+0.000,+0.000,+0.000,+0.000,1100,0,
1785507442.0776,2026-07-31T10:17:22.077,141.112,1421,,,,0,,,,-0.1538,-159.97,-0.1538,-159.97,1,30.0,idle,+0.000,+0.000,+0.000,+0.000,1100,0,
1785507442.1766,2026-07-31T10:17:22.176,141.212,1422,,,,0,,,,-0.1551,-160.00,-0.1551,-160.00,1,30.0,idle,+0.000,+0.000,+0.000,+0.000,1100,0,
1785507442.2762,2026-07-31T10:17:22.276,141.311,1423,,,,0,,,,-0.1562,-160.03,-0.1562,-160.03,1,30.0,idle,+0.000,+0.000,+0.000,+0.000,1100,0,
1785507442.3771,2026-07-31T10:17:22.377,141.412,1424,,,,0,,,,-0.1531,-160.04,-0.1531,-160.04,1,30.0,idle,+0.000,+0.000,+0.000,+0.000,1100,0,
1785507442.4782,2026-07-31T10:17:22.478,141.513,1425,,,,0,,,,-0.1527,-160.07,-0.1527,-160.07,1,30.0,idle,+0.000,+0.000,+0.000,+0.000,1100,0,
1785507442.5788,2026-07-31T10:17:22.578,141.614,1426,,,,0,,,,-0.1544,-160.08,-0.1544,-160.08,1,30.0,idle,+0.000,+0.000,+0.000,+0.000,1100,0,
1785507442.6776,2026-07-31T10:17:22.677,141.713,1427,,,,0,,,,-0.1507,-160.11,-0.1507,-160.11,1,30.0,idle,+0.000,+0.000,+0.000,+0.000,1100,0,
1785507442.7765,2026-07-31T10:17:22.776,141.811,1428,,,,0,,,,-0.1502,-160.13,-0.1502,-160.13,1,30.0,idle,+0.000,+0.000,+0.000,+0.000,1100,0,
1785507442.8756,2026-07-31T10:17:22.875,141.910,1429,,,,0,,,,-0.1537,-160.14,-0.1537,-160.14,1,30.0,idle,+0.000,+0.000,+0.000,+0.000,1100,0,
1785507442.9744,2026-07-31T10:17:22.974,142.009,1430,,,,0,,,,-0.1512,-160.15,-0.1512,-160.15,1,30.0,idle,+0.000,+0.000,+0.000,+0.000,1100,0,
1785507443.0735,2026-07-31T10:17:23.073,142.108,1431,,,,0,,,,-0.1512,-160.17,-0.1512,-160.17,1,30.0,idle,+0.000,+0.000,+0.000,+0.000,1100,0,
1785507443.1728,2026-07-31T10:17:23.172,142.208,1432,,,,0,,,,-0.1532,-160.20,-0.1532,-160.20,1,30.0,idle,+0.000,+0.000,+0.000,+0.000,1100,0,
1785507443.2722,2026-07-31T10:17:23.272,142.307,1433,,,,0,,,,-0.1553,-160.22,-0.1553,-160.22,1,30.0,idle,+0.000,+0.000,+0.000,+0.000,1100,0,
1785507443.3732,2026-07-31T10:17:23.373,142.408,1434,,,,0,,,,-0.1512,-160.23,-0.1512,-160.23,1,30.0,idle,+0.000,+0.000,+0.000,+0.000,1100,0,
1785507443.4724,2026-07-31T10:17:23.472,142.507,1435,,,,0,,,,-0.1530,-160.25,-0.1530,-160.25,1,30.0,idle,+0.000,+0.000,+0.000,+0.000,1100,0,
1785507443.5730,2026-07-31T10:17:23.573,142.608,1436,,,,0,,,,-0.1550,-160.27,-0.1550,-160.27,1,30.0,idle,+0.000,+0.000,+0.000,+0.000,1100,0,
1785507443.6730,2026-07-31T10:17:23.673,142.708,1437,,,,0,,,,-0.1587,-160.29,-0.1587,-160.29,1,30.0,idle,+0.000,+0.000,+0.000,+0.000,1100,0,
1785507443.7743,2026-07-31T10:17:23.774,142.809,1438,,,,0,,,,-0.1528,-160.31,-0.1528,-160.31,1,30.0,idle,+0.000,+0.000,+0.000,+0.000,1100,0,
1785507443.8736,2026-07-31T10:17:23.873,142.908,1439,,,,0,,,,-0.1503,-160.33,-0.1503,-160.33,1,30.0,idle,+0.000,+0.000,+0.000,+0.000,1100,0,
1785507443.9742,2026-07-31T10:17:23.974,143.009,1440,,,,0,,,,-0.1510,-160.37,-0.1510,-160.37,1,30.0,idle,+0.000,+0.000,+0.000,+0.000,1100,0,
1785507444.0726,2026-07-31T10:17:24.072,143.108,1441,,,,0,,,,-0.1552,-160.38,-0.1552,-160.38,1,30.0,idle,+0.000,+0.000,+0.000,+0.000,1100,0,
1785507444.1719,2026-07-31T10:17:24.171,143.207,1442,,,,0,,,,-0.1534,-160.40,-0.1534,-160.40,1,30.0,idle,+0.000,+0.000,+0.000,+0.000,1100,0,
1785507444.2707,2026-07-31T10:17:24.270,143.306,1443,,,,0,,,,-0.1555,-160.42,-0.1555,-160.42,1,30.0,idle,+0.000,+0.000,+0.000,+0.000,1100,0,
1785507444.3696,2026-07-31T10:17:24.369,143.404,1444,,,,0,,,,-0.1524,-160.44,-0.1524,-160.44,1,30.0,idle,+0.000,+0.000,+0.000,+0.000,1100,0,
1785507444.4692,2026-07-31T10:17:24.469,143.504,1445,,,,0,,,,-0.1594,-160.47,-0.1594,-160.47,1,30.0,idle,+0.000,+0.000,+0.000,+0.000,1100,0,
1785507444.5678,2026-07-31T10:17:24.567,143.603,1446,,,,0,,,,-0.1512,-160.48,-0.1512,-160.48,1,30.0,idle,+0.000,+0.000,+0.000,+0.000,1100,0,
1785507444.6682,2026-07-31T10:17:24.668,143.703,1447,,,,0,,,,-0.1548,-160.51,-0.1548,-160.51,1,30.0,idle,+0.000,+0.000,+0.000,+0.000,1100,0,
1785507444.7667,2026-07-31T10:17:24.766,143.802,1448,,,,0,,,,-0.1553,-160.54,-0.1553,-160.54,1,30.0,idle,+0.000,+0.000,+0.000,+0.000,1100,0,
1785507444.8655,2026-07-31T10:17:24.865,143.900,1449,,,,0,,,,-0.1565,-160.55,-0.1565,-160.55,1,30.0,idle,+0.000,+0.000,+0.000,+0.000,1100,0,
1785507444.9652,2026-07-31T10:17:24.965,144.000,1450,,,,0,,,,-0.1550,-160.59,-0.1550,-160.59,1,30.0,idle,+0.000,+0.000,+0.000,+0.000,1100,0,
1785507445.0635,2026-07-31T10:17:25.063,144.098,1451,,,,0,,,,-0.1537,-160.59,-0.1537,-160.59,1,30.0,idle,+0.000,+0.000,+0.000,+0.000,1100,0,
1785507445.1638,2026-07-31T10:17:25.163,144.199,1452,,,,0,,,,-0.1546,-160.62,-0.1546,-160.62,1,30.0,idle,+0.000,+0.000,+0.000,+0.000,1100,0,
1785507445.2625,2026-07-31T10:17:25.262,144.297,1453,,,,0,,,,-0.1485,-160.64,-0.1485,-160.64,1,30.0,idle,+0.000,+0.000,+0.000,+0.000,1100,0,
1785507445.3633,2026-07-31T10:17:25.363,144.398,1454,,,,0,,,,-0.1530,-160.67,-0.1530,-160.67,1,30.0,idle,+0.000,+0.000,+0.000,+0.000,1100,0,
1785507445.4619,2026-07-31T10:17:25.461,144.497,1455,,,,0,,,,-0.1505,-160.69,-0.1505,-160.69,1,30.0,idle,+0.000,+0.000,+0.000,+0.000,1100,0,
1785507445.5608,2026-07-31T10:17:25.560,144.596,1456,,,,0,,,,-0.1523,-160.70,-0.1523,-160.70,1,30.0,idle,+0.000,+0.000,+0.000,+0.000,1100,0,
1785507445.6601,2026-07-31T10:17:25.660,144.695,1457,,,,0,,,,-0.1556,-160.72,-0.1556,-160.72,1,30.0,idle,+0.000,+0.000,+0.000,+0.000,1100,0,
1785507445.7591,2026-07-31T10:17:25.759,144.794,1458,,,,0,,,,-0.1563,-160.75,-0.1563,-160.75,1,30.0,idle,+0.000,+0.000,+0.000,+0.000,1100,0,
1785507445.8587,2026-07-31T10:17:25.858,144.894,1459,,,,0,,,,-0.1515,-160.76,-0.1515,-160.76,1,30.0,idle,+0.000,+0.000,+0.000,+0.000,1100,0,
1785507445.9579,2026-07-31T10:17:25.957,144.993,1460,,,,0,,,,-0.1520,-160.80,-0.1520,-160.80,1,30.0,idle,+0.000,+0.000,+0.000,+0.000,1100,0,
1785507446.0569,2026-07-31T10:17:26.056,145.092,1461,,,,0,,,,-0.1503,-160.81,-0.1503,-160.81,1,30.0,idle,+0.000,+0.000,+0.000,+0.000,1100,0,
1785507446.1564,2026-07-31T10:17:26.156,145.191,1462,,,,0,,,,-0.1526,-160.82,-0.1526,-160.82,1,30.0,idle,+0.000,+0.000,+0.000,+0.000,1100,0,
1785507446.2564,2026-07-31T10:17:26.256,145.291,1463,,,,0,,,,-0.1531,-160.83,-0.1531,-160.83,1,30.0,idle,+0.000,+0.000,+0.000,+0.000,1100,0,
1785507446.3543,2026-07-31T10:17:26.354,145.389,1464,,,,0,,,,-0.1528,-160.86,-0.1528,-160.86,1,30.0,idle,+0.000,+0.000,+0.000,+0.000,1100,0,
1785507446.4526,2026-07-31T10:17:26.452,145.487,1465,,,,0,,,,-0.1510,-160.89,-0.1510,-160.89,1,30.0,idle,+0.000,+0.000,+0.000,+0.000,1100,0,
1785507446.5519,2026-07-31T10:17:26.551,145.587,1466,,,,0,,,,-0.1514,-160.89,-0.1514,-160.89,1,30.0,idle,+0.000,+0.000,+0.000,+0.000,1100,0,
1785507446.6510,2026-07-31T10:17:26.651,145.686,1467,,,,0,,,,-0.1541,-160.92,-0.1541,-160.92,1,30.0,idle,+0.000,+0.000,+0.000,+0.000,1100,0,
1785507446.7504,2026-07-31T10:17:26.750,145.785,1468,,,,0,,,,-0.1522,-160.94,-0.1522,-160.94,1,30.0,idle,+0.000,+0.000,+0.000,+0.000,1100,0,
1785507446.8491,2026-07-31T10:17:26.849,145.884,1469,,,,0,,,,-0.1527,-160.97,-0.1527,-160.97,1,30.0,idle,+0.000,+0.000,+0.000,+0.000,1100,0,
1785507446.9482,2026-07-31T10:17:26.948,145.983,1470,,,,0,,,,-0.1542,-160.98,-0.1542,-160.98,1,30.0,idle,+0.000,+0.000,+0.000,+0.000,1100,0,
1785507447.0479,2026-07-31T10:17:27.047,146.083,1471,,,,0,,,,-0.1497,-161.00,-0.1497,-161.00,1,30.0,idle,+0.000,+0.000,+0.000,+0.000,1100,0,
1785507447.1474,2026-07-31T10:17:27.147,146.182,1472,,,,0,,,,-0.1516,-161.03,-0.1516,-161.03,1,30.0,idle,+0.000,+0.000,+0.000,+0.000,1100,0,
1785507447.2474,2026-07-31T10:17:27.247,146.282,1473,,,,0,,,,-0.1525,-161.04,-0.1525,-161.04,1,30.0,idle,+0.000,+0.000,+0.000,+0.000,1100,0,
1785507447.3461,2026-07-31T10:17:27.346,146.381,1474,,,,0,,,,-0.1523,-161.07,-0.1523,-161.07,1,30.0,idle,+0.000,+0.000,+0.000,+0.000,1100,0,
1785507447.4449,2026-07-31T10:17:27.444,146.480,1475,,,,0,,,,-0.1540,-161.10,-0.1540,-161.10,1,30.0,idle,+0.000,+0.000,+0.000,+0.000,1100,0,
1785507447.5453,2026-07-31T10:17:27.545,146.580,1476,,,,0,,,,-0.1544,-161.12,-0.1544,-161.12,1,30.0,idle,+0.000,+0.000,+0.000,+0.000,1100,0,
1785507447.6456,2026-07-31T10:17:27.645,146.680,1477,,,,0,,,,-0.1532,-161.15,-0.1532,-161.15,1,30.0,idle,+0.000,+0.000,+0.000,+0.000,1100,0,
1785507447.7447,2026-07-31T10:17:27.744,146.780,1478,,,,0,,,,-0.1504,-161.17,-0.1504,-161.17,1,30.0,idle,+0.000,+0.000,+0.000,+0.000,1100,0,
1785507447.8460,2026-07-31T10:17:27.846,146.881,1479,,,,0,,,,-0.1540,-161.20,-0.1540,-161.20,1,30.0,idle,+0.000,+0.000,+0.000,+0.000,1100,0,
1785507447.9461,2026-07-31T10:17:27.946,146.981,1480,,,,0,,,,-0.1520,-161.23,-0.1520,-161.23,1,30.0,idle,+0.000,+0.000,+0.000,+0.000,1100,0,
1785507448.0447,2026-07-31T10:17:28.044,147.080,1481,,,,0,,,,-0.1533,-161.24,-0.1533,-161.24,1,30.0,idle,+0.000,+0.000,+0.000,+0.000,1100,0,
1785507448.1445,2026-07-31T10:17:28.144,147.179,1482,,,,0,,,,-0.1513,-161.27,-0.1513,-161.27,1,30.0,idle,+0.000,+0.000,+0.000,+0.000,1100,0,
1785507448.2433,2026-07-31T10:17:28.243,147.278,1483,,,,0,,,,-0.1514,-161.29,-0.1514,-161.29,1,30.0,idle,+0.000,+0.000,+0.000,+0.000,1100,0,
1785507448.3424,2026-07-31T10:17:28.342,147.377,1484,,,,0,,,,-0.1502,-161.32,-0.1502,-161.32,1,30.0,idle,+0.000,+0.000,+0.000,+0.000,1100,0,
1785507448.4420,2026-07-31T10:17:28.441,147.477,1485,,,,0,,,,-0.1526,-161.34,-0.1526,-161.34,1,30.0,idle,+0.000,+0.000,+0.000,+0.000,1100,0,
1785507448.5414,2026-07-31T10:17:28.541,147.576,1486,,,,0,,,,-0.1579,-161.35,-0.1579,-161.35,1,30.0,idle,+0.000,+0.000,+0.000,+0.000,1100,0,
1785507448.6399,2026-07-31T10:17:28.639,147.675,1487,,,,0,,,,-0.1511,-161.38,-0.1511,-161.38,1,30.0,idle,+0.000,+0.000,+0.000,+0.000,1100,0,
1785507448.7397,2026-07-31T10:17:28.739,147.775,1488,,,,0,,,,-0.1541,-161.39,-0.1541,-161.39,1,30.0,idle,+0.000,+0.000,+0.000,+0.000,1100,0,
1785507448.8396,2026-07-31T10:17:28.839,147.874,1489,,,,0,,,,-0.1530,-161.42,-0.1530,-161.42,1,30.0,idle,+0.000,+0.000,+0.000,+0.000,1100,0,
1785507448.9381,2026-07-31T10:17:28.938,147.973,1490,,,,0,,,,-0.1495,-161.44,-0.1495,-161.44,1,30.0,idle,+0.000,+0.000,+0.000,+0.000,1100,0,
1785507449.0375,2026-07-31T10:17:29.037,148.072,1491,,,,0,,,,-0.1574,-161.46,-0.1574,-161.46,1,30.0,idle,+0.000,+0.000,+0.000,+0.000,1100,0,
1785507449.1374,2026-07-31T10:17:29.137,148.172,1492,,,,0,,,,-0.1543,-161.49,-0.1543,-161.49,1,30.0,idle,+0.000,+0.000,+0.000,+0.000,1100,0,
1785507449.2362,2026-07-31T10:17:29.236,148.271,1493,,,,0,,,,-0.1547,-161.49,-0.1547,-161.49,1,30.0,idle,+0.000,+0.000,+0.000,+0.000,1100,0,
1785507449.3359,2026-07-31T10:17:29.335,148.371,1494,,,,0,,,,-0.1530,-161.52,-0.1530,-161.52,1,30.0,idle,+0.000,+0.000,+0.000,+0.000,1100,0,
1785507449.4352,2026-07-31T10:17:29.435,148.470,1495,,,,0,,,,-0.1537,-161.54,-0.1537,-161.54,1,30.0,idle,+0.000,+0.000,+0.000,+0.000,1100,0,
1785507449.5346,2026-07-31T10:17:29.534,148.569,1496,,,,0,,,,-0.1560,-161.56,-0.1560,-161.56,1,30.0,idle,+0.000,+0.000,+0.000,+0.000,1100,0,
1785507449.6333,2026-07-31T10:17:29.633,148.668,1497,,,,0,,,,-0.1519,-161.59,-0.1519,-161.59,1,30.0,idle,+0.000,+0.000,+0.000,+0.000,1100,0,
1785507449.7322,2026-07-31T10:17:29.732,148.767,1498,,,,0,,,,-0.1516,-161.60,-0.1516,-161.60,1,30.0,idle,+0.000,+0.000,+0.000,+0.000,1100,0,
1785507449.8319,2026-07-31T10:17:29.831,148.867,1499,,,,0,,,,-0.1538,-161.62,-0.1538,-161.62,1,30.0,idle,+0.000,+0.000,+0.000,+0.000,1100,0,
1785507449.9313,2026-07-31T10:17:29.931,148.966,1500,,,,0,,,,-0.1558,-161.63,-0.1558,-161.63,1,30.0,idle,+0.000,+0.000,+0.000,+0.000,1100,0,
1785507450.0305,2026-07-31T10:17:30.030,149.065,1501,,,,0,,,,-0.1546,-161.65,-0.1546,-161.65,1,30.0,idle,+0.000,+0.000,+0.000,+0.000,1100,0,
1785507450.1292,2026-07-31T10:17:30.129,149.164,1502,,,,0,,,,-0.1513,-161.67,-0.1513,-161.67,1,30.0,idle,+0.000,+0.000,+0.000,+0.000,1100,0,
1785507450.2283,2026-07-31T10:17:30.228,149.263,1503,,,,0,,,,-0.1555,-161.69,-0.1555,-161.69,1,30.0,idle,+0.000,+0.000,+0.000,+0.000,1100,0,
1785507450.3270,2026-07-31T10:17:30.327,149.362,1504,,,,0,,,,-0.1555,-161.72,-0.1555,-161.72,1,30.0,idle,+0.000,+0.000,+0.000,+0.000,1100,0,
1785507450.4266,2026-07-31T10:17:30.426,149.461,1505,,,,0,,,,-0.1530,-161.73,-0.1530,-161.73,1,30.0,idle,+0.000,+0.000,+0.000,+0.000,1100,0,
1785507450.5255,2026-07-31T10:17:30.525,149.560,1506,,,,0,,,,-0.1552,-161.75,-0.1552,-161.75,1,30.0,idle,+0.000,+0.000,+0.000,+0.000,1100,0,
1785507450.6245,2026-07-31T10:17:30.624,149.659,1507,,,,0,,,,-0.1529,-161.78,-0.1529,-161.78,1,30.0,idle,+0.000,+0.000,+0.000,+0.000,1100,0,
1785507450.7243,2026-07-31T10:17:30.724,149.759,1508,,,,0,,,,-0.1570,-161.79,-0.1570,-161.79,1,30.0,idle,+0.000,+0.000,+0.000,+0.000,1100,0,
1785507450.8236,2026-07-31T10:17:30.823,149.858,1509,,,,0,,,,-0.1573,-161.80,-0.1573,-161.80,1,30.0,idle,+0.000,+0.000,+0.000,+0.000,1100,0,
1785507450.9233,2026-07-31T10:17:30.923,149.958,1510,,,,0,,,,-0.1540,-161.83,-0.1540,-161.83,1,30.0,idle,+0.000,+0.000,+0.000,+0.000,1100,0,
1785507451.0222,2026-07-31T10:17:31.022,150.057,1511,,,,0,,,,-0.1547,-161.85,-0.1547,-161.85,1,30.0,idle,+0.000,+0.000,+0.000,+0.000,1100,0,
1785507451.1214,2026-07-31T10:17:31.121,150.156,1512,,,,0,,,,-0.1544,-161.86,-0.1544,-161.86,1,30.0,idle,+0.000,+0.000,+0.000,+0.000,1100,0,
1785507451.2209,2026-07-31T10:17:31.220,150.256,1513,,,,0,,,,-0.1566,-161.89,-0.1566,-161.89,1,30.0,idle,+0.000,+0.000,+0.000,+0.000,1100,0,
1785507451.3201,2026-07-31T10:17:31.320,150.355,1514,,,,0,,,,-0.1572,-161.92,-0.1572,-161.92,1,30.0,idle,+0.000,+0.000,+0.000,+0.000,1100,0,
1785507451.4182,2026-07-31T10:17:31.418,150.453,1515,,,,0,,,,-0.1566,-161.93,-0.1566,-161.93,1,30.0,idle,+0.000,+0.000,+0.000,+0.000,1100,0,
1785507451.5174,2026-07-31T10:17:31.517,150.552,1516,,,,0,,,,-0.1528,-161.96,-0.1528,-161.96,1,30.0,idle,+0.000,+0.000,+0.000,+0.000,1100,0,
1785507451.6162,2026-07-31T10:17:31.616,150.651,1517,,,,0,,,,-0.1592,-161.98,-0.1592,-161.98,1,30.0,idle,+0.000,+0.000,+0.000,+0.000,1100,0,
1785507451.7163,2026-07-31T10:17:31.716,150.751,1518,,,,0,,,,-0.1508,-162.00,-0.1508,-162.00,1,30.0,idle,+0.000,+0.000,+0.000,+0.000,1100,0,
1785507451.8152,2026-07-31T10:17:31.815,150.850,1519,,,,0,,,,-0.1501,-162.03,-0.1501,-162.03,1,30.0,idle,+0.000,+0.000,+0.000,+0.000,1100,0,
1785507451.9142,2026-07-31T10:17:31.914,150.949,1520,,,,0,,,,-0.1529,-162.04,-0.1529,-162.04,1,30.0,idle,+0.000,+0.000,+0.000,+0.000,1100,0,
1785507452.0132,2026-07-31T10:17:32.013,151.048,1521,,,,0,,,,-0.1542,-162.07,-0.1542,-162.07,1,30.0,idle,+0.000,+0.000,+0.000,+0.000,1100,0,
1785507452.1127,2026-07-31T10:17:32.112,151.148,1522,,,,0,,,,-0.1587,-162.08,-0.1587,-162.08,1,30.0,idle,+0.000,+0.000,+0.000,+0.000,1100,0,
1785507452.2116,2026-07-31T10:17:32.211,151.246,1523,,,,0,,,,-0.1527,-162.11,-0.1527,-162.11,1,30.0,idle,+0.000,+0.000,+0.000,+0.000,1100,0,
1785507452.3120,2026-07-31T10:17:32.311,151.347,1524,,,,0,,,,-0.1539,-162.13,-0.1539,-162.13,1,30.0,idle,+0.000,+0.000,+0.000,+0.000,1100,0,
1785507452.4130,2026-07-31T10:17:32.413,151.448,1525,,,,0,,,,-0.1593,-162.14,-0.1593,-162.14,1,30.0,idle,+0.000,+0.000,+0.000,+0.000,1100,0,
1785507452.5137,2026-07-31T10:17:32.513,151.549,1526,,,,0,,,,-0.1545,-162.16,-0.1545,-162.16,1,30.0,idle,+0.000,+0.000,+0.000,+0.000,1100,0,
1785507452.6138,2026-07-31T10:17:32.613,151.649,1527,,,,0,,,,-0.1518,-162.17,-0.1518,-162.17,1,30.0,idle,+0.000,+0.000,+0.000,+0.000,1100,0,
1785507452.7138,2026-07-31T10:17:32.713,151.749,1528,,,,0,,,,-0.1516,-162.20,-0.1516,-162.20,1,30.0,idle,+0.000,+0.000,+0.000,+0.000,1100,0,
1785507452.8126,2026-07-31T10:17:32.812,151.847,1529,,,,0,,,,-0.1510,-162.23,-0.1510,-162.23,1,30.0,idle,+0.000,+0.000,+0.000,+0.000,1100,0,
1785507452.9115,2026-07-31T10:17:32.911,151.946,1530,,,,0,,,,-0.1572,-162.23,-0.1572,-162.23,1,30.0,idle,+0.000,+0.000,+0.000,+0.000,1100,0,
1785507453.0104,2026-07-31T10:17:33.010,152.045,1531,,,,0,,,,-0.1550,-162.26,-0.1550,-162.26,1,30.0,idle,+0.000,+0.000,+0.000,+0.000,1100,0,
1785507453.1100,2026-07-31T10:17:33.110,152.145,1532,,,,0,,,,-0.1548,-162.27,-0.1548,-162.27,1,30.0,idle,+0.000,+0.000,+0.000,+0.000,1100,0,
1785507453.2091,2026-07-31T10:17:33.209,152.244,1533,,,,0,,,,-0.1536,-162.29,-0.1536,-162.29,1,30.0,idle,+0.000,+0.000,+0.000,+0.000,1100,0,
1785507453.3084,2026-07-31T10:17:33.308,152.343,1534,,,,0,,,,-0.1538,-162.33,-0.1538,-162.33,1,30.0,idle,+0.000,+0.000,+0.000,+0.000,1100,0,
1785507453.4074,2026-07-31T10:17:33.407,152.442,1535,,,,0,,,,-0.1521,-162.34,-0.1521,-162.34,1,30.0,idle,+0.000,+0.000,+0.000,+0.000,1100,0,
1785507453.5066,2026-07-31T10:17:33.506,152.541,1536,,,,0,,,,-0.1551,-162.36,-0.1551,-162.36,1,30.0,idle,+0.000,+0.000,+0.000,+0.000,1100,0,
1785507453.6057,2026-07-31T10:17:33.605,152.641,1537,,,,0,,,,-0.1587,-162.37,-0.1587,-162.37,1,30.0,idle,+0.000,+0.000,+0.000,+0.000,1100,0,
1785507453.7058,2026-07-31T10:17:33.705,152.741,1538,,,,0,,,,-0.1512,-162.40,-0.1512,-162.40,1,30.0,idle,+0.000,+0.000,+0.000,+0.000,1100,0,
1785507453.8068,2026-07-31T10:17:33.806,152.842,1539,,,,0,,,,-0.1546,-162.42,-0.1546,-162.42,1,30.0,idle,+0.000,+0.000,+0.000,+0.000,1100,0,
1785507453.9054,2026-07-31T10:17:33.905,152.940,1540,,,,0,,,,-0.1572,-162.43,-0.1572,-162.43,1,30.0,idle,+0.000,+0.000,+0.000,+0.000,1100,0,
1785507454.0043,2026-07-31T10:17:34.004,153.039,1541,,,,0,,,,-0.1563,-162.46,-0.1563,-162.46,1,30.0,idle,+0.000,+0.000,+0.000,+0.000,1100,0,
1785507454.1034,2026-07-31T10:17:34.103,153.138,1542,,,,0,,,,-0.1517,-162.47,-0.1517,-162.47,1,30.0,idle,+0.000,+0.000,+0.000,+0.000,1100,0,
1785507454.2025,2026-07-31T10:17:34.202,153.237,1543,,,,0,,,,-0.1535,-162.50,-0.1535,-162.50,1,30.0,idle,+0.000,+0.000,+0.000,+0.000,1100,0,
1785507454.3013,2026-07-31T10:17:34.301,153.336,1544,,,,0,,,,-0.1572,-162.54,-0.1572,-162.54,1,30.0,idle,+0.000,+0.000,+0.000,+0.000,1100,0,
1785507454.4004,2026-07-31T10:17:34.400,153.435,1545,,,,0,,,,-0.1535,-162.56,-0.1535,-162.56,1,30.0,idle,+0.000,+0.000,+0.000,+0.000,1100,0,
1785507454.5001,2026-07-31T10:17:34.500,153.535,1546,,,,0,,,,-0.1572,-162.58,-0.1572,-162.58,1,30.0,idle,+0.000,+0.000,+0.000,+0.000,1100,0,
1785507454.5993,2026-07-31T10:17:34.599,153.634,1547,,,,0,,,,-0.1557,-162.60,-0.1557,-162.60,1,30.0,idle,+0.000,+0.000,+0.000,+0.000,1100,0,
1785507454.6992,2026-07-31T10:17:34.699,153.734,1548,,,,0,,,,-0.1532,-162.62,-0.1532,-162.62,1,30.0,idle,+0.000,+0.000,+0.000,+0.000,1100,0,
1785507454.8009,2026-07-31T10:17:34.800,153.836,1549,,,,0,,,,-0.1565,-162.65,-0.1565,-162.65,1,30.0,idle,+0.000,+0.000,+0.000,+0.000,1100,0,
1785507454.8994,2026-07-31T10:17:34.899,153.934,1550,,,,0,,,,-0.1565,-162.66,-0.1565,-162.66,1,30.0,idle,+0.000,+0.000,+0.000,+0.000,1100,0,
1785507454.9995,2026-07-31T10:17:34.999,154.034,1551,,,,0,,,,-0.1543,-162.69,-0.1543,-162.69,1,30.0,idle,+0.000,+0.000,+0.000,+0.000,1100,0,
1785507455.0985,2026-07-31T10:17:35.098,154.133,1552,,,,0,,,,-0.1526,-162.70,-0.1526,-162.70,1,30.0,idle,+0.000,+0.000,+0.000,+0.000,1100,0,
1785507455.1974,2026-07-31T10:17:35.197,154.232,1553,,,,0,,,,-0.1601,-162.73,-0.1601,-162.73,1,30.0,idle,+0.000,+0.000,+0.000,+0.000,1100,0,
1785507455.2972,2026-07-31T10:17:35.297,154.332,1554,,,,0,,,,-0.1561,-162.75,-0.1561,-162.75,1,30.0,idle,+0.000,+0.000,+0.000,+0.000,1100,0,
1785507455.3968,2026-07-31T10:17:35.396,154.432,1555,,,,0,,,,-0.1558,-162.78,-0.1558,-162.78,1,30.0,idle,+0.000,+0.000,+0.000,+0.000,1100,0,
1785507455.4954,2026-07-31T10:17:35.495,154.530,1556,,,,0,,,,-0.1516,-162.81,-0.1516,-162.81,1,30.0,idle,+0.000,+0.000,+0.000,+0.000,1100,0,
1785507455.5943,2026-07-31T10:17:35.594,154.629,1557,,,,0,,,,-0.1556,-162.82,-0.1556,-162.82,1,30.0,idle,+0.000,+0.000,+0.000,+0.000,1100,0,
1785507455.6934,2026-07-31T10:17:35.693,154.728,1558,,,,0,,,,-0.1539,-162.85,-0.1539,-162.85,1,30.0,idle,+0.000,+0.000,+0.000,+0.000,1100,0,
1785507455.7924,2026-07-31T10:17:35.792,154.827,1559,,,,0,,,,-0.1537,-162.86,-0.1537,-162.86,1,30.0,idle,+0.000,+0.000,+0.000,+0.000,1100,0,
1785507455.8925,2026-07-31T10:17:35.892,154.927,1560,,,,0,,,,-0.1529,-162.88,-0.1529,-162.88,1,30.0,idle,+0.000,+0.000,+0.000,+0.000,1100,0,
1785507455.9918,2026-07-31T10:17:35.991,155.027,1561,,,,0,,,,-0.1510,-162.91,-0.1510,-162.91,1,30.0,idle,+0.000,+0.000,+0.000,+0.000,1100,0,
1785507456.0915,2026-07-31T10:17:36.091,155.126,1562,,,,0,,,,-0.1526,-162.92,-0.1526,-162.92,1,30.0,idle,+0.000,+0.000,+0.000,+0.000,1100,0,
1785507456.1914,2026-07-31T10:17:36.191,155.226,1563,,,,0,,,,-0.1505,-162.94,-0.1505,-162.94,1,30.0,idle,+0.000,+0.000,+0.000,+0.000,1100,0,
1785507456.2914,2026-07-31T10:17:36.291,155.326,1564,,,,0,,,,-0.1603,-162.96,-0.1603,-162.96,1,30.0,idle,+0.000,+0.000,+0.000,+0.000,1100,0,
1785507456.3899,2026-07-31T10:17:36.389,155.425,1565,,,,0,,,,-0.1545,-162.98,-0.1545,-162.98,1,30.0,idle,+0.000,+0.000,+0.000,+0.000,1100,0,
1785507456.4890,2026-07-31T10:17:36.489,155.524,1566,,,,0,,,,-0.1528,-163.00,-0.1528,-163.00,1,30.0,idle,+0.000,+0.000,+0.000,+0.000,1100,0,
1785507456.5893,2026-07-31T10:17:36.589,155.624,1567,,,,0,,,,-0.1548,-163.02,-0.1548,-163.02,1,30.0,idle,+0.000,+0.000,+0.000,+0.000,1100,0,
1785507456.6891,2026-07-31T10:17:36.689,155.724,1568,,,,0,,,,-0.1559,-163.03,-0.1559,-163.03,1,30.0,idle,+0.000,+0.000,+0.000,+0.000,1100,0,
1785507456.7884,2026-07-31T10:17:36.788,155.823,1569,,,,0,,,,-0.1529,-163.05,-0.1529,-163.05,1,30.0,idle,+0.000,+0.000,+0.000,+0.000,1100,0,
1785507456.8874,2026-07-31T10:17:36.887,155.922,1570,,,,0,,,,-0.1557,-163.07,-0.1557,-163.07,1,30.0,idle,+0.000,+0.000,+0.000,+0.000,1100,0,
1785507456.9864,2026-07-31T10:17:36.986,156.021,1571,,,,0,,,,-0.1536,-163.10,-0.1536,-163.10,1,30.0,idle,+0.000,+0.000,+0.000,+0.000,1100,0,
1785507457.0856,2026-07-31T10:17:37.085,156.120,1572,,,,0,,,,-0.1569,-163.11,-0.1569,-163.11,1,30.0,idle,+0.000,+0.000,+0.000,+0.000,1100,0,
1785507457.1844,2026-07-31T10:17:37.184,156.219,1573,,,,0,,,,-0.1553,-163.14,-0.1553,-163.14,1,30.0,idle,+0.000,+0.000,+0.000,+0.000,1100,0,
1785507457.2837,2026-07-31T10:17:37.283,156.319,1574,,,,0,,,,-0.1563,-163.16,-0.1563,-163.16,1,30.0,idle,+0.000,+0.000,+0.000,+0.000,1100,0,
1785507457.3827,2026-07-31T10:17:37.382,156.418,1575,,,,0,,,,-0.1560,-163.18,-0.1560,-163.18,1,30.0,idle,+0.000,+0.000,+0.000,+0.000,1100,0,
1785507457.4817,2026-07-31T10:17:37.481,156.517,1576,,,,0,,,,-0.1549,-163.19,-0.1549,-163.19,1,30.0,idle,+0.000,+0.000,+0.000,+0.000,1100,0,
1785507457.5808,2026-07-31T10:17:37.580,156.616,1577,,,,0,,,,-0.1581,-163.22,-0.1581,-163.22,1,30.0,idle,+0.000,+0.000,+0.000,+0.000,1100,0,
1785507457.6796,2026-07-31T10:17:37.679,156.714,1578,,,,0,,,,-0.1528,-163.24,-0.1528,-163.24,1,30.0,idle,+0.000,+0.000,+0.000,+0.000,1100,0,
1785507457.7787,2026-07-31T10:17:37.778,156.814,1579,,,,0,,,,-0.1522,-163.25,-0.1522,-163.25,1,30.0,idle,+0.000,+0.000,+0.000,+0.000,1100,0,
1785507457.8781,2026-07-31T10:17:37.878,156.913,1580,,,,0,,,,-0.1522,-163.28,-0.1522,-163.28,1,30.0,idle,+0.000,+0.000,+0.000,+0.000,1100,0,
1785507457.9775,2026-07-31T10:17:37.977,157.012,1581,,,,0,,,,-0.1513,-163.29,-0.1513,-163.29,1,30.0,idle,+0.000,+0.000,+0.000,+0.000,1100,0,
1785507458.0765,2026-07-31T10:17:38.076,157.111,1582,,,,0,,,,-0.1532,-163.32,-0.1532,-163.32,1,30.0,idle,+0.000,+0.000,+0.000,+0.000,1100,0,
1785507458.1756,2026-07-31T10:17:38.175,157.210,1583,,,,0,,,,-0.1528,-163.33,-0.1528,-163.33,1,30.0,idle,+0.000,+0.000,+0.000,+0.000,1100,0,
1785507458.2747,2026-07-31T10:17:38.274,157.310,1584,,,,0,,,,-0.1576,-163.35,-0.1576,-163.35,1,30.0,idle,+0.000,+0.000,+0.000,+0.000,1100,0,
1785507458.3741,2026-07-31T10:17:38.374,157.409,1585,,,,0,,,,-0.1535,-163.37,-0.1535,-163.37,1,30.0,idle,+0.000,+0.000,+0.000,+0.000,1100,0,
1785507458.4734,2026-07-31T10:17:38.473,157.508,1586,,,,0,,,,-0.1524,-163.38,-0.1524,-163.38,1,30.0,idle,+0.000,+0.000,+0.000,+0.000,1100,0,
1785507458.5722,2026-07-31T10:17:38.572,157.607,1587,,,,0,,,,-0.1570,-163.41,-0.1570,-163.41,1,30.0,idle,+0.000,+0.000,+0.000,+0.000,1100,0,
1785507458.6710,2026-07-31T10:17:38.671,157.706,1588,,,,0,,,,-0.1538,-163.42,-0.1538,-163.42,1,30.0,idle,+0.000,+0.000,+0.000,+0.000,1100,0,
1785507458.7715,2026-07-31T10:17:38.771,157.806,1589,,,,0,,,,-0.1550,-163.44,-0.1550,-163.44,1,30.0,idle,+0.000,+0.000,+0.000,+0.000,1100,0,
1785507458.8706,2026-07-31T10:17:38.870,157.905,1590,,,,0,,,,-0.1543,-163.47,-0.1543,-163.47,1,30.0,idle,+0.000,+0.000,+0.000,+0.000,1100,0,
1785507458.9697,2026-07-31T10:17:38.969,158.005,1591,,,,0,,,,-0.1551,-163.48,-0.1551,-163.48,1,30.0,idle,+0.000,+0.000,+0.000,+0.000,1100,0,
1785507459.0695,2026-07-31T10:17:39.069,158.104,1592,,,,0,,,,-0.1520,-163.51,-0.1520,-163.51,1,30.0,idle,+0.000,+0.000,+0.000,+0.000,1100,0,
1785507459.1686,2026-07-31T10:17:39.168,158.203,1593,,,,0,,,,-0.1591,-163.54,-0.1591,-163.54,1,30.0,idle,+0.000,+0.000,+0.000,+0.000,1100,0,
1785507459.2684,2026-07-31T10:17:39.268,158.303,1594,,,,0,,,,-0.1521,-163.55,-0.1521,-163.55,1,30.0,idle,+0.000,+0.000,+0.000,+0.000,1100,0,
1785507459.3667,2026-07-31T10:17:39.366,158.402,1595,,,,0,,,,-0.1576,-163.58,-0.1576,-163.58,1,30.0,idle,+0.000,+0.000,+0.000,+0.000,1100,0,
1785507459.4657,2026-07-31T10:17:39.465,158.501,1596,,,,0,,,,-0.1513,-163.59,-0.1513,-163.59,1,30.0,idle,+0.000,+0.000,+0.000,+0.000,1100,0,
1785507459.5654,2026-07-31T10:17:39.565,158.600,1597,,,,0,,,,-0.1575,-163.62,-0.1575,-163.62,1,30.0,idle,+0.000,+0.000,+0.000,+0.000,1100,0,
1785507459.6639,2026-07-31T10:17:39.663,158.699,1598,,,,0,,,,-0.1535,-163.63,-0.1535,-163.63,1,30.0,idle,+0.000,+0.000,+0.000,+0.000,1100,0,
1785507459.7637,2026-07-31T10:17:39.763,158.799,1599,,,,0,,,,-0.1570,-163.66,-0.1570,-163.66,1,30.0,idle,+0.000,+0.000,+0.000,+0.000,1100,0,
1785507459.8628,2026-07-31T10:17:39.862,158.898,1600,,,,0,,,,-0.1560,-163.68,-0.1560,-163.68,1,30.0,idle,+0.000,+0.000,+0.000,+0.000,1100,0,
1785507459.9634,2026-07-31T10:17:39.963,158.998,1601,,,,0,,,,-0.1560,-163.70,-0.1560,-163.70,1,30.0,idle,+0.000,+0.000,+0.000,+0.000,1100,0,
1785507460.0644,2026-07-31T10:17:40.064,159.099,1602,,,,0,,,,-0.1527,-163.72,-0.1527,-163.72,1,30.0,idle,+0.000,+0.000,+0.000,+0.000,1100,0,
1785507460.1642,2026-07-31T10:17:40.164,159.199,1603,,,,0,,,,-0.1561,-163.75,-0.1561,-163.75,1,30.0,idle,+0.000,+0.000,+0.000,+0.000,1100,0,
1785507460.2626,2026-07-31T10:17:40.262,159.298,1604,,,,0,,,,-0.1527,-163.76,-0.1527,-163.76,1,30.0,idle,+0.000,+0.000,+0.000,+0.000,1100,0,
1785507460.3646,2026-07-31T10:17:40.364,159.399,1605,,,,0,,,,-0.1542,-163.78,-0.1542,-163.78,1,30.0,idle,+0.000,+0.000,+0.000,+0.000,1100,0,
1785507460.4642,2026-07-31T10:17:40.464,159.499,1606,,,,0,,,,-0.1548,-163.79,-0.1548,-163.79,1,30.0,idle,+0.000,+0.000,+0.000,+0.000,1100,0,
1785507460.5630,2026-07-31T10:17:40.563,159.598,1607,,,,0,,,,-0.1580,-163.81,-0.1580,-163.81,1,30.0,idle,+0.000,+0.000,+0.000,+0.000,1100,0,
1785507460.6624,2026-07-31T10:17:40.662,159.697,1608,,,,0,,,,-0.1512,-163.84,-0.1512,-163.84,1,30.0,idle,+0.000,+0.000,+0.000,+0.000,1100,0,
1785507460.7614,2026-07-31T10:17:40.761,159.796,1609,,,,0,,,,-0.1528,-163.85,-0.1528,-163.85,1,30.0,idle,+0.000,+0.000,+0.000,+0.000,1100,0,
1785507460.8614,2026-07-31T10:17:40.861,159.896,1610,,,,0,,,,-0.1552,-163.88,-0.1552,-163.88,1,30.0,idle,+0.000,+0.000,+0.000,+0.000,1100,0,
1785507460.9603,2026-07-31T10:17:40.960,159.995,1611,,,,0,,,,-0.1532,-163.89,-0.1532,-163.89,1,30.0,idle,+0.000,+0.000,+0.000,+0.000,1100,0,
1785507461.0594,2026-07-31T10:17:41.059,160.094,1612,,,,0,,,,-0.1524,-163.91,-0.1524,-163.91,1,30.0,idle,+0.000,+0.000,+0.000,+0.000,1100,0,
1785507461.1581,2026-07-31T10:17:41.158,160.193,1613,,,,0,,,,-0.1544,-163.93,-0.1544,-163.93,1,30.0,idle,+0.000,+0.000,+0.000,+0.000,1100,0,
1785507461.2576,2026-07-31T10:17:41.257,160.292,1614,,,,0,,,,-0.1499,-163.94,-0.1499,-163.94,1,30.0,idle,+0.000,+0.000,+0.000,+0.000,1100,0,
1785507461.3566,2026-07-31T10:17:41.356,160.391,1615,,,,0,,,,-0.1575,-163.96,-0.1575,-163.96,1,30.0,idle,+0.000,+0.000,+0.000,+0.000,1100,0,
1785507461.4555,2026-07-31T10:17:41.455,160.490,1616,,,,0,,,,-0.1530,-163.98,-0.1530,-163.98,1,30.0,idle,+0.000,+0.000,+0.000,+0.000,1100,0,
1785507461.5538,2026-07-31T10:17:41.553,160.589,1617,,,,0,,,,-0.1545,-164.01,-0.1545,-164.01,1,30.0,idle,+0.000,+0.000,+0.000,+0.000,1100,0,
1785507461.6531,2026-07-31T10:17:41.653,160.688,1618,,,,0,,,,-0.1556,-164.02,-0.1556,-164.02,1,30.0,idle,+0.000,+0.000,+0.000,+0.000,1100,0,
1785507461.7521,2026-07-31T10:17:41.752,160.787,1619,,,,0,,,,-0.1519,-164.05,-0.1519,-164.05,1,30.0,idle,+0.000,+0.000,+0.000,+0.000,1100,0,
1785507461.8526,2026-07-31T10:17:41.852,160.888,1620,,,,0,,,,-0.1571,-164.08,-0.1571,-164.08,1,30.0,idle,+0.000,+0.000,+0.000,+0.000,1100,0,
1785507461.9514,2026-07-31T10:17:41.951,160.986,1621,,,,0,,,,-0.1513,-164.09,-0.1513,-164.09,1,30.0,idle,+0.000,+0.000,+0.000,+0.000,1100,0,
1785507462.0506,2026-07-31T10:17:42.050,161.085,1622,,,,0,,,,-0.1508,-164.12,-0.1508,-164.12,1,30.0,idle,+0.000,+0.000,+0.000,+0.000,1100,0,
1785507462.1500,2026-07-31T10:17:42.149,161.185,1623,,,,0,,,,-0.1512,-164.14,-0.1512,-164.14,1,30.0,idle,+0.000,+0.000,+0.000,+0.000,1100,0,
1785507462.2492,2026-07-31T10:17:42.249,161.284,1624,,,,0,,,,-0.1559,-164.16,-0.1559,-164.16,1,30.0,idle,+0.000,+0.000,+0.000,+0.000,1100,0,
1785507462.3481,2026-07-31T10:17:42.348,161.383,1625,,,,0,,,,-0.1563,-164.18,-0.1563,-164.18,1,30.0,idle,+0.000,+0.000,+0.000,+0.000,1100,0,
1785507462.4476,2026-07-31T10:17:42.447,161.482,1626,,,,0,,,,-0.1493,-164.20,-0.1493,-164.20,1,30.0,idle,+0.000,+0.000,+0.000,+0.000,1100,0,
1785507462.5467,2026-07-31T10:17:42.546,161.582,1627,,,,0,,,,-0.1529,-164.23,-0.1529,-164.23,1,30.0,idle,+0.000,+0.000,+0.000,+0.000,1100,0,
1785507462.6457,2026-07-31T10:17:42.645,161.681,1628,,,,0,,,,-0.1507,-164.25,-0.1507,-164.25,1,30.0,idle,+0.000,+0.000,+0.000,+0.000,1100,0,
1785507462.7453,2026-07-31T10:17:42.745,161.780,1629,,,,0,,,,-0.1557,-164.27,-0.1557,-164.27,1,30.0,idle,+0.000,+0.000,+0.000,+0.000,1100,0,
1785507462.8444,2026-07-31T10:17:42.844,161.879,1630,,,,0,,,,-0.1533,-164.29,-0.1533,-164.29,1,30.0,idle,+0.000,+0.000,+0.000,+0.000,1100,0,
1785507462.9433,2026-07-31T10:17:42.943,161.978,1631,,,,0,,,,-0.1516,-164.32,-0.1516,-164.32,1,30.0,idle,+0.000,+0.000,+0.000,+0.000,1100,0,
1785507463.0421,2026-07-31T10:17:43.042,162.077,1632,,,,0,,,,-0.1538,-164.34,-0.1538,-164.34,1,30.0,idle,+0.000,+0.000,+0.000,+0.000,1100,0,
1785507463.1410,2026-07-31T10:17:43.141,162.176,1633,,,,0,,,,-0.1534,-164.34,-0.1534,-164.34,1,30.0,idle,+0.000,+0.000,+0.000,+0.000,1100,0,
1785507463.2401,2026-07-31T10:17:43.240,162.275,1634,,,,0,,,,-0.1500,-164.37,-0.1500,-164.37,1,30.0,idle,+0.000,+0.000,+0.000,+0.000,1100,0,
1785507463.3396,2026-07-31T10:17:43.339,162.374,1635,,,,0,,,,-0.1576,-164.39,-0.1576,-164.39,1,30.0,idle,+0.000,+0.000,+0.000,+0.000,1100,0,
1785507463.4384,2026-07-31T10:17:43.438,162.473,1636,,,,0,,,,-0.1576,-164.42,-0.1576,-164.42,1,30.0,idle,+0.000,+0.000,+0.000,+0.000,1100,0,
1785507463.5388,2026-07-31T10:17:43.538,162.574,1637,,,,0,,,,-0.1570,-164.45,-0.1570,-164.45,1,30.0,idle,+0.000,+0.000,+0.000,+0.000,1100,0,
1785507463.6383,2026-07-31T10:17:43.638,162.673,1638,,,,0,,,,-0.1538,-164.46,-0.1538,-164.46,1,30.0,idle,+0.000,+0.000,+0.000,+0.000,1100,0,
1785507463.7373,2026-07-31T10:17:43.737,162.772,1639,,,,0,,,,-0.1534,-164.48,-0.1534,-164.48,1,30.0,idle,+0.000,+0.000,+0.000,+0.000,1100,0,
1785507463.8361,2026-07-31T10:17:43.836,162.871,1640,,,,0,,,,-0.1560,-164.50,-0.1560,-164.50,1,30.0,idle,+0.000,+0.000,+0.000,+0.000,1100,0,
1785507463.9354,2026-07-31T10:17:43.935,162.970,1641,,,,0,,,,-0.1532,-164.53,-0.1532,-164.53,1,30.0,idle,+0.000,+0.000,+0.000,+0.000,1100,0,
1785507464.0340,2026-07-31T10:17:44.033,163.069,1642,,,,0,,,,-0.1555,-164.55,-0.1555,-164.55,1,30.0,idle,+0.000,+0.000,+0.000,+0.000,1100,0,
1785507464.1332,2026-07-31T10:17:44.133,163.168,1643,,,,0,,,,-0.1558,-164.57,-0.1558,-164.57,1,30.0,idle,+0.000,+0.000,+0.000,+0.000,1100,0,
1785507464.2323,2026-07-31T10:17:44.232,163.267,1644,,,,0,,,,-0.1525,-164.58,-0.1525,-164.58,1,30.0,idle,+0.000,+0.000,+0.000,+0.000,1100,0,
1785507464.3314,2026-07-31T10:17:44.331,163.366,1645,,,,0,,,,-0.1527,-164.60,-0.1527,-164.60,1,30.0,idle,+0.000,+0.000,+0.000,+0.000,1100,0,
1785507464.4306,2026-07-31T10:17:44.430,163.466,1646,,,,0,,,,-0.1591,-164.63,-0.1591,-164.63,1,30.0,idle,+0.000,+0.000,+0.000,+0.000,1100,0,
1785507464.5297,2026-07-31T10:17:44.529,163.565,1647,,,,0,,,,-0.1555,-164.65,-0.1555,-164.65,1,30.0,idle,+0.000,+0.000,+0.000,+0.000,1100,0,
1785507464.6288,2026-07-31T10:17:44.628,163.664,1648,,,,0,,,,-0.1554,-164.66,-0.1554,-164.66,1,30.0,idle,+0.000,+0.000,+0.000,+0.000,1100,0,
1785507464.7276,2026-07-31T10:17:44.727,163.762,1649,,,,0,,,,-0.1555,-164.68,-0.1555,-164.68,1,30.0,idle,+0.000,+0.000,+0.000,+0.000,1100,0,
1785507464.8265,2026-07-31T10:17:44.826,163.861,1650,,,,0,,,,-0.1536,-164.69,-0.1536,-164.69,1,30.0,idle,+0.000,+0.000,+0.000,+0.000,1100,0,
1785507464.9263,2026-07-31T10:17:44.926,163.961,1651,,,,0,,,,-0.1574,-164.72,-0.1574,-164.72,1,30.0,idle,+0.000,+0.000,+0.000,+0.000,1100,0,
1785507465.0254,2026-07-31T10:17:45.025,164.060,1652,,,,0,,,,-0.1562,-164.74,-0.1562,-164.74,1,30.0,idle,+0.000,+0.000,+0.000,+0.000,1100,0,
1785507465.1249,2026-07-31T10:17:45.124,164.160,1653,,,,0,,,,-0.1581,-164.77,-0.1581,-164.77,1,30.0,idle,+0.000,+0.000,+0.000,+0.000,1100,0,
1785507465.2236,2026-07-31T10:17:45.223,164.258,1654,,,,0,,,,-0.1519,-164.80,-0.1519,-164.80,1,30.0,idle,+0.000,+0.000,+0.000,+0.000,1100,0,
1785507465.3226,2026-07-31T10:17:45.322,164.358,1655,,,,0,,,,-0.1529,-164.82,-0.1529,-164.82,1,30.0,idle,+0.000,+0.000,+0.000,+0.000,1100,0,
1785507465.4215,2026-07-31T10:17:45.421,164.456,1656,,,,0,,,,-0.1567,-164.84,-0.1567,-164.84,1,30.0,idle,+0.000,+0.000,+0.000,+0.000,1100,0,
1785507465.5207,2026-07-31T10:17:45.520,164.556,1657,,,,0,,,,-0.1558,-164.85,-0.1558,-164.85,1,30.0,idle,+0.000,+0.000,+0.000,+0.000,1100,0,
1785507465.6197,2026-07-31T10:17:45.619,164.655,1658,,,,0,,,,-0.1554,-164.88,-0.1554,-164.88,1,30.0,idle,+0.000,+0.000,+0.000,+0.000,1100,0,
1785507465.7184,2026-07-31T10:17:45.718,164.753,1659,,,,0,,,,-0.1543,-164.89,-0.1543,-164.89,1,30.0,idle,+0.000,+0.000,+0.000,+0.000,1100,0,
1785507465.8173,2026-07-31T10:17:45.817,164.852,1660,,,,0,,,,-0.1516,-164.90,-0.1516,-164.90,1,30.0,idle,+0.000,+0.000,+0.000,+0.000,1100,0,
1785507465.9163,2026-07-31T10:17:45.916,164.951,1661,,,,0,,,,-0.1547,-164.93,-0.1547,-164.93,1,30.0,idle,+0.000,+0.000,+0.000,+0.000,1100,0,
1785507466.0155,2026-07-31T10:17:46.015,165.050,1662,,,,0,,,,-0.1550,-164.95,-0.1550,-164.95,1,30.0,idle,+0.000,+0.000,+0.000,+0.000,1100,0,
1785507466.1147,2026-07-31T10:17:46.114,165.150,1663,,,,0,,,,-0.1528,-164.98,-0.1528,-164.98,1,30.0,idle,+0.000,+0.000,+0.000,+0.000,1100,0,
1785507466.2135,2026-07-31T10:17:46.213,165.248,1664,,,,0,,,,-0.1527,-165.00,-0.1527,-165.00,1,30.0,idle,+0.000,+0.000,+0.000,+0.000,1100,0,
1785507466.3124,2026-07-31T10:17:46.312,165.347,1665,,,,0,,,,-0.1563,-165.02,-0.1563,-165.02,1,30.0,idle,+0.000,+0.000,+0.000,+0.000,1100,0,
1785507466.4116,2026-07-31T10:17:46.411,165.446,1666,,,,0,,,,-0.1585,-165.05,-0.1585,-165.05,1,30.0,idle,+0.000,+0.000,+0.000,+0.000,1100,0,
1785507466.5105,2026-07-31T10:17:46.510,165.545,1667,,,,0,,,,-0.1531,-165.07,-0.1531,-165.07,1,30.0,idle,+0.000,+0.000,+0.000,+0.000,1100,0,
1785507466.6097,2026-07-31T10:17:46.609,165.645,1668,,,,0,,,,-0.1524,-165.10,-0.1524,-165.10,1,30.0,idle,+0.000,+0.000,+0.000,+0.000,1100,0,
1785507466.7087,2026-07-31T10:17:46.708,165.744,1669,,,,0,,,,-0.1560,-165.11,-0.1560,-165.11,1,30.0,idle,+0.000,+0.000,+0.000,+0.000,1100,0,
1785507466.8076,2026-07-31T10:17:46.807,165.843,1670,,,,0,,,,-0.1545,-165.13,-0.1545,-165.13,1,30.0,idle,+0.000,+0.000,+0.000,+0.000,1100,0,
1785507466.9064,2026-07-31T10:17:46.906,165.941,1671,,,,0,,,,-0.1557,-165.16,-0.1557,-165.16,1,30.0,idle,+0.000,+0.000,+0.000,+0.000,1100,0,
1785507467.0056,2026-07-31T10:17:47.005,166.041,1672,,,,0,,,,-0.1526,-165.17,-0.1526,-165.17,1,30.0,idle,+0.000,+0.000,+0.000,+0.000,1100,0,
1785507467.1050,2026-07-31T10:17:47.105,166.140,1673,,,,0,,,,-0.1545,-165.20,-0.1545,-165.20,1,30.0,idle,+0.000,+0.000,+0.000,+0.000,1100,0,
1785507467.2062,2026-07-31T10:17:47.206,166.241,1674,,,,0,,,,-0.1526,-165.21,-0.1526,-165.21,1,30.0,idle,+0.000,+0.000,+0.000,+0.000,1100,0,
1785507467.3077,2026-07-31T10:17:47.307,166.343,1675,,,,0,,,,-0.1536,-165.24,-0.1536,-165.24,1,30.0,idle,+0.000,+0.000,+0.000,+0.000,1100,0,
1785507467.4067,2026-07-31T10:17:47.406,166.442,1676,,,,0,,,,-0.1563,-165.27,-0.1563,-165.27,1,30.0,idle,+0.000,+0.000,+0.000,+0.000,1100,0,
1785507467.5056,2026-07-31T10:17:47.505,166.540,1677,,,,0,,,,-0.1578,-165.28,-0.1578,-165.28,1,30.0,idle,+0.000,+0.000,+0.000,+0.000,1100,0,
1785507467.6046,2026-07-31T10:17:47.604,166.639,1678,,,,0,,,,-0.1542,-165.31,-0.1542,-165.31,1,30.0,idle,+0.000,+0.000,+0.000,+0.000,1100,0,
1785507467.7033,2026-07-31T10:17:47.703,166.738,1679,,,,0,,,,-0.1562,-165.32,-0.1562,-165.32,1,30.0,idle,+0.000,+0.000,+0.000,+0.000,1100,0,
1785507467.8023,2026-07-31T10:17:47.802,166.837,1680,,,,0,,,,-0.1540,-165.35,-0.1540,-165.35,1,30.0,idle,+0.000,+0.000,+0.000,+0.000,1100,0,
1785507467.9023,2026-07-31T10:17:47.902,166.937,1681,,,,0,,,,-0.1520,-165.38,-0.1520,-165.38,1,30.0,idle,+0.000,+0.000,+0.000,+0.000,1100,0,
1785507468.0013,2026-07-31T10:17:48.001,167.036,1682,,,,0,,,,-0.1548,-165.39,-0.1548,-165.39,1,30.0,idle,+0.000,+0.000,+0.000,+0.000,1100,0,
1785507468.1021,2026-07-31T10:17:48.102,167.137,1683,,,,0,,,,-0.1556,-165.42,-0.1556,-165.42,1,30.0,idle,+0.000,+0.000,+0.000,+0.000,1100,0,
1785507468.2007,2026-07-31T10:17:48.200,167.236,1684,,,,0,,,,-0.1530,-165.43,-0.1530,-165.43,1,30.0,idle,+0.000,+0.000,+0.000,+0.000,1100,0,
1785507468.2997,2026-07-31T10:17:48.299,167.335,1685,,,,0,,,,-0.1484,-165.46,-0.1484,-165.46,1,30.0,idle,+0.000,+0.000,+0.000,+0.000,1100,0,
1785507468.3988,2026-07-31T10:17:48.398,167.434,1686,,,,0,,,,-0.1557,-165.48,-0.1557,-165.48,1,30.0,idle,+0.000,+0.000,+0.000,+0.000,1100,0,
1785507468.4977,2026-07-31T10:17:48.497,167.533,1687,,,,0,,,,-0.1501,-165.49,-0.1501,-165.49,1,30.0,idle,+0.000,+0.000,+0.000,+0.000,1100,0,
1785507468.5964,2026-07-31T10:17:48.596,167.631,1688,,,,0,,,,-0.1565,-165.51,-0.1565,-165.51,1,30.0,idle,+0.000,+0.000,+0.000,+0.000,1100,0,
1785507468.6957,2026-07-31T10:17:48.695,167.731,1689,,,,0,,,,-0.1566,-165.53,-0.1566,-165.53,1,30.0,idle,+0.000,+0.000,+0.000,+0.000,1100,0,
1785507468.7944,2026-07-31T10:17:48.794,167.829,1690,,,,0,,,,-0.1550,-165.55,-0.1550,-165.55,1,30.0,idle,+0.000,+0.000,+0.000,+0.000,1100,0,
1785507468.8944,2026-07-31T10:17:48.894,167.929,1691,,,,0,,,,-0.1541,-165.57,-0.1541,-165.57,1,30.0,idle,+0.000,+0.000,+0.000,+0.000,1100,0,
1785507468.9934,2026-07-31T10:17:48.993,168.028,1692,,,,0,,,,-0.1560,-165.59,-0.1560,-165.59,1,30.0,idle,+0.000,+0.000,+0.000,+0.000,1100,0,
1785507469.0940,2026-07-31T10:17:49.094,168.129,1693,,,,0,,,,-0.1557,-165.61,-0.1557,-165.61,1,30.0,idle,+0.000,+0.000,+0.000,+0.000,1100,0,
1785507469.1930,2026-07-31T10:17:49.192,168.228,1694,,,,0,,,,-0.1572,-165.62,-0.1572,-165.62,1,30.0,idle,+0.000,+0.000,+0.000,+0.000,1100,0,
1785507469.2932,2026-07-31T10:17:49.293,168.328,1695,,,,0,,,,-0.1511,-165.64,-0.1511,-165.64,1,30.0,idle,+0.000,+0.000,+0.000,+0.000,1100,0,
1785507469.3906,2026-07-31T10:17:49.390,168.425,1696,,,,0,,,,-0.1521,-165.66,-0.1521,-165.66,1,30.0,idle,+0.000,+0.000,+0.000,+0.000,1100,0,
1785507469.4913,2026-07-31T10:17:49.491,168.526,1697,,,,0,,,,-0.1549,-165.67,-0.1549,-165.67,1,30.0,idle,+0.000,+0.000,+0.000,+0.000,1100,0,
1785507469.5899,2026-07-31T10:17:49.589,168.625,1698,,,,0,,,,-0.1590,-165.70,-0.1590,-165.70,1,30.0,idle,+0.000,+0.000,+0.000,+0.000,1100,0,
1785507469.6891,2026-07-31T10:17:49.689,168.724,1699,,,,0,,,,-0.1561,-165.71,-0.1561,-165.71,1,30.0,idle,+0.000,+0.000,+0.000,+0.000,1100,0,
1785507469.7876,2026-07-31T10:17:49.787,168.823,1700,,,,0,,,,-0.1548,-165.74,-0.1548,-165.74,1,30.0,idle,+0.000,+0.000,+0.000,+0.000,1100,0,
1785507469.8865,2026-07-31T10:17:49.886,168.921,1701,,,,0,,,,-0.1575,-165.74,-0.1575,-165.74,1,30.0,idle,+0.000,+0.000,+0.000,+0.000,1100,0,
1785507469.9873,2026-07-31T10:17:49.987,169.022,1702,,,,0,,,,-0.1545,-165.77,-0.1545,-165.77,1,30.0,idle,+0.000,+0.000,+0.000,+0.000,1100,0,
1785507470.0860,2026-07-31T10:17:50.086,169.121,1703,,,,0,,,,-0.1541,-165.79,-0.1541,-165.79,1,30.0,idle,+0.000,+0.000,+0.000,+0.000,1100,0,
1785507470.1849,2026-07-31T10:17:50.184,169.220,1704,,,,0,,,,-0.1534,-165.81,-0.1534,-165.81,1,30.0,idle,+0.000,+0.000,+0.000,+0.000,1100,0,
1785507470.2841,2026-07-31T10:17:50.284,169.319,1705,,,,0,,,,-0.1541,-165.84,-0.1541,-165.84,1,30.0,idle,+0.000,+0.000,+0.000,+0.000,1100,0,
1785507470.3828,2026-07-31T10:17:50.382,169.418,1706,,,,0,,,,-0.1557,-165.85,-0.1557,-165.85,1,30.0,idle,+0.000,+0.000,+0.000,+0.000,1100,0,
1785507470.4819,2026-07-31T10:17:50.481,169.517,1707,,,,0,,,,-0.1575,-165.88,-0.1575,-165.88,1,30.0,idle,+0.000,+0.000,+0.000,+0.000,1100,0,
1785507470.5807,2026-07-31T10:17:50.580,169.616,1708,,,,0,,,,-0.1573,-165.90,-0.1573,-165.90,1,30.0,idle,+0.000,+0.000,+0.000,+0.000,1100,0,
1785507470.6803,2026-07-31T10:17:50.680,169.715,1709,,,,0,,,,-0.1527,-165.91,-0.1527,-165.91,1,30.0,idle,+0.000,+0.000,+0.000,+0.000,1100,0,
1785507470.7796,2026-07-31T10:17:50.779,169.814,1710,,,,0,,,,-0.1553,-165.93,-0.1553,-165.93,1,30.0,idle,+0.000,+0.000,+0.000,+0.000,1100,0,
1785507470.8789,2026-07-31T10:17:50.878,169.914,1711,,,,0,,,,-0.1518,-165.95,-0.1518,-165.95,1,30.0,idle,+0.000,+0.000,+0.000,+0.000,1100,0,
1785507470.9780,2026-07-31T10:17:50.977,170.013,1712,,,,0,,,,-0.1550,-165.97,-0.1550,-165.97,1,30.0,idle,+0.000,+0.000,+0.000,+0.000,1100,0,
1785507471.0769,2026-07-31T10:17:51.076,170.112,1713,,,,0,,,,-0.1542,-165.98,-0.1542,-165.98,1,30.0,idle,+0.000,+0.000,+0.000,+0.000,1100,0,
1785507471.1762,2026-07-31T10:17:51.176,170.211,1714,,,,0,,,,-0.1540,-166.01,-0.1540,-166.01,1,30.0,idle,+0.000,+0.000,+0.000,+0.000,1100,0,
1785507471.2764,2026-07-31T10:17:51.276,170.311,1715,,,,0,,,,-0.1582,-166.03,-0.1582,-166.03,1,30.0,idle,+0.000,+0.000,+0.000,+0.000,1100,0,
1785507471.3745,2026-07-31T10:17:51.374,170.409,1716,,,,0,,,,-0.1577,-166.04,-0.1577,-166.04,1,30.0,idle,+0.000,+0.000,+0.000,+0.000,1100,0,
1785507471.4737,2026-07-31T10:17:51.473,170.509,1717,,,,0,,,,-0.1559,-166.07,-0.1559,-166.07,1,30.0,idle,+0.000,+0.000,+0.000,+0.000,1100,0,
1785507471.5743,2026-07-31T10:17:51.574,170.609,1718,,,,0,,,,-0.1517,-166.10,-0.1517,-166.10,1,30.0,idle,+0.000,+0.000,+0.000,+0.000,1100,0,
1785507471.6745,2026-07-31T10:17:51.674,170.709,1719,,,,0,,,,-0.1555,-166.11,-0.1555,-166.11,1,30.0,idle,+0.000,+0.000,+0.000,+0.000,1100,0,
1785507471.7743,2026-07-31T10:17:51.774,170.809,1720,,,,0,,,,-0.1532,-166.14,-0.1532,-166.14,1,30.0,idle,+0.000,+0.000,+0.000,+0.000,1100,0,
1785507471.8737,2026-07-31T10:17:51.873,170.909,1721,,,,0,,,,-0.1561,-166.14,-0.1561,-166.14,1,30.0,idle,+0.000,+0.000,+0.000,+0.000,1100,0,
1785507471.9726,2026-07-31T10:17:51.972,171.007,1722,,,,0,,,,-0.1538,-166.18,-0.1538,-166.18,1,30.0,idle,+0.000,+0.000,+0.000,+0.000,1100,0,
1785507472.0721,2026-07-31T10:17:52.072,171.107,1723,,,,0,,,,-0.1562,-166.19,-0.1562,-166.19,1,30.0,idle,+0.000,+0.000,+0.000,+0.000,1100,0,
1785507472.1714,2026-07-31T10:17:52.171,171.206,1724,,,,0,,,,-0.1473,-166.21,-0.1473,-166.21,1,30.0,idle,+0.000,+0.000,+0.000,+0.000,1100,0,
1785507472.2700,2026-07-31T10:17:52.269,171.305,1725,,,,0,,,,-0.1515,-166.25,-0.1515,-166.25,1,30.0,idle,+0.000,+0.000,+0.000,+0.000,1100,0,
1785507472.3694,2026-07-31T10:17:52.369,171.404,1726,,,,0,,,,-0.1538,-166.25,-0.1538,-166.25,1,30.0,idle,+0.000,+0.000,+0.000,+0.000,1100,0,
1785507472.4682,2026-07-31T10:17:52.468,171.503,1727,,,,0,,,,-0.1513,-166.27,-0.1513,-166.27,1,30.0,idle,+0.000,+0.000,+0.000,+0.000,1100,0,
1785507472.5678,2026-07-31T10:17:52.567,171.603,1728,,,,0,,,,-0.1537,-166.29,-0.1537,-166.29,1,30.0,idle,+0.000,+0.000,+0.000,+0.000,1100,0,
1785507472.6686,2026-07-31T10:17:52.668,171.703,1729,,,,0,,,,-0.1545,-166.31,-0.1545,-166.31,1,30.0,idle,+0.000,+0.000,+0.000,+0.000,1100,0,
1785507472.7688,2026-07-31T10:17:52.768,171.804,1730,,,,0,,,,-0.1542,-166.34,-0.1542,-166.34,1,30.0,idle,+0.000,+0.000,+0.000,+0.000,1100,0,
1785507472.8695,2026-07-31T10:17:52.869,171.904,1731,,,,0,,,,-0.1567,-166.35,-0.1567,-166.35,1,30.0,idle,+0.000,+0.000,+0.000,+0.000,1100,0,
1785507472.9700,2026-07-31T10:17:52.970,172.005,1732,,,,0,,,,-0.1506,-166.38,-0.1506,-166.38,1,30.0,idle,+0.000,+0.000,+0.000,+0.000,1100,0,
1785507473.0695,2026-07-31T10:17:53.069,172.104,1733,,,,0,,,,-0.1541,-166.39,-0.1541,-166.39,1,30.0,idle,+0.000,+0.000,+0.000,+0.000,1100,0,
1785507473.1677,2026-07-31T10:17:53.167,172.203,1734,,,,0,,,,-0.1519,-166.43,-0.1519,-166.43,1,30.0,idle,+0.000,+0.000,+0.000,+0.000,1100,0,
1785507473.2677,2026-07-31T10:17:53.267,172.303,1735,,,,0,,,,-0.1546,-166.45,-0.1546,-166.45,1,30.0,idle,+0.000,+0.000,+0.000,+0.000,1100,0,
1785507473.3695,2026-07-31T10:17:53.369,172.404,1736,,,,0,,,,-0.1528,-166.46,-0.1528,-166.46,1,30.0,idle,+0.000,+0.000,+0.000,+0.000,1100,0,
1785507473.4688,2026-07-31T10:17:53.468,172.504,1737,,,,0,,,,-0.1590,-166.49,-0.1590,-166.49,1,30.0,idle,+0.000,+0.000,+0.000,+0.000,1100,0,
1785507473.5679,2026-07-31T10:17:53.567,172.603,1738,,,,0,,,,-0.1538,-166.49,-0.1538,-166.49,1,30.0,idle,+0.000,+0.000,+0.000,+0.000,1100,0,
1785507473.6677,2026-07-31T10:17:53.667,172.703,1739,,,,0,,,,-0.1548,-166.52,-0.1548,-166.52,1,30.0,idle,+0.000,+0.000,+0.000,+0.000,1100,0,
1785507473.7668,2026-07-31T10:17:53.766,172.802,1740,,,,0,,,,-0.1548,-166.54,-0.1548,-166.54,1,30.0,idle,+0.000,+0.000,+0.000,+0.000,1100,0,
1785507473.8662,2026-07-31T10:17:53.866,172.901,1741,,,,0,,,,-0.1550,-166.55,-0.1550,-166.55,1,30.0,idle,+0.000,+0.000,+0.000,+0.000,1100,0,
1785507473.9652,2026-07-31T10:17:53.965,173.000,1742,,,,0,,,,-0.1570,-166.58,-0.1570,-166.58,1,30.0,idle,+0.000,+0.000,+0.000,+0.000,1100,0,
1785507474.0645,2026-07-31T10:17:54.064,173.099,1743,,,,0,,,,-0.1547,-166.59,-0.1547,-166.59,1,30.0,idle,+0.000,+0.000,+0.000,+0.000,1100,0,
1785507474.1632,2026-07-31T10:17:54.163,173.198,1744,,,,0,,,,-0.1550,-166.61,-0.1550,-166.61,1,30.0,idle,+0.000,+0.000,+0.000,+0.000,1100,0,
1785507474.2621,2026-07-31T10:17:54.262,173.297,1745,,,,0,,,,-0.1519,-166.64,-0.1519,-166.64,1,30.0,idle,+0.000,+0.000,+0.000,+0.000,1100,0,
1785507474.3612,2026-07-31T10:17:54.361,173.396,1746,,,,0,,,,-0.1533,-166.66,-0.1533,-166.66,1,30.0,idle,+0.000,+0.000,+0.000,+0.000,1100,0,
1785507474.4608,2026-07-31T10:17:54.460,173.496,1747,,,,0,,,,-0.1540,-166.69,-0.1540,-166.69,1,30.0,idle,+0.000,+0.000,+0.000,+0.000,1100,0,
1785507474.5604,2026-07-31T10:17:54.560,173.595,1748,,,,0,,,,-0.1505,-166.70,-0.1505,-166.70,1,30.0,idle,+0.000,+0.000,+0.000,+0.000,1100,0,
1785507474.6594,2026-07-31T10:17:54.659,173.694,1749,,,,0,,,,-0.1505,-166.73,-0.1505,-166.73,1,30.0,idle,+0.000,+0.000,+0.000,+0.000,1100,0,
1785507474.7583,2026-07-31T10:17:54.758,173.793,1750,,,,0,,,,-0.1530,-166.75,-0.1530,-166.75,1,30.0,idle,+0.000,+0.000,+0.000,+0.000,1100,0,
1785507474.8584,2026-07-31T10:17:54.858,173.893,1751,,,,0,,,,-0.1544,-166.77,-0.1544,-166.77,1,30.0,idle,+0.000,+0.000,+0.000,+0.000,1100,0,
1785507474.9579,2026-07-31T10:17:54.957,173.993,1752,,,,0,,,,-0.1510,-166.81,-0.1510,-166.81,1,30.0,idle,+0.000,+0.000,+0.000,+0.000,1100,0,
1785507475.0573,2026-07-31T10:17:55.057,174.092,1753,,,,0,,,,-0.1541,-166.82,-0.1541,-166.82,1,30.0,idle,+0.000,+0.000,+0.000,+0.000,1100,0,
1785507475.1566,2026-07-31T10:17:55.156,174.191,1754,,,,0,,,,-0.1578,-166.85,-0.1578,-166.85,1,30.0,idle,+0.000,+0.000,+0.000,+0.000,1100,0,
1785507475.2551,2026-07-31T10:17:55.255,174.290,1755,,,,0,,,,-0.1517,-166.87,-0.1517,-166.87,1,30.0,idle,+0.000,+0.000,+0.000,+0.000,1100,0,
1785507475.3547,2026-07-31T10:17:55.354,174.390,1756,,,,0,,,,-0.1495,-166.89,-0.1495,-166.89,1,30.0,idle,+0.000,+0.000,+0.000,+0.000,1100,0,
1785507475.4546,2026-07-31T10:17:55.454,174.489,1757,,,,0,,,,-0.1541,-166.93,-0.1541,-166.93,1,30.0,idle,+0.000,+0.000,+0.000,+0.000,1100,0,
1785507475.5538,2026-07-31T10:17:55.553,174.589,1758,,,,0,,,,-0.1512,-166.94,-0.1512,-166.94,1,30.0,idle,+0.000,+0.000,+0.000,+0.000,1100,0,
1785507475.6537,2026-07-31T10:17:55.653,174.689,1759,,,,0,,,,-0.1537,-166.97,-0.1537,-166.97,1,30.0,idle,+0.000,+0.000,+0.000,+0.000,1100,0,
1785507475.7522,2026-07-31T10:17:55.752,174.787,1760,,,,0,,,,-0.1590,-166.98,-0.1590,-166.98,1,30.0,idle,+0.000,+0.000,+0.000,+0.000,1100,0,
1785507475.8509,2026-07-31T10:17:55.850,174.886,1761,,,,0,,,,-0.1581,-167.00,-0.1581,-167.00,1,30.0,idle,+0.000,+0.000,+0.000,+0.000,1100,0,
1785507475.9502,2026-07-31T10:17:55.950,174.985,1762,,,,0,,,,-0.1541,-167.03,-0.1541,-167.03,1,30.0,idle,+0.000,+0.000,+0.000,+0.000,1100,0,
1785507476.0494,2026-07-31T10:17:56.049,175.084,1763,,,,0,,,,-0.1539,-167.04,-0.1539,-167.04,1,30.0,idle,+0.000,+0.000,+0.000,+0.000,1100,0,
1785507476.1483,2026-07-31T10:17:56.148,175.183,1764,,,,0,,,,-0.1521,-167.07,-0.1521,-167.07,1,30.0,idle,+0.000,+0.000,+0.000,+0.000,1100,0,
1785507476.2485,2026-07-31T10:17:56.248,175.283,1765,,,,0,,,,-0.1577,-167.09,-0.1577,-167.09,1,30.0,idle,+0.000,+0.000,+0.000,+0.000,1100,0,
1785507476.3483,2026-07-31T10:17:56.348,175.383,1766,,,,0,,,,-0.1535,-167.11,-0.1535,-167.11,1,30.0,idle,+0.000,+0.000,+0.000,+0.000,1100,0,
1785507476.4475,2026-07-31T10:17:56.447,175.482,1767,,,,0,,,,-0.1549,-167.14,-0.1549,-167.14,1,30.0,idle,+0.000,+0.000,+0.000,+0.000,1100,0,
1785507476.5468,2026-07-31T10:17:56.546,175.582,1768,,,,0,,,,-0.1561,-167.15,-0.1561,-167.15,1,30.0,idle,+0.000,+0.000,+0.000,+0.000,1100,0,
1785507476.6456,2026-07-31T10:17:56.645,175.681,1769,,,,0,,,,-0.1543,-167.18,-0.1543,-167.18,1,30.0,idle,+0.000,+0.000,+0.000,+0.000,1100,0,
1785507476.7443,2026-07-31T10:17:56.744,175.779,1770,,,,0,,,,-0.1538,-167.18,-0.1538,-167.18,1,30.0,idle,+0.000,+0.000,+0.000,+0.000,1100,0,
1785507476.8439,2026-07-31T10:17:56.843,175.879,1771,,,,0,,,,-0.1565,-167.21,-0.1565,-167.21,1,30.0,idle,+0.000,+0.000,+0.000,+0.000,1100,0,
1785507476.9438,2026-07-31T10:17:56.943,175.979,1772,,,,0,,,,-0.1541,-167.25,-0.1541,-167.25,1,30.0,idle,+0.000,+0.000,+0.000,+0.000,1100,0,
1785507477.0427,2026-07-31T10:17:57.042,176.078,1773,,,,0,,,,-0.1566,-167.26,-0.1566,-167.26,1,30.0,idle,+0.000,+0.000,+0.000,+0.000,1100,0,
1785507477.1415,2026-07-31T10:17:57.141,176.176,1774,,,,0,,,,-0.1568,-167.28,-0.1568,-167.28,1,30.0,idle,+0.000,+0.000,+0.000,+0.000,1100,0,
1785507477.2420,2026-07-31T10:17:57.241,176.277,1775,,,,0,,,,-0.1542,-167.29,-0.1542,-167.29,1,30.0,idle,+0.000,+0.000,+0.000,+0.000,1100,0,
1785507477.3427,2026-07-31T10:17:57.342,176.378,1776,,,,0,,,,-0.1566,-167.31,-0.1566,-167.31,1,30.0,idle,+0.000,+0.000,+0.000,+0.000,1100,0,
1785507477.4418,2026-07-31T10:17:57.441,176.477,1777,,,,0,,,,-0.1523,-167.32,-0.1523,-167.32,1,30.0,idle,+0.000,+0.000,+0.000,+0.000,1100,0,
1785507477.5404,2026-07-31T10:17:57.540,176.575,1778,,,,0,,,,-0.1524,-167.33,-0.1524,-167.33,1,30.0,idle,+0.000,+0.000,+0.000,+0.000,1100,0,
1785507477.6396,2026-07-31T10:17:57.639,176.674,1779,,,,0,,,,-0.1551,-167.36,-0.1551,-167.36,1,30.0,idle,+0.000,+0.000,+0.000,+0.000,1100,0,
1785507477.7383,2026-07-31T10:17:57.738,176.773,1780,,,,0,,,,-0.1579,-167.38,-0.1579,-167.38,1,30.0,idle,+0.000,+0.000,+0.000,+0.000,1100,0,
1785507477.8385,2026-07-31T10:17:57.838,176.873,1781,,,,0,,,,-0.1573,-167.39,-0.1573,-167.39,1,30.0,idle,+0.000,+0.000,+0.000,+0.000,1100,0,
1785507477.9379,2026-07-31T10:17:57.937,176.973,1782,,,,0,,,,-0.1568,-167.43,-0.1568,-167.43,1,30.0,idle,+0.000,+0.000,+0.000,+0.000,1100,0,
1785507478.0368,2026-07-31T10:17:58.036,177.072,1783,,,,0,,,,-0.1537,-167.44,-0.1537,-167.44,1,30.0,idle,+0.000,+0.000,+0.000,+0.000,1100,0,
1785507478.1353,2026-07-31T10:17:58.135,177.170,1784,,,,0,,,,-0.1493,-167.46,-0.1493,-167.46,1,30.0,idle,+0.000,+0.000,+0.000,+0.000,1100,0,
1785507478.2346,2026-07-31T10:17:58.234,177.269,1785,,,,0,,,,-0.1524,-167.47,-0.1524,-167.47,1,30.0,idle,+0.000,+0.000,+0.000,+0.000,1100,0,
1785507478.3337,2026-07-31T10:17:58.333,177.369,1786,,,,0,,,,-0.1561,-167.49,-0.1561,-167.49,1,30.0,idle,+0.000,+0.000,+0.000,+0.000,1100,0,
1785507478.4326,2026-07-31T10:17:58.432,177.468,1787,,,,0,,,,-0.1572,-167.51,-0.1572,-167.51,1,30.0,idle,+0.000,+0.000,+0.000,+0.000,1100,0,
1785507478.5315,2026-07-31T10:17:58.531,177.566,1788,,,,0,,,,-0.1565,-167.54,-0.1565,-167.54,1,30.0,idle,+0.000,+0.000,+0.000,+0.000,1100,0,
1785507478.6308,2026-07-31T10:17:58.630,177.666,1789,,,,0,,,,-0.1549,-167.56,-0.1549,-167.56,1,30.0,idle,+0.000,+0.000,+0.000,+0.000,1100,0,
1785507478.7304,2026-07-31T10:17:58.730,177.765,1790,,,,0,,,,-0.1506,-167.57,-0.1506,-167.57,1,30.0,idle,+0.000,+0.000,+0.000,+0.000,1100,0,
1785507478.8297,2026-07-31T10:17:58.829,177.865,1791,,,,0,,,,-0.1579,-167.61,-0.1579,-167.61,1,30.0,idle,+0.000,+0.000,+0.000,+0.000,1100,0,
1785507478.9285,2026-07-31T10:17:58.928,177.963,1792,,,,0,,,,-0.1542,-167.61,-0.1542,-167.61,1,30.0,idle,+0.000,+0.000,+0.000,+0.000,1100,0,
1785507479.0279,2026-07-31T10:17:59.027,178.063,1793,,,,0,,,,-0.1552,-167.64,-0.1552,-167.64,1,30.0,idle,+0.000,+0.000,+0.000,+0.000,1100,0,
1785507479.1269,2026-07-31T10:17:59.126,178.162,1794,,,,0,,,,-0.1513,-167.66,-0.1513,-167.66,1,30.0,idle,+0.000,+0.000,+0.000,+0.000,1100,0,
1785507479.2261,2026-07-31T10:17:59.226,178.261,1795,,,,0,,,,-0.1547,-167.68,-0.1547,-167.68,1,30.0,idle,+0.000,+0.000,+0.000,+0.000,1100,0,
1785507479.3258,2026-07-31T10:17:59.325,178.361,1796,,,,0,,,,-0.1552,-167.70,-0.1552,-167.70,1,30.0,idle,+0.000,+0.000,+0.000,+0.000,1100,0,
1785507479.4235,2026-07-31T10:17:59.423,178.458,1797,,,,0,,,,-0.1546,-167.72,-0.1546,-167.72,1,30.0,idle,+0.000,+0.000,+0.000,+0.000,1100,0,
1785507479.5223,2026-07-31T10:17:59.522,178.557,1798,,,,0,,,,-0.1553,-167.75,-0.1553,-167.75,1,30.0,idle,+0.000,+0.000,+0.000,+0.000,1100,0,
1785507479.6224,2026-07-31T10:17:59.622,178.657,1799,,,,0,,,,-0.1534,-167.76,-0.1534,-167.76,1,30.0,idle,+0.000,+0.000,+0.000,+0.000,1100,0,
1785507479.7217,2026-07-31T10:17:59.721,178.757,1800,,,,0,,,,-0.1559,-167.78,-0.1559,-167.78,1,30.0,idle,+0.000,+0.000,+0.000,+0.000,1100,0,
1785507479.8207,2026-07-31T10:17:59.820,178.856,1801,,,,0,,,,-0.1553,-167.81,-0.1553,-167.81,1,30.0,idle,+0.000,+0.000,+0.000,+0.000,1100,0,
1785507479.9196,2026-07-31T10:17:59.919,178.954,1802,,,,0,,,,-0.1549,-167.82,-0.1549,-167.82,1,30.0,idle,+0.000,+0.000,+0.000,+0.000,1100,0,
1785507480.0185,2026-07-31T10:18:00.018,179.053,1803,,,,0,,,,-0.1568,-167.84,-0.1568,-167.84,1,30.0,idle,+0.000,+0.000,+0.000,+0.000,1100,0,
1785507480.1180,2026-07-31T10:18:00.118,179.153,1804,,,,0,,,,-0.1552,-167.85,-0.1552,-167.85,1,30.0,idle,+0.000,+0.000,+0.000,+0.000,1100,0,
1785507480.2165,2026-07-31T10:18:00.216,179.251,1805,,,,0,,,,-0.1552,-167.88,-0.1552,-167.88,1,30.0,idle,+0.000,+0.000,+0.000,+0.000,1100,0,
1785507480.3158,2026-07-31T10:18:00.315,179.351,1806,,,,0,,,,-0.1563,-167.91,-0.1563,-167.91,1,30.0,idle,+0.000,+0.000,+0.000,+0.000,1100,0,
1785507480.4146,2026-07-31T10:18:00.414,179.449,1807,,,,0,,,,-0.1560,-167.92,-0.1560,-167.92,1,30.0,idle,+0.000,+0.000,+0.000,+0.000,1100,0,
1785507480.5134,2026-07-31T10:18:00.513,179.548,1808,,,,0,,,,-0.1560,-167.95,-0.1560,-167.95,1,30.0,idle,+0.000,+0.000,+0.000,+0.000,1100,0,
1785507480.6134,2026-07-31T10:18:00.613,179.648,1809,,,,0,,,,-0.1528,-167.97,-0.1528,-167.97,1,30.0,idle,+0.000,+0.000,+0.000,+0.000,1100,0,
1785507480.7128,2026-07-31T10:18:00.712,179.748,1810,,,,0,,,,-0.1505,-168.00,-0.1505,-168.00,1,30.0,idle,+0.000,+0.000,+0.000,+0.000,1100,0,
1785507480.8119,2026-07-31T10:18:00.811,179.847,1811,,,,0,,,,-0.1570,-168.02,-0.1570,-168.02,1,30.0,idle,+0.000,+0.000,+0.000,+0.000,1100,0,
1785507480.9110,2026-07-31T10:18:00.910,179.946,1812,,,,0,,,,-0.1549,-168.04,-0.1549,-168.04,1,30.0,idle,+0.000,+0.000,+0.000,+0.000,1100,0,
1785507481.0096,2026-07-31T10:18:01.009,180.045,1813,,,,0,,,,-0.1521,-168.07,-0.1521,-168.07,1,30.0,idle,+0.000,+0.000,+0.000,+0.000,1100,0,
1785507481.1093,2026-07-31T10:18:01.109,180.144,1814,,,,0,,,,-0.1534,-168.08,-0.1534,-168.08,1,30.0,idle,+0.000,+0.000,+0.000,+0.000,1100,0,
1785507481.2092,2026-07-31T10:18:01.209,180.244,1815,,,,0,,,,-0.1552,-168.11,-0.1552,-168.11,1,30.0,idle,+0.000,+0.000,+0.000,+0.000,1100,0,
1785507481.3083,2026-07-31T10:18:01.308,180.343,1816,,,,0,,,,-0.1556,-168.14,-0.1556,-168.14,1,30.0,idle,+0.000,+0.000,+0.000,+0.000,1100,0,
1785507481.4076,2026-07-31T10:18:01.407,180.442,1817,,,,0,,,,-0.1536,-168.15,-0.1536,-168.15,1,30.0,idle,+0.000,+0.000,+0.000,+0.000,1100,0,
1785507481.5067,2026-07-31T10:18:01.506,180.542,1818,,,,0,,,,-0.1523,-168.18,-0.1523,-168.18,1,30.0,idle,+0.000,+0.000,+0.000,+0.000,1100,0,
1785507481.6060,2026-07-31T10:18:01.606,180.641,1819,,,,0,,,,-0.1526,-168.20,-0.1526,-168.20,1,30.0,idle,+0.000,+0.000,+0.000,+0.000,1100,0,
1785507481.7052,2026-07-31T10:18:01.705,180.740,1820,,,,0,,,,-0.1585,-168.22,-0.1585,-168.22,1,30.0,idle,+0.000,+0.000,+0.000,+0.000,1100,0,
1785507481.8035,2026-07-31T10:18:01.803,180.838,1821,,,,0,,,,-0.1520,-168.23,-0.1520,-168.23,1,30.0,idle,+0.000,+0.000,+0.000,+0.000,1100,0,
1785507481.9043,2026-07-31T10:18:01.904,180.939,1822,,,,0,,,,-0.1499,-168.26,-0.1499,-168.26,1,30.0,idle,+0.000,+0.000,+0.000,+0.000,1100,0,
1785507482.0043,2026-07-31T10:18:02.004,181.039,1823,,,,0,,,,-0.1553,-168.27,-0.1553,-168.27,1,30.0,idle,+0.000,+0.000,+0.000,+0.000,1100,0,
1785507482.1028,2026-07-31T10:18:02.102,181.138,1824,,,,0,,,,-0.1492,-168.31,-0.1492,-168.31,1,30.0,idle,+0.000,+0.000,+0.000,+0.000,1100,0,
1785507482.2014,2026-07-31T10:18:02.201,181.236,1825,,,,0,,,,-0.1544,-168.32,-0.1544,-168.32,1,30.0,idle,+0.000,+0.000,+0.000,+0.000,1100,0,
1785507482.3023,2026-07-31T10:18:02.302,181.337,1826,,,,0,,,,-0.1556,-168.33,-0.1556,-168.33,1,30.0,idle,+0.000,+0.000,+0.000,+0.000,1100,0,
1785507482.4028,2026-07-31T10:18:02.402,181.438,1827,,,,0,,,,-0.1552,-168.37,-0.1552,-168.37,1,30.0,idle,+0.000,+0.000,+0.000,+0.000,1100,0,
1785507482.5017,2026-07-31T10:18:02.501,181.537,1828,,,,0,,,,-0.1527,-168.38,-0.1527,-168.38,1,30.0,idle,+0.000,+0.000,+0.000,+0.000,1100,0,
1785507482.6007,2026-07-31T10:18:02.600,181.636,1829,,,,0,,,,-0.1568,-168.39,-0.1568,-168.39,1,30.0,idle,+0.000,+0.000,+0.000,+0.000,1100,0,
1785507482.6996,2026-07-31T10:18:02.699,181.734,1830,,,,0,,,,-0.1537,-168.41,-0.1537,-168.41,1,30.0,idle,+0.000,+0.000,+0.000,+0.000,1100,0,
1785507482.8003,2026-07-31T10:18:02.800,181.835,1831,,,,0,,,,-0.1541,-168.43,-0.1541,-168.43,1,30.0,idle,+0.000,+0.000,+0.000,+0.000,1100,0,
1785507482.8990,2026-07-31T10:18:02.899,181.934,1832,,,,0,,,,-0.1516,-168.46,-0.1516,-168.46,1,30.0,idle,+0.000,+0.000,+0.000,+0.000,1100,0,
1785507482.9977,2026-07-31T10:18:02.997,182.033,1833,,,,0,,,,-0.1534,-168.48,-0.1534,-168.48,1,30.0,idle,+0.000,+0.000,+0.000,+0.000,1100,0,
1785507483.0968,2026-07-31T10:18:03.096,182.132,1834,,,,0,,,,-0.1552,-168.50,-0.1552,-168.50,1,30.0,idle,+0.000,+0.000,+0.000,+0.000,1100,0,
1785507483.1956,2026-07-31T10:18:03.195,182.230,1835,,,,0,,,,-0.1566,-168.53,-0.1566,-168.53,1,30.0,idle,+0.000,+0.000,+0.000,+0.000,1100,0,
1785507483.2955,2026-07-31T10:18:03.295,182.330,1836,,,,0,,,,-0.1540,-168.54,-0.1540,-168.54,1,30.0,idle,+0.000,+0.000,+0.000,+0.000,1100,0,
1785507483.3951,2026-07-31T10:18:03.395,182.430,1837,,,,0,,,,-0.1553,-168.56,-0.1553,-168.56,1,30.0,idle,+0.000,+0.000,+0.000,+0.000,1100,0,
1785507483.4947,2026-07-31T10:18:03.494,182.530,1838,,,,0,,,,-0.1556,-168.58,-0.1556,-168.58,1,30.0,idle,+0.000,+0.000,+0.000,+0.000,1100,0,
1785507483.5950,2026-07-31T10:18:03.595,182.630,1839,,,,0,,,,-0.1522,-168.61,-0.1522,-168.61,1,30.0,idle,+0.000,+0.000,+0.000,+0.000,1100,0,
1785507483.6944,2026-07-31T10:18:03.694,182.729,1840,,,,0,,,,-0.1586,-168.63,-0.1586,-168.63,1,30.0,idle,+0.000,+0.000,+0.000,+0.000,1100,0,
1785507483.7929,2026-07-31T10:18:03.792,182.828,1841,,,,0,,,,-0.1559,-168.64,-0.1559,-168.64,1,30.0,idle,+0.000,+0.000,+0.000,+0.000,1100,0,
1785507483.8929,2026-07-31T10:18:03.892,182.928,1842,,,,0,,,,-0.1549,-168.67,-0.1549,-168.67,1,30.0,idle,+0.000,+0.000,+0.000,+0.000,1100,0,
1785507483.9923,2026-07-31T10:18:03.992,183.027,1843,,,,0,,,,-0.1518,-168.68,-0.1518,-168.68,1,30.0,idle,+0.000,+0.000,+0.000,+0.000,1100,0,
1785507484.0907,2026-07-31T10:18:04.090,183.126,1844,,,,0,,,,-0.1535,-168.70,-0.1535,-168.70,1,30.0,idle,+0.000,+0.000,+0.000,+0.000,1100,0,
1785507484.1898,2026-07-31T10:18:04.189,183.225,1845,,,,0,,,,-0.1542,-168.73,-0.1542,-168.73,1,30.0,idle,+0.000,+0.000,+0.000,+0.000,1100,0,
1785507484.2887,2026-07-31T10:18:04.288,183.324,1846,,,,0,,,,-0.1564,-168.74,-0.1564,-168.74,1,30.0,idle,+0.000,+0.000,+0.000,+0.000,1100,0,
1785507484.3874,2026-07-31T10:18:04.387,183.422,1847,,,,0,,,,-0.1526,-168.76,-0.1526,-168.76,1,30.0,idle,+0.000,+0.000,+0.000,+0.000,1100,0,
1785507484.4865,2026-07-31T10:18:04.486,183.521,1848,,,,0,,,,-0.1538,-168.77,-0.1538,-168.77,1,30.0,idle,+0.000,+0.000,+0.000,+0.000,1100,0,
1785507484.5862,2026-07-31T10:18:04.586,183.621,1849,,,,0,,,,-0.1557,-168.79,-0.1557,-168.79,1,30.0,idle,+0.000,+0.000,+0.000,+0.000,1100,0,
1785507484.6852,2026-07-31T10:18:04.685,183.720,1850,,,,0,,,,-0.1576,-168.80,-0.1576,-168.80,1,30.0,idle,+0.000,+0.000,+0.000,+0.000,1100,0,
1785507484.7843,2026-07-31T10:18:04.784,183.819,1851,,,,0,,,,-0.1548,-168.83,-0.1548,-168.83,1,30.0,idle,+0.000,+0.000,+0.000,+0.000,1100,0,
1785507484.8828,2026-07-31T10:18:04.882,183.918,1852,,,,0,,,,-0.1526,-168.85,-0.1526,-168.85,1,30.0,idle,+0.000,+0.000,+0.000,+0.000,1100,0,
1785507484.9821,2026-07-31T10:18:04.982,184.017,1853,,,,0,,,,-0.1561,-168.88,-0.1561,-168.88,1,30.0,idle,+0.000,+0.000,+0.000,+0.000,1100,0,
1785507485.0811,2026-07-31T10:18:05.081,184.116,1854,,,,0,,,,-0.1568,-168.90,-0.1568,-168.90,1,30.0,idle,+0.000,+0.000,+0.000,+0.000,1100,0,
1785507485.1804,2026-07-31T10:18:05.180,184.215,1855,,,,0,,,,-0.1582,-168.91,-0.1582,-168.91,1,30.0,idle,+0.000,+0.000,+0.000,+0.000,1100,0,
1785507485.2794,2026-07-31T10:18:05.279,184.314,1856,,,,0,,,,-0.1564,-168.93,-0.1564,-168.93,1,30.0,idle,+0.000,+0.000,+0.000,+0.000,1100,0,
1785507485.3796,2026-07-31T10:18:05.379,184.415,1857,,,,0,,,,-0.1533,-168.95,-0.1533,-168.95,1,30.0,idle,+0.000,+0.000,+0.000,+0.000,1100,0,
1785507485.4787,2026-07-31T10:18:05.478,184.514,1858,,,,0,,,,-0.1554,-168.97,-0.1554,-168.97,1,30.0,idle,+0.000,+0.000,+0.000,+0.000,1100,0,
1785507485.5785,2026-07-31T10:18:05.578,184.613,1859,,,,0,,,,-0.1571,-168.99,-0.1571,-168.99,1,30.0,idle,+0.000,+0.000,+0.000,+0.000,1100,0,
1785507485.6781,2026-07-31T10:18:05.678,184.713,1860,,,,0,,,,-0.1535,-169.00,-0.1535,-169.00,1,30.0,idle,+0.000,+0.000,+0.000,+0.000,1100,0,
1785507485.7773,2026-07-31T10:18:05.777,184.812,1861,,,,0,,,,-0.1552,-169.03,-0.1552,-169.03,1,30.0,idle,+0.000,+0.000,+0.000,+0.000,1100,0,
1785507485.8766,2026-07-31T10:18:05.876,184.911,1862,,,,0,,,,-0.1544,-169.05,-0.1544,-169.05,1,30.0,idle,+0.000,+0.000,+0.000,+0.000,1100,0,
1785507485.9757,2026-07-31T10:18:05.975,185.011,1863,,,,0,,,,-0.1547,-169.07,-0.1547,-169.07,1,30.0,idle,+0.000,+0.000,+0.000,+0.000,1100,0,
1785507486.0755,2026-07-31T10:18:06.075,185.110,1864,,,,0,,,,-0.1542,-169.09,-0.1542,-169.09,1,30.0,idle,+0.000,+0.000,+0.000,+0.000,1100,0,
1785507486.1742,2026-07-31T10:18:06.174,185.209,1865,,,,0,,,,-0.1566,-169.11,-0.1566,-169.11,1,30.0,idle,+0.000,+0.000,+0.000,+0.000,1100,0,
1785507486.2738,2026-07-31T10:18:06.273,185.309,1866,,,,0,,,,-0.1560,-169.12,-0.1560,-169.12,1,30.0,idle,+0.000,+0.000,+0.000,+0.000,1100,0,
1785507486.3732,2026-07-31T10:18:06.373,185.408,1867,,,,0,,,,-0.1537,-169.16,-0.1537,-169.16,1,30.0,idle,+0.000,+0.000,+0.000,+0.000,1100,0,
1785507486.4723,2026-07-31T10:18:06.472,185.507,1868,,,,0,,,,-0.1542,-169.17,-0.1542,-169.17,1,30.0,idle,+0.000,+0.000,+0.000,+0.000,1100,0,
1785507486.5711,2026-07-31T10:18:06.571,185.606,1869,,,,0,,,,-0.1521,-169.21,-0.1521,-169.21,1,30.0,idle,+0.000,+0.000,+0.000,+0.000,1100,0,
1785507486.6716,2026-07-31T10:18:06.671,185.706,1870,,,,0,,,,-0.1559,-169.22,-0.1559,-169.22,1,30.0,idle,+0.000,+0.000,+0.000,+0.000,1100,0,
1785507486.7716,2026-07-31T10:18:06.771,185.806,1871,,,,0,,,,-0.1534,-169.25,-0.1534,-169.25,1,30.0,idle,+0.000,+0.000,+0.000,+0.000,1100,0,
1785507486.8710,2026-07-31T10:18:06.870,185.906,1872,,,,0,,,,-0.1528,-169.27,-0.1528,-169.27,1,30.0,idle,+0.000,+0.000,+0.000,+0.000,1100,0,
1785507486.9700,2026-07-31T10:18:06.970,186.005,1873,,,,0,,,,-0.1529,-169.28,-0.1529,-169.28,1,30.0,idle,+0.000,+0.000,+0.000,+0.000,1100,0,
1785507487.0697,2026-07-31T10:18:07.069,186.105,1874,,,,0,,,,-0.1500,-169.30,-0.1500,-169.30,1,30.0,idle,+0.000,+0.000,+0.000,+0.000,1100,0,
1785507487.1693,2026-07-31T10:18:07.169,186.204,1875,,,,0,,,,-0.1545,-169.32,-0.1545,-169.32,1,30.0,idle,+0.000,+0.000,+0.000,+0.000,1100,0,
1785507487.2691,2026-07-31T10:18:07.269,186.304,1876,,,,0,,,,-0.1507,-169.34,-0.1507,-169.34,1,30.0,idle,+0.000,+0.000,+0.000,+0.000,1100,0,
1785507487.3688,2026-07-31T10:18:07.368,186.404,1877,,,,0,,,,-0.1571,-169.35,-0.1571,-169.35,1,30.0,idle,+0.000,+0.000,+0.000,+0.000,1100,0,
1785507487.4688,2026-07-31T10:18:07.468,186.504,1878,,,,0,,,,-0.1599,-169.37,-0.1599,-169.37,1,30.0,idle,+0.000,+0.000,+0.000,+0.000,1100,0,
1785507487.5695,2026-07-31T10:18:07.569,186.604,1879,,,,0,,,,-0.1570,-169.40,-0.1570,-169.40,1,30.0,idle,+0.000,+0.000,+0.000,+0.000,1100,0,
1785507487.6690,2026-07-31T10:18:07.668,186.704,1880,,,,0,,,,-0.1555,-169.42,-0.1555,-169.42,1,30.0,idle,+0.000,+0.000,+0.000,+0.000,1100,0,
1785507487.7688,2026-07-31T10:18:07.768,186.804,1881,,,,0,,,,-0.1567,-169.45,-0.1567,-169.45,1,30.0,idle,+0.000,+0.000,+0.000,+0.000,1100,0,
1785507487.8698,2026-07-31T10:18:07.869,186.905,1882,,,,0,,,,-0.1558,-169.46,-0.1558,-169.46,1,30.0,idle,+0.000,+0.000,+0.000,+0.000,1100,0,
1785507487.9689,2026-07-31T10:18:07.968,187.004,1883,,,,0,,,,-0.1566,-169.49,-0.1566,-169.49,1,30.0,idle,+0.000,+0.000,+0.000,+0.000,1100,0,
1785507488.0686,2026-07-31T10:18:08.068,187.103,1884,,,,0,,,,-0.1574,-169.51,-0.1574,-169.51,1,30.0,idle,+0.000,+0.000,+0.000,+0.000,1100,0,
1785507488.1675,2026-07-31T10:18:08.167,187.202,1885,,,,0,,,,-0.1586,-169.53,-0.1586,-169.53,1,30.0,idle,+0.000,+0.000,+0.000,+0.000,1100,0,
1785507488.2666,2026-07-31T10:18:08.266,187.301,1886,,,,0,,,,-0.1548,-169.55,-0.1548,-169.55,1,30.0,idle,+0.000,+0.000,+0.000,+0.000,1100,0,
1785507488.3654,2026-07-31T10:18:08.365,187.400,1887,,,,0,,,,-0.1580,-169.56,-0.1580,-169.56,1,30.0,idle,+0.000,+0.000,+0.000,+0.000,1100,0,
1785507488.4643,2026-07-31T10:18:08.464,187.499,1888,,,,0,,,,-0.1560,-169.59,-0.1560,-169.59,1,30.0,idle,+0.000,+0.000,+0.000,+0.000,1100,0,
1785507488.5643,2026-07-31T10:18:08.564,187.599,1889,,,,0,,,,-0.1557,-169.62,-0.1557,-169.62,1,30.0,idle,+0.000,+0.000,+0.000,+0.000,1100,0,
1785507488.6637,2026-07-31T10:18:08.663,187.699,1890,,,,0,,,,-0.1542,-169.63,-0.1542,-169.63,1,30.0,idle,+0.000,+0.000,+0.000,+0.000,1100,0,
1785507488.7623,2026-07-31T10:18:08.762,187.797,1891,,,,0,,,,-0.1576,-169.65,-0.1576,-169.65,1,30.0,idle,+0.000,+0.000,+0.000,+0.000,1100,0,
1785507488.8628,2026-07-31T10:18:08.862,187.898,1892,,,,0,,,,-0.1554,-169.67,-0.1554,-169.67,1,30.0,idle,+0.000,+0.000,+0.000,+0.000,1100,0,
1785507488.9613,2026-07-31T10:18:08.961,187.996,1893,,,,0,,,,-0.1584,-169.70,-0.1584,-169.70,1,30.0,idle,+0.000,+0.000,+0.000,+0.000,1100,0,
1785507489.0604,2026-07-31T10:18:09.060,188.095,1894,,,,0,,,,-0.1545,-169.73,-0.1545,-169.73,1,30.0,idle,+0.000,+0.000,+0.000,+0.000,1100,0,
1785507489.1594,2026-07-31T10:18:09.159,188.194,1895,,,,0,,,,-0.1611,-169.74,-0.1611,-169.74,1,30.0,idle,+0.000,+0.000,+0.000,+0.000,1100,0,
1785507489.2586,2026-07-31T10:18:09.258,188.293,1896,,,,0,,,,-0.1521,-169.76,-0.1521,-169.76,1,30.0,idle,+0.000,+0.000,+0.000,+0.000,1100,0,
1785507489.3566,2026-07-31T10:18:09.356,188.391,1897,,,,0,,,,-0.1542,-169.78,-0.1542,-169.78,1,30.0,idle,+0.000,+0.000,+0.000,+0.000,1100,0,
1785507489.4555,2026-07-31T10:18:09.455,188.490,1898,,,,0,,,,-0.1528,-169.80,-0.1528,-169.80,1,30.0,idle,+0.000,+0.000,+0.000,+0.000,1100,0,
1785507489.5547,2026-07-31T10:18:09.554,188.590,1899,,,,0,,,,-0.1570,-169.81,-0.1570,-169.81,1,30.0,idle,+0.000,+0.000,+0.000,+0.000,1100,0,
1785507489.6535,2026-07-31T10:18:09.653,188.688,1900,,,,0,,,,-0.1569,-169.83,-0.1569,-169.83,1,30.0,idle,+0.000,+0.000,+0.000,+0.000,1100,0,
1785507489.7521,2026-07-31T10:18:09.752,188.787,1901,,,,0,,,,-0.1526,-169.86,-0.1526,-169.86,1,30.0,idle,+0.000,+0.000,+0.000,+0.000,1100,0,
1785507489.8519,2026-07-31T10:18:09.851,188.887,1902,,,,0,,,,-0.1508,-169.87,-0.1508,-169.87,1,30.0,idle,+0.000,+0.000,+0.000,+0.000,1100,0,
1785507489.9520,2026-07-31T10:18:09.952,188.987,1903,,,,0,,,,-0.1577,-169.90,-0.1577,-169.90,1,30.0,idle,+0.000,+0.000,+0.000,+0.000,1100,0,
1785507490.0532,2026-07-31T10:18:10.053,189.088,1904,,,,0,,,,-0.1551,-169.91,-0.1551,-169.91,1,30.0,idle,+0.000,+0.000,+0.000,+0.000,1100,0,
1785507490.1534,2026-07-31T10:18:10.153,189.188,1905,,,,0,,,,-0.1565,-169.94,-0.1565,-169.94,1,30.0,idle,+0.000,+0.000,+0.000,+0.000,1100,0,
1785507490.2527,2026-07-31T10:18:10.252,189.288,1906,,,,0,,,,-0.1509,-169.96,-0.1509,-169.96,1,30.0,idle,+0.000,+0.000,+0.000,+0.000,1100,0,
1785507490.3530,2026-07-31T10:18:10.353,189.388,1907,,,,0,,,,-0.1528,-169.98,-0.1528,-169.98,1,30.0,idle,+0.000,+0.000,+0.000,+0.000,1100,0,
1785507490.4525,2026-07-31T10:18:10.452,189.487,1908,,,,0,,,,-0.1569,-170.00,-0.1569,-170.00,1,30.0,idle,+0.000,+0.000,+0.000,+0.000,1100,0,
1785507490.5516,2026-07-31T10:18:10.551,189.587,1909,,,,0,,,,-0.1554,-170.01,-0.1554,-170.01,1,30.0,idle,+0.000,+0.000,+0.000,+0.000,1100,0,
1785507490.6509,2026-07-31T10:18:10.650,189.686,1910,,,,0,,,,-0.1519,-170.03,-0.1519,-170.03,1,30.0,idle,+0.000,+0.000,+0.000,+0.000,1100,0,
1785507490.7495,2026-07-31T10:18:10.749,189.784,1911,,,,0,,,,-0.1593,-170.05,-0.1593,-170.05,1,30.0,idle,+0.000,+0.000,+0.000,+0.000,1100,0,
1785507490.8486,2026-07-31T10:18:10.848,189.883,1912,,,,0,,,,-0.1526,-170.07,-0.1526,-170.07,1,30.0,idle,+0.000,+0.000,+0.000,+0.000,1100,0,
1785507490.9480,2026-07-31T10:18:10.948,189.983,1913,,,,0,,,,-0.1533,-170.10,-0.1533,-170.10,1,30.0,idle,+0.000,+0.000,+0.000,+0.000,1100,0,
1785507491.0483,2026-07-31T10:18:11.048,190.083,1914,,,,0,,,,-0.1568,-170.12,-0.1568,-170.12,1,30.0,idle,+0.000,+0.000,+0.000,+0.000,1100,0,
1785507491.1477,2026-07-31T10:18:11.147,190.183,1915,,,,0,,,,-0.1541,-170.15,-0.1541,-170.15,1,30.0,idle,+0.000,+0.000,+0.000,+0.000,1100,0,
1785507491.2466,2026-07-31T10:18:11.246,190.282,1916,,,,0,,,,-0.1580,-170.18,-0.1580,-170.18,1,30.0,idle,+0.000,+0.000,+0.000,+0.000,1100,0,
1785507491.3452,2026-07-31T10:18:11.345,190.380,1917,,,,0,,,,-0.1519,-170.19,-0.1519,-170.19,1,30.0,idle,+0.000,+0.000,+0.000,+0.000,1100,0,
1785507491.4449,2026-07-31T10:18:11.444,190.480,1918,,,,0,,,,-0.1536,-170.21,-0.1536,-170.21,1,30.0,idle,+0.000,+0.000,+0.000,+0.000,1100,0,
1785507491.5443,2026-07-31T10:18:11.544,190.579,1919,,,,0,,,,-0.1529,-170.23,-0.1529,-170.23,1,30.0,idle,+0.000,+0.000,+0.000,+0.000,1100,0,
1785507491.6451,2026-07-31T10:18:11.645,190.680,1920,,,,0,,,,-0.1573,-170.25,-0.1573,-170.25,1,30.0,idle,+0.000,+0.000,+0.000,+0.000,1100,0,
1785507491.7451,2026-07-31T10:18:11.745,190.780,1921,,,,0,,,,-0.1549,-170.26,-0.1549,-170.26,1,30.0,idle,+0.000,+0.000,+0.000,+0.000,1100,0,
1785507491.8441,2026-07-31T10:18:11.844,190.879,1922,,,,0,,,,-0.1595,-170.29,-0.1595,-170.29,1,30.0,idle,+0.000,+0.000,+0.000,+0.000,1100,0,
1785507491.9430,2026-07-31T10:18:11.943,190.978,1923,,,,0,,,,-0.1559,-170.32,-0.1559,-170.32,1,30.0,idle,+0.000,+0.000,+0.000,+0.000,1100,0,
1785507492.0416,2026-07-31T10:18:12.041,191.076,1924,,,,0,,,,-0.1564,-170.34,-0.1564,-170.34,1,30.0,idle,+0.000,+0.000,+0.000,+0.000,1100,0,
1785507492.1405,2026-07-31T10:18:12.140,191.175,1925,,,,0,,,,-0.1523,-170.37,-0.1523,-170.37,1,30.0,idle,+0.000,+0.000,+0.000,+0.000,1100,0,
1785507492.2393,2026-07-31T10:18:12.239,191.274,1926,,,,0,,,,-0.1547,-170.38,-0.1547,-170.38,1,30.0,idle,+0.000,+0.000,+0.000,+0.000,1100,0,
1785507492.3387,2026-07-31T10:18:12.338,191.374,1927,,,,0,,,,-0.1572,-170.41,-0.1572,-170.41,1,30.0,idle,+0.000,+0.000,+0.000,+0.000,1100,0,
1785507492.4382,2026-07-31T10:18:12.438,191.473,1928,,,,0,,,,-0.1514,-170.44,-0.1514,-170.44,1,30.0,idle,+0.000,+0.000,+0.000,+0.000,1100,0,
1785507492.5383,2026-07-31T10:18:12.538,191.573,1929,,,,0,,,,-0.1570,-170.44,-0.1570,-170.44,1,30.0,idle,+0.000,+0.000,+0.000,+0.000,1100,0,
1785507492.6374,2026-07-31T10:18:12.637,191.672,1930,,,,0,,,,-0.1603,-170.47,-0.1603,-170.47,1,30.0,idle,+0.000,+0.000,+0.000,+0.000,1100,0,
1785507492.7367,2026-07-31T10:18:12.736,191.772,1931,,,,0,,,,-0.1555,-170.48,-0.1555,-170.48,1,30.0,idle,+0.000,+0.000,+0.000,+0.000,1100,0,
1785507492.8357,2026-07-31T10:18:12.835,191.871,1932,,,,0,,,,-0.1534,-170.50,-0.1534,-170.50,1,30.0,idle,+0.000,+0.000,+0.000,+0.000,1100,0,
1785507492.9350,2026-07-31T10:18:12.934,191.970,1933,,,,0,,,,-0.1549,-170.52,-0.1549,-170.52,1,30.0,idle,+0.000,+0.000,+0.000,+0.000,1100,0,
1785507493.0352,2026-07-31T10:18:13.035,192.070,1934,,,,0,,,,-0.1542,-170.53,-0.1542,-170.53,1,30.0,idle,+0.000,+0.000,+0.000,+0.000,1100,0,
1785507493.1351,2026-07-31T10:18:13.135,192.170,1935,,,,0,,,,-0.1511,-170.57,-0.1511,-170.57,1,30.0,idle,+0.000,+0.000,+0.000,+0.000,1100,0,
1785507493.2333,2026-07-31T10:18:13.233,192.268,1936,,,,0,,,,-0.1585,-170.58,-0.1585,-170.58,1,30.0,idle,+0.000,+0.000,+0.000,+0.000,1100,0,
1785507493.3336,2026-07-31T10:18:13.333,192.368,1937,,,,0,,,,-0.1571,-170.60,-0.1571,-170.60,1,30.0,idle,+0.000,+0.000,+0.000,+0.000,1100,0,
1785507493.4330,2026-07-31T10:18:13.433,192.468,1938,,,,0,,,,-0.1522,-170.62,-0.1522,-170.62,1,30.0,idle,+0.000,+0.000,+0.000,+0.000,1100,0,
1785507493.5322,2026-07-31T10:18:13.532,192.567,1939,,,,0,,,,-0.1548,-170.63,-0.1548,-170.63,1,30.0,idle,+0.000,+0.000,+0.000,+0.000,1100,0,
1785507493.6322,2026-07-31T10:18:13.632,192.667,1940,,,,0,,,,-0.1597,-170.65,-0.1597,-170.65,1,30.0,idle,+0.000,+0.000,+0.000,+0.000,1100,0,
1785507493.7325,2026-07-31T10:18:13.732,192.767,1941,,,,0,,,,-0.1563,-170.66,-0.1563,-170.66,1,30.0,idle,+0.000,+0.000,+0.000,+0.000,1100,0,
1785507493.8313,2026-07-31T10:18:13.831,192.866,1942,,,,0,,,,-0.1566,-170.69,-0.1566,-170.69,1,30.0,idle,+0.000,+0.000,+0.000,+0.000,1100,0,
1785507493.9305,2026-07-31T10:18:13.930,192.965,1943,,,,0,,,,-0.1528,-170.72,-0.1528,-170.72,1,30.0,idle,+0.000,+0.000,+0.000,+0.000,1100,0,
1785507494.0299,2026-07-31T10:18:14.029,193.065,1944,,,,0,,,,-0.1603,-170.74,-0.1603,-170.74,1,30.0,idle,+0.000,+0.000,+0.000,+0.000,1100,0,
1785507494.1289,2026-07-31T10:18:14.128,193.164,1945,,,,0,,,,-0.1551,-170.77,-0.1551,-170.77,1,30.0,idle,+0.000,+0.000,+0.000,+0.000,1100,0,
1785507494.2279,2026-07-31T10:18:14.227,193.263,1946,,,,0,,,,-0.1552,-170.77,-0.1552,-170.77,1,30.0,idle,+0.000,+0.000,+0.000,+0.000,1100,0,
1785507494.3274,2026-07-31T10:18:14.327,193.362,1947,,,,0,,,,-0.1525,-170.80,-0.1525,-170.80,1,30.0,idle,+0.000,+0.000,+0.000,+0.000,1100,0,
1785507494.4257,2026-07-31T10:18:14.425,193.461,1948,,,,0,,,,-0.1583,-170.82,-0.1583,-170.82,1,30.0,idle,+0.000,+0.000,+0.000,+0.000,1100,0,
1785507494.5250,2026-07-31T10:18:14.525,193.560,1949,,,,0,,,,-0.1600,-170.83,-0.1600,-170.83,1,30.0,idle,+0.000,+0.000,+0.000,+0.000,1100,0,
1785507494.6239,2026-07-31T10:18:14.623,193.659,1950,,,,0,,,,-0.1551,-170.85,-0.1551,-170.85,1,30.0,idle,+0.000,+0.000,+0.000,+0.000,1100,0,
1785507494.7242,2026-07-31T10:18:14.724,193.759,1951,,,,0,,,,-0.1553,-170.86,-0.1553,-170.86,1,30.0,idle,+0.000,+0.000,+0.000,+0.000,1100,0,
1785507494.8244,2026-07-31T10:18:14.824,193.859,1952,,,,0,,,,-0.1549,-170.89,-0.1549,-170.89,1,30.0,idle,+0.000,+0.000,+0.000,+0.000,1100,0,
1785507494.9253,2026-07-31T10:18:14.925,193.960,1953,,,,0,,,,-0.1589,-170.91,-0.1589,-170.91,1,30.0,idle,+0.000,+0.000,+0.000,+0.000,1100,0,
1785507495.0248,2026-07-31T10:18:15.024,194.060,1954,,,,0,,,,-0.1572,-170.92,-0.1572,-170.92,1,30.0,idle,+0.000,+0.000,+0.000,+0.000,1100,0,
1785507495.1246,2026-07-31T10:18:15.124,194.159,1955,,,,0,,,,-0.1563,-170.95,-0.1563,-170.95,1,30.0,idle,+0.000,+0.000,+0.000,+0.000,1100,0,
1785507495.2241,2026-07-31T10:18:15.224,194.259,1956,,,,0,,,,-0.1555,-170.97,-0.1555,-170.97,1,30.0,idle,+0.000,+0.000,+0.000,+0.000,1100,0,
1785507495.3227,2026-07-31T10:18:15.322,194.358,1957,,,,0,,,,-0.1549,-171.00,-0.1549,-171.00,1,30.0,idle,+0.000,+0.000,+0.000,+0.000,1100,0,
1785507495.4218,2026-07-31T10:18:15.421,194.457,1958,,,,0,,,,-0.1522,-171.02,-0.1522,-171.02,1,30.0,idle,+0.000,+0.000,+0.000,+0.000,1100,0,
1785507495.5206,2026-07-31T10:18:15.520,194.555,1959,,,,0,,,,-0.1582,-171.04,-0.1582,-171.04,1,30.0,idle,+0.000,+0.000,+0.000,+0.000,1100,0,
1785507495.6199,2026-07-31T10:18:15.619,194.655,1960,,,,0,,,,-0.1549,-171.05,-0.1549,-171.05,1,30.0,idle,+0.000,+0.000,+0.000,+0.000,1100,0,
1785507495.7188,2026-07-31T10:18:15.718,194.754,1961,,,,0,,,,-0.1550,-171.08,-0.1550,-171.08,1,30.0,idle,+0.000,+0.000,+0.000,+0.000,1100,0,
1785507495.8178,2026-07-31T10:18:15.817,194.853,1962,,,,0,,,,-0.1569,-171.11,-0.1569,-171.11,1,30.0,idle,+0.000,+0.000,+0.000,+0.000,1100,0,
1785507495.9168,2026-07-31T10:18:15.916,194.952,1963,,,,0,,,,-0.1553,-171.11,-0.1553,-171.11,1,30.0,idle,+0.000,+0.000,+0.000,+0.000,1100,0,
1785507496.0159,2026-07-31T10:18:16.015,195.051,1964,,,,0,,,,-0.1568,-171.14,-0.1568,-171.14,1,30.0,idle,+0.000,+0.000,+0.000,+0.000,1100,0,
1785507496.1158,2026-07-31T10:18:16.115,195.151,1965,,,,0,,,,-0.1530,-171.17,-0.1530,-171.17,1,30.0,idle,+0.000,+0.000,+0.000,+0.000,1100,0,
1785507496.2147,2026-07-31T10:18:16.214,195.250,1966,,,,0,,,,-0.1569,-171.19,-0.1569,-171.19,1,30.0,idle,+0.000,+0.000,+0.000,+0.000,1100,0,
1785507496.3138,2026-07-31T10:18:16.313,195.349,1967,,,,0,,,,-0.1537,-171.21,-0.1537,-171.21,1,30.0,idle,+0.000,+0.000,+0.000,+0.000,1100,0,
1785507496.4128,2026-07-31T10:18:16.412,195.448,1968,,,,0,,,,-0.1573,-171.23,-0.1573,-171.23,1,30.0,idle,+0.000,+0.000,+0.000,+0.000,1100,0,
1785507496.5123,2026-07-31T10:18:16.512,195.547,1969,,,,0,,,,-0.1553,-171.26,-0.1553,-171.26,1,30.0,idle,+0.000,+0.000,+0.000,+0.000,1100,0,
1785507496.6114,2026-07-31T10:18:16.611,195.646,1970,,,,0,,,,-0.1556,-171.28,-0.1556,-171.28,1,30.0,idle,+0.000,+0.000,+0.000,+0.000,1100,0,
1785507496.7097,2026-07-31T10:18:16.709,195.745,1971,,,,0,,,,-0.1582,-171.30,-0.1582,-171.30,1,30.0,idle,+0.000,+0.000,+0.000,+0.000,1100,0,
1785507496.8087,2026-07-31T10:18:16.808,195.844,1972,,,,0,,,,-0.1549,-171.33,-0.1549,-171.33,1,30.0,idle,+0.000,+0.000,+0.000,+0.000,1100,0,
1785507496.9094,2026-07-31T10:18:16.909,195.944,1973,,,,0,,,,-0.1574,-171.34,-0.1574,-171.34,1,30.0,idle,+0.000,+0.000,+0.000,+0.000,1100,0,
1785507497.0086,2026-07-31T10:18:17.008,196.043,1974,,,,0,,,,-0.1515,-171.35,-0.1515,-171.35,1,30.0,idle,+0.000,+0.000,+0.000,+0.000,1100,0,
1785507497.1090,2026-07-31T10:18:17.108,196.144,1975,,,,0,,,,-0.1551,-171.38,-0.1551,-171.38,1,30.0,idle,+0.000,+0.000,+0.000,+0.000,1100,0,
1785507497.2084,2026-07-31T10:18:17.208,196.243,1976,,,,0,,,,-0.1605,-171.39,-0.1605,-171.39,1,30.0,idle,+0.000,+0.000,+0.000,+0.000,1100,0,
1785507497.3085,2026-07-31T10:18:17.308,196.343,1977,,,,0,,,,-0.1536,-171.42,-0.1536,-171.42,1,30.0,idle,+0.000,+0.000,+0.000,+0.000,1100,0,
1785507497.4086,2026-07-31T10:18:17.408,196.443,1978,,,,0,,,,-0.1544,-171.43,-0.1544,-171.43,1,30.0,idle,+0.000,+0.000,+0.000,+0.000,1100,0,
1785507497.5077,2026-07-31T10:18:17.507,196.543,1979,,,,0,,,,-0.1534,-171.46,-0.1534,-171.46,1,30.0,idle,+0.000,+0.000,+0.000,+0.000,1100,0,
1785507497.6068,2026-07-31T10:18:17.606,196.642,1980,,,,0,,,,-0.1535,-171.49,-0.1535,-171.49,1,30.0,idle,+0.000,+0.000,+0.000,+0.000,1100,0,
1785507497.7062,2026-07-31T10:18:17.706,196.741,1981,,,,0,,,,-0.1568,-171.50,-0.1568,-171.50,1,30.0,idle,+0.000,+0.000,+0.000,+0.000,1100,0,
1785507497.8050,2026-07-31T10:18:17.805,196.840,1982,,,,0,,,,-0.1551,-171.53,-0.1551,-171.53,1,30.0,idle,+0.000,+0.000,+0.000,+0.000,1100,0,
1785507497.9046,2026-07-31T10:18:17.904,196.939,1983,,,,0,,,,-0.1579,-171.55,-0.1579,-171.55,1,30.0,idle,+0.000,+0.000,+0.000,+0.000,1100,0,
1785507498.0041,2026-07-31T10:18:18.004,197.039,1984,,,,0,,,,-0.1537,-171.58,-0.1537,-171.58,1,30.0,idle,+0.000,+0.000,+0.000,+0.000,1100,0,
1785507498.1035,2026-07-31T10:18:18.103,197.138,1985,,,,0,,,,-0.1600,-171.61,-0.1600,-171.61,1,30.0,idle,+0.000,+0.000,+0.000,+0.000,1100,0,
1785507498.2036,2026-07-31T10:18:18.203,197.239,1986,,,,0,,,,-0.1583,-171.62,-0.1583,-171.62,1,30.0,idle,+0.000,+0.000,+0.000,+0.000,1100,0,
1785507498.3038,2026-07-31T10:18:18.303,197.339,1987,,,,0,,,,-0.1541,-171.65,-0.1541,-171.65,1,30.0,idle,+0.000,+0.000,+0.000,+0.000,1100,0,
1785507498.4028,2026-07-31T10:18:18.402,197.438,1988,,,,0,,,,-0.1563,-171.66,-0.1563,-171.66,1,30.0,idle,+0.000,+0.000,+0.000,+0.000,1100,0,
1785507498.5025,2026-07-31T10:18:18.502,197.537,1989,,,,0,,,,-0.1557,-171.68,-0.1557,-171.68,1,30.0,idle,+0.000,+0.000,+0.000,+0.000,1100,0,
1785507498.6016,2026-07-31T10:18:18.601,197.636,1990,,,,0,,,,-0.1569,-171.72,-0.1569,-171.72,1,30.0,idle,+0.000,+0.000,+0.000,+0.000,1100,0,
1785507498.7026,2026-07-31T10:18:18.702,197.738,1991,,,,0,,,,-0.1556,-171.73,-0.1556,-171.73,1,30.0,idle,+0.000,+0.000,+0.000,+0.000,1100,0,
1785507498.8034,2026-07-31T10:18:18.803,197.838,1992,,,,0,,,,-0.1501,-171.75,-0.1501,-171.75,1,30.0,idle,+0.000,+0.000,+0.000,+0.000,1100,0,
1785507498.9034,2026-07-31T10:18:18.903,197.938,1993,,,,0,,,,-0.1520,-171.77,-0.1520,-171.77,1,30.0,idle,+0.000,+0.000,+0.000,+0.000,1100,0,
1785507499.0025,2026-07-31T10:18:19.002,198.037,1994,,,,0,,,,-0.1602,-171.79,-0.1602,-171.79,1,30.0,idle,+0.000,+0.000,+0.000,+0.000,1100,0,
1785507499.1018,2026-07-31T10:18:19.101,198.137,1995,,,,0,,,,-0.1585,-171.83,-0.1585,-171.83,1,30.0,idle,+0.000,+0.000,+0.000,+0.000,1100,0,
1785507499.2024,2026-07-31T10:18:19.202,198.237,1996,,,,0,,,,-0.1566,-171.84,-0.1566,-171.84,1,30.0,idle,+0.000,+0.000,+0.000,+0.000,1100,0,
1785507499.3016,2026-07-31T10:18:19.301,198.336,1997,,,,0,,,,-0.1561,-171.87,-0.1561,-171.87,1,30.0,idle,+0.000,+0.000,+0.000,+0.000,1100,0,
1785507499.4004,2026-07-31T10:18:19.400,198.435,1998,,,,0,,,,-0.1570,-171.70,-0.1570,-171.70,1,30.0,idle,+0.000,+0.000,+0.000,+0.000,1100,0,
1785507499.4995,2026-07-31T10:18:19.499,198.534,1999,,,,0,,,,-0.1555,-170.24,-0.1555,-170.24,1,30.0,idle,+0.000,+0.000,+0.000,+0.000,1100,0,
1785507499.5982,2026-07-31T10:18:19.598,198.633,2000,,,,0,,,,-0.1567,-170.24,-0.1567,-170.24,1,30.0,idle,+0.000,+0.000,+0.000,+0.000,1100,0,
1785507499.6975,2026-07-31T10:18:19.697,198.732,2001,,,,0,,,,-0.1563,-170.27,-0.1563,-170.27,1,30.0,idle,+0.000,+0.000,+0.000,+0.000,1100,0,
1785507499.7975,2026-07-31T10:18:19.797,198.832,2002,,,,0,,,,-0.1558,-170.30,-0.1558,-170.30,1,30.0,idle,+0.000,+0.000,+0.000,+0.000,1100,0,
1785507499.8976,2026-07-31T10:18:19.897,198.932,2003,,,,0,,,,-0.1590,-170.31,-0.1590,-170.31,1,30.0,idle,+0.000,+0.000,+0.000,+0.000,1100,0,
1785507499.9965,2026-07-31T10:18:19.996,199.031,2004,,,,0,,,,-0.1585,-170.34,-0.1585,-170.34,1,30.0,idle,+0.000,+0.000,+0.000,+0.000,1100,0,
