t_epoch,iso_time,t_elapsed_s,seq,tag_id,tag_distance_m,tag_under_1m,tag_count,det_seq,det_t_epoch,det_age_ms,depth_m,yaw_deg,depth_raw_m,yaw_raw_deg,sensors_ok,throttle_pct,mode,surge_cmd,strafe_cmd,heave_cmd,yaw_cmd,light_pwm,led_flashing,flash_frame
1785506180.8494,2026-07-31T09:56:20.849,0.048,1,,,,0,,,,,,,,0,30.0,idle,+0.000,+0.000,+0.000,+0.000,1100,0,
1785506180.9493,2026-07-31T09:56:20.949,0.148,2,,,,0,,,,-0.0573,108.07,-0.0573,-251.93,1,30.0,idle,+0.000,+0.000,+0.000,+0.000,1100,0,
1785506181.0488,2026-07-31T09:56:21.048,0.248,3,,,,0,,,,-0.0592,108.01,-0.0592,-251.99,1,30.0,idle,+0.000,+0.000,+0.000,+0.000,1100,0,
1785506181.1472,2026-07-31T09:56:21.147,0.346,4,,,,0,,,,-0.0539,107.98,-0.0539,-252.02,1,30.0,idle,+0.000,+0.000,+0.000,+0.000,1100,0,
1785506181.2463,2026-07-31T09:56:21.246,0.445,5,,,,0,,,,-0.0560,107.91,-0.0560,-252.09,1,30.0,idle,+0.000,+0.000,+0.000,+0.000,1100,0,
1785506181.3459,2026-07-31T09:56:21.345,0.545,6,,,,0,,,,-0.0547,107.85,-0.0547,-252.15,1,30.0,idle,+0.000,+0.000,+0.000,+0.000,1100,0,
1785506181.4465,2026-07-31T09:56:21.446,0.645,7,,,,0,,,,-0.0573,107.71,-0.0573,-252.29,1,30.0,idle,+0.000,+0.000,+0.000,+0.000,1100,0,
1785506181.5450,2026-07-31T09:56:21.545,0.744,8,,,,0,,,,-0.0558,107.61,-0.0558,-252.39,1,30.0,idle,+0.000,+0.000,+0.000,+0.000,1100,0,
1785506181.6450,2026-07-31T09:56:21.644,0.844,9,,,,0,,,,-0.0559,107.58,-0.0559,-252.42,1,30.0,idle,+0.000,+0.000,+0.000,+0.000,1100,0,
1785506181.7430,2026-07-31T09:56:21.743,0.942,10,,,,0,,,,-0.0570,107.57,-0.0570,-252.43,1,30.0,idle,+0.000,+0.000,+0.000,+0.000,1100,0,
1785506181.8424,2026-07-31T09:56:21.842,1.041,11,,,,0,,,,-0.0512,107.59,-0.0512,-252.41,1,30.0,idle,+0.000,+0.000,+0.000,+0.000,1100,0,
1785506181.9418,2026-07-31T09:56:21.941,1.141,12,,,,0,,,,-0.0525,107.60,-0.0525,-252.40,1,30.0,idle,+0.000,+0.000,+0.000,+0.000,1100,0,
1785506182.0402,2026-07-31T09:56:22.040,1.239,13,,,,0,,,,-0.0559,107.58,-0.0559,-252.42,1,30.0,idle,+0.000,+0.000,+0.000,+0.000,1100,0,
1785506182.1392,2026-07-31T09:56:22.139,1.338,14,,,,0,,,,-0.0574,107.49,-0.0574,-252.51,1,30.0,idle,+0.000,+0.000,+0.000,+0.000,1100,0,
1785506182.2396,2026-07-31T09:56:22.239,1.438,15,,,,0,,,,-0.0566,107.38,-0.0566,-252.62,1,30.0,idle,+0.000,+0.000,+0.000,+0.000,1100,0,
1785506182.3388,2026-07-31T09:56:22.338,1.537,16,,,,0,,,,-0.0551,107.34,-0.0551,-252.66,1,30.0,idle,+0.000,+0.000,+0.000,+0.000,1100,0,
1785506182.4374,2026-07-31T09:56:22.437,1.636,17,,,,0,,,,-0.0556,107.28,-0.0556,-252.72,1,30.0,idle,+0.000,+0.000,+0.000,+0.000,1100,0,
1785506182.5367,2026-07-31T09:56:22.536,1.735,18,,,,0,,,,-0.0535,107.27,-0.0535,-252.73,1,30.0,idle,+0.000,+0.000,+0.000,+0.000,1100,0,
1785506182.6351,2026-07-31T09:56:22.635,1.834,19,,,,0,,,,-0.0543,107.25,-0.0543,-252.75,1,30.0,joystick,+0.000,+0.000,-0.400,+0.000,1100,0,
1785506182.7366,2026-07-31T09:56:22.736,1.935,20,,,,0,,,,-0.0566,107.21,-0.0566,-252.79,1,30.0,joystick,+0.000,+0.000,-0.400,+0.000,1100,0,
1785506182.8358,2026-07-31T09:56:22.835,2.035,21,,,,0,,,,-0.0536,107.19,-0.0536,-252.81,1,30.0,joystick,+0.000,+0.000,-0.400,+0.000,1100,0,
1785506182.9348,2026-07-31T09:56:22.934,2.134,22,,,,0,,,,-0.0565,107.12,-0.0565,-252.88,1,30.0,joystick,+0.000,+0.000,-0.400,+0.000,1100,0,
1785506183.0339,2026-07-31T09:56:23.033,2.233,23,,,,0,,,,-0.0567,107.08,-0.0567,-252.92,1,30.0,joystick,+0.000,+0.000,-0.400,+0.000,1100,0,
1785506183.1327,2026-07-31T09:56:23.132,2.331,24,,,,0,,,,-0.0507,106.99,-0.0507,-253.01,1,30.0,joystick,-1.000,+0.000,-0.400,+0.000,1100,0,
1785506183.2311,2026-07-31T09:56:23.231,2.430,25,,,,0,,,,-0.0499,106.91,-0.0499,-253.09,1,30.0,joystick,-1.000,+0.000,-0.400,+0.000,1100,0,
1785506183.3291,2026-07-31T09:56:23.329,2.528,26,,,,0,,,,-0.0457,106.92,-0.0457,-253.08,1,30.0,joystick,-1.000,+0.000,-0.400,+0.000,1100,0,
1785506183.4293,2026-07-31T09:56:23.429,2.628,27,,,,0,,,,-0.0319,107.11,-0.0319,-252.89,1,30.0,joystick,-1.000,+0.000,-0.400,+0.000,1100,0,
1785506183.5298,2026-07-31T09:56:23.529,2.728,28,,,,0,,,,-0.0369,107.17,-0.0369,-252.83,1,30.0,joystick,-1.000,+0.000,-0.400,+0.000,1100,0,
1785506183.6280,2026-07-31T09:56:23.628,2.827,29,,,,0,,,,-0.0224,107.35,-0.0224,-252.65,1,30.0,joystick,-1.000,+0.000,-0.400,+0.000,1100,0,
1785506183.7288,2026-07-31T09:56:23.728,2.928,30,,,,0,,,,-0.0186,107.43,-0.0186,-252.57,1,30.0,joystick,-1.000,+0.000,-0.400,+0.000,1100,0,
1785506183.8280,2026-07-31T09:56:23.828,3.027,31,,,,0,,,,-0.0135,107.47,-0.0135,-252.53,1,30.0,joystick,-1.000,+0.000,-0.400,+0.000,1100,0,
1785506183.9271,2026-07-31T09:56:23.927,3.126,32,,,,0,,,,-0.0070,107.45,-0.0070,-252.55,1,30.0,joystick,-1.000,+0.000,-0.400,+0.000,1100,0,
1785506184.0260,2026-07-31T09:56:24.026,3.225,33,,,,0,,,,-0.0004,107.38,-0.0004,-252.62,1,30.0,joystick,-1.000,+0.000,-0.400,+0.000,1100,0,
1785506184.1279,2026-07-31T09:56:24.127,3.327,34,,,,0,,,,0.0120,107.38,0.0120,-252.62,1,30.0,joystick,-1.000,+0.000,+0.000,+0.000,1100,0,
1785506184.2282,2026-07-31T09:56:24.228,3.427,35,,,,0,,,,0.0227,107.43,0.0227,-252.57,1,30.0,joystick,-1.000,+0.000,+0.000,+0.000,1100,0,
1785506184.3274,2026-07-31T09:56:24.327,3.526,36,,,,0,,,,0.0344,107.51,0.0344,-252.49,1,30.0,joystick,-1.000,+0.000,+0.000,+0.000,1100,0,
1785506184.4265,2026-07-31T09:56:24.426,3.625,37,,,,0,,,,0.0460,107.64,0.0460,-252.36,1,30.0,joystick,-1.000,+0.000,+0.000,+0.000,1100,0,
1785506184.5254,2026-07-31T09:56:24.525,3.724,38,,,,0,,,,0.0547,107.69,0.0547,-252.31,1,30.0,joystick,-1.000,+0.000,+0.000,+0.000,1100,0,
1785506184.6258,2026-07-31T09:56:24.625,3.824,39,,,,0,,,,0.0705,107.89,0.0705,-252.11,1,30.0,joystick,-1.000,+0.000,+0.000,+0.000,1100,0,
1785506184.7244,2026-07-31T09:56:24.724,3.923,40,,,,0,,,,0.0824,109.02,0.0824,-250.98,1,30.0,joystick,-1.000,+0.000,+0.000,-1.000,1100,0,
1785506184.8237,2026-07-31T09:56:24.823,4.022,41,,,,0,,,,0.0864,110.87,0.0864,-249.13,1,30.0,joystick,-1.000,+0.000,+0.000,+0.000,1100,0,
1785506184.9228,2026-07-31T09:56:24.922,4.121,42,,,,0,,,,0.0997,117.42,0.0997,-242.58,1,30.0,joystick,-1.000,+0.000,+0.000,+0.000,1100,0,
1785506185.0214,2026-07-31T09:56:25.021,4.220,43,,,,0,,,,0.0967,120.19,0.0967,-239.81,1,30.0,joystick,-1.000,+0.000,+0.000,+0.000,1100,0,
1785506185.1203,2026-07-31T09:56:25.120,4.319,44,,,,0,,,,0.1146,124.08,0.1146,-235.92,1,30.0,joystick,-1.000,+0.000,+0.000,+0.000,1100,0,
1785506185.2199,2026-07-31T09:56:25.219,4.419,45,,,,0,,,,0.1203,127.04,0.1203,-232.96,1,30.0,joystick,-1.000,+0.000,+0.000,+0.000,1100,0,
1785506185.3182,2026-07-31T09:56:25.318,4.517,46,,,,0,,,,0.1256,128.28,0.1256,-231.72,1,30.0,joystick,-1.000,+0.000,+0.000,+0.000,1100,0,
1785506185.4180,2026-07-31T09:56:25.418,4.617,47,,,,0,,,,0.1280,129.43,0.1280,-230.57,1,30.0,joystick,-1.000,+0.000,+0.000,+0.000,1100,0,
1785506185.5174,2026-07-31T09:56:25.517,4.716,48,,,,0,,,,0.1409,131.43,0.1409,-228.57,1,30.0,joystick,-1.000,+0.000,+0.000,+0.000,1100,0,
1785506185.6169,2026-07-31T09:56:25.616,4.816,49,,,,0,,,,0.1451,133.15,0.1451,-226.85,1,30.0,joystick,-1.000,+0.000,+0.000,+0.000,1100,0,
1785506185.7160,2026-07-31T09:56:25.716,4.915,50,,,,0,,,,0.1525,133.88,0.1525,-226.12,1,30.0,joystick,-1.000,+0.000,+0.000,+0.000,1100,0,
1785506185.8167,2026-07-31T09:56:25.816,5.015,51,,,,0,,,,0.1591,135.36,0.1591,-224.64,1,30.0,joystick,-1.000,+0.000,+0.000,+0.000,1100,0,
1785506185.9169,2026-07-31T09:56:25.916,5.116,52,,,,0,,,,0.1650,136.75,0.1650,-223.25,1,30.0,joystick,-1.000,+0.000,+0.000,+0.000,1100,0,
1785506186.0156,2026-07-31T09:56:26.015,5.214,53,,,,0,,,,0.1719,137.41,0.1719,-222.59,1,30.0,joystick,-1.000,+0.000,+0.000,+0.000,1100,0,
1785506186.1148,2026-07-31T09:56:26.114,5.314,54,,,,0,,,,0.1740,138.71,0.1740,-221.29,1,30.0,joystick,-1.000,+0.000,+0.000,+0.000,1100,0,
1785506186.2137,2026-07-31T09:56:26.213,5.412,55,,,,0,,,,0.1770,139.26,0.1770,-220.74,1,30.0,joystick,-1.000,+0.000,+0.000,+0.000,1100,0,
1785506186.3141,2026-07-31T09:56:26.314,5.513,56,,,,0,,,,0.1876,140.33,0.1876,-219.67,1,30.0,joystick,-1.000,+0.000,+0.000,+0.000,1100,0,
1785506186.4137,2026-07-31T09:56:26.413,5.612,57,,,,0,,,,0.1887,141.32,0.1887,-218.68,1,30.0,joystick,-1.000,+0.000,+0.000,+0.000,1100,0,
1785506186.5124,2026-07-31T09:56:26.512,5.711,58,,,,0,,,,0.1936,141.72,0.1936,-218.28,1,30.0,joystick,-1.000,+0.000,+0.000,+0.000,1100,0,
1785506186.6119,2026-07-31T09:56:26.611,5.811,59,,,,0,,,,0.2013,142.54,0.2013,-217.46,1,30.0,joystick,-1.000,+0.000,+0.000,+0.000,1100,0,
1785506186.7102,2026-07-31T09:56:26.710,5.909,60,,,,0,,,,0.2064,142.92,0.2064,-217.08,1,30.0,joystick,-1.000,+0.000,+0.000,+0.000,1100,0,
1785506186.8111,2026-07-31T09:56:26.811,6.010,61,,,,0,,,,0.2149,143.50,0.2149,-216.50,1,30.0,joystick,-1.000,+0.000,+0.000,+0.000,1100,0,
1785506186.9110,2026-07-31T09:56:26.911,6.110,62,,,,0,,,,0.2226,144.07,0.2226,-215.93,1,30.0,joystick,-1.000,+0.000,+0.000,+0.000,1100,0,
1785506187.0103,2026-07-31T09:56:27.010,6.209,63,,,,0,,,,0.2274,144.28,0.2274,-215.72,1,30.0,joystick,-1.000,+0.000,+1.000,+0.000,1100,0,
1785506187.1105,2026-07-31T09:56:27.110,6.309,64,,,,0,,,,0.2348,144.78,0.2348,-215.22,1,30.0,joystick,-1.000,+0.000,+1.000,+0.000,1100,0,
1785506187.2095,2026-07-31T09:56:27.209,6.408,65,,,,0,,,,0.2403,144.96,0.2403,-215.04,1,30.0,joystick,-1.000,+0.000,+1.000,+0.000,1100,0,
1785506187.3089,2026-07-31T09:56:27.308,6.508,66,,,,0,,,,0.2503,145.40,0.2503,-214.60,1,30.0,joystick,-1.000,+0.000,+1.000,+0.000,1100,0,
1785506187.4088,2026-07-31T09:56:27.408,6.607,67,,,,0,,,,0.2457,146.15,0.2457,-213.85,1,30.0,joystick,-1.000,+1.000,+0.000,+0.000,1100,0,
1785506187.5081,2026-07-31T09:56:27.508,6.707,68,,,,0,,,,0.2388,146.51,0.2388,-213.49,1,30.0,joystick,-1.000,+1.000,+0.000,+0.000,1100,0,
1785506187.6079,2026-07-31T09:56:27.607,6.807,69,,,,0,,,,0.2434,147.28,0.2434,-212.72,1,30.0,joystick,-1.000,+1.000,+0.000,+0.000,1100,0,
1785506187.7066,2026-07-31T09:56:27.706,6.905,70,,,,0,,,,0.2461,147.65,0.2461,-212.35,1,30.0,joystick,-1.000,+1.000,+0.000,+0.000,1100,0,
1785506187.8070,2026-07-31T09:56:27.807,7.006,71,,,,0,,,,0.2405,148.18,0.2405,-211.82,1,30.0,joystick,-1.000,+1.000,+0.000,+0.000,1100,0,
1785506187.9058,2026-07-31T09:56:27.905,7.105,72,,,,0,,,,0.2351,148.41,0.2351,-211.59,1,30.0,joystick,-1.000,+1.000,+0.000,+0.000,1100,0,
1785506188.0051,2026-07-31T09:56:28.005,7.204,73,,,,0,,,,0.2394,148.37,0.2394,-211.63,1,30.0,joystick,-1.000,+1.000,+0.000,+0.000,1100,0,
1785506188.1043,2026-07-31T09:56:28.104,7.303,74,,,,0,,,,0.2386,148.05,0.2386,-211.95,1,30.0,joystick,-1.000,+1.000,+0.000,+0.000,1100,0,
1785506188.2037,2026-07-31T09:56:28.203,7.402,75,,,,0,,,,0.2323,147.71,0.2323,-212.29,1,30.0,joystick,-1.000,+1.000,+0.000,+0.000,1100,0,
1785506188.3025,2026-07-31T09:56:28.302,7.501,76,,,,0,,,,0.2297,146.73,0.2297,-213.27,1,30.0,joystick,-1.000,+1.000,+0.000,+0.000,1100,0,
1785506188.4021,2026-07-31T09:56:28.402,7.601,77,,,,0,,,,0.2304,145.43,0.2304,-214.57,1,30.0,joystick,-1.000,+1.000,+0.000,+0.000,1100,0,
1785506188.5021,2026-07-31T09:56:28.502,7.701,78,,,,0,,,,0.2268,144.69,0.2268,-215.31,1,30.0,joystick,-1.000,+1.000,+0.000,+0.000,1100,0,
1785506188.6006,2026-07-31T09:56:28.600,7.799,79,,,,0,,,,0.2201,143.01,0.2201,-216.99,1,30.0,joystick,-1.000,+1.000,+0.000,+0.000,1100,0,
1785506188.7011,2026-07-31T09:56:28.701,7.900,80,,,,0,,,,0.2204,142.10,0.2204,-217.90,1,30.0,joystick,-1.000,+1.000,+0.000,+0.000,1100,0,
1785506188.8011,2026-07-31T09:56:28.801,8.000,81,,,,0,,,,0.2164,140.14,0.2164,-219.86,1,30.0,joystick,-1.000,+1.000,+0.000,+0.000,1100,0,
1785506188.9010,2026-07-31T09:56:28.900,8.100,82,,,,0,,,,0.2171,137.98,0.2171,-222.02,1,30.0,joystick,-1.000,+1.000,+0.000,+0.000,1100,0,
1785506189.0001,2026-07-31T09:56:29.000,8.199,83,,,,0,,,,0.2188,136.84,0.2188,-223.16,1,30.0,joystick,-1.000,+1.000,+0.000,+0.000,1100,0,
1785506189.0995,2026-07-31T09:56:29.099,8.298,84,,,,0,,,,0.2164,134.45,0.2164,-225.55,1,30.0,joystick,-1.000,+1.000,+0.000,+0.000,1100,0,
1785506189.1986,2026-07-31T09:56:29.198,8.397,85,,,,0,,,,0.2207,133.19,0.2207,-226.81,1,30.0,joystick,-1.000,+1.000,+0.000,+0.000,1100,0,
1785506189.2965,2026-07-31T09:56:29.296,8.495,86,,,,0,,,,0.2223,130.64,0.2223,-229.36,1,30.0,joystick,+0.000,+1.000,+0.000,+0.000,1100,0,
1785506189.3959,2026-07-31T09:56:29.395,8.595,87,,,,0,,,,0.2256,128.00,0.2256,-232.00,1,30.0,joystick,+0.563,+0.000,+1.000,+0.000,1100,0,
1785506189.4945,2026-07-31T09:56:29.494,8.693,88,,,,0,,,,0.2236,126.68,0.2236,-233.32,1,30.0,joystick,+1.000,+0.000,+1.000,+0.000,1100,0,
1785506189.5935,2026-07-31T09:56:29.593,8.792,89,,,,0,,,,0.2274,123.66,0.2274,-236.34,1,30.0,joystick,+1.000,+0.000,+1.000,+0.000,1100,0,
1785506189.6929,2026-07-31T09:56:29.692,8.892,90,,,,0,,,,0.2284,122.21,0.2284,-237.79,1,30.0,joystick,+1.000,+0.000,+1.000,+0.000,1100,0,
1785506189.7930,2026-07-31T09:56:29.792,8.992,91,,,,0,,,,0.2058,119.79,0.2058,-240.21,1,30.0,joystick,+1.000,+0.000,+1.000,+0.000,1100,0,
1785506189.8915,2026-07-31T09:56:29.891,9.090,92,,,,0,,,,0.1940,118.84,0.1940,-241.16,1,30.0,joystick,+1.000,+0.000,+1.000,+0.000,1100,0,
1785506189.9916,2026-07-31T09:56:29.991,9.190,93,,,,0,,,,0.1989,117.41,0.1989,-242.59,1,30.0,joystick,+1.000,+0.000,+1.000,+0.000,1100,0,
1785506190.0903,2026-07-31T09:56:30.090,9.289,94,,,,0,,,,0.1954,116.57,0.1954,-243.43,1,30.0,joystick,+1.000,+0.000,+1.000,+0.000,1100,0,
1785506190.1911,2026-07-31T09:56:30.191,9.390,95,,,,0,,,,0.1847,116.61,0.1847,-243.39,1,30.0,joystick,+1.000,+0.000,+1.000,+0.000,1100,0,
1785506190.2908,2026-07-31T09:56:30.290,9.490,96,,,,0,,,,0.1696,117.39,0.1696,-242.61,1,30.0,joystick,+1.000,+0.000,+1.000,+0.000,1100,0,
1785506190.3910,2026-07-31T09:56:30.391,9.590,97,,,,0,,,,0.1614,118.03,0.1614,-241.97,1,30.0,joystick,+1.000,+0.000,+0.584,+0.000,1100,0,
1785506190.4900,2026-07-31T09:56:30.490,9.689,98,,,,0,,,,0.1446,119.71,0.1446,-240.29,1,30.0,joystick,+1.000,+0.000,+0.580,+0.000,1100,0,
1785506190.5894,2026-07-31T09:56:30.589,9.788,99,,,,0,,,,0.1284,121.67,0.1284,-238.33,1,30.0,joystick,+1.000,+0.000,+0.525,+0.000,1100,0,
1785506190.6897,2026-07-31T09:56:30.689,9.888,100,,,,0,,,,0.1180,122.55,0.1180,-237.45,1,30.0,joystick,+1.000,+0.000,+0.467,+0.000,1100,0,
1785506190.7890,2026-07-31T09:56:30.789,9.988,101,,,,0,,,,0.1084,124.43,0.1084,-235.57,1,30.0,joystick,+1.000,+0.000,+0.471,+0.000,1100,0,
1785506190.8882,2026-07-31T09:56:30.888,10.087,102,,,,0,,,,0.0888,125.44,0.0888,-234.56,1,30.0,joystick,+1.000,+0.000,+0.471,+0.000,1100,0,
1785506190.9864,2026-07-31T09:56:30.986,10.185,103,,,,0,,,,0.0603,127.58,0.0603,-232.42,1,30.0,joystick,+1.000,+0.000,+0.478,+0.000,1100,0,
1785506191.0863,2026-07-31T09:56:31.086,10.285,104,,,,0,,,,0.0271,129.79,0.0271,-230.21,1,30.0,joystick,+1.000,+0.000,+0.478,+0.000,1100,0,
1785506191.1861,2026-07-31T09:56:31.186,10.385,105,,,,0,,,,0.0180,131.01,0.0180,-228.99,1,30.0,joystick,+1.000,+0.000,+0.478,+0.000,1100,0,
1785506191.2853,2026-07-31T09:56:31.285,10.484,106,,,,0,,,,-0.0111,133.75,-0.0111,-226.25,1,30.0,joystick,+1.000,+0.000,+0.478,+0.000,1100,0,
1785506191.3846,2026-07-31T09:56:31.384,10.583,107,,,,0,,,,-0.0315,135.15,-0.0315,-224.85,1,30.0,joystick,+1.000,+0.000,+0.478,+0.000,1100,0,
1785506191.4841,2026-07-31T09:56:31.484,10.683,108,,,,0,,,,-0.0552,137.93,-0.0552,-222.07,1,30.0,joystick,+1.000,+0.000,+0.478,-1.000,1100,0,
1785506191.5834,2026-07-31T09:56:31.583,10.782,109,,,,0,,,,-0.0727,142.89,-0.0727,-217.11,1,30.0,joystick,+1.000,+0.000,+0.478,-1.000,1100,0,
1785506191.6832,2026-07-31T09:56:31.683,10.882,110,,,,0,,,,-0.0805,146.08,-0.0805,-213.92,1,30.0,joystick,+1.000,+0.000,+1.000,-1.000,1100,0,
1785506191.7814,2026-07-31T09:56:31.781,10.980,111,,,,0,,,,-0.0863,152.97,-0.0863,-207.03,1,30.0,joystick,+1.000,+0.000,+1.000,+0.000,1100,0,
1785506191.8808,2026-07-31T09:56:31.880,11.080,112,,,,0,,,,-0.0840,156.60,-0.0840,-203.40,1,30.0,joystick,+1.000,+0.000,+1.000,+0.000,1100,0,
1785506191.9795,2026-07-31T09:56:31.979,11.178,113,,,,0,,,,-0.0803,163.64,-0.0803,-196.36,1,30.0,joystick,+1.000,+0.000,+1.000,+0.000,1100,0,
1785506192.0786,2026-07-31T09:56:32.078,11.277,114,,,,0,,,,-0.0813,168.64,-0.0813,-191.36,1,30.0,joystick,+1.000,+0.000,+1.000,+0.000,1100,0,
1785506192.1790,2026-07-31T09:56:32.179,11.378,115,,,,0,,,,-0.0793,170.45,-0.0793,-189.55,1,30.0,joystick,+1.000,+0.000,+1.000,+0.000,1100,0,
1785506192.2784,2026-07-31T09:56:32.278,11.477,116,,,,0,,,,-0.0696,173.74,-0.0696,-186.26,1,30.0,joystick,+1.000,+0.000,+1.000,+0.000,1100,0,
1785506192.3774,2026-07-31T09:56:32.377,11.576,117,,,,0,,,,-0.0711,175.21,-0.0711,-184.79,1,30.0,joystick,+1.000,+0.000,+1.000,+0.000,1100,0,
1785506192.4769,2026-07-31T09:56:32.476,11.676,118,,,,0,,,,-0.0617,178.20,-0.0617,-181.80,1,30.0,joystick,+1.000,+0.000,+1.000,+0.000,1100,0,
1785506192.5761,2026-07-31T09:56:32.576,11.775,119,,,,0,,,,-0.0684,-179.18,-0.0684,-179.18,1,30.0,joystick,+1.000,+0.000,+1.000,+0.000,1100,0,
1785506192.6750,2026-07-31T09:56:32.675,11.874,120,,,,0,,,,-0.0737,-178.03,-0.0737,-178.03,1,30.0,joystick,+1.000,+0.000,+1.000,+0.000,1100,0,
1785506192.7742,2026-07-31T09:56:32.774,11.973,121,,,,0,,,,-0.0779,-175.85,-0.0779,-175.85,1,30.0,joystick,+1.000,+0.000,+1.000,+1.000,1100,0,
1785506192.8735,2026-07-31T09:56:32.873,12.072,122,,,,0,,,,-0.0815,-175.32,-0.0815,-175.32,1,30.0,joystick,+1.000,+0.000,+1.000,+1.000,1100,0,
1785506192.9732,2026-07-31T09:56:32.973,12.172,123,,,,0,,,,0.0000,-176.99,-0.0739,-176.99,1,30.0,joystick,+1.000,+0.000,+1.000,+0.000,1100,0,
1785506193.0721,2026-07-31T09:56:33.072,12.271,124,,,,0,,,,-0.0132,179.69,-0.0871,-180.31,1,30.0,joystick,+0.578,+0.000,+1.000,+0.000,1100,0,
1785506193.1709,2026-07-31T09:56:33.170,12.370,125,,,,0,,,,-0.0090,177.99,-0.0829,-182.01,1,30.0,joystick,+0.000,+0.000,+1.000,+0.000,1100,0,
1785506193.2696,2026-07-31T09:56:33.269,12.468,126,,,,0,,,,-0.0164,176.04,-0.0904,-183.96,1,30.0,joystick,+0.000,+0.000,+1.000,+0.000,1100,0,
1785506193.3696,2026-07-31T09:56:33.369,12.568,127,,,,0,,,,-0.0036,175.39,-0.0776,-184.61,1,30.0,joystick,+0.000,+0.000,+1.000,+0.000,1100,0,
1785506193.4691,2026-07-31T09:56:33.469,12.668,128,,,,0,,,,-0.0020,174.12,-0.0759,-185.88,1,30.0,joystick,+0.000,+0.000,+1.000,+0.000,1100,0,
1785506193.5675,2026-07-31T09:56:33.567,12.766,129,,,,0,,,,-0.0023,173.44,-0.0762,-186.56,1,30.0,joystick,+0.000,+0.000,+1.000,+0.000,1100,0,
1785506193.6668,2026-07-31T09:56:33.666,12.866,130,,,,0,,,,-0.0028,172.35,-0.0767,-187.65,1,30.0,joystick,+0.000,+0.000,+1.000,+0.000,1100,0,
1785506193.7668,2026-07-31T09:56:33.766,12.966,131,,,,0,,,,0.0041,171.48,-0.0698,-188.52,1,30.0,joystick,+0.000,+0.000,+1.000,+0.000,1100,0,
1785506193.8655,2026-07-31T09:56:33.865,13.064,132,,,,0,,,,0.0015,170.99,-0.0724,-189.01,1,30.0,joystick,+0.000,+0.000,+1.000,+0.000,1100,0,
1785506193.9648,2026-07-31T09:56:33.964,13.163,133,,,,0,,,,-0.0005,170.07,-0.0744,-189.93,1,30.0,joystick,+0.000,+0.000,+1.000,+0.000,1100,0,
1785506194.0635,2026-07-31T09:56:34.063,13.262,134,,,,0,,,,-0.0006,169.62,-0.0745,-190.38,1,30.0,joystick,+0.000,+0.000,+1.000,+1.000,1100,0,
1785506194.1637,2026-07-31T09:56:34.163,13.362,135,,,,0,,,,-0.0022,168.82,-0.0761,-191.18,1,30.0,joystick,+0.000,+0.000,+1.000,+1.000,1100,0,
1785506194.2618,2026-07-31T09:56:34.261,13.461,136,,,,0,,,,0.0017,168.40,-0.0722,-191.60,1,30.0,joystick,+0.000,+0.000,+1.000,+0.000,1100,0,
1785506194.3613,2026-07-31T09:56:34.361,13.560,137,,,,0,,,,-0.0005,167.52,-0.0744,-192.48,1,30.0,joystick,+0.000,+0.000,+0.000,+0.000,1100,0,
1785506194.4620,2026-07-31T09:56:34.462,13.661,138,,,,0,,,,0.0008,166.42,-0.0731,-193.58,1,30.0,joystick,+0.000,+0.000,+0.000,+0.000,1100,0,
1785506194.5606,2026-07-31T09:56:34.560,13.759,139,,,,0,,,,-0.0035,165.82,-0.0774,-194.18,1,30.0,joystick,+0.000,+0.000,+0.000,+0.000,1100,0,
1785506194.6595,2026-07-31T09:56:34.659,13.858,140,,,,0,,,,0.0011,164.58,-0.0728,-195.42,1,30.0,joystick,+0.000,+0.000,+0.000,+0.000,1100,0,
1785506194.7585,2026-07-31T09:56:34.758,13.957,141,,,,0,,,,0.0025,163.94,-0.0714,-196.06,1,30.0,joystick,+0.000,+0.000,+0.000,+0.000,1100,0,
1785506194.8579,2026-07-31T09:56:34.857,14.057,142,,,,0,,,,0.0077,162.63,-0.0662,-197.37,1,30.0,joystick,+0.000,+0.000,+1.000,+0.000,1100,0,
1785506194.9569,2026-07-31T09:56:34.956,14.156,143,,,,0,,,,0.0097,161.28,-0.0642,-198.72,1,30.0,joystick,+0.000,+0.000,+1.000,+0.000,1100,0,
1785506195.0562,2026-07-31T09:56:35.056,14.255,144,,,,0,,,,0.0121,160.62,-0.0618,-199.38,1,30.0,joystick,+0.000,+0.000,+0.588,+1.000,1100,0,
1785506195.1554,2026-07-31T09:56:35.155,14.354,145,,,,0,,,,0.0094,159.48,-0.0645,-200.52,1,30.0,joystick,+0.000,+0.000,+0.000,+1.000,1100,0,
1785506195.2547,2026-07-31T09:56:35.254,14.453,146,,,,0,,,,0.0130,158.66,-0.0609,-201.34,1,30.0,joystick,+0.000,+0.000,+0.000,+0.000,1100,0,
1785506195.3536,2026-07-31T09:56:35.353,14.552,147,,,,0,,,,0.0126,156.71,-0.0613,-203.29,1,30.0,joystick,+0.000,+0.000,+0.000,+0.000,1100,0,
1785506195.4530,2026-07-31T09:56:35.452,14.652,148,,,,0,,,,0.0073,155.06,-0.0666,-204.94,1,30.0,joystick,+0.000,+0.000,+0.000,+0.000,1100,0,
1785506195.5522,2026-07-31T09:56:35.552,14.751,149,,,,0,,,,0.0104,154.26,-0.0635,-205.74,1,30.0,joystick,+0.000,+0.000,+0.000,+0.000,1100,0,
1785506195.6515,2026-07-31T09:56:35.651,14.850,150,,,,0,,,,0.0086,152.70,-0.0653,-207.30,1,30.0,joystick,+0.000,+0.000,+0.000,+0.000,1100,0,
1785506195.7520,2026-07-31T09:56:35.752,14.951,151,,,,0,,,,0.0066,151.95,-0.0673,-208.05,1,30.0,joystick,+0.000,+0.000,+0.000,+0.000,1100,0,
1785506195.8506,2026-07-31T09:56:35.850,15.049,152,,,,0,,,,0.0095,150.63,-0.0644,-209.37,1,30.0,joystick,+0.000,+0.000,+0.000,+0.000,1100,0,
1785506195.9512,2026-07-31T09:56:35.951,15.150,153,,,,0,,,,0.0094,149.44,-0.0645,-210.56,1,30.0,joystick,+0.000,+0.000,+0.000,+0.000,1100,0,
1785506196.0495,2026-07-31T09:56:36.049,15.248,154,,,,0,,,,0.0098,148.85,-0.0642,-211.15,1,30.0,joystick,+0.000,+0.000,+0.000,+0.000,1100,0,
1785506196.1486,2026-07-31T09:56:36.148,15.347,155,,,,0,,,,0.0103,147.65,-0.0636,-212.35,1,30.0,joystick,+0.000,+0.000,+0.000,+0.000,1100,0,
1785506196.2494,2026-07-31T09:56:36.249,15.448,156,,,,0,,,,0.0117,147.04,-0.0622,-212.96,1,30.0,joystick,+0.000,+0.000,+1.000,+0.000,1100,0,
1785506196.3500,2026-07-31T09:56:36.349,15.549,157,,,,0,,,,0.0116,145.85,-0.0623,-214.15,1,30.0,joystick,+0.000,+0.000,+1.000,+0.000,1100,0,
1785506196.4487,2026-07-31T09:56:36.448,15.647,158,,,,0,,,,0.0137,144.65,-0.0602,-215.35,1,30.0,joystick,+0.000,+0.000,+1.000,+0.000,1100,0,
1785506196.5489,2026-07-31T09:56:36.548,15.748,159,,,,0,,,,0.0158,144.06,-0.0581,-215.94,1,30.0,joystick,+0.000,+0.000,+1.000,+0.000,1100,0,
1785506196.6483,2026-07-31T09:56:36.648,15.847,160,,,,0,,,,0.0058,142.89,-0.0681,-217.11,1,30.0,joystick,+0.000,+0.000,+1.000,+0.000,1100,0,
1785506196.7494,2026-07-31T09:56:36.749,15.948,161,,,,0,,,,0.0098,142.37,-0.0641,-217.63,1,30.0,joystick,+0.000,+0.000,+1.000,+0.000,1100,0,
1785506196.8490,2026-07-31T09:56:36.849,16.048,162,,,,0,,,,0.0054,141.46,-0.0685,-218.54,1,30.0,joystick,+0.000,+0.000,+1.000,+0.000,1100,0,
1785506196.9485,2026-07-31T09:56:36.948,16.147,163,,,,0,,,,0.0025,140.56,-0.0714,-219.44,1,30.0,joystick,+0.000,+0.000,+1.000,+0.000,1100,0,
1785506197.0485,2026-07-31T09:56:37.048,16.247,164,,,,0,,,,-0.0019,140.11,-0.0758,-219.89,1,30.0,joystick,+0.000,+0.000,+1.000,+0.000,1100,0,
1785506197.1480,2026-07-31T09:56:37.148,16.347,165,,,,0,,,,0.0003,139.26,-0.0736,-220.74,1,30.0,joystick,+0.000,+0.000,+1.000,-1.000,1100,0,
1785506197.2483,2026-07-31T09:56:37.248,16.447,166,,,,0,,,,-0.0030,138.75,-0.0769,-221.25,1,30.0,joystick,+0.000,+0.000,+1.000,-1.000,1100,0,
1785506197.3472,2026-07-31T09:56:37.347,16.546,167,,,,0,,,,0.0004,138.03,-0.0735,-221.97,1,30.0,joystick,+0.000,+0.000,+1.000,+0.000,1100,0,
1785506197.4465,2026-07-31T09:56:37.446,16.645,168,,,,0,,,,-0.0006,137.82,-0.0745,-222.18,1,30.0,joystick,+0.000,+0.000,+1.000,+0.000,1100,0,
1785506197.5465,2026-07-31T09:56:37.546,16.745,169,,,,0,,,,0.0019,137.66,-0.0720,-222.34,1,30.0,joystick,+0.000,+0.000,+1.000,+0.000,1100,0,
1785506197.6457,2026-07-31T09:56:37.645,16.844,170,,,,0,,,,0.0055,137.40,-0.0684,-222.60,1,30.0,joystick,+0.000,+0.000,+1.000,+0.000,1100,0,
1785506197.7447,2026-07-31T09:56:37.744,16.943,171,,,,0,,,,0.0050,137.30,-0.0689,-222.70,1,30.0,joystick,+0.000,+0.000,+1.000,-1.000,1100,0,
1785506197.8436,2026-07-31T09:56:37.843,17.042,172,,,,0,,,,0.0109,139.56,-0.0630,-220.44,1,30.0,joystick,+0.000,+0.000,+1.000,-1.000,1100,0,
1785506197.9432,2026-07-31T09:56:37.943,17.142,173,,,,0,,,,0.0127,143.37,-0.0612,-216.63,1,30.0,joystick,+0.000,+0.000,+1.000,+0.000,1100,0,
1785506198.0417,2026-07-31T09:56:38.041,17.240,174,,,,0,,,,0.0078,148.67,-0.0661,-211.33,1,30.0,joystick,+0.000,+0.000,+1.000,+0.000,1100,0,
1785506198.1413,2026-07-31T09:56:38.141,17.340,175,,,,0,,,,0.0069,151.14,-0.0670,-208.86,1,30.0,joystick,+0.000,+0.000,+1.000,+1.000,1100,0,
1785506198.2402,2026-07-31T09:56:38.240,17.439,176,,,,0,,,,0.0080,152.04,-0.0659,-207.96,1,30.0,joystick,+0.000,+0.000,+1.000,+1.000,1100,0,
1785506198.3386,2026-07-31T09:56:38.338,17.537,177,,,,0,,,,0.0063,153.71,-0.0676,-206.29,1,30.0,joystick,+0.000,+0.000,+1.000,+1.000,1100,0,
1785506198.4380,2026-07-31T09:56:38.438,17.637,178,,,,0,,,,0.0042,154.06,-0.0697,-205.94,1,30.0,joystick,+0.000,+0.000,+1.000,+0.000,1100,0,
1785506198.5366,2026-07-31T09:56:38.536,17.735,179,,,,0,,,,-0.0033,152.61,-0.0773,-207.39,1,30.0,joystick,+0.000,+0.000,+1.000,+0.000,1100,0,
1785506198.6360,2026-07-31T09:56:38.636,17.835,180,,,,0,,,,-0.0014,151.43,-0.0753,-208.57,1,30.0,joystick,+0.000,+0.000,+1.000,+0.000,1100,0,
1785506198.7358,2026-07-31T09:56:38.735,17.935,181,,,,0,,,,-0.0041,151.04,-0.0780,-208.96,1,30.0,joystick,+0.000,+0.000,+1.000,+0.000,1100,0,
1785506198.8352,2026-07-31T09:56:38.835,18.034,182,,,,0,,,,0.0080,150.41,-0.0659,-209.59,1,30.0,joystick,+0.000,+0.000,+1.000,+0.000,1100,0,
1785506198.9352,2026-07-31T09:56:38.935,18.134,183,,,,0,,,,0.0020,150.21,-0.0719,-209.79,1,30.0,joystick,+0.000,+0.000,+1.000,+1.000,1100,0,
1785506199.0336,2026-07-31T09:56:39.033,18.232,184,,,,0,,,,0.0023,150.32,-0.0716,-209.68,1,30.0,joystick,+0.000,+0.000,+1.000,+0.000,1100,0,
1785506199.1345,2026-07-31T09:56:39.134,18.333,185,,,,0,,,,-0.0008,150.65,-0.0747,-209.35,1,30.0,joystick,+0.000,+0.000,+1.000,+0.000,1100,0,
1785506199.2337,2026-07-31T09:56:39.233,18.432,186,,,,0,,,,0.0054,150.79,-0.0685,-209.21,1,30.0,joystick,+0.000,+0.000,+1.000,+0.000,1100,0,
1785506199.3318,2026-07-31T09:56:39.331,18.530,187,,,,0,,,,0.0013,150.98,-0.0726,-209.02,1,30.0,joystick,+0.000,+0.000,+1.000,+0.000,1100,0,
1785506199.4321,2026-07-31T09:56:39.432,18.631,188,,,,0,,,,0.0047,151.01,-0.0692,-208.99,1,30.0,joystick,+0.000,+0.000,+0.000,+0.000,1100,0,
1785506199.5318,2026-07-31T09:56:39.531,18.731,189,,,,0,,,,0.0023,151.02,-0.0716,-208.98,1,30.0,joystick,+0.000,+0.000,+0.000,+0.000,1100,0,
1785506199.6306,2026-07-31T09:56:39.630,18.829,190,,,,0,,,,0.0013,150.97,-0.0726,-209.03,1,30.0,joystick,+0.000,+0.000,+0.000,+0.000,1100,0,
1785506199.7314,2026-07-31T09:56:39.731,18.930,191,,,,0,,,,0.0071,150.96,-0.0668,-209.04,1,30.0,joystick,+0.000,+0.000,+0.000,+0.000,1100,0,
1785506199.8297,2026-07-31T09:56:39.829,19.028,192,,,,0,,,,0.0074,150.97,-0.0665,-209.03,1,30.0,joystick,+0.000,+0.000,+0.000,+1.000,1100,0,
1785506199.9287,2026-07-31T09:56:39.928,19.127,193,,,,0,,,,0.0056,150.99,-0.0683,-209.01,1,30.0,joystick,+0.000,+0.000,+0.000,+0.000,1100,0,
1785506200.0276,2026-07-31T09:56:40.027,19.226,194,,,,0,,,,0.0086,150.94,-0.0653,-209.06,1,30.0,joystick,+0.000,+0.000,+0.000,+0.000,1100,0,
1785506200.1285,2026-07-31T09:56:40.128,19.327,195,,,,0,,,,0.0160,150.71,-0.0579,-209.29,1,30.0,joystick,+0.000,+0.000,+0.000,+0.000,1100,0,
1785506200.2286,2026-07-31T09:56:40.228,19.427,196,,,,0,,,,0.0135,150.53,-0.0604,-209.47,1,30.0,joystick,+0.000,+0.000,+0.000,+1.000,1100,0,
1785506200.3278,2026-07-31T09:56:40.327,19.527,197,,,,0,,,,0.0158,149.94,-0.0581,-210.06,1,30.0,joystick,+0.000,+0.000,+0.000,+1.000,1100,0,
1785506200.4274,2026-07-31T09:56:40.427,19.626,198,,,,0,,,,0.0206,148.73,-0.0533,-211.27,1,30.0,joystick,+0.000,+0.000,+0.000,+1.000,1100,0,
1785506200.5275,2026-07-31T09:56:40.527,19.726,199,,,,0,,,,0.0055,141.85,-0.0684,-218.15,1,30.0,joystick,+0.000,+0.000,+0.000,+0.000,1100,0,
1785506200.6273,2026-07-31T09:56:40.627,19.826,200,,,,0,,,,0.0091,-1.89,-0.0648,-222.77,1,30.0,joystick,+0.000,+0.000,+0.000,+0.000,1100,0,
1785506200.7264,2026-07-31T09:56:40.726,19.925,201,,,,0,,,,0.0136,-3.34,-0.0603,-224.22,1,30.0,joystick,+0.000,+0.000,+0.000,+0.000,1100,0,
1785506200.8256,2026-07-31T09:56:40.825,20.024,202,,,,0,,,,0.0089,-5.86,-0.0650,-226.74,1,30.0,joystick,+0.000,+0.000,+0.000,+0.000,1100,0,
1785506200.9249,2026-07-31T09:56:40.924,20.124,203,,,,0,,,,0.0110,-7.10,-0.0629,-227.97,1,30.0,joystick,+0.000,+0.000,+0.000,+0.000,1100,0,
1785506201.0254,2026-07-31T09:56:41.025,20.224,204,,,,0,,,,0.0094,-9.38,-0.0645,-230.25,1,30.0,joystick,+0.000,+0.000,+0.000,+0.000,1100,0,
1785506201.1238,2026-07-31T09:56:41.123,20.323,205,,,,0,,,,0.0105,-11.19,-0.0634,-232.07,1,30.0,joystick,+0.000,+0.000,+0.000,-1.000,1100,0,
1785506201.2241,2026-07-31T09:56:41.224,20.423,206,,,,0,,,,0.0114,-11.96,-0.0625,-232.83,1,30.0,joystick,+0.000,+0.000,+0.000,+0.000,1100,0,
1785506201.3230,2026-07-31T09:56:41.323,20.522,207,,,,0,,,,0.0154,-13.42,-0.0585,-234.30,1,30.0,joystick,+0.000,+0.000,+0.000,+0.000,1100,0,
1785506201.4217,2026-07-31T09:56:41.421,20.620,208,,,,0,,,,0.0114,-14.11,-0.0625,-234.99,1,30.0,joystick,+0.000,+0.000,+0.000,+0.000,1100,0,
1785506201.5224,2026-07-31T09:56:41.522,20.721,209,,,,0,,,,0.0130,-15.47,-0.0609,-236.34,1,30.0,joystick,+0.000,+0.000,+0.000,+0.000,1100,0,
1785506201.6216,2026-07-31T09:56:41.621,20.820,210,,,,0,,,,0.0132,-16.06,-0.0607,-236.94,1,30.0,joystick,+0.000,+0.000,+0.000,-1.000,1100,0,
1785506201.7236,2026-07-31T09:56:41.723,20.922,211,,,,0,,,,0.0185,0.00,-0.0554,-238.02,1,30.0,joystick,+0.000,+0.000,+0.000,+0.000,1100,0,
1785506201.8217,2026-07-31T09:56:41.821,21.020,212,,,,0,,,,0.0157,0.11,-0.0582,-237.91,1,30.0,joystick,+0.000,+0.000,+0.000,+0.000,1100,0,
1785506201.9218,2026-07-31T09:56:41.921,21.120,213,,,,0,,,,0.0151,0.04,-0.0588,-237.98,1,30.0,joystick,+0.000,+0.000,+0.000,+0.000,1100,0,
1785506202.0201,2026-07-31T09:56:42.020,21.219,214,,,,0,,,,0.0133,-0.33,-0.0606,-238.35,1,30.0,joystick,+0.000,+0.000,+0.000,+0.000,1100,0,
1785506202.1191,2026-07-31T09:56:42.119,21.318,215,,,,0,,,,0.0159,-0.51,-0.0580,-238.53,1,30.0,joystick,+0.000,+0.000,+0.000,+0.000,1100,0,
1785506202.2183,2026-07-31T09:56:42.218,21.417,216,,,,0,,,,0.0155,-0.91,-0.0584,-238.93,1,30.0,joystick,+0.000,+0.000,+0.000,+0.000,1100,0,
1785506202.3170,2026-07-31T09:56:42.317,21.516,217,,,,0,,,,0.0130,-1.44,-0.0609,-239.46,1,30.0,joystick,+0.000,+0.000,+0.000,+0.000,1100,0,
1785506202.4174,2026-07-31T09:56:42.417,21.616,218,,,,0,,,,0.0148,-1.75,-0.0591,-239.77,1,30.0,joystick,+0.000,+0.000,+0.000,+0.000,1100,0,
1785506202.5158,2026-07-31T09:56:42.515,21.715,219,,,,0,,,,0.0167,-2.34,-0.0572,-240.36,1,30.0,joystick,+0.000,+0.000,+0.000,+0.000,1100,0,
1785506202.6165,2026-07-31T09:56:42.616,21.815,220,,,,0,,,,0.0150,-2.62,-0.0589,-240.64,1,30.0,joystick,+0.000,+0.000,+0.000,+0.000,1100,0,
1785506202.7166,2026-07-31T09:56:42.716,21.915,221,,,,0,,,,0.0138,-3.13,-0.0601,-241.15,1,30.0,joystick,+0.000,+0.000,+0.000,+0.000,1100,0,
1785506202.8156,2026-07-31T09:56:42.815,22.014,222,,,,0,,,,0.0158,-3.60,-0.0582,-241.62,1,30.0,joystick,+0.000,+0.000,+0.000,+0.000,1100,0,
1785506202.9143,2026-07-31T09:56:42.914,22.113,223,,,,0,,,,0.0184,-3.82,-0.0555,-241.84,1,30.0,joystick,+0.000,+0.000,+0.000,+0.000,1100,0,
1785506203.0128,2026-07-31T09:56:43.012,22.211,224,,,,0,,,,0.0192,-4.24,-0.0547,-242.26,1,30.0,joystick,+0.000,+0.000,+0.000,+0.000,1100,0,
1785506203.1145,2026-07-31T09:56:43.114,22.313,225,,,,0,,,,0.0172,-4.46,-0.0567,-242.48,1,30.0,joystick,+0.000,+0.000,+0.000,+0.000,1100,0,
1785506203.2133,2026-07-31T09:56:43.213,22.412,226,,,,0,,,,0.0123,-4.92,-0.0616,-242.94,1,30.0,joystick,+0.000,+0.000,+0.000,+0.000,1100,0,
1785506203.3123,2026-07-31T09:56:43.312,22.511,227,,,,0,,,,0.0145,-5.38,-0.0594,-243.40,1,30.0,joystick,+0.000,+0.000,+0.000,+0.000,1100,0,
1785506203.4118,2026-07-31T09:56:43.411,22.610,228,,,,0,,,,0.0166,-5.59,-0.0573,-243.61,1,30.0,joystick,+0.000,+0.000,+0.000,+0.000,1100,0,
1785506203.5111,2026-07-31T09:56:43.511,22.710,229,,,,0,,,,0.0196,-5.94,-0.0543,-243.96,1,30.0,joystick,+0.000,+0.000,+0.000,+0.000,1100,0,
1785506203.6102,2026-07-31T09:56:43.610,22.809,230,,,,0,,,,0.0164,-6.10,-0.0575,-244.12,1,30.0,joystick,+0.000,+0.000,+0.000,+0.000,1100,0,
1785506203.7102,2026-07-31T09:56:43.710,22.909,231,,,,0,,,,0.0203,-6.44,-0.0536,-244.46,1,30.0,joystick,+0.000,+0.000,+0.000,+0.000,1100,0,
1785506203.8093,2026-07-31T09:56:43.809,23.008,232,,,,0,,,,0.0169,-6.61,-0.0570,-244.63,1,30.0,joystick,+0.000,+0.000,+0.000,+0.000,1100,0,
1785506203.9079,2026-07-31T09:56:43.907,23.107,233,,,,0,,,,0.0173,-6.93,-0.0566,-244.95,1,30.0,joystick,+0.000,+0.000,+0.000,+0.000,1100,0,
1785506204.0073,2026-07-31T09:56:44.007,23.206,234,,,,0,,,,0.0129,-7.28,-0.0610,-245.30,1,30.0,joystick,+0.000,+0.000,+0.000,+0.000,1100,0,
1785506204.1070,2026-07-31T09:56:44.107,23.306,235,,,,0,,,,0.0146,-7.48,-0.0593,-245.50,1,30.0,joystick,+0.000,+0.000,+0.000,+0.000,1100,0,
1785506204.2059,2026-07-31T09:56:44.205,23.405,236,,,,0,,,,0.0158,-7.90,-0.0581,-245.92,1,30.0,joystick,+0.000,+0.000,+0.000,+0.000,1100,0,
1785506204.3053,2026-07-31T09:56:44.305,23.504,237,,,,0,,,,0.0194,-8.09,-0.0545,-246.11,1,30.0,joystick,+0.000,+0.000,+0.000,+0.000,1100,0,
1785506204.4041,2026-07-31T09:56:44.404,23.603,238,,,,0,,,,0.0178,-8.42,-0.0561,-246.44,1,30.0,joystick,+0.000,+0.000,+0.000,+0.000,1100,0,
1785506204.5036,2026-07-31T09:56:44.503,23.702,239,,,,0,,,,0.0214,-8.57,-0.0526,-246.59,1,30.0,joystick,+0.000,+0.000,+0.000,+0.000,1100,0,
1785506204.6023,2026-07-31T09:56:44.602,23.801,240,,,,0,,,,0.0197,-8.84,-0.0542,-246.86,1,30.0,joystick,+0.000,+0.000,+0.000,+0.000,1100,0,
1785506204.7021,2026-07-31T09:56:44.702,23.901,241,,,,0,,,,0.0189,-9.12,-0.0550,-247.14,1,30.0,joystick,+0.000,+0.000,+0.000,+0.000,1100,0,
1785506204.8014,2026-07-31T09:56:44.801,24.000,242,,,,0,,,,0.0185,-9.26,-0.0554,-247.28,1,30.0,joystick,+0.000,+0.000,+0.000,+0.000,1100,0,
1785506204.9000,2026-07-31T09:56:44.900,24.099,243,,,,0,,,,0.0194,-9.54,-0.0545,-247.56,1,30.0,joystick,+0.000,+0.000,+0.000,+0.000,1100,0,
1785506204.9996,2026-07-31T09:56:44.999,24.198,244,,,,0,,,,0.0210,-9.69,-0.0529,-247.71,1,30.0,joystick,+0.000,+0.000,+0.000,+0.000,1100,0,
1785506205.0985,2026-07-31T09:56:45.098,24.297,245,,,,0,,,,0.0225,-9.98,-0.0514,-248.00,1,30.0,joystick,+0.000,+0.000,+0.000,+0.000,1100,0,
1785506205.1972,2026-07-31T09:56:45.197,24.396,246,,,,0,,,,0.0203,-10.27,-0.0536,-248.29,1,30.0,joystick,+0.000,+0.000,+0.000,+0.000,1100,0,
1785506205.2959,2026-07-31T09:56:45.295,24.495,247,,,,0,,,,0.0172,-10.40,-0.0567,-248.42,1,30.0,joystick,+0.000,+0.000,+0.000,+0.000,1100,0,
1785506205.3944,2026-07-31T09:56:45.394,24.593,248,,,,0,,,,0.0165,-10.67,-0.0574,-248.69,1,30.0,joystick,+0.000,+0.000,+0.000,+0.000,1100,0,
1785506205.4944,2026-07-31T09:56:45.494,24.693,249,,,,0,,,,0.0215,-10.80,-0.0524,-248.82,1,30.0,joystick,+0.000,+0.000,+0.000,+0.000,1100,0,
1785506205.5936,2026-07-31T09:56:45.593,24.792,250,,,,0,,,,0.0245,-11.10,-0.0494,-249.12,1,30.0,joystick,+0.000,+0.000,+0.000,+0.000,1100,0,
1785506205.6924,2026-07-31T09:56:45.692,24.891,251,,,,0,,,,0.0182,-11.40,-0.0557,-249.42,1,30.0,joystick,+0.000,+0.000,+0.000,+0.000,1100,0,
1785506205.7913,2026-07-31T09:56:45.791,24.990,252,,,,0,,,,0.0184,-11.53,-0.0555,-249.55,1,30.0,joystick,+0.000,+0.000,+0.000,+0.000,1100,0,
1785506205.8903,2026-07-31T09:56:45.890,25.089,253,,,,0,,,,0.0234,-11.75,-0.0505,-249.77,1,30.0,joystick,+0.000,+0.000,+0.000,+0.000,1100,0,
1785506205.9892,2026-07-31T09:56:45.989,25.188,254,,,,0,,,,0.0210,-11.86,-0.0529,-249.88,1,30.0,joystick,+0.000,+0.000,+0.000,+0.000,1100,0,
1785506206.0882,2026-07-31T09:56:46.088,25.287,255,,,,0,,,,0.0186,-12.09,-0.0553,-250.11,1,30.0,joystick,+0.000,+0.000,+0.000,+0.000,1100,0,
1785506206.1869,2026-07-31T09:56:46.186,25.386,256,,,,0,,,,0.0191,-12.34,-0.0548,-250.36,1,30.0,joystick,+0.000,+0.000,+0.000,+0.000,1100,0,
1785506206.2873,2026-07-31T09:56:46.287,25.486,257,,,,0,,,,0.0168,-12.46,-0.0571,-250.48,1,30.0,joystick,+0.000,+0.000,+0.000,+0.000,1100,0,
1785506206.3875,2026-07-31T09:56:46.387,25.586,258,,,,0,,,,0.0175,-12.69,-0.0564,-250.71,1,30.0,joystick,+0.000,+0.000,+0.000,+0.000,1100,0,
1785506206.4869,2026-07-31T09:56:46.486,25.686,259,,,,0,,,,0.0177,-12.81,-0.0562,-250.83,1,30.0,joystick,+0.000,+0.000,+0.000,+0.000,1100,0,
1785506206.5871,2026-07-31T09:56:46.587,25.786,260,,,,0,,,,0.0189,-13.07,-0.0550,-251.09,1,30.0,joystick,+0.000,+0.000,+0.000,+0.000,1100,0,
1785506206.6868,2026-07-31T09:56:46.686,25.886,261,,,,0,,,,0.0198,-13.33,-0.0541,-251.35,1,30.0,joystick,+0.000,+0.000,+0.000,+0.000,1100,0,
1785506206.7864,2026-07-31T09:56:46.786,25.985,262,,,,0,,,,0.0232,-13.46,-0.0507,-251.48,1,30.0,joystick,+0.000,+0.000,+0.000,+0.000,1100,0,
1785506206.8850,2026-07-31T09:56:46.885,26.084,263,,,,0,,,,0.0149,-13.72,-0.0590,-251.74,1,30.0,joystick,+0.000,+0.000,+0.000,+0.000,1100,0,
1785506206.9842,2026-07-31T09:56:46.984,26.183,264,,,,0,,,,0.0233,-13.86,-0.0506,-251.88,1,30.0,joystick,+0.000,+0.000,+0.000,+0.000,1100,0,
1785506207.0829,2026-07-31T09:56:47.082,26.282,265,,,,0,,,,0.0198,-14.14,-0.0541,-252.16,1,30.0,joystick,+0.000,+0.000,+0.000,+0.000,1100,0,
1785506207.1824,2026-07-31T09:56:47.182,26.381,266,,,,0,,,,0.0207,-14.40,-0.0532,-252.42,1,30.0,joystick,+0.000,+0.000,+0.000,+0.000,1100,0,
1785506207.2819,2026-07-31T09:56:47.281,26.481,267,,,,0,,,,0.0175,-14.51,-0.0564,-252.53,1,30.0,joystick,+0.000,+0.000,+0.000,+0.000,1100,0,
1785506207.3810,2026-07-31T09:56:47.381,26.580,268,,,,0,,,,0.0219,-14.68,-0.0520,-252.70,1,30.0,joystick,+0.000,+0.000,+0.000,+0.000,1100,0,
1785506207.4808,2026-07-31T09:56:47.480,26.679,269,,,,0,,,,0.0230,-14.77,-0.0509,-252.79,1,30.0,joystick,+0.000,+0.000,+0.000,+0.000,1100,0,
1785506207.5799,2026-07-31T09:56:47.579,26.779,270,,,,0,,,,0.0189,-14.96,-0.0550,-252.98,1,30.0,joystick,+0.000,+0.000,+0.000,+0.000,1100,0,
1785506207.6793,2026-07-31T09:56:47.679,26.878,271,,,,0,,,,0.0228,-15.07,-0.0511,-253.09,1,30.0,joystick,+0.000,+0.000,+0.000,+0.000,1100,0,
1785506207.7789,2026-07-31T09:56:47.778,26.978,272,,,,0,,,,0.0187,-15.30,-0.0552,-253.32,1,30.0,joystick,+0.000,+0.000,+0.000,+0.000,1100,0,
1785506207.8779,2026-07-31T09:56:47.877,27.077,273,,,,0,,,,0.0169,-15.58,-0.0570,-253.60,1,30.0,joystick,+0.000,+0.000,+0.000,+0.000,1100,0,
1785506207.9770,2026-07-31T09:56:47.976,27.176,274,,,,0,,,,0.0192,-15.74,-0.0547,-253.76,1,30.0,joystick,+0.000,+0.000,+0.000,-1.000,1100,0,
1785506208.0763,2026-07-31T09:56:48.076,27.275,275,,,,0,,,,0.0172,-16.07,-0.0567,-254.09,1,30.0,joystick,+0.000,+0.000,+0.000,-1.000,1100,0,
1785506208.1766,2026-07-31T09:56:48.176,27.375,276,,,,0,,,,0.0172,-16.24,-0.0567,-254.26,1,30.0,joystick,+0.000,+0.000,+0.000,-1.000,1100,0,
1785506208.2756,2026-07-31T09:56:48.275,27.474,277,,,,0,,,,0.0209,-14.17,-0.0530,-252.19,1,30.0,joystick,+0.000,+0.000,+0.000,-1.000,1100,0,
1785506208.3746,2026-07-31T09:56:48.374,27.573,278,,,,0,,,,0.0259,-10.36,-0.0480,-248.38,1,30.0,joystick,+0.000,+0.000,+0.000,+0.000,1100,0,
1785506208.4737,2026-07-31T09:56:48.473,27.672,279,,,,0,,,,0.0167,-2.13,-0.0573,-240.15,1,30.0,joystick,+0.000,+0.000,+0.000,+0.000,1100,0,
1785506208.5720,2026-07-31T09:56:48.572,27.771,280,,,,0,,,,0.0245,1.90,-0.0494,-236.12,1,30.0,joystick,+0.000,+0.000,+0.000,+0.000,1100,0,
1785506208.6714,2026-07-31T09:56:48.671,27.870,281,,,,0,,,,0.0204,3.31,-0.0535,-234.71,1,30.0,joystick,+0.000,+0.000,+0.000,+0.000,1100,0,
1785506208.7715,2026-07-31T09:56:48.771,27.970,282,,,,0,,,,0.0204,5.66,-0.0535,-232.36,1,30.0,joystick,+0.000,+0.000,+0.000,+0.000,1100,0,
1785506208.8703,2026-07-31T09:56:48.870,28.069,283,,,,0,,,,0.0226,7.56,-0.0513,-230.46,1,30.0,joystick,+0.000,+0.000,+0.000,+0.000,1100,0,
1785506208.9691,2026-07-31T09:56:48.969,28.168,284,,,,0,,,,0.0248,8.32,-0.0491,-229.70,1,30.0,joystick,+0.000,+0.000,+0.000,+0.000,1100,0,
1785506209.0695,2026-07-31T09:56:49.069,28.268,285,,,,0,,,,0.0251,9.60,-0.0488,-228.42,1,30.0,joystick,-1.000,+0.000,+0.000,+0.000,1100,0,
1785506209.1697,2026-07-31T09:56:49.169,28.368,286,,,,0,,,,0.0246,10.18,-0.0493,-227.84,1,30.0,joystick,-1.000,+0.000,+0.000,+0.000,1100,0,
1785506209.2688,2026-07-31T09:56:49.268,28.468,287,,,,0,,,,0.0253,11.31,-0.0486,-226.71,1,30.0,joystick,-1.000,+0.000,+0.000,+0.000,1100,0,
1785506209.3689,2026-07-31T09:56:49.368,28.568,288,,,,0,,,,0.0259,12.20,-0.0480,-225.83,1,30.0,joystick,-1.000,+0.000,+0.000,+0.000,1100,0,
1785506209.4682,2026-07-31T09:56:49.468,28.667,289,,,,0,,,,0.0259,12.69,-0.0480,-225.33,1,30.0,joystick,-1.000,+0.000,+0.000,+0.000,1100,0,
1785506209.5687,2026-07-31T09:56:49.568,28.767,290,,,,0,,,,0.0316,13.55,-0.0423,-224.47,1,30.0,joystick,-1.000,+0.000,+0.000,+0.000,1100,0,
1785506209.6679,2026-07-31T09:56:49.667,28.867,291,,,,0,,,,0.0296,13.90,-0.0443,-224.12,1,30.0,joystick,-1.000,+0.000,+0.000,+0.000,1100,0,
1785506209.7670,2026-07-31T09:56:49.767,28.966,292,,,,0,,,,0.0333,14.36,-0.0407,-223.66,1,30.0,joystick,-1.000,+0.000,+0.000,+0.000,1100,0,
1785506209.8662,2026-07-31T09:56:49.866,29.065,293,,,,0,,,,0.0332,14.61,-0.0407,-223.41,1,30.0,joystick,-1.000,+0.000,+0.000,+0.000,1100,0,
1785506209.9655,2026-07-31T09:56:49.965,29.164,294,,,,0,,,,0.0316,14.69,-0.0423,-223.33,1,30.0,joystick,-1.000,+0.000,+0.000,+0.000,1100,0,
1785506210.0648,2026-07-31T09:56:50.064,29.264,295,,,,0,,,,0.0379,14.86,-0.0360,-223.17,1,30.0,joystick,-1.000,+0.000,+0.000,+0.000,1100,0,
1785506210.1640,2026-07-31T09:56:50.163,29.363,296,,,,0,,,,0.0397,14.91,-0.0342,-223.11,1,30.0,joystick,-1.000,+0.000,+0.000,+0.000,1100,0,
1785506210.2630,2026-07-31T09:56:50.262,29.462,297,,,,0,,,,0.0438,15.09,-0.0301,-222.93,1,30.0,joystick,-1.000,+0.000,+0.000,+0.000,1100,0,
1785506210.3640,2026-07-31T09:56:50.363,29.563,298,,,,0,,,,0.0546,15.37,-0.0193,-222.65,1,30.0,joystick,-1.000,+0.000,+0.000,+0.000,1100,0,
1785506210.4643,2026-07-31T09:56:50.464,29.663,299,,,,0,,,,0.0544,15.54,-0.0195,-222.48,1,30.0,joystick,-1.000,+0.000,+0.000,+0.000,1100,0,
1785506210.5640,2026-07-31T09:56:50.564,29.763,300,,,,0,,,,0.0666,16.00,-0.0073,-222.02,1,30.0,joystick,-1.000,+0.000,+0.000,+0.000,1100,0,
1785506210.6633,2026-07-31T09:56:50.663,29.862,301,,,,0,,,,0.0689,16.23,-0.0050,-221.79,1,30.0,joystick,-1.000,+0.000,+0.000,+0.000,1100,0,
1785506210.7626,2026-07-31T09:56:50.762,29.961,302,,,,0,,,,0.0754,16.78,0.0015,-221.24,1,30.0,joystick,-1.000,+0.000,+0.000,+0.000,1100,0,
1785506210.8617,2026-07-31T09:56:50.861,30.060,303,,,,0,,,,0.0799,17.30,0.0060,-220.72,1,30.0,joystick,-1.000,+0.000,+0.000,+0.000,1100,0,
1785506210.9605,2026-07-31T09:56:50.960,30.159,304,,,,0,,,,0.0870,17.57,0.0131,-220.45,1,30.0,joystick,-1.000,+0.000,+0.000,+0.000,1100,0,
1785506211.0606,2026-07-31T09:56:51.060,30.259,305,,,,0,,,,0.1013,18.09,0.0274,-219.93,1,30.0,joystick,-1.000,+0.000,+0.000,+0.000,1100,0,
1785506211.1606,2026-07-31T09:56:51.160,30.359,306,,,,0,,,,0.1034,18.36,0.0295,-219.66,1,30.0,joystick,-1.000,+0.000,+0.000,+0.000,1100,0,
1785506211.2599,2026-07-31T09:56:51.259,30.459,307,,,,0,,,,0.1123,18.85,0.0384,-219.17,1,30.0,joystick,-1.000,+0.000,+0.000,+0.000,1100,0,
1785506211.3583,2026-07-31T09:56:51.358,30.557,308,,,,0,,,,0.1207,19.17,0.0468,-218.85,1,30.0,joystick,-1.000,+0.000,+0.000,+0.000,1100,0,
1785506211.4590,2026-07-31T09:56:51.459,30.658,309,,,,0,,,,0.1294,19.31,0.0555,-218.71,1,30.0,joystick,-1.000,+0.000,+0.000,+0.000,1100,0,
1785506211.5586,2026-07-31T09:56:51.558,30.757,310,,,,0,,,,0.1347,19.59,0.0608,-218.43,1,30.0,joystick,-1.000,+0.000,+0.000,+0.000,1100,0,
1785506211.6574,2026-07-31T09:56:51.657,30.856,311,,,,0,,,,0.1394,19.71,0.0655,-218.31,1,30.0,joystick,-1.000,+0.000,+0.000,+0.000,1100,0,
1785506211.7569,2026-07-31T09:56:51.756,30.956,312,,,,0,,,,0.1480,19.94,0.0741,-218.08,1,30.0,joystick,-1.000,+0.000,+0.000,+0.000,1100,0,
1785506211.8556,2026-07-31T09:56:51.855,31.054,313,,,,0,,,,0.1607,20.10,0.0868,-217.92,1,30.0,joystick,-1.000,+0.000,+0.000,+0.000,1100,0,
1785506211.9551,2026-07-31T09:56:51.955,31.154,314,,,,0,,,,0.1632,20.17,0.0893,-217.85,1,30.0,joystick,-1.000,+0.000,+1.000,+0.000,1100,0,
1785506212.0547,2026-07-31T09:56:52.054,31.253,315,,,,0,,,,0.1693,20.31,0.0954,-217.71,1,30.0,joystick,-1.000,+0.000,+1.000,+0.000,1100,0,
1785506212.1540,2026-07-31T09:56:52.153,31.353,316,,,,0,,,,0.1760,20.38,0.1021,-217.64,1,30.0,joystick,-1.000,+0.000,+1.000,+0.000,1100,0,
1785506212.2524,2026-07-31T09:56:52.252,31.451,317,,,,0,,,,0.1862,20.55,0.1123,-217.47,1,30.0,joystick,-1.000,+0.000,+1.000,+0.000,1100,0,
1785506212.3521,2026-07-31T09:56:52.352,31.551,318,,,,0,,,,0.1836,20.76,0.1097,-217.26,1,30.0,joystick,-1.000,+0.000,+1.000,+0.000,1100,0,
1785506212.4513,2026-07-31T09:56:52.451,31.650,319,,,,0,,,,0.1796,21.35,0.1057,-216.67,1,30.0,joystick,-1.000,+0.000,+1.000,+0.000,1100,0,
1785506212.5515,2026-07-31T09:56:52.551,31.750,320,,,,0,,,,0.1819,21.87,0.1080,-216.15,1,30.0,joystick,+0.000,+0.000,+1.000,+0.000,1100,0,
1785506212.6515,2026-07-31T09:56:52.651,31.850,321,,,,0,,,,0.1627,23.09,0.0888,-214.93,1,30.0,joystick,+0.000,+0.000,+1.000,+0.000,1100,0,
1785506212.7502,2026-07-31T09:56:52.750,31.949,322,,,,0,,,,0.1422,24.18,0.0683,-213.84,1,30.0,joystick,+0.000,+0.000,+1.000,+0.000,1100,0,
1785506212.8507,2026-07-31T09:56:52.850,32.049,323,,,,0,,,,0.1290,24.67,0.0551,-213.35,1,30.0,joystick,+0.000,+0.000,+1.000,+0.000,1100,0,
1785506212.9492,2026-07-31T09:56:52.949,32.148,324,,,,0,,,,0.1077,25.63,0.0337,-212.39,1,30.0,joystick,+0.000,+0.000,+1.000,+0.000,1100,0,
1785506213.0495,2026-07-31T09:56:53.049,32.248,325,,,,0,,,,0.0782,26.53,0.0043,-211.49,1,30.0,joystick,+0.000,+0.000,+1.000,+0.000,1100,0,
1785506213.1484,2026-07-31T09:56:53.148,32.347,326,,,,0,,,,0.0713,26.94,-0.0027,-211.08,1,30.0,joystick,+0.000,+0.000,+1.000,+0.000,1100,0,
1785506213.2482,2026-07-31T09:56:53.248,32.447,327,,,,0,,,,0.0485,27.57,-0.0255,-210.45,1,30.0,joystick,+0.000,+0.000,+1.000,+0.000,1100,0,
1785506213.3473,2026-07-31T09:56:53.347,32.546,328,,,,0,,,,0.0339,27.78,-0.0400,-210.24,1,30.0,joystick,+0.000,+0.000,+1.000,+0.000,1100,0,
1785506213.4489,2026-07-31T09:56:53.448,32.648,329,,,,0,,,,0.0124,28.06,-0.0615,-209.97,1,30.0,joystick,+0.000,+0.000,+1.000,+0.000,1100,0,
1785506213.5484,2026-07-31T09:56:53.548,32.747,330,,,,0,,,,-0.0036,28.11,-0.0775,-209.91,1,30.0,joystick,+0.000,+0.000,+1.000,+0.000,1100,0,
1785506213.6488,2026-07-31T09:56:53.648,32.847,331,,,,0,,,,-0.0167,28.05,-0.0906,-209.97,1,30.0,joystick,+0.000,+0.000,+1.000,+0.000,1100,0,
1785506213.7482,2026-07-31T09:56:53.748,32.947,332,,,,0,,,,-0.0268,27.68,-0.1007,-210.34,1,30.0,joystick,+0.000,+0.000,+1.000,+0.000,1100,0,
1785506213.8474,2026-07-31T09:56:53.847,33.046,333,,,,0,,,,-0.0264,27.38,-0.1003,-210.64,1,30.0,joystick,+0.000,+0.000,+1.000,+0.000,1100,0,
1785506213.9468,2026-07-31T09:56:53.946,33.145,334,,,,0,,,,-0.0160,26.67,-0.0899,-211.35,1,30.0,joystick,+0.000,+0.000,+1.000,+0.000,1100,0,
1785506214.0457,2026-07-31T09:56:54.045,33.244,335,,,,0,,,,-0.0030,26.10,-0.0769,-211.92,1,30.0,joystick,+0.000,+0.000,+1.000,+0.000,1100,0,
1785506214.1451,2026-07-31T09:56:54.145,33.344,336,,,,0,,,,0.0012,25.99,-0.0727,-212.03,1,30.0,joystick,+0.000,+0.000,+1.000,+0.000,1100,0,
1785506214.2445,2026-07-31T09:56:54.244,33.443,337,,,,0,,,,0.0121,26.09,-0.0618,-211.93,1,30.0,joystick,+0.000,+0.000,+1.000,+0.000,1100,0,
1785506214.3434,2026-07-31T09:56:54.343,33.542,338,,,,0,,,,0.0110,26.26,-0.0630,-211.76,1,30.0,joystick,+0.000,+0.000,+1.000,+0.000,1100,0,
1785506214.4431,2026-07-31T09:56:54.443,33.642,339,,,,0,,,,0.0135,26.75,-0.0604,-211.27,1,30.0,joystick,+0.000,+0.000,+1.000,+0.000,1100,0,
1785506214.5418,2026-07-31T09:56:54.541,33.740,340,,,,0,,,,0.0094,27.21,-0.0645,-210.81,1,30.0,joystick,+0.000,+0.000,+1.000,+0.000,1100,0,
1785506214.6404,2026-07-31T09:56:54.640,33.839,341,,,,0,,,,0.0079,27.39,-0.0660,-210.63,1,30.0,joystick,+0.000,+0.000,+1.000,+0.000,1100,0,
1785506214.7408,2026-07-31T09:56:54.740,33.940,342,,,,0,,,,0.0062,27.61,-0.0677,-210.41,1,30.0,joystick,+0.000,+0.000,+1.000,+1.000,1100,0,
1785506214.8402,2026-07-31T09:56:54.840,34.039,343,,,,0,,,,-0.0017,27.67,-0.0756,-210.35,1,30.0,joystick,+0.000,+0.000,+1.000,+1.000,1100,0,
1785506214.9400,2026-07-31T09:56:54.939,34.139,344,,,,0,,,,-0.0018,26.95,-0.0757,-211.07,1,30.0,joystick,+0.000,+0.000,+0.937,+0.000,1100,0,
1785506215.0389,2026-07-31T09:56:55.038,34.238,345,,,,0,,,,-0.0048,25.18,-0.0787,-212.84,1,30.0,joystick,+0.000,+0.000,+0.000,+0.000,1100,0,
1785506215.1375,2026-07-31T09:56:55.137,34.336,346,,,,0,,,,0.0017,24.52,-0.0722,-213.50,1,30.0,joystick,+0.000,+0.000,+0.000,+0.000,1100,0,
1785506215.2372,2026-07-31T09:56:55.237,34.436,347,,,,0,,,,-0.0008,23.34,-0.0747,-214.68,1,30.0,joystick,+0.000,+0.000,+0.000,+0.000,1100,0,
1785506215.3371,2026-07-31T09:56:55.337,34.536,348,,,,0,,,,0.0085,22.85,-0.0654,-215.17,1,30.0,joystick,+0.000,+0.000,+0.000,+0.000,1100,0,
1785506215.4358,2026-07-31T09:56:55.435,34.635,349,,,,0,,,,0.0069,22.05,-0.0670,-215.97,1,30.0,joystick,+0.000,+0.000,+0.000,+0.000,1100,0,
1785506215.5343,2026-07-31T09:56:55.534,34.733,350,,,,0,,,,0.0058,21.45,-0.0681,-216.57,1,30.0,joystick,+0.000,+0.000,+0.000,+0.000,1100,0,
1785506215.6334,2026-07-31T09:56:55.633,34.832,351,,,,0,,,,0.0127,21.22,-0.0612,-216.80,1,30.0,joystick,+0.000,+0.000,+0.000,+0.000,1100,0,
1785506215.7328,2026-07-31T09:56:55.732,34.932,352,,,,0,,,,0.0127,20.82,-0.0612,-217.20,1,30.0,joystick,+0.000,+0.000,+0.000,+0.000,1100,0,
1785506215.8314,2026-07-31T09:56:55.831,35.030,353,,,,0,,,,0.0105,20.65,-0.0634,-217.37,1,30.0,joystick,+0.000,+0.000,+0.000,+0.000,1100,0,
1785506215.9306,2026-07-31T09:56:55.930,35.129,354,,,,0,,,,0.0199,20.34,-0.0540,-217.68,1,30.0,joystick,+0.000,+0.000,+0.000,+0.000,1100,0,
1785506216.0295,2026-07-31T09:56:56.029,35.228,355,,,,0,,,,0.0147,20.20,-0.0592,-217.82,1,30.0,joystick,+0.000,+0.000,+0.000,+0.000,1100,0,
1785506216.1290,2026-07-31T09:56:56.129,35.328,356,,,,0,,,,0.0156,19.97,-0.0583,-218.05,1,30.0,joystick,+0.000,+0.000,+0.000,+0.000,1100,0,
1785506216.2287,2026-07-31T09:56:56.228,35.427,357,,,,0,,,,0.0123,19.77,-0.0616,-218.25,1,30.0,idle,+0.000,+0.000,+0.000,+0.000,1100,0,
1785506216.3277,2026-07-31T09:56:56.327,35.526,358,,,,0,,,,0.0170,19.70,-0.0569,-218.32,1,30.0,idle,+0.000,+0.000,+0.000,+0.000,1100,0,
1785506216.4270,2026-07-31T09:56:56.427,35.626,359,,,,0,,,,0.0200,19.60,-0.0539,-218.42,1,30.0,idle,+0.000,+0.000,+0.000,+0.000,1100,0,
1785506216.5258,2026-07-31T09:56:56.525,35.724,360,,,,0,,,,0.0149,19.57,-0.0590,-218.45,1,30.0,idle,+0.000,+0.000,+0.000,+0.000,1100,0,
1785506216.6253,2026-07-31T09:56:56.625,35.824,361,,,,0,,,,0.0155,19.53,-0.0584,-218.49,1,30.0,idle,+0.000,+0.000,+0.000,+0.000,1100,0,
1785506216.7244,2026-07-31T09:56:56.724,35.923,362,,,,0,,,,0.0137,19.54,-0.0602,-218.48,1,30.0,idle,+0.000,+0.000,+0.000,+0.000,1100,0,
1785506216.8250,2026-07-31T09:56:56.825,36.024,363,,,,0,,,,0.0122,19.57,-0.0617,-218.45,1,30.0,idle,+0.000,+0.000,+0.000,+0.000,1100,0,
1785506216.9240,2026-07-31T09:56:56.923,36.123,364,,,,0,,,,0.0107,19.58,-0.0632,-218.44,1,30.0,idle,+0.000,+0.000,+0.000,+0.000,1100,0,
1785506217.0228,2026-07-31T09:56:57.022,36.222,365,,,,0,,,,0.0164,19.58,-0.0575,-218.44,1,30.0,idle,+0.000,+0.000,+0.000,+0.000,1100,0,
1785506217.1223,2026-07-31T09:56:57.122,36.321,366,,,,0,,,,0.0114,19.55,-0.0625,-218.47,1,30.0,idle,+0.000,+0.000,+0.000,+0.000,1100,0,
1785506217.2219,2026-07-31T09:56:57.221,36.421,367,,,,0,,,,0.0124,19.58,-0.0615,-218.44,1,30.0,idle,+0.000,+0.000,+0.000,+0.000,1100,0,
1785506217.3222,2026-07-31T09:56:57.322,36.521,368,,,,0,,,,0.0086,19.62,-0.0653,-218.40,1,30.0,idle,+0.000,+0.000,+0.000,+0.000,1100,0,
1785506217.4203,2026-07-31T09:56:57.420,36.619,369,,,,0,,,,0.0065,19.73,-0.0674,-218.29,1,30.0,hold:D,+0.000,+0.000,-0.990,+0.000,1100,0,
1785506217.5207,2026-07-31T09:56:57.520,36.719,370,,,,0,,,,0.0073,19.78,-0.0667,-218.24,1,30.0,hold:D,+0.000,+0.000,-1.000,+0.000,1100,0,
1785506217.6195,2026-07-31T09:56:57.619,36.818,371,,,,0,,,,0.0057,19.82,-0.0682,-218.20,1,30.0,hold:D,+0.000,+0.000,-1.000,+0.000,1100,0,
1785506217.7184,2026-07-31T09:56:57.718,36.917,372,,,,0,,,,0.0060,19.79,-0.0680,-218.23,1,30.0,hold:D,+0.000,+0.000,-1.000,+0.000,1100,0,
1785506217.8182,2026-07-31T09:56:57.818,37.017,373,,,,0,,,,0.0136,19.77,-0.0603,-218.26,1,30.0,hold:D,+0.000,+0.000,-1.000,+0.000,1100,0,
1785506217.9168,2026-07-31T09:56:57.916,37.115,374,,,,0,,,,0.0287,19.76,-0.0452,-218.26,1,30.0,hold:D,+0.000,+0.000,-1.000,+0.000,1100,0,
1785506218.0170,2026-07-31T09:56:58.017,37.216,375,,,,0,,,,0.0334,19.76,-0.0405,-218.26,1,30.0,hold:DY,+0.000,+0.000,-1.000,+0.000,1100,0,
1785506218.1166,2026-07-31T09:56:58.116,37.315,376,,,,0,,,,0.0498,19.76,-0.0241,-218.26,1,30.0,hold:DY,+0.000,+0.000,-1.000,+0.000,1100,0,
1785506218.2163,2026-07-31T09:56:58.216,37.415,377,,,,0,,,,0.0717,19.82,-0.0022,-218.20,1,30.0,hold:DY,+0.000,+0.000,-1.000,+0.000,1100,0,
1785506218.3162,2026-07-31T09:56:58.316,37.515,378,,,,0,,,,0.0798,19.85,0.0059,-218.17,1,30.0,hold:DY,+0.000,+0.000,-1.000,+0.000,1100,0,
1785506218.4162,2026-07-31T09:56:58.416,37.615,379,,,,0,,,,0.0998,19.98,0.0259,-218.04,1,30.0,hold:DY,+0.000,+0.000,-1.000,+0.000,1100,0,
1785506218.5147,2026-07-31T09:56:58.514,37.713,380,,,,0,,,,0.1133,20.05,0.0394,-217.97,1,30.0,hold:DY,+0.000,+0.000,-0.975,+0.000,1100,0,
1785506218.6151,2026-07-31T09:56:58.615,37.814,381,,,,0,,,,0.1329,20.22,0.0590,-217.80,1,30.0,hold:DY,+0.000,+0.000,-0.973,+0.000,1100,0,
1785506218.7138,2026-07-31T09:56:58.713,37.912,382,,,,0,,,,0.1590,20.42,0.0851,-217.60,1,30.0,hold:DY,+0.000,+0.000,-0.947,+0.000,1100,0,
1785506218.8129,2026-07-31T09:56:58.812,38.012,383,,,,0,,,,0.1702,20.50,0.0962,-217.52,1,30.0,hold:DY,+0.000,+0.000,-0.904,+0.000,1100,0,
1785506218.9124,2026-07-31T09:56:58.912,38.111,384,,,,0,,,,0.1929,20.61,0.1190,-217.41,1,30.0,hold:DY,+0.000,+0.000,-0.888,+0.000,1100,0,
1785506219.0118,2026-07-31T09:56:59.011,38.210,385,,,,0,,,,0.2100,20.64,0.1361,-217.38,1,30.0,hold:DY,+0.000,+0.000,-0.849,+0.000,1100,0,
1785506219.1112,2026-07-31T09:56:59.111,38.310,386,,,,0,,,,0.2335,20.70,0.1596,-217.32,1,30.0,hold:DY,+0.000,+0.000,-0.833,+0.000,1100,0,
1785506219.2097,2026-07-31T09:56:59.209,38.408,387,,,,0,,,,0.2476,20.74,0.1737,-217.28,1,30.0,hold:DY,+0.000,+0.000,-0.796,+0.000,1100,0,
1785506219.3101,2026-07-31T09:56:59.310,38.509,388,,,,0,,,,0.2712,20.81,0.1973,-217.21,1,30.0,hold:DY,+0.000,+0.000,-0.785,+0.000,1100,0,
1785506219.4092,2026-07-31T09:56:59.409,38.608,389,,,,0,,,,0.3055,20.88,0.2316,-217.14,1,30.0,hold:DY,+0.000,+0.000,-0.739,+0.000,1100,0,
1785506219.5084,2026-07-31T09:56:59.508,38.707,390,,,,0,,,,0.3173,20.92,0.2433,-217.10,1,30.0,hold:DY,+0.000,+0.000,-0.682,+0.000,1100,0,
1785506219.6092,2026-07-31T09:56:59.609,38.808,391,,,,0,,,,0.3421,21.00,0.2682,-217.02,1,30.0,hold:DY,+0.000,+0.000,-0.663,+0.000,1100,0,
1785506219.7076,2026-07-31T09:56:59.707,38.906,392,,,,0,,,,0.3605,21.05,0.2866,-216.97,1,30.0,hold:DY,+0.000,+0.000,-0.609,+0.000,1100,0,
1785506219.8081,2026-07-31T09:56:59.808,39.007,393,,,,0,,,,0.3894,21.13,0.3155,-216.89,1,30.0,hold:DY,+0.000,+0.000,-0.590,+0.000,1100,0,
1785506219.9073,2026-07-31T09:56:59.907,39.106,394,,,,0,,,,0.4032,21.18,0.3293,-216.84,1,30.0,hold:DY,+0.000,+0.000,-0.533,+0.000,1100,0,
1785506220.0060,2026-07-31T09:57:00.006,39.205,395,,,,0,,,,0.4261,21.26,0.3522,-216.76,1,30.0,hold:DY,+0.000,+0.000,-0.490,+0.000,1100,0,
1785506220.1052,2026-07-31T09:57:00.105,39.304,396,,,,0,,,,0.4538,21.26,0.3799,-216.76,1,30.0,hold:DY,+0.000,+0.000,-0.465,+0.000,1100,0,
1785506220.2042,2026-07-31T09:57:00.204,39.403,397,,,,0,,,,0.4715,21.23,0.3976,-216.79,1,30.0,hold:DY,+0.000,+0.000,-0.404,+0.000,1100,0,
1785506220.3028,2026-07-31T09:57:00.302,39.501,398,,,,0,,,,0.5025,21.11,0.4286,-216.91,1,30.0,hold:DY,+0.000,+0.000,-0.379,+0.000,1100,0,
1785506220.4031,2026-07-31T09:57:00.403,39.602,399,,,,0,,,,0.5153,21.03,0.4414,-216.99,1,30.0,hold:DY,+0.000,+0.000,-0.317,+0.000,1100,0,
1785506220.5017,2026-07-31T09:57:00.501,39.700,400,,,,0,,,,0.5376,20.87,0.4637,-217.15,1,30.0,hold:DY,+0.000,+0.000,-0.271,+0.000,1100,0,
1785506220.6014,2026-07-31T09:57:00.601,39.800,401,,,,0,,,,0.5579,20.71,0.4840,-217.31,1,30.0,hold:DY,+0.000,+0.000,-0.237,+0.000,1100,0,
1785506220.7024,2026-07-31T09:57:00.702,39.901,402,,,,0,,,,0.5744,20.62,0.5004,-217.40,1,30.0,hold:DY,+0.000,+0.000,-0.193,+0.000,1100,0,
1785506220.8028,2026-07-31T09:57:00.802,40.001,403,,,,0,,,,0.5936,20.43,0.5197,-217.59,1,30.0,hold:DY,+0.000,+0.000,-0.178,+0.000,1100,0,
1785506220.9032,2026-07-31T09:57:00.903,40.102,404,,,,0,,,,0.6020,20.35,0.5281,-217.67,1,30.0,hold:DY,+0.000,+0.000,-0.131,+0.000,1100,0,
1785506221.0015,2026-07-31T09:57:01.001,40.200,405,,,,0,,,,0.6197,20.18,0.5458,-217.84,1,30.0,hold:DY,+0.000,+0.000,-0.091,+0.000,1100,0,
1785506221.1019,2026-07-31T09:57:01.101,40.301,406,,,,0,,,,0.6356,20.04,0.5617,-217.98,1,30.0,hold:DY,+0.000,+0.000,-0.073,+0.000,1100,0,
1785506221.2008,2026-07-31T09:57:01.200,40.400,407,,,,0,,,,0.6432,19.97,0.5693,-218.05,1,30.0,hold:DY,+0.000,+0.000,-0.034,+0.000,1100,0,
1785506221.2991,2026-07-31T09:57:01.299,40.498,408,,,,0,,,,0.6566,19.84,0.5827,-218.18,1,30.0,hold:DY,+0.000,+0.000,-0.025,+0.000,1100,0,
1785506221.3982,2026-07-31T09:57:01.398,40.597,409,,,,0,,,,0.6731,19.73,0.5992,-218.29,1,30.0,hold:DY,+0.000,+0.000,+0.017,+0.000,1100,0,
1785506221.4972,2026-07-31T09:57:01.497,40.696,410,,,,0,,,,0.6743,19.68,0.6004,-218.34,1,30.0,hold:DY,+0.000,+0.000,+0.047,+0.000,1100,0,
1785506221.5959,2026-07-31T09:57:01.595,40.795,411,,,,0,,,,0.6897,19.58,0.6158,-218.44,1,30.0,hold:DY,+0.000,+0.000,+0.071,+0.000,1100,0,
1785506221.6962,2026-07-31T09:57:01.696,40.895,412,,,,0,,,,0.6943,19.54,0.6204,-218.48,1,30.0,hold:DY,+0.000,+0.000,+0.102,+0.000,1100,0,
1785506221.7955,2026-07-31T09:57:01.795,40.994,413,,,,0,,,,0.7027,19.46,0.6287,-218.56,1,30.0,hold:DY,+0.000,+0.000,+0.125,+0.000,1100,0,
1785506221.8962,2026-07-31T09:57:01.896,41.095,414,,,,0,,,,0.7058,19.43,0.6319,-218.59,1,30.0,hold:DY,+0.000,+0.000,+0.141,+0.000,1100,0,
1785506221.9950,2026-07-31T09:57:01.994,41.194,415,,,,0,,,,0.7199,19.36,0.6460,-218.66,1,30.0,hold:DY,+0.000,+0.000,+0.178,+0.000,1100,0,
1785506222.0936,2026-07-31T09:57:02.093,41.292,416,,,,0,,,,0.7280,19.30,0.6541,-218.73,1,30.0,hold:DY,+0.000,+0.000,+0.205,+0.000,1100,0,
1785506222.1930,2026-07-31T09:57:02.193,41.392,417,,,,0,,,,0.7362,19.25,0.6623,-218.77,1,30.0,hold:DY,+0.000,+0.000,+0.228,+0.000,1100,0,
1785506222.2932,2026-07-31T09:57:02.293,41.492,418,,,,0,,,,0.7411,19.16,0.6672,-218.86,1,30.0,hold:DY,+0.000,+0.000,+0.239,+0.000,1100,0,
1785506222.3917,2026-07-31T09:57:02.391,41.590,419,,,,0,,,,0.7465,19.10,0.6726,-218.92,1,30.0,hold:DY,+0.000,+0.000,+0.268,+0.000,1100,0,
1785506222.4912,2026-07-31T09:57:02.491,41.690,420,,,,0,,,,0.7564,18.98,0.6824,-219.04,1,30.0,hold:DY,+0.000,+0.000,+0.298,+0.000,1100,0,
1785506222.5901,2026-07-31T09:57:02.590,41.789,421,,,,0,,,,0.7604,18.84,0.6865,-219.18,1,30.0,hold:DY,+0.000,+0.000,+0.310,+0.000,1100,0,
1785506222.6902,2026-07-31T09:57:02.690,41.889,422,,,,0,,,,0.7611,18.76,0.6872,-219.26,1,30.0,hold:DY,+0.000,+0.000,+0.328,+0.000,1100,0,
1785506222.7894,2026-07-31T09:57:02.789,41.988,423,,,,0,,,,0.7702,18.61,0.6963,-219.41,1,30.0,hold:DY,+0.000,+0.000,+0.361,+0.000,1100,0,
1785506222.8877,2026-07-31T09:57:02.887,42.086,424,,,,0,,,,0.7748,18.54,0.7009,-219.48,1,30.0,hold:DY,+0.000,+0.000,+0.377,+0.000,1100,0,
1785506222.9884,2026-07-31T09:57:02.988,42.187,425,,,,0,,,,0.7830,18.41,0.7091,-219.61,1,30.0,hold:DY,+0.000,+0.000,+0.390,+0.000,1100,0,
1785506223.0868,2026-07-31T09:57:03.086,42.285,426,,,,0,,,,0.7808,18.30,0.7069,-219.72,1,30.0,hold:DY,+0.000,+0.000,+0.420,+0.000,1100,0,
1785506223.1869,2026-07-31T09:57:03.186,42.386,427,,,,0,,,,0.7895,18.26,0.7156,-219.76,1,30.0,hold:DY,+0.000,+0.000,+0.440,+0.000,1100,0,
1785506223.2866,2026-07-31T09:57:03.286,42.485,428,,,,0,,,,0.7905,18.20,0.7166,-219.82,1,30.0,hold:DY,+0.000,+0.000,+0.444,+0.000,1100,0,
1785506223.3864,2026-07-31T09:57:03.386,42.585,429,,,,0,,,,0.7965,18.18,0.7226,-219.84,1,30.0,hold:DY,+0.000,+0.000,+0.477,+0.000,1100,0,
1785506223.4852,2026-07-31T09:57:03.485,42.684,430,,,,0,,,,0.7885,18.17,0.7146,-219.85,1,30.0,hold:DY,+0.000,+0.000,+0.483,+0.000,1100,0,
1785506223.5842,2026-07-31T09:57:03.584,42.783,431,,,,0,,,,0.7951,18.20,0.7212,-219.82,1,30.0,hold:DY,+0.000,+0.000,+0.493,+0.000,1100,0,
1785506223.6836,2026-07-31T09:57:03.683,42.882,432,,,,0,,,,0.7909,18.22,0.7170,-219.80,1,30.0,hold:DY,+0.000,+0.000,+0.500,+0.000,1100,0,
1785506223.7837,2026-07-31T09:57:03.783,42.982,433,,,,0,,,,0.7925,18.28,0.7186,-219.74,1,30.0,hold:DY,+0.000,+0.000,+0.509,+0.000,1100,0,
1785506223.8834,2026-07-31T09:57:03.883,43.082,434,,,,0,,,,0.7895,18.32,0.7156,-219.70,1,30.0,hold:DY,+0.000,+0.000,+0.521,+0.000,1100,0,
1785506223.9819,2026-07-31T09:57:03.981,43.181,435,,,,0,,,,0.7858,18.41,0.7119,-219.61,1,30.0,hold:DY,+0.000,+0.000,+0.538,+0.000,1100,0,
1785506224.0822,2026-07-31T09:57:04.082,43.281,436,,,,0,,,,0.7824,18.46,0.7085,-219.56,1,30.0,hold:DY,+0.000,+0.000,+0.530,+0.000,1100,0,
1785506224.1824,2026-07-31T09:57:04.182,43.381,437,,,,0,,,,0.7812,18.58,0.7073,-219.44,1,30.0,hold:DY,+0.000,+0.000,+0.538,+0.000,1100,0,
1785506224.2808,2026-07-31T09:57:04.280,43.479,438,,,,0,,,,0.7779,18.72,0.7040,-219.30,1,30.0,hold:DY,+0.000,+0.000,+0.551,+0.000,1100,0,
1785506224.3815,2026-07-31T09:57:04.381,43.580,439,,,,0,,,,0.7735,18.80,0.6996,-219.22,1,30.0,hold:DY,+0.000,+0.000,+0.545,+0.000,1100,0,
1785506224.4811,2026-07-31T09:57:04.481,43.680,440,,,,0,,,,0.7721,18.97,0.6982,-219.05,1,30.0,hold:DY,+0.000,+0.000,+0.538,+0.000,1100,0,
1785506224.5812,2026-07-31T09:57:04.581,43.780,441,,,,0,,,,0.7654,19.05,0.6915,-218.97,1,30.0,hold:DY,+0.000,+0.000,+0.550,+0.000,1100,0,
1785506224.6803,2026-07-31T09:57:04.680,43.879,442,,,,0,,,,0.7614,19.21,0.6875,-218.81,1,30.0,hold:DY,+0.000,+0.000,+0.551,+0.000,1100,0,
1785506224.7794,2026-07-31T09:57:04.779,43.978,443,,,,0,,,,0.7481,19.37,0.6741,-218.65,1,30.0,hold:DY,+0.000,+0.000,+0.542,+0.000,1100,0,
1785506224.8783,2026-07-31T09:57:04.878,44.077,444,,,,0,,,,0.7499,19.45,0.6760,-218.57,1,30.0,hold:DY,+0.000,+0.000,+0.550,+0.000,1100,0,
1785506224.9775,2026-07-31T09:57:04.977,44.176,445,,,,0,,,,0.7410,19.58,0.6671,-218.44,1,30.0,hold:DY,+0.000,+0.000,+0.547,+0.000,1100,0,
1785506225.0767,2026-07-31T09:57:05.076,44.275,446,,,,0,,,,0.7309,19.64,0.6570,-218.38,1,30.0,hold:DY,+0.000,+0.000,+0.531,+0.000,1100,0,
1785506225.1768,2026-07-31T09:57:05.176,44.375,447,,,,0,,,,0.7275,19.76,0.6536,-218.26,1,30.0,hold:DY,+0.000,+0.000,+0.533,+0.000,1100,0,
1785506225.2766,2026-07-31T09:57:05.276,44.475,448,,,,0,,,,0.7166,19.85,0.6427,-218.17,1,30.0,hold:DY,+0.000,+0.000,+0.521,+0.000,1100,0,
1785506225.3761,2026-07-31T09:57:05.376,44.575,449,,,,0,,,,0.7130,19.90,0.6391,-218.12,1,30.0,hold:DY,+0.000,+0.000,+0.522,+0.000,1100,0,
1785506225.4747,2026-07-31T09:57:05.474,44.673,450,,,,0,,,,0.6956,20.00,0.6217,-218.02,1,30.0,hold:DY,+0.000,+0.000,+0.517,+0.000,1100,0,
1785506225.5737,2026-07-31T09:57:05.573,44.772,451,,,,0,,,,0.6922,20.07,0.6183,-217.95,1,30.0,hold:DY,+0.000,+0.000,+0.496,+0.000,1100,0,
1785506225.6732,2026-07-31T09:57:05.673,44.872,452,,,,0,,,,0.6804,20.23,0.6065,-217.79,1,30.0,hold:DY,+0.000,+0.000,+0.480,+0.000,1100,0,
1785506225.7718,2026-07-31T09:57:05.771,44.970,453,,,,0,,,,0.6716,20.42,0.5977,-217.60,1,30.0,hold:DY,+0.000,+0.000,+0.477,+0.000,1100,0,
1785506225.8724,2026-07-31T09:57:05.872,45.071,454,,,,0,,,,0.6657,20.53,0.5918,-217.49,1,30.0,hold:DY,+0.000,+0.000,+0.464,+0.000,1100,0,
1785506225.9707,2026-07-31T09:57:05.970,45.169,455,,,,0,,,,0.6472,20.75,0.5733,-217.27,1,30.0,hold:DY,+0.000,+0.000,+0.454,+0.000,1100,0,
1785506226.0714,2026-07-31T09:57:06.071,45.270,456,,,,0,,,,0.6488,20.85,0.5749,-217.17,1,30.0,hold:DY,+0.000,+0.000,+0.443,+0.000,1100,0,
1785506226.1701,2026-07-31T09:57:06.170,45.369,457,,,,0,,,,0.6334,21.08,0.5595,-216.94,1,30.0,hold:DY,+0.000,+0.000,+0.418,+0.000,1100,0,
1785506226.2687,2026-07-31T09:57:06.268,45.467,458,,,,0,,,,0.6214,21.32,0.5475,-216.70,1,30.0,hold:DY,+0.000,+0.000,+0.406,+0.000,1100,0,
1785506226.3694,2026-07-31T09:57:06.369,45.568,459,,,,0,,,,0.6147,21.44,0.5408,-216.58,1,30.0,hold:DY,+0.000,+0.000,+0.390,+0.000,1100,0,
1785506226.4678,2026-07-31T09:57:06.467,45.667,460,,,,0,,,,0.6046,21.69,0.5307,-216.33,1,30.0,hold:DY,+0.000,+0.000,+0.376,+0.000,1100,0,
1785506226.5686,2026-07-31T09:57:06.568,45.767,461,,,,0,,,,0.5915,21.81,0.5176,-216.21,1,30.0,hold:DY,+0.000,+0.000,+0.352,+0.000,1100,0,
1785506226.6676,2026-07-31T09:57:06.667,45.866,462,,,,0,,,,0.5874,22.08,0.5135,-215.94,1,30.0,hold:DY,+0.000,+0.000,+0.356,+0.000,1100,0,
1785506226.7694,2026-07-31T09:57:06.769,45.968,463,,,,0,,,,0.5747,22.36,0.5008,-215.66,1,30.0,hold:DY,+0.000,+0.000,+0.338,+0.041,1100,0,
1785506226.8679,2026-07-31T09:57:06.867,46.067,464,,,,0,,,,0.5705,22.50,0.4966,-215.52,1,30.0,hold:DY,+0.000,+0.000,+0.320,+0.047,1100,0,
1785506226.9687,2026-07-31T09:57:06.968,46.167,465,,,,0,,,,0.5571,22.80,0.4832,-215.22,1,30.0,hold:DY,+0.000,+0.000,+0.297,+0.051,1100,0,
1785506227.0687,2026-07-31T09:57:07.068,46.267,466,,,,0,,,,0.5472,22.95,0.4733,-215.07,1,30.0,hold:DY,+0.000,+0.000,+0.278,+0.057,1100,0,
1785506227.1695,2026-07-31T09:57:07.169,46.368,467,,,,0,,,,0.5417,23.26,0.4678,-214.76,1,30.0,hold:DY,+0.000,+0.000,+0.276,+0.061,1100,0,
1785506227.2671,2026-07-31T09:57:07.267,46.466,468,,,,0,,,,0.5275,23.58,0.4536,-214.44,1,30.0,hold:DY,+0.000,+0.000,+0.257,+0.068,1100,0,
1785506227.3664,2026-07-31T09:57:07.366,46.565,469,,,,0,,,,0.5206,23.74,0.4466,-214.28,1,30.0,hold:DY,+0.000,+0.000,+0.229,+0.075,1100,0,
1785506227.4650,2026-07-31T09:57:07.465,46.664,470,,,,0,,,,0.5093,24.06,0.4354,-213.96,1,30.0,hold:DY,+0.000,+0.000,+0.214,+0.080,1100,0,
1785506227.5647,2026-07-31T09:57:07.564,46.763,471,,,,0,,,,0.5041,24.22,0.4302,-213.80,1,30.0,hold:DY,+0.000,+0.000,+0.196,+0.087,1100,0,
1785506227.6654,2026-07-31T09:57:07.665,46.864,472,,,,0,,,,0.4943,24.57,0.4204,-213.45,1,30.0,hold:DY,+0.000,+0.000,+0.191,+0.092,1100,0,
1785506227.7638,2026-07-31T09:57:07.763,46.963,473,,,,0,,,,0.4914,24.75,0.4175,-213.27,1,30.0,hold:DY,+0.000,+0.000,+0.171,+0.100,1100,0,
1785506227.8635,2026-07-31T09:57:07.863,47.062,474,,,,0,,,,0.4827,25.12,0.4088,-212.90,1,30.0,hold:DY,+0.000,+0.000,+0.164,+0.105,1100,0,
1785506227.9623,2026-07-31T09:57:07.962,47.161,475,,,,0,,,,0.4667,25.49,0.3928,-212.53,1,30.0,hold:DY,+0.000,+0.000,+0.139,+0.114,1100,0,
1785506228.0611,2026-07-31T09:57:08.061,47.260,476,,,,0,,,,0.4701,25.68,0.3962,-212.34,1,30.0,hold:DY,+0.000,+0.000,+0.126,+0.123,1100,0,
1785506228.1607,2026-07-31T09:57:08.160,47.359,477,,,,0,,,,0.4532,26.07,0.3793,-211.95,1,30.0,hold:DY,+0.000,+0.000,+0.094,+0.129,1100,0,
1785506228.2589,2026-07-31T09:57:08.258,47.458,478,,,,0,,,,0.4482,26.26,0.3743,-211.76,1,30.0,hold:DY,+0.000,+0.000,+0.079,+0.138,1100,0,
1785506228.3582,2026-07-31T09:57:08.358,47.557,479,,,,0,,,,0.4421,26.64,0.3682,-211.38,1,30.0,hold:DY,+0.000,+0.000,+0.055,+0.144,1100,0,
1785506228.4576,2026-07-31T09:57:08.457,47.656,480,,,,0,,,,0.4286,27.03,0.3547,-210.99,1,30.0,hold:DY,+0.000,+0.000,+0.040,+0.154,1100,0,
1785506228.5561,2026-07-31T09:57:08.556,47.755,481,,,,0,,,,0.4233,27.23,0.3494,-210.79,1,30.0,hold:DY,+0.000,+0.000,+0.021,+0.164,1100,0,
1785506228.6552,2026-07-31T09:57:08.655,47.854,482,,,,0,,,,0.4116,27.59,0.3376,-210.43,1,30.0,hold:DY,+0.000,+0.000,+0.004,+0.170,1100,0,
1785506228.7543,2026-07-31T09:57:08.754,47.953,483,,,,0,,,,0.4092,27.75,0.3353,-210.27,1,30.0,hold:DY,+0.000,+0.000,-0.013,+0.179,1100,0,
1785506228.8548,2026-07-31T09:57:08.854,48.053,484,,,,0,,,,0.3958,28.05,0.3219,-209.97,1,30.0,hold:DY,+0.000,+0.000,-0.030,+0.185,1100,0,
1785506228.9539,2026-07-31T09:57:08.953,48.153,485,,,,0,,,,0.3868,28.31,0.3129,-209.71,1,30.0,hold:DY,+0.000,+0.000,-0.057,+0.193,1100,0,
1785506229.0533,2026-07-31T09:57:09.053,48.252,486,,,,0,,,,0.3836,28.42,0.3097,-209.60,1,30.0,hold:DY,+0.000,+0.000,-0.077,+0.201,1100,0,
1785506229.1534,2026-07-31T09:57:09.153,48.352,487,,,,0,,,,0.3722,28.41,0.2983,-209.61,1,30.0,hold:DY,+0.000,+0.000,-0.096,+0.205,1100,0,
1785506229.2527,2026-07-31T09:57:09.252,48.451,488,,,,0,,,,0.3648,28.35,0.2909,-209.67,1,30.0,hold:DY,+0.000,+0.000,-0.125,+0.206,1100,0,
1785506229.3516,2026-07-31T09:57:09.351,48.550,489,,,,0,,,,0.3631,28.11,0.2892,-209.91,1,30.0,hold:DY,+0.000,+0.000,-0.138,+0.208,1100,0,
1785506229.4500,2026-07-31T09:57:09.449,48.649,490,,,,0,,,,0.3465,27.81,0.2726,-210.21,1,30.0,hold:DY,+0.000,+0.000,-0.169,+0.206,1100,0,
1785506229.5495,2026-07-31T09:57:09.549,48.748,491,,,,0,,,,0.3416,27.63,0.2677,-210.39,1,30.0,hold:DY,+0.000,+0.000,-0.189,+0.203,1100,0,
1785506229.6478,2026-07-31T09:57:09.647,48.847,492,,,,0,,,,0.3339,27.23,0.2600,-210.79,1,30.0,hold:DY,+0.000,+0.000,-0.213,+0.202,1100,0,
1785506229.7470,2026-07-31T09:57:09.747,48.946,493,,,,0,,,,0.3248,27.03,0.2509,-210.99,1,30.0,hold:DY,+0.000,+0.000,-0.236,+0.198,1100,0,
1785506229.8467,2026-07-31T09:57:09.846,49.045,494,,,,0,,,,0.3158,26.68,0.2419,-211.34,1,30.0,hold:DY,+0.000,+0.000,-0.253,+0.197,1100,0,
1785506229.9454,2026-07-31T09:57:09.945,49.144,495,,,,0,,,,0.3040,26.38,0.2301,-211.64,1,30.0,hold:DY,+0.000,+0.000,-0.284,+0.194,1100,0,
1785506230.0445,2026-07-31T09:57:10.044,49.243,496,,,,0,,,,0.3038,26.17,0.2299,-211.85,1,30.0,hold:DY,+0.000,+0.000,-0.300,+0.190,1100,0,
1785506230.1430,2026-07-31T09:57:10.143,49.342,497,,,,0,,,,0.2980,25.54,0.2241,-212.48,1,30.0,hold:DY,+0.000,+0.000,-0.320,+0.188,1100,0,
1785506230.2421,2026-07-31T09:57:10.242,49.441,498,,,,0,,,,0.2912,25.10,0.2173,-212.92,1,30.0,hold:DY,+0.000,+0.000,-0.341,+0.176,1100,0,
1785506230.3423,2026-07-31T09:57:10.342,49.541,499,,,,0,,,,0.2847,24.09,0.2108,-213.93,1,30.0,hold:DY,+0.000,+0.000,-0.349,+0.168,1100,0,
1785506230.4408,2026-07-31T09:57:10.440,49.640,500,,,,0,,,,0.2768,23.63,0.2029,-214.39,1,30.0,hold:DY,+0.000,+0.000,-0.387,+0.152,1100,0,
1785506230.5406,2026-07-31T09:57:10.540,49.739,501,,,,0,,,,0.2702,22.92,0.1963,-215.10,1,30.0,hold:DY,+0.000,+0.000,-0.409,+0.141,1100,0,
1785506230.6390,2026-07-31T09:57:10.638,49.838,502,,,,0,,,,0.2631,22.39,0.1892,-215.63,1,30.0,hold:DY,+0.000,+0.000,-0.425,+0.137,1100,0,
1785506230.7397,2026-07-31T09:57:10.739,49.938,503,,,,0,,,,0.2627,22.14,0.1888,-215.88,1,30.0,hold:DY,+0.000,+0.000,-0.443,+0.129,1100,0,
1785506230.8386,2026-07-31T09:57:10.838,50.037,504,,,,0,,,,0.2560,21.67,0.1821,-216.35,1,30.0,hold:DY,+0.000,+0.000,-0.460,+0.000,1100,0,
1785506230.9370,2026-07-31T09:57:10.936,50.136,505,,,,0,,,,0.2507,21.44,0.1768,-216.58,1,30.0,hold:DY,+0.000,+0.000,-0.486,+0.000,1100,0,
1785506231.0376,2026-07-31T09:57:11.037,50.236,506,,,,0,,,,0.2494,21.03,0.1755,-216.99,1,30.0,hold:DY,+0.000,+0.000,-0.490,+0.000,1100,0,
1785506231.1367,2026-07-31T09:57:11.136,50.335,507,,,,0,,,,0.2424,20.78,0.1685,-217.24,1,30.0,hold:DY,+0.000,+0.000,-0.514,+0.000,1100,0,
1785506231.2353,2026-07-31T09:57:11.235,50.434,508,,,,0,,,,0.2405,20.71,0.1665,-217.31,1,30.0,hold:DY,+0.000,+0.000,-0.536,+0.000,1100,0,
1785506231.3334,2026-07-31T09:57:11.333,50.532,509,,,,0,,,,0.2427,20.66,0.1688,-217.36,1,30.0,hold:DY,+0.000,+0.000,-0.552,+0.000,1100,0,
1785506231.4322,2026-07-31T09:57:11.432,50.631,510,,,,0,,,,0.2377,20.68,0.1638,-217.34,1,30.0,hold:DY,+0.000,+0.000,-0.562,+0.000,1100,0,
1785506231.5316,2026-07-31T09:57:11.531,50.730,511,,,,0,,,,0.2349,20.79,0.1610,-217.23,1,30.0,hold:DY,+0.000,+0.000,-0.577,+0.000,1100,0,
1785506231.6309,2026-07-31T09:57:11.630,50.830,512,,,,0,,,,0.2337,20.88,0.1598,-217.14,1,30.0,hold:DY,+0.000,+0.000,-0.591,+0.000,1100,0,
1785506231.7300,2026-07-31T09:57:11.730,50.929,513,,,,0,,,,0.2354,21.10,0.1615,-216.93,1,30.0,hold:DY,+0.000,+0.000,-0.599,+0.000,1100,0,
1785506231.8296,2026-07-31T09:57:11.829,51.028,514,,,,0,,,,0.2372,21.37,0.1633,-216.65,1,30.0,hold:DY,+0.000,+0.000,-0.608,+0.000,1100,0,
1785506231.9282,2026-07-31T09:57:11.928,51.127,515,,,,0,,,,0.2376,21.52,0.1637,-216.50,1,30.0,hold:DY,+0.000,+0.000,-0.615,+0.000,1100,0,
1785506232.0278,2026-07-31T09:57:12.027,51.226,516,,,,0,,,,0.2373,21.85,0.1634,-216.17,1,30.0,hold:DY,+0.000,+0.000,-0.623,+0.000,1100,0,
1785506232.1262,2026-07-31T09:57:12.126,51.325,517,,,,0,,,,0.2411,22.03,0.1672,-215.99,1,30.0,hold:DY,+0.000,+0.000,-0.629,+0.037,1100,0,
1785506232.2257,2026-07-31T09:57:12.225,51.424,518,,,,0,,,,0.2475,22.42,0.1736,-215.60,1,30.0,hold:DY,+0.000,+0.000,-0.632,+0.041,1100,0,
1785506232.3251,2026-07-31T09:57:12.325,51.524,519,,,,0,,,,0.2517,22.83,0.1778,-215.19,1,30.0,hold:DY,+0.000,+0.000,-0.628,+0.049,1100,0,
1785506232.4245,2026-07-31T09:57:12.424,51.623,520,,,,0,,,,0.2528,23.04,0.1789,-214.99,1,30.0,hold:DY,+0.000,+0.000,-0.635,+0.058,1100,0,
1785506232.5239,2026-07-31T09:57:12.523,51.723,521,,,,0,,,,0.2641,23.47,0.1901,-214.55,1,30.0,hold:DY,+0.000,+0.000,-0.622,+0.063,1100,0,
1785506232.6229,2026-07-31T09:57:12.622,51.822,522,,,,0,,,,0.2678,23.68,0.1939,-214.34,1,30.0,hold:DY,+0.000,+0.000,-0.624,+0.072,1100,0,
1785506232.7229,2026-07-31T09:57:12.722,51.922,523,,,,0,,,,0.2803,24.11,0.2064,-213.91,1,30.0,hold:DY,+0.000,+0.000,-0.628,+0.078,1100,0,
1785506232.8234,2026-07-31T09:57:12.823,52.022,524,,,,0,,,,0.2860,24.52,0.2121,-213.51,1,30.0,hold:DY,+0.000,+0.000,-0.615,+0.087,1100,0,
1785506232.9227,2026-07-31T09:57:12.922,52.121,525,,,,0,,,,0.2951,24.72,0.2211,-213.30,1,30.0,hold:DY,+0.000,+0.000,-0.596,+0.096,1100,0,
1785506233.0218,2026-07-31T09:57:13.021,52.221,526,,,,0,,,,0.2997,25.12,0.2258,-212.90,1,30.0,hold:DY,+0.000,+0.000,-0.609,+0.101,1100,0,
1785506233.1209,2026-07-31T09:57:13.120,52.320,527,,,,0,,,,0.3076,25.32,0.2337,-212.70,1,30.0,hold:DY,+0.000,+0.000,-0.587,+0.111,1100,0,
1785506233.2212,2026-07-31T09:57:13.221,52.420,528,,,,0,,,,0.3176,25.71,0.2437,-212.31,1,30.0,hold:DY,+0.000,+0.000,-0.586,+0.116,1100,0,
1785506233.3208,2026-07-31T09:57:13.320,52.519,529,,,,0,,,,0.3294,26.09,0.2555,-211.93,1,30.0,hold:DY,+0.000,+0.000,-0.567,+0.126,1100,0,
1785506233.4190,2026-07-31T09:57:13.419,52.618,530,,,,0,,,,0.3367,26.28,0.2628,-211.74,1,30.0,hold:DY,+0.000,+0.000,-0.550,+0.135,1100,0,
1785506233.5182,2026-07-31T09:57:13.518,52.717,531,,,,0,,,,0.3514,26.65,0.2775,-211.37,1,30.0,hold:DY,+0.000,+0.000,-0.544,+0.141,1100,0,
1785506233.6182,2026-07-31T09:57:13.618,52.817,532,,,,0,,,,0.3554,26.83,0.2815,-211.19,1,30.0,hold:DY,+0.000,+0.000,-0.525,+0.150,1100,0,
1785506233.7172,2026-07-31T09:57:13.717,52.916,533,,,,0,,,,0.3719,27.21,0.2980,-210.81,1,30.0,hold:DY,+0.000,+0.000,-0.520,+0.156,1100,0,
1785506233.8177,2026-07-31T09:57:13.817,53.016,534,,,,0,,,,0.3804,27.62,0.3065,-210.41,1,30.0,hold:DY,+0.000,+0.000,-0.504,+0.166,1100,0,
1785506233.9169,2026-07-31T09:57:13.916,53.116,535,,,,0,,,,0.3839,27.79,0.3100,-210.23,1,30.0,hold:DY,+0.000,+0.000,-0.483,+0.176,1100,0,
1785506234.0159,2026-07-31T09:57:14.015,53.215,536,,,,0,,,,0.3980,28.13,0.3240,-209.89,1,30.0,hold:DY,+0.000,+0.000,-0.471,+0.182,1100,0,
1785506234.1146,2026-07-31T09:57:14.114,53.313,537,,,,0,,,,0.4073,28.30,0.3334,-209.73,1,30.0,hold:DY,+0.000,+0.000,-0.445,+0.192,1100,0,
1785506234.2132,2026-07-31T09:57:14.213,53.412,538,,,,0,,,,0.4145,28.59,0.3406,-209.43,1,30.0,hold:DY,+0.000,+0.000,-0.446,+0.198,1100,0,
1785506234.3123,2026-07-31T09:57:14.312,53.511,539,,,,0,,,,0.4232,28.70,0.3493,-209.32,1,30.0,hold:DY,+0.000,+0.000,-0.420,+0.206,1100,0,
1785506234.4118,2026-07-31T09:57:14.411,53.611,540,,,,0,,,,0.4337,28.73,0.3598,-209.29,1,30.0,hold:DY,+0.000,+0.000,-0.402,+0.209,1100,0,
1785506234.5101,2026-07-31T09:57:14.510,53.709,541,,,,0,,,,0.4448,28.68,0.3709,-209.34,1,30.0,hold:DY,+0.000,+0.000,-0.382,+0.212,1100,0,
1785506234.6110,2026-07-31T09:57:14.611,53.810,542,,,,0,,,,0.4549,28.54,0.3809,-209.48,1,30.0,hold:DY,+0.000,+0.000,-0.364,+0.213,1100,0,
1785506234.7112,2026-07-31T09:57:14.711,53.910,543,,,,0,,,,0.4645,28.36,0.3906,-209.66,1,30.0,hold:DY,+0.000,+0.000,-0.360,+0.215,1100,0,
1785506234.8101,2026-07-31T09:57:14.810,54.009,544,,,,0,,,,0.4644,28.25,0.3905,-209.77,1,30.0,hold:DY,+0.000,+0.000,-0.348,+0.215,1100,0,
1785506234.9098,2026-07-31T09:57:14.909,54.109,545,,,,0,,,,0.4777,27.99,0.4038,-210.03,1,30.0,hold:DY,+0.000,+0.000,-0.333,+0.216,1100,0,
1785506235.0090,2026-07-31T09:57:15.008,54.208,546,,,,0,,,,0.4838,27.86,0.4099,-210.16,1,30.0,hold:DY,+0.000,+0.000,-0.311,+0.214,1100,0,
1785506235.1076,2026-07-31T09:57:15.107,54.306,547,,,,0,,,,0.4913,27.70,0.4173,-210.32,1,30.0,hold:DY,+0.000,+0.000,-0.302,+0.215,1100,0,
1785506235.2064,2026-07-31T09:57:15.206,54.405,548,,,,0,,,,0.4993,27.50,0.4254,-210.52,1,30.0,hold:DY,+0.000,+0.000,-0.300,+0.216,1100,0,
1785506235.3060,2026-07-31T09:57:15.306,54.505,549,,,,0,,,,0.5000,27.27,0.4260,-210.75,1,30.0,hold:DY,+0.000,+0.000,-0.278,+0.212,1100,0,
1785506235.4061,2026-07-31T09:57:15.406,54.605,550,,,,0,,,,0.5072,26.52,0.4333,-211.50,1,30.0,hold:DY,+0.000,+0.000,-0.256,+0.209,1100,0,
1785506235.5060,2026-07-31T09:57:15.505,54.705,551,,,,0,,,,0.5167,25.56,0.4428,-212.46,1,30.0,hold:DY,+0.000,+0.000,-0.256,+0.196,1100,0,
1785506235.6068,2026-07-31T09:57:15.606,54.806,552,,,,0,,,,0.5207,25.05,0.4468,-212.97,1,30.0,hold:DY,+0.000,+0.000,-0.236,+0.180,1100,0,
1785506235.7065,2026-07-31T09:57:15.706,54.905,553,,,,0,,,,0.5228,24.23,0.4488,-213.79,1,30.0,hold:DY,+0.000,+0.000,-0.235,+0.174,1100,0,
1785506235.8068,2026-07-31T09:57:15.806,55.006,554,,,,0,,,,0.5272,23.92,0.4533,-214.10,1,30.0,hold:DY,+0.000,+0.000,-0.222,+0.163,1100,0,
1785506235.9058,2026-07-31T09:57:15.905,55.105,555,,,,0,,,,0.5280,23.39,0.4541,-214.63,1,30.0,hold:DY,+0.000,+0.000,-0.216,+0.160,1100,0,
1785506236.0046,2026-07-31T09:57:16.004,55.203,556,,,,0,,,,0.5339,22.99,0.4600,-215.03,1,30.0,hold:DY,+0.000,+0.000,-0.210,+0.152,1100,0,
1785506236.1036,2026-07-31T09:57:16.103,55.302,557,,,,0,,,,0.5364,22.82,0.4625,-215.20,1,30.0,hold:DY,+0.000,+0.000,-0.200,+0.147,1100,0,
1785506236.2022,2026-07-31T09:57:16.202,55.401,558,,,,0,,,,0.5402,22.54,0.4663,-215.48,1,30.0,hold:DY,+0.000,+0.000,-0.190,+0.146,1100,0,
1785506236.3002,2026-07-31T09:57:16.300,55.499,559,,,,0,,,,0.5426,22.43,0.4687,-215.59,1,30.0,hold:DY,+0.000,+0.000,-0.184,+0.142,1100,0,
1785506236.3994,2026-07-31T09:57:16.399,55.598,560,,,,0,,,,0.5467,22.21,0.4728,-215.81,1,30.0,hold:DY,+0.000,+0.000,-0.179,+0.141,1100,0,
1785506236.4990,2026-07-31T09:57:16.499,55.698,561,,,,0,,,,0.5485,22.09,0.4746,-215.93,1,30.0,hold:DY,+0.000,+0.000,-0.170,+0.139,1100,0,
1785506236.5983,2026-07-31T09:57:16.598,55.797,562,,,,0,,,,0.5497,22.06,0.4758,-215.96,1,30.0,hold:DY,+0.000,+0.000,-0.164,+0.138,1100,0,
1785506236.6980,2026-07-31T09:57:16.697,55.897,563,,,,0,,,,0.5578,22.03,0.4839,-215.99,1,30.0,hold:DY,+0.000,+0.000,-0.146,+0.139,1100,0,
1785506236.7962,2026-07-31T09:57:16.796,55.995,564,,,,0,,,,0.5625,22.04,0.4886,-215.98,1,30.0,hold:DY,+0.000,+0.000,-0.134,+0.140,1100,0,
1785506236.8959,2026-07-31T09:57:16.895,56.095,565,,,,0,,,,0.5587,22.09,0.4848,-215.93,1,30.0,hold:DY,+0.000,+0.000,-0.139,+0.141,1100,0,
1785506236.9947,2026-07-31T09:57:16.994,56.193,566,,,,0,,,,0.5566,22.12,0.4827,-215.90,1,30.0,hold:DY,+0.000,+0.000,-0.141,+0.143,1100,0,
1785506237.0950,2026-07-31T09:57:17.095,56.294,567,,,,0,,,,0.5610,22.18,0.4871,-215.84,1,30.0,hold:DY,+0.000,+0.000,-0.130,+0.145,1100,0,
1785506237.1935,2026-07-31T09:57:17.193,56.392,568,,,,0,,,,0.5585,22.28,0.4846,-215.74,1,30.0,hold:DY,+0.000,+0.000,-0.123,+0.146,1100,0,
1785506237.2926,2026-07-31T09:57:17.292,56.491,569,,,,0,,,,0.5596,22.34,0.4857,-215.68,1,30.0,hold:DY,+0.000,+0.000,-0.128,+0.149,1100,0,
1785506237.3919,2026-07-31T09:57:17.391,56.591,570,,,,0,,,,0.5562,22.46,0.4823,-215.56,1,30.0,hold:DY,+0.000,+0.000,-0.121,+0.151,1100,0,
1785506237.4904,2026-07-31T09:57:17.490,56.689,571,,,,0,,,,0.5584,22.53,0.4845,-215.49,1,30.0,hold:DY,+0.000,+0.000,-0.126,+0.154,1100,0,
1785506237.5894,2026-07-31T09:57:17.589,56.788,572,,,,0,,,,0.5604,22.66,0.4865,-215.36,1,30.0,hold:DY,+0.000,+0.000,-0.125,+0.157,1100,0,
1785506237.6899,2026-07-31T09:57:17.689,56.889,573,,,,0,,,,0.5558,22.76,0.4819,-215.26,1,30.0,hold:DY,+0.000,+0.000,-0.117,+0.160,1100,0,
1785506237.7892,2026-07-31T09:57:17.789,56.988,574,,,,0,,,,0.5595,22.79,0.4856,-215.23,1,30.0,hold:DY,+0.000,+0.000,-0.117,+0.162,1100,0,
1785506237.8886,2026-07-31T09:57:17.888,57.087,575,,,,0,,,,0.5608,22.82,0.4869,-215.20,1,30.0,hold:DY,+0.000,+0.000,-0.125,+0.164,1100,0,
1785506237.9877,2026-07-31T09:57:17.987,57.186,576,,,,0,,,,0.5551,22.84,0.4812,-215.18,1,30.0,hold:DY,+0.000,+0.000,-0.121,+0.166,1100,0,
1785506238.0862,2026-07-31T09:57:18.086,57.285,577,,,,0,,,,0.5540,22.86,0.4801,-215.16,1,30.0,hold:DY,+0.000,+0.000,-0.119,+0.167,1100,0,
1785506238.1856,2026-07-31T09:57:18.185,57.384,578,,,,0,,,,0.5493,22.87,0.4754,-215.15,1,30.0,hold:DY,+0.000,+0.000,-0.121,+0.168,1100,0,
1785506238.2860,2026-07-31T09:57:18.286,57.485,579,,,,0,,,,0.5553,22.88,0.4814,-215.14,1,30.0,hold:DY,+0.000,+0.000,-0.114,+0.170,1100,0,
1785506238.3853,2026-07-31T09:57:18.385,57.584,580,,,,0,,,,0.5457,22.93,0.4718,-215.09,1,30.0,hold:DY,+0.000,+0.000,-0.127,+0.171,1100,0,
1785506238.4844,2026-07-31T09:57:18.484,57.683,581,,,,0,,,,0.5445,22.97,0.4705,-215.05,1,30.0,hold:DY,+0.000,+0.000,-0.132,+0.174,1100,0,
1785506238.5843,2026-07-31T09:57:18.584,57.783,582,,,,0,,,,0.5439,23.03,0.4700,-214.99,1,30.0,hold:DY,+0.000,+0.000,-0.125,+0.176,1100,0,
1785506238.6849,2026-07-31T09:57:18.684,57.884,583,,,,0,,,,0.5436,23.02,0.4697,-215.00,1,30.0,hold:DY,+0.000,+0.000,-0.130,+0.177,1100,0,
1785506238.7835,2026-07-31T09:57:18.783,57.982,584,,,,0,,,,0.5393,22.93,0.4654,-215.09,1,30.0,hold:DY,+0.000,+0.000,-0.135,+0.177,1100,0,
1785506238.8833,2026-07-31T09:57:18.883,58.082,585,,,,0,,,,0.5320,22.77,0.4581,-215.25,1,30.0,hold:DY,+0.000,+0.000,-0.139,+0.176,1100,0,
1785506238.9827,2026-07-31T09:57:18.982,58.181,586,,,,0,,,,0.5319,22.69,0.4580,-215.33,1,30.0,hold:DY,+0.000,+0.000,-0.149,+0.174,1100,0,
1785506239.0813,2026-07-31T09:57:19.081,58.280,587,,,,0,,,,0.5263,22.57,0.4524,-215.45,1,30.0,hold:DY,+0.000,+0.000,-0.153,+0.174,1100,0,
1785506239.1808,2026-07-31T09:57:19.180,58.379,588,,,,0,,,,0.5282,22.53,0.4543,-215.49,1,30.0,hold:DY,+0.000,+0.000,-0.154,+0.174,1100,0,
1785506239.2800,2026-07-31T09:57:19.280,58.479,589,,,,0,,,,0.5231,22.51,0.4492,-215.51,1,30.0,hold:DY,+0.000,+0.000,-0.161,+0.174,1100,0,
1785506239.3792,2026-07-31T09:57:19.379,58.578,590,,,,0,,,,0.5122,22.42,0.4383,-215.60,1,30.0,hold:DY,+0.000,+0.000,-0.167,+0.175,1100,0,
1785506239.4798,2026-07-31T09:57:19.479,58.679,591,,,,0,,,,0.5171,22.35,0.4432,-215.67,1,30.0,hold:DY,+0.000,+0.000,-0.174,+0.173,1100,0,
1785506239.5792,2026-07-31T09:57:19.579,58.778,592,,,,0,,,,0.5149,22.14,0.4410,-215.88,1,30.0,hold:DY,+0.000,+0.000,-0.178,+0.172,1100,0,
1785506239.6798,2026-07-31T09:57:19.679,58.878,593,,,,0,,,,0.5084,22.02,0.4345,-216.00,1,30.0,hold:DY,+0.000,+0.000,-0.192,+0.169,1100,0,
1785506239.7801,2026-07-31T09:57:19.780,58.979,594,,,,0,,,,0.5101,21.82,0.4362,-216.20,1,30.0,hold:DY,+0.000,+0.000,-0.189,+0.000,1100,0,
1785506239.8797,2026-07-31T09:57:19.879,59.078,595,,,,0,,,,0.5020,21.70,0.4281,-216.32,1,30.0,hold:DY,+0.000,+0.000,-0.200,+0.000,1100,0,
1785506239.9792,2026-07-31T09:57:19.979,59.178,596,,,,0,,,,0.5012,21.67,0.4273,-216.35,1,30.0,hold:DY,+0.000,+0.000,-0.206,+0.000,1100,0,
1785506240.0774,2026-07-31T09:57:20.077,59.276,597,,,,0,,,,0.4970,21.62,0.4231,-216.40,1,30.0,hold:DY,+0.000,+0.000,-0.205,+0.000,1100,0,
1785506240.1773,2026-07-31T09:57:20.177,59.376,598,,,,0,,,,0.4949,21.57,0.4210,-216.45,1,30.0,hold:DY,+0.000,+0.000,-0.215,+0.000,1100,0,
1785506240.2788,2026-07-31T09:57:20.278,59.477,599,,,,0,,,,0.4937,21.57,0.4198,-216.45,1,30.0,hold:DY,+0.000,+0.000,-0.221,+0.000,1100,0,
1785506240.3776,2026-07-31T09:57:20.377,59.576,600,,,,0,,,,0.4884,21.59,0.4145,-216.43,1,30.0,hold:DY,+0.000,+0.000,-0.226,+0.000,1100,0,
1785506240.4781,2026-07-31T09:57:20.478,59.677,601,,,,0,,,,0.4862,21.61,0.4123,-216.41,1,30.0,hold:DY,+0.000,+0.000,-0.236,+0.000,1100,0,
1785506240.5764,2026-07-31T09:57:20.576,59.775,602,,,,0,,,,0.4854,21.68,0.4115,-216.34,1,30.0,hold:DY,+0.000,+0.000,-0.246,+0.000,1100,0,
1785506240.6761,2026-07-31T09:57:20.676,59.875,603,,,,0,,,,0.4809,21.76,0.4070,-216.26,1,30.0,hold:DY,+0.000,+0.000,-0.256,+0.000,1100,0,
1785506240.7751,2026-07-31T09:57:20.775,59.974,604,,,,0,,,,0.4707,21.82,0.3968,-216.20,1,30.0,hold:DY,+0.000,+0.000,-0.268,+0.000,1100,0,
1785506240.8743,2026-07-31T09:57:20.874,60.073,605,,,,0,,,,0.4678,21.93,0.3939,-216.09,1,30.0,hold:DY,+0.000,+0.000,-0.263,+0.000,1100,0,
1785506240.9735,2026-07-31T09:57:20.973,60.172,606,,,,0,,,,0.4693,21.99,0.3954,-216.03,1,30.0,hold:DY,+0.000,+0.000,-0.273,+0.000,1100,0,
1785506241.0752,2026-07-31T09:57:21.075,60.274,607,,,,0,,,,0.4652,22.13,0.3913,-215.89,1,30.0,hold:DY,+0.000,+0.000,-0.278,+0.038,1100,0,
1785506241.1737,2026-07-31T09:57:21.173,60.372,608,,,,0,,,,0.4590,22.26,0.3851,-215.76,1,30.0,hold:DY,+0.000,+0.000,-0.281,+0.041,1100,0,
1785506241.2726,2026-07-31T09:57:21.272,60.471,609,,,,0,,,,0.4569,22.34,0.3830,-215.68,1,30.0,hold:DY,+0.000,+0.000,-0.302,+0.044,1100,0,
1785506241.3719,2026-07-31T09:57:21.371,60.571,610,,,,0,,,,0.4543,22.48,0.3804,-215.54,1,30.0,hold:DY,+0.000,+0.000,-0.308,+0.047,1100,0,
1785506241.4713,2026-07-31T09:57:21.471,60.670,611,,,,0,,,,0.4536,22.56,0.3797,-215.46,1,30.0,hold:DY,+0.000,+0.000,-0.312,+0.050,1100,0,
1785506241.5705,2026-07-31T09:57:21.570,60.769,612,,,,0,,,,0.4511,22.74,0.3772,-215.28,1,30.0,hold:DY,+0.000,+0.000,-0.323,+0.053,1100,0,
1785506241.6694,2026-07-31T09:57:21.669,60.868,613,,,,0,,,,0.4457,22.83,0.3718,-215.19,1,30.0,hold:DY,+0.000,+0.000,-0.332,+0.057,1100,0,
1785506241.7696,2026-07-31T09:57:21.769,60.968,614,,,,0,,,,0.4390,23.01,0.3651,-215.01,1,30.0,hold:DY,+0.000,+0.000,-0.348,+0.062,1100,0,
1785506241.8689,2026-07-31T09:57:21.868,61.068,615,,,,0,,,,0.4350,23.21,0.3611,-214.81,1,30.0,hold:DY,+0.000,+0.000,-0.355,+0.065,1100,0,
1785506241.9685,2026-07-31T09:57:21.968,61.167,616,,,,0,,,,0.4381,23.31,0.3642,-214.71,1,30.0,hold:DY,+0.000,+0.000,-0.355,+0.070,1100,0,
1785506242.0684,2026-07-31T09:57:22.068,61.267,617,,,,0,,,,0.4303,23.50,0.3564,-214.52,1,30.0,hold:DY,+0.000,+0.000,-0.369,+0.073,1100,0,
1785506242.1687,2026-07-31T09:57:22.168,61.367,618,,,,0,,,,0.4295,23.59,0.3556,-214.43,1,30.0,hold:DY,+0.000,+0.000,-0.377,+0.078,1100,0,
1785506242.2669,2026-07-31T09:57:22.266,61.466,619,,,,0,,,,0.4210,23.78,0.3470,-214.24,1,30.0,hold:DY,+0.000,+0.000,-0.397,+0.082,1100,0,
1785506242.3671,2026-07-31T09:57:22.367,61.566,620,,,,0,,,,0.4173,23.97,0.3434,-214.05,1,30.0,hold:DY,+0.000,+0.000,-0.400,+0.086,1100,0,
1785506242.4656,2026-07-31T09:57:22.465,61.664,621,,,,0,,,,0.4213,24.07,0.3474,-213.95,1,30.0,hold:DY,+0.000,+0.000,-0.403,+0.091,1100,0,
1785506242.5651,2026-07-31T09:57:22.565,61.764,622,,,,0,,,,0.4133,24.26,0.3394,-213.76,1,30.0,hold:DY,+0.000,+0.000,-0.417,+0.094,1100,0,
1785506242.6640,2026-07-31T09:57:22.664,61.863,623,,,,0,,,,0.4078,24.36,0.3338,-213.66,1,30.0,hold:DY,+0.000,+0.000,-0.437,+0.099,1100,0,
1785506242.7624,2026-07-31T09:57:22.762,61.961,624,,,,0,,,,0.4093,24.55,0.3354,-213.48,1,30.0,hold:DY,+0.000,+0.000,-0.434,+0.103,1100,0,
1785506242.8628,2026-07-31T09:57:22.862,62.061,625,,,,0,,,,0.4066,24.64,0.3327,-213.38,1,30.0,hold:DY,+0.000,+0.000,-0.446,+0.108,1100,0,
1785506242.9623,2026-07-31T09:57:22.962,62.161,626,,,,0,,,,0.4089,24.82,0.3350,-213.20,1,30.0,hold:DY,+0.000,+0.000,-0.446,+0.113,1100,0,
1785506243.0634,2026-07-31T09:57:23.063,62.262,627,,,,0,,,,0.4062,25.00,0.3323,-213.02,1,30.0,hold:DY,+0.000,+0.000,-0.458,+0.117,1100,0,
1785506243.1635,2026-07-31T09:57:23.163,62.362,628,,,,0,,,,0.3988,25.10,0.3249,-212.93,1,30.0,hold:DY,+0.000,+0.000,-0.473,+0.122,1100,0,
1785506243.2628,2026-07-31T09:57:23.262,62.461,629,,,,0,,,,0.3991,25.31,0.3252,-212.71,1,30.0,hold:DY,+0.000,+0.000,-0.470,+0.126,1100,0,
1785506243.3615,2026-07-31T09:57:23.361,62.560,630,,,,0,,,,0.3979,25.42,0.3239,-212.60,1,30.0,hold:DY,+0.000,+0.000,-0.483,+0.132,1100,0,
1785506243.4614,2026-07-31T09:57:23.461,62.660,631,,,,0,,,,0.4032,25.64,0.3293,-212.38,1,30.0,hold:DY,+0.000,+0.000,-0.477,+0.138,1100,0,
1785506243.5606,2026-07-31T09:57:23.560,62.759,632,,,,0,,,,0.3992,25.86,0.3253,-212.16,1,30.0,hold:DY,+0.000,+0.000,-0.483,+0.142,1100,0,
1785506243.6602,2026-07-31T09:57:23.660,62.859,633,,,,0,,,,0.4003,25.98,0.3264,-212.04,1,30.0,hold:DY,+0.000,+0.000,-0.490,+0.149,1100,0,
1785506243.7586,2026-07-31T09:57:23.758,62.957,634,,,,0,,,,0.4051,26.20,0.3312,-211.82,1,30.0,hold:DY,+0.000,+0.000,-0.494,+0.153,1100,0,
1785506243.8595,2026-07-31T09:57:23.859,63.058,635,,,,0,,,,0.4108,26.33,0.3369,-211.69,1,30.0,hold:DY,+0.000,+0.000,-0.477,+0.160,1100,0,
1785506243.9590,2026-07-31T09:57:23.959,63.158,636,,,,0,,,,0.4036,26.61,0.3297,-211.41,1,30.0,hold:DY,+0.000,+0.000,-0.495,+0.168,1100,0,
1785506244.0589,2026-07-31T09:57:24.058,63.258,637,,,,0,,,,0.4111,26.75,0.3372,-211.27,1,30.0,hold:DY,+0.000,+0.000,-0.484,+0.172,1100,0,
1785506244.1592,2026-07-31T09:57:24.159,63.358,638,,,,0,,,,0.4121,26.78,0.3382,-211.24,1,30.0,hold:DY,+0.000,+0.000,-0.485,+0.176,1100,0,
1785506244.2591,2026-07-31T09:57:24.259,63.458,639,,,,0,,,,0.4128,26.81,0.3389,-211.21,1,30.0,hold:DY,+0.000,+0.000,-0.483,+0.179,1100,0,
1785506244.3583,2026-07-31T09:57:24.358,63.557,640,,,,0,,,,0.4176,26.80,0.3437,-211.22,1,30.0,hold:DY,+0.000,+0.000,-0.489,+0.182,1100,0,
1785506244.4565,2026-07-31T09:57:24.456,63.655,641,,,,0,,,,0.4237,26.83,0.3498,-211.19,1,30.0,hold:DY,+0.000,+0.000,-0.472,+0.185,1100,0,
1785506244.5572,2026-07-31T09:57:24.557,63.756,642,,,,0,,,,0.4281,26.95,0.3542,-211.07,1,30.0,hold:DY,+0.000,+0.000,-0.471,+0.189,1100,0,
1785506244.6558,2026-07-31T09:57:24.655,63.854,643,,,,0,,,,0.4296,27.04,0.3557,-210.98,1,30.0,hold:DY,+0.000,+0.000,-0.466,+0.194,1100,0,
1785506244.7558,2026-07-31T09:57:24.755,63.954,644,,,,0,,,,0.4362,26.87,0.3623,-211.16,1,30.0,hold:DY,+0.000,+0.000,-0.469,+0.197,1100,0,
1785506244.8555,2026-07-31T09:57:24.855,64.054,645,,,,0,,,,0.4346,26.29,0.3607,-211.73,1,30.0,hold:DY,+0.000,+0.000,-0.458,+0.192,1100,0,
1785506244.9565,2026-07-31T09:57:24.956,64.155,646,,,,0,,,,0.4418,25.90,0.3679,-212.12,1,30.0,hold:DY,+0.000,+0.000,-0.450,+0.182,1100,0,
1785506245.0568,2026-07-31T09:57:25.056,64.256,647,,,,0,,,,0.4484,25.02,0.3744,-213.00,1,30.0,hold:DY,+0.000,+0.000,-0.441,+0.176,1100,0,
1785506245.1567,2026-07-31T09:57:25.156,64.355,648,,,,0,,,,0.4534,24.66,0.3795,-213.36,1,30.0,hold:DY,+0.000,+0.000,-0.431,+0.164,1100,0,
1785506245.2560,2026-07-31T09:57:25.256,64.455,649,,,,0,,,,0.4536,24.09,0.3797,-213.93,1,30.0,hold:DY,+0.000,+0.000,-0.427,+0.160,1100,0,
1785506245.3551,2026-07-31T09:57:25.355,64.554,650,,,,0,,,,0.4618,23.71,0.3879,-214.31,1,30.0,hold:DY,+0.000,+0.000,-0.413,+0.153,1100,0,
1785506245.4536,2026-07-31T09:57:25.453,64.652,651,,,,0,,,,0.4679,23.59,0.3940,-214.43,1,30.0,hold:DY,+0.000,+0.000,-0.406,+0.149,1100,0,
1785506245.5541,2026-07-31T09:57:25.554,64.753,652,,,,0,,,,0.4689,23.29,0.3950,-214.73,1,30.0,hold:DY,+0.000,+0.000,-0.404,+0.148,1100,0,
1785506245.6527,2026-07-31T09:57:25.652,64.851,653,,,,0,,,,0.4792,23.13,0.4053,-214.89,1,30.0,hold:DY,+0.000,+0.000,-0.386,+0.144,1100,0,
1785506245.7523,2026-07-31T09:57:25.752,64.951,654,,,,0,,,,0.4783,22.84,0.4044,-215.18,1,30.0,hold:DY,+0.000,+0.000,-0.382,+0.142,1100,0,
1785506245.8521,2026-07-31T09:57:25.852,65.051,655,,,,0,,,,0.4875,22.57,0.4136,-215.45,1,30.0,hold:DY,+0.000,+0.000,-0.375,+0.138,1100,0,
1785506245.9506,2026-07-31T09:57:25.950,65.149,656,,,,0,,,,0.4910,22.49,0.4171,-215.53,1,30.0,hold:DY,+0.000,+0.000,-0.363,+0.135,1100,0,
1785506246.0511,2026-07-31T09:57:26.051,65.250,657,,,,0,,,,0.4964,22.43,0.4225,-215.59,1,30.0,hold:DY,+0.000,+0.000,-0.347,+0.136,1100,0,
1785506246.1500,2026-07-31T09:57:26.149,65.349,658,,,,0,,,,0.5020,22.43,0.4281,-215.59,1,30.0,hold:DY,+0.000,+0.000,-0.341,+0.136,1100,0,
1785506246.2490,2026-07-31T09:57:26.249,65.448,659,,,,0,,,,0.5071,22.51,0.4332,-215.51,1,30.0,hold:DY,+0.000,+0.000,-0.341,+0.138,1100,0,
1785506246.3481,2026-07-31T09:57:26.348,65.547,660,,,,0,,,,0.5087,22.64,0.4348,-215.38,1,30.0,hold:DY,+0.000,+0.000,-0.328,+0.141,1100,0,
1785506246.4467,2026-07-31T09:57:26.446,65.645,661,,,,0,,,,0.5157,22.73,0.4418,-215.30,1,30.0,hold:DY,+0.000,+0.000,-0.314,+0.145,1100,0,
1785506246.5464,2026-07-31T09:57:26.546,65.745,662,,,,0,,,,0.5175,22.91,0.4436,-215.11,1,30.0,hold:DY,+0.000,+0.000,-0.313,+0.147,1100,0,
1785506246.6446,2026-07-31T09:57:26.644,65.843,663,,,,0,,,,0.5185,23.03,0.4446,-214.99,1,30.0,hold:DY,+0.000,+0.000,-0.308,+0.152,1100,0,
1785506246.7438,2026-07-31T09:57:26.743,65.943,664,,,,0,,,,0.5261,23.26,0.4522,-214.76,1,30.0,hold:DY,+0.000,+0.000,-0.303,+0.156,1100,0,
1785506246.8427,2026-07-31T09:57:26.842,66.041,665,,,,0,,,,0.5246,23.39,0.4507,-214.63,1,30.0,hold:DY,+0.000,+0.000,-0.294,+0.161,1100,0,
1785506246.9432,2026-07-31T09:57:26.943,66.142,666,,,,0,,,,0.5279,23.64,0.4540,-214.38,1,30.0,hold:DY,+0.000,+0.000,-0.287,+0.167,1100,0,
1785506247.0419,2026-07-31T09:57:27.041,66.241,667,,,,0,,,,0.5305,23.75,0.4565,-214.27,1,30.0,hold:DY,+0.000,+0.000,-0.280,+0.171,1100,0,
1785506247.1409,2026-07-31T09:57:27.140,66.340,668,,,,0,,,,0.5318,23.95,0.4579,-214.07,1,30.0,hold:DY,+0.000,+0.000,-0.277,+0.176,1100,0,
1785506247.2408,2026-07-31T09:57:27.240,66.439,669,,,,0,,,,0.5343,24.13,0.4604,-213.89,1,30.0,hold:DY,+0.000,+0.000,-0.277,+0.179,1100,0,
1785506247.3405,2026-07-31T09:57:27.340,66.539,670,,,,0,,,,0.5352,24.23,0.4613,-213.79,1,30.0,hold:DY,+0.000,+0.000,-0.267,+0.184,1100,0,
1785506247.4403,2026-07-31T09:57:27.440,66.639,671,,,,0,,,,0.5370,24.40,0.4631,-213.62,1,30.0,hold:DY,+0.000,+0.000,-0.258,+0.187,1100,0,
1785506247.5393,2026-07-31T09:57:27.539,66.738,672,,,,0,,,,0.5393,24.46,0.4653,-213.56,1,30.0,hold:DY,+0.000,+0.000,-0.256,+0.192,1100,0,
1785506247.6389,2026-07-31T09:57:27.638,66.838,673,,,,0,,,,0.5372,24.47,0.4633,-213.55,1,30.0,hold:DY,+0.000,+0.000,-0.259,+0.194,1100,0,
1785506247.7387,2026-07-31T09:57:27.738,66.937,674,,,,0,,,,0.5412,24.31,0.4673,-213.71,1,30.0,hold:DY,+0.000,+0.000,-0.252,+0.194,1100,0,
1785506247.8392,2026-07-31T09:57:27.839,67.038,675,,,,0,,,,0.5394,24.20,0.4655,-213.82,1,30.0,hold:DY,+0.000,+0.000,-0.251,+0.192,1100,0,
1785506247.9386,2026-07-31T09:57:27.938,67.137,676,,,,0,,,,0.5418,23.87,0.4679,-214.15,1,30.0,hold:DY,+0.000,+0.000,-0.247,+0.191,1100,0,
1785506248.0394,2026-07-31T09:57:28.039,67.238,677,,,,0,,,,0.5397,23.66,0.4658,-214.36,1,30.0,hold:DY,+0.000,+0.000,-0.247,+0.186,1100,0,
1785506248.1377,2026-07-31T09:57:28.137,67.336,678,,,,0,,,,0.5418,23.17,0.4679,-214.85,1,30.0,hold:DY,+0.000,+0.000,-0.241,+0.178,1100,0,
1785506248.2384,2026-07-31T09:57:28.238,67.437,679,,,,0,,,,0.5393,22.67,0.4654,-215.35,1,30.0,hold:DY,+0.000,+0.000,-0.246,+0.175,1100,0,
1785506248.3367,2026-07-31T09:57:28.336,67.535,680,,,,0,,,,0.5397,22.45,0.4658,-215.57,1,30.0,hold:DY,+0.000,+0.000,-0.242,+0.168,1100,0,
1785506248.4367,2026-07-31T09:57:28.436,67.635,681,,,,0,,,,0.5383,22.08,0.4644,-215.94,1,30.0,hold:DY,+0.000,+0.000,-0.231,+0.165,1100,0,
1785506248.5367,2026-07-31T09:57:28.536,67.735,682,,,,0,,,,0.5398,21.78,0.4659,-216.24,1,30.0,hold:DY,+0.000,+0.000,-0.236,+0.000,1100,0,
1785506248.6358,2026-07-31T09:57:28.635,67.835,683,,,,0,,,,0.5374,21.67,0.4635,-216.35,1,30.0,hold:DY,+0.000,+0.000,-0.242,+0.000,1100,0,
1785506248.7366,2026-07-31T09:57:28.736,67.935,684,,,,0,,,,0.5384,21.49,0.4645,-216.53,1,30.0,hold:DY,+0.000,+0.000,-0.235,+0.000,1100,0,
1785506248.8362,2026-07-31T09:57:28.836,68.035,685,,,,0,,,,0.5386,21.43,0.4647,-216.59,1,30.0,hold:DY,+0.000,+0.000,-0.237,+0.000,1100,0,
1785506248.9354,2026-07-31T09:57:28.935,68.134,686,,,,0,,,,0.5387,21.34,0.4648,-216.68,1,30.0,hold:DY,+0.000,+0.000,-0.243,+0.000,1100,0,
1785506249.0347,2026-07-31T09:57:29.034,68.233,687,,,,0,,,,0.5382,21.32,0.4643,-216.70,1,30.0,hold:DY,+0.000,+0.000,-0.233,+0.000,1100,0,
1785506249.1353,2026-07-31T09:57:29.135,68.334,688,,,,0,,,,0.5342,21.33,0.4603,-216.69,1,30.0,hold:DY,+0.000,+0.000,-0.241,+0.000,1100,0,
1785506249.2345,2026-07-31T09:57:29.234,68.433,689,,,,0,,,,0.5345,21.38,0.4606,-216.64,1,30.0,hold:DY,+0.000,+0.000,-0.227,+0.000,1100,0,
1785506249.3323,2026-07-31T09:57:29.332,68.531,690,,,,0,,,,0.5369,21.41,0.4630,-216.61,1,30.0,hold:DY,+0.000,+0.000,-0.233,+0.000,1100,0,
1785506249.4330,2026-07-31T09:57:29.433,68.632,691,,,,0,,,,0.5368,21.49,0.4629,-216.53,1,30.0,hold:DY,+0.000,+0.000,-0.239,+0.000,1100,0,
1785506249.5317,2026-07-31T09:57:29.531,68.730,692,,,,0,,,,0.5358,21.55,0.4619,-216.48,1,30.0,hold:DY,+0.000,+0.000,-0.232,+0.000,1100,0,
1785506249.6317,2026-07-31T09:57:29.631,68.830,693,,,,0,,,,0.5302,21.66,0.4563,-216.36,1,30.0,hold:DY,+0.000,+0.000,-0.242,+0.000,1100,0,
1785506249.7321,2026-07-31T09:57:29.732,68.931,694,,,,0,,,,0.5278,21.80,0.4539,-216.22,1,30.0,hold:DY,+0.000,+0.000,-0.244,+0.000,1100,0,
1785506249.8312,2026-07-31T09:57:29.831,69.030,695,,,,0,,,,0.5268,21.88,0.4529,-216.14,1,30.0,hold:DY,+0.000,+0.000,-0.247,+0.000,1100,0,
1785506249.9299,2026-07-31T09:57:29.929,69.129,696,,,,0,,,,0.5216,22.05,0.4477,-215.97,1,30.0,hold:DY,+0.000,+0.000,-0.250,+0.000,1100,0,
1785506250.0297,2026-07-31T09:57:30.029,69.228,697,,,,0,,,,0.5188,22.13,0.4449,-215.89,1,30.0,hold:DY,+0.000,+0.000,-0.261,+0.039,1100,0,
1785506250.1314,2026-07-31T09:57:30.131,69.330,698,,,,0,,,,0.5204,22.33,0.4464,-215.69,1,30.0,hold:DY,+0.000,+0.000,-0.258,+0.044,1100,0,
1785506250.2300,2026-07-31T09:57:30.230,69.429,699,,,,0,,,,0.5178,22.54,0.4438,-215.48,1,30.0,hold:DY,+0.000,+0.000,-0.262,+0.047,1100,0,
1785506250.3294,2026-07-31T09:57:30.329,69.528,700,,,,0,,,,0.5135,22.65,0.4396,-215.37,1,30.0,hold:DY,+0.000,+0.000,-0.271,+0.051,1100,0,
1785506250.4284,2026-07-31T09:57:30.428,69.627,701,,,,0,,,,0.5140,22.86,0.4401,-215.16,1,30.0,hold:DY,+0.000,+0.000,-0.280,+0.054,1100,0,
1785506250.5270,2026-07-31T09:57:30.526,69.726,702,,,,0,,,,0.5096,22.96,0.4357,-215.06,1,30.0,hold:DY,+0.000,+0.000,-0.279,+0.059,1100,0,
1785506250.6265,2026-07-31T09:57:30.626,69.825,703,,,,0,,,,0.5047,23.17,0.4308,-214.85,1,30.0,hold:DY,+0.000,+0.000,-0.289,+0.064,1100,0,
1785506250.7254,2026-07-31T09:57:30.725,69.924,704,,,,0,,,,0.5037,23.39,0.4298,-214.63,1,30.0,hold:DY,+0.000,+0.000,-0.282,+0.068,1100,0,
1785506250.8245,2026-07-31T09:57:30.824,70.023,705,,,,0,,,,0.5011,23.49,0.4272,-214.53,1,30.0,hold:DY,+0.000,+0.000,-0.296,+0.073,1100,0,
1785506250.9234,2026-07-31T09:57:30.923,70.122,706,,,,0,,,,0.5003,23.72,0.4264,-214.30,1,30.0,hold:DY,+0.000,+0.000,-0.297,+0.076,1100,0,
1785506251.0222,2026-07-31T09:57:31.022,70.221,707,,,,0,,,,0.4982,23.84,0.4243,-214.18,1,30.0,hold:DY,+0.000,+0.000,-0.302,+0.082,1100,0,
1785506251.1212,2026-07-31T09:57:31.121,70.320,708,,,,0,,,,0.4934,24.08,0.4195,-213.94,1,30.0,hold:DY,+0.000,+0.000,-0.304,+0.085,1100,0,
1785506251.2207,2026-07-31T09:57:31.220,70.419,709,,,,0,,,,0.4918,24.20,0.4179,-213.82,1,30.0,hold:DY,+0.000,+0.000,-0.314,+0.091,1100,0,
1785506251.3190,2026-07-31T09:57:31.319,70.518,710,,,,0,,,,0.4892,24.44,0.4153,-213.58,1,30.0,hold:DY,+0.000,+0.000,-0.315,+0.095,1100,0,
1785506251.4180,2026-07-31T09:57:31.418,70.617,711,,,,0,,,,0.4870,24.68,0.4131,-213.34,1,30.0,hold:DY,+0.000,+0.000,-0.331,+0.101,1100,0,
1785506251.5176,2026-07-31T09:57:31.517,70.716,712,,,,0,,,,0.4799,24.81,0.4060,-213.21,1,30.0,hold:DY,+0.000,+0.000,-0.339,+0.108,1100,0,
1785506251.6159,2026-07-31T09:57:31.615,70.815,713,,,,0,,,,0.4758,25.05,0.4019,-212.97,1,30.0,hold:DY,+0.000,+0.000,-0.340,+0.112,1100,0,
1785506251.7155,2026-07-31T09:57:31.715,70.914,714,,,,0,,,,0.4759,25.17,0.4020,-212.85,1,30.0,hold:DY,+0.000,+0.000,-0.348,+0.118,1100,0,
1785506251.8140,2026-07-31T09:57:31.814,71.013,715,,,,0,,,,0.4735,25.43,0.3996,-212.59,1,30.0,hold:DY,+0.000,+0.000,-0.354,+0.125,1100,0,
1785506251.9142,2026-07-31T09:57:31.914,71.113,716,,,,0,,,,0.4675,25.67,0.3936,-212.35,1,30.0,hold:DY,+0.000,+0.000,-0.369,+0.129,1100,0,
1785506252.0136,2026-07-31T09:57:32.013,71.212,717,,,,0,,,,0.4647,25.79,0.3908,-212.23,1,30.0,hold:DY,+0.000,+0.000,-0.374,+0.136,1100,0,
1785506252.1128,2026-07-31T09:57:32.112,71.312,718,,,,0,,,,0.4637,26.03,0.3898,-211.99,1,30.0,hold:DY,+0.000,+0.000,-0.370,+0.140,1100,0,
1785506252.2122,2026-07-31T09:57:32.212,71.411,719,,,,0,,,,0.4617,26.16,0.3878,-211.86,1,30.0,hold:DY,+0.000,+0.000,-0.383,+0.147,1100,0,
1785506252.3114,2026-07-31T09:57:32.311,71.510,720,,,,0,,,,0.4560,26.44,0.3821,-211.58,1,30.0,hold:DY,+0.000,+0.000,-0.396,+0.155,1100,0,
1785506252.4115,2026-07-31T09:57:32.411,71.610,721,,,,0,,,,0.4581,26.69,0.3842,-211.33,1,30.0,hold:DY,+0.000,+0.000,-0.403,+0.160,1100,0,
1785506252.5104,2026-07-31T09:57:32.510,71.709,722,,,,0,,,,0.4553,26.80,0.3814,-211.22,1,30.0,hold:DY,+0.000,+0.000,-0.401,+0.167,1100,0,
1785506252.6096,2026-07-31T09:57:32.609,71.808,723,,,,0,,,,0.4502,26.97,0.3762,-211.05,1,30.0,hold:DY,+0.000,+0.000,-0.402,+0.171,1100,0,
1785506252.7080,2026-07-31T09:57:32.708,71.907,724,,,,0,,,,0.4522,27.05,0.3783,-210.97,1,30.0,hold:DY,+0.000,+0.000,-0.411,+0.177,1100,0,
1785506252.8081,2026-07-31T09:57:32.808,72.007,725,,,,0,,,,0.4492,27.19,0.3753,-210.83,1,30.0,hold:DY,+0.000,+0.000,-0.419,+0.182,1100,0,
1785506252.9071,2026-07-31T09:57:32.907,72.106,726,,,,0,,,,0.4500,27.30,0.3761,-210.73,1,30.0,hold:DY,+0.000,+0.000,-0.418,+0.186,1100,0,
1785506253.0066,2026-07-31T09:57:33.006,72.205,727,,,,0,,,,0.4493,27.34,0.3754,-210.68,1,30.0,hold:DY,+0.000,+0.000,-0.423,+0.191,1100,0,
1785506253.1059,2026-07-31T09:57:33.105,72.305,728,,,,0,,,,0.4476,27.37,0.3737,-210.65,1,30.0,hold:DY,+0.000,+0.000,-0.427,+0.194,1100,0,
1785506253.2057,2026-07-31T09:57:33.205,72.404,729,,,,0,,,,0.4478,27.30,0.3739,-210.72,1,30.0,hold:DY,+0.000,+0.000,-0.430,+0.196,1100,0,
1785506253.3058,2026-07-31T09:57:33.305,72.505,730,,,,0,,,,0.4446,27.05,0.3707,-210.97,1,30.0,hold:DY,+0.000,+0.000,-0.438,+0.194,1100,0,
1785506253.4067,2026-07-31T09:57:33.406,72.605,731,,,,0,,,,0.4459,26.73,0.3720,-211.29,1,30.0,hold:DY,+0.000,+0.000,-0.440,+0.194,1100,0,
1785506253.5053,2026-07-31T09:57:33.505,72.704,732,,,,0,,,,0.4473,26.53,0.3734,-211.49,1,30.0,hold:DY,+0.000,+0.000,-0.437,+0.190,1100,0,
1785506253.6041,2026-07-31T09:57:33.604,72.803,733,,,,0,,,,0.4469,26.06,0.3729,-211.96,1,30.0,hold:DY,+0.000,+0.000,-0.439,+0.188,1100,0,
1785506253.7048,2026-07-31T09:57:33.704,72.903,734,,,,0,,,,0.4480,25.79,0.3741,-212.23,1,30.0,hold:DY,+0.000,+0.000,-0.440,+0.182,1100,0,
1785506253.8037,2026-07-31T09:57:33.803,73.002,735,,,,0,,,,0.4509,25.29,0.3770,-212.73,1,30.0,hold:DY,+0.000,+0.000,-0.447,+0.179,1100,0,
1785506253.9020,2026-07-31T09:57:33.902,73.101,736,,,,0,,,,0.4505,24.94,0.3766,-213.08,1,30.0,hold:DY,+0.000,+0.000,-0.433,+0.173,1100,0,
1785506254.0012,2026-07-31T09:57:34.001,73.200,737,,,,0,,,,0.4541,24.79,0.3802,-213.23,1,30.0,hold:DY,+0.000,+0.000,-0.434,+0.170,1100,0,
1785506254.1003,2026-07-31T09:57:34.100,73.299,738,,,,0,,,,0.4558,24.58,0.3818,-213.44,1,30.0,hold:DY,+0.000,+0.000,-0.437,+0.170,1100,0,
1785506254.1993,2026-07-31T09:57:34.199,73.398,739,,,,0,,,,0.4571,24.52,0.3832,-213.50,1,30.0,hold:DY,+0.000,+0.000,-0.431,+0.169,1100,0,
1785506254.2974,2026-07-31T09:57:34.297,73.496,740,,,,0,,,,0.4585,24.48,0.3846,-213.54,1,30.0,hold:DY,+0.000,+0.000,-0.424,+0.170,1100,0,
1785506254.3961,2026-07-31T09:57:34.396,73.595,741,,,,0,,,,0.4641,24.52,0.3902,-213.50,1,30.0,hold:DY,+0.000,+0.000,-0.425,+0.172,1100,0,
1785506254.4965,2026-07-31T09:57:34.496,73.695,742,,,,0,,,,0.4612,24.52,0.3873,-213.51,1,30.0,hold:DY,+0.000,+0.000,-0.422,+0.174,1100,0,
1785506254.5958,2026-07-31T09:57:34.595,73.794,743,,,,0,,,,0.4661,24.47,0.3922,-213.55,1,30.0,hold:DY,+0.000,+0.000,-0.421,+0.175,1100,0,
1785506254.6939,2026-07-31T09:57:34.693,73.893,744,,,,0,,,,0.4729,24.45,0.3989,-213.57,1,30.0,hold:DY,+0.000,+0.000,-0.407,+0.176,1100,0,
1785506254.7946,2026-07-31T09:57:34.794,73.993,745,,,,0,,,,0.4735,24.38,0.3996,-213.64,1,30.0,hold:DY,+0.000,+0.000,-0.421,+0.177,1100,0,
1785506254.8932,2026-07-31T09:57:34.893,74.092,746,,,,0,,,,0.4732,24.36,0.3993,-213.66,1,30.0,hold:DY,+0.000,+0.000,-0.409,+0.178,1100,0,
1785506254.9924,2026-07-31T09:57:34.992,74.191,747,,,,0,,,,0.4837,24.40,0.4098,-213.62,1,30.0,hold:DY,+0.000,+0.000,-0.400,+0.180,1100,0,
1785506255.0913,2026-07-31T09:57:35.091,74.290,748,,,,0,,,,0.4831,24.45,0.4092,-213.57,1,30.0,hold:DY,+0.000,+0.000,-0.390,+0.183,1100,0,
1785506255.1905,2026-07-31T09:57:35.190,74.389,749,,,,0,,,,0.4846,24.55,0.4107,-213.47,1,30.0,hold:DY,+0.000,+0.000,-0.387,+0.187,1100,0,
1785506255.2893,2026-07-31T09:57:35.289,74.488,750,,,,0,,,,0.4850,24.57,0.4111,-213.45,1,30.0,hold:DY,+0.000,+0.000,-0.389,+0.189,1100,0,
1785506255.3889,2026-07-31T09:57:35.388,74.588,751,,,,0,,,,0.4854,24.53,0.4115,-213.49,1,30.0,hold:DY,+0.000,+0.000,-0.385,+0.190,1100,0,
1785506255.4871,2026-07-31T09:57:35.487,74.686,752,,,,0,,,,0.4914,24.16,0.4175,-213.86,1,30.0,hold:DY,+0.000,+0.000,-0.376,+0.189,1100,0,
1785506255.5861,2026-07-31T09:57:35.586,74.785,753,,,,0,,,,0.4982,23.91,0.4243,-214.11,1,30.0,hold:DY,+0.000,+0.000,-0.360,+0.182,1100,0,
1785506255.6852,2026-07-31T09:57:35.685,74.884,754,,,,0,,,,0.4983,23.36,0.4244,-214.66,1,30.0,hold:DY,+0.000,+0.000,-0.359,+0.174,1100,0,
1785506255.7850,2026-07-31T09:57:35.784,74.984,755,,,,0,,,,0.5064,22.80,0.4325,-215.22,1,30.0,hold:DY,+0.000,+0.000,-0.350,+0.170,1100,0,
1785506255.8844,2026-07-31T09:57:35.884,75.083,756,,,,0,,,,0.5077,22.56,0.4338,-215.46,1,30.0,hold:DY,+0.000,+0.000,-0.341,+0.162,1100,0,
1785506255.9850,2026-07-31T09:57:35.985,75.184,757,,,,0,,,,0.5080,22.11,0.4341,-215.91,1,30.0,hold:DY,+0.000,+0.000,-0.343,+0.159,1100,0,
1785506256.0847,2026-07-31T09:57:36.084,75.283,758,,,,0,,,,0.5090,21.75,0.4351,-216.27,1,30.0,hold:DY,+0.000,+0.000,-0.340,+0.000,1100,0,
1785506256.1833,2026-07-31T09:57:36.183,75.382,759,,,,0,,,,0.5078,21.61,0.4339,-216.41,1,30.0,hold:DY,+0.000,+0.000,-0.340,+0.000,1100,0,
1785506256.2837,2026-07-31T09:57:36.283,75.482,760,,,,0,,,,0.5110,21.37,0.4371,-216.65,1,30.0,hold:DY,+0.000,+0.000,-0.330,+0.000,1100,0,
1785506256.3828,2026-07-31T09:57:36.382,75.582,761,,,,0,,,,0.5175,21.28,0.4436,-216.74,1,30.0,hold:DY,+0.000,+0.000,-0.321,+0.000,1100,0,
1785506256.4817,2026-07-31T09:57:36.481,75.680,762,,,,0,,,,0.5191,21.12,0.4452,-216.90,1,30.0,hold:DY,+0.000,+0.000,-0.318,+0.000,1100,0,
1785506256.5814,2026-07-31T09:57:36.581,75.780,763,,,,0,,,,0.5225,21.03,0.4486,-216.99,1,30.0,hold:DY,+0.000,+0.000,-0.316,+0.000,1100,0,
1785506256.6806,2026-07-31T09:57:36.680,75.879,764,,,,0,,,,0.5236,21.01,0.4497,-217.01,1,30.0,hold:DY,+0.000,+0.000,-0.308,+0.000,1100,0,
1785506256.7792,2026-07-31T09:57:36.779,75.978,765,,,,0,,,,0.5244,21.04,0.4505,-216.98,1,30.0,hold:DY,+0.000,+0.000,-0.312,+0.000,1100,0,
1785506256.8791,2026-07-31T09:57:36.879,76.078,766,,,,0,,,,0.5295,21.08,0.4555,-216.94,1,30.0,hold:DY,+0.000,+0.000,-0.294,+0.000,1100,0,
1785506256.9788,2026-07-31T09:57:36.978,76.177,767,,,,0,,,,0.5272,21.19,0.4533,-216.83,1,30.0,hold:DY,+0.000,+0.000,-0.300,+0.000,1100,0,
1785506257.0773,2026-07-31T09:57:37.077,76.276,768,,,,0,,,,0.5272,21.33,0.4533,-216.69,1,30.0,hold:DY,+0.000,+0.000,-0.293,+0.000,1100,0,
1785506257.1771,2026-07-31T09:57:37.177,76.376,769,,,,0,,,,0.5309,21.42,0.4570,-216.60,1,30.0,hold:DY,+0.000,+0.000,-0.288,+0.000,1100,0,
1785506257.2764,2026-07-31T09:57:37.276,76.475,770,,,,0,,,,0.5294,21.62,0.4555,-216.40,1,30.0,hold:DY,+0.000,+0.000,-0.293,+0.000,1100,0,
1785506257.3761,2026-07-31T09:57:37.376,76.575,771,,,,0,,,,0.5315,21.73,0.4576,-216.29,1,30.0,hold:DY,+0.000,+0.000,-0.284,+0.000,1100,0,
1785506257.4752,2026-07-31T09:57:37.475,76.674,772,,,,0,,,,0.5313,21.96,0.4574,-216.06,1,30.0,hold:DY,+0.000,+0.000,-0.279,+0.000,1100,0,
1785506257.5745,2026-07-31T09:57:37.574,76.773,773,,,,0,,,,0.5366,22.20,0.4627,-215.82,1,30.0,hold:DY,+0.000,+0.000,-0.284,+0.038,1100,0,
1785506257.6732,2026-07-31T09:57:37.673,76.872,774,,,,0,,,,0.5275,22.33,0.4536,-215.69,1,30.0,hold:DY,+0.000,+0.000,-0.289,+0.043,1100,0,
1785506257.7741,2026-07-31T09:57:37.774,76.973,775,,,,0,,,,0.5316,22.59,0.4577,-215.43,1,30.0,hold:DY,+0.000,+0.000,-0.291,+0.046,1100,0,
1785506257.8736,2026-07-31T09:57:37.873,77.072,776,,,,0,,,,0.5291,22.74,0.4552,-215.28,1,30.0,hold:DY,+0.000,+0.000,-0.283,+0.052,1100,0,
1785506257.9724,2026-07-31T09:57:37.972,77.171,777,,,,0,,,,0.5328,23.01,0.4589,-215.01,1,30.0,hold:DY,+0.000,+0.000,-0.280,+0.056,1100,0,
1785506258.0720,2026-07-31T09:57:38.072,77.271,778,,,,0,,,,0.5321,23.16,0.4582,-214.86,1,30.0,hold:DY,+0.000,+0.000,-0.274,+0.062,1100,0,
1785506258.1703,2026-07-31T09:57:38.170,77.369,779,,,,0,,,,0.5273,23.46,0.4534,-214.56,1,30.0,hold:DY,+0.000,+0.000,-0.283,+0.069,1100,0,
1785506258.2705,2026-07-31T09:57:38.270,77.469,780,,,,0,,,,0.5309,23.76,0.4570,-214.26,1,30.0,hold:DY,+0.000,+0.000,-0.288,+0.073,1100,0,
1785506258.3694,2026-07-31T09:57:38.369,77.568,781,,,,0,,,,0.5256,23.91,0.4517,-214.11,1,30.0,hold:DY,+0.000,+0.000,-0.284,+0.080,1100,0,
1785506258.4688,2026-07-31T09:57:38.468,77.667,782,,,,0,,,,0.5229,24.22,0.4490,-213.80,1,30.0,hold:DY,+0.000,+0.000,-0.287,+0.084,1100,0,
1785506258.5673,2026-07-31T09:57:38.567,77.766,783,,,,0,,,,0.5245,24.38,0.4506,-213.64,1,30.0,hold:DY,+0.000,+0.000,-0.285,+0.092,1100,0,
1785506258.6667,2026-07-31T09:57:38.666,77.865,784,,,,0,,,,0.5227,24.69,0.4488,-213.33,1,30.0,hold:DY,+0.000,+0.000,-0.283,+0.096,1100,0,
1785506258.7670,2026-07-31T09:57:38.767,77.966,785,,,,0,,,,0.5199,24.85,0.4460,-213.17,1,30.0,hold:DY,+0.000,+0.000,-0.292,+0.104,1100,0,
1785506258.8655,2026-07-31T09:57:38.865,78.064,786,,,,0,,,,0.5209,25.18,0.4470,-212.84,1,30.0,hold:DY,+0.000,+0.000,-0.290,+0.112,1100,0,
1785506258.9643,2026-07-31T09:57:38.964,78.163,787,,,,0,,,,0.5199,25.49,0.4460,-212.53,1,30.0,hold:DY,+0.000,+0.000,-0.286,+0.117,1100,0,
1785506259.0634,2026-07-31T09:57:39.063,78.262,788,,,,0,,,,0.5170,25.64,0.4431,-212.38,1,30.0,hold:DY,+0.000,+0.000,-0.297,+0.124,1100,0,
1785506259.1626,2026-07-31T09:57:39.162,78.361,789,,,,0,,,,0.5143,25.95,0.4404,-212.07,1,30.0,hold:DY,+0.000,+0.000,-0.303,+0.130,1100,0,
1785506259.2620,2026-07-31T09:57:39.262,78.461,790,,,,0,,,,0.5147,26.11,0.4408,-211.91,1,30.0,hold:DY,+0.000,+0.000,-0.301,+0.138,1100,0,
1785506259.3603,2026-07-31T09:57:39.360,78.559,791,,,,0,,,,0.5132,26.42,0.4393,-211.60,1,30.0,hold:DY,+0.000,+0.000,-0.315,+0.143,1100,0,
1785506259.4594,2026-07-31T09:57:39.459,78.658,792,,,,0,,,,0.5099,26.72,0.4360,-211.30,1,30.0,hold:DY,+0.000,+0.000,-0.317,+0.151,1100,0,
1785506259.5589,2026-07-31T09:57:39.558,78.758,793,,,,0,,,,0.5067,26.87,0.4327,-211.15,1,30.0,hold:DY,+0.000,+0.000,-0.317,+0.159,1100,0,
1785506259.6576,2026-07-31T09:57:39.657,78.856,794,,,,0,,,,0.5065,27.17,0.4326,-210.85,1,30.0,hold:DY,+0.000,+0.000,-0.311,+0.165,1100,0,
1785506259.7570,2026-07-31T09:57:39.757,78.956,795,,,,0,,,,0.5060,27.29,0.4321,-210.73,1,30.0,hold:DY,+0.000,+0.000,-0.319,+0.172,1100,0,
1785506259.8561,2026-07-31T09:57:39.856,79.055,796,,,,0,,,,0.4989,27.50,0.4250,-210.52,1,30.0,hold:DY,+0.000,+0.000,-0.327,+0.177,1100,0,
1785506259.9547,2026-07-31T09:57:39.954,79.153,797,,,,0,,,,0.4978,27.67,0.4239,-210.35,1,30.0,hold:DY,+0.000,+0.000,-0.327,+0.184,1100,0,
1785506260.0535,2026-07-31T09:57:40.053,79.252,798,,,,0,,,,0.5030,27.75,0.4291,-210.27,1,30.0,hold:DY,+0.000,+0.000,-0.325,+0.189,1100,0,
1785506260.1527,2026-07-31T09:57:40.152,79.351,799,,,,0,,,,0.4921,27.85,0.4182,-210.17,1,30.0,hold:DY,+0.000,+0.000,-0.343,+0.194,1100,0,
1785506260.2527,2026-07-31T09:57:40.252,79.451,800,,,,0,,,,0.4928,27.81,0.4189,-210.21,1,30.0,hold:DY,+0.000,+0.000,-0.345,+0.197,1100,0,
1785506260.3515,2026-07-31T09:57:40.351,79.550,801,,,,0,,,,0.4926,27.61,0.4187,-210.41,1,30.0,hold:DY,+0.000,+0.000,-0.346,+0.198,1100,0,
1785506260.4507,2026-07-31T09:57:40.450,79.649,802,,,,0,,,,0.4939,27.30,0.4200,-210.72,1,30.0,hold:DY,+0.000,+0.000,-0.351,+0.196,1100,0,
1785506260.5497,2026-07-31T09:57:40.549,79.748,803,,,,0,,,,0.4890,27.12,0.4151,-210.90,1,30.0,hold:DY,+0.000,+0.000,-0.353,+0.193,1100,0,
1785506260.6493,2026-07-31T09:57:40.649,79.848,804,,,,0,,,,0.4879,26.73,0.4140,-211.29,1,30.0,hold:DY,+0.000,+0.000,-0.363,+0.193,1100,0,
1785506260.7488,2026-07-31T09:57:40.748,79.947,805,,,,0,,,,0.4815,26.47,0.4076,-211.55,1,30.0,hold:DY,+0.000,+0.000,-0.368,+0.187,1100,0,
1785506260.8490,2026-07-31T09:57:40.849,80.048,806,,,,0,,,,0.4825,25.92,0.4085,-212.10,1,30.0,hold:DY,+0.000,+0.000,-0.361,+0.185,1100,0,
1785506260.9476,2026-07-31T09:57:40.947,80.146,807,,,,0,,,,0.4856,25.46,0.4117,-212.56,1,30.0,hold:DY,+0.000,+0.000,-0.360,+0.178,1100,0,
1785506261.0463,2026-07-31T09:57:41.046,80.245,808,,,,0,,,,0.4777,25.25,0.4038,-212.77,1,30.0,hold:DY,+0.000,+0.000,-0.376,+0.172,1100,0,
1785506261.1454,2026-07-31T09:57:41.145,80.344,809,,,,0,,,,0.4818,24.89,0.4078,-213.13,1,30.0,hold:DY,+0.000,+0.000,-0.370,+0.171,1100,0,
1785506261.2454,2026-07-31T09:57:41.245,80.444,810,,,,0,,,,0.4791,24.74,0.4052,-213.28,1,30.0,hold:DY,+0.000,+0.000,-0.374,+0.167,1100,0,
1785506261.3443,2026-07-31T09:57:41.344,80.543,811,,,,0,,,,0.4825,24.47,0.4086,-213.55,1,30.0,hold:DY,+0.000,+0.000,-0.373,+0.166,1100,0,
1785506261.4437,2026-07-31T09:57:41.443,80.642,812,,,,0,,,,0.4802,24.37,0.4063,-213.66,1,30.0,hold:DY,+0.000,+0.000,-0.372,+0.164,1100,0,
1785506261.5433,2026-07-31T09:57:41.543,80.742,813,,,,0,,,,0.4739,24.21,0.4000,-213.81,1,30.0,hold:DY,+0.000,+0.000,-0.385,+0.163,1100,0,
1785506261.6425,2026-07-31T09:57:41.642,80.841,814,,,,0,,,,0.4751,24.08,0.4012,-213.94,1,30.0,hold:DY,+0.000,+0.000,-0.380,+0.163,1100,0,
1785506261.7415,2026-07-31T09:57:41.741,80.940,815,,,,0,,,,0.4784,23.97,0.4045,-214.05,1,30.0,hold:DY,+0.000,+0.000,-0.378,+0.162,1100,0,
1785506261.8411,2026-07-31T09:57:41.841,81.040,816,,,,0,,,,0.4752,23.72,0.4013,-214.30,1,30.0,hold:DY,+0.000,+0.000,-0.388,+0.161,1100,0,
1785506261.9397,2026-07-31T09:57:41.939,81.138,817,,,,0,,,,0.4759,23.58,0.4020,-214.44,1,30.0,hold:DY,+0.000,+0.000,-0.385,+0.157,1100,0,
1785506262.0393,2026-07-31T09:57:42.039,81.238,818,,,,0,,,,0.4783,23.27,0.4044,-214.75,1,30.0,hold:DY,+0.000,+0.000,-0.382,+0.156,1100,0,
1785506262.1385,2026-07-31T09:57:42.138,81.337,819,,,,0,,,,0.4709,23.16,0.3970,-214.86,1,30.0,hold:DY,+0.000,+0.000,-0.397,+0.153,1100,0,
1785506262.2382,2026-07-31T09:57:42.238,81.437,820,,,,0,,,,0.4724,23.00,0.3985,-215.02,1,30.0,hold:DY,+0.000,+0.000,-0.395,+0.151,1100,0,
1785506262.3393,2026-07-31T09:57:42.339,81.538,821,,,,0,,,,0.4712,22.89,0.3973,-215.13,1,30.0,hold:DY,+0.000,+0.000,-0.392,+0.151,1100,0,
1785506262.4388,2026-07-31T09:57:42.438,81.638,822,,,,0,,,,0.4730,22.80,0.3991,-215.22,1,30.0,hold:DY,+0.000,+0.000,-0.396,+0.150,1100,0,
1785506262.5382,2026-07-31T09:57:42.538,81.737,823,,,,0,,,,0.4711,22.56,0.3972,-215.46,1,30.0,hold:DY,+0.000,+0.000,-0.401,+0.149,1100,0,
1785506262.6367,2026-07-31T09:57:42.636,81.835,824,,,,0,,,,0.4709,22.43,0.3970,-215.59,1,30.0,hold:DY,+0.000,+0.000,-0.402,+0.145,1100,0,
1785506262.7378,2026-07-31T09:57:42.737,81.937,825,,,,0,,,,0.4756,22.14,0.4017,-215.89,1,30.0,hold:DY,+0.000,+0.000,-0.394,+0.141,1100,0,
1785506262.8365,2026-07-31T09:57:42.836,82.035,826,,,,0,,,,0.4713,21.92,0.3974,-216.10,1,30.0,hold:DY,+0.000,+0.000,-0.393,+0.139,1100,0,
1785506262.9359,2026-07-31T09:57:42.935,82.135,827,,,,0,,,,0.4754,21.85,0.4015,-216.17,1,30.0,hold:DY,+0.000,+0.000,-0.397,+0.000,1100,0,
1785506263.0360,2026-07-31T09:57:43.035,82.235,828,,,,0,,,,0.4752,21.76,0.4013,-216.26,1,30.0,hold:DY,+0.000,+0.000,-0.389,+0.000,1100,0,
1785506263.1345,2026-07-31T09:57:43.134,82.333,829,,,,0,,,,0.4780,21.74,0.4040,-216.28,1,30.0,hold:DY,+0.000,+0.000,-0.393,+0.000,1100,0,
1785506263.2336,2026-07-31T09:57:43.233,82.432,830,,,,0,,,,0.4761,21.74,0.4022,-216.28,1,30.0,hold:DY,+0.000,+0.000,-0.398,+0.000,1100,0,
1785506263.3323,2026-07-31T09:57:43.332,82.531,831,,,,0,,,,0.4832,21.78,0.4092,-216.24,1,30.0,hold:DY,+0.000,+0.000,-0.383,+0.000,1100,0,
1785506263.4319,2026-07-31T09:57:43.431,82.631,832,,,,0,,,,0.4871,21.82,0.4132,-216.20,1,30.0,hold:DY,+0.000,+0.000,-0.376,+0.000,1100,0,
1785506263.5313,2026-07-31T09:57:43.531,82.730,833,,,,0,,,,0.4850,21.93,0.4111,-216.09,1,30.0,hold:DY,+0.000,+0.000,-0.384,+0.000,1100,0,
1785506263.6301,2026-07-31T09:57:43.630,82.829,834,,,,0,,,,0.4876,22.05,0.4137,-215.97,1,30.0,hold:DY,+0.000,+0.000,-0.380,+0.000,1100,0,
1785506263.7290,2026-07-31T09:57:43.729,82.928,835,,,,0,,,,0.4850,22.11,0.4111,-215.91,1,30.0,hold:DY,+0.000,+0.000,-0.380,+0.039,1100,0,
1785506263.8280,2026-07-31T09:57:43.827,83.027,836,,,,0,,,,0.4873,22.24,0.4134,-215.78,1,30.0,hold:DY,+0.000,+0.000,-0.374,+0.041,1100,0,
1785506263.9272,2026-07-31T09:57:43.927,83.126,837,,,,0,,,,0.4897,22.31,0.4158,-215.71,1,30.0,hold:DY,+0.000,+0.000,-0.371,+0.044,1100,0,
1785506264.0256,2026-07-31T09:57:44.025,83.224,838,,,,0,,,,0.4906,22.46,0.4167,-215.56,1,30.0,hold:DY,+0.000,+0.000,-0.365,+0.046,1100,0,
1785506264.1255,2026-07-31T09:57:44.125,83.324,839,,,,0,,,,0.4965,22.54,0.4226,-215.48,1,30.0,hold:DY,+0.000,+0.000,-0.357,+0.050,1100,0,
1785506264.2245,2026-07-31T09:57:44.224,83.423,840,,,,0,,,,0.4902,22.74,0.4163,-215.28,1,30.0,hold:DY,+0.000,+0.000,-0.370,+0.055,1100,0,
1785506264.3244,2026-07-31T09:57:44.324,83.523,841,,,,0,,,,0.4915,22.94,0.4176,-215.08,1,30.0,hold:DY,+0.000,+0.000,-0.359,+0.058,1100,0,
1785506264.4237,2026-07-31T09:57:44.423,83.622,842,,,,0,,,,0.4942,23.05,0.4203,-214.97,1,30.0,hold:DY,+0.000,+0.000,-0.362,+0.063,1100,0,
1785506264.5229,2026-07-31T09:57:44.522,83.722,843,,,,0,,,,0.4973,23.30,0.4234,-214.72,1,30.0,hold:DY,+0.000,+0.000,-0.357,+0.066,1100,0,
1785506264.6215,2026-07-31T09:57:44.621,83.820,844,,,,0,,,,0.4955,23.42,0.4216,-214.60,1,30.0,hold:DY,+0.000,+0.000,-0.359,+0.072,1100,0,
1785506264.7207,2026-07-31T09:57:44.720,83.919,845,,,,0,,,,0.4995,23.67,0.4256,-214.35,1,30.0,hold:DY,+0.000,+0.000,-0.351,+0.078,1100,0,
1785506264.8203,2026-07-31T09:57:44.820,84.019,846,,,,0,,,,0.5012,23.91,0.4273,-214.11,1,30.0,hold:DY,+0.000,+0.000,-0.354,+0.082,1100,0,
1785506264.9185,2026-07-31T09:57:44.918,84.117,847,,,,0,,,,0.5050,24.04,0.4311,-213.98,1,30.0,hold:DY,+0.000,+0.000,-0.340,+0.088,1100,0,
1785506265.0188,2026-07-31T09:57:45.018,84.217,848,,,,0,,,,0.5062,24.30,0.4323,-213.72,1,30.0,hold:DY,+0.000,+0.000,-0.340,+0.092,1100,0,
1785506265.1175,2026-07-31T09:57:45.117,84.316,849,,,,0,,,,0.5018,24.43,0.4279,-213.59,1,30.0,hold:DY,+0.000,+0.000,-0.347,+0.098,1100,0,
1785506265.2169,2026-07-31T09:57:45.216,84.416,850,,,,0,,,,0.5027,24.69,0.4288,-213.33,1,30.0,hold:DY,+0.000,+0.000,-0.342,+0.102,1100,0,
1785506265.3165,2026-07-31T09:57:45.316,84.515,851,,,,0,,,,0.5044,24.96,0.4305,-213.06,1,30.0,hold:DY,+0.000,+0.000,-0.347,+0.109,1100,0,
1785506265.4158,2026-07-31T09:57:45.415,84.615,852,,,,0,,,,0.5058,25.10,0.4319,-212.92,1,30.0,hold:DY,+0.000,+0.000,-0.339,+0.116,1100,0,
1785506265.5152,2026-07-31T09:57:45.515,84.714,853,,,,0,,,,0.5074,25.37,0.4335,-212.65,1,30.0,hold:DY,+0.000,+0.000,-0.338,+0.120,1100,0,
1785506265.6143,2026-07-31T09:57:45.614,84.813,854,,,,0,,,,0.5069,25.51,0.4330,-212.51,1,30.0,hold:DY,+0.000,+0.000,-0.337,+0.127,1100,0,
1785506265.7134,2026-07-31T09:57:45.713,84.912,855,,,,0,,,,0.5067,25.77,0.4328,-212.25,1,30.0,hold:DY,+0.000,+0.000,-0.342,+0.132,1100,0,
1785506265.8137,2026-07-31T09:57:45.813,85.012,856,,,,0,,,,0.5071,26.04,0.4332,-211.98,1,30.0,hold:DY,+0.000,+0.000,-0.335,+0.139,1100,0,
1785506265.9132,2026-07-31T09:57:45.913,85.112,857,,,,0,,,,0.5051,26.17,0.4312,-211.85,1,30.0,hold:DY,+0.000,+0.000,-0.340,+0.146,1100,0,
1785506266.0127,2026-07-31T09:57:46.012,85.211,858,,,,0,,,,0.5097,26.46,0.4358,-211.56,1,30.0,hold:DY,+0.000,+0.000,-0.336,+0.151,1100,0,
1785506266.1117,2026-07-31T09:57:46.111,85.310,859,,,,0,,,,0.5097,26.59,0.4358,-211.43,1,30.0,hold:DY,+0.000,+0.000,-0.331,+0.159,1100,0,
1785506266.2125,2026-07-31T09:57:46.212,85.411,860,,,,0,,,,0.5077,26.85,0.4337,-211.17,1,30.0,hold:DY,+0.000,+0.000,-0.341,+0.164,1100,0,
1785506266.3131,2026-07-31T09:57:46.313,85.512,861,,,,0,,,,0.5123,26.95,0.4384,-211.07,1,30.0,hold:DY,+0.000,+0.000,-0.326,+0.171,1100,0,
1785506266.4124,2026-07-31T09:57:46.412,85.611,862,,,,0,,,,0.5085,27.12,0.4345,-210.90,1,30.0,hold:DY,+0.000,+0.000,-0.333,+0.177,1100,0,
1785506266.5112,2026-07-31T09:57:46.511,85.710,863,,,,0,,,,0.5100,27.27,0.4361,-210.75,1,30.0,hold:DY,+0.000,+0.000,-0.335,+0.181,1100,0,
1785506266.6099,2026-07-31T09:57:46.609,85.809,864,,,,0,,,,0.5095,27.32,0.4356,-210.70,1,30.0,hold:DY,+0.000,+0.000,-0.331,+0.186,1100,0,
1785506266.7102,2026-07-31T09:57:46.710,85.909,865,,,,0,,,,0.5079,27.41,0.4340,-210.61,1,30.0,hold:DY,+0.000,+0.000,-0.336,+0.190,1100,0,
1785506266.8095,2026-07-31T09:57:46.809,86.008,866,,,,0,,,,0.5082,27.42,0.4342,-210.60,1,30.0,hold:DY,+0.000,+0.000,-0.334,+0.194,1100,0,
1785506266.9089,2026-07-31T09:57:46.908,86.108,867,,,,0,,,,0.5055,26.97,0.4316,-211.05,1,30.0,hold:DY,+0.000,+0.000,-0.330,+0.194,1100,0,
1785506267.0083,2026-07-31T09:57:47.008,86.207,868,,,,0,,,,0.5060,26.20,0.4321,-211.82,1,30.0,hold:DY,+0.000,+0.000,-0.336,+0.185,1100,0,
1785506267.1069,2026-07-31T09:57:47.106,86.306,869,,,,0,,,,0.5017,25.72,0.4278,-212.30,1,30.0,hold:DY,+0.000,+0.000,-0.347,+0.171,1100,0,
1785506267.2064,2026-07-31T09:57:47.206,86.405,870,,,,0,,,,0.4998,24.71,0.4258,-213.31,1,30.0,hold:DY,+0.000,+0.000,-0.347,+0.164,1100,0,
1785506267.3056,2026-07-31T09:57:47.305,86.504,871,,,,0,,,,0.5040,24.28,0.4301,-213.74,1,30.0,hold:DY,+0.000,+0.000,-0.342,+0.149,1100,0,
1785506267.4057,2026-07-31T09:57:47.405,86.604,872,,,,0,,,,0.5037,23.57,0.4298,-214.46,1,30.0,hold:DY,+0.000,+0.000,-0.343,+0.138,1100,0,
1785506267.5048,2026-07-31T09:57:47.504,86.703,873,,,,0,,,,0.4988,22.97,0.4249,-215.05,1,30.0,hold:DY,+0.000,+0.000,-0.356,+0.134,1100,0,
1785506267.6043,2026-07-31T09:57:47.604,86.803,874,,,,0,,,,0.5051,22.72,0.4312,-215.30,1,30.0,hold:DY,+0.000,+0.000,-0.340,+0.125,1100,0,
1785506267.7045,2026-07-31T09:57:47.704,86.903,875,,,,0,,,,0.5013,22.25,0.4274,-215.77,1,30.0,hold:DY,+0.000,+0.000,-0.344,+0.122,1100,0,
1785506267.8036,2026-07-31T09:57:47.803,87.002,876,,,,0,,,,0.5001,22.05,0.4262,-215.97,1,30.0,hold:DY,+0.000,+0.000,-0.350,+0.115,1100,0,
1785506267.9044,2026-07-31T09:57:47.904,87.103,877,,,,0,,,,0.5007,21.72,0.4268,-216.30,1,30.0,hold:DY,+0.000,+0.000,-0.349,+0.000,1100,0,
1785506268.0031,2026-07-31T09:57:48.003,87.202,878,,,,0,,,,0.4984,21.46,0.4245,-216.56,1,30.0,hold:DY,+0.000,+0.000,-0.348,+0.000,1100,0,
1785506268.1034,2026-07-31T09:57:48.103,87.302,879,,,,0,,,,0.5046,21.36,0.4307,-216.66,1,30.0,hold:DY,+0.000,+0.000,-0.341,+0.000,1100,0,
1785506268.2018,2026-07-31T09:57:48.201,87.400,880,,,,0,,,,0.5001,21.22,0.4262,-216.80,1,30.0,hold:DY,+0.000,+0.000,-0.343,+0.000,1100,0,
1785506268.3020,2026-07-31T09:57:48.302,87.501,881,,,,0,,,,0.5020,21.13,0.4281,-216.89,1,30.0,hold:DY,+0.000,+0.000,-0.356,+0.000,1100,0,
1785506268.4007,2026-07-31T09:57:48.400,87.599,882,,,,0,,,,0.5035,21.10,0.4295,-216.92,1,30.0,hold:DY,+0.000,+0.000,-0.343,+0.000,1100,0,
1785506268.5014,2026-07-31T09:57:48.501,87.700,883,,,,0,,,,0.5012,21.08,0.4273,-216.94,1,30.0,hold:DY,+0.000,+0.000,-0.343,+0.000,1100,0,
1785506268.6004,2026-07-31T09:57:48.600,87.799,884,,,,0,,,,0.4974,21.07,0.4235,-216.95,1,30.0,hold:DY,+0.000,+0.000,-0.355,+0.000,1100,0,
1785506268.6987,2026-07-31T09:57:48.698,87.897,885,,,,0,,,,0.4996,21.09,0.4257,-216.93,1,30.0,hold:DY,+0.000,+0.000,-0.354,+0.000,1100,0,
1785506268.7995,2026-07-31T09:57:48.799,87.998,886,,,,0,,,,0.5000,21.10,0.4261,-216.92,1,30.0,hold:DY,+0.000,+0.000,-0.350,+0.000,1100,0,
1785506268.8993,2026-07-31T09:57:48.899,88.098,887,,,,0,,,,0.4996,21.15,0.4257,-216.87,1,30.0,hold:DY,+0.000,+0.000,-0.351,+0.000,1100,0,
1785506268.9987,2026-07-31T09:57:48.998,88.197,888,,,,0,,,,0.5014,21.22,0.4275,-216.80,1,30.0,hold:DY,+0.000,+0.000,-0.357,+0.000,1100,0,
1785506269.0978,2026-07-31T09:57:49.097,88.297,889,,,,0,,,,0.4993,21.26,0.4254,-216.76,1,30.0,hold:DY,+0.000,+0.000,-0.352,+0.000,1100,0,
1785506269.1984,2026-07-31T09:57:49.198,88.397,890,,,,0,,,,0.4998,21.37,0.4259,-216.65,1,30.0,hold:DY,+0.000,+0.000,-0.342,+0.000,1100,0,
1785506269.2980,2026-07-31T09:57:49.298,88.497,891,,,,0,,,,0.4981,21.43,0.4242,-216.59,1,30.0,hold:DY,+0.000,+0.000,-0.354,+0.000,1100,0,
1785506269.3976,2026-07-31T09:57:49.397,88.596,892,,,,0,,,,0.4964,21.56,0.4225,-216.46,1,30.0,hold:DY,+0.000,+0.000,-0.358,+0.000,1100,0,
1785506269.4968,2026-07-31T09:57:49.496,88.696,893,,,,0,,,,0.4979,21.71,0.4240,-216.31,1,30.0,hold:DY,+0.000,+0.000,-0.356,+0.000,1100,0,
1785506269.5960,2026-07-31T09:57:49.596,88.795,894,,,,0,,,,0.4985,21.79,0.4246,-216.23,1,30.0,hold:DY,+0.000,+0.000,-0.353,+0.000,1100,0,
1785506269.6956,2026-07-31T09:57:49.695,88.894,895,,,,0,,,,0.4943,21.96,0.4204,-216.06,1,30.0,hold:DY,+0.000,+0.000,-0.355,+0.000,1100,0,
1785506269.7937,2026-07-31T09:57:49.793,88.992,896,,,,0,,,,0.4964,22.04,0.4224,-215.98,1,30.0,hold:DY,+0.000,+0.000,-0.358,+0.037,1100,0,
1785506269.8927,2026-07-31T09:57:49.892,89.091,897,,,,0,,,,0.4964,22.20,0.4225,-215.82,1,30.0,hold:DY,+0.000,+0.000,-0.360,+0.039,1100,0,
1785506269.9918,2026-07-31T09:57:49.991,89.191,898,,,,0,,,,0.4919,22.37,0.4180,-215.65,1,30.0,hold:DY,+0.000,+0.000,-0.356,+0.043,1100,0,
1785506270.0913,2026-07-31T09:57:50.091,89.290,899,,,,0,,,,0.4951,22.47,0.4212,-215.55,1,30.0,hold:DY,+0.000,+0.000,-0.360,+0.047,1100,0,
1785506270.1903,2026-07-31T09:57:50.190,89.389,900,,,,0,,,,0.4940,22.66,0.4201,-215.36,1,30.0,hold:DY,+0.000,+0.000,-0.361,+0.050,1100,0,
1785506270.2895,2026-07-31T09:57:50.289,89.488,901,,,,0,,,,0.4958,22.76,0.4219,-215.26,1,30.0,hold:DY,+0.000,+0.000,-0.359,+0.055,1100,0,
1785506270.3881,2026-07-31T09:57:50.388,89.587,902,,,,0,,,,0.4979,22.97,0.4240,-215.05,1,30.0,hold:DY,+0.000,+0.000,-0.358,+0.058,1100,0,
1785506270.4878,2026-07-31T09:57:50.487,89.686,903,,,,0,,,,0.4962,23.08,0.4223,-214.94,1,30.0,hold:DY,+0.000,+0.000,-0.358,+0.063,1100,0,
1785506270.5883,2026-07-31T09:57:50.588,89.787,904,,,,0,,,,0.4945,23.30,0.4205,-214.72,1,30.0,hold:DY,+0.000,+0.000,-0.357,+0.066,1100,0,
1785506270.6876,2026-07-31T09:57:50.687,89.886,905,,,,0,,,,0.4951,23.51,0.4212,-214.51,1,30.0,hold:DY,+0.000,+0.000,-0.357,+0.071,1100,0,
1785506270.7862,2026-07-31T09:57:50.786,89.985,906,,,,0,,,,0.4939,23.62,0.4199,-214.40,1,30.0,hold:DY,+0.000,+0.000,-0.363,+0.077,1100,0,
1785506270.8855,2026-07-31T09:57:50.885,90.084,907,,,,0,,,,0.4976,23.86,0.4237,-214.16,1,30.0,hold:DY,+0.000,+0.000,-0.361,+0.080,1100,0,
1785506270.9840,2026-07-31T09:57:50.984,90.183,908,,,,0,,,,0.4996,23.97,0.4257,-214.05,1,30.0,hold:DY,+0.000,+0.000,-0.351,+0.086,1100,0,
1785506271.0834,2026-07-31T09:57:51.083,90.282,909,,,,0,,,,0.4967,24.20,0.4228,-213.82,1,30.0,hold:DY,+0.000,+0.000,-0.355,+0.090,1100,0,
1785506271.1824,2026-07-31T09:57:51.182,90.381,910,,,,0,,,,0.4993,24.44,0.4254,-213.58,1,30.0,hold:DY,+0.000,+0.000,-0.352,+0.095,1100,0,
1785506271.2827,2026-07-31T09:57:51.282,90.481,911,,,,0,,,,0.4979,24.56,0.4240,-213.46,1,30.0,hold:DY,+0.000,+0.000,-0.354,+0.102,1100,0,
1785506271.3822,2026-07-31T09:57:51.382,90.581,912,,,,0,,,,0.4973,24.80,0.4234,-213.22,1,30.0,hold:DY,+0.000,+0.000,-0.360,+0.106,1100,0,
1785506271.4816,2026-07-31T09:57:51.481,90.680,913,,,,0,,,,0.4988,24.92,0.4249,-213.10,1,30.0,hold:DY,+0.000,+0.000,-0.353,+0.112,1100,0,
1785506271.5814,2026-07-31T09:57:51.581,90.780,914,,,,0,,,,0.4923,25.16,0.4184,-212.86,1,30.0,hold:DY,+0.000,+0.000,-0.355,+0.116,1100,0,
1785506271.6800,2026-07-31T09:57:51.680,90.879,915,,,,0,,,,0.5004,25.41,0.4265,-212.61,1,30.0,hold:DY,+0.000,+0.000,-0.349,+0.122,1100,0,
1785506271.7790,2026-07-31T09:57:51.779,90.978,916,,,,0,,,,0.4953,25.54,0.4214,-212.48,1,30.0,hold:DY,+0.000,+0.000,-0.360,+0.129,1100,0,
1785506271.8786,2026-07-31T09:57:51.878,91.077,917,,,,0,,,,0.4955,25.81,0.4216,-212.21,1,30.0,hold:DY,+0.000,+0.000,-0.349,+0.134,1100,0,
1785506271.9770,2026-07-31T09:57:51.977,91.176,918,,,,0,,,,0.4971,25.95,0.4232,-212.07,1,30.0,hold:DY,+0.000,+0.000,-0.356,+0.141,1100,0,
1785506272.0771,2026-07-31T09:57:52.077,91.276,919,,,,0,,,,0.4977,26.24,0.4238,-211.78,1,30.0,hold:DY,+0.000,+0.000,-0.359,+0.146,1100,0,
1785506272.1777,2026-07-31T09:57:52.177,91.376,920,,,,0,,,,0.4961,26.51,0.4222,-211.51,1,30.0,hold:DY,+0.000,+0.000,-0.356,+0.154,1100,0,
1785506272.2764,2026-07-31T09:57:52.276,91.475,921,,,,0,,,,0.4962,26.65,0.4223,-211.37,1,30.0,hold:DY,+0.000,+0.000,-0.358,+0.161,1100,0,
1785506272.3758,2026-07-31T09:57:52.375,91.574,922,,,,0,,,,0.4970,26.92,0.4231,-211.11,1,30.0,hold:DY,+0.000,+0.000,-0.368,+0.166,1100,0,
1785506272.4754,2026-07-31T09:57:52.475,91.674,923,,,,0,,,,0.4933,27.02,0.4194,-211.00,1,30.0,hold:DY,+0.000,+0.000,-0.364,+0.173,1100,0,
1785506272.5752,2026-07-31T09:57:52.575,91.774,924,,,,0,,,,0.4980,27.19,0.4241,-210.83,1,30.0,hold:DY,+0.000,+0.000,-0.354,+0.179,1100,0,
1785506272.6740,2026-07-31T09:57:52.673,91.873,925,,,,0,,,,0.4911,27.31,0.4172,-210.71,1,30.0,hold:DY,+0.000,+0.000,-0.358,+0.183,1100,0,
1785506272.7744,2026-07-31T09:57:52.774,91.973,926,,,,0,,,,0.4908,27.36,0.4169,-210.66,1,30.0,hold:DY,+0.000,+0.000,-0.369,+0.188,1100,0,
1785506272.8730,2026-07-31T09:57:52.872,92.072,927,,,,0,,,,0.4946,27.43,0.4207,-210.59,1,30.0,hold:DY,+0.000,+0.000,-0.366,+0.192,1100,0,
1785506272.9736,2026-07-31T09:57:52.973,92.172,928,,,,0,,,,0.4929,27.44,0.4190,-210.58,1,30.0,hold:DY,+0.000,+0.000,-0.365,+0.196,1100,0,
1785506273.0722,2026-07-31T09:57:53.072,92.271,929,,,,0,,,,0.4935,27.24,0.4196,-210.78,1,30.0,hold:DY,+0.000,+0.000,-0.364,+0.197,1100,0,
1785506273.1708,2026-07-31T09:57:53.170,92.370,930,,,,0,,,,0.4957,26.91,0.4218,-211.11,1,30.0,hold:DY,+0.000,+0.000,-0.371,+0.195,1100,0,
1785506273.2696,2026-07-31T09:57:53.269,92.468,931,,,,0,,,,0.4942,26.72,0.4203,-211.30,1,30.0,hold:DY,+0.000,+0.000,-0.362,+0.191,1100,0,
1785506273.3683,2026-07-31T09:57:53.368,92.567,932,,,,0,,,,0.4926,26.26,0.4187,-211.76,1,30.0,hold:DY,+0.000,+0.000,-0.367,+0.190,1100,0,
1785506273.4682,2026-07-31T09:57:53.468,92.667,933,,,,0,,,,0.4970,25.98,0.4231,-212.04,1,30.0,hold:DY,+0.000,+0.000,-0.356,+0.183,1100,0,
1785506273.5669,2026-07-31T09:57:53.566,92.766,934,,,,0,,,,0.4930,25.35,0.4191,-212.67,1,30.0,hold:DY,+0.000,+0.000,-0.364,+0.179,1100,0,
1785506273.6676,2026-07-31T09:57:53.667,92.866,935,,,,0,,,,0.4954,24.77,0.4215,-213.25,1,30.0,hold:DY,+0.000,+0.000,-0.361,+0.170,1100,0,
1785506273.7661,2026-07-31T09:57:53.766,92.965,936,,,,0,,,,0.4907,24.52,0.4168,-213.50,1,30.0,hold:DY,+0.000,+0.000,-0.369,+0.163,1100,0,
1785506273.8651,2026-07-31T09:57:53.865,93.064,937,,,,0,,,,0.4909,24.05,0.4170,-213.97,1,30.0,hold:DY,+0.000,+0.000,-0.356,+0.160,1100,0,
1785506273.9650,2026-07-31T09:57:53.965,93.164,938,,,,0,,,,0.4948,23.84,0.4209,-214.18,1,30.0,hold:DY,+0.000,+0.000,-0.361,+0.154,1100,0,
1785506274.0658,2026-07-31T09:57:54.065,93.265,939,,,,0,,,,0.4939,23.47,0.4200,-214.55,1,30.0,hold:DY,+0.000,+0.000,-0.362,+0.151,1100,0,
1785506274.1653,2026-07-31T09:57:54.165,93.364,940,,,,0,,,,0.4973,23.17,0.4234,-214.85,1,30.0,hold:DY,+0.000,+0.000,-0.365,+0.147,1100,0,
1785506274.2644,2026-07-31T09:57:54.264,93.463,941,,,,0,,,,0.4920,23.06,0.4181,-214.96,1,30.0,hold:DY,+0.000,+0.000,-0.366,+0.144,1100,0,
1785506274.3633,2026-07-31T09:57:54.363,93.562,942,,,,0,,,,0.4929,22.86,0.4190,-215.16,1,30.0,hold:DY,+0.000,+0.000,-0.369,+0.143,1100,0,
1785506274.4635,2026-07-31T09:57:54.463,93.662,943,,,,0,,,,0.4920,22.79,0.4181,-215.23,1,30.0,hold:DY,+0.000,+0.000,-0.366,+0.141,1100,0,
1785506274.5621,2026-07-31T09:57:54.562,93.761,944,,,,0,,,,0.4943,22.68,0.4204,-215.34,1,30.0,hold:DY,+0.000,+0.000,-0.370,+0.141,1100,0,
1785506274.6614,2026-07-31T09:57:54.661,93.860,945,,,,0,,,,0.4942,22.65,0.4203,-215.37,1,30.0,hold:DY,+0.000,+0.000,-0.362,+0.141,1100,0,
1785506274.7616,2026-07-31T09:57:54.761,93.960,946,,,,0,,,,0.4919,22.62,0.4180,-215.40,1,30.0,hold:DY,+0.000,+0.000,-0.366,+0.142,1100,0,
1785506274.8607,2026-07-31T09:57:54.860,94.059,947,,,,0,,,,0.4892,22.61,0.4153,-215.41,1,30.0,hold:DY,+0.000,+0.000,-0.372,+0.142,1100,0,
1785506274.9596,2026-07-31T09:57:54.959,94.158,948,,,,0,,,,0.4902,22.62,0.4163,-215.40,1,30.0,hold:DY,+0.000,+0.000,-0.370,+0.143,1100,0,
1785506275.0584,2026-07-31T09:57:55.058,94.257,949,,,,0,,,,0.4909,22.64,0.4170,-215.38,1,30.0,hold:DY,+0.000,+0.000,-0.366,+0.145,1100,0,
1785506275.1579,2026-07-31T09:57:55.157,94.357,950,,,,0,,,,0.4934,22.66,0.4194,-215.36,1,30.0,hold:DY,+0.000,+0.000,-0.364,+0.146,1100,0,
1785506275.2573,2026-07-31T09:57:55.257,94.456,951,,,,0,,,,0.4898,22.71,0.4158,-215.31,1,30.0,hold:DY,+0.000,+0.000,-0.365,+0.148,1100,0,
1785506275.3562,2026-07-31T09:57:55.356,94.555,952,,,,0,,,,0.4902,22.74,0.4163,-215.28,1,30.0,hold:DY,+0.000,+0.000,-0.370,+0.150,1100,0,
1785506275.4557,2026-07-31T09:57:55.455,94.654,953,,,,0,,,,0.4880,22.81,0.4141,-215.21,1,30.0,hold:DY,+0.000,+0.000,-0.374,+0.152,1100,0,
1785506275.5540,2026-07-31T09:57:55.554,94.753,954,,,,0,,,,0.4874,22.89,0.4135,-215.13,1,30.0,hold:DY,+0.000,+0.000,-0.373,+0.154,1100,0,
1785506275.6546,2026-07-31T09:57:55.654,94.853,955,,,,0,,,,0.4909,22.90,0.4170,-215.12,1,30.0,hold:DY,+0.000,+0.000,-0.369,+0.156,1100,0,
1785506275.7532,2026-07-31T09:57:55.753,94.952,956,,,,0,,,,0.4872,22.81,0.4133,-215.21,1,30.0,hold:DY,+0.000,+0.000,-0.371,+0.157,1100,0,
1785506275.8526,2026-07-31T09:57:55.852,95.051,957,,,,0,,,,0.4928,22.66,0.4189,-215.36,1,30.0,hold:DY,+0.000,+0.000,-0.375,+0.156,1100,0,
1785506275.9517,2026-07-31T09:57:55.951,95.150,958,,,,0,,,,0.4872,22.56,0.4133,-215.46,1,30.0,hold:DY,+0.000,+0.000,-0.376,+0.153,1100,0,
1785506276.0505,2026-07-31T09:57:56.050,95.249,959,,,,0,,,,0.4890,22.35,0.4151,-215.67,1,30.0,hold:DY,+0.000,+0.000,-0.371,+0.152,1100,0,
1785506276.1498,2026-07-31T09:57:56.149,95.348,960,,,,0,,,,0.4848,22.27,0.4109,-215.75,1,30.0,hold:DY,+0.000,+0.000,-0.381,+0.150,1100,0,
1785506276.2482,2026-07-31T09:57:56.248,95.447,961,,,,0,,,,0.4909,22.16,0.4170,-215.86,1,30.0,hold:DY,+0.000,+0.000,-0.374,+0.150,1100,0,
1785506276.3484,2026-07-31T09:57:56.348,95.547,962,,,,0,,,,0.4855,22.08,0.4116,-215.94,1,30.0,hold:DY,+0.000,+0.000,-0.374,+0.149,1100,0,
1785506276.4475,2026-07-31T09:57:56.447,95.646,963,,,,0,,,,0.4856,22.00,0.4117,-216.02,1,30.0,hold:DY,+0.000,+0.000,-0.379,+0.148,1100,0,
1785506276.5462,2026-07-31T09:57:56.546,95.745,964,,,,0,,,,0.4842,21.80,0.4103,-216.22,1,30.0,hold:DY,+0.000,+0.000,-0.381,+0.000,1100,0,
1785506276.6453,2026-07-31T09:57:56.645,95.844,965,,,,0,,,,0.4884,21.68,0.4145,-216.34,1,30.0,hold:DY,+0.000,+0.000,-0.373,+0.000,1100,0,
1785506276.7455,2026-07-31T09:57:56.745,95.944,966,,,,0,,,,0.4853,21.38,0.4114,-216.64,1,30.0,hold:DY,+0.000,+0.000,-0.377,+0.000,1100,0,
1785506276.8448,2026-07-31T09:57:56.844,96.043,967,,,,0,,,,0.4864,21.15,0.4125,-216.87,1,30.0,hold:DY,+0.000,+0.000,-0.380,+0.000,1100,0,
1785506276.9449,2026-07-31T09:57:56.944,96.144,968,,,,0,,,,0.4851,21.07,0.4111,-216.95,1,30.0,hold:DY,+0.000,+0.000,-0.380,+0.000,1100,0,
1785506277.0446,2026-07-31T09:57:57.044,96.243,969,,,,0,,,,0.4820,20.95,0.4081,-217.07,1,30.0,hold:DY,+0.000,+0.000,-0.383,+0.000,1100,0,
1785506277.1440,2026-07-31T09:57:57.144,96.343,970,,,,0,,,,0.4810,20.90,0.4071,-217.12,1,30.0,hold:DY,+0.000,+0.000,-0.388,+0.000,1100,0,
1785506277.2443,2026-07-31T09:57:57.244,96.443,971,,,,0,,,,0.4858,20.84,0.4119,-217.18,1,30.0,hold:DY,+0.000,+0.000,-0.381,+0.000,1100,0,
1785506277.3437,2026-07-31T09:57:57.343,96.542,972,,,,0,,,,0.4808,20.81,0.4069,-217.21,1,30.0,hold:DY,+0.000,+0.000,-0.387,+0.000,1100,0,
1785506277.4424,2026-07-31T09:57:57.442,96.641,973,,,,0,,,,0.4872,20.81,0.4133,-217.21,1,30.0,hold:DY,+0.000,+0.000,-0.376,+0.000,1100,0,
1785506277.5419,2026-07-31T09:57:57.541,96.741,974,,,,0,,,,0.4820,20.83,0.4081,-217.19,1,30.0,hold:DY,+0.000,+0.000,-0.390,+0.000,1100,0,
1785506277.6406,2026-07-31T09:57:57.640,96.839,975,,,,0,,,,0.4816,20.85,0.4077,-217.17,1,30.0,hold:DY,+0.000,+0.000,-0.387,+0.000,1100,0,
1785506277.7405,2026-07-31T09:57:57.740,96.939,976,,,,0,,,,0.4823,20.92,0.4084,-217.11,1,30.0,hold:DY,+0.000,+0.000,-0.383,+0.000,1100,0,
1785506277.8395,2026-07-31T09:57:57.839,97.038,977,,,,0,,,,0.4801,20.95,0.4062,-217.07,1,30.0,hold:DY,+0.000,+0.000,-0.390,+0.000,1100,0,
1785506277.9384,2026-07-31T09:57:57.938,97.137,978,,,,0,,,,0.4837,21.04,0.4098,-216.98,1,30.0,hold:DY,+0.000,+0.000,-0.383,+0.000,1100,0,
1785506278.0377,2026-07-31T09:57:58.037,97.236,979,,,,0,,,,0.4821,21.13,0.4082,-216.89,1,30.0,hold:DY,+0.000,+0.000,-0.392,+0.000,1100,0,
1785506278.1363,2026-07-31T09:57:58.136,97.335,980,,,,0,,,,0.4802,21.17,0.4063,-216.85,1,30.0,hold:DY,+0.000,+0.000,-0.391,+0.000,1100,0,
1785506278.2357,2026-07-31T09:57:58.235,97.434,981,,,,0,,,,0.4828,21.27,0.4089,-216.75,1,30.0,hold:DY,+0.000,+0.000,-0.389,+0.000,1100,0,
1785506278.3335,2026-07-31T09:57:58.333,97.532,982,,,,0,,,,0.4815,21.32,0.4076,-216.70,1,30.0,hold:DY,+0.000,+0.000,-0.388,+0.000,1100,0,
1785506278.4323,2026-07-31T09:57:58.432,97.631,983,,,,0,,,,0.4833,21.43,0.4094,-216.59,1,30.0,hold:DY,+0.000,+0.000,-0.390,+0.000,1100,0,
1785506278.5317,2026-07-31T09:57:58.531,97.730,984,,,,0,,,,0.4805,21.54,0.4066,-216.48,1,30.0,hold:DY,+0.000,+0.000,-0.389,+0.000,1100,0,
1785506278.6309,2026-07-31T09:57:58.630,97.830,985,,,,0,,,,0.4810,21.61,0.4071,-216.41,1,30.0,hold:DY,+0.000,+0.000,-0.389,+0.000,1100,0,
1785506278.7305,2026-07-31T09:57:58.730,97.929,986,,,,0,,,,0.4851,21.74,0.4112,-216.28,1,30.0,hold:DY,+0.000,+0.000,-0.388,+0.000,1100,0,
1785506278.8295,2026-07-31T09:57:58.829,98.028,987,,,,0,,,,0.4814,21.80,0.4075,-216.22,1,30.0,hold:DY,+0.000,+0.000,-0.388,+0.000,1100,0,
1785506278.9289,2026-07-31T09:57:58.928,98.128,988,,,,0,,,,0.4825,21.96,0.4086,-216.06,1,30.0,hold:DY,+0.000,+0.000,-0.384,+0.000,1100,0,
1785506279.0273,2026-07-31T09:57:59.027,98.226,989,,,,0,,,,0.4807,22.13,0.4068,-215.90,1,30.0,hold:DY,+0.000,+0.000,-0.386,+0.037,1100,0,
1785506279.1276,2026-07-31T09:57:59.127,98.326,990,,,,0,,,,0.4799,22.21,0.4060,-215.81,1,30.0,hold:DY,+0.000,+0.000,-0.390,+0.039,1100,0,
1785506279.2266,2026-07-31T09:57:59.226,98.425,991,,,,0,,,,0.4824,22.37,0.4085,-215.65,1,30.0,hold:DY,+0.000,+0.000,-0.394,+0.043,1100,0,
1785506279.3269,2026-07-31T09:57:59.326,98.526,992,,,,0,,,,0.4816,22.45,0.4077,-215.57,1,30.0,hold:DY,+0.000,+0.000,-0.388,+0.047,1100,0,
1785506279.4261,2026-07-31T09:57:59.426,98.625,993,,,,0,,,,0.4814,22.60,0.4075,-215.42,1,30.0,hold:DY,+0.000,+0.000,-0.378,+0.049,1100,0,
1785506279.5261,2026-07-31T09:57:59.526,98.725,994,,,,0,,,,0.4802,22.69,0.4063,-215.33,1,30.0,hold:DY,+0.000,+0.000,-0.391,+0.053,1100,0,
1785506279.6265,2026-07-31T09:57:59.626,98.825,995,,,,0,,,,0.4861,22.84,0.4122,-215.18,1,30.0,hold:DY,+0.000,+0.000,-0.396,+0.056,1100,0,
1785506279.7254,2026-07-31T09:57:59.725,98.924,996,,,,0,,,,0.4889,22.98,0.4150,-215.04,1,30.0,hold:DY,+0.000,+0.000,-0.397,+0.060,1100,0,
1785506279.8261,2026-07-31T09:57:59.826,99.025,997,,,,0,,,,0.4855,23.05,0.4115,-214.97,1,30.0,hold:DY,+0.000,+0.000,-0.382,+0.063,1100,0,
1785506279.9245,2026-07-31T09:57:59.924,99.123,998,,,,0,,,,0.4844,23.19,0.4104,-214.83,1,30.0,hold:DY,+0.000,+0.000,-0.390,+0.066,1100,0,
1785506280.0247,2026-07-31T09:58:00.024,99.223,999,,,,0,,,,0.4863,23.27,0.4124,-214.75,1,30.0,hold:DY,+0.000,+0.000,-0.380,+0.070,1100,0,
1785506280.1240,2026-07-31T09:58:00.124,99.323,1000,,,,0,,,,0.4841,23.42,0.4102,-214.60,1,30.0,hold:DY,+0.000,+0.000,-0.382,+0.072,1100,0,
1785506280.2228,2026-07-31T09:58:00.222,99.421,1001,,,,0,,,,0.4845,23.54,0.4106,-214.48,1,30.0,hold:DY,+0.000,+0.000,-0.378,+0.076,1100,0,
1785506280.3222,2026-07-31T09:58:00.322,99.521,1002,,,,0,,,,0.4866,23.60,0.4127,-214.42,1,30.0,hold:DY,+0.000,+0.000,-0.380,+0.080,1100,0,
1785506280.4215,2026-07-31T09:58:00.421,99.620,1003,,,,0,,,,0.4878,23.71,0.4139,-214.31,1,30.0,hold:DY,+0.000,+0.000,-0.379,+0.082,1100,0,
1785506280.5221,2026-07-31T09:58:00.522,99.721,1004,,,,0,,,,0.4859,23.82,0.4120,-214.20,1,30.0,hold:DY,+0.000,+0.000,-0.379,+0.086,1100,0,
1785506280.6227,2026-07-31T09:58:00.622,99.821,1005,,,,0,,,,0.4845,23.86,0.4106,-214.16,1,30.0,hold:DY,+0.000,+0.000,-0.384,+0.089,1100,0,
1785506280.7213,2026-07-31T09:58:00.721,99.920,1006,,,,0,,,,0.4847,23.97,0.4108,-214.05,1,30.0,hold:DY,+0.000,+0.000,-0.376,+0.092,1100,0,
1785506280.8219,2026-07-31T09:58:00.821,100.021,1007,,,,0,,,,0.4820,24.01,0.4081,-214.01,1,30.0,hold:DY,+0.000,+0.000,-0.389,+0.095,1100,0,
1785506280.9203,2026-07-31T09:58:00.920,100.119,1008,,,,0,,,,0.4853,24.10,0.4113,-213.92,1,30.0,hold:DY,+0.000,+0.000,-0.377,+0.097,1100,0,
1785506281.0212,2026-07-31T09:58:01.021,100.220,1009,,,,0,,,,0.4877,24.18,0.4138,-213.84,1,30.0,hold:DY,+0.000,+0.000,-0.374,+0.101,1100,0,
1785506281.1210,2026-07-31T09:58:01.121,100.320,1010,,,,0,,,,0.4877,24.23,0.4138,-213.79,1,30.0,hold:DY,+0.000,+0.000,-0.377,+0.104,1100,0,
1785506281.2195,2026-07-31T09:58:01.219,100.418,1011,,,,0,,,,0.4848,24.31,0.4109,-213.71,1,30.0,hold:DY,+0.000,+0.000,-0.384,+0.106,1100,0,
1785506281.3198,2026-07-31T09:58:01.319,100.519,1012,,,,0,,,,0.4890,24.35,0.4151,-213.67,1,30.0,hold:DY,+0.000,+0.000,-0.375,+0.109,1100,0,
1785506281.4184,2026-07-31T09:58:01.418,100.617,1013,,,,0,,,,0.4880,24.42,0.4141,-213.60,1,30.0,hold:DY,+0.000,+0.000,-0.379,+0.112,1100,0,
1785506281.5188,2026-07-31T09:58:01.518,100.717,1014,,,,0,,,,0.4876,24.47,0.4137,-213.55,1,30.0,hold:DY,+0.000,+0.000,-0.372,+0.114,1100,0,
1785506281.6179,2026-07-31T09:58:01.617,100.817,1015,,,,0,,,,0.4889,24.50,0.4150,-213.52,1,30.0,hold:DY,+0.000,+0.000,-0.375,+0.117,1100,0,
1785506281.7167,2026-07-31T09:58:01.716,100.915,1016,,,,0,,,,0.4883,24.56,0.4144,-213.46,1,30.0,hold:DY,+0.000,+0.000,-0.374,+0.120,1100,0,
1785506281.8156,2026-07-31T09:58:01.815,101.014,1017,,,,0,,,,0.4838,24.58,0.4099,-213.44,1,30.0,hold:DY,+0.000,+0.000,-0.385,+0.122,1100,0,
1785506281.9155,2026-07-31T09:58:01.915,101.114,1018,,,,0,,,,0.4893,24.64,0.4154,-213.38,1,30.0,hold:DY,+0.000,+0.000,-0.371,+0.125,1100,0,
1785506282.0150,2026-07-31T09:58:02.015,101.214,1019,,,,0,,,,0.4882,24.69,0.4142,-213.33,1,30.0,hold:DY,+0.000,+0.000,-0.370,+0.128,1100,0,
1785506282.1150,2026-07-31T09:58:02.115,101.314,1020,,,,0,,,,0.4893,24.70,0.4154,-213.32,1,30.0,hold:DY,+0.000,+0.000,-0.374,+0.130,1100,0,
1785506282.2135,2026-07-31T09:58:02.213,101.412,1021,,,,0,,,,0.4900,24.75,0.4161,-213.27,1,30.0,hold:DY,+0.000,+0.000,-0.378,+0.132,1100,0,
1785506282.3137,2026-07-31T09:58:02.313,101.512,1022,,,,0,,,,0.4909,24.77,0.4170,-213.25,1,30.0,hold:DY,+0.000,+0.000,-0.371,+0.135,1100,0,
1785506282.4133,2026-07-31T09:58:02.413,101.612,1023,,,,0,,,,0.4910,24.82,0.4171,-213.20,1,30.0,hold:DY,+0.000,+0.000,-0.383,+0.138,1100,0,
1785506282.5127,2026-07-31T09:58:02.512,101.711,1024,,,,0,,,,0.4906,24.84,0.4167,-213.18,1,30.0,hold:DY,+0.000,+0.000,-0.372,+0.140,1100,0,
1785506282.6115,2026-07-31T09:58:02.611,101.810,1025,,,,0,,,,0.4882,24.90,0.4143,-213.12,1,30.0,hold:DY,+0.000,+0.000,-0.377,+0.143,1100,0,
1785506282.7112,2026-07-31T09:58:02.711,101.910,1026,,,,0,,,,0.4886,24.93,0.4147,-213.09,1,30.0,hold:DY,+0.000,+0.000,-0.378,+0.145,1100,0,
1785506282.8095,2026-07-31T09:58:02.809,102.008,1027,,,,0,,,,0.4879,24.94,0.4140,-213.08,1,30.0,hold:DY,+0.000,+0.000,-0.377,+0.148,1100,0,
1785506282.9099,2026-07-31T09:58:02.909,102.109,1028,,,,0,,,,0.4869,24.96,0.4130,-213.06,1,30.0,hold:DY,+0.000,+0.000,-0.371,+0.150,1100,0,
1785506283.0089,2026-07-31T09:58:03.008,102.208,1029,,,,0,,,,0.4894,24.97,0.4155,-213.06,1,30.0,hold:DY,+0.000,+0.000,-0.374,+0.152,1100,0,
1785506283.1075,2026-07-31T09:58:03.107,102.306,1030,,,,0,,,,0.4883,25.00,0.4144,-213.02,1,30.0,hold:DY,+0.000,+0.000,-0.376,+0.155,1100,0,
1785506283.2080,2026-07-31T09:58:03.208,102.407,1031,,,,0,,,,0.4872,24.98,0.4132,-213.04,1,30.0,hold:DY,+0.000,+0.000,-0.371,+0.157,1100,0,
1785506283.3066,2026-07-31T09:58:03.306,102.505,1032,,,,0,,,,0.4867,24.94,0.4128,-213.08,1,30.0,hold:DY,+0.000,+0.000,-0.379,+0.158,1100,0,
1785506283.4055,2026-07-31T09:58:03.405,102.604,1033,,,,0,,,,0.4920,24.86,0.4181,-213.16,1,30.0,hold:DY,+0.000,+0.000,-0.373,+0.159,1100,0,
1785506283.5045,2026-07-31T09:58:03.504,102.703,1034,,,,0,,,,0.4891,24.80,0.4152,-213.22,1,30.0,hold:DY,+0.000,+0.000,-0.375,+0.159,1100,0,
1785506283.6040,2026-07-31T09:58:03.604,102.803,1035,,,,0,,,,0.4896,24.67,0.4157,-213.35,1,30.0,hold:DY,+0.000,+0.000,-0.365,+0.160,1100,0,
1785506283.7035,2026-07-31T09:58:03.703,102.902,1036,,,,0,,,,0.4886,24.59,0.4147,-213.43,1,30.0,hold:DY,+0.000,+0.000,-0.376,+0.159,1100,0,
1785506283.8035,2026-07-31T09:58:03.803,103.002,1037,,,,0,,,,0.4887,24.40,0.4148,-213.62,1,30.0,hold:DY,+0.000,+0.000,-0.375,+0.157,1100,0,
1785506283.9026,2026-07-31T09:58:03.902,103.101,1038,,,,0,,,,0.4944,24.22,0.4205,-213.80,1,30.0,hold:DY,+0.000,+0.000,-0.373,+0.157,1100,0,
1785506284.0015,2026-07-31T09:58:04.001,103.200,1039,,,,0,,,,0.4935,24.15,0.4196,-213.87,1,30.0,hold:DY,+0.000,+0.000,-0.366,+0.156,1100,0,
1785506284.1013,2026-07-31T09:58:04.101,103.300,1040,,,,0,,,,0.4928,24.02,0.4189,-214.00,1,30.0,hold:DY,+0.000,+0.000,-0.367,+0.157,1100,0,
1785506284.1999,2026-07-31T09:58:04.199,103.399,1041,,,,0,,,,0.4910,23.81,0.4171,-214.21,1,30.0,hold:DY,+0.000,+0.000,-0.377,+0.156,1100,0,
1785506284.2996,2026-07-31T09:58:04.299,103.498,1042,,,,0,,,,0.4899,23.66,0.4160,-214.36,1,30.0,hold:DY,+0.000,+0.000,-0.371,+0.155,1100,0,
1785506284.3988,2026-07-31T09:58:04.398,103.598,1043,,,,0,,,,0.4895,23.29,0.4156,-214.73,1,30.0,hold:DY,+0.000,+0.000,-0.377,+0.150,1100,0,
1785506284.4976,2026-07-31T09:58:04.497,103.696,1044,,,,0,,,,0.4899,23.08,0.4160,-214.94,1,30.0,hold:DY,+0.000,+0.000,-0.373,+0.144,1100,0,
1785506284.5973,2026-07-31T09:58:04.597,103.796,1045,,,,0,,,,0.4915,22.64,0.4175,-215.38,1,30.0,hold:DY,+0.000,+0.000,-0.372,+0.141,1100,0,
1785506284.6959,2026-07-31T09:58:04.695,103.895,1046,,,,0,,,,0.4918,22.46,0.4179,-215.56,1,30.0,hold:DY,+0.000,+0.000,-0.369,+0.135,1100,0,
1785506284.7947,2026-07-31T09:58:04.794,103.993,1047,,,,0,,,,0.4902,22.13,0.4163,-215.89,1,30.0,hold:DY,+0.000,+0.000,-0.369,+0.133,1100,0,
1785506284.8938,2026-07-31T09:58:04.893,104.092,1048,,,,0,,,,0.4944,21.84,0.4205,-216.18,1,30.0,hold:DY,+0.000,+0.000,-0.377,+0.000,1100,0,
1785506284.9925,2026-07-31T09:58:04.992,104.191,1049,,,,0,,,,0.4894,21.70,0.4155,-216.32,1,30.0,hold:DY,+0.000,+0.000,-0.374,+0.000,1100,0,
1785506285.0922,2026-07-31T09:58:05.092,104.291,1050,,,,0,,,,0.4930,21.45,0.4191,-216.57,1,30.0,hold:DY,+0.000,+0.000,-0.372,+0.000,1100,0,
1785506285.1908,2026-07-31T09:58:05.190,104.389,1051,,,,0,,,,0.4938,21.33,0.4199,-216.69,1,30.0,hold:DY,+0.000,+0.000,-0.365,+0.000,1100,0,
1785506285.2902,2026-07-31T09:58:05.290,104.489,1052,,,,0,,,,0.4925,21.10,0.4186,-216.92,1,30.0,hold:DY,+0.000,+0.000,-0.368,+0.000,1100,0,
1785506285.3888,2026-07-31T09:58:05.388,104.587,1053,,,,0,,,,0.4911,20.91,0.4172,-217.11,1,30.0,hold:DY,+0.000,+0.000,-0.367,+0.000,1100,0,
1785506285.4879,2026-07-31T09:58:05.487,104.687,1054,,,,0,,,,0.4907,20.82,0.4168,-217.20,1,30.0,hold:DY,+0.000,+0.000,-0.371,+0.000,1100,0,
1785506285.5874,2026-07-31T09:58:05.587,104.786,1055,,,,0,,,,0.4899,20.65,0.4160,-217.37,1,30.0,hold:DY,+0.000,+0.000,-0.373,+0.000,1100,0,
1785506285.6861,2026-07-31T09:58:05.686,104.885,1056,,,,0,,,,0.4914,20.58,0.4175,-217.44,1,30.0,hold:DY,+0.000,+0.000,-0.370,+0.000,1100,0,
1785506285.7860,2026-07-31T09:58:05.785,104.985,1057,,,,0,,,,0.4910,20.43,0.4171,-217.59,1,30.0,hold:DY,+0.000,+0.000,-0.375,+0.000,1100,0,
1785506285.8850,2026-07-31T09:58:05.884,105.084,1058,,,,0,,,,0.4890,20.27,0.4151,-217.75,1,30.0,hold:DY,+0.000,+0.000,-0.371,+0.000,1100,0,
1785506285.9842,2026-07-31T09:58:05.984,105.183,1059,,,,0,,,,0.4933,20.19,0.4194,-217.83,1,30.0,hold:DY,+0.000,+0.000,-0.366,+0.000,1100,0,
1785506286.0828,2026-07-31T09:58:06.082,105.282,1060,,,,0,,,,0.4875,20.03,0.4136,-217.99,1,30.0,hold:DY,+0.000,+0.000,-0.377,+0.000,1100,0,
1785506286.1828,2026-07-31T09:58:06.182,105.381,1061,,,,0,,,,0.4921,19.96,0.4182,-218.06,1,30.0,hold:DY,+0.000,+0.000,-0.369,+0.000,1100,0,
1785506286.2821,2026-07-31T09:58:06.282,105.481,1062,,,,0,,,,0.4940,19.80,0.4201,-218.22,1,30.0,hold:DY,+0.000,+0.000,-0.374,+0.000,1100,0,
1785506286.3810,2026-07-31T09:58:06.381,105.580,1063,,,,0,,,,0.4928,19.66,0.4189,-218.36,1,30.0,hold:DY,+0.000,+0.000,-0.370,+0.000,1100,0,
1785506286.4798,2026-07-31T09:58:06.479,105.678,1064,,,,0,,,,0.4928,19.59,0.4189,-218.43,1,30.0,hold:DY,+0.000,+0.000,-0.367,+0.000,1100,0,
1785506286.5792,2026-07-31T09:58:06.579,105.778,1065,,,,0,,,,0.4935,19.46,0.4196,-218.56,1,30.0,hold:DY,+0.000,+0.000,-0.364,+0.000,1100,0,
1785506286.6780,2026-07-31T09:58:06.677,105.877,1066,,,,0,,,,0.4888,19.39,0.4149,-218.63,1,30.0,hold:DY,+0.000,+0.000,-0.375,+0.000,1100,0,
1785506286.7770,2026-07-31T09:58:06.777,105.976,1067,,,,0,,,,0.4935,19.27,0.4196,-218.75,1,30.0,hold:DY,+0.000,+0.000,-0.367,+0.000,1100,0,
1785506286.8758,2026-07-31T09:58:06.875,106.075,1068,,,,0,,,,0.4939,19.22,0.4200,-218.80,1,30.0,hold:DY,+0.000,+0.000,-0.365,+0.000,1100,0,
1785506286.9755,2026-07-31T09:58:06.975,106.174,1069,,,,0,,,,0.4946,19.11,0.4207,-218.91,1,30.0,hold:DY,+0.000,+0.000,-0.364,+0.000,1100,0,
1785506287.0749,2026-07-31T09:58:07.074,106.274,1070,,,,0,,,,0.4919,18.97,0.4180,-219.05,1,30.0,hold:DY,+0.000,+0.000,-0.366,+0.000,1100,0,
1785506287.1741,2026-07-31T09:58:07.174,106.373,1071,,,,0,,,,0.4942,18.90,0.4203,-219.12,1,30.0,hold:DY,+0.000,+0.000,-0.364,+0.000,1100,0,
1785506287.2742,2026-07-31T09:58:07.274,106.473,1072,,,,0,,,,0.4943,18.75,0.4204,-219.27,1,30.0,hold:DY,+0.000,+0.000,-0.377,+0.000,1100,0,
1785506287.3729,2026-07-31T09:58:07.372,106.572,1073,,,,0,,,,0.4915,18.68,0.4176,-219.34,1,30.0,hold:DY,+0.000,+0.000,-0.370,+0.000,1100,0,
1785506287.4717,2026-07-31T09:58:07.471,106.670,1074,,,,0,,,,0.4893,18.53,0.4154,-219.49,1,30.0,hold:DY,+0.000,+0.000,-0.358,+0.000,1100,0,
1785506287.5712,2026-07-31T09:58:07.571,106.770,1075,,,,0,,,,0.4931,18.44,0.4192,-219.58,1,30.0,hold:DY,+0.000,+0.000,-0.367,+0.000,1100,0,
1785506287.6714,2026-07-31T09:58:07.671,106.870,1076,,,,0,,,,0.4918,18.27,0.4179,-219.75,1,30.0,hold:DY,+0.000,+0.000,-0.369,+0.000,1100,0,
1785506287.7724,2026-07-31T09:58:07.772,106.971,1077,,,,0,,,,0.4977,18.09,0.4238,-219.93,1,30.0,hold:DY,+0.000,+0.000,-0.367,+0.000,1100,0,
1785506287.8733,2026-07-31T09:58:07.873,107.072,1078,,,,0,,,,0.4945,18.00,0.4205,-220.02,1,30.0,hold:DY,+0.000,+0.000,-0.364,-0.036,1100,0,
1785506287.9719,2026-07-31T09:58:07.971,107.171,1079,,,,0,,,,0.4917,17.83,0.4178,-220.19,1,30.0,hold:DY,+0.000,+0.000,-0.367,-0.039,1100,0,
1785506288.0721,2026-07-31T09:58:08.072,107.271,1080,,,,0,,,,0.4948,17.67,0.4209,-220.35,1,30.0,hold:DY,+0.000,+0.000,-0.363,-0.042,1100,0,
1785506288.1712,2026-07-31T09:58:08.171,107.370,1081,,,,0,,,,0.4939,17.59,0.4199,-220.43,1,30.0,hold:DY,+0.000,+0.000,-0.365,-0.046,1100,0,
1785506288.2692,2026-07-31T09:58:08.269,107.468,1082,,,,0,,,,0.4940,17.42,0.4201,-220.60,1,30.0,hold:DY,+0.000,+0.000,-0.371,-0.049,1100,0,
1785506288.3680,2026-07-31T09:58:08.368,107.567,1083,,,,0,,,,0.4950,17.35,0.4211,-220.67,1,30.0,hold:DY,+0.000,+0.000,-0.363,-0.053,1100,0,
1785506288.4683,2026-07-31T09:58:08.468,107.667,1084,,,,0,,,,0.4962,17.17,0.4223,-220.85,1,30.0,hold:DY,+0.000,+0.000,-0.359,-0.055,1100,0,
1785506288.5685,2026-07-31T09:58:08.568,107.767,1085,,,,0,,,,0.4937,17.00,0.4198,-221.02,1,30.0,hold:DY,+0.000,+0.000,-0.368,-0.060,1100,0,
1785506288.6670,2026-07-31T09:58:08.667,107.866,1086,,,,0,,,,0.4988,16.90,0.4249,-221.12,1,30.0,hold:DY,+0.000,+0.000,-0.355,-0.064,1100,0,
1785506288.7661,2026-07-31T09:58:08.766,107.965,1087,,,,0,,,,0.4970,16.71,0.4231,-221.31,1,30.0,hold:DY,+0.000,+0.000,-0.362,-0.067,1100,0,
1785506288.8655,2026-07-31T09:58:08.865,108.064,1088,,,,0,,,,0.4997,16.61,0.4258,-221.41,1,30.0,hold:DY,+0.000,+0.000,-0.353,-0.072,1100,0,
1785506288.9652,2026-07-31T09:58:08.965,108.164,1089,,,,0,,,,0.4984,16.40,0.4245,-221.62,1,30.0,hold:DY,+0.000,+0.000,-0.354,-0.075,1100,0,
1785506289.0641,2026-07-31T09:58:09.064,108.263,1090,,,,0,,,,0.5021,16.18,0.4282,-221.84,1,30.0,hold:DY,+0.000,+0.000,-0.349,-0.081,1100,0,
1785506289.1631,2026-07-31T09:58:09.163,108.362,1091,,,,0,,,,0.5042,16.07,0.4303,-221.95,1,30.0,hold:DY,+0.000,+0.000,-0.345,-0.086,1100,0,
1785506289.2619,2026-07-31T09:58:09.261,108.461,1092,,,,0,,,,0.4975,15.87,0.4236,-222.15,1,30.0,hold:DY,+0.000,+0.000,-0.353,-0.089,1100,0,
1785506289.3614,2026-07-31T09:58:09.361,108.560,1093,,,,0,,,,0.5058,15.76,0.4319,-222.26,1,30.0,hold:DY,+0.000,+0.000,-0.341,-0.095,1100,0,
1785506289.4605,2026-07-31T09:58:09.460,108.659,1094,,,,0,,,,0.5007,15.57,0.4268,-222.45,1,30.0,hold:DY,+0.000,+0.000,-0.349,-0.098,1100,0,
1785506289.5600,2026-07-31T09:58:09.560,108.759,1095,,,,0,,,,0.5039,15.36,0.4300,-222.66,1,30.0,hold:DY,+0.000,+0.000,-0.340,-0.104,1100,0,
1785506289.6590,2026-07-31T09:58:09.658,108.858,1096,,,,0,,,,0.5053,15.26,0.4314,-222.76,1,30.0,hold:DY,+0.000,+0.000,-0.342,-0.109,1100,0,
1785506289.7579,2026-07-31T09:58:09.757,108.957,1097,,,,0,,,,0.5060,15.04,0.4321,-222.98,1,30.0,hold:DY,+0.000,+0.000,-0.345,-0.113,1100,0,
1785506289.8583,2026-07-31T09:58:09.858,109.057,1098,,,,0,,,,0.5038,14.93,0.4299,-223.09,1,30.0,hold:DY,+0.000,+0.000,-0.345,-0.119,1100,0,
1785506289.9576,2026-07-31T09:58:09.957,109.156,1099,,,,0,,,,0.5035,14.70,0.4296,-223.32,1,30.0,hold:DY,+0.000,+0.000,-0.338,-0.123,1100,0,
1785506290.0560,2026-07-31T09:58:10.056,109.255,1100,,,,0,,,,0.5074,14.58,0.4335,-223.44,1,30.0,hold:DY,+0.000,+0.000,-0.338,-0.129,1100,0,
1785506290.1547,2026-07-31T09:58:10.154,109.353,1101,,,,0,,,,0.5021,14.34,0.4282,-223.68,1,30.0,hold:DY,+0.000,+0.000,-0.349,-0.136,1100,0,
1785506290.2539,2026-07-31T09:58:10.253,109.453,1102,,,,0,,,,0.5035,14.10,0.4296,-223.92,1,30.0,hold:DY,+0.000,+0.000,-0.348,-0.140,1100,0,
1785506290.3532,2026-07-31T09:58:10.353,109.552,1103,,,,0,,,,0.5031,13.99,0.4292,-224.03,1,30.0,hold:DY,+0.000,+0.000,-0.347,-0.147,1100,0,
1785506290.4526,2026-07-31T09:58:10.452,109.651,1104,,,,0,,,,0.4995,13.75,0.4256,-224.27,1,30.0,hold:DY,+0.000,+0.000,-0.341,-0.151,1100,0,
1785506290.5515,2026-07-31T09:58:10.551,109.750,1105,,,,0,,,,0.5024,13.63,0.4285,-224.39,1,30.0,hold:DY,+0.000,+0.000,-0.348,-0.158,1100,0,
1785506290.6502,2026-07-31T09:58:10.650,109.849,1106,,,,0,,,,0.5053,13.38,0.4314,-224.64,1,30.0,hold:DY,+0.000,+0.000,-0.346,-0.163,1100,0,
1785506290.7496,2026-07-31T09:58:10.749,109.948,1107,,,,0,,,,0.5056,13.27,0.4317,-224.75,1,30.0,hold:DY,+0.000,+0.000,-0.348,-0.169,1100,0,
1785506290.8488,2026-07-31T09:58:10.848,110.048,1108,,,,0,,,,0.5039,13.26,0.4300,-224.76,1,30.0,hold:DY,+0.000,+0.000,-0.345,-0.173,1100,0,
1785506290.9493,2026-07-31T09:58:10.949,110.148,1109,,,,0,,,,0.5000,13.27,0.4261,-224.75,1,30.0,hold:DY,+0.000,+0.000,-0.345,-0.176,1100,0,
1785506291.0493,2026-07-31T09:58:11.049,110.248,1110,,,,0,,,,0.5033,13.31,0.4294,-224.71,1,30.0,hold:DY,+0.000,+0.000,-0.346,-0.177,1100,0,
1785506291.1479,2026-07-31T09:58:11.147,110.347,1111,,,,0,,,,0.5011,13.40,0.4272,-224.62,1,30.0,hold:DY,+0.000,+0.000,-0.343,-0.179,1100,0,
1785506291.2475,2026-07-31T09:58:11.247,110.446,1112,,,,0,,,,0.5044,13.53,0.4305,-224.49,1,30.0,hold:DY,+0.000,+0.000,-0.345,-0.180,1100,0,
1785506291.3466,2026-07-31T09:58:11.346,110.545,1113,,,,0,,,,0.5049,13.58,0.4310,-224.44,1,30.0,hold:DY,+0.000,+0.000,-0.343,-0.180,1100,0,
1785506291.4454,2026-07-31T09:58:11.445,110.644,1114,,,,0,,,,0.5080,13.62,0.4341,-224.40,1,30.0,hold:DY,+0.000,+0.000,-0.346,-0.182,1100,0,
1785506291.5445,2026-07-31T09:58:11.544,110.743,1115,,,,0,,,,0.5045,13.62,0.4306,-224.40,1,30.0,hold:DY,+0.000,+0.000,-0.344,-0.185,1100,0,
1785506291.6434,2026-07-31T09:58:11.643,110.842,1116,,,,0,,,,0.5012,13.73,0.4273,-224.29,1,30.0,hold:DY,+0.000,+0.000,-0.350,-0.187,1100,0,
1785506291.7420,2026-07-31T09:58:11.742,110.941,1117,,,,0,,,,0.5050,13.89,0.4311,-224.13,1,30.0,hold:DY,+0.000,+0.000,-0.343,-0.185,1100,0,
1785506291.8426,2026-07-31T09:58:11.842,111.041,1118,,,,0,,,,0.5052,14.47,0.4313,-223.56,1,30.0,hold:DY,+0.000,+0.000,-0.342,-0.177,1100,0,
1785506291.9415,2026-07-31T09:58:11.941,111.140,1119,,,,0,,,,0.5024,15.26,0.4285,-222.76,1,30.0,hold:DY,+0.000,+0.000,-0.345,-0.172,1100,0,
1785506292.0398,2026-07-31T09:58:12.039,111.238,1120,,,,0,,,,0.5040,15.64,0.4301,-222.38,1,30.0,hold:DY,+0.000,+0.000,-0.345,-0.160,1100,0,
1785506292.1389,2026-07-31T09:58:12.138,111.338,1121,,,,0,,,,0.5038,16.30,0.4299,-221.72,1,30.0,hold:DY,+0.000,+0.000,-0.355,-0.155,1100,0,
1785506292.2393,2026-07-31T09:58:12.239,111.438,1122,,,,0,,,,0.5036,16.59,0.4297,-221.43,1,30.0,hold:DY,+0.000,+0.000,-0.346,-0.145,1100,0,
1785506292.3382,2026-07-31T09:58:12.338,111.537,1123,,,,0,,,,0.4988,17.25,0.4249,-220.77,1,30.0,hold:DY,+0.000,+0.000,-0.334,-0.141,1100,0,
1785506292.4382,2026-07-31T09:58:12.438,111.637,1124,,,,0,,,,0.5022,18.11,0.4283,-219.91,1,30.0,hold:DY,+0.000,+0.000,-0.350,-0.128,1100,0,
1785506292.5369,2026-07-31T09:58:12.536,111.736,1125,,,,0,,,,0.4982,18.55,0.4243,-219.47,1,30.0,hold:DY,+0.000,+0.000,-0.357,+0.000,1100,0,
1785506292.6359,2026-07-31T09:58:12.635,111.835,1126,,,,0,,,,0.5032,19.44,0.4293,-218.58,1,30.0,hold:DY,+0.000,+0.000,-0.349,+0.000,1100,0,
1785506292.7352,2026-07-31T09:58:12.735,111.934,1127,,,,0,,,,0.5052,19.81,0.4313,-218.21,1,30.0,hold:DY,+0.000,+0.000,-0.343,+0.000,1100,0,
1785506292.8346,2026-07-31T09:58:12.834,112.033,1128,,,,0,,,,0.5015,20.35,0.4276,-217.67,1,30.0,hold:DY,+0.000,+0.000,-0.348,+0.000,1100,0,
1785506292.9330,2026-07-31T09:58:12.932,112.132,1129,,,,0,,,,0.5041,20.70,0.4302,-217.32,1,30.0,hold:DY,+0.000,+0.000,-0.349,+0.000,1100,0,
1785506293.0319,2026-07-31T09:58:13.031,112.231,1130,,,,0,,,,0.5009,20.82,0.4270,-217.20,1,30.0,hold:DY,+0.000,+0.000,-0.351,+0.000,1100,0,
1785506293.1318,2026-07-31T09:58:13.131,112.330,1131,,,,0,,,,0.4994,20.96,0.4255,-217.06,1,30.0,hold:DY+fwd,+1.000,+0.000,-0.346,+0.000,1100,0,
1785506293.2310,2026-07-31T09:58:13.230,112.430,1132,,,,0,,,,0.5029,21.01,0.4290,-217.01,1,30.0,hold:DY+fwd,+1.000,+0.000,-0.347,+0.000,1100,0,
1785506293.3308,2026-07-31T09:58:13.330,112.530,1133,,,,0,,,,0.5026,20.99,0.4287,-217.03,1,30.0,hold:DY+fwd,+1.000,+0.000,-0.346,+0.000,1100,0,
1785506293.4309,2026-07-31T09:58:13.430,112.630,1134,,,,0,,,,0.5083,20.81,0.4344,-217.21,1,30.0,hold:DY+fwd,+1.000,+0.000,-0.352,+0.000,1100,0,
1785506293.5299,2026-07-31T09:58:13.529,112.729,1135,,,,0,,,,0.5112,20.65,0.4373,-217.37,1,30.0,hold:DY+fwd,+1.000,+0.000,-0.330,+0.000,1100,0,
1785506293.6308,2026-07-31T09:58:13.630,112.829,1136,,,,0,,,,0.5084,20.31,0.4345,-217.71,1,30.0,hold:DY+fwd,+1.000,+0.000,-0.343,+0.000,1100,0,
1785506293.7302,2026-07-31T09:58:13.730,112.929,1137,,,,0,,,,0.4727,20.17,0.3988,-217.85,1,30.0,hold:DY+fwd,+1.000,+0.000,-0.408,+0.000,1100,0,
1785506293.8296,2026-07-31T09:58:13.829,113.028,1138,,,,0,,,,0.5183,19.97,0.4444,-218.05,1,30.0,hold:DY+fwd,+1.000,+0.000,-0.336,+0.000,1100,0,
1785506293.9284,2026-07-31T09:58:13.928,113.127,1139,,,,0,,,,0.5028,20.03,0.4289,-217.99,1,30.0,hold:DY+fwd,+1.000,+0.000,-0.363,+0.000,1100,0,
1785506294.0276,2026-07-31T09:58:14.027,113.226,1140,,,,0,,,,0.5126,20.14,0.4387,-217.88,1,30.0,hold:DY+fwd,+1.000,+0.000,-0.328,+0.000,1100,0,
1785506294.1263,2026-07-31T09:58:14.126,113.325,1141,,,,0,,,,0.5025,20.28,0.4286,-217.74,1,30.0,hold:DY+fwd,+1.000,+0.000,-0.356,+0.000,1100,0,
1785506294.2263,2026-07-31T09:58:14.226,113.425,1142,,,,0,,,,0.4952,20.35,0.4213,-217.67,1,30.0,hold:DY+fwd,+1.000,+0.000,-0.363,+0.000,1100,0,
1785506294.3254,2026-07-31T09:58:14.325,113.524,1143,,,,0,,,,0.4887,20.31,0.4148,-217.71,1,30.0,hold:DY+fwd,+1.000,+0.000,-0.379,+0.000,1100,0,
1785506294.4241,2026-07-31T09:58:14.424,113.623,1144,,,,0,,,,0.4736,20.36,0.3997,-217.66,1,30.0,hold:DY+fwd,+1.000,+0.000,-0.382,+0.000,1100,0,
1785506294.5248,2026-07-31T09:58:14.524,113.723,1145,,,,0,,,,0.4656,20.41,0.3917,-217.61,1,30.0,hold:DY+fwd,+1.000,+0.000,-0.424,+0.000,1100,0,
1785506294.6233,2026-07-31T09:58:14.623,113.822,1146,,,,0,,,,0.4641,20.63,0.3901,-217.39,1,30.0,hold:DY+fwd,+1.000,+0.000,-0.422,+0.000,1100,0,
1785506294.7224,2026-07-31T09:58:14.722,113.921,1147,,,,0,,,,0.4484,20.82,0.3744,-217.20,1,30.0,hold:DY+fwd,+1.000,+0.000,-0.461,+0.000,1100,0,
1785506294.8215,2026-07-31T09:58:14.821,114.020,1148,,,,0,,,,0.4440,21.06,0.3701,-216.96,1,30.0,hold:DY+fwd,+1.000,+0.000,-0.454,+0.000,1100,0,
1785506294.9200,2026-07-31T09:58:14.919,114.119,1149,,,,0,,,,0.4543,21.18,0.3804,-216.84,1,30.0,hold:DY+fwd,+1.000,+0.000,-0.453,+0.000,1100,0,
1785506295.0196,2026-07-31T09:58:15.019,114.218,1150,,,,0,,,,0.4411,21.47,0.3672,-216.55,1,30.0,hold:DY+fwd,+1.000,+0.000,-0.481,+0.000,1100,0,
1785506295.1181,2026-07-31T09:58:15.118,114.317,1151,,,,0,,,,0.4491,21.76,0.3752,-216.26,1,30.0,hold:DY+fwd,+1.000,+0.000,-0.477,+0.000,1100,0,
1785506295.2173,2026-07-31T09:58:15.217,114.416,1152,,,,0,,,,0.4386,21.99,0.3647,-216.03,1,30.0,hold:DY+fwd,+1.000,+0.000,-0.491,+0.000,1100,0,
1785506295.3166,2026-07-31T09:58:15.316,114.515,1153,,,,0,,,,0.4501,22.38,0.3762,-215.64,1,30.0,hold:DY+fwd,+1.000,+0.000,-0.465,+0.040,1100,0,
1785506295.4155,2026-07-31T09:58:15.415,114.614,1154,,,,0,,,,0.4587,22.55,0.3848,-215.47,1,30.0,hold:DY+fwd,+1.000,+0.000,-0.455,+0.047,1100,0,
1785506295.5140,2026-07-31T09:58:15.513,114.713,1155,,,,0,,,,0.4678,22.53,0.3939,-215.50,1,30.0,hold:DY+fwd,+1.000,+0.000,-0.438,+0.048,1100,0,
1785506295.6135,2026-07-31T09:58:15.613,114.812,1156,,,,0,,,,0.4705,22.24,0.3965,-215.78,1,30.0,hold:DY+fwd,+1.000,+0.000,-0.461,+0.047,1100,0,
1785506295.7123,2026-07-31T09:58:15.712,114.911,1157,,,,0,,,,0.4758,21.98,0.4019,-216.04,1,30.0,hold:DY+fwd,+1.000,+0.000,-0.424,+0.000,1100,0,
1785506295.8114,2026-07-31T09:58:15.811,115.010,1158,,,,0,,,,0.4812,21.50,0.4073,-216.52,1,30.0,hold:DY+fwd,+1.000,+0.000,-0.434,+0.000,1100,0,
1785506295.9102,2026-07-31T09:58:15.910,115.109,1159,,,,0,,,,0.4891,21.35,0.4152,-216.67,1,30.0,hold:DY+fwd,+1.000,+0.000,-0.399,+0.000,1100,0,
1785506296.0100,2026-07-31T09:58:16.010,115.209,1160,,,,0,,,,0.5112,21.05,0.4373,-216.97,1,30.0,hold:DY+fwd,+1.000,+0.000,-0.384,+0.000,1100,0,
1785506296.1095,2026-07-31T09:58:16.109,115.308,1161,,,,0,,,,0.5161,20.96,0.4422,-217.06,1,30.0,hold:DY+fwd,+1.000,+0.000,-0.345,+0.000,1100,0,
1785506296.2082,2026-07-31T09:58:16.208,115.407,1162,,,,0,,,,0.5273,20.86,0.4534,-217.16,1,30.0,hold:DY+fwd,+1.000,+0.000,-0.328,+0.000,1100,0,
1785506296.3079,2026-07-31T09:58:16.307,115.507,1163,,,,0,,,,0.5539,20.75,0.4800,-217.27,1,30.0,hold:DY+fwd,+1.000,+0.000,-0.320,+0.000,1100,0,
1785506296.4078,2026-07-31T09:58:16.407,115.607,1164,,,,0,,,,0.5524,20.72,0.4784,-217.30,1,30.0,hold:DY+fwd,+1.000,+0.000,-0.269,+0.000,1100,0,
1785506296.5063,2026-07-31T09:58:16.506,115.705,1165,,,,0,,,,0.5614,20.79,0.4875,-217.23,1,30.0,hold:DY+fwd,+1.000,+0.000,-0.232,+0.000,1100,0,
1785506296.6069,2026-07-31T09:58:16.606,115.806,1166,,,,0,,,,0.5669,20.78,0.4930,-217.24,1,30.0,hold:DY+fwd,+1.000,+0.000,-0.235,+0.000,1100,0,
1785506296.7065,2026-07-31T09:58:16.706,115.905,1167,,,,0,,,,0.5854,20.73,0.5115,-217.29,1,30.0,hold:DY+fwd,+1.000,+0.000,-0.194,+0.000,1100,0,
1785506296.8052,2026-07-31T09:58:16.805,116.004,1168,,,,0,,,,0.6010,20.64,0.5271,-217.38,1,30.0,hold:DY+fwd,+1.000,+0.000,-0.177,+0.000,1100,0,
1785506296.9041,2026-07-31T09:58:16.904,116.103,1169,,,,0,,,,0.6000,20.54,0.5261,-217.48,1,30.0,hold:DY+fwd,+1.000,+0.000,-0.158,+0.000,1100,0,
1785506297.0048,2026-07-31T09:58:17.004,116.204,1170,,,,0,,,,0.6159,20.44,0.5419,-217.58,1,30.0,hold:DY+fwd,+1.000,+0.000,-0.120,+0.000,1100,0,
1785506297.1036,2026-07-31T09:58:17.103,116.302,1171,,,,0,,,,0.6275,20.42,0.5536,-217.60,1,30.0,hold:DY+fwd,+1.000,+0.000,-0.094,+0.000,1100,0,
1785506297.2024,2026-07-31T09:58:17.202,116.401,1172,,,,0,,,,0.6388,20.32,0.5649,-217.70,1,30.0,hold:DY+fwd,+1.000,+0.000,-0.066,+0.000,1100,0,
1785506297.3010,2026-07-31T09:58:17.301,116.500,1173,,,,0,,,,0.6482,20.32,0.5743,-217.70,1,30.0,hold:DY+fwd,+1.000,+0.000,-0.049,+0.000,1100,0,
1785506297.4001,2026-07-31T09:58:17.400,116.599,1174,,,,0,,,,0.6514,20.30,0.5775,-217.72,1,30.0,hold:DY+fwd,+1.000,+0.000,-0.029,+0.000,1100,0,
1785506297.4998,2026-07-31T09:58:17.499,116.698,1175,,,,0,,,,0.6621,20.21,0.5882,-217.81,1,30.0,hold:DY+fwd,+1.000,+0.000,-0.003,+0.000,1100,0,
1785506297.5989,2026-07-31T09:58:17.598,116.798,1176,,,,0,,,,0.6682,20.23,0.5943,-217.79,1,30.0,hold:DY+fwd,+1.000,+0.000,+0.017,+0.000,1100,0,
1785506297.6976,2026-07-31T09:58:17.697,116.896,1177,,,,0,,,,0.6809,20.20,0.6070,-217.82,1,30.0,hold:DY+fwd,+1.000,+0.000,+0.050,+0.000,1100,0,
1785506297.7966,2026-07-31T09:58:17.796,116.995,1178,,,,0,,,,0.6867,20.30,0.6127,-217.72,1,30.0,hold:DY+fwd,+1.000,+0.000,+0.063,+0.000,1100,0,
1785506297.8952,2026-07-31T09:58:17.895,117.094,1179,,,,0,,,,0.6945,20.32,0.6206,-217.70,1,30.0,hold:DY+fwd,+1.000,+0.000,+0.092,+0.000,1100,0,
1785506297.9960,2026-07-31T09:58:17.996,117.195,1180,,,,0,,,,0.7041,20.33,0.6302,-217.69,1,30.0,hold:DY+fwd,+1.000,+0.000,+0.118,+0.000,1100,0,
1785506298.0951,2026-07-31T09:58:18.095,117.294,1181,,,,0,,,,0.7043,20.31,0.6304,-217.71,1,30.0,hold:DY+fwd,+1.000,+0.000,+0.127,+0.000,1100,0,
1785506298.1947,2026-07-31T09:58:18.194,117.393,1182,,,,0,,,,0.7073,20.37,0.6334,-217.65,1,30.0,hold:DY+fwd,+1.000,+0.000,+0.142,+0.000,1100,0,
1785506298.2937,2026-07-31T09:58:18.293,117.492,1183,,,,0,,,,0.7152,20.41,0.6413,-217.61,1,30.0,hold:DY+fwd,+1.000,+0.000,+0.156,+0.000,1100,0,
1785506298.3924,2026-07-31T09:58:18.392,117.591,1184,,,,0,,,,0.7173,20.45,0.6434,-217.57,1,30.0,hold:DY+fwd,+1.000,+0.000,+0.178,+0.000,1100,0,
1785506298.4915,2026-07-31T09:58:18.491,117.690,1185,,,,0,,,,0.7063,20.63,0.6324,-217.39,1,30.0,hold:DY+fwd,+1.000,+0.000,+0.200,+0.000,1100,0,
1785506298.5902,2026-07-31T09:58:18.590,117.789,1186,,,,0,,,,0.7239,20.76,0.6500,-217.26,1,30.0,hold:DY+fwd,+1.000,+0.000,+0.209,+0.000,1100,0,
1785506298.6905,2026-07-31T09:58:18.690,117.889,1187,,,,0,,,,0.7198,20.99,0.6459,-217.03,1,30.0,hold:DY+fwd,+1.000,+0.000,+0.225,+0.000,1100,0,
1785506298.7895,2026-07-31T09:58:18.789,117.988,1188,,,,0,,,,0.7222,21.30,0.6483,-216.72,1,30.0,hold:DY+fwd,+1.000,+0.000,+0.214,+0.000,1100,0,
1785506298.8884,2026-07-31T09:58:18.888,118.087,1189,,,,0,,,,0.7229,21.45,0.6489,-216.57,1,30.0,hold:DY+fwd,+1.000,+0.000,+0.233,+0.000,1100,0,
1785506298.9890,2026-07-31T09:58:18.988,118.188,1190,,,,0,,,,0.7180,21.84,0.6441,-216.18,1,30.0,hold:DY+fwd,+1.000,+0.000,+0.230,+0.000,1100,0,
1785506299.0885,2026-07-31T09:58:19.088,118.287,1191,,,,0,,,,0.7125,21.98,0.6386,-216.04,1,30.0,hold:DY+fwd,+1.000,+0.000,+0.230,+0.000,1100,0,
1785506299.1874,2026-07-31T09:58:19.187,118.386,1192,,,,0,,,,0.7203,22.21,0.6464,-215.81,1,30.0,hold:DY+fwd,+1.000,+0.000,+0.260,+0.038,1100,0,
1785506299.2862,2026-07-31T09:58:19.286,118.485,1193,,,,0,,,,0.7073,22.08,0.6334,-215.94,1,30.0,hold:DY+fwd,+1.000,+0.000,+0.252,+0.041,1100,0,
1785506299.3867,2026-07-31T09:58:19.386,118.585,1194,,,,0,,,,0.7069,22.01,0.6330,-216.01,1,30.0,hold:DY+fwd,+1.000,+0.000,+0.244,+0.038,1100,0,
1785506299.4855,2026-07-31T09:58:19.485,118.684,1195,,,,0,,,,0.6915,21.72,0.6176,-216.30,1,30.0,hold:DY+fwd,+1.000,+0.000,+0.260,+0.000,1100,0,
1785506299.5852,2026-07-31T09:58:19.585,118.784,1196,,,,0,,,,0.7065,21.65,0.6326,-216.37,1,30.0,hold:DY+fwd,+1.000,+0.000,+0.260,+0.000,1100,0,
1785506299.6844,2026-07-31T09:58:19.684,118.883,1197,,,,0,,,,0.6922,21.66,0.6183,-216.36,1,30.0,hold:DY+fwd,+1.000,+0.000,+0.233,+0.000,1100,0,
1785506299.7836,2026-07-31T09:58:19.783,118.982,1198,,,,0,,,,0.6988,21.77,0.6249,-216.25,1,30.0,hold:DY+fwd,+1.000,+0.000,+0.248,+0.000,1100,0,
1785506299.8825,2026-07-31T09:58:19.882,119.081,1199,,,,0,,,,0.6991,21.83,0.6252,-216.19,1,30.0,hold:DY+fwd,+1.000,+0.000,+0.267,+0.000,1100,0,
1785506299.9812,2026-07-31T09:58:19.981,119.180,1200,,,,0,,,,0.6888,22.05,0.6149,-215.97,1,30.0,hold:DY+fwd,+1.000,+0.000,+0.243,+0.000,1100,0,
1785506300.0820,2026-07-31T09:58:20.082,119.281,1201,,,,0,,,,0.6894,22.15,0.6155,-215.87,1,30.0,hold:DY+fwd,+1.000,+0.000,+0.264,+0.040,1100,0,
1785506300.1814,2026-07-31T09:58:20.181,119.380,1202,,,,0,,,,0.6829,22.32,0.6090,-215.70,1,30.0,hold:DY+fwd,+1.000,+0.000,+0.258,+0.042,1100,0,
1785506300.2806,2026-07-31T09:58:20.280,119.479,1203,,,,0,,,,0.6669,22.40,0.5929,-215.62,1,30.0,hold:DY+fwd,+1.000,+0.000,+0.233,+0.046,1100,0,
1785506300.3813,2026-07-31T09:58:20.381,119.580,1204,,,,0,,,,0.6659,22.22,0.5920,-215.80,1,30.0,hold:DY+fwd,+1.000,+0.000,+0.250,+0.045,1100,0,
1785506300.4808,2026-07-31T09:58:20.480,119.679,1205,,,,0,,,,0.6484,21.99,0.5745,-216.03,1,30.0,hold:DY+fwd,+1.000,+0.000,+0.230,+0.043,1100,0,
1785506300.5801,2026-07-31T09:58:20.580,119.779,1206,,,,0,,,,0.6544,21.85,0.5805,-216.17,1,30.0,hold:DY+fwd,+1.000,+0.000,+0.228,+0.000,1100,0,
1785506300.6791,2026-07-31T09:58:20.679,119.878,1207,,,,0,,,,0.6490,21.86,0.5751,-216.16,1,30.0,hold:DY+fwd,+1.000,+0.000,+0.237,+0.000,1100,0,
1785506300.7780,2026-07-31T09:58:20.778,119.977,1208,,,,0,,,,0.6452,21.93,0.5713,-216.09,1,30.0,hold:DY+fwd,+1.000,+0.000,+0.221,+0.000,1100,0,
1785506300.8770,2026-07-31T09:58:20.876,120.076,1209,,,,0,,,,0.6448,22.18,0.5708,-215.84,1,30.0,hold:DY+fwd,+1.000,+0.000,+0.242,+0.037,1100,0,
1785506300.9757,2026-07-31T09:58:20.975,120.174,1210,,,,0,,,,0.6417,22.35,0.5678,-215.67,1,30.0,hold:DY+fwd,+1.000,+0.000,+0.206,+0.042,1100,0,
1785506301.0749,2026-07-31T09:58:21.074,120.274,1211,,,,0,,,,0.6455,22.40,0.5716,-215.62,1,30.0,hold:DY+fwd,+1.000,+0.000,+0.239,+0.046,1100,0,
1785506301.1739,2026-07-31T09:58:21.173,120.373,1212,,,,0,,,,0.6381,22.33,0.5642,-215.69,1,30.0,hold:DY+fwd,+1.000,+0.000,+0.228,+0.046,1100,0,
1785506301.2724,2026-07-31T09:58:21.272,120.471,1213,,,,0,,,,0.6360,22.29,0.5621,-215.73,1,30.0,hold:DY+fwd,+1.000,+0.000,+0.231,+0.045,1100,0,
1785506301.3722,2026-07-31T09:58:21.372,120.571,1214,,,,0,,,,0.6320,22.07,0.5581,-215.95,1,30.0,hold:DY+fwd,+1.000,+0.000,+0.232,+0.045,1100,0,
1785506301.4718,2026-07-31T09:58:21.471,120.671,1215,,,,0,,,,0.6401,21.80,0.5662,-216.22,1,30.0,hold:DY+fwd,+1.000,+0.000,+0.232,+0.000,1100,0,
1785506301.5709,2026-07-31T09:58:21.570,120.770,1216,,,,0,,,,0.6265,21.84,0.5526,-216.18,1,30.0,hold:DY+fwd,+1.000,+0.000,+0.228,+0.000,1100,0,
1785506301.6697,2026-07-31T09:58:21.669,120.868,1217,,,,0,,,,0.6166,22.07,0.5427,-215.95,1,30.0,hold:DY+fwd,+1.000,+0.000,+0.247,+0.000,1100,0,
1785506301.7685,2026-07-31T09:58:21.768,120.967,1218,,,,0,,,,0.6219,22.34,0.5479,-215.68,1,30.0,hold:DY+fwd,+1.000,+0.000,+0.228,+0.043,1100,0,
1785506301.8675,2026-07-31T09:58:21.867,121.066,1219,,,,0,,,,0.6125,22.78,0.5386,-215.24,1,30.0,hold:DY+fwd,+1.000,+0.000,+0.233,+0.049,1100,0,
1785506301.9680,2026-07-31T09:58:21.967,121.167,1220,,,,0,,,,0.6107,22.73,0.5368,-215.30,1,30.0,hold:DY+fwd,+1.000,+0.000,+0.236,+0.053,1100,0,
1785506302.0664,2026-07-31T09:58:22.066,121.265,1221,,,,0,,,,0.5967,22.60,0.5228,-215.42,1,30.0,hold:DY+fwd,+1.000,+0.000,+0.192,+0.051,1100,0,
1785506302.1654,2026-07-31T09:58:22.165,121.364,1222,,,,0,,,,0.6099,22.20,0.5360,-215.82,1,30.0,hold:DY+fwd,+1.000,+0.000,+0.199,+0.048,1100,0,
1785506302.2654,2026-07-31T09:58:22.265,121.464,1223,,,,0,,,,0.5885,21.88,0.5146,-216.14,1,30.0,hold:DY+fwd,+1.000,+0.000,+0.183,+0.000,1100,0,
1785506302.3664,2026-07-31T09:58:22.366,121.565,1224,,,,0,,,,0.5929,21.50,0.5190,-216.52,1,30.0,hold:DY+fwd,+1.000,+0.000,+0.193,+0.000,1100,0,
1785506302.4663,2026-07-31T09:58:22.466,121.665,1225,,,,0,,,,0.5783,21.70,0.5043,-216.32,1,30.0,hold:DY+fwd,+1.000,+0.000,+0.178,+0.000,1100,0,
1785506302.5674,2026-07-31T09:58:22.567,121.766,1226,,,,0,,,,0.5787,22.04,0.5048,-215.98,1,30.0,hold:DY+fwd,+1.000,+0.000,+0.174,+0.037,1100,0,
1785506302.6681,2026-07-31T09:58:22.668,121.867,1227,,,,0,,,,0.5729,22.89,0.4990,-215.13,1,30.0,hold:DY+fwd,+1.000,+0.000,+0.177,+0.045,1100,0,
1785506302.7668,2026-07-31T09:58:22.766,121.965,1228,,,,0,,,,0.5749,23.34,0.5010,-214.68,1,30.0,hold:DY+fwd,+1.000,+0.000,+0.173,+0.062,1100,0,
1785506302.8658,2026-07-31T09:58:22.865,122.064,1229,,,,0,,,,0.5781,24.56,0.5041,-213.46,1,30.0,hold:DY+fwd,+1.000,+0.000,+0.177,+0.074,1100,0,
1785506302.9650,2026-07-31T09:58:22.965,122.164,1230,,,,0,,,,0.5598,25.78,0.4859,-212.24,1,30.0,hold:DY+fwd,+1.000,+0.000,+0.156,+0.100,1100,0,
1785506303.0639,2026-07-31T09:58:23.063,122.263,1231,,,,0,,,,0.5590,26.17,0.4851,-211.85,1,30.0,hold:DY+fwd,+1.000,+0.000,+0.149,+0.119,1100,0,
1785506303.1629,2026-07-31T09:58:23.162,122.362,1232,,,,0,,,,0.5522,26.58,0.4783,-211.44,1,30.0,hold:DY+fwd,+1.000,+0.000,+0.130,+0.126,1100,0,
1785506303.2621,2026-07-31T09:58:23.262,122.461,1233,,,,0,,,,0.5386,26.61,0.4647,-211.41,1,30.0,hold:DY+fwd,+1.000,+0.000,+0.112,+0.132,1100,0,
1785506303.3616,2026-07-31T09:58:23.361,122.560,1234,,,,0,,,,0.5352,26.52,0.4613,-211.50,1,30.0,hold:DY+fwd,+1.000,+0.000,+0.123,+0.135,1100,0,
1785506303.4607,2026-07-31T09:58:23.460,122.659,1235,,,,0,,,,0.5339,26.45,0.4599,-211.57,1,30.0,hold:DY+fwd,+1.000,+0.000,+0.106,+0.134,1100,0,
1785506303.5599,2026-07-31T09:58:23.559,122.759,1236,,,,0,,,,0.5141,26.22,0.4402,-211.80,1,30.0,hold:DY+fwd,+1.000,+0.000,+0.067,+0.133,1100,0,
1785506303.6587,2026-07-31T09:58:23.658,122.857,1237,,,,0,,,,0.5151,25.70,0.4412,-212.32,1,30.0,hold:DY+fwd,+1.000,+0.000,+0.066,+0.132,1100,0,
1785506303.7584,2026-07-31T09:58:23.758,122.957,1238,,,,0,,,,0.4949,25.38,0.4210,-212.64,1,30.0,hold:DY+fwd,+1.000,+0.000,+0.029,+0.122,1100,0,
1785506303.8577,2026-07-31T09:58:23.857,123.056,1239,,,,0,,,,0.5008,24.79,0.4269,-213.23,1,30.0,hold:DY+fwd,+1.000,+0.000,+0.036,+0.118,1100,0,
1785506303.9569,2026-07-31T09:58:23.956,123.156,1240,,,,0,,,,0.4881,24.56,0.4142,-213.46,1,30.0,hold:DY+fwd,+1.000,+0.000,+0.015,+0.112,1100,0,
1785506304.0560,2026-07-31T09:58:24.056,123.255,1241,,,,0,,,,0.4878,24.25,0.4139,-213.77,1,30.0,hold:DY+fwd,+1.000,+0.000,+0.040,+0.110,1100,0,
1785506304.1550,2026-07-31T09:58:24.155,123.354,1242,,,,0,,,,0.4590,24.14,0.3851,-213.88,1,30.0,hold:DY+fwd,+1.000,+0.000,-0.044,+0.107,1100,0,
1785506304.2550,2026-07-31T09:58:24.255,123.454,1243,,,,0,,,,0.4743,23.80,0.4004,-214.22,1,30.0,hold:DY+fwd,+1.000,+0.000,-0.014,+0.103,1100,0,
1785506304.3543,2026-07-31T09:58:24.354,123.553,1244,,,,0,,,,0.4656,23.39,0.3917,-214.63,1,30.0,hold:DY+fwd,+1.000,+0.000,-0.023,+0.101,1100,0,
1785506304.4532,2026-07-31T09:58:24.453,123.652,1245,,,,0,,,,0.4573,23.15,0.3834,-214.87,1,30.0,hold:DY+fwd,+1.000,+0.000,-0.051,+0.094,1100,0,
1785506304.5518,2026-07-31T09:58:24.551,123.751,1246,,,,0,,,,0.4486,22.64,0.3747,-215.38,1,30.0,hold:DY+fwd,+1.000,+0.000,-0.048,+0.091,1100,0,
1785506304.6511,2026-07-31T09:58:24.651,123.850,1247,,,,0,,,,0.4486,22.31,0.3747,-215.71,1,30.0,hold:DY+fwd,+1.000,+0.000,-0.072,+0.081,1100,0,
1785506304.7499,2026-07-31T09:58:24.749,123.949,1248,,,,0,,,,0.4407,21.58,0.3668,-216.44,1,30.0,hold:DY+fwd,+1.000,+0.000,-0.090,+0.000,1100,0,
1785506304.8488,2026-07-31T09:58:24.848,124.047,1249,,,,0,,,,0.4314,21.20,0.3575,-216.82,1,30.0,hold:DY+fwd,+1.000,+0.000,-0.105,+0.000,1100,0,
1785506304.9478,2026-07-31T09:58:24.947,124.146,1250,,,,0,,,,0.4345,21.15,0.3606,-216.87,1,30.0,hold:DY+fwd,+1.000,+0.000,-0.107,+0.000,1100,0,
1785506305.0469,2026-07-31T09:58:25.046,124.246,1251,,,,0,,,,0.4379,21.12,0.3640,-216.90,1,30.0,hold:DY+fwd,+1.000,+0.000,-0.095,+0.000,1100,0,
1785506305.1463,2026-07-31T09:58:25.146,124.345,1252,,,,0,,,,0.4302,21.13,0.3563,-216.89,1,30.0,hold:DY+fwd,+1.000,+0.000,-0.121,+0.000,1100,0,
1785506305.2452,2026-07-31T09:58:25.245,124.444,1253,,,,0,,,,0.4292,21.19,0.3553,-216.83,1,30.0,hold:DY+fwd,+1.000,+0.000,-0.126,+0.000,1100,0,
1785506305.3437,2026-07-31T09:58:25.343,124.542,1254,,,,0,,,,0.4382,21.24,0.3643,-216.78,1,30.0,hold:DY+fwd,+1.000,+0.000,-0.132,+0.000,1100,0,
1785506305.4444,2026-07-31T09:58:25.444,124.643,1255,,,,0,,,,0.4298,21.31,0.3559,-216.71,1,30.0,hold:DY+fwd,+1.000,+0.000,-0.130,+0.000,1100,0,
1785506305.5428,2026-07-31T09:58:25.542,124.742,1256,,,,0,,,,0.4214,21.52,0.3475,-216.50,1,30.0,hold:DY+fwd,+1.000,+0.000,-0.128,+0.000,1100,0,
1785506305.6425,2026-07-31T09:58:25.642,124.841,1257,,,,0,,,,0.4328,21.59,0.3589,-216.43,1,30.0,hold:DY+fwd,+1.000,+0.000,-0.130,+0.000,1100,0,
1785506305.7441,2026-07-31T09:58:25.744,124.943,1258,,,,0,,,,0.4130,21.81,0.3391,-216.21,1,30.0,hold:DY+fwd,+1.000,+0.000,-0.172,+0.000,1100,0,
1785506305.8445,2026-07-31T09:58:25.844,125.043,1259,,,,0,,,,0.4253,22.02,0.3513,-216.00,1,30.0,hold:DY+fwd,+1.000,+0.000,-0.166,+0.000,1100,0,
1785506305.9445,2026-07-31T09:58:25.944,125.143,1260,,,,0,,,,0.4130,22.17,0.3391,-215.85,1,30.0,hold:DY+fwd,+1.000,+0.000,-0.179,+0.040,1100,0,
1785506306.0444,2026-07-31T09:58:26.044,125.243,1261,,,,0,,,,0.4192,22.28,0.3453,-215.74,1,30.0,hold:DY+fwd,+1.000,+0.000,-0.159,+0.042,1100,0,
1785506306.1427,2026-07-31T09:58:26.142,125.341,1262,,,,0,,,,0.4184,22.20,0.3445,-215.82,1,30.0,hold:DY+fwd,+1.000,+0.000,-0.171,+0.043,1100,0,
1785506306.2416,2026-07-31T09:58:26.241,125.440,1263,,,,0,,,,0.4196,22.12,0.3457,-215.90,1,30.0,hold:DY+fwd,+1.000,+0.000,-0.175,+0.042,1100,0,
1785506306.3408,2026-07-31T09:58:26.340,125.540,1264,,,,0,,,,0.4078,21.88,0.3339,-216.14,1,30.0,hold:DY+fwd,+1.000,+0.000,-0.202,+0.000,1100,0,
1785506306.4397,2026-07-31T09:58:26.439,125.638,1265,,,,0,,,,0.4170,21.89,0.3431,-216.13,1,30.0,hold:DY+fwd,+1.000,+0.000,-0.188,+0.000,1100,0,
1785506306.5386,2026-07-31T09:58:26.538,125.737,1266,,,,0,,,,0.3860,22.04,0.3121,-215.98,1,30.0,hold:DY+fwd,+1.000,+0.000,-0.207,+0.000,1100,0,
1785506306.6379,2026-07-31T09:58:26.637,125.837,1267,,,,0,,,,0.4024,22.12,0.3285,-215.90,1,30.0,hold:DY+fwd,+1.000,+0.000,-0.224,+0.039,1100,0,
1785506306.7383,2026-07-31T09:58:26.738,125.937,1268,,,,0,,,,0.4023,22.28,0.3284,-215.74,1,30.0,hold:DY+fwd,+1.000,+0.000,-0.229,+0.043,1100,0,
1785506306.8372,2026-07-31T09:58:26.837,126.036,1269,,,,0,,,,0.4041,22.37,0.3302,-215.65,1,30.0,hold:DY+fwd,+1.000,+0.000,-0.229,+0.045,1100,0,
1785506306.9371,2026-07-31T09:58:26.937,126.136,1270,,,,0,,,,0.4071,22.32,0.3332,-215.70,1,30.0,hold:DY,+0.000,+0.000,-0.227,+0.045,1100,0,
1785506307.0365,2026-07-31T09:58:27.036,126.235,1271,,,,0,,,,0.3942,22.38,0.3203,-215.64,1,30.0,hold:DY,+0.000,+0.000,-0.248,+0.045,1100,0,
1785506307.1357,2026-07-31T09:58:27.135,126.334,1272,,,,0,,,,0.4004,22.51,0.3265,-215.51,1,30.0,hold:DY,+0.000,+0.000,-0.248,+0.051,1100,0,
1785506307.2354,2026-07-31T09:58:27.235,126.434,1273,,,,0,,,,0.3963,22.83,0.3224,-215.19,1,30.0,hold:DY,+0.000,+0.000,-0.256,+0.055,1100,0,
1785506307.3328,2026-07-31T09:58:27.332,126.532,1274,,,,0,,,,0.3954,23.19,0.3215,-214.83,1,30.0,hold:DY,+0.000,+0.000,-0.266,+0.062,1100,0,
1785506307.4326,2026-07-31T09:58:27.432,126.631,1275,,,,0,,,,0.3908,23.38,0.3169,-214.64,1,30.0,hold:DY,+0.000,+0.000,-0.280,+0.070,1100,0,
1785506307.5325,2026-07-31T09:58:27.532,126.731,1276,,,,0,,,,0.3907,23.78,0.3168,-214.24,1,30.0,hold:DY,+0.000,+0.000,-0.265,+0.075,1100,0,
1785506307.6310,2026-07-31T09:58:27.630,126.830,1277,,,,0,,,,0.3941,23.98,0.3202,-214.04,1,30.0,hold:DY,+0.000,+0.000,-0.281,+0.084,1100,0,
1785506307.7311,2026-07-31T09:58:27.731,126.930,1278,,,,0,,,,0.3940,24.40,0.3201,-213.62,1,30.0,hold:DY+fwd,+0.000,+0.000,-0.291,+0.089,1100,0,
1785506307.8308,2026-07-31T09:58:27.830,127.030,1279,,,,0,,,,0.3956,24.82,0.3217,-213.20,1,30.0,hold:DY+fwd,+1.000,+0.000,-0.295,+0.098,1100,0,
1785506307.9302,2026-07-31T09:58:27.930,127.129,1280,,,,0,,,,0.3933,25.07,0.3194,-212.95,1,30.0,hold:DY+fwd,+1.000,+0.000,-0.291,+0.104,1100,0,
1785506308.0291,2026-07-31T09:58:28.029,127.228,1281,,,,0,,,,0.3984,25.57,0.3245,-212.45,1,30.0,hold:DY+fwd,+1.000,+0.000,-0.273,+0.115,1100,0,
1785506308.1295,2026-07-31T09:58:28.129,127.328,1282,,,,0,,,,0.4039,25.92,0.3300,-212.10,1,30.0,hold:DY+fwd,+1.000,+0.000,-0.283,+0.128,1100,0,
1785506308.2297,2026-07-31T09:58:28.229,127.428,1283,,,,0,,,,0.4026,25.80,0.3287,-212.22,1,30.0,hold:DY+fwd,+1.000,+0.000,-0.277,+0.131,1100,0,
1785506308.3291,2026-07-31T09:58:28.329,127.528,1284,,,,0,,,,0.3951,25.50,0.3212,-212.52,1,30.0,hold:DY+fwd,+1.000,+0.000,-0.308,+0.125,1100,0,
1785506308.4278,2026-07-31T09:58:28.427,127.626,1285,,,,0,,,,0.4185,24.68,0.3446,-213.34,1,30.0,hold:DY+fwd,+1.000,+0.000,-0.305,+0.120,1100,0,
1785506308.5271,2026-07-31T09:58:28.527,127.726,1286,,,,0,,,,0.4202,23.77,0.3463,-214.25,1,30.0,hold:DY+fwd,+1.000,+0.000,-0.275,+0.105,1100,0,
1785506308.6266,2026-07-31T09:58:28.626,127.825,1287,,,,0,,,,0.4240,23.30,0.3501,-214.72,1,30.0,hold:DY+fwd,+1.000,+0.000,-0.260,+0.091,1100,0,
1785506308.7253,2026-07-31T09:58:28.725,127.924,1288,,,,0,,,,0.4180,22.40,0.3440,-215.62,1,30.0,hold:DY+fwd,+1.000,+0.000,-0.269,+0.084,1100,0,
1785506308.8245,2026-07-31T09:58:28.824,128.023,1289,,,,0,,,,0.4170,21.93,0.3431,-216.09,1,30.0,hold:DY+fwd,+1.000,+0.000,-0.281,+0.000,1100,0,
1785506308.9234,2026-07-31T09:58:28.923,128.122,1290,,,,0,,,,0.4009,21.20,0.3270,-216.82,1,30.0,hold:DY+fwd,+1.000,+0.000,-0.308,+0.000,1100,0,
1785506309.0222,2026-07-31T09:58:29.022,128.221,1291,,,,0,,,,0.3946,20.96,0.3207,-217.06,1,30.0,hold:DY+fwd,+1.000,+0.000,-0.314,+0.000,1100,0,
1785506309.1222,2026-07-31T09:58:29.122,128.321,1292,,,,0,,,,0.3912,20.90,0.3173,-217.12,1,30.0,hold:DY+fwd,+1.000,+0.000,-0.344,+0.000,1100,0,
1785506309.2215,2026-07-31T09:58:29.221,128.420,1293,,,,0,,,,0.3834,20.91,0.3095,-217.11,1,30.0,hold:DY+fwd,+1.000,+0.000,-0.371,+0.000,1100,0,
1785506309.3221,2026-07-31T09:58:29.322,128.521,1294,,,,0,,,,0.3740,21.01,0.3001,-217.01,1,30.0,hold:Y+pad,+1.000,+0.000,-0.388,+0.000,1100,0,
1785506309.4205,2026-07-31T09:58:29.420,128.619,1295,,,,0,,,,0.3675,21.26,0.2936,-216.76,1,30.0,hold:Y,+0.000,+0.000,+0.000,+0.000,1100,0,
1785506309.5199,2026-07-31T09:58:29.519,128.719,1296,,,,0,,,,0.3548,21.72,0.2809,-216.30,1,30.0,hold:Y,+0.000,+0.000,+0.000,+0.000,1100,0,
1785506309.6193,2026-07-31T09:58:29.619,128.818,1297,,,,0,,,,0.3460,21.98,0.2720,-216.04,1,30.0,hold:Y,+0.000,+0.000,+0.000,+0.000,1100,0,
1785506309.7186,2026-07-31T09:58:29.718,128.917,1298,,,,0,,,,0.3479,22.52,0.2740,-215.50,1,30.0,hold:Y,+0.000,+0.000,+0.000,+0.041,1100,0,
1785506309.8174,2026-07-31T09:58:29.817,129.016,1299,,,,0,,,,0.3427,22.79,0.2688,-215.23,1,30.0,hold:Y,+0.000,+0.000,+0.000,+0.052,1100,0,
1785506309.9174,2026-07-31T09:58:29.917,129.116,1300,,,,0,,,,0.3353,23.35,0.2614,-214.67,1,30.0,hold:Y,+0.000,+0.000,+0.000,+0.058,1100,0,
1785506310.0175,2026-07-31T09:58:30.017,129.216,1301,,,,0,,,,0.3304,23.91,0.2565,-214.11,1,30.0,hold:Y,+0.000,+0.000,+0.000,+0.070,1100,0,
1785506310.1158,2026-07-31T09:58:30.115,129.315,1302,,,,0,,,,0.3193,24.16,0.2454,-213.86,1,30.0,hold:Y,+0.000,+0.000,+0.000,+0.081,1100,0,
1785506310.2156,2026-07-31T09:58:30.215,129.414,1303,,,,0,,,,0.3230,24.65,0.2491,-213.37,1,30.0,hold:Y,+0.000,+0.000,+0.000,+0.087,1100,0,
1785506310.3144,2026-07-31T09:58:30.314,129.513,1304,,,,0,,,,0.3196,24.89,0.2457,-213.13,1,30.0,idle,+0.000,+0.000,+0.000,+0.000,1100,0,
1785506310.4141,2026-07-31T09:58:30.414,129.613,1305,,,,0,,,,0.3211,25.39,0.2472,-212.63,1,30.0,idle,+0.000,+0.000,+0.000,+0.000,1100,0,
1785506310.5132,2026-07-31T09:58:30.513,129.712,1306,,,,0,,,,0.3168,25.89,0.2429,-212.13,1,30.0,idle,+0.000,+0.000,+0.000,+0.000,1100,0,
1785506310.6119,2026-07-31T09:58:30.611,129.811,1307,,,,0,,,,0.3167,26.15,0.2428,-211.87,1,30.0,idle,+0.000,+0.000,+0.000,+0.000,1100,0,
1785506310.7135,2026-07-31T09:58:30.713,129.912,1308,,,,0,,,,0.3169,26.69,0.2430,-211.34,1,30.0,idle,+0.000,+0.000,+0.000,+0.000,1100,0,
1785506310.8121,2026-07-31T09:58:30.812,130.011,1309,,,,0,,,,0.3238,26.98,0.2499,-211.04,1,30.0,idle,+0.000,+0.000,+0.000,+0.000,1100,0,
1785506310.9109,2026-07-31T09:58:30.910,130.110,1310,,,,0,,,,0.3265,27.61,0.2526,-210.41,1,30.0,idle,+0.000,+0.000,+0.000,+0.000,1100,0,
1785506311.0108,2026-07-31T09:58:31.010,130.210,1311,,,,0,,,,0.3178,28.33,0.2439,-209.69,1,30.0,idle,+0.000,+0.000,+0.000,+0.000,1100,0,
1785506311.1113,2026-07-31T09:58:31.111,130.310,1312,,,,0,,,,0.3212,28.71,0.2472,-209.31,1,30.0,idle,+0.000,+0.000,+0.000,+0.000,1100,0,
1785506311.2106,2026-07-31T09:58:31.210,130.409,1313,,,,0,,,,0.3167,29.53,0.2428,-208.49,1,30.0,joystick,-1.000,+0.000,+0.000,+0.000,1100,0,
1785506311.3109,2026-07-31T09:58:31.310,130.510,1314,,,,0,,,,0.3196,29.97,0.2457,-208.05,1,30.0,joystick,-1.000,+0.000,+0.000,+0.000,1100,0,
1785506311.4094,2026-07-31T09:58:31.409,130.608,1315,,,,0,,,,0.3108,30.75,0.2369,-207.27,1,30.0,joystick,-1.000,+0.000,+0.000,+0.000,1100,0,
1785506311.5080,2026-07-31T09:58:31.508,130.707,1316,,,,0,,,,0.3106,31.70,0.2367,-206.32,1,30.0,joystick,-1.000,+0.000,+0.000,+0.000,1100,0,
1785506311.6083,2026-07-31T09:58:31.608,130.807,1317,,,,0,,,,0.3038,32.24,0.2299,-205.78,1,30.0,joystick,-1.000,+0.000,+0.000,+0.000,1100,0,
1785506311.7086,2026-07-31T09:58:31.708,130.907,1318,,,,0,,,,0.3022,33.13,0.2282,-204.89,1,30.0,joystick,-1.000,+0.000,+0.000,+0.000,1100,0,
1785506311.8069,2026-07-31T09:58:31.806,131.006,1319,,,,0,,,,0.2994,33.45,0.2255,-204.57,1,30.0,joystick,-1.000,+0.000,+0.000,+0.000,1100,0,
1785506311.9061,2026-07-31T09:58:31.906,131.105,1320,,,,0,,,,0.2961,33.93,0.2222,-204.09,1,30.0,joystick,-1.000,+0.000,+0.000,+1.000,1100,0,
1785506312.0051,2026-07-31T09:58:32.005,131.204,1321,,,,0,,,,0.2937,33.31,0.2198,-204.71,1,30.0,joystick,-1.000,+0.000,+0.000,+1.000,1100,0,
1785506312.1056,2026-07-31T09:58:32.105,131.304,1322,,,,0,,,,0.2884,29.61,0.2145,-208.41,1,30.0,joystick,-1.000,+0.000,+0.000,+1.000,1100,0,
1785506312.2046,2026-07-31T09:58:32.204,131.403,1323,,,,0,,,,0.2751,23.72,0.2012,-214.30,1,30.0,joystick,-1.000,+0.000,+0.000,+0.000,1100,0,
1785506312.3032,2026-07-31T09:58:32.303,131.502,1324,,,,0,,,,0.2716,20.20,0.1977,-217.82,1,30.0,joystick,-1.000,+0.000,+0.000,+0.000,1100,0,
1785506312.4022,2026-07-31T09:58:32.402,131.601,1325,,,,0,,,,0.2689,12.33,0.1950,-225.69,1,30.0,joystick,-1.000,+0.000,+0.000,+0.000,1100,0,
1785506312.5011,2026-07-31T09:58:32.501,131.700,1326,,,,0,,,,0.2690,8.29,0.1951,-229.73,1,30.0,joystick,-1.000,+0.000,+0.000,+0.000,1100,0,
1785506312.6014,2026-07-31T09:58:32.601,131.800,1327,,,,0,,,,0.2685,1.92,0.1946,-236.10,1,30.0,joystick,-1.000,+0.000,+0.000,+0.000,1100,0,
1785506312.7010,2026-07-31T09:58:32.700,131.900,1328,,,,0,,,,0.2734,-0.52,0.1995,-238.54,1,30.0,joystick,-1.000,+0.000,+0.000,+0.000,1100,0,
1785506312.8005,2026-07-31T09:58:32.800,131.999,1329,,,,0,,,,0.2809,-4.73,0.2070,-242.75,1,30.0,joystick,-1.000,+0.000,+0.000,-1.000,1100,0,
1785506312.8995,2026-07-31T09:58:32.899,132.098,1330,,,,0,,,,0.2811,-6.72,0.2072,-244.74,1,30.0,joystick,-1.000,+0.000,+0.000,-1.000,1100,0,
1785506312.9981,2026-07-31T09:58:32.998,132.197,1331,,,,0,,,,0.2846,-6.29,0.2107,-244.31,1,30.0,joystick,-1.000,+0.000,+0.000,+0.000,1100,0,
1785506313.0978,2026-07-31T09:58:33.097,132.296,1332,,,,0,,,,0.2911,-3.68,0.2172,-241.70,1,30.0,joystick,-1.000,+0.000,+0.000,+0.000,1100,0,
1785506313.1961,2026-07-31T09:58:33.196,132.395,1333,,,,0,,,,0.2995,-2.97,0.2256,-240.99,1,30.0,joystick,-1.000,+0.000,+0.000,+0.000,1100,0,
1785506313.2953,2026-07-31T09:58:33.295,132.494,1334,,,,0,,,,0.3091,-2.03,0.2352,-240.05,1,30.0,joystick,-1.000,+0.000,+0.000,+0.000,1100,0,
1785506313.3942,2026-07-31T09:58:33.394,132.593,1335,,,,0,,,,0.3136,-1.22,0.2397,-239.24,1,30.0,joystick,-1.000,+0.000,+0.000,+0.000,1100,0,
1785506313.4937,2026-07-31T09:58:33.493,132.692,1336,,,,0,,,,0.3157,-0.84,0.2418,-238.86,1,30.0,joystick,-1.000,+0.000,+0.000,+0.000,1100,0,
1785506313.5929,2026-07-31T09:58:33.592,132.792,1337,,,,0,,,,0.3275,-0.11,0.2536,-238.13,1,30.0,joystick,-1.000,+0.000,+0.000,+0.000,1100,0,
1785506313.6947,2026-07-31T09:58:33.694,132.893,1338,,,,0,,,,0.3337,0.53,0.2598,-237.49,1,30.0,joystick,-1.000,+0.000,+0.000,+0.000,1100,0,
1785506313.7938,2026-07-31T09:58:33.793,132.992,1339,,,,0,,,,0.3370,0.80,0.2631,-237.22,1,30.0,joystick,-1.000,+0.000,+0.000,+0.000,1100,0,
1785506313.8922,2026-07-31T09:58:33.892,133.091,1340,,,,0,,,,0.3472,1.50,0.2733,-236.52,1,30.0,joystick,-1.000,+0.000,+0.000,+0.000,1100,0,
1785506313.9911,2026-07-31T09:58:33.991,133.190,1341,,,,0,,,,0.3521,1.96,0.2782,-236.06,1,30.0,joystick,-1.000,+0.000,+0.000,+0.000,1100,0,
1785506314.0904,2026-07-31T09:58:34.090,133.289,1342,,,,0,,,,0.3532,2.83,0.2793,-235.19,1,30.0,joystick,-1.000,+0.000,+0.000,+0.000,1100,0,
1785506314.1897,2026-07-31T09:58:34.189,133.388,1343,,,,0,,,,0.3653,3.76,0.2914,-234.26,1,30.0,joystick,-1.000,+0.000,+0.000,+0.000,1100,0,
1785506314.2886,2026-07-31T09:58:34.288,133.487,1344,,,,0,,,,0.3679,4.24,0.2940,-233.78,1,30.0,joystick,-1.000,+0.000,+0.000,+0.000,1100,0,
1785506314.3874,2026-07-31T09:58:34.387,133.586,1345,,,,0,,,,0.3742,4.83,0.3003,-233.19,1,30.0,joystick,-1.000,+0.000,+0.000,+1.000,1100,0,
1785506314.4878,2026-07-31T09:58:34.487,133.686,1346,,,,0,,,,0.3782,3.89,0.3042,-234.13,1,30.0,joystick,-1.000,+0.000,+0.000,+0.000,1100,0,
1785506314.5863,2026-07-31T09:58:34.586,133.785,1347,,,,0,,,,0.3794,-1.45,0.3055,-239.47,1,30.0,joystick,-1.000,+0.000,+0.000,+0.000,1100,0,
1785506314.6856,2026-07-31T09:58:34.685,133.884,1348,,,,0,,,,0.3883,-4.56,0.3144,-242.58,1,30.0,joystick,-1.000,+0.000,+0.000,+0.000,1100,0,
1785506314.7846,2026-07-31T09:58:34.784,133.983,1349,,,,0,,,,0.3916,-5.52,0.3176,-243.54,1,30.0,joystick,-1.000,+0.000,+0.000,-1.000,1100,0,
1785506314.8834,2026-07-31T09:58:34.883,134.082,1350,,,,0,,,,0.3963,-5.11,0.3224,-243.13,1,30.0,joystick,-1.000,+0.000,+0.000,+0.000,1100,0,
1785506314.9822,2026-07-31T09:58:34.982,134.181,1351,,,,0,,,,0.4007,-2.67,0.3268,-240.69,1,30.0,joystick,-1.000,+0.000,+0.000,+0.000,1100,0,
1785506315.0827,2026-07-31T09:58:35.082,134.281,1352,,,,0,,,,0.4078,2.26,0.3339,-235.76,1,30.0,joystick,-1.000,+0.000,+0.000,+1.000,1100,0,
1785506315.1829,2026-07-31T09:58:35.182,134.382,1353,,,,0,,,,0.4057,2.91,0.3318,-235.11,1,30.0,joystick,-1.000,+0.000,+0.000,+0.000,1100,0,
1785506315.2823,2026-07-31T09:58:35.282,134.481,1354,,,,0,,,,0.4101,0.12,0.3361,-237.90,1,30.0,joystick,-1.000,+0.000,+0.000,+0.000,1100,0,
1785506315.3815,2026-07-31T09:58:35.381,134.580,1355,,,,0,,,,0.4237,-3.60,0.3497,-241.62,1,30.0,joystick,-1.000,+0.000,+0.000,+0.000,1100,0,
1785506315.4801,2026-07-31T09:58:35.480,134.679,1356,,,,0,,,,0.4231,-4.39,0.3492,-242.41,1,30.0,joystick,-1.000,+0.000,+0.000,+0.000,1100,0,
1785506315.5807,2026-07-31T09:58:35.580,134.779,1357,,,,0,,,,0.4228,-5.55,0.3489,-243.57,1,30.0,joystick,-1.000,+0.000,+0.000,+0.000,1100,0,
1785506315.6795,2026-07-31T09:58:35.679,134.878,1358,,,,0,,,,0.4283,-6.08,0.3544,-244.10,1,30.0,joystick,-1.000,+0.000,+0.000,+0.000,1100,0,
1785506315.7782,2026-07-31T09:58:35.778,134.977,1359,,,,0,,,,0.4334,-7.00,0.3595,-245.02,1,30.0,joystick,-1.000,+0.000,+0.000,+0.000,1100,0,
1785506315.8775,2026-07-31T09:58:35.877,135.076,1360,,,,0,,,,0.4351,-7.38,0.3612,-245.40,1,30.0,joystick,-1.000,+0.000,+0.000,+0.000,1100,0,
1785506315.9788,2026-07-31T09:58:35.978,135.178,1361,,,,0,,,,0.4409,-7.95,0.3670,-245.97,1,30.0,joystick,-1.000,+0.000,+0.000,+0.000,1100,0,
1785506316.0777,2026-07-31T09:58:36.077,135.276,1362,,,,0,,,,0.4374,-8.01,0.3635,-246.03,1,30.0,joystick,-1.000,+0.000,+0.000,-1.000,1100,0,
1785506316.1765,2026-07-31T09:58:36.176,135.375,1363,,,,0,,,,0.4439,-6.81,0.3700,-244.83,1,30.0,joystick,-1.000,+0.000,+0.000,+0.000,1100,0,
1785506316.2753,2026-07-31T09:58:36.275,135.474,1364,,,,0,,,,0.4444,-1.52,0.3705,-239.54,1,30.0,joystick,-1.000,+0.000,+0.000,+0.000,1100,0,
1785506316.3748,2026-07-31T09:58:36.374,135.574,1365,,,,0,,,,0.4477,1.31,0.3737,-236.71,1,30.0,joystick,-1.000,+0.000,+0.000,+0.000,1100,0,
1785506316.4737,2026-07-31T09:58:36.473,135.672,1366,,,,0,,,,0.4551,4.77,0.3812,-233.25,1,30.0,joystick,-1.000,+0.000,+0.000,+0.000,1100,0,
1785506316.5725,2026-07-31T09:58:36.572,135.771,1367,,,,0,,,,0.4630,7.24,0.3890,-230.78,1,30.0,joystick,-1.000,+0.000,+0.000,+0.000,1100,0,
1785506316.6719,2026-07-31T09:58:36.671,135.871,1368,,,,0,,,,0.4628,8.32,0.3889,-229.70,1,30.0,joystick,-1.000,+0.000,+0.000,+0.000,1100,0,
1785506316.7713,2026-07-31T09:58:36.771,135.970,1369,,,,0,,,,0.4673,10.18,0.3934,-227.84,1,30.0,joystick,-1.000,+0.000,+0.000,+0.000,1100,0,
1785506316.8714,2026-07-31T09:58:36.871,136.070,1370,,,,0,,,,0.4746,11.03,0.4007,-226.99,1,30.0,joystick,-1.000,+0.000,+0.000,+0.000,1100,0,
1785506316.9707,2026-07-31T09:58:36.970,136.169,1371,,,,0,,,,0.4746,12.65,0.4006,-225.37,1,30.0,joystick,-1.000,+0.000,+0.000,+0.000,1100,0,
1785506317.0698,2026-07-31T09:58:37.069,136.269,1372,,,,0,,,,0.4784,14.02,0.4045,-224.00,1,30.0,joystick,-1.000,+0.000,+0.000,+1.000,1100,0,
1785506317.1682,2026-07-31T09:58:37.168,136.367,1373,,,,0,,,,0.4797,13.50,0.4058,-224.52,1,30.0,joystick,-1.000,+0.000,+0.000,+0.000,1100,0,
1785506317.2667,2026-07-31T09:58:37.266,136.465,1374,,,,0,,,,0.4747,9.88,0.4008,-228.14,1,30.0,joystick,-1.000,+0.000,+0.000,+0.000,1100,0,
1785506317.3668,2026-07-31T09:58:37.366,136.565,1375,,,,0,,,,0.4775,7.70,0.4036,-230.32,1,30.0,joystick,-1.000,+0.000,+0.000,+0.000,1100,0,
1785506317.4657,2026-07-31T09:58:37.465,136.664,1376,,,,0,,,,0.4856,5.50,0.4117,-232.52,1,30.0,joystick,-1.000,+0.000,+0.000,+0.000,1100,0,
1785506317.5649,2026-07-31T09:58:37.564,136.764,1377,,,,0,,,,0.4912,3.90,0.4173,-234.12,1,30.0,joystick,-1.000,+0.000,+0.000,+0.000,1100,0,
1785506317.6633,2026-07-31T09:58:37.663,136.862,1378,,,,0,,,,0.4984,3.11,0.4245,-234.91,1,30.0,joystick,-1.000,+0.000,+0.000,+0.000,1100,0,
1785506317.7635,2026-07-31T09:58:37.763,136.962,1379,,,,0,,,,0.4998,1.67,0.4259,-236.35,1,30.0,joystick,-1.000,+1.000,+0.000,+0.000,1100,0,
1785506317.8642,2026-07-31T09:58:37.864,137.063,1380,,,,0,,,,0.5053,0.98,0.4314,-237.04,1,30.0,joystick,-1.000,+1.000,+0.000,+0.000,1100,0,
1785506317.9642,2026-07-31T09:58:37.964,137.163,1381,,,,0,,,,0.5060,-0.54,0.4321,-238.56,1,30.0,joystick,-1.000,+1.000,+0.000,+0.000,1100,0,
1785506318.0641,2026-07-31T09:58:38.064,137.263,1382,,,,0,,,,0.5072,-2.13,0.4333,-240.15,1,30.0,joystick,-1.000,+1.000,+0.000,+0.000,1100,0,
1785506318.1635,2026-07-31T09:58:38.163,137.362,1383,,,,0,,,,0.5115,-2.98,0.4376,-241.00,1,30.0,joystick,-1.000,+1.000,+0.000,+0.000,1100,0,
1785506318.2630,2026-07-31T09:58:38.263,137.462,1384,,,,0,,,,0.5158,-4.83,0.4419,-242.85,1,30.0,joystick,-1.000,+1.000,+0.000,+0.000,1100,0,
1785506318.3619,2026-07-31T09:58:38.361,137.561,1385,,,,0,,,,0.5184,-5.78,0.4445,-243.80,1,30.0,joystick,-1.000,+1.000,+0.000,+0.000,1100,0,
1785506318.4605,2026-07-31T09:58:38.460,137.659,1386,,,,0,,,,0.5235,-7.83,0.4496,-245.85,1,30.0,joystick,-1.000,+1.000,+0.000,+0.000,1100,0,
1785506318.5592,2026-07-31T09:58:38.559,137.758,1387,,,,0,,,,0.5241,-10.01,0.4502,-248.03,1,30.0,joystick,-1.000,+1.000,+0.000,+0.000,1100,0,
1785506318.6599,2026-07-31T09:58:38.659,137.859,1388,,,,0,,,,0.5276,-11.09,0.4537,-249.11,1,30.0,joystick,-1.000,+1.000,+0.000,+0.000,1100,0,
1785506318.7583,2026-07-31T09:58:38.758,137.957,1389,,,,0,,,,0.5359,-13.30,0.4620,-251.32,1,30.0,joystick,-1.000,+1.000,+0.000,+0.000,1100,0,
1785506318.8579,2026-07-31T09:58:38.857,138.057,1390,,,,0,,,,0.5339,-14.41,0.4600,-252.43,1,30.0,joystick,-1.000,+1.000,+0.000,+0.000,1100,0,
1785506318.9572,2026-07-31T09:58:38.957,138.156,1391,,,,0,,,,0.5378,-16.73,0.4639,-254.75,1,30.0,joystick,-1.000,+1.000,+0.000,+0.000,1100,0,
1785506319.0589,2026-07-31T09:58:39.058,138.258,1392,,,,0,,,,0.5467,-19.05,0.4727,-257.07,1,30.0,joystick,-1.000,+1.000,+0.000,+0.000,1100,0,
1785506319.1582,2026-07-31T09:58:39.158,138.357,1393,,,,0,,,,0.5449,-20.27,0.4710,-258.29,1,30.0,joystick,-1.000,+1.000,+0.000,+0.000,1100,0,
1785506319.2578,2026-07-31T09:58:39.257,138.457,1394,,,,0,,,,0.5529,-22.72,0.4790,-260.74,1,30.0,joystick,-1.000,+1.000,+0.000,+0.000,1100,0,
1785506319.3563,2026-07-31T09:58:39.356,138.555,1395,,,,0,,,,0.5567,-23.96,0.4828,-261.98,1,30.0,joystick,-1.000,+1.000,+0.000,+0.000,1100,0,
1785506319.4571,2026-07-31T09:58:39.457,138.656,1396,,,,0,,,,0.5616,-26.48,0.4877,-264.50,1,30.0,joystick,-1.000,+1.000,+0.000,+0.000,1100,0,
1785506319.5563,2026-07-31T09:58:39.556,138.755,1397,,,,0,,,,0.5604,-29.11,0.4865,-267.13,1,30.0,joystick,-1.000,+1.000,+0.000,-1.000,1100,0,
1785506319.6557,2026-07-31T09:58:39.655,138.854,1398,,,,0,,,,0.5613,-30.43,0.4874,-268.45,1,30.0,joystick,-1.000,+1.000,+0.000,-1.000,1100,0,
1785506319.7552,2026-07-31T09:58:39.755,138.954,1399,,,,0,,,,0.5670,-32.90,0.4931,-270.92,1,30.0,joystick,-1.000,+1.000,+0.000,-1.000,1100,0,
1785506319.8561,2026-07-31T09:58:39.856,139.055,1400,,,,0,,,,0.5688,-33.75,0.4949,-271.77,1,30.0,joystick,-1.000,+1.000,+0.000,-1.000,1100,0,
1785506319.9544,2026-07-31T09:58:39.954,139.153,1401,,,,0,,,,0.5737,-32.52,0.4998,-270.54,1,30.0,joystick,-1.000,+0.836,+0.000,-1.000,1100,0,
1785506320.0548,2026-07-31T09:58:40.054,139.253,1402,,,,0,,,,0.5666,-31.07,0.4927,-269.10,1,30.0,joystick,-1.000,+0.000,+0.000,-1.000,1100,0,
1785506320.1552,2026-07-31T09:58:40.155,139.354,1403,,,,0,,,,0.5691,-27.43,0.4952,-265.45,1,30.0,joystick,-1.000,+0.000,+0.000,-1.000,1100,0,
1785506320.2541,2026-07-31T09:58:40.254,139.453,1404,,,,0,,,,0.5789,-22.72,0.5050,-260.74,1,30.0,joystick,-1.000,+0.000,+0.000,+0.000,1100,0,
1785506320.3529,2026-07-31T09:58:40.352,139.552,1405,,,,0,,,,0.5777,-19.81,0.5038,-257.83,1,30.0,joystick,-1.000,+0.000,+0.000,+0.000,1100,0,
1785506320.4522,2026-07-31T09:58:40.452,139.651,1406,,,,0,,,,0.5838,-12.90,0.5099,-250.92,1,30.0,joystick,-1.000,+0.000,+0.000,+0.000,1100,0,
1785506320.5515,2026-07-31T09:58:40.551,139.750,1407,,,,0,,,,0.5826,-10.14,0.5087,-248.16,1,30.0,joystick,-1.000,+0.000,+0.000,+0.000,1100,0,
1785506320.6509,2026-07-31T09:58:40.650,139.850,1408,,,,0,,,,0.5811,-5.98,0.5072,-244.00,1,30.0,joystick,-1.000,+0.000,+0.000,+0.000,1100,0,
1785506320.7506,2026-07-31T09:58:40.750,139.949,1409,,,,0,,,,0.5854,-2.96,0.5114,-240.98,1,30.0,joystick,-1.000,+0.000,+0.000,+0.000,1100,0,
1785506320.8503,2026-07-31T09:58:40.850,140.049,1410,,,,0,,,,0.5834,-1.63,0.5095,-239.65,1,30.0,joystick,-1.000,+1.000,+0.000,+0.000,1100,0,
1785506320.9496,2026-07-31T09:58:40.949,140.148,1411,,,,0,,,,0.5835,0.65,0.5096,-237.37,1,30.0,joystick,-1.000,+0.000,+0.000,+0.000,1100,0,
1785506321.0487,2026-07-31T09:58:41.048,140.247,1412,,,,0,,,,0.5790,1.63,0.5051,-236.39,1,30.0,joystick,-1.000,+0.000,+0.000,+0.000,1100,0,
1785506321.1483,2026-07-31T09:58:41.148,140.347,1413,,,,0,,,,0.5822,3.26,0.5083,-234.76,1,30.0,joystick,-1.000,+0.000,+0.000,+0.000,1100,0,
1785506321.2490,2026-07-31T09:58:41.249,140.448,1414,,,,0,,,,0.5840,4.68,0.5101,-233.34,1,30.0,joystick,-1.000,+0.000,+0.000,+1.000,1100,0,
1785506321.3474,2026-07-31T09:58:41.347,140.546,1415,,,,0,,,,0.5847,4.84,0.5108,-233.18,1,30.0,joystick,-1.000,+0.000,+0.000,+1.000,1100,0,
1785506321.4467,2026-07-31T09:58:41.446,140.645,1416,,,,0,,,,0.5871,1.68,0.5132,-236.34,1,30.0,joystick,-1.000,+0.000,+0.000,+0.000,1100,0,
1785506321.5458,2026-07-31T09:58:41.545,140.744,1417,,,,0,,,,0.5886,-4.36,0.5147,-242.38,1,30.0,joystick,-1.000,+0.000,+0.000,+0.000,1100,0,
1785506321.6460,2026-07-31T09:58:41.646,140.845,1418,,,,0,,,,0.5904,-6.10,0.5165,-244.12,1,30.0,joystick,-1.000,+0.000,+0.000,+0.000,1100,0,
1785506321.7450,2026-07-31T09:58:41.744,140.944,1419,,,,0,,,,0.5886,-8.53,0.5147,-246.55,1,30.0,joystick,-1.000,+0.000,+0.000,+0.000,1100,0,
1785506321.8435,2026-07-31T09:58:41.843,141.042,1420,,,,0,,,,0.5943,-9.62,0.5204,-247.64,1,30.0,joystick,-1.000,+0.000,+0.000,+0.000,1100,0,
1785506321.9444,2026-07-31T09:58:41.944,141.143,1421,,,,0,,,,0.5969,-11.20,0.5230,-249.22,1,30.0,joystick,-1.000,+0.000,+0.000,-1.000,1100,0,
1785506322.0449,2026-07-31T09:58:42.044,141.244,1422,,,,0,,,,0.5963,-10.67,0.5224,-248.69,1,30.0,joystick,-1.000,+0.000,+0.000,-1.000,1100,0,
1785506322.1440,2026-07-31T09:58:42.143,141.343,1423,,,,0,,,,0.5993,-7.67,0.5254,-245.69,1,30.0,joystick,-1.000,+0.000,+0.000,+0.000,1100,0,
1785506322.2428,2026-07-31T09:58:42.242,141.441,1424,,,,0,,,,0.5976,-2.60,0.5237,-240.62,1,30.0,joystick,-1.000,+0.000,+0.000,+0.000,1100,0,
1785506322.3432,2026-07-31T09:58:42.343,141.542,1425,,,,0,,,,0.6049,-0.92,0.5310,-238.94,1,30.0,joystick,-1.000,+0.000,+0.000,+0.000,1100,0,
1785506322.4415,2026-07-31T09:58:42.441,141.640,1426,,,,0,,,,0.6013,1.60,0.5274,-236.42,1,30.0,joystick,-1.000,+0.000,+0.000,+0.000,1100,0,
1785506322.5410,2026-07-31T09:58:42.541,141.740,1427,,,,0,,,,0.6013,2.62,0.5274,-235.40,1,30.0,joystick,-1.000,+0.000,+0.000,+0.000,1100,0,
1785506322.6397,2026-07-31T09:58:42.639,141.838,1428,,,,0,,,,0.6021,4.34,0.5282,-233.68,1,30.0,joystick,-1.000,+0.000,+0.000,+1.000,1100,0,
1785506322.7396,2026-07-31T09:58:42.739,141.938,1429,,,,0,,,,0.6044,4.21,0.5305,-233.81,1,30.0,joystick,-1.000,+0.000,+0.000,+0.000,1100,0,
1785506322.8391,2026-07-31T09:58:42.839,142.038,1430,,,,0,,,,0.6066,2.25,0.5327,-235.77,1,30.0,joystick,-1.000,+0.000,+0.000,+0.000,1100,0,
1785506322.9388,2026-07-31T09:58:42.938,142.137,1431,,,,0,,,,0.5988,-3.30,0.5249,-241.32,1,30.0,joystick,-1.000,+0.000,+0.000,+0.000,1100,0,
1785506323.0380,2026-07-31T09:58:43.038,142.237,1432,,,,0,,,,0.6030,-5.03,0.5291,-243.05,1,30.0,joystick,-1.000,+0.000,+0.000,+0.000,1100,0,
1785506323.1370,2026-07-31T09:58:43.137,142.336,1433,,,,0,,,,0.6011,-7.45,0.5271,-245.47,1,30.0,joystick,-1.000,+0.000,+0.000,+0.000,1100,0,
1785506323.2358,2026-07-31T09:58:43.235,142.434,1434,,,,0,,,,0.6111,-8.74,0.5372,-246.76,1,30.0,joystick,-1.000,+0.000,+0.000,-1.000,1100,0,
1785506323.3342,2026-07-31T09:58:43.334,142.533,1435,,,,0,,,,0.6054,-8.02,0.5315,-246.04,1,30.0,joystick,-1.000,+0.000,+0.000,+0.000,1100,0,
1785506323.4331,2026-07-31T09:58:43.433,142.632,1436,,,,0,,,,0.6130,-3.16,0.5391,-241.18,1,30.0,joystick,-1.000,+0.000,+0.000,+0.000,1100,0,
1785506323.5333,2026-07-31T09:58:43.533,142.732,1437,,,,0,,,,0.6115,-1.13,0.5376,-239.15,1,30.0,joystick,-1.000,+0.000,+0.000,+0.000,1100,0,
1785506323.6326,2026-07-31T09:58:43.632,142.831,1438,,,,0,,,,0.6290,1.37,0.5551,-236.65,1,30.0,joystick,-1.000,+0.000,+0.000,+0.000,1100,0,
1785506323.7330,2026-07-31T09:58:43.733,142.932,1439,,,,0,,,,0.6326,3.21,0.5587,-234.82,1,30.0,joystick,-1.000,+0.000,+0.000,+0.000,1100,0,
1785506323.8318,2026-07-31T09:58:43.831,143.030,1440,,,,0,,,,0.6337,3.98,0.5598,-234.04,1,30.0,joystick,-1.000,+0.000,+0.000,+0.000,1100,0,
1785506323.9324,2026-07-31T09:58:43.932,143.131,1441,,,,0,,,,0.6459,5.21,0.5719,-232.81,1,30.0,joystick,-1.000,+0.000,+0.000,+0.000,1100,0,
1785506324.0319,2026-07-31T09:58:44.031,143.231,1442,,,,0,,,,0.6478,5.72,0.5739,-232.30,1,30.0,joystick,-1.000,+0.000,+0.000,+0.000,1100,0,
1785506324.1307,2026-07-31T09:58:44.130,143.329,1443,,,,0,,,,0.6552,6.63,0.5813,-231.39,1,30.0,joystick,-1.000,+0.000,+0.000,+1.000,1100,0,
1785506324.2302,2026-07-31T09:58:44.230,143.429,1444,,,,0,,,,0.6632,6.98,0.5893,-231.05,1,30.0,joystick,-1.000,+0.000,+0.000,+0.000,1100,0,
1785506324.3288,2026-07-31T09:58:44.328,143.528,1445,,,,0,,,,0.6570,4.22,0.5831,-233.80,1,30.0,joystick,-1.000,+0.000,+0.000,+0.000,1100,0,
1785506324.4280,2026-07-31T09:58:44.428,143.627,1446,,,,0,,,,0.6627,-1.41,0.5888,-239.43,1,30.0,joystick,-1.000,+0.000,+0.000,+0.000,1100,0,
1785506324.5274,2026-07-31T09:58:44.527,143.726,1447,,,,0,,,,0.6705,-3.11,0.5966,-241.13,1,30.0,joystick,-1.000,+0.000,+0.000,+0.000,1100,0,
1785506324.6259,2026-07-31T09:58:44.625,143.825,1448,,,,0,,,,0.6769,-5.38,0.6030,-243.41,1,30.0,joystick,-1.000,+0.000,+0.000,+0.000,1100,0,
1785506324.7263,2026-07-31T09:58:44.726,143.925,1449,,,,0,,,,0.6854,-6.31,0.6115,-244.33,1,30.0,joystick,-1.000,+0.000,+0.000,+0.000,1100,0,
1785506324.8246,2026-07-31T09:58:44.824,144.023,1450,,,,0,,,,0.6839,-7.98,0.6100,-246.00,1,30.0,joystick,-1.000,+0.000,+0.000,+0.000,1100,0,
1785506324.9245,2026-07-31T09:58:44.924,144.123,1451,,,,0,,,,0.6898,-9.42,0.6159,-247.44,1,30.0,joystick,-1.000,+0.000,+0.000,+0.000,1100,0,
1785506325.0253,2026-07-31T09:58:45.025,144.224,1452,,,,0,,,,0.6981,-10.03,0.6242,-248.05,1,30.0,joystick,-1.000,+0.000,+0.000,+0.000,1100,0,
1785506325.1237,2026-07-31T09:58:45.123,144.322,1453,,,,0,,,,0.7095,-11.18,0.6356,-249.20,1,30.0,joystick,-1.000,+0.000,+0.000,+0.000,1100,0,
1785506325.2231,2026-07-31T09:58:45.223,144.422,1454,,,,0,,,,0.7086,-11.72,0.6347,-249.74,1,30.0,joystick,-1.000,+0.000,+0.000,+0.000,1100,0,
1785506325.3232,2026-07-31T09:58:45.323,144.522,1455,,,,0,,,,0.7192,-12.59,0.6453,-250.61,1,30.0,joystick,-1.000,+0.000,+0.000,+0.000,1100,0,
1785506325.4225,2026-07-31T09:58:45.422,144.621,1456,,,,0,,,,0.7302,-13.46,0.6563,-251.48,1,30.0,joystick,-1.000,+0.000,+0.000,+0.000,1100,0,
1785506325.5223,2026-07-31T09:58:45.522,144.721,1457,,,,0,,,,0.7361,-13.85,0.6622,-251.87,1,30.0,joystick,-1.000,+0.000,+0.000,+0.000,1100,0,
1785506325.6209,2026-07-31T09:58:45.620,144.820,1458,,,,0,,,,0.7425,-14.57,0.6686,-252.59,1,30.0,joystick,-1.000,+0.000,+0.000,+0.000,1100,0,
1785506325.7216,2026-07-31T09:58:45.721,144.920,1459,,,,0,,,,0.7474,-14.88,0.6735,-252.90,1,30.0,joystick,-1.000,+0.000,+0.000,+0.000,1100,0,
1785506325.8214,2026-07-31T09:58:45.821,145.020,1460,,,,0,,,,0.7564,-15.28,0.6825,-253.30,1,30.0,joystick,-1.000,+0.000,+0.000,+0.000,1100,0,
1785506325.9197,2026-07-31T09:58:45.919,145.118,1461,,,,0,,,,0.7649,-15.48,0.6910,-253.50,1,30.0,joystick,-1.000,+0.000,+0.000,+0.000,1100,0,
1785506326.0203,2026-07-31T09:58:46.020,145.219,1462,,,,0,,,,0.7708,-15.50,0.6969,-253.52,1,30.0,joystick,-1.000,+0.000,+0.000,+0.000,1100,0,
1785506326.1187,2026-07-31T09:58:46.118,145.317,1463,,,,0,,,,0.7748,-15.44,0.7009,-253.46,1,30.0,joystick,-1.000,+0.000,+0.000,+0.000,1100,0,
1785506326.2193,2026-07-31T09:58:46.219,145.418,1464,,,,0,,,,0.7781,-15.38,0.7041,-253.40,1,30.0,joystick,-1.000,+0.000,+0.000,+0.000,1100,0,
1785506326.3178,2026-07-31T09:58:46.317,145.517,1465,,,,0,,,,0.7737,-15.11,0.6998,-253.13,1,30.0,joystick,-1.000,+0.000,+0.000,+0.000,1100,0,
1785506326.4175,2026-07-31T09:58:46.417,145.616,1466,,,,0,,,,0.7805,-14.85,0.7066,-252.87,1,30.0,joystick,+1.000,+0.000,+0.000,+0.000,1100,0,
1785506326.5161,2026-07-31T09:58:46.516,145.715,1467,,,,0,,,,0.7769,-14.90,0.7030,-252.92,1,30.0,joystick,+1.000,+0.000,+1.000,+0.000,1100,0,
1785506326.6154,2026-07-31T09:58:46.615,145.814,1468,,,,0,,,,0.7762,-14.95,0.7023,-252.97,1,30.0,joystick,+1.000,+0.000,+1.000,+0.000,1100,0,
1785506326.7166,2026-07-31T09:58:46.716,145.915,1469,,,,0,,,,0.7748,-14.78,0.7009,-252.80,1,30.0,joystick,+1.000,+0.000,+1.000,+0.000,1100,0,
1785506326.8158,2026-07-31T09:58:46.815,146.015,1470,,,,0,,,,0.7422,-14.42,0.6683,-252.44,1,30.0,joystick,+0.000,+0.000,+1.000,+0.000,1100,0,
1785506326.9154,2026-07-31T09:58:46.915,146.114,1471,,,,0,,,,0.7494,-13.56,0.6755,-251.58,1,30.0,joystick,+0.000,+0.000,+1.000,+0.000,1100,0,
1785506327.0146,2026-07-31T09:58:47.014,146.213,1472,,,,0,,,,0.7574,-13.04,0.6835,-251.06,1,30.0,joystick,+0.000,+0.000,+1.000,+0.000,1100,0,
1785506327.1146,2026-07-31T09:58:47.114,146.313,1473,,,,0,,,,0.7522,-11.85,0.6783,-249.87,1,30.0,joystick,+0.000,+0.000,+1.000,+0.000,1100,0,
1785506327.2155,2026-07-31T09:58:47.215,146.414,1474,,,,0,,,,0.7517,-11.17,0.6778,-249.19,1,30.0,joystick,+0.000,+0.000,+1.000,+0.000,1100,0,
1785506327.3141,2026-07-31T09:58:47.314,146.513,1475,,,,0,,,,0.7232,-9.72,0.6493,-247.74,1,30.0,joystick,+0.000,+0.000,+1.000,+0.000,1100,0,
1785506327.4145,2026-07-31T09:58:47.414,146.613,1476,,,,0,,,,0.7031,-8.21,0.6292,-246.23,1,30.0,joystick,+0.000,+0.000,+1.000,+0.000,1100,0,
1785506327.5135,2026-07-31T09:58:47.513,146.712,1477,,,,0,,,,0.6877,-7.44,0.6138,-245.46,1,30.0,joystick,+0.000,+0.000,+1.000,+0.000,1100,0,
1785506327.6133,2026-07-31T09:58:47.613,146.812,1478,,,,0,,,,0.6570,-5.97,0.5831,-243.99,1,30.0,joystick,+0.000,+0.000,+1.000,+0.000,1100,0,
1785506327.7124,2026-07-31T09:58:47.712,146.911,1479,,,,0,,,,0.6438,-5.25,0.5699,-243.27,1,30.0,joystick,+0.000,+0.000,+1.000,+0.000,1100,0,
1785506327.8107,2026-07-31T09:58:47.810,147.009,1480,,,,0,,,,0.6103,-3.86,0.5363,-241.88,1,30.0,joystick,+0.000,+0.000,+1.000,+0.000,1100,0,
1785506327.9112,2026-07-31T09:58:47.911,147.110,1481,,,,0,,,,0.5918,-3.19,0.5179,-241.21,1,30.0,joystick,+0.000,+0.000,+1.000,+0.000,1100,0,
1785506328.0108,2026-07-31T09:58:48.010,147.210,1482,,,,0,,,,0.5578,-1.93,0.4839,-239.95,1,30.0,joystick,+0.000,+0.000,+1.000,+1.000,1100,0,
1785506328.1104,2026-07-31T09:58:48.110,147.309,1483,,,,0,,,,0.5280,-0.87,0.4541,-238.89,1,30.0,joystick,+0.000,+0.000,+1.000,+1.000,1100,0,
1785506328.2094,2026-07-31T09:58:48.209,147.408,1484,,,,0,,,,0.5051,-0.46,0.4312,-238.48,1,30.0,joystick,+0.000,+0.000,+1.000,+0.000,1100,0,
1785506328.3079,2026-07-31T09:58:48.307,147.507,1485,,,,0,,,,0.4718,-0.26,0.3979,-238.28,1,30.0,joystick,+0.602,+0.000,+1.000,+0.000,1100,0,
1785506328.4072,2026-07-31T09:58:48.407,147.606,1486,,,,0,,,,0.4559,-0.24,0.3820,-238.26,1,30.0,joystick,+1.000,+0.000,+1.000,+0.000,1100,0,
1785506328.5066,2026-07-31T09:58:48.506,147.705,1487,,,,0,,,,0.4238,-2.99,0.3498,-241.01,1,30.0,joystick,+1.000,+0.000,+1.000,+0.000,1100,0,
1785506328.6064,2026-07-31T09:58:48.606,147.805,1488,,,,0,,,,0.3903,-6.18,0.3164,-244.20,1,30.0,joystick,+1.000,+0.000,+1.000,+0.000,1100,0,
1785506328.7062,2026-07-31T09:58:48.706,147.905,1489,,,,0,,,,0.3801,-6.70,0.3062,-244.72,1,30.0,joystick,+1.000,+0.000,+1.000,+0.000,1100,0,
1785506328.8054,2026-07-31T09:58:48.805,148.004,1490,,,,0,,,,0.3487,-7.24,0.2748,-245.26,1,30.0,joystick,+1.000,+0.000,+1.000,+0.000,1100,0,
1785506328.9040,2026-07-31T09:58:48.904,148.103,1491,,,,0,,,,0.3219,-7.39,0.2480,-245.41,1,30.0,joystick,+1.000,+0.000,+1.000,+0.000,1100,0,
1785506329.0036,2026-07-31T09:58:49.003,148.202,1492,,,,0,,,,0.3210,-7.58,0.2471,-245.60,1,30.0,joystick,+1.000,+0.000,+1.000,+0.000,1100,0,
1785506329.1019,2026-07-31T09:58:49.101,148.301,1493,,,,0,,,,0.3024,-7.63,0.2285,-245.65,1,30.0,joystick,+1.000,+0.000,+1.000,+0.000,1100,0,
1785506329.2024,2026-07-31T09:58:49.202,148.401,1494,,,,0,,,,0.2910,-7.62,0.2170,-245.64,1,30.0,joystick,+1.000,+0.000,+1.000,+0.000,1100,0,
1785506329.3016,2026-07-31T09:58:49.301,148.500,1495,,,,0,,,,0.2727,-7.43,0.1988,-245.45,1,30.0,joystick,+1.000,+0.000,+1.000,+0.000,1100,0,
1785506329.4000,2026-07-31T09:58:49.400,148.599,1496,,,,0,,,,0.2685,-7.33,0.1946,-245.35,1,30.0,joystick,+1.000,+0.000,+1.000,+0.000,1100,0,
1785506329.4990,2026-07-31T09:58:49.499,148.698,1497,,,,0,,,,0.2521,-7.12,0.1781,-245.14,1,30.0,joystick,+1.000,+0.000,+1.000,+0.000,1100,0,
1785506329.5982,2026-07-31T09:58:49.598,148.797,1498,,,,0,,,,0.2362,-6.91,0.1623,-244.93,1,30.0,joystick,-1.000,+0.000,+0.000,+0.000,1100,0,
1785506329.6977,2026-07-31T09:58:49.697,148.896,1499,,,,0,,,,0.2428,-6.84,0.1689,-244.86,1,30.0,joystick,-1.000,+0.000,+0.000,+0.000,1100,0,
1785506329.7962,2026-07-31T09:58:49.796,148.995,1500,,,,0,,,,0.2412,-6.71,0.1673,-244.73,1,30.0,joystick,-1.000,+0.000,+0.000,-1.000,1100,0,
1785506329.8958,2026-07-31T09:58:49.895,149.095,1501,,,,0,,,,0.2404,-6.25,0.1665,-244.27,1,30.0,joystick,-1.000,+0.000,+0.000,-1.000,1100,0,
1785506329.9956,2026-07-31T09:58:49.995,149.194,1502,,,,0,,,,0.2381,-2.25,0.1642,-240.27,1,30.0,joystick,-1.000,+0.000,+0.000,-1.000,1100,0,
1785506330.0939,2026-07-31T09:58:50.093,149.293,1503,,,,0,,,,0.2288,4.20,0.1549,-233.82,1,30.0,joystick,-1.000,+0.000,+0.000,-1.000,1100,0,
1785506330.1935,2026-07-31T09:58:50.193,149.392,1504,,,,0,,,,0.2235,8.12,0.1495,-229.90,1,30.0,joystick,-1.000,+0.000,+0.000,-1.000,1100,0,
1785506330.2920,2026-07-31T09:58:50.292,149.491,1505,,,,0,,,,0.2134,17.26,0.1395,-220.76,1,30.0,joystick,-1.000,+0.000,+0.000,-1.000,1100,0,
1785506330.3916,2026-07-31T09:58:50.391,149.590,1506,,,,0,,,,0.2098,22.27,0.1359,-215.75,1,30.0,joystick,-1.000,+0.000,+0.000,-1.000,1100,0,
1785506330.4903,2026-07-31T09:58:50.490,149.689,1507,,,,0,,,,0.1973,32.61,0.1234,-205.41,1,30.0,joystick,-0.367,+0.000,+1.000,+0.000,1100,0,
1785506330.5896,2026-07-31T09:58:50.589,149.788,1508,,,,0,,,,0.1896,37.51,0.1157,-200.51,1,30.0,joystick,+0.000,+0.000,+1.000,+0.000,1100,0,
1785506330.6888,2026-07-31T09:58:50.688,149.888,1509,,,,0,,,,0.1857,44.63,0.1118,-193.39,1,30.0,joystick,+0.000,+0.000,+1.000,+0.000,1100,0,
1785506330.7873,2026-07-31T09:58:50.787,149.986,1510,,,,0,,,,0.1742,49.80,0.1003,-188.22,1,30.0,joystick,+0.000,+0.000,+1.000,+0.000,1100,0,
1785506330.8868,2026-07-31T09:58:50.886,150.086,1511,,,,0,,,,0.1702,52.02,0.0963,-186.00,1,30.0,joystick,+0.000,+0.000,+1.000,+1.000,1100,0,
1785506330.9859,2026-07-31T09:58:50.985,150.185,1512,,,,0,,,,0.1568,55.92,0.0829,-182.10,1,30.0,joystick,+0.000,+0.000,+1.000,+1.000,1100,0,
1785506331.0857,2026-07-31T09:58:51.085,150.284,1513,,,,0,,,,0.1450,57.89,0.0711,-180.13,1,30.0,joystick,+0.000,+0.000,+1.000,+1.000,1100,0,
1785506331.1842,2026-07-31T09:58:51.184,150.383,1514,,,,0,,,,0.1329,58.02,0.0590,-180.00,1,30.0,joystick,+0.000,+0.000,+1.000,+1.000,1100,0,
1785506331.2837,2026-07-31T09:58:51.283,150.482,1515,,,,0,,,,0.1193,52.26,0.0454,-185.76,1,30.0,joystick,+0.000,+0.000,+1.000,+1.000,1100,0,
1785506331.3829,2026-07-31T09:58:51.382,150.582,1516,,,,0,,,,0.1174,47.98,0.0435,-190.04,1,30.0,joystick,+0.000,+0.000,+1.000,+1.000,1100,0,
1785506331.4825,2026-07-31T09:58:51.482,150.681,1517,,,,0,,,,0.0974,38.13,0.0235,-199.89,1,30.0,joystick,+0.000,+0.000,+1.000,+1.000,1100,0,
1785506331.5817,2026-07-31T09:58:51.581,150.780,1518,,,,0,,,,0.0875,32.82,0.0136,-205.20,1,30.0,joystick,+0.000,+0.000,+1.000,+1.000,1100,0,
1785506331.6808,2026-07-31T09:58:51.680,150.880,1519,,,,0,,,,0.0800,22.08,0.0061,-215.94,1,30.0,joystick,+0.000,+0.000,+1.000,+0.000,1100,0,
1785506331.7792,2026-07-31T09:58:51.779,150.978,1520,,,,0,,,,0.0735,18.85,-0.0004,-219.17,1,30.0,joystick,+0.000,+0.000,+1.000,+0.000,1100,0,
1785506331.8795,2026-07-31T09:58:51.879,151.078,1521,,,,0,,,,0.0627,14.77,-0.0112,-223.25,1,30.0,joystick,+0.000,+0.000,+0.145,+0.000,1100,0,
1785506331.9786,2026-07-31T09:58:51.978,151.177,1522,,,,0,,,,0.0507,12.23,-0.0232,-225.79,1,30.0,joystick,+0.000,+0.000,+0.000,+0.000,1100,0,
1785506332.0776,2026-07-31T09:58:52.077,151.276,1523,,,,0,,,,0.0481,11.26,-0.0258,-226.76,1,30.0,joystick,+0.000,+0.000,+0.000,+0.000,1100,0,
1785506332.1764,2026-07-31T09:58:52.176,151.375,1524,,,,0,,,,0.0478,9.73,-0.0261,-228.29,1,30.0,joystick,+0.000,+0.000,+0.000,+0.000,1100,0,
1785506332.2756,2026-07-31T09:58:52.275,151.474,1525,,,,0,,,,0.0480,9.15,-0.0259,-228.87,1,30.0,joystick,+0.000,+0.000,+0.000,+0.000,1100,0,
1785506332.3751,2026-07-31T09:58:52.375,151.574,1526,,,,0,,,,0.0384,8.27,-0.0355,-229.75,1,30.0,joystick,+0.000,+0.000,+0.000,+0.000,1100,0,
1785506332.4749,2026-07-31T09:58:52.474,151.674,1527,,,,0,,,,0.0421,7.63,-0.0318,-230.39,1,30.0,joystick,+0.000,+0.000,+0.000,+0.000,1100,0,
1785506332.5767,2026-07-31T09:58:52.576,151.775,1528,,,,0,,,,0.0390,7.36,-0.0349,-230.66,1,30.0,joystick,+0.000,+0.000,+0.000,+0.000,1100,0,
1785506332.6751,2026-07-31T09:58:52.675,151.874,1529,,,,0,,,,0.0294,6.87,-0.0445,-231.15,1,30.0,joystick,+0.000,+0.000,+0.000,+0.000,1100,0,
1785506332.7758,2026-07-31T09:58:52.775,151.974,1530,,,,0,,,,0.0262,6.66,-0.0477,-231.36,1,30.0,joystick,+0.000,+0.000,+0.000,+0.000,1100,0,
1785506332.8742,2026-07-31T09:58:52.874,152.073,1531,,,,0,,,,0.0254,6.38,-0.0485,-231.64,1,30.0,joystick,+0.000,+0.000,+0.000,+0.000,1100,0,
1785506332.9731,2026-07-31T09:58:52.973,152.172,1532,,,,0,,,,0.0179,6.33,-0.0560,-231.69,1,30.0,joystick,+0.000,+0.000,+0.000,+0.000,1100,0,
1785506333.0738,2026-07-31T09:58:53.073,152.273,1533,,,,0,,,,0.0139,6.36,-0.0600,-231.66,1,30.0,joystick,+0.000,+0.000,+0.000,+0.000,1100,0,
1785506333.1723,2026-07-31T09:58:53.172,152.371,1534,,,,0,,,,0.0084,6.47,-0.0655,-231.55,1,30.0,joystick,+0.000,+0.000,+0.000,+0.000,1100,0,
1785506333.2706,2026-07-31T09:58:53.270,152.469,1535,,,,0,,,,0.0004,6.50,-0.0735,-231.52,1,30.0,joystick,+0.000,+0.000,+0.000,+0.000,1100,0,
1785506333.3695,2026-07-31T09:58:53.369,152.568,1536,,,,0,,,,-0.0067,6.59,-0.0806,-231.43,1,30.0,joystick,+0.000,+0.000,+0.000,+0.000,1100,0,
1785506333.4683,2026-07-31T09:58:53.468,152.667,1537,,,,0,,,,-0.0083,6.65,-0.0822,-231.37,1,30.0,joystick,+0.000,+0.000,+0.000,+0.000,1100,0,
1785506333.5679,2026-07-31T09:58:53.567,152.767,1538,,,,0,,,,-0.0143,6.67,-0.0882,-231.35,1,30.0,joystick,+0.000,+0.000,+0.000,+0.000,1100,0,
