t_epoch,iso_time,t_elapsed_s,seq,tag_id,tag_distance_m,tag_under_1m,tag_count,det_seq,det_t_epoch,det_age_ms,depth_m,yaw_deg,depth_raw_m,yaw_raw_deg,sensors_ok,throttle_pct,mode,surge_cmd,strafe_cmd,heave_cmd,yaw_cmd,light_pwm,led_flashing,flash_frame
1785506458.2438,2026-07-31T10:00:58.243,0.048,1,,,,0,,,,,,,,0,30.0,idle,+0.000,+0.000,+0.000,+0.000,1100,0,
1785506458.3427,2026-07-31T10:00:58.342,0.146,2,,,,0,,,,-0.0572,95.84,-0.0572,-264.16,1,30.0,idle,+0.000,+0.000,+0.000,+0.000,1100,0,
1785506458.4444,2026-07-31T10:00:58.444,0.248,3,,,,0,,,,-0.0515,96.04,-0.0515,-263.96,1,30.0,idle,+0.000,+0.000,+0.000,+0.000,1100,0,
1785506458.5436,2026-07-31T10:00:58.543,0.347,4,,,,0,,,,-0.0563,96.15,-0.0563,-263.85,1,30.0,idle,+0.000,+0.000,+0.000,+0.000,1100,0,
1785506458.6435,2026-07-31T10:00:58.643,0.447,5,,,,0,,,,-0.0575,96.42,-0.0575,-263.58,1,30.0,idle,+0.000,+0.000,+0.000,+0.000,1100,0,
1785506458.7418,2026-07-31T10:00:58.741,0.546,6,,,,0,,,,-0.0557,96.74,-0.0557,-263.26,1,30.0,idle,+0.000,+0.000,+0.000,+0.000,1100,0,
1785506458.8417,2026-07-31T10:00:58.841,0.645,7,,,,0,,,,-0.0567,96.91,-0.0567,-263.09,1,30.0,idle,+0.000,+0.000,+0.000,+0.000,1100,0,
1785506458.9413,2026-07-31T10:00:58.941,0.745,8,,,,0,,,,-0.0579,97.20,-0.0579,-262.80,1,30.0,idle,+0.000,+0.000,+0.000,+0.000,1100,0,
1785506459.0408,2026-07-31T10:00:59.040,0.845,9,,,,0,,,,-0.0572,97.32,-0.0572,-262.68,1,30.0,idle,+0.000,+0.000,+0.000,+0.000,1100,0,
1785506459.1413,2026-07-31T10:00:59.141,0.945,10,,,,0,,,,-0.0567,97.55,-0.0567,-262.45,1,30.0,idle,+0.000,+0.000,+0.000,+0.000,1100,0,
1785506459.2401,2026-07-31T10:00:59.240,1.044,11,,,,0,,,,-0.0554,97.66,-0.0554,-262.34,1,30.0,idle,+0.000,+0.000,+0.000,+0.000,1100,0,
1785506459.3388,2026-07-31T10:00:59.338,1.143,12,,,,0,,,,-0.0552,97.85,-0.0552,-262.15,1,30.0,idle,+0.000,+0.000,+0.000,+0.000,1100,0,
1785506459.4393,2026-07-31T10:00:59.439,1.243,13,,,,0,,,,-0.0565,97.93,-0.0565,-262.07,1,30.0,idle,+0.000,+0.000,+0.000,+0.000,1100,0,
1785506459.5390,2026-07-31T10:00:59.538,1.343,14,,,,0,,,,-0.0562,98.13,-0.0562,-261.87,1,30.0,idle,+0.000,+0.000,+0.000,+0.000,1100,0,
1785506459.6387,2026-07-31T10:00:59.638,1.442,15,,,,0,,,,-0.0535,98.37,-0.0535,-261.63,1,30.0,idle,+0.000,+0.000,+0.000,+0.000,1100,0,
1785506459.7393,2026-07-31T10:00:59.739,1.543,16,,,,0,,,,-0.0534,98.50,-0.0534,-261.50,1,30.0,idle,+0.000,+0.000,+0.000,+0.000,1100,0,
1785506459.8386,2026-07-31T10:00:59.838,1.642,17,,,,0,,,,-0.0575,98.76,-0.0575,-261.24,1,30.0,idle,+0.000,+0.000,+0.000,+0.000,1100,0,
1785506459.9372,2026-07-31T10:00:59.937,1.741,18,,,,0,,,,-0.0562,99.03,-0.0562,-260.97,1,30.0,idle,+0.000,+0.000,+0.000,+0.000,1100,0,
1785506460.0360,2026-07-31T10:01:00.036,1.840,19,,,,0,,,,-0.0599,99.16,-0.0599,-260.84,1,30.0,idle,+0.000,+0.000,+0.000,+0.000,1100,0,
1785506460.1363,2026-07-31T10:01:00.136,1.940,20,,,,0,,,,-0.0546,99.38,-0.0546,-260.62,1,30.0,idle,+0.000,+0.000,+0.000,+0.000,1100,0,
1785506460.2348,2026-07-31T10:01:00.234,2.038,21,,,,0,,,,-0.0543,99.48,-0.0543,-260.52,1,30.0,idle,+0.000,+0.000,+0.000,+0.000,1100,0,
1785506460.3345,2026-07-31T10:01:00.334,2.138,22,,,,0,,,,-0.0560,99.65,-0.0560,-260.35,1,30.0,idle,+0.000,+0.000,+0.000,+0.000,1100,0,
1785506460.4336,2026-07-31T10:01:00.433,2.237,23,,,,0,,,,-0.0508,99.81,-0.0508,-260.19,1,30.0,idle,+0.000,+0.000,+0.000,+0.000,1100,0,
1785506460.5325,2026-07-31T10:01:00.532,2.336,24,,,,0,,,,-0.0542,99.90,-0.0542,-260.10,1,30.0,idle,+0.000,+0.000,+0.000,+0.000,1100,0,
1785506460.6310,2026-07-31T10:01:00.630,2.435,25,,,,0,,,,-0.0508,100.08,-0.0508,-259.92,1,30.0,idle,+0.000,+0.000,+0.000,+0.000,1100,0,
1785506460.7306,2026-07-31T10:01:00.730,2.534,26,,,,0,,,,-0.0544,100.16,-0.0544,-259.84,1,30.0,idle,+0.000,+0.000,+0.000,+0.000,1100,0,
1785506460.8290,2026-07-31T10:01:00.828,2.633,27,,,,0,,,,-0.0570,100.31,-0.0570,-259.69,1,30.0,idle,+0.000,+0.000,+0.000,+0.000,1100,0,
1785506460.9294,2026-07-31T10:01:00.929,2.733,28,,,,0,,,,-0.0548,100.38,-0.0548,-259.62,1,30.0,idle,+0.000,+0.000,+0.000,+0.000,1100,0,
1785506461.0279,2026-07-31T10:01:01.027,2.832,29,,,,0,,,,-0.0533,100.57,-0.0533,-259.43,1,30.0,idle,+0.000,+0.000,+0.000,+0.000,1100,0,
1785506461.1273,2026-07-31T10:01:01.127,2.931,30,,,,0,,,,-0.0537,100.77,-0.0537,-259.23,1,30.0,idle,+0.000,+0.000,+0.000,+0.000,1100,0,
1785506461.2268,2026-07-31T10:01:01.226,3.030,31,,,,0,,,,-0.0535,100.87,-0.0535,-259.13,1,30.0,idle,+0.000,+0.000,+0.000,+0.000,1100,0,
1785506461.3284,2026-07-31T10:01:01.328,3.132,32,,,,0,,,,-0.0510,101.02,-0.0510,-258.98,1,30.0,idle,+0.000,+0.000,+0.000,+0.000,1100,0,
1785506461.4287,2026-07-31T10:01:01.428,3.232,33,,,,0,,,,-0.0526,101.17,-0.0526,-258.83,1,30.0,joystick,+0.000,+0.000,-0.400,+0.000,1100,0,
1785506461.5273,2026-07-31T10:01:01.527,3.331,34,,,,0,,,,-0.0546,101.26,-0.0546,-258.74,1,30.0,joystick,+0.000,+0.000,-0.400,+0.000,1100,0,
1785506461.6264,2026-07-31T10:01:01.626,3.430,35,,,,0,,,,-0.0539,101.46,-0.0539,-258.54,1,30.0,joystick,+0.000,+0.000,-0.400,+0.000,1100,0,
1785506461.7253,2026-07-31T10:01:01.725,3.529,36,,,,0,,,,-0.0506,101.53,-0.0506,-258.47,1,30.0,joystick,+0.000,+0.000,-0.400,+0.000,1100,0,
1785506461.8257,2026-07-31T10:01:01.825,3.629,37,,,,0,,,,-0.0546,101.64,-0.0546,-258.36,1,30.0,joystick,+0.000,+0.000,-0.400,+0.000,1100,0,
1785506461.9252,2026-07-31T10:01:01.925,3.729,38,,,,0,,,,-0.0513,101.68,-0.0513,-258.32,1,30.0,joystick,+0.000,+0.000,-0.400,+0.000,1100,0,
1785506462.0240,2026-07-31T10:01:02.023,3.828,39,,,,0,,,,-0.0435,101.75,-0.0435,-258.25,1,30.0,joystick,+0.000,+0.000,-0.400,+0.000,1100,0,
1785506462.1233,2026-07-31T10:01:02.123,3.927,40,,,,0,,,,-0.0376,101.80,-0.0376,-258.20,1,30.0,joystick,+0.000,+0.000,-0.400,+0.000,1100,0,
1785506462.2223,2026-07-31T10:01:02.222,4.026,41,,,,0,,,,-0.0394,101.82,-0.0394,-258.18,1,30.0,joystick,+0.000,+0.000,-0.400,+0.000,1100,0,
1785506462.3211,2026-07-31T10:01:02.321,4.125,42,,,,0,,,,-0.0341,101.87,-0.0341,-258.13,1,30.0,joystick,+0.000,+0.000,-0.400,+0.000,1100,0,
1785506462.4200,2026-07-31T10:01:02.420,4.224,43,,,,0,,,,-0.0305,101.89,-0.0305,-258.11,1,30.0,joystick,+0.000,+0.000,-0.400,+0.000,1100,0,
1785506462.5192,2026-07-31T10:01:02.519,4.323,44,,,,0,,,,-0.0310,101.91,-0.0310,-258.09,1,30.0,joystick,+0.000,+0.000,-0.400,+0.000,1100,0,
1785506462.6186,2026-07-31T10:01:02.618,4.422,45,,,,0,,,,-0.0226,101.90,-0.0226,-258.10,1,30.0,joystick,+0.000,+0.000,-0.400,+0.000,1100,0,
1785506462.7174,2026-07-31T10:01:02.717,4.521,46,,,,0,,,,-0.0246,101.88,-0.0246,-258.12,1,30.0,joystick,+0.000,+0.000,-0.400,+0.000,1100,0,
1785506462.8160,2026-07-31T10:01:02.815,4.620,47,,,,0,,,,-0.0194,101.88,-0.0194,-258.12,1,30.0,joystick,+0.000,+0.000,-0.400,+0.000,1100,0,
1785506462.9161,2026-07-31T10:01:02.916,4.720,48,,,,0,,,,-0.0212,101.90,-0.0212,-258.10,1,30.0,joystick,+0.000,+0.000,-0.400,+0.000,1100,0,
1785506463.0155,2026-07-31T10:01:03.015,4.819,49,,,,0,,,,-0.0148,101.96,-0.0148,-258.04,1,30.0,joystick,-1.000,+0.000,-0.400,+0.000,1100,0,
1785506463.1143,2026-07-31T10:01:03.114,4.918,50,,,,0,,,,-0.0142,102.00,-0.0142,-258.00,1,30.0,joystick,+0.000,+0.000,-0.400,+0.000,1100,0,
1785506463.2141,2026-07-31T10:01:03.214,5.018,51,,,,0,,,,-0.0084,102.10,-0.0084,-257.90,1,30.0,joystick,+0.000,+0.000,-0.400,+0.000,1100,0,
1785506463.3129,2026-07-31T10:01:03.312,5.117,52,,,,0,,,,-0.0109,102.20,-0.0109,-257.80,1,30.0,joystick,+0.000,+0.000,-0.400,+0.000,1100,0,
1785506463.4123,2026-07-31T10:01:03.412,5.216,53,,,,0,,,,-0.0084,102.24,-0.0084,-257.76,1,30.0,joystick,+0.000,+0.000,-0.400,+0.000,1100,0,
1785506463.5123,2026-07-31T10:01:03.512,5.316,54,,,,0,,,,-0.0103,102.34,-0.0103,-257.66,1,30.0,joystick,+0.000,+0.000,-0.400,+0.000,1100,0,
1785506463.6111,2026-07-31T10:01:03.611,5.415,55,,,,0,,,,-0.0120,102.38,-0.0120,-257.62,1,30.0,joystick,+0.000,+0.000,-0.400,+0.000,1100,0,
1785506463.7114,2026-07-31T10:01:03.711,5.515,56,,,,0,,,,-0.0032,102.48,-0.0032,-257.52,1,30.0,joystick,+0.000,+0.000,-0.400,+1.000,1100,0,
1785506463.8108,2026-07-31T10:01:03.810,5.614,57,,,,0,,,,-0.0052,102.20,-0.0052,-257.80,1,30.0,joystick,+0.000,+0.000,-0.400,+0.000,1100,0,
1785506463.9091,2026-07-31T10:01:03.909,5.713,58,,,,0,,,,-0.0020,101.90,-0.0020,-258.10,1,30.0,joystick,+0.000,+0.000,-0.400,+0.000,1100,0,
1785506464.0089,2026-07-31T10:01:04.008,5.813,59,,,,0,,,,0.0019,101.48,0.0019,-258.52,1,30.0,joystick,+0.000,+0.000,-0.400,+0.000,1100,0,
1785506464.1098,2026-07-31T10:01:04.109,5.913,60,,,,0,,,,0.0039,101.16,0.0039,-258.84,1,30.0,joystick,+0.000,+0.000,+1.000,+0.000,1100,0,
1785506464.2096,2026-07-31T10:01:04.209,6.013,61,,,,0,,,,0.0095,101.07,0.0095,-258.93,1,30.0,joystick,+0.000,+0.000,+1.000,+0.000,1100,0,
1785506464.3088,2026-07-31T10:01:04.308,6.113,62,,,,0,,,,-0.0036,100.91,-0.0036,-259.09,1,30.0,joystick,+0.000,+0.000,+1.000,+0.000,1100,0,
1785506464.4078,2026-07-31T10:01:04.407,6.212,63,,,,0,,,,-0.0115,100.87,-0.0115,-259.13,1,30.0,joystick,+0.000,+0.000,-0.400,+0.000,1100,0,
1785506464.5063,2026-07-31T10:01:04.506,6.310,64,,,,0,,,,-0.0216,100.80,-0.0216,-259.20,1,30.0,joystick,+0.000,+0.000,-0.400,+0.000,1100,0,
1785506464.6068,2026-07-31T10:01:04.606,6.411,65,,,,0,,,,-0.0220,100.78,-0.0220,-259.22,1,30.0,joystick,+0.000,+0.000,-0.400,+1.000,1100,0,
1785506464.7068,2026-07-31T10:01:04.706,6.510,66,,,,0,,,,-0.0303,100.81,-0.0303,-259.19,1,30.0,joystick,+0.000,+0.000,-0.400,+0.000,1100,0,
1785506464.8055,2026-07-31T10:01:04.805,6.609,67,,,,0,,,,-0.0332,100.81,-0.0332,-259.19,1,30.0,joystick,+0.000,+0.000,-0.400,+0.000,1100,0,
1785506464.9048,2026-07-31T10:01:04.904,6.708,68,,,,0,,,,-0.0294,100.72,-0.0294,-259.28,1,30.0,joystick,+0.000,+0.000,-0.400,+0.000,1100,0,
1785506465.0032,2026-07-31T10:01:05.003,6.807,69,,,,0,,,,-0.0324,100.38,-0.0324,-259.62,1,30.0,joystick,+0.000,+0.000,-0.400,+0.000,1100,0,
1785506465.1049,2026-07-31T10:01:05.104,6.909,70,,,,0,,,,-0.0336,99.86,-0.0336,-260.14,1,30.0,joystick,+0.000,+0.000,-0.400,+0.000,1100,0,
1785506465.2039,2026-07-31T10:01:05.203,7.008,71,,,,0,,,,-0.0312,99.58,-0.0312,-260.42,1,30.0,joystick,+0.000,+0.000,-0.400,+0.000,1100,0,
1785506465.3022,2026-07-31T10:01:05.302,7.106,72,,,,0,,,,-0.0312,98.99,-0.0312,-261.01,1,30.0,joystick,+0.000,+0.000,-0.400,+0.000,1100,0,
1785506465.4020,2026-07-31T10:01:05.401,7.206,73,,,,0,,,,-0.0335,98.68,-0.0335,-261.32,1,30.0,joystick,+0.000,+0.000,-0.400,+0.000,1100,0,
1785506465.5004,2026-07-31T10:01:05.500,7.304,74,,,,0,,,,-0.0309,98.12,-0.0309,-261.88,1,30.0,joystick,+0.000,+0.000,-0.400,+0.000,1100,0,
1785506465.6010,2026-07-31T10:01:05.600,7.405,75,,,,0,,,,-0.0316,97.88,-0.0316,-262.12,1,30.0,joystick,+0.000,+0.000,-0.400,+0.000,1100,0,
1785506465.7006,2026-07-31T10:01:05.700,7.504,76,,,,0,,,,-0.0311,97.51,-0.0311,-262.49,1,30.0,joystick,+0.000,+0.000,-0.400,+0.000,1100,0,
1785506465.7996,2026-07-31T10:01:05.799,7.603,77,,,,0,,,,-0.0312,97.27,-0.0312,-262.73,1,30.0,joystick,+0.000,+0.000,-0.400,+0.000,1100,0,
1785506465.8987,2026-07-31T10:01:05.898,7.702,78,,,,0,,,,-0.0291,97.21,-0.0291,-262.79,1,30.0,joystick,+0.000,+0.000,-0.400,+0.000,1100,0,
1785506465.9988,2026-07-31T10:01:05.998,7.802,79,,,,0,,,,-0.0337,97.16,-0.0337,-262.84,1,30.0,joystick,+0.000,+0.000,-0.400,+0.000,1100,0,
1785506466.0982,2026-07-31T10:01:06.098,7.902,80,,,,0,,,,-0.0309,97.15,-0.0309,-262.85,1,30.0,joystick,+0.688,+0.000,-0.400,+0.000,1100,0,
1785506466.1972,2026-07-31T10:01:06.197,8.001,81,,,,0,,,,-0.0334,97.17,-0.0334,-262.83,1,30.0,joystick,+1.000,+0.000,-0.400,+0.000,1100,0,
1785506466.2975,2026-07-31T10:01:06.297,8.101,82,,,,0,,,,-0.0274,97.31,-0.0274,-262.69,1,30.0,joystick,+1.000,+0.000,-0.400,+0.000,1100,0,
1785506466.3965,2026-07-31T10:01:06.396,8.200,83,,,,0,,,,-0.0371,97.39,-0.0371,-262.61,1,30.0,joystick,+0.000,+0.000,-0.400,+0.000,1100,0,
1785506466.4952,2026-07-31T10:01:06.495,8.299,84,,,,0,,,,-0.0518,97.64,-0.0518,-262.36,1,30.0,joystick,-1.000,+0.000,-0.400,+0.000,1100,0,
1785506466.5943,2026-07-31T10:01:06.594,8.398,85,,,,0,,,,-0.0331,97.62,-0.0331,-262.38,1,30.0,joystick,-1.000,+0.000,-0.400,+0.000,1100,0,
1785506466.6948,2026-07-31T10:01:06.694,8.499,86,,,,0,,,,-0.0360,97.92,-0.0360,-262.08,1,30.0,joystick,-1.000,+0.000,-0.400,+0.000,1100,0,
1785506466.7939,2026-07-31T10:01:06.793,8.598,87,,,,0,,,,-0.0393,98.03,-0.0393,-261.97,1,30.0,joystick,-1.000,+0.000,-0.400,+0.000,1100,0,
1785506466.8923,2026-07-31T10:01:06.892,8.696,88,,,,0,,,,-0.0340,98.16,-0.0340,-261.84,1,30.0,joystick,-1.000,+0.000,-0.400,+0.000,1100,0,
1785506466.9916,2026-07-31T10:01:06.991,8.795,89,,,,0,,,,-0.0276,97.95,-0.0276,-262.05,1,30.0,joystick,-1.000,+0.000,-0.400,+0.000,1100,0,
1785506467.0911,2026-07-31T10:01:07.091,8.895,90,,,,0,,,,-0.0279,97.75,-0.0279,-262.25,1,30.0,joystick,-1.000,+0.000,-0.400,+0.000,1100,0,
1785506467.1916,2026-07-31T10:01:07.191,8.995,91,,,,0,,,,-0.0202,97.35,-0.0202,-262.65,1,30.0,joystick,-1.000,+0.000,-0.400,+0.000,1100,0,
1785506467.2918,2026-07-31T10:01:07.291,9.096,92,,,,0,,,,-0.0195,97.20,-0.0195,-262.80,1,30.0,joystick,-1.000,+0.000,-0.400,+0.000,1100,0,
1785506467.3910,2026-07-31T10:01:07.391,9.195,93,,,,0,,,,-0.0100,96.83,-0.0100,-263.17,1,30.0,joystick,-1.000,+0.000,-0.400,+0.000,1100,0,
1785506467.4895,2026-07-31T10:01:07.489,9.293,94,,,,0,,,,0.0119,96.37,0.0119,-263.63,1,30.0,joystick,-1.000,+0.000,-0.400,+0.000,1100,0,
1785506467.5883,2026-07-31T10:01:07.588,9.392,95,,,,0,,,,0.0159,96.18,0.0159,-263.82,1,30.0,joystick,-1.000,+0.000,+1.000,+0.000,1100,0,
1785506467.6873,2026-07-31T10:01:07.687,9.491,96,,,,0,,,,0.0314,95.82,0.0314,-264.18,1,30.0,joystick,-1.000,+0.000,+1.000,+0.000,1100,0,
1785506467.7866,2026-07-31T10:01:07.786,9.590,97,,,,0,,,,0.0299,95.66,0.0299,-264.34,1,30.0,joystick,-1.000,+0.000,+1.000,+1.000,1100,0,
1785506467.8854,2026-07-31T10:01:07.885,9.689,98,,,,0,,,,0.0306,93.03,0.0306,-266.97,1,30.0,joystick,-1.000,+0.000,+1.000,+1.000,1100,0,
1785506467.9846,2026-07-31T10:01:07.984,9.788,99,,,,0,,,,0.0229,88.40,0.0229,-271.60,1,30.0,joystick,-1.000,+0.000,+1.000,+1.000,1100,0,
1785506468.0842,2026-07-31T10:01:08.084,9.888,100,,,,0,,,,0.0175,85.78,0.0175,-274.22,1,30.0,joystick,-1.000,+0.000,+1.000,+1.000,1100,0,
1785506468.1834,2026-07-31T10:01:08.183,9.987,101,,,,0,,,,0.0057,79.92,0.0057,-280.08,1,30.0,joystick,-1.000,+0.000,+1.000,+0.000,1100,0,
1785506468.2839,2026-07-31T10:01:08.283,10.088,102,,,,0,,,,-0.0084,76.82,-0.0084,-283.18,1,30.0,joystick,-1.000,+0.000,-0.400,+0.000,1100,0,
1785506468.3831,2026-07-31T10:01:08.383,10.187,103,,,,0,,,,-0.0323,70.46,-0.0323,-289.54,1,30.0,joystick,-1.000,+0.000,-0.400,+0.000,1100,0,
1785506468.4817,2026-07-31T10:01:08.481,10.285,104,,,,0,,,,-0.0402,65.63,-0.0402,-294.37,1,30.0,joystick,-1.000,+0.000,-0.400,-1.000,1100,0,
1785506468.5813,2026-07-31T10:01:08.581,10.385,105,,,,0,,,,-0.0463,64.36,-0.0463,-295.64,1,30.0,joystick,-1.000,+0.000,-0.400,-1.000,1100,0,
1785506468.6813,2026-07-31T10:01:08.681,10.485,106,,,,0,,,,-0.0485,64.50,-0.0485,-295.50,1,30.0,joystick,-1.000,+0.000,-0.400,-1.000,1100,0,
1785506468.7812,2026-07-31T10:01:08.781,10.585,107,,,,0,,,,-0.0453,65.41,-0.0453,-294.59,1,30.0,joystick,-1.000,+0.000,-0.400,+0.000,1100,0,
1785506468.8812,2026-07-31T10:01:08.881,10.685,108,,,,0,,,,-0.0411,68.01,-0.0411,-291.99,1,30.0,joystick,-1.000,+0.000,+1.000,+0.000,1100,0,
1785506468.9796,2026-07-31T10:01:08.979,10.783,109,,,,0,,,,-0.0457,70.38,-0.0457,-289.62,1,30.0,joystick,-1.000,+0.000,+1.000,+0.000,1100,0,
1785506469.0795,2026-07-31T10:01:09.079,10.883,110,,,,0,,,,-0.0479,71.73,-0.0479,-288.27,1,30.0,joystick,-1.000,+0.000,+1.000,+0.000,1100,0,
1785506469.1787,2026-07-31T10:01:09.178,10.982,111,,,,0,,,,-0.0554,73.87,-0.0554,-286.13,1,30.0,joystick,-1.000,+0.000,+1.000,+0.000,1100,0,
1785506469.2770,2026-07-31T10:01:09.276,11.081,112,,,,0,,,,-0.0552,74.51,-0.0552,-285.49,1,30.0,joystick,-1.000,+0.000,+1.000,+0.000,1100,0,
1785506469.3763,2026-07-31T10:01:09.376,11.180,113,,,,0,,,,-0.0514,75.43,-0.0514,-284.57,1,30.0,joystick,-1.000,+0.000,+1.000,+0.000,1100,0,
1785506469.4747,2026-07-31T10:01:09.474,11.278,114,,,,0,,,,-0.0543,75.91,-0.0543,-284.09,1,30.0,joystick,-1.000,+0.000,+1.000,+0.000,1100,0,
1785506469.5752,2026-07-31T10:01:09.575,11.379,115,,,,0,,,,-0.0494,76.83,-0.0494,-283.17,1,30.0,joystick,-1.000,+0.000,+1.000,+0.000,1100,0,
1785506469.6742,2026-07-31T10:01:09.674,11.478,116,,,,0,,,,-0.0400,77.55,-0.0400,-282.45,1,30.0,joystick,-1.000,+0.000,+1.000,+0.000,1100,0,
1785506469.7732,2026-07-31T10:01:09.773,11.577,117,,,,0,,,,-0.0447,77.83,-0.0447,-282.17,1,30.0,joystick,-1.000,+0.000,+1.000,+0.000,1100,0,
1785506469.8724,2026-07-31T10:01:09.872,11.676,118,,,,0,,,,0.0000,78.26,-0.0324,-281.74,1,30.0,joystick,-1.000,+0.000,+1.000,+0.000,1100,0,
1785506469.9712,2026-07-31T10:01:09.971,11.775,119,,,,0,,,,-0.0021,78.41,-0.0346,-281.59,1,30.0,joystick,-1.000,+0.000,+1.000,+0.000,1100,0,
1785506470.0696,2026-07-31T10:01:10.069,11.873,120,,,,0,,,,0.0043,78.80,-0.0281,-281.20,1,30.0,joystick,-1.000,+0.000,+1.000,+0.000,1100,0,
1785506470.1685,2026-07-31T10:01:10.168,11.972,121,,,,0,,,,0.0075,79.21,-0.0249,-280.79,1,30.0,joystick,-1.000,+0.000,+1.000,+1.000,1100,0,
1785506470.2676,2026-07-31T10:01:10.267,12.071,122,,,,0,,,,0.0125,79.05,-0.0200,-280.95,1,30.0,joystick,-1.000,+0.000,+1.000,+0.000,1100,0,
1785506470.3665,2026-07-31T10:01:10.366,12.170,123,,,,0,,,,0.0153,75.30,-0.0172,-284.70,1,30.0,joystick,-1.000,+0.000,+1.000,+0.000,1100,0,
1785506470.4674,2026-07-31T10:01:10.467,12.271,124,,,,0,,,,0.0144,72.20,-0.0180,-287.80,1,30.0,joystick,-1.000,+0.000,+1.000,+0.000,1100,0,
1785506470.5675,2026-07-31T10:01:10.567,12.371,125,,,,0,,,,0.0000,68.88,-0.0135,-291.12,1,30.0,joystick,-1.000,+0.000,+1.000,+0.000,1100,0,
1785506470.6658,2026-07-31T10:01:10.665,12.470,126,,,,0,,,,-0.0055,68.09,-0.0190,-291.91,1,30.0,joystick,-1.000,+0.000,+1.000,+0.000,1100,0,
1785506470.7650,2026-07-31T10:01:10.765,12.569,127,,,,0,,,,-0.0015,67.09,-0.0149,-292.91,1,30.0,joystick,-1.000,+0.000,+1.000,-1.000,1100,0,
1785506470.8641,2026-07-31T10:01:10.864,12.668,128,,,,0,,,,-0.0023,67.98,-0.0158,-292.02,1,30.0,joystick,-1.000,+0.000,+1.000,-1.000,1100,0,
1785506470.9633,2026-07-31T10:01:10.963,12.767,129,,,,0,,,,-0.0057,69.51,-0.0192,-290.49,1,30.0,joystick,-1.000,+0.000,+1.000,+0.000,1100,0,
1785506471.0624,2026-07-31T10:01:11.062,12.866,130,,,,0,,,,-0.0084,74.93,-0.0218,-285.07,1,30.0,joystick,-1.000,+0.000,+1.000,+0.000,1100,0,
1785506471.1625,2026-07-31T10:01:11.162,12.966,131,,,,0,,,,-0.0118,76.68,-0.0253,-283.32,1,30.0,joystick,-1.000,+0.000,+1.000,+0.000,1100,0,
1785506471.2626,2026-07-31T10:01:11.262,13.066,132,,,,0,,,,-0.0152,79.06,-0.0287,-280.94,1,30.0,joystick,-1.000,+0.000,+1.000,+1.000,1100,0,
1785506471.3617,2026-07-31T10:01:11.361,13.165,133,,,,0,,,,-0.0267,78.93,-0.0402,-281.07,1,30.0,joystick,-1.000,+0.000,+1.000,+1.000,1100,0,
1785506471.4609,2026-07-31T10:01:11.460,13.265,134,,,,0,,,,-0.0278,77.72,-0.0413,-282.28,1,30.0,joystick,-1.000,+0.000,+1.000,+0.000,1100,0,
1785506471.5597,2026-07-31T10:01:11.559,13.363,135,,,,0,,,,-0.0386,73.05,-0.0521,-286.95,1,30.0,joystick,-1.000,+0.000,+1.000,+0.000,1100,0,
1785506471.6587,2026-07-31T10:01:11.658,13.462,136,,,,0,,,,-0.0410,71.67,-0.0545,-288.33,1,30.0,joystick,-1.000,+0.000,+1.000,+0.000,1100,0,
1785506471.7579,2026-07-31T10:01:11.757,13.562,137,,,,0,,,,-0.0386,69.77,-0.0521,-290.23,1,30.0,joystick,-1.000,+0.000,+1.000,+0.000,1100,0,
1785506471.8569,2026-07-31T10:01:11.856,13.661,138,,,,0,,,,-0.0397,68.22,-0.0532,-291.78,1,30.0,joystick,-1.000,+0.000,+1.000,+0.000,1100,0,
1785506471.9571,2026-07-31T10:01:11.957,13.761,139,,,,0,,,,-0.0373,67.49,-0.0508,-292.51,1,30.0,joystick,-1.000,+0.000,+1.000,+0.000,1100,0,
1785506472.0557,2026-07-31T10:01:12.055,13.859,140,,,,0,,,,-0.0327,65.87,-0.0461,-294.13,1,30.0,joystick,-1.000,+0.000,+1.000,+0.000,1100,0,
1785506472.1552,2026-07-31T10:01:12.155,13.959,141,,,,0,,,,-0.0336,65.11,-0.0470,-294.89,1,30.0,joystick,-1.000,+0.000,+1.000,+0.000,1100,0,
1785506472.2539,2026-07-31T10:01:12.253,14.058,142,,,,0,,,,-0.0274,63.81,-0.0408,-296.19,1,30.0,joystick,+0.000,+0.000,+0.000,+0.000,1100,0,
1785506472.3530,2026-07-31T10:01:12.352,14.157,143,,,,0,,,,-0.0266,62.78,-0.0401,-297.22,1,30.0,joystick,+0.000,+0.000,+0.000,+0.000,1100,0,
1785506472.4524,2026-07-31T10:01:12.452,14.256,144,,,,0,,,,-0.0238,62.32,-0.0373,-297.68,1,30.0,joystick,+0.000,+0.000,+0.000,+0.000,1100,0,
1785506472.5512,2026-07-31T10:01:12.551,14.355,145,,,,0,,,,-0.0190,61.61,-0.0325,-298.39,1,30.0,joystick,+0.000,+0.000,+0.000,+0.000,1100,0,
1785506472.6504,2026-07-31T10:01:12.650,14.454,146,,,,0,,,,-0.0182,61.34,-0.0317,-298.66,1,30.0,joystick,+0.000,+0.000,+0.000,+0.000,1100,0,
1785506472.7486,2026-07-31T10:01:12.748,14.552,147,,,,0,,,,-0.0154,60.94,-0.0289,-299.06,1,30.0,joystick,+0.000,+0.000,+0.000,+0.000,1100,0,
1785506472.8478,2026-07-31T10:01:12.847,14.651,148,,,,0,,,,-0.0097,60.79,-0.0231,-299.21,1,30.0,joystick,+0.000,+0.000,+0.000,+0.000,1100,0,
1785506472.9484,2026-07-31T10:01:12.948,14.752,149,,,,0,,,,0.0002,60.52,-0.0133,-299.48,1,30.0,joystick,+0.000,+0.000,+0.000,+0.000,1100,0,
1785506473.0470,2026-07-31T10:01:13.046,14.851,150,,,,0,,,,0.0025,60.14,-0.0110,-299.86,1,30.0,joystick,+0.000,+0.000,+0.000,+0.000,1100,0,
1785506473.1458,2026-07-31T10:01:13.145,14.950,151,,,,0,,,,0.0053,59.90,-0.0082,-300.10,1,30.0,joystick,+0.000,+0.000,+0.000,+0.000,1100,0,
1785506473.2453,2026-07-31T10:01:13.245,15.049,152,,,,0,,,,0.0047,59.41,-0.0088,-300.59,1,30.0,joystick,+0.000,+0.000,+0.000,+0.000,1100,0,
1785506473.3431,2026-07-31T10:01:13.343,15.147,153,,,,0,,,,0.0030,59.20,-0.0105,-300.80,1,30.0,joystick,+0.000,+0.000,+0.000,+0.000,1100,0,
1785506473.4418,2026-07-31T10:01:13.441,15.246,154,,,,0,,,,0.0118,58.90,-0.0017,-301.10,1,30.0,joystick,+0.000,+0.000,+0.000,+0.000,1100,0,
1785506473.5413,2026-07-31T10:01:13.541,15.345,155,,,,0,,,,0.0134,58.82,-0.0001,-301.18,1,30.0,joystick,+0.000,+0.000,+0.000,+0.000,1100,0,
1785506473.6403,2026-07-31T10:01:13.640,15.444,156,,,,0,,,,0.0151,58.67,0.0017,-301.33,1,30.0,joystick,+0.000,+0.000,+0.000,+0.000,1100,0,
1785506473.7389,2026-07-31T10:01:13.738,15.543,157,,,,0,,,,0.0168,58.41,0.0033,-301.59,1,30.0,joystick,+0.000,+0.000,+0.000,-1.000,1100,0,
1785506473.8382,2026-07-31T10:01:13.838,15.642,158,,,,0,,,,0.0131,58.20,-0.0003,-301.80,1,30.0,joystick,+0.000,+0.000,+0.000,-1.000,1100,0,
1785506473.9372,2026-07-31T10:01:13.937,15.741,159,,,,0,,,,0.0169,58.38,0.0035,-301.62,1,30.0,joystick,+0.000,+0.000,+0.000,+0.000,1100,0,
1785506474.0358,2026-07-31T10:01:14.035,15.840,160,,,,0,,,,0.0069,58.76,-0.0066,-301.24,1,30.0,joystick,+0.000,+0.000,+0.000,+0.000,1100,0,
1785506474.1354,2026-07-31T10:01:14.135,15.939,161,,,,0,,,,0.0152,59.47,0.0017,-300.53,1,30.0,joystick,+0.000,+0.000,+0.000,+0.000,1100,0,
1785506474.2366,2026-07-31T10:01:14.236,16.040,162,,,,0,,,,0.0133,60.24,-0.0002,-299.76,1,30.0,joystick,+0.000,+0.000,+0.000,+0.000,1100,0,
1785506474.3361,2026-07-31T10:01:14.336,16.140,163,,,,0,,,,0.0094,60.64,-0.0041,-299.36,1,30.0,joystick,+0.000,+0.000,+0.000,-1.000,1100,0,
1785506474.4348,2026-07-31T10:01:14.434,16.239,164,,,,0,,,,0.0068,61.41,-0.0067,-298.59,1,30.0,joystick,+0.000,+0.000,+0.000,-1.000,1100,0,
1785506474.5350,2026-07-31T10:01:14.534,16.339,165,,,,0,,,,0.0083,62.86,-0.0052,-297.14,1,30.0,joystick,+0.000,+0.000,+0.000,+0.000,1100,0,
1785506474.6339,2026-07-31T10:01:14.633,16.438,166,,,,0,,,,0.0055,67.26,-0.0080,-292.74,1,30.0,joystick,+0.000,+0.000,+0.000,-1.000,1100,0,
1785506474.7336,2026-07-31T10:01:14.733,16.537,167,,,,0,,,,0.0024,70.47,-0.0111,-289.53,1,30.0,joystick,+0.000,+0.000,+0.000,+0.000,1100,0,
1785506474.8329,2026-07-31T10:01:14.832,16.637,168,,,,0,,,,0.0065,72.97,-0.0070,-287.03,1,30.0,joystick,+0.000,+0.000,+0.000,+0.000,1100,0,
1785506474.9330,2026-07-31T10:01:14.932,16.737,169,,,,0,,,,0.0017,75.91,-0.0118,-284.09,1,30.0,joystick,+0.000,+0.000,+0.000,+0.000,1100,0,
1785506475.0328,2026-07-31T10:01:15.032,16.836,170,,,,0,,,,0.0016,76.96,-0.0119,-283.04,1,30.0,joystick,+0.000,+0.000,+0.000,+0.000,1100,0,
1785506475.1328,2026-07-31T10:01:15.132,16.936,171,,,,0,,,,0.0058,78.62,-0.0077,-281.38,1,30.0,joystick,+0.000,+0.000,+0.000,+0.000,1100,0,
1785506475.2331,2026-07-31T10:01:15.233,17.037,172,,,,0,,,,0.0045,79.83,-0.0090,-280.17,1,30.0,joystick,+0.000,+0.000,+0.000,+0.000,1100,0,
1785506475.3336,2026-07-31T10:01:15.333,17.137,173,,,,0,,,,0.0109,80.29,-0.0026,-279.71,1,30.0,joystick,+0.000,+0.000,+0.000,+0.000,1100,0,
1785506475.4326,2026-07-31T10:01:15.432,17.236,174,,,,0,,,,0.0094,80.94,-0.0041,-279.06,1,30.0,joystick,+0.000,+0.000,+0.000,+0.000,1100,0,
1785506475.5312,2026-07-31T10:01:15.531,17.335,175,,,,0,,,,0.0169,81.16,0.0034,-278.84,1,30.0,joystick,+0.000,+0.000,+0.000,+0.000,1100,0,
1785506475.6306,2026-07-31T10:01:15.630,17.434,176,,,,0,,,,0.0111,81.53,-0.0024,-278.47,1,30.0,joystick,+0.000,+0.000,+0.000,+0.000,1100,0,
1785506475.7290,2026-07-31T10:01:15.729,17.533,177,,,,0,,,,0.0116,81.91,-0.0019,-278.09,1,30.0,joystick,+0.000,+0.000,+0.000,+0.000,1100,0,
1785506475.8292,2026-07-31T10:01:15.829,17.633,178,,,,0,,,,0.0110,82.13,-0.0025,-277.87,1,30.0,joystick,+0.000,+0.000,+0.000,+0.000,1100,0,
1785506475.9283,2026-07-31T10:01:15.928,17.732,179,,,,0,,,,0.0143,82.55,0.0008,-277.45,1,30.0,joystick,+0.000,+0.000,+0.000,+0.000,1100,0,
1785506476.0275,2026-07-31T10:01:16.027,17.831,180,,,,0,,,,0.0105,0.00,-0.0029,-277.23,1,30.0,joystick,+0.000,+0.000,+0.000,+0.000,1100,0,
1785506476.1262,2026-07-31T10:01:16.126,17.930,181,,,,0,,,,0.0050,0.42,-0.0084,-276.82,1,30.0,joystick,+0.000,+0.000,+0.000,+0.000,1100,0,
1785506476.2255,2026-07-31T10:01:16.225,18.029,182,,,,0,,,,0.0056,0.63,-0.0079,-276.60,1,30.0,joystick,+0.000,+0.000,+0.000,+0.000,1100,0,
1785506476.3245,2026-07-31T10:01:16.324,18.128,183,,,,0,,,,-0.0016,1.06,-0.0151,-276.17,1,30.0,joystick,+0.000,+0.000,+0.000,+0.000,1100,0,
1785506476.4230,2026-07-31T10:01:16.422,18.227,184,,,,0,,,,0.0009,1.45,-0.0125,-275.78,1,30.0,joystick,+0.000,+0.000,+0.000,+0.000,1100,0,
1785506476.5219,2026-07-31T10:01:16.521,18.326,185,,,,0,,,,-0.0094,1.63,-0.0229,-275.60,1,30.0,joystick,+0.000,+0.000,+0.000,+0.000,1100,0,
1785506476.6209,2026-07-31T10:01:16.620,18.425,186,,,,0,,,,-0.0080,1.95,-0.0214,-275.28,1,30.0,joystick,+0.000,+0.000,+0.000,+0.000,1100,0,
1785506476.7200,2026-07-31T10:01:16.720,18.524,187,,,,0,,,,-0.0115,2.12,-0.0250,-275.12,1,30.0,joystick,+0.000,+0.000,+0.000,+0.000,1100,0,
1785506476.8191,2026-07-31T10:01:16.819,18.623,188,,,,0,,,,-0.0173,2.46,-0.0307,-274.78,1,30.0,joystick,+0.000,+0.000,+0.000,+0.000,1100,0,
1785506476.9186,2026-07-31T10:01:16.918,18.722,189,,,,0,,,,-0.0199,2.62,-0.0334,-274.61,1,30.0,joystick,+0.000,+0.000,+0.000,+0.000,1100,0,
1785506477.0177,2026-07-31T10:01:17.017,18.821,190,,,,0,,,,-0.0257,2.91,-0.0392,-274.32,1,30.0,joystick,+0.000,+0.000,+0.000,+0.000,1100,0,
1785506477.1160,2026-07-31T10:01:17.115,18.920,191,,,,0,,,,-0.0266,3.20,-0.0401,-274.03,1,30.0,joystick,+0.000,+0.000,+0.000,+0.000,1100,0,
1785506477.2165,2026-07-31T10:01:17.216,19.020,192,,,,0,,,,-0.0289,3.36,-0.0424,-273.88,1,30.0,joystick,+0.000,+0.000,+0.000,+0.000,1100,0,
1785506477.3143,2026-07-31T10:01:17.314,19.118,193,,,,0,,,,-0.0283,3.65,-0.0417,-273.59,1,30.0,joystick,+0.000,+0.000,+0.000,+0.000,1100,0,
1785506477.4140,2026-07-31T10:01:17.414,19.218,194,,,,0,,,,-0.0376,3.86,-0.0510,-273.37,1,30.0,joystick,+0.000,+0.000,+0.000,+0.000,1100,0,
1785506477.5143,2026-07-31T10:01:17.514,19.318,195,,,,0,,,,-0.0384,3.96,-0.0519,-273.27,1,30.0,joystick,+0.000,+0.000,+0.000,+0.000,1100,0,
1785506477.6137,2026-07-31T10:01:17.613,19.417,196,,,,0,,,,-0.0386,4.22,-0.0521,-273.01,1,30.0,joystick,+0.000,+0.000,+0.000,+0.000,1100,0,
1785506477.7122,2026-07-31T10:01:17.712,19.516,197,,,,0,,,,-0.0437,4.37,-0.0571,-272.87,1,30.0,joystick,+0.000,+0.000,+0.000,+0.000,1100,0,
1785506477.8116,2026-07-31T10:01:17.811,19.615,198,,,,0,,,,-0.0482,4.65,-0.0617,-272.58,1,30.0,joystick,+0.000,+0.000,+0.000,+0.000,1100,0,
1785506477.9100,2026-07-31T10:01:17.909,19.714,199,,,,0,,,,-0.0449,4.90,-0.0584,-272.34,1,30.0,joystick,+0.000,+0.000,+0.000,+0.000,1100,0,
1785506478.0091,2026-07-31T10:01:18.009,19.813,200,,,,0,,,,-0.0474,5.00,-0.0609,-272.23,1,30.0,joystick,+0.000,+0.000,+0.000,+0.000,1100,0,
1785506478.1092,2026-07-31T10:01:18.109,19.913,201,,,,0,,,,-0.0480,5.23,-0.0614,-272.00,1,30.0,joystick,+0.000,+0.000,+0.000,+0.000,1100,0,
1785506478.2090,2026-07-31T10:01:18.208,20.013,202,,,,0,,,,-0.0511,5.36,-0.0646,-271.87,1,30.0,joystick,+0.000,+0.000,+0.000,+0.000,1100,0,
1785506478.3088,2026-07-31T10:01:18.308,20.112,203,,,,0,,,,-0.0542,5.61,-0.0677,-271.62,1,30.0,joystick,+0.000,+0.000,+0.000,+0.000,1100,0,
1785506478.4073,2026-07-31T10:01:18.407,20.211,204,,,,0,,,,-0.0580,5.72,-0.0715,-271.51,1,30.0,joystick,+0.000,+0.000,+0.000,+0.000,1100,0,
1785506478.5063,2026-07-31T10:01:18.506,20.310,205,,,,0,,,,-0.0496,5.93,-0.0630,-271.31,1,30.0,joystick,+0.000,+0.000,+0.000,+0.000,1100,0,
1785506478.6058,2026-07-31T10:01:18.605,20.409,206,,,,0,,,,-0.0522,6.09,-0.0656,-271.15,1,30.0,joystick,+0.000,+0.000,+0.000,+0.000,1100,0,
1785506478.7042,2026-07-31T10:01:18.704,20.508,207,,,,0,,,,-0.0493,6.16,-0.0627,-271.08,1,30.0,joystick,+0.000,+0.000,+0.000,+0.000,1100,0,
1785506478.8036,2026-07-31T10:01:18.803,20.607,208,,,,0,,,,-0.0483,6.26,-0.0618,-270.97,1,30.0,joystick,+0.000,+0.000,+0.000,+0.000,1100,0,
1785506478.9028,2026-07-31T10:01:18.902,20.706,209,,,,0,,,,-0.0460,6.32,-0.0595,-270.91,1,30.0,joystick,+0.000,+0.000,+0.000,+0.000,1100,0,
1785506479.0014,2026-07-31T10:01:19.001,20.805,210,,,,0,,,,-0.0406,6.46,-0.0541,-270.78,1,30.0,joystick,+0.000,+0.000,+0.000,+0.000,1100,0,
1785506479.1003,2026-07-31T10:01:19.100,20.904,211,,,,0,,,,-0.0430,6.65,-0.0565,-270.58,1,30.0,joystick,+0.000,+0.000,+0.000,+0.000,1100,0,
1785506479.1997,2026-07-31T10:01:19.199,21.003,212,,,,0,,,,-0.0431,6.78,-0.0566,-270.46,1,30.0,joystick,+0.000,+0.000,+0.000,+0.000,1100,0,
1785506479.2985,2026-07-31T10:01:19.298,21.102,213,,,,0,,,,-0.0385,7.07,-0.0519,-270.16,1,30.0,joystick,+0.000,+0.000,+0.000,+0.000,1100,0,
1785506479.3980,2026-07-31T10:01:19.397,21.202,214,,,,0,,,,-0.0441,7.23,-0.0575,-270.01,1,30.0,joystick,+0.000,+0.000,+0.000,+0.000,1100,0,
1785506479.4986,2026-07-31T10:01:19.498,21.302,215,,,,0,,,,-0.0372,7.54,-0.0507,-269.70,1,30.0,joystick,+0.000,+0.000,+0.000,+0.000,1100,0,
1785506479.5980,2026-07-31T10:01:19.598,21.402,216,,,,0,,,,-0.0349,7.85,-0.0484,-269.39,1,30.0,joystick,+0.000,+0.000,+0.000,+0.000,1100,0,
1785506479.6976,2026-07-31T10:01:19.697,21.501,217,,,,0,,,,-0.0368,8.00,-0.0503,-269.24,1,30.0,joystick,+0.000,+0.000,+0.000,+0.000,1100,0,
1785506479.7980,2026-07-31T10:01:19.798,21.602,218,,,,0,,,,-0.0404,8.33,-0.0539,-268.91,1,30.0,joystick,+0.000,+0.000,+0.000,+0.000,1100,0,
1785506479.8972,2026-07-31T10:01:19.897,21.701,219,,,,0,,,,-0.0423,8.51,-0.0558,-268.72,1,30.0,joystick,+0.000,+0.000,+0.000,+0.000,1100,0,
1785506479.9964,2026-07-31T10:01:19.996,21.800,220,,,,0,,,,-0.0409,8.86,-0.0544,-268.38,1,30.0,joystick,+0.000,+0.000,+0.000,+0.000,1100,0,
1785506480.0961,2026-07-31T10:01:20.096,21.900,221,,,,0,,,,-0.0428,9.03,-0.0563,-268.21,1,30.0,joystick,+0.000,+0.000,+0.000,+0.000,1100,0,
1785506480.1954,2026-07-31T10:01:20.195,21.999,222,,,,0,,,,-0.0407,9.40,-0.0542,-267.83,1,30.0,joystick,+0.000,+0.000,+0.000,+0.000,1100,0,
1785506480.2962,2026-07-31T10:01:20.296,22.100,223,,,,0,,,,-0.0399,9.86,-0.0534,-267.38,1,30.0,joystick,+0.000,+0.000,+0.000,+0.000,1100,0,
1785506480.3958,2026-07-31T10:01:20.395,22.200,224,,,,0,,,,-0.0403,10.12,-0.0538,-267.11,1,30.0,joystick,+0.000,+0.000,+0.000,+0.000,1100,0,
1785506480.4950,2026-07-31T10:01:20.495,22.299,225,,,,0,,,,-0.0420,10.65,-0.0555,-266.58,1,30.0,joystick,+0.000,+0.000,+0.000,+0.000,1100,0,
1785506480.5938,2026-07-31T10:01:20.593,22.398,226,,,,0,,,,-0.0455,11.10,-0.0590,-266.13,1,30.0,joystick,+0.000,+0.000,+0.000,+0.000,1100,0,
1785506480.6927,2026-07-31T10:01:20.692,22.496,227,,,,0,,,,-0.0410,11.31,-0.0545,-265.93,1,30.0,joystick,+0.000,+0.000,+0.000,+0.000,1100,0,
1785506480.7923,2026-07-31T10:01:20.792,22.596,228,,,,0,,,,-0.0431,11.74,-0.0566,-265.50,1,30.0,joystick,+0.000,+0.000,+0.000,+0.000,1100,0,
1785506480.8919,2026-07-31T10:01:20.891,22.696,229,,,,0,,,,-0.0439,11.97,-0.0574,-265.26,1,30.0,joystick,+0.000,+0.000,+0.000,+0.000,1100,0,
1785506480.9910,2026-07-31T10:01:20.991,22.795,230,,,,0,,,,-0.0443,12.48,-0.0578,-264.75,1,30.0,joystick,+0.000,+0.000,+0.000,+0.000,1100,0,
1785506481.0902,2026-07-31T10:01:21.090,22.894,231,,,,0,,,,-0.0453,12.74,-0.0588,-264.49,1,30.0,joystick,+0.000,+0.000,+0.000,+0.000,1100,0,
1785506481.1910,2026-07-31T10:01:21.190,22.995,232,,,,0,,,,-0.0475,13.31,-0.0610,-263.92,1,30.0,joystick,+0.000,+0.000,+0.000,+0.000,1100,0,
1785506481.2891,2026-07-31T10:01:21.289,23.093,233,,,,0,,,,-0.0425,13.91,-0.0560,-263.32,1,30.0,joystick,+0.000,+0.000,+0.000,+0.000,1100,0,
1785506481.3889,2026-07-31T10:01:21.388,23.193,234,,,,0,,,,-0.0426,14.20,-0.0561,-263.03,1,30.0,joystick,+0.000,+0.000,+0.000,+0.000,1100,0,
1785506481.4875,2026-07-31T10:01:21.487,23.291,235,,,,0,,,,-0.0458,14.71,-0.0593,-262.53,1,30.0,joystick,+0.000,+0.000,+0.000,+0.000,1100,0,
1785506481.5867,2026-07-31T10:01:21.586,23.390,236,,,,0,,,,-0.0417,14.94,-0.0552,-262.30,1,30.0,joystick,+0.000,+0.000,+0.000,+0.000,1100,0,
1785506481.6854,2026-07-31T10:01:21.685,23.489,237,,,,0,,,,-0.0418,15.40,-0.0553,-261.83,1,30.0,joystick,+0.000,+0.000,+0.000,+0.000,1100,0,
1785506481.7844,2026-07-31T10:01:21.784,23.588,238,,,,0,,,,-0.0435,15.93,-0.0570,-261.31,1,30.0,joystick,+0.000,+0.000,+0.000,+0.000,1100,0,
1785506481.8841,2026-07-31T10:01:21.884,23.688,239,,,,0,,,,-0.0434,16.22,-0.0569,-261.02,1,30.0,joystick,+0.000,+0.000,+0.000,+0.000,1100,0,
1785506481.9842,2026-07-31T10:01:21.984,23.788,240,,,,0,,,,-0.0435,16.84,-0.0570,-260.40,1,30.0,joystick,+0.000,+0.000,+0.000,+0.000,1100,0,
1785506482.0843,2026-07-31T10:01:22.084,23.888,241,,,,0,,,,-0.0414,17.18,-0.0549,-260.06,1,30.0,joystick,+0.000,+0.000,+0.000,+0.000,1100,0,
1785506482.1843,2026-07-31T10:01:22.184,23.988,242,,,,0,,,,-0.0448,17.85,-0.0583,-259.38,1,30.0,joystick,+0.000,+0.000,+0.000,+0.000,1100,0,
1785506482.2841,2026-07-31T10:01:22.284,24.088,243,,,,0,,,,-0.0409,18.42,-0.0544,-258.82,1,30.0,joystick,+0.000,+0.000,+0.000,+0.000,1100,0,
1785506482.3823,2026-07-31T10:01:22.382,24.186,244,,,,0,,,,-0.0432,18.68,-0.0567,-258.56,1,30.0,joystick,+0.000,+0.000,+0.000,+0.000,1100,0,
1785506482.4826,2026-07-31T10:01:22.482,24.286,245,,,,0,,,,-0.0398,19.22,-0.0533,-258.01,1,30.0,joystick,+0.000,+0.000,+0.000,+0.000,1100,0,
1785506482.5813,2026-07-31T10:01:22.581,24.385,246,,,,0,,,,-0.0424,19.53,-0.0559,-257.70,1,30.0,joystick,+0.000,+0.000,+0.000,+0.000,1100,0,
1785506482.6804,2026-07-31T10:01:22.680,24.484,247,,,,0,,,,-0.0472,20.20,-0.0607,-257.04,1,30.0,joystick,+0.000,+0.000,+0.000,+0.000,1100,0,
1785506482.7806,2026-07-31T10:01:22.780,24.584,248,,,,0,,,,-0.0444,20.84,-0.0579,-256.39,1,30.0,joystick,+0.000,+0.000,+0.000,+0.000,1100,0,
1785506482.8798,2026-07-31T10:01:22.879,24.684,249,,,,0,,,,-0.0439,21.16,-0.0573,-256.08,1,30.0,joystick,+0.000,+0.000,+0.000,+0.000,1100,0,
1785506482.9790,2026-07-31T10:01:22.978,24.783,250,,,,0,,,,-0.0419,21.82,-0.0554,-255.42,1,30.0,joystick,+0.000,+0.000,+0.000,+0.000,1100,0,
1785506483.0788,2026-07-31T10:01:23.078,24.883,251,,,,0,,,,-0.0404,22.14,-0.0539,-255.09,1,30.0,joystick,+0.000,+0.000,+0.000,+0.000,1100,0,
1785506483.1775,2026-07-31T10:01:23.177,24.981,252,,,,0,,,,-0.0402,22.80,-0.0536,-254.44,1,30.0,joystick,+0.000,+0.000,+0.000,+0.000,1100,0,
1785506483.2773,2026-07-31T10:01:23.277,25.081,253,,,,0,,,,-0.0392,23.47,-0.0527,-253.76,1,30.0,joystick,+0.000,+0.000,+0.000,+0.000,1100,0,
1785506483.3776,2026-07-31T10:01:23.377,25.181,254,,,,0,,,,-0.0408,23.83,-0.0543,-253.40,1,30.0,joystick,+0.000,+0.000,+0.000,+0.000,1100,0,
1785506483.4769,2026-07-31T10:01:23.476,25.281,255,,,,0,,,,-0.0390,24.56,-0.0525,-252.67,1,30.0,joystick,+0.000,+0.000,+0.000,+0.000,1100,0,
1785506483.5759,2026-07-31T10:01:23.575,25.380,256,,,,0,,,,-0.0388,24.93,-0.0523,-252.30,1,30.0,joystick,+0.000,+0.000,+0.000,+0.000,1100,0,
1785506483.6745,2026-07-31T10:01:23.674,25.478,257,,,,0,,,,-0.0454,25.63,-0.0588,-251.60,1,30.0,joystick,+0.000,+0.000,+0.000,+0.000,1100,0,
1785506483.7751,2026-07-31T10:01:23.775,25.579,258,,,,0,,,,-0.0409,26.31,-0.0544,-250.92,1,30.0,joystick,+0.000,+0.000,+0.000,+0.000,1100,0,
1785506483.8743,2026-07-31T10:01:23.874,25.678,259,,,,0,,,,-0.0395,26.65,-0.0530,-250.58,1,30.0,joystick,+0.000,+0.000,+0.000,+0.000,1100,0,
1785506483.9741,2026-07-31T10:01:23.974,25.778,260,,,,0,,,,-0.0407,27.37,-0.0542,-249.86,1,30.0,joystick,+0.000,+0.000,+0.000,+0.000,1100,0,
1785506484.0761,2026-07-31T10:01:24.076,25.880,261,,,,0,,,,-0.0433,27.75,-0.0568,-249.48,1,30.0,joystick,+0.000,+0.000,+0.000,+0.000,1100,0,
1785506484.1747,2026-07-31T10:01:24.174,25.978,262,,,,0,,,,-0.0395,28.53,-0.0530,-248.71,1,30.0,joystick,+0.000,+0.000,+0.000,+0.000,1100,0,
1785506484.2743,2026-07-31T10:01:24.274,26.078,263,,,,0,,,,-0.0407,29.28,-0.0541,-247.95,1,30.0,joystick,+0.000,+0.000,+0.000,+0.000,1100,0,
1785506484.3743,2026-07-31T10:01:24.374,26.178,264,,,,0,,,,-0.0420,29.63,-0.0554,-247.60,1,30.0,joystick,+0.000,+0.000,+0.000,+0.000,1100,0,
1785506484.4735,2026-07-31T10:01:24.473,26.277,265,,,,0,,,,-0.0428,30.29,-0.0562,-246.95,1,30.0,joystick,+0.000,+0.000,+0.000,+0.000,1100,0,
1785506484.5741,2026-07-31T10:01:24.574,26.378,266,,,,0,,,,-0.0481,30.61,-0.0616,-246.63,1,30.0,joystick,+0.000,+0.000,+0.000,+0.000,1100,0,
1785506484.6727,2026-07-31T10:01:24.672,26.476,267,,,,0,,,,-0.0435,31.30,-0.0570,-245.94,1,30.0,joystick,+0.000,+0.000,+0.000,+0.000,1100,0,
1785506484.7719,2026-07-31T10:01:24.771,26.576,268,,,,0,,,,-0.0422,31.65,-0.0557,-245.58,1,30.0,joystick,+0.000,+0.000,+0.000,+0.000,1100,0,
1785506484.8711,2026-07-31T10:01:24.871,26.675,269,,,,0,,,,-0.0413,32.45,-0.0548,-244.79,1,30.0,joystick,+0.000,+0.000,+0.000,+0.000,1100,0,
1785506484.9713,2026-07-31T10:01:24.971,26.775,270,,,,0,,,,-0.0464,33.29,-0.0598,-243.94,1,30.0,joystick,+0.000,+0.000,+0.000,+0.000,1100,0,
1785506485.0712,2026-07-31T10:01:25.071,26.875,271,,,,0,,,,-0.0470,33.68,-0.0605,-243.55,1,30.0,joystick,+0.000,+0.000,+0.000,+0.000,1100,0,
1785506485.1704,2026-07-31T10:01:25.170,26.974,272,,,,0,,,,-0.0426,34.31,-0.0561,-242.92,1,30.0,joystick,+0.000,+0.000,+0.000,+0.000,1100,0,
1785506485.2695,2026-07-31T10:01:25.269,27.073,273,,,,0,,,,-0.0432,34.58,-0.0567,-242.65,1,30.0,joystick,+0.000,+0.000,+0.000,+0.000,1100,0,
1785506485.3704,2026-07-31T10:01:25.370,27.174,274,,,,0,,,,-0.0440,35.13,-0.0575,-242.10,1,30.0,joystick,+0.000,+0.000,+0.000,+0.000,1100,0,
1785506485.4710,2026-07-31T10:01:25.471,27.275,275,,,,0,,,,-0.0449,35.76,-0.0583,-241.47,1,30.0,joystick,+0.000,+0.000,+0.000,+0.000,1100,0,
1785506485.5698,2026-07-31T10:01:25.569,27.373,276,,,,0,,,,-0.0417,36.12,-0.0551,-241.11,1,30.0,joystick,+0.000,+0.000,+0.000,+0.000,1100,0,
1785506485.6692,2026-07-31T10:01:25.669,27.473,277,,,,0,,,,-0.0452,36.88,-0.0587,-240.35,1,30.0,joystick,+0.000,+0.000,+0.000,+0.000,1100,0,
1785506485.7682,2026-07-31T10:01:25.768,27.572,278,,,,0,,,,-0.0456,37.62,-0.0591,-239.61,1,30.0,joystick,+0.000,+0.000,+0.000,+0.000,1100,0,
1785506485.8669,2026-07-31T10:01:25.866,27.671,279,,,,0,,,,-0.0411,37.96,-0.0546,-239.28,1,30.0,joystick,+0.000,+0.000,+0.000,+0.000,1100,0,
1785506485.9656,2026-07-31T10:01:25.965,27.769,280,,,,0,,,,-0.0432,38.58,-0.0567,-238.65,1,30.0,joystick,+0.000,+0.000,+0.000,+0.000,1100,0,
1785506486.0645,2026-07-31T10:01:26.064,27.868,281,,,,0,,,,-0.0508,38.87,-0.0643,-238.36,1,30.0,joystick,+0.000,+0.000,+0.000,+0.000,1100,0,
1785506486.1638,2026-07-31T10:01:26.163,27.968,282,,,,0,,,,-0.0414,39.41,-0.0549,-237.83,1,30.0,joystick,+0.000,+0.000,+0.000,+0.000,1100,0,
1785506486.2637,2026-07-31T10:01:26.263,28.067,283,,,,0,,,,-0.0408,39.67,-0.0543,-237.56,1,30.0,joystick,+0.000,+0.000,+0.000,+0.000,1100,0,
1785506486.3634,2026-07-31T10:01:26.363,28.167,284,,,,0,,,,-0.0434,40.27,-0.0569,-236.96,1,30.0,joystick,+0.000,+0.000,+0.000,+0.000,1100,0,
1785506486.4628,2026-07-31T10:01:26.462,28.267,285,,,,0,,,,-0.0439,40.95,-0.0574,-236.28,1,30.0,joystick,+0.000,+0.000,+0.000,+0.000,1100,0,
1785506486.5621,2026-07-31T10:01:26.562,28.366,286,,,,0,,,,-0.0450,41.32,-0.0584,-235.91,1,30.0,joystick,+0.000,+0.000,+0.000,+0.000,1100,0,
1785506486.6621,2026-07-31T10:01:26.662,28.466,287,,,,0,,,,-0.0471,42.04,-0.0606,-235.20,1,30.0,joystick,+0.000,+0.000,+0.000,+0.000,1100,0,
1785506486.7607,2026-07-31T10:01:26.760,28.564,288,,,,0,,,,-0.0477,42.37,-0.0612,-234.86,1,30.0,joystick,+0.000,+0.000,+0.000,+0.000,1100,0,
1785506486.8595,2026-07-31T10:01:26.859,28.663,289,,,,0,,,,-0.0448,42.97,-0.0583,-234.26,1,30.0,joystick,+0.000,+0.000,+0.000,+0.000,1100,0,
1785506486.9593,2026-07-31T10:01:26.959,28.763,290,,,,0,,,,-0.0450,43.53,-0.0584,-233.70,1,30.0,joystick,+0.000,+0.000,+0.000,+0.000,1100,0,
1785506487.0585,2026-07-31T10:01:27.058,28.862,291,,,,0,,,,-0.0422,43.82,-0.0557,-233.42,1,30.0,joystick,+0.000,+0.000,+0.000,+0.000,1100,0,
1785506487.1576,2026-07-31T10:01:27.157,28.961,292,,,,0,,,,-0.0411,44.40,-0.0546,-232.83,1,30.0,joystick,+0.000,+0.000,+0.000,+0.000,1100,0,
1785506487.2570,2026-07-31T10:01:27.257,29.061,293,,,,0,,,,-0.0460,44.71,-0.0594,-232.53,1,30.0,joystick,+0.000,+0.000,+0.000,+0.000,1100,0,
1785506487.3556,2026-07-31T10:01:27.355,29.159,294,,,,0,,,,-0.0502,45.37,-0.0637,-231.86,1,30.0,joystick,+0.000,+0.000,+0.000,+0.000,1100,0,
1785506487.4563,2026-07-31T10:01:27.456,29.260,295,,,,0,,,,-0.0502,46.03,-0.0636,-231.21,1,30.0,joystick,+0.000,+0.000,+0.000,+0.000,1100,0,
1785506487.5553,2026-07-31T10:01:27.555,29.359,296,,,,0,,,,-0.0472,46.32,-0.0606,-230.91,1,30.0,joystick,+0.000,+0.000,+0.000,+0.000,1100,0,
1785506487.6539,2026-07-31T10:01:27.653,29.458,297,,,,0,,,,-0.0453,46.86,-0.0587,-230.37,1,30.0,joystick,+0.000,+0.000,+0.000,+0.000,1100,0,
1785506487.7533,2026-07-31T10:01:27.753,29.557,298,,,,0,,,,-0.0429,47.10,-0.0564,-230.14,1,30.0,joystick,+0.000,+0.000,+0.000,+0.000,1100,0,
1785506487.8521,2026-07-31T10:01:27.852,29.656,299,,,,0,,,,-0.0450,47.53,-0.0585,-229.70,1,30.0,joystick,+0.000,+0.000,+0.000,+0.000,1100,0,
1785506487.9515,2026-07-31T10:01:27.951,29.755,300,,,,0,,,,-0.0450,48.00,-0.0585,-229.24,1,30.0,joystick,+0.000,+0.000,+0.000,+0.000,1100,0,
1785506488.0508,2026-07-31T10:01:28.050,29.855,301,,,,0,,,,-0.0440,48.27,-0.0575,-228.96,1,30.0,joystick,+0.000,+0.000,+0.000,+0.000,1100,0,
1785506488.1516,2026-07-31T10:01:28.151,29.955,302,,,,0,,,,-0.0462,48.89,-0.0596,-228.34,1,30.0,joystick,+0.000,+0.000,+0.000,+0.000,1100,0,
1785506488.2512,2026-07-31T10:01:28.251,30.055,303,,,,0,,,,-0.0471,49.20,-0.0606,-228.03,1,30.0,joystick,+0.000,+0.000,+0.000,+0.000,1100,0,
1785506488.3499,2026-07-31T10:01:28.349,30.154,304,,,,0,,,,-0.0480,49.77,-0.0614,-227.46,1,30.0,joystick,+0.000,+0.000,+0.000,+0.000,1100,0,
1785506488.4491,2026-07-31T10:01:28.449,30.253,305,,,,0,,,,-0.0413,50.05,-0.0548,-227.18,1,30.0,joystick,+0.000,+0.000,+0.000,+0.000,1100,0,
1785506488.5482,2026-07-31T10:01:28.548,30.352,306,,,,0,,,,-0.0466,50.62,-0.0600,-226.62,1,30.0,joystick,+0.000,+0.000,+0.000,+0.000,1100,0,
1785506488.6471,2026-07-31T10:01:28.647,30.451,307,,,,0,,,,-0.0426,51.16,-0.0561,-226.07,1,30.0,joystick,+0.000,+0.000,+0.000,+0.000,1100,0,
1785506488.7457,2026-07-31T10:01:28.745,30.549,308,,,,0,,,,-0.0432,51.41,-0.0567,-225.82,1,30.0,joystick,+0.000,+0.000,+0.000,+0.000,1100,0,
1785506488.8461,2026-07-31T10:01:28.846,30.650,309,,,,0,,,,-0.0453,51.81,-0.0587,-225.42,1,30.0,joystick,+0.000,+0.000,+0.000,+0.000,1100,0,
1785506488.9458,2026-07-31T10:01:28.945,30.749,310,,,,0,,,,-0.0488,51.98,-0.0623,-225.26,1,30.0,joystick,+0.000,+0.000,+0.000,+0.000,1100,0,
1785506489.0460,2026-07-31T10:01:29.045,30.850,311,,,,0,,,,-0.0417,52.35,-0.0552,-224.88,1,30.0,joystick,+0.000,+0.000,+0.000,+0.000,1100,0,
1785506489.1475,2026-07-31T10:01:29.147,30.951,312,,,,0,,,,-0.0453,52.93,-0.0588,-224.30,1,30.0,joystick,+0.000,+0.000,+0.000,+0.000,1100,0,
1785506489.2461,2026-07-31T10:01:29.246,31.050,313,,,,0,,,,-0.0473,53.27,-0.0608,-223.96,1,30.0,joystick,+0.000,+0.000,+0.000,+0.000,1100,0,
1785506489.3445,2026-07-31T10:01:29.344,31.148,314,,,,0,,,,-0.0460,53.90,-0.0595,-223.33,1,30.0,joystick,+0.000,+0.000,+0.000,+0.000,1100,0,
1785506489.4429,2026-07-31T10:01:29.442,31.247,315,,,,0,,,,-0.0416,54.14,-0.0550,-223.09,1,30.0,joystick,+0.000,+0.000,+0.000,+0.000,1100,0,
1785506489.5435,2026-07-31T10:01:29.543,31.347,316,,,,0,,,,-0.0428,54.42,-0.0563,-222.81,1,30.0,joystick,+0.000,+0.000,+0.000,+0.000,1100,0,
1785506489.6419,2026-07-31T10:01:29.641,31.446,317,,,,0,,,,-0.0443,54.62,-0.0577,-222.62,1,30.0,joystick,+0.000,+0.000,+0.000,+0.000,1100,0,
1785506489.7435,2026-07-31T10:01:29.743,31.547,318,,,,0,,,,-0.0469,54.75,-0.0604,-222.48,1,30.0,joystick,+0.000,+0.000,+0.000,+0.000,1100,0,
1785506489.8421,2026-07-31T10:01:29.842,31.646,319,,,,0,,,,-0.0443,55.18,-0.0578,-222.05,1,30.0,joystick,+0.000,+0.000,+0.000,+0.000,1100,0,
1785506489.9414,2026-07-31T10:01:29.941,31.745,320,,,,0,,,,-0.0454,55.47,-0.0589,-221.77,1,30.0,joystick,+0.000,+0.000,+0.000,+0.000,1100,0,
1785506490.0401,2026-07-31T10:01:30.040,31.844,321,,,,0,,,,-0.0449,56.05,-0.0584,-221.18,1,30.0,joystick,+0.000,+0.000,+0.000,+0.000,1100,0,
1785506490.1415,2026-07-31T10:01:30.141,31.945,322,,,,0,,,,-0.0441,56.54,-0.0576,-220.69,1,30.0,joystick,+0.000,+0.000,+0.000,+0.000,1100,0,
1785506490.2399,2026-07-31T10:01:30.239,32.044,323,,,,0,,,,-0.0407,56.72,-0.0541,-220.51,1,30.0,joystick,+0.000,+0.000,+0.000,+0.000,1100,0,
1785506490.3393,2026-07-31T10:01:30.339,32.143,324,,,,0,,,,-0.0414,57.02,-0.0549,-220.22,1,30.0,joystick,+0.000,+0.000,+0.000,+0.000,1100,0,
1785506490.4392,2026-07-31T10:01:30.439,32.243,325,,,,0,,,,-0.0379,57.15,-0.0514,-220.08,1,30.0,joystick,+0.000,+0.000,+0.000,+0.000,1100,0,
1785506490.5380,2026-07-31T10:01:30.537,32.342,326,,,,0,,,,-0.0399,57.47,-0.0534,-219.77,1,30.0,joystick,+0.000,+0.000,+0.000,+0.000,1100,0,
1785506490.6387,2026-07-31T10:01:30.638,32.442,327,,,,0,,,,-0.0463,57.85,-0.0598,-219.39,1,30.0,joystick,+0.000,+0.000,+0.000,+0.000,1100,0,
1785506490.7405,2026-07-31T10:01:30.740,32.544,328,,,,0,,,,-0.0457,58.05,-0.0591,-219.18,1,30.0,joystick,+0.000,+0.000,+0.000,+0.000,1100,0,
1785506490.8388,2026-07-31T10:01:30.838,32.643,329,,,,0,,,,-0.0452,58.43,-0.0587,-218.80,1,30.0,joystick,+0.000,+0.000,+0.000,+0.000,1100,0,
1785506490.9383,2026-07-31T10:01:30.938,32.742,330,,,,0,,,,-0.0470,58.60,-0.0605,-218.63,1,30.0,joystick,+0.000,+0.000,+0.000,+0.000,1100,0,
1785506491.0370,2026-07-31T10:01:31.037,32.841,331,,,,0,,,,-0.0407,58.94,-0.0541,-218.29,1,30.0,joystick,+0.000,+0.000,+0.000,+0.000,1100,0,
1785506491.1364,2026-07-31T10:01:31.136,32.940,332,,,,0,,,,-0.0464,59.26,-0.0599,-217.97,1,30.0,joystick,+0.000,+0.000,+0.000,+0.000,1100,0,
1785506491.2357,2026-07-31T10:01:31.235,33.039,333,,,,0,,,,-0.0444,59.41,-0.0579,-217.83,1,30.0,joystick,+0.000,+0.000,+0.000,+0.000,1100,0,
1785506491.3341,2026-07-31T10:01:31.334,33.138,334,,,,0,,,,-0.0465,59.63,-0.0600,-217.60,1,30.0,joystick,+0.000,+0.000,+0.000,+0.000,1100,0,
1785506491.4329,2026-07-31T10:01:31.432,33.237,335,,,,0,,,,-0.0421,59.74,-0.0556,-217.49,1,30.0,joystick,+0.000,+0.000,+0.000,+0.000,1100,0,
1785506491.5335,2026-07-31T10:01:31.533,33.337,336,,,,0,,,,-0.0463,60.05,-0.0597,-217.18,1,30.0,joystick,+0.000,+0.000,+0.000,+0.000,1100,0,
1785506491.6321,2026-07-31T10:01:31.632,33.436,337,,,,0,,,,-0.0455,60.48,-0.0590,-216.75,1,30.0,joystick,+0.000,+0.000,+0.000,+0.000,1100,0,
1785506491.7313,2026-07-31T10:01:31.731,33.535,338,,,,0,,,,-0.0442,60.72,-0.0576,-216.52,1,30.0,joystick,+0.000,+0.000,+0.000,+0.000,1100,0,
1785506491.8305,2026-07-31T10:01:31.830,33.634,339,,,,0,,,,-0.0441,61.12,-0.0575,-216.11,1,30.0,joystick,+0.000,+0.000,+0.000,+0.000,1100,0,
1785506491.9293,2026-07-31T10:01:31.929,33.733,340,,,,0,,,,-0.0418,61.27,-0.0552,-215.96,1,30.0,joystick,+0.000,+0.000,+0.000,+0.000,1100,0,
1785506492.0283,2026-07-31T10:01:32.028,33.832,341,,,,0,,,,-0.0437,61.47,-0.0572,-215.76,1,30.0,joystick,+0.000,+0.000,+0.000,+0.000,1100,0,
1785506492.1278,2026-07-31T10:01:32.127,33.932,342,,,,0,,,,-0.0420,61.56,-0.0555,-215.67,1,30.0,joystick,+0.000,+0.000,+0.000,+0.000,1100,0,
1785506492.2269,2026-07-31T10:01:32.226,34.031,343,,,,0,,,,-0.0435,61.77,-0.0570,-215.46,1,30.0,joystick,+0.000,+0.000,+0.000,+0.000,1100,0,
1785506492.3263,2026-07-31T10:01:32.326,34.130,344,,,,0,,,,-0.0486,61.99,-0.0621,-215.24,1,30.0,joystick,+0.000,+0.000,+0.000,+0.000,1100,0,
1785506492.4256,2026-07-31T10:01:32.425,34.229,345,,,,0,,,,-0.0540,62.11,-0.0674,-215.13,1,30.0,joystick,+0.000,+0.000,+0.000,+0.000,1100,0,
1785506492.5244,2026-07-31T10:01:32.524,34.328,346,,,,0,,,,-0.0490,62.36,-0.0625,-214.87,1,30.0,joystick,+0.000,+0.000,+0.000,+0.000,1100,0,
1785506492.6238,2026-07-31T10:01:32.623,34.428,347,,,,0,,,,-0.0442,62.50,-0.0577,-214.73,1,30.0,joystick,+0.000,+0.000,+0.000,+0.000,1100,0,
1785506492.7235,2026-07-31T10:01:32.723,34.527,348,,,,0,,,,-0.0494,62.80,-0.0628,-214.43,1,30.0,joystick,+0.000,+0.000,+0.000,+0.000,1100,0,
1785506492.8225,2026-07-31T10:01:32.822,34.626,349,,,,0,,,,-0.0407,63.11,-0.0542,-214.12,1,30.0,joystick,+0.000,+0.000,+0.000,+0.000,1100,0,
1785506492.9220,2026-07-31T10:01:32.921,34.726,350,,,,0,,,,-0.0392,63.25,-0.0527,-213.98,1,30.0,joystick,+0.000,+0.000,+0.000,+0.000,1100,0,
1785506493.0215,2026-07-31T10:01:33.021,34.825,351,,,,0,,,,-0.0430,63.49,-0.0565,-213.74,1,30.0,joystick,+0.000,+0.000,+0.000,+0.000,1100,0,
1785506493.1208,2026-07-31T10:01:33.120,34.925,352,,,,0,,,,-0.0477,63.60,-0.0612,-213.64,1,30.0,joystick,+0.000,+0.000,+0.000,+0.000,1100,0,
1785506493.2192,2026-07-31T10:01:33.219,35.023,353,,,,0,,,,-0.0464,63.81,-0.0599,-213.43,1,30.0,joystick,+0.000,+0.000,+0.000,+0.000,1100,0,
1785506493.3181,2026-07-31T10:01:33.318,35.122,354,,,,0,,,,-0.0469,64.01,-0.0603,-213.22,1,30.0,joystick,+0.000,+0.000,+0.000,+0.000,1100,0,
1785506493.4174,2026-07-31T10:01:33.417,35.221,355,,,,0,,,,-0.0477,64.11,-0.0612,-213.12,1,30.0,joystick,+0.000,+0.000,+0.000,+0.000,1100,0,
1785506493.5169,2026-07-31T10:01:33.516,35.321,356,,,,0,,,,-0.0414,64.35,-0.0549,-212.89,1,30.0,joystick,+0.000,+0.000,+0.000,+0.000,1100,0,
1785506493.6164,2026-07-31T10:01:33.616,35.420,357,,,,0,,,,-0.0443,64.48,-0.0578,-212.76,1,30.0,joystick,+0.000,+0.000,+0.000,+0.000,1100,0,
1785506493.7159,2026-07-31T10:01:33.715,35.520,358,,,,0,,,,-0.0458,64.72,-0.0593,-212.52,1,30.0,joystick,+0.000,+0.000,+0.000,+0.000,1100,0,
1785506493.8140,2026-07-31T10:01:33.813,35.618,359,,,,0,,,,-0.0466,64.82,-0.0600,-212.41,1,30.0,joystick,+0.000,+0.000,+0.000,+0.000,1100,0,
1785506493.9136,2026-07-31T10:01:33.913,35.717,360,,,,0,,,,-0.0472,65.04,-0.0606,-212.20,1,30.0,joystick,+0.000,+0.000,+0.000,+0.000,1100,0,
1785506494.0121,2026-07-31T10:01:34.012,35.816,361,,,,0,,,,-0.0443,65.22,-0.0577,-212.01,1,30.0,joystick,+0.000,+0.000,+0.000,+0.000,1100,0,
1785506494.1127,2026-07-31T10:01:34.112,35.916,362,,,,0,,,,-0.0457,65.29,-0.0592,-211.94,1,30.0,joystick,+0.000,+0.000,+0.000,+0.000,1100,0,
1785506494.2110,2026-07-31T10:01:34.211,36.015,363,,,,0,,,,-0.0456,65.42,-0.0591,-211.82,1,30.0,joystick,+0.000,+0.000,+0.000,+0.000,1100,0,
1785506494.3108,2026-07-31T10:01:34.310,36.115,364,,,,0,,,,-0.0439,65.58,-0.0574,-211.66,1,30.0,joystick,+0.000,+0.000,+0.000,+0.000,1100,0,
1785506494.4107,2026-07-31T10:01:34.410,36.214,365,,,,0,,,,-0.0413,65.68,-0.0548,-211.55,1,30.0,joystick,+0.000,+0.000,+0.000,+0.000,1100,0,
1785506494.5091,2026-07-31T10:01:34.509,36.313,366,,,,0,,,,-0.0404,65.92,-0.0538,-211.32,1,30.0,joystick,+0.000,+0.000,+0.000,+0.000,1100,0,
1785506494.6092,2026-07-31T10:01:34.609,36.413,367,,,,0,,,,-0.0398,66.04,-0.0533,-211.20,1,30.0,joystick,+0.000,+0.000,+0.000,+0.000,1100,0,
1785506494.7081,2026-07-31T10:01:34.708,36.512,368,,,,0,,,,-0.0434,66.26,-0.0569,-210.98,1,30.0,joystick,+0.000,+0.000,+0.000,+0.000,1100,0,
1785506494.8078,2026-07-31T10:01:34.807,36.611,369,,,,0,,,,-0.0426,66.36,-0.0561,-210.88,1,30.0,joystick,+0.000,+0.000,+0.000,+0.000,1100,0,
1785506494.9077,2026-07-31T10:01:34.907,36.711,370,,,,0,,,,-0.0441,66.57,-0.0576,-210.67,1,30.0,joystick,+0.000,+0.000,+0.000,+0.000,1100,0,
1785506495.0063,2026-07-31T10:01:35.006,36.810,371,,,,0,,,,-0.0450,66.73,-0.0585,-210.50,1,30.0,joystick,+0.000,+0.000,+0.000,+0.000,1100,0,
1785506495.1058,2026-07-31T10:01:35.105,36.910,372,,,,0,,,,-0.0462,66.77,-0.0597,-210.46,1,30.0,joystick,+0.000,+0.000,+0.000,+0.000,1100,0,
1785506495.2046,2026-07-31T10:01:35.204,37.008,373,,,,0,,,,-0.0496,66.84,-0.0631,-210.39,1,30.0,joystick,+0.000,+0.000,+0.000,+0.000,1100,0,
1785506495.3035,2026-07-31T10:01:35.303,37.107,374,,,,0,,,,-0.0420,66.88,-0.0555,-210.35,1,30.0,joystick,+0.000,+0.000,+0.000,+0.000,1100,0,
1785506495.4023,2026-07-31T10:01:35.402,37.206,375,,,,0,,,,-0.0396,67.05,-0.0530,-210.18,1,30.0,joystick,+0.000,+0.000,+0.000,+0.000,1100,0,
1785506495.5027,2026-07-31T10:01:35.502,37.306,376,,,,0,,,,-0.0436,67.29,-0.0571,-209.95,1,30.0,joystick,+0.000,+0.000,+0.000,+0.000,1100,0,
1785506495.6020,2026-07-31T10:01:35.602,37.406,377,,,,0,,,,-0.0432,67.40,-0.0567,-209.83,1,30.0,joystick,+0.000,+0.000,+0.000,+0.000,1100,0,
1785506495.7007,2026-07-31T10:01:35.700,37.504,378,,,,0,,,,-0.0468,67.60,-0.0603,-209.63,1,30.0,joystick,+0.000,+0.000,+0.000,+0.000,1100,0,
1785506495.7995,2026-07-31T10:01:35.799,37.603,379,,,,0,,,,-0.0439,67.67,-0.0573,-209.56,1,30.0,joystick,+0.000,+0.000,+0.000,+0.000,1100,0,
1785506495.8982,2026-07-31T10:01:35.898,37.702,380,,,,0,,,,-0.0444,67.77,-0.0579,-209.46,1,30.0,joystick,+0.000,+0.000,+0.000,+0.000,1100,0,
1785506495.9972,2026-07-31T10:01:35.997,37.801,381,,,,0,,,,-0.0457,67.81,-0.0592,-209.42,1,30.0,joystick,+0.000,+0.000,+0.000,+0.000,1100,0,
1785506496.0977,2026-07-31T10:01:36.097,37.901,382,,,,0,,,,-0.0442,67.91,-0.0577,-209.32,1,30.0,joystick,+0.000,+0.000,+0.000,+0.000,1100,0,
1785506496.1965,2026-07-31T10:01:36.196,38.000,383,,,,0,,,,-0.0429,68.06,-0.0564,-209.18,1,30.0,joystick,+0.000,+0.000,+0.000,+0.000,1100,0,
1785506496.2959,2026-07-31T10:01:36.295,38.100,384,,,,0,,,,-0.0442,68.14,-0.0577,-209.09,1,30.0,joystick,+0.000,+0.000,+0.000,+0.000,1100,0,
1785506496.3944,2026-07-31T10:01:36.394,38.198,385,,,,0,,,,-0.0436,68.33,-0.0570,-208.91,1,30.0,joystick,+0.000,+0.000,+0.000,+0.000,1100,0,
1785506496.4937,2026-07-31T10:01:36.493,38.297,386,,,,0,,,,-0.0414,68.41,-0.0549,-208.83,1,30.0,joystick,+0.000,+0.000,+0.000,+0.000,1100,0,
1785506496.5940,2026-07-31T10:01:36.594,38.398,387,,,,0,,,,-0.0451,68.53,-0.0586,-208.71,1,30.0,joystick,+0.000,+0.000,+0.000,+0.000,1100,0,
1785506496.6933,2026-07-31T10:01:36.693,38.497,388,,,,0,,,,-0.0452,68.60,-0.0587,-208.63,1,30.0,joystick,+0.000,+0.000,+0.000,+0.000,1100,0,
1785506496.7927,2026-07-31T10:01:36.792,38.596,389,,,,0,,,,-0.0459,68.64,-0.0593,-208.60,1,30.0,joystick,+0.000,+0.000,+0.000,+0.000,1100,0,
1785506496.8912,2026-07-31T10:01:36.891,38.695,390,,,,0,,,,-0.0420,68.72,-0.0554,-208.51,1,30.0,joystick,+0.000,+0.000,+0.000,+0.000,1100,0,
1785506496.9907,2026-07-31T10:01:36.990,38.794,391,,,,0,,,,-0.0432,68.79,-0.0567,-208.44,1,30.0,joystick,+0.000,+0.000,+0.000,+0.000,1100,0,
1785506497.0903,2026-07-31T10:01:37.090,38.894,392,,,,0,,,,-0.0404,69.01,-0.0539,-208.22,1,30.0,joystick,+0.000,+0.000,+0.000,+0.000,1100,0,
1785506497.1901,2026-07-31T10:01:37.190,38.994,393,,,,0,,,,-0.0440,69.23,-0.0575,-208.00,1,30.0,joystick,+0.000,+0.000,+0.000,+0.000,1100,0,
1785506497.2890,2026-07-31T10:01:37.288,39.093,394,,,,0,,,,-0.0478,69.30,-0.0613,-207.94,1,30.0,joystick,+0.000,+0.000,+0.000,+0.000,1100,0,
1785506497.3878,2026-07-31T10:01:37.387,39.192,395,,,,0,,,,-0.0489,69.32,-0.0624,-207.92,1,30.0,joystick,+0.000,+0.000,+0.000,+0.000,1100,0,
1785506497.4873,2026-07-31T10:01:37.487,39.291,396,,,,0,,,,-0.0421,69.31,-0.0556,-207.92,1,30.0,joystick,+0.000,+0.000,+0.000,+0.000,1100,0,
1785506497.5883,2026-07-31T10:01:37.588,39.392,397,,,,0,,,,-0.0410,69.38,-0.0545,-207.86,1,30.0,joystick,+0.000,+0.000,+0.000,+0.000,1100,0,
1785506497.6874,2026-07-31T10:01:37.687,39.491,398,,,,0,,,,-0.0455,69.55,-0.0589,-207.68,1,30.0,joystick,+0.000,+0.000,+0.000,+0.000,1100,0,
1785506497.7878,2026-07-31T10:01:37.787,39.592,399,,,,0,,,,-0.0448,69.66,-0.0583,-207.58,1,30.0,joystick,+0.000,+0.000,+0.000,+0.000,1100,0,
1785506497.8872,2026-07-31T10:01:37.887,39.691,400,,,,0,,,,-0.0465,69.85,-0.0600,-207.38,1,30.0,joystick,+0.000,+0.000,+0.000,+0.000,1100,0,
1785506497.9876,2026-07-31T10:01:37.987,39.791,401,,,,0,,,,-0.0450,69.92,-0.0585,-207.32,1,30.0,joystick,+0.000,+0.000,+0.000,+0.000,1100,0,
1785506498.0871,2026-07-31T10:01:38.087,39.891,402,,,,0,,,,-0.0436,69.98,-0.0571,-207.25,1,30.0,joystick,+0.000,+0.000,+0.000,+0.000,1100,0,
1785506498.1856,2026-07-31T10:01:38.185,39.989,403,,,,0,,,,-0.0431,69.98,-0.0566,-207.26,1,30.0,joystick,+0.000,+0.000,+0.000,+0.000,1100,0,
1785506498.2841,2026-07-31T10:01:38.284,40.088,404,,,,0,,,,-0.0464,69.98,-0.0599,-207.26,1,30.0,joystick,+0.000,+0.000,+0.000,+0.000,1100,0,
1785506498.3833,2026-07-31T10:01:38.383,40.187,405,,,,0,,,,-0.0425,70.02,-0.0560,-207.21,1,30.0,joystick,+0.000,+0.000,+0.000,+0.000,1100,0,
1785506498.4831,2026-07-31T10:01:38.483,40.287,406,,,,0,,,,-0.0450,70.10,-0.0585,-207.14,1,30.0,joystick,+0.000,+0.000,+0.000,+0.000,1100,0,
1785506498.5820,2026-07-31T10:01:38.582,40.386,407,,,,0,,,,-0.0481,70.31,-0.0615,-206.93,1,30.0,joystick,+0.000,+0.000,+0.000,+0.000,1100,0,
1785506498.6806,2026-07-31T10:01:38.680,40.484,408,,,,0,,,,-0.0456,70.52,-0.0591,-206.72,1,30.0,joystick,+0.000,+0.000,+0.000,+0.000,1100,0,
1785506498.7811,2026-07-31T10:01:38.781,40.585,409,,,,0,,,,-0.0416,70.59,-0.0551,-206.64,1,30.0,joystick,+0.000,+0.000,+0.000,+0.000,1100,0,
1785506498.8803,2026-07-31T10:01:38.880,40.684,410,,,,0,,,,-0.0444,70.67,-0.0579,-206.56,1,30.0,joystick,+0.000,+0.000,+0.000,+0.000,1100,0,
1785506498.9812,2026-07-31T10:01:38.981,40.785,411,,,,0,,,,-0.0432,70.69,-0.0567,-206.54,1,30.0,joystick,+0.000,+0.000,+0.000,+0.000,1100,0,
1785506499.0799,2026-07-31T10:01:39.079,40.884,412,,,,0,,,,-0.0431,70.70,-0.0566,-206.53,1,30.0,joystick,+0.000,+0.000,+0.000,+0.000,1100,0,
1785506499.1784,2026-07-31T10:01:39.178,40.982,413,,,,0,,,,-0.0418,70.71,-0.0552,-206.52,1,30.0,joystick,+0.000,+0.000,+0.000,+0.000,1100,0,
1785506499.2786,2026-07-31T10:01:39.278,41.082,414,,,,0,,,,-0.0467,70.78,-0.0601,-206.45,1,30.0,joystick,+0.000,+0.000,+0.000,+0.000,1100,0,
1785506499.3780,2026-07-31T10:01:39.378,41.182,415,,,,0,,,,-0.0483,70.88,-0.0617,-206.36,1,30.0,joystick,+0.000,+0.000,+0.000,+0.000,1100,0,
1785506499.4783,2026-07-31T10:01:39.478,41.282,416,,,,0,,,,-0.0496,70.93,-0.0630,-206.31,1,30.0,joystick,+0.000,+0.000,+0.000,+0.000,1100,0,
1785506499.5782,2026-07-31T10:01:39.578,41.382,417,,,,0,,,,-0.0460,71.02,-0.0595,-206.21,1,30.0,joystick,+0.000,+0.000,+0.000,+0.000,1100,0,
1785506499.6768,2026-07-31T10:01:39.676,41.481,418,,,,0,,,,-0.0407,71.11,-0.0542,-206.12,1,30.0,joystick,+0.000,+0.000,+0.000,+0.000,1100,0,
1785506499.7771,2026-07-31T10:01:39.777,41.581,419,,,,0,,,,-0.0382,71.16,-0.0517,-206.07,1,30.0,joystick,+0.000,+0.000,+0.000,+0.000,1100,0,
1785506499.8761,2026-07-31T10:01:39.876,41.680,420,,,,0,,,,-0.0411,71.23,-0.0546,-206.01,1,30.0,joystick,+0.000,+0.000,+0.000,+0.000,1100,0,
1785506499.9746,2026-07-31T10:01:39.974,41.778,421,,,,0,,,,-0.0438,71.25,-0.0573,-205.98,1,30.0,joystick,+0.000,+0.000,+0.000,+0.000,1100,0,
1785506500.0744,2026-07-31T10:01:40.074,41.878,422,,,,0,,,,-0.0475,71.32,-0.0610,-205.91,1,30.0,joystick,+0.000,+0.000,+0.000,+0.000,1100,0,
1785506500.1737,2026-07-31T10:01:40.173,41.977,423,,,,0,,,,-0.0463,71.37,-0.0597,-205.86,1,30.0,joystick,+0.000,+0.000,+0.000,+0.000,1100,0,
1785506500.2738,2026-07-31T10:01:40.273,42.078,424,,,,0,,,,-0.0447,71.48,-0.0582,-205.75,1,30.0,joystick,+0.000,+0.000,+0.000,+0.000,1100,0,
1785506500.3731,2026-07-31T10:01:40.373,42.177,425,,,,0,,,,-0.0448,71.60,-0.0583,-205.64,1,30.0,joystick,+0.000,+0.000,+0.000,+0.000,1100,0,
1785506500.4718,2026-07-31T10:01:40.471,42.276,426,,,,0,,,,-0.0446,71.64,-0.0581,-205.59,1,30.0,joystick,+0.000,+0.000,+0.000,+0.000,1100,0,
1785506500.5705,2026-07-31T10:01:40.570,42.374,427,,,,0,,,,-0.0423,71.73,-0.0558,-205.50,1,30.0,joystick,+0.000,+0.000,+0.000,+0.000,1100,0,
1785506500.6696,2026-07-31T10:01:40.669,42.473,428,,,,0,,,,-0.0466,71.77,-0.0601,-205.47,1,30.0,joystick,+0.000,+0.000,+0.000,+0.000,1100,0,
1785506500.7689,2026-07-31T10:01:40.768,42.573,429,,,,0,,,,-0.0440,71.82,-0.0575,-205.42,1,30.0,joystick,+0.000,+0.000,+0.000,+0.000,1100,0,
1785506500.8684,2026-07-31T10:01:40.868,42.672,430,,,,0,,,,-0.0450,71.86,-0.0584,-205.37,1,30.0,joystick,+0.000,+0.000,+0.000,+0.000,1100,0,
1785506500.9684,2026-07-31T10:01:40.968,42.772,431,,,,0,,,,-0.0486,71.89,-0.0620,-205.34,1,30.0,joystick,+0.000,+0.000,+0.000,+0.000,1100,0,
1785506501.0683,2026-07-31T10:01:41.068,42.872,432,,,,0,,,,-0.0444,71.97,-0.0579,-205.26,1,30.0,joystick,+0.000,+0.000,+0.000,+0.000,1100,0,
1785506501.1667,2026-07-31T10:01:41.166,42.970,433,,,,0,,,,-0.0476,72.02,-0.0611,-205.21,1,30.0,joystick,+0.000,+0.000,+0.000,+0.000,1100,0,
1785506501.2670,2026-07-31T10:01:41.267,43.071,434,,,,0,,,,-0.0453,72.13,-0.0588,-205.10,1,30.0,joystick,+0.000,+0.000,+0.000,+0.000,1100,0,
1785506501.3657,2026-07-31T10:01:41.365,43.169,435,,,,0,,,,-0.0424,72.19,-0.0559,-205.04,1,30.0,joystick,+0.000,+0.000,+0.000,+0.000,1100,0,
1785506501.4662,2026-07-31T10:01:41.466,43.270,436,,,,0,,,,-0.0427,72.22,-0.0562,-205.01,1,30.0,joystick,+0.000,+0.000,+0.000,+0.000,1100,0,
1785506501.5654,2026-07-31T10:01:41.565,43.369,437,,,,0,,,,-0.0442,72.27,-0.0577,-204.96,1,30.0,joystick,+0.000,+0.000,+0.000,+0.000,1100,0,
1785506501.6646,2026-07-31T10:01:41.664,43.468,438,,,,0,,,,-0.0486,72.31,-0.0620,-204.92,1,30.0,joystick,+0.000,+0.000,+0.000,+0.000,1100,0,
1785506501.7646,2026-07-31T10:01:41.764,43.568,439,,,,0,,,,-0.0478,72.41,-0.0613,-204.83,1,30.0,joystick,+0.000,+0.000,+0.000,+0.000,1100,0,
1785506501.8636,2026-07-31T10:01:41.863,43.667,440,,,,0,,,,-0.0455,72.50,-0.0589,-204.73,1,30.0,joystick,+0.000,+0.000,+0.000,+0.000,1100,0,
1785506501.9643,2026-07-31T10:01:41.964,43.768,441,,,,0,,,,-0.0438,72.55,-0.0573,-204.68,1,30.0,joystick,+0.000,+0.000,+0.000,+0.000,1100,0,
1785506502.0628,2026-07-31T10:01:42.062,43.866,442,,,,0,,,,-0.0457,72.66,-0.0592,-204.57,1,30.0,joystick,+0.000,+0.000,+0.000,+0.000,1100,0,
1785506502.1631,2026-07-31T10:01:42.163,43.967,443,,,,0,,,,-0.0445,72.70,-0.0580,-204.53,1,30.0,joystick,+0.000,+0.000,+0.000,+0.000,1100,0,
1785506502.2631,2026-07-31T10:01:42.263,44.067,444,,,,0,,,,-0.0419,72.75,-0.0553,-204.48,1,30.0,joystick,+0.000,+0.000,+0.000,+0.000,1100,0,
1785506502.3616,2026-07-31T10:01:42.361,44.165,445,,,,0,,,,-0.0399,72.77,-0.0534,-204.47,1,30.0,joystick,+0.000,+0.000,+0.000,+0.000,1100,0,
1785506502.4611,2026-07-31T10:01:42.461,44.265,446,,,,0,,,,-0.0437,72.79,-0.0572,-204.44,1,30.0,joystick,+0.000,+0.000,+0.000,+0.000,1100,0,
1785506502.5606,2026-07-31T10:01:42.560,44.364,447,,,,0,,,,-0.0480,72.86,-0.0615,-204.37,1,30.0,joystick,+0.000,+0.000,+0.000,+0.000,1100,0,
1785506502.6613,2026-07-31T10:01:42.661,44.465,448,,,,0,,,,-0.0440,72.90,-0.0574,-204.34,1,30.0,joystick,+0.000,+0.000,+0.000,+0.000,1100,0,
1785506502.7615,2026-07-31T10:01:42.761,44.565,449,,,,0,,,,-0.0454,72.98,-0.0589,-204.25,1,30.0,joystick,+0.000,+0.000,+0.000,+0.000,1100,0,
1785506502.8622,2026-07-31T10:01:42.862,44.666,450,,,,0,,,,-0.0434,73.06,-0.0569,-204.17,1,30.0,joystick,+0.000,+0.000,+0.000,+0.000,1100,0,
1785506502.9608,2026-07-31T10:01:42.960,44.765,451,,,,0,,,,-0.0451,73.11,-0.0586,-204.13,1,30.0,joystick,+0.000,+0.000,+0.000,+0.000,1100,0,
1785506503.0596,2026-07-31T10:01:43.059,44.863,452,,,,0,,,,-0.0455,73.19,-0.0590,-204.04,1,30.0,joystick,+0.000,+0.000,+0.000,+0.000,1100,0,
1785506503.1592,2026-07-31T10:01:43.159,44.963,453,,,,0,,,,-0.0432,73.21,-0.0566,-204.02,1,30.0,joystick,+0.000,+0.000,+0.000,+0.000,1100,0,
1785506503.2583,2026-07-31T10:01:43.258,45.062,454,,,,0,,,,-0.0432,73.25,-0.0567,-203.99,1,30.0,joystick,+0.000,+0.000,+0.000,+0.000,1100,0,
1785506503.3574,2026-07-31T10:01:43.357,45.161,455,,,,0,,,,-0.0440,73.28,-0.0575,-203.95,1,30.0,joystick,+0.000,+0.000,+0.000,+0.000,1100,0,
1785506503.4560,2026-07-31T10:01:43.456,45.260,456,,,,0,,,,-0.0439,73.41,-0.0574,-203.83,1,30.0,joystick,+0.000,+0.000,+0.000,+0.000,1100,0,
1785506503.5563,2026-07-31T10:01:43.556,45.360,457,,,,0,,,,-0.0395,73.54,-0.0530,-203.69,1,30.0,joystick,+0.000,+0.000,+0.000,+0.000,1100,0,
1785506503.6548,2026-07-31T10:01:43.654,45.459,458,,,,0,,,,-0.0475,73.60,-0.0609,-203.64,1,30.0,joystick,+0.000,+0.000,+0.000,+0.000,1100,0,
1785506503.7539,2026-07-31T10:01:43.753,45.558,459,,,,0,,,,-0.0405,73.67,-0.0539,-203.57,1,30.0,joystick,+0.000,+0.000,+0.000,+0.000,1100,0,
1785506503.8536,2026-07-31T10:01:43.853,45.657,460,,,,0,,,,-0.0433,73.70,-0.0568,-203.54,1,30.0,joystick,+0.000,+0.000,+0.000,+0.000,1100,0,
1785506503.9532,2026-07-31T10:01:43.953,45.757,461,,,,0,,,,-0.0473,73.76,-0.0608,-203.47,1,30.0,joystick,+0.000,+0.000,+0.000,+0.000,1100,0,
1785506504.0520,2026-07-31T10:01:44.052,45.856,462,,,,0,,,,-0.0456,73.79,-0.0591,-203.44,1,30.0,joystick,+0.000,+0.000,+0.000,+0.000,1100,0,
1785506504.1516,2026-07-31T10:01:44.151,45.955,463,,,,0,,,,-0.0434,73.87,-0.0568,-203.36,1,30.0,joystick,+0.000,+0.000,+0.000,+0.000,1100,0,
1785506504.2523,2026-07-31T10:01:44.252,46.056,464,,,,0,,,,-0.0433,74.00,-0.0568,-203.23,1,30.0,joystick,+0.000,+0.000,+0.000,+0.000,1100,0,
1785506504.3508,2026-07-31T10:01:44.350,46.155,465,,,,0,,,,-0.0426,74.08,-0.0561,-203.15,1,30.0,joystick,+0.000,+0.000,+0.000,+0.000,1100,0,
1785506504.4513,2026-07-31T10:01:44.451,46.255,466,,,,0,,,,-0.0420,74.23,-0.0555,-203.00,1,30.0,joystick,+0.000,+0.000,+0.000,+0.000,1100,0,
1785506504.5505,2026-07-31T10:01:44.550,46.354,467,,,,0,,,,-0.0440,74.34,-0.0575,-202.89,1,30.0,joystick,+0.000,+0.000,+0.000,+0.000,1100,0,
1785506504.6504,2026-07-31T10:01:44.650,46.454,468,,,,0,,,,-0.0483,74.39,-0.0618,-202.84,1,30.0,joystick,+0.000,+0.000,+0.000,+0.000,1100,0,
1785506504.7496,2026-07-31T10:01:44.749,46.553,469,,,,0,,,,-0.0436,74.47,-0.0571,-202.76,1,30.0,joystick,+0.000,+0.000,+0.000,+0.000,1100,0,
1785506504.8478,2026-07-31T10:01:44.847,46.652,470,,,,0,,,,-0.0440,74.50,-0.0575,-202.74,1,30.0,joystick,+0.000,+0.000,+0.000,+0.000,1100,0,
1785506504.9473,2026-07-31T10:01:44.947,46.751,471,,,,0,,,,-0.0408,74.55,-0.0542,-202.68,1,30.0,joystick,+0.000,+0.000,+0.000,+0.000,1100,0,
1785506505.0466,2026-07-31T10:01:45.046,46.850,472,,,,0,,,,-0.0455,74.68,-0.0590,-202.56,1,30.0,joystick,+0.000,+0.000,+0.000,+0.000,1100,0,
1785506505.1453,2026-07-31T10:01:45.145,46.949,473,,,,0,,,,-0.0418,74.78,-0.0553,-202.46,1,30.0,joystick,+0.000,+0.000,+0.000,+0.000,1100,0,
1785506505.2438,2026-07-31T10:01:45.243,47.048,474,,,,0,,,,-0.0465,75.01,-0.0600,-202.23,1,30.0,joystick,+0.000,+0.000,+0.000,+0.000,1100,0,
1785506505.3430,2026-07-31T10:01:45.342,47.147,475,,,,0,,,,-0.0423,75.09,-0.0558,-202.14,1,30.0,joystick,+0.000,+0.000,+0.000,+0.000,1100,0,
1785506505.4438,2026-07-31T10:01:45.443,47.247,476,,,,0,,,,-0.0422,75.15,-0.0557,-202.08,1,30.0,joystick,+0.000,+0.000,+0.000,+0.000,1100,0,
1785506505.5439,2026-07-31T10:01:45.543,47.348,477,,,,0,,,,-0.0444,75.10,-0.0579,-202.14,1,30.0,joystick,+0.000,+0.000,+0.000,+0.000,1100,0,
1785506505.6435,2026-07-31T10:01:45.643,47.447,478,,,,0,,,,-0.0410,75.08,-0.0545,-202.15,1,30.0,joystick,+0.000,+0.000,+0.000,+0.000,1100,0,
1785506505.7421,2026-07-31T10:01:45.742,47.546,479,,,,0,,,,-0.0407,75.13,-0.0542,-202.11,1,30.0,joystick,+0.000,+0.000,+0.000,+0.000,1100,0,
1785506505.8425,2026-07-31T10:01:45.842,47.646,480,,,,0,,,,-0.0418,75.20,-0.0553,-202.03,1,30.0,joystick,+0.000,+0.000,+0.000,+0.000,1100,0,
1785506505.9414,2026-07-31T10:01:45.941,47.745,481,,,,0,,,,-0.0434,75.42,-0.0568,-201.81,1,30.0,joystick,+0.000,+0.000,+0.000,+0.000,1100,0,
1785506506.0400,2026-07-31T10:01:46.040,47.844,482,,,,0,,,,-0.0442,75.67,-0.0577,-201.57,1,30.0,joystick,+0.000,+0.000,+0.000,+0.000,1100,0,
1785506506.1405,2026-07-31T10:01:46.140,47.944,483,,,,0,,,,-0.0474,75.76,-0.0609,-201.48,1,30.0,joystick,+0.000,+0.000,+0.000,+0.000,1100,0,
1785506506.2397,2026-07-31T10:01:46.239,48.043,484,,,,0,,,,-0.0432,75.88,-0.0567,-201.35,1,30.0,joystick,+0.000,+0.000,+0.000,+0.000,1100,0,
1785506506.3382,2026-07-31T10:01:46.338,48.142,485,,,,0,,,,-0.0420,75.92,-0.0555,-201.32,1,30.0,joystick,+0.000,+0.000,+0.000,+0.000,1100,0,
1785506506.4388,2026-07-31T10:01:46.438,48.243,486,,,,0,,,,-0.0411,75.93,-0.0546,-201.31,1,30.0,joystick,+0.000,+0.000,+0.000,+0.000,1100,0,
1785506506.5386,2026-07-31T10:01:46.538,48.342,487,,,,0,,,,-0.0405,75.94,-0.0540,-201.29,1,30.0,joystick,+0.000,+0.000,+0.000,+0.000,1100,0,
1785506506.6383,2026-07-31T10:01:46.638,48.442,488,,,,0,,,,-0.0458,76.04,-0.0593,-201.19,1,30.0,joystick,+0.000,+0.000,+0.000,+0.000,1100,0,
1785506506.7378,2026-07-31T10:01:46.737,48.541,489,,,,0,,,,-0.0426,76.22,-0.0560,-201.01,1,30.0,joystick,+0.000,+0.000,+0.000,+0.000,1100,0,
1785506506.8365,2026-07-31T10:01:46.836,48.640,490,,,,0,,,,-0.0482,76.34,-0.0617,-200.89,1,30.0,joystick,+0.000,+0.000,+0.000,+0.000,1100,0,
1785506506.9358,2026-07-31T10:01:46.935,48.740,491,,,,0,,,,-0.0433,76.54,-0.0568,-200.69,1,30.0,joystick,+0.000,+0.000,+0.000,+0.000,1100,0,
1785506507.0355,2026-07-31T10:01:47.035,48.839,492,,,,0,,,,-0.0466,76.61,-0.0600,-200.63,1,30.0,joystick,+0.000,+0.000,+0.000,+0.000,1100,0,
1785506507.1340,2026-07-31T10:01:47.134,48.938,493,,,,0,,,,-0.0446,76.65,-0.0581,-200.58,1,30.0,joystick,+0.000,+0.000,+0.000,+0.000,1100,0,
1785506507.2335,2026-07-31T10:01:47.233,49.037,494,,,,0,,,,-0.0427,76.68,-0.0562,-200.56,1,30.0,joystick,+0.000,+0.000,+0.000,+0.000,1100,0,
1785506507.3321,2026-07-31T10:01:47.332,49.136,495,,,,0,,,,-0.0401,76.71,-0.0536,-200.52,1,30.0,joystick,+0.000,+0.000,+0.000,+0.000,1100,0,
1785506507.4310,2026-07-31T10:01:47.431,49.235,496,,,,0,,,,-0.0425,76.86,-0.0560,-200.38,1,30.0,joystick,+0.000,+0.000,+0.000,+0.000,1100,0,
1785506507.5308,2026-07-31T10:01:47.530,49.335,497,,,,0,,,,-0.0475,76.94,-0.0610,-200.29,1,30.0,joystick,+0.000,+0.000,+0.000,+0.000,1100,0,
1785506507.6293,2026-07-31T10:01:47.629,49.433,498,,,,0,,,,-0.0474,77.12,-0.0609,-200.11,1,30.0,joystick,+0.000,+0.000,+0.000,+0.000,1100,0,
1785506507.7287,2026-07-31T10:01:47.728,49.532,499,,,,0,,,,-0.0506,77.20,-0.0641,-200.04,1,30.0,joystick,+0.000,+0.000,+0.000,+0.000,1100,0,
1785506507.8283,2026-07-31T10:01:47.828,49.632,500,,,,0,,,,-0.0461,77.32,-0.0596,-199.91,1,30.0,joystick,+0.000,+0.000,+0.000,+0.000,1100,0,
1785506507.9286,2026-07-31T10:01:47.928,49.732,501,,,,0,,,,-0.0438,77.42,-0.0573,-199.82,1,30.0,joystick,+0.000,+0.000,+0.000,+0.000,1100,0,
1785506508.0272,2026-07-31T10:01:48.027,49.831,502,,,,0,,,,-0.0469,77.45,-0.0604,-199.78,1,30.0,joystick,+0.000,+0.000,+0.000,+0.000,1100,0,
1785506508.1278,2026-07-31T10:01:48.127,49.932,503,,,,0,,,,-0.0465,77.54,-0.0599,-199.70,1,30.0,joystick,+0.000,+0.000,+0.000,+0.000,1100,0,
1785506508.2265,2026-07-31T10:01:48.226,50.030,504,,,,0,,,,-0.0454,77.58,-0.0588,-199.65,1,30.0,joystick,+0.000,+0.000,+0.000,+0.000,1100,0,
1785506508.3258,2026-07-31T10:01:48.325,50.129,505,,,,0,,,,-0.0493,77.69,-0.0628,-199.54,1,30.0,joystick,+0.000,+0.000,+0.000,+0.000,1100,0,
1785506508.4250,2026-07-31T10:01:48.425,50.229,506,,,,0,,,,-0.0494,77.83,-0.0629,-199.40,1,30.0,joystick,+0.000,+0.000,+0.000,+0.000,1100,0,
1785506508.5249,2026-07-31T10:01:48.524,50.329,507,,,,0,,,,-0.0421,77.90,-0.0555,-199.34,1,30.0,joystick,+0.000,+0.000,+0.000,+0.000,1100,0,
1785506508.6244,2026-07-31T10:01:48.624,50.428,508,,,,0,,,,-0.0449,77.99,-0.0584,-199.24,1,30.0,joystick,+0.000,+0.000,+0.000,+0.000,1100,0,
1785506508.7232,2026-07-31T10:01:48.723,50.527,509,,,,0,,,,-0.0488,78.01,-0.0623,-199.22,1,30.0,joystick,+0.000,+0.000,+0.000,+0.000,1100,0,
1785506508.8229,2026-07-31T10:01:48.822,50.627,510,,,,0,,,,-0.0443,78.00,-0.0577,-199.23,1,30.0,joystick,+0.000,+0.000,+0.000,+0.000,1100,0,
1785506508.9215,2026-07-31T10:01:48.921,50.725,511,,,,0,,,,-0.0497,77.98,-0.0632,-199.25,1,30.0,joystick,+0.000,+0.000,+0.000,+0.000,1100,0,
1785506509.0209,2026-07-31T10:01:49.020,50.825,512,,,,0,,,,-0.0446,77.99,-0.0581,-199.24,1,30.0,joystick,+0.000,+0.000,+0.000,+0.000,1100,0,
1785506509.1203,2026-07-31T10:01:49.120,50.924,513,,,,0,,,,-0.0448,78.14,-0.0583,-199.10,1,30.0,joystick,+0.000,+0.000,+0.000,+0.000,1100,0,
1785506509.2195,2026-07-31T10:01:49.219,51.023,514,,,,0,,,,-0.0441,78.26,-0.0576,-198.98,1,30.0,joystick,+0.000,+0.000,+0.000,+0.000,1100,0,
1785506509.3184,2026-07-31T10:01:49.318,51.122,515,,,,0,,,,-0.0407,78.52,-0.0541,-198.72,1,30.0,joystick,+0.000,+0.000,+0.000,+0.000,1100,0,
1785506509.4174,2026-07-31T10:01:49.417,51.221,516,,,,0,,,,-0.0455,78.68,-0.0590,-198.55,1,30.0,joystick,+0.000,+0.000,+0.000,+0.000,1100,0,
1785506509.5164,2026-07-31T10:01:49.516,51.320,517,,,,0,,,,-0.0469,78.70,-0.0604,-198.53,1,30.0,joystick,+0.000,+0.000,+0.000,+0.000,1100,0,
1785506509.6158,2026-07-31T10:01:49.615,51.420,518,,,,0,,,,-0.0451,78.64,-0.0586,-198.60,1,30.0,joystick,+0.000,+0.000,+0.000,+0.000,1100,0,
1785506509.7148,2026-07-31T10:01:49.714,51.519,519,,,,0,,,,-0.0457,78.58,-0.0592,-198.65,1,30.0,joystick,+0.000,+0.000,+0.000,+0.000,1100,0,
1785506509.8155,2026-07-31T10:01:49.815,51.619,520,,,,0,,,,-0.0452,78.51,-0.0587,-198.72,1,30.0,joystick,+0.000,+0.000,+0.000,+0.000,1100,0,
1785506509.9143,2026-07-31T10:01:49.914,51.718,521,,,,0,,,,-0.0405,78.56,-0.0539,-198.67,1,30.0,joystick,+0.000,+0.000,+0.000,+0.000,1100,0,
1785506510.0138,2026-07-31T10:01:50.013,51.818,522,,,,0,,,,-0.0442,78.63,-0.0577,-198.60,1,30.0,joystick,+0.000,+0.000,+0.000,+0.000,1100,0,
1785506510.1131,2026-07-31T10:01:50.113,51.917,523,,,,0,,,,-0.0423,78.84,-0.0558,-198.39,1,30.0,joystick,+0.000,+0.000,+0.000,+0.000,1100,0,
1785506510.2126,2026-07-31T10:01:50.212,52.016,524,,,,0,,,,-0.0456,78.94,-0.0591,-198.29,1,30.0,joystick,+0.000,+0.000,+0.000,+0.000,1100,0,
1785506510.3114,2026-07-31T10:01:50.311,52.115,525,,,,0,,,,-0.0430,79.08,-0.0565,-198.16,1,30.0,joystick,+0.000,+0.000,+0.000,+0.000,1100,0,
1785506510.4117,2026-07-31T10:01:50.411,52.215,526,,,,0,,,,-0.0453,79.10,-0.0588,-198.14,1,30.0,joystick,+0.000,+0.000,+0.000,+0.000,1100,0,
1785506510.5117,2026-07-31T10:01:50.511,52.315,527,,,,0,,,,-0.0426,79.07,-0.0560,-198.16,1,30.0,joystick,+0.000,+0.000,+0.000,+0.000,1100,0,
1785506510.6109,2026-07-31T10:01:50.610,52.415,528,,,,0,,,,-0.0417,79.02,-0.0552,-198.21,1,30.0,joystick,+0.000,+0.000,+0.000,+0.000,1100,0,
1785506510.7092,2026-07-31T10:01:50.709,52.513,529,,,,0,,,,-0.0435,79.02,-0.0569,-198.21,1,30.0,joystick,+0.000,+0.000,+0.000,+0.000,1100,0,
1785506510.8090,2026-07-31T10:01:50.809,52.613,530,,,,0,,,,-0.0460,79.09,-0.0595,-198.14,1,30.0,joystick,+0.000,+0.000,+0.000,+0.000,1100,0,
1785506510.9087,2026-07-31T10:01:50.908,52.712,531,,,,0,,,,-0.0469,79.15,-0.0604,-198.09,1,30.0,joystick,+0.000,+0.000,+0.000,+0.000,1100,0,
1785506511.0080,2026-07-31T10:01:51.008,52.812,532,,,,0,,,,-0.0442,79.28,-0.0577,-197.95,1,30.0,joystick,+0.000,+0.000,+0.000,+0.000,1100,0,
1785506511.1080,2026-07-31T10:01:51.108,52.912,533,,,,0,,,,-0.0502,79.38,-0.0637,-197.85,1,30.0,joystick,+0.000,+0.000,+0.000,+0.000,1100,0,
1785506511.2078,2026-07-31T10:01:51.207,53.012,534,,,,0,,,,-0.0452,79.40,-0.0586,-197.83,1,30.0,joystick,+0.000,+0.000,+0.000,+0.000,1100,0,
1785506511.3071,2026-07-31T10:01:51.307,53.111,535,,,,0,,,,-0.0414,79.41,-0.0549,-197.82,1,30.0,joystick,+0.000,+0.000,+0.000,+0.000,1100,0,
1785506511.4065,2026-07-31T10:01:51.406,53.210,536,,,,0,,,,-0.0455,79.41,-0.0590,-197.83,1,30.0,joystick,+0.000,+0.000,+0.000,+0.000,1100,0,
1785506511.5068,2026-07-31T10:01:51.506,53.311,537,,,,0,,,,-0.0443,79.38,-0.0577,-197.85,1,30.0,joystick,+0.000,+0.000,+0.000,+0.000,1100,0,
1785506511.6058,2026-07-31T10:01:51.605,53.409,538,,,,0,,,,-0.0448,79.38,-0.0583,-197.86,1,30.0,joystick,+0.000,+0.000,+0.000,+0.000,1100,0,
1785506511.7058,2026-07-31T10:01:51.705,53.510,539,,,,0,,,,-0.0428,79.40,-0.0562,-197.83,1,30.0,joystick,+0.000,+0.000,+0.000,+0.000,1100,0,
1785506511.8051,2026-07-31T10:01:51.805,53.609,540,,,,0,,,,-0.0422,79.48,-0.0557,-197.76,1,30.0,joystick,+0.000,+0.000,+0.000,+0.000,1100,0,
1785506511.9042,2026-07-31T10:01:51.904,53.708,541,,,,0,,,,-0.0457,79.52,-0.0592,-197.72,1,30.0,joystick,+0.000,+0.000,+0.000,+0.000,1100,0,
1785506512.0033,2026-07-31T10:01:52.003,53.807,542,,,,0,,,,-0.0452,79.55,-0.0587,-197.68,1,30.0,joystick,+0.000,+0.000,+0.000,+0.000,1100,0,
1785506512.1028,2026-07-31T10:01:52.102,53.906,543,,,,0,,,,-0.0461,79.52,-0.0596,-197.72,1,30.0,joystick,+0.000,+0.000,+0.000,+0.000,1100,0,
1785506512.2012,2026-07-31T10:01:52.201,54.005,544,,,,0,,,,-0.0451,79.49,-0.0585,-197.74,1,30.0,joystick,+0.000,+0.000,+0.000,+0.000,1100,0,
1785506512.3017,2026-07-31T10:01:52.301,54.105,545,,,,0,,,,-0.0448,79.47,-0.0583,-197.77,1,30.0,joystick,+0.000,+0.000,+0.000,+0.000,1100,0,
1785506512.4019,2026-07-31T10:01:52.401,54.206,546,,,,0,,,,-0.0430,79.46,-0.0564,-197.77,1,30.0,joystick,+0.000,+0.000,+0.000,+0.000,1100,0,
1785506512.5007,2026-07-31T10:01:52.500,54.304,547,,,,0,,,,-0.0449,79.47,-0.0584,-197.76,1,30.0,joystick,+0.000,+0.000,+0.000,+0.000,1100,0,
1785506512.5993,2026-07-31T10:01:52.599,54.403,548,,,,0,,,,-0.0421,79.50,-0.0556,-197.73,1,30.0,joystick,+0.000,+0.000,+0.000,+0.000,1100,0,
1785506512.6990,2026-07-31T10:01:52.698,54.503,549,,,,0,,,,-0.0440,79.55,-0.0574,-197.68,1,30.0,joystick,+0.000,+0.000,+0.000,+0.000,1100,0,
1785506512.7973,2026-07-31T10:01:52.797,54.601,550,,,,0,,,,-0.0464,79.57,-0.0599,-197.66,1,30.0,joystick,+0.000,+0.000,+0.000,+0.000,1100,0,
1785506512.8970,2026-07-31T10:01:52.897,54.701,551,,,,0,,,,-0.0453,79.55,-0.0588,-197.68,1,30.0,joystick,+0.000,+0.000,+0.000,+0.000,1100,0,
1785506512.9958,2026-07-31T10:01:52.995,54.800,552,,,,0,,,,-0.0494,79.47,-0.0628,-197.76,1,30.0,joystick,+0.000,+0.000,+0.000,+0.000,1100,0,
1785506513.0945,2026-07-31T10:01:53.094,54.898,553,,,,0,,,,-0.0456,79.41,-0.0591,-197.83,1,30.0,joystick,+0.000,+0.000,+0.000,+0.000,1100,0,
1785506513.1942,2026-07-31T10:01:53.194,54.998,554,,,,0,,,,-0.0400,79.32,-0.0535,-197.91,1,30.0,joystick,+0.000,+0.000,+0.000,+0.000,1100,0,
1785506513.2947,2026-07-31T10:01:53.294,55.098,555,,,,0,,,,-0.0445,79.31,-0.0580,-197.93,1,30.0,joystick,+0.000,+0.000,+0.000,+0.000,1100,0,
1785506513.3937,2026-07-31T10:01:53.393,55.197,556,,,,0,,,,-0.0415,79.32,-0.0550,-197.91,1,30.0,joystick,+0.000,+0.000,+0.000,+0.000,1100,0,
1785506513.4947,2026-07-31T10:01:53.494,55.298,557,,,,0,,,,-0.0445,79.37,-0.0580,-197.86,1,30.0,joystick,+0.000,+0.000,+0.000,+0.000,1100,0,
1785506513.5936,2026-07-31T10:01:53.593,55.397,558,,,,0,,,,-0.0448,79.38,-0.0583,-197.86,1,30.0,joystick,+0.000,+0.000,+0.000,+0.000,1100,0,
1785506513.6932,2026-07-31T10:01:53.693,55.497,559,,,,0,,,,-0.0484,79.34,-0.0619,-197.89,1,30.0,joystick,+0.000,+0.000,+0.000,+0.000,1100,0,
1785506513.7923,2026-07-31T10:01:53.792,55.596,560,,,,0,,,,-0.0485,79.30,-0.0619,-197.93,1,30.0,joystick,+0.000,+0.000,+0.000,+0.000,1100,0,
1785506513.8913,2026-07-31T10:01:53.891,55.695,561,,,,0,,,,-0.0443,79.19,-0.0577,-198.04,1,30.0,joystick,+0.000,+0.000,+0.000,+0.000,1100,0,
1785506513.9922,2026-07-31T10:01:53.992,55.796,562,,,,0,,,,-0.0476,79.09,-0.0611,-198.14,1,30.0,joystick,+0.000,+0.000,+0.000,+0.000,1100,0,
1785506514.0922,2026-07-31T10:01:54.092,55.896,563,,,,0,,,,-0.0438,79.07,-0.0573,-198.16,1,30.0,joystick,+0.000,+0.000,+0.000,+0.000,1100,0,
1785506514.1908,2026-07-31T10:01:54.190,55.994,564,,,,0,,,,-0.0419,79.11,-0.0554,-198.12,1,30.0,joystick,+0.000,+0.000,+0.000,+0.000,1100,0,
1785506514.2898,2026-07-31T10:01:54.289,56.094,565,,,,0,,,,-0.0417,79.15,-0.0552,-198.08,1,30.0,joystick,+0.000,+0.000,+0.000,+0.000,1100,0,
1785506514.3887,2026-07-31T10:01:54.388,56.192,566,,,,0,,,,-0.0443,79.18,-0.0578,-198.05,1,30.0,joystick,+0.000,+0.000,+0.000,+0.000,1100,0,
1785506514.4878,2026-07-31T10:01:54.487,56.292,567,,,,0,,,,-0.0465,79.08,-0.0600,-198.15,1,30.0,joystick,+0.000,+0.000,+0.000,+0.000,1100,0,
1785506514.5879,2026-07-31T10:01:54.587,56.392,568,,,,0,,,,-0.0424,78.98,-0.0559,-198.25,1,30.0,joystick,+0.000,+0.000,+0.000,+0.000,1100,0,
1785506514.6872,2026-07-31T10:01:54.687,56.491,569,,,,0,,,,-0.0467,78.76,-0.0602,-198.47,1,30.0,joystick,+0.000,+0.000,+0.000,+0.000,1100,0,
1785506514.7857,2026-07-31T10:01:54.785,56.589,570,,,,0,,,,-0.0437,78.67,-0.0571,-198.57,1,30.0,joystick,+0.000,+0.000,+0.000,+0.000,1100,0,
1785506514.8853,2026-07-31T10:01:54.885,56.689,571,,,,0,,,,-0.0424,78.54,-0.0558,-198.70,1,30.0,joystick,+0.000,+0.000,+0.000,+0.000,1100,0,
1785506514.9854,2026-07-31T10:01:54.985,56.789,572,,,,0,,,,-0.0421,78.55,-0.0556,-198.68,1,30.0,joystick,+0.000,+0.000,+0.000,+0.000,1100,0,
1785506515.0846,2026-07-31T10:01:55.084,56.888,573,,,,0,,,,-0.0453,78.60,-0.0588,-198.64,1,30.0,joystick,+0.000,+0.000,+0.000,+0.000,1100,0,
1785506515.1849,2026-07-31T10:01:55.184,56.989,574,,,,0,,,,-0.0437,78.68,-0.0572,-198.55,1,30.0,joystick,+0.000,+0.000,+0.000,+0.000,1100,0,
1785506515.2828,2026-07-31T10:01:55.282,57.086,575,,,,0,,,,-0.0452,78.67,-0.0587,-198.56,1,30.0,joystick,+0.000,+0.000,+0.000,+0.000,1100,0,
1785506515.3819,2026-07-31T10:01:55.381,57.186,576,,,,0,,,,-0.0438,78.55,-0.0573,-198.69,1,30.0,joystick,+0.000,+0.000,+0.000,+0.000,1100,0,
1785506515.4806,2026-07-31T10:01:55.480,57.284,577,,,,0,,,,-0.0451,78.33,-0.0585,-198.91,1,30.0,joystick,+0.000,+0.000,+0.000,+0.000,1100,0,
1785506515.5808,2026-07-31T10:01:55.580,57.384,578,,,,0,,,,-0.0470,78.20,-0.0605,-199.03,1,30.0,joystick,+0.000,+0.000,+0.000,+0.000,1100,0,
1785506515.6801,2026-07-31T10:01:55.680,57.484,579,,,,0,,,,-0.0457,77.97,-0.0592,-199.26,1,30.0,joystick,+0.000,+0.000,+0.000,+0.000,1100,0,
1785506515.7794,2026-07-31T10:01:55.779,57.583,580,,,,0,,,,-0.0441,77.89,-0.0576,-199.34,1,30.0,joystick,+0.000,+0.000,+0.000,+0.000,1100,0,
1785506515.8786,2026-07-31T10:01:55.878,57.682,581,,,,0,,,,-0.0441,77.82,-0.0576,-199.41,1,30.0,joystick,+0.000,+0.000,+0.000,+0.000,1100,0,
1785506515.9782,2026-07-31T10:01:55.978,57.782,582,,,,0,,,,-0.0456,77.84,-0.0591,-199.39,1,30.0,joystick,+0.000,+0.000,+0.000,+0.000,1100,0,
1785506516.0777,2026-07-31T10:01:56.077,57.881,583,,,,0,,,,-0.0446,77.85,-0.0581,-199.39,1,30.0,joystick,+0.000,+0.000,+0.000,+0.000,1100,0,
1785506516.1781,2026-07-31T10:01:56.178,57.982,584,,,,0,,,,-0.0429,77.78,-0.0564,-199.45,1,30.0,joystick,+0.000,+0.000,+0.000,+0.000,1100,0,
1785506516.2775,2026-07-31T10:01:56.277,58.081,585,,,,0,,,,-0.0415,77.70,-0.0550,-199.53,1,30.0,joystick,+0.000,+0.000,+0.000,+0.000,1100,0,
1785506516.3767,2026-07-31T10:01:56.376,58.180,586,,,,0,,,,-0.0420,77.48,-0.0554,-199.75,1,30.0,joystick,+0.000,+0.000,+0.000,+0.000,1100,0,
1785506516.4774,2026-07-31T10:01:56.477,58.281,587,,,,0,,,,-0.0466,77.24,-0.0601,-199.99,1,30.0,joystick,+0.000,+0.000,+0.000,+0.000,1100,0,
1785506516.5769,2026-07-31T10:01:56.576,58.381,588,,,,0,,,,-0.0399,77.14,-0.0533,-200.09,1,30.0,joystick,+0.000,+0.000,+0.000,+0.000,1100,0,
1785506516.6763,2026-07-31T10:01:56.676,58.480,589,,,,0,,,,-0.0398,77.05,-0.0533,-200.19,1,30.0,joystick,+0.000,+0.000,+0.000,+0.000,1100,0,
1785506516.7752,2026-07-31T10:01:56.775,58.579,590,,,,0,,,,-0.0417,77.05,-0.0552,-200.18,1,30.0,joystick,+0.000,+0.000,+0.000,+0.000,1100,0,
1785506516.8736,2026-07-31T10:01:56.873,58.677,591,,,,0,,,,-0.0436,77.07,-0.0571,-200.16,1,30.0,joystick,+0.000,+0.000,+0.000,+0.000,1100,0,
1785506516.9728,2026-07-31T10:01:56.972,58.777,592,,,,0,,,,-0.0461,76.99,-0.0596,-200.24,1,30.0,joystick,+0.000,+0.000,+0.000,+0.000,1100,0,
1785506517.0725,2026-07-31T10:01:57.072,58.876,593,,,,0,,,,-0.0451,76.89,-0.0586,-200.34,1,30.0,joystick,+0.000,+0.000,+0.000,+0.000,1100,0,
1785506517.1717,2026-07-31T10:01:57.171,58.975,594,,,,0,,,,-0.0408,76.63,-0.0543,-200.60,1,30.0,joystick,+0.000,+0.000,+0.000,+0.000,1100,0,
1785506517.2713,2026-07-31T10:01:57.271,59.075,595,,,,0,,,,-0.0454,76.51,-0.0588,-200.73,1,30.0,joystick,+0.000,+0.000,+0.000,+0.000,1100,0,
1785506517.3700,2026-07-31T10:01:57.370,59.174,596,,,,0,,,,-0.0413,76.31,-0.0547,-200.92,1,30.0,joystick,+0.000,+0.000,+0.000,+0.000,1100,0,
1785506517.4694,2026-07-31T10:01:57.469,59.273,597,,,,0,,,,-0.0442,76.25,-0.0576,-200.98,1,30.0,joystick,+0.000,+0.000,+0.000,+0.000,1100,0,
1785506517.5684,2026-07-31T10:01:57.568,59.372,598,,,,0,,,,-0.0465,76.17,-0.0600,-201.06,1,30.0,joystick,+0.000,+0.000,+0.000,+0.000,1100,0,
1785506517.6671,2026-07-31T10:01:57.667,59.471,599,,,,0,,,,-0.0437,76.12,-0.0572,-201.11,1,30.0,joystick,+0.000,+0.000,+0.000,+0.000,1100,0,
1785506517.7658,2026-07-31T10:01:57.765,59.569,600,,,,0,,,,-0.0421,76.09,-0.0556,-201.15,1,30.0,joystick,+0.000,+0.000,+0.000,+0.000,1100,0,
1785506517.8663,2026-07-31T10:01:57.866,59.670,601,,,,0,,,,-0.0414,75.98,-0.0548,-201.25,1,30.0,joystick,+0.000,+0.000,+0.000,+0.000,1100,0,
1785506517.9655,2026-07-31T10:01:57.965,59.769,602,,,,0,,,,-0.0453,75.89,-0.0588,-201.34,1,30.0,joystick,+0.000,+0.000,+0.000,+0.000,1100,0,
1785506518.0637,2026-07-31T10:01:58.063,59.867,603,,,,0,,,,-0.0461,75.65,-0.0596,-201.58,1,30.0,joystick,+0.000,+0.000,+0.000,+0.000,1100,0,
1785506518.1627,2026-07-31T10:01:58.162,59.966,604,,,,0,,,,-0.0417,75.41,-0.0552,-201.82,1,30.0,joystick,+0.000,+0.000,+0.000,+0.000,1100,0,
1785506518.2630,2026-07-31T10:01:58.263,60.067,605,,,,0,,,,-0.0448,75.32,-0.0582,-201.91,1,30.0,joystick,+0.000,+0.000,+0.000,+0.000,1100,0,
1785506518.3619,2026-07-31T10:01:58.361,60.166,606,,,,0,,,,-0.0441,75.26,-0.0576,-201.98,1,30.0,joystick,+0.000,+0.000,+0.000,+0.000,1100,0,
1785506518.4622,2026-07-31T10:01:58.462,60.266,607,,,,0,,,,-0.0457,75.25,-0.0592,-201.99,1,30.0,joystick,+0.000,+0.000,+0.000,+0.000,1100,0,
1785506518.5622,2026-07-31T10:01:58.562,60.366,608,,,,0,,,,-0.0437,75.19,-0.0572,-202.04,1,30.0,joystick,+0.000,+0.000,+0.000,+0.000,1100,0,
1785506518.6611,2026-07-31T10:01:58.661,60.465,609,,,,0,,,,-0.0471,75.05,-0.0606,-202.19,1,30.0,joystick,+0.000,+0.000,+0.000,+0.000,1100,0,
1785506518.7606,2026-07-31T10:01:58.760,60.564,610,,,,0,,,,-0.0479,74.93,-0.0614,-202.30,1,30.0,joystick,+0.000,+0.000,+0.000,+0.000,1100,0,
1785506518.8602,2026-07-31T10:01:58.860,60.664,611,,,,0,,,,-0.0437,74.70,-0.0572,-202.54,1,30.0,joystick,+0.000,+0.000,+0.000,+0.000,1100,0,
1785506518.9602,2026-07-31T10:01:58.960,60.764,612,,,,0,,,,-0.0455,74.59,-0.0589,-202.64,1,30.0,joystick,+0.000,+0.000,+0.000,+0.000,1100,0,
1785506519.0599,2026-07-31T10:01:59.059,60.864,613,,,,0,,,,-0.0446,74.42,-0.0581,-202.81,1,30.0,joystick,+0.000,+0.000,+0.000,+0.000,1100,0,
1785506519.1597,2026-07-31T10:01:59.159,60.963,614,,,,0,,,,-0.0473,74.29,-0.0608,-202.95,1,30.0,joystick,+0.000,+0.000,+0.000,+0.000,1100,0,
1785506519.2602,2026-07-31T10:01:59.260,61.064,615,,,,0,,,,-0.0413,74.23,-0.0548,-203.01,1,30.0,joystick,+0.000,+0.000,+0.000,+0.000,1100,0,
1785506519.3593,2026-07-31T10:01:59.359,61.163,616,,,,0,,,,-0.0471,74.13,-0.0605,-203.10,1,30.0,joystick,+0.000,+0.000,+0.000,+0.000,1100,0,
1785506519.4597,2026-07-31T10:01:59.459,61.263,617,,,,0,,,,-0.0419,74.10,-0.0554,-203.13,1,30.0,joystick,+0.000,+0.000,+0.000,+0.000,1100,0,
1785506519.5589,2026-07-31T10:01:59.558,61.363,618,,,,0,,,,-0.0463,74.00,-0.0598,-203.23,1,30.0,joystick,+0.000,+0.000,+0.000,+0.000,1100,0,
1785506519.6590,2026-07-31T10:01:59.659,61.463,619,,,,0,,,,-0.0473,73.81,-0.0607,-203.42,1,30.0,joystick,+0.000,+0.000,+0.000,+0.000,1100,0,
1785506519.7593,2026-07-31T10:01:59.759,61.563,620,,,,0,,,,-0.0405,73.69,-0.0539,-203.55,1,30.0,joystick,+0.000,+0.000,+0.000,+0.000,1100,0,
1785506519.8585,2026-07-31T10:01:59.858,61.662,621,,,,0,,,,-0.0404,73.44,-0.0538,-203.79,1,30.0,joystick,+0.000,+0.000,+0.000,+0.000,1100,0,
1785506519.9568,2026-07-31T10:01:59.956,61.761,622,,,,0,,,,-0.0465,73.34,-0.0600,-203.90,1,30.0,joystick,+0.000,+0.000,+0.000,+0.000,1100,0,
1785506520.0558,2026-07-31T10:02:00.055,61.860,623,,,,0,,,,-0.0433,73.20,-0.0568,-204.03,1,30.0,joystick,+0.000,+0.000,+0.000,+0.000,1100,0,
1785506520.1561,2026-07-31T10:02:00.156,61.960,624,,,,0,,,,-0.0425,73.14,-0.0560,-204.09,1,30.0,joystick,+0.000,+0.000,+0.000,+0.000,1100,0,
1785506520.2549,2026-07-31T10:02:00.254,62.059,625,,,,0,,,,-0.0406,73.10,-0.0541,-204.13,1,30.0,joystick,+0.000,+0.000,+0.000,+0.000,1100,0,
1785506520.3545,2026-07-31T10:02:00.354,62.158,626,,,,0,,,,-0.0441,72.97,-0.0576,-204.26,1,30.0,joystick,+0.000,+0.000,+0.000,+0.000,1100,0,
1785506520.4540,2026-07-31T10:02:00.453,62.258,627,,,,0,,,,-0.0479,72.88,-0.0614,-204.35,1,30.0,joystick,+0.000,+0.000,+0.000,+0.000,1100,0,
1785506520.5536,2026-07-31T10:02:00.553,62.357,628,,,,0,,,,-0.0490,72.69,-0.0624,-204.54,1,30.0,joystick,+0.000,+0.000,+0.000,+0.000,1100,0,
1785506520.6528,2026-07-31T10:02:00.652,62.457,629,,,,0,,,,-0.0424,72.48,-0.0559,-204.75,1,30.0,joystick,+0.000,+0.000,+0.000,+0.000,1100,0,
1785506520.7526,2026-07-31T10:02:00.752,62.556,630,,,,0,,,,-0.0473,72.38,-0.0607,-204.86,1,30.0,joystick,+0.000,+0.000,+0.000,+0.000,1100,0,
1785506520.8518,2026-07-31T10:02:00.851,62.655,631,,,,0,,,,-0.0417,72.19,-0.0552,-205.04,1,30.0,joystick,+0.000,+0.000,+0.000,+0.000,1100,0,
1785506520.9516,2026-07-31T10:02:00.951,62.755,632,,,,0,,,,-0.0431,72.12,-0.0566,-205.12,1,30.0,joystick,+0.000,+0.000,+0.000,+0.000,1100,0,
1785506521.0511,2026-07-31T10:02:01.051,62.855,633,,,,0,,,,-0.0408,72.01,-0.0542,-205.23,1,30.0,joystick,+0.000,+0.000,+0.000,+0.000,1100,0,
1785506521.1505,2026-07-31T10:02:01.150,62.954,634,,,,0,,,,-0.0431,71.90,-0.0566,-205.34,1,30.0,joystick,+0.000,+0.000,+0.000,+0.000,1100,0,
1785506521.2496,2026-07-31T10:02:01.249,63.053,635,,,,0,,,,-0.0430,71.83,-0.0565,-205.41,1,30.0,joystick,+0.000,+0.000,+0.000,+0.000,1100,0,
1785506521.3477,2026-07-31T10:02:01.347,63.151,636,,,,0,,,,-0.0500,71.65,-0.0635,-205.58,1,30.0,joystick,+0.000,+0.000,+0.000,+0.000,1100,0,
1785506521.4468,2026-07-31T10:02:01.446,63.250,637,,,,0,,,,-0.0462,71.56,-0.0597,-205.68,1,30.0,joystick,+0.000,+0.000,+0.000,+0.000,1100,0,
1785506521.5451,2026-07-31T10:02:01.545,63.349,638,,,,0,,,,-0.0430,71.37,-0.0565,-205.86,1,30.0,joystick,+0.000,+0.000,+0.000,+0.000,1100,0,
1785506521.6443,2026-07-31T10:02:01.644,63.448,639,,,,0,,,,-0.0462,71.28,-0.0597,-205.95,1,30.0,joystick,+0.000,+0.000,+0.000,+0.000,1100,0,
1785506521.7434,2026-07-31T10:02:01.743,63.547,640,,,,0,,,,-0.0414,71.10,-0.0549,-206.14,1,30.0,joystick,+0.000,+0.000,+0.000,+0.000,1100,0,
1785506521.8425,2026-07-31T10:02:01.842,63.646,641,,,,0,,,,-0.0409,70.94,-0.0544,-206.29,1,30.0,joystick,+0.000,+0.000,+0.000,+0.000,1100,0,
1785506521.9413,2026-07-31T10:02:01.941,63.745,642,,,,0,,,,-0.0379,70.86,-0.0514,-206.37,1,30.0,joystick,+0.000,+0.000,+0.000,+0.000,1100,0,
1785506522.0399,2026-07-31T10:02:02.039,63.844,643,,,,0,,,,-0.0446,70.69,-0.0581,-206.54,1,30.0,joystick,+0.000,+0.000,+0.000,+0.000,1100,0,
1785506522.1391,2026-07-31T10:02:02.139,63.943,644,,,,0,,,,-0.0448,70.60,-0.0583,-206.64,1,30.0,joystick,+0.000,+0.000,+0.000,+0.000,1100,0,
1785506522.2384,2026-07-31T10:02:02.238,64.042,645,,,,0,,,,-0.0460,70.39,-0.0595,-206.85,1,30.0,joystick,+0.000,+0.000,+0.000,+0.000,1100,0,
1785506522.3379,2026-07-31T10:02:02.337,64.142,646,,,,0,,,,-0.0453,70.29,-0.0588,-206.95,1,30.0,joystick,+0.000,+0.000,+0.000,+0.000,1100,0,
1785506522.4377,2026-07-31T10:02:02.437,64.241,647,,,,0,,,,-0.0430,70.13,-0.0565,-207.10,1,30.0,joystick,+0.000,+0.000,+0.000,+0.000,1100,0,
1785506522.5362,2026-07-31T10:02:02.536,64.340,648,,,,0,,,,-0.0434,70.03,-0.0569,-207.21,1,30.0,joystick,+0.000,+0.000,+0.000,+0.000,1100,0,
1785506522.6357,2026-07-31T10:02:02.635,64.439,649,,,,0,,,,-0.0436,69.97,-0.0570,-207.27,1,30.0,joystick,+0.000,+0.000,+0.000,+0.000,1100,0,
1785506522.7345,2026-07-31T10:02:02.734,64.538,650,,,,0,,,,-0.0376,69.79,-0.0511,-207.45,1,30.0,joystick,+0.000,+0.000,+0.000,+0.000,1100,0,
1785506522.8357,2026-07-31T10:02:02.835,64.639,651,,,,0,,,,-0.0408,69.55,-0.0543,-207.68,1,30.0,joystick,+0.000,+0.000,+0.000,+0.000,1100,0,
1785506522.9342,2026-07-31T10:02:02.934,64.738,652,,,,0,,,,-0.0438,69.42,-0.0573,-207.81,1,30.0,joystick,+0.000,+0.000,+0.000,+0.000,1100,0,
1785506523.0337,2026-07-31T10:02:03.033,64.837,653,,,,0,,,,-0.0449,69.17,-0.0584,-208.06,1,30.0,joystick,+0.000,+0.000,+0.000,+0.000,1100,0,
1785506523.1321,2026-07-31T10:02:03.132,64.936,654,,,,0,,,,-0.0463,69.08,-0.0598,-208.15,1,30.0,joystick,+0.000,+0.000,+0.000,+0.000,1100,0,
1785506523.2312,2026-07-31T10:02:03.231,65.035,655,,,,0,,,,-0.0494,68.93,-0.0628,-208.30,1,30.0,joystick,+0.000,+0.000,+0.000,+0.000,1100,0,
1785506523.3309,2026-07-31T10:02:03.330,65.135,656,,,,0,,,,-0.0441,68.87,-0.0576,-208.36,1,30.0,joystick,+0.000,+0.000,+0.000,+0.000,1100,0,
1785506523.4308,2026-07-31T10:02:03.430,65.234,657,,,,0,,,,-0.0415,68.74,-0.0550,-208.49,1,30.0,joystick,+0.000,+0.000,+0.000,+0.000,1100,0,
1785506523.5291,2026-07-31T10:02:03.529,65.333,658,,,,0,,,,-0.0415,68.58,-0.0550,-208.65,1,30.0,joystick,+0.000,+0.000,+0.000,+0.000,1100,0,
1785506523.6292,2026-07-31T10:02:03.629,65.433,659,,,,0,,,,-0.0421,68.49,-0.0556,-208.74,1,30.0,joystick,+0.000,+0.000,+0.000,+0.000,1100,0,
1785506523.7297,2026-07-31T10:02:03.729,65.533,660,,,,0,,,,-0.0404,68.25,-0.0539,-208.99,1,30.0,joystick,+0.000,+0.000,+0.000,+0.000,1100,0,
1785506523.8284,2026-07-31T10:02:03.828,65.632,661,,,,0,,,,-0.0440,68.11,-0.0575,-209.12,1,30.0,joystick,+0.000,+0.000,+0.000,+0.000,1100,0,
1785506523.9280,2026-07-31T10:02:03.927,65.732,662,,,,0,,,,-0.0504,67.87,-0.0639,-209.37,1,30.0,joystick,+0.000,+0.000,+0.000,+0.000,1100,0,
1785506524.0271,2026-07-31T10:02:04.027,65.831,663,,,,0,,,,-0.0427,67.73,-0.0561,-209.50,1,30.0,joystick,+0.000,+0.000,+0.000,+0.000,1100,0,
1785506524.1261,2026-07-31T10:02:04.126,65.930,664,,,,0,,,,-0.0466,67.68,-0.0601,-209.55,1,30.0,joystick,+0.000,+0.000,+0.000,+0.000,1100,0,
1785506524.2259,2026-07-31T10:02:04.225,66.030,665,,,,0,,,,-0.0483,67.61,-0.0618,-209.62,1,30.0,joystick,+0.000,+0.000,+0.000,+0.000,1100,0,
1785506524.3250,2026-07-31T10:02:04.324,66.129,666,,,,0,,,,-0.0494,67.57,-0.0629,-209.66,1,30.0,joystick,+0.000,+0.000,+0.000,+0.000,1100,0,
1785506524.4238,2026-07-31T10:02:04.423,66.227,667,,,,0,,,,-0.0435,67.42,-0.0569,-209.81,1,30.0,joystick,+0.000,+0.000,+0.000,+0.000,1100,0,
1785506524.5239,2026-07-31T10:02:04.523,66.328,668,,,,0,,,,-0.0415,67.19,-0.0550,-210.05,1,30.0,joystick,+0.000,+0.000,+0.000,+0.000,1100,0,
1785506524.6227,2026-07-31T10:02:04.622,66.426,669,,,,0,,,,-0.0476,67.04,-0.0611,-210.20,1,30.0,joystick,+0.000,+0.000,+0.000,+0.000,1100,0,
1785506524.7216,2026-07-31T10:02:04.721,66.525,670,,,,0,,,,-0.0436,66.78,-0.0570,-210.45,1,30.0,joystick,+0.000,+0.000,+0.000,+0.000,1100,0,
1785506524.8210,2026-07-31T10:02:04.821,66.625,671,,,,0,,,,-0.0431,66.67,-0.0566,-210.56,1,30.0,joystick,+0.000,+0.000,+0.000,+0.000,1100,0,
1785506524.9214,2026-07-31T10:02:04.921,66.725,672,,,,0,,,,-0.0472,66.52,-0.0607,-210.71,1,30.0,joystick,+0.000,+0.000,+0.000,+0.000,1100,0,
1785506525.0208,2026-07-31T10:02:05.020,66.825,673,,,,0,,,,-0.0458,66.46,-0.0593,-210.78,1,30.0,joystick,+0.000,+0.000,+0.000,+0.000,1100,0,
1785506525.1199,2026-07-31T10:02:05.119,66.924,674,,,,0,,,,-0.0432,66.38,-0.0567,-210.86,1,30.0,joystick,+0.000,+0.000,+0.000,+0.000,1100,0,
1785506525.2186,2026-07-31T10:02:05.218,67.022,675,,,,0,,,,-0.0419,66.31,-0.0554,-210.92,1,30.0,joystick,+0.000,+0.000,+0.000,+0.000,1100,0,
1785506525.3168,2026-07-31T10:02:05.316,67.120,676,,,,0,,,,-0.0416,66.26,-0.0551,-210.98,1,30.0,joystick,+0.000,+0.000,+0.000,+0.000,1100,0,
1785506525.4178,2026-07-31T10:02:05.417,67.221,677,,,,0,,,,-0.0461,66.07,-0.0596,-211.17,1,30.0,joystick,+0.000,+0.000,+0.000,+0.000,1100,0,
1785506525.5164,2026-07-31T10:02:05.516,67.320,678,,,,0,,,,-0.0476,65.93,-0.0611,-211.30,1,30.0,joystick,+0.000,+0.000,+0.000,+0.000,1100,0,
1785506525.6172,2026-07-31T10:02:05.617,67.421,679,,,,0,,,,-0.0462,65.63,-0.0597,-211.60,1,30.0,joystick,+0.000,+0.000,+0.000,+0.000,1100,0,
1785506525.7164,2026-07-31T10:02:05.716,67.520,680,,,,0,,,,-0.0455,65.44,-0.0590,-211.80,1,30.0,joystick,+0.000,+0.000,+0.000,+0.000,1100,0,
1785506525.8154,2026-07-31T10:02:05.815,67.619,681,,,,0,,,,-0.0433,65.39,-0.0568,-211.84,1,30.0,joystick,+0.000,+0.000,+0.000,+0.000,1100,0,
1785506525.9152,2026-07-31T10:02:05.915,67.719,682,,,,0,,,,-0.0402,65.34,-0.0537,-211.89,1,30.0,joystick,+0.000,+0.000,+0.000,+0.000,1100,0,
1785506526.0142,2026-07-31T10:02:06.014,67.818,683,,,,0,,,,-0.0435,65.30,-0.0570,-211.93,1,30.0,joystick,+0.000,+0.000,+0.000,+0.000,1100,0,
1785506526.1135,2026-07-31T10:02:06.113,67.917,684,,,,0,,,,-0.0422,65.16,-0.0557,-212.08,1,30.0,joystick,+0.000,+0.000,+0.000,+0.000,1100,0,
1785506526.2127,2026-07-31T10:02:06.212,68.016,685,,,,0,,,,-0.0458,64.97,-0.0593,-212.26,1,30.0,joystick,+0.000,+0.000,+0.000,+0.000,1100,0,
1785506526.3112,2026-07-31T10:02:06.311,68.115,686,,,,0,,,,-0.0404,64.87,-0.0538,-212.36,1,30.0,joystick,+0.000,+0.000,+0.000,+0.000,1100,0,
1785506526.4106,2026-07-31T10:02:06.410,68.214,687,,,,0,,,,-0.0436,64.68,-0.0571,-212.55,1,30.0,joystick,+0.000,+0.000,+0.000,+0.000,1100,0,
1785506526.5108,2026-07-31T10:02:06.510,68.315,688,,,,0,,,,-0.0421,64.58,-0.0556,-212.66,1,30.0,joystick,+0.000,+0.000,+0.000,+0.000,1100,0,
1785506526.6096,2026-07-31T10:02:06.609,68.413,689,,,,0,,,,-0.0359,64.42,-0.0493,-212.81,1,30.0,joystick,+0.000,+0.000,+0.000,+1.000,1100,0,
1785506526.7085,2026-07-31T10:02:06.708,68.512,690,,,,0,,,,-0.0404,64.34,-0.0539,-212.90,1,30.0,joystick,+0.000,+0.000,+0.000,+1.000,1100,0,
1785506526.8088,2026-07-31T10:02:06.808,68.613,691,,,,0,,,,-0.0428,64.07,-0.0563,-213.17,1,30.0,joystick,+0.000,+0.000,+0.000,+1.000,1100,0,
1785506526.9082,2026-07-31T10:02:06.908,68.712,692,,,,0,,,,-0.0455,60.50,-0.0590,-216.74,1,30.0,joystick,+0.000,+0.000,+0.000,+1.000,1100,0,
1785506527.0079,2026-07-31T10:02:07.007,68.812,693,,,,0,,,,-0.0434,56.12,-0.0569,-221.12,1,30.0,joystick,+0.000,+0.000,+0.000,+1.000,1100,0,
1785506527.1070,2026-07-31T10:02:07.107,68.911,694,,,,0,,,,-0.0472,45.71,-0.0606,-231.52,1,30.0,joystick,+0.000,+0.000,+0.000,+1.000,1100,0,
1785506527.2059,2026-07-31T10:02:07.205,69.010,695,,,,0,,,,-0.0454,40.13,-0.0589,-237.10,1,30.0,joystick,+0.000,+0.000,+0.000,+1.000,1100,0,
1785506527.3046,2026-07-31T10:02:07.304,69.108,696,,,,0,,,,-0.0404,28.55,-0.0539,-248.69,1,30.0,joystick,+0.000,+0.000,+0.000,+0.000,1100,0,
1785506527.4043,2026-07-31T10:02:07.404,69.208,697,,,,0,,,,-0.0404,19.46,-0.0539,-257.78,1,30.0,joystick,+0.000,+0.000,+0.000,+0.000,1100,0,
1785506527.5042,2026-07-31T10:02:07.504,69.308,698,,,,0,,,,-0.0450,17.02,-0.0585,-260.21,1,30.0,joystick,+0.000,+0.000,+0.000,+0.000,1100,0,
1785506527.6035,2026-07-31T10:02:07.603,69.407,699,,,,0,,,,-0.0413,13.55,-0.0548,-263.68,1,30.0,joystick,+0.000,+0.000,+0.000,+0.000,1100,0,
1785506527.7041,2026-07-31T10:02:07.704,69.508,700,,,,0,,,,-0.0457,12.21,-0.0592,-265.02,1,30.0,joystick,+0.000,+0.000,+0.000,+0.000,1100,0,
1785506527.8027,2026-07-31T10:02:07.802,69.606,701,,,,0,,,,-0.0414,10.22,-0.0549,-267.01,1,30.0,joystick,+0.000,+0.000,+0.000,+1.000,1100,0,
1785506527.9030,2026-07-31T10:02:07.903,69.707,702,,,,0,,,,-0.0414,9.51,-0.0549,-267.72,1,30.0,joystick,+0.000,+0.000,+0.000,+1.000,1100,0,
1785506528.0024,2026-07-31T10:02:08.002,69.806,703,,,,0,,,,-0.0423,7.93,-0.0557,-269.30,1,30.0,joystick,+0.000,+0.000,+0.000,+1.000,1100,0,
1785506528.1015,2026-07-31T10:02:08.101,69.905,704,,,,0,,,,-0.0421,3.21,-0.0556,-274.02,1,30.0,joystick,+0.000,+0.000,+0.000,+0.000,1100,0,
1785506528.2012,2026-07-31T10:02:08.201,70.005,705,,,,0,,,,-0.0437,1.28,-0.0572,-275.96,1,30.0,joystick,+0.000,+0.000,+0.000,+0.000,1100,0,
1785506528.2995,2026-07-31T10:02:08.299,70.103,706,,,,0,,,,-0.0433,-1.07,-0.0568,-278.31,1,30.0,joystick,+0.000,+0.000,+0.000,+0.000,1100,0,
1785506528.4002,2026-07-31T10:02:08.400,70.204,707,,,,0,,,,-0.0404,-2.57,-0.0539,-279.80,1,30.0,joystick,+0.000,+0.000,+0.000,+0.000,1100,0,
1785506528.4993,2026-07-31T10:02:08.499,70.303,708,,,,0,,,,-0.0454,-3.11,-0.0589,-280.35,1,30.0,joystick,+0.000,+0.000,+0.000,+1.000,1100,0,
1785506528.5986,2026-07-31T10:02:08.598,70.402,709,,,,0,,,,-0.0474,-3.58,-0.0609,-280.81,1,30.0,joystick,+0.000,+0.000,+0.000,+0.000,1100,0,
1785506528.6974,2026-07-31T10:02:08.697,70.501,710,,,,0,,,,-0.0476,-3.58,-0.0611,-280.82,1,30.0,joystick,+0.000,+0.000,+0.000,+0.000,1100,0,
1785506528.7979,2026-07-31T10:02:08.797,70.602,711,,,,0,,,,-0.0482,-3.60,-0.0617,-280.83,1,30.0,joystick,+0.000,+0.000,+0.000,+0.000,1100,0,
1785506528.8966,2026-07-31T10:02:08.896,70.700,712,,,,0,,,,-0.0513,-3.59,-0.0648,-280.82,1,30.0,joystick,+0.000,+0.000,+0.000,+0.000,1100,0,
1785506528.9956,2026-07-31T10:02:08.995,70.799,713,,,,0,,,,-0.0483,-3.60,-0.0617,-280.83,1,30.0,joystick,+0.000,+0.000,+0.000,+1.000,1100,0,
1785506529.0950,2026-07-31T10:02:09.095,70.899,714,,,,0,,,,-0.0489,-3.81,-0.0624,-281.05,1,30.0,joystick,+0.000,+0.000,+0.000,+1.000,1100,0,
1785506529.1936,2026-07-31T10:02:09.193,70.997,715,,,,0,,,,-0.0466,-4.58,-0.0601,-281.81,1,30.0,joystick,+0.000,+0.000,+0.000,+0.000,1100,0,
1785506529.2930,2026-07-31T10:02:09.292,71.097,716,,,,0,,,,-0.0475,-5.46,-0.0610,-282.69,1,30.0,joystick,+0.000,+0.000,+0.000,+0.000,1100,0,
1785506529.3922,2026-07-31T10:02:09.392,71.196,717,,,,0,,,,-0.0471,-5.71,-0.0606,-282.94,1,30.0,joystick,+0.000,+0.000,+0.000,+0.000,1100,0,
1785506529.4906,2026-07-31T10:02:09.490,71.294,718,,,,0,,,,-0.0471,-6.01,-0.0606,-283.24,1,30.0,joystick,+0.000,+0.000,+0.000,+1.000,1100,0,
1785506529.5913,2026-07-31T10:02:09.591,71.395,719,,,,0,,,,-0.0440,-6.10,-0.0575,-283.33,1,30.0,joystick,+0.000,+0.000,+0.000,+1.000,1100,0,
1785506529.6896,2026-07-31T10:02:09.689,71.493,720,,,,0,,,,-0.0522,-6.50,-0.0657,-283.73,1,30.0,joystick,+0.000,+0.000,+0.000,+0.000,1100,0,
1785506529.7895,2026-07-31T10:02:09.789,71.593,721,,,,0,,,,-0.0485,0.00,-0.0619,-284.52,1,30.0,joystick,+0.000,+0.000,+0.000,+1.000,1100,0,
1785506529.8883,2026-07-31T10:02:09.888,71.692,722,,,,0,,,,-0.0500,-0.26,-0.0635,-284.78,1,30.0,joystick,+0.000,+0.000,+0.000,+0.000,1100,0,
1785506529.9873,2026-07-31T10:02:09.987,71.791,723,,,,0,,,,-0.0425,0.02,-0.0560,-284.50,1,30.0,joystick,+0.000,+0.000,+0.000,+0.000,1100,0,
1785506530.0860,2026-07-31T10:02:10.085,71.890,724,,,,0,,,,-0.0411,0.01,-0.0546,-284.50,1,30.0,joystick,+0.000,+0.000,+0.000,+0.000,1100,0,
1785506530.1853,2026-07-31T10:02:10.185,71.989,725,,,,0,,,,-0.0419,0.04,-0.0554,-284.48,1,30.0,joystick,+0.000,+0.000,+0.000,+0.000,1100,0,
1785506530.2826,2026-07-31T10:02:10.282,72.086,726,,,,0,,,,-0.0442,0.26,-0.0577,-284.26,1,30.0,joystick,+0.000,+0.000,+0.000,+0.000,1100,0,
1785506530.3824,2026-07-31T10:02:10.382,72.186,727,,,,0,,,,-0.0474,0.42,-0.0609,-284.09,1,30.0,joystick,+0.000,+0.000,+0.000,+0.000,1100,0,
1785506530.4821,2026-07-31T10:02:10.482,72.286,728,,,,0,,,,-0.0414,0.80,-0.0549,-283.71,1,30.0,joystick,+0.000,+0.000,+0.000,+0.000,1100,0,
1785506530.5809,2026-07-31T10:02:10.580,72.385,729,,,,0,,,,-0.0477,1.02,-0.0612,-283.50,1,30.0,joystick,+0.000,+0.000,+0.000,+0.000,1100,0,
1785506530.6813,2026-07-31T10:02:10.681,72.485,730,,,,0,,,,-0.0459,1.45,-0.0594,-283.07,1,30.0,joystick,+0.000,+0.000,+0.000,+0.000,1100,0,
1785506530.7799,2026-07-31T10:02:10.779,72.584,731,,,,0,,,,-0.0455,1.69,-0.0590,-282.83,1,30.0,joystick,+0.000,+0.000,+0.000,+0.000,1100,0,
1785506530.8792,2026-07-31T10:02:10.879,72.683,732,,,,0,,,,-0.0450,2.22,-0.0585,-282.30,1,30.0,joystick,+0.000,+0.000,+0.000,+0.000,1100,0,
1785506530.9780,2026-07-31T10:02:10.977,72.782,733,,,,0,,,,-0.0436,2.81,-0.0571,-281.71,1,30.0,joystick,+0.000,+0.000,+0.000,+0.000,1100,0,
1785506531.0776,2026-07-31T10:02:11.077,72.881,734,,,,0,,,,-0.0455,3.13,-0.0590,-281.38,1,30.0,joystick,+0.000,+0.000,+0.000,+0.000,1100,0,
1785506531.1771,2026-07-31T10:02:11.177,72.981,735,,,,0,,,,-0.0470,3.81,-0.0605,-280.70,1,30.0,joystick,+0.000,+0.000,+0.000,+0.000,1100,0,
1785506531.2763,2026-07-31T10:02:11.276,73.080,736,,,,0,,,,-0.0442,4.17,-0.0577,-280.34,1,30.0,joystick,+0.000,+0.000,+0.000,+0.000,1100,0,
1785506531.3754,2026-07-31T10:02:11.375,73.179,737,,,,0,,,,-0.0462,4.85,-0.0597,-279.67,1,30.0,joystick,+0.000,+0.000,+0.000,+0.000,1100,0,
1785506531.4736,2026-07-31T10:02:11.473,73.277,738,,,,0,,,,-0.0455,5.40,-0.0590,-279.11,1,30.0,joystick,+0.000,+0.000,+0.000,+0.000,1100,0,
1785506531.5734,2026-07-31T10:02:11.573,73.377,739,,,,0,,,,-0.0472,5.65,-0.0607,-278.87,1,30.0,joystick,+0.000,+0.000,+0.000,+0.000,1100,0,
1785506531.6717,2026-07-31T10:02:11.671,73.475,740,,,,0,,,,-0.0426,6.10,-0.0560,-278.41,1,30.0,joystick,+0.000,+0.000,+0.000,+0.000,1100,0,
1785506531.7710,2026-07-31T10:02:11.771,73.575,741,,,,0,,,,-0.0442,0.00,-0.0577,-278.17,1,30.0,joystick,+0.000,+0.000,+0.000,+0.000,1100,0,
1785506531.8704,2026-07-31T10:02:11.870,73.674,742,,,,0,,,,-0.0434,0.55,-0.0569,-277.63,1,30.0,joystick,+0.000,+0.000,+0.000,+0.000,1100,0,
1785506531.9698,2026-07-31T10:02:11.969,73.774,743,,,,0,,,,-0.0429,1.15,-0.0564,-277.03,1,30.0,joystick,+0.000,+0.000,+0.000,+0.000,1100,0,
1785506532.0702,2026-07-31T10:02:12.070,73.874,744,,,,0,,,,-0.0421,1.45,-0.0556,-276.72,1,30.0,joystick,+0.000,+0.000,+0.000,+0.000,1100,0,
1785506532.1695,2026-07-31T10:02:12.169,73.973,745,,,,0,,,,-0.0453,2.01,-0.0588,-276.17,1,30.0,joystick,+0.000,+0.000,+0.000,+0.000,1100,0,
1785506532.2684,2026-07-31T10:02:12.268,74.072,746,,,,0,,,,-0.0423,2.27,-0.0558,-275.91,1,30.0,joystick,+0.000,+0.000,+0.000,+0.000,1100,0,
1785506532.3677,2026-07-31T10:02:12.367,74.171,747,,,,0,,,,-0.0412,2.78,-0.0547,-275.39,1,30.0,joystick,+0.000,+0.000,+0.000,+0.000,1100,0,
1785506532.4667,2026-07-31T10:02:12.466,74.270,748,,,,0,,,,-0.0445,3.31,-0.0579,-274.87,1,30.0,joystick,+0.000,+0.000,+0.000,+0.000,1100,0,
1785506532.5657,2026-07-31T10:02:12.565,74.369,749,,,,0,,,,-0.0438,0.27,-0.0572,-274.60,1,30.0,joystick,+0.000,+0.000,+0.000,+0.000,1100,0,
1785506532.6648,2026-07-31T10:02:12.664,74.469,750,,,,0,,,,-0.0373,0.77,-0.0508,-274.10,1,30.0,joystick,+0.000,+0.000,+0.000,+0.000,1100,0,
1785506532.7648,2026-07-31T10:02:12.764,74.569,751,,,,0,,,,-0.0415,1.00,-0.0549,-273.87,1,30.0,joystick,+0.000,+0.000,+0.000,+0.000,1100,0,
1785506532.8639,2026-07-31T10:02:12.863,74.668,752,,,,0,,,,-0.0382,1.42,-0.0517,-273.45,1,30.0,joystick,+0.000,+0.000,+0.000,+0.000,1100,0,
1785506532.9642,2026-07-31T10:02:12.964,74.768,753,,,,0,,,,-0.0380,1.83,-0.0514,-273.03,1,30.0,joystick,+0.000,+0.000,+0.000,+0.000,1100,0,
1785506533.0643,2026-07-31T10:02:13.064,74.868,754,,,,0,,,,-0.0459,2.06,-0.0594,-272.81,1,30.0,joystick,+0.000,+0.000,+0.000,+0.000,1100,0,
1785506533.1643,2026-07-31T10:02:13.164,74.968,755,,,,0,,,,-0.0410,2.52,-0.0545,-272.35,1,30.0,joystick,+0.000,+0.000,+0.000,+0.000,1100,0,
1785506533.2646,2026-07-31T10:02:13.264,75.068,756,,,,0,,,,-0.0382,2.73,-0.0517,-272.14,1,30.0,joystick,+0.000,+0.000,+0.000,+0.000,1100,0,
1785506533.3655,2026-07-31T10:02:13.365,75.169,757,,,,0,,,,-0.0425,3.15,-0.0560,-271.71,1,30.0,joystick,+0.000,+0.000,+0.000,+0.000,1100,0,
1785506533.4646,2026-07-31T10:02:13.464,75.268,758,,,,0,,,,-0.0456,3.59,-0.0591,-271.28,1,30.0,joystick,+0.000,+0.000,+0.000,+0.000,1100,0,
1785506533.5645,2026-07-31T10:02:13.564,75.368,759,,,,0,,,,-0.0420,3.80,-0.0555,-271.06,1,30.0,joystick,+0.000,+0.000,+0.000,+0.000,1100,0,
1785506533.6637,2026-07-31T10:02:13.663,75.467,760,,,,0,,,,-0.0409,4.20,-0.0543,-270.67,1,30.0,joystick,+0.000,+0.000,+0.000,+0.000,1100,0,
1785506533.7640,2026-07-31T10:02:13.764,75.568,761,,,,0,,,,-0.0393,4.36,-0.0528,-270.51,1,30.0,joystick,+0.000,+0.000,+0.000,+0.000,1100,0,
1785506533.8635,2026-07-31T10:02:13.863,75.667,762,,,,0,,,,-0.0406,4.66,-0.0541,-270.21,1,30.0,joystick,+0.000,+0.000,+0.000,+0.000,1100,0,
1785506533.9618,2026-07-31T10:02:13.961,75.766,763,,,,0,,,,-0.0434,4.82,-0.0568,-270.04,1,30.0,joystick,+0.000,+0.000,+0.000,+0.000,1100,0,
1785506534.0620,2026-07-31T10:02:14.062,75.866,764,,,,0,,,,-0.0428,5.20,-0.0563,-269.67,1,30.0,joystick,+0.000,+0.000,+0.000,+0.000,1100,0,
1785506534.1608,2026-07-31T10:02:14.160,75.965,765,,,,0,,,,-0.0385,5.55,-0.0520,-269.32,1,30.0,joystick,+0.000,+0.000,+0.000,+0.000,1100,0,
1785506534.2599,2026-07-31T10:02:14.259,76.064,766,,,,0,,,,-0.0398,5.70,-0.0533,-269.16,1,30.0,joystick,+0.000,+0.000,+0.000,+0.000,1100,0,
1785506534.3593,2026-07-31T10:02:14.359,76.163,767,,,,0,,,,-0.0425,6.00,-0.0560,-268.87,1,30.0,joystick,+0.000,+0.000,+0.000,+0.000,1100,0,
1785506534.4587,2026-07-31T10:02:14.458,76.262,768,,,,0,,,,-0.0414,6.15,-0.0548,-268.71,1,30.0,joystick,+0.000,+0.000,+0.000,+0.000,1100,0,
1785506534.5585,2026-07-31T10:02:14.558,76.362,769,,,,0,,,,-0.0430,6.46,-0.0564,-268.40,1,30.0,joystick,+0.000,+0.000,+0.000,+0.000,1100,0,
1785506534.6576,2026-07-31T10:02:14.657,76.461,770,,,,0,,,,-0.0447,6.79,-0.0582,-268.08,1,30.0,joystick,+0.000,+0.000,+0.000,+0.000,1100,0,
1785506534.7561,2026-07-31T10:02:14.756,76.560,771,,,,0,,,,-0.0427,6.94,-0.0561,-267.92,1,30.0,joystick,+0.000,+0.000,+0.000,+0.000,1100,0,
1785506534.8556,2026-07-31T10:02:14.855,76.659,772,,,,0,,,,-0.0400,7.26,-0.0535,-267.61,1,30.0,joystick,+0.000,+0.000,+0.000,+0.000,1100,0,
1785506534.9551,2026-07-31T10:02:14.955,76.759,773,,,,0,,,,-0.0438,7.41,-0.0573,-267.45,1,30.0,joystick,+0.000,+0.000,+0.000,+0.000,1100,0,
1785506535.0549,2026-07-31T10:02:15.054,76.859,774,,,,0,,,,-0.0428,7.69,-0.0562,-267.18,1,30.0,joystick,+0.000,+0.000,+0.000,+0.000,1100,0,
1785506535.1546,2026-07-31T10:02:15.154,76.958,775,,,,0,,,,-0.0422,7.93,-0.0557,-266.93,1,30.0,joystick,+0.000,+0.000,+0.000,+0.000,1100,0,
1785506535.2533,2026-07-31T10:02:15.253,77.057,776,,,,0,,,,-0.0429,8.05,-0.0564,-266.81,1,30.0,joystick,+0.000,+0.000,+0.000,+0.000,1100,0,
1785506535.3518,2026-07-31T10:02:15.351,77.156,777,,,,0,,,,-0.0407,8.34,-0.0541,-266.53,1,30.0,joystick,+0.000,+0.000,+0.000,+0.000,1100,0,
1785506535.4510,2026-07-31T10:02:15.451,77.255,778,,,,0,,,,-0.0410,8.47,-0.0545,-266.40,1,30.0,joystick,+0.000,+0.000,+0.000,+0.000,1100,0,
1785506535.5505,2026-07-31T10:02:15.550,77.354,779,,,,0,,,,-0.0434,8.69,-0.0568,-266.17,1,30.0,joystick,+0.000,+0.000,+0.000,+0.000,1100,0,
1785506535.6494,2026-07-31T10:02:15.649,77.453,780,,,,0,,,,-0.0395,8.88,-0.0530,-265.99,1,30.0,joystick,+0.000,+0.000,+0.000,+0.000,1100,0,
1785506535.7479,2026-07-31T10:02:15.747,77.552,781,,,,0,,,,-0.0371,8.99,-0.0506,-265.88,1,30.0,joystick,+0.000,+0.000,+0.000,+0.000,1100,0,
1785506535.8476,2026-07-31T10:02:15.847,77.651,782,,,,0,,,,-0.0419,9.28,-0.0554,-265.59,1,30.0,joystick,+0.000,+0.000,+0.000,+0.000,1100,0,
1785506535.9468,2026-07-31T10:02:15.946,77.751,783,,,,0,,,,-0.0433,9.44,-0.0568,-265.43,1,30.0,joystick,+0.000,+0.000,+0.000,+0.000,1100,0,
1785506536.0465,2026-07-31T10:02:16.046,77.850,784,,,,0,,,,-0.0430,9.72,-0.0565,-265.14,1,30.0,joystick,+0.000,+0.000,+0.000,+0.000,1100,0,
1785506536.1477,2026-07-31T10:02:16.147,77.951,785,,,,0,,,,-0.0417,9.95,-0.0552,-264.91,1,30.0,joystick,+0.000,+0.000,+0.000,+0.000,1100,0,
1785506536.2462,2026-07-31T10:02:16.246,78.050,786,,,,0,,,,-0.0397,10.04,-0.0531,-264.82,1,30.0,joystick,+0.000,+0.000,+0.000,+0.000,1100,0,
1785506536.3456,2026-07-31T10:02:16.345,78.149,787,,,,0,,,,-0.0407,10.23,-0.0542,-264.63,1,30.0,joystick,+0.000,+0.000,+0.000,+0.000,1100,0,
1785506536.4444,2026-07-31T10:02:16.444,78.248,788,,,,0,,,,-0.0400,10.34,-0.0535,-264.53,1,30.0,joystick,+0.000,+0.000,+0.000,+0.000,1100,0,
1785506536.5432,2026-07-31T10:02:16.543,78.347,789,,,,0,,,,-0.0408,10.54,-0.0542,-264.32,1,30.0,joystick,+0.000,+0.000,+0.000,+0.000,1100,0,
1785506536.6428,2026-07-31T10:02:16.642,78.446,790,,,,0,,,,-0.0443,10.64,-0.0578,-264.22,1,30.0,joystick,+0.000,+0.000,+0.000,+0.000,1100,0,
1785506536.7414,2026-07-31T10:02:16.741,78.545,791,,,,0,,,,-0.0397,10.86,-0.0532,-264.01,1,30.0,joystick,+0.000,+0.000,+0.000,+0.000,1100,0,
1785506536.8407,2026-07-31T10:02:16.840,78.644,792,,,,0,,,,-0.0405,11.10,-0.0540,-263.77,1,30.0,joystick,+0.000,+0.000,+0.000,+0.000,1100,0,
1785506536.9398,2026-07-31T10:02:16.939,78.743,793,,,,0,,,,-0.0424,11.21,-0.0558,-263.65,1,30.0,joystick,+0.000,+0.000,+0.000,+0.000,1100,0,
1785506537.0384,2026-07-31T10:02:17.038,78.842,794,,,,0,,,,-0.0409,11.41,-0.0544,-263.46,1,30.0,joystick,+0.000,+0.000,+0.000,+0.000,1100,0,
1785506537.1379,2026-07-31T10:02:17.137,78.942,795,,,,0,,,,-0.0397,11.47,-0.0532,-263.39,1,30.0,joystick,+0.000,+0.000,+0.000,+0.000,1100,0,
1785506537.2376,2026-07-31T10:02:17.237,79.041,796,,,,0,,,,-0.0436,11.57,-0.0570,-263.30,1,30.0,joystick,+0.000,+0.000,+0.000,+0.000,1100,0,
1785506537.3369,2026-07-31T10:02:17.336,79.141,797,,,,0,,,,-0.0413,11.64,-0.0547,-263.22,1,30.0,joystick,+0.000,+0.000,+0.000,+0.000,1100,0,
1785506537.4363,2026-07-31T10:02:17.436,79.240,798,,,,0,,,,-0.0465,11.90,-0.0599,-262.97,1,30.0,joystick,+0.000,+0.000,+0.000,+0.000,1100,0,
1785506537.5369,2026-07-31T10:02:17.536,79.341,799,,,,0,,,,-0.0391,12.56,-0.0526,-262.30,1,30.0,joystick,+0.000,+0.000,+0.000,+0.000,1100,0,
1785506537.6366,2026-07-31T10:02:17.636,79.440,800,,,,0,,,,-0.0433,13.31,-0.0568,-261.56,1,30.0,joystick,+0.000,+0.000,+0.000,+0.000,1100,0,
1785506537.7352,2026-07-31T10:02:17.735,79.539,801,,,,0,,,,-0.0382,15.38,-0.0517,-259.49,1,30.0,joystick,+0.000,+0.000,+0.000,+0.000,1100,0,
1785506537.8354,2026-07-31T10:02:17.835,79.639,802,,,,0,,,,-0.0424,17.08,-0.0559,-257.79,1,30.0,joystick,+0.000,+0.000,+0.000,+0.000,1100,0,
1785506537.9355,2026-07-31T10:02:17.935,79.739,803,,,,0,,,,-0.0494,21.98,-0.0628,-252.88,1,30.0,joystick,+0.000,+0.000,+0.000,+0.000,1100,0,
1785506538.0345,2026-07-31T10:02:18.034,79.838,804,,,,0,,,,-0.0426,27.63,-0.0561,-247.24,1,30.0,joystick,+0.000,+0.000,+0.000,+0.000,1100,0,
1785506538.1330,2026-07-31T10:02:18.133,79.937,805,,,,0,,,,-0.0437,30.59,-0.0572,-244.27,1,30.0,joystick,+0.000,+0.000,+0.000,+0.000,1100,0,
1785506538.2324,2026-07-31T10:02:18.232,80.036,806,,,,0,,,,-0.0458,35.93,-0.0592,-238.94,1,30.0,joystick,+0.000,+0.000,+0.000,+0.000,1100,0,
1785506538.3312,2026-07-31T10:02:18.331,80.135,807,,,,0,,,,-0.0447,38.20,-0.0581,-236.66,1,30.0,joystick,+0.000,+0.000,+0.000,+0.000,1100,0,
1785506538.4313,2026-07-31T10:02:18.431,80.235,808,,,,0,,,,-0.0379,42.39,-0.0514,-232.48,1,30.0,joystick,+0.000,+0.000,+0.000,+0.000,1100,0,
1785506538.5310,2026-07-31T10:02:18.531,80.335,809,,,,0,,,,-0.0358,46.14,-0.0492,-228.73,1,30.0,joystick,+0.000,+0.000,+0.000,+0.000,1100,0,
1785506538.6307,2026-07-31T10:02:18.630,80.434,810,,,,0,,,,-0.0334,47.85,-0.0469,-227.01,1,30.0,joystick,+0.000,+0.000,+0.000,+0.000,1100,0,
1785506538.7300,2026-07-31T10:02:18.730,80.534,811,,,,0,,,,-0.0260,50.97,-0.0395,-223.90,1,30.0,joystick,+0.000,+0.000,+0.000,+0.000,1100,0,
1785506538.8294,2026-07-31T10:02:18.829,80.633,812,,,,0,,,,-0.0229,52.55,-0.0364,-222.32,1,30.0,joystick,+0.000,+0.000,+0.000,+0.000,1100,0,
1785506538.9299,2026-07-31T10:02:18.929,80.734,813,,,,0,,,,-0.0220,55.83,-0.0355,-219.04,1,30.0,joystick,+0.000,+0.000,+0.000,+0.000,1100,0,
1785506539.0286,2026-07-31T10:02:19.028,80.832,814,,,,0,,,,-0.0205,59.22,-0.0340,-215.65,1,30.0,joystick,+0.000,+0.000,+0.000,+0.000,1100,0,
1785506539.1281,2026-07-31T10:02:19.128,80.932,815,,,,0,,,,-0.0192,60.91,-0.0327,-213.95,1,30.0,joystick,+0.000,+0.000,+0.000,+0.000,1100,0,
1785506539.2276,2026-07-31T10:02:19.227,81.031,816,,,,0,,,,-0.0155,64.10,-0.0290,-210.77,1,30.0,joystick,+0.000,+0.000,+0.000,+0.000,1100,0,
1785506539.3275,2026-07-31T10:02:19.327,81.131,817,,,,0,,,,-0.0104,65.69,-0.0238,-209.18,1,30.0,joystick,+0.000,+0.000,+0.000,+0.000,1100,0,
1785506539.4271,2026-07-31T10:02:19.427,81.231,818,,,,0,,,,-0.0075,68.71,-0.0210,-206.15,1,30.0,joystick,+0.000,+0.000,+0.000,+0.000,1100,0,
1785506539.5279,2026-07-31T10:02:19.527,81.332,819,,,,0,,,,-0.0084,71.37,-0.0218,-203.50,1,30.0,joystick,+0.000,+0.000,+0.000,+0.000,1100,0,
1785506539.6264,2026-07-31T10:02:19.626,81.430,820,,,,0,,,,-0.0091,72.73,-0.0226,-202.14,1,30.0,joystick,+0.000,+0.000,+0.000,+0.000,1100,0,
1785506539.7259,2026-07-31T10:02:19.725,81.530,821,,,,0,,,,-0.0063,75.70,-0.0198,-199.16,1,30.0,joystick,+0.000,+0.000,+0.000,+0.000,1100,0,
1785506539.8256,2026-07-31T10:02:19.825,81.629,822,,,,0,,,,-0.0059,77.34,-0.0193,-197.53,1,30.0,joystick,+0.000,+0.000,+0.000,+0.000,1100,0,
1785506539.9246,2026-07-31T10:02:19.924,81.728,823,,,,0,,,,0.0016,81.11,-0.0119,-193.76,1,30.0,joystick,+0.000,+0.000,+0.000,+0.000,1100,0,
1785506540.0242,2026-07-31T10:02:20.024,81.828,824,,,,0,,,,-0.0017,85.61,-0.0152,-189.26,1,30.0,joystick,+0.000,+0.000,+0.000,+0.000,1100,0,
1785506540.1236,2026-07-31T10:02:20.123,81.927,825,,,,0,,,,-0.0035,87.95,-0.0170,-186.92,1,30.0,joystick,+0.000,+0.000,+0.000,+0.000,1100,0,
1785506540.2240,2026-07-31T10:02:20.224,82.028,826,,,,0,,,,0.0080,92.40,-0.0055,-182.47,1,30.0,joystick,+0.000,+0.000,+0.000,+0.000,1100,0,
1785506540.3239,2026-07-31T10:02:20.323,82.128,827,,,,0,,,,0.0051,94.52,-0.0084,-180.35,1,30.0,joystick,+0.000,+0.000,+0.000,+0.000,1100,0,
1785506540.4228,2026-07-31T10:02:20.422,82.227,828,,,,0,,,,0.0061,98.77,-0.0074,-176.10,1,30.0,joystick,+0.000,+0.000,+0.000,+0.000,1100,0,
1785506540.5220,2026-07-31T10:02:20.522,82.326,829,,,,0,,,,0.0042,102.84,-0.0092,-172.03,1,30.0,joystick,+0.000,+0.000,+0.000,+0.000,1100,0,
1785506540.6208,2026-07-31T10:02:20.620,82.425,830,,,,0,,,,0.0091,104.61,-0.0043,-170.25,1,30.0,joystick,+0.000,+0.000,+0.000,+0.000,1100,0,
1785506540.7211,2026-07-31T10:02:20.721,82.525,831,,,,0,,,,0.0057,107.58,-0.0078,-167.28,1,30.0,joystick,+0.000,+0.000,+0.000,+0.000,1100,0,
1785506540.8214,2026-07-31T10:02:20.821,82.625,832,,,,0,,,,0.0080,108.86,-0.0054,-166.00,1,30.0,joystick,+0.000,+0.000,+0.000,+0.000,1100,0,
1785506540.9215,2026-07-31T10:02:20.921,82.725,833,,,,0,,,,0.0133,111.26,-0.0002,-163.60,1,30.0,joystick,+0.000,+0.000,+0.000,+0.000,1100,0,
1785506541.0206,2026-07-31T10:02:21.020,82.824,834,,,,0,,,,0.0149,112.36,0.0015,-162.50,1,30.0,joystick,+0.000,+0.000,+0.000,+0.000,1100,0,
1785506541.1194,2026-07-31T10:02:21.119,82.923,835,,,,0,,,,0.0136,114.25,0.0001,-160.62,1,30.0,joystick,+0.000,+0.000,+0.000,+0.000,1100,0,
1785506541.2184,2026-07-31T10:02:21.218,83.022,836,,,,0,,,,0.0103,115.98,-0.0031,-158.89,1,30.0,joystick,+0.000,+0.000,+0.000,+0.000,1100,0,
1785506541.3167,2026-07-31T10:02:21.316,83.120,837,,,,0,,,,0.0117,116.89,-0.0018,-157.98,1,30.0,joystick,+0.000,+0.000,+0.000,+0.000,1100,0,
1785506541.4161,2026-07-31T10:02:21.416,83.220,838,,,,0,,,,0.0197,118.74,0.0063,-156.13,1,30.0,joystick,+0.000,+0.000,+0.000,+0.000,1100,0,
1785506541.5145,2026-07-31T10:02:21.514,83.318,839,,,,0,,,,0.0102,119.75,-0.0032,-155.11,1,30.0,joystick,+0.000,+0.000,+0.000,+0.000,1100,0,
1785506541.6138,2026-07-31T10:02:21.613,83.418,840,,,,0,,,,0.0116,122.23,-0.0019,-152.64,1,30.0,joystick,+0.000,+0.000,+0.000,+0.000,1100,0,
1785506541.7123,2026-07-31T10:02:21.712,83.516,841,,,,0,,,,0.0073,125.35,-0.0062,-149.52,1,30.0,joystick,+0.000,+0.000,+0.000,+0.000,1100,0,
1785506541.8116,2026-07-31T10:02:21.811,83.615,842,,,,0,,,,0.0135,127.00,0.0000,-147.87,1,30.0,joystick,+0.000,+0.000,+0.000,+0.000,1100,0,
1785506541.9113,2026-07-31T10:02:21.911,83.715,843,,,,0,,,,0.0081,130.47,-0.0054,-144.40,1,30.0,joystick,+0.000,+0.000,+0.000,+0.000,1100,0,
1785506542.0106,2026-07-31T10:02:22.010,83.814,844,,,,0,,,,0.0057,132.37,-0.0078,-142.50,1,30.0,joystick,+0.000,+0.000,+0.000,+0.000,1100,0,
1785506542.1109,2026-07-31T10:02:22.110,83.915,845,,,,0,,,,0.0081,136.12,-0.0053,-138.74,1,30.0,joystick,+0.000,+0.000,+0.000,+0.000,1100,0,
1785506542.2095,2026-07-31T10:02:22.209,84.013,846,,,,0,,,,-0.0024,139.43,-0.0159,-135.44,1,30.0,joystick,+0.000,+0.000,+0.000,+0.000,1100,0,
1785506542.3089,2026-07-31T10:02:22.308,84.113,847,,,,0,,,,0.0002,140.94,-0.0133,-133.93,1,30.0,joystick,+0.000,+0.000,+0.000,+0.000,1100,0,
1785506542.4082,2026-07-31T10:02:22.408,84.212,848,,,,0,,,,0.0023,143.48,-0.0112,-131.39,1,30.0,joystick,+0.000,+0.000,+0.000,+0.000,1100,0,
1785506542.5070,2026-07-31T10:02:22.507,84.311,849,,,,0,,,,-0.0015,144.41,-0.0150,-130.46,1,30.0,joystick,+0.000,+0.000,+0.000,+0.000,1100,0,
1785506542.6064,2026-07-31T10:02:22.606,84.410,850,,,,0,,,,0.0011,145.54,-0.0124,-129.32,1,30.0,joystick,+0.000,+0.000,+0.000,+0.000,1100,0,
1785506542.7060,2026-07-31T10:02:22.706,84.510,851,,,,0,,,,0.0009,145.19,-0.0126,-129.68,1,30.0,joystick,+0.000,+0.000,+0.000,+0.000,1100,0,
1785506542.8053,2026-07-31T10:02:22.805,84.609,852,,,,0,,,,0.0020,144.67,-0.0115,-130.19,1,30.0,joystick,+0.000,+0.000,+0.000,+0.000,1100,0,
1785506542.9048,2026-07-31T10:02:22.904,84.709,853,,,,0,,,,0.0026,143.39,-0.0109,-131.47,1,30.0,joystick,+0.000,+0.000,+0.000,+0.000,1100,0,
1785506543.0042,2026-07-31T10:02:23.004,84.808,854,,,,0,,,,0.0024,142.77,-0.0110,-132.09,1,30.0,joystick,+0.000,+0.000,+0.000,+0.000,1100,0,
1785506543.1042,2026-07-31T10:02:23.104,84.908,855,,,,0,,,,-0.0006,141.73,-0.0141,-133.13,1,30.0,joystick,+0.000,+0.000,+0.000,+0.000,1100,0,
1785506543.2026,2026-07-31T10:02:23.202,85.006,856,,,,0,,,,0.0036,141.00,-0.0099,-133.86,1,30.0,joystick,+0.000,+0.000,+0.000,+0.000,1100,0,
1785506543.3016,2026-07-31T10:02:23.301,85.105,857,,,,0,,,,0.0026,140.74,-0.0108,-134.12,1,30.0,joystick,+0.000,+0.000,+0.000,+0.000,1100,0,
1785506543.4014,2026-07-31T10:02:23.401,85.205,858,,,,0,,,,-0.0013,140.35,-0.0147,-134.51,1,30.0,joystick,+0.000,+0.000,+0.000,+0.000,1100,0,
1785506543.5015,2026-07-31T10:02:23.501,85.305,859,,,,0,,,,0.0065,140.36,-0.0070,-134.51,1,30.0,joystick,+0.000,+0.000,+0.000,+0.000,1100,0,
1785506543.6014,2026-07-31T10:02:23.601,85.405,860,,,,0,,,,0.0053,140.40,-0.0082,-134.46,1,30.0,joystick,+0.000,+0.000,+0.000,+0.000,1100,0,
1785506543.7014,2026-07-31T10:02:23.701,85.505,861,,,,0,,,,-0.0017,140.70,-0.0152,-134.17,1,30.0,joystick,+0.000,+0.000,+0.000,+0.000,1100,0,
1785506543.8016,2026-07-31T10:02:23.801,85.605,862,,,,0,,,,0.0011,140.96,-0.0124,-133.91,1,30.0,joystick,+0.000,+0.000,+0.000,+0.000,1100,0,
1785506543.9012,2026-07-31T10:02:23.901,85.705,863,,,,0,,,,0.0002,141.62,-0.0133,-133.25,1,30.0,joystick,+0.000,+0.000,+0.000,+0.000,1100,0,
1785506543.9999,2026-07-31T10:02:23.999,85.804,864,,,,0,,,,-0.0021,142.07,-0.0155,-132.80,1,30.0,joystick,+0.000,+0.000,+0.000,+0.000,1100,0,
1785506544.0987,2026-07-31T10:02:24.098,85.902,865,,,,0,,,,-0.0044,143.25,-0.0179,-131.62,1,30.0,joystick,+0.000,+0.000,+0.000,+0.000,1100,0,
1785506544.1976,2026-07-31T10:02:24.197,86.001,866,,,,0,,,,-0.0081,144.67,-0.0215,-130.20,1,30.0,joystick,+0.000,+0.000,+0.000,+0.000,1100,0,
1785506544.2969,2026-07-31T10:02:24.296,86.101,867,,,,0,,,,-0.0150,145.48,-0.0284,-129.39,1,30.0,joystick,+0.000,+0.000,+0.000,+0.000,1100,0,
1785506544.3971,2026-07-31T10:02:24.397,86.201,868,,,,0,,,,-0.0170,147.28,-0.0305,-127.58,1,30.0,joystick,+0.000,+0.000,+0.000,+0.000,1100,0,
1785506544.4976,2026-07-31T10:02:24.497,86.301,869,,,,0,,,,-0.0184,148.21,-0.0319,-126.65,1,30.0,joystick,+0.000,+0.000,+0.000,+0.000,1100,0,
1785506544.5970,2026-07-31T10:02:24.597,86.401,870,,,,0,,,,-0.0206,149.92,-0.0341,-124.95,1,30.0,joystick,+0.000,+0.000,+0.000,+0.000,1100,0,
1785506544.6955,2026-07-31T10:02:24.695,86.499,871,,,,0,,,,-0.0252,150.69,-0.0387,-124.17,1,30.0,joystick,+0.000,+0.000,+0.000,+0.000,1100,0,
1785506544.7948,2026-07-31T10:02:24.794,86.598,872,,,,0,,,,-0.0244,152.05,-0.0379,-122.81,1,30.0,joystick,+0.000,+0.000,+0.000,+0.000,1100,0,
1785506544.8935,2026-07-31T10:02:24.893,86.697,873,,,,0,,,,-0.0269,153.20,-0.0404,-121.66,1,30.0,joystick,+0.000,+0.000,+0.000,+0.000,1100,0,
1785506544.9934,2026-07-31T10:02:24.993,86.797,874,,,,0,,,,-0.0222,153.70,-0.0357,-121.16,1,30.0,joystick,+0.000,+0.000,+0.000,+0.000,1100,0,
1785506545.0940,2026-07-31T10:02:25.094,86.898,875,,,,0,,,,-0.0210,154.55,-0.0345,-120.31,1,30.0,joystick,+0.000,+0.000,+0.000,+0.000,1100,0,
1785506545.1943,2026-07-31T10:02:25.194,86.998,876,,,,0,,,,-0.0157,154.93,-0.0292,-119.93,1,30.0,joystick,+0.000,+0.000,+0.000,+0.000,1100,0,
1785506545.2934,2026-07-31T10:02:25.293,87.097,877,,,,0,,,,-0.0086,155.45,-0.0220,-119.42,1,30.0,joystick,+0.000,+0.000,+0.000,+0.000,1100,0,
1785506545.3922,2026-07-31T10:02:25.392,87.196,878,,,,0,,,,0.0015,155.71,-0.0120,-119.16,1,30.0,joystick,+0.000,+0.000,+0.000,+0.000,1100,0,
1785506545.4914,2026-07-31T10:02:25.491,87.295,879,,,,0,,,,0.0061,155.81,-0.0074,-119.06,1,30.0,joystick,+0.000,+0.000,+0.000,+0.000,1100,0,
1785506545.5900,2026-07-31T10:02:25.590,87.394,880,,,,0,,,,0.0171,155.99,0.0037,-118.87,1,30.0,joystick,+0.000,+0.000,+0.000,+0.000,1100,0,
1785506545.6893,2026-07-31T10:02:25.689,87.493,881,,,,0,,,,0.0175,156.10,0.0040,-118.76,1,30.0,joystick,+0.000,+0.000,+0.000,+0.000,1100,0,
1785506545.7880,2026-07-31T10:02:25.788,87.592,882,,,,0,,,,0.0243,156.37,0.0109,-118.49,1,30.0,joystick,+0.000,+0.000,+0.000,+0.000,1100,0,
1785506545.8871,2026-07-31T10:02:25.887,87.691,883,,,,0,,,,0.0297,156.71,0.0162,-118.16,1,30.0,joystick,+0.000,+0.000,+0.000,+0.000,1100,0,
1785506545.9859,2026-07-31T10:02:25.985,87.790,884,,,,0,,,,0.0290,156.89,0.0155,-117.98,1,30.0,joystick,+0.000,+0.000,+0.000,+0.000,1100,0,
1785506546.0850,2026-07-31T10:02:26.085,87.889,885,,,,0,,,,0.0232,157.27,0.0097,-117.59,1,30.0,joystick,+0.000,+0.000,+0.000,+0.000,1100,0,
1785506546.1854,2026-07-31T10:02:26.185,87.989,886,,,,0,,,,0.0228,157.50,0.0093,-117.37,1,30.0,joystick,+0.000,+0.000,+0.000,+0.000,1100,0,
1785506546.2828,2026-07-31T10:02:26.282,88.087,887,,,,0,,,,0.0185,158.06,0.0050,-116.80,1,30.0,joystick,+0.000,+0.000,+0.000,+0.000,1100,0,
1785506546.3826,2026-07-31T10:02:26.382,88.186,888,,,,0,,,,0.0129,158.77,-0.0006,-116.10,1,30.0,joystick,+0.000,+0.000,+0.000,+0.000,1100,0,
1785506546.4822,2026-07-31T10:02:26.482,88.286,889,,,,0,,,,0.0125,159.13,-0.0010,-115.73,1,30.0,joystick,+0.000,+0.000,+0.000,+0.000,1100,0,
1785506546.5815,2026-07-31T10:02:26.581,88.385,890,,,,0,,,,0.0004,159.82,-0.0131,-115.04,1,30.0,joystick,+0.000,+0.000,+0.000,+0.000,1100,0,
1785506546.6810,2026-07-31T10:02:26.680,88.485,891,,,,0,,,,0.0026,160.12,-0.0109,-114.74,1,30.0,joystick,+0.000,+0.000,+0.000,+0.000,1100,0,
1785506546.7815,2026-07-31T10:02:26.781,88.585,892,,,,0,,,,-0.0047,160.64,-0.0182,-114.23,1,30.0,joystick,+0.000,+0.000,+0.000,+0.000,1100,0,
1785506546.8799,2026-07-31T10:02:26.879,88.684,893,,,,0,,,,-0.0028,161.03,-0.0163,-113.83,1,30.0,joystick,+0.000,+0.000,+0.000,+0.000,1100,0,
1785506546.9786,2026-07-31T10:02:26.978,88.782,894,,,,0,,,,-0.0067,161.21,-0.0202,-113.65,1,30.0,joystick,+0.000,+0.000,+0.000,+0.000,1100,0,
1785506547.0792,2026-07-31T10:02:27.079,88.883,895,,,,0,,,,-0.0051,161.53,-0.0186,-113.34,1,30.0,joystick,+0.000,+0.000,+0.000,+0.000,1100,0,
1785506547.1785,2026-07-31T10:02:27.178,88.982,896,,,,0,,,,-0.0022,161.67,-0.0157,-113.20,1,30.0,joystick,+0.000,+0.000,+0.000,+0.000,1100,0,
1785506547.2778,2026-07-31T10:02:27.277,89.081,897,,,,0,,,,-0.0056,161.87,-0.0191,-113.00,1,30.0,joystick,+0.000,+0.000,+0.000,+0.000,1100,0,
1785506547.3776,2026-07-31T10:02:27.377,89.181,898,,,,0,,,,-0.0058,161.91,-0.0193,-112.96,1,30.0,joystick,+0.000,+0.000,+0.000,+0.000,1100,0,
1785506547.4782,2026-07-31T10:02:27.478,89.282,899,,,,0,,,,-0.0013,161.87,-0.0148,-113.00,1,30.0,joystick,+0.000,+0.000,+0.000,+0.000,1100,0,
1785506547.5787,2026-07-31T10:02:27.578,89.382,900,,,,0,,,,0.0034,161.68,-0.0100,-113.19,1,30.0,joystick,+0.000,+0.000,+0.000,+0.000,1100,0,
1785506547.6791,2026-07-31T10:02:27.679,89.483,901,,,,0,,,,0.0028,161.55,-0.0106,-113.31,1,30.0,joystick,+0.000,+0.000,+0.000,+0.000,1100,0,
1785506547.7781,2026-07-31T10:02:27.778,89.582,902,,,,0,,,,0.0105,161.26,-0.0030,-113.61,1,30.0,joystick,+0.000,+0.000,+0.000,+0.000,1100,0,
1785506547.8776,2026-07-31T10:02:27.877,89.681,903,,,,0,,,,0.0117,160.95,-0.0018,-113.91,1,30.0,joystick,+0.000,+0.000,+0.000,+0.000,1100,0,
1785506547.9770,2026-07-31T10:02:27.977,89.781,904,,,,0,,,,0.0159,160.81,0.0025,-114.06,1,30.0,joystick,+0.000,+0.000,+0.000,+0.000,1100,0,
1785506548.0770,2026-07-31T10:02:28.076,89.881,905,,,,0,,,,0.0198,160.51,0.0063,-114.36,1,30.0,joystick,+0.000,+0.000,+0.000,+0.000,1100,0,
1785506548.1771,2026-07-31T10:02:28.177,89.981,906,,,,0,,,,0.0241,160.36,0.0106,-114.51,1,30.0,joystick,+0.000,+0.000,+0.000,+0.000,1100,0,
1785506548.2757,2026-07-31T10:02:28.275,90.079,907,,,,0,,,,0.0208,160.04,0.0073,-114.82,1,30.0,joystick,+0.000,+0.000,+0.000,+0.000,1100,0,
1785506548.3763,2026-07-31T10:02:28.376,90.180,908,,,,0,,,,0.0195,159.89,0.0060,-114.98,1,30.0,joystick,+0.000,+0.000,+0.000,+0.000,1100,0,
1785506548.4748,2026-07-31T10:02:28.474,90.279,909,,,,0,,,,0.0256,159.62,0.0121,-115.25,1,30.0,joystick,+0.000,+0.000,+0.000,+0.000,1100,0,
1785506548.5745,2026-07-31T10:02:28.574,90.378,910,,,,0,,,,0.0192,159.43,0.0057,-115.44,1,30.0,joystick,+0.000,+0.000,+0.000,+0.000,1100,0,
1785506548.6729,2026-07-31T10:02:28.672,90.477,911,,,,0,,,,0.0186,159.36,0.0052,-115.50,1,30.0,joystick,+0.000,+0.000,+0.000,+0.000,1100,0,
1785506548.7725,2026-07-31T10:02:28.772,90.576,912,,,,0,,,,0.0176,159.28,0.0041,-115.58,1,30.0,joystick,+0.000,+0.000,+0.000,+0.000,1100,0,
1785506548.8714,2026-07-31T10:02:28.871,90.675,913,,,,0,,,,0.0127,159.25,-0.0007,-115.62,1,30.0,joystick,+0.000,+0.000,+0.000,+0.000,1100,0,
1785506548.9706,2026-07-31T10:02:28.970,90.774,914,,,,0,,,,0.0122,159.15,-0.0013,-115.72,1,30.0,joystick,+0.000,+0.000,+0.000,+0.000,1100,0,
1785506549.0697,2026-07-31T10:02:29.069,90.873,915,,,,0,,,,0.0006,159.02,-0.0129,-115.85,1,30.0,joystick,+0.000,+0.000,+0.000,+0.000,1100,0,
1785506549.1689,2026-07-31T10:02:29.168,90.973,916,,,,0,,,,0.0007,158.94,-0.0127,-115.92,1,30.0,joystick,+0.000,+0.000,+0.000,+0.000,1100,0,
1785506549.2682,2026-07-31T10:02:29.268,91.072,917,,,,0,,,,-0.0054,158.79,-0.0189,-116.07,1,30.0,joystick,+0.000,+0.000,+0.000,+0.000,1100,0,
1785506549.3684,2026-07-31T10:02:29.368,91.172,918,,,,0,,,,-0.0040,158.88,-0.0175,-115.99,1,30.0,joystick,+0.000,+0.000,+0.000,+0.000,1100,0,
1785506549.4677,2026-07-31T10:02:29.467,91.271,919,,,,0,,,,-0.0084,159.22,-0.0219,-115.64,1,30.0,joystick,+0.000,+0.000,+0.000,+0.000,1100,0,
1785506549.5660,2026-07-31T10:02:29.565,91.370,920,,,,0,,,,-0.0112,159.53,-0.0247,-115.34,1,30.0,joystick,+0.000,+0.000,+0.000,+0.000,1100,0,
1785506549.6650,2026-07-31T10:02:29.665,91.469,921,,,,0,,,,-0.0162,159.64,-0.0297,-115.22,1,30.0,joystick,+0.000,+0.000,+0.000,+0.000,1100,0,
1785506549.7653,2026-07-31T10:02:29.765,91.569,922,,,,0,,,,-0.0152,159.80,-0.0287,-115.07,1,30.0,joystick,+0.000,+0.000,+0.000,+0.000,1100,0,
1785506549.8641,2026-07-31T10:02:29.864,91.668,923,,,,0,,,,-0.0159,159.82,-0.0293,-115.05,1,30.0,joystick,+0.000,+0.000,+0.000,+0.000,1100,0,
1785506549.9638,2026-07-31T10:02:29.963,91.767,924,,,,0,,,,-0.0183,159.77,-0.0318,-115.10,1,30.0,joystick,+0.000,+0.000,+0.000,+0.000,1100,0,
1785506550.0626,2026-07-31T10:02:30.062,91.866,925,,,,0,,,,-0.0184,159.64,-0.0318,-115.22,1,30.0,joystick,+0.000,+0.000,+0.000,+0.000,1100,0,
1785506550.1616,2026-07-31T10:02:30.161,91.965,926,,,,0,,,,-0.0167,159.58,-0.0302,-115.29,1,30.0,joystick,+0.000,+0.000,+0.000,+0.000,1100,0,
1785506550.2603,2026-07-31T10:02:30.260,92.064,927,,,,0,,,,-0.0193,159.44,-0.0327,-115.42,1,30.0,joystick,+0.000,+0.000,+0.000,+0.000,1100,0,
1785506550.3597,2026-07-31T10:02:30.359,92.163,928,,,,0,,,,-0.0227,159.37,-0.0361,-115.49,1,30.0,joystick,+0.000,+0.000,+0.000,+0.000,1100,0,
1785506550.4582,2026-07-31T10:02:30.458,92.262,929,,,,0,,,,-0.0178,159.19,-0.0313,-115.68,1,30.0,joystick,+0.000,+0.000,+0.000,+0.000,1100,0,
1785506550.5573,2026-07-31T10:02:30.557,92.361,930,,,,0,,,,-0.0191,158.92,-0.0326,-115.95,1,30.0,joystick,+0.000,+0.000,+0.000,+0.000,1100,0,
1785506550.6586,2026-07-31T10:02:30.658,92.462,931,,,,0,,,,-0.0173,158.75,-0.0307,-116.12,1,30.0,joystick,+0.000,+0.000,+0.000,+0.000,1100,0,
1785506550.7570,2026-07-31T10:02:30.757,92.561,932,,,,0,,,,-0.0218,158.44,-0.0353,-116.43,1,30.0,joystick,+0.000,+0.000,+0.000,+0.000,1100,0,
1785506550.8563,2026-07-31T10:02:30.856,92.660,933,,,,0,,,,-0.0201,158.30,-0.0335,-116.57,1,30.0,joystick,+0.000,+0.000,+0.000,+0.000,1100,0,
1785506550.9557,2026-07-31T10:02:30.955,92.759,934,,,,0,,,,-0.0202,158.08,-0.0337,-116.79,1,30.0,joystick,+0.000,+0.000,+0.000,+0.000,1100,0,
1785506551.0540,2026-07-31T10:02:31.054,92.858,935,,,,0,,,,-0.0258,157.97,-0.0393,-116.90,1,30.0,joystick,+0.000,+0.000,+0.000,+0.000,1100,0,
1785506551.1531,2026-07-31T10:02:31.153,92.957,936,,,,0,,,,-0.0275,157.73,-0.0410,-117.14,1,30.0,joystick,+0.000,+0.000,+0.000,+0.000,1100,0,
1785506551.2525,2026-07-31T10:02:31.252,93.056,937,,,,0,,,,-0.0302,157.53,-0.0437,-117.34,1,30.0,joystick,+0.000,+0.000,+0.000,+0.000,1100,0,
1785506551.3508,2026-07-31T10:02:31.350,93.155,938,,,,0,,,,-0.0342,157.49,-0.0477,-117.37,1,30.0,joystick,+0.000,+0.000,+0.000,+0.000,1100,0,
1785506551.4503,2026-07-31T10:02:31.450,93.254,939,,,,0,,,,-0.0377,157.41,-0.0512,-117.45,1,30.0,joystick,+0.000,+0.000,+0.000,+0.000,1100,0,
1785506551.5504,2026-07-31T10:02:31.550,93.354,940,,,,0,,,,-0.0391,157.34,-0.0525,-117.53,1,30.0,joystick,+0.000,+0.000,+0.000,+0.000,1100,0,
1785506551.6493,2026-07-31T10:02:31.649,93.453,941,,,,0,,,,-0.0376,157.09,-0.0511,-117.77,1,30.0,joystick,+0.000,+0.000,+0.000,+0.000,1100,0,
1785506551.7479,2026-07-31T10:02:31.747,93.552,942,,,,0,,,,-0.0433,156.77,-0.0568,-118.10,1,30.0,joystick,+0.000,+0.000,+0.000,+0.000,1100,0,
1785506551.8473,2026-07-31T10:02:31.847,93.651,943,,,,0,,,,-0.0417,156.59,-0.0552,-118.27,1,30.0,joystick,+0.000,+0.000,+0.000,+0.000,1100,0,
1785506551.9467,2026-07-31T10:02:31.946,93.750,944,,,,0,,,,-0.0433,156.20,-0.0568,-118.66,1,30.0,joystick,+0.000,+0.000,+0.000,+0.000,1100,0,
1785506552.0473,2026-07-31T10:02:32.047,93.851,945,,,,0,,,,-0.0454,155.98,-0.0589,-118.89,1,30.0,idle,+0.000,+0.000,+0.000,+0.000,1100,0,
1785506552.1468,2026-07-31T10:02:32.146,93.951,946,,,,0,,,,-0.0472,155.19,-0.0607,-119.68,1,30.0,idle,+0.000,+0.000,+0.000,+0.000,1100,0,
1785506552.2457,2026-07-31T10:02:32.245,94.049,947,,,,0,,,,-0.0507,154.60,-0.0642,-120.27,1,30.0,idle,+0.000,+0.000,+0.000,+0.000,1100,0,
1785506552.3448,2026-07-31T10:02:32.344,94.149,948,,,,0,,,,-0.0511,153.21,-0.0646,-121.66,1,30.0,idle,+0.000,+0.000,+0.000,+0.000,1100,0,
1785506552.4439,2026-07-31T10:02:32.443,94.248,949,,,,0,,,,-0.0443,151.69,-0.0578,-123.18,1,30.0,idle,+0.000,+0.000,+0.000,+0.000,1100,0,
1785506552.5423,2026-07-31T10:02:32.542,94.346,950,,,,0,,,,-0.0441,150.88,-0.0576,-123.98,1,30.0,idle,+0.000,+0.000,+0.000,+0.000,1100,0,
1785506552.6412,2026-07-31T10:02:32.641,94.445,951,,,,0,,,,-0.0477,149.18,-0.0612,-125.68,1,30.0,idle,+0.000,+0.000,+0.000,+0.000,1100,0,
1785506552.7413,2026-07-31T10:02:32.741,94.545,952,,,,0,,,,-0.0453,148.37,-0.0588,-126.50,1,30.0,idle,+0.000,+0.000,+0.000,+0.000,1100,0,
1785506552.8407,2026-07-31T10:02:32.840,94.644,953,,,,0,,,,-0.0468,146.88,-0.0603,-127.98,1,30.0,idle,+0.000,+0.000,+0.000,+0.000,1100,0,
1785506552.9397,2026-07-31T10:02:32.939,94.743,954,,,,0,,,,-0.0426,145.53,-0.0561,-129.33,1,30.0,idle,+0.000,+0.000,+0.000,+0.000,1100,0,
1785506553.0394,2026-07-31T10:02:33.039,94.843,955,,,,0,,,,-0.0405,144.88,-0.0540,-129.98,1,30.0,idle,+0.000,+0.000,+0.000,+0.000,1100,0,
1785506553.1386,2026-07-31T10:02:33.138,94.942,956,,,,0,,,,-0.0406,143.64,-0.0541,-131.23,1,30.0,idle,+0.000,+0.000,+0.000,+0.000,1100,0,
1785506553.2377,2026-07-31T10:02:33.237,95.041,957,,,,0,,,,-0.0348,143.07,-0.0483,-131.80,1,30.0,idle,+0.000,+0.000,+0.000,+0.000,1100,0,
1785506553.3362,2026-07-31T10:02:33.336,95.140,958,,,,0,,,,-0.0413,142.01,-0.0548,-132.85,1,30.0,idle,+0.000,+0.000,+0.000,+0.000,1100,0,
1785506553.4353,2026-07-31T10:02:33.435,95.239,959,,,,0,,,,-0.0386,141.00,-0.0521,-133.87,1,30.0,idle,+0.000,+0.000,+0.000,+0.000,1100,0,
1785506553.5349,2026-07-31T10:02:33.534,95.339,960,,,,0,,,,-0.0346,140.49,-0.0481,-134.38,1,30.0,idle,+0.000,+0.000,+0.000,+0.000,1100,0,
1785506553.6334,2026-07-31T10:02:33.633,95.437,961,,,,0,,,,-0.0421,139.44,-0.0556,-135.43,1,30.0,idle,+0.000,+0.000,+0.000,+0.000,1100,0,
1785506553.7327,2026-07-31T10:02:33.732,95.536,962,,,,0,,,,-0.0415,138.92,-0.0550,-135.95,1,30.0,idle,+0.000,+0.000,+0.000,+0.000,1100,0,
1785506553.8328,2026-07-31T10:02:33.832,95.637,963,,,,0,,,,-0.0379,137.91,-0.0514,-136.95,1,30.0,idle,+0.000,+0.000,+0.000,+0.000,1100,0,
1785506553.9315,2026-07-31T10:02:33.931,95.735,964,,,,0,,,,-0.0371,137.00,-0.0506,-137.87,1,30.0,idle,+0.000,+0.000,+0.000,+0.000,1100,0,
1785506554.0305,2026-07-31T10:02:34.030,95.834,965,,,,0,,,,-0.0383,136.56,-0.0518,-138.31,1,30.0,idle,+0.000,+0.000,+0.000,+0.000,1100,0,
1785506554.1295,2026-07-31T10:02:34.129,95.933,966,,,,0,,,,-0.0380,135.68,-0.0514,-139.19,1,30.0,idle,+0.000,+0.000,+0.000,+0.000,1100,0,
1785506554.2287,2026-07-31T10:02:34.228,96.032,967,,,,0,,,,-0.0406,135.26,-0.0540,-139.61,1,30.0,idle,+0.000,+0.000,+0.000,+0.000,1100,0,
1785506554.3276,2026-07-31T10:02:34.327,96.131,968,,,,0,,,,-0.0380,134.49,-0.0515,-140.38,1,30.0,idle,+0.000,+0.000,+0.000,+0.000,1100,0,
1785506554.4281,2026-07-31T10:02:34.428,96.232,969,,,,0,,,,-0.0375,133.78,-0.0510,-141.09,1,30.0,idle,+0.000,+0.000,+0.000,+0.000,1100,0,
1785506554.5274,2026-07-31T10:02:34.527,96.331,970,,,,0,,,,-0.0347,133.43,-0.0482,-141.44,1,30.0,idle,+0.000,+0.000,+0.000,+0.000,1100,0,
1785506554.6274,2026-07-31T10:02:34.627,96.431,971,,,,0,,,,-0.0362,132.71,-0.0497,-142.16,1,30.0,idle,+0.000,+0.000,+0.000,+0.000,1100,0,
1785506554.7270,2026-07-31T10:02:34.726,96.531,972,,,,0,,,,-0.0370,132.35,-0.0505,-142.51,1,30.0,idle,+0.000,+0.000,+0.000,+0.000,1100,0,
1785506554.8270,2026-07-31T10:02:34.827,96.631,973,,,,0,,,,-0.0370,131.71,-0.0505,-143.15,1,30.0,idle,+0.000,+0.000,+0.000,+0.000,1100,0,
1785506554.9265,2026-07-31T10:02:34.926,96.730,974,,,,0,,,,-0.0352,131.14,-0.0486,-143.72,1,30.0,idle,+0.000,+0.000,+0.000,+0.000,1100,0,
1785506555.0268,2026-07-31T10:02:35.026,96.830,975,,,,0,,,,-0.0398,130.87,-0.0533,-144.00,1,30.0,idle,+0.000,+0.000,+0.000,+0.000,1100,0,
1785506555.1255,2026-07-31T10:02:35.125,96.929,976,,,,0,,,,-0.0393,130.29,-0.0528,-144.57,1,30.0,idle,+0.000,+0.000,+0.000,+0.000,1100,0,
1785506555.2250,2026-07-31T10:02:35.225,97.029,977,,,,0,,,,-0.0388,130.00,-0.0523,-144.86,1,30.0,idle,+0.000,+0.000,+0.000,+0.000,1100,0,
1785506555.3250,2026-07-31T10:02:35.325,97.129,978,,,,0,,,,-0.0369,129.64,-0.0504,-145.23,1,30.0,idle,+0.000,+0.000,+0.000,+0.000,1100,0,
1785506555.4235,2026-07-31T10:02:35.423,97.227,979,,,,0,,,,-0.0430,129.71,-0.0565,-145.15,1,30.0,idle,+0.000,+0.000,+0.000,+0.000,1100,0,
1785506555.5227,2026-07-31T10:02:35.522,97.326,980,,,,0,,,,-0.0422,129.92,-0.0557,-144.94,1,30.0,idle,+0.000,+0.000,+0.000,+0.000,1100,0,
1785506555.6217,2026-07-31T10:02:35.621,97.425,981,,,,0,,,,-0.0392,130.53,-0.0527,-144.34,1,30.0,idle,+0.000,+0.000,+0.000,+0.000,1100,0,
1785506555.7216,2026-07-31T10:02:35.721,97.525,982,,,,0,,,,-0.0431,130.86,-0.0565,-144.01,1,30.0,idle,+0.000,+0.000,+0.000,+0.000,1100,0,
1785506555.8210,2026-07-31T10:02:35.821,97.625,983,,,,0,,,,-0.0389,131.57,-0.0524,-143.29,1,30.0,idle,+0.000,+0.000,+0.000,+0.000,1100,0,
1785506555.9199,2026-07-31T10:02:35.919,97.724,984,,,,0,,,,-0.0426,131.89,-0.0561,-142.97,1,30.0,idle,+0.000,+0.000,+0.000,+0.000,1100,0,
1785506556.0191,2026-07-31T10:02:36.019,97.823,985,,,,0,,,,-0.0430,132.48,-0.0565,-142.39,1,30.0,idle,+0.000,+0.000,+0.000,+0.000,1100,0,
1785506556.1181,2026-07-31T10:02:36.118,97.922,986,,,,0,,,,-0.0406,132.97,-0.0540,-141.89,1,30.0,idle,+0.000,+0.000,+0.000,+0.000,1100,0,
1785506556.2168,2026-07-31T10:02:36.216,98.020,987,,,,0,,,,-0.0401,133.22,-0.0536,-141.65,1,30.0,idle,+0.000,+0.000,+0.000,+0.000,1100,0,
1785506556.3154,2026-07-31T10:02:36.315,98.119,988,,,,0,,,,-0.0403,133.68,-0.0538,-141.19,1,30.0,idle,+0.000,+0.000,+0.000,+0.000,1100,0,
1785506556.4150,2026-07-31T10:02:36.415,98.219,989,,,,0,,,,-0.0445,133.90,-0.0580,-140.97,1,30.0,idle,+0.000,+0.000,+0.000,+0.000,1100,0,
1785506556.5143,2026-07-31T10:02:36.514,98.318,990,,,,0,,,,-0.0398,134.28,-0.0533,-140.59,1,30.0,idle,+0.000,+0.000,+0.000,+0.000,1100,0,
1785506556.6133,2026-07-31T10:02:36.613,98.417,991,,,,0,,,,-0.0438,134.42,-0.0573,-140.44,1,30.0,idle,+0.000,+0.000,+0.000,+0.000,1100,0,
1785506556.7125,2026-07-31T10:02:36.712,98.516,992,,,,0,,,,-0.0443,134.67,-0.0578,-140.20,1,30.0,idle,+0.000,+0.000,+0.000,+0.000,1100,0,
1785506556.8123,2026-07-31T10:02:36.812,98.616,993,,,,0,,,,-0.0396,134.90,-0.0531,-139.96,1,30.0,idle,+0.000,+0.000,+0.000,+0.000,1100,0,
1785506556.9117,2026-07-31T10:02:36.911,98.715,994,,,,0,,,,-0.0453,135.01,-0.0588,-139.85,1,30.0,idle,+0.000,+0.000,+0.000,+0.000,1100,0,
1785506557.0109,2026-07-31T10:02:37.010,98.815,995,,,,0,,,,-0.0407,135.20,-0.0542,-139.67,1,30.0,idle,+0.000,+0.000,+0.000,+0.000,1100,0,
1785506557.1107,2026-07-31T10:02:37.110,98.914,996,,,,0,,,,-0.0427,135.28,-0.0562,-139.59,1,30.0,idle,+0.000,+0.000,+0.000,+0.000,1100,0,
1785506557.2095,2026-07-31T10:02:37.209,99.013,997,,,,0,,,,-0.0385,135.41,-0.0520,-139.46,1,30.0,idle,+0.000,+0.000,+0.000,+0.000,1100,0,
1785506557.3102,2026-07-31T10:02:37.310,99.114,998,,,,0,,,,-0.0378,135.53,-0.0513,-139.33,1,30.0,idle,+0.000,+0.000,+0.000,+0.000,1100,0,
1785506557.4091,2026-07-31T10:02:37.409,99.213,999,,,,0,,,,-0.0401,135.60,-0.0536,-139.27,1,30.0,hold:D,+0.000,+0.000,-1.000,+0.000,1100,0,
1785506557.5075,2026-07-31T10:02:37.507,99.311,1000,,,,0,,,,-0.0390,135.72,-0.0525,-139.15,1,30.0,hold:D,+0.000,+0.000,-1.000,+0.000,1100,0,
1785506557.6067,2026-07-31T10:02:37.606,99.410,1001,,,,0,,,,-0.0402,135.73,-0.0537,-139.14,1,30.0,hold:D,+0.000,+0.000,-1.000,+0.000,1100,0,
1785506557.7054,2026-07-31T10:02:37.705,99.509,1002,,,,0,,,,-0.0399,135.90,-0.0533,-138.96,1,30.0,hold:D,+0.000,+0.000,-1.000,+0.000,1100,0,
1785506557.8060,2026-07-31T10:02:37.806,99.610,1003,,,,0,,,,-0.0358,135.94,-0.0493,-138.92,1,30.0,hold:D,+0.000,+0.000,-1.000,+0.000,1100,0,
1785506557.9045,2026-07-31T10:02:37.904,99.708,1004,,,,0,,,,-0.0253,135.91,-0.0388,-138.95,1,30.0,hold:D,+0.000,+0.000,-1.000,+0.000,1100,0,
1785506558.0040,2026-07-31T10:02:38.004,99.808,1005,,,,0,,,,-0.0123,135.78,-0.0258,-139.09,1,30.0,hold:D,+0.000,+0.000,-1.000,+0.000,1100,0,
1785506558.1036,2026-07-31T10:02:38.103,99.907,1006,,,,0,,,,0.0013,135.69,-0.0122,-139.18,1,30.0,hold:D,+0.000,+0.000,-1.000,+0.000,1100,0,
1785506558.2033,2026-07-31T10:02:38.203,100.007,1007,,,,0,,,,0.0171,135.56,0.0036,-139.31,1,30.0,hold:D,+0.000,+0.000,-1.000,+0.000,1100,0,
1785506558.3020,2026-07-31T10:02:38.302,100.106,1008,,,,0,,,,0.0334,135.40,0.0199,-139.47,1,30.0,hold:D,+0.000,+0.000,-1.000,+0.000,1100,0,
1785506558.4014,2026-07-31T10:02:38.401,100.205,1009,,,,0,,,,0.0506,135.31,0.0372,-139.55,1,30.0,hold:D,+0.000,+0.000,-1.000,+0.000,1100,0,
1785506558.5018,2026-07-31T10:02:38.501,100.305,1010,,,,0,,,,0.0713,135.13,0.0578,-139.74,1,30.0,hold:D,+0.000,+0.000,-1.000,+0.000,1100,0,
1785506558.6008,2026-07-31T10:02:38.600,100.405,1011,,,,0,,,,0.0831,135.03,0.0697,-139.83,1,30.0,hold:D,+0.000,+0.000,-1.000,+0.000,1100,0,
1785506558.7003,2026-07-31T10:02:38.700,100.504,1012,,,,0,,,,0.1031,134.82,0.0897,-140.04,1,30.0,hold:D,+0.000,+0.000,-1.000,+0.000,1100,0,
1785506558.7999,2026-07-31T10:02:38.799,100.604,1013,,,,0,,,,0.1319,134.67,0.1184,-140.20,1,30.0,hold:D,+0.000,+0.000,-1.000,+0.000,1100,0,
1785506558.8993,2026-07-31T10:02:38.899,100.703,1014,,,,0,,,,0.1432,134.59,0.1297,-140.27,1,30.0,hold:D,+0.000,+0.000,-1.000,+0.000,1100,0,
1785506558.9986,2026-07-31T10:02:38.998,100.802,1015,,,,0,,,,0.1672,134.42,0.1537,-140.44,1,30.0,hold:DY,+0.000,+0.000,-1.000,+1.000,1100,0,
1785506559.0977,2026-07-31T10:02:39.097,100.901,1016,,,,0,,,,0.1850,134.33,0.1715,-140.54,1,30.0,hold:DY,+0.000,+0.000,-1.000,+1.000,1100,0,
1785506559.1969,2026-07-31T10:02:39.196,101.001,1017,,,,0,,,,0.2124,134.09,0.1990,-140.77,1,30.0,hold:DY,+0.000,+0.000,-1.000,+1.000,1100,0,
1785506559.2965,2026-07-31T10:02:39.296,101.100,1018,,,,0,,,,0.2411,131.30,0.2276,-143.56,1,30.0,hold:DY,+0.000,+0.000,-1.000,+1.000,1100,0,
1785506559.3969,2026-07-31T10:02:39.396,101.201,1019,,,,0,,,,0.2637,127.49,0.2502,-147.38,1,30.0,hold:DY,+0.000,+0.000,-1.000,+1.000,1100,0,
1785506559.4969,2026-07-31T10:02:39.496,101.301,1020,,,,0,,,,0.2890,117.90,0.2755,-156.97,1,30.0,hold:DY,+0.000,+0.000,-1.000,+1.000,1100,0,
1785506559.5974,2026-07-31T10:02:39.597,101.401,1021,,,,0,,,,0.3068,112.75,0.2933,-162.12,1,30.0,hold:DY,+0.000,+0.000,-1.000,+1.000,1100,0,
1785506559.6973,2026-07-31T10:02:39.697,101.501,1022,,,,0,,,,0.3426,102.18,0.3291,-172.68,1,30.0,hold:DY,+0.000,+0.000,-1.000,+1.000,1100,0,
1785506559.7965,2026-07-31T10:02:39.796,101.600,1023,,,,0,,,,0.3585,96.93,0.3450,-177.94,1,30.0,hold:DY,+0.000,+0.000,-1.000,+1.000,1100,0,
1785506559.8975,2026-07-31T10:02:39.897,101.701,1024,,,,0,,,,0.3938,86.34,0.3803,-188.52,1,30.0,hold:DY,+0.000,+0.000,-1.000,+1.000,1100,0,
1785506559.9967,2026-07-31T10:02:39.996,101.800,1025,,,,0,,,,0.4281,75.68,0.4147,-199.19,1,30.0,hold:DY,+0.000,+0.000,-1.000,+1.000,1100,0,
1785506560.0957,2026-07-31T10:02:40.095,101.899,1026,,,,0,,,,0.4495,70.30,0.4360,-204.56,1,30.0,hold:DY,+0.000,+0.000,-1.000,+1.000,1100,0,
1785506560.1960,2026-07-31T10:02:40.196,102.000,1027,,,,0,,,,0.4861,59.40,0.4726,-215.46,1,30.0,hold:DY,+0.000,+0.000,-1.000,+1.000,1100,0,
1785506560.2955,2026-07-31T10:02:40.295,102.099,1028,,,,0,,,,0.5015,53.83,0.4880,-221.04,1,30.0,hold:DY,+0.000,+0.000,-1.000,+1.000,1100,0,
1785506560.3965,2026-07-31T10:02:40.396,102.200,1029,,,,0,,,,0.5420,42.51,0.5285,-232.35,1,30.0,hold:DY,+0.000,+0.000,-1.000,+1.000,1100,0,
1785506560.4972,2026-07-31T10:02:40.497,102.301,1030,,,,0,,,,0.5792,31.06,0.5658,-243.81,1,30.0,hold:DY,+0.000,+0.000,-1.000,+0.962,1100,0,
1785506560.5958,2026-07-31T10:02:40.595,102.400,1031,,,,0,,,,0.5932,25.44,0.5798,-249.43,1,30.0,hold:DY,+0.000,+0.000,-1.000,+0.758,1100,0,
1785506560.6951,2026-07-31T10:02:40.695,102.499,1032,,,,0,,,,0.6266,15.54,0.6131,-259.32,1,30.0,hold:DY,+0.000,+0.000,-1.000,+0.664,1100,0,
1785506560.7945,2026-07-31T10:02:40.794,102.598,1033,,,,0,,,,0.6590,8.08,0.6456,-266.79,1,30.0,hold:DY,+0.000,+0.000,-1.000,+0.507,1100,0,
1785506560.8939,2026-07-31T10:02:40.893,102.698,1034,,,,0,,,,0.6779,5.01,0.6644,-269.85,1,30.0,hold:DY,+0.000,+0.000,-1.000,+0.390,1100,0,
1785506560.9936,2026-07-31T10:02:40.993,102.797,1035,,,,0,,,,0.7106,0.42,0.6972,-274.45,1,30.0,hold:DY,+0.000,+0.000,-1.000,+0.345,1100,0,
1785506561.0932,2026-07-31T10:02:41.093,102.897,1036,,,,0,,,,0.7305,-1.37,0.7171,-276.24,1,30.0,hold:DY,+0.000,+0.000,-1.000,+0.000,1100,0,
1785506561.1925,2026-07-31T10:02:41.192,102.996,1037,,,,0,,,,0.7710,-3.92,0.7575,-278.79,1,30.0,hold:DY,+0.000,+0.000,-1.000,-0.051,1100,0,
1785506561.2922,2026-07-31T10:02:41.292,103.096,1038,,,,0,,,,0.8085,-5.60,0.7950,-280.47,1,30.0,hold:DY,+0.000,+0.000,-0.929,-0.090,1100,0,
1785506561.3907,2026-07-31T10:02:41.390,103.194,1039,,,,0,,,,0.8280,-6.22,0.8145,-281.08,1,30.0,hold:DY,+0.000,+0.000,-0.883,-0.105,1100,0,
1785506561.4915,2026-07-31T10:02:41.491,103.295,1040,,,,0,,,,0.8666,-7.15,0.8532,-282.01,1,30.0,hold:DY,+0.000,+0.000,-0.808,-0.128,1100,0,
1785506561.5898,2026-07-31T10:02:41.589,103.393,1041,,,,0,,,,0.8833,-7.48,0.8698,-282.35,1,30.0,hold:DY,+0.000,+0.000,-0.733,-0.145,1100,0,
1785506561.6893,2026-07-31T10:02:41.689,103.493,1042,,,,0,,,,0.9226,-7.92,0.9091,-282.78,1,30.0,hold:DY,+0.000,+0.000,-0.694,-0.152,1100,0,
1785506561.7887,2026-07-31T10:02:41.788,103.592,1043,,,,0,,,,0.9420,-8.03,0.9285,-282.89,1,30.0,hold:DY,+0.000,+0.000,-0.616,-0.161,1100,0,
1785506561.8886,2026-07-31T10:02:41.888,103.692,1044,,,,0,,,,0.9795,-8.08,0.9660,-282.94,1,30.0,hold:DY,+0.000,+0.000,-0.541,-0.165,1100,0,
1785506561.9882,2026-07-31T10:02:41.988,103.792,1045,,,,0,,,,1.0044,-7.86,0.9909,-282.72,1,30.0,hold:DY,+0.000,+0.000,-0.519,-0.167,1100,0,
1785506562.0876,2026-07-31T10:02:42.087,103.891,1046,,,,0,,,,1.0164,-7.68,1.0030,-282.55,1,30.0,hold:DY,+0.000,+0.000,-0.467,-0.164,1100,0,
1785506562.1877,2026-07-31T10:02:42.187,103.991,1047,,,,0,,,,1.0500,-7.27,1.0365,-282.13,1,30.0,hold:DY,+0.000,+0.000,-0.432,-0.164,1100,0,
1785506562.2858,2026-07-31T10:02:42.285,104.090,1048,,,,0,,,,1.0624,-7.04,1.0490,-281.91,1,30.0,hold:DY,+0.000,+0.000,-0.372,-0.159,1100,0,
1785506562.3864,2026-07-31T10:02:42.386,104.190,1049,,,,0,,,,1.0886,-6.57,1.0751,-281.43,1,30.0,hold:DY,+0.000,+0.000,-0.317,-0.153,1100,0,
1785506562.4848,2026-07-31T10:02:42.484,104.289,1050,,,,0,,,,1.1123,-6.07,1.0988,-280.93,1,30.0,hold:DY,+0.000,+0.000,-0.290,-0.151,1100,0,
1785506562.5842,2026-07-31T10:02:42.584,104.388,1051,,,,0,,,,1.1228,-5.86,1.1093,-280.72,1,30.0,hold:DY,+0.000,+0.000,-0.240,-0.145,1100,0,
1785506562.6831,2026-07-31T10:02:42.683,104.487,1052,,,,0,,,,1.1455,-5.51,1.1321,-280.37,1,30.0,hold:DY,+0.000,+0.000,-0.214,-0.144,1100,0,
1785506562.7821,2026-07-31T10:02:42.782,104.586,1053,,,,0,,,,1.1544,-5.36,1.1409,-280.23,1,30.0,hold:DY,+0.000,+0.000,-0.166,-0.140,1100,0,
1785506562.8827,2026-07-31T10:02:42.882,104.686,1054,,,,0,,,,1.1719,-5.14,1.1584,-280.00,1,30.0,hold:DY,+0.000,+0.000,-0.141,-0.140,1100,0,
1785506562.9820,2026-07-31T10:02:42.981,104.786,1055,,,,0,,,,1.1949,-4.98,1.1814,-279.84,1,30.0,hold:DY,+0.000,+0.000,-0.091,-0.139,1100,0,
1785506563.0835,2026-07-31T10:02:43.083,104.887,1056,,,,0,,,,1.2019,-4.91,1.1884,-279.77,1,30.0,hold:DY,+0.000,+0.000,-0.049,-0.138,1100,0,
1785506563.1831,2026-07-31T10:02:43.183,104.987,1057,,,,0,,,,1.2226,-4.79,1.2091,-279.66,1,30.0,hold:DY,+0.000,+0.000,-0.024,-0.139,1100,0,
1785506563.2827,2026-07-31T10:02:43.282,105.086,1058,,,,0,,,,1.2298,-4.75,1.2164,-279.61,1,30.0,hold:DY,+0.000,+0.000,+0.024,-0.139,1100,0,
1785506563.3822,2026-07-31T10:02:43.382,105.186,1059,,,,0,,,,1.2449,-4.69,1.2314,-279.56,1,30.0,hold:DY,+0.000,+0.000,+0.048,-0.141,1100,0,
1785506563.4811,2026-07-31T10:02:43.481,105.285,1060,,,,0,,,,1.2577,-4.67,1.2442,-279.53,1,30.0,hold:DY,+0.000,+0.000,+0.099,-0.141,1100,0,
1785506563.5799,2026-07-31T10:02:43.579,105.384,1061,,,,0,,,,1.2749,-4.61,1.2615,-279.48,1,30.0,hold:DY,+0.000,+0.000,+0.115,-0.143,1100,0,
1785506563.6804,2026-07-31T10:02:43.680,105.484,1062,,,,0,,,,1.2827,-4.53,1.2692,-279.40,1,30.0,hold:DY,+0.000,+0.000,+0.165,-0.144,1100,0,
1785506563.7791,2026-07-31T10:02:43.779,105.583,1063,,,,0,,,,1.2928,-4.49,1.2793,-279.35,1,30.0,hold:DY,+0.000,+0.000,+0.202,-0.144,1100,0,
1785506563.8795,2026-07-31T10:02:43.879,105.683,1064,,,,0,,,,1.3098,-4.38,1.2964,-279.24,1,30.0,hold:DY,+0.000,+0.000,+0.237,-0.144,1100,0,
1785506563.9795,2026-07-31T10:02:43.979,105.783,1065,,,,0,,,,1.3178,-4.30,1.3043,-279.17,1,30.0,hold:DY,+0.000,+0.000,+0.276,-0.144,1100,0,
1785506564.0817,2026-07-31T10:02:44.081,105.885,1066,,,,0,,,,1.3258,-4.17,1.3123,-279.03,1,30.0,hold:DY,+0.000,+0.000,+0.305,-0.143,1100,0,
1785506564.1815,2026-07-31T10:02:44.181,105.985,1067,,,,0,,,,1.3402,-3.99,1.3267,-278.86,1,30.0,hold:DY,+0.000,+0.000,+0.331,-0.143,1100,0,
1785506564.2800,2026-07-31T10:02:44.280,106.084,1068,,,,0,,,,1.3490,-3.89,1.3355,-278.76,1,30.0,hold:DY,+0.000,+0.000,+0.379,-0.141,1100,0,
1785506564.3802,2026-07-31T10:02:44.380,106.184,1069,,,,0,,,,1.3520,-3.68,1.3385,-278.54,1,30.0,hold:DY,+0.000,+0.000,+0.390,-0.141,1100,0,
1785506564.4803,2026-07-31T10:02:44.480,106.284,1070,,,,0,,,,1.3627,-3.44,1.3492,-278.31,1,30.0,hold:DY,+0.000,+0.000,+0.424,-0.139,1100,0,
1785506564.5789,2026-07-31T10:02:44.578,106.383,1071,,,,0,,,,1.3649,-3.32,1.3515,-278.18,1,30.0,hold:DY,+0.000,+0.000,+0.453,-0.135,1100,0,
1785506564.6783,2026-07-31T10:02:44.678,106.482,1072,,,,0,,,,1.3698,-3.06,1.3563,-277.93,1,30.0,hold:DY,+0.000,+0.000,+0.477,-0.135,1100,0,
1785506564.7776,2026-07-31T10:02:44.777,106.581,1073,,,,0,,,,1.3720,-2.93,1.3586,-277.79,1,30.0,hold:DY,+0.000,+0.000,+0.497,-0.131,1100,0,
1785506564.8768,2026-07-31T10:02:44.876,106.681,1074,,,,0,,,,1.3807,-2.66,1.3672,-277.52,1,30.0,hold:DY,+0.000,+0.000,+0.525,-0.130,1100,0,
1785506564.9764,2026-07-31T10:02:44.976,106.780,1075,,,,0,,,,1.3859,-2.38,1.3724,-277.24,1,30.0,hold:DY,+0.000,+0.000,+0.539,-0.126,1100,0,
1785506565.0755,2026-07-31T10:02:45.075,106.879,1076,,,,0,,,,1.3892,-2.24,1.3757,-277.10,1,30.0,hold:DY,+0.000,+0.000,+0.576,-0.122,1100,0,
1785506565.1740,2026-07-31T10:02:45.174,106.978,1077,,,,0,,,,1.3850,-1.95,1.3716,-276.82,1,30.0,hold:DY,+0.000,+0.000,+0.592,-0.120,1100,0,
1785506565.2746,2026-07-31T10:02:45.274,107.078,1078,,,,0,,,,1.3850,-1.80,1.3716,-276.67,1,30.0,hold:DY,+0.000,+0.000,+0.599,+0.000,1100,0,
1785506565.3744,2026-07-31T10:02:45.374,107.178,1079,,,,0,,,,1.3909,-1.47,1.3774,-276.34,1,30.0,hold:DY,+0.000,+0.000,+0.615,+0.000,1100,0,
1785506565.4729,2026-07-31T10:02:45.472,107.277,1080,,,,0,,,,1.3876,-1.10,1.3741,-275.97,1,30.0,hold:DY,+0.000,+0.000,+0.637,+0.000,1100,0,
1785506565.5737,2026-07-31T10:02:45.573,107.377,1081,,,,0,,,,1.3849,-0.89,1.3714,-275.76,1,30.0,hold:DY,+0.000,+0.000,+0.645,+0.000,1100,0,
1785506565.6719,2026-07-31T10:02:45.671,107.476,1082,,,,0,,,,1.3820,-0.45,1.3685,-275.32,1,30.0,hold:DY,+0.000,+0.000,+0.656,+0.000,1100,0,
1785506565.7714,2026-07-31T10:02:45.771,107.575,1083,,,,0,,,,1.3804,-0.22,1.3669,-275.09,1,30.0,hold:DY,+0.000,+0.000,+0.666,+0.000,1100,0,
1785506565.8714,2026-07-31T10:02:45.871,107.675,1084,,,,0,,,,1.3809,0.21,1.3674,-274.65,1,30.0,hold:DY,+0.000,+0.000,+0.678,+0.000,1100,0,
1785506565.9704,2026-07-31T10:02:45.970,107.774,1085,,,,0,,,,1.3726,0.61,1.3591,-274.26,1,30.0,hold:DY,+0.000,+0.000,+0.683,+0.000,1100,0,
1785506566.0691,2026-07-31T10:02:46.069,107.873,1086,,,,0,,,,1.3675,0.79,1.3540,-274.07,1,30.0,hold:DY,+0.000,+0.000,+0.685,+0.000,1100,0,
1785506566.1685,2026-07-31T10:02:46.168,107.972,1087,,,,0,,,,1.3578,1.12,1.3443,-273.75,1,30.0,hold:DY,+0.000,+0.000,+0.685,+0.000,1100,0,
1785506566.2680,2026-07-31T10:02:46.268,108.072,1088,,,,0,,,,1.3568,1.26,1.3433,-273.60,1,30.0,hold:DY,+0.000,+0.000,+0.693,+0.000,1100,0,
1785506566.3689,2026-07-31T10:02:46.368,108.173,1089,,,,0,,,,1.3405,1.53,1.3270,-273.34,1,30.0,hold:DY,+0.000,+0.000,+0.692,+0.000,1100,0,
1785506566.4685,2026-07-31T10:02:46.468,108.272,1090,,,,0,,,,1.3375,1.65,1.3240,-273.21,1,30.0,hold:DY,+0.000,+0.000,+0.682,+0.000,1100,0,
1785506566.5670,2026-07-31T10:02:46.567,108.371,1091,,,,0,,,,1.3224,1.86,1.3089,-273.00,1,30.0,hold:DY,+0.000,+0.000,+0.664,+0.000,1100,0,
1785506566.6674,2026-07-31T10:02:46.667,108.471,1092,,,,0,,,,1.3082,2.02,1.2947,-272.85,1,30.0,hold:DY,+0.000,+0.000,+0.676,+0.000,1100,0,
1785506566.7664,2026-07-31T10:02:46.766,108.570,1093,,,,0,,,,1.3013,2.06,1.2878,-272.81,1,30.0,hold:DY,+0.000,+0.000,+0.647,+0.038,1100,0,
1785506566.8667,2026-07-31T10:02:46.866,108.670,1094,,,,0,,,,1.2873,2.13,1.2738,-272.74,1,30.0,hold:DY,+0.000,+0.000,+0.650,+0.039,1100,0,
1785506566.9654,2026-07-31T10:02:46.965,108.769,1095,,,,0,,,,1.2793,2.14,1.2658,-272.73,1,30.0,hold:DY,+0.000,+0.000,+0.626,+0.041,1100,0,
1785506567.0650,2026-07-31T10:02:47.065,108.869,1096,,,,0,,,,1.2650,2.14,1.2515,-272.72,1,30.0,hold:DY,+0.000,+0.000,+0.622,+0.042,1100,0,
1785506567.1641,2026-07-31T10:02:47.164,108.968,1097,,,,0,,,,1.2606,2.13,1.2471,-272.74,1,30.0,hold:DY,+0.000,+0.000,+0.610,+0.042,1100,0,
1785506567.2647,2026-07-31T10:02:47.264,109.068,1098,,,,0,,,,1.2427,2.05,1.2292,-272.81,1,30.0,hold:DY,+0.000,+0.000,+0.585,+0.042,1100,0,
1785506567.3634,2026-07-31T10:02:47.363,109.167,1099,,,,0,,,,1.2244,1.91,1.2110,-272.95,1,30.0,hold:DY,+0.000,+0.000,+0.576,+0.000,1100,0,
1785506567.4622,2026-07-31T10:02:47.462,109.266,1100,,,,0,,,,1.2183,1.82,1.2048,-273.04,1,30.0,hold:DY,+0.000,+0.000,+0.554,+0.000,1100,0,
1785506567.5614,2026-07-31T10:02:47.561,109.365,1101,,,,0,,,,1.2081,1.56,1.1946,-273.30,1,30.0,hold:DY,+0.000,+0.000,+0.540,+0.000,1100,0,
1785506567.6620,2026-07-31T10:02:47.662,109.466,1102,,,,0,,,,1.1883,1.23,1.1749,-273.63,1,30.0,hold:DY,+0.000,+0.000,+0.524,+0.000,1100,0,
1785506567.7616,2026-07-31T10:02:47.761,109.565,1103,,,,0,,,,1.1807,1.05,1.1672,-273.82,1,30.0,hold:DY,+0.000,+0.000,+0.518,+0.000,1100,0,
1785506567.8606,2026-07-31T10:02:47.860,109.664,1104,,,,0,,,,1.1660,0.66,1.1525,-274.20,1,30.0,hold:DY,+0.000,+0.000,+0.490,+0.000,1100,0,
1785506567.9599,2026-07-31T10:02:47.959,109.764,1105,,,,0,,,,1.1579,0.46,1.1444,-274.40,1,30.0,hold:DY,+0.000,+0.000,+0.471,+0.000,1100,0,
1785506568.0583,2026-07-31T10:02:48.058,109.862,1106,,,,0,,,,1.1383,0.05,1.1248,-274.81,1,30.0,hold:DY,+0.000,+0.000,+0.456,+0.000,1100,0,
1785506568.1584,2026-07-31T10:02:48.158,109.962,1107,,,,0,,,,1.1291,-0.37,1.1157,-275.23,1,30.0,hold:DY,+0.000,+0.000,+0.440,+0.000,1100,0,
1785506568.2573,2026-07-31T10:02:48.257,110.061,1108,,,,0,,,,1.1231,-0.56,1.1096,-275.43,1,30.0,hold:DY,+0.000,+0.000,+0.418,+0.000,1100,0,
1785506568.3570,2026-07-31T10:02:48.357,110.161,1109,,,,0,,,,1.1080,-0.95,1.0945,-275.82,1,30.0,hold:DY,+0.000,+0.000,+0.408,+0.000,1100,0,
1785506568.4552,2026-07-31T10:02:48.455,110.259,1110,,,,0,,,,1.1029,-1.15,1.0895,-276.02,1,30.0,hold:DY,+0.000,+0.000,+0.386,+0.000,1100,0,
1785506568.5543,2026-07-31T10:02:48.554,110.358,1111,,,,0,,,,1.0907,-1.53,1.0772,-276.39,1,30.0,hold:DY,+0.000,+0.000,+0.372,+0.000,1100,0,
1785506568.6532,2026-07-31T10:02:48.653,110.457,1112,,,,0,,,,1.0776,-1.72,1.0642,-276.58,1,30.0,hold:DY,+0.000,+0.000,+0.343,+0.000,1100,0,
1785506568.7526,2026-07-31T10:02:48.752,110.556,1113,,,,0,,,,1.0699,-2.07,1.0565,-276.94,1,30.0,hold:DY,+0.000,+0.000,+0.330,-0.038,1100,0,
1785506568.8521,2026-07-31T10:02:48.852,110.656,1114,,,,0,,,,1.0555,-2.41,1.0420,-277.27,1,30.0,hold:DY,+0.000,+0.000,+0.324,-0.041,1100,0,
1785506568.9514,2026-07-31T10:02:48.951,110.755,1115,,,,0,,,,1.0550,-2.56,1.0415,-277.43,1,30.0,hold:DY,+0.000,+0.000,+0.305,-0.048,1100,0,
1785506569.0503,2026-07-31T10:02:49.050,110.854,1116,,,,0,,,,1.0431,-2.85,1.0296,-277.72,1,30.0,hold:DY,+0.000,+0.000,+0.286,-0.052,1100,0,
1785506569.1509,2026-07-31T10:02:49.150,110.955,1117,,,,0,,,,1.0331,-3.12,1.0196,-277.99,1,30.0,hold:DY,+0.000,+0.000,+0.278,-0.058,1100,0,
1785506569.2499,2026-07-31T10:02:49.249,111.054,1118,,,,0,,,,1.0283,-3.26,1.0148,-278.12,1,30.0,hold:DY,+0.000,+0.000,+0.257,-0.064,1100,0,
1785506569.3483,2026-07-31T10:02:49.348,111.152,1119,,,,0,,,,1.0106,-3.51,0.9971,-278.38,1,30.0,hold:DY,+0.000,+0.000,+0.240,-0.068,1100,0,
1785506569.4490,2026-07-31T10:02:49.448,111.253,1120,,,,0,,,,1.0067,-3.63,0.9932,-278.49,1,30.0,hold:DY,+0.000,+0.000,+0.214,-0.074,1100,0,
1785506569.5472,2026-07-31T10:02:49.547,111.351,1121,,,,0,,,,1.0100,-3.87,0.9965,-278.73,1,30.0,hold:DY,+0.000,+0.000,+0.209,-0.077,1100,0,
1785506569.6469,2026-07-31T10:02:49.646,111.451,1122,,,,0,,,,0.9955,-3.99,0.9820,-278.85,1,30.0,hold:DY,+0.000,+0.000,+0.191,-0.083,1100,0,
1785506569.7468,2026-07-31T10:02:49.746,111.550,1123,,,,0,,,,0.9886,-4.21,0.9751,-279.08,1,30.0,hold:DY,+0.000,+0.000,+0.178,-0.089,1100,0,
1785506569.8454,2026-07-31T10:02:49.845,111.649,1124,,,,0,,,,0.9802,-4.44,0.9667,-279.31,1,30.0,hold:DY,+0.000,+0.000,+0.166,-0.093,1100,0,
1785506569.9462,2026-07-31T10:02:49.946,111.750,1125,,,,0,,,,0.9798,-4.55,0.9664,-279.42,1,30.0,hold:DY,+0.000,+0.000,+0.160,-0.098,1100,0,
1785506570.0457,2026-07-31T10:02:50.045,111.849,1126,,,,0,,,,0.9702,-4.77,0.9568,-279.64,1,30.0,hold:DY,+0.000,+0.000,+0.145,-0.102,1100,0,
1785506570.1459,2026-07-31T10:02:50.145,111.950,1127,,,,0,,,,0.9720,-4.88,0.9586,-279.75,1,30.0,hold:DY,+0.000,+0.000,+0.142,-0.108,1100,0,
1785506570.2448,2026-07-31T10:02:50.244,112.049,1128,,,,0,,,,0.9651,-5.10,0.9517,-279.97,1,30.0,hold:DY,+0.000,+0.000,+0.127,-0.114,1100,0,
1785506570.3433,2026-07-31T10:02:50.343,112.147,1129,,,,0,,,,0.9544,-5.32,0.9409,-280.19,1,30.0,hold:DY,+0.000,+0.000,+0.106,-0.118,1100,0,
1785506570.4427,2026-07-31T10:02:50.442,112.246,1130,,,,0,,,,0.9497,-5.44,0.9362,-280.30,1,30.0,hold:DY,+0.000,+0.000,+0.093,-0.124,1100,0,
1785506570.5415,2026-07-31T10:02:50.541,112.345,1131,,,,0,,,,0.9477,-5.65,0.9342,-280.52,1,30.0,hold:DY,+0.000,+0.000,+0.081,-0.128,1100,0,
1785506570.6405,2026-07-31T10:02:50.640,112.444,1132,,,,0,,,,0.9381,-5.76,0.9246,-280.62,1,30.0,hold:DY,+0.000,+0.000,+0.065,-0.134,1100,0,
1785506570.7394,2026-07-31T10:02:50.739,112.543,1133,,,,0,,,,0.9374,-5.98,0.9239,-280.84,1,30.0,hold:DY,+0.000,+0.000,+0.062,-0.139,1100,0,
1785506570.8391,2026-07-31T10:02:50.839,112.643,1134,,,,0,,,,0.9291,-6.20,0.9157,-281.07,1,30.0,hold:DY,+0.000,+0.000,+0.054,-0.145,1100,0,
1785506570.9380,2026-07-31T10:02:50.937,112.742,1135,,,,0,,,,0.9254,-6.31,0.9119,-281.18,1,30.0,hold:DY,+0.000,+0.000,+0.032,-0.152,1100,0,
1785506571.0382,2026-07-31T10:02:51.038,112.842,1136,,,,0,,,,0.9209,-6.54,0.9074,-281.40,1,30.0,hold:DY,+0.000,+0.000,+0.023,-0.156,1100,0,
1785506571.1383,2026-07-31T10:02:51.138,112.942,1137,,,,0,,,,0.9197,-6.64,0.9062,-281.51,1,30.0,hold:DY,+0.000,+0.000,+0.014,-0.163,1100,0,
1785506571.2376,2026-07-31T10:02:51.237,113.041,1138,,,,0,,,,0.9115,-6.74,0.8981,-281.60,1,30.0,hold:DY,+0.000,+0.000,+0.001,-0.167,1100,0,
1785506571.3368,2026-07-31T10:02:51.336,113.141,1139,,,,0,,,,0.9072,-6.73,0.8938,-281.60,1,30.0,hold:DY,+0.000,+0.000,-0.018,-0.170,1100,0,
1785506571.4355,2026-07-31T10:02:51.435,113.239,1140,,,,0,,,,0.9041,-6.67,0.8906,-281.53,1,30.0,hold:DY,+0.000,+0.000,-0.028,-0.171,1100,0,
1785506571.5355,2026-07-31T10:02:51.535,113.339,1141,,,,0,,,,0.8979,-6.53,0.8845,-281.40,1,30.0,hold:DY,+0.000,+0.000,-0.043,-0.173,1100,0,
1785506571.6347,2026-07-31T10:02:51.634,113.438,1142,,,,0,,,,0.8945,-6.45,0.8810,-281.31,1,30.0,hold:DY,+0.000,+0.000,-0.055,-0.172,1100,0,
1785506571.7344,2026-07-31T10:02:51.734,113.538,1143,,,,0,,,,0.8864,-6.25,0.8729,-281.11,1,30.0,hold:DY,+0.000,+0.000,-0.074,-0.173,1100,0,
1785506571.8338,2026-07-31T10:02:51.833,113.637,1144,,,,0,,,,0.8852,-6.15,0.8717,-281.01,1,30.0,hold:DY,+0.000,+0.000,-0.082,-0.172,1100,0,
1785506571.9332,2026-07-31T10:02:51.933,113.737,1145,,,,0,,,,0.8836,-5.98,0.8701,-280.85,1,30.0,hold:DY,+0.000,+0.000,-0.090,-0.173,1100,0,
1785506572.0316,2026-07-31T10:02:52.031,113.835,1146,,,,0,,,,0.8743,-5.88,0.8608,-280.75,1,30.0,hold:DY,+0.000,+0.000,-0.115,-0.173,1100,0,
1785506572.1312,2026-07-31T10:02:52.131,113.935,1147,,,,0,,,,0.8677,-5.78,0.8542,-280.64,1,30.0,hold:DY,+0.000,+0.000,-0.132,-0.173,1100,0,
1785506572.2297,2026-07-31T10:02:52.229,114.033,1148,,,,0,,,,0.8624,-5.38,0.8489,-280.24,1,30.0,hold:DY,+0.000,+0.000,-0.142,-0.172,1100,0,
1785506572.3290,2026-07-31T10:02:52.329,114.133,1149,,,,0,,,,0.8613,-5.11,0.8479,-279.98,1,30.0,hold:DY,+0.000,+0.000,-0.156,-0.165,1100,0,
1785506572.4274,2026-07-31T10:02:52.427,114.231,1150,,,,0,,,,0.8593,-4.47,0.8458,-279.34,1,30.0,hold:DY,+0.000,+0.000,-0.165,-0.161,1100,0,
1785506572.5266,2026-07-31T10:02:52.526,114.330,1151,,,,0,,,,0.8511,-3.85,0.8377,-278.72,1,30.0,hold:DY,+0.000,+0.000,-0.190,-0.151,1100,0,
1785506572.6263,2026-07-31T10:02:52.626,114.430,1152,,,,0,,,,0.8471,-3.62,0.8336,-278.49,1,30.0,hold:DY,+0.000,+0.000,-0.201,-0.143,1100,0,
1785506572.7245,2026-07-31T10:02:52.724,114.528,1153,,,,0,,,,0.8411,-3.27,0.8277,-278.13,1,30.0,hold:DY,+0.000,+0.000,-0.211,-0.141,1100,0,
1785506572.8236,2026-07-31T10:02:52.823,114.627,1154,,,,0,,,,0.8386,-3.17,0.8251,-278.03,1,30.0,hold:DY,+0.000,+0.000,-0.231,-0.138,1100,0,
1785506572.9226,2026-07-31T10:02:52.922,114.726,1155,,,,0,,,,0.8374,-3.04,0.8239,-277.91,1,30.0,hold:DY,+0.000,+0.000,-0.244,-0.138,1100,0,
1785506573.0218,2026-07-31T10:02:53.021,114.826,1156,,,,0,,,,0.8236,-2.79,0.8101,-277.66,1,30.0,hold:DY,+0.000,+0.000,-0.267,-0.136,1100,0,
1785506573.1207,2026-07-31T10:02:53.120,114.924,1157,,,,0,,,,0.8262,-2.62,0.8127,-277.49,1,30.0,hold:DY,+0.000,+0.000,-0.276,-0.131,1100,0,
1785506573.2201,2026-07-31T10:02:53.220,115.024,1158,,,,0,,,,0.8208,-2.30,0.8073,-277.17,1,30.0,hold:DY,+0.000,+0.000,-0.286,-0.129,1100,0,
1785506573.3183,2026-07-31T10:02:53.318,115.122,1159,,,,0,,,,0.8245,-2.19,0.8111,-277.05,1,30.0,hold:DY,+0.000,+0.000,-0.293,-0.125,1100,0,
1785506573.4179,2026-07-31T10:02:53.417,115.222,1160,,,,0,,,,0.8124,-2.03,0.7989,-276.90,1,30.0,hold:DY,+0.000,+0.000,-0.324,-0.125,1100,0,
1785506573.5172,2026-07-31T10:02:53.517,115.321,1161,,,,0,,,,0.8087,-1.94,0.7952,-276.81,1,30.0,hold:DY,+0.000,+0.000,-0.319,+0.000,1100,0,
1785506573.6157,2026-07-31T10:02:53.615,115.419,1162,,,,0,,,,0.8100,-1.93,0.7965,-276.79,1,30.0,hold:DY,+0.000,+0.000,-0.344,+0.000,1100,0,
1785506573.7149,2026-07-31T10:02:53.714,115.519,1163,,,,0,,,,0.8069,-1.90,0.7934,-276.77,1,30.0,hold:DY,+0.000,+0.000,-0.350,+0.000,1100,0,
1785506573.8145,2026-07-31T10:02:53.814,115.618,1164,,,,0,,,,0.8081,-1.92,0.7946,-276.79,1,30.0,hold:DY,+0.000,+0.000,-0.363,+0.000,1100,0,
1785506573.9147,2026-07-31T10:02:53.914,115.718,1165,,,,0,,,,0.8024,-1.99,0.7889,-276.86,1,30.0,hold:DY,+0.000,+0.000,-0.376,+0.000,1100,0,
1785506574.0140,2026-07-31T10:02:54.013,115.818,1166,,,,0,,,,0.8004,-2.04,0.7869,-276.91,1,30.0,hold:DY,+0.000,+0.000,-0.394,-0.037,1100,0,
1785506574.1152,2026-07-31T10:02:54.115,115.919,1167,,,,0,,,,0.7920,-2.16,0.7785,-277.03,1,30.0,hold:DY,+0.000,+0.000,-0.419,-0.040,1100,0,
1785506574.2144,2026-07-31T10:02:54.214,116.018,1168,,,,0,,,,0.7978,-2.32,0.7843,-277.18,1,30.0,hold:DY,+0.000,+0.000,-0.420,-0.042,1100,0,
1785506574.3143,2026-07-31T10:02:54.314,116.118,1169,,,,0,,,,0.7938,-2.41,0.7803,-277.28,1,30.0,hold:DY,+0.000,+0.000,-0.432,-0.046,1100,0,
1785506574.4130,2026-07-31T10:02:54.413,116.217,1170,,,,0,,,,0.7956,-2.62,0.7822,-277.49,1,30.0,hold:DY,+0.000,+0.000,-0.435,-0.049,1100,0,
1785506574.5118,2026-07-31T10:02:54.511,116.316,1171,,,,0,,,,0.7900,-2.74,0.7765,-277.61,1,30.0,hold:DY,+0.000,+0.000,-0.456,-0.054,1100,0,
1785506574.6122,2026-07-31T10:02:54.612,116.416,1172,,,,0,,,,0.7912,-2.99,0.7777,-277.86,1,30.0,hold:DY,+0.000,+0.000,-0.459,-0.058,1100,0,
1785506574.7115,2026-07-31T10:02:54.711,116.515,1173,,,,0,,,,0.7905,-3.13,0.7770,-277.99,1,30.0,hold:DY,+0.000,+0.000,-0.471,-0.064,1100,0,
1785506574.8118,2026-07-31T10:02:54.811,116.616,1174,,,,0,,,,0.7947,-3.41,0.7812,-278.28,1,30.0,hold:DY,+0.000,+0.000,-0.471,-0.070,1100,0,
1785506574.9106,2026-07-31T10:02:54.910,116.714,1175,,,,0,,,,0.7912,-3.69,0.7777,-278.55,1,30.0,hold:DY,+0.000,+0.000,-0.488,-0.074,1100,0,
1785506575.0114,2026-07-31T10:02:55.011,116.815,1176,,,,0,,,,0.7949,-3.84,0.7814,-278.70,1,30.0,hold:DY,+0.000,+0.000,-0.488,-0.081,1100,0,
1785506575.1105,2026-07-31T10:02:55.110,116.914,1177,,,,0,,,,0.7938,-4.15,0.7803,-279.02,1,30.0,hold:DY,+0.000,+0.000,-0.495,-0.085,1100,0,
1785506575.2099,2026-07-31T10:02:55.209,117.014,1178,,,,0,,,,0.7926,-4.31,0.7791,-279.18,1,30.0,hold:DY,+0.000,+0.000,-0.508,-0.092,1100,0,
1785506575.3104,2026-07-31T10:02:55.310,117.114,1179,,,,0,,,,0.7987,-4.64,0.7852,-279.50,1,30.0,hold:DY,+0.000,+0.000,-0.504,-0.100,1100,0,
1785506575.4095,2026-07-31T10:02:55.409,117.213,1180,,,,0,,,,0.8040,-4.96,0.7905,-279.83,1,30.0,hold:DY,+0.000,+0.000,-0.502,-0.105,1100,0,
1785506575.5079,2026-07-31T10:02:55.507,117.312,1181,,,,0,,,,0.8075,-5.13,0.7941,-279.99,1,30.0,hold:DY,+0.000,+0.000,-0.502,-0.113,1100,0,
1785506575.6084,2026-07-31T10:02:55.608,117.412,1182,,,,0,,,,0.8057,-5.47,0.7922,-280.33,1,30.0,hold:DY,+0.000,+0.000,-0.509,-0.118,1100,0,
1785506575.7071,2026-07-31T10:02:55.707,117.511,1183,,,,0,,,,0.8092,-5.64,0.7957,-280.50,1,30.0,hold:DY,+0.000,+0.000,-0.514,-0.126,1100,0,
1785506575.8062,2026-07-31T10:02:55.806,117.610,1184,,,,0,,,,0.8203,-5.97,0.8069,-280.84,1,30.0,hold:DY,+0.000,+0.000,-0.499,-0.135,1100,0,
1785506575.9050,2026-07-31T10:02:55.905,117.709,1185,,,,0,,,,0.8190,-6.31,0.8055,-281.18,1,30.0,hold:DY,+0.000,+0.000,-0.511,-0.140,1100,0,
1785506576.0044,2026-07-31T10:02:56.004,117.808,1186,,,,0,,,,0.8213,-6.48,0.8078,-281.34,1,30.0,hold:DY,+0.000,+0.000,-0.512,-0.149,1100,0,
1785506576.1037,2026-07-31T10:02:56.103,117.907,1187,,,,0,,,,0.8272,-6.80,0.8137,-281.67,1,30.0,hold:DY,+0.000,+0.000,-0.505,-0.154,1100,0,
1785506576.2040,2026-07-31T10:02:56.204,118.008,1188,,,,0,,,,0.8294,-6.98,0.8159,-281.84,1,30.0,hold:DY,+0.000,+0.000,-0.509,-0.163,1100,0,
1785506576.3034,2026-07-31T10:02:56.303,118.107,1189,,,,0,,,,0.8363,-7.26,0.8229,-282.12,1,30.0,hold:DY,+0.000,+0.000,-0.502,-0.171,1100,0,
1785506576.4032,2026-07-31T10:02:56.403,118.207,1190,,,,0,,,,0.8455,-7.31,0.8320,-282.17,1,30.0,hold:DY,+0.000,+0.000,-0.496,-0.174,1100,0,
1785506576.5027,2026-07-31T10:02:56.502,118.306,1191,,,,0,,,,0.8552,-7.29,0.8417,-282.15,1,30.0,hold:DY,+0.000,+0.000,-0.477,-0.177,1100,0,
1785506576.6024,2026-07-31T10:02:56.602,118.406,1192,,,,0,,,,0.8592,-7.17,0.8458,-282.03,1,30.0,hold:DY,+0.000,+0.000,-0.480,-0.179,1100,0,
1785506576.7017,2026-07-31T10:02:56.701,118.505,1193,,,,0,,,,0.8636,-7.07,0.8502,-281.94,1,30.0,hold:DY,+0.000,+0.000,-0.471,-0.179,1100,0,
1785506576.8026,2026-07-31T10:02:56.802,118.606,1194,,,,0,,,,0.8730,-6.92,0.8595,-281.79,1,30.0,hold:DY,+0.000,+0.000,-0.458,-0.179,1100,0,
1785506576.9018,2026-07-31T10:02:56.901,118.705,1195,,,,0,,,,0.8857,-6.82,0.8722,-281.68,1,30.0,hold:DY,+0.000,+0.000,-0.455,-0.181,1100,0,
1785506577.0010,2026-07-31T10:02:57.001,118.805,1196,,,,0,,,,0.8881,-6.78,0.8746,-281.65,1,30.0,hold:DY,+0.000,+0.000,-0.437,-0.182,1100,0,
1785506577.1001,2026-07-31T10:02:57.100,118.904,1197,,,,0,,,,0.8943,-6.64,0.8808,-281.51,1,30.0,hold:DY,+0.000,+0.000,-0.436,-0.184,1100,0,
1785506577.1996,2026-07-31T10:02:57.199,119.003,1198,,,,0,,,,0.9013,-6.56,0.8878,-281.42,1,30.0,hold:DY,+0.000,+0.000,-0.419,-0.183,1100,0,
1785506577.2994,2026-07-31T10:02:57.299,119.103,1199,,,,0,,,,0.9118,-6.21,0.8983,-281.07,1,30.0,hold:DY,+0.000,+0.000,-0.404,-0.183,1100,0,
1785506577.3985,2026-07-31T10:02:57.398,119.202,1200,,,,0,,,,0.9218,-5.65,0.9083,-280.52,1,30.0,hold:DY,+0.000,+0.000,-0.392,-0.177,1100,0,
1785506577.4974,2026-07-31T10:02:57.497,119.301,1201,,,,0,,,,0.9241,-5.34,0.9107,-280.20,1,30.0,hold:DY,+0.000,+0.000,-0.383,-0.168,1100,0,
1785506577.5972,2026-07-31T10:02:57.597,119.401,1202,,,,0,,,,0.9362,-4.73,0.9227,-279.60,1,30.0,hold:DY,+0.000,+0.000,-0.373,-0.165,1100,0,
1785506577.6967,2026-07-31T10:02:57.696,119.500,1203,,,,0,,,,0.9379,-4.48,0.9245,-279.35,1,30.0,hold:DY,+0.000,+0.000,-0.361,-0.157,1100,0,
1785506577.7962,2026-07-31T10:02:57.796,119.600,1204,,,,0,,,,0.9513,-3.93,0.9379,-278.79,1,30.0,hold:DY,+0.000,+0.000,-0.354,-0.154,1100,0,
1785506577.8964,2026-07-31T10:02:57.896,119.700,1205,,,,0,,,,0.9549,-3.63,0.9414,-278.50,1,30.0,hold:DY,+0.000,+0.000,-0.331,-0.145,1100,0,
1785506577.9953,2026-07-31T10:02:57.995,119.799,1206,,,,0,,,,0.9627,-2.91,0.9492,-277.78,1,30.0,hold:DY,+0.000,+0.000,-0.335,-0.140,1100,0,
1785506578.0938,2026-07-31T10:02:58.093,119.898,1207,,,,0,,,,0.9712,-2.11,0.9577,-276.98,1,30.0,hold:DY,+0.000,+0.000,-0.318,-0.127,1100,0,
1785506578.1946,2026-07-31T10:02:58.194,119.998,1208,,,,0,,,,0.9696,-1.76,0.9561,-276.62,1,30.0,hold:DY,+0.000,+0.000,-0.307,+0.000,1100,0,
1785506578.2934,2026-07-31T10:02:58.293,120.097,1209,,,,0,,,,0.9824,-1.14,0.9689,-276.01,1,30.0,hold:DY,+0.000,+0.000,-0.301,+0.000,1100,0,
1785506578.3925,2026-07-31T10:02:58.392,120.196,1210,,,,0,,,,0.9824,-0.91,0.9689,-275.78,1,30.0,hold:DY,+0.000,+0.000,-0.282,+0.000,1100,0,
1785506578.4912,2026-07-31T10:02:58.491,120.295,1211,,,,0,,,,0.9905,-0.61,0.9770,-275.48,1,30.0,hold:DY,+0.000,+0.000,-0.272,+0.000,1100,0,
1785506578.5902,2026-07-31T10:02:58.590,120.394,1212,,,,0,,,,0.9929,-0.46,0.9794,-275.32,1,30.0,hold:DY,+0.000,+0.000,-0.264,+0.000,1100,0,
1785506578.6892,2026-07-31T10:02:58.689,120.493,1213,,,,0,,,,1.0001,-0.41,0.9867,-275.28,1,30.0,hold:DY,+0.000,+0.000,-0.247,+0.000,1100,0,
1785506578.7887,2026-07-31T10:02:58.788,120.592,1214,,,,0,,,,1.0083,-0.39,0.9948,-275.25,1,30.0,hold:DY,+0.000,+0.000,-0.245,+0.000,1100,0,
1785506578.8872,2026-07-31T10:02:58.887,120.691,1215,,,,0,,,,1.0080,-0.40,0.9945,-275.27,1,30.0,hold:DY,+0.000,+0.000,-0.231,+0.000,1100,0,
1785506578.9866,2026-07-31T10:02:58.986,120.790,1216,,,,0,,,,1.0119,-0.49,0.9984,-275.36,1,30.0,hold:DY,+0.000,+0.000,-0.231,+0.000,1100,0,
1785506579.0866,2026-07-31T10:02:59.086,120.890,1217,,,,0,,,,1.0179,-0.64,1.0044,-275.50,1,30.0,hold:DY,+0.000,+0.000,-0.215,+0.000,1100,0,
1785506579.1858,2026-07-31T10:02:59.185,120.989,1218,,,,0,,,,1.0209,-0.73,1.0074,-275.60,1,30.0,hold:DY,+0.000,+0.000,-0.205,+0.000,1100,0,
1785506579.2833,2026-07-31T10:02:59.283,121.087,1219,,,,0,,,,1.0251,-0.90,1.0116,-275.77,1,30.0,hold:DY,+0.000,+0.000,-0.198,+0.000,1100,0,
1785506579.3825,2026-07-31T10:02:59.382,121.186,1220,,,,0,,,,1.0296,-1.01,1.0162,-275.88,1,30.0,hold:DY,+0.000,+0.000,-0.185,+0.000,1100,0,
1785506579.4816,2026-07-31T10:02:59.481,121.285,1221,,,,0,,,,1.0345,-1.23,1.0211,-276.10,1,30.0,hold:DY,+0.000,+0.000,-0.190,+0.000,1100,0,
1785506579.5800,2026-07-31T10:02:59.579,121.384,1222,,,,0,,,,1.0363,-1.47,1.0228,-276.34,1,30.0,hold:DY,+0.000,+0.000,-0.176,+0.000,1100,0,
1785506579.6798,2026-07-31T10:02:59.679,121.483,1223,,,,0,,,,1.0405,-1.61,1.0270,-276.47,1,30.0,hold:DY,+0.000,+0.000,-0.160,+0.000,1100,0,
1785506579.7782,2026-07-31T10:02:59.778,121.582,1224,,,,0,,,,1.0435,-1.88,1.0300,-276.74,1,30.0,hold:DY,+0.000,+0.000,-0.160,+0.000,1100,0,
1785506579.8772,2026-07-31T10:02:59.877,121.681,1225,,,,0,,,,1.0449,-2.01,1.0314,-276.88,1,30.0,hold:DY,+0.000,+0.000,-0.148,-0.036,1100,0,
1785506579.9761,2026-07-31T10:02:59.976,121.780,1226,,,,0,,,,1.0502,-2.29,1.0367,-277.15,1,30.0,hold:DY,+0.000,+0.000,-0.141,-0.040,1100,0,
1785506580.0754,2026-07-31T10:03:00.075,121.879,1227,,,,0,,,,1.0513,-2.44,1.0379,-277.31,1,30.0,hold:DY,+0.000,+0.000,-0.131,-0.046,1100,0,
1785506580.1740,2026-07-31T10:03:00.173,121.978,1228,,,,0,,,,1.0555,-2.74,1.0420,-277.60,1,30.0,hold:DY,+0.000,+0.000,-0.113,-0.050,1100,0,
1785506580.2736,2026-07-31T10:03:00.273,122.077,1229,,,,0,,,,1.0602,-3.03,1.0467,-277.90,1,30.0,hold:DY,+0.000,+0.000,-0.121,-0.056,1100,0,
1785506580.3727,2026-07-31T10:03:00.372,122.176,1230,,,,0,,,,1.0560,-3.18,1.0425,-278.04,1,30.0,hold:DY,+0.000,+0.000,-0.115,-0.063,1100,0,
1785506580.4715,2026-07-31T10:03:00.471,122.275,1231,,,,0,,,,1.0595,-3.48,1.0460,-278.35,1,30.0,hold:DY,+0.000,+0.000,-0.099,-0.067,1100,0,
1785506580.5704,2026-07-31T10:03:00.570,122.374,1232,,,,0,,,,1.0655,-3.63,1.0521,-278.50,1,30.0,hold:DY,+0.000,+0.000,-0.091,-0.073,1100,0,
1785506580.6691,2026-07-31T10:03:00.669,122.473,1233,,,,0,,,,1.0606,-3.94,1.0472,-278.81,1,30.0,hold:DY,+0.000,+0.000,-0.098,-0.078,1100,0,
1785506580.7682,2026-07-31T10:03:00.768,122.572,1234,,,,0,,,,1.0680,-4.10,1.0545,-278.96,1,30.0,hold:DY,+0.000,+0.000,-0.081,-0.085,1100,0,
1785506580.8671,2026-07-31T10:03:00.867,122.671,1235,,,,0,,,,1.0653,-4.41,1.0518,-279.27,1,30.0,hold:DY,+0.000,+0.000,-0.086,-0.089,1100,0,
1785506580.9665,2026-07-31T10:03:00.966,122.770,1236,,,,0,,,,1.0623,-4.72,1.0489,-279.58,1,30.0,hold:DY,+0.000,+0.000,-0.085,-0.097,1100,0,
1785506581.0653,2026-07-31T10:03:01.065,122.869,1237,,,,0,,,,1.0668,-4.88,1.0533,-279.75,1,30.0,hold:DY,+0.000,+0.000,-0.076,-0.104,1100,0,
1785506581.1645,2026-07-31T10:03:01.164,122.968,1238,,,,0,,,,1.0662,-5.20,1.0528,-280.07,1,30.0,hold:DY,+0.000,+0.000,-0.074,-0.109,1100,0,
1785506581.2638,2026-07-31T10:03:01.263,123.067,1239,,,,0,,,,1.0676,-5.36,1.0541,-280.22,1,30.0,hold:DY,+0.000,+0.000,-0.069,-0.117,1100,0,
1785506581.3631,2026-07-31T10:03:01.363,123.167,1240,,,,0,,,,1.0662,-5.70,1.0527,-280.57,1,30.0,hold:DY,+0.000,+0.000,-0.069,-0.122,1100,0,
1785506581.4630,2026-07-31T10:03:01.463,123.267,1241,,,,0,,,,1.0628,-6.02,1.0493,-280.89,1,30.0,hold:DY,+0.000,+0.000,-0.066,-0.130,1100,0,
1785506581.5640,2026-07-31T10:03:01.564,123.368,1242,,,,0,,,,1.0649,-6.19,1.0514,-281.05,1,30.0,hold:DY,+0.000,+0.000,-0.066,-0.139,1100,0,
1785506581.6637,2026-07-31T10:03:01.663,123.467,1243,,,,0,,,,1.0687,-6.53,1.0553,-281.40,1,30.0,hold:DY,+0.000,+0.000,-0.061,-0.144,1100,0,
1785506581.7631,2026-07-31T10:03:01.763,123.567,1244,,,,0,,,,1.0688,-6.70,1.0553,-281.57,1,30.0,hold:DY,+0.000,+0.000,-0.053,-0.153,1100,0,
1785506581.8630,2026-07-31T10:03:01.862,123.667,1245,,,,0,,,,1.0699,-7.04,1.0564,-281.90,1,30.0,hold:DY,+0.000,+0.000,-0.054,-0.159,1100,0,
1785506581.9625,2026-07-31T10:03:01.962,123.766,1246,,,,0,,,,1.0650,-7.37,1.0515,-282.24,1,30.0,hold:DY,+0.000,+0.000,-0.053,-0.168,1100,0,
1785506582.0612,2026-07-31T10:03:02.061,123.865,1247,,,,0,,,,1.0668,-7.48,1.0534,-282.34,1,30.0,hold:DY,+0.000,+0.000,-0.049,-0.176,1100,0,
1785506582.1610,2026-07-31T10:03:02.161,123.965,1248,,,,0,,,,1.0641,-7.61,1.0506,-282.47,1,30.0,hold:DY,+0.000,+0.000,-0.042,-0.180,1100,0,
1785506582.2603,2026-07-31T10:03:02.260,124.064,1249,,,,0,,,,1.0662,-7.66,1.0527,-282.52,1,30.0,hold:DY,+0.000,+0.000,-0.045,-0.185,1100,0,
1785506582.3610,2026-07-31T10:03:02.361,124.165,1250,,,,0,,,,1.0634,-7.70,1.0499,-282.57,1,30.0,hold:DY,+0.000,+0.000,-0.050,-0.188,1100,0,
1785506582.4616,2026-07-31T10:03:02.461,124.265,1251,,,,0,,,,1.0659,-7.66,1.0524,-282.53,1,30.0,hold:DY,+0.000,+0.000,-0.044,-0.192,1100,0,
1785506582.5602,2026-07-31T10:03:02.560,124.364,1252,,,,0,,,,1.0630,-7.56,1.0495,-282.43,1,30.0,hold:DY,+0.000,+0.000,-0.044,-0.192,1100,0,
1785506582.6595,2026-07-31T10:03:02.659,124.463,1253,,,,0,,,,1.0602,-7.27,1.0468,-282.13,1,30.0,hold:DY,+0.000,+0.000,-0.050,-0.193,1100,0,
1785506582.7585,2026-07-31T10:03:02.758,124.562,1254,,,,0,,,,1.0616,-7.11,1.0481,-281.97,1,30.0,hold:DY,+0.000,+0.000,-0.042,-0.190,1100,0,
1785506582.8591,2026-07-31T10:03:02.859,124.663,1255,,,,0,,,,1.0609,-6.78,1.0474,-281.64,1,30.0,hold:DY,+0.000,+0.000,-0.042,-0.190,1100,0,
1785506582.9586,2026-07-31T10:03:02.958,124.762,1256,,,,0,,,,1.0592,-6.40,1.0457,-281.27,1,30.0,hold:DY,+0.000,+0.000,-0.042,-0.186,1100,0,
1785506583.0579,2026-07-31T10:03:03.057,124.862,1257,,,,0,,,,1.0581,-6.16,1.0446,-281.02,1,30.0,hold:DY,+0.000,+0.000,-0.042,-0.181,1100,0,
1785506583.1563,2026-07-31T10:03:03.156,124.960,1258,,,,0,,,,1.0519,-5.58,1.0385,-280.44,1,30.0,hold:DY,+0.000,+0.000,-0.051,-0.178,1100,0,
1785506583.2563,2026-07-31T10:03:03.256,125.060,1259,,,,0,,,,1.0525,-5.26,1.0391,-280.13,1,30.0,hold:DY,+0.000,+0.000,-0.049,-0.169,1100,0,
1785506583.3544,2026-07-31T10:03:03.354,125.158,1260,,,,0,,,,1.0536,-4.63,1.0401,-279.49,1,30.0,hold:DY,+0.000,+0.000,-0.048,-0.166,1100,0,
1785506583.4534,2026-07-31T10:03:03.453,125.257,1261,,,,0,,,,1.0546,-4.09,1.0411,-278.96,1,30.0,hold:DY,+0.000,+0.000,-0.051,-0.157,1100,0,
1785506583.5530,2026-07-31T10:03:03.553,125.357,1262,,,,0,,,,1.0462,-3.86,1.0327,-278.73,1,30.0,hold:DY,+0.000,+0.000,-0.055,-0.150,1100,0,
1785506583.6522,2026-07-31T10:03:03.652,125.456,1263,,,,0,,,,1.0481,-3.48,1.0346,-278.34,1,30.0,hold:DY,+0.000,+0.000,-0.051,-0.147,1100,0,
1785506583.7530,2026-07-31T10:03:03.753,125.557,1264,,,,0,,,,1.0415,-3.25,1.0280,-278.11,1,30.0,hold:DY,+0.000,+0.000,-0.061,-0.141,1100,0,
1785506583.8528,2026-07-31T10:03:03.852,125.656,1265,,,,0,,,,1.0459,-2.72,1.0325,-277.59,1,30.0,hold:DY,+0.000,+0.000,-0.045,-0.138,1100,0,
1785506583.9514,2026-07-31T10:03:03.951,125.755,1266,,,,0,,,,1.0417,-2.19,1.0282,-277.06,1,30.0,hold:DY,+0.000,+0.000,-0.049,-0.129,1100,0,
1785506584.0506,2026-07-31T10:03:04.050,125.854,1267,,,,0,,,,1.0417,-1.93,1.0283,-276.80,1,30.0,hold:DY,+0.000,+0.000,-0.055,+0.000,1100,0,
1785506584.1513,2026-07-31T10:03:04.151,125.955,1268,,,,0,,,,1.0388,-1.54,1.0253,-276.40,1,30.0,hold:DY,+0.000,+0.000,-0.056,+0.000,1100,0,
1785506584.2507,2026-07-31T10:03:04.250,126.054,1269,,,,0,,,,1.0433,-1.39,1.0298,-276.25,1,30.0,hold:DY,+0.000,+0.000,-0.049,+0.000,1100,0,
1785506584.3495,2026-07-31T10:03:04.349,126.153,1270,,,,0,,,,1.0313,-1.18,1.0178,-276.05,1,30.0,hold:DY,+0.000,+0.000,-0.059,+0.000,1100,0,
1785506584.4483,2026-07-31T10:03:04.448,126.252,1271,,,,0,,,,1.0358,-1.12,1.0224,-275.98,1,30.0,hold:DY,+0.000,+0.000,-0.061,+0.000,1100,0,
1785506584.5478,2026-07-31T10:03:04.547,126.352,1272,,,,0,,,,1.0337,-1.05,1.0202,-275.92,1,30.0,hold:DY,+0.000,+0.000,-0.064,+0.000,1100,0,
1785506584.6466,2026-07-31T10:03:04.646,126.450,1273,,,,0,,,,1.0305,-1.04,1.0170,-275.91,1,30.0,hold:DY,+0.000,+0.000,-0.073,+0.000,1100,0,
1785506584.7456,2026-07-31T10:03:04.745,126.549,1274,,,,0,,,,1.0239,-1.05,1.0104,-275.92,1,30.0,hold:DY,+0.000,+0.000,-0.081,+0.000,1100,0,
1785506584.8446,2026-07-31T10:03:04.844,126.648,1275,,,,0,,,,1.0240,-1.11,1.0105,-275.98,1,30.0,hold:DY,+0.000,+0.000,-0.080,+0.000,1100,0,
1785506584.9442,2026-07-31T10:03:04.944,126.748,1276,,,,0,,,,1.0230,-1.16,1.0096,-276.02,1,30.0,hold:DY,+0.000,+0.000,-0.081,+0.000,1100,0,
1785506585.0435,2026-07-31T10:03:05.043,126.847,1277,,,,0,,,,1.0215,-1.29,1.0080,-276.16,1,30.0,hold:DY,+0.000,+0.000,-0.073,+0.000,1100,0,
1785506585.1437,2026-07-31T10:03:05.143,126.947,1278,,,,0,,,,1.0157,-1.45,1.0022,-276.32,1,30.0,hold:DY,+0.000,+0.000,-0.089,+0.000,1100,0,
1785506585.2429,2026-07-31T10:03:05.242,127.047,1279,,,,0,,,,1.0193,-1.55,1.0059,-276.42,1,30.0,hold:DY,+0.000,+0.000,-0.087,+0.000,1100,0,
1785506585.3418,2026-07-31T10:03:05.341,127.146,1280,,,,0,,,,1.0133,-1.77,0.9999,-276.64,1,30.0,hold:DY,+0.000,+0.000,-0.090,+0.000,1100,0,
1785506585.4414,2026-07-31T10:03:05.441,127.245,1281,,,,0,,,,1.0143,-1.90,1.0008,-276.76,1,30.0,hold:DY,+0.000,+0.000,-0.097,+0.000,1100,0,
1785506585.5407,2026-07-31T10:03:05.540,127.344,1282,,,,0,,,,1.0105,-2.17,0.9970,-277.03,1,30.0,hold:DY,+0.000,+0.000,-0.111,-0.037,1100,0,
1785506585.6400,2026-07-31T10:03:05.640,127.444,1283,,,,0,,,,1.0069,-2.32,0.9935,-277.18,1,30.0,hold:DY,+0.000,+0.000,-0.111,-0.043,1100,0,
1785506585.7385,2026-07-31T10:03:05.738,127.542,1284,,,,0,,,,1.0034,-2.62,0.9899,-277.49,1,30.0,hold:DY,+0.000,+0.000,-0.118,-0.050,1100,0,
1785506585.8382,2026-07-31T10:03:05.838,127.642,1285,,,,0,,,,0.9987,-2.96,0.9853,-277.83,1,30.0,hold:DY,+0.000,+0.000,-0.120,-0.054,1100,0,
1785506585.9374,2026-07-31T10:03:05.937,127.741,1286,,,,0,,,,0.9987,-3.14,0.9853,-278.00,1,30.0,hold:DY,+0.000,+0.000,-0.128,-0.061,1100,0,
1785506586.0365,2026-07-31T10:03:06.036,127.840,1287,,,,0,,,,0.9917,-3.51,0.9783,-278.37,1,30.0,hold:DY,+0.000,+0.000,-0.135,-0.066,1100,0,
1785506586.1371,2026-07-31T10:03:06.137,127.941,1288,,,,0,,,,0.9869,-3.89,0.9735,-278.76,1,30.0,hold:DY,+0.000,+0.000,-0.143,-0.074,1100,0,
1785506586.2364,2026-07-31T10:03:06.236,128.040,1289,,,,0,,,,0.9848,-4.09,0.9714,-278.95,1,30.0,hold:DY,+0.000,+0.000,-0.156,-0.083,1100,0,
1785506586.3357,2026-07-31T10:03:06.335,128.139,1290,,,,0,,,,0.9845,-4.48,0.9711,-279.35,1,30.0,hold:DY,+0.000,+0.000,-0.156,-0.088,1100,0,
1785506586.4348,2026-07-31T10:03:06.434,128.239,1291,,,,0,,,,0.9809,-4.68,0.9674,-279.55,1,30.0,hold:DY,+0.000,+0.000,-0.163,-0.097,1100,0,
1785506586.5351,2026-07-31T10:03:06.535,128.339,1292,,,,0,,,,0.9766,-5.11,0.9631,-279.97,1,30.0,hold:DY,+0.000,+0.000,-0.158,-0.102,1100,0,
1785506586.6337,2026-07-31T10:03:06.633,128.437,1293,,,,0,,,,0.9716,-5.54,0.9581,-280.41,1,30.0,hold:DY,+0.000,+0.000,-0.170,-0.112,1100,0,
1785506586.7333,2026-07-31T10:03:06.733,128.537,1294,,,,0,,,,0.9703,-5.75,0.9568,-280.62,1,30.0,hold:DY,+0.000,+0.000,-0.187,-0.122,1100,0,
1785506586.8330,2026-07-31T10:03:06.833,128.637,1295,,,,0,,,,0.9664,-6.19,0.9529,-281.06,1,30.0,hold:DY,+0.000,+0.000,-0.181,-0.129,1100,0,
1785506586.9325,2026-07-31T10:03:06.932,128.736,1296,,,,0,,,,0.9660,-6.42,0.9525,-281.28,1,30.0,hold:DY,+0.000,+0.000,-0.198,-0.139,1100,0,
1785506587.0319,2026-07-31T10:03:07.031,128.836,1297,,,,0,,,,0.9589,-6.86,0.9455,-281.73,1,30.0,hold:DY,+0.000,+0.000,-0.199,-0.146,1100,0,
1785506587.1308,2026-07-31T10:03:07.130,128.934,1298,,,,0,,,,0.9583,-7.31,0.9449,-282.18,1,30.0,hold:DY,+0.000,+0.000,-0.218,-0.156,1100,0,
1785506587.2295,2026-07-31T10:03:07.229,129.033,1299,,,,0,,,,0.9566,-7.52,0.9431,-282.38,1,30.0,hold:DY,+0.000,+0.000,-0.221,-0.167,1100,0,
1785506587.3300,2026-07-31T10:03:07.330,129.134,1300,,,,0,,,,0.9501,-7.88,0.9367,-282.74,1,30.0,hold:DY,+0.000,+0.000,-0.238,-0.174,1100,0,
1785506587.4292,2026-07-31T10:03:07.429,129.233,1301,,,,0,,,,0.9457,-8.00,0.9322,-282.86,1,30.0,hold:DY,+0.000,+0.000,-0.247,-0.182,1100,0,
1785506587.5304,2026-07-31T10:03:07.530,129.334,1302,,,,0,,,,0.9475,-8.19,0.9340,-283.06,1,30.0,hold:DY,+0.000,+0.000,-0.247,-0.187,1100,0,
1785506587.6313,2026-07-31T10:03:07.631,129.435,1303,,,,0,,,,0.9438,-8.31,0.9303,-283.17,1,30.0,hold:DY,+0.000,+0.000,-0.252,-0.193,1100,0,
1785506587.7298,2026-07-31T10:03:07.729,129.533,1304,,,,0,,,,0.9445,-8.31,0.9310,-283.17,1,30.0,hold:DY,+0.000,+0.000,-0.256,-0.197,1100,0,
1785506587.8301,2026-07-31T10:03:07.830,129.634,1305,,,,0,,,,0.9381,-8.19,0.9246,-283.06,1,30.0,hold:DY,+0.000,+0.000,-0.265,-0.200,1100,0,
1785506587.9305,2026-07-31T10:03:07.930,129.734,1306,,,,0,,,,0.9341,-8.08,0.9207,-282.95,1,30.0,hold:DY,+0.000,+0.000,-0.281,-0.200,1100,0,
1785506588.0297,2026-07-31T10:03:08.029,129.833,1307,,,,0,,,,0.9321,-7.82,0.9187,-282.69,1,30.0,hold:DY,+0.000,+0.000,-0.287,-0.201,1100,0,
1785506588.1303,2026-07-31T10:03:08.130,129.934,1308,,,,0,,,,0.9263,-7.56,0.9128,-282.42,1,30.0,hold:DY,+0.000,+0.000,-0.297,-0.199,1100,0,
1785506588.2293,2026-07-31T10:03:08.229,130.033,1309,,,,0,,,,0.9302,-7.43,0.9167,-282.30,1,30.0,hold:DY,+0.000,+0.000,-0.298,-0.197,1100,0,
1785506588.3282,2026-07-31T10:03:08.328,130.132,1310,,,,0,,,,0.9228,-7.12,0.9093,-281.99,1,30.0,hold:DY,+0.000,+0.000,-0.318,-0.198,1100,0,
1785506588.4265,2026-07-31T10:03:08.426,130.230,1311,,,,0,,,,0.9180,-6.91,0.9045,-281.78,1,30.0,hold:DY,+0.000,+0.000,-0.328,-0.194,1100,0,
1785506588.5256,2026-07-31T10:03:08.525,130.329,1312,,,,0,,,,0.9159,-6.44,0.9024,-281.30,1,30.0,hold:DY,+0.000,+0.000,-0.335,-0.192,1100,0,
1785506588.6250,2026-07-31T10:03:08.624,130.429,1313,,,,0,,,,0.9116,-6.17,0.8981,-281.04,1,30.0,hold:DY,+0.000,+0.000,-0.348,-0.186,1100,0,
1785506588.7241,2026-07-31T10:03:08.724,130.528,1314,,,,0,,,,0.9136,-5.57,0.9001,-280.44,1,30.0,hold:DY,+0.000,+0.000,-0.347,-0.177,1100,0,
1785506588.8235,2026-07-31T10:03:08.823,130.627,1315,,,,0,,,,0.9148,-4.96,0.9013,-279.82,1,30.0,hold:DY,+0.000,+0.000,-0.354,-0.174,1100,0,
1785506588.9244,2026-07-31T10:03:08.924,130.728,1316,,,,0,,,,0.9073,-4.66,0.8938,-279.52,1,30.0,hold:DY,+0.000,+0.000,-0.367,-0.165,1100,0,
1785506589.0233,2026-07-31T10:03:09.023,130.827,1317,,,,0,,,,0.9075,-4.09,0.8940,-278.95,1,30.0,hold:DY,+0.000,+0.000,-0.371,-0.162,1100,0,
1785506589.1217,2026-07-31T10:03:09.121,130.925,1318,,,,0,,,,0.9029,-3.78,0.8894,-278.65,1,30.0,hold:DY,+0.000,+0.000,-0.383,-0.153,1100,0,
1785506589.2212,2026-07-31T10:03:09.221,131.025,1319,,,,0,,,,0.9025,-3.11,0.8890,-277.98,1,30.0,hold:DY,+0.000,+0.000,-0.382,-0.148,1100,0,
1785506589.3190,2026-07-31T10:03:09.318,131.123,1320,,,,0,,,,0.9030,-2.75,0.8895,-277.62,1,30.0,hold:DY,+0.000,+0.000,-0.390,-0.137,1100,0,
1785506589.4177,2026-07-31T10:03:09.417,131.221,1321,,,,0,,,,0.8986,-1.95,0.8851,-276.81,1,30.0,hold:DY,+0.000,+0.000,-0.403,+0.000,1100,0,
1785506589.5166,2026-07-31T10:03:09.516,131.320,1322,,,,0,,,,0.8948,-1.21,0.8813,-276.08,1,30.0,hold:DY,+0.000,+0.000,-0.407,+0.000,1100,0,
1785506589.6172,2026-07-31T10:03:09.617,131.421,1323,,,,0,,,,0.8979,-0.89,0.8844,-275.75,1,30.0,hold:DY,+0.000,+0.000,-0.413,+0.000,1100,0,
1785506589.7166,2026-07-31T10:03:09.716,131.520,1324,,,,0,,,,0.8995,-0.34,0.8860,-275.20,1,30.0,hold:DY,+0.000,+0.000,-0.412,+0.000,1100,0,
1785506589.8158,2026-07-31T10:03:09.815,131.619,1325,,,,0,,,,0.8973,0.01,0.8838,-274.85,1,30.0,hold:DY,+0.000,+0.000,-0.419,+0.000,1100,0,
1785506589.9150,2026-07-31T10:03:09.915,131.719,1326,,,,0,,,,0.8953,0.14,0.8818,-274.73,1,30.0,hold:DY,+0.000,+0.000,-0.430,+0.000,1100,0,
1785506590.0139,2026-07-31T10:03:10.013,131.818,1327,,,,0,,,,0.8986,0.29,0.8852,-274.58,1,30.0,hold:DY,+0.000,+0.000,-0.433,+0.000,1100,0,
1785506590.1146,2026-07-31T10:03:10.114,131.918,1328,,,,0,,,,0.8987,0.33,0.8852,-274.54,1,30.0,hold:DY,+0.000,+0.000,-0.431,+0.000,1100,0,
1785506590.2129,2026-07-31T10:03:10.212,132.017,1329,,,,0,,,,0.8977,0.33,0.8843,-274.54,1,30.0,hold:DY,+0.000,+0.000,-0.434,+0.000,1100,0,
1785506590.3120,2026-07-31T10:03:10.311,132.116,1330,,,,0,,,,0.9000,0.23,0.8865,-274.64,1,30.0,hold:DY,+0.000,+0.000,-0.439,+0.000,1100,0,
1785506590.4111,2026-07-31T10:03:10.411,132.215,1331,,,,0,,,,0.8981,0.15,0.8846,-274.71,1,30.0,hold:DY,+0.000,+0.000,-0.444,+0.000,1100,0,
1785506590.5097,2026-07-31T10:03:10.509,132.313,1332,,,,0,,,,0.9009,-0.06,0.8874,-274.93,1,30.0,hold:DY,+0.000,+0.000,-0.437,+0.000,1100,0,
1785506590.6091,2026-07-31T10:03:10.609,132.413,1333,,,,0,,,,0.9058,-0.19,0.8923,-275.05,1,30.0,hold:DY,+0.000,+0.000,-0.437,+0.000,1100,0,
1785506590.7092,2026-07-31T10:03:10.709,132.513,1334,,,,0,,,,0.9074,-0.49,0.8939,-275.35,1,30.0,hold:DY,+0.000,+0.000,-0.443,+0.000,1100,0,
1785506590.8084,2026-07-31T10:03:10.808,132.612,1335,,,,0,,,,0.9133,-0.83,0.8998,-275.69,1,30.0,hold:DY,+0.000,+0.000,-0.436,+0.000,1100,0,
1785506590.9073,2026-07-31T10:03:10.907,132.711,1336,,,,0,,,,0.9112,-1.02,0.8978,-275.88,1,30.0,hold:DY,+0.000,+0.000,-0.437,+0.000,1100,0,
1785506591.0066,2026-07-31T10:03:11.006,132.810,1337,,,,0,,,,0.9188,-1.42,0.9053,-276.28,1,30.0,hold:DY,+0.000,+0.000,-0.435,+0.000,1100,0,
1785506591.1058,2026-07-31T10:03:11.105,132.910,1338,,,,0,,,,0.9229,-1.63,0.9094,-276.49,1,30.0,hold:DY,+0.000,+0.000,-0.420,+0.000,1100,0,
1785506591.2061,2026-07-31T10:03:11.206,133.010,1339,,,,0,,,,0.9256,-2.06,0.9121,-276.92,1,30.0,hold:DY,+0.000,+0.000,-0.421,+0.000,1100,0,
1785506591.3054,2026-07-31T10:03:11.305,133.109,1340,,,,0,,,,0.9271,-2.27,0.9136,-277.14,1,30.0,hold:DY,+0.000,+0.000,-0.418,-0.042,1100,0,
1785506591.4040,2026-07-31T10:03:11.404,133.208,1341,,,,0,,,,0.9313,-2.74,0.9178,-277.60,1,30.0,hold:DY,+0.000,+0.000,-0.412,-0.051,1100,0,
1785506591.5032,2026-07-31T10:03:11.503,133.307,1342,,,,0,,,,0.9343,-3.18,0.9208,-278.04,1,30.0,hold:DY,+0.000,+0.000,-0.410,-0.056,1100,0,
1785506591.6022,2026-07-31T10:03:11.602,133.406,1343,,,,0,,,,0.9391,-3.41,0.9257,-278.27,1,30.0,hold:DY,+0.000,+0.000,-0.402,-0.066,1100,0,
1785506591.7015,2026-07-31T10:03:11.701,133.505,1344,,,,0,,,,0.9456,-3.86,0.9321,-278.73,1,30.0,hold:DY,+0.000,+0.000,-0.399,-0.071,1100,0,
1785506591.8018,2026-07-31T10:03:11.801,133.606,1345,,,,0,,,,0.9433,-4.09,0.9299,-278.95,1,30.0,hold:DY,+0.000,+0.000,-0.398,-0.081,1100,0,
1785506591.9023,2026-07-31T10:03:11.902,133.706,1346,,,,0,,,,0.9524,-4.52,0.9389,-279.39,1,30.0,hold:DY,+0.000,+0.000,-0.382,-0.086,1100,0,
1785506592.0014,2026-07-31T10:03:12.001,133.805,1347,,,,0,,,,0.9568,-4.96,0.9434,-279.82,1,30.0,hold:DY,+0.000,+0.000,-0.385,-0.096,1100,0,
1785506592.0998,2026-07-31T10:03:12.099,133.904,1348,,,,0,,,,0.9599,-5.17,0.9465,-280.04,1,30.0,hold:DY,+0.000,+0.000,-0.370,-0.106,1100,0,
1785506592.2006,2026-07-31T10:03:12.200,134.004,1349,,,,0,,,,0.9663,-5.60,0.9528,-280.46,1,30.0,hold:DY,+0.000,+0.000,-0.370,-0.112,1100,0,
1785506592.3000,2026-07-31T10:03:12.300,134.104,1350,,,,0,,,,0.9653,-5.81,0.9519,-280.67,1,30.0,hold:DY,+0.000,+0.000,-0.362,-0.122,1100,0,
1785506592.4007,2026-07-31T10:03:12.400,134.204,1351,,,,0,,,,0.9698,-6.22,0.9563,-281.09,1,30.0,hold:DY,+0.000,+0.000,-0.357,-0.128,1100,0,
1785506592.4990,2026-07-31T10:03:12.499,134.303,1352,,,,0,,,,0.9722,-6.44,0.9587,-281.30,1,30.0,hold:DY,+0.000,+0.000,-0.351,-0.138,1100,0,
1785506592.5998,2026-07-31T10:03:12.599,134.403,1353,,,,0,,,,0.9757,-6.86,0.9622,-281.72,1,30.0,hold:DY,+0.000,+0.000,-0.345,-0.148,1100,0,
1785506592.6991,2026-07-31T10:03:12.699,134.503,1354,,,,0,,,,0.9863,-7.28,0.9728,-282.14,1,30.0,hold:DY,+0.000,+0.000,-0.334,-0.155,1100,0,
1785506592.7980,2026-07-31T10:03:12.797,134.602,1355,,,,0,,,,0.9808,-7.49,0.9673,-282.35,1,30.0,hold:DY,+0.000,+0.000,-0.335,-0.165,1100,0,
1785506592.8983,2026-07-31T10:03:12.898,134.702,1356,,,,0,,,,0.9866,-7.87,0.9732,-282.74,1,30.0,hold:DY,+0.000,+0.000,-0.326,-0.172,1100,0,
1785506592.9970,2026-07-31T10:03:12.996,134.801,1357,,,,0,,,,0.9917,-8.01,0.9783,-282.87,1,30.0,hold:DY,+0.000,+0.000,-0.313,-0.181,1100,0,
1785506593.0967,2026-07-31T10:03:13.096,134.900,1358,,,,0,,,,0.9989,-8.20,0.9854,-283.06,1,30.0,hold:DY,+0.000,+0.000,-0.299,-0.187,1100,0,
1785506593.1951,2026-07-31T10:03:13.195,134.999,1359,,,,0,,,,0.9976,-8.32,0.9842,-283.18,1,30.0,hold:DY,+0.000,+0.000,-0.303,-0.192,1100,0,
1785506593.2947,2026-07-31T10:03:13.294,135.098,1360,,,,0,,,,1.0017,-8.34,0.9883,-283.21,1,30.0,hold:DY,+0.000,+0.000,-0.293,-0.197,1100,0,
1785506593.3932,2026-07-31T10:03:13.393,135.197,1361,,,,0,,,,1.0049,-8.22,0.9914,-283.09,1,30.0,hold:DY,+0.000,+0.000,-0.292,-0.199,1100,0,
1785506593.4937,2026-07-31T10:03:13.493,135.297,1362,,,,0,,,,1.0118,-8.10,0.9983,-282.97,1,30.0,hold:DY,+0.000,+0.000,-0.273,-0.199,1100,0,
1785506593.5922,2026-07-31T10:03:13.592,135.396,1363,,,,0,,,,1.0135,-7.80,1.0001,-282.67,1,30.0,hold:DY,+0.000,+0.000,-0.270,-0.197,1100,0,
1785506593.6913,2026-07-31T10:03:13.691,135.495,1364,,,,0,,,,1.0170,-7.49,1.0035,-282.36,1,30.0,hold:DY,+0.000,+0.000,-0.278,-0.197,1100,0,
1785506593.7904,2026-07-31T10:03:13.790,135.594,1365,,,,0,,,,1.0116,-7.33,0.9981,-282.19,1,30.0,hold:DY,+0.000,+0.000,-0.274,-0.194,1100,0,
1785506593.8899,2026-07-31T10:03:13.889,135.694,1366,,,,0,,,,1.0158,-6.98,1.0023,-281.84,1,30.0,hold:DY,+0.000,+0.000,-0.263,-0.194,1100,0,
1785506593.9892,2026-07-31T10:03:13.989,135.793,1367,,,,0,,,,1.0139,-6.73,1.0004,-281.60,1,30.0,hold:DY,+0.000,+0.000,-0.269,-0.189,1100,0,
1785506594.0886,2026-07-31T10:03:14.088,135.892,1368,,,,0,,,,1.0186,-6.21,1.0051,-281.08,1,30.0,hold:DY,+0.000,+0.000,-0.261,-0.187,1100,0,
1785506594.1872,2026-07-31T10:03:14.187,135.991,1369,,,,0,,,,1.0221,-5.67,1.0086,-280.54,1,30.0,hold:DY,+0.000,+0.000,-0.252,-0.180,1100,0,
1785506594.2858,2026-07-31T10:03:14.285,136.090,1370,,,,0,,,,1.0232,-5.37,1.0097,-280.24,1,30.0,hold:DY,+0.000,+0.000,-0.249,-0.172,1100,0,
1785506594.3843,2026-07-31T10:03:14.384,136.188,1371,,,,0,,,,1.0197,-4.78,1.0062,-279.64,1,30.0,hold:DY,+0.000,+0.000,-0.245,-0.168,1100,0,
1785506594.4849,2026-07-31T10:03:14.484,136.289,1372,,,,0,,,,1.0276,-4.48,1.0142,-279.35,1,30.0,hold:DY,+0.000,+0.000,-0.239,-0.160,1100,0,
1785506594.5844,2026-07-31T10:03:14.584,136.388,1373,,,,0,,,,1.0274,-3.89,1.0139,-278.76,1,30.0,hold:DY,+0.000,+0.000,-0.233,-0.156,1100,0,
1785506594.6832,2026-07-31T10:03:14.683,136.487,1374,,,,0,,,,1.0287,-3.15,1.0153,-278.02,1,30.0,hold:DY,+0.000,+0.000,-0.240,-0.146,1100,0,
1785506594.7830,2026-07-31T10:03:14.782,136.587,1375,,,,0,,,,1.0291,-2.71,1.0157,-277.57,1,30.0,hold:DY,+0.000,+0.000,-0.232,-0.132,1100,0,
1785506594.8835,2026-07-31T10:03:14.883,136.687,1376,,,,0,,,,1.0254,-1.83,1.0119,-276.69,1,30.0,hold:DY,+0.000,+0.000,-0.233,-0.125,1100,0,
1785506594.9831,2026-07-31T10:03:14.983,136.787,1377,,,,0,,,,1.0286,-1.41,1.0151,-276.27,1,30.0,hold:DY,+0.000,+0.000,-0.231,+0.000,1100,0,
1785506595.0836,2026-07-31T10:03:15.083,136.887,1378,,,,0,,,,1.0305,-0.73,1.0170,-275.60,1,30.0,hold:DY,+0.000,+0.000,-0.228,+0.000,1100,0,
1785506595.1824,2026-07-31T10:03:15.182,136.986,1379,,,,0,,,,1.0307,-0.26,1.0172,-275.12,1,30.0,hold:DY,+0.000,+0.000,-0.223,+0.000,1100,0,
1785506595.2828,2026-07-31T10:03:15.282,137.087,1380,,,,0,,,,1.0296,-0.09,1.0162,-274.95,1,30.0,hold:DY,+0.000,+0.000,-0.226,+0.000,1100,0,
1785506595.3827,2026-07-31T10:03:15.382,137.186,1381,,,,0,,,,1.0330,0.16,1.0195,-274.70,1,30.0,hold:DY,+0.000,+0.000,-0.218,+0.000,1100,0,
1785506595.4824,2026-07-31T10:03:15.482,137.286,1382,,,,0,,,,1.0288,0.24,1.0153,-274.63,1,30.0,hold:DY,+0.000,+0.000,-0.225,+0.000,1100,0,
1785506595.5829,2026-07-31T10:03:15.582,137.387,1383,,,,0,,,,1.0331,0.33,1.0197,-274.54,1,30.0,hold:DY,+0.000,+0.000,-0.203,+0.000,1100,0,
1785506595.6815,2026-07-31T10:03:15.681,137.485,1384,,,,0,,,,1.0339,0.34,1.0204,-274.53,1,30.0,hold:DY,+0.000,+0.000,-0.219,+0.000,1100,0,
1785506595.7807,2026-07-31T10:03:15.780,137.584,1385,,,,0,,,,1.0313,0.31,1.0178,-274.55,1,30.0,hold:DY,+0.000,+0.000,-0.216,+0.000,1100,0,
1785506595.8801,2026-07-31T10:03:15.880,137.684,1386,,,,0,,,,1.0312,0.22,1.0177,-274.64,1,30.0,hold:DY,+0.000,+0.000,-0.218,+0.000,1100,0,
1785506595.9797,2026-07-31T10:03:15.979,137.783,1387,,,,0,,,,1.0292,0.16,1.0157,-274.71,1,30.0,hold:DY,+0.000,+0.000,-0.218,+0.000,1100,0,
1785506596.0782,2026-07-31T10:03:16.078,137.882,1388,,,,0,,,,1.0305,-0.02,1.0170,-274.89,1,30.0,hold:DY,+0.000,+0.000,-0.209,+0.000,1100,0,
1785506596.1787,2026-07-31T10:03:16.178,137.982,1389,,,,0,,,,1.0310,-0.13,1.0175,-275.00,1,30.0,hold:DY,+0.000,+0.000,-0.212,+0.000,1100,0,
1785506596.2788,2026-07-31T10:03:16.278,138.082,1390,,,,0,,,,1.0283,-0.40,1.0148,-275.26,1,30.0,hold:DY,+0.000,+0.000,-0.216,+0.000,1100,0,
1785506596.3777,2026-07-31T10:03:16.377,138.181,1391,,,,0,,,,1.0300,-0.71,1.0165,-275.57,1,30.0,hold:DY,+0.000,+0.000,-0.214,+0.000,1100,0,
1785506596.4765,2026-07-31T10:03:16.476,138.280,1392,,,,0,,,,1.0262,-0.88,1.0127,-275.74,1,30.0,hold:DY,+0.000,+0.000,-0.218,+0.000,1100,0,
1785506596.5768,2026-07-31T10:03:16.576,138.380,1393,,,,0,,,,1.0285,-1.22,1.0150,-276.09,1,30.0,hold:DY,+0.000,+0.000,-0.216,+0.000,1100,0,
1785506596.6761,2026-07-31T10:03:16.676,138.480,1394,,,,0,,,,1.0285,-1.41,1.0150,-276.28,1,30.0,hold:DY,+0.000,+0.000,-0.211,+0.000,1100,0,
1785506596.7755,2026-07-31T10:03:16.775,138.579,1395,,,,0,,,,1.0265,-1.80,1.0130,-276.67,1,30.0,hold:DY,+0.000,+0.000,-0.212,+0.000,1100,0,
1785506596.8752,2026-07-31T10:03:16.875,138.679,1396,,,,0,,,,1.0279,-2.22,1.0144,-277.08,1,30.0,hold:DY,+0.000,+0.000,-0.199,-0.037,1100,0,
1785506596.9749,2026-07-31T10:03:16.974,138.779,1397,,,,0,,,,1.0293,-2.43,1.0158,-277.30,1,30.0,hold:DY,+0.000,+0.000,-0.206,-0.045,1100,0,
1785506597.0732,2026-07-31T10:03:17.073,138.877,1398,,,,0,,,,1.0233,-2.88,1.0098,-277.74,1,30.0,hold:DY,+0.000,+0.000,-0.220,-0.050,1100,0,
1785506597.1726,2026-07-31T10:03:17.172,138.976,1399,,,,0,,,,1.0209,-3.09,1.0074,-277.95,1,30.0,hold:DY,+0.000,+0.000,-0.221,-0.059,1100,0,
1785506597.2715,2026-07-31T10:03:17.271,139.075,1400,,,,0,,,,1.0174,-3.55,1.0039,-278.41,1,30.0,hold:DY,+0.000,+0.000,-0.221,-0.065,1100,0,
1785506597.3711,2026-07-31T10:03:17.371,139.175,1401,,,,0,,,,1.0200,-4.01,1.0065,-278.88,1,30.0,hold:DY,+0.000,+0.000,-0.231,-0.074,1100,0,
1785506597.4716,2026-07-31T10:03:17.471,139.275,1402,,,,0,,,,1.0136,-4.25,1.0001,-279.11,1,30.0,hold:DY,+0.000,+0.000,-0.234,-0.085,1100,0,
1785506597.5702,2026-07-31T10:03:17.570,139.374,1403,,,,0,,,,1.0152,-4.71,1.0017,-279.58,1,30.0,hold:DY,+0.000,+0.000,-0.225,-0.090,1100,0,
1785506597.6706,2026-07-31T10:03:17.670,139.474,1404,,,,0,,,,1.0144,-4.96,1.0010,-279.83,1,30.0,hold:DY,+0.000,+0.000,-0.232,-0.101,1100,0,
1785506597.7697,2026-07-31T10:03:17.769,139.573,1405,,,,0,,,,1.0121,-5.46,0.9986,-280.33,1,30.0,hold:DY,+0.000,+0.000,-0.237,-0.112,1100,0,
1785506597.8691,2026-07-31T10:03:17.869,139.673,1406,,,,0,,,,1.0097,-5.97,0.9962,-280.84,1,30.0,hold:DY,+0.000,+0.000,-0.242,-0.119,1100,0,
1785506597.9695,2026-07-31T10:03:17.969,139.773,1407,,,,0,,,,1.0096,-6.25,0.9962,-281.11,1,30.0,hold:DY,+0.000,+0.000,-0.242,-0.131,1100,0,
1785506598.0690,2026-07-31T10:03:18.069,139.873,1408,,,,0,,,,1.0088,-6.74,0.9953,-281.61,1,30.0,hold:DY,+0.000,+0.000,-0.249,-0.138,1100,0,
1785506598.1674,2026-07-31T10:03:18.167,139.971,1409,,,,0,,,,1.0021,-6.99,0.9886,-281.85,1,30.0,hold:DY,+0.000,+0.000,-0.257,-0.149,1100,0,
1785506598.2679,2026-07-31T10:03:18.267,140.072,1410,,,,0,,,,1.0019,-7.50,0.9885,-282.37,1,30.0,hold:DY,+0.000,+0.000,-0.257,-0.162,1100,0,
1785506598.3666,2026-07-31T10:03:18.366,140.170,1411,,,,0,,,,0.9976,-8.03,0.9841,-282.90,1,30.0,hold:DY,+0.000,+0.000,-0.268,-0.169,1100,0,
1785506598.4672,2026-07-31T10:03:18.467,140.271,1412,,,,0,,,,0.9974,-8.27,0.9839,-283.13,1,30.0,hold:DY,+0.000,+0.000,-0.266,-0.182,1100,0,
1785506598.5663,2026-07-31T10:03:18.566,140.370,1413,,,,0,,,,0.9941,-8.62,0.9806,-283.49,1,30.0,hold:DY,+0.000,+0.000,-0.277,-0.188,1100,0,
1785506598.6660,2026-07-31T10:03:18.666,140.470,1414,,,,0,,,,0.9904,-8.77,0.9769,-283.63,1,30.0,hold:DY,+0.000,+0.000,-0.280,-0.197,1100,0,
1785506598.7660,2026-07-31T10:03:18.766,140.570,1415,,,,0,,,,0.9852,-9.01,0.9717,-283.87,1,30.0,hold:DY,+0.000,+0.000,-0.291,-0.205,1100,0,
1785506598.8646,2026-07-31T10:03:18.864,140.668,1416,,,,0,,,,0.9858,-9.06,0.9724,-283.93,1,30.0,hold:DY,+0.000,+0.000,-0.283,-0.210,1100,0,
1785506598.9642,2026-07-31T10:03:18.964,140.768,1417,,,,0,,,,0.9809,-9.02,0.9674,-283.89,1,30.0,hold:DY,+0.000,+0.000,-0.299,-0.213,1100,0,
1785506599.0633,2026-07-31T10:03:19.063,140.867,1418,,,,0,,,,0.9789,-8.87,0.9654,-283.74,1,30.0,hold:DY,+0.000,+0.000,-0.296,-0.215,1100,0,
1785506599.1634,2026-07-31T10:03:19.163,140.967,1419,,,,0,,,,0.9800,-8.79,0.9666,-283.65,1,30.0,hold:DY,+0.000,+0.000,-0.302,-0.216,1100,0,
1785506599.2626,2026-07-31T10:03:19.262,141.066,1420,,,,0,,,,0.9745,-8.58,0.9610,-283.45,1,30.0,hold:DY,+0.000,+0.000,-0.309,-0.217,1100,0,
1785506599.3620,2026-07-31T10:03:19.362,141.166,1421,,,,0,,,,0.9719,-8.41,0.9584,-283.28,1,30.0,hold:DY,+0.000,+0.000,-0.314,-0.217,1100,0,
1785506599.4611,2026-07-31T10:03:19.461,141.265,1422,,,,0,,,,0.9735,-8.30,0.9600,-283.17,1,30.0,hold:DY,+0.000,+0.000,-0.317,-0.217,1100,0,
1785506599.5594,2026-07-31T10:03:19.559,141.363,1423,,,,0,,,,0.9674,-8.05,0.9539,-282.91,1,30.0,hold:DY,+0.000,+0.000,-0.329,-0.218,1100,0,
1785506599.6586,2026-07-31T10:03:19.658,141.462,1424,,,,0,,,,0.9695,-7.89,0.9560,-282.76,1,30.0,hold:DY,+0.000,+0.000,-0.328,-0.216,1100,0,
1785506599.7578,2026-07-31T10:03:19.757,141.562,1425,,,,0,,,,0.9661,-7.51,0.9526,-282.38,1,30.0,hold:DY,+0.000,+0.000,-0.335,-0.216,1100,0,
1785506599.8572,2026-07-31T10:03:19.857,141.661,1426,,,,0,,,,0.9611,-7.03,0.9476,-281.90,1,30.0,hold:DY,+0.000,+0.000,-0.347,-0.211,1100,0,
1785506599.9554,2026-07-31T10:03:19.955,141.759,1427,,,,0,,,,0.9570,-6.79,0.9435,-281.66,1,30.0,hold:DY,+0.000,+0.000,-0.349,-0.209,1100,0,
1785506600.0550,2026-07-31T10:03:20.055,141.859,1428,,,,0,,,,0.9610,-6.34,0.9475,-281.21,1,30.0,hold:DY,+0.000,+0.000,-0.344,-0.204,1100,0,
1785506600.1550,2026-07-31T10:03:20.155,141.959,1429,,,,0,,,,0.9575,-6.13,0.9440,-281.00,1,30.0,hold:DY,+0.000,+0.000,-0.359,-0.198,1100,0,
1785506600.2541,2026-07-31T10:03:20.254,142.058,1430,,,,0,,,,0.9569,-5.73,0.9434,-280.60,1,30.0,hold:DY,+0.000,+0.000,-0.354,-0.197,1100,0,
1785506600.3523,2026-07-31T10:03:20.352,142.156,1431,,,,0,,,,0.9559,-5.48,0.9425,-280.35,1,30.0,hold:DY,+0.000,+0.000,-0.366,-0.191,1100,0,
1785506600.4514,2026-07-31T10:03:20.451,142.255,1432,,,,0,,,,0.9553,-4.95,0.9418,-279.82,1,30.0,hold:DY,+0.000,+0.000,-0.372,-0.189,1100,0,
1785506600.5506,2026-07-31T10:03:20.550,142.354,1433,,,,0,,,,0.9528,-4.69,0.9394,-279.55,1,30.0,hold:DY,+0.000,+0.000,-0.375,-0.181,1100,0,
1785506600.6497,2026-07-31T10:03:20.649,142.453,1434,,,,0,,,,0.9493,-4.23,0.9358,-279.10,1,30.0,hold:DY,+0.000,+0.000,-0.384,-0.175,1100,0,
1785506600.7491,2026-07-31T10:03:20.749,142.553,1435,,,,0,,,,0.9526,-3.87,0.9391,-278.73,1,30.0,hold:DY,+0.000,+0.000,-0.377,-0.173,1100,0,
1785506600.8476,2026-07-31T10:03:20.847,142.651,1436,,,,0,,,,0.9528,-3.61,0.9393,-278.47,1,30.0,hold:DY,+0.000,+0.000,-0.381,-0.166,1100,0,
1785506600.9479,2026-07-31T10:03:20.947,142.752,1437,,,,0,,,,0.9494,-2.99,0.9359,-277.85,1,30.0,hold:DY,+0.000,+0.000,-0.388,-0.163,1100,0,
1785506601.0473,2026-07-31T10:03:21.047,142.851,1438,,,,0,,,,0.9491,-2.10,0.9356,-276.97,1,30.0,hold:DY,+0.000,+0.000,-0.398,-0.150,1100,0,
1785506601.1470,2026-07-31T10:03:21.147,142.951,1439,,,,0,,,,0.9488,-1.64,0.9353,-276.50,1,30.0,hold:DY,+0.000,+0.000,-0.395,+0.000,1100,0,
1785506601.2455,2026-07-31T10:03:21.245,143.049,1440,,,,0,,,,0.9496,-0.82,0.9361,-275.68,1,30.0,hold:DY,+0.000,+0.000,-0.401,+0.000,1100,0,
1785506601.3452,2026-07-31T10:03:21.345,143.149,1441,,,,0,,,,0.9522,-0.45,0.9387,-275.31,1,30.0,hold:DY,+0.000,+0.000,-0.393,+0.000,1100,0,
1785506601.4443,2026-07-31T10:03:21.444,143.248,1442,,,,0,,,,0.9521,0.11,0.9386,-274.76,1,30.0,hold:DY,+0.000,+0.000,-0.404,+0.000,1100,0,
1785506601.5427,2026-07-31T10:03:21.542,143.346,1443,,,,0,,,,0.9532,0.43,0.9397,-274.44,1,30.0,hold:DY,+0.000,+0.000,-0.397,+0.000,1100,0,
1785506601.6416,2026-07-31T10:03:21.641,143.445,1444,,,,0,,,,0.9565,0.51,0.9430,-274.36,1,30.0,hold:DY,+0.000,+0.000,-0.390,+0.000,1100,0,
1785506601.7412,2026-07-31T10:03:21.741,143.545,1445,,,,0,,,,0.9595,0.55,0.9460,-274.32,1,30.0,hold:DY,+0.000,+0.000,-0.388,+0.000,1100,0,
1785506601.8404,2026-07-31T10:03:21.840,143.644,1446,,,,0,,,,0.9561,0.53,0.9426,-274.34,1,30.0,hold:DY,+0.000,+0.000,-0.394,+0.000,1100,0,
1785506601.9386,2026-07-31T10:03:21.938,143.742,1447,,,,0,,,,0.9609,0.39,0.9474,-274.48,1,30.0,hold:DY,+0.000,+0.000,-0.388,+0.000,1100,0,
1785506602.0387,2026-07-31T10:03:22.038,143.842,1448,,,,0,,,,0.9610,0.28,0.9476,-274.58,1,30.0,hold:DY,+0.000,+0.000,-0.387,+0.000,1100,0,
1785506602.1382,2026-07-31T10:03:22.138,143.942,1449,,,,0,,,,0.9609,0.02,0.9474,-274.85,1,30.0,hold:DY,+0.000,+0.000,-0.389,+0.000,1100,0,
1785506602.2367,2026-07-31T10:03:22.236,144.040,1450,,,,0,,,,0.9626,-0.31,0.9492,-275.18,1,30.0,hold:DY,+0.000,+0.000,-0.390,+0.000,1100,0,
1785506602.3368,2026-07-31T10:03:22.336,144.141,1451,,,,0,,,,0.9586,-0.51,0.9451,-275.37,1,30.0,hold:DY,+0.000,+0.000,-0.397,+0.000,1100,0,
1785506602.4360,2026-07-31T10:03:22.436,144.240,1452,,,,0,,,,0.9671,-0.92,0.9537,-275.79,1,30.0,hold:DY,+0.000,+0.000,-0.384,+0.000,1100,0,
1785506602.5350,2026-07-31T10:03:22.534,144.339,1453,,,,0,,,,0.9684,-1.14,0.9549,-276.01,1,30.0,hold:DY,+0.000,+0.000,-0.380,+0.000,1100,0,
1785506602.6345,2026-07-31T10:03:22.634,144.438,1454,,,,0,,,,0.9709,-1.62,0.9574,-276.49,1,30.0,hold:DY,+0.000,+0.000,-0.376,+0.000,1100,0,
1785506602.7338,2026-07-31T10:03:22.733,144.537,1455,,,,0,,,,0.9712,-2.13,0.9577,-276.99,1,30.0,hold:DY,+0.000,+0.000,-0.382,+0.000,1100,0,
1785506602.8340,2026-07-31T10:03:22.834,144.638,1456,,,,0,,,,0.9764,-2.39,0.9629,-277.26,1,30.0,hold:DY,+0.000,+0.000,-0.367,-0.044,1100,0,
1785506602.9333,2026-07-31T10:03:22.933,144.737,1457,,,,0,,,,0.9775,-2.95,0.9640,-277.81,1,30.0,hold:DY,+0.000,+0.000,-0.367,-0.050,1100,0,
1785506603.0320,2026-07-31T10:03:23.032,144.836,1458,,,,0,,,,0.9788,-3.25,0.9653,-278.11,1,30.0,hold:DY,+0.000,+0.000,-0.364,-0.062,1100,0,
1785506603.1315,2026-07-31T10:03:23.131,144.935,1459,,,,0,,,,0.9805,-3.84,0.9670,-278.70,1,30.0,hold:DY,+0.000,+0.000,-0.372,-0.068,1100,0,
1785506603.2307,2026-07-31T10:03:23.230,145.034,1460,,,,0,,,,0.9846,-4.46,0.9711,-279.32,1,30.0,hold:DY,+0.000,+0.000,-0.355,-0.081,1100,0,
1785506603.3308,2026-07-31T10:03:23.330,145.135,1461,,,,0,,,,0.9821,-4.77,0.9686,-279.63,1,30.0,hold:DY,+0.000,+0.000,-0.359,-0.094,1100,0,
1785506603.4325,2026-07-31T10:03:23.432,145.236,1462,,,,0,,,,0.9912,-5.40,0.9777,-280.27,1,30.0,hold:DY,+0.000,+0.000,-0.341,-0.101,1100,0,
1785506603.5311,2026-07-31T10:03:23.531,145.335,1463,,,,0,,,,0.9885,-5.72,0.9750,-280.58,1,30.0,hold:DY,+0.000,+0.000,-0.346,-0.115,1100,0,
1785506603.6298,2026-07-31T10:03:23.629,145.433,1464,,,,0,,,,0.9914,-6.37,0.9779,-281.23,1,30.0,hold:DY,+0.000,+0.000,-0.339,-0.123,1100,0,
1785506603.7288,2026-07-31T10:03:23.728,145.533,1465,,,,0,,,,0.9925,-6.68,0.9790,-281.55,1,30.0,hold:DY,+0.000,+0.000,-0.338,-0.137,1100,0,
1785506603.8293,2026-07-31T10:03:23.829,145.633,1466,,,,0,,,,0.9949,-7.32,0.9814,-282.19,1,30.0,hold:DY,+0.000,+0.000,-0.333,-0.152,1100,0,
1785506603.9283,2026-07-31T10:03:23.928,145.732,1467,,,,0,,,,0.9966,-7.98,0.9831,-282.85,1,30.0,hold:DY,+0.000,+0.000,-0.336,-0.161,1100,0,
1785506604.0285,2026-07-31T10:03:24.028,145.832,1468,,,,0,,,,0.9962,-8.31,0.9827,-283.18,1,30.0,hold:DY,+0.000,+0.000,-0.330,-0.176,1100,0,
1785506604.1271,2026-07-31T10:03:24.127,145.931,1469,,,,0,,,,0.9955,-8.87,0.9821,-283.74,1,30.0,hold:DY,+0.000,+0.000,-0.322,-0.185,1100,0,
1785506604.2272,2026-07-31T10:03:24.227,146.031,1470,,,,0,,,,1.0005,-9.10,0.9870,-283.97,1,30.0,hold:DY,+0.000,+0.000,-0.322,-0.197,1100,0,
1785506604.3274,2026-07-31T10:03:24.327,146.131,1471,,,,0,,,,1.0025,-9.49,0.9890,-284.35,1,30.0,hold:DY,+0.000,+0.000,-0.318,-0.204,1100,0,
1785506604.4257,2026-07-31T10:03:24.425,146.229,1472,,,,0,,,,1.0032,-9.67,0.9898,-284.53,1,30.0,hold:DY,+0.000,+0.000,-0.321,-0.213,1100,0,
1785506604.5263,2026-07-31T10:03:24.526,146.330,1473,,,,0,,,,1.0034,-9.70,0.9900,-284.56,1,30.0,hold:DY,+0.000,+0.000,-0.316,-0.219,1100,0,
1785506604.6247,2026-07-31T10:03:24.624,146.428,1474,,,,0,,,,1.0061,-9.68,0.9926,-284.55,1,30.0,hold:DY,+0.000,+0.000,-0.313,-0.223,1100,0,
1785506604.7249,2026-07-31T10:03:24.724,146.529,1475,,,,0,,,,1.0030,-9.62,0.9895,-284.49,1,30.0,hold:DY,+0.000,+0.000,-0.317,-0.225,1100,0,
1785506604.8266,2026-07-31T10:03:24.826,146.630,1476,,,,0,,,,1.0049,-9.49,0.9914,-284.36,1,30.0,hold:DY,+0.000,+0.000,-0.313,-0.227,1100,0,
1785506604.9249,2026-07-31T10:03:24.924,146.729,1477,,,,0,,,,1.0075,-9.28,0.9941,-284.14,1,30.0,hold:DY,+0.000,+0.000,-0.307,-0.229,1100,0,
1785506605.0244,2026-07-31T10:03:25.024,146.828,1478,,,,0,,,,1.0095,-9.13,0.9960,-284.00,1,30.0,hold:DY,+0.000,+0.000,-0.304,-0.228,1100,0,
1785506605.1244,2026-07-31T10:03:25.124,146.928,1479,,,,0,,,,1.0126,-8.88,0.9991,-283.74,1,30.0,hold:DY,+0.000,+0.000,-0.306,-0.229,1100,0,
1785506605.2235,2026-07-31T10:03:25.223,147.027,1480,,,,0,,,,1.0071,-8.76,0.9936,-283.62,1,30.0,hold:DY,+0.000,+0.000,-0.309,-0.228,1100,0,
1785506605.3213,2026-07-31T10:03:25.321,147.125,1481,,,,0,,,,1.0080,-8.54,0.9945,-283.40,1,30.0,hold:DY,+0.000,+0.000,-0.307,-0.228,1100,0,
1785506605.4199,2026-07-31T10:03:25.419,147.224,1482,,,,0,,,,1.0142,-8.23,1.0008,-283.10,1,30.0,hold:DY,+0.000,+0.000,-0.299,-0.228,1100,0,
1785506605.5201,2026-07-31T10:03:25.520,147.324,1483,,,,0,,,,1.0130,-8.04,0.9995,-282.91,1,30.0,hold:DY,+0.000,+0.000,-0.297,-0.225,1100,0,
1785506605.6205,2026-07-31T10:03:25.620,147.424,1484,,,,0,,,,1.0143,-7.61,1.0009,-282.47,1,30.0,hold:DY,+0.000,+0.000,-0.296,-0.225,1100,0,
1785506605.7192,2026-07-31T10:03:25.719,147.523,1485,,,,0,,,,1.0189,-7.19,1.0054,-282.05,1,30.0,hold:DY,+0.000,+0.000,-0.288,-0.220,1100,0,
1785506605.8180,2026-07-31T10:03:25.818,147.622,1486,,,,0,,,,1.0113,-7.00,0.9978,-281.87,1,30.0,hold:DY,+0.000,+0.000,-0.300,-0.215,1100,0,
1785506605.9183,2026-07-31T10:03:25.918,147.722,1487,,,,0,,,,1.0149,-6.66,1.0014,-281.53,1,30.0,hold:DY,+0.000,+0.000,-0.291,-0.215,1100,0,
1785506606.0184,2026-07-31T10:03:26.018,147.822,1488,,,,0,,,,1.0142,-6.51,1.0007,-281.38,1,30.0,hold:DY,+0.000,+0.000,-0.294,-0.212,1100,0,
1785506606.1205,2026-07-31T10:03:26.120,147.924,1489,,,,0,,,,1.0166,-6.16,1.0031,-281.02,1,30.0,hold:DY,+0.000,+0.000,-0.293,-0.212,1100,0,
1785506606.2192,2026-07-31T10:03:26.219,148.023,1490,,,,0,,,,1.0157,-5.96,1.0022,-280.83,1,30.0,hold:DY,+0.000,+0.000,-0.292,-0.207,1100,0,
1785506606.3179,2026-07-31T10:03:26.317,148.122,1491,,,,0,,,,1.0142,-5.52,1.0007,-280.38,1,30.0,hold:DY,+0.000,+0.000,-0.295,-0.201,1100,0,
1785506606.4187,2026-07-31T10:03:26.418,148.222,1492,,,,0,,,,1.0132,-4.86,0.9997,-279.73,1,30.0,hold:DY,+0.000,+0.000,-0.287,-0.198,1100,0,
1785506606.5169,2026-07-31T10:03:26.516,148.321,1493,,,,0,,,,1.0146,-4.50,1.0011,-279.36,1,30.0,hold:DY,+0.000,+0.000,-0.294,-0.187,1100,0,
1785506606.6173,2026-07-31T10:03:26.617,148.421,1494,,,,0,,,,1.0106,-3.69,0.9971,-278.55,1,30.0,hold:DY,+0.000,+0.000,-0.299,-0.182,1100,0,
1785506606.7163,2026-07-31T10:03:26.716,148.520,1495,,,,0,,,,1.0139,-3.32,1.0004,-278.18,1,30.0,hold:DY,+0.000,+0.000,-0.295,-0.169,1100,0,
1785506606.8158,2026-07-31T10:03:26.815,148.620,1496,,,,0,,,,1.0102,-2.74,0.9967,-277.61,1,30.0,hold:DY,+0.000,+0.000,-0.302,-0.160,1100,0,
1785506606.9151,2026-07-31T10:03:26.915,148.719,1497,,,,0,,,,1.0088,-2.25,0.9953,-277.12,1,30.0,hold:DY,+0.000,+0.000,-0.293,-0.157,1100,0,
1785506607.0156,2026-07-31T10:03:27.015,148.819,1498,,,,0,,,,1.0140,-1.99,1.0005,-276.86,1,30.0,hold:DY,+0.000,+0.000,-0.295,+0.000,1100,0,
1785506607.1151,2026-07-31T10:03:27.115,148.919,1499,,,,0,,,,1.0086,-1.49,0.9951,-276.36,1,30.0,hold:DY,+0.000,+0.000,-0.293,+0.000,1100,0,
1785506607.2155,2026-07-31T10:03:27.215,149.019,1500,,,,0,,,,1.0106,-1.25,0.9971,-276.11,1,30.0,hold:DY,+0.000,+0.000,-0.302,+0.000,1100,0,
1785506607.3147,2026-07-31T10:03:27.314,149.118,1501,,,,0,,,,1.0164,-0.85,1.0029,-275.71,1,30.0,hold:DY,+0.000,+0.000,-0.290,+0.000,1100,0,
1785506607.4138,2026-07-31T10:03:27.413,149.218,1502,,,,0,,,,1.0146,-0.62,1.0011,-275.48,1,30.0,hold:DY,+0.000,+0.000,-0.298,+0.000,1100,0,
1785506607.5136,2026-07-31T10:03:27.513,149.317,1503,,,,0,,,,1.0106,-0.56,0.9971,-275.43,1,30.0,hold:DY,+0.000,+0.000,-0.302,+0.000,1100,0,
1785506607.6120,2026-07-31T10:03:27.611,149.416,1504,,,,0,,,,1.0101,-0.53,0.9966,-275.40,1,30.0,hold:DY,+0.000,+0.000,-0.298,+0.000,1100,0,
1785506607.7116,2026-07-31T10:03:27.711,149.515,1505,,,,0,,,,1.0045,-0.56,0.9910,-275.42,1,30.0,hold:DY,+0.000,+0.000,-0.314,+0.000,1100,0,
1785506607.8099,2026-07-31T10:03:27.809,149.614,1506,,,,0,,,,1.0069,-0.69,0.9934,-275.55,1,30.0,hold:DY,+0.000,+0.000,-0.311,+0.000,1100,0,
1785506607.9093,2026-07-31T10:03:27.909,149.713,1507,,,,0,,,,1.0032,-0.79,0.9897,-275.65,1,30.0,hold:DY,+0.000,+0.000,-0.316,+0.000,1100,0,
1785506608.0095,2026-07-31T10:03:28.009,149.813,1508,,,,0,,,,1.0054,-1.03,0.9919,-275.90,1,30.0,hold:DY,+0.000,+0.000,-0.312,+0.000,1100,0,
1785506608.1082,2026-07-31T10:03:28.108,149.912,1509,,,,0,,,,1.0032,-1.34,0.9897,-276.21,1,30.0,hold:DY,+0.000,+0.000,-0.313,+0.000,1100,0,
1785506608.2079,2026-07-31T10:03:28.207,150.012,1510,,,,0,,,,1.0044,-1.53,0.9909,-276.39,1,30.0,hold:DY,+0.000,+0.000,-0.314,+0.000,1100,0,
1785506608.3084,2026-07-31T10:03:28.308,150.112,1511,,,,0,,,,1.0006,-1.94,0.9871,-276.81,1,30.0,hold:DY,+0.000,+0.000,-0.317,+0.000,1100,0,
1785506608.4077,2026-07-31T10:03:28.407,150.211,1512,,,,0,,,,1.0015,-2.17,0.9880,-277.04,1,30.0,hold:DY,+0.000,+0.000,-0.320,-0.039,1100,0,
1785506608.5060,2026-07-31T10:03:28.506,150.310,1513,,,,0,,,,1.0013,-2.66,0.9878,-277.53,1,30.0,hold:DY,+0.000,+0.000,-0.320,-0.049,1100,0,
1785506608.6056,2026-07-31T10:03:28.605,150.409,1514,,,,0,,,,0.9985,-3.18,0.9850,-278.04,1,30.0,hold:DY,+0.000,+0.000,-0.314,-0.055,1100,0,
1785506608.7041,2026-07-31T10:03:28.704,150.508,1515,,,,0,,,,0.9951,-3.46,0.9816,-278.32,1,30.0,hold:DY,+0.000,+0.000,-0.333,-0.066,1100,0,
1785506608.8044,2026-07-31T10:03:28.804,150.608,1516,,,,0,,,,0.9957,-4.03,0.9822,-278.90,1,30.0,hold:DY,+0.000,+0.000,-0.326,-0.072,1100,0,
1785506608.9032,2026-07-31T10:03:28.903,150.707,1517,,,,0,,,,1.0004,-4.34,0.9869,-279.20,1,30.0,hold:DY,+0.000,+0.000,-0.322,-0.085,1100,0,
1785506609.0027,2026-07-31T10:03:29.002,150.806,1518,,,,0,,,,0.9956,-4.96,0.9821,-279.82,1,30.0,hold:DY,+0.000,+0.000,-0.332,-0.098,1100,0,
1785506609.1012,2026-07-31T10:03:29.101,150.905,1519,,,,0,,,,0.9981,-5.56,0.9847,-280.42,1,30.0,hold:DY,+0.000,+0.000,-0.329,-0.105,1100,0,
1785506609.2005,2026-07-31T10:03:29.200,151.004,1520,,,,0,,,,0.9976,-5.86,0.9841,-280.73,1,30.0,hold:DY,+0.000,+0.000,-0.328,-0.118,1100,0,
1785506609.3000,2026-07-31T10:03:29.299,151.104,1521,,,,0,,,,0.9942,-6.50,0.9807,-281.36,1,30.0,hold:DY,+0.000,+0.000,-0.327,-0.127,1100,0,
1785506609.4000,2026-07-31T10:03:29.400,151.204,1522,,,,0,,,,0.9906,-7.13,0.9771,-281.99,1,30.0,hold:DY,+0.000,+0.000,-0.335,-0.140,1100,0,
1785506609.5019,2026-07-31T10:03:29.501,151.306,1523,,,,0,,,,0.9936,-7.45,0.9801,-282.31,1,30.0,hold:DY,+0.000,+0.000,-0.336,-0.155,1100,0,
1785506609.6004,2026-07-31T10:03:29.600,151.404,1524,,,,0,,,,0.9933,-8.10,0.9798,-282.96,1,30.0,hold:DY,+0.000,+0.000,-0.334,-0.164,1100,0,
1785506609.7009,2026-07-31T10:03:29.700,151.505,1525,,,,0,,,,0.9919,-8.44,0.9784,-283.31,1,30.0,hold:DY,+0.000,+0.000,-0.339,-0.179,1100,0,
1785506609.7995,2026-07-31T10:03:29.799,151.603,1526,,,,0,,,,0.9888,-9.00,0.9753,-283.86,1,30.0,hold:DY,+0.000,+0.000,-0.337,-0.188,1100,0,
1785506609.8987,2026-07-31T10:03:29.898,151.702,1527,,,,0,,,,0.9877,-9.43,0.9742,-284.30,1,30.0,hold:DY,+0.000,+0.000,-0.339,-0.200,1100,0,
1785506609.9975,2026-07-31T10:03:29.997,151.801,1528,,,,0,,,,0.9894,-9.60,0.9760,-284.47,1,30.0,hold:DY,+0.000,+0.000,-0.344,-0.211,1100,0,
1785506610.0970,2026-07-31T10:03:30.096,151.901,1529,,,,0,,,,0.9876,-9.79,0.9742,-284.65,1,30.0,hold:DY,+0.000,+0.000,-0.348,-0.217,1100,0,
1785506610.1952,2026-07-31T10:03:30.195,151.999,1530,,,,0,,,,0.9868,-9.82,0.9733,-284.69,1,30.0,hold:DY,+0.000,+0.000,-0.349,-0.222,1100,0,
1785506610.2954,2026-07-31T10:03:30.295,152.099,1531,,,,0,,,,0.9818,-9.82,0.9683,-284.68,1,30.0,hold:DY,+0.000,+0.000,-0.348,-0.227,1100,0,
1785506610.3946,2026-07-31T10:03:30.394,152.198,1532,,,,0,,,,0.9849,-9.69,0.9715,-284.56,1,30.0,hold:DY,+0.000,+0.000,-0.356,-0.229,1100,0,
1785506610.4940,2026-07-31T10:03:30.494,152.298,1533,,,,0,,,,0.9796,-9.59,0.9661,-284.46,1,30.0,hold:DY,+0.000,+0.000,-0.364,-0.230,1100,0,
1785506610.5925,2026-07-31T10:03:30.592,152.396,1534,,,,0,,,,0.9828,-9.35,0.9693,-284.21,1,30.0,hold:DY,+0.000,+0.000,-0.358,-0.232,1100,0,
1785506610.6927,2026-07-31T10:03:30.692,152.496,1535,,,,0,,,,0.9859,-9.22,0.9724,-284.08,1,30.0,hold:DY,+0.000,+0.000,-0.352,-0.231,1100,0,
1785506610.7921,2026-07-31T10:03:30.792,152.596,1536,,,,0,,,,0.9831,-8.98,0.9696,-283.84,1,30.0,hold:DY,+0.000,+0.000,-0.362,-0.232,1100,0,
1785506610.8912,2026-07-31T10:03:30.891,152.695,1537,,,,0,,,,0.9845,-8.89,0.9710,-283.76,1,30.0,hold:DY,+0.000,+0.000,-0.354,-0.232,1100,0,
1785506610.9908,2026-07-31T10:03:30.990,152.794,1538,,,,0,,,,0.9833,-8.67,0.9698,-283.54,1,30.0,hold:DY,+0.000,+0.000,-0.357,-0.232,1100,0,
1785506611.0910,2026-07-31T10:03:31.090,152.895,1539,,,,0,,,,0.9813,-8.37,0.9678,-283.24,1,30.0,hold:DY,+0.000,+0.000,-0.359,-0.232,1100,0,
1785506611.1896,2026-07-31T10:03:31.189,152.993,1540,,,,0,,,,0.9831,-8.20,0.9696,-283.07,1,30.0,hold:DY,+0.000,+0.000,-0.358,-0.230,1100,0,
1785506611.2872,2026-07-31T10:03:31.287,153.091,1541,,,,0,,,,0.9823,-7.84,0.9688,-282.70,1,30.0,hold:DY,+0.000,+0.000,-0.359,-0.230,1100,0,
1785506611.3872,2026-07-31T10:03:31.387,153.191,1542,,,,0,,,,0.9806,-7.65,0.9672,-282.52,1,30.0,hold:DY,+0.000,+0.000,-0.362,-0.226,1100,0,
1785506611.4883,2026-07-31T10:03:31.488,153.292,1543,,,,0,,,,0.9792,-7.26,0.9657,-282.13,1,30.0,hold:DY,+0.000,+0.000,-0.366,-0.222,1100,0,
1785506611.5878,2026-07-31T10:03:31.587,153.392,1544,,,,0,,,,0.9844,-6.92,0.9709,-281.79,1,30.0,hold:DY,+0.000,+0.000,-0.355,-0.222,1100,0,
1785506611.6866,2026-07-31T10:03:31.686,153.490,1545,,,,0,,,,0.9797,-6.80,0.9663,-281.66,1,30.0,hold:DY,+0.000,+0.000,-0.365,-0.219,1100,0,
1785506611.7858,2026-07-31T10:03:31.785,153.590,1546,,,,0,,,,0.9832,-6.68,0.9697,-281.54,1,30.0,hold:DY,+0.000,+0.000,-0.357,-0.221,1100,0,
1785506611.8855,2026-07-31T10:03:31.885,153.689,1547,,,,0,,,,0.9867,-6.70,0.9732,-281.57,1,30.0,hold:DY,+0.000,+0.000,-0.351,-0.223,1100,0,
1785506611.9843,2026-07-31T10:03:31.984,153.788,1548,,,,0,,,,0.9870,-6.76,0.9735,-281.63,1,30.0,hold:DY,+0.000,+0.000,-0.357,-0.226,1100,0,
1785506612.0847,2026-07-31T10:03:32.084,153.888,1549,,,,0,,,,0.9840,-6.78,0.9705,-281.65,1,30.0,hold:DY+fwd,+1.000,+0.000,-0.357,-0.230,1100,0,
1785506612.1839,2026-07-31T10:03:32.183,153.988,1550,,,,0,,,,0.9920,-6.44,0.9785,-281.30,1,30.0,hold:DY+fwd,+1.000,+0.000,-0.341,-0.226,1100,0,
1785506612.2822,2026-07-31T10:03:32.282,154.086,1551,,,,0,,,,0.9940,-1.98,0.9806,-276.84,1,30.0,hold:DY+fwd,+1.000,+0.000,-0.338,-0.200,1100,0,
1785506612.3815,2026-07-31T10:03:32.381,154.185,1552,,,,0,,,,0.9825,0.65,0.9690,-274.22,1,30.0,hold:DY+fwd,+1.000,+0.000,-0.360,+0.000,1100,0,
1785506612.4813,2026-07-31T10:03:32.481,154.285,1553,,,,0,,,,0.9852,3.66,0.9718,-271.21,1,30.0,hold:DY+fwd,+1.000,+0.000,-0.351,+0.046,1100,0,
1785506612.5820,2026-07-31T10:03:32.582,154.386,1554,,,,0,,,,0.9930,4.31,0.9796,-270.55,1,30.0,hold:DY+fwd,+1.000,+0.000,-0.339,+0.080,1100,0,
1785506612.6813,2026-07-31T10:03:32.681,154.485,1555,,,,0,,,,1.0001,4.99,0.9867,-269.88,1,30.0,hold:DY+fwd,+1.000,+0.000,-0.335,+0.089,1100,0,
1785506612.7813,2026-07-31T10:03:32.781,154.585,1556,,,,0,,,,0.9965,5.10,0.9830,-269.76,1,30.0,hold:DY+fwd,+1.000,+0.000,-0.342,+0.098,1100,0,
1785506612.8807,2026-07-31T10:03:32.880,154.684,1557,,,,0,,,,0.9966,5.09,0.9832,-269.78,1,30.0,hold:DY+fwd,+1.000,+0.000,-0.331,+0.100,1100,0,
1785506612.9810,2026-07-31T10:03:32.980,154.785,1558,,,,0,,,,0.9921,4.64,0.9786,-270.22,1,30.0,hold:DY+fwd,+1.000,+0.000,-0.333,+0.099,1100,0,
1785506613.0815,2026-07-31T10:03:33.081,154.885,1559,,,,0,,,,0.9999,4.20,0.9864,-270.67,1,30.0,hold:DY+fwd,+1.000,+0.000,-0.325,+0.087,1100,0,
1785506613.1804,2026-07-31T10:03:33.180,154.984,1560,,,,0,,,,0.9751,3.01,0.9617,-271.85,1,30.0,hold:DY+fwd,+1.000,+0.000,-0.375,+0.068,1100,0,
1785506613.2803,2026-07-31T10:03:33.280,155.084,1561,,,,0,,,,0.9700,1.69,0.9565,-273.18,1,30.0,hold:DY+fwd,+1.000,+0.000,-0.372,+0.057,1100,0,
1785506613.3799,2026-07-31T10:03:33.379,155.184,1562,,,,0,,,,0.9676,1.06,0.9541,-273.80,1,30.0,hold:DY+fwd,+1.000,+0.000,-0.392,+0.000,1100,0,
1785506613.4791,2026-07-31T10:03:33.479,155.283,1563,,,,0,,,,0.9553,0.31,0.9419,-274.56,1,30.0,hold:DY+fwd,+1.000,+0.000,-0.402,+0.000,1100,0,
1785506613.5778,2026-07-31T10:03:33.577,155.382,1564,,,,0,,,,0.9389,-0.12,0.9254,-274.99,1,30.0,hold:DY+fwd,+1.000,+0.000,-0.420,+0.000,1100,0,
1785506613.6765,2026-07-31T10:03:33.676,155.480,1565,,,,0,,,,0.9474,-0.25,0.9339,-275.11,1,30.0,hold:DY+fwd,+1.000,+0.000,-0.438,+0.000,1100,0,
1785506613.7760,2026-07-31T10:03:33.776,155.580,1566,,,,0,,,,0.9516,-0.38,0.9381,-275.25,1,30.0,hold:DY+fwd,+1.000,+0.000,-0.454,+0.000,1100,0,
1785506613.8746,2026-07-31T10:03:33.874,155.678,1567,,,,0,,,,0.9321,-0.36,0.9186,-275.23,1,30.0,hold:DY+fwd,+1.000,+0.000,-0.473,+0.000,1100,0,
1785506613.9740,2026-07-31T10:03:33.974,155.778,1568,,,,0,,,,0.9445,-0.17,0.9311,-275.03,1,30.0,hold:DY+fwd,+1.000,+0.000,-0.490,+0.000,1100,0,
1785506614.0743,2026-07-31T10:03:34.074,155.878,1569,,,,0,,,,0.9411,-0.00,0.9276,-274.87,1,30.0,hold:DY+fwd,+1.000,+0.000,-0.437,+0.000,1100,0,
1785506614.1734,2026-07-31T10:03:34.173,155.977,1570,,,,0,,,,0.9491,0.14,0.9356,-274.72,1,30.0,hold:DY+fwd,+1.000,+0.000,-0.446,+0.000,1100,0,
1785506614.2742,2026-07-31T10:03:34.274,156.078,1571,,,,0,,,,0.9588,0.33,0.9453,-274.54,1,30.0,hold:DY+fwd,+1.000,+0.000,-0.457,+0.000,1100,0,
1785506614.3726,2026-07-31T10:03:34.372,156.176,1572,,,,0,,,,0.9615,0.45,0.9480,-274.42,1,30.0,hold:DY+fwd,+1.000,+0.000,-0.426,+0.000,1100,0,
1785506614.4722,2026-07-31T10:03:34.472,156.276,1573,,,,0,,,,0.9520,0.66,0.9386,-274.21,1,30.0,hold:DY+fwd,+1.000,+0.000,-0.438,+0.000,1100,0,
1785506614.5707,2026-07-31T10:03:34.570,156.374,1574,,,,0,,,,0.9682,0.80,0.9548,-274.06,1,30.0,hold:DY+fwd,+1.000,+0.000,-0.415,+0.000,1100,0,
1785506614.6696,2026-07-31T10:03:34.669,156.473,1575,,,,0,,,,0.9741,1.18,0.9606,-273.69,1,30.0,hold:DY+fwd,+1.000,+0.000,-0.403,+0.000,1100,0,
1785506614.7703,2026-07-31T10:03:34.770,156.574,1576,,,,0,,,,0.9834,1.48,0.9700,-273.39,1,30.0,hold:DY+fwd,+1.000,+0.000,-0.385,+0.000,1100,0,
1785506614.8688,2026-07-31T10:03:34.868,156.673,1577,,,,0,,,,0.9846,1.64,0.9711,-273.23,1,30.0,hold:DY+fwd,+1.000,+0.000,-0.384,+0.000,1100,0,
1785506614.9678,2026-07-31T10:03:34.967,156.772,1578,,,,0,,,,1.0020,1.91,0.9886,-272.95,1,30.0,hold:DY+fwd,+1.000,+0.000,-0.355,+0.000,1100,0,
1785506615.0670,2026-07-31T10:03:35.066,156.871,1579,,,,0,,,,1.0048,2.04,0.9913,-272.83,1,30.0,hold:DY+fwd,+1.000,+0.000,-0.344,+0.037,1100,0,
1785506615.1660,2026-07-31T10:03:35.165,156.970,1580,,,,0,,,,1.0155,2.33,1.0020,-272.54,1,30.0,hold:DY+fwd,+1.000,+0.000,-0.329,+0.041,1100,0,
1785506615.2646,2026-07-31T10:03:35.264,157.068,1581,,,,0,,,,1.0070,2.37,0.9935,-272.49,1,30.0,hold:DY+fwd,+1.000,+0.000,-0.282,+0.045,1100,0,
1785506615.3644,2026-07-31T10:03:35.364,157.168,1582,,,,0,,,,1.0297,2.29,1.0162,-272.58,1,30.0,hold:DY+fwd,+1.000,+0.000,-0.339,+0.046,1100,0,
1785506615.4642,2026-07-31T10:03:35.464,157.268,1583,,,,0,,,,1.0327,1.81,1.0192,-273.06,1,30.0,hold:DY+fwd,+1.000,+0.000,-0.292,+0.041,1100,0,
1785506615.5633,2026-07-31T10:03:35.563,157.367,1584,,,,0,,,,1.0332,1.54,1.0197,-273.33,1,30.0,hold:DY+fwd,+1.000,+0.000,-0.284,+0.000,1100,0,
1785506615.6625,2026-07-31T10:03:35.662,157.466,1585,,,,0,,,,1.0524,1.20,1.0389,-273.66,1,30.0,hold:DY+fwd,+1.000,+0.000,-0.270,+0.000,1100,0,
1785506615.7624,2026-07-31T10:03:35.762,157.566,1586,,,,0,,,,1.0493,1.11,1.0358,-273.76,1,30.0,hold:DY+fwd,+1.000,+0.000,-0.248,+0.000,1100,0,
1785506615.8613,2026-07-31T10:03:35.861,157.665,1587,,,,0,,,,1.0566,0.91,1.0431,-273.95,1,30.0,hold:DY+fwd,+1.000,+0.000,-0.239,+0.000,1100,0,
1785506615.9605,2026-07-31T10:03:35.960,157.764,1588,,,,0,,,,1.0480,0.75,1.0345,-274.11,1,30.0,hold:DY+fwd,+1.000,+0.000,-0.218,+0.000,1100,0,
1785506616.0597,2026-07-31T10:03:36.059,157.863,1589,,,,0,,,,1.0676,0.75,1.0541,-274.12,1,30.0,hold:DY+fwd,+1.000,+0.000,-0.205,+0.000,1100,0,
1785506616.1588,2026-07-31T10:03:36.158,157.962,1590,,,,0,,,,1.0685,0.67,1.0550,-274.19,1,30.0,hold:DY+fwd,+1.000,+0.000,-0.206,+0.000,1100,0,
1785506616.2584,2026-07-31T10:03:36.258,158.062,1591,,,,0,,,,1.0667,0.66,1.0532,-274.20,1,30.0,hold:DY+fwd,+1.000,+0.000,-0.201,+0.000,1100,0,
1785506616.3561,2026-07-31T10:03:36.356,158.160,1592,,,,0,,,,1.0728,0.64,1.0593,-274.22,1,30.0,hold:DY+fwd,+1.000,+0.000,-0.181,+0.000,1100,0,
1785506616.4565,2026-07-31T10:03:36.456,158.260,1593,,,,0,,,,1.0889,0.65,1.0754,-274.21,1,30.0,hold:DY+fwd,+1.000,+0.000,-0.163,+0.000,1100,0,
1785506616.5556,2026-07-31T10:03:36.555,158.359,1594,,,,0,,,,1.0974,0.60,1.0839,-274.27,1,30.0,hold:DY+fwd,+1.000,+0.000,-0.131,+0.000,1100,0,
1785506616.6546,2026-07-31T10:03:36.654,158.458,1595,,,,0,,,,1.1047,0.58,1.0913,-274.29,1,30.0,hold:DY+fwd,+1.000,+0.000,-0.136,+0.000,1100,0,
1785506616.7545,2026-07-31T10:03:36.754,158.558,1596,,,,0,,,,1.1048,0.54,1.0913,-274.33,1,30.0,hold:DY+fwd,+1.000,+0.000,-0.108,+0.000,1100,0,
1785506616.8538,2026-07-31T10:03:36.853,158.658,1597,,,,0,,,,1.1074,0.44,1.0940,-274.43,1,30.0,hold:DY+fwd,+1.000,+0.000,-0.094,+0.000,1100,0,
1785506616.9534,2026-07-31T10:03:36.953,158.757,1598,,,,0,,,,1.1184,0.23,1.1049,-274.63,1,30.0,hold:DY+fwd,+1.000,+0.000,-0.066,+0.000,1100,0,
1785506617.0525,2026-07-31T10:03:37.052,158.856,1599,,,,0,,,,1.1274,0.16,1.1139,-274.70,1,30.0,hold:DY+fwd,+1.000,+0.000,-0.049,+0.000,1100,0,
1785506617.1533,2026-07-31T10:03:37.153,158.957,1600,,,,0,,,,1.1351,0.00,1.1217,-274.86,1,30.0,hold:DY+fwd,+1.000,+0.000,-0.030,+0.000,1100,0,
1785506617.2535,2026-07-31T10:03:37.253,159.057,1601,,,,0,,,,1.1394,-0.07,1.1259,-274.94,1,30.0,hold:DY+fwd,+1.000,+0.000,-0.014,+0.000,1100,0,
1785506617.3514,2026-07-31T10:03:37.351,159.155,1602,,,,0,,,,1.1433,-0.28,1.1298,-275.14,1,30.0,hold:DY+fwd,+1.000,+0.000,-0.034,+0.000,1100,0,
1785506617.4502,2026-07-31T10:03:37.450,159.254,1603,,,,0,,,,1.1611,-0.48,1.1476,-275.34,1,30.0,hold:DY+fwd,+1.000,+0.000,+0.034,+0.000,1100,0,
1785506617.5493,2026-07-31T10:03:37.549,159.353,1604,,,,0,,,,1.1614,-0.59,1.1479,-275.46,1,30.0,hold:DY+fwd,+1.000,+0.000,+0.047,+0.000,1100,0,
1785506617.6482,2026-07-31T10:03:37.648,159.452,1605,,,,0,,,,1.1661,-0.88,1.1526,-275.74,1,30.0,hold:DY+fwd,+1.000,+0.000,+0.036,+0.000,1100,0,
1785506617.7468,2026-07-31T10:03:37.746,159.550,1606,,,,0,,,,1.1746,-1.01,1.1611,-275.87,1,30.0,hold:DY+fwd,+1.000,+0.000,+0.087,+0.000,1100,0,
1785506617.8457,2026-07-31T10:03:37.845,159.649,1607,,,,0,,,,1.1703,-1.19,1.1568,-276.05,1,30.0,hold:DY+fwd,+1.000,+0.000,+0.083,+0.000,1100,0,
1785506617.9458,2026-07-31T10:03:37.945,159.750,1608,,,,0,,,,1.1689,-1.33,1.1554,-276.20,1,30.0,hold:DY+fwd,+1.000,+0.000,+0.099,+0.000,1100,0,
1785506618.0456,2026-07-31T10:03:38.045,159.849,1609,,,,0,,,,1.1787,-1.39,1.1652,-276.26,1,30.0,hold:DY+fwd,+1.000,+0.000,+0.115,+0.000,1100,0,
1785506618.1454,2026-07-31T10:03:38.145,159.949,1610,,,,0,,,,1.1774,-1.52,1.1639,-276.38,1,30.0,hold:DY+fwd,+1.000,+0.000,+0.120,+0.000,1100,0,
1785506618.2440,2026-07-31T10:03:38.243,160.048,1611,,,,0,,,,1.1720,-1.54,1.1585,-276.41,1,30.0,hold:DY+fwd,+1.000,+0.000,+0.116,+0.000,1100,0,
1785506618.3432,2026-07-31T10:03:38.343,160.147,1612,,,,0,,,,1.1743,-1.68,1.1608,-276.54,1,30.0,hold:DY+fwd,+1.000,+0.000,+0.128,+0.000,1100,0,
1785506618.4427,2026-07-31T10:03:38.442,160.246,1613,,,,0,,,,1.1610,-2.00,1.1475,-276.87,1,30.0,hold:DY+fwd,+1.000,+0.000,+0.135,+0.000,1100,0,
1785506618.5427,2026-07-31T10:03:38.542,160.346,1614,,,,0,,,,1.1596,-2.23,1.1461,-277.10,1,30.0,hold:DY+fwd,+1.000,+0.000,+0.111,-0.041,1100,0,
1785506618.6425,2026-07-31T10:03:38.642,160.446,1615,,,,0,,,,1.1647,-2.55,1.1512,-277.42,1,30.0,hold:DY+fwd,+1.000,+0.000,+0.111,-0.045,1100,0,
1785506618.7409,2026-07-31T10:03:38.740,160.545,1616,,,,0,,,,1.1550,-2.53,1.1415,-277.40,1,30.0,hold:DY+fwd,+1.000,+0.000,+0.115,-0.048,1100,0,
1785506618.8409,2026-07-31T10:03:38.840,160.645,1617,,,,0,,,,1.1445,-2.25,1.1310,-277.12,1,30.0,hold:DY+fwd,+1.000,+0.000,+0.112,-0.048,1100,0,
1785506618.9403,2026-07-31T10:03:38.940,160.744,1618,,,,0,,,,1.1341,-2.04,1.1206,-276.91,1,30.0,hold:DY+fwd,+1.000,+0.000,+0.085,-0.041,1100,0,
1785506619.0393,2026-07-31T10:03:39.039,160.843,1619,,,,0,,,,1.1292,-1.54,1.1157,-276.41,1,30.0,hold:DY+fwd,+1.000,+0.000,+0.080,+0.000,1100,0,
1785506619.1386,2026-07-31T10:03:39.138,160.942,1620,,,,0,,,,1.1125,-1.04,1.0991,-275.91,1,30.0,hold:DY+fwd,+1.000,+0.000,+0.063,+0.000,1100,0,
1785506619.2376,2026-07-31T10:03:39.237,161.041,1621,,,,0,,,,1.1013,-0.76,1.0879,-275.62,1,30.0,hold:DY+fwd,+1.000,+0.000,+0.034,+0.000,1100,0,
1785506619.3360,2026-07-31T10:03:39.336,161.140,1622,,,,0,,,,1.0845,0.04,1.0710,-274.83,1,30.0,hold:DY+fwd,+1.000,+0.000,+0.045,+0.000,1100,0,
1785506619.4348,2026-07-31T10:03:39.434,161.239,1623,,,,0,,,,1.0766,0.50,1.0631,-274.36,1,30.0,hold:DY+fwd,+1.000,+0.000,-0.008,+0.000,1100,0,
1785506619.5356,2026-07-31T10:03:39.535,161.339,1624,,,,0,,,,1.0664,1.49,1.0529,-273.37,1,30.0,hold:DY+fwd,+1.000,+0.000,+0.001,+0.000,1100,0,
1785506619.6340,2026-07-31T10:03:39.634,161.438,1625,,,,0,,,,1.0552,1.97,1.0418,-272.90,1,30.0,hold:DY+fwd,+1.000,+0.000,-0.046,+0.000,1100,0,
1785506619.7334,2026-07-31T10:03:39.733,161.537,1626,,,,0,,,,1.0576,2.72,1.0441,-272.15,1,30.0,hold:DY+fwd,+1.000,+0.000,-0.039,+0.050,1100,0,
1785506619.8323,2026-07-31T10:03:39.832,161.636,1627,,,,0,,,,1.0406,3.13,1.0272,-271.73,1,30.0,hold:DY+fwd,+1.000,+0.000,-0.044,+0.056,1100,0,
1785506619.9311,2026-07-31T10:03:39.931,161.735,1628,,,,0,,,,1.0404,3.25,1.0270,-271.61,1,30.0,hold:DY+fwd,+1.000,+0.000,-0.069,+0.062,1100,0,
1785506620.0301,2026-07-31T10:03:40.030,161.834,1629,,,,0,,,,1.0354,3.19,1.0219,-271.67,1,30.0,hold:DY+fwd,+1.000,+0.000,-0.094,+0.063,1100,0,
1785506620.1297,2026-07-31T10:03:40.129,161.933,1630,,,,0,,,,1.0281,3.10,1.0147,-271.77,1,30.0,hold:DY+fwd,+1.000,+0.000,-0.091,+0.061,1100,0,
1785506620.2280,2026-07-31T10:03:40.228,162.032,1631,,,,0,,,,1.0149,2.94,1.0015,-271.93,1,30.0,hold:DY+fwd,+1.000,+0.000,-0.108,+0.061,1100,0,
1785506620.3278,2026-07-31T10:03:40.327,162.132,1632,,,,0,,,,1.0067,2.82,0.9932,-272.04,1,30.0,hold:DY+fwd,+1.000,+0.000,-0.128,+0.060,1100,0,
1785506620.4270,2026-07-31T10:03:40.426,162.231,1633,,,,0,,,,0.9962,2.80,0.9827,-272.07,1,30.0,hold:DY+fwd,+1.000,+0.000,-0.155,+0.059,1100,0,
1785506620.5267,2026-07-31T10:03:40.526,162.330,1634,,,,0,,,,0.9958,2.88,0.9823,-271.98,1,30.0,hold:DY+fwd,+1.000,+0.000,-0.175,+0.061,1100,0,
1785506620.6252,2026-07-31T10:03:40.625,162.429,1635,,,,0,,,,0.9837,3.00,0.9702,-271.86,1,30.0,hold:DY+fwd,+1.000,+0.000,-0.180,+0.065,1100,0,
1785506620.7256,2026-07-31T10:03:40.725,162.529,1636,,,,0,,,,0.9732,3.06,0.9598,-271.80,1,30.0,hold:DY+fwd,+1.000,+0.000,-0.201,+0.068,1100,0,
1785506620.8246,2026-07-31T10:03:40.824,162.628,1637,,,,0,,,,0.9717,3.05,0.9582,-271.82,1,30.0,hold:DY+fwd,+1.000,+0.000,-0.210,+0.069,1100,0,
1785506620.9232,2026-07-31T10:03:40.923,162.727,1638,,,,0,,,,0.9621,3.04,0.9486,-271.83,1,30.0,hold:DY+fwd,+1.000,+0.000,-0.226,+0.070,1100,0,
1785506621.0225,2026-07-31T10:03:41.022,162.826,1639,,,,0,,,,0.9703,2.87,0.9568,-272.00,1,30.0,hold:DY+fwd,+1.000,+0.000,-0.231,+0.070,1100,0,
1785506621.1210,2026-07-31T10:03:41.120,162.925,1640,,,,0,,,,0.9619,2.67,0.9485,-272.19,1,30.0,hold:DY+fwd,+1.000,+0.000,-0.229,+0.065,1100,0,
1785506621.2217,2026-07-31T10:03:41.221,163.025,1641,,,,0,,,,0.9632,2.24,0.9497,-272.62,1,30.0,hold:DY+fwd,+1.000,+0.000,-0.249,+0.063,1100,0,
1785506621.3214,2026-07-31T10:03:41.321,163.125,1642,,,,0,,,,0.9598,1.64,0.9463,-273.23,1,30.0,hold:DY+fwd,+1.000,+0.000,-0.239,+0.000,1100,0,
1785506621.4200,2026-07-31T10:03:41.420,163.224,1643,,,,0,,,,0.9635,1.40,0.9500,-273.47,1,30.0,hold:DY+fwd,+1.000,+0.000,-0.231,+0.000,1100,0,
1785506621.5192,2026-07-31T10:03:41.519,163.323,1644,,,,0,,,,0.9621,0.92,0.9486,-273.95,1,30.0,hold:DY+fwd,+1.000,+0.000,-0.250,+0.000,1100,0,
1785506621.6196,2026-07-31T10:03:41.619,163.423,1645,,,,0,,,,0.9604,0.65,0.9470,-274.21,1,30.0,hold:DY+fwd,+1.000,+0.000,-0.240,+0.000,1100,0,
1785506621.7194,2026-07-31T10:03:41.719,163.523,1646,,,,0,,,,0.9525,0.25,0.9390,-274.62,1,30.0,hold:DY+fwd,+1.000,+0.000,-0.258,+0.000,1100,0,
1785506621.8184,2026-07-31T10:03:41.818,163.622,1647,,,,0,,,,0.9504,-0.10,0.9369,-274.96,1,30.0,hold:DY+fwd,+1.000,+0.000,-0.261,+0.000,1100,0,
1785506621.9171,2026-07-31T10:03:41.917,163.721,1648,,,,0,,,,0.9514,-0.27,0.9379,-275.13,1,30.0,hold:DY+fwd,+1.000,+0.000,-0.264,+0.000,1100,0,
1785506622.0164,2026-07-31T10:03:42.016,163.820,1649,,,,0,,,,0.9347,-0.63,0.9212,-275.50,1,30.0,hold:DY+fwd,+1.000,+0.000,-0.283,+0.000,1100,0,
1785506622.1162,2026-07-31T10:03:42.116,163.920,1650,,,,0,,,,0.9362,-0.73,0.9227,-275.60,1,30.0,hold:DY+fwd,+1.000,+0.000,-0.299,+0.000,1100,0,
1785506622.2156,2026-07-31T10:03:42.215,164.019,1651,,,,0,,,,0.9276,-0.82,0.9141,-275.69,1,30.0,hold:DY+fwd,+1.000,+0.000,-0.319,+0.000,1100,0,
1785506622.3147,2026-07-31T10:03:42.314,164.118,1652,,,,0,,,,0.9215,-0.88,0.9080,-275.75,1,30.0,hold:DY+fwd,+1.000,+0.000,-0.336,+0.000,1100,0,
1785506622.4135,2026-07-31T10:03:42.413,164.217,1653,,,,0,,,,0.9048,-0.84,0.8914,-275.71,1,30.0,hold:DY+fwd,+1.000,+0.000,-0.371,+0.000,1100,0,
1785506622.5120,2026-07-31T10:03:42.512,164.316,1654,,,,0,,,,0.9119,-0.73,0.8985,-275.59,1,30.0,hold:DY+fwd,+1.000,+0.000,-0.382,+0.000,1100,0,
1785506622.6116,2026-07-31T10:03:42.611,164.415,1655,,,,0,,,,0.8877,-0.67,0.8742,-275.53,1,30.0,hold:DY+fwd,+1.000,+0.000,-0.413,+0.000,1100,0,
1785506622.7108,2026-07-31T10:03:42.710,164.515,1656,,,,0,,,,0.8873,-0.45,0.8739,-275.31,1,30.0,hold:DY+fwd,+1.000,+0.000,-0.414,+0.000,1100,0,
1785506622.8110,2026-07-31T10:03:42.810,164.615,1657,,,,0,,,,0.8714,0.00,0.8580,-274.86,1,30.0,hold:DY+fwd,+1.000,+0.000,-0.414,+0.000,1100,0,
1785506622.9104,2026-07-31T10:03:42.910,164.714,1658,,,,0,,,,0.8857,0.28,0.8722,-274.58,1,30.0,hold:DY+fwd,+1.000,+0.000,-0.431,+0.000,1100,0,
1785506623.0091,2026-07-31T10:03:43.009,164.813,1659,,,,0,,,,0.8684,0.80,0.8549,-274.06,1,30.0,hold:DY+fwd,+1.000,+0.000,-0.459,+0.000,1100,0,
1785506623.1087,2026-07-31T10:03:43.108,164.912,1660,,,,0,,,,0.8701,1.07,0.8566,-273.80,1,30.0,hold:DY+fwd,+1.000,+0.000,-0.472,+0.000,1100,0,
1785506623.2078,2026-07-31T10:03:43.207,165.012,1661,,,,0,,,,0.8641,1.66,0.8506,-273.21,1,30.0,hold:DY+fwd,+1.000,+0.000,-0.487,+0.000,1100,0,
1785506623.3065,2026-07-31T10:03:43.306,165.110,1662,,,,0,,,,0.8699,2.36,0.8564,-272.51,1,30.0,hold:DY+fwd,+1.000,+0.000,-0.513,+0.036,1100,0,
1785506623.4059,2026-07-31T10:03:43.405,165.210,1663,,,,0,,,,0.8667,2.69,0.8532,-272.17,1,30.0,hold:DY+fwd,+1.000,+0.000,-0.495,+0.050,1100,0,
1785506623.5044,2026-07-31T10:03:43.504,165.308,1664,,,,0,,,,0.8618,3.02,0.8483,-271.85,1,30.0,hold:DY+fwd,+1.000,+0.000,-0.501,+0.054,1100,0,
1785506623.6049,2026-07-31T10:03:43.604,165.409,1665,,,,0,,,,0.8674,3.11,0.8539,-271.76,1,30.0,hold:DY+fwd,+1.000,+0.000,-0.504,+0.059,1100,0,
1785506623.7036,2026-07-31T10:03:43.703,165.507,1666,,,,0,,,,0.8744,3.03,0.8609,-271.84,1,30.0,hold:DY+fwd,+1.000,+0.000,-0.491,+0.060,1100,0,
1785506623.8029,2026-07-31T10:03:43.802,165.607,1667,,,,0,,,,0.8820,2.98,0.8685,-271.89,1,30.0,hold:DY+fwd,+1.000,+0.000,-0.485,+0.060,1100,0,
1785506623.9015,2026-07-31T10:03:43.901,165.705,1668,,,,0,,,,0.8978,2.72,0.8843,-272.14,1,30.0,hold:DY+fwd,+1.000,+0.000,-0.472,+0.059,1100,0,
1785506624.0011,2026-07-31T10:03:44.001,165.805,1669,,,,0,,,,0.8948,2.51,0.8813,-272.36,1,30.0,hold:DY+fwd,+1.000,+0.000,-0.468,+0.053,1100,0,
1785506624.1007,2026-07-31T10:03:44.100,165.904,1670,,,,0,,,,0.9097,1.94,0.8962,-272.92,1,30.0,hold:DY+fwd,+1.000,+0.000,-0.442,+0.000,1100,0,
1785506624.1996,2026-07-31T10:03:44.199,166.003,1671,,,,0,,,,0.9223,1.42,0.9088,-273.44,1,30.0,hold:DY+fwd,+1.000,+0.000,-0.429,+0.000,1100,0,
1785506624.2984,2026-07-31T10:03:44.298,166.102,1672,,,,0,,,,0.9271,1.32,0.9136,-273.55,1,30.0,hold:DY+fwd,+1.000,+0.000,-0.413,+0.000,1100,0,
1785506624.3990,2026-07-31T10:03:44.398,166.203,1673,,,,0,,,,0.9403,1.19,0.9268,-273.67,1,30.0,hold:DY+fwd,+1.000,+0.000,-0.385,+0.000,1100,0,
1785506624.4988,2026-07-31T10:03:44.498,166.303,1674,,,,0,,,,0.9460,1.26,0.9326,-273.61,1,30.0,hold:DY+fwd,+1.000,+0.000,-0.388,+0.000,1100,0,
1785506624.5990,2026-07-31T10:03:44.598,166.403,1675,,,,0,,,,0.9520,1.38,0.9385,-273.48,1,30.0,hold:DY+fwd,+1.000,+0.000,-0.370,+0.000,1100,0,
1785506624.6989,2026-07-31T10:03:44.698,166.503,1676,,,,0,,,,0.9618,1.63,0.9483,-273.24,1,30.0,hold:DY+fwd,+1.000,+0.000,-0.332,+0.000,1100,0,
1785506624.7975,2026-07-31T10:03:44.797,166.601,1677,,,,0,,,,0.9753,1.78,0.9618,-273.08,1,30.0,hold:DY+fwd,+1.000,+0.000,-0.327,+0.000,1100,0,
1785506624.8984,2026-07-31T10:03:44.898,166.702,1678,,,,0,,,,0.9842,2.08,0.9707,-272.79,1,30.0,hold:DY+fwd,+1.000,+0.000,-0.332,+0.000,1100,0,
1785506624.9978,2026-07-31T10:03:44.997,166.801,1679,,,,0,,,,0.9966,2.32,0.9832,-272.54,1,30.0,hold:DY+fwd,+1.000,+0.000,-0.316,+0.041,1100,0,
1785506625.0970,2026-07-31T10:03:45.097,166.901,1680,,,,0,,,,0.9995,2.42,0.9860,-272.45,1,30.0,hold:DY+fwd,+1.000,+0.000,-0.279,+0.045,1100,0,
1785506625.1957,2026-07-31T10:03:45.195,166.999,1681,,,,0,,,,0.9941,2.33,0.9806,-272.53,1,30.0,hold:DY+fwd,+1.000,+0.000,-0.292,+0.047,1100,0,
1785506625.2943,2026-07-31T10:03:45.294,167.098,1682,,,,0,,,,1.0048,2.13,0.9914,-272.73,1,30.0,hold:DY+fwd,+1.000,+0.000,-0.269,+0.042,1100,0,
1785506625.3936,2026-07-31T10:03:45.393,167.197,1683,,,,0,,,,1.0163,1.64,1.0028,-273.23,1,30.0,hold:DY+fwd,+1.000,+0.000,-0.264,+0.000,1100,0,
1785506625.4928,2026-07-31T10:03:45.492,167.297,1684,,,,0,,,,1.0137,1.32,1.0003,-273.55,1,30.0,hold:DY+fwd,+1.000,+0.000,-0.233,+0.000,1100,0,
1785506625.5917,2026-07-31T10:03:45.591,167.395,1685,,,,0,,,,1.0260,1.29,1.0125,-273.57,1,30.0,hold:DY+fwd,+1.000,+0.000,-0.226,+0.000,1100,0,
1785506625.6904,2026-07-31T10:03:45.690,167.494,1686,,,,0,,,,1.0434,1.34,1.0299,-273.52,1,30.0,hold:DY+fwd,+1.000,+0.000,-0.222,+0.000,1100,0,
1785506625.7902,2026-07-31T10:03:45.790,167.594,1687,,,,0,,,,1.0315,1.37,1.0180,-273.49,1,30.0,hold:DY+fwd,+1.000,+0.000,-0.212,+0.000,1100,0,
1785506625.8895,2026-07-31T10:03:45.889,167.693,1688,,,,0,,,,1.0561,1.55,1.0426,-273.32,1,30.0,hold:DY+fwd,+1.000,+0.000,-0.190,+0.000,1100,0,
1785506625.9884,2026-07-31T10:03:45.988,167.792,1689,,,,0,,,,1.0493,1.73,1.0358,-273.14,1,30.0,hold:DY+fwd,+1.000,+0.000,-0.160,+0.000,1100,0,
1785506626.0874,2026-07-31T10:03:46.087,167.891,1690,,,,0,,,,1.0729,1.78,1.0594,-273.08,1,30.0,hold:DY+fwd,+1.000,+0.000,-0.123,+0.000,1100,0,
1785506626.1865,2026-07-31T10:03:46.186,167.990,1691,,,,0,,,,1.0688,1.87,1.0553,-273.00,1,30.0,hold:DY+fwd,+1.000,+0.000,-0.136,+0.000,1100,0,
1785506626.2868,2026-07-31T10:03:46.286,168.090,1692,,,,0,,,,1.0793,1.93,1.0658,-272.93,1,30.0,hold:DY+fwd,+1.000,+0.000,-0.105,+0.000,1100,0,
1785506626.3853,2026-07-31T10:03:46.385,168.189,1693,,,,0,,,,1.0816,1.98,1.0681,-272.89,1,30.0,hold:DY+fwd,+1.000,+0.000,-0.099,+0.000,1100,0,
1785506626.4844,2026-07-31T10:03:46.484,168.288,1694,,,,0,,,,1.0889,2.02,1.0754,-272.85,1,30.0,hold:DY+fwd,+1.000,+0.000,-0.079,+0.037,1100,0,
1785506626.5837,2026-07-31T10:03:46.583,168.387,1695,,,,0,,,,1.0874,2.13,1.0740,-272.73,1,30.0,hold:DY+fwd,+1.000,+0.000,-0.072,+0.039,1100,0,
1785506626.6828,2026-07-31T10:03:46.682,168.487,1696,,,,0,,,,1.1008,2.05,1.0873,-272.82,1,30.0,hold:DY,+0.000,+0.000,-0.073,+0.040,1100,0,
1785506626.7814,2026-07-31T10:03:46.781,168.585,1697,,,,0,,,,1.0878,2.07,1.0743,-272.80,1,30.0,hold:DY,+0.000,+0.000,-0.070,+0.040,1100,0,
1785506626.8807,2026-07-31T10:03:46.880,168.684,1698,,,,0,,,,1.0841,2.05,1.0706,-272.82,1,30.0,hold:DY,+0.000,+0.000,-0.061,+0.040,1100,0,
1785506626.9798,2026-07-31T10:03:46.979,168.784,1699,,,,0,,,,1.0883,2.07,1.0748,-272.80,1,30.0,hold:DY,+0.000,+0.000,-0.062,+0.042,1100,0,
1785506627.0786,2026-07-31T10:03:47.078,168.882,1700,,,,0,,,,1.0836,2.19,1.0701,-272.68,1,30.0,hold:DY,+0.000,+0.000,-0.068,+0.043,1100,0,
1785506627.1781,2026-07-31T10:03:47.178,168.982,1701,,,,0,,,,1.0784,2.28,1.0649,-272.58,1,30.0,hold:DY,+0.000,+0.000,-0.076,+0.047,1100,0,
1785506627.2773,2026-07-31T10:03:47.277,169.081,1702,,,,0,,,,1.0747,2.53,1.0612,-272.34,1,30.0,hold:DY,+0.000,+0.000,-0.077,+0.050,1100,0,
1785506627.3773,2026-07-31T10:03:47.377,169.181,1703,,,,0,,,,1.0667,2.77,1.0532,-272.10,1,30.0,hold:DY,+0.000,+0.000,-0.080,+0.056,1100,0,
1785506627.4773,2026-07-31T10:03:47.477,169.281,1704,,,,0,,,,1.0668,2.90,1.0533,-271.96,1,30.0,hold:DY,+0.000,+0.000,-0.090,+0.061,1100,0,
1785506627.5780,2026-07-31T10:03:47.578,169.382,1705,,,,0,,,,1.0637,3.19,1.0503,-271.67,1,30.0,hold:DY,+0.000,+0.000,-0.087,+0.065,1100,0,
1785506627.6773,2026-07-31T10:03:47.677,169.481,1706,,,,0,,,,1.0600,3.34,1.0465,-271.52,1,30.0,hold:DY,+0.000,+0.000,-0.099,+0.072,1100,0,
1785506627.7775,2026-07-31T10:03:47.777,169.581,1707,,,,0,,,,1.0568,3.65,1.0433,-271.22,1,30.0,hold:DY,+0.000,+0.000,-0.105,+0.076,1100,0,
1785506627.8767,2026-07-31T10:03:47.876,169.680,1708,,,,0,,,,1.0475,3.96,1.0340,-270.90,1,30.0,hold:DY,+0.000,+0.000,-0.107,+0.083,1100,0,
1785506627.9757,2026-07-31T10:03:47.975,169.779,1709,,,,0,,,,1.0463,4.12,1.0329,-270.75,1,30.0,hold:DY,+0.000,+0.000,-0.120,+0.090,1100,0,
1785506628.0754,2026-07-31T10:03:48.075,169.879,1710,,,,0,,,,1.0403,4.38,1.0268,-270.48,1,30.0,hold:DY,+0.000,+0.000,-0.130,+0.094,1100,0,
1785506628.1757,2026-07-31T10:03:48.175,169.979,1711,,,,0,,,,1.0359,4.50,1.0224,-270.36,1,30.0,hold:DY,+0.000,+0.000,-0.137,+0.101,1100,0,
1785506628.2764,2026-07-31T10:03:48.276,170.080,1712,,,,0,,,,1.0332,4.71,1.0197,-270.16,1,30.0,hold:DY,+0.000,+0.000,-0.144,+0.104,1100,0,
1785506628.3756,2026-07-31T10:03:48.375,170.179,1713,,,,0,,,,1.0228,4.67,1.0093,-270.20,1,30.0,hold:DY,+0.000,+0.000,-0.133,+0.109,1100,0,
1785506628.4753,2026-07-31T10:03:48.475,170.279,1714,,,,0,,,,1.0236,4.52,1.0101,-270.35,1,30.0,hold:DY,+0.000,+0.000,-0.158,+0.106,1100,0,
1785506628.5735,2026-07-31T10:03:48.573,170.377,1715,,,,0,,,,1.0127,4.06,0.9992,-270.81,1,30.0,hold:DY,+0.000,+0.000,-0.166,+0.104,1100,0,
1785506628.6731,2026-07-31T10:03:48.673,170.477,1716,,,,0,,,,1.0070,3.80,0.9935,-271.06,1,30.0,hold:DY,+0.000,+0.000,-0.191,+0.097,1100,0,
1785506628.7729,2026-07-31T10:03:48.772,170.577,1717,,,,0,,,,0.9976,3.38,0.9841,-271.49,1,30.0,hold:DY,+0.000,+0.000,-0.196,+0.094,1100,0,
1785506628.8717,2026-07-31T10:03:48.871,170.675,1718,,,,0,,,,0.9925,3.22,0.9791,-271.64,1,30.0,hold:DY,+0.000,+0.000,-0.220,+0.089,1100,0,
1785506628.9715,2026-07-31T10:03:48.971,170.775,1719,,,,0,,,,0.9839,2.98,0.9704,-271.88,1,30.0,hold:DY,+0.000,+0.000,-0.237,+0.086,1100,0,
1785506629.0708,2026-07-31T10:03:49.070,170.875,1720,,,,0,,,,0.9739,2.83,0.9604,-272.04,1,30.0,hold:DY,+0.000,+0.000,-0.249,+0.086,1100,0,
1785506629.1699,2026-07-31T10:03:49.169,170.974,1721,,,,0,,,,0.9745,2.77,0.9610,-272.10,1,30.0,hold:DY,+0.000,+0.000,-0.258,+0.085,1100,0,
1785506629.2691,2026-07-31T10:03:49.269,171.073,1722,,,,0,,,,0.9668,2.68,0.9533,-272.19,1,30.0,hold:DY,+0.000,+0.000,-0.266,+0.085,1100,0,
1785506629.3678,2026-07-31T10:03:49.367,171.172,1723,,,,0,,,,0.9646,2.64,0.9511,-272.22,1,30.0,hold:DY,+0.000,+0.000,-0.280,+0.084,1100,0,
1785506629.4682,2026-07-31T10:03:49.468,171.272,1724,,,,0,,,,0.9546,2.56,0.9412,-272.31,1,30.0,hold:DY,+0.000,+0.000,-0.301,+0.084,1100,0,
1785506629.5676,2026-07-31T10:03:49.567,171.371,1725,,,,0,,,,0.9528,2.52,0.9393,-272.35,1,30.0,hold:DY,+0.000,+0.000,-0.307,+0.084,1100,0,
1785506629.6682,2026-07-31T10:03:49.668,171.472,1726,,,,0,,,,0.9474,2.45,0.9340,-272.42,1,30.0,hold:DY,+0.000,+0.000,-0.320,+0.084,1100,0,
1785506629.7668,2026-07-31T10:03:49.766,171.571,1727,,,,0,,,,0.9362,2.38,0.9228,-272.49,1,30.0,hold:DY,+0.000,+0.000,-0.335,+0.084,1100,0,
1785506629.8673,2026-07-31T10:03:49.867,171.671,1728,,,,0,,,,0.9348,2.34,0.9213,-272.53,1,30.0,hold:DY,+0.000,+0.000,-0.350,+0.084,1100,0,
1785506629.9657,2026-07-31T10:03:49.965,171.769,1729,,,,0,,,,0.9345,2.25,0.9210,-272.62,1,30.0,hold:DY,+0.000,+0.000,-0.353,+0.084,1100,0,
1785506630.0652,2026-07-31T10:03:50.065,171.869,1730,,,,0,,,,0.9267,2.20,0.9132,-272.66,1,30.0,hold:DY,+0.000,+0.000,-0.371,+0.083,1100,0,
1785506630.1643,2026-07-31T10:03:50.164,171.968,1731,,,,0,,,,0.9279,2.13,0.9144,-272.74,1,30.0,hold:DY,+0.000,+0.000,-0.372,+0.083,1100,0,
1785506630.2632,2026-07-31T10:03:50.263,172.067,1732,,,,0,,,,0.9209,2.07,0.9074,-272.80,1,30.0,hold:DY,+0.000,+0.000,-0.390,+0.083,1100,0,
1785506630.3623,2026-07-31T10:03:50.362,172.166,1733,,,,0,,,,0.9220,2.06,0.9085,-272.81,1,30.0,hold:DY,+0.000,+0.000,-0.390,+0.083,1100,0,
1785506630.4615,2026-07-31T10:03:50.461,172.265,1734,,,,0,,,,0.9214,2.05,0.9079,-272.82,1,30.0,hold:DY,+0.000,+0.000,-0.394,+0.084,1100,0,
1785506630.5614,2026-07-31T10:03:50.561,172.365,1735,,,,0,,,,0.9186,2.04,0.9051,-272.82,1,30.0,hold:DY,+0.000,+0.000,-0.401,+0.085,1100,0,
1785506630.6625,2026-07-31T10:03:50.662,172.466,1736,,,,0,,,,0.9144,2.04,0.9009,-272.83,1,30.0,hold:DY,+0.000,+0.000,-0.415,+0.085,1100,0,
1785506630.7621,2026-07-31T10:03:50.762,172.566,1737,,,,0,,,,0.9173,2.06,0.9038,-272.81,1,30.0,hold:DY,+0.000,+0.000,-0.417,+0.086,1100,0,
1785506630.8614,2026-07-31T10:03:50.861,172.665,1738,,,,0,,,,0.9161,2.07,0.9026,-272.80,1,30.0,hold:DY,+0.000,+0.000,-0.418,+0.087,1100,0,
1785506630.9607,2026-07-31T10:03:50.960,172.764,1739,,,,0,,,,0.9124,2.10,0.8989,-272.77,1,30.0,hold:DY,+0.000,+0.000,-0.417,+0.089,1100,0,
1785506631.0605,2026-07-31T10:03:51.060,172.864,1740,,,,0,,,,0.9134,2.11,0.9000,-272.76,1,30.0,hold:DY,+0.000,+0.000,-0.434,+0.090,1100,0,
1785506631.1606,2026-07-31T10:03:51.160,172.964,1741,,,,0,,,,0.9106,2.11,0.8971,-272.75,1,30.0,hold:DY,+0.000,+0.000,-0.439,+0.091,1100,0,
1785506631.2603,2026-07-31T10:03:51.260,173.064,1742,,,,0,,,,0.9100,2.11,0.8965,-272.75,1,30.0,hold:DY,+0.000,+0.000,-0.445,+0.092,1100,0,
1785506631.3579,2026-07-31T10:03:51.357,173.162,1743,,,,0,,,,0.9110,2.10,0.8975,-272.77,1,30.0,hold:DY,+0.000,+0.000,-0.445,+0.092,1100,0,
1785506631.4570,2026-07-31T10:03:51.457,173.261,1744,,,,0,,,,0.9112,2.02,0.8977,-272.85,1,30.0,hold:DY,+0.000,+0.000,-0.446,+0.092,1100,0,
1785506631.5557,2026-07-31T10:03:51.555,173.359,1745,,,,0,,,,0.9123,1.89,0.8988,-272.98,1,30.0,hold:DY,+0.000,+0.000,-0.448,+0.000,1100,0,
1785506631.6550,2026-07-31T10:03:51.655,173.459,1746,,,,0,,,,0.9084,1.81,0.8949,-273.05,1,30.0,hold:DY,+0.000,+0.000,-0.461,+0.000,1100,0,
1785506631.7537,2026-07-31T10:03:51.753,173.557,1747,,,,0,,,,0.9132,1.64,0.8998,-273.22,1,30.0,hold:DY,+0.000,+0.000,-0.451,+0.000,1100,0,
1785506631.8539,2026-07-31T10:03:51.853,173.658,1748,,,,0,,,,0.9170,1.54,0.9035,-273.33,1,30.0,hold:DY,+0.000,+0.000,-0.451,+0.000,1100,0,
1785506631.9530,2026-07-31T10:03:51.953,173.757,1749,,,,0,,,,0.9169,1.32,0.9034,-273.55,1,30.0,hold:DY,+0.000,+0.000,-0.454,+0.000,1100,0,
1785506632.0522,2026-07-31T10:03:52.052,173.856,1750,,,,0,,,,0.9192,1.05,0.9057,-273.82,1,30.0,hold:DY,+0.000,+0.000,-0.440,+0.000,1100,0,
1785506632.1522,2026-07-31T10:03:52.152,173.956,1751,,,,0,,,,0.9226,0.90,0.9091,-273.97,1,30.0,hold:DY,+0.000,+0.000,-0.449,+0.000,1100,0,
1785506632.2512,2026-07-31T10:03:52.251,174.055,1752,,,,0,,,,0.9301,0.55,0.9166,-274.31,1,30.0,hold:DY,+0.000,+0.000,-0.443,+0.000,1100,0,
1785506632.3507,2026-07-31T10:03:52.350,174.154,1753,,,,0,,,,0.9255,0.38,0.9120,-274.48,1,30.0,hold:DY,+0.000,+0.000,-0.449,+0.000,1100,0,
1785506632.4500,2026-07-31T10:03:52.450,174.254,1754,,,,0,,,,0.9310,0.04,0.9175,-274.83,1,30.0,hold:DY,+0.000,+0.000,-0.448,+0.000,1100,0,
1785506632.5489,2026-07-31T10:03:52.548,174.353,1755,,,,0,,,,0.9359,-0.13,0.9224,-275.00,1,30.0,hold:DY,+0.000,+0.000,-0.434,+0.000,1100,0,
1785506632.6488,2026-07-31T10:03:52.648,174.452,1756,,,,0,,,,0.9413,-0.49,0.9278,-275.36,1,30.0,hold:DY,+0.000,+0.000,-0.426,+0.000,1100,0,
1785506632.7495,2026-07-31T10:03:52.749,174.553,1757,,,,0,,,,0.9477,-0.89,0.9342,-275.76,1,30.0,hold:DY,+0.000,+0.000,-0.426,+0.000,1100,0,
1785506632.8482,2026-07-31T10:03:52.848,174.652,1758,,,,0,,,,0.9438,-1.09,0.9303,-275.96,1,30.0,hold:DY,+0.000,+0.000,-0.425,+0.000,1100,0,
