t_epoch,iso_time,t_elapsed_s,seq,tag_id,tag_distance_m,tag_under_1m,tag_count,det_seq,det_t_epoch,det_age_ms,depth_m,yaw_deg,depth_raw_m,yaw_raw_deg,sensors_ok,throttle_pct,mode,surge_cmd,strafe_cmd,heave_cmd,yaw_cmd,light_pwm,led_flashing,flash_frame
1785504893.9738,2026-07-31T09:34:53.973,0.047,1,,,,0,,,,,,,,0,30.0,idle,+0.000,+0.000,+0.000,+0.000,1100,0,
1785504894.0727,2026-07-31T09:34:54.072,0.146,2,,,,0,,,,-0.0896,-0.20,-0.0896,-0.20,1,30.0,idle,+0.000,+0.000,+0.000,+0.000,1100,0,
1785504894.1714,2026-07-31T09:34:54.171,0.244,3,,,,0,,,,-0.0951,-0.20,-0.0951,-0.20,1,30.0,idle,+0.000,+0.000,+0.000,+0.000,1100,0,
1785504894.2715,2026-07-31T09:34:54.271,0.345,4,,,,0,,,,-0.0961,-0.21,-0.0961,-0.21,1,30.0,idle,+0.000,+0.000,+0.000,+0.000,1100,0,
1785504894.3699,2026-07-31T09:34:54.369,0.443,5,,,,0,,,,-0.0893,-0.21,-0.0893,-0.21,1,30.0,idle,+0.000,+0.000,+0.000,+0.000,1100,0,
1785504894.4692,2026-07-31T09:34:54.469,0.542,6,,,,0,,,,-0.0897,-0.22,-0.0897,-0.22,1,30.0,idle,+0.000,+0.000,+0.000,+0.000,1100,0,
1785504894.5680,2026-07-31T09:34:54.568,0.641,7,,,,0,,,,-0.0917,-0.21,-0.0917,-0.21,1,30.0,idle,+0.000,+0.000,+0.000,+0.000,1100,0,
1785504894.6667,2026-07-31T09:34:54.666,0.740,8,,,,0,,,,-0.0918,-0.21,-0.0918,-0.21,1,30.0,idle,+0.000,+0.000,+0.000,+0.000,1100,0,
1785504894.7657,2026-07-31T09:34:54.765,0.839,9,,,,0,,,,-0.0885,-0.22,-0.0885,-0.22,1,30.0,idle,+0.000,+0.000,+0.000,+0.000,1100,0,
1785504894.8660,2026-07-31T09:34:54.866,0.939,10,,,,0,,,,-0.0949,-0.23,-0.0949,-0.23,1,30.0,idle,+0.000,+0.000,+0.000,+0.000,1100,0,
1785504894.9651,2026-07-31T09:34:54.965,1.038,11,,,,0,,,,-0.0844,-0.23,-0.0844,-0.23,1,30.0,idle,+0.000,+0.000,+0.000,+0.000,1100,0,
1785504895.0636,2026-07-31T09:34:55.063,1.137,12,,,,0,,,,-0.0901,-0.23,-0.0901,-0.23,1,30.0,idle,+0.000,+0.000,+0.000,+0.000,1100,0,
1785504895.1633,2026-07-31T09:34:55.163,1.236,13,,,,0,,,,-0.0920,-0.24,-0.0920,-0.24,1,30.0,idle,+0.000,+0.000,+0.000,+0.000,1100,0,
1785504895.2638,2026-07-31T09:34:55.263,1.337,14,,,,0,,,,-0.0902,-0.24,-0.0902,-0.24,1,30.0,idle,+0.000,+0.000,+0.000,+0.000,1100,0,
1785504895.3625,2026-07-31T09:34:55.362,1.436,15,,,,0,,,,-0.0921,-0.25,-0.0921,-0.25,1,30.0,idle,+0.000,+0.000,+0.000,+0.000,1100,0,
1785504895.4622,2026-07-31T09:34:55.462,1.535,16,,,,0,,,,-0.0944,-0.24,-0.0944,-0.24,1,30.0,idle,+0.000,+0.000,+0.000,+0.000,1100,0,
1785504895.5618,2026-07-31T09:34:55.561,1.635,17,,,,0,,,,-0.0919,-0.25,-0.0919,-0.25,1,30.0,idle,+0.000,+0.000,+0.000,+0.000,1100,0,
1785504895.6603,2026-07-31T09:34:55.660,1.733,18,,,,0,,,,-0.0937,-0.25,-0.0937,-0.25,1,30.0,idle,+0.000,+0.000,+0.000,+0.000,1100,0,
1785504895.7588,2026-07-31T09:34:55.758,1.832,19,,,,0,,,,-0.0952,-0.25,-0.0952,-0.25,1,30.0,idle,+0.000,+0.000,+0.000,+0.000,1100,0,
1785504895.8577,2026-07-31T09:34:55.857,1.931,20,,,,0,,,,-0.0929,-0.25,-0.0929,-0.25,1,30.0,idle,+0.000,+0.000,+0.000,+0.000,1100,0,
1785504895.9577,2026-07-31T09:34:55.957,2.031,21,,,,0,,,,-0.0911,-0.26,-0.0911,-0.26,1,30.0,idle,+0.000,+0.000,+0.000,+0.000,1100,0,
1785504896.0570,2026-07-31T09:34:56.057,2.130,22,,,,0,,,,-0.0910,-0.26,-0.0910,-0.26,1,30.0,idle,+0.000,+0.000,+0.000,+0.000,1100,0,
1785504896.1568,2026-07-31T09:34:56.156,2.230,23,,,,0,,,,-0.0949,-0.27,-0.0949,-0.27,1,30.0,idle,+0.000,+0.000,+0.000,+0.000,1100,0,
1785504896.2572,2026-07-31T09:34:56.257,2.330,24,,,,0,,,,-0.0932,-0.27,-0.0932,-0.27,1,30.0,idle,+0.000,+0.000,+0.000,+0.000,1100,0,
1785504896.3566,2026-07-31T09:34:56.356,2.430,25,,,,0,,,,-0.0915,-0.26,-0.0915,-0.26,1,30.0,idle,+0.000,+0.000,+0.000,+0.000,1100,0,
1785504896.4553,2026-07-31T09:34:56.455,2.528,26,,,,0,,,,-0.0927,-0.26,-0.0927,-0.26,1,30.0,idle,+0.000,+0.000,+0.000,+0.000,1100,0,
1785504896.5551,2026-07-31T09:34:56.555,2.628,27,,,,0,,,,-0.0921,-0.26,-0.0921,-0.26,1,30.0,idle,+0.000,+0.000,+0.000,+0.000,1100,0,
1785504896.6552,2026-07-31T09:34:56.655,2.728,28,,,,0,,,,-0.0927,-0.25,-0.0927,-0.25,1,30.0,idle,+0.000,+0.000,+0.000,+0.000,1100,0,
1785504896.7541,2026-07-31T09:34:56.754,2.827,29,,,,0,,,,-0.0901,-0.25,-0.0901,-0.25,1,30.0,idle,+0.000,+0.000,+0.000,+0.000,1100,0,
1785504896.8530,2026-07-31T09:34:56.852,2.926,30,,,,0,,,,-0.0898,-0.26,-0.0898,-0.26,1,30.0,idle,+0.000,+0.000,+0.000,+0.000,1100,0,
1785504896.9531,2026-07-31T09:34:56.953,3.026,31,,,,0,,,,-0.0959,-0.26,-0.0959,-0.26,1,30.0,idle,+0.000,+0.000,+0.000,+0.000,1100,0,
1785504897.0528,2026-07-31T09:34:57.052,3.126,32,,,,0,,,,-0.0959,-0.26,-0.0959,-0.26,1,30.0,idle,+0.000,+0.000,+0.000,+0.000,1100,0,
1785504897.1522,2026-07-31T09:34:57.152,3.225,33,,,,0,,,,-0.0931,-0.26,-0.0931,-0.26,1,30.0,idle,+0.000,+0.000,+0.000,+0.000,1100,0,
1785504897.2509,2026-07-31T09:34:57.250,3.324,34,,,,0,,,,-0.0933,-0.27,-0.0933,-0.27,1,30.0,idle,+0.000,+0.000,+0.000,+0.000,1100,0,
1785504897.3512,2026-07-31T09:34:57.351,3.424,35,,,,0,,,,-0.0959,-0.27,-0.0959,-0.27,1,30.0,idle,+0.000,+0.000,+0.000,+0.000,1100,0,
1785504897.4500,2026-07-31T09:34:57.450,3.523,36,,,,0,,,,-0.0945,-0.28,-0.0945,-0.28,1,30.0,idle,+0.000,+0.000,+0.000,+0.000,1100,0,
1785504897.5484,2026-07-31T09:34:57.548,3.621,37,,,,0,,,,-0.0941,-0.28,-0.0941,-0.28,1,30.0,idle,+0.000,+0.000,+0.000,+0.000,1100,0,
1785504897.6482,2026-07-31T09:34:57.648,3.721,38,,,,0,,,,-0.0945,-0.28,-0.0945,-0.28,1,30.0,idle,+0.000,+0.000,+0.000,+0.000,1100,0,
1785504897.7489,2026-07-31T09:34:57.748,3.822,39,,,,0,,,,-0.0936,-0.27,-0.0936,-0.27,1,30.0,idle,+0.000,+0.000,+0.000,+0.000,1100,0,
1785504897.8482,2026-07-31T09:34:57.848,3.921,40,,,,0,,,,-0.0924,-0.27,-0.0924,-0.27,1,30.0,idle,+0.000,+0.000,+0.000,+0.000,1100,0,
1785504897.9483,2026-07-31T09:34:57.948,4.021,41,,,,0,,,,-0.0928,-0.28,-0.0928,-0.28,1,30.0,idle,+0.000,+0.000,+0.000,+0.000,1100,0,
1785504898.0474,2026-07-31T09:34:58.047,4.120,42,,,,0,,,,-0.0950,-0.28,-0.0950,-0.28,1,30.0,idle,+0.000,+0.000,+0.000,+0.000,1100,0,
1785504898.1469,2026-07-31T09:34:58.146,4.220,43,,,,0,,,,-0.0946,-0.27,-0.0946,-0.27,1,30.0,idle,+0.000,+0.000,+0.000,+0.000,1100,0,
1785504898.2476,2026-07-31T09:34:58.247,4.321,44,,,,0,,,,-0.0931,-0.27,-0.0931,-0.27,1,30.0,idle,+0.000,+0.000,+0.000,+0.000,1100,0,
1785504898.3477,2026-07-31T09:34:58.347,4.421,45,,,,0,,,,-0.0909,-0.27,-0.0909,-0.27,1,30.0,idle,+0.000,+0.000,+0.000,+0.000,1100,0,
1785504898.4480,2026-07-31T09:34:58.448,4.521,46,,,,0,,,,-0.0942,-0.27,-0.0942,-0.27,1,30.0,idle,+0.000,+0.000,+0.000,+0.000,1100,0,
1785504898.5482,2026-07-31T09:34:58.548,4.621,47,,,,0,,,,-0.0954,-0.28,-0.0954,-0.28,1,30.0,idle,+0.000,+0.000,+0.000,+0.000,1100,0,
1785504898.6472,2026-07-31T09:34:58.647,4.720,48,,,,0,,,,-0.0946,-0.28,-0.0946,-0.28,1,30.0,idle,+0.000,+0.000,+0.000,+0.000,1100,0,
1785504898.7474,2026-07-31T09:34:58.747,4.820,49,,,,0,,,,-0.0947,-0.29,-0.0947,-0.29,1,30.0,idle,+0.000,+0.000,+0.000,+0.000,1100,0,
1785504898.8468,2026-07-31T09:34:58.846,4.920,50,,,,0,,,,-0.0925,-0.29,-0.0925,-0.29,1,30.0,idle,+0.000,+0.000,+0.000,+0.000,1100,0,
1785504898.9469,2026-07-31T09:34:58.946,5.020,51,,,,0,,,,-0.0940,-0.29,-0.0940,-0.29,1,30.0,idle,+0.000,+0.000,+0.000,+0.000,1100,0,
1785504899.0458,2026-07-31T09:34:59.045,5.119,52,,,,0,,,,-0.0948,-0.29,-0.0948,-0.29,1,30.0,idle,+0.000,+0.000,+0.000,+0.000,1100,0,
1785504899.1470,2026-07-31T09:34:59.146,5.220,53,,,,0,,,,-0.0946,-0.29,-0.0946,-0.29,1,30.0,idle,+0.000,+0.000,+0.000,+0.000,1100,0,
1785504899.2453,2026-07-31T09:34:59.245,5.318,54,,,,0,,,,-0.0947,-0.29,-0.0947,-0.29,1,30.0,idle,+0.000,+0.000,+0.000,+0.000,1100,0,
1785504899.3447,2026-07-31T09:34:59.344,5.418,55,,,,0,,,,-0.0969,-0.29,-0.0969,-0.29,1,30.0,idle,+0.000,+0.000,+0.000,+0.000,1100,0,
1785504899.4433,2026-07-31T09:34:59.443,5.516,56,,,,0,,,,-0.0952,-0.29,-0.0952,-0.29,1,30.0,idle,+0.000,+0.000,+0.000,+0.000,1100,0,
1785504899.5424,2026-07-31T09:34:59.542,5.615,57,,,,0,,,,-0.0904,-0.28,-0.0904,-0.28,1,30.0,idle,+0.000,+0.000,+0.000,+0.000,1100,0,
1785504899.6417,2026-07-31T09:34:59.641,5.715,58,,,,0,,,,-0.0932,-0.28,-0.0932,-0.28,1,30.0,idle,+0.000,+0.000,+0.000,+0.000,1100,0,
1785504899.7424,2026-07-31T09:34:59.742,5.815,59,,,,0,,,,-0.0939,-0.29,-0.0939,-0.29,1,30.0,idle,+0.000,+0.000,+0.000,+0.000,1100,0,
1785504899.8413,2026-07-31T09:34:59.841,5.914,60,,,,0,,,,-0.0935,-0.28,-0.0935,-0.28,1,30.0,idle,+0.000,+0.000,+0.000,+0.000,1100,0,
1785504899.9401,2026-07-31T09:34:59.940,6.013,61,,,,0,,,,-0.0935,-0.28,-0.0935,-0.28,1,30.0,idle,+0.000,+0.000,+0.000,+0.000,1100,0,
1785504900.0390,2026-07-31T09:35:00.039,6.112,62,,,,0,,,,-0.0945,-0.29,-0.0945,-0.29,1,30.0,idle,+0.000,+0.000,+0.000,+0.000,1100,0,
1785504900.1377,2026-07-31T09:35:00.137,6.211,63,,,,0,,,,-0.0976,-0.29,-0.0976,-0.29,1,30.0,idle,+0.000,+0.000,+0.000,+0.000,1100,0,
1785504900.2367,2026-07-31T09:35:00.236,6.310,64,,,,0,,,,-0.0966,-0.29,-0.0966,-0.29,1,30.0,idle,+0.000,+0.000,+0.000,+0.000,1100,0,
1785504900.3372,2026-07-31T09:35:00.337,6.410,65,,,,0,,,,-0.0978,-0.28,-0.0978,-0.28,1,30.0,idle,+0.000,+0.000,+0.000,+0.000,1100,0,
1785504900.4353,2026-07-31T09:35:00.435,6.508,66,,,,0,,,,-0.0928,-0.27,-0.0928,-0.27,1,30.0,idle,+0.000,+0.000,+0.000,+0.000,1100,0,
1785504900.5344,2026-07-31T09:35:00.534,6.607,67,,,,0,,,,-0.0941,-0.27,-0.0941,-0.27,1,30.0,idle,+0.000,+0.000,+0.000,+0.000,1100,0,
1785504900.6335,2026-07-31T09:35:00.633,6.707,68,,,,0,,,,-0.0931,-0.27,-0.0931,-0.27,1,30.0,idle,+0.000,+0.000,+0.000,+0.000,1100,0,
1785504900.7323,2026-07-31T09:35:00.732,6.805,69,,,,0,,,,-0.0944,-0.27,-0.0944,-0.27,1,30.0,idle,+0.000,+0.000,+0.000,+0.000,1100,0,
1785504900.8331,2026-07-31T09:35:00.833,6.906,70,,,,0,,,,-0.0930,-0.28,-0.0930,-0.28,1,30.0,idle,+0.000,+0.000,+0.000,+0.000,1100,0,
1785504900.9325,2026-07-31T09:35:00.932,7.006,71,,,,0,,,,-0.0945,-0.28,-0.0945,-0.28,1,30.0,idle,+0.000,+0.000,+0.000,+0.000,1100,0,
1785504901.0318,2026-07-31T09:35:01.031,7.105,72,,,,0,,,,-0.0929,-0.28,-0.0929,-0.28,1,30.0,idle,+0.000,+0.000,+0.000,+0.000,1100,0,
1785504901.1298,2026-07-31T09:35:01.129,7.203,73,,,,0,,,,-0.0947,-0.28,-0.0947,-0.28,1,30.0,idle,+0.000,+0.000,+0.000,+0.000,1100,0,
1785504901.2308,2026-07-31T09:35:01.230,7.304,74,,,,0,,,,-0.0938,-0.28,-0.0938,-0.28,1,30.0,idle,+0.000,+0.000,+0.000,+0.000,1100,0,
1785504901.3312,2026-07-31T09:35:01.331,7.404,75,,,,0,,,,-0.0900,-0.28,-0.0900,-0.28,1,30.0,idle,+0.000,+0.000,+0.000,+0.000,1100,0,
1785504901.4314,2026-07-31T09:35:01.431,7.504,76,,,,0,,,,-0.0962,-0.29,-0.0962,-0.29,1,30.0,idle,+0.000,+0.000,+0.000,+0.000,1100,0,
1785504901.5301,2026-07-31T09:35:01.530,7.603,77,,,,0,,,,-0.0953,-0.28,-0.0953,-0.28,1,30.0,idle,+0.000,+0.000,+0.000,+0.000,1100,0,
1785504901.6291,2026-07-31T09:35:01.629,7.702,78,,,,0,,,,-0.1005,-0.28,-0.1005,-0.28,1,30.0,idle,+0.000,+0.000,+0.000,+0.000,1100,0,
1785504901.7289,2026-07-31T09:35:01.728,7.802,79,,,,0,,,,-0.0927,-0.27,-0.0927,-0.27,1,30.0,idle,+0.000,+0.000,+0.000,+0.000,1100,0,
1785504901.8282,2026-07-31T09:35:01.828,7.901,80,,,,0,,,,-0.0981,-0.27,-0.0981,-0.27,1,30.0,idle,+0.000,+0.000,+0.000,+0.000,1100,0,
1785504901.9287,2026-07-31T09:35:01.928,8.002,81,,,,0,,,,-0.0958,-0.28,-0.0958,-0.28,1,30.0,idle,+0.000,+0.000,+0.000,+0.000,1100,0,
1785504902.0275,2026-07-31T09:35:02.027,8.100,82,,,,0,,,,-0.0970,-0.28,-0.0970,-0.28,1,30.0,idle,+0.000,+0.000,+0.000,+0.000,1100,0,
1785504902.1267,2026-07-31T09:35:02.126,8.200,83,,,,0,,,,-0.0920,-0.28,-0.0920,-0.28,1,30.0,idle,+0.000,+0.000,+0.000,+0.000,1100,0,
1785504902.2257,2026-07-31T09:35:02.225,8.299,84,,,,0,,,,-0.0923,-0.28,-0.0923,-0.28,1,30.0,idle,+0.000,+0.000,+0.000,+0.000,1100,0,
1785504902.3243,2026-07-31T09:35:02.324,8.397,85,,,,0,,,,-0.0964,-0.28,-0.0964,-0.28,1,30.0,idle,+0.000,+0.000,+0.000,+0.000,1100,0,
1785504902.4234,2026-07-31T09:35:02.423,8.496,86,,,,0,,,,-0.0925,-0.29,-0.0925,-0.29,1,30.0,idle,+0.000,+0.000,+0.000,+0.000,1100,0,
1785504902.5233,2026-07-31T09:35:02.523,8.596,87,,,,0,,,,-0.0934,-0.28,-0.0934,-0.28,1,30.0,idle,+0.000,+0.000,+0.000,+0.000,1100,0,
1785504902.6232,2026-07-31T09:35:02.623,8.696,88,,,,0,,,,-0.0955,-0.28,-0.0955,-0.28,1,30.0,idle,+0.000,+0.000,+0.000,+0.000,1100,0,
1785504902.7218,2026-07-31T09:35:02.721,8.795,89,,,,0,,,,-0.0942,-0.28,-0.0942,-0.28,1,30.0,idle,+0.000,+0.000,+0.000,+0.000,1100,0,
1785504902.8212,2026-07-31T09:35:02.821,8.894,90,,,,0,,,,-0.0955,-0.28,-0.0955,-0.28,1,30.0,idle,+0.000,+0.000,+0.000,+0.000,1100,0,
1785504902.9197,2026-07-31T09:35:02.919,8.993,91,,,,0,,,,-0.0939,-0.28,-0.0939,-0.28,1,30.0,idle,+0.000,+0.000,+0.000,+0.000,1100,0,
1785504903.0188,2026-07-31T09:35:03.018,9.092,92,,,,0,,,,-0.0933,-0.28,-0.0933,-0.28,1,30.0,idle,+0.000,+0.000,+0.000,+0.000,1100,0,
1785504903.1194,2026-07-31T09:35:03.119,9.192,93,,,,0,,,,-0.0978,-0.29,-0.0978,-0.29,1,30.0,idle,+0.000,+0.000,+0.000,+0.000,1100,0,
1785504903.2193,2026-07-31T09:35:03.219,9.292,94,,,,0,,,,-0.0984,-0.29,-0.0984,-0.29,1,30.0,idle,+0.000,+0.000,+0.000,+0.000,1100,0,
1785504903.3186,2026-07-31T09:35:03.318,9.392,95,,,,0,,,,-0.0956,-0.28,-0.0956,-0.28,1,30.0,idle,+0.000,+0.000,+0.000,+0.000,1100,0,
1785504903.4189,2026-07-31T09:35:03.418,9.492,96,,,,0,,,,-0.0958,-0.28,-0.0958,-0.28,1,30.0,idle,+0.000,+0.000,+0.000,+0.000,1100,0,
1785504903.5182,2026-07-31T09:35:03.518,9.591,97,,,,0,,,,-0.0908,-0.27,-0.0908,-0.27,1,30.0,idle,+0.000,+0.000,+0.000,+0.000,1100,0,
1785504903.6174,2026-07-31T09:35:03.617,9.690,98,,,,0,,,,-0.0972,-0.27,-0.0972,-0.27,1,30.0,idle,+0.000,+0.000,+0.000,+0.000,1100,0,
1785504903.7178,2026-07-31T09:35:03.717,9.791,99,,,,0,,,,-0.0942,-0.27,-0.0942,-0.27,1,30.0,idle,+0.000,+0.000,+0.000,+0.000,1100,0,
1785504903.8177,2026-07-31T09:35:03.817,9.891,100,,,,0,,,,-0.0912,-0.28,-0.0912,-0.28,1,30.0,idle,+0.000,+0.000,+0.000,+0.000,1100,0,
1785504903.9167,2026-07-31T09:35:03.916,9.990,101,,,,0,,,,-0.0927,-0.28,-0.0927,-0.28,1,30.0,idle,+0.000,+0.000,+0.000,+0.000,1100,0,
1785504904.0152,2026-07-31T09:35:04.015,10.088,102,,,,0,,,,-0.0972,-0.28,-0.0972,-0.28,1,30.0,idle,+0.000,+0.000,+0.000,+0.000,1100,0,
1785504904.1154,2026-07-31T09:35:04.115,10.188,103,,,,0,,,,-0.0955,-0.29,-0.0955,-0.29,1,30.0,idle,+0.000,+0.000,+0.000,+0.000,1100,0,
1785504904.2155,2026-07-31T09:35:04.215,10.289,104,,,,0,,,,-0.0937,-0.28,-0.0937,-0.28,1,30.0,idle,+0.000,+0.000,+0.000,+0.000,1100,0,
1785504904.3137,2026-07-31T09:35:04.313,10.387,105,,,,0,,,,-0.0965,-0.28,-0.0965,-0.28,1,30.0,idle,+0.000,+0.000,+0.000,+0.000,1100,0,
1785504904.4136,2026-07-31T09:35:04.413,10.487,106,,,,0,,,,-0.0917,-0.28,-0.0917,-0.28,1,30.0,idle,+0.000,+0.000,+0.000,+0.000,1100,0,
1785504904.5131,2026-07-31T09:35:04.513,10.586,107,,,,0,,,,-0.0961,-0.28,-0.0961,-0.28,1,30.0,idle,+0.000,+0.000,+0.000,+0.000,1100,0,
1785504904.6124,2026-07-31T09:35:04.612,10.685,108,,,,0,,,,-0.0955,-0.27,-0.0955,-0.27,1,30.0,idle,+0.000,+0.000,+0.000,+0.000,1100,0,
1785504904.7121,2026-07-31T09:35:04.712,10.785,109,,,,0,,,,-0.0945,-0.27,-0.0945,-0.27,1,30.0,idle,+0.000,+0.000,+0.000,+0.000,1100,0,
1785504904.8111,2026-07-31T09:35:04.811,10.884,110,,,,0,,,,-0.0934,-0.27,-0.0934,-0.27,1,30.0,idle,+0.000,+0.000,+0.000,+0.000,1100,0,
1785504904.9100,2026-07-31T09:35:04.910,10.983,111,,,,0,,,,-0.0936,-0.07,-0.0936,-0.07,1,30.0,idle,+0.000,+0.000,+0.000,+0.000,1100,0,
1785504905.0098,2026-07-31T09:35:05.009,11.083,112,,,,0,,,,-0.0931,0.02,-0.0931,0.02,1,30.0,idle,+0.000,+0.000,+0.000,+0.000,1100,0,
1785504905.1087,2026-07-31T09:35:05.108,11.182,113,,,,0,,,,-0.0947,0.02,-0.0947,0.02,1,30.0,idle,+0.000,+0.000,+0.000,+0.000,1100,0,
1785504905.2078,2026-07-31T09:35:05.207,11.281,114,,,,0,,,,-0.0962,-0.14,-0.0962,-0.14,1,30.0,idle,+0.000,+0.000,+0.000,+0.000,1100,0,
1785504905.3062,2026-07-31T09:35:05.306,11.379,115,,,,0,,,,-0.0944,-0.14,-0.0944,-0.14,1,30.0,idle,+0.000,+0.000,+0.000,+0.000,1100,0,
1785504905.4052,2026-07-31T09:35:05.405,11.478,116,,,,0,,,,-0.0926,-0.15,-0.0926,-0.15,1,30.0,idle,+0.000,+0.000,+0.000,+0.000,1100,0,
1785504905.5047,2026-07-31T09:35:05.504,11.578,117,,,,0,,,,-0.0925,-0.15,-0.0925,-0.15,1,30.0,idle,+0.000,+0.000,+0.000,+0.000,1100,0,
1785504905.6033,2026-07-31T09:35:05.603,11.676,118,,,,0,,,,-0.0981,-0.14,-0.0981,-0.14,1,30.0,idle,+0.000,+0.000,+0.000,+0.000,1100,0,
1785504905.7024,2026-07-31T09:35:05.702,11.775,119,,,,0,,,,-0.0985,-0.14,-0.0985,-0.14,1,30.0,idle,+0.000,+0.000,+0.000,+0.000,1100,0,
1785504905.8015,2026-07-31T09:35:05.801,11.875,120,,,,0,,,,-0.0992,-0.14,-0.0992,-0.14,1,30.0,idle,+0.000,+0.000,+0.000,+0.000,1100,0,
1785504905.9000,2026-07-31T09:35:05.899,11.973,121,,,,0,,,,-0.0953,-0.14,-0.0953,-0.14,1,30.0,idle,+0.000,+0.000,+0.000,+0.000,1100,0,
1785504905.9996,2026-07-31T09:35:05.999,12.073,122,,,,0,,,,-0.0968,-0.14,-0.0968,-0.14,1,30.0,idle,+0.000,+0.000,+0.000,+0.000,1100,0,
1785504906.1001,2026-07-31T09:35:06.100,12.173,123,,,,0,,,,-0.0943,-0.14,-0.0943,-0.14,1,30.0,idle,+0.000,+0.000,+0.000,+0.000,1100,0,
1785504906.1977,2026-07-31T09:35:06.197,12.271,124,,,,0,,,,-0.0943,-0.14,-0.0943,-0.14,1,30.0,idle,+0.000,+0.000,+0.000,+0.000,1100,0,
1785504906.2974,2026-07-31T09:35:06.297,12.370,125,,,,0,,,,-0.0965,-0.13,-0.0965,-0.13,1,30.0,idle,+0.000,+0.000,+0.000,+0.000,1100,0,
1785504906.3965,2026-07-31T09:35:06.396,12.470,126,,,,0,,,,-0.0960,-0.13,-0.0960,-0.13,1,30.0,idle,+0.000,+0.000,+0.000,+0.000,1100,0,
1785504906.4957,2026-07-31T09:35:06.495,12.569,127,,,,0,,,,-0.0967,-0.13,-0.0967,-0.13,1,30.0,idle,+0.000,+0.000,+0.000,+0.000,1100,0,
1785504906.5960,2026-07-31T09:35:06.596,12.669,128,,,,0,,,,-0.0973,-0.13,-0.0973,-0.13,1,30.0,idle,+0.000,+0.000,+0.000,+0.000,1100,0,
1785504906.6949,2026-07-31T09:35:06.694,12.768,129,,,,0,,,,-0.0978,-0.13,-0.0978,-0.13,1,30.0,idle,+0.000,+0.000,+0.000,+0.000,1100,0,
1785504906.7945,2026-07-31T09:35:06.794,12.868,130,,,,0,,,,-0.0962,-0.13,-0.0962,-0.13,1,30.0,idle,+0.000,+0.000,+0.000,+0.000,1100,0,
1785504906.8950,2026-07-31T09:35:06.895,12.968,131,,,,0,,,,-0.0936,-0.14,-0.0936,-0.14,1,30.0,idle,+0.000,+0.000,+0.000,+0.000,1100,0,
1785504906.9958,2026-07-31T09:35:06.995,13.069,132,,,,0,,,,-0.0952,-0.14,-0.0952,-0.14,1,30.0,idle,+0.000,+0.000,+0.000,+0.000,1100,0,
1785504907.0945,2026-07-31T09:35:07.094,13.168,133,,,,0,,,,-0.0938,-0.15,-0.0938,-0.15,1,30.0,idle,+0.000,+0.000,+0.000,+0.000,1100,0,
1785504907.1931,2026-07-31T09:35:07.193,13.266,134,,,,0,,,,-0.0924,-0.15,-0.0924,-0.15,1,30.0,idle,+0.000,+0.000,+0.000,+0.000,1100,0,
1785504907.2925,2026-07-31T09:35:07.292,13.366,135,,,,0,,,,-0.0937,-0.14,-0.0937,-0.14,1,30.0,idle,+0.000,+0.000,+0.000,+0.000,1100,0,
1785504907.3918,2026-07-31T09:35:07.391,13.465,136,,,,0,,,,-0.0958,-0.14,-0.0958,-0.14,1,30.0,idle,+0.000,+0.000,+0.000,+0.000,1100,0,
1785504907.4909,2026-07-31T09:35:07.490,13.564,137,,,,0,,,,-0.0945,-0.14,-0.0945,-0.14,1,30.0,idle,+0.000,+0.000,+0.000,+0.000,1100,0,
1785504907.5921,2026-07-31T09:35:07.592,13.665,138,,,,0,,,,-0.0942,-0.14,-0.0942,-0.14,1,30.0,idle,+0.000,+0.000,+0.000,+0.000,1100,0,
1785504907.6923,2026-07-31T09:35:07.692,13.765,139,,,,0,,,,-0.0977,-0.13,-0.0977,-0.13,1,30.0,idle,+0.000,+0.000,+0.000,+0.000,1100,0,
1785504907.7918,2026-07-31T09:35:07.791,13.865,140,,,,0,,,,-0.0989,-0.14,-0.0989,-0.14,1,30.0,idle,+0.000,+0.000,+0.000,+0.000,1100,0,
1785504907.8905,2026-07-31T09:35:07.890,13.964,141,,,,0,,,,-0.0948,-0.14,-0.0948,-0.14,1,30.0,idle,+0.000,+0.000,+0.000,+0.000,1100,0,
1785504907.9903,2026-07-31T09:35:07.990,14.063,142,,,,0,,,,-0.0962,-0.13,-0.0962,-0.13,1,30.0,idle,+0.000,+0.000,+0.000,+0.000,1100,0,
1785504908.0897,2026-07-31T09:35:08.089,14.163,143,,,,0,,,,-0.0985,-0.14,-0.0985,-0.14,1,30.0,idle,+0.000,+0.000,+0.000,+0.000,1100,0,
1785504908.1887,2026-07-31T09:35:08.188,14.262,144,,,,0,,,,-0.0985,-0.14,-0.0985,-0.14,1,30.0,idle,+0.000,+0.000,+0.000,+0.000,1100,0,
1785504908.2876,2026-07-31T09:35:08.287,14.361,145,,,,0,,,,-0.0982,-0.13,-0.0982,-0.13,1,30.0,idle,+0.000,+0.000,+0.000,+0.000,1100,0,
1785504908.3873,2026-07-31T09:35:08.387,14.460,146,,,,0,,,,-0.0965,-0.13,-0.0965,-0.13,1,30.0,idle,+0.000,+0.000,+0.000,+0.000,1100,0,
1785504908.4870,2026-07-31T09:35:08.486,14.560,147,,,,0,,,,-0.0943,-0.13,-0.0943,-0.13,1,30.0,idle,+0.000,+0.000,+0.000,+0.000,1100,0,
1785504908.5859,2026-07-31T09:35:08.585,14.659,148,,,,0,,,,-0.0951,-0.13,-0.0951,-0.13,1,30.0,idle,+0.000,+0.000,+0.000,+0.000,1100,0,
1785504908.6848,2026-07-31T09:35:08.684,14.758,149,,,,0,,,,-0.0974,-0.13,-0.0974,-0.13,1,30.0,idle,+0.000,+0.000,+0.000,+0.000,1100,0,
1785504908.7850,2026-07-31T09:35:08.784,14.858,150,,,,0,,,,-0.0961,-0.12,-0.0961,-0.12,1,30.0,idle,+0.000,+0.000,+0.000,+0.000,1100,0,
1785504908.8854,2026-07-31T09:35:08.885,14.958,151,,,,0,,,,-0.0965,-0.12,-0.0965,-0.12,1,30.0,idle,+0.000,+0.000,+0.000,+0.000,1100,0,
1785504908.9855,2026-07-31T09:35:08.985,15.059,152,,,,0,,,,-0.0986,-0.12,-0.0986,-0.12,1,30.0,idle,+0.000,+0.000,+0.000,+0.000,1100,0,
1785504909.0853,2026-07-31T09:35:09.085,15.158,153,,,,0,,,,-0.0975,-0.12,-0.0975,-0.12,1,30.0,idle,+0.000,+0.000,+0.000,+0.000,1100,0,
1785504909.1841,2026-07-31T09:35:09.184,15.257,154,,,,0,,,,-0.1002,-0.12,-0.1002,-0.12,1,30.0,idle,+0.000,+0.000,+0.000,+0.000,1100,0,
1785504909.2843,2026-07-31T09:35:09.284,15.357,155,,,,0,,,,-0.0974,-0.14,-0.0974,-0.14,1,30.0,idle,+0.000,+0.000,+0.000,+0.000,1100,0,
1785504909.3837,2026-07-31T09:35:09.383,15.457,156,,,,0,,,,-0.0951,-0.13,-0.0951,-0.13,1,30.0,idle,+0.000,+0.000,+0.000,+0.000,1100,0,
1785504909.4828,2026-07-31T09:35:09.482,15.556,157,,,,0,,,,-0.0964,-0.14,-0.0964,-0.14,1,30.0,idle,+0.000,+0.000,+0.000,+0.000,1100,0,
1785504909.5823,2026-07-31T09:35:09.582,15.655,158,,,,0,,,,-0.0973,-0.14,-0.0973,-0.14,1,30.0,idle,+0.000,+0.000,+0.000,+0.000,1100,0,
1785504909.6813,2026-07-31T09:35:09.681,15.754,159,,,,0,,,,-0.0967,-0.15,-0.0967,-0.15,1,30.0,idle,+0.000,+0.000,+0.000,+0.000,1100,0,
1785504909.7802,2026-07-31T09:35:09.780,15.853,160,,,,0,,,,-0.0939,-0.16,-0.0939,-0.16,1,30.0,idle,+0.000,+0.000,+0.000,+0.000,1100,0,
1785504909.8785,2026-07-31T09:35:09.878,15.952,161,,,,0,,,,-0.0991,-0.15,-0.0991,-0.15,1,30.0,idle,+0.000,+0.000,+0.000,+0.000,1100,0,
1785504909.9783,2026-07-31T09:35:09.978,16.051,162,,,,0,,,,-0.0959,-0.16,-0.0959,-0.16,1,30.0,idle,+0.000,+0.000,+0.000,+0.000,1100,0,
1785504910.0789,2026-07-31T09:35:10.078,16.152,163,,,,0,,,,-0.0980,-0.15,-0.0980,-0.15,1,30.0,idle,+0.000,+0.000,+0.000,+0.000,1100,0,
1785504910.1779,2026-07-31T09:35:10.177,16.251,164,,,,0,,,,-0.0984,-0.14,-0.0984,-0.14,1,30.0,idle,+0.000,+0.000,+0.000,+0.000,1100,0,
1785504910.2762,2026-07-31T09:35:10.276,16.349,165,,,,0,,,,-0.0930,-0.14,-0.0930,-0.14,1,30.0,idle,+0.000,+0.000,+0.000,+0.000,1100,0,
1785504910.3754,2026-07-31T09:35:10.375,16.448,166,,,,0,,,,-0.0963,-0.14,-0.0963,-0.14,1,30.0,idle,+0.000,+0.000,+0.000,+0.000,1100,0,
1785504910.4743,2026-07-31T09:35:10.474,16.547,167,,,,0,,,,-0.0968,-0.14,-0.0968,-0.14,1,30.0,idle,+0.000,+0.000,+0.000,+0.000,1100,0,
1785504910.5733,2026-07-31T09:35:10.573,16.646,168,,,,0,,,,-0.0979,-0.14,-0.0979,-0.14,1,30.0,idle,+0.000,+0.000,+0.000,+0.000,1100,0,
1785504910.6737,2026-07-31T09:35:10.673,16.747,169,,,,0,,,,-0.0956,-0.14,-0.0956,-0.14,1,30.0,idle,+0.000,+0.000,+0.000,+0.000,1100,0,
1785504910.7727,2026-07-31T09:35:10.772,16.846,170,,,,0,,,,-0.0974,-0.14,-0.0974,-0.14,1,30.0,idle,+0.000,+0.000,+0.000,+0.000,1100,0,
1785504910.8709,2026-07-31T09:35:10.870,16.944,171,,,,0,,,,-0.0967,-0.15,-0.0967,-0.15,1,30.0,idle,+0.000,+0.000,+0.000,+0.000,1100,0,
1785504910.9704,2026-07-31T09:35:10.970,17.043,172,,,,0,,,,-0.0991,-0.15,-0.0991,-0.15,1,30.0,idle,+0.000,+0.000,+0.000,+0.000,1100,0,
1785504911.0702,2026-07-31T09:35:11.070,17.143,173,,,,0,,,,-0.0956,-0.16,-0.0956,-0.16,1,30.0,idle,+0.000,+0.000,+0.000,+0.000,1100,0,
1785504911.1694,2026-07-31T09:35:11.169,17.242,174,,,,0,,,,-0.1010,-0.16,-0.1010,-0.16,1,30.0,idle,+0.000,+0.000,+0.000,+0.000,1100,0,
1785504911.2678,2026-07-31T09:35:11.267,17.341,175,,,,0,,,,-0.0944,-0.16,-0.0944,-0.16,1,30.0,idle,+0.000,+0.000,+0.000,+0.000,1100,0,
1785504911.3669,2026-07-31T09:35:11.366,17.440,176,,,,0,,,,-0.1021,-0.17,-0.1021,-0.17,1,30.0,idle,+0.000,+0.000,+0.000,+0.000,1100,0,
1785504911.4667,2026-07-31T09:35:11.466,17.540,177,,,,0,,,,-0.0975,-0.18,-0.0975,-0.18,1,30.0,idle,+0.000,+0.000,+0.000,+0.000,1100,0,
1785504911.5664,2026-07-31T09:35:11.566,17.639,178,,,,0,,,,-0.0945,-0.18,-0.0945,-0.18,1,30.0,idle,+0.000,+0.000,+0.000,+0.000,1100,0,
1785504911.6662,2026-07-31T09:35:11.666,17.739,179,,,,0,,,,-0.0972,-0.19,-0.0972,-0.19,1,30.0,idle,+0.000,+0.000,+0.000,+0.000,1100,0,
1785504911.7652,2026-07-31T09:35:11.765,17.838,180,,,,0,,,,-0.0958,-0.18,-0.0958,-0.18,1,30.0,idle,+0.000,+0.000,+0.000,+0.000,1100,0,
1785504911.8640,2026-07-31T09:35:11.864,17.937,181,,,,0,,,,-0.0996,-0.18,-0.0996,-0.18,1,30.0,idle,+0.000,+0.000,+0.000,+0.000,1100,0,
1785504911.9630,2026-07-31T09:35:11.963,18.036,182,,,,0,,,,-0.0956,-0.19,-0.0956,-0.19,1,30.0,idle,+0.000,+0.000,+0.000,+0.000,1100,0,
1785504912.0631,2026-07-31T09:35:12.063,18.136,183,,,,0,,,,-0.1003,-0.19,-0.1003,-0.19,1,30.0,idle,+0.000,+0.000,+0.000,+0.000,1100,0,
1785504912.1605,2026-07-31T09:35:12.160,18.233,184,,,,0,,,,-0.0961,-0.19,-0.0961,-0.19,1,30.0,idle,+0.000,+0.000,+0.000,+0.000,1100,0,
1785504912.2605,2026-07-31T09:35:12.260,18.334,185,,,,0,,,,-0.0984,-0.18,-0.0984,-0.18,1,30.0,idle,+0.000,+0.000,+0.000,+0.000,1100,0,
1785504912.3609,2026-07-31T09:35:12.360,18.434,186,,,,0,,,,-0.0965,-0.19,-0.0965,-0.19,1,30.0,idle,+0.000,+0.000,+0.000,+0.000,1100,0,
1785504912.4597,2026-07-31T09:35:12.459,18.533,187,,,,0,,,,-0.0975,-0.19,-0.0975,-0.19,1,30.0,idle,+0.000,+0.000,+0.000,+0.000,1100,0,
1785504912.5587,2026-07-31T09:35:12.558,18.632,188,,,,0,,,,-0.0977,-0.19,-0.0977,-0.19,1,30.0,idle,+0.000,+0.000,+0.000,+0.000,1100,0,
1785504912.6576,2026-07-31T09:35:12.657,18.731,189,,,,0,,,,-0.0932,-0.19,-0.0932,-0.19,1,30.0,idle,+0.000,+0.000,+0.000,+0.000,1100,0,
1785504912.7568,2026-07-31T09:35:12.756,18.830,190,,,,0,,,,-0.0939,-0.19,-0.0939,-0.19,1,30.0,idle,+0.000,+0.000,+0.000,+0.000,1100,0,
1785504912.8564,2026-07-31T09:35:12.856,18.929,191,,,,0,,,,-0.0942,-0.19,-0.0942,-0.19,1,30.0,idle,+0.000,+0.000,+0.000,+0.000,1100,0,
1785504912.9553,2026-07-31T09:35:12.955,19.028,192,,,,0,,,,-0.0971,-0.20,-0.0971,-0.20,1,30.0,idle,+0.000,+0.000,+0.000,+0.000,1100,0,
1785504913.0539,2026-07-31T09:35:13.053,19.127,193,,,,0,,,,-0.0957,-0.20,-0.0957,-0.20,1,30.0,idle,+0.000,+0.000,+0.000,+0.000,1100,0,
1785504913.1538,2026-07-31T09:35:13.153,19.227,194,,,,0,,,,-0.1030,-0.20,-0.1030,-0.20,1,30.0,joystick,+0.000,+0.000,-0.400,+0.000,1100,0,
1785504913.2531,2026-07-31T09:35:13.253,19.326,195,,,,0,,,,-0.0972,-0.21,-0.0972,-0.21,1,30.0,joystick,+0.000,+0.000,-0.400,+0.000,1100,0,
1785504913.3526,2026-07-31T09:35:13.352,19.426,196,,,,0,,,,-0.0951,-0.22,-0.0951,-0.22,1,30.0,joystick,+0.000,+0.000,-0.400,+0.000,1100,0,
1785504913.4518,2026-07-31T09:35:13.451,19.525,197,,,,0,,,,-0.0956,-0.26,-0.0956,-0.26,1,30.0,joystick,+0.000,+0.000,-0.400,+0.000,1100,0,
1785504913.5507,2026-07-31T09:35:13.550,19.624,198,,,,0,,,,-0.0969,-0.25,-0.0969,-0.25,1,30.0,joystick,+0.000,+0.000,-0.400,+0.000,1100,0,
1785504913.6511,2026-07-31T09:35:13.651,19.724,199,,,,0,,,,-0.0947,-0.25,-0.0947,-0.25,1,30.0,joystick,+0.000,+0.000,-0.400,+0.000,1100,0,
1785504913.7502,2026-07-31T09:35:13.750,19.823,200,,,,0,,,,-0.0956,-0.24,-0.0956,-0.24,1,30.0,joystick,+0.000,+0.000,-0.400,+0.000,1100,0,
1785504913.8484,2026-07-31T09:35:13.848,19.921,201,,,,0,,,,-0.0967,-0.24,-0.0967,-0.24,1,30.0,joystick,+0.000,+0.000,-0.400,+0.000,1100,0,
1785504913.9480,2026-07-31T09:35:13.948,20.021,202,,,,0,,,,-0.0967,-0.23,-0.0967,-0.23,1,30.0,joystick,+0.000,+0.000,-0.400,+0.000,1100,0,
1785504914.0482,2026-07-31T09:35:14.048,20.121,203,,,,0,,,,-0.0970,-0.24,-0.0970,-0.24,1,30.0,joystick,+0.000,+0.000,-0.400,+0.000,1100,0,
1785504914.1486,2026-07-31T09:35:14.148,20.222,204,,,,0,,,,-0.0959,-0.24,-0.0959,-0.24,1,30.0,joystick,+0.000,+0.000,-0.400,+0.000,1100,0,
1785504914.2486,2026-07-31T09:35:14.248,20.322,205,,,,0,,,,-0.0950,-0.24,-0.0950,-0.24,1,30.0,joystick,+0.000,+0.000,-0.400,+0.000,1100,0,
1785504914.3490,2026-07-31T09:35:14.349,20.422,206,,,,0,,,,-0.0973,-0.24,-0.0973,-0.24,1,30.0,joystick,+0.000,+0.000,-0.400,+0.000,1100,0,
1785504914.4488,2026-07-31T09:35:14.448,20.522,207,,,,0,,,,-0.0971,-0.24,-0.0971,-0.24,1,30.0,joystick,+0.000,+0.000,-0.400,+0.000,1100,0,
1785504914.5473,2026-07-31T09:35:14.547,20.620,208,,,,0,,,,-0.1000,-0.24,-0.1000,-0.24,1,30.0,joystick,+0.000,+0.000,-0.400,+0.000,1100,0,
1785504914.6477,2026-07-31T09:35:14.647,20.721,209,,,,0,,,,-0.1005,-0.23,-0.1005,-0.23,1,30.0,joystick,+0.000,+0.000,-0.400,+0.000,1100,0,
1785504914.7462,2026-07-31T09:35:14.746,20.819,210,,,,0,,,,-0.1011,-0.23,-0.1011,-0.23,1,30.0,joystick,+0.000,+0.000,-0.400,+0.000,1100,0,
1785504914.8452,2026-07-31T09:35:14.845,20.918,211,,,,0,,,,-0.0978,-0.20,-0.0978,-0.20,1,30.0,joystick,+0.000,+0.000,-0.400,+0.000,1100,0,
1785504914.9455,2026-07-31T09:35:14.945,21.018,212,,,,0,,,,-0.0975,-0.19,-0.0975,-0.19,1,30.0,joystick,+0.000,+0.000,-0.400,+0.000,1100,0,
1785504915.0439,2026-07-31T09:35:15.043,21.117,213,,,,0,,,,-0.0952,-0.19,-0.0952,-0.19,1,30.0,joystick,+0.000,+0.000,-0.400,+0.000,1100,0,
1785504915.1433,2026-07-31T09:35:15.143,21.216,214,,,,0,,,,-0.0990,-0.19,-0.0990,-0.19,1,30.0,joystick,+0.000,+0.000,-0.400,+0.000,1100,0,
1785504915.2420,2026-07-31T09:35:15.242,21.315,215,,,,0,,,,-0.0960,-0.19,-0.0960,-0.19,1,30.0,joystick,+0.000,+0.000,-0.400,+0.000,1100,0,
1785504915.3415,2026-07-31T09:35:15.341,21.415,216,,,,0,,,,-0.0958,-0.20,-0.0958,-0.20,1,30.0,joystick,+0.000,+0.000,-0.400,+0.000,1100,0,
1785504915.4410,2026-07-31T09:35:15.441,21.514,217,,,,0,,,,-0.0951,-0.20,-0.0951,-0.20,1,30.0,joystick,+0.000,+0.000,-0.400,+0.000,1100,0,
1785504915.5396,2026-07-31T09:35:15.539,21.613,218,,,,0,,,,-0.0955,-0.20,-0.0955,-0.20,1,30.0,joystick,+0.000,+0.000,-0.400,+0.000,1100,0,
1785504915.6395,2026-07-31T09:35:15.639,21.713,219,,,,0,,,,-0.1015,-0.20,-0.1015,-0.20,1,30.0,joystick,+0.000,+0.000,-0.400,+0.000,1100,0,
1785504915.7394,2026-07-31T09:35:15.739,21.812,220,,,,0,,,,-0.0964,-0.19,-0.0964,-0.19,1,30.0,joystick,+0.000,+0.000,-0.400,+0.000,1100,0,
1785504915.8385,2026-07-31T09:35:15.838,21.912,221,,,,0,,,,-0.0986,-0.19,-0.0986,-0.19,1,30.0,joystick,+0.000,+0.000,-0.400,+0.000,1100,0,
1785504915.9381,2026-07-31T09:35:15.938,22.011,222,,,,0,,,,-0.0975,-0.20,-0.0975,-0.20,1,30.0,joystick,+0.000,+0.000,-0.400,+0.000,1100,0,
1785504916.0364,2026-07-31T09:35:16.036,22.109,223,,,,0,,,,-0.0972,-0.19,-0.0972,-0.19,1,30.0,joystick,+0.000,+0.000,-0.400,+0.000,1100,0,
1785504916.1356,2026-07-31T09:35:16.135,22.209,224,,,,0,,,,-0.0995,-0.19,-0.0995,-0.19,1,30.0,joystick,+0.000,+0.000,-0.400,+0.000,1100,0,
1785504916.2351,2026-07-31T09:35:16.235,22.308,225,,,,0,,,,-0.0976,-0.19,-0.0976,-0.19,1,30.0,joystick,+0.000,+0.000,-0.400,+0.000,1100,0,
1785504916.3346,2026-07-31T09:35:16.334,22.408,226,,,,0,,,,-0.0994,-0.19,-0.0994,-0.19,1,30.0,joystick,+0.000,+0.000,-0.400,+0.000,1100,0,
1785504916.4340,2026-07-31T09:35:16.434,22.507,227,,,,0,,,,-0.0990,-0.20,-0.0990,-0.20,1,30.0,joystick,+0.000,+0.000,-0.400,+0.000,1100,0,
1785504916.5330,2026-07-31T09:35:16.533,22.606,228,,,,0,,,,-0.0965,-0.20,-0.0965,-0.20,1,30.0,joystick,+0.000,+0.000,-0.400,+0.000,1100,0,
1785504916.6322,2026-07-31T09:35:16.632,22.705,229,,,,0,,,,-0.0994,-0.21,-0.0994,-0.21,1,30.0,joystick,+0.000,+0.000,-0.400,+0.000,1100,0,
1785504916.7313,2026-07-31T09:35:16.731,22.804,230,,,,0,,,,-0.0990,-0.21,-0.0990,-0.21,1,30.0,joystick,+0.000,+0.000,-0.400,+0.000,1100,0,
1785504916.8307,2026-07-31T09:35:16.830,22.904,231,,,,0,,,,-0.0978,-0.21,-0.0978,-0.21,1,30.0,joystick,+0.000,+0.000,-0.400,+0.000,1100,0,
1785504916.9294,2026-07-31T09:35:16.929,23.002,232,,,,0,,,,-0.0983,-0.21,-0.0983,-0.21,1,30.0,joystick,+0.000,+0.000,-0.400,+0.000,1100,0,
1785504917.0286,2026-07-31T09:35:17.028,23.102,233,,,,0,,,,-0.0987,-0.21,-0.0987,-0.21,1,30.0,joystick,+0.000,+0.000,-0.400,+0.000,1100,0,
1785504917.1269,2026-07-31T09:35:17.126,23.200,234,,,,0,,,,-0.0967,-0.22,-0.0967,-0.22,1,30.0,joystick,+0.000,+0.000,-0.400,+0.000,1100,0,
1785504917.2267,2026-07-31T09:35:17.226,23.300,235,,,,0,,,,-0.0981,-0.22,-0.0981,-0.22,1,30.0,joystick,+0.000,+0.000,-0.400,+0.000,1100,0,
1785504917.3273,2026-07-31T09:35:17.327,23.400,236,,,,0,,,,-0.0965,-0.23,-0.0965,-0.23,1,30.0,joystick,+0.000,+0.000,-0.400,+0.000,1100,0,
1785504917.4259,2026-07-31T09:35:17.425,23.499,237,,,,0,,,,-0.0969,-0.22,-0.0969,-0.22,1,30.0,joystick,+0.000,+0.000,-0.400,+0.000,1100,0,
1785504917.5249,2026-07-31T09:35:17.524,23.598,238,,,,0,,,,-0.0984,-0.22,-0.0984,-0.22,1,30.0,joystick,+0.000,+0.000,-0.400,+0.000,1100,0,
1785504917.6251,2026-07-31T09:35:17.625,23.698,239,,,,0,,,,-0.0995,-0.22,-0.0995,-0.22,1,30.0,joystick,+0.000,+0.000,-0.400,+0.000,1100,0,
1785504917.7242,2026-07-31T09:35:17.724,23.797,240,,,,0,,,,-0.0978,-0.22,-0.0978,-0.22,1,30.0,joystick,+0.000,+0.000,-0.400,+0.000,1100,0,
1785504917.8254,2026-07-31T09:35:17.825,23.898,241,,,,0,,,,-0.0983,-0.21,-0.0983,-0.21,1,30.0,joystick,+0.000,+0.000,-0.400,+0.000,1100,0,
1785504917.9246,2026-07-31T09:35:17.924,23.998,242,,,,0,,,,-0.0974,-0.21,-0.0974,-0.21,1,30.0,joystick,+0.000,+0.000,-0.400,+0.000,1100,0,
1785504918.0247,2026-07-31T09:35:18.024,24.098,243,,,,0,,,,-0.0972,-0.21,-0.0972,-0.21,1,30.0,joystick,+0.000,+0.000,-0.400,+0.000,1100,0,
1785504918.1252,2026-07-31T09:35:18.125,24.198,244,,,,0,,,,-0.0982,-0.21,-0.0982,-0.21,1,30.0,joystick,+0.000,+0.000,-0.400,+0.000,1100,0,
1785504918.2236,2026-07-31T09:35:18.223,24.297,245,,,,0,,,,-0.0997,-0.20,-0.0997,-0.20,1,30.0,joystick,+0.000,+0.000,-0.400,+0.000,1100,0,
1785504918.3231,2026-07-31T09:35:18.323,24.396,246,,,,0,,,,-0.0974,-0.21,-0.0974,-0.21,1,30.0,joystick,+0.000,+0.000,-0.400,+0.000,1100,0,
1785504918.4222,2026-07-31T09:35:18.422,24.495,247,,,,0,,,,-0.1006,-0.22,-0.1006,-0.22,1,30.0,joystick,+0.000,+0.000,-0.400,+0.000,1100,0,
1785504918.5212,2026-07-31T09:35:18.521,24.594,248,,,,0,,,,-0.0960,-0.22,-0.0960,-0.22,1,30.0,joystick,+0.000,+0.000,-0.400,+0.000,1100,0,
1785504918.6206,2026-07-31T09:35:18.620,24.694,249,,,,0,,,,-0.0975,-0.21,-0.0975,-0.21,1,30.0,joystick,+0.000,+0.000,-0.400,+0.000,1100,0,
1785504918.7195,2026-07-31T09:35:18.719,24.793,250,,,,0,,,,-0.1000,-0.22,-0.1000,-0.22,1,30.0,joystick,+0.000,+0.000,-0.400,+0.000,1100,0,
1785504918.8200,2026-07-31T09:35:18.820,24.893,251,,,,0,,,,-0.0969,-0.23,-0.0969,-0.23,1,30.0,joystick,+0.000,+0.000,-0.400,+0.000,1100,0,
1785504918.9190,2026-07-31T09:35:18.919,24.992,252,,,,0,,,,-0.0948,-0.23,-0.0948,-0.23,1,30.0,joystick,+0.000,+0.000,-0.400,+0.000,1100,0,
1785504919.0187,2026-07-31T09:35:19.018,25.092,253,,,,0,,,,-0.0981,-0.23,-0.0981,-0.23,1,30.0,joystick,+0.000,+0.000,-0.400,+0.000,1100,0,
1785504919.1171,2026-07-31T09:35:19.117,25.190,254,,,,0,,,,-0.0986,-0.23,-0.0986,-0.23,1,30.0,joystick,+0.000,+0.000,-0.400,+0.000,1100,0,
1785504919.2160,2026-07-31T09:35:19.215,25.289,255,,,,0,,,,-0.0954,-0.23,-0.0954,-0.23,1,30.0,joystick,+0.000,+0.000,-0.400,+0.000,1100,0,
1785504919.3160,2026-07-31T09:35:19.316,25.389,256,,,,0,,,,-0.1009,-0.23,-0.1009,-0.23,1,30.0,joystick,+0.000,+0.000,-0.400,+0.000,1100,0,
1785504919.4155,2026-07-31T09:35:19.415,25.488,257,,,,0,,,,-0.0989,-0.23,-0.0989,-0.23,1,30.0,joystick,+0.000,+0.000,-0.400,+0.000,1100,0,
1785504919.5145,2026-07-31T09:35:19.514,25.587,258,,,,0,,,,-0.1018,-0.23,-0.1018,-0.23,1,30.0,joystick,+0.000,+0.000,-0.400,+0.000,1100,0,
1785504919.6130,2026-07-31T09:35:19.613,25.686,259,,,,0,,,,-0.1000,-0.23,-0.1000,-0.23,1,30.0,joystick,+0.000,+0.000,-0.400,+0.000,1100,0,
1785504919.7120,2026-07-31T09:35:19.711,25.785,260,,,,0,,,,-0.0999,-0.22,-0.0999,-0.22,1,30.0,joystick,+0.000,+0.000,-0.400,+0.000,1100,0,
1785504919.8113,2026-07-31T09:35:19.811,25.884,261,,,,0,,,,-0.0991,-0.21,-0.0991,-0.21,1,30.0,joystick,+0.000,+0.000,-0.400,+0.000,1100,0,
1785504919.9105,2026-07-31T09:35:19.910,25.984,262,,,,0,,,,-0.0995,-0.22,-0.0995,-0.22,1,30.0,joystick,+0.000,+0.000,-0.400,+0.000,1100,0,
1785504920.0105,2026-07-31T09:35:20.010,26.083,263,,,,0,,,,-0.1022,-0.22,-0.1022,-0.22,1,30.0,joystick,+0.000,+0.000,-0.400,+0.000,1100,0,
1785504920.1095,2026-07-31T09:35:20.109,26.183,264,,,,0,,,,-0.0989,-0.22,-0.0989,-0.22,1,30.0,joystick,+0.000,+0.000,-0.400,+0.000,1100,0,
1785504920.2100,2026-07-31T09:35:20.210,26.283,265,,,,0,,,,-0.0983,-0.21,-0.0983,-0.21,1,30.0,joystick,+0.000,+0.000,-0.400,+0.000,1100,0,
1785504920.3102,2026-07-31T09:35:20.310,26.383,266,,,,0,,,,-0.0999,-0.22,-0.0999,-0.22,1,30.0,joystick,+0.000,+0.000,-0.400,+0.000,1100,0,
1785504920.4091,2026-07-31T09:35:20.409,26.482,267,,,,0,,,,-0.1001,-0.21,-0.1001,-0.21,1,30.0,joystick,+0.000,+0.000,-0.400,+0.000,1100,0,
1785504920.5077,2026-07-31T09:35:20.507,26.581,268,,,,0,,,,-0.1003,-0.22,-0.1003,-0.22,1,30.0,joystick,+0.000,+0.000,-0.400,+0.000,1100,0,
1785504920.6065,2026-07-31T09:35:20.606,26.680,269,,,,0,,,,-0.0975,-0.23,-0.0975,-0.23,1,30.0,joystick,+0.000,+0.000,-0.400,+0.000,1100,0,
1785504920.7062,2026-07-31T09:35:20.706,26.779,270,,,,0,,,,-0.0976,-0.23,-0.0976,-0.23,1,30.0,joystick,+0.000,+0.000,-0.400,+0.000,1100,0,
1785504920.8056,2026-07-31T09:35:20.805,26.879,271,,,,0,,,,-0.1000,-0.23,-0.1000,-0.23,1,30.0,joystick,+0.000,+0.000,-0.400,+0.000,1100,0,
1785504920.9050,2026-07-31T09:35:20.904,26.978,272,,,,0,,,,-0.0959,-0.23,-0.0959,-0.23,1,30.0,joystick,+0.000,+0.000,-0.400,+0.000,1100,0,
1785504921.0036,2026-07-31T09:35:21.003,27.077,273,,,,0,,,,-0.0970,-0.22,-0.0970,-0.22,1,30.0,joystick,+0.000,+0.000,-0.400,+0.000,1100,0,
1785504921.1024,2026-07-31T09:35:21.102,27.175,274,,,,0,,,,-0.0981,-0.22,-0.0981,-0.22,1,30.0,joystick,+0.000,+0.000,-0.400,+0.000,1100,0,
1785504921.2019,2026-07-31T09:35:21.201,27.275,275,,,,0,,,,-0.0992,-0.23,-0.0992,-0.23,1,30.0,joystick,+0.000,+0.000,-0.400,+0.000,1100,0,
1785504921.3012,2026-07-31T09:35:21.301,27.374,276,,,,0,,,,-0.1021,-0.24,-0.1021,-0.24,1,30.0,joystick,+0.000,+0.000,-0.400,+0.000,1100,0,
1785504921.4009,2026-07-31T09:35:21.400,27.474,277,,,,0,,,,-0.0980,-0.24,-0.0980,-0.24,1,30.0,joystick,+0.000,+0.000,-0.400,+0.000,1100,0,
1785504921.4999,2026-07-31T09:35:21.499,27.573,278,,,,0,,,,-0.0973,-0.25,-0.0973,-0.25,1,30.0,joystick,+0.000,+0.000,-0.400,+0.000,1100,0,
1785504921.5995,2026-07-31T09:35:21.599,27.673,279,,,,0,,,,-0.0966,-0.26,-0.0966,-0.26,1,30.0,joystick,+0.000,+0.000,-0.400,+0.000,1100,0,
1785504921.6978,2026-07-31T09:35:21.697,27.771,280,,,,0,,,,-0.1001,-0.26,-0.1001,-0.26,1,30.0,joystick,+0.000,+0.000,-0.400,+0.000,1100,0,
1785504921.7983,2026-07-31T09:35:21.798,27.871,281,,,,0,,,,-0.0986,-0.26,-0.0986,-0.26,1,30.0,joystick,+0.000,+0.000,-0.400,+0.000,1100,0,
1785504921.8971,2026-07-31T09:35:21.897,27.970,282,,,,0,,,,-0.0999,-0.26,-0.0999,-0.26,1,30.0,joystick,+0.000,+0.000,-0.400,+0.000,1100,0,
1785504921.9962,2026-07-31T09:35:21.996,28.069,283,,,,0,,,,-0.0989,-0.26,-0.0989,-0.26,1,30.0,joystick,+0.000,+0.000,-0.400,+0.000,1100,0,
1785504922.0949,2026-07-31T09:35:22.094,28.168,284,,,,0,,,,-0.0985,-0.26,-0.0985,-0.26,1,30.0,joystick,+0.000,+0.000,-0.400,+0.000,1100,0,
1785504922.1955,2026-07-31T09:35:22.195,28.269,285,,,,0,,,,-0.1017,-0.27,-0.1017,-0.27,1,30.0,joystick,+0.000,+0.000,-0.400,+0.000,1100,0,
1785504922.2947,2026-07-31T09:35:22.294,28.368,286,,,,0,,,,-0.1016,-0.27,-0.1016,-0.27,1,30.0,joystick,+0.000,+0.000,-0.400,+0.000,1100,0,
1785504922.3952,2026-07-31T09:35:22.395,28.468,287,,,,0,,,,-0.0964,-0.27,-0.0964,-0.27,1,30.0,joystick,+0.000,+0.000,-0.400,+0.000,1100,0,
1785504922.4939,2026-07-31T09:35:22.493,28.567,288,,,,0,,,,-0.1012,-0.27,-0.1012,-0.27,1,30.0,joystick,+0.000,+0.000,-0.400,+0.000,1100,0,
1785504922.5930,2026-07-31T09:35:22.593,28.666,289,,,,0,,,,-0.1005,-0.27,-0.1005,-0.27,1,30.0,joystick,+0.000,+0.000,-0.400,+0.000,1100,0,
1785504922.6917,2026-07-31T09:35:22.691,28.765,290,,,,0,,,,-0.0982,-0.27,-0.0982,-0.27,1,30.0,joystick,+0.000,+0.000,-0.400,+0.000,1100,0,
1785504922.7905,2026-07-31T09:35:22.790,28.864,291,,,,0,,,,-0.0971,-0.26,-0.0971,-0.26,1,30.0,joystick,+0.000,+0.000,-0.400,+0.000,1100,0,
1785504922.8897,2026-07-31T09:35:22.889,28.963,292,,,,0,,,,-0.0996,-0.27,-0.0996,-0.27,1,30.0,joystick,+0.000,+0.000,-0.400,+0.000,1100,0,
1785504922.9890,2026-07-31T09:35:22.988,29.062,293,,,,0,,,,-0.0971,-0.26,-0.0971,-0.26,1,30.0,joystick,+0.000,+0.000,-0.400,+0.000,1100,0,
1785504923.0881,2026-07-31T09:35:23.088,29.161,294,,,,0,,,,-0.1020,-0.26,-0.1020,-0.26,1,30.0,joystick,+0.000,+0.000,-0.400,+0.000,1100,0,
1785504923.1861,2026-07-31T09:35:23.186,29.259,295,,,,0,,,,-0.1004,-0.26,-0.1004,-0.26,1,30.0,joystick,+0.000,+0.000,-0.400,+0.000,1100,0,
1785504923.2861,2026-07-31T09:35:23.286,29.359,296,,,,0,,,,-0.1009,-0.26,-0.1009,-0.26,1,30.0,joystick,+0.000,+0.000,-0.400,+0.000,1100,0,
1785504923.3848,2026-07-31T09:35:23.384,29.458,297,,,,0,,,,-0.1031,-0.26,-0.1031,-0.26,1,30.0,joystick,+0.000,+0.000,-0.400,+0.000,1100,0,
1785504923.4833,2026-07-31T09:35:23.483,29.556,298,,,,0,,,,-0.1021,-0.25,-0.1021,-0.25,1,30.0,joystick,+0.000,+0.000,-0.400,+0.000,1100,0,
1785504923.5826,2026-07-31T09:35:23.582,29.656,299,,,,0,,,,-0.0955,-0.25,-0.0955,-0.25,1,30.0,joystick,+0.000,+0.000,-0.400,+0.000,1100,0,
1785504923.6818,2026-07-31T09:35:23.681,29.755,300,,,,0,,,,-0.0964,-0.25,-0.0964,-0.25,1,30.0,joystick,+0.000,+0.000,-0.400,+0.000,1100,0,
1785504923.7807,2026-07-31T09:35:23.780,29.854,301,,,,0,,,,-0.0995,-0.25,-0.0995,-0.25,1,30.0,joystick,+0.000,+0.000,-0.400,+0.000,1100,0,
1785504923.8797,2026-07-31T09:35:23.879,29.953,302,,,,0,,,,-0.0999,-0.24,-0.0999,-0.24,1,30.0,joystick,+0.000,+0.000,-0.400,+0.000,1100,0,
1785504923.9784,2026-07-31T09:35:23.978,30.051,303,,,,0,,,,-0.1016,-0.25,-0.1016,-0.25,1,30.0,joystick,+0.000,+0.000,-0.400,+0.000,1100,0,
1785504924.0773,2026-07-31T09:35:24.077,30.150,304,,,,0,,,,-0.1024,-0.25,-0.1024,-0.25,1,30.0,joystick,+0.000,+0.000,-0.400,+0.000,1100,0,
1785504924.1765,2026-07-31T09:35:24.176,30.250,305,,,,0,,,,-0.0986,-0.25,-0.0986,-0.25,1,30.0,joystick,+0.000,+0.000,-0.400,+0.000,1100,0,
1785504924.2748,2026-07-31T09:35:24.274,30.348,306,,,,0,,,,-0.1001,-0.26,-0.1001,-0.26,1,30.0,joystick,+0.000,+0.000,-0.400,+0.000,1100,0,
1785504924.3741,2026-07-31T09:35:24.374,30.447,307,,,,0,,,,-0.1019,-0.26,-0.1019,-0.26,1,30.0,joystick,+0.000,+0.000,-0.400,+0.000,1100,0,
1785504924.4737,2026-07-31T09:35:24.473,30.547,308,,,,0,,,,-0.0985,-0.25,-0.0985,-0.25,1,30.0,joystick,+0.000,+0.000,-0.400,+0.000,1100,0,
1785504924.5753,2026-07-31T09:35:24.575,30.648,309,,,,0,,,,-0.0989,-0.26,-0.0989,-0.26,1,30.0,joystick,+0.000,+0.000,-0.400,+0.000,1100,0,
1785504924.6746,2026-07-31T09:35:24.674,30.748,310,,,,0,,,,-0.1015,-0.27,-0.1015,-0.27,1,30.0,joystick,+0.000,+0.000,-0.400,+0.000,1100,0,
1785504924.7746,2026-07-31T09:35:24.774,30.848,311,,,,0,,,,-0.1013,-0.27,-0.1013,-0.27,1,30.0,joystick,+0.000,+0.000,-0.400,+0.000,1100,0,
1785504924.8752,2026-07-31T09:35:24.875,30.948,312,,,,0,,,,-0.1005,-0.27,-0.1005,-0.27,1,30.0,joystick,+0.000,+0.000,-0.400,+0.000,1100,0,
1785504924.9740,2026-07-31T09:35:24.973,31.047,313,,,,0,,,,-0.0997,-0.27,-0.0997,-0.27,1,30.0,joystick,+0.000,+0.000,-0.400,+0.000,1100,0,
1785504925.0733,2026-07-31T09:35:25.073,31.146,314,,,,0,,,,-0.1037,-0.26,-0.1037,-0.26,1,30.0,joystick,+0.000,+0.000,-0.400,+0.000,1100,0,
1785504925.1717,2026-07-31T09:35:25.171,31.245,315,,,,0,,,,-0.0985,-0.27,-0.0985,-0.27,1,30.0,joystick,+0.000,+0.000,-0.400,+0.000,1100,0,
1785504925.2719,2026-07-31T09:35:25.271,31.345,316,,,,0,,,,-0.1026,-0.28,-0.1026,-0.28,1,30.0,joystick,+0.000,+0.000,-0.400,+0.000,1100,0,
1785504925.3706,2026-07-31T09:35:25.370,31.444,317,,,,0,,,,-0.1022,-0.27,-0.1022,-0.27,1,30.0,joystick,+0.000,+0.000,-0.400,+0.000,1100,0,
1785504925.4699,2026-07-31T09:35:25.469,31.543,318,,,,0,,,,-0.1017,-0.27,-0.1017,-0.27,1,30.0,joystick,+0.000,+0.000,-0.400,+0.000,1100,0,
1785504925.5697,2026-07-31T09:35:25.569,31.643,319,,,,0,,,,-0.0979,-0.27,-0.0979,-0.27,1,30.0,joystick,+0.000,+0.000,-0.400,+0.000,1100,0,
1785504925.6685,2026-07-31T09:35:25.668,31.742,320,,,,0,,,,-0.0990,-0.27,-0.0990,-0.27,1,30.0,joystick,+0.000,+0.000,-0.400,+0.000,1100,0,
1785504925.7685,2026-07-31T09:35:25.768,31.842,321,,,,0,,,,-0.1034,-0.28,-0.1034,-0.28,1,30.0,joystick,+0.000,+0.000,-0.400,+0.000,1100,0,
1785504925.8681,2026-07-31T09:35:25.868,31.941,322,,,,0,,,,-0.1017,-0.29,-0.1017,-0.29,1,30.0,joystick,+0.000,+0.000,-0.400,+0.000,1100,0,
1785504925.9681,2026-07-31T09:35:25.968,32.041,323,,,,0,,,,-0.0970,-0.29,-0.0970,-0.29,1,30.0,joystick,+0.000,+0.000,-0.400,+0.000,1100,0,
1785504926.0681,2026-07-31T09:35:26.068,32.141,324,,,,0,,,,-0.0992,-0.29,-0.0992,-0.29,1,30.0,joystick,+0.000,+0.000,-0.400,+0.000,1100,0,
1785504926.1675,2026-07-31T09:35:26.167,32.241,325,,,,0,,,,-0.0989,-0.30,-0.0989,-0.30,1,30.0,joystick,+0.000,+0.000,-0.400,+0.000,1100,0,
1785504926.2665,2026-07-31T09:35:26.266,32.340,326,,,,0,,,,-0.0996,-0.30,-0.0996,-0.30,1,30.0,joystick,+0.000,+0.000,-0.400,+0.000,1100,0,
1785504926.3661,2026-07-31T09:35:26.366,32.439,327,,,,0,,,,-0.1046,-0.30,-0.1046,-0.30,1,30.0,joystick,+0.000,+0.000,-0.400,+0.000,1100,0,
1785504926.4663,2026-07-31T09:35:26.466,32.539,328,,,,0,,,,-0.0966,-0.29,-0.0966,-0.29,1,30.0,joystick,+0.000,+0.000,-0.400,+0.000,1100,0,
1785504926.5655,2026-07-31T09:35:26.565,32.639,329,,,,0,,,,-0.0988,-0.30,-0.0988,-0.30,1,30.0,joystick,+0.000,+0.000,-0.400,+0.000,1100,0,
1785504926.6654,2026-07-31T09:35:26.665,32.738,330,,,,0,,,,-0.1011,-0.30,-0.1011,-0.30,1,30.0,joystick,+0.000,+0.000,-0.400,+0.000,1100,0,
1785504926.7643,2026-07-31T09:35:26.764,32.837,331,,,,0,,,,-0.1004,-0.30,-0.1004,-0.30,1,30.0,joystick,+0.000,+0.000,-0.400,+0.000,1100,0,
1785504926.8634,2026-07-31T09:35:26.863,32.936,332,,,,0,,,,-0.0992,-0.31,-0.0992,-0.31,1,30.0,joystick,+0.000,+0.000,-0.400,+0.000,1100,0,
1785504926.9622,2026-07-31T09:35:26.962,33.035,333,,,,0,,,,-0.0931,-0.31,-0.0931,-0.31,1,30.0,joystick,+0.000,+0.000,-0.400,+0.000,1100,0,
1785504927.0611,2026-07-31T09:35:27.061,33.134,334,,,,0,,,,-0.1011,-0.32,-0.1011,-0.32,1,30.0,joystick,+0.000,+0.000,-0.400,+0.000,1100,0,
1785504927.1614,2026-07-31T09:35:27.161,33.234,335,,,,0,,,,-0.0971,-0.31,-0.0971,-0.31,1,30.0,joystick,+0.000,+0.000,-0.400,+0.000,1100,0,
1785504927.2597,2026-07-31T09:35:27.259,33.333,336,,,,0,,,,-0.1054,-0.30,-0.1054,-0.30,1,30.0,joystick,+0.000,+0.000,-0.400,+0.000,1100,0,
1785504927.3590,2026-07-31T09:35:27.359,33.432,337,,,,0,,,,-0.1004,-0.30,-0.1004,-0.30,1,30.0,joystick,+0.000,+0.000,-0.400,+0.000,1100,0,
1785504927.4580,2026-07-31T09:35:27.458,33.531,338,,,,0,,,,-0.0977,-0.30,-0.0977,-0.30,1,30.0,joystick,+0.000,+0.000,-0.400,+0.000,1100,0,
1785504927.5566,2026-07-31T09:35:27.556,33.630,339,,,,0,,,,-0.0975,-0.30,-0.0975,-0.30,1,30.0,joystick,+0.000,+0.000,-0.400,+0.000,1100,0,
1785504927.6558,2026-07-31T09:35:27.655,33.729,340,,,,0,,,,-0.1005,-0.30,-0.1005,-0.30,1,30.0,joystick,+0.000,+0.000,-0.400,+0.000,1100,0,
1785504927.7564,2026-07-31T09:35:27.756,33.829,341,,,,0,,,,-0.1051,-0.30,-0.1051,-0.30,1,30.0,joystick,+0.000,+0.000,-0.400,+0.000,1100,0,
1785504927.8556,2026-07-31T09:35:27.855,33.929,342,,,,0,,,,-0.1024,-0.31,-0.1024,-0.31,1,30.0,joystick,+0.000,+0.000,-0.400,+0.000,1100,0,
1785504927.9549,2026-07-31T09:35:27.954,34.028,343,,,,0,,,,-0.0992,-0.30,-0.0992,-0.30,1,30.0,joystick,+0.000,+0.000,-0.400,+0.000,1100,0,
1785504928.0536,2026-07-31T09:35:28.053,34.127,344,,,,0,,,,-0.1035,-0.30,-0.1035,-0.30,1,30.0,joystick,+0.000,+0.000,-0.400,+0.000,1100,0,
1785504928.1518,2026-07-31T09:35:28.151,34.225,345,,,,0,,,,-0.1033,-0.30,-0.1033,-0.30,1,30.0,joystick,+0.000,+0.000,-0.400,+0.000,1100,0,
1785504928.2508,2026-07-31T09:35:28.250,34.324,346,,,,0,,,,-0.0998,-0.29,-0.0998,-0.29,1,30.0,joystick,+0.000,+0.000,-0.400,+0.000,1100,0,
1785504928.3502,2026-07-31T09:35:28.350,34.423,347,,,,0,,,,-0.1019,-0.29,-0.1019,-0.29,1,30.0,joystick,+0.000,+0.000,-0.400,+0.000,1100,0,
1785504928.4485,2026-07-31T09:35:28.448,34.521,348,,,,0,,,,-0.1019,-0.29,-0.1019,-0.29,1,30.0,joystick,+0.000,+0.000,-0.400,+0.000,1100,0,
1785504928.5486,2026-07-31T09:35:28.548,34.622,349,,,,0,,,,-0.1024,-0.30,-0.1024,-0.30,1,30.0,joystick,+0.000,+0.000,-0.400,+0.000,1100,0,
1785504928.6490,2026-07-31T09:35:28.649,34.722,350,,,,0,,,,-0.0983,-0.30,-0.0983,-0.30,1,30.0,joystick,+0.000,+0.000,-0.400,+0.000,1100,0,
1785504928.7477,2026-07-31T09:35:28.747,34.821,351,,,,0,,,,-0.1004,-0.31,-0.1004,-0.31,1,30.0,joystick,+0.000,+0.000,-0.400,+0.000,1100,0,
1785504928.8465,2026-07-31T09:35:28.846,34.919,352,,,,0,,,,-0.0988,-0.32,-0.0988,-0.32,1,30.0,joystick,+0.000,+0.000,-0.400,+1.000,1100,0,
1785504928.9455,2026-07-31T09:35:28.945,35.018,353,,,,0,,,,-0.0988,-0.33,-0.0988,-0.33,1,30.0,joystick,+0.000,+0.000,-0.400,+1.000,1100,0,
1785504929.0444,2026-07-31T09:35:29.044,35.117,354,,,,0,,,,-0.0998,-0.33,-0.0998,-0.33,1,30.0,joystick,+0.000,+0.000,-0.400,+1.000,1100,0,
1785504929.1432,2026-07-31T09:35:29.143,35.216,355,,,,0,,,,-0.1023,-0.36,-0.1023,-0.36,1,30.0,joystick,+0.000,+0.000,-0.400,+0.000,1100,0,
1785504929.2437,2026-07-31T09:35:29.243,35.317,356,,,,0,,,,-0.1020,-0.30,-0.1020,-0.30,1,30.0,joystick,+0.000,+0.000,-0.400,+0.000,1100,0,
1785504929.3427,2026-07-31T09:35:29.342,35.416,357,,,,0,,,,-0.0983,-0.31,-0.0983,-0.31,1,30.0,joystick,+0.000,+0.000,-0.400,+0.000,1100,0,
1785504929.4417,2026-07-31T09:35:29.441,35.515,358,,,,0,,,,-0.1037,-0.31,-0.1037,-0.31,1,30.0,joystick,+0.000,+0.000,-0.400,+0.000,1100,0,
1785504929.5402,2026-07-31T09:35:29.540,35.613,359,,,,0,,,,-0.1024,-0.31,-0.1024,-0.31,1,30.0,joystick,+0.000,+0.000,-0.400,+0.000,1100,0,
1785504929.6393,2026-07-31T09:35:29.639,35.712,360,,,,0,,,,-0.1044,-0.32,-0.1044,-0.32,1,30.0,joystick,+0.000,+0.000,-0.400,+0.000,1100,0,
1785504929.7387,2026-07-31T09:35:29.738,35.812,361,,,,0,,,,-0.1031,-0.31,-0.1031,-0.31,1,30.0,joystick,+0.000,+0.000,-0.400,+0.000,1100,0,
1785504929.8369,2026-07-31T09:35:29.836,35.910,362,,,,0,,,,-0.0997,-0.31,-0.0997,-0.31,1,30.0,joystick,+0.000,+0.000,-0.400,+0.000,1100,0,
1785504929.9366,2026-07-31T09:35:29.936,36.010,363,,,,0,,,,-0.1036,-0.32,-0.1036,-0.32,1,30.0,joystick,+0.000,+0.000,-0.400,+0.000,1100,0,
1785504930.0366,2026-07-31T09:35:30.036,36.110,364,,,,0,,,,-0.0976,-0.33,-0.0976,-0.33,1,30.0,joystick,+0.000,+0.000,-0.400,+0.000,1100,0,
1785504930.1355,2026-07-31T09:35:30.135,36.209,365,,,,0,,,,-0.0989,-0.32,-0.0989,-0.32,1,30.0,joystick,+0.000,+0.000,-0.400,+0.000,1100,0,
1785504930.2346,2026-07-31T09:35:30.234,36.308,366,,,,0,,,,-0.1022,-0.33,-0.1022,-0.33,1,30.0,joystick,+0.000,+0.000,-0.400,+0.000,1100,0,
1785504930.3344,2026-07-31T09:35:30.334,36.407,367,,,,0,,,,-0.1009,-0.33,-0.1009,-0.33,1,30.0,joystick,+0.000,+0.000,-0.400,+0.000,1100,0,
1785504930.4349,2026-07-31T09:35:30.434,36.508,368,,,,0,,,,-0.1028,-0.33,-0.1028,-0.33,1,30.0,joystick,+0.000,+0.000,-0.400,+0.000,1100,0,
1785504930.5339,2026-07-31T09:35:30.533,36.607,369,,,,0,,,,-0.1016,-0.33,-0.1016,-0.33,1,30.0,joystick,+0.000,+0.000,-0.400,+0.000,1100,0,
1785504930.6342,2026-07-31T09:35:30.634,36.707,370,,,,0,,,,-0.1009,-0.33,-0.1009,-0.33,1,30.0,joystick,+0.000,+0.000,-0.400,+0.000,1100,0,
1785504930.7342,2026-07-31T09:35:30.734,36.807,371,,,,0,,,,-0.1020,-0.33,-0.1020,-0.33,1,30.0,joystick,+0.000,+0.000,-0.400,+0.000,1100,0,
1785504930.8328,2026-07-31T09:35:30.832,36.906,372,,,,0,,,,-0.1042,-0.33,-0.1042,-0.33,1,30.0,joystick,+0.000,+0.000,-0.400,+0.000,1100,0,
1785504930.9318,2026-07-31T09:35:30.931,37.005,373,,,,0,,,,-0.1047,-0.34,-0.1047,-0.34,1,30.0,joystick,+0.000,+0.000,-0.400,+0.000,1100,0,
1785504931.0311,2026-07-31T09:35:31.031,37.104,374,,,,0,,,,-0.1000,-0.35,-0.1000,-0.35,1,30.0,joystick,+0.000,+0.000,-0.400,+0.000,1100,0,
1785504931.1309,2026-07-31T09:35:31.130,37.204,375,,,,0,,,,-0.0994,-0.34,-0.0994,-0.34,1,30.0,joystick,+0.000,+0.000,-0.400,+0.000,1100,0,
1785504931.2303,2026-07-31T09:35:31.230,37.303,376,,,,0,,,,-0.0998,-0.34,-0.0998,-0.34,1,30.0,joystick,+0.000,+0.000,-0.400,+0.000,1100,0,
1785504931.3308,2026-07-31T09:35:31.330,37.404,377,,,,0,,,,-0.1025,-0.34,-0.1025,-0.34,1,30.0,joystick,+0.000,+0.000,-0.400,+0.000,1100,0,
1785504931.4302,2026-07-31T09:35:31.430,37.503,378,,,,0,,,,-0.1047,-0.34,-0.1047,-0.34,1,30.0,joystick,+0.000,+0.000,-0.400,+0.000,1100,0,
1785504931.5300,2026-07-31T09:35:31.530,37.603,379,,,,0,,,,-0.1024,-0.34,-0.1024,-0.34,1,30.0,joystick,+0.000,+0.000,-0.400,+0.000,1100,0,
1785504931.6283,2026-07-31T09:35:31.628,37.701,380,,,,0,,,,-0.1014,-0.34,-0.1014,-0.34,1,30.0,joystick,+0.000,+0.000,-0.400,+0.000,1100,0,
1785504931.7280,2026-07-31T09:35:31.728,37.801,381,,,,0,,,,-0.1022,-0.33,-0.1022,-0.33,1,30.0,joystick,+0.000,+0.000,-0.400,+0.000,1100,0,
1785504931.8265,2026-07-31T09:35:31.826,37.900,382,,,,0,,,,-0.1046,-0.33,-0.1046,-0.33,1,30.0,joystick,+0.000,+0.000,-0.400,+0.000,1100,0,
1785504931.9269,2026-07-31T09:35:31.926,38.000,383,,,,0,,,,-0.0977,-0.33,-0.0977,-0.33,1,30.0,joystick,+0.000,+0.000,-0.400,+0.000,1100,0,
1785504932.0256,2026-07-31T09:35:32.025,38.099,384,,,,0,,,,-0.1046,-0.33,-0.1046,-0.33,1,30.0,joystick,+0.000,+0.000,-0.400,+0.000,1100,0,
1785504932.1243,2026-07-31T09:35:32.124,38.197,385,,,,0,,,,-0.1008,-0.34,-0.1008,-0.34,1,30.0,joystick,+0.000,+0.000,-0.400,+0.000,1100,0,
1785504932.2236,2026-07-31T09:35:32.223,38.297,386,,,,0,,,,-0.1017,-0.35,-0.1017,-0.35,1,30.0,joystick,+0.000,+0.000,-0.400,+0.000,1100,0,
1785504932.3236,2026-07-31T09:35:32.323,38.397,387,,,,0,,,,-0.1008,-0.35,-0.1008,-0.35,1,30.0,joystick,+0.000,+0.000,-0.400,+0.000,1100,0,
1785504932.4222,2026-07-31T09:35:32.422,38.495,388,,,,0,,,,-0.1011,-0.35,-0.1011,-0.35,1,30.0,joystick,+0.000,+0.000,-0.400,+0.000,1100,0,
1785504932.5217,2026-07-31T09:35:32.521,38.595,389,,,,0,,,,-0.0995,-0.35,-0.0995,-0.35,1,30.0,joystick,+0.000,+0.000,-0.400,+0.000,1100,0,
1785504932.6202,2026-07-31T09:35:32.620,38.693,390,,,,0,,,,-0.1013,-0.35,-0.1013,-0.35,1,30.0,joystick,+0.000,+0.000,-0.400,+0.000,1100,0,
1785504932.7199,2026-07-31T09:35:32.719,38.793,391,,,,0,,,,-0.1014,-0.34,-0.1014,-0.34,1,30.0,joystick,+0.000,+0.000,-0.400,+0.000,1100,0,
1785504932.8212,2026-07-31T09:35:32.821,38.894,392,,,,0,,,,-0.1043,-0.33,-0.1043,-0.33,1,30.0,joystick,+0.000,+0.000,-0.400,+0.000,1100,0,
1785504932.9205,2026-07-31T09:35:32.920,38.994,393,,,,0,,,,-0.1000,-0.34,-0.1000,-0.34,1,30.0,joystick,+0.000,+0.000,-0.400,+0.000,1100,0,
1785504933.0189,2026-07-31T09:35:33.018,39.092,394,,,,0,,,,-0.1057,-0.35,-0.1057,-0.35,1,30.0,joystick,+0.000,+0.000,-0.400,+0.000,1100,0,
1785504933.1182,2026-07-31T09:35:33.118,39.191,395,,,,0,,,,-0.1017,-0.36,-0.1017,-0.36,1,30.0,joystick,+0.000,+0.000,-0.400,+0.000,1100,0,
1785504933.2160,2026-07-31T09:35:33.216,39.289,396,,,,0,,,,-0.1031,-0.35,-0.1031,-0.35,1,30.0,joystick,+0.000,+0.000,-0.400,+0.000,1100,0,
1785504933.3152,2026-07-31T09:35:33.315,39.388,397,,,,0,,,,-0.1024,-0.35,-0.1024,-0.35,1,30.0,joystick,+0.000,+0.000,-0.400,+0.000,1100,0,
1785504933.4137,2026-07-31T09:35:33.413,39.487,398,,,,0,,,,-0.1023,-0.35,-0.1023,-0.35,1,30.0,joystick,+0.000,+0.000,-0.400,+0.000,1100,0,
1785504933.5132,2026-07-31T09:35:33.513,39.586,399,,,,0,,,,-0.1022,-0.35,-0.1022,-0.35,1,30.0,joystick,+0.000,+0.000,-1.000,+0.000,1100,0,
1785504933.6124,2026-07-31T09:35:33.612,39.685,400,,,,0,,,,-0.1027,-0.31,-0.1027,-0.31,1,30.0,joystick,+0.000,+0.000,-1.000,+0.000,1100,0,
1785504933.7113,2026-07-31T09:35:33.711,39.784,401,,,,0,,,,-0.1028,-0.31,-0.1028,-0.31,1,30.0,joystick,+0.000,+0.000,-1.000,+0.000,1100,0,
1785504933.8097,2026-07-31T09:35:33.809,39.883,402,,,,0,,,,-0.1002,-0.32,-0.1002,-0.32,1,30.0,joystick,+0.000,+0.000,-0.400,+0.000,1100,0,
1785504933.9094,2026-07-31T09:35:33.909,39.982,403,,,,0,,,,-0.0973,-0.32,-0.0973,-0.32,1,30.0,joystick,+0.000,+0.000,-0.400,+0.000,1100,0,
1785504934.0086,2026-07-31T09:35:34.008,40.082,404,,,,0,,,,-0.0980,-0.33,-0.0980,-0.33,1,30.0,joystick,+0.000,+0.000,-0.400,+0.000,1100,0,
1785504934.1086,2026-07-31T09:35:34.108,40.182,405,,,,0,,,,-0.1032,-0.32,-0.1032,-0.32,1,30.0,joystick,+0.000,+0.000,-0.400,+0.000,1100,0,
1785504934.2089,2026-07-31T09:35:34.208,40.282,406,,,,0,,,,-0.1041,-0.33,-0.1041,-0.33,1,30.0,joystick,+0.000,+0.000,-0.400,+0.000,1100,0,
1785504934.3075,2026-07-31T09:35:34.307,40.381,407,,,,0,,,,-0.1005,-0.32,-0.1005,-0.32,1,30.0,joystick,+0.000,+0.000,-0.400,+0.000,1100,0,
1785504934.4077,2026-07-31T09:35:34.407,40.481,408,,,,0,,,,-0.1030,-0.32,-0.1030,-0.32,1,30.0,joystick,+0.000,+0.000,-0.400,+0.000,1100,0,
1785504934.5069,2026-07-31T09:35:34.506,40.580,409,,,,0,,,,-0.1015,-0.33,-0.1015,-0.33,1,30.0,joystick,+0.000,+0.000,-0.400,+0.000,1100,0,
1785504934.6060,2026-07-31T09:35:34.606,40.679,410,,,,0,,,,-0.1018,-0.33,-0.1018,-0.33,1,30.0,joystick,+0.000,+0.000,-0.400,+0.000,1100,0,
1785504934.7052,2026-07-31T09:35:34.705,40.778,411,,,,0,,,,-0.1030,-0.33,-0.1030,-0.33,1,30.0,joystick,+0.000,+0.000,-0.400,+0.000,1100,0,
1785504934.8046,2026-07-31T09:35:34.804,40.878,412,,,,0,,,,-0.1010,-0.34,-0.1010,-0.34,1,30.0,joystick,+0.000,+0.000,-0.400,+0.000,1100,0,
1785504934.9033,2026-07-31T09:35:34.903,40.976,413,,,,0,,,,-0.1015,-0.35,-0.1015,-0.35,1,30.0,joystick,+0.000,+0.000,-0.400,+0.000,1100,0,
1785504935.0025,2026-07-31T09:35:35.002,41.076,414,,,,0,,,,-0.1057,-0.35,-0.1057,-0.35,1,30.0,joystick,+0.000,+0.000,-0.400,+0.000,1100,0,
1785504935.1014,2026-07-31T09:35:35.101,41.174,415,,,,0,,,,-0.1027,-0.35,-0.1027,-0.35,1,30.0,joystick,+0.000,+0.000,-0.400,+0.000,1100,0,
1785504935.2003,2026-07-31T09:35:35.200,41.273,416,,,,0,,,,-0.1024,-0.35,-0.1024,-0.35,1,30.0,joystick,+0.000,+0.000,-0.400,+0.000,1100,0,
1785504935.2997,2026-07-31T09:35:35.299,41.373,417,,,,0,,,,-0.0994,-0.35,-0.0994,-0.35,1,30.0,joystick,+0.000,+0.000,-0.400,+0.000,1100,0,
1785504935.3982,2026-07-31T09:35:35.398,41.471,418,,,,0,,,,-0.0978,-0.35,-0.0978,-0.35,1,30.0,joystick,+0.000,+0.000,-0.400,+0.000,1100,0,
1785504935.4985,2026-07-31T09:35:35.498,41.572,419,,,,0,,,,-0.1008,-0.36,-0.1008,-0.36,1,30.0,joystick,+0.000,+0.000,-0.400,+0.000,1100,0,
1785504935.5975,2026-07-31T09:35:35.597,41.671,420,,,,0,,,,-0.0997,-0.36,-0.0997,-0.36,1,30.0,joystick,+0.000,+0.000,-0.400,+0.000,1100,0,
1785504935.6966,2026-07-31T09:35:35.696,41.770,421,,,,0,,,,-0.1018,-0.36,-0.1018,-0.36,1,30.0,joystick,+0.000,+0.000,-0.400,+0.000,1100,0,
1785504935.7957,2026-07-31T09:35:35.795,41.869,422,,,,0,,,,-0.1019,-0.35,-0.1019,-0.35,1,30.0,joystick,+0.000,+0.000,-0.400,+0.000,1100,0,
1785504935.8943,2026-07-31T09:35:35.894,41.967,423,,,,0,,,,-0.1034,-0.36,-0.1034,-0.36,1,30.0,joystick,+0.000,+0.000,-0.400,+0.000,1100,0,
1785504935.9929,2026-07-31T09:35:35.992,42.066,424,,,,0,,,,-0.1002,-0.36,-0.1002,-0.36,1,30.0,joystick,+0.000,+0.000,-0.400,+0.000,1100,0,
1785504936.0933,2026-07-31T09:35:36.093,42.166,425,,,,0,,,,-0.1027,-0.37,-0.1027,-0.37,1,30.0,joystick,+0.000,+0.000,-0.400,+0.000,1100,0,
1785504936.1918,2026-07-31T09:35:36.191,42.265,426,,,,0,,,,-0.1028,-0.37,-0.1028,-0.37,1,30.0,joystick,+0.000,+0.000,-0.400,+0.000,1100,0,
1785504936.2909,2026-07-31T09:35:36.290,42.364,427,,,,0,,,,-0.1032,-0.45,-0.1032,-0.45,1,30.0,joystick,+0.000,+0.000,-0.400,+0.000,1100,0,
1785504936.3906,2026-07-31T09:35:36.390,42.464,428,,,,0,,,,-0.1048,-0.43,-0.1048,-0.43,1,30.0,joystick,+0.000,+0.000,-0.400,+0.000,1100,0,
1785504936.4902,2026-07-31T09:35:36.490,42.563,429,,,,0,,,,-0.0994,-0.43,-0.0994,-0.43,1,30.0,joystick,+0.000,+0.000,-0.400,+0.000,1100,0,
1785504936.5888,2026-07-31T09:35:36.588,42.662,430,,,,0,,,,-0.1030,-0.43,-0.1030,-0.43,1,30.0,joystick,+0.000,+0.000,-0.400,+0.000,1100,0,
1785504936.6880,2026-07-31T09:35:36.688,42.761,431,,,,0,,,,-0.1021,-0.43,-0.1021,-0.43,1,30.0,joystick,+0.000,+0.000,-0.400,+0.000,1100,0,
1785504936.7872,2026-07-31T09:35:36.787,42.860,432,,,,0,,,,-0.0989,-0.43,-0.0989,-0.43,1,30.0,joystick,+0.000,+0.000,-0.400,+0.000,1100,0,
1785504936.8858,2026-07-31T09:35:36.885,42.959,433,,,,0,,,,-0.1059,-0.43,-0.1059,-0.43,1,30.0,joystick,+0.000,+0.000,-0.400,+0.000,1100,0,
1785504936.9852,2026-07-31T09:35:36.985,43.058,434,,,,0,,,,-0.1067,-0.44,-0.1067,-0.44,1,30.0,joystick,+0.000,+0.000,-0.400,+0.000,1100,0,
1785504937.0851,2026-07-31T09:35:37.085,43.158,435,,,,0,,,,-0.1020,-0.44,-0.1020,-0.44,1,30.0,joystick,+0.000,+0.000,-0.400,+0.000,1100,0,
1785504937.1833,2026-07-31T09:35:37.183,43.256,436,,,,0,,,,-0.1047,-0.45,-0.1047,-0.45,1,30.0,joystick,+0.000,+0.000,-0.400,+0.000,1100,0,
1785504937.2838,2026-07-31T09:35:37.283,43.357,437,,,,0,,,,-0.0984,-0.45,-0.0984,-0.45,1,30.0,joystick,+0.000,+0.000,-0.400,+0.000,1100,0,
1785504937.3826,2026-07-31T09:35:37.382,43.456,438,,,,0,,,,-0.0971,-0.45,-0.0971,-0.45,1,30.0,joystick,+0.000,+0.000,-0.400,+0.000,1100,0,
1785504937.4831,2026-07-31T09:35:37.483,43.556,439,,,,0,,,,-0.1038,-0.45,-0.1038,-0.45,1,30.0,joystick,+0.000,+0.000,-0.400,+0.000,1100,0,
1785504937.5821,2026-07-31T09:35:37.582,43.655,440,,,,0,,,,-0.1029,-0.45,-0.1029,-0.45,1,30.0,joystick,+0.000,+0.000,-0.400,+0.000,1100,0,
1785504937.6803,2026-07-31T09:35:37.680,43.753,441,,,,0,,,,-0.1028,-0.44,-0.1028,-0.44,1,30.0,joystick,+0.000,+0.000,-0.400,+0.000,1100,0,
1785504937.7808,2026-07-31T09:35:37.780,43.854,442,,,,0,,,,-0.1021,-0.45,-0.1021,-0.45,1,30.0,joystick,+0.000,+0.000,-0.400,+0.000,1100,0,
1785504937.8795,2026-07-31T09:35:37.879,43.953,443,,,,0,,,,-0.0996,-0.45,-0.0996,-0.45,1,30.0,joystick,+0.000,+0.000,-0.400,+0.000,1100,0,
1785504937.9798,2026-07-31T09:35:37.979,44.053,444,,,,0,,,,-0.1018,-0.43,-0.1018,-0.43,1,30.0,joystick,+0.000,+0.000,-0.400,+0.000,1100,0,
1785504938.0784,2026-07-31T09:35:38.078,44.151,445,,,,0,,,,-0.1026,-0.44,-0.1026,-0.44,1,30.0,joystick,+0.000,+0.000,-0.400,+0.000,1100,0,
1785504938.1777,2026-07-31T09:35:38.177,44.251,446,,,,0,,,,-0.1034,-0.44,-0.1034,-0.44,1,30.0,joystick,+0.000,+0.000,-0.400,+0.000,1100,0,
1785504938.2770,2026-07-31T09:35:38.277,44.350,447,,,,0,,,,-0.1019,-0.44,-0.1019,-0.44,1,30.0,idle,+0.000,+0.000,+0.000,+0.000,1100,0,
1785504938.3762,2026-07-31T09:35:38.376,44.449,448,,,,0,,,,-0.1031,-0.44,-0.1031,-0.44,1,30.0,idle,+0.000,+0.000,+0.000,+0.000,1100,0,
1785504938.4743,2026-07-31T09:35:38.474,44.547,449,,,,0,,,,-0.1015,-0.44,-0.1015,-0.44,1,30.0,idle,+0.000,+0.000,+0.000,+0.000,1100,0,
1785504938.5740,2026-07-31T09:35:38.574,44.647,450,,,,0,,,,-0.1031,-0.44,-0.1031,-0.44,1,30.0,idle,+0.000,+0.000,+0.000,+0.000,1100,0,
1785504938.6733,2026-07-31T09:35:38.673,44.746,451,,,,0,,,,-0.0996,-0.45,-0.0996,-0.45,1,30.0,idle,+0.000,+0.000,+0.000,+0.000,1100,0,
1785504938.7736,2026-07-31T09:35:38.773,44.847,452,,,,0,,,,-0.1038,-0.43,-0.1038,-0.43,1,30.0,idle,+0.000,+0.000,+0.000,+0.000,1100,0,
1785504938.8729,2026-07-31T09:35:38.872,44.946,453,,,,0,,,,-0.1038,-0.43,-0.1038,-0.43,1,30.0,idle,+0.000,+0.000,+0.000,+0.000,1100,0,
1785504938.9712,2026-07-31T09:35:38.971,45.044,454,,,,0,,,,-0.1071,-0.41,-0.1071,-0.41,1,30.0,idle,+0.000,+0.000,+0.000,+0.000,1100,0,
1785504939.0707,2026-07-31T09:35:39.070,45.144,455,,,,0,,,,-0.1047,-0.42,-0.1047,-0.42,1,30.0,idle,+0.000,+0.000,+0.000,+0.000,1100,0,
1785504939.1698,2026-07-31T09:35:39.169,45.243,456,,,,0,,,,-0.1001,-0.43,-0.1001,-0.43,1,30.0,idle,+0.000,+0.000,+0.000,+0.000,1100,0,
1785504939.2688,2026-07-31T09:35:39.268,45.342,457,,,,0,,,,-0.1029,-0.43,-0.1029,-0.43,1,30.0,idle,+0.000,+0.000,+0.000,+0.000,1100,0,
1785504939.3688,2026-07-31T09:35:39.368,45.442,458,,,,0,,,,-0.1055,-0.42,-0.1055,-0.42,1,30.0,idle,+0.000,+0.000,+0.000,+0.000,1100,0,
1785504939.4687,2026-07-31T09:35:39.468,45.542,459,,,,0,,,,-0.1010,-0.39,-0.1010,-0.39,1,30.0,idle,+0.000,+0.000,+0.000,+0.000,1100,0,
1785504939.5673,2026-07-31T09:35:39.567,45.640,460,,,,0,,,,-0.1024,-0.47,-0.1024,-0.47,1,30.0,idle,+0.000,+0.000,+0.000,+0.000,1100,0,
1785504939.6658,2026-07-31T09:35:39.665,45.739,461,,,,0,,,,-0.1009,-0.38,-0.1009,-0.38,1,30.0,idle,+0.000,+0.000,+0.000,+0.000,1100,0,
1785504939.7659,2026-07-31T09:35:39.765,45.839,462,,,,0,,,,-0.1027,-0.38,-0.1027,-0.38,1,30.0,idle,+0.000,+0.000,+0.000,+0.000,1100,0,
1785504939.8660,2026-07-31T09:35:39.866,45.939,463,,,,0,,,,-0.1042,-0.36,-0.1042,-0.36,1,30.0,idle,+0.000,+0.000,+0.000,+0.000,1100,0,
1785504939.9663,2026-07-31T09:35:39.966,46.039,464,,,,0,,,,-0.1024,-0.37,-0.1024,-0.37,1,30.0,idle,+0.000,+0.000,+0.000,+0.000,1100,0,
1785504940.0655,2026-07-31T09:35:40.065,46.139,465,,,,0,,,,-0.1022,-0.36,-0.1022,-0.36,1,30.0,idle,+0.000,+0.000,+0.000,+0.000,1100,0,
1785504940.1639,2026-07-31T09:35:40.163,46.237,466,,,,0,,,,-0.1006,-0.35,-0.1006,-0.35,1,30.0,idle,+0.000,+0.000,+0.000,+0.000,1100,0,
1785504940.2640,2026-07-31T09:35:40.263,46.337,467,,,,0,,,,-0.1032,-0.33,-0.1032,-0.33,1,30.0,idle,+0.000,+0.000,+0.000,+0.000,1100,0,
1785504940.3627,2026-07-31T09:35:40.362,46.436,468,,,,0,,,,-0.1019,-0.32,-0.1019,-0.32,1,30.0,idle,+0.000,+0.000,+0.000,+0.000,1100,0,
1785504940.4634,2026-07-31T09:35:40.463,46.536,469,,,,0,,,,-0.1037,-0.34,-0.1037,-0.34,1,30.0,idle,+0.000,+0.000,+0.000,+0.000,1100,0,
1785504940.5617,2026-07-31T09:35:40.561,46.635,470,,,,0,,,,-0.1041,-0.34,-0.1041,-0.34,1,30.0,idle,+0.000,+0.000,+0.000,+0.000,1100,0,
1785504940.6617,2026-07-31T09:35:40.661,46.735,471,,,,0,,,,-0.1001,-0.34,-0.1001,-0.34,1,30.0,idle,+0.000,+0.000,+0.000,+0.000,1100,0,
1785504940.7631,2026-07-31T09:35:40.763,46.836,472,,,,0,,,,-0.1057,-0.35,-0.1057,-0.35,1,30.0,idle,+0.000,+0.000,+0.000,+0.000,1100,0,
1785504940.8620,2026-07-31T09:35:40.862,46.935,473,,,,0,,,,-0.1032,-0.34,-0.1032,-0.34,1,30.0,idle,+0.000,+0.000,+0.000,+0.000,1100,0,
1785504940.9613,2026-07-31T09:35:40.961,47.034,474,,,,0,,,,-0.1046,-0.33,-0.1046,-0.33,1,30.0,idle,+0.000,+0.000,+0.000,+0.000,1100,0,
1785504941.0603,2026-07-31T09:35:41.060,47.133,475,,,,0,,,,-0.0983,-0.34,-0.0983,-0.34,1,30.0,idle,+0.000,+0.000,+0.000,+0.000,1100,0,
1785504941.1594,2026-07-31T09:35:41.159,47.232,476,,,,0,,,,-0.1040,-0.34,-0.1040,-0.34,1,30.0,idle,+0.000,+0.000,+0.000,+0.000,1100,0,
1785504941.2585,2026-07-31T09:35:41.258,47.332,477,,,,0,,,,-0.1059,-0.27,-0.1059,-0.27,1,30.0,idle,+0.000,+0.000,+0.000,+0.000,1100,0,
1785504941.3575,2026-07-31T09:35:41.357,47.431,478,,,,0,,,,-0.1039,-0.29,-0.1039,-0.29,1,30.0,idle,+0.000,+0.000,+0.000,+0.000,1100,0,
1785504941.4568,2026-07-31T09:35:41.456,47.530,479,,,,0,,,,-0.1016,-0.15,-0.1016,-0.15,1,30.0,idle,+0.000,+0.000,+0.000,+0.000,1100,0,
1785504941.5567,2026-07-31T09:35:41.556,47.630,480,,,,0,,,,-0.1075,0.28,-0.1075,0.28,1,30.0,idle,+0.000,+0.000,+0.000,+0.000,1100,0,
1785504941.6559,2026-07-31T09:35:41.655,47.729,481,,,,0,,,,-0.1039,1.53,-0.1039,1.53,1,30.0,idle,+0.000,+0.000,+0.000,+0.000,1100,0,
1785504941.7555,2026-07-31T09:35:41.755,47.829,482,,,,0,,,,-0.1022,2.09,-0.1022,2.09,1,30.0,idle,+0.000,+0.000,+0.000,+0.000,1100,0,
1785504941.8545,2026-07-31T09:35:41.854,47.927,483,,,,0,,,,-0.1034,2.09,-0.1034,2.09,1,30.0,idle,+0.000,+0.000,+0.000,+0.000,1100,0,
1785504941.9537,2026-07-31T09:35:41.953,48.027,484,,,,0,,,,-0.1065,2.09,-0.1065,2.09,1,30.0,idle,+0.000,+0.000,+0.000,+0.000,1100,0,
1785504942.0538,2026-07-31T09:35:42.053,48.127,485,,,,0,,,,-0.1003,2.08,-0.1003,2.08,1,30.0,idle,+0.000,+0.000,+0.000,+0.000,1100,0,
1785504942.1531,2026-07-31T09:35:42.153,48.226,486,,,,0,,,,-0.1019,2.08,-0.1019,2.08,1,30.0,idle,+0.000,+0.000,+0.000,+0.000,1100,0,
1785504942.2526,2026-07-31T09:35:42.252,48.326,487,,,,0,,,,-0.1038,2.07,-0.1038,2.07,1,30.0,idle,+0.000,+0.000,+0.000,+0.000,1100,0,
1785504942.3526,2026-07-31T09:35:42.352,48.426,488,,,,0,,,,-0.1056,2.06,-0.1056,2.06,1,30.0,idle,+0.000,+0.000,+0.000,+0.000,1100,0,
1785504942.4518,2026-07-31T09:35:42.451,48.525,489,,,,0,,,,-0.1102,2.08,-0.1102,2.08,1,30.0,idle,+0.000,+0.000,+0.000,+0.000,1100,0,
1785504942.5518,2026-07-31T09:35:42.551,48.625,490,,,,0,,,,-0.1022,2.07,-0.1022,2.07,1,30.0,idle,+0.000,+0.000,+0.000,+0.000,1100,0,
1785504942.6507,2026-07-31T09:35:42.650,48.724,491,,,,0,,,,-0.1032,2.07,-0.1032,2.07,1,30.0,idle,+0.000,+0.000,+0.000,+0.000,1100,0,
1785504942.7494,2026-07-31T09:35:42.749,48.822,492,,,,0,,,,-0.1065,2.06,-0.1065,2.06,1,30.0,idle,+0.000,+0.000,+0.000,+0.000,1100,0,
1785504942.8496,2026-07-31T09:35:42.849,48.923,493,,,,0,,,,-0.1050,2.07,-0.1050,2.07,1,30.0,idle,+0.000,+0.000,+0.000,+0.000,1100,0,
1785504942.9489,2026-07-31T09:35:42.948,49.022,494,,,,0,,,,-0.1097,2.10,-0.1097,2.10,1,30.0,idle,+0.000,+0.000,+0.000,+0.000,1100,0,
1785504943.0480,2026-07-31T09:35:43.048,49.121,495,,,,0,,,,-0.1039,2.11,-0.1039,2.11,1,30.0,idle,+0.000,+0.000,+0.000,+0.000,1100,0,
1785504943.1462,2026-07-31T09:35:43.146,49.219,496,,,,0,,,,-0.0989,2.06,-0.0989,2.06,1,30.0,idle,+0.000,+0.000,+0.000,+0.000,1100,0,
1785504943.2457,2026-07-31T09:35:43.245,49.319,497,,,,0,,,,-0.1031,2.05,-0.1031,2.05,1,30.0,idle,+0.000,+0.000,+0.000,+0.000,1100,0,
1785504943.3444,2026-07-31T09:35:43.344,49.417,498,,,,0,,,,-0.1025,2.03,-0.1025,2.03,1,30.0,idle,+0.000,+0.000,+0.000,+0.000,1100,0,
1785504943.4435,2026-07-31T09:35:43.443,49.517,499,,,,0,,,,-0.1015,2.03,-0.1015,2.03,1,30.0,idle,+0.000,+0.000,+0.000,+0.000,1100,0,
1785504943.5425,2026-07-31T09:35:43.542,49.616,500,,,,0,,,,-0.1045,2.01,-0.1045,2.01,1,30.0,idle,+0.000,+0.000,+0.000,+0.000,1100,0,
1785504943.6436,2026-07-31T09:35:43.643,49.717,501,,,,0,,,,-0.1000,2.05,-0.1000,2.05,1,30.0,idle,+0.000,+0.000,+0.000,+0.000,1100,0,
1785504943.7419,2026-07-31T09:35:43.741,49.815,502,,,,0,,,,-0.1027,2.05,-0.1027,2.05,1,30.0,idle,+0.000,+0.000,+0.000,+0.000,1100,0,
1785504943.8424,2026-07-31T09:35:43.842,49.915,503,,,,0,,,,-0.1038,2.02,-0.1038,2.02,1,30.0,idle,+0.000,+0.000,+0.000,+0.000,1100,0,
1785504943.9414,2026-07-31T09:35:43.941,50.014,504,,,,0,,,,-0.1075,2.02,-0.1075,2.02,1,30.0,idle,+0.000,+0.000,+0.000,+0.000,1100,0,
1785504944.0400,2026-07-31T09:35:44.040,50.113,505,,,,0,,,,-0.1086,2.04,-0.1086,2.04,1,30.0,idle,+0.000,+0.000,+0.000,+0.000,1100,0,
1785504944.1388,2026-07-31T09:35:44.138,50.212,506,,,,0,,,,-0.1030,2.03,-0.1030,2.03,1,30.0,idle,+0.000,+0.000,+0.000,+0.000,1100,0,
1785504944.2376,2026-07-31T09:35:44.237,50.311,507,,,,0,,,,-0.1047,2.03,-0.1047,2.03,1,30.0,idle,+0.000,+0.000,+0.000,+0.000,1100,0,
1785504944.3378,2026-07-31T09:35:44.337,50.411,508,,,,0,,,,-0.1071,2.03,-0.1071,2.03,1,30.0,idle,+0.000,+0.000,+0.000,+0.000,1100,0,
1785504944.4384,2026-07-31T09:35:44.438,50.511,509,,,,0,,,,-0.1040,2.04,-0.1040,2.04,1,30.0,idle,+0.000,+0.000,+0.000,+0.000,1100,0,
1785504944.5370,2026-07-31T09:35:44.536,50.610,510,,,,0,,,,-0.0998,2.04,-0.0998,2.04,1,30.0,idle,+0.000,+0.000,+0.000,+0.000,1100,0,
1785504944.6364,2026-07-31T09:35:44.636,50.709,511,,,,0,,,,-0.1057,2.04,-0.1057,2.04,1,30.0,idle,+0.000,+0.000,+0.000,+0.000,1100,0,
1785504944.7358,2026-07-31T09:35:44.735,50.809,512,,,,0,,,,-0.1073,2.04,-0.1073,2.04,1,30.0,idle,+0.000,+0.000,+0.000,+0.000,1100,0,
1785504944.8358,2026-07-31T09:35:44.835,50.909,513,,,,0,,,,-0.1021,2.04,-0.1021,2.04,1,30.0,idle,+0.000,+0.000,+0.000,+0.000,1100,0,
1785504944.9363,2026-07-31T09:35:44.936,51.009,514,,,,0,,,,-0.1060,2.04,-0.1060,2.04,1,30.0,idle,+0.000,+0.000,+0.000,+0.000,1100,0,
1785504945.0353,2026-07-31T09:35:45.035,51.108,515,,,,0,,,,-0.1044,2.03,-0.1044,2.03,1,30.0,idle,+0.000,+0.000,+0.000,+0.000,1100,0,
1785504945.1342,2026-07-31T09:35:45.134,51.207,516,,,,0,,,,-0.1018,2.04,-0.1018,2.04,1,30.0,idle,+0.000,+0.000,+0.000,+0.000,1100,0,
1785504945.2326,2026-07-31T09:35:45.232,51.306,517,,,,0,,,,-0.1046,2.03,-0.1046,2.03,1,30.0,idle,+0.000,+0.000,+0.000,+0.000,1100,0,
1785504945.3329,2026-07-31T09:35:45.332,51.406,518,,,,0,,,,-0.1050,2.04,-0.1050,2.04,1,30.0,idle,+0.000,+0.000,+0.000,+0.000,1100,0,
1785504945.4318,2026-07-31T09:35:45.431,51.505,519,,,,0,,,,-0.1053,2.08,-0.1053,2.08,1,30.0,idle,+0.000,+0.000,+0.000,+0.000,1100,0,
1785504945.5307,2026-07-31T09:35:45.530,51.604,520,,,,0,,,,-0.1053,1.98,-0.1053,1.98,1,30.0,idle,+0.000,+0.000,+0.000,+0.000,1100,0,
1785504945.6319,2026-07-31T09:35:45.631,51.705,521,,,,0,,,,-0.1073,1.93,-0.1073,1.93,1,30.0,idle,+0.000,+0.000,+0.000,+0.000,1100,0,
1785504945.7312,2026-07-31T09:35:45.731,51.804,522,,,,0,,,,-0.1058,1.93,-0.1058,1.93,1,30.0,idle,+0.000,+0.000,+0.000,+0.000,1100,0,
1785504945.8312,2026-07-31T09:35:45.831,51.904,523,,,,0,,,,-0.1054,-0.94,-0.1054,-0.94,1,30.0,idle,+0.000,+0.000,+0.000,+0.000,1100,0,
1785504945.9304,2026-07-31T09:35:45.930,52.003,524,,,,0,,,,-0.1092,-2.35,-0.1092,-2.35,1,30.0,idle,+0.000,+0.000,+0.000,+0.000,1100,0,
1785504946.0301,2026-07-31T09:35:46.030,52.103,525,,,,0,,,,-0.1090,-3.94,-0.1090,-3.94,1,30.0,idle,+0.000,+0.000,+0.000,+0.000,1100,0,
1785504946.1294,2026-07-31T09:35:46.129,52.202,526,,,,0,,,,-0.1058,-4.26,-0.1058,-4.26,1,30.0,idle,+0.000,+0.000,+0.000,+0.000,1100,0,
1785504946.2295,2026-07-31T09:35:46.229,52.302,527,,,,0,,,,-0.1037,-5.14,-0.1037,-5.14,1,30.0,idle,+0.000,+0.000,+0.000,+0.000,1100,0,
1785504946.3295,2026-07-31T09:35:46.329,52.402,528,,,,0,,,,-0.1041,-6.69,-0.1041,-6.69,1,30.0,idle,+0.000,+0.000,+0.000,+0.000,1100,0,
1785504946.4285,2026-07-31T09:35:46.428,52.501,529,,,,0,,,,-0.1059,-7.11,-0.1059,-7.11,1,30.0,idle,+0.000,+0.000,+0.000,+0.000,1100,0,
1785504946.5279,2026-07-31T09:35:46.527,52.601,530,,,,0,,,,-0.1094,-9.73,-0.1094,-9.73,1,30.0,idle,+0.000,+0.000,+0.000,+0.000,1100,0,
1785504946.6268,2026-07-31T09:35:46.626,52.700,531,,,,0,,,,-0.1027,-11.01,-0.1027,-11.01,1,30.0,idle,+0.000,+0.000,+0.000,+0.000,1100,0,
1785504946.7258,2026-07-31T09:35:46.725,52.799,532,,,,0,,,,-0.1064,-12.10,-0.1064,-12.10,1,30.0,idle,+0.000,+0.000,+0.000,+0.000,1100,0,
1785504946.8246,2026-07-31T09:35:46.824,52.898,533,,,,0,,,,-0.1070,-13.60,-0.1070,-13.60,1,30.0,idle,+0.000,+0.000,+0.000,+0.000,1100,0,
1785504946.9237,2026-07-31T09:35:46.923,52.997,534,,,,0,,,,-0.1053,-14.21,-0.1053,-14.21,1,30.0,idle,+0.000,+0.000,+0.000,+0.000,1100,0,
1785504947.0221,2026-07-31T09:35:47.022,53.095,535,,,,0,,,,-0.1048,-15.72,-0.1048,-15.72,1,30.0,idle,+0.000,+0.000,+0.000,+0.000,1100,0,
1785504947.1224,2026-07-31T09:35:47.122,53.195,536,,,,0,,,,-0.1063,-16.41,-0.1063,-16.41,1,30.0,idle,+0.000,+0.000,+0.000,+0.000,1100,0,
1785504947.2213,2026-07-31T09:35:47.221,53.294,537,,,,0,,,,-0.1079,-17.33,-0.1079,-17.33,1,30.0,idle,+0.000,+0.000,+0.000,+0.000,1100,0,
1785504947.3208,2026-07-31T09:35:47.320,53.394,538,,,,0,,,,-0.1026,-18.44,-0.1026,-18.44,1,30.0,idle,+0.000,+0.000,+0.000,+0.000,1100,0,
1785504947.4209,2026-07-31T09:35:47.420,53.494,539,,,,0,,,,-0.1062,-19.17,-0.1062,-19.17,1,30.0,idle,+0.000,+0.000,+0.000,+0.000,1100,0,
1785504947.5202,2026-07-31T09:35:47.520,53.593,540,,,,0,,,,-0.1075,-20.55,-0.1075,-20.55,1,30.0,idle,+0.000,+0.000,+0.000,+0.000,1100,0,
1785504947.6193,2026-07-31T09:35:47.619,53.692,541,,,,0,,,,-0.1076,-21.06,-0.1076,-21.06,1,30.0,idle,+0.000,+0.000,+0.000,+0.000,1100,0,
1785504947.7195,2026-07-31T09:35:47.719,53.793,542,,,,0,,,,-0.1094,-21.70,-0.1094,-21.70,1,30.0,idle,+0.000,+0.000,+0.000,+0.000,1100,0,
1785504947.8179,2026-07-31T09:35:47.817,53.891,543,,,,0,,,,-0.1066,-21.90,-0.1066,-21.90,1,30.0,idle,+0.000,+0.000,+0.000,+0.000,1100,0,
1785504947.9173,2026-07-31T09:35:47.917,53.990,544,,,,0,,,,-0.1044,-21.95,-0.1044,-21.95,1,30.0,idle,+0.000,+0.000,+0.000,+0.000,1100,0,
1785504948.0164,2026-07-31T09:35:48.016,54.089,545,,,,0,,,,-0.1057,-21.86,-0.1057,-21.86,1,30.0,idle,+0.000,+0.000,+0.000,+0.000,1100,0,
1785504948.1154,2026-07-31T09:35:48.115,54.188,546,,,,0,,,,-0.1034,-21.69,-0.1034,-21.69,1,30.0,idle,+0.000,+0.000,+0.000,+0.000,1100,0,
1785504948.2134,2026-07-31T09:35:48.213,54.286,547,,,,0,,,,-0.1072,-21.23,-0.1072,-21.23,1,30.0,idle,+0.000,+0.000,+0.000,+0.000,1100,0,
1785504948.3136,2026-07-31T09:35:48.313,54.387,548,,,,0,,,,-0.1068,-21.01,-0.1068,-21.01,1,30.0,idle,+0.000,+0.000,+0.000,+0.000,1100,0,
1785504948.4126,2026-07-31T09:35:48.412,54.486,549,,,,0,,,,-0.1031,-20.80,-0.1031,-20.80,1,30.0,idle,+0.000,+0.000,+0.000,+0.000,1100,0,
1785504948.5128,2026-07-31T09:35:48.512,54.586,550,,,,0,,,,-0.1099,-20.96,-0.1099,-20.96,1,30.0,idle,+0.000,+0.000,+0.000,+0.000,1100,0,
1785504948.6118,2026-07-31T09:35:48.611,54.685,551,,,,0,,,,-0.1061,-21.10,-0.1061,-21.10,1,30.0,idle,+0.000,+0.000,+0.000,+0.000,1100,0,
1785504948.7122,2026-07-31T09:35:48.712,54.785,552,,,,0,,,,-0.1046,-21.25,-0.1046,-21.25,1,30.0,idle,+0.000,+0.000,+0.000,+0.000,1100,0,
1785504948.8121,2026-07-31T09:35:48.812,54.885,553,,,,0,,,,-0.1079,-21.18,-0.1079,-21.18,1,30.0,idle,+0.000,+0.000,+0.000,+0.000,1100,0,
1785504948.9115,2026-07-31T09:35:48.911,54.985,554,,,,0,,,,-0.1049,-21.08,-0.1049,-21.08,1,30.0,idle,+0.000,+0.000,+0.000,+0.000,1100,0,
1785504949.0113,2026-07-31T09:35:49.011,55.084,555,,,,0,,,,-0.1053,-20.72,-0.1053,-20.72,1,30.0,idle,+0.000,+0.000,+0.000,+0.000,1100,0,
1785504949.1103,2026-07-31T09:35:49.110,55.183,556,,,,0,,,,-0.1079,-20.30,-0.1079,-20.30,1,30.0,idle,+0.000,+0.000,+0.000,+0.000,1100,0,
1785504949.2104,2026-07-31T09:35:49.210,55.283,557,,,,0,,,,-0.1037,-19.62,-0.1037,-19.62,1,30.0,idle,+0.000,+0.000,+0.000,+0.000,1100,0,
1785504949.3111,2026-07-31T09:35:49.311,55.384,558,,,,0,,,,-0.1081,-19.46,-0.1081,-19.46,1,30.0,idle,+0.000,+0.000,+0.000,+0.000,1100,0,
1785504949.4099,2026-07-31T09:35:49.409,55.483,559,,,,0,,,,-0.1074,-19.30,-0.1074,-19.30,1,30.0,idle,+0.000,+0.000,+0.000,+0.000,1100,0,
1785504949.5090,2026-07-31T09:35:49.509,55.582,560,,,,0,,,,-0.1049,-19.22,-0.1049,-19.22,1,30.0,idle,+0.000,+0.000,+0.000,+0.000,1100,0,
1785504949.6077,2026-07-31T09:35:49.607,55.681,561,,,,0,,,,-0.1088,-18.99,-0.1088,-18.99,1,30.0,idle,+0.000,+0.000,+0.000,+0.000,1100,0,
1785504949.7065,2026-07-31T09:35:49.706,55.780,562,,,,0,,,,-0.1080,-18.45,-0.1080,-18.45,1,30.0,idle,+0.000,+0.000,+0.000,+0.000,1100,0,
1785504949.8063,2026-07-31T09:35:49.806,55.879,563,,,,0,,,,-0.1076,-18.14,-0.1076,-18.14,1,30.0,idle,+0.000,+0.000,+0.000,+0.000,1100,0,
1785504949.9061,2026-07-31T09:35:49.906,55.979,564,,,,0,,,,-0.1052,-17.57,-0.1052,-17.57,1,30.0,idle,+0.000,+0.000,+0.000,+0.000,1100,0,
1785504950.0061,2026-07-31T09:35:50.006,56.079,565,,,,0,,,,-0.1041,-17.30,-0.1041,-17.30,1,30.0,idle,+0.000,+0.000,+0.000,+0.000,1100,0,
1785504950.1052,2026-07-31T09:35:50.105,56.178,566,,,,0,,,,-0.1040,-16.85,-0.1040,-16.85,1,30.0,idle,+0.000,+0.000,+0.000,+0.000,1100,0,
1785504950.2059,2026-07-31T09:35:50.205,56.279,567,,,,0,,,,-0.1033,-16.46,-0.1033,-16.46,1,30.0,idle,+0.000,+0.000,+0.000,+0.000,1100,0,
1785504950.3043,2026-07-31T09:35:50.304,56.377,568,,,,0,,,,-0.1019,-16.44,-0.1019,-16.44,1,30.0,idle,+0.000,+0.000,+0.000,+0.000,1100,0,
1785504950.4034,2026-07-31T09:35:50.403,56.476,569,,,,0,,,,-0.1043,-16.69,-0.1043,-16.69,1,30.0,idle,+0.000,+0.000,+0.000,+0.000,1100,0,
1785504950.5032,2026-07-31T09:35:50.503,56.576,570,,,,0,,,,-0.1022,-17.02,-0.1022,-17.02,1,30.0,idle,+0.000,+0.000,+0.000,+0.000,1100,0,
1785504950.6038,2026-07-31T09:35:50.603,56.677,571,,,,0,,,,-0.1050,-17.28,-0.1050,-17.28,1,30.0,idle,+0.000,+0.000,+0.000,+0.000,1100,0,
1785504950.7023,2026-07-31T09:35:50.702,56.775,572,,,,0,,,,-0.1073,-17.15,-0.1073,-17.15,1,30.0,idle,+0.000,+0.000,+0.000,+0.000,1100,0,
1785504950.8018,2026-07-31T09:35:50.801,56.875,573,,,,0,,,,-0.1079,-17.43,-0.1079,-17.43,1,30.0,idle,+0.000,+0.000,+0.000,+0.000,1100,0,
1785504950.9008,2026-07-31T09:35:50.900,56.974,574,,,,0,,,,-0.1038,-16.81,-0.1038,-16.81,1,30.0,idle,+0.000,+0.000,+0.000,+0.000,1100,0,
1785504951.0006,2026-07-31T09:35:51.000,57.074,575,,,,0,,,,-0.1015,-16.50,-0.1015,-16.50,1,30.0,idle,+0.000,+0.000,+0.000,+0.000,1100,0,
1785504951.1020,2026-07-31T09:35:51.101,57.175,576,,,,0,,,,-0.1020,-15.90,-0.1020,-15.90,1,30.0,idle,+0.000,+0.000,+0.000,+0.000,1100,0,
1785504951.2011,2026-07-31T09:35:51.201,57.274,577,,,,0,,,,-0.1090,-15.49,-0.1090,-15.49,1,30.0,idle,+0.000,+0.000,+0.000,+0.000,1100,0,
1785504951.3002,2026-07-31T09:35:51.300,57.373,578,,,,0,,,,-0.1044,-15.18,-0.1044,-15.18,1,30.0,idle,+0.000,+0.000,+0.000,+0.000,1100,0,
1785504951.3989,2026-07-31T09:35:51.398,57.472,579,,,,0,,,,-0.1080,-14.90,-0.1080,-14.90,1,30.0,idle,+0.000,+0.000,+0.000,+0.000,1100,0,
1785504951.4984,2026-07-31T09:35:51.498,57.571,580,,,,0,,,,-0.1064,-14.71,-0.1064,-14.71,1,30.0,idle,+0.000,+0.000,+0.000,+0.000,1100,0,
1785504951.5972,2026-07-31T09:35:51.597,57.670,581,,,,0,,,,-0.1075,-14.49,-0.1075,-14.49,1,30.0,idle,+0.000,+0.000,+0.000,+0.000,1100,0,
1785504951.6974,2026-07-31T09:35:51.697,57.770,582,,,,0,,,,-0.1050,-14.27,-0.1050,-14.27,1,30.0,idle,+0.000,+0.000,+0.000,+0.000,1100,0,
1785504951.7974,2026-07-31T09:35:51.797,57.870,583,,,,0,,,,-0.1067,-14.33,-0.1067,-14.33,1,30.0,idle,+0.000,+0.000,+0.000,+0.000,1100,0,
1785504951.8963,2026-07-31T09:35:51.896,57.969,584,,,,0,,,,-0.1042,-14.48,-0.1042,-14.48,1,30.0,idle,+0.000,+0.000,+0.000,+0.000,1100,0,
1785504951.9958,2026-07-31T09:35:51.995,58.069,585,,,,0,,,,-0.1096,-14.56,-0.1096,-14.56,1,30.0,idle,+0.000,+0.000,+0.000,+0.000,1100,0,
1785504952.0961,2026-07-31T09:35:52.096,58.169,586,,,,0,,,,-0.1066,-14.77,-0.1066,-14.77,1,30.0,idle,+0.000,+0.000,+0.000,+0.000,1100,0,
1785504952.1965,2026-07-31T09:35:52.196,58.269,587,,,,0,,,,-0.1061,-15.00,-0.1061,-15.00,1,30.0,idle,+0.000,+0.000,+0.000,+0.000,1100,0,
1785504952.2954,2026-07-31T09:35:52.295,58.368,588,,,,0,,,,-0.1069,-14.94,-0.1069,-14.94,1,30.0,idle,+0.000,+0.000,+0.000,+0.000,1100,0,
1785504952.3943,2026-07-31T09:35:52.394,58.467,589,,,,0,,,,-0.1059,-15.17,-0.1059,-15.17,1,30.0,idle,+0.000,+0.000,+0.000,+0.000,1100,0,
1785504952.4933,2026-07-31T09:35:52.493,58.566,590,,,,0,,,,-0.1042,-15.20,-0.1042,-15.20,1,30.0,idle,+0.000,+0.000,+0.000,+0.000,1100,0,
1785504952.5919,2026-07-31T09:35:52.591,58.665,591,,,,0,,,,-0.1106,-15.46,-0.1106,-15.46,1,30.0,idle,+0.000,+0.000,+0.000,+0.000,1100,0,
1785504952.6923,2026-07-31T09:35:52.692,58.765,592,,,,0,,,,-0.1045,-15.76,-0.1045,-15.76,1,30.0,idle,+0.000,+0.000,+0.000,+0.000,1100,0,
1785504952.7912,2026-07-31T09:35:52.791,58.864,593,,,,0,,,,-0.1041,-15.79,-0.1041,-15.79,1,30.0,idle,+0.000,+0.000,+0.000,+0.000,1100,0,
1785504952.8902,2026-07-31T09:35:52.890,58.963,594,,,,0,,,,-0.1025,-15.96,-0.1025,-15.96,1,30.0,idle,+0.000,+0.000,+0.000,+0.000,1100,0,
1785504952.9889,2026-07-31T09:35:52.988,59.062,595,,,,0,,,,-0.1038,-16.13,-0.1038,-16.13,1,30.0,idle,+0.000,+0.000,+0.000,+0.000,1100,0,
1785504953.0885,2026-07-31T09:35:53.088,59.162,596,,,,0,,,,-0.1049,-16.05,-0.1049,-16.05,1,30.0,idle,+0.000,+0.000,+0.000,+0.000,1100,0,
1785504953.1884,2026-07-31T09:35:53.188,59.261,597,,,,0,,,,-0.1046,-16.05,-0.1046,-16.05,1,30.0,idle,+0.000,+0.000,+0.000,+0.000,1100,0,
1785504953.2871,2026-07-31T09:35:53.287,59.360,598,,,,0,,,,-0.1074,-16.15,-0.1074,-16.15,1,30.0,idle,+0.000,+0.000,+0.000,+0.000,1100,0,
1785504953.3860,2026-07-31T09:35:53.385,59.459,599,,,,0,,,,-0.1026,-16.12,-0.1026,-16.12,1,30.0,idle,+0.000,+0.000,+0.000,+0.000,1100,0,
1785504953.4845,2026-07-31T09:35:53.484,59.558,600,,,,0,,,,-0.1086,-16.05,-0.1086,-16.05,1,30.0,idle,+0.000,+0.000,+0.000,+0.000,1100,0,
1785504953.5844,2026-07-31T09:35:53.584,59.657,601,,,,0,,,,-0.1051,-15.73,-0.1051,-15.73,1,30.0,idle,+0.000,+0.000,+0.000,+0.000,1100,0,
1785504953.6836,2026-07-31T09:35:53.683,59.757,602,,,,0,,,,-0.1076,-15.97,-0.1076,-15.97,1,30.0,idle,+0.000,+0.000,+0.000,+0.000,1100,0,
1785504953.7842,2026-07-31T09:35:53.784,59.857,603,,,,0,,,,-0.1079,-16.50,-0.1079,-16.50,1,30.0,idle,+0.000,+0.000,+0.000,+0.000,1100,0,
1785504953.8841,2026-07-31T09:35:53.884,59.957,604,,,,0,,,,-0.1082,-16.96,-0.1082,-16.96,1,30.0,idle,+0.000,+0.000,+0.000,+0.000,1100,0,
1785504953.9827,2026-07-31T09:35:53.982,60.056,605,,,,0,,,,-0.1091,-17.11,-0.1091,-17.11,1,30.0,idle,+0.000,+0.000,+0.000,+0.000,1100,0,
1785504954.0821,2026-07-31T09:35:54.082,60.155,606,,,,0,,,,-0.1048,-17.64,-0.1048,-17.64,1,30.0,idle,+0.000,+0.000,+0.000,+0.000,1100,0,
1785504954.1795,2026-07-31T09:35:54.179,60.253,607,,,,0,,,,-0.1069,-17.93,-0.1069,-17.93,1,30.0,idle,+0.000,+0.000,+0.000,+0.000,1100,0,
1785504954.2792,2026-07-31T09:35:54.279,60.352,608,,,,0,,,,-0.1063,-18.65,-0.1063,-18.65,1,30.0,idle,+0.000,+0.000,+0.000,+0.000,1100,0,
1785504954.3797,2026-07-31T09:35:54.379,60.453,609,,,,0,,,,-0.1032,-19.48,-0.1032,-19.48,1,30.0,idle,+0.000,+0.000,+0.000,+0.000,1100,0,
1785504954.4791,2026-07-31T09:35:54.479,60.552,610,,,,0,,,,-0.1080,-19.79,-0.1080,-19.79,1,30.0,idle,+0.000,+0.000,+0.000,+0.000,1100,0,
1785504954.5785,2026-07-31T09:35:54.578,60.652,611,,,,0,,,,-0.1103,-19.77,-0.1103,-19.77,1,30.0,idle,+0.000,+0.000,+0.000,+0.000,1100,0,
1785504954.6776,2026-07-31T09:35:54.677,60.751,612,,,,0,,,,-0.1095,-19.73,-0.1095,-19.73,1,30.0,idle,+0.000,+0.000,+0.000,+0.000,1100,0,
1785504954.7774,2026-07-31T09:35:54.777,60.850,613,,,,0,,,,-0.1076,-19.75,-0.1076,-19.75,1,30.0,idle,+0.000,+0.000,+0.000,+0.000,1100,0,
1785504954.8762,2026-07-31T09:35:54.876,60.949,614,,,,0,,,,-0.1065,-18.66,-0.1065,-18.66,1,30.0,idle,+0.000,+0.000,+0.000,+0.000,1100,0,
1785504954.9756,2026-07-31T09:35:54.975,61.049,615,,,,0,,,,-0.1040,-17.96,-0.1040,-17.96,1,30.0,idle,+0.000,+0.000,+0.000,+0.000,1100,0,
1785504955.0757,2026-07-31T09:35:55.075,61.149,616,,,,0,,,,-0.1022,-20.57,-0.1022,-20.57,1,30.0,idle,+0.000,+0.000,+0.000,+0.000,1100,0,
1785504955.1765,2026-07-31T09:35:55.176,61.250,617,,,,0,,,,-0.1073,-21.38,-0.1073,-21.38,1,30.0,idle,+0.000,+0.000,+0.000,+0.000,1100,0,
1785504955.2755,2026-07-31T09:35:55.275,61.348,618,,,,0,,,,-0.1053,-23.92,-0.1053,-23.92,1,30.0,idle,+0.000,+0.000,+0.000,+0.000,1100,0,
1785504955.3747,2026-07-31T09:35:55.374,61.448,619,,,,0,,,,-0.1047,-25.74,-0.1047,-25.74,1,30.0,idle,+0.000,+0.000,+0.000,+0.000,1100,0,
1785504955.4732,2026-07-31T09:35:55.473,61.546,620,,,,0,,,,-0.1083,-26.21,-0.1083,-26.21,1,30.0,idle,+0.000,+0.000,+0.000,+0.000,1100,0,
1785504955.5728,2026-07-31T09:35:55.572,61.646,621,,,,0,,,,-0.1084,-26.62,-0.1084,-26.62,1,30.0,idle,+0.000,+0.000,+0.000,+0.000,1100,0,
1785504955.6713,2026-07-31T09:35:55.671,61.744,622,,,,0,,,,-0.1059,-26.94,-0.1059,-26.94,1,30.0,idle,+0.000,+0.000,+0.000,+0.000,1100,0,
1785504955.7701,2026-07-31T09:35:55.770,61.843,623,,,,0,,,,-0.1079,-28.02,-0.1079,-28.02,1,30.0,idle,+0.000,+0.000,+0.000,+0.000,1100,0,
1785504955.8696,2026-07-31T09:35:55.869,61.943,624,,,,0,,,,-0.1096,-29.64,-0.1096,-29.64,1,30.0,idle,+0.000,+0.000,+0.000,+0.000,1100,0,
1785504955.9686,2026-07-31T09:35:55.968,62.042,625,,,,0,,,,-0.1107,-29.64,-0.1107,-29.64,1,30.0,idle,+0.000,+0.000,+0.000,+0.000,1100,0,
1785504956.0677,2026-07-31T09:35:56.067,62.141,626,,,,0,,,,-0.1113,-29.08,-0.1113,-29.08,1,30.0,idle,+0.000,+0.000,+0.000,+0.000,1100,0,
1785504956.1663,2026-07-31T09:35:56.166,62.239,627,,,,0,,,,-0.1074,-29.23,-0.1074,-29.23,1,30.0,idle,+0.000,+0.000,+0.000,+0.000,1100,0,
1785504956.2652,2026-07-31T09:35:56.265,62.338,628,,,,0,,,,-0.1063,-28.54,-0.1063,-28.54,1,30.0,idle,+0.000,+0.000,+0.000,+0.000,1100,0,
1785504956.3638,2026-07-31T09:35:56.363,62.437,629,,,,0,,,,-0.1081,-27.83,-0.1081,-27.83,1,30.0,idle,+0.000,+0.000,+0.000,+0.000,1100,0,
1785504956.4632,2026-07-31T09:35:56.463,62.536,630,,,,0,,,,-0.1066,-27.66,-0.1066,-27.66,1,30.0,idle,+0.000,+0.000,+0.000,+0.000,1100,0,
1785504956.5619,2026-07-31T09:35:56.561,62.635,631,,,,0,,,,-0.1093,-27.72,-0.1093,-27.72,1,30.0,idle,+0.000,+0.000,+0.000,+0.000,1100,0,
1785504956.6611,2026-07-31T09:35:56.661,62.734,632,,,,0,,,,-0.1047,-28.07,-0.1047,-28.07,1,30.0,idle,+0.000,+0.000,+0.000,+0.000,1100,0,
1785504956.7608,2026-07-31T09:35:56.760,62.834,633,,,,0,,,,-0.1116,-29.40,-0.1116,-29.40,1,30.0,idle,+0.000,+0.000,+0.000,+0.000,1100,0,
1785504956.8613,2026-07-31T09:35:56.861,62.934,634,,,,0,,,,-0.1099,-30.30,-0.1099,-30.30,1,30.0,idle,+0.000,+0.000,+0.000,+0.000,1100,0,
1785504956.9613,2026-07-31T09:35:56.961,63.034,635,,,,0,,,,-0.1124,-30.05,-0.1124,-30.05,1,30.0,idle,+0.000,+0.000,+0.000,+0.000,1100,0,
1785504957.0600,2026-07-31T09:35:57.059,63.133,636,,,,0,,,,-0.1078,-29.96,-0.1078,-29.96,1,30.0,idle,+0.000,+0.000,+0.000,+0.000,1100,0,
1785504957.1595,2026-07-31T09:35:57.159,63.232,637,,,,0,,,,-0.1078,-29.99,-0.1078,-29.99,1,30.0,idle,+0.000,+0.000,+0.000,+0.000,1100,0,
1785504957.2579,2026-07-31T09:35:57.257,63.331,638,,,,0,,,,-0.1079,-30.11,-0.1079,-30.11,1,30.0,idle,+0.000,+0.000,+0.000,+0.000,1100,0,
1785504957.3572,2026-07-31T09:35:57.357,63.430,639,,,,0,,,,-0.1058,-30.11,-0.1058,-30.11,1,30.0,idle,+0.000,+0.000,+0.000,+0.000,1100,0,
1785504957.4563,2026-07-31T09:35:57.456,63.529,640,,,,0,,,,-0.1108,-34.37,-0.1108,-34.37,1,30.0,idle,+0.000,+0.000,+0.000,+0.000,1100,0,
1785504957.5553,2026-07-31T09:35:57.555,63.628,641,,,,0,,,,-0.1054,-33.76,-0.1054,-33.76,1,30.0,idle,+0.000,+0.000,+0.000,+0.000,1100,0,
1785504957.6546,2026-07-31T09:35:57.654,63.728,642,,,,0,,,,-0.1071,-27.10,-0.1071,-27.10,1,30.0,idle,+0.000,+0.000,+0.000,+0.000,1100,0,
1785504957.7543,2026-07-31T09:35:57.754,63.827,643,,,,0,,,,-0.1102,-19.81,-0.1102,-19.81,1,30.0,idle,+0.000,+0.000,+0.000,+0.000,1100,0,
1785504957.8533,2026-07-31T09:35:57.853,63.926,644,,,,0,,,,-0.1057,-16.01,-0.1057,-16.01,1,30.0,idle,+0.000,+0.000,+0.000,+0.000,1100,0,
1785504957.9522,2026-07-31T09:35:57.952,64.025,645,,,,0,,,,-0.1048,-7.25,-0.1048,-7.25,1,30.0,idle,+0.000,+0.000,+0.000,+0.000,1100,0,
1785504958.0515,2026-07-31T09:35:58.051,64.125,646,,,,0,,,,-0.1071,-2.52,-0.1071,-2.52,1,30.0,idle,+0.000,+0.000,+0.000,+0.000,1100,0,
1785504958.1506,2026-07-31T09:35:58.150,64.224,647,,,,0,,,,-0.1100,1.29,-0.1100,1.29,1,30.0,idle,+0.000,+0.000,+0.000,+0.000,1100,0,
1785504958.2499,2026-07-31T09:35:58.249,64.323,648,,,,0,,,,-0.1072,3.45,-0.1072,3.45,1,30.0,idle,+0.000,+0.000,+0.000,+0.000,1100,0,
1785504958.3490,2026-07-31T09:35:58.349,64.422,649,,,,0,,,,-0.1096,3.37,-0.1096,3.37,1,30.0,idle,+0.000,+0.000,+0.000,+0.000,1100,0,
1785504958.4478,2026-07-31T09:35:58.447,64.521,650,,,,0,,,,-0.1082,7.97,-0.1082,7.97,1,30.0,idle,+0.000,+0.000,+0.000,+0.000,1100,0,
1785504958.5468,2026-07-31T09:35:58.546,64.620,651,,,,0,,,,-0.1073,17.32,-0.1073,17.32,1,30.0,idle,+0.000,+0.000,+0.000,+0.000,1100,0,
1785504958.6466,2026-07-31T09:35:58.646,64.720,652,,,,0,,,,-0.1084,20.08,-0.1084,20.08,1,30.0,idle,+0.000,+0.000,+0.000,+0.000,1100,0,
1785504958.7458,2026-07-31T09:35:58.745,64.819,653,,,,0,,,,-0.1102,15.37,-0.1102,15.37,1,30.0,idle,+0.000,+0.000,+0.000,+0.000,1100,0,
1785504958.8470,2026-07-31T09:35:58.847,64.920,654,,,,0,,,,-0.1052,10.90,-0.1052,10.90,1,30.0,idle,+0.000,+0.000,+0.000,+0.000,1100,0,
1785504958.9473,2026-07-31T09:35:58.947,65.020,655,,,,0,,,,-0.1055,12.34,-0.1055,12.34,1,30.0,idle,+0.000,+0.000,+0.000,+0.000,1100,0,
1785504959.0471,2026-07-31T09:35:59.047,65.120,656,,,,0,,,,-0.1074,18.48,-0.1074,18.48,1,30.0,idle,+0.000,+0.000,+0.000,+0.000,1100,0,
1785504959.1449,2026-07-31T09:35:59.144,65.218,657,,,,0,,,,-0.1096,19.36,-0.1096,19.36,1,30.0,idle,+0.000,+0.000,+0.000,+0.000,1100,0,
1785504959.2456,2026-07-31T09:35:59.245,65.319,658,,,,0,,,,-0.1061,18.79,-0.1061,18.79,1,30.0,idle,+0.000,+0.000,+0.000,+0.000,1100,0,
1785504959.3455,2026-07-31T09:35:59.345,65.419,659,,,,0,,,,-0.1013,18.04,-0.1013,18.04,1,30.0,idle,+0.000,+0.000,+0.000,+0.000,1100,0,
1785504959.4448,2026-07-31T09:35:59.444,65.518,660,,,,0,,,,-0.1071,15.91,-0.1071,15.91,1,30.0,idle,+0.000,+0.000,+0.000,+0.000,1100,0,
1785504959.5454,2026-07-31T09:35:59.545,65.618,661,,,,0,,,,-0.1094,18.32,-0.1094,18.32,1,30.0,idle,+0.000,+0.000,+0.000,+0.000,1100,0,
1785504959.6456,2026-07-31T09:35:59.645,65.719,662,,,,0,,,,-0.1086,22.38,-0.1086,22.38,1,30.0,idle,+0.000,+0.000,+0.000,+0.000,1100,0,
1785504959.7478,2026-07-31T09:35:59.747,65.821,663,,,,0,,,,-0.1070,24.11,-0.1070,24.11,1,30.0,idle,+0.000,+0.000,+0.000,+0.000,1100,0,
1785504959.8467,2026-07-31T09:35:59.846,65.920,664,,,,0,,,,-0.1097,23.92,-0.1097,23.92,1,30.0,idle,+0.000,+0.000,+0.000,+0.000,1100,0,
1785504959.9497,2026-07-31T09:35:59.949,66.023,665,,,,0,,,,-0.1088,27.45,-0.1088,27.45,1,30.0,idle,+0.000,+0.000,+0.000,+0.000,1100,0,
1785504960.0502,2026-07-31T09:36:00.050,66.123,666,,,,0,,,,-0.1127,32.12,-0.1127,32.12,1,30.0,idle,+0.000,+0.000,+0.000,+0.000,1100,0,
1785504960.1493,2026-07-31T09:36:00.149,66.222,667,,,,0,,,,-0.1055,33.29,-0.1055,33.29,1,30.0,idle,+0.000,+0.000,+0.000,+0.000,1100,0,
1785504960.2497,2026-07-31T09:36:00.249,66.323,668,,,,0,,,,-0.1100,36.38,-0.1100,36.38,1,30.0,idle,+0.000,+0.000,+0.000,+0.000,1100,0,
1785504960.3484,2026-07-31T09:36:00.348,66.421,669,,,,0,,,,-0.1118,38.47,-0.1118,38.47,1,30.0,idle,+0.000,+0.000,+0.000,+0.000,1100,0,
1785504960.4524,2026-07-31T09:36:00.452,66.525,670,,,,0,,,,-0.1096,43.32,-0.1096,43.32,1,30.0,idle,+0.000,+0.000,+0.000,+0.000,1100,0,
1785504960.5532,2026-07-31T09:36:00.553,66.626,671,,,,0,,,,-0.1131,46.03,-0.1131,46.03,1,30.0,idle,+0.000,+0.000,+0.000,+0.000,1100,0,
1785504960.6528,2026-07-31T09:36:00.652,66.726,672,,,,0,,,,-0.1038,46.40,-0.1038,46.40,1,30.0,idle,+0.000,+0.000,+0.000,+0.000,1100,0,
1785504960.7541,2026-07-31T09:36:00.754,66.827,673,,,,0,,,,-0.1057,47.97,-0.1057,47.97,1,30.0,idle,+0.000,+0.000,+0.000,+0.000,1100,0,
1785504960.8536,2026-07-31T09:36:00.853,66.927,674,,,,0,,,,-0.1083,50.25,-0.1083,50.25,1,30.0,idle,+0.000,+0.000,+0.000,+0.000,1100,0,
1785504960.9528,2026-07-31T09:36:00.952,67.026,675,,,,0,,,,-0.1132,50.63,-0.1132,50.63,1,30.0,idle,+0.000,+0.000,+0.000,+0.000,1100,0,
1785504961.0519,2026-07-31T09:36:01.051,67.125,676,,,,0,,,,-0.1083,49.46,-0.1083,49.46,1,30.0,idle,+0.000,+0.000,+0.000,+0.000,1100,0,
1785504961.1515,2026-07-31T09:36:01.151,67.225,677,,,,0,,,,-0.1029,48.33,-0.1029,48.33,1,30.0,idle,+0.000,+0.000,+0.000,+0.000,1100,0,
1785504961.2500,2026-07-31T09:36:01.250,67.323,678,,,,0,,,,-0.1087,45.00,-0.1087,45.00,1,30.0,idle,+0.000,+0.000,+0.000,+0.000,1100,0,
1785504961.3509,2026-07-31T09:36:01.350,67.424,679,,,,0,,,,-0.1091,44.04,-0.1091,44.04,1,30.0,idle,+0.000,+0.000,+0.000,+0.000,1100,0,
1785504961.4506,2026-07-31T09:36:01.450,67.524,680,,,,0,,,,-0.1082,45.19,-0.1082,45.19,1,30.0,idle,+0.000,+0.000,+0.000,+0.000,1100,0,
1785504961.5494,2026-07-31T09:36:01.549,67.622,681,,,,0,,,,-0.1043,46.49,-0.1043,46.49,1,30.0,idle,+0.000,+0.000,+0.000,+0.000,1100,0,
1785504961.6614,2026-07-31T09:36:01.661,67.734,682,,,,0,,,,-0.1087,48.69,-0.1087,48.69,1,30.0,idle,+0.000,+0.000,+0.000,+0.000,1100,0,
1785504961.7619,2026-07-31T09:36:01.761,67.835,683,,,,0,,,,-0.1070,49.64,-0.1070,49.64,1,30.0,idle,+0.000,+0.000,+0.000,+0.000,1100,0,
1785504961.8610,2026-07-31T09:36:01.861,67.934,684,,,,0,,,,-0.1083,49.59,-0.1083,49.59,1,30.0,idle,+0.000,+0.000,+0.000,+0.000,1100,0,
1785504961.9633,2026-07-31T09:36:01.963,68.036,685,,,,0,,,,-0.1102,48.57,-0.1102,48.57,1,30.0,idle,+0.000,+0.000,+0.000,+0.000,1100,0,
1785504962.0626,2026-07-31T09:36:02.062,68.136,686,,,,0,,,,-0.1103,47.47,-0.1103,47.47,1,30.0,idle,+0.000,+0.000,+0.000,+0.000,1100,0,
1785504962.1600,2026-07-31T09:36:02.159,68.233,687,,,,0,,,,-0.1051,47.41,-0.1051,47.41,1,30.0,idle,+0.000,+0.000,+0.000,+0.000,1100,0,
1785504962.2596,2026-07-31T09:36:02.259,68.333,688,,,,0,,,,-0.1067,48.09,-0.1067,48.09,1,30.0,idle,+0.000,+0.000,+0.000,+0.000,1100,0,
1785504962.3579,2026-07-31T09:36:02.357,68.431,689,,,,0,,,,-0.1046,49.63,-0.1046,49.63,1,30.0,idle,+0.000,+0.000,+0.000,+0.000,1100,0,
1785504962.4568,2026-07-31T09:36:02.456,68.530,690,,,,0,,,,-0.1080,50.32,-0.1080,50.32,1,30.0,idle,+0.000,+0.000,+0.000,+0.000,1100,0,
1785504962.5557,2026-07-31T09:36:02.555,68.629,691,,,,0,,,,-0.1123,50.92,-0.1123,50.92,1,30.0,idle,+0.000,+0.000,+0.000,+0.000,1100,0,
1785504962.6557,2026-07-31T09:36:02.655,68.729,692,,,,0,,,,-0.1068,51.30,-0.1068,51.30,1,30.0,idle,+0.000,+0.000,+0.000,+0.000,1100,0,
1785504962.7561,2026-07-31T09:36:02.756,68.829,693,,,,0,,,,-0.0846,52.91,-0.0846,52.91,1,30.0,idle,+0.000,+0.000,+0.000,+0.000,1100,0,
1785504962.8546,2026-07-31T09:36:02.854,68.928,694,,,,0,,,,-0.0583,54.43,-0.0583,54.43,1,30.0,idle,+0.000,+0.000,+0.000,+0.000,1100,0,
1785504962.9539,2026-07-31T09:36:02.953,69.027,695,,,,0,,,,-0.0512,55.09,-0.0512,55.09,1,30.0,idle,+0.000,+0.000,+0.000,+0.000,1100,0,
1785504963.0544,2026-07-31T09:36:03.054,69.127,696,,,,0,,,,-0.0448,56.45,-0.0448,56.45,1,30.0,idle,+0.000,+0.000,+0.000,+0.000,1100,0,
1785504963.1527,2026-07-31T09:36:03.152,69.226,697,,,,0,,,,-0.0415,57.15,-0.0415,57.15,1,30.0,idle,+0.000,+0.000,+0.000,+0.000,1100,0,
1785504963.2517,2026-07-31T09:36:03.251,69.325,698,,,,0,,,,-0.0393,58.34,-0.0393,58.34,1,30.0,idle,+0.000,+0.000,+0.000,+0.000,1100,0,
1785504963.3513,2026-07-31T09:36:03.351,69.424,699,,,,0,,,,-0.0364,59.26,-0.0364,59.26,1,30.0,idle,+0.000,+0.000,+0.000,+0.000,1100,0,
1785504963.4501,2026-07-31T09:36:03.450,69.523,700,,,,0,,,,-0.0326,59.64,-0.0326,59.64,1,30.0,idle,+0.000,+0.000,+0.000,+0.000,1100,0,
1785504963.5489,2026-07-31T09:36:03.548,69.622,701,,,,0,,,,-0.0298,60.35,-0.0298,60.35,1,30.0,idle,+0.000,+0.000,+0.000,+0.000,1100,0,
1785504963.6487,2026-07-31T09:36:03.648,69.722,702,,,,0,,,,-0.0274,60.73,-0.0274,60.73,1,30.0,idle,+0.000,+0.000,+0.000,+0.000,1100,0,
1785504963.7477,2026-07-31T09:36:03.747,69.821,703,,,,0,,,,-0.0290,61.51,-0.0290,61.51,1,30.0,idle,+0.000,+0.000,+0.000,+0.000,1100,0,
1785504963.8479,2026-07-31T09:36:03.847,69.921,704,,,,0,,,,-0.0309,61.84,-0.0309,61.84,1,30.0,idle,+0.000,+0.000,+0.000,+0.000,1100,0,
1785504963.9472,2026-07-31T09:36:03.947,70.020,705,,,,0,,,,-0.0340,62.37,-0.0340,62.37,1,30.0,idle,+0.000,+0.000,+0.000,+0.000,1100,0,
1785504964.0459,2026-07-31T09:36:04.045,70.119,706,,,,0,,,,-0.0352,62.79,-0.0352,62.79,1,30.0,idle,+0.000,+0.000,+0.000,+0.000,1100,0,
1785504964.1439,2026-07-31T09:36:04.143,70.217,707,,,,0,,,,-0.0334,62.99,-0.0334,62.99,1,30.0,idle,+0.000,+0.000,+0.000,+0.000,1100,0,
1785504964.2442,2026-07-31T09:36:04.244,70.317,708,,,,0,,,,-0.0304,63.39,-0.0304,63.39,1,30.0,idle,+0.000,+0.000,+0.000,+0.000,1100,0,
1785504964.3432,2026-07-31T09:36:04.343,70.416,709,,,,0,,,,-0.0319,63.56,-0.0319,63.56,1,30.0,idle,+0.000,+0.000,+0.000,+0.000,1100,0,
1785504964.4414,2026-07-31T09:36:04.441,70.514,710,,,,0,,,,-0.0309,63.92,-0.0309,63.92,1,30.0,idle,+0.000,+0.000,+0.000,+0.000,1100,0,
1785504964.5413,2026-07-31T09:36:04.541,70.614,711,,,,0,,,,-0.0321,64.26,-0.0321,64.26,1,30.0,idle,+0.000,+0.000,+0.000,+0.000,1100,0,
1785504964.6412,2026-07-31T09:36:04.641,70.714,712,,,,0,,,,-0.0372,64.37,-0.0372,64.37,1,30.0,idle,+0.000,+0.000,+0.000,+0.000,1100,0,
1785504964.7404,2026-07-31T09:36:04.740,70.813,713,,,,0,,,,-0.0341,64.50,-0.0341,64.50,1,30.0,idle,+0.000,+0.000,+0.000,+0.000,1100,0,
1785504964.8415,2026-07-31T09:36:04.841,70.915,714,,,,0,,,,-0.0389,64.56,-0.0389,64.56,1,30.0,idle,+0.000,+0.000,+0.000,+0.000,1100,0,
1785504964.9404,2026-07-31T09:36:04.940,71.013,715,,,,0,,,,-0.0407,64.65,-0.0407,64.65,1,30.0,idle,+0.000,+0.000,+0.000,+0.000,1100,0,
1785504965.0403,2026-07-31T09:36:05.040,71.113,716,,,,0,,,,-0.0436,64.73,-0.0436,64.73,1,30.0,idle,+0.000,+0.000,+0.000,+0.000,1100,0,
1785504965.1393,2026-07-31T09:36:05.139,71.212,717,,,,0,,,,-0.0521,64.84,-0.0521,64.84,1,30.0,idle,+0.000,+0.000,+0.000,+0.000,1100,0,
1785504965.2396,2026-07-31T09:36:05.239,71.313,718,,,,0,,,,-0.0606,64.77,-0.0606,64.77,1,30.0,idle,+0.000,+0.000,+0.000,+0.000,1100,0,
1785504965.3384,2026-07-31T09:36:05.338,71.411,719,,,,0,,,,-0.0577,64.66,-0.0577,64.66,1,30.0,idle,+0.000,+0.000,+0.000,+0.000,1100,0,
1785504965.4374,2026-07-31T09:36:05.437,71.510,720,,,,0,,,,-0.0574,64.39,-0.0574,64.39,1,30.0,idle,+0.000,+0.000,+0.000,+0.000,1100,0,
1785504965.5376,2026-07-31T09:36:05.537,71.611,721,,,,0,,,,-0.0525,64.23,-0.0525,64.23,1,30.0,idle,+0.000,+0.000,+0.000,+0.000,1100,0,
1785504965.6365,2026-07-31T09:36:05.636,71.710,722,,,,0,,,,-0.0471,63.89,-0.0471,63.89,1,30.0,idle,+0.000,+0.000,+0.000,+0.000,1100,0,
1785504965.7355,2026-07-31T09:36:05.735,71.809,723,,,,0,,,,-0.0445,63.47,-0.0445,63.47,1,30.0,idle,+0.000,+0.000,+0.000,+0.000,1100,0,
1785504965.8346,2026-07-31T09:36:05.834,71.908,724,,,,0,,,,-0.0459,63.24,-0.0459,63.24,1,30.0,idle,+0.000,+0.000,+0.000,+0.000,1100,0,
1785504965.9334,2026-07-31T09:36:05.933,72.006,725,,,,0,,,,-0.0394,62.81,-0.0394,62.81,1,30.0,idle,+0.000,+0.000,+0.000,+0.000,1100,0,
1785504966.0322,2026-07-31T09:36:06.032,72.105,726,,,,0,,,,-0.0391,62.61,-0.0391,62.61,1,30.0,idle,+0.000,+0.000,+0.000,+0.000,1100,0,
1785504966.1313,2026-07-31T09:36:06.131,72.204,727,,,,0,,,,-0.0334,62.14,-0.0334,62.14,1,30.0,idle,+0.000,+0.000,+0.000,+0.000,1100,0,
1785504966.2305,2026-07-31T09:36:06.230,72.304,728,,,,0,,,,-0.0348,61.63,-0.0348,61.63,1,30.0,idle,+0.000,+0.000,+0.000,+0.000,1100,0,
1785504966.3306,2026-07-31T09:36:06.330,72.404,729,,,,0,,,,-0.0379,61.38,-0.0379,61.38,1,30.0,idle,+0.000,+0.000,+0.000,+0.000,1100,0,
1785504966.4296,2026-07-31T09:36:06.429,72.503,730,,,,0,,,,-0.0382,60.86,-0.0382,60.86,1,30.0,idle,+0.000,+0.000,+0.000,+0.000,1100,0,
1785504966.5297,2026-07-31T09:36:06.529,72.603,731,,,,0,,,,-0.0333,60.36,-0.0333,60.36,1,30.0,idle,+0.000,+0.000,+0.000,+0.000,1100,0,
1785504966.6279,2026-07-31T09:36:06.627,72.701,732,,,,0,,,,-0.0222,60.03,-0.0222,60.03,1,30.0,idle,+0.000,+0.000,+0.000,+0.000,1100,0,
1785504966.7271,2026-07-31T09:36:06.727,72.800,733,,,,0,,,,-0.0064,59.36,-0.0064,59.36,1,30.0,idle,+0.000,+0.000,+0.000,+0.000,1100,0,
1785504966.8262,2026-07-31T09:36:06.826,72.899,734,,,,0,,,,0.0055,59.13,0.0055,59.13,1,30.0,idle,+0.000,+0.000,+0.000,+0.000,1100,0,
1785504966.9251,2026-07-31T09:36:06.925,72.998,735,,,,0,,,,0.0361,58.82,0.0361,58.82,1,30.0,idle,+0.000,+0.000,+0.000,+0.000,1100,0,
1785504967.0247,2026-07-31T09:36:07.024,73.098,736,,,,0,,,,0.0444,58.70,0.0444,58.70,1,30.0,idle,+0.000,+0.000,+0.000,+0.000,1100,0,
1785504967.1244,2026-07-31T09:36:07.124,73.197,737,,,,0,,,,0.0600,58.54,0.0600,58.54,1,30.0,idle,+0.000,+0.000,+0.000,+0.000,1100,0,
1785504967.2237,2026-07-31T09:36:07.223,73.297,738,,,,0,,,,0.0788,58.39,0.0788,58.39,1,30.0,idle,+0.000,+0.000,+0.000,+0.000,1100,0,
1785504967.3233,2026-07-31T09:36:07.323,73.396,739,,,,0,,,,0.0852,58.32,0.0852,58.32,1,30.0,idle,+0.000,+0.000,+0.000,+0.000,1100,0,
1785504967.4233,2026-07-31T09:36:07.423,73.496,740,,,,0,,,,0.0942,58.15,0.0942,58.15,1,30.0,idle,+0.000,+0.000,+0.000,+0.000,1100,0,
1785504967.5221,2026-07-31T09:36:07.522,73.595,741,,,,0,,,,0.0992,58.04,0.0992,58.04,1,30.0,idle,+0.000,+0.000,+0.000,+0.000,1100,0,
1785504967.6226,2026-07-31T09:36:07.622,73.696,742,,,,0,,,,0.1112,57.80,0.1112,57.80,1,30.0,idle,+0.000,+0.000,+0.000,+0.000,1100,0,
1785504967.7208,2026-07-31T09:36:07.720,73.794,743,,,,0,,,,0.1148,57.52,0.1148,57.52,1,30.0,idle,+0.000,+0.000,+0.000,+0.000,1100,0,
1785504967.8206,2026-07-31T09:36:07.820,73.894,744,,,,0,,,,0.1244,57.37,0.1244,57.37,1,30.0,idle,+0.000,+0.000,+0.000,+0.000,1100,0,
1785504967.9206,2026-07-31T09:36:07.920,73.994,745,,,,0,,,,0.1279,57.05,0.1279,57.05,1,30.0,idle,+0.000,+0.000,+0.000,+0.000,1100,0,
1785504968.0206,2026-07-31T09:36:08.020,74.094,746,,,,0,,,,0.1313,56.88,0.1313,56.88,1,30.0,idle,+0.000,+0.000,+0.000,+0.000,1100,0,
1785504968.1199,2026-07-31T09:36:08.119,74.193,747,,,,0,,,,0.1410,56.55,0.1410,56.55,1,30.0,idle,+0.000,+0.000,+0.000,+0.000,1100,0,
1785504968.2190,2026-07-31T09:36:08.219,74.292,748,,,,0,,,,0.1464,56.23,0.1464,56.23,1,30.0,idle,+0.000,+0.000,+0.000,+0.000,1100,0,
1785504968.3184,2026-07-31T09:36:08.318,74.391,749,,,,0,,,,0.1496,56.07,0.1496,56.07,1,30.0,idle,+0.000,+0.000,+0.000,+0.000,1100,0,
1785504968.4186,2026-07-31T09:36:08.418,74.492,750,,,,0,,,,0.1598,55.79,0.1598,55.79,1,30.0,idle,+0.000,+0.000,+0.000,+0.000,1100,0,
1785504968.5181,2026-07-31T09:36:08.518,74.591,751,,,,0,,,,0.1590,55.67,0.1590,55.67,1,30.0,idle,+0.000,+0.000,+0.000,+0.000,1100,0,
1785504968.6173,2026-07-31T09:36:08.617,74.690,752,,,,0,,,,0.1639,55.41,0.1639,55.41,1,30.0,idle,+0.000,+0.000,+0.000,+0.000,1100,0,
1785504968.7173,2026-07-31T09:36:08.717,74.790,753,,,,0,,,,0.1718,55.30,0.1718,55.30,1,30.0,idle,+0.000,+0.000,+0.000,+0.000,1100,0,
1785504968.8162,2026-07-31T09:36:08.816,74.889,754,,,,0,,,,0.1680,55.08,0.1680,55.08,1,30.0,idle,+0.000,+0.000,+0.000,+0.000,1100,0,
1785504968.9148,2026-07-31T09:36:08.914,74.988,755,,,,0,,,,0.1789,54.86,0.1789,54.86,1,30.0,idle,+0.000,+0.000,+0.000,+0.000,1100,0,
1785504969.0152,2026-07-31T09:36:09.015,75.088,756,,,,0,,,,0.1752,54.75,0.1752,54.75,1,30.0,idle,+0.000,+0.000,+0.000,+0.000,1100,0,
1785504969.1142,2026-07-31T09:36:09.114,75.187,757,,,,0,,,,0.1773,54.54,0.1773,54.54,1,30.0,idle,+0.000,+0.000,+0.000,+0.000,1100,0,
1785504969.2131,2026-07-31T09:36:09.213,75.286,758,,,,0,,,,0.1793,54.45,0.1793,54.45,1,30.0,idle,+0.000,+0.000,+0.000,+0.000,1100,0,
1785504969.3124,2026-07-31T09:36:09.312,75.385,759,,,,0,,,,0.1795,54.24,0.1795,54.24,1,30.0,idle,+0.000,+0.000,+0.000,+0.000,1100,0,
1785504969.4121,2026-07-31T09:36:09.412,75.485,760,,,,0,,,,0.1794,54.04,0.1794,54.04,1,30.0,idle,+0.000,+0.000,+0.000,+0.000,1100,0,
1785504969.5109,2026-07-31T09:36:09.510,75.584,761,,,,0,,,,0.1811,53.93,0.1811,53.93,1,30.0,idle,+0.000,+0.000,+0.000,+0.000,1100,0,
1785504969.6110,2026-07-31T09:36:09.610,75.684,762,,,,0,,,,0.1803,53.69,0.1803,53.69,1,30.0,idle,+0.000,+0.000,+0.000,+0.000,1100,0,
1785504969.7111,2026-07-31T09:36:09.711,75.784,763,,,,0,,,,0.1811,53.58,0.1811,53.58,1,30.0,idle,+0.000,+0.000,+0.000,+0.000,1100,0,
1785504969.8123,2026-07-31T09:36:09.812,75.885,764,,,,0,,,,0.1811,53.32,0.1811,53.32,1,30.0,idle,+0.000,+0.000,+0.000,+0.000,1100,0,
1785504969.9118,2026-07-31T09:36:09.911,75.985,765,,,,0,,,,0.1758,53.04,0.1758,53.04,1,30.0,idle,+0.000,+0.000,+0.000,+0.000,1100,0,
1785504970.0119,2026-07-31T09:36:10.011,76.085,766,,,,0,,,,0.1799,52.90,0.1799,52.90,1,30.0,idle,+0.000,+0.000,+0.000,+0.000,1100,0,
1785504970.1108,2026-07-31T09:36:10.110,76.184,767,,,,0,,,,0.1795,52.57,0.1795,52.57,1,30.0,idle,+0.000,+0.000,+0.000,+0.000,1100,0,
1785504970.2086,2026-07-31T09:36:10.208,76.282,768,,,,0,,,,0.1770,52.40,0.1770,52.40,1,30.0,idle,+0.000,+0.000,+0.000,+0.000,1100,0,
1785504970.3090,2026-07-31T09:36:10.308,76.382,769,,,,0,,,,0.1761,52.03,0.1761,52.03,1,30.0,idle,+0.000,+0.000,+0.000,+0.000,1100,0,
1785504970.4076,2026-07-31T09:36:10.407,76.481,770,,,,0,,,,0.1785,51.65,0.1785,51.65,1,30.0,idle,+0.000,+0.000,+0.000,+0.000,1100,0,
1785504970.5070,2026-07-31T09:36:10.507,76.580,771,,,,0,,,,0.1761,51.45,0.1761,51.45,1,30.0,idle,+0.000,+0.000,+0.000,+0.000,1100,0,
1785504970.6059,2026-07-31T09:36:10.605,76.679,772,,,,0,,,,0.1744,51.04,0.1744,51.04,1,30.0,idle,+0.000,+0.000,+0.000,+0.000,1100,0,
1785504970.7048,2026-07-31T09:36:10.704,76.778,773,,,,0,,,,0.1769,50.83,0.1769,50.83,1,30.0,idle,+0.000,+0.000,+0.000,+0.000,1100,0,
1785504970.8036,2026-07-31T09:36:10.803,76.877,774,,,,0,,,,0.1705,50.40,0.1705,50.40,1,30.0,idle,+0.000,+0.000,+0.000,+0.000,1100,0,
1785504970.9031,2026-07-31T09:36:10.903,76.976,775,,,,0,,,,0.1700,49.98,0.1700,49.98,1,30.0,idle,+0.000,+0.000,+0.000,+0.000,1100,0,
1785504971.0032,2026-07-31T09:36:11.003,77.076,776,,,,0,,,,0.1719,49.76,0.1719,49.76,1,30.0,idle,+0.000,+0.000,+0.000,+0.000,1100,0,
1785504971.1030,2026-07-31T09:36:11.102,77.176,777,,,,0,,,,0.1666,49.34,0.1666,49.34,1,30.0,idle,+0.000,+0.000,+0.000,+0.000,1100,0,
1785504971.2014,2026-07-31T09:36:11.201,77.274,778,,,,0,,,,0.1642,49.12,0.1642,49.12,1,30.0,idle,+0.000,+0.000,+0.000,+0.000,1100,0,
1785504971.3018,2026-07-31T09:36:11.301,77.375,779,,,,0,,,,0.1662,48.70,0.1662,48.70,1,30.0,idle,+0.000,+0.000,+0.000,+0.000,1100,0,
1785504971.4010,2026-07-31T09:36:11.401,77.474,780,,,,0,,,,0.1621,48.25,0.1621,48.25,1,30.0,idle,+0.000,+0.000,+0.000,+0.000,1100,0,
1785504971.5001,2026-07-31T09:36:11.500,77.573,781,,,,0,,,,0.1567,48.03,0.1567,48.03,1,30.0,idle,+0.000,+0.000,+0.000,+0.000,1100,0,
1785504971.5995,2026-07-31T09:36:11.599,77.673,782,,,,0,,,,0.1557,47.59,0.1557,47.59,1,30.0,idle,+0.000,+0.000,+0.000,+0.000,1100,0,
1785504971.6986,2026-07-31T09:36:11.698,77.772,783,,,,0,,,,0.1542,47.36,0.1542,47.36,1,30.0,idle,+0.000,+0.000,+0.000,+0.000,1100,0,
1785504971.7973,2026-07-31T09:36:11.797,77.870,784,,,,0,,,,0.1504,46.90,0.1504,46.90,1,30.0,idle,+0.000,+0.000,+0.000,+0.000,1100,0,
1785504971.8966,2026-07-31T09:36:11.896,77.970,785,,,,0,,,,0.1457,46.41,0.1457,46.41,1,30.0,idle,+0.000,+0.000,+0.000,+0.000,1100,0,
1785504971.9966,2026-07-31T09:36:11.996,78.070,786,,,,0,,,,0.1434,46.16,0.1434,46.16,1,30.0,idle,+0.000,+0.000,+0.000,+0.000,1100,0,
1785504972.0956,2026-07-31T09:36:12.095,78.169,787,,,,0,,,,0.1403,45.64,0.1403,45.64,1,30.0,idle,+0.000,+0.000,+0.000,+0.000,1100,0,
1785504972.1950,2026-07-31T09:36:12.195,78.268,788,,,,0,,,,0.1383,45.36,0.1383,45.36,1,30.0,idle,+0.000,+0.000,+0.000,+0.000,1100,0,
1785504972.2949,2026-07-31T09:36:12.294,78.368,789,,,,0,,,,0.1361,44.81,0.1361,44.81,1,30.0,idle,+0.000,+0.000,+0.000,+0.000,1100,0,
1785504972.3950,2026-07-31T09:36:12.394,78.468,790,,,,0,,,,0.1314,44.53,0.1314,44.53,1,30.0,idle,+0.000,+0.000,+0.000,+0.000,1100,0,
1785504972.4941,2026-07-31T09:36:12.494,78.567,791,,,,0,,,,0.1273,43.97,0.1273,43.97,1,30.0,idle,+0.000,+0.000,+0.000,+0.000,1100,0,
1785504972.5934,2026-07-31T09:36:12.593,78.666,792,,,,0,,,,0.1229,43.40,0.1229,43.40,1,30.0,idle,+0.000,+0.000,+0.000,+0.000,1100,0,
1785504972.6921,2026-07-31T09:36:12.692,78.765,793,,,,0,,,,0.1220,43.10,0.1220,43.10,1,30.0,idle,+0.000,+0.000,+0.000,+0.000,1100,0,
1785504972.7916,2026-07-31T09:36:12.791,78.865,794,,,,0,,,,0.1166,42.48,0.1166,42.48,1,30.0,idle,+0.000,+0.000,+0.000,+0.000,1100,0,
1785504972.8916,2026-07-31T09:36:12.891,78.965,795,,,,0,,,,0.1115,42.15,0.1115,42.15,1,30.0,idle,+0.000,+0.000,+0.000,+0.000,1100,0,
1785504972.9908,2026-07-31T09:36:12.990,79.064,796,,,,0,,,,0.1086,41.57,0.1086,41.57,1,30.0,idle,+0.000,+0.000,+0.000,+0.000,1100,0,
1785504973.0901,2026-07-31T09:36:13.090,79.163,797,,,,0,,,,0.1088,41.08,0.1088,41.08,1,30.0,idle,+0.000,+0.000,+0.000,+0.000,1100,0,
1785504973.1894,2026-07-31T09:36:13.189,79.262,798,,,,0,,,,0.1033,40.79,0.1033,40.79,1,30.0,joystick,+0.000,+0.000,+0.000,+0.000,1100,0,
1785504973.2887,2026-07-31T09:36:13.288,79.362,799,,,,0,,,,0.1012,39.97,0.1012,39.97,1,30.0,joystick,+0.000,+0.000,+0.000,+0.000,1100,0,
1785504973.3872,2026-07-31T09:36:13.387,79.460,800,,,,0,,,,0.1005,39.40,0.1005,39.40,1,30.0,joystick,+0.000,+0.000,+0.000,+0.000,1100,0,
1785504973.4859,2026-07-31T09:36:13.485,79.559,801,,,,0,,,,0.1030,38.01,0.1030,38.01,1,30.0,joystick,+0.000,+0.000,+0.000,+0.000,1100,0,
1785504973.5856,2026-07-31T09:36:13.585,79.659,802,,,,0,,,,0.1013,35.94,0.1013,35.94,1,30.0,joystick,+0.000,+0.000,+0.000,+0.000,1100,0,
1785504973.6841,2026-07-31T09:36:13.684,79.757,803,,,,0,,,,0.1032,34.53,0.1032,34.53,1,30.0,joystick,+0.000,+0.000,+0.000,+0.000,1100,0,
1785504973.7842,2026-07-31T09:36:13.784,79.857,804,,,,0,,,,0.1054,31.37,0.1054,31.37,1,30.0,joystick,+0.000,+0.000,+0.000,+0.000,1100,0,
1785504973.8843,2026-07-31T09:36:13.884,79.957,805,,,,0,,,,0.1100,29.80,0.1100,29.80,1,30.0,joystick,+0.000,+0.000,+0.000,+0.000,1100,0,
1785504973.9832,2026-07-31T09:36:13.983,80.056,806,,,,0,,,,0.1104,27.44,0.1104,27.44,1,30.0,joystick,+0.000,+0.000,+0.000,+0.000,1100,0,
1785504974.0823,2026-07-31T09:36:14.082,80.155,807,,,,0,,,,0.1152,25.98,0.1152,25.98,1,30.0,joystick,+0.000,+0.000,+0.000,+0.000,1100,0,
1785504974.1808,2026-07-31T09:36:14.180,80.254,808,,,,0,,,,0.1175,25.37,0.1175,25.37,1,30.0,joystick,+0.000,+0.000,+0.000,+0.000,1100,0,
1785504974.2802,2026-07-31T09:36:14.280,80.353,809,,,,0,,,,0.1105,25.37,0.1105,25.37,1,30.0,joystick,+0.000,+0.000,+0.000,+0.000,1100,0,
1785504974.3803,2026-07-31T09:36:14.380,80.453,810,,,,0,,,,0.1131,25.55,0.1131,25.55,1,30.0,joystick,+0.000,+0.000,+0.000,+0.000,1100,0,
1785504974.4787,2026-07-31T09:36:14.478,80.552,811,,,,0,,,,0.1046,25.82,0.1046,25.82,1,30.0,joystick,+0.000,+0.000,+0.000,+0.000,1100,0,
1785504974.5790,2026-07-31T09:36:14.578,80.652,812,,,,0,,,,0.1002,25.96,0.1002,25.96,1,30.0,joystick,+0.000,+0.000,+0.000,+0.000,1100,0,
1785504974.6794,2026-07-31T09:36:14.679,80.752,813,,,,0,,,,0.0945,25.88,0.0945,25.88,1,30.0,joystick,+0.000,+0.000,+0.000,+0.000,1100,0,
1785504974.7776,2026-07-31T09:36:14.777,80.851,814,,,,0,,,,0.0978,26.17,0.0978,26.17,1,30.0,joystick,+0.000,+0.000,+0.000,+0.000,1100,0,
1785504974.8767,2026-07-31T09:36:14.876,80.950,815,,,,0,,,,0.0964,26.07,0.0964,26.07,1,30.0,joystick,+0.000,+0.000,+0.000,+0.000,1100,0,
1785504974.9766,2026-07-31T09:36:14.976,81.050,816,,,,0,,,,0.1005,26.37,0.1005,26.37,1,30.0,joystick,+0.000,+0.000,+0.000,+0.000,1100,0,
1785504975.0758,2026-07-31T09:36:15.075,81.149,817,,,,0,,,,0.1099,27.19,0.1099,27.19,1,30.0,joystick,+0.000,+0.000,+0.000,+0.000,1100,0,
1785504975.1750,2026-07-31T09:36:15.175,81.248,818,,,,0,,,,0.1120,27.67,0.1120,27.67,1,30.0,joystick,+0.000,+0.000,+0.000,+0.000,1100,0,
1785504975.2742,2026-07-31T09:36:15.274,81.347,819,,,,0,,,,0.1150,28.67,0.1150,28.67,1,30.0,joystick,+0.000,+0.000,+0.000,+0.000,1100,0,
1785504975.3733,2026-07-31T09:36:15.373,81.446,820,,,,0,,,,0.1132,29.21,0.1132,29.21,1,30.0,joystick,+0.000,+0.000,+0.000,+0.000,1100,0,
1785504975.4716,2026-07-31T09:36:15.471,81.545,821,,,,0,,,,0.1155,30.26,0.1155,30.26,1,30.0,joystick,+0.000,+0.000,+0.000,+0.000,1100,0,
1785504975.5712,2026-07-31T09:36:15.571,81.644,822,,,,0,,,,0.1154,31.32,0.1154,31.32,1,30.0,joystick,+0.000,+0.000,+0.000,+0.000,1100,0,
1785504975.6703,2026-07-31T09:36:15.670,81.743,823,,,,0,,,,0.1137,31.95,0.1137,31.95,1,30.0,joystick,+0.000,+0.000,+0.000,+0.000,1100,0,
1785504975.7691,2026-07-31T09:36:15.769,81.842,824,,,,0,,,,0.1063,33.35,0.1063,33.35,1,30.0,joystick,+0.000,+0.000,+0.000,+0.000,1100,0,
1785504975.8685,2026-07-31T09:36:15.868,81.942,825,,,,0,,,,0.1090,34.04,0.1090,34.04,1,30.0,joystick,+0.000,+0.000,+0.000,+0.000,1100,0,
1785504975.9680,2026-07-31T09:36:15.968,82.041,826,,,,0,,,,0.1081,35.30,0.1081,35.30,1,30.0,joystick,+0.000,+0.000,+0.000,+0.000,1100,0,
1785504976.0664,2026-07-31T09:36:16.066,82.139,827,,,,0,,,,0.1044,35.96,0.1044,35.96,1,30.0,joystick,+0.000,+0.000,+0.000,+0.000,1100,0,
1785504976.1668,2026-07-31T09:36:16.166,82.240,828,,,,0,,,,0.1045,37.30,0.1045,37.30,1,30.0,joystick,+0.000,+0.000,+0.000,+0.000,1100,0,
1785504976.2657,2026-07-31T09:36:16.265,82.339,829,,,,0,,,,0.1008,38.92,0.1008,38.92,1,30.0,joystick,+0.000,+0.000,+0.000,+0.000,1100,0,
1785504976.3657,2026-07-31T09:36:16.365,82.439,830,,,,0,,,,0.0969,39.76,0.0969,39.76,1,30.0,joystick,+0.000,+0.000,+0.000,+0.000,1100,0,
1785504976.4652,2026-07-31T09:36:16.465,82.538,831,,,,0,,,,0.0960,41.34,0.0960,41.34,1,30.0,joystick,+0.000,+0.000,+0.000,+0.000,1100,0,
1785504976.5637,2026-07-31T09:36:16.563,82.637,832,,,,0,,,,0.0965,42.09,0.0965,42.09,1,30.0,joystick,+0.000,+0.000,+0.000,+0.000,1100,0,
1785504976.6632,2026-07-31T09:36:16.663,82.736,833,,,,0,,,,0.0874,43.49,0.0874,43.49,1,30.0,joystick,+0.000,+0.000,+0.000,+0.000,1100,0,
1785504976.7626,2026-07-31T09:36:16.762,82.836,834,,,,0,,,,0.0803,44.99,0.0803,44.99,1,30.0,joystick,+0.000,+0.000,+0.000,+0.000,1100,0,
1785504976.8618,2026-07-31T09:36:16.861,82.935,835,,,,0,,,,0.0755,45.81,0.0755,45.81,1,30.0,joystick,+0.000,+0.000,+0.000,+0.000,1100,0,
1785504976.9622,2026-07-31T09:36:16.962,83.035,836,,,,0,,,,0.0580,47.22,0.0580,47.22,1,30.0,joystick,+0.000,+0.000,+0.000,+0.000,1100,0,
1785504977.0618,2026-07-31T09:36:17.061,83.135,837,,,,0,,,,0.0487,47.84,0.0487,47.84,1,30.0,joystick,+0.000,+0.000,+0.000,+0.000,1100,0,
1785504977.1620,2026-07-31T09:36:17.161,83.235,838,,,,0,,,,0.0202,48.39,0.0202,48.39,1,30.0,joystick,+0.000,+0.000,+0.000,+0.000,1100,0,
1785504977.2607,2026-07-31T09:36:17.260,83.334,839,,,,0,,,,0.0027,47.98,0.0027,47.98,1,30.0,joystick,+0.000,+0.000,+0.000,+0.000,1100,0,
1785504977.3598,2026-07-31T09:36:17.359,83.433,840,,,,0,,,,-0.0066,47.55,-0.0066,47.55,1,30.0,joystick,+0.000,+0.000,-0.400,+0.000,1100,0,
1785504977.4582,2026-07-31T09:36:17.458,83.531,841,,,,0,,,,-0.0073,46.07,-0.0073,46.07,1,30.0,joystick,+0.000,+0.000,-0.400,+0.000,1100,0,
1785504977.5585,2026-07-31T09:36:17.558,83.632,842,,,,0,,,,-0.0013,45.27,-0.0013,45.27,1,30.0,joystick,+0.000,+0.000,-0.400,+0.000,1100,0,
1785504977.6590,2026-07-31T09:36:17.659,83.732,843,,,,0,,,,0.0100,43.77,0.0100,43.77,1,30.0,joystick,+0.000,+0.000,+0.000,+0.000,1100,0,
1785504977.7584,2026-07-31T09:36:17.758,83.831,844,,,,0,,,,0.0280,43.00,0.0280,43.00,1,30.0,joystick,+0.000,+0.000,+0.000,+0.000,1100,0,
1785504977.8574,2026-07-31T09:36:17.857,83.930,845,,,,0,,,,0.0394,42.97,0.0394,42.97,1,30.0,joystick,+0.000,+0.000,+0.000,+0.000,1100,0,
1785504977.9563,2026-07-31T09:36:17.956,84.029,846,,,,0,,,,0.0670,44.05,0.0670,44.05,1,30.0,joystick,+0.000,+0.000,+0.000,+0.000,1100,0,
1785504978.0567,2026-07-31T09:36:18.056,84.130,847,,,,0,,,,0.0785,45.01,0.0785,45.01,1,30.0,joystick,+0.000,+0.000,+0.000,+0.000,1100,0,
1785504978.1551,2026-07-31T09:36:18.155,84.228,848,,,,0,,,,0.0955,47.70,0.0955,47.70,1,30.0,joystick,+0.000,+0.000,+0.000,+0.000,1100,0,
1785504978.2547,2026-07-31T09:36:18.254,84.328,849,,,,0,,,,0.1029,50.76,0.1029,50.76,1,30.0,joystick,+0.000,+0.000,+0.000,+0.000,1100,0,
1785504978.3548,2026-07-31T09:36:18.354,84.428,850,,,,0,,,,0.1071,52.32,0.1071,52.32,1,30.0,joystick,+0.000,+0.000,+0.000,+0.000,1100,0,
1785504978.4531,2026-07-31T09:36:18.453,84.526,851,,,,0,,,,0.0970,54.80,0.0970,54.80,1,30.0,joystick,+0.000,+0.000,+0.000,+0.000,1100,0,
1785504978.5520,2026-07-31T09:36:18.552,84.625,852,,,,0,,,,0.0907,55.07,0.0907,55.07,1,30.0,joystick,+0.000,+0.000,+0.000,+0.000,1100,0,
1785504978.6515,2026-07-31T09:36:18.651,84.725,853,,,,0,,,,0.0737,53.62,0.0737,53.62,1,30.0,joystick,+0.000,+0.000,+0.000,+0.000,1100,0,
1785504978.7517,2026-07-31T09:36:18.751,84.825,854,,,,0,,,,0.0469,50.62,0.0469,50.62,1,30.0,idle,+0.000,+0.000,+0.000,+0.000,1100,0,
1785504978.8506,2026-07-31T09:36:18.850,84.924,855,,,,0,,,,0.0384,48.80,0.0384,48.80,1,30.0,idle,+0.000,+0.000,+0.000,+0.000,1100,0,
1785504978.9501,2026-07-31T09:36:18.950,85.023,856,,,,0,,,,0.0228,45.06,0.0228,45.06,1,30.0,idle,+0.000,+0.000,+0.000,+0.000,1100,0,
1785504979.0488,2026-07-31T09:36:19.048,85.122,857,,,,0,,,,0.0194,43.42,0.0194,43.42,1,30.0,idle,+0.000,+0.000,+0.000,+0.000,1100,0,
1785504979.1498,2026-07-31T09:36:19.149,85.223,858,,,,0,,,,0.0219,41.18,0.0219,41.18,1,30.0,idle,+0.000,+0.000,+0.000,+0.000,1100,0,
1785504979.2495,2026-07-31T09:36:19.249,85.323,859,,,,0,,,,0.0389,41.95,0.0389,41.95,1,30.0,idle,+0.000,+0.000,+0.000,+0.000,1100,0,
1785504979.3478,2026-07-31T09:36:19.347,85.421,860,,,,0,,,,0.0353,43.26,0.0353,43.26,1,30.0,idle,+0.000,+0.000,+0.000,+0.000,1100,0,
1785504979.4478,2026-07-31T09:36:19.447,85.521,861,,,,0,,,,0.0434,46.73,0.0434,46.73,1,30.0,idle,+0.000,+0.000,+0.000,+0.000,1100,0,
1785504979.5478,2026-07-31T09:36:19.547,85.621,862,,,,0,,,,0.0542,48.72,0.0542,48.72,1,30.0,idle,+0.000,+0.000,+0.000,+0.000,1100,0,
1785504979.6475,2026-07-31T09:36:19.647,85.721,863,,,,0,,,,0.0660,52.83,0.0660,52.83,1,30.0,idle,+0.000,+0.000,+0.000,+0.000,1100,0,
1785504979.7463,2026-07-31T09:36:19.746,85.819,864,,,,0,,,,0.0773,56.95,0.0773,56.95,1,30.0,idle,+0.000,+0.000,+0.000,+0.000,1100,0,
1785504979.8465,2026-07-31T09:36:19.846,85.919,865,,,,0,,,,0.0813,59.06,0.0813,59.06,1,30.0,idle,+0.000,+0.000,+0.000,+0.000,1100,0,
1785504979.9455,2026-07-31T09:36:19.945,86.018,866,,,,0,,,,0.0775,62.66,0.0775,62.66,1,30.0,idle,+0.000,+0.000,+0.000,+0.000,1100,0,
1785504980.0448,2026-07-31T09:36:20.044,86.118,867,,,,0,,,,0.0729,63.97,0.0729,63.97,1,30.0,idle,+0.000,+0.000,+0.000,+0.000,1100,0,
1785504980.1453,2026-07-31T09:36:20.145,86.218,868,,,,0,,,,0.0584,65.82,0.0584,65.82,1,30.0,idle,+0.000,+0.000,+0.000,+0.000,1100,0,
1785504980.2437,2026-07-31T09:36:20.243,86.317,869,,,,0,,,,0.0464,66.43,0.0464,66.43,1,30.0,idle,+0.000,+0.000,+0.000,+0.000,1100,0,
1785504980.3435,2026-07-31T09:36:20.343,86.416,870,,,,0,,,,0.0348,66.43,0.0348,66.43,1,30.0,idle,+0.000,+0.000,+0.000,+0.000,1100,0,
1785504980.4432,2026-07-31T09:36:20.443,86.516,871,,,,0,,,,0.0180,66.41,0.0180,66.41,1,30.0,idle,+0.000,+0.000,+0.000,+0.000,1100,0,
1785504980.5417,2026-07-31T09:36:20.541,86.615,872,,,,0,,,,0.0106,66.47,0.0106,66.47,1,30.0,idle,+0.000,+0.000,+0.000,+0.000,1100,0,
1785504980.6411,2026-07-31T09:36:20.641,86.714,873,,,,0,,,,0.0077,66.52,0.0077,66.52,1,30.0,idle,+0.000,+0.000,+0.000,+0.000,1100,0,
1785504980.7411,2026-07-31T09:36:20.741,86.814,874,,,,0,,,,0.0084,66.49,0.0084,66.49,1,30.0,idle,+0.000,+0.000,+0.000,+0.000,1100,0,
1785504980.8422,2026-07-31T09:36:20.842,86.915,875,,,,0,,,,0.0081,66.07,0.0081,66.07,1,30.0,idle,+0.000,+0.000,+0.000,+0.000,1100,0,
1785504980.9429,2026-07-31T09:36:20.942,87.016,876,,,,0,,,,0.0236,64.95,0.0236,64.95,1,30.0,idle,+0.000,+0.000,+0.000,+0.000,1100,0,
1785504981.0417,2026-07-31T09:36:21.041,87.115,877,,,,0,,,,0.0264,64.20,0.0264,64.20,1,30.0,idle,+0.000,+0.000,+0.000,+0.000,1100,0,
1785504981.1413,2026-07-31T09:36:21.141,87.214,878,,,,0,,,,0.0477,63.38,0.0477,63.38,1,30.0,idle,+0.000,+0.000,+0.000,+0.000,1100,0,
1785504981.2404,2026-07-31T09:36:21.240,87.313,879,,,,0,,,,0.0564,63.53,0.0564,63.53,1,30.0,idle,+0.000,+0.000,+0.000,+0.000,1100,0,
1785504981.3396,2026-07-31T09:36:21.339,87.413,880,,,,0,,,,0.0583,63.76,0.0583,63.76,1,30.0,idle,+0.000,+0.000,+0.000,+0.000,1100,0,
1785504981.4400,2026-07-31T09:36:21.439,87.513,881,,,,0,,,,0.0695,62.59,0.0695,62.59,1,30.0,idle,+0.000,+0.000,+0.000,+0.000,1100,0,
1785504981.5402,2026-07-31T09:36:21.540,87.613,882,,,,0,,,,0.0675,61.42,0.0675,61.42,1,30.0,idle,+0.000,+0.000,+0.000,+0.000,1100,0,
1785504981.6395,2026-07-31T09:36:21.639,87.713,883,,,,0,,,,0.0621,57.40,0.0621,57.40,1,30.0,idle,+0.000,+0.000,+0.000,+0.000,1100,0,
1785504981.7394,2026-07-31T09:36:21.739,87.812,884,,,,0,,,,0.0569,55.04,0.0569,55.04,1,30.0,idle,+0.000,+0.000,+0.000,+0.000,1100,0,
1785504981.8397,2026-07-31T09:36:21.839,87.913,885,,,,0,,,,0.0546,51.14,0.0546,51.14,1,30.0,idle,+0.000,+0.000,+0.000,+0.000,1100,0,
1785504981.9386,2026-07-31T09:36:21.938,88.012,886,,,,0,,,,0.0459,48.20,0.0459,48.20,1,30.0,idle,+0.000,+0.000,+0.000,+0.000,1100,0,
1785504982.0384,2026-07-31T09:36:22.038,88.111,887,,,,0,,,,0.0432,47.25,0.0432,47.25,1,30.0,idle,+0.000,+0.000,+0.000,+0.000,1100,0,
1785504982.1384,2026-07-31T09:36:22.138,88.211,888,,,,0,,,,0.0443,46.11,0.0443,46.11,1,30.0,idle,+0.000,+0.000,+0.000,+0.000,1100,0,
1785504982.2382,2026-07-31T09:36:22.238,88.311,889,,,,0,,,,0.0527,45.76,0.0527,45.76,1,30.0,idle,+0.000,+0.000,+0.000,+0.000,1100,0,
1785504982.3373,2026-07-31T09:36:22.337,88.410,890,,,,0,,,,0.0536,45.82,0.0536,45.82,1,30.0,idle,+0.000,+0.000,+0.000,+0.000,1100,0,
1785504982.4366,2026-07-31T09:36:22.436,88.510,891,,,,0,,,,0.0583,45.85,0.0583,45.85,1,30.0,idle,+0.000,+0.000,+0.000,+0.000,1100,0,
1785504982.5361,2026-07-31T09:36:22.536,88.609,892,,,,0,,,,0.0527,45.88,0.0527,45.88,1,30.0,idle,+0.000,+0.000,+0.000,+0.000,1100,0,
1785504982.6352,2026-07-31T09:36:22.635,88.708,893,,,,0,,,,0.0345,45.68,0.0345,45.68,1,30.0,idle,+0.000,+0.000,+0.000,+0.000,1100,0,
1785504982.7350,2026-07-31T09:36:22.735,88.808,894,,,,0,,,,0.0212,45.40,0.0212,45.40,1,30.0,idle,+0.000,+0.000,+0.000,+0.000,1100,0,
1785504982.8337,2026-07-31T09:36:22.833,88.907,895,,,,0,,,,-0.0160,44.74,-0.0160,44.74,1,30.0,idle,+0.000,+0.000,+0.000,+0.000,1100,0,
1785504982.9323,2026-07-31T09:36:22.932,89.005,896,,,,0,,,,-0.0517,44.40,-0.0517,44.40,1,30.0,idle,+0.000,+0.000,+0.000,+0.000,1100,0,
1785504983.0315,2026-07-31T09:36:23.031,89.105,897,,,,0,,,,-0.0652,44.30,-0.0652,44.30,1,30.0,idle,+0.000,+0.000,+0.000,+0.000,1100,0,
1785504983.1314,2026-07-31T09:36:23.131,89.204,898,,,,0,,,,-0.0836,44.06,-0.0836,44.06,1,30.0,idle,+0.000,+0.000,+0.000,+0.000,1100,0,
1785504983.2320,2026-07-31T09:36:23.232,89.305,899,,,,0,,,,-0.0859,44.23,-0.0859,44.23,1,30.0,idle,+0.000,+0.000,+0.000,+0.000,1100,0,
1785504983.3318,2026-07-31T09:36:23.331,89.405,900,,,,0,,,,-0.0893,44.57,-0.0893,44.57,1,30.0,idle,+0.000,+0.000,+0.000,+0.000,1100,0,
1785504983.4307,2026-07-31T09:36:23.430,89.504,901,,,,0,,,,-0.0858,44.23,-0.0858,44.23,1,30.0,idle,+0.000,+0.000,+0.000,+0.000,1100,0,
1785504983.5299,2026-07-31T09:36:23.529,89.603,902,,,,0,,,,-0.0856,43.81,-0.0856,43.81,1,30.0,idle,+0.000,+0.000,+0.000,+0.000,1100,0,
1785504983.6289,2026-07-31T09:36:23.628,89.702,903,,,,0,,,,-0.0839,43.17,-0.0839,43.17,1,30.0,idle,+0.000,+0.000,+0.000,+0.000,1100,0,
1785504983.7276,2026-07-31T09:36:23.727,89.801,904,,,,0,,,,-0.0859,43.32,-0.0859,43.32,1,30.0,idle,+0.000,+0.000,+0.000,+0.000,1100,0,
1785504983.8262,2026-07-31T09:36:23.826,89.899,905,,,,0,,,,-0.0816,44.53,-0.0816,44.53,1,30.0,idle,+0.000,+0.000,+0.000,+0.000,1100,0,
1785504983.9260,2026-07-31T09:36:23.926,89.999,906,,,,0,,,,-0.0861,46.62,-0.0861,46.62,1,30.0,idle,+0.000,+0.000,+0.000,+0.000,1100,0,
1785504984.0250,2026-07-31T09:36:24.024,90.098,907,,,,0,,,,-0.0914,47.91,-0.0914,47.91,1,30.0,idle,+0.000,+0.000,+0.000,+0.000,1100,0,
1785504984.1239,2026-07-31T09:36:24.123,90.197,908,,,,0,,,,-0.0837,49.88,-0.0837,49.88,1,30.0,idle,+0.000,+0.000,+0.000,+0.000,1100,0,
1785504984.2239,2026-07-31T09:36:24.223,90.297,909,,,,0,,,,-0.0893,50.32,-0.0893,50.32,1,30.0,idle,+0.000,+0.000,+0.000,+0.000,1100,0,
1785504984.3225,2026-07-31T09:36:24.322,90.396,910,,,,0,,,,-0.0857,50.40,-0.0857,50.40,1,30.0,idle,+0.000,+0.000,+0.000,+0.000,1100,0,
1785504984.4218,2026-07-31T09:36:24.421,90.495,911,,,,0,,,,-0.0870,50.36,-0.0870,50.36,1,30.0,idle,+0.000,+0.000,+0.000,+0.000,1100,0,
1785504984.5218,2026-07-31T09:36:24.521,90.595,912,,,,0,,,,-0.0849,49.61,-0.0849,49.61,1,30.0,idle,+0.000,+0.000,+0.000,+0.000,1100,0,
1785504984.6209,2026-07-31T09:36:24.620,90.694,913,,,,0,,,,-0.0872,48.92,-0.0872,48.92,1,30.0,idle,+0.000,+0.000,+0.000,+0.000,1100,0,
1785504984.7209,2026-07-31T09:36:24.720,90.794,914,,,,0,,,,-0.0867,48.44,-0.0867,48.44,1,30.0,idle,+0.000,+0.000,+0.000,+0.000,1100,0,
1785504984.8194,2026-07-31T09:36:24.819,90.892,915,,,,0,,,,-0.0929,49.50,-0.0929,49.50,1,30.0,idle,+0.000,+0.000,+0.000,+0.000,1100,0,
1785504984.9184,2026-07-31T09:36:24.918,90.991,916,,,,0,,,,-0.0861,49.82,-0.0861,49.82,1,30.0,idle,+0.000,+0.000,+0.000,+0.000,1100,0,
1785504985.0171,2026-07-31T09:36:25.017,91.090,917,,,,0,,,,-0.0840,51.06,-0.0840,51.06,1,30.0,idle,+0.000,+0.000,+0.000,+0.000,1100,0,
1785504985.1176,2026-07-31T09:36:25.117,91.191,918,,,,0,,,,-0.0908,50.93,-0.0908,50.93,1,30.0,idle,+0.000,+0.000,+0.000,+0.000,1100,0,
1785504985.2163,2026-07-31T09:36:25.216,91.289,919,,,,0,,,,-0.0867,50.29,-0.0867,50.29,1,30.0,idle,+0.000,+0.000,+0.000,+0.000,1100,0,
1785504985.3157,2026-07-31T09:36:25.315,91.389,920,,,,0,,,,-0.0847,51.29,-0.0847,51.29,1,30.0,idle,+0.000,+0.000,+0.000,+0.000,1100,0,
1785504985.4147,2026-07-31T09:36:25.414,91.488,921,,,,0,,,,-0.0874,52.73,-0.0874,52.73,1,30.0,idle,+0.000,+0.000,+0.000,+0.000,1100,0,
1785504985.5145,2026-07-31T09:36:25.514,91.588,922,,,,0,,,,-0.0851,57.00,-0.0851,57.00,1,30.0,idle,+0.000,+0.000,+0.000,+0.000,1100,0,
1785504985.6138,2026-07-31T09:36:25.613,91.687,923,,,,0,,,,-0.0870,61.79,-0.0870,61.79,1,30.0,idle,+0.000,+0.000,+0.000,+0.000,1100,0,
1785504985.7122,2026-07-31T09:36:25.712,91.785,924,,,,0,,,,-0.0846,63.02,-0.0846,63.02,1,30.0,idle,+0.000,+0.000,+0.000,+0.000,1100,0,
1785504985.8113,2026-07-31T09:36:25.811,91.884,925,,,,0,,,,-0.0863,63.15,-0.0863,63.15,1,30.0,idle,+0.000,+0.000,+0.000,+0.000,1100,0,
1785504985.9103,2026-07-31T09:36:25.910,91.983,926,,,,0,,,,-0.0876,63.24,-0.0876,63.24,1,30.0,idle,+0.000,+0.000,+0.000,+0.000,1100,0,
1785504986.0092,2026-07-31T09:36:26.009,92.082,927,,,,0,,,,-0.0867,64.59,-0.0867,64.59,1,30.0,idle,+0.000,+0.000,+0.000,+0.000,1100,0,
1785504986.1083,2026-07-31T09:36:26.108,92.181,928,,,,0,,,,-0.0883,65.45,-0.0883,65.45,1,30.0,idle,+0.000,+0.000,+0.000,+0.000,1100,0,
1785504986.2073,2026-07-31T09:36:26.207,92.280,929,,,,0,,,,-0.0878,66.78,-0.0878,66.78,1,30.0,idle,+0.000,+0.000,+0.000,+0.000,1100,0,
1785504986.3066,2026-07-31T09:36:26.306,92.380,930,,,,0,,,,-0.0876,68.49,-0.0876,68.49,1,30.0,idle,+0.000,+0.000,+0.000,+0.000,1100,0,
1785504986.4054,2026-07-31T09:36:26.405,92.478,931,,,,0,,,,-0.0873,69.85,-0.0873,69.85,1,30.0,idle,+0.000,+0.000,+0.000,+0.000,1100,0,
1785504986.5042,2026-07-31T09:36:26.504,92.577,932,,,,0,,,,-0.0877,72.79,-0.0877,72.79,1,30.0,idle,+0.000,+0.000,+0.000,+0.000,1100,0,
1785504986.6052,2026-07-31T09:36:26.605,92.678,933,,,,0,,,,-0.0844,73.92,-0.0844,73.92,1,30.0,idle,+0.000,+0.000,+0.000,+0.000,1100,0,
1785504986.7037,2026-07-31T09:36:26.703,92.777,934,,,,0,,,,-0.0885,74.70,-0.0885,74.70,1,30.0,idle,+0.000,+0.000,+0.000,+0.000,1100,0,
1785504986.8053,2026-07-31T09:36:26.805,92.878,935,,,,0,,,,-0.0887,71.69,-0.0887,71.69,1,30.0,idle,+0.000,+0.000,+0.000,+0.000,1100,0,
1785504986.9044,2026-07-31T09:36:26.904,92.977,936,,,,0,,,,-0.0865,69.17,-0.0865,69.17,1,30.0,idle,+0.000,+0.000,+0.000,+0.000,1100,0,
1785504987.0037,2026-07-31T09:36:27.003,93.077,937,,,,0,,,,-0.0842,63.83,-0.0842,63.83,1,30.0,idle,+0.000,+0.000,+0.000,+0.000,1100,0,
1785504987.1031,2026-07-31T09:36:27.103,93.176,938,,,,0,,,,-0.0879,61.31,-0.0879,61.31,1,30.0,idle,+0.000,+0.000,+0.000,+0.000,1100,0,
1785504987.2023,2026-07-31T09:36:27.202,93.275,939,,,,0,,,,-0.0859,56.91,-0.0859,56.91,1,30.0,idle,+0.000,+0.000,+0.000,+0.000,1100,0,
1785504987.3015,2026-07-31T09:36:27.301,93.375,940,,,,0,,,,-0.0877,52.49,-0.0877,52.49,1,30.0,idle,+0.000,+0.000,+0.000,+0.000,1100,0,
1785504987.4003,2026-07-31T09:36:27.400,93.473,941,,,,0,,,,-0.0897,50.45,-0.0897,50.45,1,30.0,idle,+0.000,+0.000,+0.000,+0.000,1100,0,
1785504987.4991,2026-07-31T09:36:27.499,93.572,942,,,,0,,,,-0.0597,46.45,-0.0597,46.45,1,30.0,idle,+0.000,+0.000,+0.000,+0.000,1100,0,
1785504987.5985,2026-07-31T09:36:27.598,93.672,943,,,,0,,,,-0.0232,44.63,-0.0232,44.63,1,30.0,idle,+0.000,+0.000,+0.000,+0.000,1100,0,
1785504987.6975,2026-07-31T09:36:27.697,93.771,944,,,,0,,,,0.0018,40.97,0.0018,40.97,1,30.0,idle,+0.000,+0.000,+0.000,+0.000,1100,0,
1785504987.7963,2026-07-31T09:36:27.796,93.869,945,,,,0,,,,0.0326,38.43,0.0326,38.43,1,30.0,idle,+0.000,+0.000,+0.000,+0.000,1100,0,
1785504987.8951,2026-07-31T09:36:27.895,93.968,946,,,,0,,,,0.0406,37.27,0.0406,37.27,1,30.0,idle,+0.000,+0.000,+0.000,+0.000,1100,0,
1785504987.9944,2026-07-31T09:36:27.994,94.067,947,,,,0,,,,0.0802,34.95,0.0802,34.95,1,30.0,idle,+0.000,+0.000,+0.000,+0.000,1100,0,
1785504988.0934,2026-07-31T09:36:28.093,94.166,948,,,,0,,,,0.1000,33.82,0.1000,33.82,1,30.0,idle,+0.000,+0.000,+0.000,+0.000,1100,0,
1785504988.1922,2026-07-31T09:36:28.192,94.265,949,,,,0,,,,0.1255,31.72,0.1255,31.72,1,30.0,idle,+0.000,+0.000,+0.000,+0.000,1100,0,
1785504988.2909,2026-07-31T09:36:28.290,94.364,950,,,,0,,,,0.1520,29.84,0.1520,29.84,1,30.0,idle,+0.000,+0.000,+0.000,+0.000,1100,0,
1785504988.3898,2026-07-31T09:36:28.389,94.463,951,,,,0,,,,0.1593,29.04,0.1593,29.04,1,30.0,idle,+0.000,+0.000,+0.000,+0.000,1100,0,
1785504988.4904,2026-07-31T09:36:28.490,94.563,952,,,,0,,,,0.1790,27.74,0.1790,27.74,1,30.0,idle,+0.000,+0.000,+0.000,+0.000,1100,0,
1785504988.5898,2026-07-31T09:36:28.589,94.663,953,,,,0,,,,0.1822,27.25,0.1822,27.25,1,30.0,idle,+0.000,+0.000,+0.000,+0.000,1100,0,
1785504988.6892,2026-07-31T09:36:28.689,94.762,954,,,,0,,,,0.1837,26.57,0.1837,26.57,1,30.0,idle,+0.000,+0.000,+0.000,+0.000,1100,0,
1785504988.7883,2026-07-31T09:36:28.788,94.861,955,,,,0,,,,0.1847,26.36,0.1847,26.36,1,30.0,idle,+0.000,+0.000,+0.000,+0.000,1100,0,
1785504988.8874,2026-07-31T09:36:28.887,94.960,956,,,,0,,,,0.1765,26.20,0.1765,26.20,1,30.0,idle,+0.000,+0.000,+0.000,+0.000,1100,0,
1785504988.9865,2026-07-31T09:36:28.986,95.060,957,,,,0,,,,0.1731,26.21,0.1731,26.21,1,30.0,idle,+0.000,+0.000,+0.000,+0.000,1100,0,
1785504989.0855,2026-07-31T09:36:29.085,95.159,958,,,,0,,,,0.1616,26.33,0.1616,26.33,1,30.0,idle,+0.000,+0.000,+0.000,+0.000,1100,0,
1785504989.1854,2026-07-31T09:36:29.185,95.258,959,,,,0,,,,0.1515,26.52,0.1515,26.52,1,30.0,idle,+0.000,+0.000,+0.000,+0.000,1100,0,
1785504989.2850,2026-07-31T09:36:29.285,95.358,960,,,,0,,,,0.1425,26.64,0.1425,26.64,1,30.0,idle,+0.000,+0.000,+0.000,+0.000,1100,0,
1785504989.3852,2026-07-31T09:36:29.385,95.458,961,,,,0,,,,0.1310,26.87,0.1310,26.87,1,30.0,idle,+0.000,+0.000,+0.000,+0.000,1100,0,
1785504989.4843,2026-07-31T09:36:29.484,95.557,962,,,,0,,,,0.1175,27.06,0.1175,27.06,1,30.0,idle,+0.000,+0.000,+0.000,+0.000,1100,0,
1785504989.5843,2026-07-31T09:36:29.584,95.657,963,,,,0,,,,0.1167,27.13,0.1167,27.13,1,30.0,idle,+0.000,+0.000,+0.000,+0.000,1100,0,
1785504989.6844,2026-07-31T09:36:29.684,95.757,964,,,,0,,,,0.1099,27.20,0.1099,27.20,1,30.0,idle,+0.000,+0.000,+0.000,+0.000,1100,0,
1785504989.7842,2026-07-31T09:36:29.784,95.857,965,,,,0,,,,0.1090,27.19,0.1090,27.19,1,30.0,idle,+0.000,+0.000,+0.000,+0.000,1100,0,
1785504989.8841,2026-07-31T09:36:29.884,95.957,966,,,,0,,,,0.0992,27.12,0.0992,27.12,1,30.0,idle,+0.000,+0.000,+0.000,+0.000,1100,0,
1785504989.9824,2026-07-31T09:36:29.982,96.055,967,,,,0,,,,0.1014,26.95,0.1014,26.95,1,30.0,idle,+0.000,+0.000,+0.000,+0.000,1100,0,
1785504990.0818,2026-07-31T09:36:30.081,96.155,968,,,,0,,,,0.1017,26.83,0.1017,26.83,1,30.0,idle,+0.000,+0.000,+0.000,+0.000,1100,0,
1785504990.1810,2026-07-31T09:36:30.181,96.254,969,,,,0,,,,0.1055,26.53,0.1055,26.53,1,30.0,idle,+0.000,+0.000,+0.000,+0.000,1100,0,
1785504990.2793,2026-07-31T09:36:30.279,96.352,970,,,,0,,,,0.1062,26.34,0.1062,26.34,1,30.0,idle,+0.000,+0.000,+0.000,+0.000,1100,0,
1785504990.3795,2026-07-31T09:36:30.379,96.453,971,,,,0,,,,0.1079,25.95,0.1079,25.95,1,30.0,idle,+0.000,+0.000,+0.000,+0.000,1100,0,
1785504990.4791,2026-07-31T09:36:30.479,96.552,972,,,,0,,,,0.1153,25.55,0.1153,25.55,1,30.0,idle,+0.000,+0.000,+0.000,+0.000,1100,0,
1785504990.5787,2026-07-31T09:36:30.578,96.652,973,,,,0,,,,0.1143,25.35,0.1143,25.35,1,30.0,idle,+0.000,+0.000,+0.000,+0.000,1100,0,
1785504990.6780,2026-07-31T09:36:30.678,96.751,974,,,,0,,,,0.1178,24.98,0.1178,24.98,1,30.0,idle,+0.000,+0.000,+0.000,+0.000,1100,0,
1785504990.7778,2026-07-31T09:36:30.777,96.851,975,,,,0,,,,0.1185,24.81,0.1185,24.81,1,30.0,idle,+0.000,+0.000,+0.000,+0.000,1100,0,
1785504990.8767,2026-07-31T09:36:30.876,96.950,976,,,,0,,,,0.1249,24.52,0.1249,24.52,1,30.0,idle,+0.000,+0.000,+0.000,+0.000,1100,0,
1785504990.9760,2026-07-31T09:36:30.975,97.049,977,,,,0,,,,0.1212,24.30,0.1212,24.30,1,30.0,idle,+0.000,+0.000,+0.000,+0.000,1100,0,
1785504991.0751,2026-07-31T09:36:31.075,97.148,978,,,,0,,,,0.1255,24.22,0.1255,24.22,1,30.0,idle,+0.000,+0.000,+0.000,+0.000,1100,0,
1785504991.1741,2026-07-31T09:36:31.174,97.247,979,,,,0,,,,0.1226,24.13,0.1226,24.13,1,30.0,idle,+0.000,+0.000,+0.000,+0.000,1100,0,
1785504991.2740,2026-07-31T09:36:31.274,97.347,980,,,,0,,,,0.1177,24.12,0.1177,24.12,1,30.0,idle,+0.000,+0.000,+0.000,+0.000,1100,0,
1785504991.3734,2026-07-31T09:36:31.373,97.446,981,,,,0,,,,0.1111,24.14,0.1111,24.14,1,30.0,idle,+0.000,+0.000,+0.000,+0.000,1100,0,
1785504991.4726,2026-07-31T09:36:31.472,97.546,982,,,,0,,,,0.1091,24.20,0.1091,24.20,1,30.0,idle,+0.000,+0.000,+0.000,+0.000,1100,0,
1785504991.5714,2026-07-31T09:36:31.571,97.644,983,,,,0,,,,0.1021,24.24,0.1021,24.24,1,30.0,idle,+0.000,+0.000,+0.000,+0.000,1100,0,
1785504991.6706,2026-07-31T09:36:31.670,97.744,984,,,,0,,,,0.0901,24.31,0.0901,24.31,1,30.0,idle,+0.000,+0.000,+0.000,+0.000,1100,0,
1785504991.7705,2026-07-31T09:36:31.770,97.844,985,,,,0,,,,0.0857,24.34,0.0857,24.34,1,30.0,idle,+0.000,+0.000,+0.000,+0.000,1100,0,
1785504991.8699,2026-07-31T09:36:31.869,97.943,986,,,,0,,,,0.0798,24.38,0.0798,24.38,1,30.0,idle,+0.000,+0.000,+0.000,+0.000,1100,0,
1785504991.9689,2026-07-31T09:36:31.968,98.042,987,,,,0,,,,0.0762,24.36,0.0762,24.36,1,30.0,idle,+0.000,+0.000,+0.000,+0.000,1100,0,
1785504992.0690,2026-07-31T09:36:32.069,98.142,988,,,,0,,,,0.0731,24.33,0.0731,24.33,1,30.0,idle,+0.000,+0.000,+0.000,+0.000,1100,0,
1785504992.1689,2026-07-31T09:36:32.168,98.242,989,,,,0,,,,0.0685,24.22,0.0685,24.22,1,30.0,idle,+0.000,+0.000,+0.000,+0.000,1100,0,
1785504992.2676,2026-07-31T09:36:32.267,98.341,990,,,,0,,,,0.0664,24.15,0.0664,24.15,1,30.0,idle,+0.000,+0.000,+0.000,+0.000,1100,0,
1785504992.3660,2026-07-31T09:36:32.366,98.439,991,,,,0,,,,0.0624,23.95,0.0624,23.95,1,30.0,idle,+0.000,+0.000,+0.000,+0.000,1100,0,
1785504992.4651,2026-07-31T09:36:32.465,98.538,992,,,,0,,,,0.0592,23.81,0.0592,23.81,1,30.0,idle,+0.000,+0.000,+0.000,+0.000,1100,0,
1785504992.5648,2026-07-31T09:36:32.564,98.638,993,,,,0,,,,0.0625,23.48,0.0625,23.48,1,30.0,idle,+0.000,+0.000,+0.000,+0.000,1100,0,
1785504992.6639,2026-07-31T09:36:32.663,98.737,994,,,,0,,,,0.0589,23.09,0.0589,23.09,1,30.0,idle,+0.000,+0.000,+0.000,+0.000,1100,0,
1785504992.7647,2026-07-31T09:36:32.764,98.838,995,,,,0,,,,0.0560,22.88,0.0560,22.88,1,30.0,idle,+0.000,+0.000,+0.000,+0.000,1100,0,
1785504992.8630,2026-07-31T09:36:32.863,98.936,996,,,,0,,,,0.0548,22.45,0.0548,22.45,1,30.0,idle,+0.000,+0.000,+0.000,+0.000,1100,0,
1785504992.9619,2026-07-31T09:36:32.961,99.035,997,,,,0,,,,0.0562,22.23,0.0562,22.23,1,30.0,idle,+0.000,+0.000,+0.000,+0.000,1100,0,
1785504993.0619,2026-07-31T09:36:33.061,99.135,998,,,,0,,,,0.0540,21.80,0.0540,21.80,1,30.0,idle,+0.000,+0.000,+0.000,+0.000,1100,0,
1785504993.1618,2026-07-31T09:36:33.161,99.235,999,,,,0,,,,0.0538,21.36,0.0538,21.36,1,30.0,idle,+0.000,+0.000,+0.000,+0.000,1100,0,
1785504993.2612,2026-07-31T09:36:33.261,99.334,1000,,,,0,,,,0.0515,21.15,0.0515,21.15,1,30.0,idle,+0.000,+0.000,+0.000,+0.000,1100,0,
1785504993.3605,2026-07-31T09:36:33.360,99.434,1001,,,,0,,,,0.0506,20.75,0.0506,20.75,1,30.0,idle,+0.000,+0.000,+0.000,+0.000,1100,0,
1785504993.4595,2026-07-31T09:36:33.459,99.533,1002,,,,0,,,,0.0518,20.57,0.0518,20.57,1,30.0,idle,+0.000,+0.000,+0.000,+0.000,1100,0,
1785504993.5583,2026-07-31T09:36:33.558,99.631,1003,,,,0,,,,0.0440,20.22,0.0440,20.22,1,30.0,idle,+0.000,+0.000,+0.000,+0.000,1100,0,
1785504993.6573,2026-07-31T09:36:33.657,99.730,1004,,,,0,,,,0.0375,20.05,0.0375,20.05,1,30.0,idle,+0.000,+0.000,+0.000,+0.000,1100,0,
1785504993.7562,2026-07-31T09:36:33.756,99.829,1005,,,,0,,,,0.0374,19.74,0.0374,19.74,1,30.0,idle,+0.000,+0.000,+0.000,+0.000,1100,0,
1785504993.8555,2026-07-31T09:36:33.855,99.929,1006,,,,0,,,,0.0321,19.44,0.0321,19.44,1,30.0,idle,+0.000,+0.000,+0.000,+0.000,1100,0,
1785504993.9539,2026-07-31T09:36:33.953,100.027,1007,,,,0,,,,0.0292,19.30,0.0292,19.30,1,30.0,idle,+0.000,+0.000,+0.000,+0.000,1100,0,
1785504994.0540,2026-07-31T09:36:34.053,100.127,1008,,,,0,,,,0.0229,19.00,0.0229,19.00,1,30.0,idle,+0.000,+0.000,+0.000,+0.000,1100,0,
1785504994.1534,2026-07-31T09:36:34.153,100.226,1009,,,,0,,,,0.0131,18.69,0.0131,18.69,1,30.0,idle,+0.000,+0.000,+0.000,+0.000,1100,0,
1785504994.2523,2026-07-31T09:36:34.252,100.325,1010,,,,0,,,,0.0147,18.52,0.0147,18.52,1,30.0,idle,+0.000,+0.000,+0.000,+0.000,1100,0,
1785504994.3515,2026-07-31T09:36:34.351,100.425,1011,,,,0,,,,0.0048,18.14,0.0048,18.14,1,30.0,idle,+0.000,+0.000,+0.000,+0.000,1100,0,
1785504994.4502,2026-07-31T09:36:34.450,100.523,1012,,,,0,,,,0.0017,17.94,0.0017,17.94,1,30.0,idle,+0.000,+0.000,+0.000,+0.000,1100,0,
1785504994.5490,2026-07-31T09:36:34.549,100.622,1013,,,,0,,,,0.0012,17.50,0.0012,17.50,1,30.0,idle,+0.000,+0.000,+0.000,+0.000,1100,0,
1785504994.6486,2026-07-31T09:36:34.648,100.722,1014,,,,0,,,,-0.0086,17.01,-0.0086,17.01,1,30.0,idle,+0.000,+0.000,+0.000,+0.000,1100,0,
1785504994.7479,2026-07-31T09:36:34.747,100.821,1015,,,,0,,,,-0.0129,16.75,-0.0129,16.75,1,30.0,idle,+0.000,+0.000,+0.000,+0.000,1100,0,
1785504994.8469,2026-07-31T09:36:34.846,100.920,1016,,,,0,,,,-0.0146,16.20,-0.0146,16.20,1,30.0,idle,+0.000,+0.000,+0.000,+0.000,1100,0,
1785504994.9459,2026-07-31T09:36:34.945,101.019,1017,,,,0,,,,-0.0161,15.91,-0.0161,15.91,1,30.0,idle,+0.000,+0.000,+0.000,+0.000,1100,0,
1785504995.0462,2026-07-31T09:36:35.046,101.119,1018,,,,0,,,,-0.0192,15.32,-0.0192,15.32,1,30.0,idle,+0.000,+0.000,+0.000,+0.000,1100,0,
1785504995.1455,2026-07-31T09:36:35.145,101.219,1019,,,,0,,,,-0.0206,14.71,-0.0206,14.71,1,30.0,idle,+0.000,+0.000,+0.000,+0.000,1100,0,
1785504995.2438,2026-07-31T09:36:35.243,101.317,1020,,,,0,,,,-0.0204,14.40,-0.0204,14.40,1,30.0,idle,+0.000,+0.000,+0.000,+0.000,1100,0,
1785504995.3428,2026-07-31T09:36:35.342,101.416,1021,,,,0,,,,-0.0254,13.78,-0.0254,13.78,1,30.0,idle,+0.000,+0.000,+0.000,+0.000,1100,0,
1785504995.4435,2026-07-31T09:36:35.443,101.516,1022,,,,0,,,,-0.0281,13.47,-0.0281,13.47,1,30.0,idle,+0.000,+0.000,+0.000,+0.000,1100,0,
1785504995.5430,2026-07-31T09:36:35.543,101.616,1023,,,,0,,,,-0.0292,12.91,-0.0292,12.91,1,30.0,idle,+0.000,+0.000,+0.000,+0.000,1100,0,
1785504995.6423,2026-07-31T09:36:35.642,101.715,1024,,,,0,,,,-0.0321,12.66,-0.0321,12.66,1,30.0,idle,+0.000,+0.000,+0.000,+0.000,1100,0,
1785504995.7407,2026-07-31T09:36:35.740,101.814,1025,,,,0,,,,-0.0330,12.20,-0.0330,12.20,1,30.0,idle,+0.000,+0.000,+0.000,+0.000,1100,0,
1785504995.8399,2026-07-31T09:36:35.839,101.913,1026,,,,0,,,,-0.0347,11.77,-0.0347,11.77,1,30.0,idle,+0.000,+0.000,+0.000,+0.000,1100,0,
1785504995.9401,2026-07-31T09:36:35.940,102.013,1027,,,,0,,,,-0.0341,11.54,-0.0341,11.54,1,30.0,idle,+0.000,+0.000,+0.000,+0.000,1100,0,
1785504996.0392,2026-07-31T09:36:36.039,102.112,1028,,,,0,,,,-0.0358,11.05,-0.0358,11.05,1,30.0,idle,+0.000,+0.000,+0.000,+0.000,1100,0,
1785504996.1374,2026-07-31T09:36:36.137,102.210,1029,,,,0,,,,-0.0353,10.77,-0.0353,10.77,1,30.0,idle,+0.000,+0.000,+0.000,+0.000,1100,0,
1785504996.2359,2026-07-31T09:36:36.235,102.309,1030,,,,0,,,,-0.0376,10.12,-0.0376,10.12,1,30.0,idle,+0.000,+0.000,+0.000,+0.000,1100,0,
1785504996.3355,2026-07-31T09:36:36.335,102.408,1031,,,,0,,,,-0.0349,9.44,-0.0349,9.44,1,30.0,idle,+0.000,+0.000,+0.000,+0.000,1100,0,
1785504996.4348,2026-07-31T09:36:36.434,102.508,1032,,,,0,,,,-0.0297,9.12,-0.0297,9.12,1,30.0,idle,+0.000,+0.000,+0.000,+0.000,1100,0,
1785504996.5343,2026-07-31T09:36:36.534,102.607,1033,,,,0,,,,-0.0294,8.47,-0.0294,8.47,1,30.0,idle,+0.000,+0.000,+0.000,+0.000,1100,0,
1785504996.6339,2026-07-31T09:36:36.633,102.707,1034,,,,0,,,,-0.0291,8.15,-0.0291,8.15,1,30.0,idle,+0.000,+0.000,+0.000,+0.000,1100,0,
1785504996.7342,2026-07-31T09:36:36.734,102.807,1035,,,,0,,,,-0.0323,7.50,-0.0323,7.50,1,30.0,idle,+0.000,+0.000,+0.000,+0.000,1100,0,
1785504996.8331,2026-07-31T09:36:36.833,102.906,1036,,,,0,,,,-0.0286,7.17,-0.0286,7.17,1,30.0,idle,+0.000,+0.000,+0.000,+0.000,1100,0,
1785504996.9315,2026-07-31T09:36:36.931,103.005,1037,,,,0,,,,-0.0271,6.55,-0.0271,6.55,1,30.0,idle,+0.000,+0.000,+0.000,+0.000,1100,0,
1785504997.0319,2026-07-31T09:36:37.031,103.105,1038,,,,0,,,,-0.0259,5.98,-0.0259,5.98,1,30.0,idle,+0.000,+0.000,+0.000,+0.000,1100,0,
1785504997.1304,2026-07-31T09:36:37.130,103.203,1039,,,,0,,,,0.0000,5.69,-0.0253,5.69,1,30.0,idle,+0.000,+0.000,+0.000,+0.000,1100,0,
1785504997.2296,2026-07-31T09:36:37.229,103.303,1040,,,,0,,,,0.0021,5.15,-0.0233,5.15,1,30.0,idle,+0.000,+0.000,+0.000,+0.000,1100,0,
1785504997.3300,2026-07-31T09:36:37.330,103.403,1041,,,,0,,,,0.0023,4.90,-0.0230,4.90,1,30.0,idle,+0.000,+0.000,+0.000,+0.000,1100,0,
1785504997.4286,2026-07-31T09:36:37.428,103.502,1042,,,,0,,,,0.0005,4.40,-0.0249,4.40,1,30.0,idle,+0.000,+0.000,+0.000,+0.000,1100,0,
1785504997.5282,2026-07-31T09:36:37.528,103.601,1043,,,,0,,,,0.0002,3.92,-0.0252,3.92,1,30.0,idle,+0.000,+0.000,+0.000,+0.000,1100,0,
1785504997.6277,2026-07-31T09:36:37.627,103.701,1044,,,,0,,,,-0.0007,3.68,-0.0260,3.68,1,30.0,idle,+0.000,+0.000,+0.000,+0.000,1100,0,
1785504997.7271,2026-07-31T09:36:37.727,103.800,1045,,,,0,,,,0.0033,3.19,-0.0220,3.19,1,30.0,idle,+0.000,+0.000,+0.000,+0.000,1100,0,
1785504997.8263,2026-07-31T09:36:37.826,103.899,1046,,,,0,,,,0.0018,2.94,-0.0236,2.94,1,30.0,idle,+0.000,+0.000,+0.000,+0.000,1100,0,
1785504997.9267,2026-07-31T09:36:37.926,104.000,1047,,,,0,,,,0.0027,2.41,-0.0227,2.41,1,30.0,idle,+0.000,+0.000,+0.000,+0.000,1100,0,
1785504998.0252,2026-07-31T09:36:38.025,104.098,1048,,,,0,,,,0.0009,1.90,-0.0245,1.90,1,30.0,idle,+0.000,+0.000,+0.000,+0.000,1100,0,
1785504998.1245,2026-07-31T09:36:38.124,104.198,1049,,,,0,,,,0.0018,1.66,-0.0235,1.66,1,30.0,idle,+0.000,+0.000,+0.000,+0.000,1100,0,
1785504998.2238,2026-07-31T09:36:38.223,104.297,1050,,,,0,,,,-0.0004,1.16,-0.0257,1.16,1,30.0,idle,+0.000,+0.000,+0.000,+0.000,1100,0,
1785504998.3229,2026-07-31T09:36:38.322,104.396,1051,,,,0,,,,-0.0003,0.91,-0.0256,0.91,1,30.0,idle,+0.000,+0.000,+0.000,+0.000,1100,0,
1785504998.4215,2026-07-31T09:36:38.421,104.495,1052,,,,0,,,,0.0062,0.41,-0.0191,0.41,1,30.0,idle,+0.000,+0.000,+0.000,+0.000,1100,0,
1785504998.5208,2026-07-31T09:36:38.520,104.594,1053,,,,0,,,,0.0026,-0.06,-0.0227,-0.06,1,30.0,idle,+0.000,+0.000,+0.000,+0.000,1100,0,
1785504998.6196,2026-07-31T09:36:38.619,104.693,1054,,,,0,,,,0.0028,-0.26,-0.0225,-0.26,1,30.0,idle,+0.000,+0.000,+0.000,+0.000,1100,0,
1785504998.7193,2026-07-31T09:36:38.719,104.792,1055,,,,0,,,,-0.0021,-0.63,-0.0274,-0.63,1,30.0,idle,+0.000,+0.000,+0.000,+0.000,1100,0,
1785504998.8185,2026-07-31T09:36:38.818,104.892,1056,,,,0,,,,-0.0029,-0.80,-0.0282,-0.80,1,30.0,idle,+0.000,+0.000,+0.000,+0.000,1100,0,
1785504998.9185,2026-07-31T09:36:38.918,104.992,1057,,,,0,,,,0.0015,-1.16,-0.0238,-1.16,1,30.0,idle,+0.000,+0.000,+0.000,+0.000,1100,0,
1785504999.0173,2026-07-31T09:36:39.017,105.090,1058,,,,0,,,,-0.0033,-1.54,-0.0286,-1.54,1,30.0,idle,+0.000,+0.000,+0.000,+0.000,1100,0,
1785504999.1175,2026-07-31T09:36:39.117,105.191,1059,,,,0,,,,-0.0003,-1.73,-0.0257,-1.73,1,30.0,idle,+0.000,+0.000,+0.000,+0.000,1100,0,
1785504999.2168,2026-07-31T09:36:39.216,105.290,1060,,,,0,,,,-0.0033,-2.10,-0.0286,-2.10,1,30.0,idle,+0.000,+0.000,+0.000,+0.000,1100,0,
1785504999.3152,2026-07-31T09:36:39.315,105.388,1061,,,,0,,,,-0.0005,-2.30,-0.0258,-2.30,1,30.0,idle,+0.000,+0.000,+0.000,+0.000,1100,0,
1785504999.4140,2026-07-31T09:36:39.414,105.487,1062,,,,0,,,,-0.0006,-2.70,-0.0259,-2.70,1,30.0,idle,+0.000,+0.000,+0.000,+0.000,1100,0,
1785504999.5157,2026-07-31T09:36:39.515,105.589,1063,,,,0,,,,-0.0039,-3.08,-0.0293,-3.08,1,30.0,idle,+0.000,+0.000,+0.000,+0.000,1100,0,
1785504999.6144,2026-07-31T09:36:39.614,105.687,1064,,,,0,,,,-0.0052,-3.25,-0.0306,-3.25,1,30.0,idle,+0.000,+0.000,+0.000,+0.000,1100,0,
1785504999.7134,2026-07-31T09:36:39.713,105.786,1065,,,,0,,,,-0.0035,-3.58,-0.0289,-3.58,1,30.0,idle,+0.000,+0.000,+0.000,+0.000,1100,0,
1785504999.8128,2026-07-31T09:36:39.812,105.886,1066,,,,0,,,,-0.0045,-3.74,-0.0298,-3.74,1,30.0,idle,+0.000,+0.000,+0.000,+0.000,1100,0,
1785504999.9118,2026-07-31T09:36:39.911,105.985,1067,,,,0,,,,-0.0055,-4.09,-0.0309,-4.09,1,30.0,idle,+0.000,+0.000,+0.000,+0.000,1100,0,
1785505000.0103,2026-07-31T09:36:40.010,106.083,1068,,,,0,,,,-0.0002,-4.43,-0.0256,-4.43,1,30.0,idle,+0.000,+0.000,+0.000,+0.000,1100,0,
1785505000.1101,2026-07-31T09:36:40.110,106.183,1069,,,,0,,,,-0.0047,-4.59,-0.0301,-4.59,1,30.0,idle,+0.000,+0.000,+0.000,+0.000,1100,0,
1785505000.2102,2026-07-31T09:36:40.210,106.283,1070,,,,0,,,,-0.0027,-4.91,-0.0280,-4.91,1,30.0,idle,+0.000,+0.000,+0.000,+0.000,1100,0,
1785505000.3089,2026-07-31T09:36:40.308,106.382,1071,,,,0,,,,-0.0017,-5.09,-0.0270,-5.09,1,30.0,idle,+0.000,+0.000,+0.000,+0.000,1100,0,
1785505000.4086,2026-07-31T09:36:40.408,106.482,1072,,,,0,,,,-0.0006,-5.40,-0.0259,-5.40,1,30.0,idle,+0.000,+0.000,+0.000,+0.000,1100,0,
1785505000.5078,2026-07-31T09:36:40.507,106.581,1073,,,,0,,,,0.0006,-5.65,-0.0247,-5.65,1,30.0,idle,+0.000,+0.000,+0.000,+0.000,1100,0,
1785505000.6061,2026-07-31T09:36:40.606,106.679,1074,,,,0,,,,-0.0021,-5.77,-0.0274,-5.77,1,30.0,idle,+0.000,+0.000,+0.000,+0.000,1100,0,
1785505000.7053,2026-07-31T09:36:40.705,106.778,1075,,,,0,,,,-0.0027,-6.03,-0.0280,-6.03,1,30.0,idle,+0.000,+0.000,+0.000,+0.000,1100,0,
1785505000.8059,2026-07-31T09:36:40.805,106.879,1076,,,,0,,,,-0.0021,-6.18,-0.0274,-6.18,1,30.0,idle,+0.000,+0.000,+0.000,+0.000,1100,0,
1785505000.9064,2026-07-31T09:36:40.906,106.979,1077,,,,0,,,,0.0015,-6.45,-0.0238,-6.45,1,30.0,idle,+0.000,+0.000,+0.000,+0.000,1100,0,
1785505001.0057,2026-07-31T09:36:41.005,107.079,1078,,,,0,,,,-0.0014,-6.56,-0.0267,-6.56,1,30.0,idle,+0.000,+0.000,+0.000,+0.000,1100,0,
1785505001.1043,2026-07-31T09:36:41.104,107.177,1079,,,,0,,,,0.0008,-6.78,-0.0245,-6.78,1,30.0,idle,+0.000,+0.000,+0.000,+0.000,1100,0,
1785505001.2028,2026-07-31T09:36:41.202,107.276,1080,,,,0,,,,-0.0011,-7.00,-0.0265,-7.00,1,30.0,idle,+0.000,+0.000,+0.000,+0.000,1100,0,
1785505001.3020,2026-07-31T09:36:41.302,107.375,1081,,,,0,,,,0.0032,-7.11,-0.0222,-7.11,1,30.0,idle,+0.000,+0.000,+0.000,+0.000,1100,0,
1785505001.4022,2026-07-31T09:36:41.402,107.475,1082,,,,0,,,,-0.0012,-7.32,-0.0266,-7.32,1,30.0,idle,+0.000,+0.000,+0.000,+0.000,1100,0,
1785505001.5015,2026-07-31T09:36:41.501,107.575,1083,,,,0,,,,0.0013,-7.42,-0.0240,-7.42,1,30.0,idle,+0.000,+0.000,+0.000,+0.000,1100,0,
1785505001.6005,2026-07-31T09:36:41.600,107.674,1084,,,,0,,,,-0.0046,-7.65,-0.0299,-7.65,1,30.0,idle,+0.000,+0.000,+0.000,+0.000,1100,0,
1785505001.7001,2026-07-31T09:36:41.700,107.773,1085,,,,0,,,,-0.0008,-7.85,-0.0261,-7.85,1,30.0,idle,+0.000,+0.000,+0.000,+0.000,1100,0,
1785505001.7993,2026-07-31T09:36:41.799,107.872,1086,,,,0,,,,0.0036,-7.94,-0.0217,-7.94,1,30.0,idle,+0.000,+0.000,+0.000,+0.000,1100,0,
1785505001.8985,2026-07-31T09:36:41.898,107.972,1087,,,,0,,,,0.0000,-8.09,-0.0253,-8.09,1,30.0,idle,+0.000,+0.000,+0.000,+0.000,1100,0,
1785505001.9979,2026-07-31T09:36:41.997,108.071,1088,,,,0,,,,0.0026,-8.15,-0.0228,-8.15,1,30.0,idle,+0.000,+0.000,+0.000,+0.000,1100,0,
1785505002.0981,2026-07-31T09:36:42.098,108.171,1089,,,,0,,,,-0.0012,-8.31,-0.0266,-8.31,1,30.0,idle,+0.000,+0.000,+0.000,+0.000,1100,0,
1785505002.1965,2026-07-31T09:36:42.196,108.270,1090,,,,0,,,,0.0038,-8.48,-0.0215,-8.48,1,30.0,idle,+0.000,+0.000,+0.000,+0.000,1100,0,
1785505002.2973,2026-07-31T09:36:42.297,108.370,1091,,,,0,,,,-0.0011,-8.57,-0.0264,-8.57,1,30.0,idle,+0.000,+0.000,+0.000,+0.000,1100,0,
1785505002.3960,2026-07-31T09:36:42.396,108.469,1092,,,,0,,,,-0.0017,-8.78,-0.0271,-8.78,1,30.0,idle,+0.000,+0.000,+0.000,+0.000,1100,0,
1785505002.4951,2026-07-31T09:36:42.495,108.568,1093,,,,0,,,,0.0010,-8.89,-0.0243,-8.89,1,30.0,idle,+0.000,+0.000,+0.000,+0.000,1100,0,
1785505002.5957,2026-07-31T09:36:42.595,108.669,1094,,,,0,,,,0.0021,-9.06,-0.0232,-9.06,1,30.0,idle,+0.000,+0.000,+0.000,+0.000,1100,0,
1785505002.6944,2026-07-31T09:36:42.694,108.767,1095,,,,0,,,,-0.0035,-9.20,-0.0288,-9.20,1,30.0,idle,+0.000,+0.000,+0.000,+0.000,1100,0,
1785505002.7940,2026-07-31T09:36:42.794,108.867,1096,,,,0,,,,-0.0021,-9.26,-0.0274,-9.26,1,30.0,idle,+0.000,+0.000,+0.000,+0.000,1100,0,
1785505002.8936,2026-07-31T09:36:42.893,108.967,1097,,,,0,,,,0.0021,-9.39,-0.0233,-9.39,1,30.0,idle,+0.000,+0.000,+0.000,+0.000,1100,0,
1785505002.9927,2026-07-31T09:36:42.992,109.066,1098,,,,0,,,,-0.0037,-9.46,-0.0291,-9.46,1,30.0,idle,+0.000,+0.000,+0.000,+0.000,1100,0,
1785505003.0920,2026-07-31T09:36:43.092,109.165,1099,,,,0,,,,0.0026,-9.63,-0.0227,-9.63,1,30.0,idle,+0.000,+0.000,+0.000,+0.000,1100,0,
1785505003.1912,2026-07-31T09:36:43.191,109.264,1100,,,,0,,,,-0.0014,-9.74,-0.0268,-9.74,1,30.0,idle,+0.000,+0.000,+0.000,+0.000,1100,0,
1785505003.2905,2026-07-31T09:36:43.290,109.364,1101,,,,0,,,,-0.0018,-9.93,-0.0271,-9.93,1,30.0,idle,+0.000,+0.000,+0.000,+0.000,1100,0,
1785505003.3905,2026-07-31T09:36:43.390,109.463,1102,,,,0,,,,-0.0005,-10.10,-0.0259,-10.10,1,30.0,idle,+0.000,+0.000,+0.000,+0.000,1100,0,
1785505003.4894,2026-07-31T09:36:43.489,109.562,1103,,,,0,,,,-0.0064,-10.16,-0.0317,-10.16,1,30.0,idle,+0.000,+0.000,+0.000,+0.000,1100,0,
1785505003.5885,2026-07-31T09:36:43.588,109.662,1104,,,,0,,,,0.0008,-10.21,-0.0246,-10.21,1,30.0,idle,+0.000,+0.000,+0.000,+0.000,1100,0,
1785505003.6879,2026-07-31T09:36:43.687,109.761,1105,,,,0,,,,0.0036,-10.23,-0.0218,-10.23,1,30.0,idle,+0.000,+0.000,+0.000,+0.000,1100,0,
1785505003.7869,2026-07-31T09:36:43.786,109.860,1106,,,,0,,,,-0.0055,-10.30,-0.0308,-10.30,1,30.0,idle,+0.000,+0.000,+0.000,+0.000,1100,0,
1785505003.8872,2026-07-31T09:36:43.887,109.960,1107,,,,0,,,,-0.0053,-10.47,-0.0307,-10.47,1,30.0,idle,+0.000,+0.000,+0.000,+0.000,1100,0,
1785505003.9863,2026-07-31T09:36:43.986,110.059,1108,,,,0,,,,-0.0039,-10.57,-0.0293,-10.57,1,30.0,idle,+0.000,+0.000,+0.000,+0.000,1100,0,
1785505004.0854,2026-07-31T09:36:44.085,110.158,1109,,,,0,,,,-0.0063,-10.76,-0.0317,-10.76,1,30.0,idle,+0.000,+0.000,+0.000,+0.000,1100,0,
1785505004.1850,2026-07-31T09:36:44.185,110.258,1110,,,,0,,,,-0.0040,-10.84,-0.0294,-10.84,1,30.0,idle,+0.000,+0.000,+0.000,+0.000,1100,0,
1785505004.2852,2026-07-31T09:36:44.285,110.358,1111,,,,0,,,,-0.0010,-10.97,-0.0264,-10.97,1,30.0,idle,+0.000,+0.000,+0.000,+0.000,1100,0,
1785505004.3838,2026-07-31T09:36:44.383,110.457,1112,,,,0,,,,0.0020,-11.06,-0.0234,-11.06,1,30.0,idle,+0.000,+0.000,+0.000,+0.000,1100,0,
1785505004.4829,2026-07-31T09:36:44.482,110.556,1113,,,,0,,,,-0.0024,-11.09,-0.0278,-11.09,1,30.0,idle,+0.000,+0.000,+0.000,+0.000,1100,0,
1785505004.5826,2026-07-31T09:36:44.582,110.656,1114,,,,0,,,,-0.0017,-11.15,-0.0270,-11.15,1,30.0,idle,+0.000,+0.000,+0.000,+0.000,1100,0,
1785505004.6810,2026-07-31T09:36:44.681,110.754,1115,,,,0,,,,-0.0026,-11.20,-0.0279,-11.20,1,30.0,idle,+0.000,+0.000,+0.000,+0.000,1100,0,
1785505004.7808,2026-07-31T09:36:44.780,110.854,1116,,,,0,,,,-0.0022,-11.36,-0.0276,-11.36,1,30.0,idle,+0.000,+0.000,+0.000,+0.000,1100,0,
1785505004.8798,2026-07-31T09:36:44.879,110.953,1117,,,,0,,,,-0.0001,-11.46,-0.0254,-11.46,1,30.0,idle,+0.000,+0.000,+0.000,+0.000,1100,0,
1785505004.9792,2026-07-31T09:36:44.979,111.052,1118,,,,0,,,,-0.0024,-11.65,-0.0277,-11.65,1,30.0,joystick,+0.000,+0.000,+0.000,+0.000,1100,0,
1785505005.0778,2026-07-31T09:36:45.077,111.151,1119,,,,0,,,,-0.0033,-11.76,-0.0286,-11.76,1,30.0,joystick,+0.000,+0.000,+0.000,+0.000,1100,0,
1785505005.1766,2026-07-31T09:36:45.176,111.250,1120,,,,0,,,,-0.0084,-11.80,-0.0338,-11.80,1,30.0,joystick,+0.000,+0.000,+0.000,+0.000,1100,0,
1785505005.2751,2026-07-31T09:36:45.275,111.348,1121,,,,0,,,,-0.0027,-11.84,-0.0281,-11.84,1,30.0,joystick,+0.000,+0.000,+0.000,+0.000,1100,0,
1785505005.3745,2026-07-31T09:36:45.374,111.447,1122,,,,0,,,,-0.0012,-11.86,-0.0265,-11.86,1,30.0,joystick,+0.000,+0.000,+0.000,+0.000,1100,0,
1785505005.4736,2026-07-31T09:36:45.473,111.547,1123,,,,0,,,,0.0001,-11.95,-0.0252,-11.95,1,30.0,joystick,+0.000,+0.000,+0.000,+0.000,1100,0,
1785505005.5742,2026-07-31T09:36:45.574,111.647,1124,,,,0,,,,-0.0006,-12.11,-0.0260,-12.11,1,30.0,joystick,+0.000,+0.000,+0.000,+0.000,1100,0,
1785505005.6732,2026-07-31T09:36:45.673,111.746,1125,,,,0,,,,-0.0011,-12.20,-0.0265,-12.20,1,30.0,joystick,+0.000,+0.000,+0.000,+0.000,1100,0,
1785505005.7721,2026-07-31T09:36:45.772,111.845,1126,,,,0,,,,-0.0064,-12.36,-0.0317,-12.36,1,30.0,joystick,+0.000,+0.000,+0.000,+0.000,1100,0,
1785505005.8730,2026-07-31T09:36:45.872,111.946,1127,,,,0,,,,-0.0014,-12.43,-0.0267,-12.43,1,30.0,joystick,+0.000,+0.000,+0.000,+0.000,1100,0,
1785505005.9723,2026-07-31T09:36:45.972,112.045,1128,,,,0,,,,-0.0057,-12.56,-0.0311,-12.56,1,30.0,joystick,+0.000,+0.000,+0.000,+0.000,1100,0,
1785505006.0729,2026-07-31T09:36:46.072,112.146,1129,,,,0,,,,0.0019,-12.61,-0.0235,-12.61,1,30.0,joystick,+0.000,+0.000,+0.000,+0.000,1100,0,
1785505006.1718,2026-07-31T09:36:46.171,112.245,1130,,,,0,,,,-0.0073,-12.67,-0.0326,-12.67,1,30.0,joystick,+0.000,+0.000,+0.000,+0.000,1100,0,
1785505006.2723,2026-07-31T09:36:46.272,112.345,1131,,,,0,,,,-0.0040,-12.71,-0.0293,-12.71,1,30.0,joystick,+0.000,+0.000,+0.000,+0.000,1100,0,
1785505006.3718,2026-07-31T09:36:46.371,112.445,1132,,,,0,,,,-0.0030,-12.75,-0.0283,-12.75,1,30.0,joystick,+0.000,+0.000,+0.000,+0.000,1100,0,
1785505006.4708,2026-07-31T09:36:46.470,112.544,1133,,,,0,,,,0.0015,-12.90,-0.0238,-12.90,1,30.0,joystick,+0.000,+0.000,+0.000,+0.000,1100,0,
1785505006.5712,2026-07-31T09:36:46.571,112.644,1134,,,,0,,,,-0.0043,-13.00,-0.0297,-13.00,1,30.0,joystick,+0.000,+0.000,+0.000,+0.000,1100,0,
1785505006.6699,2026-07-31T09:36:46.669,112.743,1135,,,,0,,,,-0.0027,-13.18,-0.0281,-13.18,1,30.0,joystick,+0.000,+0.000,+0.000,+0.000,1100,0,
1785505006.7697,2026-07-31T09:36:46.769,112.843,1136,,,,0,,,,-0.0008,-13.32,-0.0262,-13.32,1,30.0,joystick,+0.000,+0.000,+0.000,+0.000,1100,0,
1785505006.8688,2026-07-31T09:36:46.868,112.942,1137,,,,0,,,,-0.0052,-13.39,-0.0305,-13.39,1,30.0,joystick,+0.000,+0.000,+0.000,+0.000,1100,0,
1785505006.9675,2026-07-31T09:36:46.967,113.041,1138,,,,0,,,,-0.0047,-13.48,-0.0301,-13.48,1,30.0,joystick,+0.000,+0.000,+0.000,+0.000,1100,0,
1785505007.0672,2026-07-31T09:36:47.067,113.140,1139,,,,0,,,,-0.0014,-13.50,-0.0267,-13.50,1,30.0,joystick,+0.000,+0.000,+0.000,+0.000,1100,0,
1785505007.1666,2026-07-31T09:36:47.166,113.240,1140,,,,0,,,,-0.0044,-13.56,-0.0297,-13.56,1,30.0,joystick,+0.000,+0.000,+0.000,+1.000,1100,0,
1785505007.2662,2026-07-31T09:36:47.266,113.339,1141,,,,0,,,,-0.0025,-13.69,-0.0279,-13.69,1,30.0,joystick,+0.000,+0.000,+0.000,+1.000,1100,0,
1785505007.3654,2026-07-31T09:36:47.365,113.438,1142,,,,0,,,,-0.0023,-13.81,-0.0277,-13.81,1,30.0,joystick,+0.000,+0.000,+0.000,+1.000,1100,0,
1785505007.4648,2026-07-31T09:36:47.464,113.538,1143,,,,0,,,,0.0005,-15.59,-0.0249,-15.59,1,30.0,joystick,+0.000,+0.000,+0.000,+0.000,1100,0,
1785505007.5638,2026-07-31T09:36:47.563,113.637,1144,,,,0,,,,-0.0034,-16.61,-0.0287,-16.61,1,30.0,joystick,+0.000,+0.000,+0.000,+0.000,1100,0,
1785505007.6632,2026-07-31T09:36:47.663,113.736,1145,,,,0,,,,-0.0037,-18.31,-0.0291,-18.31,1,30.0,joystick,+0.000,+0.000,+0.000,+0.000,1100,0,
1785505007.7634,2026-07-31T09:36:47.763,113.836,1146,,,,0,,,,-0.0052,-19.08,-0.0305,-19.08,1,30.0,joystick,+0.000,+0.000,+0.000,+1.000,1100,0,
1785505007.8630,2026-07-31T09:36:47.863,113.936,1147,,,,0,,,,0.0015,-19.82,-0.0238,-19.82,1,30.0,joystick,+0.000,+0.000,+0.000,+1.000,1100,0,
1785505007.9620,2026-07-31T09:36:47.962,114.035,1148,,,,0,,,,0.0063,-19.63,-0.0191,-19.63,1,30.0,joystick,+0.000,+0.000,+0.000,+1.000,1100,0,
1785505008.0610,2026-07-31T09:36:48.060,114.134,1149,,,,0,,,,-0.0030,-21.85,-0.0284,-21.85,1,30.0,joystick,+0.000,+0.000,+0.000,+0.000,1100,0,
1785505008.1613,2026-07-31T09:36:48.161,114.234,1150,,,,0,,,,-0.0023,-25.53,-0.0276,-25.53,1,30.0,joystick,+0.000,+0.000,+0.000,+0.000,1100,0,
1785505008.2605,2026-07-31T09:36:48.260,114.334,1151,,,,0,,,,0.0028,-26.78,-0.0226,-26.78,1,30.0,joystick,+0.000,+0.000,+0.000,+0.000,1100,0,
1785505008.3616,2026-07-31T09:36:48.361,114.435,1152,,,,0,,,,0.0027,-29.00,-0.0226,-29.00,1,30.0,joystick,+0.000,+0.000,+0.000,+0.000,1100,0,
1785505008.4610,2026-07-31T09:36:48.461,114.534,1153,,,,0,,,,-0.0022,-31.08,-0.0276,-31.08,1,30.0,joystick,+0.000,+0.000,+0.000,+0.000,1100,0,
1785505008.5607,2026-07-31T09:36:48.560,114.634,1154,,,,0,,,,-0.0029,-31.97,-0.0282,-31.97,1,30.0,joystick,+0.000,+0.000,+0.000,+0.000,1100,0,
1785505008.6602,2026-07-31T09:36:48.660,114.733,1155,,,,0,,,,-0.0016,-33.42,-0.0269,-33.42,1,30.0,joystick,+0.000,+0.000,+1.000,+0.000,1100,0,
1785505008.7595,2026-07-31T09:36:48.759,114.833,1156,,,,0,,,,0.0023,-34.03,-0.0230,-34.03,1,30.0,joystick,+0.000,+0.000,+1.000,+0.000,1100,0,
1785505008.8583,2026-07-31T09:36:48.858,114.931,1157,,,,0,,,,-0.0008,-35.22,-0.0261,-35.22,1,30.0,joystick,+0.000,+0.000,+1.000,+0.000,1100,0,
1785505008.9580,2026-07-31T09:36:48.958,115.031,1158,,,,0,,,,-0.0034,-36.24,-0.0288,-36.24,1,30.0,joystick,+0.000,+0.000,+1.000,+0.000,1100,0,
1785505009.0569,2026-07-31T09:36:49.056,115.130,1159,,,,0,,,,-0.0097,-36.70,-0.0351,-36.70,1,30.0,joystick,+0.000,+0.000,+1.000,+0.000,1100,0,
1785505009.1561,2026-07-31T09:36:49.156,115.229,1160,,,,0,,,,-0.0139,-37.46,-0.0392,-37.46,1,30.0,joystick,+0.000,+0.000,+1.000,+0.000,1100,0,
1785505009.2563,2026-07-31T09:36:49.256,115.329,1161,,,,0,,,,-0.0138,-37.80,-0.0392,-37.80,1,30.0,joystick,+0.000,+0.000,+1.000,+0.000,1100,0,
1785505009.3560,2026-07-31T09:36:49.356,115.429,1162,,,,0,,,,-0.0205,-38.47,-0.0458,-38.47,1,30.0,joystick,+0.000,+0.000,+1.000,+0.000,1100,0,
1785505009.4559,2026-07-31T09:36:49.455,115.529,1163,,,,0,,,,-0.0229,-38.97,-0.0483,-38.97,1,30.0,joystick,+0.000,+0.000,+1.000,+0.000,1100,0,
1785505009.5544,2026-07-31T09:36:49.554,115.627,1164,,,,0,,,,-0.0225,-39.14,-0.0478,-39.14,1,30.0,joystick,+0.000,+0.000,+1.000,+0.000,1100,0,
1785505009.6540,2026-07-31T09:36:49.654,115.727,1165,,,,0,,,,-0.0232,-39.38,-0.0486,-39.38,1,30.0,joystick,+0.000,+0.000,+1.000,+0.000,1100,0,
1785505009.7532,2026-07-31T09:36:49.753,115.826,1166,,,,0,,,,-0.0172,-39.48,-0.0426,-39.48,1,30.0,joystick,+0.000,+0.000,+1.000,+0.000,1100,0,
1785505009.8536,2026-07-31T09:36:49.853,115.927,1167,,,,0,,,,-0.0131,-39.65,-0.0385,-39.65,1,30.0,joystick,+0.000,+0.000,+0.761,+0.000,1100,0,
1785505009.9521,2026-07-31T09:36:49.952,116.025,1168,,,,0,,,,-0.0094,-39.79,-0.0348,-39.79,1,30.0,joystick,+0.000,+0.000,+0.000,+0.000,1100,0,
1785505010.0512,2026-07-31T09:36:50.051,116.124,1169,,,,0,,,,-0.0103,-39.85,-0.0357,-39.85,1,30.0,joystick,+0.000,+0.000,+0.000,+0.000,1100,0,
1785505010.1505,2026-07-31T09:36:50.150,116.224,1170,,,,0,,,,-0.0114,-39.83,-0.0368,-39.83,1,30.0,joystick,+0.000,+0.000,+0.000,+0.000,1100,0,
1785505010.2497,2026-07-31T09:36:50.249,116.323,1171,,,,0,,,,-0.0105,-39.76,-0.0358,-39.76,1,30.0,joystick,+0.000,+0.000,+0.000,+0.000,1100,0,
1785505010.3492,2026-07-31T09:36:50.349,116.422,1172,,,,0,,,,-0.0105,-39.51,-0.0359,-39.51,1,30.0,joystick,+0.000,+0.000,+1.000,+0.000,1100,0,
1785505010.4481,2026-07-31T09:36:50.448,116.521,1173,,,,0,,,,-0.0062,-39.11,-0.0316,-39.11,1,30.0,joystick,+0.000,+0.000,+1.000,+0.000,1100,0,
1785505010.5476,2026-07-31T09:36:50.547,116.621,1174,,,,0,,,,0.0007,-38.89,-0.0247,-38.89,1,30.0,joystick,+0.000,+0.000,+1.000,+0.000,1100,0,
1785505010.6465,2026-07-31T09:36:50.646,116.720,1175,,,,0,,,,-0.0080,-38.46,-0.0333,-38.46,1,30.0,joystick,+0.000,+0.000,+1.000,+0.000,1100,0,
1785505010.7472,2026-07-31T09:36:50.747,116.820,1176,,,,0,,,,-0.0107,-38.22,-0.0361,-38.22,1,30.0,joystick,+0.000,+0.000,+1.000,+0.000,1100,0,
1785505010.8465,2026-07-31T09:36:50.846,116.920,1177,,,,0,,,,-0.0074,-37.76,-0.0327,-37.76,1,30.0,joystick,+0.000,+0.000,+1.000,+0.000,1100,0,
1785505010.9472,2026-07-31T09:36:50.947,117.020,1178,,,,0,,,,-0.0138,-37.49,-0.0391,-37.49,1,30.0,joystick,+0.000,+0.000,+0.000,+0.000,1100,0,
1785505011.0459,2026-07-31T09:36:51.045,117.119,1179,,,,0,,,,-0.0189,-36.94,-0.0442,-36.94,1,30.0,joystick,+0.000,+0.000,+0.000,+0.000,1100,0,
1785505011.1461,2026-07-31T09:36:51.146,117.219,1180,,,,0,,,,-0.0192,-36.31,-0.0445,-36.31,1,30.0,joystick,+0.000,+0.000,-1.000,+0.000,1100,0,
1785505011.2459,2026-07-31T09:36:51.245,117.319,1181,,,,0,,,,-0.0174,-36.04,-0.0427,-36.04,1,30.0,joystick,+0.000,+0.000,-1.000,+0.000,1100,0,
1785505011.3457,2026-07-31T09:36:51.345,117.419,1182,,,,0,,,,-0.0075,-35.55,-0.0328,-35.55,1,30.0,joystick,+0.000,+0.000,-1.000,+0.000,1100,0,
1785505011.4447,2026-07-31T09:36:51.444,117.518,1183,,,,0,,,,-0.0038,-35.33,-0.0292,-35.33,1,30.0,joystick,+0.000,+0.000,-1.000,+0.000,1100,0,
1785505011.5451,2026-07-31T09:36:51.545,117.618,1184,,,,0,,,,0.0039,-34.96,-0.0214,-34.96,1,30.0,joystick,+0.000,+0.000,-1.000,+0.000,1100,0,
1785505011.6442,2026-07-31T09:36:51.644,117.717,1185,,,,0,,,,0.0243,-34.67,-0.0011,-34.67,1,30.0,joystick,+0.000,+0.000,-1.000,+0.000,1100,0,
1785505011.7440,2026-07-31T09:36:51.744,117.817,1186,,,,0,,,,0.0318,-34.53,0.0064,-34.53,1,30.0,joystick,+0.000,+0.000,-1.000,+0.000,1100,0,
1785505011.8431,2026-07-31T09:36:51.843,117.916,1187,,,,0,,,,0.0452,-34.20,0.0199,-34.20,1,30.0,joystick,+0.000,+0.000,-1.000,+0.000,1100,0,
1785505011.9425,2026-07-31T09:36:51.942,118.016,1188,,,,0,,,,0.0571,-34.06,0.0317,-34.06,1,30.0,joystick,+0.000,+0.000,-1.000,+0.000,1100,0,
1785505012.0419,2026-07-31T09:36:52.041,118.115,1189,,,,0,,,,0.0799,-33.78,0.0546,-33.78,1,30.0,joystick,+0.000,+0.000,-1.000,+0.000,1100,0,
1785505012.1406,2026-07-31T09:36:52.140,118.214,1190,,,,0,,,,0.0928,-33.61,0.0675,-33.61,1,30.0,joystick,+0.000,+0.000,-1.000,+0.000,1100,0,
1785505012.2402,2026-07-31T09:36:52.240,118.313,1191,,,,0,,,,0.1136,-33.23,0.0882,-33.23,1,30.0,joystick,+0.000,+0.000,-1.000,+0.000,1100,0,
1785505012.3393,2026-07-31T09:36:52.339,118.412,1192,,,,0,,,,0.1395,-32.80,0.1142,-32.80,1,30.0,joystick,+0.000,+0.000,-1.000,+0.000,1100,0,
1785505012.4381,2026-07-31T09:36:52.438,118.511,1193,,,,0,,,,0.1504,-32.57,0.1250,-32.57,1,30.0,joystick,+0.000,+0.000,-1.000,+0.000,1100,0,
1785505012.5385,2026-07-31T09:36:52.538,118.612,1194,,,,0,,,,0.1724,-32.09,0.1470,-32.09,1,30.0,joystick,+0.000,+0.000,-1.000,+0.000,1100,0,
1785505012.6373,2026-07-31T09:36:52.637,118.710,1195,,,,0,,,,0.1994,-31.58,0.1741,-31.58,1,30.0,joystick,+0.000,+0.000,-1.000,+0.000,1100,0,
1785505012.7366,2026-07-31T09:36:52.736,118.810,1196,,,,0,,,,0.2091,-31.32,0.1838,-31.32,1,30.0,joystick,+0.000,+0.000,-1.000,+0.000,1100,0,
1785505012.8359,2026-07-31T09:36:52.835,118.909,1197,,,,0,,,,0.2354,-30.77,0.2101,-30.77,1,30.0,joystick,+0.000,+0.000,-1.000,+0.000,1100,0,
1785505012.9352,2026-07-31T09:36:52.935,119.008,1198,,,,0,,,,0.2494,-30.50,0.2241,-30.50,1,30.0,joystick,+0.000,+0.000,-1.000,+0.000,1100,0,
1785505013.0346,2026-07-31T09:36:53.034,119.108,1199,,,,0,,,,0.2771,-29.96,0.2518,-29.96,1,30.0,joystick,+0.000,+0.000,-1.000,+0.000,1100,0,
1785505013.1340,2026-07-31T09:36:53.134,119.207,1200,,,,0,,,,0.3077,-29.43,0.2824,-29.43,1,30.0,joystick,+0.000,+0.000,-1.000,+0.000,1100,0,
1785505013.2334,2026-07-31T09:36:53.233,119.306,1201,,,,0,,,,0.3291,-29.17,0.3037,-29.17,1,30.0,joystick,+0.000,+0.000,-1.000,+0.000,1100,0,
1785505013.3321,2026-07-31T09:36:53.332,119.405,1202,,,,0,,,,0.3561,-28.59,0.3308,-28.59,1,30.0,joystick,+0.000,+0.000,-1.000,+0.000,1100,0,
1785505013.4319,2026-07-31T09:36:53.431,119.505,1203,,,,0,,,,0.3712,-28.31,0.3458,-28.31,1,30.0,joystick,+0.000,+0.000,-1.000,+0.000,1100,0,
1785505013.5308,2026-07-31T09:36:53.530,119.604,1204,,,,0,,,,0.3992,-27.77,0.3739,-27.77,1,30.0,joystick,+0.000,+0.000,-1.000,+0.000,1100,0,
1785505013.6301,2026-07-31T09:36:53.630,119.703,1205,,,,0,,,,0.4179,-27.48,0.3926,-27.48,1,30.0,joystick,+0.000,+0.000,-1.000,+0.000,1100,0,
1785505013.7290,2026-07-31T09:36:53.729,119.802,1206,,,,0,,,,0.4538,-26.95,0.4285,-26.95,1,30.0,joystick,+0.000,+0.000,-1.000,+0.000,1100,0,
1785505013.8279,2026-07-31T09:36:53.827,119.901,1207,,,,0,,,,0.4896,-26.44,0.4642,-26.44,1,30.0,joystick,+0.000,+0.000,-1.000,+0.000,1100,0,
1785505013.9277,2026-07-31T09:36:53.927,120.001,1208,,,,0,,,,0.5131,-26.19,0.4877,-26.19,1,30.0,joystick,+0.000,+0.000,-1.000,+0.000,1100,0,
1785505014.0261,2026-07-31T09:36:54.026,120.099,1209,,,,0,,,,0.5519,-25.74,0.5266,-25.74,1,30.0,joystick,+0.000,+0.000,-1.000,+0.000,1100,0,
1785505014.1260,2026-07-31T09:36:54.126,120.199,1210,,,,0,,,,0.5707,-25.52,0.5453,-25.52,1,30.0,joystick,+0.000,+0.000,-1.000,+0.000,1100,0,
1785505014.2239,2026-07-31T09:36:54.223,120.297,1211,,,,0,,,,0.6084,-25.13,0.5831,-25.13,1,30.0,joystick,+0.000,+0.000,-1.000,+0.000,1100,0,
1785505014.3226,2026-07-31T09:36:54.322,120.396,1212,,,,0,,,,0.6493,-24.80,0.6240,-24.80,1,30.0,joystick,+0.000,+0.000,-1.000,+0.000,1100,0,
1785505014.4224,2026-07-31T09:36:54.422,120.495,1213,,,,0,,,,0.6655,-24.60,0.6401,-24.60,1,30.0,joystick,+0.000,+0.000,-1.000,+0.000,1100,0,
1785505014.5210,2026-07-31T09:36:54.521,120.594,1214,,,,0,,,,0.7092,-24.02,0.6839,-24.02,1,30.0,joystick,+0.000,+0.000,-1.000,+0.000,1100,0,
1785505014.6207,2026-07-31T09:36:54.620,120.694,1215,,,,0,,,,0.7263,-23.61,0.7010,-23.61,1,30.0,joystick,+0.000,+0.000,-1.000,+0.000,1100,0,
1785505014.7207,2026-07-31T09:36:54.720,120.794,1216,,,,0,,,,0.7622,-22.71,0.7369,-22.71,1,30.0,joystick,+0.000,+0.000,-1.000,+0.000,1100,0,
1785505014.8208,2026-07-31T09:36:54.820,120.894,1217,,,,0,,,,0.7905,-21.76,0.7652,-21.76,1,30.0,joystick,+0.000,+0.000,-1.000,+0.000,1100,0,
1785505014.9192,2026-07-31T09:36:54.919,120.992,1218,,,,0,,,,0.8063,-21.26,0.7809,-21.26,1,30.0,joystick,+0.000,+0.000,-1.000,+0.000,1100,0,
1785505015.0187,2026-07-31T09:36:55.018,121.092,1219,,,,0,,,,0.8385,-20.29,0.8132,-20.29,1,30.0,joystick,+0.000,+0.000,-1.000,+0.000,1100,0,
1785505015.1175,2026-07-31T09:36:55.117,121.191,1220,,,,0,,,,0.8537,-19.82,0.8284,-19.82,1,30.0,joystick,+0.000,+0.000,-1.000,+0.000,1100,0,
1785505015.2174,2026-07-31T09:36:55.217,121.290,1221,,,,0,,,,0.8828,-18.89,0.8574,-18.89,1,30.0,joystick,+0.000,+0.000,-1.000,+0.000,1100,0,
1785505015.3165,2026-07-31T09:36:55.316,121.389,1222,,,,0,,,,0.9123,-18.03,0.8869,-18.03,1,30.0,joystick,+0.000,+0.000,-1.000,+0.000,1100,0,
1785505015.4151,2026-07-31T09:36:55.415,121.488,1223,,,,0,,,,0.9290,-17.63,0.9037,-17.63,1,30.0,joystick,+0.000,+0.000,-1.000,+0.000,1100,0,
1785505015.5156,2026-07-31T09:36:55.515,121.589,1224,,,,0,,,,0.9499,-16.92,0.9245,-16.92,1,30.0,joystick,+0.000,+0.000,-1.000,+0.000,1100,0,
1785505015.6149,2026-07-31T09:36:55.614,121.688,1225,,,,0,,,,0.9716,-16.63,0.9462,-16.63,1,30.0,joystick,+0.000,+0.000,+0.000,+0.000,1100,0,
1785505015.7136,2026-07-31T09:36:55.713,121.787,1226,,,,0,,,,0.9912,-16.14,0.9658,-16.14,1,30.0,joystick,+0.000,+0.000,+0.000,+0.000,1100,0,
1785505015.8124,2026-07-31T09:36:55.812,121.885,1227,,,,0,,,,0.9973,-15.95,0.9719,-15.95,1,30.0,joystick,+0.000,+0.000,+0.000,+0.000,1100,0,
1785505015.9116,2026-07-31T09:36:55.911,121.985,1228,,,,0,,,,1.0090,-15.64,0.9837,-15.64,1,30.0,joystick,+0.000,+0.000,+0.000,+0.000,1100,0,
1785505016.0108,2026-07-31T09:36:56.010,122.084,1229,,,,0,,,,1.0198,-15.55,0.9945,-15.55,1,30.0,joystick,+1.000,+0.000,+0.000,+0.000,1100,0,
1785505016.1100,2026-07-31T09:36:56.109,122.183,1230,,,,0,,,,1.0276,-15.44,1.0022,-15.44,1,30.0,joystick,+1.000,+0.000,+0.000,+0.000,1100,0,
1785505016.2095,2026-07-31T09:36:56.209,122.283,1231,,,,0,,,,1.0329,-15.49,1.0075,-15.49,1,30.0,joystick,+1.000,+0.000,+0.000,+0.000,1100,0,
1785505016.3090,2026-07-31T09:36:56.308,122.382,1232,,,,0,,,,1.0339,-15.54,1.0085,-15.54,1,30.0,joystick,+1.000,+0.000,+0.000,+0.000,1100,0,
1785505016.4083,2026-07-31T09:36:56.408,122.481,1233,,,,0,,,,1.0470,-15.67,1.0217,-15.67,1,30.0,joystick,+1.000,+0.000,+0.000,+0.000,1100,0,
1785505016.5080,2026-07-31T09:36:56.508,122.581,1234,,,,0,,,,1.0405,-15.73,1.0151,-15.73,1,30.0,joystick,+1.000,+0.000,+0.000,+0.000,1100,0,
1785505016.6066,2026-07-31T09:36:56.606,122.680,1235,,,,0,,,,1.0350,-15.85,1.0096,-15.85,1,30.0,joystick,+1.000,+0.000,+0.000,+0.000,1100,0,
1785505016.7062,2026-07-31T09:36:56.706,122.779,1236,,,,0,,,,1.0579,-15.68,1.0326,-15.68,1,30.0,joystick,+1.000,+0.000,+0.000,+0.000,1100,0,
1785505016.8056,2026-07-31T09:36:56.805,122.879,1237,,,,0,,,,1.0730,-15.56,1.0477,-15.56,1,30.0,joystick,+1.000,+0.000,+0.000,+0.000,1100,0,
1785505016.9051,2026-07-31T09:36:56.905,122.978,1238,,,,0,,,,1.0846,-15.41,1.0593,-15.41,1,30.0,joystick,+1.000,+0.000,+0.000,+0.000,1100,0,
1785505017.0058,2026-07-31T09:36:57.005,123.079,1239,,,,0,,,,1.0962,-15.36,1.0709,-15.36,1,30.0,joystick,+1.000,+0.000,+0.000,+0.000,1100,0,
1785505017.1050,2026-07-31T09:36:57.105,123.178,1240,,,,0,,,,1.1154,-15.39,1.0901,-15.39,1,30.0,joystick,+1.000,+0.000,+0.000,+0.000,1100,0,
1785505017.2046,2026-07-31T09:36:57.204,123.278,1241,,,,0,,,,1.1283,-15.45,1.1030,-15.45,1,30.0,joystick,+1.000,+0.000,+0.000,+0.000,1100,0,
1785505017.3040,2026-07-31T09:36:57.303,123.377,1242,,,,0,,,,1.1426,-15.47,1.1173,-15.47,1,30.0,joystick,+1.000,+0.000,+0.000,+0.000,1100,0,
1785505017.4032,2026-07-31T09:36:57.403,123.476,1243,,,,0,,,,1.1534,-15.65,1.1281,-15.65,1,30.0,joystick,+1.000,+0.000,+0.000,+0.000,1100,0,
1785505017.5032,2026-07-31T09:36:57.503,123.576,1244,,,,0,,,,1.1621,-15.90,1.1368,-15.90,1,30.0,joystick,+1.000,+0.000,+0.000,+0.000,1100,0,
1785505017.6023,2026-07-31T09:36:57.602,123.675,1245,,,,0,,,,1.1800,-16.08,1.1546,-16.08,1,30.0,joystick,+1.000,+0.000,+0.000,+0.000,1100,0,
1785505017.7009,2026-07-31T09:36:57.700,123.774,1246,,,,0,,,,1.2040,-16.58,1.1786,-16.58,1,30.0,joystick,+1.000,+0.000,+0.000,+0.000,1100,0,
1785505017.8014,2026-07-31T09:36:57.801,123.874,1247,,,,0,,,,1.2076,-16.89,1.1823,-16.89,1,30.0,joystick,+1.000,+0.000,+0.000,+0.000,1100,0,
1785505017.9009,2026-07-31T09:36:57.900,123.974,1248,,,,0,,,,1.2385,-17.56,1.2132,-17.56,1,30.0,joystick,+1.000,+0.000,+0.000,+0.000,1100,0,
1785505018.0001,2026-07-31T09:36:58.000,124.073,1249,,,,0,,,,1.2406,-18.07,1.2152,-18.07,1,30.0,joystick,+1.000,+0.000,+0.000,+0.000,1100,0,
1785505018.0987,2026-07-31T09:36:58.098,124.172,1250,,,,0,,,,1.2662,-18.24,1.2408,-18.24,1,30.0,joystick,+1.000,+0.000,+0.000,+0.000,1100,0,
1785505018.1982,2026-07-31T09:36:58.198,124.271,1251,,,,0,,,,1.2771,-18.48,1.2518,-18.48,1,30.0,joystick,+1.000,+0.000,+0.000,+0.000,1100,0,
1785505018.2975,2026-07-31T09:36:58.297,124.371,1252,,,,0,,,,1.2910,-18.53,1.2657,-18.53,1,30.0,joystick,+1.000,+0.000,+0.000,+0.000,1100,0,
1785505018.3968,2026-07-31T09:36:58.396,124.470,1253,,,,0,,,,1.3138,-18.55,1.2885,-18.55,1,30.0,joystick,+1.000,+0.000,+0.000,+0.000,1100,0,
1785505018.4964,2026-07-31T09:36:58.496,124.569,1254,,,,0,,,,1.3098,-18.40,1.2844,-18.40,1,30.0,joystick,+1.000,+0.000,+0.000,+0.000,1100,0,
1785505018.5951,2026-07-31T09:36:58.595,124.668,1255,,,,0,,,,1.3255,-17.90,1.3002,-17.90,1,30.0,joystick,+1.000,+0.000,+0.000,+0.000,1100,0,
1785505018.6946,2026-07-31T09:36:58.694,124.768,1256,,,,0,,,,1.3316,-17.41,1.3062,-17.41,1,30.0,joystick,+1.000,+0.000,+0.000,+0.000,1100,0,
1785505018.7937,2026-07-31T09:36:58.793,124.867,1257,,,,0,,,,1.3308,-17.15,1.3054,-17.15,1,30.0,joystick,+1.000,+0.000,+0.000,+0.000,1100,0,
1785505018.8939,2026-07-31T09:36:58.893,124.967,1258,,,,0,,,,1.3520,-16.74,1.3266,-16.74,1,30.0,joystick,+0.000,+0.000,+0.000,+0.000,1100,0,
1785505018.9929,2026-07-31T09:36:58.992,125.066,1259,,,,0,,,,1.3565,-16.58,1.3311,-16.58,1,30.0,joystick,+0.000,+0.000,+0.000,+0.000,1100,0,
1785505019.0915,2026-07-31T09:36:59.091,125.165,1260,,,,0,,,,1.3586,-16.33,1.3333,-16.33,1,30.0,joystick,+0.000,+0.000,+0.000,+0.000,1100,0,
1785505019.1915,2026-07-31T09:36:59.191,125.265,1261,,,,0,,,,1.3652,-16.24,1.3399,-16.24,1,30.0,joystick,+0.000,+0.000,+0.000,+0.000,1100,0,
1785505019.2898,2026-07-31T09:36:59.289,125.363,1262,,,,0,,,,1.3701,-16.21,1.3448,-16.21,1,30.0,joystick,+0.000,+0.000,+0.000,+0.000,1100,0,
1785505019.3890,2026-07-31T09:36:59.388,125.462,1263,,,,0,,,,1.3713,-16.28,1.3459,-16.28,1,30.0,joystick,+0.000,+0.000,+0.000,+0.000,1100,0,
1785505019.4891,2026-07-31T09:36:59.489,125.562,1264,,,,0,,,,1.3708,-16.37,1.3454,-16.37,1,30.0,joystick,+0.000,+0.000,+0.000,+0.000,1100,0,
1785505019.5898,2026-07-31T09:36:59.589,125.663,1265,,,,0,,,,1.3729,-16.55,1.3475,-16.55,1,30.0,joystick,+0.000,+0.000,+0.000,+0.000,1100,0,
1785505019.6883,2026-07-31T09:36:59.688,125.761,1266,,,,0,,,,1.3782,-16.74,1.3528,-16.74,1,30.0,joystick,+0.000,+0.000,+0.000,+0.000,1100,0,
1785505019.7884,2026-07-31T09:36:59.788,125.861,1267,,,,0,,,,1.3761,-16.84,1.3507,-16.84,1,30.0,joystick,+0.000,+0.000,+0.000,+0.000,1100,0,
1785505019.8884,2026-07-31T09:36:59.888,125.961,1268,,,,0,,,,1.3761,-17.02,1.3508,-17.02,1,30.0,joystick,+0.000,+0.000,+0.000,+0.000,1100,0,
1785505019.9883,2026-07-31T09:36:59.988,126.061,1269,,,,0,,,,1.3804,-17.11,1.3551,-17.11,1,30.0,joystick,+0.000,+0.000,+0.000,+0.000,1100,0,
1785505020.0871,2026-07-31T09:37:00.087,126.160,1270,,,,0,,,,1.3778,-17.29,1.3525,-17.29,1,30.0,joystick,+0.000,+0.000,+0.000,+0.000,1100,0,
1785505020.1864,2026-07-31T09:37:00.186,126.259,1271,,,,0,,,,1.3785,-17.36,1.3531,-17.36,1,30.0,joystick,+0.000,+0.000,+0.000,+0.000,1100,0,
1785505020.2857,2026-07-31T09:37:00.285,126.359,1272,,,,0,,,,1.3747,-17.48,1.3494,-17.48,1,30.0,joystick,+0.000,+0.000,+0.000,+0.000,1100,0,
1785505020.3848,2026-07-31T09:37:00.384,126.458,1273,,,,0,,,,1.3734,-17.55,1.3481,-17.55,1,30.0,joystick,+0.000,+0.000,+0.000,+0.000,1100,0,
1785505020.4849,2026-07-31T09:37:00.484,126.558,1274,,,,0,,,,1.3704,-17.58,1.3450,-17.58,1,30.0,joystick,+0.000,+0.000,+0.000,+0.000,1100,0,
1785505020.5835,2026-07-31T09:37:00.583,126.657,1275,,,,0,,,,1.3653,-17.66,1.3399,-17.66,1,30.0,joystick,+0.000,+0.000,+0.000,+0.000,1100,0,
1785505020.6831,2026-07-31T09:37:00.683,126.756,1276,,,,0,,,,1.3657,-17.70,1.3404,-17.70,1,30.0,joystick,+0.000,+0.000,+0.000,+0.000,1100,0,
1785505020.7825,2026-07-31T09:37:00.782,126.855,1277,,,,0,,,,1.3591,-17.78,1.3338,-17.78,1,30.0,joystick,+0.000,+0.000,+0.000,+0.000,1100,0,
1785505020.8822,2026-07-31T09:37:00.882,126.955,1278,,,,0,,,,1.3598,-17.85,1.3344,-17.85,1,30.0,joystick,+0.000,+0.000,+0.000,+0.000,1100,0,
1785505020.9815,2026-07-31T09:37:00.981,127.055,1279,,,,0,,,,1.3531,-17.89,1.3278,-17.89,1,30.0,joystick,+0.000,+0.000,+0.000,+0.000,1100,0,
1785505021.0804,2026-07-31T09:37:01.080,127.153,1280,,,,0,,,,1.3453,-18.02,1.3199,-18.02,1,30.0,joystick,+0.000,+0.000,+0.000,+0.000,1100,0,
1785505021.1790,2026-07-31T09:37:01.179,127.252,1281,,,,0,,,,1.3447,-18.09,1.3193,-18.09,1,30.0,joystick,+0.000,+0.000,+0.000,+0.000,1100,0,
1785505021.2789,2026-07-31T09:37:01.278,127.352,1282,,,,0,,,,1.3369,-18.24,1.3115,-18.24,1,30.0,joystick,+0.000,+0.000,+0.000,+0.000,1100,0,
1785505021.3787,2026-07-31T09:37:01.378,127.452,1283,,,,0,,,,1.3350,-18.42,1.3097,-18.42,1,30.0,joystick,+0.000,+0.000,+0.000,+0.000,1100,0,
1785505021.4776,2026-07-31T09:37:01.477,127.551,1284,,,,0,,,,1.3317,-18.53,1.3064,-18.53,1,30.0,joystick,+0.000,+0.000,+0.000,+0.000,1100,0,
1785505021.5770,2026-07-31T09:37:01.576,127.650,1285,,,,0,,,,1.3223,-18.76,1.2970,-18.76,1,30.0,joystick,+0.000,+0.000,+0.000,+0.000,1100,0,
1785505021.6763,2026-07-31T09:37:01.676,127.749,1286,,,,0,,,,1.3208,-18.88,1.2954,-18.88,1,30.0,joystick,+0.000,+0.000,+0.000,+0.000,1100,0,
1785505021.7750,2026-07-31T09:37:01.775,127.848,1287,,,,0,,,,1.3140,-19.15,1.2886,-19.15,1,30.0,joystick,+0.000,+0.000,+0.000,+0.000,1100,0,
1785505021.8742,2026-07-31T09:37:01.874,127.947,1288,,,,0,,,,1.3077,-19.43,1.2823,-19.43,1,30.0,joystick,+0.000,+0.000,+0.000,+0.000,1100,0,
1785505021.9732,2026-07-31T09:37:01.973,128.046,1289,,,,0,,,,1.3078,-19.58,1.2824,-19.58,1,30.0,joystick,+0.000,+0.000,+0.000,+0.000,1100,0,
1785505022.0720,2026-07-31T09:37:02.072,128.145,1290,,,,0,,,,1.3018,-19.89,1.2765,-19.89,1,30.0,joystick,+0.000,+0.000,+0.000,+0.000,1100,0,
1785505022.1714,2026-07-31T09:37:02.171,128.244,1291,,,,0,,,,1.3004,-20.04,1.2750,-20.04,1,30.0,joystick,+0.000,+0.000,+0.000,+0.000,1100,0,
1785505022.2717,2026-07-31T09:37:02.271,128.345,1292,,,,0,,,,1.2965,-20.35,1.2711,-20.35,1,30.0,joystick,+0.000,+0.000,+0.000,+0.000,1100,0,
1785505022.3709,2026-07-31T09:37:02.370,128.444,1293,,,,0,,,,1.2898,-20.51,1.2645,-20.51,1,30.0,joystick,+0.000,+0.000,+0.000,+0.000,1100,0,
1785505022.4696,2026-07-31T09:37:02.469,128.543,1294,,,,0,,,,1.2830,-20.83,1.2576,-20.83,1,30.0,joystick,+0.000,+0.000,+0.000,+0.000,1100,0,
1785505022.5691,2026-07-31T09:37:02.569,128.642,1295,,,,0,,,,1.2791,-21.11,1.2537,-21.11,1,30.0,joystick,+0.000,+0.000,+0.000,+0.000,1100,0,
1785505022.6683,2026-07-31T09:37:02.668,128.741,1296,,,,0,,,,1.2776,-21.26,1.2523,-21.26,1,30.0,joystick,+0.000,+0.000,+0.000,+0.000,1100,0,
1785505022.7674,2026-07-31T09:37:02.767,128.840,1297,,,,0,,,,1.2657,-21.55,1.2403,-21.55,1,30.0,joystick,+0.000,+0.000,+0.000,+0.000,1100,0,
1785505022.8685,2026-07-31T09:37:02.868,128.942,1298,,,,0,,,,1.2675,-21.69,1.2421,-21.69,1,30.0,joystick,+0.000,+0.000,+0.000,+0.000,1100,0,
1785505022.9671,2026-07-31T09:37:02.967,129.040,1299,,,,0,,,,1.2580,-21.99,1.2327,-21.99,1,30.0,joystick,+0.000,+0.000,+0.000,+0.000,1100,0,
1785505023.0668,2026-07-31T09:37:03.066,129.140,1300,,,,0,,,,1.2543,-22.27,1.2290,-22.27,1,30.0,joystick,+0.000,+0.000,+0.000,+0.000,1100,0,
1785505023.1661,2026-07-31T09:37:03.166,129.239,1301,,,,0,,,,1.2490,-22.41,1.2237,-22.41,1,30.0,joystick,+0.000,+0.000,+0.000,+0.000,1100,0,
1785505023.2647,2026-07-31T09:37:03.264,129.338,1302,,,,0,,,,1.2429,-22.67,1.2176,-22.67,1,30.0,joystick,+0.000,+0.000,+0.000,+0.000,1100,0,
1785505023.3636,2026-07-31T09:37:03.363,129.437,1303,,,,0,,,,1.2341,-22.79,1.2087,-22.79,1,30.0,joystick,+0.000,+0.000,+0.000,+0.000,1100,0,
1785505023.4642,2026-07-31T09:37:03.464,129.537,1304,,,,0,,,,1.2317,-23.05,1.2064,-23.05,1,30.0,joystick,+0.000,+0.000,+0.000,+0.000,1100,0,
1785505023.5628,2026-07-31T09:37:03.562,129.636,1305,,,,0,,,,1.2276,-23.18,1.2023,-23.18,1,30.0,joystick,+0.000,+0.000,+0.000,+0.000,1100,0,
1785505023.6631,2026-07-31T09:37:03.663,129.736,1306,,,,0,,,,1.2219,-23.42,1.1966,-23.42,1,30.0,joystick,+0.000,+0.000,+0.000,+0.000,1100,0,
1785505023.7620,2026-07-31T09:37:03.762,129.835,1307,,,,0,,,,1.2141,-23.65,1.1888,-23.65,1,30.0,joystick,+0.000,+0.000,+0.000,+0.000,1100,0,
1785505023.8611,2026-07-31T09:37:03.861,129.934,1308,,,,0,,,,1.2098,-23.76,1.1845,-23.76,1,30.0,joystick,+0.000,+0.000,+0.000,+0.000,1100,0,
1785505023.9601,2026-07-31T09:37:03.960,130.033,1309,,,,0,,,,1.2030,-23.98,1.1777,-23.98,1,30.0,joystick,+0.000,+0.000,+0.000,+0.000,1100,0,
1785505024.0608,2026-07-31T09:37:04.060,130.134,1310,,,,0,,,,1.2007,-24.09,1.1754,-24.09,1,30.0,joystick,+0.000,+0.000,+0.000,+0.000,1100,0,
1785505024.1602,2026-07-31T09:37:04.160,130.233,1311,,,,0,,,,1.1910,-24.30,1.1657,-24.30,1,30.0,joystick,+0.000,+0.000,+1.000,+0.000,1100,0,
1785505024.2596,2026-07-31T09:37:04.259,130.333,1312,,,,0,,,,1.1889,-24.51,1.1636,-24.51,1,30.0,joystick,+0.000,+0.000,+1.000,+0.000,1100,0,
1785505024.3604,2026-07-31T09:37:04.360,130.433,1313,,,,0,,,,1.1813,-24.65,1.1560,-24.65,1,30.0,joystick,+0.000,+0.000,+1.000,+0.000,1100,0,
1785505024.4604,2026-07-31T09:37:04.460,130.533,1314,,,,0,,,,1.1689,-24.85,1.1435,-24.85,1,30.0,joystick,+0.000,+0.000,+1.000,+0.000,1100,0,
1785505024.5592,2026-07-31T09:37:04.559,130.632,1315,,,,0,,,,1.1666,-24.93,1.1412,-24.93,1,30.0,joystick,+0.000,+0.000,+1.000,+0.000,1100,0,
1785505024.6592,2026-07-31T09:37:04.659,130.732,1316,,,,0,,,,1.1381,-25.02,1.1128,-25.02,1,30.0,joystick,+0.000,+0.000,+1.000,+0.000,1100,0,
1785505024.7585,2026-07-31T09:37:04.758,130.832,1317,,,,0,,,,1.1169,-24.99,1.0916,-24.99,1,30.0,joystick,+0.000,+0.000,+1.000,+0.000,1100,0,
1785505024.8573,2026-07-31T09:37:04.857,130.930,1318,,,,0,,,,1.1022,-24.93,1.0769,-24.93,1,30.0,joystick,+0.000,+0.000,+1.000,+0.000,1100,0,
1785505024.9570,2026-07-31T09:37:04.957,131.030,1319,,,,0,,,,1.0808,-24.75,1.0554,-24.75,1,30.0,joystick,+0.000,+0.000,+0.000,+0.000,1100,0,
1785505025.0562,2026-07-31T09:37:05.056,131.129,1320,,,,0,,,,1.0678,-24.66,1.0425,-24.66,1,30.0,joystick,+0.000,+0.000,+0.000,+0.000,1100,0,
1785505025.1554,2026-07-31T09:37:05.155,131.228,1321,,,,0,,,,1.0424,-24.44,1.0170,-24.44,1,30.0,joystick,+0.000,+0.000,+0.000,+0.000,1100,0,
1785505025.2562,2026-07-31T09:37:05.256,131.329,1322,,,,0,,,,1.0308,-24.25,1.0055,-24.25,1,30.0,joystick,+0.000,+0.000,+0.000,+0.000,1100,0,
1785505025.3550,2026-07-31T09:37:05.355,131.428,1323,,,,0,,,,1.0211,-24.16,0.9957,-24.16,1,30.0,joystick,+0.000,+0.000,+0.000,+0.000,1100,0,
1785505025.4552,2026-07-31T09:37:05.455,131.528,1324,,,,0,,,,1.0000,-23.97,0.9746,-23.97,1,30.0,joystick,+0.000,+0.000,+0.000,+0.000,1100,0,
1785505025.5546,2026-07-31T09:37:05.554,131.628,1325,,,,0,,,,0.9910,-23.88,0.9656,-23.88,1,30.0,joystick,+0.000,+0.000,+0.337,+0.000,1100,0,
1785505025.6554,2026-07-31T09:37:05.655,131.728,1326,,,,0,,,,0.9780,-23.73,0.9527,-23.73,1,30.0,joystick,+0.000,+0.000,+1.000,+0.000,1100,0,
1785505025.7543,2026-07-31T09:37:05.754,131.827,1327,,,,0,,,,0.9647,-23.55,0.9393,-23.55,1,30.0,joystick,+0.000,+0.000,+1.000,+0.000,1100,0,
1785505025.8537,2026-07-31T09:37:05.853,131.927,1328,,,,0,,,,0.9589,-23.48,0.9335,-23.48,1,30.0,joystick,+0.000,+0.000,+1.000,+0.000,1100,0,
1785505025.9522,2026-07-31T09:37:05.952,132.025,1329,,,,0,,,,0.9357,-23.35,0.9103,-23.35,1,30.0,joystick,+0.000,+0.000,+1.000,+0.000,1100,0,
1785505026.0528,2026-07-31T09:37:06.052,132.126,1330,,,,0,,,,0.9278,-23.30,0.9024,-23.30,1,30.0,joystick,+0.000,+0.000,+1.000,+0.000,1100,0,
1785505026.1521,2026-07-31T09:37:06.152,132.225,1331,,,,0,,,,0.9008,-23.11,0.8754,-23.11,1,30.0,joystick,+0.000,+0.000,+1.000,+0.000,1100,0,
1785505026.2508,2026-07-31T09:37:06.250,132.324,1332,,,,0,,,,0.8634,-22.87,0.8380,-22.87,1,30.0,joystick,+0.000,+0.000,+1.000,+0.000,1100,0,
1785505026.3503,2026-07-31T09:37:06.350,132.423,1333,,,,0,,,,0.8515,-22.71,0.8262,-22.71,1,30.0,joystick,+0.000,+0.000,+1.000,+0.000,1100,0,
1785505026.4486,2026-07-31T09:37:06.448,132.522,1334,,,,0,,,,0.8196,-22.45,0.7943,-22.45,1,30.0,joystick,+0.000,+0.000,+1.000,+0.000,1100,0,
1785505026.5490,2026-07-31T09:37:06.549,132.622,1335,,,,0,,,,0.8094,-22.31,0.7841,-22.31,1,30.0,joystick,+0.000,+0.000,+1.000,+0.000,1100,0,
1785505026.6481,2026-07-31T09:37:06.648,132.721,1336,,,,0,,,,0.7669,-22.06,0.7416,-22.06,1,30.0,joystick,+0.000,+0.000,+1.000,+0.000,1100,0,
1785505026.7470,2026-07-31T09:37:06.746,132.820,1337,,,,0,,,,0.7341,-21.79,0.7087,-21.79,1,30.0,joystick,+0.000,+0.000,+0.000,+0.000,1100,0,
1785505026.8463,2026-07-31T09:37:06.846,132.919,1338,,,,0,,,,0.7269,-21.68,0.7015,-21.68,1,30.0,joystick,+0.000,+0.000,+0.000,+0.000,1100,0,
1785505026.9455,2026-07-31T09:37:06.945,133.018,1339,,,,0,,,,0.7014,-21.48,0.6760,-21.48,1,30.0,joystick,+0.000,+0.000,+0.000,+0.000,1100,0,
1785505027.0441,2026-07-31T09:37:07.044,133.117,1340,,,,0,,,,0.6866,-21.41,0.6612,-21.41,1,30.0,joystick,+0.000,+0.000,+0.000,+0.000,1100,0,
1785505027.1433,2026-07-31T09:37:07.143,133.216,1341,,,,0,,,,0.6695,-21.28,0.6442,-21.28,1,30.0,joystick,+0.000,+0.000,+0.000,+0.000,1100,0,
1785505027.2422,2026-07-31T09:37:07.242,133.315,1342,,,,0,,,,0.6472,-21.18,0.6219,-21.18,1,30.0,joystick,+0.000,+0.000,+0.000,+0.000,1100,0,
1785505027.3432,2026-07-31T09:37:07.343,133.416,1343,,,,0,,,,0.6368,-21.14,0.6114,-21.14,1,30.0,joystick,+0.000,+0.000,+0.000,+0.000,1100,0,
1785505027.4416,2026-07-31T09:37:07.441,133.515,1344,,,,0,,,,0.6186,-21.07,0.5932,-21.07,1,30.0,joystick,+0.000,+0.000,+0.000,+0.000,1100,0,
1785505027.5409,2026-07-31T09:37:07.540,133.614,1345,,,,0,,,,0.6074,-21.03,0.5821,-21.03,1,30.0,joystick,+0.000,+0.000,+0.000,+0.000,1100,0,
1785505027.6399,2026-07-31T09:37:07.639,133.713,1346,,,,0,,,,0.5910,-20.97,0.5656,-20.97,1,30.0,joystick,+0.000,+0.000,+0.000,+0.000,1100,0,
1785505027.7394,2026-07-31T09:37:07.739,133.812,1347,,,,0,,,,0.5878,-20.95,0.5625,-20.95,1,30.0,joystick,+0.000,+0.000,+1.000,+0.000,1100,0,
1785505027.8398,2026-07-31T09:37:07.839,133.913,1348,,,,0,,,,0.5668,-20.91,0.5414,-20.91,1,30.0,joystick,+0.000,+0.000,+1.000,+0.000,1100,0,
1785505027.9398,2026-07-31T09:37:07.939,134.013,1349,,,,0,,,,0.5609,-20.86,0.5355,-20.86,1,30.0,joystick,+0.000,+0.000,+1.000,+0.000,1100,0,
1785505028.0396,2026-07-31T09:37:08.039,134.113,1350,,,,0,,,,0.5445,-20.84,0.5191,-20.84,1,30.0,joystick,+0.000,+0.000,+1.000,+0.000,1100,0,
1785505028.1386,2026-07-31T09:37:08.138,134.212,1351,,,,0,,,,0.5193,-20.80,0.4940,-20.80,1,30.0,joystick,+0.000,+0.000,+1.000,+0.000,1100,0,
1785505028.2389,2026-07-31T09:37:08.238,134.312,1352,,,,0,,,,0.5006,-20.77,0.4753,-20.77,1,30.0,joystick,+0.000,+0.000,+1.000,+0.000,1100,0,
1785505028.3381,2026-07-31T09:37:08.338,134.411,1353,,,,0,,,,0.4758,-20.66,0.4505,-20.66,1,30.0,joystick,+0.000,+0.000,+1.000,+0.000,1100,0,
1785505028.4368,2026-07-31T09:37:08.436,134.510,1354,,,,0,,,,0.4437,-20.50,0.4184,-20.50,1,30.0,joystick,+0.000,+0.000,+1.000,+0.000,1100,0,
1785505028.5358,2026-07-31T09:37:08.535,134.609,1355,,,,0,,,,0.4289,-20.44,0.4036,-20.44,1,30.0,joystick,+0.000,+0.000,+1.000,+0.000,1100,0,
1785505028.6354,2026-07-31T09:37:08.635,134.708,1356,,,,0,,,,0.3961,-20.37,0.3708,-20.37,1,30.0,joystick,+0.000,+0.000,+1.000,+0.000,1100,0,
1785505028.7346,2026-07-31T09:37:08.734,134.808,1357,,,,0,,,,0.3818,-20.35,0.3564,-20.35,1,30.0,joystick,+0.000,+0.000,+1.000,+0.000,1100,0,
1785505028.8339,2026-07-31T09:37:08.833,134.907,1358,,,,0,,,,0.3506,-20.30,0.3252,-20.30,1,30.0,joystick,+0.000,+0.000,+0.000,+0.000,1100,0,
1785505028.9348,2026-07-31T09:37:08.934,135.008,1359,,,,0,,,,0.3193,-20.24,0.2939,-20.24,1,30.0,joystick,+0.000,+0.000,+0.000,+0.000,1100,0,
1785505029.0357,2026-07-31T09:37:09.035,135.109,1360,,,,0,,,,0.3065,-20.22,0.2811,-20.22,1,30.0,joystick,+0.000,+0.000,+0.000,+0.000,1100,0,
1785505029.1342,2026-07-31T09:37:09.134,135.207,1361,,,,0,,,,0.2868,-20.20,0.2614,-20.20,1,30.0,joystick,+0.000,+0.000,+0.000,+0.000,1100,0,
1785505029.2346,2026-07-31T09:37:09.234,135.308,1362,,,,0,,,,0.2757,-20.18,0.2503,-20.18,1,30.0,joystick,+0.000,+0.000,+0.000,+0.000,1100,0,
1785505029.3335,2026-07-31T09:37:09.333,135.407,1363,,,,0,,,,0.2582,-20.13,0.2328,-20.13,1,30.0,joystick,+0.000,+0.000,+0.000,+0.000,1100,0,
1785505029.4327,2026-07-31T09:37:09.432,135.506,1364,,,,0,,,,0.2370,-20.08,0.2116,-20.08,1,30.0,joystick,+0.000,+0.000,+0.000,+0.000,1100,0,
1785505029.5324,2026-07-31T09:37:09.532,135.605,1365,,,,0,,,,0.2300,-20.03,0.2047,-20.03,1,30.0,joystick,+0.000,+0.000,+0.000,+0.000,1100,0,
1785505029.6318,2026-07-31T09:37:09.631,135.705,1366,,,,0,,,,0.2122,-19.96,0.1868,-19.96,1,30.0,joystick,+0.000,+0.000,+0.000,+0.000,1100,0,
1785505029.7320,2026-07-31T09:37:09.732,135.805,1367,,,,0,,,,0.1982,-19.91,0.1729,-19.91,1,30.0,joystick,+0.000,+0.000,+0.000,+0.000,1100,0,
1785505029.8314,2026-07-31T09:37:09.831,135.904,1368,,,,0,,,,0.1794,-19.84,0.1540,-19.84,1,30.0,joystick,+0.000,+0.000,+0.000,+0.000,1100,0,
1785505029.9298,2026-07-31T09:37:09.929,136.003,1369,,,,0,,,,0.1690,-19.78,0.1436,-19.78,1,30.0,joystick,+0.000,+0.000,+0.000,+0.000,1100,0,
1785505030.0292,2026-07-31T09:37:10.029,136.102,1370,,,,0,,,,0.1568,-19.75,0.1315,-19.75,1,30.0,joystick,+0.000,+0.000,+0.000,+0.000,1100,0,
1785505030.1296,2026-07-31T09:37:10.129,136.203,1371,,,,0,,,,0.1440,-19.69,0.1187,-19.69,1,30.0,joystick,+0.000,+0.000,+0.000,+0.000,1100,0,
1785505030.2289,2026-07-31T09:37:10.228,136.302,1372,,,,0,,,,0.1340,-19.65,0.1087,-19.65,1,30.0,joystick,+0.000,+0.000,+0.000,+0.000,1100,0,
1785505030.3272,2026-07-31T09:37:10.327,136.400,1373,,,,0,,,,0.1180,-19.55,0.0927,-19.55,1,30.0,joystick,+0.000,+0.000,+0.000,+0.000,1100,0,
1785505030.4267,2026-07-31T09:37:10.426,136.500,1374,,,,0,,,,0.1058,-19.47,0.0804,-19.47,1,30.0,joystick,+0.000,+0.000,+1.000,+0.000,1100,0,
1785505030.5262,2026-07-31T09:37:10.526,136.599,1375,,,,0,,,,0.0955,-19.45,0.0702,-19.45,1,30.0,joystick,+0.000,+0.000,+1.000,+0.000,1100,0,
1785505030.6247,2026-07-31T09:37:10.624,136.698,1376,,,,0,,,,0.0804,-19.33,0.0550,-19.33,1,30.0,joystick,+0.000,+0.000,+1.000,+0.000,1100,0,
1785505030.7243,2026-07-31T09:37:10.724,136.797,1377,,,,0,,,,0.0853,-19.30,0.0600,-19.30,1,30.0,joystick,+0.000,+0.000,+1.000,+0.000,1100,0,
1785505030.8232,2026-07-31T09:37:10.823,136.896,1378,,,,0,,,,0.0539,-19.24,0.0286,-19.24,1,30.0,joystick,+0.000,+0.000,+1.000,+0.000,1100,0,
1785505030.9234,2026-07-31T09:37:10.923,136.996,1379,,,,0,,,,0.0273,-19.14,0.0019,-19.14,1,30.0,joystick,+0.000,+0.000,+1.000,+0.000,1100,0,
1785505031.0218,2026-07-31T09:37:11.021,137.095,1380,,,,0,,,,0.0097,-19.03,-0.0157,-19.03,1,30.0,joystick,+0.000,+0.000,+1.000,+0.000,1100,0,
1785505031.1211,2026-07-31T09:37:11.121,137.194,1381,,,,0,,,,-0.0169,-18.80,-0.0422,-18.80,1,30.0,joystick,+0.000,+0.000,+1.000,+0.000,1100,0,
1785505031.2208,2026-07-31T09:37:11.220,137.294,1382,,,,0,,,,-0.0259,-18.64,-0.0512,-18.64,1,30.0,joystick,+0.000,+0.000,+1.000,+0.000,1100,0,
1785505031.3209,2026-07-31T09:37:11.320,137.394,1383,,,,0,,,,-0.0539,-18.18,-0.0792,-18.18,1,30.0,joystick,+0.000,+0.000,+0.000,+0.000,1100,0,
1785505031.4191,2026-07-31T09:37:11.419,137.492,1384,,,,0,,,,-0.0642,-17.90,-0.0896,-17.90,1,30.0,joystick,+0.000,+0.000,+0.000,+0.000,1100,0,
1785505031.5184,2026-07-31T09:37:11.518,137.591,1385,,,,0,,,,-0.0716,-17.28,-0.0969,-17.28,1,30.0,joystick,+0.000,+0.000,+0.000,+0.000,1100,0,
1785505031.6177,2026-07-31T09:37:11.617,137.691,1386,,,,0,,,,-0.0668,-16.82,-0.0921,-16.82,1,30.0,joystick,+0.000,+0.000,+0.000,+0.000,1100,0,
1785505031.7182,2026-07-31T09:37:11.718,137.791,1387,,,,0,,,,-0.0649,-16.68,-0.0902,-16.68,1,30.0,joystick,+0.000,+0.000,+0.000,+0.000,1100,0,
1785505031.8193,2026-07-31T09:37:11.819,137.892,1388,,,,0,,,,-0.0473,-16.51,-0.0726,-16.51,1,30.0,joystick,+0.000,+0.000,+0.000,+0.000,1100,0,
1785505031.9181,2026-07-31T09:37:11.918,137.991,1389,,,,0,,,,-0.0428,-16.45,-0.0681,-16.45,1,30.0,joystick,+0.000,+0.000,+0.000,+0.000,1100,0,
1785505032.0174,2026-07-31T09:37:12.017,138.090,1390,,,,0,,,,-0.0343,-16.30,-0.0597,-16.30,1,30.0,joystick,+0.000,+0.000,+0.000,+0.000,1100,0,
1785505032.1157,2026-07-31T09:37:12.115,138.189,1391,,,,0,,,,-0.0326,-16.24,-0.0579,-16.24,1,30.0,joystick,+0.000,+0.000,+0.000,+0.000,1100,0,
1785505032.2145,2026-07-31T09:37:12.214,138.288,1392,,,,0,,,,-0.0273,-16.16,-0.0526,-16.16,1,30.0,joystick,+0.000,+0.000,+0.000,+0.000,1100,0,
1785505032.3134,2026-07-31T09:37:12.313,138.386,1393,,,,0,,,,-0.0203,-16.17,-0.0457,-16.17,1,30.0,joystick,+0.000,+0.000,+0.000,+0.000,1100,0,
1785505032.4123,2026-07-31T09:37:12.412,138.485,1394,,,,0,,,,-0.0191,-16.19,-0.0444,-16.19,1,30.0,joystick,+0.000,+0.000,+0.000,+0.000,1100,0,
1785505032.5120,2026-07-31T09:37:12.511,138.585,1395,,,,0,,,,-0.0122,-16.27,-0.0375,-16.27,1,30.0,joystick,+0.000,+0.000,+0.000,+0.000,1100,0,
1785505032.6129,2026-07-31T09:37:12.612,138.686,1396,,,,0,,,,-0.0036,-16.28,-0.0290,-16.28,1,30.0,joystick,+0.000,+0.000,+0.000,+0.000,1100,0,
1785505032.7116,2026-07-31T09:37:12.711,138.785,1397,,,,0,,,,-0.0087,-16.25,-0.0340,-16.25,1,30.0,joystick,+0.000,+0.000,+0.000,+0.000,1100,0,
1785505032.8121,2026-07-31T09:37:12.812,138.885,1398,,,,0,,,,-0.0062,-16.21,-0.0316,-16.21,1,30.0,joystick,+0.000,+0.000,+0.000,+0.000,1100,0,
1785505032.9104,2026-07-31T09:37:12.910,138.983,1399,,,,0,,,,-0.0025,-16.20,-0.0278,-16.20,1,30.0,joystick,+0.000,+0.000,+0.000,+0.000,1100,0,
1785505033.0100,2026-07-31T09:37:13.010,139.083,1400,,,,0,,,,-0.0006,-16.21,-0.0260,-16.21,1,30.0,joystick,+0.000,+0.000,+0.000,+0.000,1100,0,
1785505033.1089,2026-07-31T09:37:13.108,139.182,1401,,,,0,,,,0.0050,-16.25,-0.0203,-16.25,1,30.0,joystick,+0.000,+0.000,+0.000,+0.000,1100,0,
1785505033.2081,2026-07-31T09:37:13.208,139.281,1402,,,,0,,,,0.0045,-16.28,-0.0208,-16.28,1,30.0,joystick,+0.000,+0.000,+0.000,+0.000,1100,0,
1785505033.3076,2026-07-31T09:37:13.307,139.381,1403,,,,0,,,,0.0015,-16.28,-0.0238,-16.28,1,30.0,joystick,+0.000,+0.000,+0.000,+0.000,1100,0,
1785505033.4080,2026-07-31T09:37:13.408,139.481,1404,,,,0,,,,0.0043,-16.27,-0.0210,-16.27,1,30.0,joystick,+0.000,+0.000,+0.000,+0.000,1100,0,
1785505033.5074,2026-07-31T09:37:13.507,139.580,1405,,,,0,,,,0.0058,-16.22,-0.0196,-16.22,1,30.0,joystick,+0.000,+0.000,+0.000,+0.000,1100,0,
1785505033.6073,2026-07-31T09:37:13.607,139.680,1406,,,,0,,,,0.0043,-16.21,-0.0210,-16.21,1,30.0,joystick,+0.000,+0.000,+0.000,+0.000,1100,0,
1785505033.7063,2026-07-31T09:37:13.706,139.779,1407,,,,0,,,,-0.0022,-16.26,-0.0276,-16.26,1,30.0,joystick,+0.000,+0.000,+0.000,+0.000,1100,0,
1785505033.8061,2026-07-31T09:37:13.806,139.879,1408,,,,0,,,,-0.0004,-16.35,-0.0257,-16.35,1,30.0,joystick,+0.000,+0.000,+0.000,+0.000,1100,0,
1785505033.9056,2026-07-31T09:37:13.905,139.979,1409,,,,0,,,,0.0010,-16.40,-0.0243,-16.40,1,30.0,joystick,+0.000,+0.000,+0.000,+0.000,1100,0,
1785505034.0066,2026-07-31T09:37:14.006,140.080,1410,,,,0,,,,0.0018,-16.42,-0.0236,-16.42,1,30.0,joystick,+0.000,+0.000,+0.000,+0.000,1100,0,
1785505034.1058,2026-07-31T09:37:14.105,140.179,1411,,,,0,,,,-0.0028,-16.41,-0.0281,-16.41,1,30.0,joystick,+0.000,+0.000,+0.000,+0.000,1100,0,
1785505034.2045,2026-07-31T09:37:14.204,140.278,1412,,,,0,,,,-0.0018,-16.46,-0.0271,-16.46,1,30.0,joystick,+0.000,+0.000,+0.000,+0.000,1100,0,
1785505034.3050,2026-07-31T09:37:14.305,140.378,1413,,,,0,,,,-0.0021,-16.62,-0.0275,-16.62,1,30.0,joystick,+0.000,+0.000,+0.000,+0.000,1100,0,
1785505034.4044,2026-07-31T09:37:14.404,140.477,1414,,,,0,,,,-0.0020,-16.74,-0.0274,-16.74,1,30.0,joystick,+0.000,+0.000,+0.000,+0.000,1100,0,
1785505034.5042,2026-07-31T09:37:14.504,140.577,1415,,,,0,,,,0.0019,-16.98,-0.0235,-16.98,1,30.0,joystick,+0.000,+0.000,+0.000,+0.000,1100,0,
1785505034.6032,2026-07-31T09:37:14.603,140.676,1416,,,,0,,,,-0.0035,-17.09,-0.0289,-17.09,1,30.0,joystick,+0.000,+0.000,+0.000,+0.000,1100,0,
1785505034.7022,2026-07-31T09:37:14.702,140.775,1417,,,,0,,,,-0.0046,-17.22,-0.0300,-17.22,1,30.0,joystick,+0.000,+0.000,+0.000,+0.000,1100,0,
1785505034.8025,2026-07-31T09:37:14.802,140.875,1418,,,,0,,,,-0.0019,-17.31,-0.0272,-17.31,1,30.0,joystick,+0.000,+0.000,+0.000,+0.000,1100,0,
1785505034.9019,2026-07-31T09:37:14.901,140.975,1419,,,,0,,,,-0.0025,-17.36,-0.0279,-17.36,1,30.0,joystick,+0.000,+0.000,+0.000,+0.000,1100,0,
1785505035.0013,2026-07-31T09:37:15.001,141.074,1420,,,,0,,,,-0.0003,-17.45,-0.0257,-17.45,1,30.0,joystick,+0.000,+0.000,+0.000,+0.000,1100,0,
1785505035.1002,2026-07-31T09:37:15.100,141.173,1421,,,,0,,,,-0.0023,-17.52,-0.0277,-17.52,1,30.0,joystick,+0.000,+0.000,+0.000,+0.000,1100,0,
1785505035.1998,2026-07-31T09:37:15.199,141.273,1422,,,,0,,,,-0.0001,-17.69,-0.0255,-17.69,1,30.0,joystick,+0.000,+0.000,+0.000,+0.000,1100,0,
1785505035.2993,2026-07-31T09:37:15.299,141.372,1423,,,,0,,,,-0.0025,-17.84,-0.0278,-17.84,1,30.0,joystick,+0.000,+0.000,+0.000,+0.000,1100,0,
1785505035.3985,2026-07-31T09:37:15.398,141.472,1424,,,,0,,,,0.0018,-17.90,-0.0235,-17.90,1,30.0,joystick,+0.000,+0.000,+0.000,+0.000,1100,0,
1785505035.4980,2026-07-31T09:37:15.498,141.571,1425,,,,0,,,,0.0020,-17.99,-0.0234,-17.99,1,30.0,joystick,+0.000,+0.000,+0.000,+0.000,1100,0,
1785505035.5966,2026-07-31T09:37:15.596,141.670,1426,,,,0,,,,0.0027,-18.02,-0.0227,-18.02,1,30.0,joystick,+0.000,+0.000,+0.000,+0.000,1100,0,
1785505035.6956,2026-07-31T09:37:15.695,141.769,1427,,,,0,,,,0.0016,-18.12,-0.0238,-18.12,1,30.0,joystick,+0.000,+0.000,+0.000,+0.000,1100,0,
1785505035.7949,2026-07-31T09:37:15.794,141.868,1428,,,,0,,,,0.0020,-18.20,-0.0234,-18.20,1,30.0,joystick,+0.000,+0.000,+0.000,+0.000,1100,0,
1785505035.8937,2026-07-31T09:37:15.893,141.967,1429,,,,0,,,,0.0047,-18.39,-0.0206,-18.39,1,30.0,joystick,+0.000,+0.000,+0.000,+0.000,1100,0,
1785505035.9930,2026-07-31T09:37:15.993,142.066,1430,,,,0,,,,0.0040,-18.57,-0.0213,-18.57,1,30.0,joystick,+0.000,+0.000,+0.000,+0.000,1100,0,
1785505036.0920,2026-07-31T09:37:16.092,142.165,1431,,,,0,,,,0.0075,-18.64,-0.0178,-18.64,1,30.0,joystick,+0.000,+0.000,+0.000,+0.000,1100,0,
1785505036.1916,2026-07-31T09:37:16.191,142.265,1432,,,,0,,,,0.0057,-18.72,-0.0197,-18.72,1,30.0,joystick,+0.000,+0.000,+0.000,+0.000,1100,0,
1785505036.2908,2026-07-31T09:37:16.290,142.364,1433,,,,0,,,,0.0066,-18.73,-0.0188,-18.73,1,30.0,joystick,+0.000,+0.000,+0.000,+0.000,1100,0,
1785505036.3903,2026-07-31T09:37:16.390,142.463,1434,,,,0,,,,0.0055,-18.73,-0.0198,-18.73,1,30.0,joystick,+1.000,+0.000,+0.000,+0.000,1100,0,
1785505036.4893,2026-07-31T09:37:16.489,142.562,1435,,,,0,,,,0.0037,-18.77,-0.0217,-18.77,1,30.0,joystick,+1.000,+0.000,+0.000,+0.000,1100,0,
1785505036.5886,2026-07-31T09:37:16.588,142.662,1436,,,,0,,,,0.0080,-18.70,-0.0173,-18.70,1,30.0,joystick,+1.000,+0.000,+0.000,+0.000,1100,0,
1785505036.6889,2026-07-31T09:37:16.688,142.762,1437,,,,0,,,,0.0079,-18.80,-0.0174,-18.80,1,30.0,joystick,+0.000,+0.000,+0.000,+0.000,1100,0,
1785505036.7882,2026-07-31T09:37:16.788,142.861,1438,,,,0,,,,0.0048,-18.76,-0.0206,-18.76,1,30.0,joystick,+0.000,+0.000,+0.000,+0.000,1100,0,
1785505036.8874,2026-07-31T09:37:16.887,142.960,1439,,,,0,,,,0.0097,-18.75,-0.0156,-18.75,1,30.0,joystick,+1.000,+0.000,+0.000,+0.000,1100,0,
1785505036.9868,2026-07-31T09:37:16.986,143.060,1440,,,,0,,,,0.0081,-20.00,-0.0173,-20.00,1,30.0,joystick,+1.000,+0.000,+0.000,+0.000,1100,0,
1785505037.0865,2026-07-31T09:37:17.086,143.160,1441,,,,0,,,,0.0069,-21.26,-0.0184,-21.26,1,30.0,joystick,+1.000,+0.000,+0.000,+0.000,1100,0,
1785505037.1848,2026-07-31T09:37:17.184,143.258,1442,,,,0,,,,0.0041,-24.32,-0.0212,-24.32,1,30.0,joystick,+0.000,+0.000,+0.000,+0.000,1100,0,
1785505037.2840,2026-07-31T09:37:17.284,143.357,1443,,,,0,,,,0.0124,-25.44,-0.0129,-25.44,1,30.0,joystick,+0.000,+0.000,+0.000,+0.000,1100,0,
1785505037.3840,2026-07-31T09:37:17.384,143.457,1444,,,,0,,,,0.0105,-27.25,-0.0149,-27.25,1,30.0,joystick,+0.000,+0.000,+0.000,+1.000,1100,0,
1785505037.4831,2026-07-31T09:37:17.483,143.556,1445,,,,0,,,,0.0082,-29.07,-0.0172,-29.07,1,30.0,joystick,+0.000,+0.000,+0.000,+1.000,1100,0,
1785505037.5834,2026-07-31T09:37:17.583,143.656,1446,,,,0,,,,0.0078,-31.96,-0.0176,-31.96,1,30.0,joystick,+0.000,+0.000,+0.000,+1.000,1100,0,
1785505037.6837,2026-07-31T09:37:17.683,143.757,1447,,,,0,,,,0.0067,-41.00,-0.0187,-41.00,1,30.0,joystick,+0.000,+0.000,+0.000,+1.000,1100,0,
1785505037.7831,2026-07-31T09:37:17.783,143.856,1448,,,,0,,,,0.0044,-46.42,-0.0210,-46.42,1,30.0,joystick,+0.000,+0.000,+0.000,+1.000,1100,0,
1785505037.8834,2026-07-31T09:37:17.883,143.956,1449,,,,0,,,,0.0003,-57.87,-0.0251,-57.87,1,30.0,joystick,+0.000,+0.000,+0.000,+1.000,1100,0,
1785505037.9829,2026-07-31T09:37:17.982,144.056,1450,,,,0,,,,-0.0055,-68.36,-0.0308,-68.36,1,30.0,joystick,+0.000,+0.000,+0.000,+0.000,1100,0,
1785505038.0814,2026-07-31T09:37:18.081,144.154,1451,,,,0,,,,-0.0017,-71.23,-0.0271,-71.23,1,30.0,joystick,+0.000,+0.000,+0.000,+0.000,1100,0,
1785505038.1819,2026-07-31T09:37:18.181,144.255,1452,,,,0,,,,-0.0020,-74.79,-0.0273,-74.79,1,30.0,joystick,+0.000,+0.000,+0.000,+0.000,1100,0,
1785505038.2814,2026-07-31T09:37:18.281,144.354,1453,,,,0,,,,0.0002,-76.16,-0.0252,-76.16,1,30.0,joystick,+0.000,+0.000,+0.000,-1.000,1100,0,
1785505038.3822,2026-07-31T09:37:18.382,144.455,1454,,,,0,,,,0.0026,-77.35,-0.0228,-77.35,1,30.0,joystick,+0.000,+0.000,+0.000,-1.000,1100,0,
1785505038.4809,2026-07-31T09:37:18.480,144.554,1455,,,,0,,,,0.0053,-75.55,-0.0200,-75.55,1,30.0,joystick,+0.000,+0.000,+0.000,-1.000,1100,0,
1785505038.5803,2026-07-31T09:37:18.580,144.653,1456,,,,0,,,,-0.0028,-73.30,-0.0281,-73.30,1,30.0,joystick,+0.000,+0.000,+0.000,-1.000,1100,0,
1785505038.6795,2026-07-31T09:37:18.679,144.753,1457,,,,0,,,,0.0056,-65.61,-0.0198,-65.61,1,30.0,joystick,+0.000,+0.000,+0.000,-1.000,1100,0,
1785505038.7786,2026-07-31T09:37:18.778,144.852,1458,,,,0,,,,0.0111,-60.89,-0.0142,-60.89,1,30.0,joystick,+0.000,+0.000,+0.000,-1.000,1100,0,
1785505038.8774,2026-07-31T09:37:18.877,144.950,1459,,,,0,,,,0.0045,-50.45,-0.0209,-50.45,1,30.0,joystick,+0.000,+0.000,+0.000,-1.000,1100,0,
1785505038.9768,2026-07-31T09:37:18.976,145.050,1460,,,,0,,,,0.0143,-39.16,-0.0110,-39.16,1,30.0,joystick,+0.000,+0.000,+0.000,-1.000,1100,0,
1785505039.0763,2026-07-31T09:37:19.076,145.149,1461,,,,0,,,,0.0118,-33.36,-0.0136,-33.36,1,30.0,joystick,+0.000,+0.000,+0.000,-1.000,1100,0,
1785505039.1755,2026-07-31T09:37:19.175,145.249,1462,,,,0,,,,0.0106,-21.75,-0.0147,-21.75,1,30.0,joystick,+0.000,+0.000,+0.000,-1.000,1100,0,
1785505039.2747,2026-07-31T09:37:19.274,145.348,1463,,,,0,,,,0.0084,-16.04,-0.0170,-16.04,1,30.0,joystick,+0.000,+0.000,+0.000,-1.000,1100,0,
1785505039.3732,2026-07-31T09:37:19.373,145.446,1464,,,,0,,,,0.0044,-4.87,-0.0210,-4.87,1,30.0,joystick,+0.000,+0.000,+0.000,+0.000,1100,0,
1785505039.4739,2026-07-31T09:37:19.473,145.547,1465,,,,0,,,,0.0042,-1.03,-0.0211,-1.03,1,30.0,joystick,+0.000,+0.000,+0.000,+0.000,1100,0,
1785505039.5732,2026-07-31T09:37:19.573,145.646,1466,,,,0,,,,0.0048,3.47,-0.0206,3.47,1,30.0,joystick,+0.000,+0.000,+0.000,+0.000,1100,0,
1785505039.6718,2026-07-31T09:37:19.671,145.745,1467,,,,0,,,,0.0047,6.43,-0.0207,6.43,1,30.0,joystick,+1.000,+0.000,+0.000,+0.000,1100,0,
1785505039.7708,2026-07-31T09:37:19.770,145.844,1468,,,,0,,,,0.0056,6.58,-0.0198,6.58,1,30.0,joystick,+1.000,+0.000,+0.000,+0.000,1100,0,
1785505039.8704,2026-07-31T09:37:19.870,145.943,1469,,,,0,,,,0.0033,4.01,-0.0221,4.01,1,30.0,joystick,+1.000,+0.000,+0.000,+0.000,1100,0,
1785505039.9688,2026-07-31T09:37:19.968,146.042,1470,,,,0,,,,0.0005,2.79,-0.0248,2.79,1,30.0,joystick,+1.000,+0.000,+0.000,+0.000,1100,0,
1785505040.0682,2026-07-31T09:37:20.068,146.141,1471,,,,0,,,,-0.0073,1.99,-0.0327,1.99,1,30.0,joystick,+1.000,+0.000,+0.000,+0.000,1100,0,
1785505040.1675,2026-07-31T09:37:20.167,146.241,1472,,,,0,,,,-0.0104,1.70,-0.0357,1.70,1,30.0,joystick,+1.000,+0.000,+0.000,+0.000,1100,0,
1785505040.2678,2026-07-31T09:37:20.267,146.341,1473,,,,0,,,,-0.0032,1.58,-0.0286,1.58,1,30.0,joystick,+1.000,+0.000,+0.000,+0.000,1100,0,
1785505040.3663,2026-07-31T09:37:20.366,146.439,1474,,,,0,,,,-0.0120,1.27,-0.0373,1.27,1,30.0,joystick,+1.000,+0.000,+0.000,+0.000,1100,0,
1785505040.4658,2026-07-31T09:37:20.465,146.539,1475,,,,0,,,,-0.0109,1.00,-0.0362,1.00,1,30.0,joystick,+1.000,+0.000,+0.000,+0.000,1100,0,
1785505040.5650,2026-07-31T09:37:20.565,146.638,1476,,,,0,,,,-0.0200,0.38,-0.0454,0.38,1,30.0,joystick,+0.000,+0.000,+0.000,+1.000,1100,0,
1785505040.6648,2026-07-31T09:37:20.664,146.738,1477,,,,0,,,,-0.0182,-1.79,-0.0435,-1.79,1,30.0,joystick,+0.000,+0.000,+0.000,+1.000,1100,0,
1785505040.7643,2026-07-31T09:37:20.764,146.837,1478,,,,0,,,,-0.0250,-5.52,-0.0503,-5.52,1,30.0,joystick,+0.000,+0.000,+0.000,+1.000,1100,0,
1785505040.8650,2026-07-31T09:37:20.864,146.938,1479,,,,0,,,,-0.0245,-16.03,-0.0498,-16.03,1,30.0,joystick,+0.000,+0.000,+0.000,+1.000,1100,0,
1785505040.9634,2026-07-31T09:37:20.963,147.036,1480,,,,0,,,,-0.0246,-22.13,-0.0499,-22.13,1,30.0,joystick,+0.000,+0.000,+0.000,+1.000,1100,0,
1785505041.0638,2026-07-31T09:37:21.063,147.137,1481,,,,0,,,,-0.0186,-34.45,-0.0439,-34.45,1,30.0,joystick,+0.000,+0.000,+0.000,+0.000,1100,0,
1785505041.1632,2026-07-31T09:37:21.163,147.236,1482,,,,0,,,,-0.0127,-41.10,-0.0380,-41.10,1,30.0,joystick,+0.000,+0.000,+0.000,+0.000,1100,0,
1785505041.2618,2026-07-31T09:37:21.261,147.335,1483,,,,0,,,,-0.0111,-43.25,-0.0365,-43.25,1,30.0,joystick,+0.000,+0.000,+0.000,+0.000,1100,0,
1785505041.3605,2026-07-31T09:37:21.360,147.434,1484,,,,0,,,,-0.0108,-46.23,-0.0362,-46.23,1,30.0,joystick,+1.000,+0.000,+0.000,+0.000,1100,0,
1785505041.4608,2026-07-31T09:37:21.460,147.534,1485,,,,0,,,,0.0031,-47.25,-0.0222,-47.25,1,30.0,joystick,+1.000,+0.000,+0.000,+0.000,1100,0,
1785505041.5599,2026-07-31T09:37:21.559,147.633,1486,,,,0,,,,0.0059,-48.58,-0.0194,-48.58,1,30.0,joystick,+1.000,+0.000,+0.000,+0.000,1100,0,
1785505041.6594,2026-07-31T09:37:21.659,147.732,1487,,,,0,,,,0.0128,-49.24,-0.0126,-49.24,1,30.0,joystick,+1.000,+0.000,+0.000,+0.000,1100,0,
1785505041.7584,2026-07-31T09:37:21.758,147.831,1488,,,,0,,,,0.0091,-49.47,-0.0162,-49.47,1,30.0,joystick,+1.000,+0.000,+0.000,+0.000,1100,0,
1785505041.8577,2026-07-31T09:37:21.857,147.931,1489,,,,0,,,,0.0018,-49.70,-0.0235,-49.70,1,30.0,joystick,+1.000,+0.000,+0.000,+0.000,1100,0,
1785505041.9570,2026-07-31T09:37:21.957,148.030,1490,,,,0,,,,0.0114,-49.68,-0.0140,-49.68,1,30.0,joystick,+1.000,+0.000,+0.000,+0.000,1100,0,
1785505042.0566,2026-07-31T09:37:22.056,148.130,1491,,,,0,,,,0.0125,-49.54,-0.0128,-49.54,1,30.0,joystick,+1.000,+0.000,+0.000,+0.000,1100,0,
1785505042.1564,2026-07-31T09:37:22.156,148.229,1492,,,,0,,,,0.0110,-49.40,-0.0144,-49.40,1,30.0,joystick,+1.000,+0.000,+0.000,+0.000,1100,0,
1785505042.2544,2026-07-31T09:37:22.254,148.327,1493,,,,0,,,,0.0071,-48.71,-0.0183,-48.71,1,30.0,joystick,+1.000,+0.000,+0.000,+0.000,1100,0,
1785505042.3538,2026-07-31T09:37:22.353,148.427,1494,,,,0,,,,-0.0051,-47.67,-0.0305,-47.67,1,30.0,joystick,+1.000,+0.000,+0.000,+0.000,1100,0,
1785505042.4533,2026-07-31T09:37:22.453,148.526,1495,,,,0,,,,-0.0052,-47.12,-0.0305,-47.12,1,30.0,joystick,+1.000,+0.000,+0.000,+0.000,1100,0,
1785505042.5540,2026-07-31T09:37:22.554,148.627,1496,,,,0,,,,-0.0130,-46.22,-0.0384,-46.22,1,30.0,joystick,+1.000,+0.000,+0.000,+0.000,1100,0,
1785505042.6531,2026-07-31T09:37:22.653,148.726,1497,,,,0,,,,-0.0196,-45.90,-0.0450,-45.90,1,30.0,joystick,+1.000,+0.000,+0.000,+0.000,1100,0,
1785505042.7520,2026-07-31T09:37:22.752,148.825,1498,,,,0,,,,-0.0250,-45.41,-0.0503,-45.41,1,30.0,joystick,+1.000,+0.000,+0.000,+0.000,1100,0,
1785505042.8524,2026-07-31T09:37:22.852,148.925,1499,,,,0,,,,-0.0180,-45.06,-0.0433,-45.06,1,30.0,joystick,+1.000,+0.000,+0.000,+0.000,1100,0,
1785505042.9515,2026-07-31T09:37:22.951,149.025,1500,,,,0,,,,-0.0088,-44.96,-0.0341,-44.96,1,30.0,joystick,+1.000,+0.000,+0.000,+0.000,1100,0,
1785505043.0512,2026-07-31T09:37:23.051,149.124,1501,,,,0,,,,-0.0187,-44.72,-0.0441,-44.72,1,30.0,joystick,+1.000,+0.000,+0.000,+0.000,1100,0,
1785505043.1500,2026-07-31T09:37:23.149,149.223,1502,,,,0,,,,-0.0119,-44.51,-0.0372,-44.51,1,30.0,joystick,+1.000,+0.000,+0.000,+0.000,1100,0,
1785505043.2505,2026-07-31T09:37:23.250,149.324,1503,,,,0,,,,-0.0095,-43.97,-0.0349,-43.97,1,30.0,joystick,+0.000,+0.000,+0.000,+0.000,1100,0,
1785505043.3499,2026-07-31T09:37:23.349,149.423,1504,,,,0,,,,-0.0077,-43.46,-0.0330,-43.46,1,30.0,joystick,+0.000,+0.000,+0.000,+1.000,1100,0,
1785505043.4496,2026-07-31T09:37:23.449,149.523,1505,,,,0,,,,-0.0032,-43.24,-0.0286,-43.24,1,30.0,joystick,+0.000,+0.000,+0.000,+1.000,1100,0,
1785505043.5496,2026-07-31T09:37:23.549,149.623,1506,,,,0,,,,-0.0071,-43.56,-0.0325,-43.56,1,30.0,joystick,+0.000,+0.000,+0.000,+1.000,1100,0,
1785505043.6486,2026-07-31T09:37:23.648,149.722,1507,,,,0,,,,-0.0088,-44.49,-0.0341,-44.49,1,30.0,joystick,+0.000,+0.000,+0.000,+1.000,1100,0,
1785505043.7474,2026-07-31T09:37:23.747,149.820,1508,,,,0,,,,0.0017,-49.25,-0.0236,-49.25,1,30.0,joystick,+0.000,+0.000,+0.000,+1.000,1100,0,
1785505043.8469,2026-07-31T09:37:23.846,149.920,1509,,,,0,,,,0.0018,-53.56,-0.0236,-53.56,1,30.0,joystick,+0.000,+0.000,+0.000,+1.000,1100,0,
1785505043.9453,2026-07-31T09:37:23.945,150.018,1510,,,,0,,,,-0.0009,-63.48,-0.0263,-63.48,1,30.0,joystick,+0.000,+0.000,+0.000,+1.000,1100,0,
1785505044.0447,2026-07-31T09:37:24.044,150.118,1511,,,,0,,,,0.0032,-74.28,-0.0222,-74.28,1,30.0,joystick,+0.000,+0.000,+0.000,+0.000,1100,0,
1785505044.1438,2026-07-31T09:37:24.143,150.217,1512,,,,0,,,,0.0072,-77.89,-0.0181,-77.89,1,30.0,joystick,+0.000,+0.000,+0.000,-1.000,1100,0,
1785505044.2428,2026-07-31T09:37:24.242,150.316,1513,,,,0,,,,0.0136,-81.36,-0.0118,-81.36,1,30.0,joystick,+0.000,+0.000,+0.000,-1.000,1100,0,
1785505044.3421,2026-07-31T09:37:24.342,150.415,1514,,,,0,,,,0.0124,-80.67,-0.0130,-80.67,1,30.0,joystick,+0.000,+0.000,+0.000,-1.000,1100,0,
1785505044.4413,2026-07-31T09:37:24.441,150.514,1515,,,,0,,,,0.0005,-75.67,-0.0249,-75.67,1,30.0,joystick,+0.000,+0.000,+0.000,-1.000,1100,0,
1785505044.5400,2026-07-31T09:37:24.540,150.613,1516,,,,0,,,,0.0247,-67.66,-0.0007,-67.66,1,30.0,joystick,+0.000,+0.000,+0.000,-1.000,1100,0,
1785505044.6390,2026-07-31T09:37:24.639,150.712,1517,,,,0,,,,0.0388,-62.53,0.0135,-62.53,1,30.0,joystick,+0.000,+0.000,+0.000,-1.000,1100,0,
1785505044.7385,2026-07-31T09:37:24.738,150.812,1518,,,,0,,,,0.0342,-51.00,0.0088,-51.00,1,30.0,joystick,+0.000,+0.000,+0.000,-1.000,1100,0,
1785505044.8372,2026-07-31T09:37:24.837,150.910,1519,,,,0,,,,0.0361,-44.82,0.0108,-44.82,1,30.0,joystick,+0.000,+0.000,+0.000,-1.000,1100,0,
1785505044.9367,2026-07-31T09:37:24.936,151.010,1520,,,,0,,,,0.0306,-32.20,0.0053,-32.20,1,30.0,joystick,+0.000,+0.000,+0.000,-1.000,1100,0,
1785505045.0357,2026-07-31T09:37:25.035,151.109,1521,,,,0,,,,0.0264,-19.88,0.0010,-19.88,1,30.0,joystick,+0.000,+0.000,+0.000,-1.000,1100,0,
1785505045.1344,2026-07-31T09:37:25.134,151.207,1522,,,,0,,,,0.0278,-14.05,0.0025,-14.05,1,30.0,joystick,+0.000,+0.000,+0.000,-1.000,1100,0,
1785505045.2330,2026-07-31T09:37:25.233,151.306,1523,,,,0,,,,0.0268,-2.60,0.0015,-2.60,1,30.0,joystick,+0.000,+0.000,+0.000,-1.000,1100,0,
1785505045.3334,2026-07-31T09:37:25.333,151.406,1524,,,,0,,,,0.0277,3.09,0.0024,3.09,1,30.0,joystick,+0.000,+0.000,+0.000,-1.000,1100,0,
1785505045.4323,2026-07-31T09:37:25.432,151.505,1525,,,,0,,,,0.0214,14.20,-0.0039,14.20,1,30.0,joystick,+0.000,+0.000,+0.000,-1.000,1100,0,
1785505045.5317,2026-07-31T09:37:25.531,151.605,1526,,,,0,,,,0.0266,25.16,0.0012,25.16,1,30.0,joystick,+0.000,+0.000,+0.000,-1.000,1100,0,
1785505045.6306,2026-07-31T09:37:25.630,151.704,1527,,,,0,,,,0.0228,30.54,-0.0026,30.54,1,30.0,joystick,+0.000,+0.000,+0.000,-1.000,1100,0,
1785505045.7303,2026-07-31T09:37:25.730,151.803,1528,,,,0,,,,0.0291,40.99,0.0037,40.99,1,30.0,joystick,+0.000,+0.000,+0.000,-1.000,1100,0,
1785505045.8308,2026-07-31T09:37:25.830,151.904,1529,,,,0,,,,0.0305,46.07,0.0052,46.07,1,30.0,joystick,+0.000,+0.000,+0.000,-1.000,1100,0,
1785505045.9302,2026-07-31T09:37:25.930,152.003,1530,,,,0,,,,0.0322,55.97,0.0069,55.97,1,30.0,joystick,+0.000,+0.000,+0.000,-1.000,1100,0,
1785505046.0285,2026-07-31T09:37:26.028,152.102,1531,,,,0,,,,0.0293,65.58,0.0040,65.58,1,30.0,joystick,+0.000,+0.000,+0.000,-1.000,1100,0,
1785505046.1278,2026-07-31T09:37:26.127,152.201,1532,,,,0,,,,0.0253,70.52,-0.0001,70.52,1,30.0,joystick,+0.000,+0.000,+0.000,+0.000,1100,0,
1785505046.2282,2026-07-31T09:37:26.228,152.301,1533,,,,0,,,,0.0278,78.42,0.0024,78.42,1,30.0,joystick,+0.000,+0.000,+0.000,+0.000,1100,0,
1785505046.3276,2026-07-31T09:37:26.327,152.401,1534,,,,0,,,,0.0242,80.09,-0.0011,80.09,1,30.0,joystick,+0.000,+0.000,+0.000,-1.000,1100,0,
1785505046.4286,2026-07-31T09:37:26.428,152.502,1535,,,,0,,,,0.0231,80.51,-0.0022,80.51,1,30.0,joystick,+0.000,+0.000,+0.000,-1.000,1100,0,
1785505046.5297,2026-07-31T09:37:26.529,152.603,1536,,,,0,,,,0.0196,83.50,-0.0057,83.50,1,30.0,joystick,+0.000,+0.000,+0.000,-1.000,1100,0,
1785505046.6315,2026-07-31T09:37:26.631,152.704,1537,,,,0,,,,0.0122,85.76,-0.0132,85.76,1,30.0,joystick,+0.000,+0.000,+0.000,-1.000,1100,0,
1785505046.7304,2026-07-31T09:37:26.730,152.803,1538,,,,0,,,,0.0068,92.44,-0.0185,92.44,1,30.0,joystick,+0.000,+0.000,+0.000,-1.000,1100,0,
1785505046.8306,2026-07-31T09:37:26.830,152.904,1539,,,,0,,,,0.0016,96.70,-0.0238,96.70,1,30.0,joystick,+0.000,+0.000,+0.000,-1.000,1100,0,
1785505046.9307,2026-07-31T09:37:26.930,153.004,1540,,,,0,,,,-0.0226,105.63,-0.0479,105.63,1,30.0,joystick,+0.000,+0.000,+0.000,-1.000,1100,0,
1785505047.0294,2026-07-31T09:37:27.029,153.102,1541,,,,0,,,,-0.0135,115.07,-0.0388,115.07,1,30.0,joystick,+0.000,+0.000,+0.000,+0.000,1100,0,
1785505047.1300,2026-07-31T09:37:27.130,153.203,1542,,,,0,,,,-0.0188,117.98,-0.0442,117.98,1,30.0,joystick,+0.000,+0.000,+0.000,+0.000,1100,0,
1785505047.2285,2026-07-31T09:37:27.228,153.302,1543,,,,0,,,,-0.0187,120.82,-0.0441,120.82,1,30.0,joystick,+0.000,+0.000,+0.000,+0.000,1100,0,
1785505047.3282,2026-07-31T09:37:27.328,153.401,1544,,,,0,,,,-0.0182,121.69,-0.0436,121.69,1,30.0,joystick,+1.000,+0.000,+0.000,+0.000,1100,0,
1785505047.4290,2026-07-31T09:37:27.429,153.502,1545,,,,0,,,,-0.0153,122.95,-0.0407,122.95,1,30.0,joystick,+1.000,+0.000,+0.000,+0.000,1100,0,
1785505047.5273,2026-07-31T09:37:27.527,153.600,1546,,,,0,,,,-0.0127,123.36,-0.0380,123.36,1,30.0,joystick,+1.000,+0.000,+0.000,+0.000,1100,0,
1785505047.6282,2026-07-31T09:37:27.628,153.701,1547,,,,0,,,,-0.0109,123.81,-0.0362,123.81,1,30.0,joystick,+1.000,+0.000,+0.000,+0.000,1100,0,
1785505047.7276,2026-07-31T09:37:27.727,153.801,1548,,,,0,,,,-0.0053,123.99,-0.0306,123.99,1,30.0,joystick,+1.000,+0.000,+0.000,+0.000,1100,0,
1785505047.8273,2026-07-31T09:37:27.827,153.900,1549,,,,0,,,,-0.0142,123.98,-0.0395,123.98,1,30.0,joystick,-1.000,+0.000,+0.000,+0.000,1100,0,
1785505047.9259,2026-07-31T09:37:27.925,153.999,1550,,,,0,,,,-0.0012,123.94,-0.0265,123.94,1,30.0,joystick,-1.000,+0.000,+0.000,+0.000,1100,0,
1785505048.0255,2026-07-31T09:37:28.025,154.099,1551,,,,0,,,,-0.0060,123.83,-0.0313,123.83,1,30.0,joystick,+0.000,+0.000,+0.000,+0.000,1100,0,
1785505048.1242,2026-07-31T09:37:28.124,154.197,1552,,,,0,,,,-0.0066,123.46,-0.0319,123.46,1,30.0,joystick,+1.000,+0.000,+0.000,+0.000,1100,0,
1785505048.2224,2026-07-31T09:37:28.222,154.295,1553,,,,0,,,,0.0037,122.55,-0.0216,122.55,1,30.0,joystick,+1.000,+0.000,+0.000,+0.000,1100,0,
1785505048.3209,2026-07-31T09:37:28.320,154.394,1554,,,,0,,,,-0.0049,122.18,-0.0303,122.18,1,30.0,joystick,+1.000,+0.000,+0.000,+0.000,1100,0,
1785505048.4207,2026-07-31T09:37:28.420,154.494,1555,,,,0,,,,-0.0250,121.58,-0.0503,121.58,1,30.0,joystick,+1.000,+0.000,+0.000,+0.000,1100,0,
1785505048.5191,2026-07-31T09:37:28.519,154.592,1556,,,,0,,,,-0.0141,121.24,-0.0395,121.24,1,30.0,joystick,+1.000,+0.000,+0.000,+0.000,1100,0,
1785505048.6196,2026-07-31T09:37:28.619,154.693,1557,,,,0,,,,-0.0208,120.73,-0.0461,120.73,1,30.0,joystick,+1.000,+0.000,+0.000,+0.000,1100,0,
1785505048.7180,2026-07-31T09:37:28.718,154.791,1558,,,,0,,,,-0.0107,120.32,-0.0360,120.32,1,30.0,joystick,+1.000,+0.000,+0.000,+0.000,1100,0,
1785505048.8180,2026-07-31T09:37:28.818,154.891,1559,,,,0,,,,-0.0133,120.13,-0.0386,120.13,1,30.0,joystick,+1.000,+0.000,+0.000,+0.000,1100,0,
1785505048.9187,2026-07-31T09:37:28.918,154.992,1560,,,,0,,,,-0.0094,119.79,-0.0347,119.79,1,30.0,joystick,+1.000,+0.000,+0.000,+0.000,1100,0,
1785505049.0172,2026-07-31T09:37:29.017,155.090,1561,,,,0,,,,-0.0185,119.57,-0.0438,119.57,1,30.0,joystick,+1.000,+0.000,+0.000,+0.000,1100,0,
1785505049.1178,2026-07-31T09:37:29.117,155.191,1562,,,,0,,,,-0.0115,119.20,-0.0368,119.20,1,30.0,joystick,+1.000,+0.000,+0.000,+0.000,1100,0,
1785505049.2164,2026-07-31T09:37:29.216,155.289,1563,,,,0,,,,-0.0230,118.87,-0.0483,118.87,1,30.0,joystick,+1.000,+0.000,+0.000,+0.000,1100,0,
1785505049.3158,2026-07-31T09:37:29.315,155.389,1564,,,,0,,,,-0.0118,118.71,-0.0372,118.71,1,30.0,joystick,+1.000,+0.000,+0.000,+0.000,1100,0,
1785505049.4152,2026-07-31T09:37:29.415,155.488,1565,,,,0,,,,-0.0137,118.34,-0.0390,118.34,1,30.0,joystick,+1.000,+0.000,+0.000,+0.000,1100,0,
1785505049.5143,2026-07-31T09:37:29.514,155.587,1566,,,,0,,,,-0.0115,118.13,-0.0369,118.13,1,30.0,joystick,+1.000,+0.000,+0.000,+0.000,1100,0,
1785505049.6137,2026-07-31T09:37:29.613,155.687,1567,,,,0,,,,-0.0103,117.80,-0.0357,117.80,1,30.0,joystick,+1.000,+0.000,+0.000,+0.000,1100,0,
1785505049.7145,2026-07-31T09:37:29.714,155.788,1568,,,,0,,,,-0.0003,117.44,-0.0256,117.44,1,30.0,joystick,+1.000,+0.000,+0.000,+0.000,1100,0,
1785505049.8143,2026-07-31T09:37:29.814,155.887,1569,,,,0,,,,-0.0115,117.26,-0.0369,117.26,1,30.0,joystick,+1.000,+0.000,+0.000,+0.000,1100,0,
1785505049.9127,2026-07-31T09:37:29.912,155.986,1570,,,,0,,,,0.0021,117.06,-0.0232,117.06,1,30.0,joystick,+1.000,+0.000,+0.000,+0.000,1100,0,
1785505050.0132,2026-07-31T09:37:30.013,156.086,1571,,,,0,,,,0.0038,117.00,-0.0216,117.00,1,30.0,joystick,+1.000,+0.000,+0.000,+0.000,1100,0,
1785505050.1119,2026-07-31T09:37:30.111,156.185,1572,,,,0,,,,0.0135,116.95,-0.0119,116.95,1,30.0,joystick,+1.000,+0.000,+0.000,+0.000,1100,0,
1785505050.2116,2026-07-31T09:37:30.211,156.285,1573,,,,0,,,,0.0143,116.96,-0.0111,116.96,1,30.0,joystick,+1.000,+0.000,+0.000,+0.000,1100,0,
1785505050.3102,2026-07-31T09:37:30.310,156.383,1574,,,,0,,,,0.0155,116.93,-0.0099,116.93,1,30.0,joystick,+1.000,+0.000,+0.000,+0.000,1100,0,
1785505050.4094,2026-07-31T09:37:30.409,156.482,1575,,,,0,,,,0.0227,116.94,-0.0026,116.94,1,30.0,joystick,+1.000,+0.000,+0.000,+0.000,1100,0,
1785505050.5087,2026-07-31T09:37:30.508,156.582,1576,,,,0,,,,0.0189,117.04,-0.0064,117.04,1,30.0,joystick,+1.000,+0.000,+0.000,+0.000,1100,0,
1785505050.6077,2026-07-31T09:37:30.607,156.681,1577,,,,0,,,,0.0244,117.25,-0.0009,117.25,1,30.0,joystick,+1.000,+0.000,+0.000,+0.000,1100,0,
1785505050.7068,2026-07-31T09:37:30.706,156.780,1578,,,,0,,,,0.0233,117.61,-0.0020,117.61,1,30.0,joystick,+1.000,+0.000,+0.000,+0.000,1100,0,
1785505050.8054,2026-07-31T09:37:30.805,156.878,1579,,,,0,,,,0.0270,117.79,0.0017,117.79,1,30.0,joystick,+1.000,+0.000,+0.000,+0.000,1100,0,
1785505050.9052,2026-07-31T09:37:30.905,156.978,1580,,,,0,,,,0.0306,118.10,0.0053,118.10,1,30.0,joystick,+1.000,+0.000,+0.000,+0.000,1100,0,
1785505051.0046,2026-07-31T09:37:31.004,157.078,1581,,,,0,,,,0.0230,118.27,-0.0023,118.27,1,30.0,joystick,+1.000,+0.000,+0.000,+0.000,1100,0,
1785505051.1043,2026-07-31T09:37:31.104,157.177,1582,,,,0,,,,0.0323,118.61,0.0069,118.61,1,30.0,joystick,+1.000,+0.000,+0.000,+0.000,1100,0,
1785505051.2049,2026-07-31T09:37:31.204,157.278,1583,,,,0,,,,0.0364,118.92,0.0110,118.92,1,30.0,joystick,+1.000,+0.000,+0.000,+0.000,1100,0,
1785505051.3043,2026-07-31T09:37:31.304,157.377,1584,,,,0,,,,0.0407,119.12,0.0153,119.12,1,30.0,joystick,+1.000,+0.000,+0.000,+0.000,1100,0,
1785505051.4025,2026-07-31T09:37:31.402,157.476,1585,,,,0,,,,0.0500,119.61,0.0247,119.61,1,30.0,joystick,+1.000,+0.000,+0.000,+0.000,1100,0,
1785505051.5020,2026-07-31T09:37:31.502,157.575,1586,,,,0,,,,0.0536,119.81,0.0283,119.81,1,30.0,joystick,+1.000,+0.000,+0.000,+0.000,1100,0,
1785505051.6009,2026-07-31T09:37:31.600,157.674,1587,,,,0,,,,0.0628,120.16,0.0375,120.16,1,30.0,joystick,+1.000,+0.000,+0.000,+0.000,1100,0,
1785505051.7006,2026-07-31T09:37:31.700,157.774,1588,,,,0,,,,0.0664,120.32,0.0411,120.32,1,30.0,joystick,+1.000,+0.000,+0.000,+0.000,1100,0,
1785505051.7998,2026-07-31T09:37:31.799,157.873,1589,,,,0,,,,0.0685,120.53,0.0432,120.53,1,30.0,joystick,+1.000,+0.000,+0.000,+0.000,1100,0,
1785505051.8989,2026-07-31T09:37:31.898,157.972,1590,,,,0,,,,0.0747,120.53,0.0493,120.53,1,30.0,joystick,+0.000,+0.000,+0.000,+0.000,1100,0,
1785505051.9985,2026-07-31T09:37:31.998,158.071,1591,,,,0,,,,0.0828,120.44,0.0574,120.44,1,30.0,joystick,+0.000,+0.000,+0.000,+1.000,1100,0,
1785505052.0968,2026-07-31T09:37:32.096,158.170,1592,,,,0,,,,0.0892,120.21,0.0638,120.21,1,30.0,joystick,+0.000,+0.000,+0.000,+1.000,1100,0,
1785505052.1958,2026-07-31T09:37:32.195,158.269,1593,,,,0,,,,0.0955,120.07,0.0702,120.07,1,30.0,joystick,+0.000,+0.000,+0.000,+1.000,1100,0,
1785505052.2949,2026-07-31T09:37:32.294,158.368,1594,,,,0,,,,0.0972,119.64,0.0719,119.64,1,30.0,joystick,+0.000,+0.000,+0.000,+1.000,1100,0,
1785505052.3946,2026-07-31T09:37:32.394,158.468,1595,,,,0,,,,0.0960,118.81,0.0707,118.81,1,30.0,joystick,+0.000,+0.000,+0.000,+0.000,1100,0,
1785505052.4936,2026-07-31T09:37:32.493,158.567,1596,,,,0,,,,0.1034,115.12,0.0781,115.12,1,30.0,joystick,+0.000,+0.000,+0.000,+0.000,1100,0,
1785505052.5922,2026-07-31T09:37:32.592,158.665,1597,,,,0,,,,0.1081,112.67,0.0828,112.67,1,30.0,joystick,+0.000,+0.000,+0.000,+1.000,1100,0,
1785505052.6925,2026-07-31T09:37:32.692,158.766,1598,,,,0,,,,0.1082,111.86,0.0829,111.86,1,30.0,joystick,+0.000,+0.000,+0.000,+0.000,1100,0,
1785505052.7916,2026-07-31T09:37:32.791,158.865,1599,,,,0,,,,0.1130,110.66,0.0877,110.66,1,30.0,joystick,+0.000,+0.000,+0.000,+1.000,1100,0,
1785505052.8924,2026-07-31T09:37:32.892,158.965,1600,,,,0,,,,0.1230,109.32,0.0977,109.32,1,30.0,joystick,+0.000,+0.000,+0.000,+1.000,1100,0,
1785505052.9916,2026-07-31T09:37:32.991,159.065,1601,,,,0,,,,0.1188,106.85,0.0934,106.85,1,30.0,joystick,+0.000,+0.000,+0.000,+0.000,1100,0,
1785505053.0912,2026-07-31T09:37:33.091,159.164,1602,,,,0,,,,0.1236,100.33,0.0983,100.33,1,30.0,joystick,+0.000,+0.000,+0.000,+0.000,1100,0,
1785505053.1906,2026-07-31T09:37:33.190,159.264,1603,,,,0,,,,0.1235,98.31,0.0982,98.31,1,30.0,joystick,+0.000,+0.000,+0.000,+0.000,1100,0,
1785505053.2898,2026-07-31T09:37:33.289,159.363,1604,,,,0,,,,0.1281,95.30,0.1028,95.30,1,30.0,joystick,+0.000,+0.000,+0.000,+0.000,1100,0,
1785505053.3890,2026-07-31T09:37:33.389,159.462,1605,,,,0,,,,0.1356,94.11,0.1102,94.11,1,30.0,joystick,+0.000,+0.000,+0.000,+0.000,1100,0,
1785505053.4880,2026-07-31T09:37:33.487,159.561,1606,,,,0,,,,0.1328,92.10,0.1074,92.10,1,30.0,joystick,+0.000,+0.000,+0.000,+0.000,1100,0,
1785505053.5875,2026-07-31T09:37:33.587,159.661,1607,,,,0,,,,0.1337,90.45,0.1084,90.45,1,30.0,joystick,+0.000,+0.000,+0.000,+0.000,1100,0,
1785505053.6868,2026-07-31T09:37:33.686,159.760,1608,,,,0,,,,0.1351,89.74,0.1098,89.74,1,30.0,joystick,+0.000,+0.000,+0.000,+0.000,1100,0,
1785505053.7858,2026-07-31T09:37:33.785,159.859,1609,,,,0,,,,0.1316,88.50,0.1063,88.50,1,30.0,joystick,+0.000,+0.000,+0.000,+0.000,1100,0,
1785505053.8866,2026-07-31T09:37:33.886,159.960,1610,,,,0,,,,0.1303,87.45,0.1050,87.45,1,30.0,joystick,+0.000,+0.000,+0.000,+0.000,1100,0,
1785505053.9864,2026-07-31T09:37:33.986,160.059,1611,,,,0,,,,0.1300,86.97,0.1047,86.97,1,30.0,joystick,+0.000,+0.000,+0.000,+0.000,1100,0,
1785505054.0858,2026-07-31T09:37:34.085,160.159,1612,,,,0,,,,0.1226,86.11,0.0973,86.11,1,30.0,joystick,+0.000,+0.000,+0.000,+0.000,1100,0,
1785505054.1852,2026-07-31T09:37:34.185,160.258,1613,,,,0,,,,0.1287,85.72,0.1033,85.72,1,30.0,joystick,+0.000,+0.000,+0.000,+0.000,1100,0,
1785505054.2845,2026-07-31T09:37:34.284,160.358,1614,,,,0,,,,0.1226,85.00,0.0972,85.00,1,30.0,joystick,+0.000,+0.000,+0.000,+0.000,1100,0,
1785505054.3836,2026-07-31T09:37:34.383,160.457,1615,,,,0,,,,0.1182,84.65,0.0928,84.65,1,30.0,joystick,+0.000,+0.000,+0.000,+0.000,1100,0,
1785505054.4825,2026-07-31T09:37:34.482,160.556,1616,,,,0,,,,0.1204,83.99,0.0950,83.99,1,30.0,joystick,+0.000,+0.000,+0.000,+0.000,1100,0,
1785505054.5813,2026-07-31T09:37:34.581,160.654,1617,,,,0,,,,0.1165,83.35,0.0912,83.35,1,30.0,joystick,+0.000,+0.000,+0.000,+0.000,1100,0,
1785505054.6808,2026-07-31T09:37:34.680,160.754,1618,,,,0,,,,0.1159,83.04,0.0906,83.04,1,30.0,joystick,+0.000,+0.000,+0.000,+0.000,1100,0,
1785505054.7799,2026-07-31T09:37:34.779,160.853,1619,,,,0,,,,0.1138,82.39,0.0885,82.39,1,30.0,joystick,+0.000,+0.000,+0.000,+0.000,1100,0,
1785505054.8788,2026-07-31T09:37:34.878,160.952,1620,,,,0,,,,0.1157,82.06,0.0904,82.06,1,30.0,joystick,+0.000,+0.000,+0.000,+0.000,1100,0,
1785505054.9778,2026-07-31T09:37:34.977,161.051,1621,,,,0,,,,0.1142,81.38,0.0889,81.38,1,30.0,joystick,+0.000,+0.000,+0.000,+0.000,1100,0,
1785505055.0766,2026-07-31T09:37:35.076,161.150,1622,,,,0,,,,0.1161,80.67,0.0908,80.67,1,30.0,joystick,+0.000,+0.000,+0.000,+0.000,1100,0,
1785505055.1763,2026-07-31T09:37:35.176,161.249,1623,,,,0,,,,0.1159,80.32,0.0905,80.32,1,30.0,joystick,+0.000,+0.000,+0.000,+0.000,1100,0,
1785505055.2770,2026-07-31T09:37:35.277,161.350,1624,,,,0,,,,0.1120,79.59,0.0866,79.59,1,30.0,joystick,+0.000,+0.000,+0.000,+0.000,1100,0,
1785505055.3760,2026-07-31T09:37:35.376,161.449,1625,,,,0,,,,0.1133,79.23,0.0879,79.23,1,30.0,joystick,+0.000,+0.000,+0.000,+0.000,1100,0,
1785505055.4747,2026-07-31T09:37:35.474,161.548,1626,,,,0,,,,0.1106,78.46,0.0853,78.46,1,30.0,joystick,+0.000,+0.000,+0.000,+0.000,1100,0,
1785505055.5745,2026-07-31T09:37:35.574,161.647,1627,,,,0,,,,0.1118,77.68,0.0864,77.68,1,30.0,joystick,+0.000,+0.000,+0.000,+0.000,1100,0,
1785505055.6743,2026-07-31T09:37:35.674,161.747,1628,,,,0,,,,0.1083,77.31,0.0829,77.31,1,30.0,joystick,+0.000,+0.000,+0.000,+0.000,1100,0,
1785505055.7728,2026-07-31T09:37:35.772,161.846,1629,,,,0,,,,0.1074,76.55,0.0821,76.55,1,30.0,joystick,+0.000,+0.000,+0.000,+0.000,1100,0,
1785505055.8718,2026-07-31T09:37:35.871,161.945,1630,,,,0,,,,0.1071,76.17,0.0817,76.17,1,30.0,joystick,+0.000,+0.000,+0.000,+0.000,1100,0,
1785505055.9707,2026-07-31T09:37:35.970,162.044,1631,,,,0,,,,0.1036,75.41,0.0782,75.41,1,30.0,joystick,+0.000,+0.000,+0.000,+0.000,1100,0,
1785505056.0700,2026-07-31T09:37:36.069,162.143,1632,,,,0,,,,0.1022,75.02,0.0769,75.02,1,30.0,joystick,+0.000,+0.000,+0.000,+0.000,1100,0,
1785505056.1707,2026-07-31T09:37:36.170,162.244,1633,,,,0,,,,0.0983,74.24,0.0730,74.24,1,30.0,joystick,+0.000,+0.000,+0.000,+0.000,1100,0,
1785505056.2704,2026-07-31T09:37:36.270,162.343,1634,,,,0,,,,0.0953,73.49,0.0700,73.49,1,30.0,joystick,+0.000,+0.000,+0.000,+0.000,1100,0,
1785505056.3700,2026-07-31T09:37:36.370,162.443,1635,,,,0,,,,0.0947,73.12,0.0694,73.12,1,30.0,joystick,+0.000,+0.000,+0.000,+0.000,1100,0,
1785505056.4698,2026-07-31T09:37:36.469,162.543,1636,,,,0,,,,0.0930,72.37,0.0676,72.37,1,30.0,joystick,+0.000,+0.000,+0.000,+0.000,1100,0,
1785505056.5680,2026-07-31T09:37:36.568,162.641,1637,,,,0,,,,0.0877,71.99,0.0623,71.99,1,30.0,joystick,+0.000,+0.000,+0.000,+0.000,1100,0,
1785505056.6675,2026-07-31T09:37:36.667,162.741,1638,,,,0,,,,0.0855,71.19,0.0602,71.19,1,30.0,idle,+0.000,+0.000,+0.000,+0.000,1100,0,
1785505056.7662,2026-07-31T09:37:36.766,162.839,1639,,,,0,,,,0.0832,70.39,0.0578,70.39,1,30.0,idle,+0.000,+0.000,+0.000,+0.000,1100,0,
1785505056.8652,2026-07-31T09:37:36.865,162.938,1640,,,,0,,,,0.0773,69.99,0.0519,69.99,1,30.0,idle,+0.000,+0.000,+0.000,+0.000,1100,0,
1785505056.9658,2026-07-31T09:37:36.965,163.039,1641,,,,0,,,,0.0716,69.19,0.0463,69.19,1,30.0,idle,+0.000,+0.000,+0.000,+0.000,1100,0,
1785505057.0650,2026-07-31T09:37:37.065,163.138,1642,,,,0,,,,0.0699,68.78,0.0445,68.78,1,30.0,idle,+0.000,+0.000,+0.000,+0.000,1100,0,
1785505057.1636,2026-07-31T09:37:37.163,163.237,1643,,,,0,,,,0.0724,67.94,0.0470,67.94,1,30.0,idle,+0.000,+0.000,+0.000,+0.000,1100,0,
1785505057.2614,2026-07-31T09:37:37.261,163.334,1644,,,,0,,,,0.0663,67.08,0.0409,67.08,1,30.0,idle,+0.000,+0.000,+0.000,+0.000,1100,0,
1785505057.3619,2026-07-31T09:37:37.361,163.435,1645,,,,0,,,,0.0661,66.65,0.0407,66.65,1,30.0,idle,+0.000,+0.000,+0.000,+0.000,1100,0,
1785505057.4610,2026-07-31T09:37:37.461,163.534,1646,,,,0,,,,0.0636,65.78,0.0382,65.78,1,30.0,idle,+0.000,+0.000,+0.000,+0.000,1100,0,
1785505057.5601,2026-07-31T09:37:37.560,163.633,1647,,,,0,,,,0.0628,65.33,0.0375,65.33,1,30.0,idle,+0.000,+0.000,+0.000,+0.000,1100,0,
1785505057.6591,2026-07-31T09:37:37.659,163.732,1648,,,,0,,,,0.0576,64.44,0.0322,64.44,1,30.0,idle,+0.000,+0.000,+0.000,+0.000,1100,0,
1785505057.7592,2026-07-31T09:37:37.759,163.832,1649,,,,0,,,,0.0540,64.00,0.0287,64.00,1,30.0,idle,+0.000,+0.000,+0.000,+0.000,1100,0,
1785505057.8596,2026-07-31T09:37:37.859,163.933,1650,,,,0,,,,0.0580,63.11,0.0327,63.11,1,30.0,idle,+0.000,+0.000,+0.000,+0.000,1100,0,
1785505057.9596,2026-07-31T09:37:37.959,164.033,1651,,,,0,,,,0.0481,62.26,0.0228,62.26,1,30.0,idle,+0.000,+0.000,+0.000,+0.000,1100,0,
1785505058.0596,2026-07-31T09:37:38.059,164.133,1652,,,,0,,,,0.0461,61.84,0.0208,61.84,1,30.0,idle,+0.000,+0.000,+0.000,+0.000,1100,0,
1785505058.1591,2026-07-31T09:37:38.159,164.232,1653,,,,0,,,,0.0463,61.00,0.0210,61.00,1,30.0,idle,+0.000,+0.000,+0.000,+0.000,1100,0,
1785505058.2594,2026-07-31T09:37:38.259,164.332,1654,,,,0,,,,0.0443,60.58,0.0190,60.58,1,30.0,idle,+0.000,+0.000,+0.000,+0.000,1100,0,
1785505058.3583,2026-07-31T09:37:38.358,164.431,1655,,,,0,,,,0.0000,59.76,0.0154,59.76,1,30.0,idle,+0.000,+0.000,+0.000,+0.000,1100,0,
1785505058.4572,2026-07-31T09:37:38.457,164.530,1656,,,,0,,,,-0.0028,58.96,0.0125,58.96,1,30.0,idle,+0.000,+0.000,+0.000,+0.000,1100,0,
1785505058.5559,2026-07-31T09:37:38.555,164.629,1657,,,,0,,,,-0.0048,58.55,0.0106,58.55,1,30.0,idle,+0.000,+0.000,+0.000,+0.000,1100,0,
1785505058.6558,2026-07-31T09:37:38.655,164.729,1658,,,,0,,,,-0.0098,57.75,0.0056,57.75,1,30.0,idle,+0.000,+0.000,+0.000,+0.000,1100,0,
1785505058.7557,2026-07-31T09:37:38.755,164.829,1659,,,,0,,,,-0.0111,57.36,0.0043,57.36,1,30.0,idle,+0.000,+0.000,+0.000,+0.000,1100,0,
1785505058.8544,2026-07-31T09:37:38.854,164.927,1660,,,,0,,,,-0.0128,56.61,0.0026,56.61,1,30.0,idle,+0.000,+0.000,+0.000,+0.000,1100,0,
1785505058.9538,2026-07-31T09:37:38.953,165.027,1661,,,,0,,,,-0.0152,55.87,0.0002,55.87,1,30.0,idle,+0.000,+0.000,+0.000,+0.000,1100,0,
1785505059.0542,2026-07-31T09:37:39.054,165.127,1662,,,,0,,,,-0.0184,55.49,-0.0030,55.49,1,30.0,idle,+0.000,+0.000,+0.000,+0.000,1100,0,
1785505059.1536,2026-07-31T09:37:39.153,165.227,1663,,,,0,,,,-0.0221,54.71,-0.0067,54.71,1,30.0,idle,+0.000,+0.000,+0.000,+0.000,1100,0,
1785505059.2523,2026-07-31T09:37:39.252,165.325,1664,,,,0,,,,-0.0249,54.33,-0.0095,54.33,1,30.0,idle,+0.000,+0.000,+0.000,+0.000,1100,0,
1785505059.3513,2026-07-31T09:37:39.351,165.424,1665,,,,0,,,,-0.0269,53.60,-0.0116,53.60,1,30.0,idle,+0.000,+0.000,+0.000,+0.000,1100,0,
1785505059.4512,2026-07-31T09:37:39.451,165.524,1666,,,,0,,,,-0.0340,52.91,-0.0186,52.91,1,30.0,idle,+0.000,+0.000,+0.000,+0.000,1100,0,
1785505059.5513,2026-07-31T09:37:39.551,165.624,1667,,,,0,,,,-0.0362,52.57,-0.0208,52.57,1,30.0,idle,+0.000,+0.000,+0.000,+0.000,1100,0,
1785505059.6522,2026-07-31T09:37:39.652,165.725,1668,,,,0,,,,-0.0378,51.88,-0.0224,51.88,1,30.0,idle,+0.000,+0.000,+0.000,+0.000,1100,0,
1785505059.7505,2026-07-31T09:37:39.750,165.824,1669,,,,0,,,,-0.0405,51.53,-0.0251,51.53,1,30.0,idle,+0.000,+0.000,+0.000,+0.000,1100,0,
1785505059.8505,2026-07-31T09:37:39.850,165.924,1670,,,,0,,,,-0.0415,50.83,-0.0261,50.83,1,30.0,hold:D,+0.000,+0.000,-1.000,+0.000,1100,0,
1785505059.9514,2026-07-31T09:37:39.951,166.024,1671,,,,0,,,,-0.0440,50.15,-0.0286,50.15,1,30.0,hold:D,+0.000,+0.000,-1.000,+0.000,1100,0,
1785505060.0514,2026-07-31T09:37:40.051,166.124,1672,,,,0,,,,-0.0469,49.78,-0.0315,49.78,1,30.0,hold:D,+0.000,+0.000,-1.000,+0.000,1100,0,
1785505060.1519,2026-07-31T09:37:40.151,166.225,1673,,,,0,,,,-0.0481,49.14,-0.0327,49.14,1,30.0,hold:D,+0.000,+0.000,-1.000,+0.000,1100,0,
1785505060.2513,2026-07-31T09:37:40.251,166.324,1674,,,,0,,,,-0.0423,48.80,-0.0269,48.80,1,30.0,hold:D,+0.000,+0.000,-1.000,+0.000,1100,0,
1785505060.3507,2026-07-31T09:37:40.350,166.424,1675,,,,0,,,,-0.0364,48.07,-0.0210,48.07,1,30.0,hold:D,+0.000,+0.000,-1.000,+0.000,1100,0,
1785505060.4504,2026-07-31T09:37:40.450,166.523,1676,,,,0,,,,-0.0262,47.28,-0.0108,47.28,1,30.0,hold:D,+0.000,+0.000,-1.000,+0.000,1100,0,
1785505060.5491,2026-07-31T09:37:40.549,166.622,1677,,,,0,,,,-0.0149,46.79,0.0005,46.79,1,30.0,hold:D,+0.000,+0.000,-1.000,+0.000,1100,0,
1785505060.6486,2026-07-31T09:37:40.648,166.722,1678,,,,0,,,,0.0009,45.73,0.0163,45.73,1,30.0,hold:D,+0.000,+0.000,-1.000,+0.000,1100,0,
1785505060.7468,2026-07-31T09:37:40.746,166.820,1679,,,,0,,,,0.0093,45.21,0.0247,45.21,1,30.0,hold:D,+0.000,+0.000,-1.000,+0.000,1100,0,
1785505060.8468,2026-07-31T09:37:40.846,166.920,1680,,,,0,,,,0.0242,44.02,0.0396,44.02,1,30.0,hold:D,+0.000,+0.000,-1.000,+0.000,1100,0,
1785505060.9459,2026-07-31T09:37:40.945,167.019,1681,,,,0,,,,0.0382,43.42,0.0536,43.42,1,30.0,hold:D,+0.000,+0.000,-1.000,+0.000,1100,0,
1785505061.0455,2026-07-31T09:37:41.045,167.118,1682,,,,0,,,,0.0569,42.12,0.0723,42.12,1,30.0,hold:D,+0.000,+0.000,-1.000,+0.000,1100,0,
1785505061.1442,2026-07-31T09:37:41.144,167.217,1683,,,,0,,,,0.0851,40.77,0.1005,40.77,1,30.0,hold:D,+0.000,+0.000,-1.000,+0.000,1100,0,
1785505061.2436,2026-07-31T09:37:41.243,167.317,1684,,,,0,,,,0.0950,40.07,0.1104,40.07,1,30.0,hold:D,+0.000,+0.000,-1.000,+0.000,1100,0,
1785505061.3438,2026-07-31T09:37:41.343,167.417,1685,,,,0,,,,0.1185,38.72,0.1339,38.72,1,30.0,hold:D,+0.000,+0.000,-1.000,+0.000,1100,0,
1785505061.4430,2026-07-31T09:37:41.443,167.516,1686,,,,0,,,,0.1311,38.04,0.1465,38.04,1,30.0,hold:D,+0.000,+0.000,-1.000,+0.000,1100,0,
1785505061.5426,2026-07-31T09:37:41.542,167.616,1687,,,,0,,,,0.1616,36.79,0.1770,36.79,1,30.0,hold:D,+0.000,+0.000,-1.000,+0.000,1100,0,
1785505061.6418,2026-07-31T09:37:41.641,167.715,1688,,,,0,,,,0.1901,35.61,0.2055,35.61,1,30.0,hold:D,+0.000,+0.000,-0.989,+0.000,1100,0,
1785505061.7411,2026-07-31T09:37:41.741,167.814,1689,,,,0,,,,0.2082,35.05,0.2236,35.05,1,30.0,hold:D,+0.000,+0.000,-0.934,+0.000,1100,0,
1785505061.8405,2026-07-31T09:37:41.840,167.914,1690,,,,0,,,,0.2361,34.04,0.2515,34.04,1,30.0,hold:D,+0.000,+0.000,-0.923,+0.000,1100,0,
1785505061.9397,2026-07-31T09:37:41.939,168.013,1691,,,,0,,,,0.2539,33.56,0.2693,33.56,1,30.0,hold:D,+0.000,+0.000,-0.864,+0.000,1100,0,
1785505062.0384,2026-07-31T09:37:42.038,168.111,1692,,,,0,,,,0.2903,32.68,0.3056,32.68,1,30.0,hold:D,+0.000,+0.000,-0.841,+0.000,1100,0,
1785505062.1376,2026-07-31T09:37:42.137,168.211,1693,,,,0,,,,0.3009,32.28,0.3163,32.28,1,30.0,hold:D,+0.000,+0.000,-0.788,+0.000,1100,0,
1785505062.2383,2026-07-31T09:37:42.238,168.311,1694,,,,0,,,,0.3413,31.55,0.3567,31.55,1,30.0,hold:D,+0.000,+0.000,-0.750,+0.000,1100,0,
1785505062.3380,2026-07-31T09:37:42.338,168.411,1695,,,,0,,,,0.3766,30.94,0.3920,30.94,1,30.0,hold:D,+0.000,+0.000,-0.690,+0.000,1100,0,
1785505062.4367,2026-07-31T09:37:42.436,168.510,1696,,,,0,,,,0.3888,30.69,0.4042,30.69,1,30.0,hold:D,+0.000,+0.000,-0.630,+0.000,1100,0,
1785505062.5360,2026-07-31T09:37:42.536,168.609,1697,,,,0,,,,0.4253,30.26,0.4407,30.26,1,30.0,hold:D,+0.000,+0.000,-0.590,+0.000,1100,0,
1785505062.6363,2026-07-31T09:37:42.636,168.709,1698,,,,0,,,,0.4465,30.10,0.4619,30.10,1,30.0,hold:D,+0.000,+0.000,-0.521,+0.000,1100,0,
1785505062.7349,2026-07-31T09:37:42.734,168.808,1699,,,,0,,,,0.4843,29.82,0.4997,29.82,1,30.0,hold:D,+0.000,+0.000,-0.447,+0.000,1100,0,
1785505062.8339,2026-07-31T09:37:42.833,168.907,1700,,,,0,,,,0.5178,29.56,0.5332,29.56,1,30.0,hold:D,+0.000,+0.000,-0.414,+0.000,1100,0,
1785505062.9334,2026-07-31T09:37:42.933,169.006,1701,,,,0,,,,0.5320,29.43,0.5474,29.43,1,30.0,hold:D,+0.000,+0.000,-0.351,+0.000,1100,0,
1785505063.0319,2026-07-31T09:37:43.031,169.105,1702,,,,0,,,,0.5623,29.17,0.5777,29.17,1,30.0,hold:D,+0.000,+0.000,-0.321,+0.000,1100,0,
1785505063.1320,2026-07-31T09:37:43.132,169.205,1703,,,,0,,,,0.5778,29.05,0.5932,29.05,1,30.0,hold:D,+0.000,+0.000,-0.255,+0.000,1100,0,
1785505063.2315,2026-07-31T09:37:43.231,169.304,1704,,,,0,,,,0.5997,28.78,0.6151,28.78,1,30.0,hold:D,+0.000,+0.000,-0.208,+0.000,1100,0,
1785505063.3306,2026-07-31T09:37:43.330,169.404,1705,,,,0,,,,0.6235,28.53,0.6389,28.53,1,30.0,hold:D,+0.000,+0.000,-0.178,+0.000,1100,0,
1785505063.4294,2026-07-31T09:37:43.429,169.502,1706,,,,0,,,,0.6381,28.40,0.6535,28.40,1,30.0,hold:D,+0.000,+0.000,-0.121,+0.000,1100,0,
1785505063.5287,2026-07-31T09:37:43.528,169.602,1707,,,,0,,,,0.6591,28.15,0.6745,28.15,1,30.0,hold:D,+0.000,+0.000,-0.096,+0.000,1100,0,
1785505063.6278,2026-07-31T09:37:43.627,169.701,1708,,,,0,,,,0.6686,28.03,0.6840,28.03,1,30.0,hold:D,+0.000,+0.000,-0.048,+0.000,1100,0,
1785505063.7265,2026-07-31T09:37:43.726,169.800,1709,,,,0,,,,0.6935,27.77,0.7089,27.77,1,30.0,hold:D,+0.000,+0.000,-0.015,+0.000,1100,0,
1785505063.8257,2026-07-31T09:37:43.825,169.899,1710,,,,0,,,,0.7088,27.52,0.7242,27.52,1,30.0,hold:D,+0.000,+0.000,+0.028,+0.000,1100,0,
1785505063.9245,2026-07-31T09:37:43.924,169.998,1711,,,,0,,,,0.7208,27.39,0.7362,27.39,1,30.0,hold:D,+0.000,+0.000,+0.079,+0.000,1100,0,
1785505064.0240,2026-07-31T09:37:44.023,170.097,1712,,,,0,,,,0.7368,27.14,0.7522,27.14,1,30.0,hold:D,+0.000,+0.000,+0.104,+0.000,1100,0,
1785505064.1224,2026-07-31T09:37:44.122,170.195,1713,,,,0,,,,0.7474,27.02,0.7628,27.02,1,30.0,hold:D,+0.000,+0.000,+0.151,+0.000,1100,0,
1785505064.2221,2026-07-31T09:37:44.222,170.295,1714,,,,0,,,,0.7611,26.78,0.7765,26.78,1,30.0,hold:D,+0.000,+0.000,+0.170,+0.000,1100,0,
1785505064.3209,2026-07-31T09:37:44.320,170.394,1715,,,,0,,,,0.7802,26.54,0.7956,26.54,1,30.0,hold:D,+0.000,+0.000,+0.219,+0.000,1100,0,
1785505064.4201,2026-07-31T09:37:44.420,170.493,1716,,,,0,,,,0.7851,26.41,0.8005,26.41,1,30.0,hold:D,+0.000,+0.000,+0.258,+0.000,1100,0,
1785505064.5190,2026-07-31T09:37:44.518,170.592,1717,,,,0,,,,0.7987,26.15,0.8141,26.15,1,30.0,hold:D,+0.000,+0.000,+0.286,+0.000,1100,0,
1785505064.6182,2026-07-31T09:37:44.618,170.691,1718,,,,0,,,,0.8068,26.01,0.8222,26.01,1,30.0,hold:D,+0.000,+0.000,+0.325,+0.000,1100,0,
1785505064.7168,2026-07-31T09:37:44.716,170.790,1719,,,,0,,,,0.8211,25.72,0.8365,25.72,1,30.0,hold:D,+0.000,+0.000,+0.347,+0.000,1100,0,
1785505064.8165,2026-07-31T09:37:44.816,170.890,1720,,,,0,,,,0.8254,25.58,0.8408,25.58,1,30.0,hold:D,+0.000,+0.000,+0.387,+0.000,1100,0,
1785505064.9155,2026-07-31T09:37:44.915,170.989,1721,,,,0,,,,0.8340,25.27,0.8494,25.27,1,30.0,hold:D,+0.000,+0.000,+0.417,+0.000,1100,0,
1785505065.0158,2026-07-31T09:37:45.015,171.089,1722,,,,0,,,,0.8439,24.96,0.8593,24.96,1,30.0,hold:D,+0.000,+0.000,+0.449,+0.000,1100,0,
1785505065.1147,2026-07-31T09:37:45.114,171.188,1723,,,,0,,,,0.8495,24.80,0.8649,24.80,1,30.0,hold:D,+0.000,+0.000,+0.476,+0.000,1100,0,
1785505065.2147,2026-07-31T09:37:45.214,171.288,1724,,,,0,,,,0.8615,24.49,0.8769,24.49,1,30.0,hold:D,+0.000,+0.000,+0.501,+0.000,1100,0,
1785505065.3142,2026-07-31T09:37:45.314,171.387,1725,,,,0,,,,0.8644,24.33,0.8798,24.33,1,30.0,hold:D,+0.000,+0.000,+0.534,+0.000,1100,0,
1785505065.4134,2026-07-31T09:37:45.413,171.486,1726,,,,0,,,,0.8708,24.00,0.8861,24.00,1,30.0,hold:D,+0.000,+0.000,+0.563,+0.000,1100,0,
1785505065.5121,2026-07-31T09:37:45.512,171.585,1727,,,,0,,,,0.8754,23.84,0.8908,23.84,1,30.0,hold:D,+0.000,+0.000,+0.586,+0.000,1100,0,
1785505065.6112,2026-07-31T09:37:45.611,171.684,1728,,,,0,,,,0.8752,23.55,0.8906,23.55,1,30.0,hold:D,+0.000,+0.000,+0.597,+0.000,1100,0,
1785505065.7104,2026-07-31T09:37:45.710,171.783,1729,,,,0,,,,0.8785,23.28,0.8939,23.28,1,30.0,hold:D,+0.000,+0.000,+0.621,+0.000,1100,0,
1785505065.8105,2026-07-31T09:37:45.810,171.884,1730,,,,0,,,,0.8760,23.17,0.8914,23.17,1,30.0,hold:D,+0.000,+0.000,+0.632,+0.000,1100,0,
1785505065.9101,2026-07-31T09:37:45.910,171.983,1731,,,,0,,,,0.8809,22.96,0.8963,22.96,1,30.0,hold:D,+0.000,+0.000,+0.662,+0.000,1100,0,
1785505066.0109,2026-07-31T09:37:46.010,172.084,1732,,,,0,,,,0.8793,0.00,0.8947,22.86,1,30.0,hold:D,+0.000,+0.000,+0.669,+0.000,1100,0,
1785505066.1092,2026-07-31T09:37:46.109,172.182,1733,,,,0,,,,0.8775,-0.15,0.8929,22.71,1,30.0,hold:D,+0.000,+0.000,+0.677,+0.000,1100,0,
1785505066.2084,2026-07-31T09:37:46.208,172.281,1734,,,,0,,,,0.8730,-0.25,0.8884,22.61,1,30.0,hold:D,+0.000,+0.000,+0.702,+0.000,1100,0,
1785505066.3071,2026-07-31T09:37:46.307,172.380,1735,,,,0,,,,0.8711,-0.30,0.8865,22.56,1,30.0,hold:D,+0.000,+0.000,+0.697,+0.000,1100,0,
1785505066.4074,2026-07-31T09:37:46.407,172.480,1736,,,,0,,,,0.8680,-0.40,0.8834,22.46,1,30.0,hold:D,+0.000,+0.000,+0.710,+0.000,1100,0,
1785505066.5068,2026-07-31T09:37:46.506,172.580,1737,,,,0,,,,0.8676,-0.45,0.8830,22.41,1,30.0,hold:D,+0.000,+0.000,+0.719,+0.000,1100,0,
1785505066.6064,2026-07-31T09:37:46.606,172.679,1738,,,,0,,,,0.8576,-0.52,0.8730,22.34,1,30.0,hold:D,+0.000,+0.000,+0.714,+0.000,1100,0,
1785505066.7052,2026-07-31T09:37:46.705,172.778,1739,,,,0,,,,0.8506,-0.60,0.8660,22.26,1,30.0,hold:D,+0.000,+0.000,+0.722,+0.000,1100,0,
1785505066.8049,2026-07-31T09:37:46.804,172.878,1740,,,,0,,,,0.8444,-0.62,0.8598,22.24,1,30.0,hold:D,+0.000,+0.000,+0.715,+0.000,1100,0,
1785505066.9034,2026-07-31T09:37:46.903,172.976,1741,,,,0,,,,0.8330,-0.66,0.8484,22.20,1,30.0,hold:D,+0.000,+0.000,+0.707,+0.000,1100,0,
1785505067.0026,2026-07-31T09:37:47.002,173.076,1742,,,,0,,,,0.8238,-0.67,0.8392,22.19,1,30.0,hold:D,+0.000,+0.000,+0.701,+0.000,1100,0,
1785505067.1014,2026-07-31T09:37:47.101,173.174,1743,,,,0,,,,0.8117,-0.68,0.8271,22.18,1,30.0,hold:D,+0.000,+0.000,+0.702,+0.000,1100,0,
1785505067.2001,2026-07-31T09:37:47.200,173.273,1744,,,,0,,,,0.7979,-0.69,0.8133,22.17,1,30.0,hold:D,+0.000,+0.000,+0.693,+0.000,1100,0,
1785505067.2986,2026-07-31T09:37:47.298,173.372,1745,,,,0,,,,0.7963,-0.69,0.8117,22.17,1,30.0,hold:D,+0.000,+0.000,+0.682,+0.000,1100,0,
1785505067.3988,2026-07-31T09:37:47.398,173.472,1746,,,,0,,,,0.7801,-0.66,0.7955,22.20,1,30.0,hold:D,+0.000,+0.000,+0.677,+0.000,1100,0,
1785505067.4986,2026-07-31T09:37:47.498,173.572,1747,,,,0,,,,0.7720,-0.64,0.7874,22.22,1,30.0,hold:D,+0.000,+0.000,+0.656,+0.000,1100,0,
1785505067.5976,2026-07-31T09:37:47.597,173.671,1748,,,,0,,,,0.7570,-0.64,0.7724,22.22,1,30.0,hold:D,+0.000,+0.000,+0.645,+0.000,1100,0,
1785505067.6971,2026-07-31T09:37:47.697,173.770,1749,,,,0,,,,0.7435,-0.69,0.7589,22.17,1,30.0,hold:D,+0.000,+0.000,+0.628,+0.000,1100,0,
1785505067.7957,2026-07-31T09:37:47.795,173.869,1750,,,,0,,,,0.7344,-0.72,0.7498,22.14,1,30.0,hold:D,+0.000,+0.000,+0.611,+0.000,1100,0,
1785505067.8951,2026-07-31T09:37:47.895,173.968,1751,,,,0,,,,0.7151,-0.79,0.7304,22.07,1,30.0,hold:D,+0.000,+0.000,+0.600,+0.000,1100,0,
1785505067.9939,2026-07-31T09:37:47.993,174.067,1752,,,,0,,,,0.7103,-0.84,0.7257,22.02,1,30.0,hold:D,+0.000,+0.000,+0.580,+0.000,1100,0,
1785505068.0941,2026-07-31T09:37:48.094,174.167,1753,,,,0,,,,0.6915,-0.95,0.7069,21.91,1,30.0,hold:D,+0.000,+0.000,+0.569,+0.000,1100,0,
1785505068.1936,2026-07-31T09:37:48.193,174.267,1754,,,,0,,,,0.6774,-1.07,0.6928,21.79,1,30.0,hold:D,+0.000,+0.000,+0.548,+0.000,1100,0,
1785505068.2927,2026-07-31T09:37:48.292,174.366,1755,,,,0,,,,0.6713,-1.14,0.6867,21.72,1,30.0,hold:D,+0.000,+0.000,+0.525,+0.000,1100,0,
1785505068.3935,2026-07-31T09:37:48.393,174.467,1756,,,,0,,,,0.6529,-1.29,0.6683,21.57,1,30.0,hold:D,+0.000,+0.000,+0.518,+0.000,1100,0,
1785505068.4946,2026-07-31T09:37:48.494,174.568,1757,,,,0,,,,0.6442,-1.38,0.6596,21.48,1,30.0,hold:D,+0.000,+0.000,+0.483,+0.000,1100,0,
1785505068.5930,2026-07-31T09:37:48.593,174.666,1758,,,,0,,,,0.6271,-1.59,0.6425,21.27,1,30.0,hold:D,+0.000,+0.000,+0.479,+0.000,1100,0,
1785505068.6924,2026-07-31T09:37:48.692,174.765,1759,,,,0,,,,0.6134,-1.84,0.6288,21.02,1,30.0,hold:D,+0.000,+0.000,+0.449,+0.000,1100,0,
1785505068.7915,2026-07-31T09:37:48.791,174.865,1760,,,,0,,,,0.6063,-1.97,0.6217,20.89,1,30.0,hold:D,+0.000,+0.000,+0.423,+0.000,1100,0,
1785505068.8905,2026-07-31T09:37:48.890,174.963,1761,,,,0,,,,0.5913,-2.29,0.6067,20.57,1,30.0,hold:D,+0.000,+0.000,+0.403,+0.000,1100,0,
1785505068.9898,2026-07-31T09:37:48.989,175.063,1762,,,,0,,,,0.5814,-2.46,0.5968,20.40,1,30.0,hold:D,+0.000,+0.000,+0.380,+0.000,1100,0,
1785505069.0882,2026-07-31T09:37:49.088,175.161,1763,,,,0,,,,0.5664,-2.84,0.5818,20.02,1,30.0,hold:D,+0.000,+0.000,+0.370,+0.000,1100,0,
1785505069.1888,2026-07-31T09:37:49.188,175.262,1764,,,,0,,,,0.5608,-3.04,0.5762,19.82,1,30.0,hold:D,+0.000,+0.000,+0.345,+0.000,1100,0,
1785505069.2880,2026-07-31T09:37:49.288,175.361,1765,,,,0,,,,0.5465,-3.48,0.5619,19.38,1,30.0,hold:D,+0.000,+0.000,+0.318,+0.000,1100,0,
1785505069.3884,2026-07-31T09:37:49.388,175.461,1766,,,,0,,,,0.5317,-3.93,0.5471,18.93,1,30.0,hold:D,+0.000,+0.000,+0.300,+0.000,1100,0,
1785505069.4873,2026-07-31T09:37:49.487,175.560,1767,,,,0,,,,0.5227,-4.16,0.5381,18.70,1,30.0,hold:D,+0.000,+0.000,+0.273,+0.000,1100,0,
1785505069.5870,2026-07-31T09:37:49.586,175.660,1768,,,,0,,,,0.5112,-4.65,0.5266,18.21,1,30.0,hold:D,+0.000,+0.000,+0.276,+0.000,1100,0,
1785505069.6857,2026-07-31T09:37:49.685,175.759,1769,,,,0,,,,0.5053,-4.91,0.5207,17.95,1,30.0,hold:D,+0.000,+0.000,+0.240,+0.000,1100,0,
1785505069.7860,2026-07-31T09:37:49.785,175.859,1770,,,,0,,,,0.4946,-5.43,0.5100,17.43,1,30.0,hold:D,+0.000,+0.000,+0.228,+0.000,1100,0,
1785505069.8850,2026-07-31T09:37:49.885,175.958,1771,,,,0,,,,0.4827,-5.98,0.4981,16.88,1,30.0,hold:D,+0.000,+0.000,+0.216,+0.000,1100,0,
1785505069.9839,2026-07-31T09:37:49.983,176.057,1772,,,,0,,,,0.4837,-6.25,0.4991,16.61,1,30.0,hold:D,+0.000,+0.000,+0.196,+0.000,1100,0,
1785505070.0824,2026-07-31T09:37:50.082,176.155,1773,,,,0,,,,0.4707,-6.80,0.4861,16.06,1,30.0,hold:D,+0.000,+0.000,+0.182,+0.000,1100,0,
1785505070.1829,2026-07-31T09:37:50.182,176.256,1774,,,,0,,,,0.4666,-7.06,0.4820,15.80,1,30.0,hold:D,+0.000,+0.000,+0.160,+0.000,1100,0,
1785505070.2822,2026-07-31T09:37:50.282,176.355,1775,,,,0,,,,0.4562,-7.60,0.4716,15.26,1,30.0,hold:D,+0.000,+0.000,+0.141,+0.000,1100,0,
1785505070.3806,2026-07-31T09:37:50.380,176.454,1776,,,,0,,,,0.4470,-8.12,0.4624,14.74,1,30.0,hold:D,+0.000,+0.000,+0.130,+0.000,1100,0,
1785505070.4812,2026-07-31T09:37:50.481,176.554,1777,,,,0,,,,0.4451,-8.37,0.4605,14.49,1,30.0,hold:D,+0.000,+0.000,+0.112,+0.000,1100,0,
1785505070.5795,2026-07-31T09:37:50.579,176.653,1778,,,,0,,,,0.4331,-8.88,0.4485,13.98,1,30.0,hold:D,+0.000,+0.000,+0.099,+0.000,1100,0,
1785505070.6788,2026-07-31T09:37:50.678,176.752,1779,,,,0,,,,0.4296,-9.14,0.4450,13.72,1,30.0,hold:D,+0.000,+0.000,+0.076,+0.000,1100,0,
1785505070.7783,2026-07-31T09:37:50.778,176.851,1780,,,,0,,,,0.4225,-9.65,0.4379,13.21,1,30.0,hold:D,+0.000,+0.000,+0.068,+0.000,1100,0,
1785505070.8777,2026-07-31T09:37:50.877,176.951,1781,,,,0,,,,0.4159,-10.14,0.4313,12.72,1,30.0,hold:D,+0.000,+0.000,+0.046,+0.000,1100,0,
1785505070.9783,2026-07-31T09:37:50.978,177.051,1782,,,,0,,,,0.4097,-10.38,0.4251,12.48,1,30.0,hold:D,+0.000,+0.000,+0.027,+0.000,1100,0,
1785505071.0768,2026-07-31T09:37:51.076,177.150,1783,,,,0,,,,0.4038,-10.85,0.4192,12.01,1,30.0,hold:D,+0.000,+0.000,+0.015,+0.000,1100,0,
1785505071.1768,2026-07-31T09:37:51.176,177.250,1784,,,,0,,,,0.3988,-11.08,0.4142,11.78,1,30.0,hold:D,+0.000,+0.000,-0.003,+0.000,1100,0,
1785505071.2775,2026-07-31T09:37:51.277,177.351,1785,,,,0,,,,0.3931,-11.53,0.4085,11.33,1,30.0,hold:D,+0.000,+0.000,-0.008,+0.000,1100,0,
1785505071.3763,2026-07-31T09:37:51.376,177.449,1786,,,,0,,,,0.3825,-11.98,0.3979,10.88,1,30.0,hold:D,+0.000,+0.000,-0.031,+0.000,1100,0,
1785505071.4757,2026-07-31T09:37:51.475,177.549,1787,,,,0,,,,0.3807,-12.20,0.3961,10.66,1,30.0,hold:D,+0.000,+0.000,-0.052,+0.000,1100,0,
1785505071.5750,2026-07-31T09:37:51.574,177.648,1788,,,,0,,,,0.3750,-12.63,0.3904,10.23,1,30.0,hold:D,+0.000,+0.000,-0.055,+0.000,1100,0,
1785505071.6753,2026-07-31T09:37:51.675,177.748,1789,,,,0,,,,0.3712,-12.85,0.3866,10.01,1,30.0,hold:D,+0.000,+0.000,-0.081,+0.000,1100,0,
1785505071.7744,2026-07-31T09:37:51.774,177.847,1790,,,,0,,,,0.3624,-13.25,0.3778,9.61,1,30.0,hold:D,+0.000,+0.000,-0.093,+0.000,1100,0,
1785505071.8733,2026-07-31T09:37:51.873,177.946,1791,,,,0,,,,0.3593,-13.65,0.3747,9.21,1,30.0,hold:D,+0.000,+0.000,-0.109,+0.000,1100,0,
1785505071.9724,2026-07-31T09:37:51.972,178.045,1792,,,,0,,,,0.3524,-13.84,0.3678,9.02,1,30.0,hold:D,+0.000,+0.000,-0.135,+0.000,1100,0,
1785505072.0718,2026-07-31T09:37:52.071,178.145,1793,,,,0,,,,0.3481,-14.22,0.3635,8.64,1,30.0,hold:D,+0.000,+0.000,-0.143,+0.000,1100,0,
1785505072.1708,2026-07-31T09:37:52.170,178.244,1794,,,,0,,,,0.3438,-14.40,0.3592,8.46,1,30.0,hold:D,+0.000,+0.000,-0.164,+0.000,1100,0,
1785505072.2682,2026-07-31T09:37:52.268,178.341,1795,,,,0,,,,0.3361,-14.76,0.3515,8.10,1,30.0,hold:D,+0.000,+0.000,-0.178,+0.000,1100,0,
1785505072.3675,2026-07-31T09:37:52.367,178.441,1796,,,,0,,,,0.3319,-14.95,0.3473,7.91,1,30.0,hold:D,+0.000,+0.000,-0.200,+0.000,1100,0,
1785505072.4671,2026-07-31T09:37:52.467,178.540,1797,,,,0,,,,0.3301,-15.31,0.3455,7.55,1,30.0,hold:D,+0.000,+0.000,-0.211,+0.000,1100,0,
1785505072.5663,2026-07-31T09:37:52.566,178.639,1798,,,,0,,,,0.3246,-15.66,0.3400,7.20,1,30.0,hold:D,+0.000,+0.000,-0.233,+0.000,1100,0,
1785505072.6655,2026-07-31T09:37:52.665,178.739,1799,,,,0,,,,0.3223,-15.83,0.3376,7.03,1,30.0,hold:D,+0.000,+0.000,-0.240,+0.000,1100,0,
1785505072.7645,2026-07-31T09:37:52.764,178.837,1800,,,,0,,,,0.3174,-16.16,0.3328,6.70,1,30.0,hold:D,+0.000,+0.000,-0.257,+0.000,1100,0,
1785505072.8644,2026-07-31T09:37:52.864,178.937,1801,,,,0,,,,0.3128,-16.32,0.3282,6.54,1,30.0,hold:D,+0.000,+0.000,-0.274,+0.000,1100,0,
1785505072.9638,2026-07-31T09:37:52.963,179.037,1802,,,,0,,,,0.3063,-16.65,0.3217,6.21,1,30.0,hold:D,+0.000,+0.000,-0.294,+0.000,1100,0,
1785505073.0638,2026-07-31T09:37:53.063,179.137,1803,,,,0,,,,0.3036,-16.97,0.3190,5.89,1,30.0,hold:D,+0.000,+0.000,-0.303,+0.000,1100,0,
1785505073.1635,2026-07-31T09:37:53.163,179.237,1804,,,,0,,,,0.3020,-17.13,0.3174,5.73,1,30.0,hold:D,+0.000,+0.000,-0.318,+0.000,1100,0,
1785505073.2633,2026-07-31T09:37:53.263,179.336,1805,,,,0,,,,0.2988,-17.45,0.3142,5.41,1,30.0,hold:D,+0.000,+0.000,-0.331,+0.000,1100,0,
1785505073.3626,2026-07-31T09:37:53.362,179.436,1806,,,,0,,,,0.2935,-17.61,0.3089,5.25,1,30.0,hold:D,+0.000,+0.000,-0.352,+0.000,1100,0,
1785505073.4617,2026-07-31T09:37:53.461,179.535,1807,,,,0,,,,0.2940,-17.91,0.3094,4.95,1,30.0,hold:D,+0.000,+0.000,-0.357,+0.000,1100,0,
1785505073.5610,2026-07-31T09:37:53.561,179.634,1808,,,,0,,,,0.2923,-18.07,0.3077,4.79,1,30.0,hold:D,+0.000,+0.000,-0.370,+0.000,1100,0,
1785505073.6605,2026-07-31T09:37:53.660,179.734,1809,,,,0,,,,0.2906,-18.36,0.3060,4.50,1,30.0,hold:D,+0.000,+0.000,-0.382,+0.000,1100,0,
1785505073.7613,2026-07-31T09:37:53.761,179.834,1810,,,,0,,,,0.2838,-18.67,0.2992,4.19,1,30.0,hold:D,+0.000,+0.000,-0.397,+0.000,1100,0,
1785505073.8606,2026-07-31T09:37:53.860,179.934,1811,,,,0,,,,0.2839,-18.83,0.2993,4.03,1,30.0,hold:D,+0.000,+0.000,-0.413,+0.000,1100,0,
1785505073.9598,2026-07-31T09:37:53.959,180.033,1812,,,,0,,,,0.2873,-19.15,0.3027,3.71,1,30.0,hold:D,+0.000,+0.000,-0.428,+0.000,1100,0,
1785505074.0602,2026-07-31T09:37:54.060,180.133,1813,,,,0,,,,0.2854,-19.31,0.3008,3.55,1,30.0,hold:D,+0.000,+0.000,-0.427,+0.000,1100,0,
1785505074.1588,2026-07-31T09:37:54.158,180.232,1814,,,,0,,,,0.2802,-19.61,0.2956,3.25,1,30.0,hold:D,+0.000,+0.000,-0.446,+0.000,1100,0,
1785505074.2594,2026-07-31T09:37:54.259,180.332,1815,,,,0,,,,0.2772,-19.92,0.2926,2.94,1,30.0,hold:D,+0.000,+0.000,-0.460,+0.000,1100,0,
1785505074.3588,2026-07-31T09:37:54.358,180.432,1816,,,,0,,,,0.2818,-20.08,0.2972,2.78,1,30.0,hold:D,+0.000,+0.000,-0.460,+0.000,1100,0,
1785505074.4578,2026-07-31T09:37:54.457,180.531,1817,,,,0,,,,0.2793,-20.40,0.2947,2.46,1,30.0,hold:D,+0.000,+0.000,-0.465,+0.000,1100,0,
1785505074.5570,2026-07-31T09:37:54.557,180.630,1818,,,,0,,,,0.2780,-20.73,0.2934,2.13,1,30.0,hold:D,+0.000,+0.000,-0.481,+0.000,1100,0,
1785505074.6566,2026-07-31T09:37:54.656,180.730,1819,,,,0,,,,0.2794,-20.90,0.2948,1.96,1,30.0,hold:D,+0.000,+0.000,-0.491,+0.000,1100,0,
1785505074.7551,2026-07-31T09:37:54.755,180.828,1820,,,,0,,,,0.2818,-21.24,0.2972,1.62,1,30.0,hold:D,+0.000,+0.000,-0.497,+0.000,1100,0,
1785505074.8542,2026-07-31T09:37:54.854,180.927,1821,,,,0,,,,0.2857,-21.41,0.3011,1.45,1,30.0,hold:D,+0.000,+0.000,-0.496,+0.000,1100,0,
1785505074.9531,2026-07-31T09:37:54.953,181.026,1822,,,,0,,,,0.2861,-21.74,0.3015,1.12,1,30.0,hold:D,+0.000,+0.000,-0.495,+0.000,1100,0,
1785505075.0528,2026-07-31T09:37:55.052,181.126,1823,,,,0,,,,0.2872,-22.07,0.3025,0.79,1,30.0,hold:D,+0.000,+0.000,-0.503,+0.000,1100,0,
1785505075.1516,2026-07-31T09:37:55.151,181.225,1824,,,,0,,,,0.2924,-22.23,0.3078,0.63,1,30.0,hold:D,+0.000,+0.000,-0.508,+0.000,1100,0,
1785505075.2502,2026-07-31T09:37:55.250,181.323,1825,,,,0,,,,0.3017,-22.58,0.3171,0.28,1,30.0,hold:D,+0.000,+0.000,-0.502,+0.000,1100,0,
1785505075.3498,2026-07-31T09:37:55.349,181.423,1826,,,,0,,,,0.3037,-22.76,0.3191,0.10,1,30.0,hold:D,+0.000,+0.000,-0.501,+0.000,1100,0,
1785505075.4490,2026-07-31T09:37:55.448,181.522,1827,,,,0,,,,0.3086,-23.12,0.3240,-0.26,1,30.0,hold:D,+0.000,+0.000,-0.502,+0.000,1100,0,
1785505075.5475,2026-07-31T09:37:55.547,181.620,1828,,,,0,,,,0.3105,-23.30,0.3259,-0.44,1,30.0,hold:D,+0.000,+0.000,-0.503,+0.000,1100,0,
1785505075.6470,2026-07-31T09:37:55.647,181.720,1829,,,,0,,,,0.3179,-23.67,0.3333,-0.81,1,30.0,hold:D,+0.000,+0.000,-0.495,+0.000,1100,0,
1785505075.7462,2026-07-31T09:37:55.746,181.819,1830,,,,0,,,,0.3272,-24.06,0.3426,-1.20,1,30.0,hold:D,+0.000,+0.000,-0.501,+0.000,1100,0,
1785505075.8455,2026-07-31T09:37:55.845,181.919,1831,,,,0,,,,0.3314,-24.26,0.3468,-1.40,1,30.0,hold:D,+0.000,+0.000,-0.482,+0.000,1100,0,
1785505075.9455,2026-07-31T09:37:55.945,182.019,1832,,,,0,,,,0.3395,-24.65,0.3549,-1.79,1,30.0,hold:D,+0.000,+0.000,-0.486,+0.000,1100,0,
1785505076.0460,2026-07-31T09:37:56.046,182.119,1833,,,,0,,,,0.3381,-24.86,0.3535,-2.00,1,30.0,hold:D,+0.000,+0.000,-0.482,+0.000,1100,0,
1785505076.1469,2026-07-31T09:37:56.146,182.220,1834,,,,0,,,,0.3497,-25.28,0.3651,-2.42,1,30.0,hold:D,+0.000,+0.000,-0.465,+0.000,1100,0,
1785505076.2462,2026-07-31T09:37:56.246,182.319,1835,,,,0,,,,0.3539,-25.70,0.3693,-2.84,1,30.0,hold:D,+0.000,+0.000,-0.458,+0.000,1100,0,
1785505076.3466,2026-07-31T09:37:56.346,182.420,1836,,,,0,,,,0.3619,-25.91,0.3773,-3.05,1,30.0,hold:D,+0.000,+0.000,-0.452,+0.000,1100,0,
1785505076.4473,2026-07-31T09:37:56.447,182.520,1837,,,,0,,,,0.3707,-26.32,0.3861,-3.46,1,30.0,hold:D,+0.000,+0.000,-0.452,+0.000,1100,0,
1785505076.5458,2026-07-31T09:37:56.545,182.619,1838,,,,0,,,,0.3748,-26.53,0.3902,-3.67,1,30.0,hold:D,+0.000,+0.000,-0.437,+0.000,1100,0,
1785505076.6453,2026-07-31T09:37:56.645,182.718,1839,,,,0,,,,0.3859,-26.95,0.4013,-4.09,1,30.0,hold:D,+0.000,+0.000,-0.420,+0.000,1100,0,
1785505076.7445,2026-07-31T09:37:56.744,182.818,1840,,,,0,,,,0.3882,-27.35,0.4036,-4.49,1,30.0,hold:D,+0.000,+0.000,-0.419,+0.000,1100,0,
1785505076.8439,2026-07-31T09:37:56.843,182.917,1841,,,,0,,,,0.3984,-27.56,0.4138,-4.70,1,30.0,hold:D,+0.000,+0.000,-0.404,+0.000,1100,0,
1785505076.9444,2026-07-31T09:37:56.944,183.017,1842,,,,0,,,,0.4073,-27.98,0.4227,-5.12,1,30.0,hold:D,+0.000,+0.000,-0.399,+0.000,1100,0,
1785505077.0431,2026-07-31T09:37:57.043,183.116,1843,,,,0,,,,0.4139,-28.19,0.4293,-5.33,1,30.0,hold:D,+0.000,+0.000,-0.380,+0.000,1100,0,
1785505077.1417,2026-07-31T09:37:57.141,183.215,1844,,,,0,,,,0.4208,-28.59,0.4362,-5.73,1,30.0,hold:D,+0.000,+0.000,-0.370,+0.000,1100,0,
1785505077.2416,2026-07-31T09:37:57.241,183.315,1845,,,,0,,,,0.4298,-28.98,0.4452,-6.12,1,30.0,hold:D,+0.000,+0.000,-0.365,+0.000,1100,0,
1785505077.3426,2026-07-31T09:37:57.342,183.416,1846,,,,0,,,,0.4338,-29.17,0.4492,-6.31,1,30.0,hold:D,+0.000,+0.000,-0.349,+0.000,1100,0,
1785505077.4419,2026-07-31T09:37:57.441,183.515,1847,,,,0,,,,0.4413,-29.57,0.4567,-6.71,1,30.0,hold:D,+0.000,+0.000,-0.346,+0.000,1100,0,
1785505077.5415,2026-07-31T09:37:57.541,183.615,1848,,,,0,,,,0.4450,-29.75,0.4604,-6.89,1,30.0,hold:D,+0.000,+0.000,-0.332,+0.000,1100,0,
1785505077.6398,2026-07-31T09:37:57.639,183.713,1849,,,,0,,,,0.4564,-30.13,0.4718,-7.27,1,30.0,hold:D,+0.000,+0.000,-0.322,+0.000,1100,0,
1785505077.7393,2026-07-31T09:37:57.739,183.812,1850,,,,0,,,,0.4655,-30.51,0.4809,-7.65,1,30.0,hold:D,+0.000,+0.000,-0.305,+0.000,1100,0,
1785505077.8386,2026-07-31T09:37:57.838,183.912,1851,,,,0,,,,0.4624,-30.70,0.4778,-7.84,1,30.0,hold:D,+0.000,+0.000,-0.302,+0.000,1100,0,
1785505077.9373,2026-07-31T09:37:57.937,184.010,1852,,,,0,,,,0.4737,-31.05,0.4891,-8.19,1,30.0,hold:D,+0.000,+0.000,-0.293,+0.000,1100,0,
1785505078.0360,2026-07-31T09:37:58.036,184.109,1853,,,,0,,,,0.4744,-31.22,0.4898,-8.36,1,30.0,hold:D,+0.000,+0.000,-0.280,+0.000,1100,0,
1785505078.1353,2026-07-31T09:37:58.135,184.208,1854,,,,0,,,,0.4843,-31.57,0.4997,-8.71,1,30.0,hold:D,+0.000,+0.000,-0.267,+0.000,1100,0,
1785505078.2343,2026-07-31T09:37:58.234,184.307,1855,,,,0,,,,0.4871,-31.74,0.5025,-8.88,1,30.0,hold:D,+0.000,+0.000,-0.255,+0.000,1100,0,
1785505078.3340,2026-07-31T09:37:58.334,184.407,1856,,,,0,,,,0.4935,-32.07,0.5089,-9.21,1,30.0,hold:D,+0.000,+0.000,-0.243,+0.000,1100,0,
1785505078.4332,2026-07-31T09:37:58.433,184.506,1857,,,,0,,,,0.4986,-32.40,0.5140,-9.54,1,30.0,hold:D,+0.000,+0.000,-0.241,+0.000,1100,0,
1785505078.5334,2026-07-31T09:37:58.533,184.606,1858,,,,0,,,,0.4996,-32.56,0.5150,-9.70,1,30.0,hold:D,+0.000,+0.000,-0.230,+0.000,1100,0,
1785505078.6326,2026-07-31T09:37:58.632,184.706,1859,,,,0,,,,0.5063,-32.87,0.5217,-10.01,1,30.0,hold:D,+0.000,+0.000,-0.218,+0.000,1100,0,
1785505078.7312,2026-07-31T09:37:58.731,184.804,1860,,,,0,,,,0.5108,-33.01,0.5262,-10.15,1,30.0,hold:D,+0.000,+0.000,-0.208,+0.000,1100,0,
1785505078.8304,2026-07-31T09:37:58.830,184.903,1861,,,,0,,,,0.5130,-33.31,0.5284,-10.45,1,30.0,hold:D,+0.000,+0.000,-0.204,+0.000,1100,0,
1785505078.9300,2026-07-31T09:37:58.929,185.003,1862,,,,0,,,,0.5187,-33.58,0.5341,-10.72,1,30.0,hold:D,+0.000,+0.000,-0.205,+0.000,1100,0,
1785505079.0290,2026-07-31T09:37:59.029,185.102,1863,,,,0,,,,0.5191,-33.72,0.5345,-10.86,1,30.0,hold:D,+0.000,+0.000,-0.191,+0.000,1100,0,
1785505079.1278,2026-07-31T09:37:59.127,185.201,1864,,,,0,,,,0.5253,-33.98,0.5407,-11.12,1,30.0,hold:D,+0.000,+0.000,-0.186,+0.000,1100,0,
1785505079.2265,2026-07-31T09:37:59.226,185.300,1865,,,,0,,,,0.5230,-34.11,0.5384,-11.25,1,30.0,hold:D,+0.000,+0.000,-0.182,+0.000,1100,0,
1785505079.3267,2026-07-31T09:37:59.326,185.400,1866,,,,0,,,,0.5302,-34.38,0.5456,-11.52,1,30.0,hold:D,+0.000,+0.000,-0.167,+0.000,1100,0,
1785505079.4255,2026-07-31T09:37:59.425,185.499,1867,,,,0,,,,0.5357,-34.63,0.5510,-11.77,1,30.0,hold:D,+0.000,+0.000,-0.159,+0.000,1100,0,
1785505079.5255,2026-07-31T09:37:59.525,185.599,1868,,,,0,,,,0.5330,-34.76,0.5484,-11.90,1,30.0,hold:D,+0.000,+0.000,-0.158,+0.000,1100,0,
1785505079.6257,2026-07-31T09:37:59.625,185.699,1869,,,,0,,,,0.5398,-34.99,0.5552,-12.13,1,30.0,hold:D,+0.000,+0.000,-0.144,+0.000,1100,0,
1785505079.7264,2026-07-31T09:37:59.726,185.799,1870,,,,0,,,,0.5389,-35.11,0.5543,-12.25,1,30.0,hold:D,+0.000,+0.000,-0.143,+0.000,1100,0,
1785505079.8257,2026-07-31T09:37:59.825,185.899,1871,,,,0,,,,0.5417,-35.34,0.5571,-12.48,1,30.0,hold:D,+0.000,+0.000,-0.136,+0.000,1100,0,
1785505079.9248,2026-07-31T09:37:59.924,185.998,1872,,,,0,,,,0.5459,-35.57,0.5613,-12.71,1,30.0,hold:D,+0.000,+0.000,-0.132,+0.000,1100,0,
1785505080.0240,2026-07-31T09:38:00.024,186.097,1873,,,,0,,,,0.5460,-35.69,0.5614,-12.83,1,30.0,hold:D,+0.000,+0.000,-0.124,+0.000,1100,0,
1785505080.1231,2026-07-31T09:38:00.123,186.196,1874,,,,0,,,,0.5471,-35.92,0.5625,-13.06,1,30.0,hold:D,+0.000,+0.000,-0.120,+0.000,1100,0,
1785505080.2223,2026-07-31T09:38:00.222,186.295,1875,,,,0,,,,0.5498,-36.04,0.5652,-13.17,1,30.0,hold:D,+0.000,+0.000,-0.113,+0.000,1100,0,
1785505080.3210,2026-07-31T09:38:00.321,186.394,1876,,,,0,,,,0.5538,-36.25,0.5692,-13.39,1,30.0,hold:D,+0.000,+0.000,-0.103,+0.000,1100,0,
1785505080.4201,2026-07-31T09:38:00.420,186.493,1877,,,,0,,,,0.5535,-36.46,0.5689,-13.60,1,30.0,hold:D,+0.000,+0.000,-0.103,+0.000,1100,0,
1785505080.5193,2026-07-31T09:38:00.519,186.592,1878,,,,0,,,,0.5535,-36.57,0.5689,-13.71,1,30.0,hold:D,+0.000,+0.000,-0.099,+0.000,1100,0,
1785505080.6185,2026-07-31T09:38:00.618,186.692,1879,,,,0,,,,0.5532,-36.79,0.5686,-13.93,1,30.0,hold:D,+0.000,+0.000,-0.103,+0.000,1100,0,
1785505080.7184,2026-07-31T09:38:00.718,186.791,1880,,,,0,,,,0.5580,-36.90,0.5734,-14.04,1,30.0,hold:D,+0.000,+0.000,-0.086,+0.000,1100,0,
1785505080.8172,2026-07-31T09:38:00.817,186.890,1881,,,,0,,,,0.5582,-37.11,0.5736,-14.25,1,30.0,hold:D,+0.000,+0.000,-0.090,+0.000,1100,0,
1785505080.9165,2026-07-31T09:38:00.916,186.990,1882,,,,0,,,,0.5522,-37.33,0.5676,-14.47,1,30.0,hold:D,+0.000,+0.000,-0.088,+0.000,1100,0,
1785505081.0156,2026-07-31T09:38:01.015,187.089,1883,,,,0,,,,0.5574,-37.42,0.5728,-14.56,1,30.0,hold:D,+0.000,+0.000,-0.081,+0.000,1100,0,
1785505081.1147,2026-07-31T09:38:01.114,187.188,1884,,,,0,,,,0.5527,-37.62,0.5681,-14.76,1,30.0,hold:D,+0.000,+0.000,-0.086,+0.000,1100,0,
1785505081.2142,2026-07-31T09:38:01.214,187.287,1885,,,,0,,,,0.5543,-37.71,0.5697,-14.85,1,30.0,hold:D,+0.000,+0.000,-0.082,+0.000,1100,0,
1785505081.3131,2026-07-31T09:38:01.313,187.386,1886,,,,0,,,,0.5590,-37.89,0.5744,-15.03,1,30.0,hold:D,+0.000,+0.000,-0.080,+0.000,1100,0,
1785505081.4118,2026-07-31T09:38:01.411,187.485,1887,,,,0,,,,0.5522,-38.07,0.5676,-15.21,1,30.0,hold:D,+0.000,+0.000,-0.074,+0.000,1100,0,
1785505081.5111,2026-07-31T09:38:01.511,187.584,1888,,,,0,,,,0.5577,-38.15,0.5731,-15.29,1,30.0,hold:D,+0.000,+0.000,-0.069,+0.000,1100,0,
1785505081.6104,2026-07-31T09:38:01.610,187.683,1889,,,,0,,,,0.5506,-38.33,0.5660,-15.47,1,30.0,hold:D,+0.000,+0.000,-0.074,+0.000,1100,0,
1785505081.7098,2026-07-31T09:38:01.709,187.783,1890,,,,0,,,,0.5510,-38.42,0.5664,-15.56,1,30.0,hold:D,+0.000,+0.000,-0.078,+0.000,1100,0,
1785505081.8096,2026-07-31T09:38:01.809,187.883,1891,,,,0,,,,0.5547,-38.59,0.5701,-15.73,1,30.0,hold:D,+0.000,+0.000,-0.068,+0.000,1100,0,
1785505081.9081,2026-07-31T09:38:01.908,187.981,1892,,,,0,,,,0.5525,-38.66,0.5679,-15.80,1,30.0,hold:D,+0.000,+0.000,-0.071,+0.000,1100,0,
1785505082.0085,2026-07-31T09:38:02.008,188.082,1893,,,,0,,,,0.5553,-38.81,0.5707,-15.95,1,30.0,hold:D,+0.000,+0.000,-0.070,+0.000,1100,0,
1785505082.1079,2026-07-31T09:38:02.107,188.181,1894,,,,0,,,,0.5513,-38.96,0.5667,-16.10,1,30.0,hold:D,+0.000,+0.000,-0.069,+0.000,1100,0,
1785505082.2060,2026-07-31T09:38:02.206,188.279,1895,,,,0,,,,0.5497,-39.03,0.5651,-16.17,1,30.0,hold:D,+0.000,+0.000,-0.070,+0.000,1100,0,
1785505082.3054,2026-07-31T09:38:02.305,188.378,1896,,,,0,,,,0.5489,-39.17,0.5643,-16.31,1,30.0,hold:D,+0.000,+0.000,-0.073,+0.000,1100,0,
1785505082.4046,2026-07-31T09:38:02.404,188.478,1897,,,,0,,,,0.5483,-39.24,0.5637,-16.38,1,30.0,hold:D,+0.000,+0.000,-0.069,+0.000,1100,0,
1785505082.5038,2026-07-31T09:38:02.503,188.577,1898,,,,0,,,,0.5490,-39.38,0.5644,-16.52,1,30.0,hold:D,+0.000,+0.000,-0.063,+0.000,1100,0,
1785505082.6026,2026-07-31T09:38:02.602,188.676,1899,,,,0,,,,0.5474,-39.51,0.5628,-16.65,1,30.0,hold:D,+0.000,+0.000,-0.066,+0.000,1100,0,
1785505082.7013,2026-07-31T09:38:02.701,188.774,1900,,,,0,,,,0.5445,-39.58,0.5599,-16.72,1,30.0,hold:D,+0.000,+0.000,-0.071,+0.000,1100,0,
1785505082.8022,2026-07-31T09:38:02.802,188.875,1901,,,,0,,,,0.5447,-39.72,0.5601,-16.85,1,30.0,hold:D,+0.000,+0.000,-0.073,+0.000,1100,0,
1785505082.9023,2026-07-31T09:38:02.902,188.975,1902,,,,0,,,,0.5459,-39.78,0.5613,-16.92,1,30.0,hold:D,+0.000,+0.000,-0.065,+0.000,1100,0,
1785505083.0032,2026-07-31T09:38:03.003,189.076,1903,,,,0,,,,0.5418,-39.90,0.5572,-17.04,1,30.0,hold:D,+0.000,+0.000,-0.081,+0.000,1100,0,
1785505083.1031,2026-07-31T09:38:03.103,189.176,1904,,,,0,,,,0.5373,-40.02,0.5527,-17.16,1,30.0,hold:D,+0.000,+0.000,-0.076,+0.000,1100,0,
1785505083.2017,2026-07-31T09:38:03.201,189.275,1905,,,,0,,,,0.5348,-40.07,0.5502,-17.21,1,30.0,hold:D,+0.000,+0.000,-0.082,+0.000,1100,0,
1785505083.3010,2026-07-31T09:38:03.301,189.374,1906,,,,0,,,,0.5354,-40.16,0.5508,-17.30,1,30.0,hold:D,+0.000,+0.000,-0.079,+0.000,1100,0,
1785505083.4002,2026-07-31T09:38:03.400,189.473,1907,,,,0,,,,0.5348,-40.22,0.5502,-17.36,1,30.0,hold:D,+0.000,+0.000,-0.080,+0.000,1100,0,
1785505083.4994,2026-07-31T09:38:03.499,189.572,1908,,,,0,,,,0.5312,-40.32,0.5466,-17.46,1,30.0,hold:D,+0.000,+0.000,-0.089,+0.000,1100,0,
1785505083.5993,2026-07-31T09:38:03.599,189.672,1909,,,,0,,,,0.5312,-40.40,0.5466,-17.54,1,30.0,hold:D,+0.000,+0.000,-0.085,+0.000,1100,0,
1785505083.6977,2026-07-31T09:38:03.697,189.771,1910,,,,0,,,,0.5272,-40.45,0.5426,-17.59,1,30.0,hold:D,+0.000,+0.000,-0.091,+0.000,1100,0,
1785505083.7981,2026-07-31T09:38:03.798,189.871,1911,,,,0,,,,0.5237,-40.55,0.5391,-17.69,1,30.0,hold:D,+0.000,+0.000,-0.097,+0.000,1100,0,
1785505083.8966,2026-07-31T09:38:03.896,189.970,1912,,,,0,,,,0.5239,-40.58,0.5393,-17.72,1,30.0,hold:D,+0.000,+0.000,-0.096,+0.000,1100,0,
1785505083.9957,2026-07-31T09:38:03.995,190.069,1913,,,,0,,,,0.5198,-40.65,0.5352,-17.79,1,30.0,hold:D,+0.000,+0.000,-0.093,+0.000,1100,0,
1785505084.0947,2026-07-31T09:38:04.094,190.168,1914,,,,0,,,,0.5197,-40.73,0.5351,-17.87,1,30.0,hold:D,+0.000,+0.000,-0.105,+0.000,1100,0,
1785505084.1939,2026-07-31T09:38:04.193,190.267,1915,,,,0,,,,0.5156,-40.76,0.5310,-17.90,1,30.0,hold:D,+0.000,+0.000,-0.111,+0.000,1100,0,
1785505084.2931,2026-07-31T09:38:04.293,190.366,1916,,,,0,,,,0.5124,-40.82,0.5278,-17.96,1,30.0,hold:D,+0.000,+0.000,-0.113,+0.000,1100,0,
1785505084.3923,2026-07-31T09:38:04.392,190.465,1917,,,,0,,,,0.5108,-40.85,0.5262,-17.99,1,30.0,hold:D,+0.000,+0.000,-0.121,+0.000,1100,0,
1785505084.4921,2026-07-31T09:38:04.492,190.565,1918,,,,0,,,,0.5073,-40.90,0.5227,-18.04,1,30.0,hold:D,+0.000,+0.000,-0.125,+0.000,1100,0,
1785505084.5915,2026-07-31T09:38:04.591,190.665,1919,,,,0,,,,0.5026,-40.96,0.5180,-18.10,1,30.0,hold:D,+0.000,+0.000,-0.131,+0.000,1100,0,
1785505084.6901,2026-07-31T09:38:04.690,190.763,1920,,,,0,,,,0.5064,-40.97,0.5218,-18.11,1,30.0,hold:D,+0.000,+0.000,-0.130,+0.000,1100,0,
1785505084.7896,2026-07-31T09:38:04.789,190.863,1921,,,,0,,,,0.4993,-41.01,0.5147,-18.15,1,30.0,hold:D,+0.000,+0.000,-0.141,+0.000,1100,0,
1785505084.8877,2026-07-31T09:38:04.887,190.961,1922,,,,0,,,,0.4982,-41.02,0.5136,-18.16,1,30.0,hold:D,+0.000,+0.000,-0.146,+0.000,1100,0,
1785505084.9886,2026-07-31T09:38:04.988,191.062,1923,,,,0,,,,0.4989,-41.04,0.5143,-18.18,1,30.0,hold:D,+0.000,+0.000,-0.155,+0.000,1100,0,
1785505085.0873,2026-07-31T09:38:05.087,191.160,1924,,,,0,,,,0.4936,-41.04,0.5090,-18.18,1,30.0,hold:D,+0.000,+0.000,-0.155,+0.000,1100,0,
1785505085.1867,2026-07-31T09:38:05.186,191.260,1925,,,,0,,,,0.4890,-41.05,0.5044,-18.19,1,30.0,hold:D,+0.000,+0.000,-0.165,+0.000,1100,0,
1785505085.2852,2026-07-31T09:38:05.285,191.358,1926,,,,0,,,,0.4852,-41.04,0.5006,-18.17,1,30.0,hold:D,+0.000,+0.000,-0.163,+0.000,1100,0,
1785505085.3845,2026-07-31T09:38:05.384,191.458,1927,,,,0,,,,0.4834,-41.02,0.4988,-18.16,1,30.0,hold:D,+0.000,+0.000,-0.176,+0.000,1100,0,
1785505085.4840,2026-07-31T09:38:05.483,191.557,1928,,,,0,,,,0.4775,-40.97,0.4928,-18.11,1,30.0,hold:D,+0.000,+0.000,-0.179,+0.000,1100,0,
1785505085.5829,2026-07-31T09:38:05.582,191.656,1929,,,,0,,,,0.4759,-40.93,0.4913,-18.07,1,30.0,hold:D,+0.000,+0.000,-0.192,+0.000,1100,0,
1785505085.6823,2026-07-31T09:38:05.682,191.755,1930,,,,0,,,,0.4689,-40.84,0.4842,-17.98,1,30.0,hold:D,+0.000,+0.000,-0.207,+0.000,1100,0,
1785505085.7827,2026-07-31T09:38:05.782,191.856,1931,,,,0,,,,0.4676,-40.75,0.4830,-17.89,1,30.0,hold:D,+0.000,+0.000,-0.197,+0.000,1100,0,
1785505085.8816,2026-07-31T09:38:05.881,191.955,1932,,,,0,,,,0.4655,-40.70,0.4809,-17.84,1,30.0,hold:D,+0.000,+0.000,-0.216,+0.000,1100,0,
1785505085.9805,2026-07-31T09:38:05.980,192.053,1933,,,,0,,,,0.4661,-40.58,0.4815,-17.72,1,30.0,hold:D,+0.000,+0.000,-0.222,+0.000,1100,0,
1785505086.0793,2026-07-31T09:38:06.079,192.152,1934,,,,0,,,,0.4600,-40.50,0.4754,-17.64,1,30.0,hold:D,+0.000,+0.000,-0.230,+0.000,1100,0,
1785505086.1788,2026-07-31T09:38:06.178,192.252,1935,,,,0,,,,0.4590,-40.32,0.4744,-17.46,1,30.0,hold:D,+0.000,+0.000,-0.225,+0.000,1100,0,
1785505086.2779,2026-07-31T09:38:06.277,192.351,1936,,,,0,,,,0.4615,-40.19,0.4769,-17.33,1,30.0,hold:D,+0.000,+0.000,-0.230,+0.000,1100,0,
1785505086.3776,2026-07-31T09:38:06.377,192.451,1937,,,,0,,,,0.4517,-39.89,0.4671,-17.03,1,30.0,hold:D,+0.000,+0.000,-0.251,+0.000,1100,0,
1785505086.4768,2026-07-31T09:38:06.476,192.550,1938,,,,0,,,,0.4530,-39.55,0.4684,-16.69,1,30.0,hold:D,+0.000,+0.000,-0.256,+0.000,1100,0,
1785505086.5753,2026-07-31T09:38:06.575,192.648,1939,,,,0,,,,0.4485,-39.37,0.4638,-16.51,1,30.0,hold:D,+0.000,+0.000,-0.262,+0.000,1100,0,
1785505086.6750,2026-07-31T09:38:06.674,192.748,1940,,,,0,,,,0.4467,-39.02,0.4621,-16.16,1,30.0,hold:D,+0.000,+0.000,-0.268,+0.000,1100,0,
1785505086.7740,2026-07-31T09:38:06.774,192.847,1941,,,,0,,,,0.4405,-38.85,0.4559,-15.99,1,30.0,hold:D,+0.000,+0.000,-0.282,+0.000,1100,0,
1785505086.8737,2026-07-31T09:38:06.873,192.947,1942,,,,0,,,,0.4439,-38.51,0.4593,-15.65,1,30.0,hold:D,+0.000,+0.000,-0.277,+0.000,1100,0,
1785505086.9739,2026-07-31T09:38:06.973,193.047,1943,,,,0,,,,0.4357,-38.18,0.4511,-15.32,1,30.0,hold:D,+0.000,+0.000,-0.291,+0.000,1100,0,
1785505087.0733,2026-07-31T09:38:07.073,193.146,1944,,,,0,,,,0.4362,-38.02,0.4516,-15.16,1,30.0,hold:D,+0.000,+0.000,-0.298,+0.000,1100,0,
1785505087.1726,2026-07-31T09:38:07.172,193.246,1945,,,,0,,,,0.4302,-37.71,0.4456,-14.85,1,30.0,hold:D,+0.000,+0.000,-0.301,+0.000,1100,0,
1785505087.2717,2026-07-31T09:38:07.271,193.345,1946,,,,0,,,,0.4339,-37.56,0.4492,-14.70,1,30.0,hold:D,+0.000,+0.000,-0.308,+0.000,1100,0,
1785505087.3717,2026-07-31T09:38:07.371,193.445,1947,,,,0,,,,0.4270,-37.28,0.4424,-14.42,1,30.0,hold:D,+0.000,+0.000,-0.324,+0.000,1100,0,
1785505087.4705,2026-07-31T09:38:07.470,193.544,1948,,,,0,,,,0.4281,-37.01,0.4435,-14.15,1,30.0,hold:D,+0.000,+0.000,-0.325,+0.000,1100,0,
1785505087.5698,2026-07-31T09:38:07.569,193.643,1949,,,,0,,,,0.4280,-36.88,0.4434,-14.02,1,30.0,hold:D,+0.000,+0.000,-0.328,+0.000,1100,0,
1785505087.6702,2026-07-31T09:38:07.670,193.743,1950,,,,0,,,,0.4236,-36.61,0.4390,-13.75,1,30.0,hold:D,+0.000,+0.000,-0.336,+0.000,1100,0,
1785505087.7694,2026-07-31T09:38:07.769,193.842,1951,,,,0,,,,0.4263,-36.46,0.4417,-13.60,1,30.0,hold:D,+0.000,+0.000,-0.337,+0.000,1100,0,
1785505087.8689,2026-07-31T09:38:07.868,193.942,1952,,,,0,,,,0.4171,-36.16,0.4325,-13.29,1,30.0,hold:D,+0.000,+0.000,-0.359,+0.000,1100,0,
1785505087.9682,2026-07-31T09:38:07.968,194.041,1953,,,,0,,,,0.4159,-35.88,0.4313,-13.02,1,30.0,hold:D,+0.000,+0.000,-0.365,+0.000,1100,0,
1785505088.0674,2026-07-31T09:38:08.067,194.140,1954,,,,0,,,,0.4098,-35.76,0.4252,-12.90,1,30.0,hold:D,+0.000,+0.000,-0.380,+0.000,1100,0,
1785505088.1663,2026-07-31T09:38:08.166,194.239,1955,,,,0,,,,0.4080,-35.56,0.4234,-12.70,1,30.0,hold:D,+0.000,+0.000,-0.383,+0.000,1100,0,
1785505088.2661,2026-07-31T09:38:08.266,194.339,1956,,,,0,,,,0.4088,-35.47,0.4242,-12.61,1,30.0,hold:D,+0.000,+0.000,-0.389,+0.000,1100,0,
1785505088.3650,2026-07-31T09:38:08.364,194.438,1957,,,,0,,,,0.4102,-35.33,0.4256,-12.47,1,30.0,hold:D,+0.000,+0.000,-0.390,+0.000,1100,0,
1785505088.4645,2026-07-31T09:38:08.464,194.538,1958,,,,0,,,,0.4028,-35.24,0.4182,-12.38,1,30.0,hold:D,+0.000,+0.000,-0.404,+0.000,1100,0,
1785505088.5628,2026-07-31T09:38:08.562,194.636,1959,,,,0,,,,0.4031,-35.23,0.4185,-12.37,1,30.0,hold:D,+0.000,+0.000,-0.412,+0.000,1100,0,
1785505088.6618,2026-07-31T09:38:08.661,194.735,1960,,,,0,,,,0.4033,-35.21,0.4187,-12.35,1,30.0,hold:D,+0.000,+0.000,-0.421,+0.000,1100,0,
1785505088.7611,2026-07-31T09:38:08.761,194.834,1961,,,,0,,,,0.4014,-35.22,0.4168,-12.36,1,30.0,hold:D,+0.000,+0.000,-0.423,+0.000,1100,0,
1785505088.8598,2026-07-31T09:38:08.859,194.933,1962,,,,0,,,,0.3984,-35.26,0.4138,-12.40,1,30.0,hold:D,+0.000,+0.000,-0.430,+0.000,1100,0,
1785505088.9603,2026-07-31T09:38:08.960,195.033,1963,,,,0,,,,0.4003,-35.31,0.4157,-12.45,1,30.0,hold:D,+0.000,+0.000,-0.436,+0.000,1100,0,
1785505089.0591,2026-07-31T09:38:09.059,195.132,1964,,,,0,,,,0.4015,-35.35,0.4168,-12.49,1,30.0,hold:D,+0.000,+0.000,-0.435,+0.000,1100,0,
1785505089.1592,2026-07-31T09:38:09.159,195.232,1965,,,,0,,,,0.4016,-35.45,0.4170,-12.59,1,30.0,hold:D,+0.000,+0.000,-0.430,+0.000,1100,0,
1785505089.2587,2026-07-31T09:38:09.258,195.332,1966,,,,0,,,,0.4054,-35.51,0.4208,-12.65,1,30.0,hold:D,+0.000,+0.000,-0.435,+0.000,1100,0,
1785505089.3572,2026-07-31T09:38:09.357,195.430,1967,,,,0,,,,0.4103,-35.62,0.4257,-12.76,1,30.0,hold:D,+0.000,+0.000,-0.439,+0.000,1100,0,
1785505089.4567,2026-07-31T09:38:09.456,195.530,1968,,,,0,,,,0.4109,-35.76,0.4263,-12.90,1,30.0,hold:D,+0.000,+0.000,-0.442,+0.000,1100,0,
1785505089.5557,2026-07-31T09:38:09.555,195.629,1969,,,,0,,,,0.4103,-35.83,0.4257,-12.97,1,30.0,hold:D,+0.000,+0.000,-0.436,+0.000,1100,0,
1785505089.6549,2026-07-31T09:38:09.654,195.728,1970,,,,0,,,,0.4140,-35.97,0.4294,-13.11,1,30.0,hold:D,+0.000,+0.000,-0.441,+0.000,1100,0,
1785505089.7537,2026-07-31T09:38:09.753,195.827,1971,,,,0,,,,0.4201,-36.04,0.4355,-13.18,1,30.0,hold:D,+0.000,+0.000,-0.423,+0.000,1100,0,
1785505089.8522,2026-07-31T09:38:09.852,195.925,1972,,,,0,,,,0.4174,-36.17,0.4328,-13.31,1,30.0,hold:D,+0.000,+0.000,-0.438,+0.000,1100,0,
1785505089.9528,2026-07-31T09:38:09.952,196.026,1973,,,,0,,,,0.4227,-36.32,0.4381,-13.46,1,30.0,hold:D,+0.000,+0.000,-0.438,+0.000,1100,0,
1785505090.0520,2026-07-31T09:38:10.052,196.125,1974,,,,0,,,,0.4249,-36.39,0.4403,-13.53,1,30.0,hold:D,+0.000,+0.000,-0.423,+0.000,1100,0,
1785505090.1517,2026-07-31T09:38:10.151,196.225,1975,,,,0,,,,0.4288,-36.54,0.4442,-13.68,1,30.0,hold:D,+0.000,+0.000,-0.422,+0.000,1100,0,
1785505090.2509,2026-07-31T09:38:10.250,196.324,1976,,,,0,,,,0.4307,-36.62,0.4461,-13.76,1,30.0,hold:D,+0.000,+0.000,-0.418,+0.000,1100,0,
1785505090.3493,2026-07-31T09:38:10.349,196.422,1977,,,,0,,,,0.4324,-36.78,0.4478,-13.92,1,30.0,hold:D,+0.000,+0.000,-0.418,+0.000,1100,0,
1785505090.4495,2026-07-31T09:38:10.449,196.523,1978,,,,0,,,,0.4421,-36.88,0.4575,-14.02,1,30.0,hold:D,+0.000,+0.000,-0.400,+0.000,1100,0,
1785505090.5486,2026-07-31T09:38:10.548,196.622,1979,,,,0,,,,0.4439,-37.06,0.4593,-14.20,1,30.0,hold:D,+0.000,+0.000,-0.399,+0.000,1100,0,
1785505090.6482,2026-07-31T09:38:10.648,196.721,1980,,,,0,,,,0.4472,-37.26,0.4626,-14.40,1,30.0,hold:D,+0.000,+0.000,-0.400,+0.000,1100,0,
1785505090.7473,2026-07-31T09:38:10.747,196.820,1981,,,,0,,,,0.4497,-37.37,0.4651,-14.51,1,30.0,hold:D,+0.000,+0.000,-0.391,+0.000,1100,0,
1785505090.8471,2026-07-31T09:38:10.847,196.920,1982,,,,0,,,,0.4571,-37.60,0.4725,-14.74,1,30.0,hold:D,+0.000,+0.000,-0.383,+0.000,1100,0,
1785505090.9463,2026-07-31T09:38:10.946,197.019,1983,,,,0,,,,0.4614,-37.72,0.4768,-14.86,1,30.0,hold:D,+0.000,+0.000,-0.371,+0.000,1100,0,
1785505091.0461,2026-07-31T09:38:11.046,197.119,1984,,,,0,,,,0.4667,-37.97,0.4821,-15.11,1,30.0,hold:D,+0.000,+0.000,-0.363,+0.000,1100,0,
1785505091.1455,2026-07-31T09:38:11.145,197.219,1985,,,,0,,,,0.4792,-38.23,0.4946,-15.37,1,30.0,hold:D,+0.000,+0.000,-0.357,+0.000,1100,0,
1785505091.2452,2026-07-31T09:38:11.245,197.318,1986,,,,0,,,,0.4784,-38.37,0.4938,-15.51,1,30.0,hold:D,+0.000,+0.000,-0.341,+0.000,1100,0,
1785505091.3440,2026-07-31T09:38:11.344,197.417,1987,,,,0,,,,0.4841,-38.65,0.4995,-15.79,1,30.0,hold:D,+0.000,+0.000,-0.341,+0.000,1100,0,
1785505091.4431,2026-07-31T09:38:11.443,197.516,1988,,,,0,,,,0.4878,-38.78,0.5032,-15.92,1,30.0,hold:D,+0.000,+0.000,-0.323,+0.000,1100,0,
1785505091.5418,2026-07-31T09:38:11.541,197.615,1989,,,,0,,,,0.4888,-39.05,0.5042,-16.19,1,30.0,hold:D,+0.000,+0.000,-0.324,+0.000,1100,0,
1785505091.6414,2026-07-31T09:38:11.641,197.714,1990,,,,0,,,,0.5020,-39.32,0.5174,-16.46,1,30.0,hold:D,+0.000,+0.000,-0.304,+0.000,1100,0,
1785505091.7413,2026-07-31T09:38:11.741,197.814,1991,,,,0,,,,0.5013,-39.45,0.5167,-16.59,1,30.0,hold:D,+0.000,+0.000,-0.296,+0.000,1100,0,
1785505091.8415,2026-07-31T09:38:11.841,197.915,1992,,,,0,,,,0.5050,-39.71,0.5204,-16.85,1,30.0,hold:D,+0.000,+0.000,-0.287,+0.000,1100,0,
1785505091.9416,2026-07-31T09:38:11.941,198.015,1993,,,,0,,,,0.5088,-39.84,0.5242,-16.98,1,30.0,hold:D,+0.000,+0.000,-0.281,+0.000,1100,0,
1785505092.0413,2026-07-31T09:38:12.041,198.114,1994,,,,0,,,,0.5120,-40.10,0.5274,-17.24,1,30.0,hold:D,+0.000,+0.000,-0.273,+0.000,1100,0,
1785505092.1400,2026-07-31T09:38:12.140,198.213,1995,,,,0,,,,0.5182,-40.37,0.5336,-17.51,1,30.0,hold:D,+0.000,+0.000,-0.268,+0.000,1100,0,
1785505092.2394,2026-07-31T09:38:12.239,198.312,1996,,,,0,,,,0.5236,-40.50,0.5390,-17.64,1,30.0,hold:D,+0.000,+0.000,-0.251,+0.000,1100,0,
1785505092.3383,2026-07-31T09:38:12.338,198.411,1997,,,,0,,,,0.5280,-40.76,0.5434,-17.90,1,30.0,hold:D,+0.000,+0.000,-0.248,+0.000,1100,0,
1785505092.4383,2026-07-31T09:38:12.438,198.511,1998,,,,0,,,,0.5254,-40.89,0.5408,-18.03,1,30.0,hold:D,+0.000,+0.000,-0.246,+0.000,1100,0,
1785505092.5376,2026-07-31T09:38:12.537,198.611,1999,,,,0,,,,0.5298,-41.16,0.5452,-18.30,1,30.0,hold:D,+0.000,+0.000,-0.235,+0.000,1100,0,
1785505092.6360,2026-07-31T09:38:12.636,198.709,2000,,,,0,,,,0.5346,-41.42,0.5500,-18.56,1,30.0,hold:D,+0.000,+0.000,-0.231,+0.000,1100,0,
1785505092.7356,2026-07-31T09:38:12.735,198.809,2001,,,,0,,,,0.5388,-41.55,0.5542,-18.69,1,30.0,hold:D,+0.000,+0.000,-0.215,+0.000,1100,0,
1785505092.8345,2026-07-31T09:38:12.834,198.908,2002,,,,0,,,,0.5381,-41.80,0.5535,-18.94,1,30.0,hold:D,+0.000,+0.000,-0.222,+0.000,1100,0,
1785505092.9336,2026-07-31T09:38:12.933,199.007,2003,,,,0,,,,0.5430,-41.94,0.5584,-19.08,1,30.0,hold:D,+0.000,+0.000,-0.203,+0.000,1100,0,
1785505093.0318,2026-07-31T09:38:13.031,199.105,2004,,,,0,,,,0.5402,-42.20,0.5556,-19.34,1,30.0,hold:D,+0.000,+0.000,-0.211,+0.000,1100,0,
1785505093.1323,2026-07-31T09:38:13.132,199.205,2005,,,,0,,,,0.5446,-42.34,0.5600,-19.48,1,30.0,hold:D,+0.000,+0.000,-0.197,+0.000,1100,0,
1785505093.2317,2026-07-31T09:38:13.231,199.305,2006,,,,0,,,,0.5491,-42.63,0.5645,-19.77,1,30.0,hold:D,+0.000,+0.000,-0.192,+0.000,1100,0,
1785505093.3300,2026-07-31T09:38:13.329,199.403,2007,,,,0,,,,0.5516,-42.93,0.5670,-20.07,1,30.0,hold:D,+0.000,+0.000,-0.192,+0.000,1100,0,
1785505093.4304,2026-07-31T09:38:13.430,199.503,2008,,,,0,,,,0.5456,-43.09,0.5610,-20.23,1,30.0,hold:D,+0.000,+0.000,-0.189,+0.000,1100,0,
1785505093.5294,2026-07-31T09:38:13.529,199.602,2009,,,,0,,,,0.5545,-43.37,0.5699,-20.51,1,30.0,hold:D,+0.000,+0.000,-0.174,+0.000,1100,0,
1785505093.6298,2026-07-31T09:38:13.629,199.703,2010,,,,0,,,,0.5553,-43.51,0.5707,-20.65,1,30.0,hold:D,+0.000,+0.000,-0.166,+0.000,1100,0,
1785505093.7281,2026-07-31T09:38:13.728,199.801,2011,,,,0,,,,0.5599,-43.80,0.5753,-20.94,1,30.0,hold:D,+0.000,+0.000,-0.161,+0.000,1100,0,
1785505093.8283,2026-07-31T09:38:13.828,199.901,2012,,,,0,,,,0.5611,-43.94,0.5765,-21.08,1,30.0,hold:D,+0.000,+0.000,-0.149,+0.000,1100,0,
1785505093.9272,2026-07-31T09:38:13.927,200.000,2013,,,,0,,,,0.5667,-44.21,0.5821,-21.35,1,30.0,hold:D,+0.000,+0.000,-0.136,+0.000,1100,0,
1785505094.0269,2026-07-31T09:38:14.026,200.100,2014,,,,0,,,,0.5679,-44.51,0.5833,-21.65,1,30.0,hold:D,+0.000,+0.000,-0.134,+0.000,1100,0,
1785505094.1268,2026-07-31T09:38:14.126,200.200,2015,,,,0,,,,0.5660,-44.64,0.5814,-21.78,1,30.0,hold:D,+0.000,+0.000,-0.132,+0.000,1100,0,
1785505094.2254,2026-07-31T09:38:14.225,200.298,2016,,,,0,,,,0.5699,-44.92,0.5853,-22.06,1,30.0,hold:D,+0.000,+0.000,-0.123,+0.000,1100,0,
1785505094.3246,2026-07-31T09:38:14.324,200.398,2017,,,,0,,,,0.5735,-45.06,0.5889,-22.20,1,30.0,hold:D,+0.000,+0.000,-0.111,+0.000,1100,0,
1785505094.4242,2026-07-31T09:38:14.424,200.497,2018,,,,0,,,,0.5737,-45.31,0.5891,-22.45,1,30.0,hold:D,+0.000,+0.000,-0.108,+0.000,1100,0,
1785505094.5235,2026-07-31T09:38:14.523,200.597,2019,,,,0,,,,0.5715,-45.57,0.5869,-22.71,1,30.0,hold:D,+0.000,+0.000,-0.112,+0.000,1100,0,
1785505094.6231,2026-07-31T09:38:14.623,200.696,2020,,,,0,,,,0.5710,-45.69,0.5864,-22.83,1,30.0,hold:D,+0.000,+0.000,-0.108,+0.000,1100,0,
1785505094.7235,2026-07-31T09:38:14.723,200.797,2021,,,,0,,,,0.5696,-45.93,0.5849,-23.07,1,30.0,hold:D,+0.000,+0.000,-0.106,+0.000,1100,0,
1785505094.8231,2026-07-31T09:38:14.823,200.896,2022,,,,0,,,,0.5734,-46.06,0.5888,-23.20,1,30.0,hold:D,+0.000,+0.000,-0.097,+0.000,1100,0,
1785505094.9230,2026-07-31T09:38:14.922,200.996,2023,,,,0,,,,0.5721,-46.30,0.5875,-23.44,1,30.0,hold:D,+0.000,+0.000,-0.097,+0.000,1100,0,
1785505095.0222,2026-07-31T09:38:15.022,201.095,2024,,,,0,,,,0.5741,-46.52,0.5895,-23.66,1,30.0,hold:D,+0.000,+0.000,-0.096,+0.000,1100,0,
1785505095.1215,2026-07-31T09:38:15.121,201.195,2025,,,,0,,,,0.5698,-46.64,0.5852,-23.78,1,30.0,hold:D,+0.000,+0.000,-0.096,+0.000,1100,0,
1785505095.2208,2026-07-31T09:38:15.220,201.294,2026,,,,0,,,,0.5665,-46.87,0.5819,-24.01,1,30.0,hold:D,+0.000,+0.000,-0.090,+0.000,1100,0,
1785505095.3200,2026-07-31T09:38:15.320,201.393,2027,,,,0,,,,0.5669,-46.98,0.5823,-24.12,1,30.0,hold:D,+0.000,+0.000,-0.096,+0.000,1100,0,
1785505095.4212,2026-07-31T09:38:15.421,201.494,2028,,,,0,,,,0.5654,-47.22,0.5808,-24.36,1,30.0,hold:D,+0.000,+0.000,-0.097,+0.000,1100,0,
1785505095.5208,2026-07-31T09:38:15.520,201.594,2029,,,,0,,,,0.5660,-47.45,0.5814,-24.59,1,30.0,hold:D,+0.000,+0.000,-0.096,+0.000,1100,0,
1785505095.6202,2026-07-31T09:38:15.620,201.693,2030,,,,0,,,,0.5668,-47.58,0.5822,-24.72,1,30.0,hold:D,+0.000,+0.000,-0.089,+0.000,1100,0,
1785505095.7186,2026-07-31T09:38:15.718,201.792,2031,,,,0,,,,0.5621,-47.82,0.5775,-24.96,1,30.0,hold:D,+0.000,+0.000,-0.091,+0.000,1100,0,
1785505095.8178,2026-07-31T09:38:15.817,201.891,2032,,,,0,,,,0.5622,-48.05,0.5776,-25.19,1,30.0,hold:D,+0.000,+0.000,-0.088,+0.000,1100,0,
1785505095.9171,2026-07-31T09:38:15.917,201.990,2033,,,,0,,,,0.5595,-48.17,0.5749,-25.31,1,30.0,hold:D,+0.000,+0.000,-0.096,+0.000,1100,0,
1785505096.0157,2026-07-31T09:38:16.015,202.089,2034,,,,0,,,,0.5599,-48.40,0.5753,-25.54,1,30.0,hold:D,+0.000,+0.000,-0.098,+0.000,1100,0,
1785505096.1146,2026-07-31T09:38:16.114,202.188,2035,,,,0,,,,0.5586,-48.52,0.5740,-25.66,1,30.0,hold:D,+0.000,+0.000,-0.093,+0.000,1100,0,
1785505096.2146,2026-07-31T09:38:16.214,202.288,2036,,,,0,,,,0.5585,-48.73,0.5739,-25.87,1,30.0,hold:D,+0.000,+0.000,-0.092,+0.000,1100,0,
1785505096.3138,2026-07-31T09:38:16.313,202.387,2037,,,,0,,,,0.5606,-48.84,0.5760,-25.98,1,30.0,hold:D,+0.000,+0.000,-0.084,+0.000,1100,0,
1785505096.4133,2026-07-31T09:38:16.413,202.486,2038,,,,0,,,,0.5561,-49.05,0.5715,-26.19,1,30.0,hold:D,+0.000,+0.000,-0.091,+0.000,1100,0,
1785505096.5120,2026-07-31T09:38:16.512,202.585,2039,,,,0,,,,0.5493,-49.25,0.5646,-26.39,1,30.0,hold:D,+0.000,+0.000,-0.092,+0.000,1100,0,
1785505096.6123,2026-07-31T09:38:16.612,202.685,2040,,,,0,,,,0.5511,-49.34,0.5665,-26.48,1,30.0,hold:D,+0.000,+0.000,-0.097,+0.000,1100,0,
1785505096.7107,2026-07-31T09:38:16.710,202.784,2041,,,,0,,,,0.5483,-49.51,0.5637,-26.65,1,30.0,hold:D,+0.000,+0.000,-0.100,+0.000,1100,0,
1785505096.8109,2026-07-31T09:38:16.810,202.884,2042,,,,0,,,,0.5480,-49.61,0.5634,-26.75,1,30.0,hold:D,+0.000,+0.000,-0.099,+0.000,1100,0,
1785505096.9099,2026-07-31T09:38:16.909,202.983,2043,,,,0,,,,0.5451,-49.78,0.5605,-26.92,1,30.0,hold:D,+0.000,+0.000,-0.103,+0.000,1100,0,
1785505097.0095,2026-07-31T09:38:17.009,203.083,2044,,,,0,,,,0.5385,-49.95,0.5539,-27.09,1,30.0,hold:D,+0.000,+0.000,-0.099,+0.000,1100,0,
1785505097.1087,2026-07-31T09:38:17.108,203.182,2045,,,,0,,,,0.5380,-50.03,0.5534,-27.17,1,30.0,hold:D,+0.000,+0.000,-0.114,+0.000,1100,0,
1785505097.2072,2026-07-31T09:38:17.207,203.280,2046,,,,0,,,,0.5368,-50.18,0.5522,-27.32,1,30.0,hold:D,+0.000,+0.000,-0.112,+0.000,1100,0,
1785505097.3076,2026-07-31T09:38:17.307,203.381,2047,,,,0,,,,0.5341,-50.27,0.5495,-27.41,1,30.0,hold:D,+0.000,+0.000,-0.119,+0.000,1100,0,
1785505097.4061,2026-07-31T09:38:17.406,203.479,2048,,,,0,,,,0.5309,-50.41,0.5463,-27.55,1,30.0,hold:D,+0.000,+0.000,-0.121,+0.000,1100,0,
1785505097.5064,2026-07-31T09:38:17.506,203.579,2049,,,,0,,,,0.5329,-50.56,0.5483,-27.70,1,30.0,hold:D,+0.000,+0.000,-0.129,+0.000,1100,0,
1785505097.6065,2026-07-31T09:38:17.606,203.679,2050,,,,0,,,,0.5251,-50.63,0.5405,-27.77,1,30.0,hold:D,+0.000,+0.000,-0.133,+0.000,1100,0,
1785505097.7058,2026-07-31T09:38:17.705,203.779,2051,,,,0,,,,0.5227,-50.78,0.5381,-27.92,1,30.0,hold:D,+0.000,+0.000,-0.135,+0.000,1100,0,
1785505097.8062,2026-07-31T09:38:17.806,203.879,2052,,,,0,,,,0.5181,-50.85,0.5335,-27.99,1,30.0,hold:D,+0.000,+0.000,-0.146,+0.000,1100,0,
1785505097.9066,2026-07-31T09:38:17.906,203.980,2053,,,,0,,,,0.5169,-50.99,0.5323,-28.13,1,30.0,hold:D,+0.000,+0.000,-0.140,+0.000,1100,0,
1785505098.0049,2026-07-31T09:38:18.004,204.078,2054,,,,0,,,,0.5080,-51.06,0.5234,-28.20,1,30.0,hold:D,+0.000,+0.000,-0.165,+0.000,1100,0,
1785505098.1049,2026-07-31T09:38:18.104,204.178,2055,,,,0,,,,0.5085,-51.20,0.5239,-28.34,1,30.0,hold:D,+0.000,+0.000,-0.164,+0.000,1100,0,
1785505098.2042,2026-07-31T09:38:18.204,204.277,2056,,,,0,,,,0.5054,-51.33,0.5208,-28.47,1,30.0,hold:D,+0.000,+0.000,-0.158,+0.000,1100,0,
1785505098.3033,2026-07-31T09:38:18.303,204.376,2057,,,,0,,,,0.5020,-51.40,0.5174,-28.54,1,30.0,hold:D,+0.000,+0.000,-0.177,+0.000,1100,0,
1785505098.4028,2026-07-31T09:38:18.402,204.476,2058,,,,0,,,,0.5016,-51.53,0.5170,-28.67,1,30.0,hold:D,+0.000,+0.000,-0.182,+0.000,1100,0,
1785505098.5020,2026-07-31T09:38:18.501,204.575,2059,,,,0,,,,0.4992,-51.60,0.5146,-28.74,1,30.0,hold:D,+0.000,+0.000,-0.183,+0.000,1100,0,
1785505098.6014,2026-07-31T09:38:18.601,204.674,2060,,,,0,,,,0.4964,-51.74,0.5118,-28.88,1,30.0,hold:D,+0.000,+0.000,-0.188,+0.000,1100,0,
1785505098.7009,2026-07-31T09:38:18.700,204.774,2061,,,,0,,,,0.4887,-51.87,0.5041,-29.01,1,30.0,hold:D,+0.000,+0.000,-0.193,+0.000,1100,0,
1785505098.7994,2026-07-31T09:38:18.799,204.872,2062,,,,0,,,,0.4904,-51.94,0.5058,-29.08,1,30.0,hold:D,+0.000,+0.000,-0.200,+0.000,1100,0,
1785505098.8986,2026-07-31T09:38:18.898,204.972,2063,,,,0,,,,0.4839,-52.06,0.4993,-29.20,1,30.0,hold:D,+0.000,+0.000,-0.203,+0.000,1100,0,
1785505098.9988,2026-07-31T09:38:18.998,205.072,2064,,,,0,,,,0.4812,-52.12,0.4966,-29.26,1,30.0,hold:D,+0.000,+0.000,-0.219,+0.000,1100,0,
1785505099.0988,2026-07-31T09:38:19.098,205.172,2065,,,,0,,,,0.4836,-52.24,0.4990,-29.38,1,30.0,hold:D,+0.000,+0.000,-0.214,+0.000,1100,0,
1785505099.1976,2026-07-31T09:38:19.197,205.271,2066,,,,0,,,,0.4773,-52.36,0.4927,-29.50,1,30.0,hold:D,+0.000,+0.000,-0.224,+0.000,1100,0,
1785505099.2968,2026-07-31T09:38:19.296,205.370,2067,,,,0,,,,0.4747,-52.42,0.4901,-29.56,1,30.0,hold:D,+0.000,+0.000,-0.233,+0.000,1100,0,
1785505099.3960,2026-07-31T09:38:19.396,205.469,2068,,,,0,,,,0.4739,-52.54,0.4893,-29.68,1,30.0,hold:D,+0.000,+0.000,-0.228,+0.000,1100,0,
1785505099.4947,2026-07-31T09:38:19.494,205.568,2069,,,,0,,,,0.4757,-52.60,0.4911,-29.74,1,30.0,hold:D,+0.000,+0.000,-0.233,+0.000,1100,0,
1785505099.5951,2026-07-31T09:38:19.595,205.668,2070,,,,0,,,,0.4696,-52.72,0.4849,-29.86,1,30.0,hold:D,+0.000,+0.000,-0.246,+0.000,1100,0,
1785505099.6951,2026-07-31T09:38:19.695,205.768,2071,,,,0,,,,0.4640,-52.83,0.4794,-29.97,1,30.0,hold:D,+0.000,+0.000,-0.253,+0.000,1100,0,
1785505099.7942,2026-07-31T09:38:19.794,205.867,2072,,,,0,,,,0.4612,-52.89,0.4766,-30.03,1,30.0,hold:D,+0.000,+0.000,-0.266,+0.000,1100,0,
1785505099.8933,2026-07-31T09:38:19.893,205.966,2073,,,,0,,,,0.4585,-53.01,0.4739,-30.15,1,30.0,hold:D,+0.000,+0.000,-0.270,+0.000,1100,0,
1785505099.9930,2026-07-31T09:38:19.992,206.066,2074,,,,0,,,,0.4596,-53.06,0.4750,-30.20,1,30.0,hold:D,+0.000,+0.000,-0.272,+0.000,1100,0,
1785505100.0917,2026-07-31T09:38:20.091,206.165,2075,,,,0,,,,0.4556,-53.17,0.4710,-30.31,1,30.0,hold:D,+0.000,+0.000,-0.282,+0.000,1100,0,
1785505100.1912,2026-07-31T09:38:20.191,206.264,2076,,,,0,,,,0.4530,-53.29,0.4683,-30.43,1,30.0,hold:D,+0.000,+0.000,-0.285,+0.000,1100,0,
1785505100.2895,2026-07-31T09:38:20.289,206.363,2077,,,,0,,,,0.4530,-53.34,0.4684,-30.48,1,30.0,hold:D,+0.000,+0.000,-0.291,+0.000,1100,0,
1785505100.3895,2026-07-31T09:38:20.389,206.463,2078,,,,0,,,,0.4459,-53.46,0.4613,-30.60,1,30.0,hold:D,+0.000,+0.000,-0.294,+0.000,1100,0,
1785505100.4891,2026-07-31T09:38:20.489,206.562,2079,,,,0,,,,0.4475,-53.52,0.4629,-30.66,1,30.0,hold:D,+0.000,+0.000,-0.306,+0.000,1100,0,
1785505100.5882,2026-07-31T09:38:20.588,206.661,2080,,,,0,,,,0.4416,-53.63,0.4570,-30.77,1,30.0,hold:D,+0.000,+0.000,-0.319,+0.000,1100,0,
1785505100.6867,2026-07-31T09:38:20.686,206.760,2081,,,,0,,,,0.4433,-53.73,0.4587,-30.87,1,30.0,hold:D,+0.000,+0.000,-0.318,+0.000,1100,0,
1785505100.7860,2026-07-31T09:38:20.785,206.859,2082,,,,0,,,,0.4368,-53.79,0.4522,-30.93,1,30.0,hold:D,+0.000,+0.000,-0.334,+0.000,1100,0,
1785505100.8853,2026-07-31T09:38:20.885,206.958,2083,,,,0,,,,0.4381,-53.88,0.4535,-31.02,1,30.0,hold:D,+0.000,+0.000,-0.339,+0.000,1100,0,
1785505100.9853,2026-07-31T09:38:20.985,207.058,2084,,,,0,,,,0.4370,-53.93,0.4524,-31.07,1,30.0,hold:D,+0.000,+0.000,-0.339,+0.000,1100,0,
1785505101.0841,2026-07-31T09:38:21.084,207.157,2085,,,,0,,,,0.4347,-54.04,0.4501,-31.18,1,30.0,hold:D,+0.000,+0.000,-0.346,+0.000,1100,0,
1785505101.1828,2026-07-31T09:38:21.182,207.256,2086,,,,0,,,,0.4283,-54.14,0.4437,-31.28,1,30.0,hold:D,+0.000,+0.000,-0.356,+0.000,1100,0,
1785505101.2822,2026-07-31T09:38:21.282,207.355,2087,,,,0,,,,0.4295,-54.20,0.4449,-31.34,1,30.0,hold:D,+0.000,+0.000,-0.362,+0.000,1100,0,
1785505101.3813,2026-07-31T09:38:21.381,207.454,2088,,,,0,,,,0.4293,-54.32,0.4447,-31.46,1,30.0,hold:D,+0.000,+0.000,-0.374,+0.000,1100,0,
1785505101.4797,2026-07-31T09:38:21.479,207.553,2089,,,,0,,,,0.4274,-54.38,0.4428,-31.52,1,30.0,hold:D,+0.000,+0.000,-0.372,+0.000,1100,0,
1785505101.5801,2026-07-31T09:38:21.580,207.653,2090,,,,0,,,,0.4222,-54.49,0.4376,-31.63,1,30.0,hold:D,+0.000,+0.000,-0.385,+0.000,1100,0,
1785505101.6787,2026-07-31T09:38:21.678,207.752,2091,,,,0,,,,0.4248,-54.56,0.4402,-31.70,1,30.0,hold:D,+0.000,+0.000,-0.383,+0.000,1100,0,
1785505101.7791,2026-07-31T09:38:21.779,207.852,2092,,,,0,,,,0.4256,-54.69,0.4410,-31.83,1,30.0,hold:D,+0.000,+0.000,-0.391,+0.000,1100,0,
1785505101.8783,2026-07-31T09:38:21.878,207.951,2093,,,,0,,,,0.4212,-54.82,0.4366,-31.96,1,30.0,hold:D,+0.000,+0.000,-0.394,+0.000,1100,0,
1785505101.9792,2026-07-31T09:38:21.979,208.052,2094,,,,0,,,,0.4214,-54.89,0.4368,-32.03,1,30.0,hold:D,+0.000,+0.000,-0.399,+0.000,1100,0,
1785505102.0781,2026-07-31T09:38:22.078,208.151,2095,,,,0,,,,0.4179,-55.02,0.4333,-32.16,1,30.0,hold:D,+0.000,+0.000,-0.404,+0.000,1100,0,
1785505102.1773,2026-07-31T09:38:22.177,208.250,2096,,,,0,,,,0.4177,-55.09,0.4331,-32.23,1,30.0,hold:D,+0.000,+0.000,-0.413,+0.000,1100,0,
1785505102.2753,2026-07-31T09:38:22.275,208.348,2097,,,,0,,,,0.4213,-55.23,0.4367,-32.37,1,30.0,hold:D,+0.000,+0.000,-0.412,+0.000,1100,0,
1785505102.3743,2026-07-31T09:38:22.374,208.447,2098,,,,0,,,,0.4218,-55.30,0.4371,-32.44,1,30.0,hold:D,+0.000,+0.000,-0.411,+0.000,1100,0,
1785505102.4735,2026-07-31T09:38:22.473,208.546,2099,,,,0,,,,0.4229,-55.44,0.4383,-32.58,1,30.0,hold:D,+0.000,+0.000,-0.412,+0.000,1100,0,
1785505102.5722,2026-07-31T09:38:22.572,208.645,2100,,,,0,,,,0.4224,-55.58,0.4378,-32.72,1,30.0,hold:D,+0.000,+0.000,-0.414,+0.000,1100,0,
1785505102.6717,2026-07-31T09:38:22.671,208.745,2101,,,,0,,,,0.4207,-55.65,0.4361,-32.79,1,30.0,hold:D,+0.000,+0.000,-0.422,+0.000,1100,0,
1785505102.7709,2026-07-31T09:38:22.770,208.844,2102,,,,0,,,,0.4238,-55.79,0.4391,-32.93,1,30.0,hold:D,+0.000,+0.000,-0.420,+0.000,1100,0,
1785505102.8715,2026-07-31T09:38:22.871,208.945,2103,,,,0,,,,0.4299,-55.96,0.4453,-33.10,1,30.0,hold:D,+0.000,+0.000,-0.417,+0.000,1100,0,
1785505102.9702,2026-07-31T09:38:22.970,209.043,2104,,,,0,,,,0.4254,-56.04,0.4408,-33.18,1,30.0,hold:D,+0.000,+0.000,-0.422,+0.000,1100,0,
1785505103.0691,2026-07-31T09:38:23.069,209.142,2105,,,,0,,,,0.4337,-56.19,0.4491,-33.33,1,30.0,hold:D,+0.000,+0.000,-0.412,+0.000,1100,0,
1785505103.1684,2026-07-31T09:38:23.168,209.241,2106,,,,0,,,,0.4308,-56.28,0.4462,-33.42,1,30.0,hold:D,+0.000,+0.000,-0.416,+0.000,1100,0,
1785505103.2675,2026-07-31T09:38:23.267,209.341,2107,,,,0,,,,0.4347,-56.45,0.4501,-33.59,1,30.0,hold:D,+0.000,+0.000,-0.414,+0.000,1100,0,
1785505103.3666,2026-07-31T09:38:23.366,209.440,2108,,,,0,,,,0.4408,-56.62,0.4562,-33.76,1,30.0,hold:D,+0.000,+0.000,-0.407,+0.000,1100,0,
1785505103.4662,2026-07-31T09:38:23.466,209.539,2109,,,,0,,,,0.4448,-56.71,0.4602,-33.85,1,30.0,hold:D,+0.000,+0.000,-0.396,+0.000,1100,0,
1785505103.5667,2026-07-31T09:38:23.566,209.640,2110,,,,0,,,,0.4407,-56.88,0.4561,-34.02,1,30.0,hold:D,+0.000,+0.000,-0.399,+0.000,1100,0,
1785505103.6652,2026-07-31T09:38:23.665,209.738,2111,,,,0,,,,0.4517,-56.97,0.4671,-34.11,1,30.0,hold:D,+0.000,+0.000,-0.387,+0.000,1100,0,
1785505103.7658,2026-07-31T09:38:23.765,209.839,2112,,,,0,,,,0.4509,-57.14,0.4663,-34.28,1,30.0,hold:D,+0.000,+0.000,-0.383,+0.000,1100,0,
1785505103.8654,2026-07-31T09:38:23.865,209.938,2113,,,,0,,,,0.4561,-57.31,0.4715,-34.45,1,30.0,hold:D,+0.000,+0.000,-0.388,+0.000,1100,0,
1785505103.9644,2026-07-31T09:38:23.964,210.037,2114,,,,0,,,,0.4640,-57.39,0.4794,-34.53,1,30.0,hold:D,+0.000,+0.000,-0.367,+0.000,1100,0,
1785505104.0641,2026-07-31T09:38:24.064,210.137,2115,,,,0,,,,0.4658,-57.54,0.4812,-34.68,1,30.0,hold:D,+0.000,+0.000,-0.375,+0.000,1100,0,
1785505104.1633,2026-07-31T09:38:24.163,210.236,2116,,,,0,,,,0.4695,-57.62,0.4849,-34.76,1,30.0,hold:D,+0.000,+0.000,-0.359,+0.000,1100,0,
1785505104.2627,2026-07-31T09:38:24.262,210.336,2117,,,,0,,,,0.4711,-57.75,0.4865,-34.89,1,30.0,hold:D,+0.000,+0.000,-0.361,+0.000,1100,0,
1785505104.3615,2026-07-31T09:38:24.361,210.435,2118,,,,0,,,,0.4748,-57.88,0.4902,-35.02,1,30.0,hold:D,+0.000,+0.000,-0.350,+0.000,1100,0,
1785505104.4603,2026-07-31T09:38:24.460,210.533,2119,,,,0,,,,0.4770,-57.95,0.4923,-35.09,1,30.0,hold:D,+0.000,+0.000,-0.348,+0.000,1100,0,
1785505104.5595,2026-07-31T09:38:24.559,210.633,2120,,,,0,,,,0.4818,-58.05,0.4972,-35.19,1,30.0,hold:D,+0.000,+0.000,-0.340,+0.000,1100,0,
1785505104.6601,2026-07-31T09:38:24.660,210.733,2121,,,,0,,,,0.4860,-58.10,0.5014,-35.24,1,30.0,hold:D,+0.000,+0.000,-0.330,+0.000,1100,0,
1785505104.7602,2026-07-31T09:38:24.760,210.833,2122,,,,0,,,,0.4900,-58.19,0.5054,-35.33,1,30.0,hold:D,+0.000,+0.000,-0.335,+0.000,1100,0,
1785505104.8592,2026-07-31T09:38:24.859,210.932,2123,,,,0,,,,0.4942,-58.23,0.5096,-35.37,1,30.0,hold:D,+0.000,+0.000,-0.313,+0.000,1100,0,
1785505104.9578,2026-07-31T09:38:24.957,211.031,2124,,,,0,,,,0.4982,-58.30,0.5136,-35.44,1,30.0,hold:D,+0.000,+0.000,-0.305,+0.000,1100,0,
1785505105.0580,2026-07-31T09:38:25.058,211.131,2125,,,,0,,,,0.5007,-58.36,0.5161,-35.50,1,30.0,hold:D,+0.000,+0.000,-0.305,+0.000,1100,0,
1785505105.1566,2026-07-31T09:38:25.156,211.230,2126,,,,0,,,,0.5042,-58.39,0.5196,-35.53,1,30.0,hold:D,+0.000,+0.000,-0.293,+0.000,1100,0,
1785505105.2555,2026-07-31T09:38:25.255,211.329,2127,,,,0,,,,0.5051,-58.44,0.5205,-35.58,1,30.0,hold:D,+0.000,+0.000,-0.289,+0.000,1100,0,
1785505105.3547,2026-07-31T09:38:25.354,211.428,2128,,,,0,,,,0.5075,-58.46,0.5229,-35.60,1,30.0,hold:D,+0.000,+0.000,-0.287,+0.000,1100,0,
1785505105.4554,2026-07-31T09:38:25.455,211.528,2129,,,,0,,,,0.5082,-58.49,0.5236,-35.63,1,30.0,hold:D,+0.000,+0.000,-0.284,+0.000,1100,0,
1785505105.5555,2026-07-31T09:38:25.555,211.629,2130,,,,0,,,,0.5162,-58.50,0.5316,-35.64,1,30.0,hold:D,+0.000,+0.000,-0.276,+0.000,1100,0,
1785505105.6553,2026-07-31T09:38:25.655,211.728,2131,,,,0,,,,0.5150,-58.51,0.5304,-35.65,1,30.0,hold:D,+0.000,+0.000,-0.272,+0.000,1100,0,
1785505105.7536,2026-07-31T09:38:25.753,211.827,2132,,,,0,,,,0.5201,-58.51,0.5355,-35.65,1,30.0,hold:D,+0.000,+0.000,-0.268,+0.000,1100,0,
1785505105.8527,2026-07-31T09:38:25.852,211.926,2133,,,,0,,,,0.5235,-58.51,0.5389,-35.65,1,30.0,hold:D,+0.000,+0.000,-0.254,+0.000,1100,0,
1785505105.9533,2026-07-31T09:38:25.953,212.026,2134,,,,0,,,,0.5263,-58.48,0.5417,-35.62,1,30.0,hold:D,+0.000,+0.000,-0.246,+0.000,1100,0,
1785505106.0525,2026-07-31T09:38:26.052,212.126,2135,,,,0,,,,0.5277,-58.47,0.5431,-35.61,1,30.0,hold:D,+0.000,+0.000,-0.244,+0.000,1100,0,
1785505106.1522,2026-07-31T09:38:26.152,212.225,2136,,,,0,,,,0.5294,-58.43,0.5448,-35.57,1,30.0,hold:D,+0.000,+0.000,-0.241,+0.000,1100,0,
1785505106.2514,2026-07-31T09:38:26.251,212.324,2137,,,,0,,,,0.5309,-58.36,0.5462,-35.50,1,30.0,hold:D,+0.000,+0.000,-0.230,+0.000,1100,0,
1785505106.3499,2026-07-31T09:38:26.349,212.423,2138,,,,0,,,,0.5324,-58.32,0.5478,-35.46,1,30.0,hold:D,+0.000,+0.000,-0.230,+0.000,1100,0,
1785505106.4493,2026-07-31T09:38:26.449,212.522,2139,,,,0,,,,0.5380,-58.23,0.5534,-35.37,1,30.0,hold:D,+0.000,+0.000,-0.220,+0.000,1100,0,
1785505106.5484,2026-07-31T09:38:26.548,212.621,2140,,,,0,,,,0.5362,-58.18,0.5516,-35.32,1,30.0,hold:D,+0.000,+0.000,-0.220,+0.000,1100,0,
1785505106.6488,2026-07-31T09:38:26.648,212.722,2141,,,,0,,,,0.5352,-58.05,0.5506,-35.19,1,30.0,hold:D,+0.000,+0.000,-0.221,+0.000,1100,0,
1785505106.7497,2026-07-31T09:38:26.749,212.823,2142,,,,0,,,,0.5446,-57.94,0.5600,-35.08,1,30.0,hold:D,+0.000,+0.000,-0.208,+0.000,1100,0,
1785505106.8491,2026-07-31T09:38:26.849,212.922,2143,,,,0,,,,0.5408,-57.88,0.5562,-35.02,1,30.0,hold:D,+0.000,+0.000,-0.206,+0.000,1100,0,
1785505106.9496,2026-07-31T09:38:26.949,213.023,2144,,,,0,,,,0.5445,-57.72,0.5599,-34.86,1,30.0,hold:D,+0.000,+0.000,-0.197,+0.000,1100,0,
1785505107.0497,2026-07-31T09:38:27.049,213.123,2145,,,,0,,,,0.5451,-57.54,0.5605,-34.68,1,30.0,hold:D,+0.000,+0.000,-0.200,+0.000,1100,0,
1785505107.1504,2026-07-31T09:38:27.150,213.223,2146,,,,0,,,,0.5477,-57.44,0.5631,-34.58,1,30.0,hold:D,+0.000,+0.000,-0.187,+0.000,1100,0,
1785505107.2490,2026-07-31T09:38:27.249,213.322,2147,,,,0,,,,0.5491,-57.26,0.5645,-34.40,1,30.0,hold:D,+0.000,+0.000,-0.188,+0.000,1100,0,
1785505107.3486,2026-07-31T09:38:27.348,213.422,2148,,,,0,,,,0.5473,-57.17,0.5627,-34.31,1,30.0,hold:D,+0.000,+0.000,-0.184,+0.000,1100,0,
1785505107.4472,2026-07-31T09:38:27.447,213.520,2149,,,,0,,,,0.5485,-56.99,0.5639,-34.13,1,30.0,hold:D,+0.000,+0.000,-0.179,+0.000,1100,0,
1785505107.5460,2026-07-31T09:38:27.546,213.619,2150,,,,0,,,,0.5510,-56.90,0.5664,-34.04,1,30.0,hold:D,+0.000,+0.000,-0.173,+0.000,1100,0,
1785505107.6452,2026-07-31T09:38:27.645,213.718,2151,,,,0,,,,0.5497,-56.75,0.5651,-33.89,1,30.0,hold:D,+0.000,+0.000,-0.173,+0.000,1100,0,
1785505107.7448,2026-07-31T09:38:27.744,213.818,2152,,,,0,,,,0.5508,-56.61,0.5662,-33.75,1,30.0,hold:D,+0.000,+0.000,-0.170,+0.000,1100,0,
1785505107.8440,2026-07-31T09:38:27.843,213.917,2153,,,,0,,,,0.5507,-56.54,0.5661,-33.68,1,30.0,hold:D,+0.000,+0.000,-0.167,+0.000,1100,0,
1785505107.9434,2026-07-31T09:38:27.943,214.016,2154,,,,0,,,,0.5543,-56.40,0.5697,-33.54,1,30.0,hold:D,+0.000,+0.000,-0.157,+0.000,1100,0,
1785505108.0432,2026-07-31T09:38:28.043,214.116,2155,,,,0,,,,0.5548,-56.33,0.5702,-33.47,1,30.0,hold:D,+0.000,+0.000,-0.155,+0.000,1100,0,
1785505108.1422,2026-07-31T09:38:28.142,214.215,2156,,,,0,,,,0.5513,-56.21,0.5667,-33.35,1,30.0,hold:D,+0.000,+0.000,-0.160,+0.000,1100,0,
1785505108.2415,2026-07-31T09:38:28.241,214.315,2157,,,,0,,,,0.5550,-56.08,0.5704,-33.22,1,30.0,hold:D,+0.000,+0.000,-0.153,+0.000,1100,0,
1785505108.3405,2026-07-31T09:38:28.340,214.414,2158,,,,0,,,,0.5537,-56.03,0.5691,-33.17,1,30.0,hold:D,+0.000,+0.000,-0.151,+0.000,1100,0,
1785505108.4395,2026-07-31T09:38:28.439,214.513,2159,,,,0,,,,0.5485,-55.92,0.5639,-33.06,1,30.0,hold:D,+0.000,+0.000,-0.156,+0.000,1100,0,
1785505108.5387,2026-07-31T09:38:28.538,214.612,2160,,,,0,,,,0.5528,-55.87,0.5682,-33.01,1,30.0,hold:D,+0.000,+0.000,-0.148,+0.000,1100,0,
1785505108.6373,2026-07-31T09:38:28.637,214.710,2161,,,,0,,,,0.5471,-55.77,0.5625,-32.91,1,30.0,hold:D,+0.000,+0.000,-0.155,+0.000,1100,0,
1785505108.7364,2026-07-31T09:38:28.736,214.809,2162,,,,0,,,,0.5435,-55.68,0.5589,-32.82,1,30.0,hold:D,+0.000,+0.000,-0.144,+0.000,1100,0,
1785505108.8369,2026-07-31T09:38:28.836,214.910,2163,,,,0,,,,0.5487,-55.64,0.5641,-32.78,1,30.0,hold:D,+0.000,+0.000,-0.151,+0.000,1100,0,
1785505108.9362,2026-07-31T09:38:28.936,215.009,2164,,,,0,,,,0.5469,-55.54,0.5623,-32.68,1,30.0,hold:D,+0.000,+0.000,-0.146,+0.000,1100,0,
1785505109.0356,2026-07-31T09:38:29.035,215.109,2165,,,,0,,,,0.5488,-55.49,0.5642,-32.63,1,30.0,hold:D,+0.000,+0.000,-0.147,+0.000,1100,0,
1785505109.1343,2026-07-31T09:38:29.134,215.207,2166,,,,0,,,,0.5431,-55.39,0.5585,-32.53,1,30.0,hold:D,+0.000,+0.000,-0.153,+0.000,1100,0,
1785505109.2345,2026-07-31T09:38:29.234,215.308,2167,,,,0,,,,0.5448,-55.29,0.5602,-32.43,1,30.0,hold:D,+0.000,+0.000,-0.159,+0.000,1100,0,
1785505109.3342,2026-07-31T09:38:29.334,215.407,2168,,,,0,,,,0.5388,-55.24,0.5542,-32.38,1,30.0,hold:D,+0.000,+0.000,-0.149,+0.000,1100,0,
1785505109.4351,2026-07-31T09:38:29.435,215.508,2169,,,,0,,,,0.5394,-55.16,0.5548,-32.30,1,30.0,hold:D,+0.000,+0.000,-0.151,+0.000,1100,0,
1785505109.5333,2026-07-31T09:38:29.533,215.606,2170,,,,0,,,,0.5387,-55.11,0.5541,-32.25,1,30.0,hold:D,+0.000,+0.000,-0.158,+0.000,1100,0,
1785505109.6338,2026-07-31T09:38:29.633,215.707,2171,,,,0,,,,0.5356,-55.03,0.5510,-32.17,1,30.0,hold:D,+0.000,+0.000,-0.163,+0.000,1100,0,
1785505109.7329,2026-07-31T09:38:29.732,215.806,2172,,,,0,,,,0.5369,-54.99,0.5523,-32.13,1,30.0,hold:D,+0.000,+0.000,-0.159,+0.000,1100,0,
1785505109.8314,2026-07-31T09:38:29.831,215.904,2173,,,,0,,,,0.5315,-54.91,0.5468,-32.05,1,30.0,hold:D,+0.000,+0.000,-0.165,+0.000,1100,0,
1785505109.9305,2026-07-31T09:38:29.930,216.004,2174,,,,0,,,,0.5252,-54.85,0.5406,-31.99,1,30.0,hold:D,+0.000,+0.000,-0.169,+0.000,1100,0,
1785505110.0294,2026-07-31T09:38:30.029,216.102,2175,,,,0,,,,0.5297,-54.82,0.5451,-31.96,1,30.0,hold:D,+0.000,+0.000,-0.170,+0.000,1100,0,
1785505110.1302,2026-07-31T09:38:30.130,216.203,2176,,,,0,,,,0.5265,-54.76,0.5419,-31.90,1,30.0,hold:D,+0.000,+0.000,-0.183,+0.000,1100,0,
1785505110.2286,2026-07-31T09:38:30.228,216.302,2177,,,,0,,,,0.5252,-54.74,0.5406,-31.88,1,30.0,hold:D,+0.000,+0.000,-0.177,+0.000,1100,0,
1785505110.3291,2026-07-31T09:38:30.329,216.402,2178,,,,0,,,,0.5206,-54.69,0.5360,-31.83,1,30.0,hold:D,+0.000,+0.000,-0.186,+0.000,1100,0,
1785505110.4278,2026-07-31T09:38:30.427,216.501,2179,,,,0,,,,0.5166,-54.66,0.5319,-31.80,1,30.0,hold:D,+0.000,+0.000,-0.174,+0.000,1100,0,
1785505110.5273,2026-07-31T09:38:30.527,216.600,2180,,,,0,,,,0.5167,-54.64,0.5321,-31.78,1,30.0,hold:D,+0.000,+0.000,-0.192,+0.000,1100,0,
1785505110.6260,2026-07-31T09:38:30.626,216.699,2181,,,,0,,,,0.5172,-54.62,0.5326,-31.76,1,30.0,hold:D,+0.000,+0.000,-0.186,+0.000,1100,0,
1785505110.7262,2026-07-31T09:38:30.726,216.799,2182,,,,0,,,,0.5132,-54.61,0.5286,-31.75,1,30.0,hold:D,+0.000,+0.000,-0.199,+0.000,1100,0,
1785505110.8263,2026-07-31T09:38:30.826,216.899,2183,,,,0,,,,0.5156,-54.60,0.5310,-31.74,1,30.0,hold:D,+0.000,+0.000,-0.194,+0.000,1100,0,
1785505110.9250,2026-07-31T09:38:30.924,216.998,2184,,,,0,,,,0.5111,-54.59,0.5265,-31.73,1,30.0,hold:D,+0.000,+0.000,-0.203,+0.000,1100,0,
1785505111.0244,2026-07-31T09:38:31.024,217.097,2185,,,,0,,,,0.5069,-54.58,0.5223,-31.72,1,30.0,hold:D,+0.000,+0.000,-0.212,+0.000,1100,0,
1785505111.1229,2026-07-31T09:38:31.122,217.196,2186,,,,0,,,,0.5110,-54.56,0.5263,-31.70,1,30.0,hold:D,+0.000,+0.000,-0.200,+0.000,1100,0,
1785505111.2222,2026-07-31T09:38:31.222,217.295,2187,,,,0,,,,0.5069,-54.55,0.5223,-31.69,1,30.0,hold:D,+0.000,+0.000,-0.212,+0.000,1100,0,
1785505111.3219,2026-07-31T09:38:31.321,217.395,2188,,,,0,,,,0.5093,-54.53,0.5247,-31.67,1,30.0,hold:D,+0.000,+0.000,-0.207,+0.000,1100,0,
1785505111.4216,2026-07-31T09:38:31.421,217.495,2189,,,,0,,,,0.5037,-54.49,0.5191,-31.63,1,30.0,hold:D,+0.000,+0.000,-0.214,+0.000,1100,0,
1785505111.5211,2026-07-31T09:38:31.521,217.594,2190,,,,0,,,,0.5007,-54.48,0.5161,-31.62,1,30.0,hold:D,+0.000,+0.000,-0.224,+0.000,1100,0,
1785505111.6207,2026-07-31T09:38:31.620,217.694,2191,,,,0,,,,0.5032,-54.44,0.5186,-31.58,1,30.0,hold:D,+0.000,+0.000,-0.228,+0.000,1100,0,
1785505111.7224,2026-07-31T09:38:31.722,217.795,2192,,,,0,,,,0.4972,-54.42,0.5126,-31.56,1,30.0,hold:D,+0.000,+0.000,-0.231,+0.000,1100,0,
1785505111.8212,2026-07-31T09:38:31.821,217.894,2193,,,,0,,,,0.4990,-54.38,0.5144,-31.52,1,30.0,hold:D,+0.000,+0.000,-0.231,+0.000,1100,0,
1785505111.9202,2026-07-31T09:38:31.920,217.993,2194,,,,0,,,,0.4937,-54.35,0.5091,-31.49,1,30.0,hold:D,+0.000,+0.000,-0.239,+0.000,1100,0,
1785505112.0195,2026-07-31T09:38:32.019,218.093,2195,,,,0,,,,0.4904,-54.34,0.5058,-31.48,1,30.0,hold:D,+0.000,+0.000,-0.245,+0.000,1100,0,
1785505112.1183,2026-07-31T09:38:32.118,218.191,2196,,,,0,,,,0.4910,-54.31,0.5064,-31.45,1,30.0,hold:D,+0.000,+0.000,-0.241,+0.000,1100,0,
1785505112.2185,2026-07-31T09:38:32.218,218.292,2197,,,,0,,,,0.4866,-54.29,0.5020,-31.43,1,30.0,hold:D,+0.000,+0.000,-0.252,+0.000,1100,0,
1785505112.3187,2026-07-31T09:38:32.318,218.392,2198,,,,0,,,,0.4900,-54.24,0.5054,-31.38,1,30.0,hold:D,+0.000,+0.000,-0.248,+0.000,1100,0,
1785505112.4171,2026-07-31T09:38:32.417,218.490,2199,,,,0,,,,0.4847,-54.18,0.5001,-31.32,1,30.0,hold:D,+0.000,+0.000,-0.256,+0.000,1100,0,
1785505112.5163,2026-07-31T09:38:32.516,218.589,2200,,,,0,,,,0.4804,-54.16,0.4958,-31.30,1,30.0,hold:D,+0.000,+0.000,-0.265,+0.000,1100,0,
1785505112.6156,2026-07-31T09:38:32.615,218.689,2201,,,,0,,,,0.4825,-54.12,0.4979,-31.26,1,30.0,hold:D,+0.000,+0.000,-0.259,+0.000,1100,0,
1785505112.7146,2026-07-31T09:38:32.714,218.788,2202,,,,0,,,,0.4795,-54.09,0.4949,-31.23,1,30.0,hold:D,+0.000,+0.000,-0.267,+0.000,1100,0,
1785505112.8133,2026-07-31T09:38:32.813,218.886,2203,,,,0,,,,0.4750,-54.05,0.4904,-31.19,1,30.0,hold:D,+0.000,+0.000,-0.274,+0.000,1100,0,
1785505112.9136,2026-07-31T09:38:32.913,218.987,2204,,,,0,,,,0.4746,-54.00,0.4900,-31.14,1,30.0,hold:D,+0.000,+0.000,-0.279,+0.000,1100,0,
1785505113.0128,2026-07-31T09:38:33.012,219.086,2205,,,,0,,,,0.4748,-53.98,0.4902,-31.12,1,30.0,hold:D,+0.000,+0.000,-0.279,+0.000,1100,0,
1785505113.1115,2026-07-31T09:38:33.111,219.185,2206,,,,0,,,,0.4705,-53.94,0.4859,-31.08,1,30.0,hold:D,+0.000,+0.000,-0.285,+0.000,1100,0,
1785505113.2094,2026-07-31T09:38:33.209,219.282,2207,,,,0,,,,0.4690,-53.92,0.4844,-31.06,1,30.0,hold:D,+0.000,+0.000,-0.293,+0.000,1100,0,
1785505113.3083,2026-07-31T09:38:33.308,219.381,2208,,,,0,,,,0.4640,-53.88,0.4794,-31.02,1,30.0,hold:D,+0.000,+0.000,-0.294,+0.000,1100,0,
1785505113.4075,2026-07-31T09:38:33.407,219.481,2209,,,,0,,,,0.4663,-53.85,0.4817,-30.99,1,30.0,hold:D,+0.000,+0.000,-0.301,+0.000,1100,0,
1785505113.5067,2026-07-31T09:38:33.506,219.580,2210,,,,0,,,,0.4624,-53.82,0.4777,-30.96,1,30.0,hold:D,+0.000,+0.000,-0.296,+0.000,1100,0,
1785505113.6057,2026-07-31T09:38:33.605,219.679,2211,,,,0,,,,0.4619,-53.79,0.4773,-30.93,1,30.0,hold:D,+0.000,+0.000,-0.307,+0.000,1100,0,
1785505113.7050,2026-07-31T09:38:33.705,219.778,2212,,,,0,,,,0.4597,-53.78,0.4751,-30.92,1,30.0,hold:D,+0.000,+0.000,-0.318,+0.000,1100,0,
1785505113.8045,2026-07-31T09:38:33.804,219.878,2213,,,,0,,,,0.4584,-53.77,0.4738,-30.91,1,30.0,hold:D,+0.000,+0.000,-0.324,+0.000,1100,0,
1785505113.9033,2026-07-31T09:38:33.903,219.976,2214,,,,0,,,,0.4575,-53.77,0.4729,-30.91,1,30.0,hold:D,+0.000,+0.000,-0.326,+0.000,1100,0,
1785505114.0033,2026-07-31T09:38:34.003,220.076,2215,,,,0,,,,0.4593,-53.77,0.4747,-30.91,1,30.0,hold:D,+0.000,+0.000,-0.319,+0.000,1100,0,
1785505114.1032,2026-07-31T09:38:34.103,220.176,2216,,,,0,,,,0.4518,-53.77,0.4672,-30.91,1,30.0,hold:D,+0.000,+0.000,-0.336,+0.000,1100,0,
1785505114.2027,2026-07-31T09:38:34.202,220.276,2217,,,,0,,,,0.4531,-53.77,0.4685,-30.91,1,30.0,hold:D,+0.000,+0.000,-0.340,+0.000,1100,0,
1785505114.3021,2026-07-31T09:38:34.302,220.375,2218,,,,0,,,,0.4513,-53.77,0.4666,-30.91,1,30.0,hold:D,+0.000,+0.000,-0.340,+0.000,1100,0,
1785505114.4025,2026-07-31T09:38:34.402,220.476,2219,,,,0,,,,0.4524,-53.78,0.4678,-30.92,1,30.0,hold:D,+0.000,+0.000,-0.345,+0.000,1100,0,
1785505114.5021,2026-07-31T09:38:34.502,220.575,2220,,,,0,,,,0.4535,-53.78,0.4689,-30.92,1,30.0,hold:D,+0.000,+0.000,-0.343,+0.000,1100,0,
1785505114.6019,2026-07-31T09:38:34.601,220.675,2221,,,,0,,,,0.4498,-53.81,0.4652,-30.95,1,30.0,hold:D,+0.000,+0.000,-0.353,+0.000,1100,0,
1785505114.7009,2026-07-31T09:38:34.700,220.774,2222,,,,0,,,,0.4511,-53.83,0.4665,-30.97,1,30.0,hold:D,+0.000,+0.000,-0.354,+0.000,1100,0,
1785505114.7993,2026-07-31T09:38:34.799,220.872,2223,,,,0,,,,0.4506,-53.87,0.4659,-31.01,1,30.0,hold:D,+0.000,+0.000,-0.352,+0.000,1100,0,
1785505114.8988,2026-07-31T09:38:34.898,220.972,2224,,,,0,,,,0.4500,-53.89,0.4654,-31.03,1,30.0,hold:D,+0.000,+0.000,-0.360,+0.000,1100,0,
1785505114.9982,2026-07-31T09:38:34.998,221.071,2225,,,,0,,,,0.4470,-53.95,0.4624,-31.09,1,30.0,hold:D,+0.000,+0.000,-0.359,+0.000,1100,0,
1785505115.0980,2026-07-31T09:38:35.098,221.171,2226,,,,0,,,,0.4516,-54.01,0.4670,-31.15,1,30.0,hold:D,+0.000,+0.000,-0.372,+0.000,1100,0,
1785505115.1966,2026-07-31T09:38:35.196,221.270,2227,,,,0,,,,0.4519,-54.04,0.4673,-31.18,1,30.0,hold:D,+0.000,+0.000,-0.362,+0.000,1100,0,
1785505115.2964,2026-07-31T09:38:35.296,221.369,2228,,,,0,,,,0.4471,-54.12,0.4625,-31.26,1,30.0,hold:D,+0.000,+0.000,-0.374,+0.000,1100,0,
1785505115.3956,2026-07-31T09:38:35.395,221.469,2229,,,,0,,,,0.4491,-54.16,0.4645,-31.30,1,30.0,hold:D,+0.000,+0.000,-0.371,+0.000,1100,0,
1785505115.4955,2026-07-31T09:38:35.495,221.569,2230,,,,0,,,,0.4534,-54.26,0.4688,-31.40,1,30.0,hold:D,+0.000,+0.000,-0.375,+0.000,1100,0,
1785505115.5945,2026-07-31T09:38:35.594,221.668,2231,,,,0,,,,0.4481,-54.32,0.4635,-31.46,1,30.0,hold:D,+0.000,+0.000,-0.378,+0.000,1100,0,
1785505115.6942,2026-07-31T09:38:35.694,221.767,2232,,,,0,,,,0.4506,-54.43,0.4660,-31.57,1,30.0,hold:D,+0.000,+0.000,-0.374,+0.000,1100,0,
1785505115.7926,2026-07-31T09:38:35.792,221.866,2233,,,,0,,,,0.4480,-54.57,0.4634,-31.71,1,30.0,hold:D,+0.000,+0.000,-0.370,+0.000,1100,0,
1785505115.8927,2026-07-31T09:38:35.892,221.966,2234,,,,0,,,,0.4513,-54.64,0.4667,-31.78,1,30.0,hold:D,+0.000,+0.000,-0.377,+0.000,1100,0,
1785505115.9916,2026-07-31T09:38:35.991,222.065,2235,,,,0,,,,0.4543,-54.81,0.4697,-31.95,1,30.0,hold:D,+0.000,+0.000,-0.376,+0.000,1100,0,
1785505116.0916,2026-07-31T09:38:36.091,222.165,2236,,,,0,,,,0.4534,-54.88,0.4688,-32.02,1,30.0,hold:D,+0.000,+0.000,-0.376,+0.000,1100,0,
1785505116.1906,2026-07-31T09:38:36.190,222.264,2237,,,,0,,,,0.4598,-55.00,0.4752,-32.14,1,30.0,hold:D,+0.000,+0.000,-0.373,+0.000,1100,0,
1785505116.2910,2026-07-31T09:38:36.291,222.364,2238,,,,0,,,,0.4577,-55.12,0.4731,-32.26,1,30.0,hold:D,+0.000,+0.000,-0.371,+0.000,1100,0,
1785505116.3898,2026-07-31T09:38:36.389,222.463,2239,,,,0,,,,0.4581,-55.20,0.4735,-32.34,1,30.0,hold:D,+0.000,+0.000,-0.373,+0.000,1100,0,
1785505116.4897,2026-07-31T09:38:36.489,222.563,2240,,,,0,,,,0.4647,-55.35,0.4801,-32.49,1,30.0,hold:D,+0.000,+0.000,-0.369,+0.000,1100,0,
1785505116.5886,2026-07-31T09:38:36.588,222.662,2241,,,,0,,,,0.4593,-55.43,0.4747,-32.57,1,30.0,hold:D,+0.000,+0.000,-0.373,+0.000,1100,0,
1785505116.6882,2026-07-31T09:38:36.688,222.761,2242,,,,0,,,,0.4675,-55.62,0.4829,-32.76,1,30.0,hold:D,+0.000,+0.000,-0.369,+0.000,1100,0,
1785505116.7873,2026-07-31T09:38:36.787,222.860,2243,,,,0,,,,0.4659,-55.71,0.4813,-32.85,1,30.0,hold:D,+0.000,+0.000,-0.362,+0.000,1100,0,
1785505116.8865,2026-07-31T09:38:36.886,222.960,2244,,,,0,,,,0.4703,-55.89,0.4857,-33.03,1,30.0,hold:D,+0.000,+0.000,-0.356,+0.000,1100,0,
1785505116.9848,2026-07-31T09:38:36.984,223.058,2245,,,,0,,,,0.4716,-56.05,0.4870,-33.19,1,30.0,hold:D,+0.000,+0.000,-0.361,+0.000,1100,0,
1785505117.0854,2026-07-31T09:38:37.085,223.158,2246,,,,0,,,,0.4685,-56.11,0.4839,-33.25,1,30.0,hold:D,+0.000,+0.000,-0.361,+0.000,1100,0,
1785505117.1839,2026-07-31T09:38:37.183,223.257,2247,,,,0,,,,0.4734,-56.20,0.4888,-33.34,1,30.0,hold:D,+0.000,+0.000,-0.352,+0.000,1100,0,
1785505117.2832,2026-07-31T09:38:37.283,223.356,2248,,,,0,,,,0.4740,-56.24,0.4894,-33.38,1,30.0,hold:D,+0.000,+0.000,-0.352,+0.000,1100,0,
1785505117.3833,2026-07-31T09:38:37.383,223.456,2249,,,,0,,,,0.4800,-56.33,0.4954,-33.47,1,30.0,hold:D,+0.000,+0.000,-0.335,+0.000,1100,0,
1785505117.4824,2026-07-31T09:38:37.482,223.555,2250,,,,0,,,,0.4828,-56.42,0.4982,-33.56,1,30.0,hold:D,+0.000,+0.000,-0.342,+0.000,1100,0,
1785505117.5811,2026-07-31T09:38:37.581,223.654,2251,,,,0,,,,0.4830,-56.45,0.4984,-33.59,1,30.0,hold:D,+0.000,+0.000,-0.335,+0.000,1100,0,
1785505117.6815,2026-07-31T09:38:37.681,223.755,2252,,,,0,,,,0.4822,-56.54,0.4976,-33.68,1,30.0,hold:D,+0.000,+0.000,-0.330,+0.000,1100,0,
1785505117.7799,2026-07-31T09:38:37.779,223.853,2253,,,,0,,,,0.4861,-56.58,0.5015,-33.72,1,30.0,hold:D,+0.000,+0.000,-0.329,+0.000,1100,0,
1785505117.8807,2026-07-31T09:38:37.880,223.954,2254,,,,0,,,,0.4908,-56.68,0.5062,-33.82,1,30.0,hold:D,+0.000,+0.000,-0.319,+0.000,1100,0,
1785505117.9807,2026-07-31T09:38:37.980,224.054,2255,,,,0,,,,0.4956,-56.74,0.5110,-33.88,1,30.0,hold:D,+0.000,+0.000,-0.324,+0.000,1100,0,
1785505118.0793,2026-07-31T09:38:38.079,224.152,2256,,,,0,,,,0.4908,-56.77,0.5062,-33.91,1,30.0,hold:D,+0.000,+0.000,-0.319,+0.000,1100,0,
1785505118.1786,2026-07-31T09:38:38.178,224.252,2257,,,,0,,,,0.4958,-56.86,0.5112,-34.00,1,30.0,hold:D,+0.000,+0.000,-0.311,+0.000,1100,0,
1785505118.2761,2026-07-31T09:38:38.276,224.349,2258,,,,0,,,,0.4979,-56.91,0.5133,-34.05,1,30.0,hold:D,+0.000,+0.000,-0.305,+0.000,1100,0,
1785505118.3752,2026-07-31T09:38:38.375,224.448,2259,,,,0,,,,0.5032,-57.00,0.5186,-34.14,1,30.0,hold:D,+0.000,+0.000,-0.300,+0.000,1100,0,
1785505118.4749,2026-07-31T09:38:38.474,224.548,2260,,,,0,,,,0.5065,-57.10,0.5219,-34.24,1,30.0,hold:D,+0.000,+0.000,-0.292,+0.000,1100,0,
1785505118.5739,2026-07-31T09:38:38.573,224.647,2261,,,,0,,,,0.5078,-57.15,0.5232,-34.29,1,30.0,hold:D,+0.000,+0.000,-0.285,+0.000,1100,0,
1785505118.6732,2026-07-31T09:38:38.673,224.746,2262,,,,0,,,,0.5079,-57.25,0.5233,-34.39,1,30.0,hold:D,+0.000,+0.000,-0.281,+0.000,1100,0,
1785505118.7728,2026-07-31T09:38:38.772,224.846,2263,,,,0,,,,0.5073,-57.30,0.5227,-34.44,1,30.0,hold:D,+0.000,+0.000,-0.286,+0.000,1100,0,
1785505118.8739,2026-07-31T09:38:38.873,224.947,2264,,,,0,,,,0.5097,-57.39,0.5251,-34.53,1,30.0,hold:D,+0.000,+0.000,-0.272,+0.000,1100,0,
1785505118.9736,2026-07-31T09:38:38.973,225.047,2265,,,,0,,,,0.5176,-57.48,0.5330,-34.62,1,30.0,hold:D,+0.000,+0.000,-0.276,+0.000,1100,0,
1785505119.0728,2026-07-31T09:38:39.072,225.146,2266,,,,0,,,,0.5217,-57.53,0.5371,-34.67,1,30.0,hold:D,+0.000,+0.000,-0.257,+0.000,1100,0,
1785505119.1714,2026-07-31T09:38:39.171,225.244,2267,,,,0,,,,0.5219,-57.60,0.5373,-34.74,1,30.0,hold:D,+0.000,+0.000,-0.260,+0.000,1100,0,
1785505119.2712,2026-07-31T09:38:39.271,225.344,2268,,,,0,,,,0.5218,-57.64,0.5372,-34.78,1,30.0,hold:D,+0.000,+0.000,-0.255,+0.000,1100,0,
1785505119.3702,2026-07-31T09:38:39.370,225.443,2269,,,,0,,,,0.5223,-57.72,0.5377,-34.86,1,30.0,hold:D,+0.000,+0.000,-0.255,+0.000,1100,0,
1785505119.4697,2026-07-31T09:38:39.469,225.543,2270,,,,0,,,,0.5203,-57.78,0.5357,-34.92,1,30.0,hold:D,+0.000,+0.000,-0.250,+0.000,1100,0,
1785505119.5692,2026-07-31T09:38:39.569,225.642,2271,,,,0,,,,0.5236,-57.82,0.5390,-34.96,1,30.0,hold:D,+0.000,+0.000,-0.249,+0.000,1100,0,
1785505119.6688,2026-07-31T09:38:39.668,225.742,2272,,,,0,,,,0.5273,-57.90,0.5427,-35.04,1,30.0,hold:D,+0.000,+0.000,-0.249,+0.000,1100,0,
1785505119.7687,2026-07-31T09:38:39.768,225.842,2273,,,,0,,,,0.5266,-57.93,0.5420,-35.07,1,30.0,hold:D,+0.000,+0.000,-0.241,+0.000,1100,0,
1785505119.8678,2026-07-31T09:38:39.867,225.941,2274,,,,0,,,,0.5275,-58.01,0.5429,-35.15,1,30.0,hold:D,+0.000,+0.000,-0.241,+0.000,1100,0,
1785505119.9664,2026-07-31T09:38:39.966,226.039,2275,,,,0,,,,0.5240,-58.10,0.5393,-35.24,1,30.0,hold:D,+0.000,+0.000,-0.238,+0.000,1100,0,
1785505120.0667,2026-07-31T09:38:40.066,226.140,2276,,,,0,,,,0.5264,-58.14,0.5418,-35.28,1,30.0,hold:D,+0.000,+0.000,-0.243,+0.000,1100,0,
1785505120.1653,2026-07-31T09:38:40.165,226.238,2277,,,,0,,,,0.5296,-58.23,0.5450,-35.37,1,30.0,hold:D,+0.000,+0.000,-0.229,+0.000,1100,0,
1785505120.2646,2026-07-31T09:38:40.264,226.338,2278,,,,0,,,,0.5312,-58.29,0.5466,-35.43,1,30.0,hold:D,+0.000,+0.000,-0.227,+0.000,1100,0,
1785505120.3642,2026-07-31T09:38:40.364,226.437,2279,,,,0,,,,0.5270,-58.37,0.5424,-35.51,1,30.0,hold:D,+0.000,+0.000,-0.235,+0.000,1100,0,
1785505120.4642,2026-07-31T09:38:40.464,226.537,2280,,,,0,,,,0.5244,-58.42,0.5398,-35.56,1,30.0,hold:D,+0.000,+0.000,-0.238,+0.000,1100,0,
1785505120.5636,2026-07-31T09:38:40.563,226.637,2281,,,,0,,,,0.5299,-58.48,0.5453,-35.62,1,30.0,hold:D,+0.000,+0.000,-0.219,+0.000,1100,0,
1785505120.6631,2026-07-31T09:38:40.663,226.736,2282,,,,0,,,,0.5308,-58.53,0.5462,-35.67,1,30.0,hold:D,+0.000,+0.000,-0.224,+0.000,1100,0,
1785505120.7616,2026-07-31T09:38:40.761,226.835,2283,,,,0,,,,0.5325,-58.55,0.5479,-35.69,1,30.0,hold:D,+0.000,+0.000,-0.218,+0.000,1100,0,
1785505120.8620,2026-07-31T09:38:40.862,226.935,2284,,,,0,,,,0.5355,-58.59,0.5509,-35.73,1,30.0,hold:D,+0.000,+0.000,-0.224,+0.000,1100,0,
1785505120.9612,2026-07-31T09:38:40.961,227.034,2285,,,,0,,,,0.5297,-58.60,0.5451,-35.74,1,30.0,hold:D,+0.000,+0.000,-0.221,+0.000,1100,0,
1785505121.0611,2026-07-31T09:38:41.061,227.134,2286,,,,0,,,,0.5322,-58.65,0.5476,-35.79,1,30.0,hold:D,+0.000,+0.000,-0.216,+0.000,1100,0,
1785505121.1599,2026-07-31T09:38:41.159,227.233,2287,,,,0,,,,0.5330,-58.72,0.5484,-35.86,1,30.0,hold:D,+0.000,+0.000,-0.213,+0.000,1100,0,
1785505121.2593,2026-07-31T09:38:41.259,227.332,2288,,,,0,,,,0.5336,-58.75,0.5490,-35.89,1,30.0,hold:D,+0.000,+0.000,-0.210,+0.000,1100,0,
1785505121.3586,2026-07-31T09:38:41.358,227.432,2289,,,,0,,,,0.5265,-58.81,0.5418,-35.95,1,30.0,hold:D,+0.000,+0.000,-0.214,+0.000,1100,0,
1785505121.4577,2026-07-31T09:38:41.457,227.531,2290,,,,0,,,,0.5251,-58.83,0.5405,-35.97,1,30.0,hold:D,+0.000,+0.000,-0.224,+0.000,1100,0,
1785505121.5576,2026-07-31T09:38:41.557,227.631,2291,,,,0,,,,0.5247,-58.83,0.5401,-35.97,1,30.0,hold:D,+0.000,+0.000,-0.221,+0.000,1100,0,
1785505121.6571,2026-07-31T09:38:41.657,227.730,2292,,,,0,,,,0.5243,-58.84,0.5397,-35.98,1,30.0,hold:D,+0.000,+0.000,-0.229,+0.000,1100,0,
1785505121.7563,2026-07-31T09:38:41.756,227.829,2293,,,,0,,,,0.5193,-58.85,0.5347,-35.99,1,30.0,hold:D,+0.000,+0.000,-0.233,+0.000,1100,0,
1785505121.8549,2026-07-31T09:38:41.854,227.928,2294,,,,0,,,,0.5191,-58.89,0.5345,-36.03,1,30.0,hold:D,+0.000,+0.000,-0.235,+0.000,1100,0,
1785505121.9553,2026-07-31T09:38:41.955,228.028,2295,,,,0,,,,0.5161,-58.91,0.5315,-36.05,1,30.0,hold:D,+0.000,+0.000,-0.240,+0.000,1100,0,
1785505122.0541,2026-07-31T09:38:42.054,228.127,2296,,,,0,,,,0.5142,-58.97,0.5296,-36.11,1,30.0,hold:D,+0.000,+0.000,-0.230,+0.000,1100,0,
1785505122.1531,2026-07-31T09:38:42.153,228.226,2297,,,,0,,,,0.5113,-59.02,0.5267,-36.16,1,30.0,hold:D,+0.000,+0.000,-0.236,+0.000,1100,0,
1785505122.2524,2026-07-31T09:38:42.252,228.325,2298,,,,0,,,,0.5083,-59.05,0.5236,-36.19,1,30.0,hold:D,+0.000,+0.000,-0.255,+0.000,1100,0,
1785505122.3508,2026-07-31T09:38:42.350,228.424,2299,,,,0,,,,0.5048,-59.10,0.5202,-36.24,1,30.0,hold:D,+0.000,+0.000,-0.255,+0.000,1100,0,
1785505122.4500,2026-07-31T09:38:42.449,228.523,2300,,,,0,,,,0.4988,-59.12,0.5142,-36.26,1,30.0,hold:D,+0.000,+0.000,-0.274,+0.000,1100,0,
1785505122.5491,2026-07-31T09:38:42.549,228.622,2301,,,,0,,,,0.4956,-59.17,0.5110,-36.31,1,30.0,hold:D,+0.000,+0.000,-0.274,+0.000,1100,0,
1785505122.6479,2026-07-31T09:38:42.647,228.721,2302,,,,0,,,,0.4821,-59.24,0.4975,-36.38,1,30.0,hold:D,+0.000,+0.000,-0.295,+0.000,1100,0,
1785505122.7475,2026-07-31T09:38:42.747,228.821,2303,,,,0,,,,0.4813,-59.28,0.4967,-36.42,1,30.0,hold:D,+0.000,+0.000,-0.309,+0.000,1100,0,
1785505122.8472,2026-07-31T09:38:42.847,228.920,2304,,,,0,,,,0.4764,-59.39,0.4918,-36.53,1,30.0,hold:D,+0.000,+0.000,-0.302,+0.000,1100,0,
1785505122.9466,2026-07-31T09:38:42.946,229.020,2305,,,,0,,,,0.4788,-59.46,0.4942,-36.60,1,30.0,hold:D,+0.000,+0.000,-0.315,+0.000,1100,0,
1785505123.0471,2026-07-31T09:38:43.047,229.120,2306,,,,0,,,,0.4806,-59.63,0.4960,-36.77,1,30.0,hold:D,+0.000,+0.000,-0.314,+0.000,1100,0,
1785505123.1462,2026-07-31T09:38:43.146,229.219,2307,,,,0,,,,0.4780,-59.84,0.4934,-36.98,1,30.0,hold:D,+0.000,+0.000,-0.315,+0.000,1100,0,
1785505123.2445,2026-07-31T09:38:43.244,229.318,2308,,,,0,,,,0.4807,-59.94,0.4961,-37.08,1,30.0,hold:D,+0.000,+0.000,-0.312,+0.000,1100,0,
1785505123.3438,2026-07-31T09:38:43.343,229.417,2309,,,,0,,,,0.4815,-60.16,0.4969,-37.30,1,30.0,hold:D,+0.000,+0.000,-0.307,+0.000,1100,0,
1785505123.4438,2026-07-31T09:38:43.443,229.517,2310,,,,0,,,,0.4817,-60.27,0.4971,-37.41,1,30.0,hold:D,+0.000,+0.000,-0.311,+0.000,1100,0,
1785505123.5447,2026-07-31T09:38:43.544,229.618,2311,,,,0,,,,0.4813,-60.48,0.4967,-37.62,1,30.0,hold:D,+0.000,+0.000,-0.312,+0.000,1100,0,
1785505123.6432,2026-07-31T09:38:43.643,229.716,2312,,,,0,,,,0.4822,-60.58,0.4976,-37.72,1,30.0,hold:D,+0.000,+0.000,-0.310,+0.000,1100,0,
1785505123.7424,2026-07-31T09:38:43.742,229.815,2313,,,,0,,,,0.4802,-60.76,0.4956,-37.90,1,30.0,hold:D,+0.000,+0.000,-0.314,+0.000,1100,0,
1785505123.8417,2026-07-31T09:38:43.841,229.915,2314,,,,0,,,,0.4821,-60.90,0.4975,-38.04,1,30.0,hold:D,+0.000,+0.000,-0.320,+0.000,1100,0,
1785505123.9403,2026-07-31T09:38:43.940,230.013,2315,,,,0,,,,0.4777,-60.96,0.4931,-38.10,1,30.0,hold:D,+0.000,+0.000,-0.319,+0.000,1100,0,
1785505124.0396,2026-07-31T09:38:44.039,230.113,2316,,,,0,,,,0.4732,-61.06,0.4886,-38.20,1,30.0,hold:D,+0.000,+0.000,-0.329,+0.000,1100,0,
1785505124.1385,2026-07-31T09:38:44.138,230.212,2317,,,,0,,,,0.4716,-61.11,0.4869,-38.25,1,30.0,hold:D,+0.000,+0.000,-0.334,+0.000,1100,0,
1785505124.2375,2026-07-31T09:38:44.237,230.311,2318,,,,0,,,,0.4619,-61.19,0.4773,-38.33,1,30.0,hold:D,+0.000,+0.000,-0.355,+0.000,1100,0,
1785505124.3359,2026-07-31T09:38:44.335,230.409,2319,,,,0,,,,0.4585,-61.22,0.4739,-38.36,1,30.0,hold:D,+0.000,+0.000,-0.363,+0.000,1100,0,
1785505124.4354,2026-07-31T09:38:44.435,230.508,2320,,,,0,,,,0.4498,-61.26,0.4652,-38.40,1,30.0,hold:D,+0.000,+0.000,-0.382,+0.000,1100,0,
1785505124.5352,2026-07-31T09:38:44.535,230.608,2321,,,,0,,,,0.4348,-61.34,0.4502,-38.48,1,30.0,hold:D,+0.000,+0.000,-0.401,+0.000,1100,0,
1785505124.6348,2026-07-31T09:38:44.634,230.708,2322,,,,0,,,,0.4306,-61.38,0.4460,-38.52,1,30.0,hold:D,+0.000,+0.000,-0.425,+0.000,1100,0,
1785505124.7336,2026-07-31T09:38:44.733,230.807,2323,,,,0,,,,0.4190,-61.51,0.4344,-38.65,1,30.0,hold:D,+0.000,+0.000,-0.446,+0.000,1100,0,
1785505124.8338,2026-07-31T09:38:44.833,230.907,2324,,,,0,,,,0.4118,-61.59,0.4272,-38.73,1,30.0,hold:D,+0.000,+0.000,-0.469,+0.000,1100,0,
1785505124.9323,2026-07-31T09:38:44.932,231.005,2325,,,,0,,,,0.4113,-61.84,0.4267,-38.98,1,30.0,hold:D,+0.000,+0.000,-0.475,+0.000,1100,0,
1785505125.0314,2026-07-31T09:38:45.031,231.104,2326,,,,0,,,,0.4098,-62.17,0.4252,-39.31,1,30.0,hold:D,+0.000,+0.000,-0.486,+0.000,1100,0,
1785505125.1313,2026-07-31T09:38:45.131,231.204,2327,,,,0,,,,0.4094,-62.35,0.4248,-39.49,1,30.0,hold:D,+0.000,+0.000,-0.485,+0.000,1100,0,
1785505125.2317,2026-07-31T09:38:45.231,231.305,2328,,,,0,,,,0.4114,-62.77,0.4268,-39.91,1,30.0,hold:D,+0.000,+0.000,-0.503,+0.000,1100,0,
1785505125.3306,2026-07-31T09:38:45.330,231.404,2329,,,,0,,,,0.4166,-63.00,0.4320,-40.14,1,30.0,hold:D,+0.000,+0.000,-0.478,+0.000,1100,0,
1785505125.4297,2026-07-31T09:38:45.429,231.503,2330,,,,0,,,,0.4218,-63.52,0.4372,-40.66,1,30.0,hold:D,+0.000,+0.000,-0.470,+0.000,1100,0,
1785505125.5285,2026-07-31T09:38:45.528,231.602,2331,,,,0,,,,0.4262,-64.08,0.4416,-41.22,1,30.0,hold:D,+0.000,+0.000,-0.476,+0.000,1100,0,
1785505125.6288,2026-07-31T09:38:45.628,231.702,2332,,,,0,,,,0.4335,-64.37,0.4489,-41.51,1,30.0,hold:D,+0.000,+0.000,-0.453,+0.000,1100,0,
1785505125.7278,2026-07-31T09:38:45.727,231.801,2333,,,,0,,,,0.4384,-64.90,0.4538,-42.04,1,30.0,hold:D,+0.000,+0.000,-0.454,+0.000,1100,0,
1785505125.8272,2026-07-31T09:38:45.827,231.900,2334,,,,0,,,,0.4472,-65.14,0.4626,-42.28,1,30.0,hold:D,+0.000,+0.000,-0.431,+0.000,1100,0,
1785505125.9276,2026-07-31T09:38:45.927,232.001,2335,,,,0,,,,0.4496,-65.57,0.4650,-42.71,1,30.0,hold:D,+0.000,+0.000,-0.428,+0.000,1100,0,
1785505126.0272,2026-07-31T09:38:46.027,232.100,2336,,,,0,,,,0.4599,-65.89,0.4753,-43.03,1,30.0,hold:D,+0.000,+0.000,-0.416,+0.000,1100,0,
1785505126.1267,2026-07-31T09:38:46.126,232.200,2337,,,,0,,,,0.4558,-66.02,0.4712,-43.16,1,30.0,hold:D,+0.000,+0.000,-0.419,+0.000,1100,0,
1785505126.2259,2026-07-31T09:38:46.225,232.299,2338,,,,0,,,,0.4617,-66.21,0.4771,-43.35,1,30.0,hold:D,+0.000,+0.000,-0.412,+0.000,1100,0,
1785505126.3249,2026-07-31T09:38:46.324,232.398,2339,,,,0,,,,0.4623,-66.26,0.4777,-43.40,1,30.0,hold:D,+0.000,+0.000,-0.409,+0.000,1100,0,
1785505126.4241,2026-07-31T09:38:46.424,232.497,2340,,,,0,,,,0.4559,-66.29,0.4713,-43.43,1,30.0,hold:D,+0.000,+0.000,-0.424,+0.000,1100,0,
1785505126.5228,2026-07-31T09:38:46.522,232.596,2341,,,,0,,,,0.4489,-66.23,0.4642,-43.37,1,30.0,hold:D,+0.000,+0.000,-0.432,+0.000,1100,0,
1785505126.6223,2026-07-31T09:38:46.622,232.695,2342,,,,0,,,,0.4483,-66.18,0.4637,-43.32,1,30.0,hold:D,+0.000,+0.000,-0.443,+0.000,1100,0,
1785505126.7232,2026-07-31T09:38:46.723,232.796,2343,,,,0,,,,0.4421,-66.02,0.4575,-43.16,1,30.0,hold:D,+0.000,+0.000,-0.456,+0.000,1100,0,
1785505126.8216,2026-07-31T09:38:46.821,232.895,2344,,,,0,,,,0.4330,-65.95,0.4484,-43.09,1,30.0,hold:D,+0.000,+0.000,-0.478,+0.000,1100,0,
1785505126.9217,2026-07-31T09:38:46.921,232.995,2345,,,,0,,,,0.4243,-65.81,0.4397,-42.95,1,30.0,hold:D,+0.000,+0.000,-0.471,+0.000,1100,0,
1785505127.0213,2026-07-31T09:38:47.021,233.094,2346,,,,0,,,,0.4223,-65.74,0.4377,-42.88,1,30.0,hold:D,+0.000,+0.000,-0.505,+0.000,1100,0,
1785505127.1200,2026-07-31T09:38:47.119,233.193,2347,,,,0,,,,0.4147,-65.72,0.4301,-42.86,1,30.0,hold:D,+0.000,+0.000,-0.523,+0.000,1100,0,
1785505127.2195,2026-07-31T09:38:47.219,233.292,2348,,,,0,,,,0.4099,-65.77,0.4253,-42.91,1,30.0,hold:D,+0.000,+0.000,-0.527,+0.000,1100,0,
1785505127.3181,2026-07-31T09:38:47.318,233.391,2349,,,,0,,,,0.4102,-65.84,0.4256,-42.98,1,30.0,hold:D,+0.000,+0.000,-0.539,+0.000,1100,0,
1785505127.4166,2026-07-31T09:38:47.416,233.490,2350,,,,0,,,,0.4094,-66.06,0.4248,-43.20,1,30.0,hold:D,+0.000,+0.000,-0.541,+0.000,1100,0,
1785505127.5156,2026-07-31T09:38:47.515,233.589,2351,,,,0,,,,0.4106,-66.40,0.4260,-43.54,1,30.0,hold:D,+0.000,+0.000,-0.543,+0.000,1100,0,
1785505127.6159,2026-07-31T09:38:47.615,233.689,2352,,,,0,,,,0.4170,-66.62,0.4324,-43.76,1,30.0,hold:D,+0.000,+0.000,-0.536,+0.000,1100,0,
1785505127.7145,2026-07-31T09:38:47.714,233.788,2353,,,,0,,,,0.4276,-67.13,0.4430,-44.27,1,30.0,hold:D,+0.000,+0.000,-0.529,+0.000,1100,0,
1785505127.8141,2026-07-31T09:38:47.814,233.887,2354,,,,0,,,,0.4365,-67.41,0.4519,-44.55,1,30.0,hold:D,+0.000,+0.000,-0.503,+0.000,1100,0,
1785505127.9152,2026-07-31T09:38:47.915,233.988,2355,,,,0,,,,0.4494,-68.02,0.4648,-45.15,1,30.0,hold:D,+0.000,+0.000,-0.495,+0.000,1100,0,
1785505128.0138,2026-07-31T09:38:48.013,234.087,2356,,,,0,,,,0.4636,-68.61,0.4790,-45.75,1,30.0,hold:D,+0.000,+0.000,-0.467,+0.000,1100,0,
1785505128.1134,2026-07-31T09:38:48.113,234.186,2357,,,,0,,,,0.4695,-68.88,0.4849,-46.02,1,30.0,hold:D,+0.000,+0.000,-0.455,+0.000,1100,0,
1785505128.2133,2026-07-31T09:38:48.213,234.286,2358,,,,0,,,,0.4805,-69.12,0.4959,-46.26,1,30.0,hold:D,+0.000,+0.000,-0.421,+0.000,1100,0,
1785505128.3117,2026-07-31T09:38:48.311,234.385,2359,,,,0,,,,0.4947,-69.53,0.5101,-46.67,1,30.0,hold:D,+0.000,+0.000,-0.393,+0.000,1100,0,
1785505128.4117,2026-07-31T09:38:48.411,234.485,2360,,,,0,,,,0.4984,-0.08,0.5138,-46.88,1,30.0,hold:D,+0.000,+0.000,-0.396,+0.000,1100,0,
1785505128.5107,2026-07-31T09:38:48.510,234.584,2361,,,,0,,,,0.4941,-0.12,0.5095,-46.92,1,30.0,hold:D,+0.000,+0.000,-0.394,+0.000,1100,0,
1785505128.6109,2026-07-31T09:38:48.610,234.684,2362,,,,0,,,,0.4952,-0.07,0.5106,-46.87,1,30.0,hold:D,+0.000,+0.000,-0.390,+0.000,1100,0,
1785505128.7106,2026-07-31T09:38:48.710,234.784,2363,,,,0,,,,0.4859,0.10,0.5013,-46.70,1,30.0,hold:D,+0.000,+0.000,-0.402,+0.000,1100,0,
1785505128.8102,2026-07-31T09:38:48.810,234.883,2364,,,,0,,,,0.4835,0.21,0.4989,-46.59,1,30.0,hold:D,+0.000,+0.000,-0.415,+0.000,1100,0,
1785505128.9089,2026-07-31T09:38:48.908,234.982,2365,,,,0,,,,0.4724,0.44,0.4878,-46.36,1,30.0,hold:D,+0.000,+0.000,-0.431,+0.000,1100,0,
1785505129.0083,2026-07-31T09:38:49.008,235.081,2366,,,,0,,,,0.4655,0.55,0.4809,-46.25,1,30.0,hold:D,+0.000,+0.000,-0.453,+0.000,1100,0,
1785505129.1074,2026-07-31T09:38:49.107,235.180,2367,,,,0,,,,0.4571,0.72,0.4725,-46.09,1,30.0,hold:D,+0.000,+0.000,-0.460,+0.000,1100,0,
1785505129.2060,2026-07-31T09:38:49.206,235.279,2368,,,,0,,,,0.4528,0.78,0.4682,-46.02,1,30.0,hold:D,+0.000,+0.000,-0.482,+0.000,1100,0,
1785505129.3049,2026-07-31T09:38:49.304,235.378,2369,,,,0,,,,0.4460,0.82,0.4614,-45.98,1,30.0,hold:D,+0.000,+0.000,-0.497,+0.000,1100,0,
1785505129.4048,2026-07-31T09:38:49.404,235.478,2370,,,,0,,,,0.4444,0.76,0.4598,-46.04,1,30.0,hold:D,+0.000,+0.000,-0.511,+0.000,1100,0,
1785505129.5057,2026-07-31T09:38:49.505,235.579,2371,,,,0,,,,0.4405,0.69,0.4559,-46.11,1,30.0,hold:D,+0.000,+0.000,-0.513,+0.000,1100,0,
1785505129.6076,2026-07-31T09:38:49.607,235.681,2372,,,,0,,,,0.4440,0.43,0.4594,-46.37,1,30.0,hold:D,+0.000,+0.000,-0.508,+0.000,1100,0,
1785505129.7069,2026-07-31T09:38:49.706,235.780,2373,,,,0,,,,0.4492,0.02,0.4646,-46.78,1,30.0,hold:D,+0.000,+0.000,-0.497,+0.000,1100,0,
1785505129.8067,2026-07-31T09:38:49.806,235.880,2374,,,,0,,,,0.4571,-0.22,0.4725,-47.02,1,30.0,hold:D,+0.000,+0.000,-0.486,+0.000,1100,0,
1785505129.9051,2026-07-31T09:38:49.905,235.978,2375,,,,0,,,,0.4641,-0.76,0.4795,-47.56,1,30.0,hold:D,+0.000,+0.000,-0.482,+0.000,1100,0,
1785505130.0039,2026-07-31T09:38:50.003,236.077,2376,,,,0,,,,0.4702,-1.05,0.4856,-47.85,1,30.0,hold:D,+0.000,+0.000,-0.463,+0.000,1100,0,
1785505130.1036,2026-07-31T09:38:50.103,236.177,2377,,,,0,,,,0.4828,-1.64,0.4982,-48.44,1,30.0,hold:D,+0.000,+0.000,-0.461,+0.000,1100,0,
1785505130.2020,2026-07-31T09:38:50.202,236.275,2378,,,,0,,,,0.4907,-2.23,0.5061,-49.03,1,30.0,hold:D,+0.000,+0.000,-0.431,+0.000,1100,0,
1785505130.3015,2026-07-31T09:38:50.301,236.375,2379,,,,0,,,,0.4938,-2.49,0.5092,-49.29,1,30.0,hold:D,+0.000,+0.000,-0.417,+0.000,1100,0,
1785505130.4006,2026-07-31T09:38:50.400,236.474,2380,,,,0,,,,0.5022,-2.93,0.5176,-49.73,1,30.0,hold:D,+0.000,+0.000,-0.400,+0.000,1100,0,
1785505130.4998,2026-07-31T09:38:50.499,236.573,2381,,,,0,,,,0.5067,-3.08,0.5221,-49.88,1,30.0,hold:D,+0.000,+0.000,-0.391,+0.000,1100,0,
1785505130.5993,2026-07-31T09:38:50.599,236.672,2382,,,,0,,,,0.5055,-3.25,0.5209,-50.06,1,30.0,hold:D,+0.000,+0.000,-0.387,+0.000,1100,0,
1785505130.6987,2026-07-31T09:38:50.698,236.772,2383,,,,0,,,,0.5044,-3.27,0.5198,-50.08,1,30.0,hold:D,+0.000,+0.000,-0.396,+0.000,1100,0,
1785505130.7971,2026-07-31T09:38:50.797,236.870,2384,,,,0,,,,0.5005,-3.20,0.5159,-50.00,1,30.0,hold:D,+0.000,+0.000,-0.403,+0.000,1100,0,
1785505130.8964,2026-07-31T09:38:50.896,236.969,2385,,,,0,,,,0.4895,-3.04,0.5049,-49.84,1,30.0,hold:D,+0.000,+0.000,-0.420,+0.000,1100,0,
1785505130.9956,2026-07-31T09:38:50.995,237.069,2386,,,,0,,,,0.4833,-2.93,0.4987,-49.73,1,30.0,hold:D,+0.000,+0.000,-0.438,+0.000,1100,0,
1785505131.0945,2026-07-31T09:38:51.094,237.168,2387,,,,0,,,,0.4671,-2.70,0.4825,-49.51,1,30.0,hold:D,+0.000,+0.000,-0.449,+0.000,1100,0,
1785505131.1934,2026-07-31T09:38:51.193,237.266,2388,,,,0,,,,0.4634,-2.60,0.4788,-49.41,1,30.0,hold:D,+0.000,+0.000,-0.479,+0.000,1100,0,
1785505131.2939,2026-07-31T09:38:51.293,237.367,2389,,,,0,,,,0.4544,-2.46,0.4698,-49.26,1,30.0,hold:D,+0.000,+0.000,-0.491,+0.000,1100,0,
1785505131.3940,2026-07-31T09:38:51.393,237.467,2390,,,,0,,,,0.4460,-2.42,0.4614,-49.22,1,30.0,hold:D,+0.000,+0.000,-0.518,+0.000,1100,0,
1785505131.4925,2026-07-31T09:38:51.492,237.566,2391,,,,0,,,,0.4411,-2.43,0.4565,-49.23,1,30.0,hold:D,+0.000,+0.000,-0.521,+0.000,1100,0,
1785505131.5917,2026-07-31T09:38:51.591,237.665,2392,,,,0,,,,0.4367,-2.55,0.4521,-49.35,1,30.0,hold:D,+0.000,+0.000,-0.526,+0.000,1100,0,
1785505131.6903,2026-07-31T09:38:51.690,237.763,2393,,,,0,,,,0.4412,-2.65,0.4566,-49.45,1,30.0,hold:D,+0.000,+0.000,-0.534,+0.000,1100,0,
1785505131.7902,2026-07-31T09:38:51.790,237.863,2394,,,,0,,,,0.4466,-2.93,0.4620,-49.73,1,30.0,hold:D,+0.000,+0.000,-0.529,+0.000,1100,0,
1785505131.8902,2026-07-31T09:38:51.890,237.963,2395,,,,0,,,,0.4471,-3.10,0.4625,-49.90,1,30.0,hold:D,+0.000,+0.000,-0.527,+0.000,1100,0,
1785505131.9911,2026-07-31T09:38:51.991,238.064,2396,,,,0,,,,0.4582,-4.52,0.4736,-51.32,1,30.0,hold:D,+0.000,+0.000,-0.507,+0.000,1100,0,
1785505132.0922,2026-07-31T09:38:52.092,238.165,2397,,,,0,,,,0.4681,-6.02,0.4835,-52.82,1,30.0,hold:D,+0.000,+0.000,-0.501,+0.000,1100,0,
1785505132.1913,2026-07-31T09:38:52.191,238.264,2398,,,,0,,,,0.4717,-6.65,0.4871,-53.45,1,30.0,hold:D,+0.000,+0.000,-0.482,+0.000,1100,0,
1785505132.2913,2026-07-31T09:38:52.291,238.364,2399,,,,0,,,,0.4802,-7.66,0.4956,-54.46,1,30.0,hold:D,+0.000,+0.000,-0.473,+0.000,1100,0,
1785505132.3910,2026-07-31T09:38:52.391,238.464,2400,,,,0,,,,0.4885,-8.31,0.5039,-55.11,1,30.0,hold:D,+0.000,+0.000,-0.456,+0.000,1100,0,
1785505132.4896,2026-07-31T09:38:52.489,238.563,2401,,,,0,,,,0.4851,-8.54,0.5005,-55.34,1,30.0,hold:D,+0.000,+0.000,-0.456,+0.000,1100,0,
1785505132.5891,2026-07-31T09:38:52.589,238.662,2402,,,,0,,,,0.4836,-8.82,0.4990,-55.62,1,30.0,hold:D,+0.000,+0.000,-0.460,+0.000,1100,0,
1785505132.6891,2026-07-31T09:38:52.689,238.762,2403,,,,0,,,,0.4771,-8.88,0.4925,-55.68,1,30.0,hold:D,+0.000,+0.000,-0.473,+0.000,1100,0,
1785505132.7880,2026-07-31T09:38:52.787,238.861,2404,,,,0,,,,0.4711,-9.21,0.4865,-56.01,1,30.0,hold:D,+0.000,+0.000,-0.481,+0.000,1100,0,
1785505132.8867,2026-07-31T09:38:52.886,238.960,2405,,,,0,,,,0.4710,-9.45,0.4864,-56.26,1,30.0,hold:D,+0.000,+0.000,-0.487,+0.000,1100,0,
1785505132.9860,2026-07-31T09:38:52.985,239.059,2406,,,,0,,,,0.4632,-9.80,0.4786,-56.60,1,30.0,hold:D,+0.000,+0.000,-0.504,+0.000,1100,0,
1785505133.0853,2026-07-31T09:38:53.085,239.158,2407,,,,0,,,,0.4571,-10.17,0.4725,-56.97,1,30.0,hold:D,+0.000,+0.000,-0.516,+0.000,1100,0,
1785505133.1841,2026-07-31T09:38:53.184,239.257,2408,,,,0,,,,0.4577,-10.36,0.4731,-57.16,1,30.0,hold:D,+0.000,+0.000,-0.518,+0.000,1100,0,
1785505133.2818,2026-07-31T09:38:53.281,239.355,2409,,,,0,,,,0.4495,-10.64,0.4649,-57.44,1,30.0,hold:D,+0.000,+0.000,-0.528,+0.000,1100,0,
1785505133.3811,2026-07-31T09:38:53.381,239.454,2410,,,,0,,,,0.4470,-10.88,0.4624,-57.68,1,30.0,hold:D,+0.000,+0.000,-0.543,+0.000,1100,0,
1785505133.4807,2026-07-31T09:38:53.480,239.554,2411,,,,0,,,,0.4415,-11.21,0.4569,-58.01,1,30.0,hold:D,+0.000,+0.000,-0.563,+0.000,1100,0,
1785505133.5801,2026-07-31T09:38:53.580,239.653,2412,,,,0,,,,0.4359,-11.59,0.4513,-58.40,1,30.0,hold:D,+0.000,+0.000,-0.566,+0.000,1100,0,
1785505133.6789,2026-07-31T09:38:53.678,239.752,2413,,,,0,,,,0.4371,-11.76,0.4525,-58.56,1,30.0,hold:D,+0.000,+0.000,-0.571,+0.000,1100,0,
1785505133.7777,2026-07-31T09:38:53.777,239.851,2414,,,,0,,,,0.4362,-12.19,0.4516,-59.00,1,30.0,hold:D,+0.000,+0.000,-0.568,+0.000,1100,0,
1785505133.8780,2026-07-31T09:38:53.878,239.951,2415,,,,0,,,,0.4339,-12.44,0.4493,-59.24,1,30.0,hold:D,+0.000,+0.000,-0.582,+0.000,1100,0,
1785505133.9768,2026-07-31T09:38:53.976,240.050,2416,,,,0,,,,0.4391,-12.82,0.4545,-59.62,1,30.0,hold:D,+0.000,+0.000,-0.583,+0.000,1100,0,
1785505134.0758,2026-07-31T09:38:54.075,240.149,2417,,,,0,,,,0.4431,-13.21,0.4585,-60.01,1,30.0,hold:D,+0.000,+0.000,-0.580,+0.000,1100,0,
1785505134.1749,2026-07-31T09:38:54.174,240.248,2418,,,,0,,,,0.4451,-13.43,0.4605,-60.23,1,30.0,hold:D,+0.000,+0.000,-0.567,+0.000,1100,0,
1785505134.2736,2026-07-31T09:38:54.273,240.347,2419,,,,0,,,,0.4570,-13.85,0.4724,-60.65,1,30.0,hold:D,+0.000,+0.000,-0.557,+0.000,1100,0,
1785505134.3738,2026-07-31T09:38:54.373,240.447,2420,,,,0,,,,0.4645,-14.06,0.4799,-60.86,1,30.0,hold:D,+0.000,+0.000,-0.532,+0.000,1100,0,
1785505134.4730,2026-07-31T09:38:54.472,240.546,2421,,,,0,,,,0.4746,-14.46,0.4900,-61.26,1,30.0,hold:D,+0.000,+0.000,-0.527,+0.000,1100,0,
1785505134.5723,2026-07-31T09:38:54.572,240.645,2422,,,,0,,,,0.4809,-14.62,0.4963,-61.42,1,30.0,hold:D,+0.000,+0.000,-0.501,+0.000,1100,0,
1785505134.6723,2026-07-31T09:38:54.672,240.745,2423,,,,0,,,,0.4904,-14.84,0.5058,-61.64,1,30.0,hold:D,+0.000,+0.000,-0.492,+0.000,1100,0,
1785505134.7711,2026-07-31T09:38:54.771,240.844,2424,,,,0,,,,0.4978,-14.90,0.5132,-61.70,1,30.0,hold:D,+0.000,+0.000,-0.467,+0.000,1100,0,
1785505134.8698,2026-07-31T09:38:54.869,240.943,2425,,,,0,,,,0.5065,-14.91,0.5219,-61.71,1,30.0,hold:D,+0.000,+0.000,-0.450,+0.000,1100,0,
1785505134.9693,2026-07-31T09:38:54.969,241.042,2426,,,,0,,,,0.5131,-14.78,0.5285,-61.58,1,30.0,hold:D,+0.000,+0.000,-0.448,+0.000,1100,0,
1785505135.0685,2026-07-31T09:38:55.068,241.142,2427,,,,0,,,,0.5224,-14.68,0.5378,-61.48,1,30.0,hold:D,+0.000,+0.000,-0.418,+0.000,1100,0,
1785505135.1684,2026-07-31T09:38:55.168,241.241,2428,,,,0,,,,0.5226,-14.39,0.5380,-61.19,1,30.0,hold:D,+0.000,+0.000,-0.423,+0.000,1100,0,
1785505135.2671,2026-07-31T09:38:55.267,241.340,2429,,,,0,,,,0.5223,-14.01,0.5377,-60.81,1,30.0,hold:D,+0.000,+0.000,-0.423,+0.000,1100,0,
1785505135.3665,2026-07-31T09:38:55.366,241.440,2430,,,,0,,,,0.5210,-13.79,0.5364,-60.59,1,30.0,hold:D,+0.000,+0.000,-0.419,+0.000,1100,0,
1785505135.4648,2026-07-31T09:38:55.464,241.538,2431,,,,0,,,,0.5214,-13.34,0.5368,-60.14,1,30.0,hold:D,+0.000,+0.000,-0.424,+0.000,1100,0,
1785505135.5641,2026-07-31T09:38:55.564,241.637,2432,,,,0,,,,0.5213,-13.10,0.5367,-59.90,1,30.0,hold:D,+0.000,+0.000,-0.417,+0.000,1100,0,
1785505135.6630,2026-07-31T09:38:55.663,241.736,2433,,,,0,,,,0.5199,-12.62,0.5353,-59.42,1,30.0,hold:D,+0.000,+0.000,-0.420,+0.000,1100,0,
1785505135.7626,2026-07-31T09:38:55.762,241.836,2434,,,,0,,,,0.5157,-12.15,0.5311,-58.95,1,30.0,hold:D,+0.000,+0.000,-0.416,+0.000,1100,0,
1785505135.8637,2026-07-31T09:38:55.863,241.937,2435,,,,0,,,,0.5161,-11.93,0.5315,-58.73,1,30.0,hold:D,+0.000,+0.000,-0.427,+0.000,1100,0,
1785505135.9620,2026-07-31T09:38:55.961,242.035,2436,,,,0,,,,0.5123,-11.53,0.5277,-58.33,1,30.0,hold:D,+0.000,+0.000,-0.433,+0.000,1100,0,
1785505136.0611,2026-07-31T09:38:56.061,242.134,2437,,,,0,,,,0.5141,-11.35,0.5295,-58.15,1,30.0,hold:D,+0.000,+0.000,-0.431,+0.000,1100,0,
1785505136.1602,2026-07-31T09:38:56.160,242.233,2438,,,,0,,,,0.5200,-11.05,0.5354,-57.85,1,30.0,hold:D,+0.000,+0.000,-0.412,+0.000,1100,0,
1785505136.2590,2026-07-31T09:38:56.259,242.332,2439,,,,0,,,,0.5182,-10.93,0.5336,-57.73,1,30.0,hold:D,+0.000,+0.000,-0.422,+0.000,1100,0,
1785505136.3584,2026-07-31T09:38:56.358,242.431,2440,,,,0,,,,0.5267,-10.74,0.5421,-57.54,1,30.0,hold:D,+0.000,+0.000,-0.404,+0.000,1100,0,
1785505136.4577,2026-07-31T09:38:56.457,242.531,2441,,,,0,,,,0.5327,-10.61,0.5480,-57.41,1,30.0,hold:D,+0.000,+0.000,-0.401,+0.000,1100,0,
1785505136.5589,2026-07-31T09:38:56.558,242.632,2442,,,,0,,,,0.5344,-10.54,0.5498,-57.35,1,30.0,hold:D,+0.000,+0.000,-0.386,+0.000,1100,0,
1785505136.6582,2026-07-31T09:38:56.658,242.731,2443,,,,0,,,,0.5423,-10.44,0.5577,-57.24,1,30.0,hold:D,+0.000,+0.000,-0.380,+0.000,1100,0,
1785505136.7575,2026-07-31T09:38:56.757,242.831,2444,,,,0,,,,0.5480,-10.40,0.5634,-57.20,1,30.0,hold:D,+0.000,+0.000,-0.356,+0.000,1100,0,
1785505136.8571,2026-07-31T09:38:56.857,242.930,2445,,,,0,,,,0.5556,-10.32,0.5710,-57.12,1,30.0,hold:D,+0.000,+0.000,-0.338,+0.000,1100,0,
1785505136.9566,2026-07-31T09:38:56.956,243.030,2446,,,,0,,,,0.5627,-10.22,0.5781,-57.02,1,30.0,hold:D,+0.000,+0.000,-0.323,+0.000,1100,0,
1785505137.0556,2026-07-31T09:38:57.055,243.129,2447,,,,0,,,,0.5603,-10.17,0.5757,-56.97,1,30.0,hold:D,+0.000,+0.000,-0.324,+0.000,1100,0,
1785505137.1551,2026-07-31T09:38:57.155,243.228,2448,,,,0,,,,0.5750,-10.03,0.5904,-56.83,1,30.0,hold:D,+0.000,+0.000,-0.305,+0.000,1100,0,
1785505137.2545,2026-07-31T09:38:57.254,243.328,2449,,,,0,,,,0.5738,-9.94,0.5892,-56.75,1,30.0,hold:D,+0.000,+0.000,-0.292,+0.000,1100,0,
1785505137.3536,2026-07-31T09:38:57.353,243.427,2450,,,,0,,,,0.5768,-9.72,0.5922,-56.52,1,30.0,hold:D,+0.000,+0.000,-0.282,+0.000,1100,0,
1785505137.4527,2026-07-31T09:38:57.452,243.526,2451,,,,0,,,,0.5793,-9.46,0.5947,-56.26,1,30.0,hold:D,+0.000,+0.000,-0.266,+0.000,1100,0,
1785505137.5517,2026-07-31T09:38:57.551,243.625,2452,,,,0,,,,0.5830,-9.32,0.5984,-56.13,1,30.0,hold:D,+0.000,+0.000,-0.264,+0.000,1100,0,
1785505137.6513,2026-07-31T09:38:57.651,243.724,2453,,,,0,,,,0.5804,-9.00,0.5958,-55.80,1,30.0,hold:D,+0.000,+0.000,-0.260,+0.000,1100,0,
1785505137.7511,2026-07-31T09:38:57.751,243.824,2454,,,,0,,,,0.5799,-8.82,0.5953,-55.63,1,30.0,hold:D,+0.000,+0.000,-0.264,+0.000,1100,0,
1785505137.8502,2026-07-31T09:38:57.850,243.923,2455,,,,0,,,,0.5774,-8.46,0.5928,-55.27,1,30.0,hold:D,+0.000,+0.000,-0.256,+0.000,1100,0,
1785505137.9511,2026-07-31T09:38:57.951,244.024,2456,,,,0,,,,0.5777,-8.10,0.5931,-54.90,1,30.0,hold:D,+0.000,+0.000,-0.259,+0.000,1100,0,
1785505138.0502,2026-07-31T09:38:58.050,244.123,2457,,,,0,,,,0.5734,-7.92,0.5888,-54.72,1,30.0,hold:D,+0.000,+0.000,-0.267,+0.000,1100,0,
1785505138.1500,2026-07-31T09:38:58.150,244.223,2458,,,,0,,,,0.5714,-7.58,0.5868,-54.38,1,30.0,hold:D,+0.000,+0.000,-0.264,+0.000,1100,0,
1785505138.2479,2026-07-31T09:38:58.247,244.321,2459,,,,0,,,,0.5685,-7.41,0.5839,-54.21,1,30.0,hold:D,+0.000,+0.000,-0.271,+0.000,1100,0,
1785505138.3472,2026-07-31T09:38:58.347,244.420,2460,,,,0,,,,0.5677,-7.10,0.5831,-53.90,1,30.0,hold:D,+0.000,+0.000,-0.269,+0.000,1100,0,
1785505138.4472,2026-07-31T09:38:58.447,244.520,2461,,,,0,,,,0.5668,-6.95,0.5822,-53.75,1,30.0,hold:D,+0.000,+0.000,-0.269,+0.000,1100,0,
1785505138.5486,2026-07-31T09:38:58.548,244.622,2462,,,,0,,,,0.5665,-6.70,0.5819,-53.51,1,30.0,hold:D,+0.000,+0.000,-0.267,+0.000,1100,0,
1785505138.6495,2026-07-31T09:38:58.649,244.722,2463,,,,0,,,,0.5662,-6.49,0.5816,-53.29,1,30.0,hold:D,+0.000,+0.000,-0.266,+0.000,1100,0,
1785505138.7488,2026-07-31T09:38:58.748,244.822,2464,,,,0,,,,0.5672,-6.40,0.5826,-53.20,1,30.0,hold:D,+0.000,+0.000,-0.260,+0.000,1100,0,
1785505138.8501,2026-07-31T09:38:58.850,244.923,2465,,,,0,,,,0.5680,-6.24,0.5833,-53.04,1,30.0,hold:D,+0.000,+0.000,-0.263,+0.000,1100,0,
1785505138.9487,2026-07-31T09:38:58.948,245.022,2466,,,,0,,,,0.5693,-6.17,0.5847,-52.97,1,30.0,hold:D,+0.000,+0.000,-0.251,+0.000,1100,0,
1785505139.0484,2026-07-31T09:38:59.048,245.121,2467,,,,0,,,,0.5631,-6.06,0.5785,-52.86,1,30.0,hold:D,+0.000,+0.000,-0.261,+0.000,1100,0,
1785505139.1478,2026-07-31T09:38:59.147,245.221,2468,,,,0,,,,0.5667,-5.98,0.5821,-52.78,1,30.0,hold:D,+0.000,+0.000,-0.248,+0.000,1100,0,
1785505139.2472,2026-07-31T09:38:59.247,245.320,2469,,,,0,,,,0.5649,-5.94,0.5803,-52.74,1,30.0,hold:D,+0.000,+0.000,-0.252,+0.000,1100,0,
1785505139.3460,2026-07-31T09:38:59.346,245.419,2470,,,,0,,,,0.5680,-5.88,0.5834,-52.68,1,30.0,hold:D,+0.000,+0.000,-0.245,+0.000,1100,0,
1785505139.4445,2026-07-31T09:38:59.444,245.518,2471,,,,0,,,,0.5656,-5.84,0.5810,-52.64,1,30.0,hold:D,+0.000,+0.000,-0.245,+0.000,1100,0,
1785505139.5434,2026-07-31T09:38:59.543,245.616,2472,,,,0,,,,0.5640,-5.78,0.5794,-52.58,1,30.0,hold:D,+0.000,+0.000,-0.246,+0.000,1100,0,
1785505139.6431,2026-07-31T09:38:59.643,245.716,2473,,,,0,,,,0.5634,-5.72,0.5788,-52.52,1,30.0,hold:D,+0.000,+0.000,-0.238,+0.000,1100,0,
1785505139.7433,2026-07-31T09:38:59.743,245.816,2474,,,,0,,,,0.5589,-5.69,0.5743,-52.49,1,30.0,hold:D,+0.000,+0.000,-0.251,+0.000,1100,0,
1785505139.8447,2026-07-31T09:38:59.844,245.918,2475,,,,0,,,,0.5596,-5.61,0.5750,-52.41,1,30.0,hold:D,+0.000,+0.000,-0.244,+0.000,1100,0,
1785505139.9453,2026-07-31T09:38:59.945,246.018,2476,,,,0,,,,0.5546,-5.54,0.5700,-52.34,1,30.0,hold:D,+0.000,+0.000,-0.250,+0.000,1100,0,
1785505140.0451,2026-07-31T09:39:00.045,246.118,2477,,,,0,,,,0.5560,-5.51,0.5714,-52.32,1,30.0,hold:D,+0.000,+0.000,-0.249,+0.000,1100,0,
1785505140.1454,2026-07-31T09:39:00.145,246.218,2478,,,,0,,,,0.5493,-5.47,0.5647,-52.27,1,30.0,hold:D,+0.000,+0.000,-0.252,+0.000,1100,0,
1785505140.2464,2026-07-31T09:39:00.246,246.319,2479,,,,0,,,,0.5430,-5.45,0.5584,-52.25,1,30.0,hold:D,+0.000,+0.000,-0.271,+0.000,1100,0,
1785505140.3466,2026-07-31T09:39:00.346,246.420,2480,,,,0,,,,0.5452,-5.41,0.5606,-52.21,1,30.0,hold:D,+0.000,+0.000,-0.263,+0.000,1100,0,
1785505140.4460,2026-07-31T09:39:00.446,246.519,2481,,,,0,,,,0.5413,-5.40,0.5567,-52.20,1,30.0,hold:D,+0.000,+0.000,-0.275,+0.000,1100,0,
1785505140.5452,2026-07-31T09:39:00.545,246.618,2482,,,,0,,,,0.5373,-5.41,0.5527,-52.21,1,30.0,hold:D,+0.000,+0.000,-0.278,+0.000,1100,0,
1785505140.6441,2026-07-31T09:39:00.644,246.717,2483,,,,0,,,,0.5358,-5.47,0.5512,-52.27,1,30.0,hold:D,+0.000,+0.000,-0.287,+0.000,1100,0,
1785505140.7436,2026-07-31T09:39:00.743,246.817,2484,,,,0,,,,0.5321,-5.51,0.5475,-52.32,1,30.0,hold:D,+0.000,+0.000,-0.285,+0.000,1100,0,
1785505140.8441,2026-07-31T09:39:00.844,246.917,2485,,,,0,,,,0.5279,-5.63,0.5433,-52.43,1,30.0,hold:D,+0.000,+0.000,-0.288,+0.000,1100,0,
1785505140.9434,2026-07-31T09:39:00.943,247.016,2486,,,,0,,,,0.5197,-5.79,0.5351,-52.59,1,30.0,hold:D,+0.000,+0.000,-0.305,+0.000,1100,0,
1785505141.0434,2026-07-31T09:39:01.043,247.116,2487,,,,0,,,,0.5243,-5.89,0.5397,-52.69,1,30.0,hold:D,+0.000,+0.000,-0.298,+0.000,1100,0,
1785505141.1421,2026-07-31T09:39:01.142,247.215,2488,,,,0,,,,0.5210,-6.11,0.5364,-52.91,1,30.0,hold:D,+0.000,+0.000,-0.303,+0.000,1100,0,
1785505141.2418,2026-07-31T09:39:01.241,247.315,2489,,,,0,,,,0.5209,-6.24,0.5363,-53.04,1,30.0,hold:D,+0.000,+0.000,-0.303,+0.000,1100,0,
1785505141.3414,2026-07-31T09:39:01.341,247.414,2490,,,,0,,,,0.5180,-6.51,0.5333,-53.31,1,30.0,hold:D,+0.000,+0.000,-0.311,+0.000,1100,0,
1785505141.4416,2026-07-31T09:39:01.441,247.515,2491,,,,0,,,,0.5180,-6.66,0.5334,-53.46,1,30.0,hold:D,+0.000,+0.000,-0.309,+0.000,1100,0,
1785505141.5436,2026-07-31T09:39:01.543,247.617,2492,,,,0,,,,0.5114,-6.98,0.5268,-53.78,1,30.0,hold:D,+0.000,+0.000,-0.322,+0.000,1100,0,
1785505141.6433,2026-07-31T09:39:01.643,247.716,2493,,,,0,,,,0.5087,-7.33,0.5241,-54.13,1,30.0,hold:D,+0.000,+0.000,-0.329,+0.000,1100,0,
1785505141.7419,2026-07-31T09:39:01.741,247.815,2494,,,,0,,,,0.5110,-7.51,0.5264,-54.31,1,30.0,hold:D,+0.000,+0.000,-0.323,+0.000,1100,0,
1785505141.8410,2026-07-31T09:39:01.841,247.914,2495,,,,0,,,,0.5077,-7.88,0.5231,-54.69,1,30.0,hold:D,+0.000,+0.000,-0.322,+0.000,1100,0,
1785505141.9402,2026-07-31T09:39:01.940,248.013,2496,,,,0,,,,0.5018,-8.07,0.5172,-54.87,1,30.0,hold:D,+0.000,+0.000,-0.341,+0.000,1100,0,
1785505142.0392,2026-07-31T09:39:02.039,248.112,2497,,,,0,,,,0.5025,-8.46,0.5179,-55.26,1,30.0,hold:D,+0.000,+0.000,-0.330,+0.000,1100,0,
1785505142.1391,2026-07-31T09:39:02.139,248.212,2498,,,,0,,,,0.5046,-8.84,0.5200,-55.65,1,30.0,hold:D,+0.000,+0.000,-0.343,+0.000,1100,0,
1785505142.2386,2026-07-31T09:39:02.238,248.312,2499,,,,0,,,,0.4983,-9.04,0.5137,-55.84,1,30.0,hold:D,+0.000,+0.000,-0.348,+0.000,1100,0,
1785505142.3375,2026-07-31T09:39:02.337,248.411,2500,,,,0,,,,0.4921,-9.44,0.5075,-56.24,1,30.0,hold:D,+0.000,+0.000,-0.352,+0.000,1100,0,
1785505142.4366,2026-07-31T09:39:02.436,248.510,2501,,,,0,,,,0.4861,-9.63,0.5015,-56.43,1,30.0,hold:D,+0.000,+0.000,-0.373,+0.000,1100,0,
1785505142.5351,2026-07-31T09:39:02.535,248.608,2502,,,,0,,,,0.4876,-10.04,0.5030,-56.84,1,30.0,hold:D,+0.000,+0.000,-0.367,+0.000,1100,0,
1785505142.6348,2026-07-31T09:39:02.634,248.708,2503,,,,0,,,,0.4868,-10.44,0.5022,-57.24,1,30.0,hold:D,+0.000,+0.000,-0.379,+0.000,1100,0,
1785505142.7332,2026-07-31T09:39:02.733,248.806,2504,,,,0,,,,0.4831,-10.64,0.4985,-57.44,1,30.0,hold:D,+0.000,+0.000,-0.379,+0.000,1100,0,
1785505142.8326,2026-07-31T09:39:02.832,248.906,2505,,,,0,,,,0.4756,-11.08,0.4910,-57.88,1,30.0,hold:D,+0.000,+0.000,-0.386,+0.000,1100,0,
1785505142.9317,2026-07-31T09:39:02.931,249.005,2506,,,,0,,,,0.4818,-11.30,0.4972,-58.10,1,30.0,hold:D,+0.000,+0.000,-0.383,+0.000,1100,0,
1785505143.0301,2026-07-31T09:39:03.030,249.103,2507,,,,0,,,,0.4767,-11.78,0.4921,-58.58,1,30.0,hold:D,+0.000,+0.000,-0.393,+0.000,1100,0,
1785505143.1294,2026-07-31T09:39:03.129,249.202,2508,,,,0,,,,0.4722,-12.29,0.4876,-59.09,1,30.0,hold:D,+0.000,+0.000,-0.392,+0.000,1100,0,
1785505143.2280,2026-07-31T09:39:03.228,249.301,2509,,,,0,,,,0.4715,-12.56,0.4869,-59.36,1,30.0,hold:D,+0.000,+0.000,-0.406,+0.000,1100,0,
1785505143.3274,2026-07-31T09:39:03.327,249.400,2510,,,,0,,,,0.4731,-13.09,0.4885,-59.89,1,30.0,hold:D,+0.000,+0.000,-0.404,+0.000,1100,0,
1785505143.4265,2026-07-31T09:39:03.426,249.500,2511,,,,0,,,,0.4728,-13.36,0.4882,-60.16,1,30.0,hold:D,+0.000,+0.000,-0.405,+0.000,1100,0,
1785505143.5257,2026-07-31T09:39:03.525,249.599,2512,,,,0,,,,0.4752,-13.92,0.4906,-60.73,1,30.0,hold:D,+0.000,+0.000,-0.400,+0.000,1100,0,
1785505143.6262,2026-07-31T09:39:03.626,249.699,2513,,,,0,,,,0.4792,-14.21,0.4946,-61.01,1,30.0,hold:D,+0.000,+0.000,-0.394,+0.000,1100,0,
1785505143.7250,2026-07-31T09:39:03.725,249.798,2514,,,,0,,,,0.4803,-14.80,0.4957,-61.60,1,30.0,hold:D,+0.000,+0.000,-0.393,+0.000,1100,0,
1785505143.8244,2026-07-31T09:39:03.824,249.897,2515,,,,0,,,,0.4776,-15.40,0.4930,-62.20,1,30.0,hold:D,+0.000,+0.000,-0.396,+0.000,1100,0,
1785505143.9234,2026-07-31T09:39:03.923,249.996,2516,,,,0,,,,0.4787,-15.70,0.4941,-62.50,1,30.0,hold:D,+0.000,+0.000,-0.397,+0.000,1100,0,
1785505144.0228,2026-07-31T09:39:04.022,250.096,2517,,,,0,,,,0.4764,-16.30,0.4918,-63.10,1,30.0,hold:D,+0.000,+0.000,-0.392,+0.000,1100,0,
1785505144.1217,2026-07-31T09:39:04.121,250.195,2518,,,,0,,,,0.4832,-16.59,0.4986,-63.39,1,30.0,hold:D,+0.000,+0.000,-0.389,+0.000,1100,0,
1785505144.2203,2026-07-31T09:39:04.220,250.293,2519,,,,0,,,,0.4828,-17.15,0.4982,-63.95,1,30.0,hold:D,+0.000,+0.000,-0.388,+0.000,1100,0,
1785505144.3195,2026-07-31T09:39:04.319,250.393,2520,,,,0,,,,0.4869,-17.69,0.5023,-64.49,1,30.0,hold:D,+0.000,+0.000,-0.392,+0.000,1100,0,
1785505144.4186,2026-07-31T09:39:04.418,250.492,2521,,,,0,,,,0.4842,-17.96,0.4996,-64.76,1,30.0,hold:D,+0.000,+0.000,-0.387,+0.000,1100,0,
1785505144.5179,2026-07-31T09:39:04.517,250.591,2522,,,,0,,,,0.4873,-18.47,0.5026,-65.27,1,30.0,hold:D,+0.000,+0.000,-0.380,+0.000,1100,0,
1785505144.6171,2026-07-31T09:39:04.617,250.690,2523,,,,0,,,,0.4862,-18.72,0.5016,-65.52,1,30.0,hold:D,+0.000,+0.000,-0.383,+0.000,1100,0,
1785505144.7168,2026-07-31T09:39:04.716,250.790,2524,,,,0,,,,0.4874,-19.19,0.5028,-65.99,1,30.0,hold:D,+0.000,+0.000,-0.378,+0.000,1100,0,
1785505144.8161,2026-07-31T09:39:04.816,250.889,2525,,,,0,,,,0.4866,-19.41,0.5020,-66.21,1,30.0,hold:D,+0.000,+0.000,-0.382,+0.000,1100,0,
1785505144.9170,2026-07-31T09:39:04.917,250.990,2526,,,,0,,,,0.4903,-19.85,0.5057,-66.65,1,30.0,hold:D,+0.000,+0.000,-0.373,+0.000,1100,0,
1785505145.0162,2026-07-31T09:39:05.016,251.089,2527,,,,0,,,,0.4889,-20.27,0.5043,-67.07,1,30.0,hold:D,+0.000,+0.000,-0.370,+0.000,1100,0,
1785505145.1157,2026-07-31T09:39:05.115,251.189,2528,,,,0,,,,0.4903,-20.46,0.5057,-67.27,1,30.0,hold:D,+0.000,+0.000,-0.375,+0.000,1100,0,
1785505145.2148,2026-07-31T09:39:05.214,251.288,2529,,,,0,,,,0.4912,-20.84,0.5066,-67.64,1,30.0,hold:D,+0.000,+0.000,-0.376,+0.000,1100,0,
1785505145.3138,2026-07-31T09:39:05.313,251.387,2530,,,,0,,,,0.4902,-21.02,0.5056,-67.82,1,30.0,hold:D,+0.000,+0.000,-0.375,+0.000,1100,0,
1785505145.4129,2026-07-31T09:39:05.412,251.486,2531,,,,0,,,,0.4911,-21.36,0.5065,-68.16,1,30.0,hold:D,+0.000,+0.000,-0.379,+0.000,1100,0,
1785505145.5124,2026-07-31T09:39:05.512,251.585,2532,,,,0,,,,0.4908,-21.67,0.5062,-68.47,1,30.0,hold:D,+0.000,+0.000,-0.366,+0.000,1100,0,
1785505145.6119,2026-07-31T09:39:05.611,251.685,2533,,,,0,,,,0.4940,-21.81,0.5094,-68.61,1,30.0,hold:D,+0.000,+0.000,-0.367,+0.000,1100,0,
1785505145.7108,2026-07-31T09:39:05.710,251.784,2534,,,,0,,,,0.4991,-22.07,0.5144,-68.87,1,30.0,hold:D,+0.000,+0.000,-0.364,+0.000,1100,0,
1785505145.8097,2026-07-31T09:39:05.809,251.883,2535,,,,0,,,,0.5001,-22.18,0.5155,-68.98,1,30.0,hold:D,+0.000,+0.000,-0.355,+0.000,1100,0,
1785505145.9086,2026-07-31T09:39:05.908,251.982,2536,,,,0,,,,0.5017,-22.36,0.5171,-69.16,1,30.0,hold:D,+0.000,+0.000,-0.362,+0.000,1100,0,
1785505146.0087,2026-07-31T09:39:06.008,252.082,2537,,,,0,,,,0.5000,-22.46,0.5154,-69.26,1,30.0,hold:D,+0.000,+0.000,-0.354,+0.000,1100,0,
1785505146.1079,2026-07-31T09:39:06.107,252.181,2538,,,,0,,,,0.5045,-22.49,0.5199,-69.29,1,30.0,hold:D,+0.000,+0.000,-0.347,+0.000,1100,0,
1785505146.2068,2026-07-31T09:39:06.206,252.280,2539,,,,0,,,,0.5006,-22.45,0.5160,-69.25,1,30.0,hold:D,+0.000,+0.000,-0.357,+0.000,1100,0,
1785505146.3058,2026-07-31T09:39:06.305,252.379,2540,,,,0,,,,0.5025,-22.40,0.5179,-69.21,1,30.0,hold:D,+0.000,+0.000,-0.350,+0.000,1100,0,
1785505146.4053,2026-07-31T09:39:06.405,252.478,2541,,,,0,,,,0.5052,-22.25,0.5205,-69.05,1,30.0,hold:D,+0.000,+0.000,-0.349,+0.000,1100,0,
1785505146.5037,2026-07-31T09:39:06.503,252.577,2542,,,,0,,,,0.5030,-22.01,0.5184,-68.81,1,30.0,hold:D,+0.000,+0.000,-0.363,+0.000,1100,0,
1785505146.6031,2026-07-31T09:39:06.603,252.676,2543,,,,0,,,,0.5042,-21.88,0.5196,-68.68,1,30.0,hold:D,+0.000,+0.000,-0.347,+0.000,1100,0,
1785505146.7034,2026-07-31T09:39:06.703,252.776,2544,,,,0,,,,0.5018,-21.58,0.5172,-68.38,1,30.0,hold:D,+0.000,+0.000,-0.353,+0.000,1100,0,
1785505146.8028,2026-07-31T09:39:06.802,252.876,2545,,,,0,,,,0.5023,-21.44,0.5177,-68.24,1,30.0,hold:D,+0.000,+0.000,-0.351,+0.000,1100,0,
1785505146.9017,2026-07-31T09:39:06.901,252.975,2546,,,,0,,,,0.4971,-21.19,0.5125,-67.99,1,30.0,hold:D,+0.000,+0.000,-0.362,+0.000,1100,0,
1785505147.0007,2026-07-31T09:39:07.000,253.074,2547,,,,0,,,,0.5003,-20.99,0.5157,-67.80,1,30.0,hold:D,+0.000,+0.000,-0.361,+0.000,1100,0,
1785505147.0999,2026-07-31T09:39:07.099,253.173,2548,,,,0,,,,0.5024,-20.91,0.5178,-67.71,1,30.0,hold:D,+0.000,+0.000,-0.351,+0.000,1100,0,
1785505147.1991,2026-07-31T09:39:07.199,253.272,2549,,,,0,,,,0.5044,-20.77,0.5198,-67.57,1,30.0,hold:D,+0.000,+0.000,-0.355,+0.000,1100,0,
1785505147.2980,2026-07-31T09:39:07.297,253.371,2550,,,,0,,,,0.5048,-20.71,0.5202,-67.51,1,30.0,hold:D,+0.000,+0.000,-0.346,+0.000,1100,0,
1785505147.3985,2026-07-31T09:39:07.398,253.472,2551,,,,0,,,,0.5076,-20.60,0.5230,-67.40,1,30.0,hold:D,+0.000,+0.000,-0.345,+0.000,1100,0,
1785505147.4978,2026-07-31T09:39:07.497,253.571,2552,,,,0,,,,0.5127,-20.50,0.5281,-67.30,1,30.0,hold:D,+0.000,+0.000,-0.345,+0.000,1100,0,
1785505147.5970,2026-07-31T09:39:07.596,253.670,2553,,,,0,,,,0.5115,-20.45,0.5269,-67.25,1,30.0,hold:D,+0.000,+0.000,-0.333,+0.000,1100,0,
1785505147.6957,2026-07-31T09:39:07.695,253.769,2554,,,,0,,,,0.5107,-20.39,0.5261,-67.19,1,30.0,hold:D,+0.000,+0.000,-0.335,+0.000,1100,0,
1785505147.7952,2026-07-31T09:39:07.795,253.868,2555,,,,0,,,,0.5119,-20.35,0.5273,-67.15,1,30.0,hold:D,+0.000,+0.000,-0.332,+0.000,1100,0,
1785505147.8941,2026-07-31T09:39:07.894,253.967,2556,,,,0,,,,0.5117,-20.29,0.5271,-67.09,1,30.0,hold:D,+0.000,+0.000,-0.323,+0.000,1100,0,
1785505147.9940,2026-07-31T09:39:07.994,254.067,2557,,,,0,,,,0.5126,-20.26,0.5280,-67.06,1,30.0,hold:D,+0.000,+0.000,-0.330,+0.000,1100,0,
1785505148.0919,2026-07-31T09:39:08.091,254.165,2558,,,,0,,,,0.5183,-20.20,0.5337,-67.00,1,30.0,hold:D,+0.000,+0.000,-0.326,+0.000,1100,0,
1785505148.1912,2026-07-31T09:39:08.191,254.264,2559,,,,0,,,,0.5137,-20.12,0.5291,-66.92,1,30.0,hold:D,+0.000,+0.000,-0.327,+0.000,1100,0,
1785505148.2898,2026-07-31T09:39:08.289,254.363,2560,,,,0,,,,0.5160,-20.08,0.5314,-66.88,1,30.0,hold:D,+0.000,+0.000,-0.323,+0.000,1100,0,
1785505148.3896,2026-07-31T09:39:08.389,254.463,2561,,,,0,,,,0.5113,-20.01,0.5267,-66.81,1,30.0,hold:D,+0.000,+0.000,-0.331,+0.000,1100,0,
1785505148.4884,2026-07-31T09:39:08.488,254.561,2562,,,,0,,,,0.5138,0.00,0.5292,-66.76,1,30.0,hold:D,+0.000,+0.000,-0.328,+0.000,1100,0,
1785505148.5898,2026-07-31T09:39:08.589,254.663,2563,,,,0,,,,0.5110,0.10,0.5264,-66.66,1,30.0,hold:D,+0.000,+0.000,-0.338,+0.000,1100,0,
1785505148.6899,2026-07-31T09:39:08.689,254.763,2564,,,,0,,,,0.5105,0.19,0.5259,-66.57,1,30.0,hold:D,+0.000,+0.000,-0.344,+0.000,1100,0,
1785505148.7899,2026-07-31T09:39:08.789,254.863,2565,,,,0,,,,0.5067,0.24,0.5221,-66.52,1,30.0,hold:D,+0.000,+0.000,-0.334,+0.000,1100,0,
1785505148.8889,2026-07-31T09:39:08.888,254.962,2566,,,,0,,,,0.5078,0.32,0.5232,-66.44,1,30.0,hold:D,+0.000,+0.000,-0.347,+0.000,1100,0,
1785505148.9885,2026-07-31T09:39:08.988,255.062,2567,,,,0,,,,0.5036,0.35,0.5190,-66.40,1,30.0,hold:D,+0.000,+0.000,-0.348,+0.000,1100,0,
1785505149.0898,2026-07-31T09:39:09.089,255.163,2568,,,,0,,,,0.5037,0.42,0.5191,-66.34,1,30.0,hold:D,+0.000,+0.000,-0.345,+0.000,1100,0,
1785505149.1910,2026-07-31T09:39:09.191,255.264,2569,,,,0,,,,0.5022,0.46,0.5176,-66.30,1,30.0,hold:D,+0.000,+0.000,-0.348,+0.000,1100,0,
1785505149.2902,2026-07-31T09:39:09.290,255.363,2570,,,,0,,,,0.5033,0.47,0.5187,-66.28,1,30.0,hold:D,+0.000,+0.000,-0.349,+0.000,1100,0,
1785505149.3894,2026-07-31T09:39:09.389,255.462,2571,,,,0,,,,0.5028,0.50,0.5182,-66.26,1,30.0,hold:D,+0.000,+0.000,-0.353,+0.000,1100,0,
1785505149.4888,2026-07-31T09:39:09.488,255.562,2572,,,,0,,,,0.5048,0.50,0.5202,-66.26,1,30.0,hold:D,+0.000,+0.000,-0.346,+0.000,1100,0,
1785505149.5870,2026-07-31T09:39:09.587,255.660,2573,,,,0,,,,0.5056,0.49,0.5210,-66.27,1,30.0,hold:D,+0.000,+0.000,-0.342,+0.000,1100,0,
1785505149.6877,2026-07-31T09:39:09.687,255.761,2574,,,,0,,,,0.5049,0.48,0.5203,-66.28,1,30.0,hold:D,+0.000,+0.000,-0.343,+0.000,1100,0,
1785505149.7861,2026-07-31T09:39:09.786,255.859,2575,,,,0,,,,0.5050,0.47,0.5204,-66.29,1,30.0,hold:D,+0.000,+0.000,-0.345,+0.000,1100,0,
1785505149.8859,2026-07-31T09:39:09.885,255.959,2576,,,,0,,,,0.5071,0.47,0.5225,-66.29,1,30.0,hold:D,+0.000,+0.000,-0.338,+0.000,1100,0,
1785505149.9853,2026-07-31T09:39:09.985,256.058,2577,,,,0,,,,0.5073,0.47,0.5227,-66.29,1,30.0,hold:D,+0.000,+0.000,-0.341,+0.000,1100,0,
1785505150.0846,2026-07-31T09:39:10.084,256.158,2578,,,,0,,,,0.5066,0.49,0.5220,-66.26,1,30.0,hold:D,+0.000,+0.000,-0.338,+0.000,1100,0,
1785505150.1846,2026-07-31T09:39:10.184,256.258,2579,,,,0,,,,0.5096,0.53,0.5250,-66.23,1,30.0,hold:D,+0.000,+0.000,-0.338,+0.000,1100,0,
1785505150.2828,2026-07-31T09:39:10.282,256.356,2580,,,,0,,,,0.5089,0.55,0.5243,-66.21,1,30.0,hold:D,+0.000,+0.000,-0.338,+0.000,1100,0,
1785505150.3819,2026-07-31T09:39:10.381,256.455,2581,,,,0,,,,0.5141,0.60,0.5295,-66.16,1,30.0,hold:DY,+0.000,+0.000,-0.333,+0.000,1100,0,
1785505150.4808,2026-07-31T09:39:10.480,256.554,2582,,,,0,,,,0.5085,0.63,0.5239,-66.13,1,30.0,hold:DY,+0.000,+0.000,-0.339,+0.000,1100,0,
1785505150.5801,2026-07-31T09:39:10.580,256.653,2583,,,,0,,,,0.5138,0.70,0.5292,-66.06,1,30.0,hold:DY,+0.000,+0.000,-0.343,+0.000,1100,0,
1785505150.6801,2026-07-31T09:39:10.680,256.753,2584,,,,0,,,,0.5089,0.74,0.5243,-66.02,1,30.0,hold:DY,+0.000,+0.000,-0.338,+0.000,1100,0,
1785505150.7798,2026-07-31T09:39:10.779,256.853,2585,,,,0,,,,0.5071,0.84,0.5225,-65.92,1,30.0,hold:DY,+0.000,+0.000,-0.341,+0.000,1100,0,
1785505150.8803,2026-07-31T09:39:10.880,256.953,2586,,,,0,,,,0.5032,0.94,0.5186,-65.82,1,30.0,hold:DY,+0.000,+0.000,-0.349,+0.000,1100,0,
1785505150.9793,2026-07-31T09:39:10.979,257.052,2587,,,,0,,,,0.5038,1.00,0.5192,-65.76,1,30.0,hold:DY,+0.000,+0.000,-0.348,+0.000,1100,0,
1785505151.0790,2026-07-31T09:39:11.078,257.152,2588,,,,0,,,,0.5032,1.13,0.5186,-65.63,1,30.0,hold:DY,+0.000,+0.000,-0.345,+0.000,1100,0,
1785505151.1779,2026-07-31T09:39:11.177,257.251,2589,,,,0,,,,0.4986,1.19,0.5140,-65.57,1,30.0,hold:DY,+0.000,+0.000,-0.358,+0.000,1100,0,
1785505151.2765,2026-07-31T09:39:11.276,257.350,2590,,,,0,,,,0.4996,1.30,0.5150,-65.46,1,30.0,hold:DY,+0.000,+0.000,-0.354,+0.000,1100,0,
1785505151.3757,2026-07-31T09:39:11.375,257.449,2591,,,,0,,,,0.5013,1.39,0.5167,-65.37,1,30.0,hold:DY,+0.000,+0.000,-0.357,+0.000,1100,0,
1785505151.4747,2026-07-31T09:39:11.474,257.548,2592,,,,0,,,,0.4998,1.43,0.5152,-65.33,1,30.0,hold:DY,+0.000,+0.000,-0.356,+0.000,1100,0,
1785505151.5736,2026-07-31T09:39:11.573,257.647,2593,,,,0,,,,0.5003,1.48,0.5157,-65.28,1,30.0,hold:DY,+0.000,+0.000,-0.352,+0.000,1100,0,
1785505151.6730,2026-07-31T09:39:11.673,257.746,2594,,,,0,,,,0.5003,1.49,0.5157,-65.27,1,30.0,hold:DY,+0.000,+0.000,-0.355,+0.000,1100,0,
1785505151.7717,2026-07-31T09:39:11.771,257.845,2595,,,,0,,,,0.5057,1.48,0.5211,-65.28,1,30.0,hold:DY,+0.000,+0.000,-0.349,+0.000,1100,0,
1785505151.8712,2026-07-31T09:39:11.871,257.944,2596,,,,0,,,,0.5038,1.46,0.5192,-65.30,1,30.0,hold:DY,+0.000,+0.000,-0.348,+0.000,1100,0,
1785505151.9706,2026-07-31T09:39:11.970,258.044,2597,,,,0,,,,0.5046,1.40,0.5200,-65.36,1,30.0,hold:DY,+0.000,+0.000,-0.346,+0.000,1100,0,
1785505152.0695,2026-07-31T09:39:12.069,258.143,2598,,,,0,,,,0.5070,1.36,0.5224,-65.40,1,30.0,hold:DY,+0.000,+0.000,-0.341,+0.000,1100,0,
1785505152.1684,2026-07-31T09:39:12.168,258.241,2599,,,,0,,,,0.5058,1.31,0.5212,-65.45,1,30.0,hold:DY,+0.000,+0.000,-0.344,+0.000,1100,0,
1785505152.2679,2026-07-31T09:39:12.267,258.341,2600,,,,0,,,,0.5069,1.25,0.5223,-65.51,1,30.0,hold:DY,+0.000,+0.000,-0.343,+0.000,1100,0,
1785505152.3667,2026-07-31T09:39:12.366,258.440,2601,,,,0,,,,0.5082,1.22,0.5236,-65.54,1,30.0,hold:DY,+0.000,+0.000,-0.339,+0.000,1100,0,
1785505152.4672,2026-07-31T09:39:12.467,258.540,2602,,,,0,,,,0.5128,1.16,0.5282,-65.60,1,30.0,hold:DY,+0.000,+0.000,-0.341,+0.000,1100,0,
1785505152.5654,2026-07-31T09:39:12.565,258.638,2603,,,,0,,,,0.5111,1.12,0.5265,-65.64,1,30.0,hold:DY,+0.000,+0.000,-0.333,+0.000,1100,0,
1785505152.6660,2026-07-31T09:39:12.666,258.739,2604,,,,0,,,,0.5089,1.10,0.5243,-65.66,1,30.0,hold:DY,+0.000,+0.000,-0.338,+0.000,1100,0,
1785505152.7650,2026-07-31T09:39:12.764,258.838,2605,,,,0,,,,0.5147,1.07,0.5301,-65.69,1,30.0,hold:DY,+0.000,+0.000,-0.335,+0.000,1100,0,
1785505152.8652,2026-07-31T09:39:12.865,258.938,2606,,,,0,,,,0.5085,1.06,0.5239,-65.70,1,30.0,hold:DY,+0.000,+0.000,-0.339,+0.000,1100,0,
1785505152.9653,2026-07-31T09:39:12.965,259.038,2607,,,,0,,,,0.5130,1.05,0.5284,-65.71,1,30.0,hold:DY,+0.000,+0.000,-0.327,+0.000,1100,0,
1785505153.0643,2026-07-31T09:39:13.064,259.137,2608,,,,0,,,,0.5083,1.05,0.5237,-65.70,1,30.0,hold:DY,+0.000,+0.000,-0.340,+0.000,1100,0,
1785505153.1629,2026-07-31T09:39:13.162,259.236,2609,,,,0,,,,0.5127,1.05,0.5281,-65.70,1,30.0,hold:DY,+0.000,+0.000,-0.330,+0.000,1100,0,
1785505153.2627,2026-07-31T09:39:13.262,259.336,2610,,,,0,,,,0.5081,1.05,0.5235,-65.71,1,30.0,hold:DY,+0.000,+0.000,-0.337,+0.000,1100,0,
1785505153.3619,2026-07-31T09:39:13.361,259.435,2611,,,,0,,,,0.5082,1.06,0.5236,-65.69,1,30.0,hold:DY,+0.000,+0.000,-0.339,+0.000,1100,0,
1785505153.4607,2026-07-31T09:39:13.460,259.534,2612,,,,0,,,,0.5055,1.07,0.5209,-65.69,1,30.0,hold:DY,+0.000,+0.000,-0.338,+0.000,1100,0,
1785505153.5596,2026-07-31T09:39:13.559,259.633,2613,,,,0,,,,0.5103,1.07,0.5257,-65.69,1,30.0,hold:DY,+0.000,+0.000,-0.344,+0.000,1100,0,
1785505153.6594,2026-07-31T09:39:13.659,259.732,2614,,,,0,,,,0.5051,1.06,0.5205,-65.70,1,30.0,hold:DY,+0.000,+0.000,-0.345,+0.000,1100,0,
1785505153.7577,2026-07-31T09:39:13.757,259.831,2615,,,,0,,,,0.5059,1.04,0.5213,-65.72,1,30.0,hold:DY,+0.000,+0.000,-0.334,+0.000,1100,0,
1785505153.8572,2026-07-31T09:39:13.857,259.930,2616,,,,0,,,,0.5109,1.04,0.5263,-65.72,1,30.0,hold:DY,+0.000,+0.000,-0.334,+0.000,1100,0,
1785505153.9558,2026-07-31T09:39:13.955,260.029,2617,,,,0,,,,0.5084,1.02,0.5238,-65.74,1,30.0,hold:DY,+0.000,+0.000,-0.346,+0.000,1100,0,
1785505154.0551,2026-07-31T09:39:14.055,260.128,2618,,,,0,,,,0.5044,0.99,0.5198,-65.77,1,30.0,hold:DY,+0.000,+0.000,-0.333,+0.000,1100,0,
1785505154.1544,2026-07-31T09:39:14.154,260.227,2619,,,,0,,,,0.5072,0.98,0.5226,-65.78,1,30.0,hold:DY,+0.000,+0.000,-0.341,+0.000,1100,0,
1785505154.2522,2026-07-31T09:39:14.252,260.325,2620,,,,0,,,,0.5071,0.96,0.5225,-65.80,1,30.0,hold:DY,+0.000,+0.000,-0.340,+0.000,1100,0,
1785505154.3524,2026-07-31T09:39:14.352,260.425,2621,,,,0,,,,0.5079,0.95,0.5233,-65.81,1,30.0,hold:DY,+0.000,+0.000,-0.340,+0.000,1100,0,
1785505154.4508,2026-07-31T09:39:14.450,260.524,2622,,,,0,,,,0.5128,0.92,0.5282,-65.84,1,30.0,hold:DY,+0.000,+0.000,-0.331,+0.000,1100,0,
1785505154.5498,2026-07-31T09:39:14.549,260.623,2623,,,,0,,,,0.5128,0.92,0.5282,-65.84,1,30.0,hold:DY,+0.000,+0.000,-0.330,+0.000,1100,0,
1785505154.6494,2026-07-31T09:39:14.649,260.722,2624,,,,0,,,,0.5078,0.90,0.5232,-65.86,1,30.0,hold:DY,+0.000,+0.000,-0.334,+0.000,1100,0,
1785505154.7496,2026-07-31T09:39:14.749,260.823,2625,,,,0,,,,0.5104,0.89,0.5258,-65.87,1,30.0,hold:DY,+0.000,+0.000,-0.333,+0.000,1100,0,
1785505154.8507,2026-07-31T09:39:14.850,260.924,2626,,,,0,,,,0.5092,0.89,0.5246,-65.87,1,30.0,hold:DY,+0.000,+0.000,-0.337,+0.000,1100,0,
1785505154.9506,2026-07-31T09:39:14.950,261.024,2627,,,,0,,,,0.5131,0.88,0.5285,-65.88,1,30.0,hold:DY,+0.000,+0.000,-0.326,+0.000,1100,0,
1785505155.0502,2026-07-31T09:39:15.050,261.123,2628,,,,0,,,,0.5143,0.89,0.5297,-65.87,1,30.0,hold:DY,+0.000,+0.000,-0.327,+0.000,1100,0,
1785505155.1492,2026-07-31T09:39:15.149,261.222,2629,,,,0,,,,0.5100,0.91,0.5254,-65.85,1,30.0,hold:DY,+0.000,+0.000,-0.330,+0.000,1100,0,
1785505155.2485,2026-07-31T09:39:15.248,261.322,2630,,,,0,,,,0.5116,0.92,0.5270,-65.84,1,30.0,hold:DY,+0.000,+0.000,-0.332,+0.000,1100,0,
1785505155.3485,2026-07-31T09:39:15.348,261.422,2631,,,,0,,,,0.5137,0.95,0.5291,-65.81,1,30.0,hold:DY,+0.000,+0.000,-0.328,+0.000,1100,0,
1785505155.4481,2026-07-31T09:39:15.448,261.521,2632,,,,0,,,,0.5143,0.98,0.5297,-65.78,1,30.0,hold:DY,+0.000,+0.000,-0.330,+0.000,1100,0,
1785505155.5475,2026-07-31T09:39:15.547,261.620,2633,,,,0,,,,0.5083,1.00,0.5237,-65.76,1,30.0,hold:DY,+0.000,+0.000,-0.339,+0.000,1100,0,
1785505155.6468,2026-07-31T09:39:15.646,261.720,2634,,,,0,,,,0.5074,1.06,0.5228,-65.70,1,30.0,hold:DY,+0.000,+0.000,-0.330,+0.000,1100,0,
1785505155.7476,2026-07-31T09:39:15.747,261.821,2635,,,,0,,,,0.5103,1.08,0.5257,-65.68,1,30.0,hold:DY,+0.000,+0.000,-0.335,+0.000,1100,0,
1785505155.8464,2026-07-31T09:39:15.846,261.919,2636,,,,0,,,,0.5071,1.13,0.5225,-65.63,1,30.0,hold:DY,+0.000,+0.000,-0.341,+0.000,1100,0,
1785505155.9457,2026-07-31T09:39:15.945,262.019,2637,,,,0,,,,0.5054,1.18,0.5208,-65.58,1,30.0,hold:DY,+0.000,+0.000,-0.340,+0.000,1100,0,
1785505156.0457,2026-07-31T09:39:16.045,262.119,2638,,,,0,,,,0.5074,1.20,0.5228,-65.56,1,30.0,hold:DY,+0.000,+0.000,-0.341,+0.000,1100,0,
1785505156.1457,2026-07-31T09:39:16.145,262.219,2639,,,,0,,,,0.5086,1.23,0.5240,-65.53,1,30.0,hold:DY,+0.000,+0.000,-0.346,+0.000,1100,0,
1785505156.2451,2026-07-31T09:39:16.245,262.318,2640,,,,0,,,,0.5091,1.25,0.5245,-65.51,1,30.0,hold:DY,+0.000,+0.000,-0.337,+0.000,1100,0,
1785505156.3447,2026-07-31T09:39:16.344,262.418,2641,,,,0,,,,0.5028,1.29,0.5182,-65.47,1,30.0,hold:DY,+0.000,+0.000,-0.350,+0.000,1100,0,
1785505156.4442,2026-07-31T09:39:16.444,262.517,2642,,,,0,,,,0.5061,1.32,0.5215,-65.44,1,30.0,hold:DY,+0.000,+0.000,-0.347,+0.000,1100,0,
1785505156.5434,2026-07-31T09:39:16.543,262.616,2643,,,,0,,,,0.5065,1.34,0.5219,-65.42,1,30.0,hold:DY,+0.000,+0.000,-0.343,+0.000,1100,0,
1785505156.6426,2026-07-31T09:39:16.642,262.716,2644,,,,0,,,,0.5053,1.39,0.5207,-65.36,1,30.0,hold:DY,+0.000,+0.000,-0.349,+0.000,1100,0,
1785505156.7411,2026-07-31T09:39:16.741,262.814,2645,,,,0,,,,0.5058,1.45,0.5212,-65.31,1,30.0,hold:DY,+0.000,+0.000,-0.344,+0.000,1100,0,
1785505156.8407,2026-07-31T09:39:16.840,262.914,2646,,,,0,,,,0.5053,1.47,0.5207,-65.29,1,30.0,hold:DY,+0.000,+0.000,-0.345,+0.000,1100,0,
1785505156.9393,2026-07-31T09:39:16.939,263.012,2647,,,,0,,,,0.5067,1.53,0.5221,-65.23,1,30.0,hold:DY,+0.000,+0.000,-0.341,+0.000,1100,0,
1785505157.0387,2026-07-31T09:39:17.038,263.112,2648,,,,0,,,,0.5062,1.56,0.5215,-65.20,1,30.0,hold:DY,+0.000,+0.000,-0.343,+0.000,1100,0,
1785505157.1376,2026-07-31T09:39:17.137,263.211,2649,,,,0,,,,0.5054,1.63,0.5208,-65.13,1,30.0,hold:DY,+0.000,+0.000,-0.347,+0.000,1100,0,
1785505157.2369,2026-07-31T09:39:17.236,263.310,2650,,,,0,,,,0.5040,1.67,0.5194,-65.09,1,30.0,hold:DY,+0.000,+0.000,-0.348,+0.000,1100,0,
1785505157.3351,2026-07-31T09:39:17.335,263.408,2651,,,,0,,,,0.5046,1.75,0.5200,-65.01,1,30.0,hold:DY,+0.000,+0.000,-0.346,+0.000,1100,0,
1785505157.4346,2026-07-31T09:39:17.434,263.508,2652,,,,0,,,,0.5052,1.84,0.5206,-64.92,1,30.0,hold:DY,+0.000,+0.000,-0.342,+0.000,1100,0,
1785505157.5337,2026-07-31T09:39:17.533,263.607,2653,,,,0,,,,0.5041,1.89,0.5195,-64.87,1,30.0,hold:DY,+0.000,+0.000,-0.347,+0.000,1100,0,
1785505157.6326,2026-07-31T09:39:17.632,263.706,2654,,,,0,,,,0.5096,1.99,0.5249,-64.77,1,30.0,hold:DY,+0.000,+0.000,-0.344,+0.000,1100,0,
1785505157.7319,2026-07-31T09:39:17.731,263.805,2655,,,,0,,,,0.5054,2.05,0.5208,-64.71,1,30.0,hold:DY,+0.000,+0.000,-0.345,+0.037,1100,0,
1785505157.8302,2026-07-31T09:39:17.830,263.903,2656,,,,0,,,,0.5035,2.17,0.5189,-64.59,1,30.0,hold:DY,+0.000,+0.000,-0.348,+0.039,1100,0,
1785505157.9297,2026-07-31T09:39:17.929,264.003,2657,,,,0,,,,0.5053,2.30,0.5207,-64.46,1,30.0,hold:DY,+0.000,+0.000,-0.348,+0.042,1100,0,
1785505158.0287,2026-07-31T09:39:18.028,264.102,2658,,,,0,,,,0.5051,2.35,0.5205,-64.41,1,30.0,hold:DY,+0.000,+0.000,-0.345,+0.045,1100,0,
1785505158.1274,2026-07-31T09:39:18.127,264.200,2659,,,,0,,,,0.5007,2.46,0.5161,-64.29,1,30.0,hold:DY,+0.000,+0.000,-0.348,+0.047,1100,0,
1785505158.2262,2026-07-31T09:39:18.226,264.299,2660,,,,0,,,,0.5075,2.52,0.5229,-64.24,1,30.0,hold:DY,+0.000,+0.000,-0.340,+0.050,1100,0,
1785505158.3259,2026-07-31T09:39:18.325,264.399,2661,,,,0,,,,0.5045,2.62,0.5199,-64.14,1,30.0,hold:DY,+0.000,+0.000,-0.337,+0.052,1100,0,
1785505158.4244,2026-07-31T09:39:18.424,264.497,2662,,,,0,,,,0.5014,2.67,0.5168,-64.09,1,30.0,hold:DY,+0.000,+0.000,-0.353,+0.055,1100,0,
1785505158.5236,2026-07-31T09:39:18.523,264.597,2663,,,,0,,,,0.5003,2.78,0.5157,-63.98,1,30.0,hold:DY,+0.000,+0.000,-0.355,+0.058,1100,0,
1785505158.6229,2026-07-31T09:39:18.622,264.696,2664,,,,0,,,,0.5016,2.87,0.5169,-63.89,1,30.0,hold:DY,+0.000,+0.000,-0.354,+0.060,1100,0,
1785505158.7213,2026-07-31T09:39:18.721,264.794,2665,,,,0,,,,0.5043,2.91,0.5197,-63.85,1,30.0,hold:DY,+0.000,+0.000,-0.347,+0.063,1100,0,
1785505158.8212,2026-07-31T09:39:18.821,264.894,2666,,,,0,,,,0.5003,2.97,0.5157,-63.78,1,30.0,hold:DY,+0.000,+0.000,-0.347,+0.064,1100,0,
1785505158.9209,2026-07-31T09:39:18.920,264.994,2667,,,,0,,,,0.5040,3.01,0.5193,-63.75,1,30.0,hold:DY,+0.000,+0.000,-0.348,+0.067,1100,0,
1785505159.0201,2026-07-31T09:39:19.020,265.093,2668,,,,0,,,,0.5035,3.08,0.5189,-63.67,1,30.0,hold:DY,+0.000,+0.000,-0.338,+0.069,1100,0,
1785505159.1189,2026-07-31T09:39:19.118,265.192,2669,,,,0,,,,0.5037,3.12,0.5191,-63.64,1,30.0,hold:DY,+0.000,+0.000,-0.348,+0.071,1100,0,
1785505159.2173,2026-07-31T09:39:19.217,265.290,2670,,,,0,,,,0.5113,3.18,0.5267,-63.58,1,30.0,hold:DY,+0.000,+0.000,-0.333,+0.073,1100,0,
1785505159.3164,2026-07-31T09:39:19.316,265.389,2671,,,,0,,,,0.5069,3.24,0.5223,-63.52,1,30.0,hold:DY,+0.000,+0.000,-0.346,+0.075,1100,0,
1785505159.4160,2026-07-31T09:39:19.415,265.489,2672,,,,0,,,,0.5040,3.27,0.5194,-63.49,1,30.0,hold:DY,+0.000,+0.000,-0.348,+0.078,1100,0,
1785505159.5151,2026-07-31T09:39:19.515,265.588,2673,,,,0,,,,0.5086,3.33,0.5240,-63.43,1,30.0,hold:DY,+0.000,+0.000,-0.339,+0.079,1100,0,
1785505159.6142,2026-07-31T09:39:19.614,265.687,2674,,,,0,,,,0.5052,3.36,0.5206,-63.40,1,30.0,hold:DY,+0.000,+0.000,-0.345,+0.082,1100,0,
1785505159.7143,2026-07-31T09:39:19.714,265.787,2675,,,,0,,,,0.5065,3.41,0.5219,-63.35,1,30.0,hold:DY,+0.000,+0.000,-0.350,+0.084,1100,0,
1785505159.8134,2026-07-31T09:39:19.813,265.886,2676,,,,0,,,,0.5059,3.47,0.5213,-63.28,1,30.0,hold:DY,+0.000,+0.000,-0.345,+0.086,1100,0,
1785505159.9130,2026-07-31T09:39:19.912,265.986,2677,,,,0,,,,0.5078,3.50,0.5232,-63.26,1,30.0,hold:DY,+0.000,+0.000,-0.340,+0.089,1100,0,
1785505160.0117,2026-07-31T09:39:20.011,266.085,2678,,,,0,,,,0.5057,3.57,0.5211,-63.19,1,30.0,hold:DY,+0.000,+0.000,-0.340,+0.091,1100,0,
1785505160.1107,2026-07-31T09:39:20.110,266.184,2679,,,,0,,,,0.5058,3.63,0.5212,-63.13,1,30.0,hold:DY,+0.000,+0.000,-0.341,+0.093,1100,0,
1785505160.2119,2026-07-31T09:39:20.211,266.285,2680,,,,0,,,,0.5101,3.66,0.5255,-63.10,1,30.0,hold:DY,+0.000,+0.000,-0.335,+0.096,1100,0,
1785505160.3105,2026-07-31T09:39:20.310,266.384,2681,,,,0,,,,0.5003,3.72,0.5157,-63.04,1,30.0,hold:DY,+0.000,+0.000,-0.347,+0.098,1100,0,
1785505160.4097,2026-07-31T09:39:20.409,266.483,2682,,,,0,,,,0.5069,3.75,0.5223,-63.01,1,30.0,hold:DY,+0.000,+0.000,-0.342,+0.100,1100,0,
1785505160.5088,2026-07-31T09:39:20.508,266.582,2683,,,,0,,,,0.5039,3.80,0.5193,-62.96,1,30.0,hold:DY,+0.000,+0.000,-0.351,+0.102,1100,0,
1785505160.6085,2026-07-31T09:39:20.608,266.681,2684,,,,0,,,,0.5029,3.85,0.5183,-62.91,1,30.0,hold:DY,+0.000,+0.000,-0.345,+0.105,1100,0,
1785505160.7082,2026-07-31T09:39:20.708,266.781,2685,,,,0,,,,0.5071,3.87,0.5225,-62.89,1,30.0,hold:DY,+0.000,+0.000,-0.341,+0.107,1100,0,
1785505160.8078,2026-07-31T09:39:20.807,266.881,2686,,,,0,,,,0.5043,3.90,0.5197,-62.86,1,30.0,hold:DY,+0.000,+0.000,-0.340,+0.109,1100,0,
1785505160.9073,2026-07-31T09:39:20.907,266.980,2687,,,,0,,,,0.5058,3.92,0.5212,-62.84,1,30.0,hold:DY,+0.000,+0.000,-0.344,+0.111,1100,0,
1785505161.0064,2026-07-31T09:39:21.006,267.079,2688,,,,0,,,,0.5048,3.95,0.5202,-62.81,1,30.0,hold:DY,+0.000,+0.000,-0.350,+0.113,1100,0,
1785505161.1065,2026-07-31T09:39:21.106,267.180,2689,,,,0,,,,0.5089,3.97,0.5243,-62.79,1,30.0,hold:DY,+0.000,+0.000,-0.349,+0.115,1100,0,
1785505161.2053,2026-07-31T09:39:21.205,267.278,2690,,,,0,,,,0.5045,3.99,0.5199,-62.77,1,30.0,hold:DY,+0.000,+0.000,-0.346,+0.117,1100,0,
1785505161.3039,2026-07-31T09:39:21.303,267.377,2691,,,,0,,,,0.5034,4.02,0.5188,-62.74,1,30.0,hold:DY,+0.000,+0.000,-0.341,+0.119,1100,0,
1785505161.4033,2026-07-31T09:39:21.403,267.476,2692,,,,0,,,,0.5050,4.03,0.5204,-62.73,1,30.0,hold:DY,+0.000,+0.000,-0.345,+0.121,1100,0,
1785505161.5026,2026-07-31T09:39:21.502,267.576,2693,,,,0,,,,0.5051,4.06,0.5205,-62.70,1,30.0,hold:DY,+0.000,+0.000,-0.336,+0.123,1100,0,
1785505161.6021,2026-07-31T09:39:21.602,267.675,2694,,,,0,,,,0.5090,4.07,0.5244,-62.69,1,30.0,hold:DY,+0.000,+0.000,-0.338,+0.125,1100,0,
1785505161.7010,2026-07-31T09:39:21.700,267.774,2695,,,,0,,,,0.5048,4.08,0.5202,-62.68,1,30.0,hold:DY,+0.000,+0.000,-0.346,+0.127,1100,0,
1785505161.8005,2026-07-31T09:39:21.800,267.873,2696,,,,0,,,,0.5038,4.10,0.5192,-62.66,1,30.0,hold:DY,+0.000,+0.000,-0.344,+0.128,1100,0,
1785505161.9016,2026-07-31T09:39:21.901,267.975,2697,,,,0,,,,0.5043,4.12,0.5197,-62.64,1,30.0,hold:DY,+0.000,+0.000,-0.347,+0.131,1100,0,
1785505162.0022,2026-07-31T09:39:22.002,268.075,2698,,,,0,,,,0.5033,4.16,0.5187,-62.60,1,30.0,hold:DY,+0.000,+0.000,-0.342,+0.133,1100,0,
1785505162.1017,2026-07-31T09:39:22.101,268.175,2699,,,,0,,,,0.5015,4.18,0.5169,-62.58,1,30.0,hold:DY,+0.000,+0.000,-0.352,+0.135,1100,0,
1785505162.2014,2026-07-31T09:39:22.201,268.274,2700,,,,0,,,,0.5073,4.21,0.5227,-62.55,1,30.0,hold:DY,+0.000,+0.000,-0.341,+0.137,1100,0,
1785505162.3008,2026-07-31T09:39:22.300,268.374,2701,,,,0,,,,0.5098,4.25,0.5252,-62.51,1,30.0,hold:DY,+0.000,+0.000,-0.354,+0.139,1100,0,
1785505162.4006,2026-07-31T09:39:22.400,268.474,2702,,,,0,,,,0.5005,4.26,0.5159,-62.49,1,30.0,hold:DY,+0.000,+0.000,-0.354,+0.142,1100,0,
1785505162.4995,2026-07-31T09:39:22.499,268.573,2703,,,,0,,,,0.5042,4.30,0.5196,-62.46,1,30.0,hold:DY,+0.000,+0.000,-0.346,+0.143,1100,0,
1785505162.5994,2026-07-31T09:39:22.599,268.672,2704,,,,0,,,,0.5002,4.31,0.5156,-62.45,1,30.0,hold:DY,+0.000,+0.000,-0.355,+0.146,1100,0,
1785505162.6992,2026-07-31T09:39:22.699,268.772,2705,,,,0,,,,0.5030,4.34,0.5184,-62.42,1,30.0,hold:DY,+0.000,+0.000,-0.349,+0.148,1100,0,
1785505162.7985,2026-07-31T09:39:22.798,268.872,2706,,,,0,,,,0.5025,4.37,0.5179,-62.39,1,30.0,hold:DY,+0.000,+0.000,-0.352,+0.150,1100,0,
1785505162.8977,2026-07-31T09:39:22.897,268.971,2707,,,,0,,,,0.5029,4.38,0.5183,-62.38,1,30.0,hold:DY,+0.000,+0.000,-0.350,+0.152,1100,0,
1785505162.9967,2026-07-31T09:39:22.996,269.070,2708,,,,0,,,,0.5008,4.39,0.5162,-62.36,1,30.0,hold:DY,+0.000,+0.000,-0.346,+0.154,1100,0,
1785505163.0955,2026-07-31T09:39:23.095,269.169,2709,,,,0,,,,0.5034,4.34,0.5188,-62.42,1,30.0,hold:DY,+0.000,+0.000,-0.349,+0.155,1100,0,
1785505163.1958,2026-07-31T09:39:23.195,269.269,2710,,,,0,,,,0.5017,4.14,0.5171,-62.62,1,30.0,hold:DY,+0.000,+0.000,-0.345,+0.155,1100,0,
1785505163.2942,2026-07-31T09:39:23.294,269.367,2711,,,,0,,,,0.5036,4.01,0.5190,-62.75,1,30.0,hold:DY,+0.000,+0.000,-0.348,+0.152,1100,0,
1785505163.3939,2026-07-31T09:39:23.393,269.467,2712,,,,0,,,,0.5046,3.71,0.5200,-63.05,1,30.0,hold:DY,+0.000,+0.000,-0.346,+0.148,1100,0,
1785505163.4930,2026-07-31T09:39:23.492,269.566,2713,,,,0,,,,0.5067,3.37,0.5221,-63.39,1,30.0,hold:DY,+0.000,+0.000,-0.351,+0.147,1100,0,
1785505163.5928,2026-07-31T09:39:23.592,269.666,2714,,,,0,,,,0.5046,3.18,0.5200,-63.58,1,30.0,hold:DY,+0.000,+0.000,-0.346,+0.142,1100,0,
1785505163.6911,2026-07-31T09:39:23.691,269.764,2715,,,,0,,,,0.5029,2.79,0.5183,-63.97,1,30.0,hold:DY,+0.000,+0.000,-0.350,+0.139,1100,0,
1785505163.7902,2026-07-31T09:39:23.790,269.863,2716,,,,0,,,,0.5032,2.62,0.5186,-64.14,1,30.0,hold:DY,+0.000,+0.000,-0.349,+0.134,1100,0,
1785505163.8909,2026-07-31T09:39:23.890,269.964,2717,,,,0,,,,0.5055,2.36,0.5209,-64.40,1,30.0,hold:DY,+0.000,+0.000,-0.344,+0.130,1100,0,
1785505163.9899,2026-07-31T09:39:23.989,270.063,2718,,,,0,,,,0.5025,2.20,0.5179,-64.56,1,30.0,hold:DY,+0.000,+0.000,-0.342,+0.129,1100,0,
1785505164.0884,2026-07-31T09:39:24.088,270.161,2719,,,,0,,,,0.5075,2.14,0.5229,-64.62,1,30.0,hold:DY,+0.000,+0.000,-0.341,+0.128,1100,0,
1785505164.1877,2026-07-31T09:39:24.187,270.261,2720,,,,0,,,,0.5040,2.05,0.5193,-64.71,1,30.0,hold:DY,+0.000,+0.000,-0.345,+0.128,1100,0,
1785505164.2859,2026-07-31T09:39:24.285,270.359,2721,,,,0,,,,0.5002,2.03,0.5156,-64.73,1,30.0,hold:DY,+0.000,+0.000,-0.355,+0.128,1100,0,
1785505164.3858,2026-07-31T09:39:24.385,270.459,2722,,,,0,,,,0.5041,2.01,0.5195,-64.75,1,30.0,hold:DY,+0.000,+0.000,-0.347,+0.128,1100,0,
1785505164.4856,2026-07-31T09:39:24.485,270.559,2723,,,,0,,,,0.5046,2.02,0.5199,-64.74,1,30.0,hold:DY,+0.000,+0.000,-0.349,+0.129,1100,0,
1785505164.5847,2026-07-31T09:39:24.584,270.658,2724,,,,0,,,,0.4996,2.05,0.5150,-64.71,1,30.0,hold:DY,+0.000,+0.000,-0.356,+0.130,1100,0,
1785505164.6838,2026-07-31T09:39:24.683,270.757,2725,,,,0,,,,0.5056,2.12,0.5210,-64.64,1,30.0,hold:DY,+0.000,+0.000,-0.356,+0.132,1100,0,
1785505164.7830,2026-07-31T09:39:24.783,270.856,2726,,,,0,,,,0.5058,2.15,0.5212,-64.61,1,30.0,hold:DY,+0.000,+0.000,-0.344,+0.134,1100,0,
1785505164.8830,2026-07-31T09:39:24.882,270.956,2727,,,,0,,,,0.5007,2.24,0.5161,-64.52,1,30.0,hold:DY,+0.000,+0.000,-0.354,+0.136,1100,0,
1785505164.9819,2026-07-31T09:39:24.981,271.055,2728,,,,0,,,,0.5018,2.32,0.5172,-64.43,1,30.0,hold:DY,+0.000,+0.000,-0.349,+0.138,1100,0,
1785505165.0820,2026-07-31T09:39:25.082,271.155,2729,,,,0,,,,0.5028,2.38,0.5182,-64.38,1,30.0,hold:DY,+0.000,+0.000,-0.350,+0.141,1100,0,
1785505165.1821,2026-07-31T09:39:25.182,271.255,2730,,,,0,,,,0.5009,2.48,0.5162,-64.28,1,30.0,hold:DY,+0.000,+0.000,-0.353,+0.143,1100,0,
1785505165.2820,2026-07-31T09:39:25.282,271.355,2731,,,,0,,,,0.5066,2.59,0.5220,-64.17,1,30.0,hold:DY,+0.000,+0.000,-0.348,+0.145,1100,0,
1785505165.3815,2026-07-31T09:39:25.381,271.455,2732,,,,0,,,,0.5054,2.65,0.5208,-64.11,1,30.0,hold:DY,+0.000,+0.000,-0.345,+0.149,1100,0,
1785505165.4808,2026-07-31T09:39:25.480,271.554,2733,,,,0,,,,0.5048,2.78,0.5202,-63.98,1,30.0,hold:DY,+0.000,+0.000,-0.360,+0.151,1100,0,
1785505165.5798,2026-07-31T09:39:25.579,271.653,2734,,,,0,,,,0.5019,2.85,0.5173,-63.91,1,30.0,hold:DY,+0.000,+0.000,-0.352,+0.154,1100,0,
1785505165.6787,2026-07-31T09:39:25.678,271.752,2735,,,,0,,,,0.4991,2.97,0.5145,-63.79,1,30.0,hold:DY,+0.000,+0.000,-0.351,+0.157,1100,0,
1785505165.7782,2026-07-31T09:39:25.778,271.851,2736,,,,0,,,,0.5039,2.98,0.5193,-63.78,1,30.0,hold:DY,+0.000,+0.000,-0.348,+0.159,1100,0,
1785505165.8776,2026-07-31T09:39:25.877,271.951,2737,,,,0,,,,0.5018,2.91,0.5172,-63.85,1,30.0,hold:DY,+0.000,+0.000,-0.352,+0.159,1100,0,
1785505165.9768,2026-07-31T09:39:25.976,272.050,2738,,,,0,,,,0.5046,2.80,0.5199,-63.96,1,30.0,hold:DY,+0.000,+0.000,-0.345,+0.159,1100,0,
1785505166.0761,2026-07-31T09:39:26.076,272.149,2739,,,,0,,,,0.5056,2.73,0.5210,-64.03,1,30.0,hold:DY,+0.000,+0.000,-0.344,+0.158,1100,0,
1785505166.1745,2026-07-31T09:39:26.174,272.247,2740,,,,0,,,,0.5039,2.57,0.5193,-64.19,1,30.0,hold:DY,+0.000,+0.000,-0.346,+0.158,1100,0,
1785505166.2742,2026-07-31T09:39:26.274,272.347,2741,,,,0,,,,0.5021,2.48,0.5175,-64.28,1,30.0,hold:DY,+0.000,+0.000,-0.351,+0.156,1100,0,
1785505166.3726,2026-07-31T09:39:26.372,272.446,2742,,,,0,,,,0.5007,2.32,0.5161,-64.44,1,30.0,hold:DY,+0.000,+0.000,-0.348,+0.155,1100,0,
1785505166.4721,2026-07-31T09:39:26.472,272.545,2743,,,,0,,,,0.5050,2.24,0.5203,-64.52,1,30.0,hold:DY,+0.000,+0.000,-0.355,+0.154,1100,0,
1785505166.5714,2026-07-31T09:39:26.571,272.644,2744,,,,0,,,,0.5015,2.23,0.5169,-64.53,1,30.0,hold:DY,+0.000,+0.000,-0.353,+0.154,1100,0,
1785505166.6705,2026-07-31T09:39:26.670,272.744,2745,,,,0,,,,0.5046,2.08,0.5200,-64.68,1,30.0,hold:DY,+0.000,+0.000,-0.347,+0.154,1100,0,
1785505166.7696,2026-07-31T09:39:26.769,272.843,2746,,,,0,,,,0.5000,1.92,0.5154,-64.84,1,30.0,hold:DY,+0.000,+0.000,-0.355,+0.000,1100,0,
1785505166.8693,2026-07-31T09:39:26.869,272.942,2747,,,,0,,,,0.5045,1.45,0.5199,-65.31,1,30.0,hold:DY,+0.000,+0.000,-0.347,+0.000,1100,0,
1785505166.9679,2026-07-31T09:39:26.967,273.041,2748,,,,0,,,,0.5048,0.88,0.5202,-65.88,1,30.0,hold:DY,+0.000,+0.000,-0.343,+0.000,1100,0,
1785505167.0671,2026-07-31T09:39:27.067,273.140,2749,,,,0,,,,0.5026,0.62,0.5180,-66.14,1,30.0,hold:DY,+0.000,+0.000,-0.350,+0.000,1100,0,
1785505167.1662,2026-07-31T09:39:27.166,273.239,2750,,,,0,,,,0.5054,0.24,0.5208,-66.52,1,30.0,hold:DY,+0.000,+0.000,-0.340,+0.000,1100,0,
1785505167.2651,2026-07-31T09:39:27.265,273.338,2751,,,,0,,,,0.5073,0.11,0.5227,-66.65,1,30.0,hold:DY,+0.000,+0.000,-0.341,+0.000,1100,0,
1785505167.3647,2026-07-31T09:39:27.364,273.438,2752,,,,0,,,,0.5060,-0.05,0.5213,-66.81,1,30.0,hold:DY,+0.000,+0.000,-0.341,+0.000,1100,0,
1785505167.4641,2026-07-31T09:39:27.464,273.537,2753,,,,0,,,,0.5077,-0.12,0.5231,-66.88,1,30.0,hold:DY,+0.000,+0.000,-0.342,+0.000,1100,0,
1785505167.5632,2026-07-31T09:39:27.563,273.636,2754,,,,0,,,,0.5064,-0.12,0.5218,-66.87,1,30.0,hold:DY,+0.000,+0.000,-0.340,+0.000,1100,0,
1785505167.6636,2026-07-31T09:39:27.663,273.737,2755,,,,0,,,,0.5033,-0.05,0.5187,-66.81,1,30.0,hold:DY,+0.000,+0.000,-0.333,+0.000,1100,0,
1785505167.7634,2026-07-31T09:39:27.763,273.836,2756,,,,0,,,,0.5076,-0.00,0.5230,-66.76,1,30.0,hold:DY,+0.000,+0.000,-0.340,+0.000,1100,0,
1785505167.8623,2026-07-31T09:39:27.862,273.935,2757,,,,0,,,,0.5118,0.16,0.5272,-66.60,1,30.0,hold:DY,+0.000,+0.000,-0.342,+0.000,1100,0,
1785505167.9608,2026-07-31T09:39:27.960,274.034,2758,,,,0,,,,0.5072,0.25,0.5226,-66.51,1,30.0,hold:DY,+0.000,+0.000,-0.341,+0.000,1100,0,
1785505168.0598,2026-07-31T09:39:28.059,274.133,2759,,,,0,,,,0.5068,0.47,0.5222,-66.29,1,30.0,hold:DY,+0.000,+0.000,-0.338,+0.000,1100,0,
1785505168.1597,2026-07-31T09:39:28.159,274.233,2760,,,,0,,,,0.5066,0.73,0.5220,-66.03,1,30.0,hold:DY,+0.000,+0.000,-0.341,+0.000,1100,0,
1785505168.2597,2026-07-31T09:39:28.259,274.333,2761,,,,0,,,,0.5053,0.87,0.5207,-65.89,1,30.0,hold:DY,+0.000,+0.000,-0.345,+0.000,1100,0,
1785505168.3594,2026-07-31T09:39:28.359,274.432,2762,,,,0,,,,0.5097,1.16,0.5251,-65.60,1,30.0,hold:DY,+0.000,+0.000,-0.335,+0.000,1100,0,
1785505168.4584,2026-07-31T09:39:28.458,274.531,2763,,,,0,,,,0.5074,1.32,0.5228,-65.44,1,30.0,hold:DY,+0.000,+0.000,-0.341,+0.000,1100,0,
1785505168.5581,2026-07-31T09:39:28.558,274.631,2764,,,,0,,,,0.5067,1.64,0.5221,-65.12,1,30.0,hold:DY,+0.000,+0.000,-0.339,+0.000,1100,0,
1785505168.6580,2026-07-31T09:39:28.658,274.731,2765,,,,0,,,,0.5082,1.96,0.5236,-64.80,1,30.0,hold:DY,+0.000,+0.000,-0.342,+0.000,1100,0,
1785505168.7576,2026-07-31T09:39:28.757,274.831,2766,,,,0,,,,0.5060,2.13,0.5214,-64.63,1,30.0,hold:DY,+0.000,+0.000,-0.344,+0.039,1100,0,
1785505168.8574,2026-07-31T09:39:28.857,274.930,2767,,,,0,,,,0.5069,2.47,0.5223,-64.29,1,30.0,hold:DY,+0.000,+0.000,-0.347,+0.043,1100,0,
1785505168.9574,2026-07-31T09:39:28.957,275.030,2768,,,,0,,,,0.4996,2.64,0.5150,-64.12,1,30.0,hold:DY,+0.000,+0.000,-0.356,+0.050,1100,0,
1785505169.0561,2026-07-31T09:39:29.056,275.129,2769,,,,0,,,,0.5069,2.97,0.5223,-63.79,1,30.0,hold:DY,+0.000,+0.000,-0.345,+0.054,1100,0,
1785505169.1555,2026-07-31T09:39:29.155,275.229,2770,,,,0,,,,0.5025,3.31,0.5179,-63.45,1,30.0,hold:DY,+0.000,+0.000,-0.353,+0.061,1100,0,
1785505169.2533,2026-07-31T09:39:29.253,275.326,2771,,,,0,,,,0.5060,3.47,0.5214,-63.29,1,30.0,hold:DY,+0.000,+0.000,-0.343,+0.068,1100,0,
1785505169.3526,2026-07-31T09:39:29.352,275.426,2772,,,,0,,,,0.5021,3.82,0.5175,-62.94,1,30.0,hold:DY,+0.000,+0.000,-0.347,+0.073,1100,0,
1785505169.4528,2026-07-31T09:39:29.452,275.526,2773,,,,0,,,,0.5045,3.98,0.5199,-62.78,1,30.0,hold:DY,+0.000,+0.000,-0.346,+0.080,1100,0,
1785505169.5519,2026-07-31T09:39:29.551,275.625,2774,,,,0,,,,0.5052,4.31,0.5206,-62.45,1,30.0,hold:DY,+0.000,+0.000,-0.344,+0.085,1100,0,
1785505169.6518,2026-07-31T09:39:29.651,275.725,2775,,,,0,,,,0.5028,4.62,0.5182,-62.14,1,30.0,hold:DY,+0.000,+0.000,-0.346,+0.093,1100,0,
1785505169.7511,2026-07-31T09:39:29.751,275.824,2776,,,,0,,,,0.5010,4.77,0.5164,-61.99,1,30.0,hold:DY,+0.000,+0.000,-0.354,+0.100,1100,0,
1785505169.8513,2026-07-31T09:39:29.851,275.924,2777,,,,0,,,,0.5014,5.06,0.5168,-61.70,1,30.0,hold:DY,+0.000,+0.000,-0.348,+0.104,1100,0,
1785505169.9505,2026-07-31T09:39:29.950,276.024,2778,,,,0,,,,0.5039,5.21,0.5193,-61.55,1,30.0,hold:DY,+0.000,+0.000,-0.348,+0.112,1100,0,
1785505170.0491,2026-07-31T09:39:30.049,276.122,2779,,,,0,,,,0.5032,5.49,0.5186,-61.27,1,30.0,hold:DY,+0.000,+0.000,-0.351,+0.116,1100,0,
1785505170.1486,2026-07-31T09:39:30.148,276.222,2780,,,,0,,,,0.5035,5.77,0.5189,-60.99,1,30.0,hold:DY,+0.000,+0.000,-0.348,+0.124,1100,0,
1785505170.2471,2026-07-31T09:39:30.247,276.320,2781,,,,0,,,,0.5062,5.91,0.5216,-60.85,1,30.0,hold:DY,+0.000,+0.000,-0.343,+0.131,1100,0,
1785505170.3461,2026-07-31T09:39:30.346,276.419,2782,,,,0,,,,0.5011,6.17,0.5165,-60.59,1,30.0,hold:DY,+0.000,+0.000,-0.346,+0.136,1100,0,
1785505170.4451,2026-07-31T09:39:30.445,276.518,2783,,,,0,,,,0.5066,6.29,0.5220,-60.46,1,30.0,hold:DY,+0.000,+0.000,-0.342,+0.143,1100,0,
1785505170.5456,2026-07-31T09:39:30.545,276.619,2784,,,,0,,,,0.5034,6.54,0.5188,-60.22,1,30.0,hold:DY,+0.000,+0.000,-0.346,+0.148,1100,0,
1785505170.6453,2026-07-31T09:39:30.645,276.718,2785,,,,0,,,,0.5058,6.77,0.5212,-59.99,1,30.0,hold:DY,+0.000,+0.000,-0.343,+0.154,1100,0,
1785505170.7444,2026-07-31T09:39:30.744,276.817,2786,,,,0,,,,0.5041,6.88,0.5195,-59.87,1,30.0,hold:DY,+0.000,+0.000,-0.347,+0.161,1100,0,
1785505170.8437,2026-07-31T09:39:30.843,276.917,2787,,,,0,,,,0.5038,7.00,0.5192,-59.76,1,30.0,hold:DY,+0.000,+0.000,-0.353,+0.166,1100,0,
1785505170.9423,2026-07-31T09:39:30.942,277.015,2788,,,,0,,,,0.5043,7.00,0.5197,-59.76,1,30.0,hold:DY,+0.000,+0.000,-0.347,+0.169,1100,0,
1785505171.0415,2026-07-31T09:39:31.041,277.115,2789,,,,0,,,,0.5049,6.95,0.5203,-59.81,1,30.0,hold:DY,+0.000,+0.000,-0.341,+0.171,1100,0,
1785505171.1402,2026-07-31T09:39:31.140,277.213,2790,,,,0,,,,0.5011,6.90,0.5165,-59.86,1,30.0,hold:DY,+0.000,+0.000,-0.353,+0.172,1100,0,
1785505171.2399,2026-07-31T09:39:31.239,277.313,2791,,,,0,,,,0.4997,6.74,0.5151,-60.02,1,30.0,hold:DY,+0.000,+0.000,-0.356,+0.172,1100,0,
1785505171.3383,2026-07-31T09:39:31.338,277.411,2792,,,,0,,,,0.5056,6.53,0.5210,-60.23,1,30.0,hold:DY,+0.000,+0.000,-0.350,+0.173,1100,0,
1785505171.4388,2026-07-31T09:39:31.438,277.512,2793,,,,0,,,,0.5028,6.40,0.5182,-60.36,1,30.0,hold:DY,+0.000,+0.000,-0.350,+0.172,1100,0,
1785505171.5380,2026-07-31T09:39:31.537,277.611,2794,,,,0,,,,0.5050,6.19,0.5204,-60.57,1,30.0,hold:DY,+0.000,+0.000,-0.346,+0.172,1100,0,
1785505171.6375,2026-07-31T09:39:31.637,277.711,2795,,,,0,,,,0.5061,6.11,0.5215,-60.65,1,30.0,hold:DY,+0.000,+0.000,-0.343,+0.171,1100,0,
1785505171.7369,2026-07-31T09:39:31.736,277.810,2796,,,,0,,,,0.5048,5.98,0.5202,-60.78,1,30.0,hold:DY,+0.000,+0.000,-0.345,+0.173,1100,0,
1785505171.8361,2026-07-31T09:39:31.836,277.909,2797,,,,0,,,,0.5071,5.86,0.5225,-60.90,1,30.0,hold:DY,+0.000,+0.000,-0.341,+0.171,1100,0,
1785505171.9370,2026-07-31T09:39:31.936,278.010,2798,,,,0,,,,0.5057,5.49,0.5211,-61.26,1,30.0,hold:DY,+0.000,+0.000,-0.344,+0.167,1100,0,
1785505172.0356,2026-07-31T09:39:32.035,278.109,2799,,,,0,,,,0.5064,5.02,0.5218,-61.74,1,30.0,hold:DY,+0.000,+0.000,-0.346,+0.165,1100,0,
1785505172.1352,2026-07-31T09:39:32.135,278.208,2800,,,,0,,,,0.5023,4.77,0.5177,-61.99,1,30.0,hold:DY,+0.000,+0.000,-0.351,+0.158,1100,0,
1785505172.2345,2026-07-31T09:39:32.234,278.307,2801,,,,0,,,,0.5077,4.31,0.5231,-62.45,1,30.0,hold:DY,+0.000,+0.000,-0.339,+0.156,1100,0,
1785505172.3343,2026-07-31T09:39:32.334,278.407,2802,,,,0,,,,0.5037,3.95,0.5191,-62.81,1,30.0,hold:DY,+0.000,+0.000,-0.342,+0.150,1100,0,
1785505172.4339,2026-07-31T09:39:32.433,278.507,2803,,,,0,,,,0.5057,3.80,0.5211,-62.96,1,30.0,hold:DY,+0.000,+0.000,-0.344,+0.146,1100,0,
1785505172.5326,2026-07-31T09:39:32.532,278.606,2804,,,,0,,,,0.5096,3.45,0.5250,-63.31,1,30.0,hold:DY,+0.000,+0.000,-0.345,+0.144,1100,0,
1785505172.6318,2026-07-31T09:39:32.631,278.705,2805,,,,0,,,,0.5069,3.24,0.5223,-63.51,1,30.0,hold:DY,+0.000,+0.000,-0.342,+0.139,1100,0,
1785505172.7332,2026-07-31T09:39:32.733,278.806,2806,,,,0,,,,0.5074,2.82,0.5228,-63.94,1,30.0,hold:DY,+0.000,+0.000,-0.342,+0.136,1100,0,
1785505172.8328,2026-07-31T09:39:32.832,278.906,2807,,,,0,,,,0.5052,2.40,0.5206,-64.35,1,30.0,hold:DY,+0.000,+0.000,-0.346,+0.129,1100,0,
1785505172.9334,2026-07-31T09:39:32.933,279.006,2808,,,,0,,,,0.5040,2.25,0.5194,-64.51,1,30.0,hold:DY,+0.000,+0.000,-0.348,+0.124,1100,0,
1785505173.0331,2026-07-31T09:39:33.033,279.106,2809,,,,0,,,,0.5053,2.04,0.5207,-64.72,1,30.0,hold:DY,+0.000,+0.000,-0.343,+0.123,1100,0,
1785505173.1327,2026-07-31T09:39:33.132,279.206,2810,,,,0,,,,0.5018,1.99,0.5172,-64.77,1,30.0,hold:DY,+0.000,+0.000,-0.352,+0.000,1100,0,
1785505173.2318,2026-07-31T09:39:33.231,279.305,2811,,,,0,,,,0.5041,1.94,0.5195,-64.82,1,30.0,hold:DY,+0.000,+0.000,-0.353,+0.000,1100,0,
1785505173.3305,2026-07-31T09:39:33.330,279.404,2812,,,,0,,,,0.5017,1.98,0.5171,-64.78,1,30.0,hold:DY,+0.000,+0.000,-0.350,+0.000,1100,0,
1785505173.4300,2026-07-31T09:39:33.429,279.503,2813,,,,0,,,,0.5057,2.02,0.5211,-64.74,1,30.0,hold:DY,+0.000,+0.000,-0.344,+0.037,1100,0,
1785505173.5295,2026-07-31T09:39:33.529,279.603,2814,,,,0,,,,0.5054,2.15,0.5208,-64.61,1,30.0,hold:DY,+0.000,+0.000,-0.342,+0.038,1100,0,
1785505173.6287,2026-07-31T09:39:33.628,279.702,2815,,,,0,,,,0.5037,2.23,0.5191,-64.53,1,30.0,hold:DY,+0.000,+0.000,-0.348,+0.042,1100,0,
1785505173.7285,2026-07-31T09:39:33.728,279.802,2816,,,,0,,,,0.5028,2.43,0.5182,-64.33,1,30.0,hold:DY,+0.000,+0.000,-0.353,+0.045,1100,0,
1785505173.8283,2026-07-31T09:39:33.828,279.901,2817,,,,0,,,,0.5024,2.67,0.5178,-64.09,1,30.0,hold:DY,+0.000,+0.000,-0.351,+0.050,1100,0,
1785505173.9277,2026-07-31T09:39:33.927,280.001,2818,,,,0,,,,0.5039,2.79,0.5193,-63.96,1,30.0,hold:DY,+0.000,+0.000,-0.348,+0.055,1100,0,
1785505174.0269,2026-07-31T09:39:34.026,280.100,2819,,,,0,,,,0.5084,3.07,0.5238,-63.69,1,30.0,hold:DY,+0.000,+0.000,-0.359,+0.059,1100,0,
1785505174.1261,2026-07-31T09:39:34.126,280.199,2820,,,,0,,,,0.5016,3.21,0.5170,-63.55,1,30.0,hold:DY,+0.000,+0.000,-0.352,+0.065,1100,0,
1785505174.2254,2026-07-31T09:39:34.225,280.298,2821,,,,0,,,,0.4994,3.50,0.5148,-63.26,1,30.0,hold:DY,+0.000,+0.000,-0.358,+0.069,1100,0,
1785505174.3247,2026-07-31T09:39:34.324,280.398,2822,,,,0,,,,0.5029,3.79,0.5183,-62.97,1,30.0,hold:DY,+0.000,+0.000,-0.349,+0.076,1100,0,
1785505174.4242,2026-07-31T09:39:34.424,280.497,2823,,,,0,,,,0.5048,3.94,0.5201,-62.82,1,30.0,hold:DY,+0.000,+0.000,-0.346,+0.083,1100,0,
1785505174.5234,2026-07-31T09:39:34.523,280.596,2824,,,,0,,,,0.5078,4.25,0.5232,-62.51,1,30.0,hold:DY,+0.000,+0.000,-0.352,+0.087,1100,0,
1785505174.6237,2026-07-31T09:39:34.623,280.697,2825,,,,0,,,,0.5016,4.40,0.5170,-62.36,1,30.0,hold:DY,+0.000,+0.000,-0.352,+0.094,1100,0,
1785505174.7239,2026-07-31T09:39:34.723,280.797,2826,,,,0,,,,0.5022,4.70,0.5176,-62.06,1,30.0,hold:DY,+0.000,+0.000,-0.352,+0.099,1100,0,
1785505174.8227,2026-07-31T09:39:34.822,280.896,2827,,,,0,,,,0.5026,5.00,0.5179,-61.76,1,30.0,hold:DY,+0.000,+0.000,-0.357,+0.106,1100,0,
1785505174.9218,2026-07-31T09:39:34.921,280.995,2828,,,,0,,,,0.4988,5.15,0.5142,-61.61,1,30.0,hold:DY,+0.000,+0.000,-0.358,+0.113,1100,0,
1785505175.0207,2026-07-31T09:39:35.020,281.094,2829,,,,0,,,,0.5048,5.44,0.5202,-61.31,1,30.0,hold:DY,+0.000,+0.000,-0.353,+0.118,1100,0,
1785505175.1213,2026-07-31T09:39:35.121,281.194,2830,,,,0,,,,0.4997,5.59,0.5151,-61.17,1,30.0,hold:DY,+0.000,+0.000,-0.356,+0.126,1100,0,
1785505175.2186,2026-07-31T09:39:35.218,281.292,2831,,,,0,,,,0.5012,5.86,0.5166,-60.90,1,30.0,hold:DY,+0.000,+0.000,-0.345,+0.130,1100,0,
1785505175.3184,2026-07-31T09:39:35.318,281.391,2832,,,,0,,,,0.5019,6.13,0.5173,-60.63,1,30.0,hold:DY,+0.000,+0.000,-0.357,+0.137,1100,0,
1785505175.4186,2026-07-31T09:39:35.418,281.492,2833,,,,0,,,,0.4979,6.26,0.5133,-60.50,1,30.0,hold:DY,+0.000,+0.000,-0.360,+0.145,1100,0,
1785505175.5200,2026-07-31T09:39:35.520,281.593,2834,,,,0,,,,0.5015,6.51,0.5168,-60.25,1,30.0,hold:DY,+0.000,+0.000,-0.349,+0.150,1100,0,
1785505175.6202,2026-07-31T09:39:35.620,281.693,2835,,,,0,,,,0.5029,6.64,0.5183,-60.12,1,30.0,hold:DY,+0.000,+0.000,-0.350,+0.157,1100,0,
1785505175.7203,2026-07-31T09:39:35.720,281.793,2836,,,,0,,,,0.5042,6.88,0.5196,-59.88,1,30.0,hold:DY,+0.000,+0.000,-0.351,+0.162,1100,0,
1785505175.8206,2026-07-31T09:39:35.820,281.894,2837,,,,0,,,,0.5017,6.99,0.5171,-59.77,1,30.0,hold:DY,+0.000,+0.000,-0.352,+0.168,1100,0,
1785505175.9210,2026-07-31T09:39:35.921,281.994,2838,,,,0,,,,0.5014,7.09,0.5167,-59.67,1,30.0,hold:DY,+0.000,+0.000,-0.353,+0.173,1100,0,
1785505176.0218,2026-07-31T09:39:36.021,282.095,2839,,,,0,,,,0.5048,7.08,0.5202,-59.68,1,30.0,hold:DY,+0.000,+0.000,-0.351,+0.176,1100,0,
1785505176.1214,2026-07-31T09:39:36.121,282.194,2840,,,,0,,,,0.4973,7.05,0.5127,-59.71,1,30.0,hold:DY,+0.000,+0.000,-0.361,+0.178,1100,0,
1785505176.2192,2026-07-31T09:39:36.219,282.292,2841,,,,0,,,,0.5009,6.95,0.5163,-59.81,1,30.0,hold:DY,+0.000,+0.000,-0.349,+0.180,1100,0,
1785505176.3184,2026-07-31T09:39:36.318,282.391,2842,,,,0,,,,0.5039,6.89,0.5193,-59.87,1,30.0,hold:DY,+0.000,+0.000,-0.348,+0.181,1100,0,
1785505176.4175,2026-07-31T09:39:36.417,282.490,2843,,,,0,,,,0.5069,6.72,0.5223,-60.04,1,30.0,hold:DY,+0.000,+0.000,-0.345,+0.182,1100,0,
1785505176.5177,2026-07-31T09:39:36.517,282.591,2844,,,,0,,,,0.5041,6.59,0.5195,-60.17,1,30.0,hold:DY,+0.000,+0.000,-0.350,+0.182,1100,0,
1785505176.6175,2026-07-31T09:39:36.617,282.691,2845,,,,0,,,,0.4999,6.54,0.5153,-60.21,1,30.0,hold:DY,+0.000,+0.000,-0.356,+0.182,1100,0,
1785505176.7168,2026-07-31T09:39:36.716,282.790,2846,,,,0,,,,0.5028,6.53,0.5182,-60.23,1,30.0,hold:DY,+0.000,+0.000,-0.352,+0.184,1100,0,
1785505176.8168,2026-07-31T09:39:36.816,282.890,2847,,,,0,,,,0.5038,6.55,0.5192,-60.21,1,30.0,hold:DY,+0.000,+0.000,-0.348,+0.188,1100,0,
1785505176.9164,2026-07-31T09:39:36.916,282.989,2848,,,,0,,,,0.5079,6.42,0.5233,-60.34,1,30.0,hold:DY,+0.000,+0.000,-0.340,+0.188,1100,0,
1785505177.0162,2026-07-31T09:39:37.016,283.089,2849,,,,0,,,,0.5049,5.90,0.5203,-60.86,1,30.0,hold:DY,+0.000,+0.000,-0.351,+0.187,1100,0,
1785505177.1151,2026-07-31T09:39:37.115,283.188,2850,,,,0,,,,0.5043,5.56,0.5197,-61.20,1,30.0,hold:DY,+0.000,+0.000,-0.347,+0.177,1100,0,
1785505177.2148,2026-07-31T09:39:37.214,283.288,2851,,,,0,,,,0.5032,4.89,0.5186,-61.87,1,30.0,hold:DY,+0.000,+0.000,-0.344,+0.173,1100,0,
1785505177.3154,2026-07-31T09:39:37.315,283.388,2852,,,,0,,,,0.5035,4.35,0.5189,-62.41,1,30.0,hold:DY,+0.000,+0.000,-0.350,+0.164,1100,0,
1785505177.4152,2026-07-31T09:39:37.415,283.488,2853,,,,0,,,,0.4980,4.10,0.5134,-62.66,1,30.0,hold:DY,+0.000,+0.000,-0.348,+0.161,1100,0,
1785505177.5140,2026-07-31T09:39:37.514,283.587,2854,,,,0,,,,0.5049,3.50,0.5203,-63.26,1,30.0,hold:DY,+0.000,+0.000,-0.344,+0.153,1100,0,
1785505177.6137,2026-07-31T09:39:37.613,283.687,2855,,,,0,,,,0.5038,3.17,0.5191,-63.59,1,30.0,hold:DY,+0.000,+0.000,-0.348,+0.143,1100,0,
1785505177.7128,2026-07-31T09:39:37.712,283.786,2856,,,,0,,,,0.5050,2.49,0.5204,-64.27,1,30.0,hold:DY,+0.000,+0.000,-0.345,+0.138,1100,0,
1785505177.8119,2026-07-31T09:39:37.811,283.885,2857,,,,0,,,,0.5112,2.16,0.5266,-64.60,1,30.0,hold:DY,+0.000,+0.000,-0.333,+0.127,1100,0,
1785505177.9117,2026-07-31T09:39:37.911,283.985,2858,,,,0,,,,0.5068,1.66,0.5222,-65.10,1,30.0,hold:DY,+0.000,+0.000,-0.342,+0.000,1100,0,
1785505178.0103,2026-07-31T09:39:38.010,284.083,2859,,,,0,,,,0.5050,1.44,0.5203,-65.32,1,30.0,hold:DY,+0.000,+0.000,-0.345,+0.000,1100,0,
1785505178.1097,2026-07-31T09:39:38.109,284.183,2860,,,,0,,,,0.5054,1.42,0.5208,-65.34,1,30.0,hold:DY,+0.000,+0.000,-0.345,+0.000,1100,0,
1785505178.2103,2026-07-31T09:39:38.210,284.283,2861,,,,0,,,,0.5049,1.54,0.5203,-65.22,1,30.0,hold:DY,+0.000,+0.000,-0.351,+0.000,1100,0,
1785505178.3101,2026-07-31T09:39:38.310,284.383,2862,,,,0,,,,0.5053,1.65,0.5207,-65.11,1,30.0,hold:DY,+0.000,+0.000,-0.345,+0.000,1100,0,
1785505178.4090,2026-07-31T09:39:38.409,284.482,2863,,,,0,,,,0.5057,1.99,0.5211,-64.77,1,30.0,hold:DY,+0.000,+0.000,-0.340,+0.000,1100,0,
1785505178.5086,2026-07-31T09:39:38.508,284.582,2864,,,,0,,,,0.5062,2.42,0.5216,-64.33,1,30.0,hold:DY,+0.000,+0.000,-0.351,+0.040,1100,0,
1785505178.6077,2026-07-31T09:39:38.607,284.681,2865,,,,0,,,,0.5030,2.66,0.5184,-64.10,1,30.0,hold:DY,+0.000,+0.000,-0.349,+0.050,1100,0,
1785505178.7063,2026-07-31T09:39:38.706,284.779,2866,,,,0,,,,0.5055,3.19,0.5209,-63.57,1,30.0,hold:DY,+0.000,+0.000,-0.340,+0.055,1100,0,
1785505178.8059,2026-07-31T09:39:38.805,284.879,2867,,,,0,,,,0.5031,3.47,0.5185,-63.29,1,30.0,hold:DY,+0.000,+0.000,-0.349,+0.066,1100,0,
1785505178.9047,2026-07-31T09:39:38.904,284.978,2868,,,,0,,,,0.5010,4.04,0.5164,-62.72,1,30.0,hold:DY,+0.000,+0.000,-0.354,+0.073,1100,0,
1785505179.0042,2026-07-31T09:39:39.004,285.077,2869,,,,0,,,,0.4996,4.33,0.5150,-62.43,1,30.0,hold:DY,+0.000,+0.000,-0.356,+0.085,1100,0,
1785505179.1034,2026-07-31T09:39:39.103,285.176,2870,,,,0,,,,0.5021,4.90,0.5175,-61.86,1,30.0,hold:DY,+0.000,+0.000,-0.351,+0.097,1100,0,
1785505179.2024,2026-07-31T09:39:39.202,285.275,2871,,,,0,,,,0.5014,5.46,0.5168,-61.30,1,30.0,hold:DY,+0.000,+0.000,-0.352,+0.104,1100,0,
1785505179.3016,2026-07-31T09:39:39.301,285.375,2872,,,,0,,,,0.5002,5.73,0.5156,-61.03,1,30.0,hold:DY,+0.000,+0.000,-0.355,+0.116,1100,0,
1785505179.4003,2026-07-31T09:39:39.400,285.473,2873,,,,0,,,,0.4995,6.24,0.5149,-60.52,1,30.0,hold:DY,+0.000,+0.000,-0.357,+0.123,1100,0,
1785505179.4997,2026-07-31T09:39:39.499,285.573,2874,,,,0,,,,0.4952,6.48,0.5106,-60.28,1,30.0,hold:DY,+0.000,+0.000,-0.365,+0.135,1100,0,
1785505179.5987,2026-07-31T09:39:39.598,285.672,2875,,,,0,,,,0.4955,6.94,0.5109,-59.82,1,30.0,hold:DY,+0.000,+0.000,-0.364,+0.146,1100,0,
1785505179.6982,2026-07-31T09:39:39.698,285.771,2876,,,,0,,,,0.4981,7.15,0.5135,-59.61,1,30.0,hold:DY,+0.000,+0.000,-0.359,+0.152,1100,0,
1785505179.7981,2026-07-31T09:39:39.798,285.871,2877,,,,0,,,,0.5023,7.56,0.5177,-59.20,1,30.0,hold:DY,+0.000,+0.000,-0.351,+0.162,1100,0,
1785505179.8966,2026-07-31T09:39:39.896,285.970,2878,,,,0,,,,0.4982,7.95,0.5136,-58.81,1,30.0,hold:DY,+0.000,+0.000,-0.358,+0.169,1100,0,
1785505179.9972,2026-07-31T09:39:39.997,286.070,2879,,,,0,,,,0.5023,8.10,0.5177,-58.66,1,30.0,hold:DY,+0.000,+0.000,-0.351,+0.178,1100,0,
1785505180.0966,2026-07-31T09:39:40.096,286.170,2880,,,,0,,,,0.5041,8.09,0.5195,-58.67,1,30.0,hold:DY,+0.000,+0.000,-0.354,+0.182,1100,0,
1785505180.1955,2026-07-31T09:39:40.195,286.269,2881,,,,0,,,,0.5028,7.99,0.5182,-58.77,1,30.0,hold:DY,+0.000,+0.000,-0.347,+0.184,1100,0,
1785505180.2949,2026-07-31T09:39:40.294,286.368,2882,,,,0,,,,0.5038,7.93,0.5192,-58.83,1,30.0,hold:DY,+0.000,+0.000,-0.348,+0.185,1100,0,
1785505180.3935,2026-07-31T09:39:40.393,286.467,2883,,,,0,,,,0.4983,7.71,0.5137,-59.04,1,30.0,hold:DY,+0.000,+0.000,-0.355,+0.186,1100,0,
1785505180.4931,2026-07-31T09:39:40.493,286.566,2884,,,,0,,,,0.4988,7.54,0.5142,-59.22,1,30.0,hold:DY,+0.000,+0.000,-0.358,+0.184,1100,0,
1785505180.5914,2026-07-31T09:39:40.591,286.664,2885,,,,0,,,,0.5052,7.09,0.5206,-59.67,1,30.0,hold:DY,+0.000,+0.000,-0.353,+0.183,1100,0,
1785505180.6911,2026-07-31T09:39:40.691,286.764,2886,,,,0,,,,0.5023,6.65,0.5177,-60.11,1,30.0,hold:DY,+0.000,+0.000,-0.348,+0.178,1100,0,
1785505180.7899,2026-07-31T09:39:40.789,286.863,2887,,,,0,,,,0.5035,6.43,0.5189,-60.32,1,30.0,hold:DY,+0.000,+0.000,-0.348,+0.172,1100,0,
1785505180.8898,2026-07-31T09:39:40.889,286.963,2888,,,,0,,,,0.5017,5.98,0.5171,-60.78,1,30.0,hold:DY,+0.000,+0.000,-0.350,+0.171,1100,0,
1785505180.9888,2026-07-31T09:39:40.988,287.062,2889,,,,0,,,,0.5028,5.71,0.5181,-61.05,1,30.0,hold:DY,+0.000,+0.000,-0.350,+0.164,1100,0,
1785505181.0879,2026-07-31T09:39:41.087,287.161,2890,,,,0,,,,0.5024,5.17,0.5178,-61.59,1,30.0,hold:DY,+0.000,+0.000,-0.357,+0.162,1100,0,
1785505181.1872,2026-07-31T09:39:41.187,287.260,2891,,,,0,,,,0.5017,4.70,0.5171,-62.06,1,30.0,hold:DY,+0.000,+0.000,-0.350,+0.154,1100,0,
1785505181.2852,2026-07-31T09:39:41.285,287.358,2892,,,,0,,,,0.5025,4.48,0.5179,-62.28,1,30.0,hold:DY,+0.000,+0.000,-0.350,+0.148,1100,0,
1785505181.3839,2026-07-31T09:39:41.383,287.457,2893,,,,0,,,,0.5061,4.07,0.5215,-62.69,1,30.0,hold:DY,+0.000,+0.000,-0.344,+0.146,1100,0,
1785505181.4825,2026-07-31T09:39:41.482,287.555,2894,,,,0,,,,0.5042,3.89,0.5196,-62.87,1,30.0,hold:DY,+0.000,+0.000,-0.347,+0.141,1100,0,
1785505181.5826,2026-07-31T09:39:41.582,287.656,2895,,,,0,,,,0.5046,3.60,0.5200,-63.16,1,30.0,hold:DY,+0.000,+0.000,-0.340,+0.139,1100,0,
1785505181.6829,2026-07-31T09:39:41.682,287.756,2896,,,,0,,,,0.5073,3.46,0.5227,-63.30,1,30.0,hold:DY,+0.000,+0.000,-0.348,+0.137,1100,0,
1785505181.7817,2026-07-31T09:39:41.781,287.855,2897,,,,0,,,,0.5047,3.43,0.5201,-63.33,1,30.0,hold:DY,+0.000,+0.000,-0.346,+0.137,1100,0,
1785505181.8813,2026-07-31T09:39:41.881,287.954,2898,,,,0,,,,0.5069,3.45,0.5223,-63.31,1,30.0,hold:DY,+0.000,+0.000,-0.350,+0.138,1100,0,
1785505181.9825,2026-07-31T09:39:41.982,288.056,2899,,,,0,,,,0.5035,3.49,0.5189,-63.27,1,30.0,hold:DY,+0.000,+0.000,-0.348,+0.141,1100,0,
1785505182.0830,2026-07-31T09:39:42.083,288.156,2900,,,,0,,,,0.5028,3.62,0.5182,-63.14,1,30.0,hold:DY,+0.000,+0.000,-0.344,+0.143,1100,0,
1785505182.1823,2026-07-31T09:39:42.182,288.255,2901,,,,0,,,,0.5057,3.81,0.5211,-62.95,1,30.0,hold:DY,+0.000,+0.000,-0.350,+0.148,1100,0,
1785505182.2820,2026-07-31T09:39:42.282,288.355,2902,,,,0,,,,0.5082,3.92,0.5236,-62.84,1,30.0,hold:DY,+0.000,+0.000,-0.339,+0.153,1100,0,
1785505182.3814,2026-07-31T09:39:42.381,288.454,2903,,,,0,,,,0.5073,4.17,0.5227,-62.59,1,30.0,hold:DY,+0.000,+0.000,-0.345,+0.157,1100,0,
1785505182.4797,2026-07-31T09:39:42.479,288.553,2904,,,,0,,,,0.5096,4.31,0.5250,-62.45,1,30.0,hold:DY,+0.000,+0.000,-0.336,+0.163,1100,0,
1785505182.5794,2026-07-31T09:39:42.579,288.652,2905,,,,0,,,,0.5055,4.50,0.5209,-62.26,1,30.0,hold:DY,+0.000,+0.000,-0.343,+0.167,1100,0,
1785505182.6782,2026-07-31T09:39:42.678,288.751,2906,,,,0,,,,0.5033,4.54,0.5187,-62.21,1,30.0,hold:DY,+0.000,+0.000,-0.349,+0.171,1100,0,
1785505182.7777,2026-07-31T09:39:42.777,288.851,2907,,,,0,,,,0.5005,4.61,0.5159,-62.15,1,30.0,hold:DY,+0.000,+0.000,-0.354,+0.174,1100,0,
1785505182.8778,2026-07-31T09:39:42.877,288.951,2908,,,,0,,,,0.5021,4.61,0.5175,-62.15,1,30.0,hold:DY,+0.000,+0.000,-0.352,+0.176,1100,0,
1785505182.9769,2026-07-31T09:39:42.976,289.050,2909,,,,0,,,,0.5015,4.60,0.5169,-62.16,1,30.0,hold:DY,+0.000,+0.000,-0.352,+0.177,1100,0,
1785505183.0768,2026-07-31T09:39:43.076,289.150,2910,,,,0,,,,0.5035,4.54,0.5189,-62.22,1,30.0,hold:DY,+0.000,+0.000,-0.354,+0.179,1100,0,
1785505183.1764,2026-07-31T09:39:43.176,289.249,2911,,,,0,,,,0.5058,4.51,0.5212,-62.25,1,30.0,hold:DY,+0.000,+0.000,-0.344,+0.179,1100,0,
1785505183.2777,2026-07-31T09:39:43.277,289.351,2912,,,,0,,,,0.5054,4.51,0.5208,-62.25,1,30.0,hold:DY,+0.000,+0.000,-0.345,+0.181,1100,0,
1785505183.3779,2026-07-31T09:39:43.377,289.451,2913,,,,0,,,,0.5034,4.55,0.5188,-62.21,1,30.0,hold:DY,+0.000,+0.000,-0.350,+0.183,1100,0,
1785505183.4783,2026-07-31T09:39:43.478,289.551,2914,,,,0,,,,0.5062,4.55,0.5216,-62.21,1,30.0,hold:DY,+0.000,+0.000,-0.343,+0.186,1100,0,
1785505183.5779,2026-07-31T09:39:43.577,289.651,2915,,,,0,,,,0.5041,4.48,0.5194,-62.28,1,30.0,hold:DY,+0.000,+0.000,-0.343,+0.187,1100,0,
1785505183.6776,2026-07-31T09:39:43.677,289.751,2916,,,,0,,,,0.5062,4.38,0.5216,-62.38,1,30.0,hold:DY,+0.000,+0.000,-0.343,+0.186,1100,0,
1785505183.7767,2026-07-31T09:39:43.776,289.850,2917,,,,0,,,,0.5065,4.08,0.5219,-62.68,1,30.0,hold:DY,+0.000,+0.000,-0.349,+0.185,1100,0,
1785505183.8760,2026-07-31T09:39:43.876,289.949,2918,,,,0,,,,0.5020,3.68,0.5174,-63.08,1,30.0,hold:DY,+0.000,+0.000,-0.346,+0.181,1100,0,
1785505183.9753,2026-07-31T09:39:43.975,290.048,2919,,,,0,,,,0.5054,3.46,0.5208,-63.30,1,30.0,hold:DY,+0.000,+0.000,-0.345,+0.174,1100,0,
1785505184.0757,2026-07-31T09:39:44.075,290.149,2920,,,,0,,,,0.5027,3.01,0.5181,-63.75,1,30.0,hold:DY,+0.000,+0.000,-0.349,+0.171,1100,0,
1785505184.1739,2026-07-31T09:39:44.173,290.247,2921,,,,0,,,,0.5042,2.79,0.5195,-63.97,1,30.0,hold:DY,+0.000,+0.000,-0.347,+0.165,1100,0,
1785505184.2733,2026-07-31T09:39:44.273,290.346,2922,,,,0,,,,0.5024,2.44,0.5178,-64.32,1,30.0,hold:DY,+0.000,+0.000,-0.355,+0.162,1100,0,
1785505184.3723,2026-07-31T09:39:44.372,290.445,2923,,,,0,,,,0.5024,2.11,0.5178,-64.65,1,30.0,hold:DY,+0.000,+0.000,-0.347,+0.157,1100,0,
1785505184.4709,2026-07-31T09:39:44.470,290.544,2924,,,,0,,,,0.5019,1.93,0.5173,-64.83,1,30.0,hold:DY,+0.000,+0.000,-0.352,+0.000,1100,0,
1785505184.5703,2026-07-31T09:39:44.570,290.643,2925,,,,0,,,,0.5043,1.56,0.5197,-65.20,1,30.0,hold:DY,+0.000,+0.000,-0.341,+0.000,1100,0,
1785505184.6696,2026-07-31T09:39:44.669,290.743,2926,,,,0,,,,0.5034,1.36,0.5188,-65.39,1,30.0,hold:DY,+0.000,+0.000,-0.349,+0.000,1100,0,
1785505184.7687,2026-07-31T09:39:44.768,290.842,2927,,,,0,,,,0.5038,1.06,0.5192,-65.70,1,30.0,hold:DY,+0.000,+0.000,-0.341,+0.000,1100,0,
1785505184.8674,2026-07-31T09:39:44.867,290.940,2928,,,,0,,,,0.5044,0.89,0.5198,-65.87,1,30.0,hold:DY,+0.000,+0.000,-0.351,+0.000,1100,0,
1785505184.9663,2026-07-31T09:39:44.966,291.039,2929,,,,0,,,,0.5055,0.83,0.5209,-65.92,1,30.0,hold:DY,+0.000,+0.000,-0.345,+0.000,1100,0,
1785505185.0661,2026-07-31T09:39:45.066,291.139,2930,,,,0,,,,0.5052,0.79,0.5206,-65.97,1,30.0,hold:DY,+0.000,+0.000,-0.348,+0.000,1100,0,
1785505185.1651,2026-07-31T09:39:45.165,291.238,2931,,,,0,,,,0.5112,0.82,0.5266,-65.94,1,30.0,hold:DY,+0.000,+0.000,-0.333,+0.000,1100,0,
1785505185.2643,2026-07-31T09:39:45.264,291.337,2932,,,,0,,,,0.5012,0.94,0.5166,-65.82,1,30.0,hold:DY,+0.000,+0.000,-0.346,+0.000,1100,0,
1785505185.3639,2026-07-31T09:39:45.363,291.437,2933,,,,0,,,,0.5063,1.14,0.5217,-65.62,1,30.0,hold:DY,+0.000,+0.000,-0.353,+0.000,1100,0,
1785505185.4638,2026-07-31T09:39:45.463,291.537,2934,,,,0,,,,0.5057,1.26,0.5211,-65.50,1,30.0,hold:DY,+0.000,+0.000,-0.344,+0.000,1100,0,
1785505185.5627,2026-07-31T09:39:45.562,291.636,2935,,,,0,,,,0.5061,1.53,0.5215,-65.23,1,30.0,hold:DY,+0.000,+0.000,-0.343,+0.000,1100,0,
1785505185.6611,2026-07-31T09:39:45.661,291.734,2936,,,,0,,,,0.5054,1.67,0.5208,-65.09,1,30.0,hold:DY,+0.000,+0.000,-0.345,+0.000,1100,0,
1785505185.7603,2026-07-31T09:39:45.760,291.833,2937,,,,0,,,,0.5025,1.98,0.5178,-64.78,1,30.0,hold:DY,+0.000,+0.000,-0.348,+0.000,1100,0,
1785505185.8598,2026-07-31T09:39:45.859,291.933,2938,,,,0,,,,0.5031,2.13,0.5185,-64.63,1,30.0,hold:DY,+0.000,+0.000,-0.349,+0.039,1100,0,
1785505185.9587,2026-07-31T09:39:45.958,292.032,2939,,,,0,,,,0.5023,2.45,0.5177,-64.31,1,30.0,hold:DY,+0.000,+0.000,-0.351,+0.045,1100,0,
1785505186.0580,2026-07-31T09:39:46.058,292.131,2940,,,,0,,,,0.4995,2.77,0.5149,-63.99,1,30.0,hold:DY,+0.000,+0.000,-0.343,+0.049,1100,0,
1785505186.1582,2026-07-31T09:39:46.158,292.231,2941,,,,0,,,,0.5013,2.94,0.5167,-63.82,1,30.0,hold:DY,+0.000,+0.000,-0.353,+0.056,1100,0,
1785505186.2573,2026-07-31T09:39:46.257,292.330,2942,,,,0,,,,0.5013,3.27,0.5167,-63.48,1,30.0,hold:DY,+0.000,+0.000,-0.355,+0.060,1100,0,
1785505186.3575,2026-07-31T09:39:46.357,292.431,2943,,,,0,,,,0.4993,3.45,0.5147,-63.31,1,30.0,hold:DY,+0.000,+0.000,-0.357,+0.068,1100,0,
1785505186.4561,2026-07-31T09:39:46.456,292.529,2944,,,,0,,,,0.5020,3.77,0.5174,-62.99,1,30.0,hold:DY,+0.000,+0.000,-0.348,+0.072,1100,0,
1785505186.5552,2026-07-31T09:39:46.555,292.628,2945,,,,0,,,,0.4977,4.09,0.5131,-62.67,1,30.0,hold:DY,+0.000,+0.000,-0.357,+0.080,1100,0,
1785505186.6544,2026-07-31T09:39:46.654,292.727,2946,,,,0,,,,0.5021,4.23,0.5175,-62.52,1,30.0,hold:DY,+0.000,+0.000,-0.351,+0.087,1100,0,
1785505186.7534,2026-07-31T09:39:46.753,292.826,2947,,,,0,,,,0.5061,4.53,0.5215,-62.23,1,30.0,hold:DY,+0.000,+0.000,-0.350,+0.091,1100,0,
1785505186.8538,2026-07-31T09:39:46.853,292.927,2948,,,,0,,,,0.5047,4.68,0.5201,-62.08,1,30.0,hold:DY,+0.000,+0.000,-0.346,+0.098,1100,0,
1785505186.9528,2026-07-31T09:39:46.952,293.026,2949,,,,0,,,,0.5060,4.96,0.5214,-61.80,1,30.0,hold:DY,+0.000,+0.000,-0.350,+0.103,1100,0,
1785505187.0522,2026-07-31T09:39:47.052,293.125,2950,,,,0,,,,0.5044,5.09,0.5198,-61.67,1,30.0,hold:DY,+0.000,+0.000,-0.347,+0.110,1100,0,
1785505187.1514,2026-07-31T09:39:47.151,293.224,2951,,,,0,,,,0.5039,5.36,0.5193,-61.40,1,30.0,hold:DY,+0.000,+0.000,-0.348,+0.116,1100,0,
1785505187.2522,2026-07-31T09:39:47.252,293.325,2952,,,,0,,,,0.5061,5.60,0.5215,-61.16,1,30.0,hold:DY,+0.000,+0.000,-0.346,+0.121,1100,0,
1785505187.3520,2026-07-31T09:39:47.351,293.425,2953,,,,0,,,,0.5061,5.72,0.5215,-61.04,1,30.0,hold:DY,+0.000,+0.000,-0.343,+0.127,1100,0,
1785505187.4517,2026-07-31T09:39:47.451,293.525,2954,,,,0,,,,0.5055,5.96,0.5208,-60.80,1,30.0,hold:DY,+0.000,+0.000,-0.350,+0.132,1100,0,
1785505187.5522,2026-07-31T09:39:47.552,293.625,2955,,,,0,,,,0.5042,6.08,0.5196,-60.68,1,30.0,hold:DY,+0.000,+0.000,-0.347,+0.139,1100,0,
1785505187.6517,2026-07-31T09:39:47.651,293.725,2956,,,,0,,,,0.5056,6.31,0.5210,-60.45,1,30.0,hold:DY,+0.000,+0.000,-0.344,+0.145,1100,0,
1785505187.7505,2026-07-31T09:39:47.750,293.824,2957,,,,0,,,,0.5061,6.52,0.5215,-60.24,1,30.0,hold:DY,+0.000,+0.000,-0.339,+0.150,1100,0,
1785505187.8495,2026-07-31T09:39:47.849,293.922,2958,,,,0,,,,0.5080,6.62,0.5234,-60.14,1,30.0,hold:DY,+0.000,+0.000,-0.339,+0.156,1100,0,
1785505187.9488,2026-07-31T09:39:47.948,294.022,2959,,,,0,,,,0.5078,6.83,0.5232,-59.93,1,30.0,hold:DY,+0.000,+0.000,-0.340,+0.160,1100,0,
1785505188.0484,2026-07-31T09:39:48.048,294.121,2960,,,,0,,,,0.5066,6.91,0.5220,-59.85,1,30.0,hold:DY,+0.000,+0.000,-0.342,+0.167,1100,0,
1785505188.1482,2026-07-31T09:39:48.148,294.221,2961,,,,0,,,,0.5086,6.98,0.5240,-59.78,1,30.0,hold:DY,+0.000,+0.000,-0.338,+0.170,1100,0,
1785505188.2468,2026-07-31T09:39:48.246,294.320,2962,,,,0,,,,0.5110,6.91,0.5264,-59.85,1,30.0,hold:DY,+0.000,+0.000,-0.340,+0.173,1100,0,
1785505188.3466,2026-07-31T09:39:48.346,294.420,2963,,,,0,,,,0.5077,6.84,0.5231,-59.92,1,30.0,hold:DY,+0.000,+0.000,-0.340,+0.174,1100,0,
1785505188.4457,2026-07-31T09:39:48.445,294.519,2964,,,,0,,,,0.5089,6.66,0.5243,-60.10,1,30.0,hold:DY,+0.000,+0.000,-0.348,+0.175,1100,0,
1785505188.5447,2026-07-31T09:39:48.544,294.618,2965,,,,0,,,,0.5077,6.54,0.5231,-60.22,1,30.0,hold:DY,+0.000,+0.000,-0.340,+0.173,1100,0,
1785505188.6438,2026-07-31T09:39:48.643,294.717,2966,,,,0,,,,0.5063,6.25,0.5217,-60.50,1,30.0,hold:DY,+0.000,+0.000,-0.343,+0.171,1100,0,
1785505188.7426,2026-07-31T09:39:48.742,294.816,2967,,,,0,,,,0.5045,5.98,0.5199,-60.78,1,30.0,hold:DY,+0.000,+0.000,-0.343,+0.171,1100,0,
1785505188.8422,2026-07-31T09:39:48.842,294.915,2968,,,,0,,,,0.5101,5.85,0.5255,-60.91,1,30.0,hold:DY,+0.000,+0.000,-0.335,+0.168,1100,0,
1785505188.9425,2026-07-31T09:39:48.942,295.015,2969,,,,0,,,,0.5059,5.67,0.5213,-61.09,1,30.0,hold:DY,+0.000,+0.000,-0.348,+0.169,1100,0,
1785505189.0418,2026-07-31T09:39:49.041,295.115,2970,,,,0,,,,0.5066,5.62,0.5219,-61.14,1,30.0,hold:DY,+0.000,+0.000,-0.342,+0.169,1100,0,
1785505189.1422,2026-07-31T09:39:49.142,295.215,2971,,,,0,,,,0.5046,5.33,0.5200,-61.43,1,30.0,hold:DY,+0.000,+0.000,-0.346,+0.166,1100,0,
1785505189.2418,2026-07-31T09:39:49.241,295.315,2972,,,,0,,,,0.5054,4.78,0.5208,-61.97,1,30.0,hold:DY,+0.000,+0.000,-0.344,+0.163,1100,0,
1785505189.3408,2026-07-31T09:39:49.340,295.414,2973,,,,0,,,,0.5075,4.45,0.5229,-62.31,1,30.0,hold:DY,+0.000,+0.000,-0.341,+0.154,1100,0,
1785505189.4402,2026-07-31T09:39:49.440,295.513,2974,,,,0,,,,0.5102,3.81,0.5256,-62.95,1,30.0,hold:DY,+0.000,+0.000,-0.346,+0.149,1100,0,
1785505189.5395,2026-07-31T09:39:49.539,295.613,2975,,,,0,,,,0.5080,3.55,0.5234,-63.21,1,30.0,hold:DY,+0.000,+0.000,-0.340,+0.141,1100,0,
1785505189.6391,2026-07-31T09:39:49.639,295.712,2976,,,,0,,,,0.5130,3.13,0.5284,-63.63,1,30.0,hold:DY,+0.000,+0.000,-0.330,+0.134,1100,0,
1785505189.7384,2026-07-31T09:39:49.738,295.811,2977,,,,0,,,,0.5066,2.80,0.5220,-63.96,1,30.0,hold:DY,+0.000,+0.000,-0.346,+0.133,1100,0,
1785505189.8375,2026-07-31T09:39:49.837,295.911,2978,,,,0,,,,0.5051,2.66,0.5205,-64.09,1,30.0,hold:DY,+0.000,+0.000,-0.345,+0.128,1100,0,
1785505189.9367,2026-07-31T09:39:49.936,296.010,2979,,,,0,,,,0.5045,2.45,0.5199,-64.31,1,30.0,hold:DY,+0.000,+0.000,-0.343,+0.127,1100,0,
1785505190.0358,2026-07-31T09:39:50.035,296.109,2980,,,,0,,,,0.5045,2.37,0.5199,-64.39,1,30.0,hold:DY,+0.000,+0.000,-0.347,+0.125,1100,0,
1785505190.1356,2026-07-31T09:39:50.135,296.209,2981,,,,0,,,,0.5053,2.25,0.5207,-64.51,1,30.0,hold:DY,+0.000,+0.000,-0.347,+0.125,1100,0,
1785505190.2348,2026-07-31T09:39:50.234,296.308,2982,,,,0,,,,0.5093,2.18,0.5247,-64.58,1,30.0,hold:DY,+0.000,+0.000,-0.345,+0.124,1100,0,
1785505190.3345,2026-07-31T09:39:50.334,296.408,2983,,,,0,,,,0.5065,2.16,0.5219,-64.60,1,30.0,hold:DY,+0.000,+0.000,-0.342,+0.124,1100,0,
1785505190.4352,2026-07-31T09:39:50.435,296.508,2984,,,,0,,,,0.5065,2.15,0.5218,-64.61,1,30.0,hold:DY,+0.000,+0.000,-0.358,+0.125,1100,0,
1785505190.5350,2026-07-31T09:39:50.534,296.608,2985,,,,0,,,,0.5081,2.16,0.5235,-64.60,1,30.0,hold:DY,+0.000,+0.000,-0.339,+0.126,1100,0,
1785505190.6340,2026-07-31T09:39:50.633,296.707,2986,,,,0,,,,0.5009,2.19,0.5163,-64.56,1,30.0,hold:DY,+0.000,+0.000,-0.351,+0.127,1100,0,
1785505190.7333,2026-07-31T09:39:50.733,296.806,2987,,,,0,,,,0.5030,2.27,0.5184,-64.49,1,30.0,hold:DY,+0.000,+0.000,-0.347,+0.129,1100,0,
1785505190.8328,2026-07-31T09:39:50.832,296.906,2988,,,,0,,,,0.5021,2.31,0.5175,-64.45,1,30.0,hold:DY,+0.000,+0.000,-0.351,+0.131,1100,0,
1785505190.9318,2026-07-31T09:39:50.931,297.005,2989,,,,0,,,,0.5041,2.41,0.5195,-64.34,1,30.0,hold:DY,+0.000,+0.000,-0.341,+0.133,1100,0,
1785505191.0316,2026-07-31T09:39:51.031,297.105,2990,,,,0,,,,0.5044,2.47,0.5198,-64.29,1,30.0,hold:DY,+0.000,+0.000,-0.347,+0.136,1100,0,
1785505191.1307,2026-07-31T09:39:51.130,297.204,2991,,,,0,,,,0.5054,2.60,0.5208,-64.16,1,30.0,hold:DY,+0.000,+0.000,-0.333,+0.138,1100,0,
1785505191.2317,2026-07-31T09:39:51.231,297.305,2992,,,,0,,,,0.4981,2.66,0.5135,-64.09,1,30.0,hold:DY,+0.000,+0.000,-0.359,+0.141,1100,0,
1785505191.3306,2026-07-31T09:39:51.330,297.404,2993,,,,0,,,,0.5059,2.79,0.5213,-63.97,1,30.0,hold:DY,+0.000,+0.000,-0.344,+0.145,1100,0,
1785505191.4292,2026-07-31T09:39:51.429,297.502,2994,,,,0,,,,0.5026,2.94,0.5180,-63.82,1,30.0,hold:DY,+0.000,+0.000,-0.350,+0.147,1100,0,
1785505191.5287,2026-07-31T09:39:51.528,297.602,2995,,,,0,,,,0.5052,3.01,0.5206,-63.75,1,30.0,hold:DY,+0.000,+0.000,-0.345,+0.151,1100,0,
1785505191.6271,2026-07-31T09:39:51.627,297.700,2996,,,,0,,,,0.5043,3.14,0.5197,-63.62,1,30.0,hold:DY,+0.000,+0.000,-0.344,+0.153,1100,0,
1785505191.7264,2026-07-31T09:39:51.726,297.799,2997,,,,0,,,,0.5011,3.21,0.5165,-63.55,1,30.0,hold:DY,+0.000,+0.000,-0.353,+0.157,1100,0,
1785505191.8250,2026-07-31T09:39:51.824,297.898,2998,,,,0,,,,0.5001,3.24,0.5155,-63.52,1,30.0,hold:DY,+0.000,+0.000,-0.355,+0.159,1100,0,
1785505191.9240,2026-07-31T09:39:51.924,297.997,2999,,,,0,,,,0.5028,3.03,0.5182,-63.73,1,30.0,hold:DY,+0.000,+0.000,-0.346,+0.159,1100,0,
1785505192.0229,2026-07-31T09:39:52.022,298.096,3000,,,,0,,,,0.5019,2.87,0.5173,-63.89,1,30.0,hold:DY,+0.000,+0.000,-0.352,+0.155,1100,0,
1785505192.1222,2026-07-31T09:39:52.122,298.195,3001,,,,0,,,,0.5020,2.47,0.5174,-64.29,1,30.0,hold:DY,+0.000,+0.000,-0.350,+0.153,1100,0,
1785505192.2215,2026-07-31T09:39:52.221,298.295,3002,,,,0,,,,0.5008,2.26,0.5162,-64.50,1,30.0,hold:DY,+0.000,+0.000,-0.354,+0.146,1100,0,
1785505192.3201,2026-07-31T09:39:52.320,298.393,3003,,,,0,,,,0.5013,1.89,0.5167,-64.87,1,30.0,hold:DY,+0.000,+0.000,-0.344,+0.143,1100,0,
1785505192.4191,2026-07-31T09:39:52.419,298.492,3004,,,,0,,,,0.5062,1.56,0.5216,-65.20,1,30.0,hold:DY,+0.000,+0.000,-0.344,+0.000,1100,0,
1785505192.5189,2026-07-31T09:39:52.518,298.592,3005,,,,0,,,,0.5072,1.43,0.5226,-65.33,1,30.0,hold:DY,+0.000,+0.000,-0.341,+0.000,1100,0,
1785505192.6187,2026-07-31T09:39:52.618,298.692,3006,,,,0,,,,0.5075,1.22,0.5229,-65.54,1,30.0,hold:DY,+0.000,+0.000,-0.339,+0.000,1100,0,
1785505192.7178,2026-07-31T09:39:52.717,298.791,3007,,,,0,,,,0.5064,1.14,0.5218,-65.62,1,30.0,hold:DY,+0.000,+0.000,-0.343,+0.000,1100,0,
1785505192.8164,2026-07-31T09:39:52.816,298.889,3008,,,,0,,,,0.5042,1.00,0.5196,-65.76,1,30.0,hold:DY,+0.000,+0.000,-0.340,+0.000,1100,0,
1785505192.9160,2026-07-31T09:39:52.916,298.989,3009,,,,0,,,,0.5049,0.90,0.5203,-65.85,1,30.0,hold:DY,+0.000,+0.000,-0.346,+0.000,1100,0,
1785505193.0156,2026-07-31T09:39:53.015,299.089,3010,,,,0,,,,0.4998,0.88,0.5152,-65.88,1,30.0,hold:DY,+0.000,+0.000,-0.356,+0.000,1100,0,
1785505193.1143,2026-07-31T09:39:53.114,299.187,3011,,,,0,,,,0.5047,0.86,0.5201,-65.90,1,30.0,hold:DY,+0.000,+0.000,-0.352,+0.000,1100,0,
1785505193.2136,2026-07-31T09:39:53.213,299.287,3012,,,,0,,,,0.4999,0.87,0.5153,-65.89,1,30.0,hold:DY,+0.000,+0.000,-0.356,+0.000,1100,0,
1785505193.3125,2026-07-31T09:39:53.312,299.386,3013,,,,0,,,,0.5059,0.90,0.5213,-65.86,1,30.0,hold:DY,+0.000,+0.000,-0.347,+0.000,1100,0,
1785505193.4112,2026-07-31T09:39:53.411,299.484,3014,,,,0,,,,0.5088,0.93,0.5242,-65.83,1,30.0,hold:DY,+0.000,+0.000,-0.338,+0.000,1100,0,
1785505193.5109,2026-07-31T09:39:53.510,299.584,3015,,,,0,,,,0.5079,0.98,0.5233,-65.78,1,30.0,hold:DY,+0.000,+0.000,-0.340,+0.000,1100,0,
1785505193.6093,2026-07-31T09:39:53.609,299.682,3016,,,,0,,,,0.5072,1.04,0.5226,-65.72,1,30.0,hold:DY,+0.000,+0.000,-0.339,+0.000,1100,0,
1785505193.7085,2026-07-31T09:39:53.708,299.782,3017,,,,0,,,,0.5064,1.09,0.5218,-65.67,1,30.0,hold:DY,+0.000,+0.000,-0.343,+0.000,1100,0,
1785505193.8072,2026-07-31T09:39:53.807,299.880,3018,,,,0,,,,0.5066,1.18,0.5220,-65.58,1,30.0,hold:DY,+0.000,+0.000,-0.348,+0.000,1100,0,
1785505193.9062,2026-07-31T09:39:53.906,299.979,3019,,,,0,,,,0.5075,1.23,0.5229,-65.53,1,30.0,hold:DY,+0.000,+0.000,-0.340,+0.000,1100,0,
1785505194.0062,2026-07-31T09:39:54.006,300.079,3020,,,,0,,,,0.5047,1.33,0.5201,-65.43,1,30.0,hold:DY,+0.000,+0.000,-0.344,+0.000,1100,0,
1785505194.1059,2026-07-31T09:39:54.105,300.179,3021,,,,0,,,,0.5096,1.44,0.5250,-65.32,1,30.0,hold:DY,+0.000,+0.000,-0.339,+0.000,1100,0,
1785505194.2047,2026-07-31T09:39:54.204,300.278,3022,,,,0,,,,0.5035,1.49,0.5189,-65.27,1,30.0,hold:DY,+0.000,+0.000,-0.349,+0.000,1100,0,
1785505194.3042,2026-07-31T09:39:54.304,300.377,3023,,,,0,,,,0.5075,1.61,0.5229,-65.15,1,30.0,hold:DY,+0.000,+0.000,-0.343,+0.000,1100,0,
1785505194.4040,2026-07-31T09:39:54.404,300.477,3024,,,,0,,,,0.5087,1.67,0.5241,-65.09,1,30.0,hold:DY,+0.000,+0.000,-0.338,+0.000,1100,0,
1785505194.5029,2026-07-31T09:39:54.502,300.576,3025,,,,0,,,,0.5082,1.79,0.5236,-64.97,1,30.0,hold:DY,+0.000,+0.000,-0.337,+0.000,1100,0,
1785505194.6043,2026-07-31T09:39:54.604,300.677,3026,,,,0,,,,0.5047,1.85,0.5201,-64.91,1,30.0,hold:DY,+0.000,+0.000,-0.346,+0.000,1100,0,
1785505194.7047,2026-07-31T09:39:54.704,300.778,3027,,,,0,,,,0.5098,1.97,0.5252,-64.79,1,30.0,hold:DY,+0.000,+0.000,-0.336,+0.000,1100,0,
1785505194.8036,2026-07-31T09:39:54.803,300.877,3028,,,,0,,,,0.5065,2.08,0.5219,-64.68,1,30.0,hold:DY,+0.000,+0.000,-0.337,+0.037,1100,0,
1785505194.9030,2026-07-31T09:39:54.903,300.976,3029,,,,0,,,,0.5056,2.13,0.5210,-64.63,1,30.0,hold:DY,+0.000,+0.000,-0.344,+0.040,1100,0,
1785505195.0018,2026-07-31T09:39:55.001,301.075,3030,,,,0,,,,0.5059,2.23,0.5213,-64.53,1,30.0,hold:DY,+0.000,+0.000,-0.335,+0.041,1100,0,
1785505195.1014,2026-07-31T09:39:55.101,301.174,3031,,,,0,,,,0.5099,2.28,0.5253,-64.48,1,30.0,hold:DY,+0.000,+0.000,-0.336,+0.044,1100,0,
1785505195.2007,2026-07-31T09:39:55.200,301.274,3032,,,,0,,,,0.5097,2.39,0.5251,-64.37,1,30.0,hold:DY,+0.000,+0.000,-0.336,+0.047,1100,0,
1785505195.3005,2026-07-31T09:39:55.300,301.374,3033,,,,0,,,,0.5061,2.47,0.5215,-64.29,1,30.0,hold:DY,+0.000,+0.000,-0.339,+0.049,1100,0,
1785505195.4004,2026-07-31T09:39:55.400,301.473,3034,,,,0,,,,0.5078,2.50,0.5232,-64.26,1,30.0,hold:DY,+0.000,+0.000,-0.340,+0.051,1100,0,
1785505195.4997,2026-07-31T09:39:55.499,301.573,3035,,,,0,,,,0.5075,2.59,0.5229,-64.17,1,30.0,hold:DY,+0.000,+0.000,-0.338,+0.053,1100,0,
1785505195.5989,2026-07-31T09:39:55.598,301.672,3036,,,,0,,,,0.5109,2.64,0.5263,-64.12,1,30.0,hold:DY,+0.000,+0.000,-0.334,+0.055,1100,0,
1785505195.6982,2026-07-31T09:39:55.698,301.771,3037,,,,0,,,,0.5101,2.71,0.5255,-64.05,1,30.0,hold:DY,+0.000,+0.000,-0.335,+0.058,1100,0,
1785505195.7977,2026-07-31T09:39:55.797,301.871,3038,,,,0,,,,0.5088,2.78,0.5242,-63.98,1,30.0,hold:DY,+0.000,+0.000,-0.340,+0.060,1100,0,
1785505195.8976,2026-07-31T09:39:55.897,301.971,3039,,,,0,,,,0.5100,2.81,0.5254,-63.95,1,30.0,hold:DY,+0.000,+0.000,-0.336,+0.062,1100,0,
1785505195.9970,2026-07-31T09:39:55.997,302.070,3040,,,,0,,,,0.5085,2.86,0.5238,-63.90,1,30.0,hold:DY,+0.000,+0.000,-0.341,+0.063,1100,0,
1785505196.0980,2026-07-31T09:39:56.098,302.171,3041,,,,0,,,,0.5095,2.89,0.5249,-63.87,1,30.0,hold:DY,+0.000,+0.000,-0.343,+0.065,1100,0,
1785505196.1972,2026-07-31T09:39:56.197,302.270,3042,,,,0,,,,0.5108,2.91,0.5262,-63.85,1,30.0,hold:DY,+0.000,+0.000,-0.334,+0.067,1100,0,
1785505196.2961,2026-07-31T09:39:56.296,302.369,3043,,,,0,,,,0.5133,2.93,0.5287,-63.83,1,30.0,hold:DY,+0.000,+0.000,-0.328,+0.068,1100,0,
1785505196.3947,2026-07-31T09:39:56.394,302.468,3044,,,,0,,,,0.5101,2.93,0.5254,-63.83,1,30.0,hold:DY,+0.000,+0.000,-0.335,+0.070,1100,0,
1785505196.4940,2026-07-31T09:39:56.494,302.567,3045,,,,0,,,,0.5098,2.95,0.5252,-63.81,1,30.0,hold:DY,+0.000,+0.000,-0.331,+0.071,1100,0,
1785505196.5932,2026-07-31T09:39:56.593,302.666,3046,,,,0,,,,0.5116,2.95,0.5270,-63.80,1,30.0,hold:DY,+0.000,+0.000,-0.332,+0.073,1100,0,
1785505196.6917,2026-07-31T09:39:56.691,302.765,3047,,,,0,,,,0.5093,2.96,0.5247,-63.80,1,30.0,hold:DY,+0.000,+0.000,-0.337,+0.074,1100,0,
1785505196.7913,2026-07-31T09:39:56.791,302.864,3048,,,,0,,,,0.5090,2.96,0.5244,-63.80,1,30.0,hold:DY,+0.000,+0.000,-0.335,+0.075,1100,0,
1785505196.8916,2026-07-31T09:39:56.891,302.965,3049,,,,0,,,,0.5135,2.96,0.5289,-63.80,1,30.0,hold:DY,+0.000,+0.000,-0.328,+0.076,1100,0,
1785505196.9910,2026-07-31T09:39:56.990,303.064,3050,,,,0,,,,0.5085,2.95,0.5239,-63.81,1,30.0,hold:DY,+0.000,+0.000,-0.331,+0.077,1100,0,
1785505197.0904,2026-07-31T09:39:57.090,303.163,3051,,,,0,,,,0.5108,2.94,0.5262,-63.82,1,30.0,hold:DY,+0.000,+0.000,-0.334,+0.078,1100,0,
1785505197.1893,2026-07-31T09:39:57.189,303.262,3052,,,,0,,,,0.5106,2.92,0.5260,-63.84,1,30.0,hold:DY,+0.000,+0.000,-0.334,+0.079,1100,0,
1785505197.2879,2026-07-31T09:39:57.287,303.361,3053,,,,0,,,,0.5099,2.90,0.5253,-63.86,1,30.0,hold:DY,+0.000,+0.000,-0.335,+0.080,1100,0,
1785505197.3873,2026-07-31T09:39:57.387,303.460,3054,,,,0,,,,0.5073,2.90,0.5227,-63.86,1,30.0,hold:DY,+0.000,+0.000,-0.341,+0.081,1100,0,
1785505197.4857,2026-07-31T09:39:57.485,303.559,3055,,,,0,,,,0.5070,2.87,0.5224,-63.89,1,30.0,hold:DY,+0.000,+0.000,-0.342,+0.082,1100,0,
1785505197.5860,2026-07-31T09:39:57.586,303.659,3056,,,,0,,,,0.5090,2.85,0.5244,-63.91,1,30.0,hold:DY,+0.000,+0.000,-0.338,+0.082,1100,0,
1785505197.6849,2026-07-31T09:39:57.684,303.758,3057,,,,0,,,,0.5114,2.81,0.5268,-63.95,1,30.0,hold:DY,+0.000,+0.000,-0.332,+0.083,1100,0,
1785505197.7838,2026-07-31T09:39:57.783,303.857,3058,,,,0,,,,0.5071,2.76,0.5225,-64.00,1,30.0,hold:DY,+0.000,+0.000,-0.335,+0.083,1100,0,
1785505197.8829,2026-07-31T09:39:57.882,303.956,3059,,,,0,,,,0.5102,2.73,0.5255,-64.03,1,30.0,hold:DY,+0.000,+0.000,-0.335,+0.083,1100,0,
1785505197.9827,2026-07-31T09:39:57.982,304.056,3060,,,,0,,,,0.5085,2.67,0.5239,-64.09,1,30.0,hold:DY,+0.000,+0.000,-0.332,+0.084,1100,0,
1785505198.0825,2026-07-31T09:39:58.082,304.155,3061,,,,0,,,,0.5104,2.63,0.5258,-64.13,1,30.0,hold:DY,+0.000,+0.000,-0.335,+0.084,1100,0,
1785505198.1814,2026-07-31T09:39:58.181,304.254,3062,,,,0,,,,0.5066,2.57,0.5220,-64.19,1,30.0,hold:DY,+0.000,+0.000,-0.333,+0.084,1100,0,
1785505198.2808,2026-07-31T09:39:58.280,304.354,3063,,,,0,,,,0.5083,2.54,0.5237,-64.22,1,30.0,hold:DY,+0.000,+0.000,-0.339,+0.084,1100,0,
1785505198.3802,2026-07-31T09:39:58.380,304.453,3064,,,,0,,,,0.5130,2.47,0.5284,-64.29,1,30.0,hold:DY,+0.000,+0.000,-0.336,+0.085,1100,0,
1785505198.4803,2026-07-31T09:39:58.480,304.553,3065,,,,0,,,,0.5071,2.39,0.5225,-64.36,1,30.0,hold:DY,+0.000,+0.000,-0.327,+0.084,1100,0,
1785505198.5796,2026-07-31T09:39:58.579,304.653,3066,,,,0,,,,0.5075,2.35,0.5229,-64.41,1,30.0,hold:DY,+0.000,+0.000,-0.340,+0.084,1100,0,
1785505198.6783,2026-07-31T09:39:58.678,304.751,3067,,,,0,,,,0.5094,2.27,0.5248,-64.49,1,30.0,hold:DY,+0.000,+0.000,-0.339,+0.084,1100,0,
1785505198.7771,2026-07-31T09:39:58.777,304.850,3068,,,,0,,,,0.5083,2.23,0.5237,-64.53,1,30.0,hold:DY,+0.000,+0.000,-0.339,+0.083,1100,0,
1785505198.8767,2026-07-31T09:39:58.876,304.950,3069,,,,0,,,,0.5082,2.14,0.5236,-64.61,1,30.0,hold:DY,+0.000,+0.000,-0.334,+0.083,1100,0,
1785505198.9772,2026-07-31T09:39:58.977,305.050,3070,,,,0,,,,0.5085,2.06,0.5239,-64.69,1,30.0,hold:DY,+0.000,+0.000,-0.335,+0.083,1100,0,
1785505199.0762,2026-07-31T09:39:59.076,305.149,3071,,,,0,,,,0.5093,2.02,0.5247,-64.74,1,30.0,hold:DY,+0.000,+0.000,-0.337,+0.082,1100,0,
1785505199.1753,2026-07-31T09:39:59.175,305.248,3072,,,,0,,,,0.5102,1.93,0.5256,-64.83,1,30.0,hold:DY,+0.000,+0.000,-0.340,+0.000,1100,0,
1785505199.2768,2026-07-31T09:39:59.276,305.350,3073,,,,0,,,,0.5097,1.89,0.5251,-64.87,1,30.0,hold:DY,+0.000,+0.000,-0.336,+0.000,1100,0,
1785505199.3765,2026-07-31T09:39:59.376,305.449,3074,,,,0,,,,0.5081,1.81,0.5235,-64.95,1,30.0,hold:DY,+0.000,+0.000,-0.339,+0.000,1100,0,
1785505199.4768,2026-07-31T09:39:59.476,305.550,3075,,,,0,,,,0.5106,1.73,0.5260,-65.03,1,30.0,hold:DY,+0.000,+0.000,-0.330,+0.000,1100,0,
1785505199.5766,2026-07-31T09:39:59.576,305.650,3076,,,,0,,,,0.5126,1.69,0.5280,-65.07,1,30.0,hold:DY,+0.000,+0.000,-0.330,+0.000,1100,0,
1785505199.6757,2026-07-31T09:39:59.675,305.749,3077,,,,0,,,,0.5101,1.62,0.5255,-65.14,1,30.0,hold:DY,+0.000,+0.000,-0.331,+0.000,1100,0,
1785505199.7749,2026-07-31T09:39:59.774,305.848,3078,,,,0,,,,0.5131,1.58,0.5285,-65.18,1,30.0,hold:DY,+0.000,+0.000,-0.329,+0.000,1100,0,
1785505199.8746,2026-07-31T09:39:59.874,305.948,3079,,,,0,,,,0.5112,1.51,0.5266,-65.25,1,30.0,hold:DY,+0.000,+0.000,-0.333,+0.000,1100,0,
1785505199.9733,2026-07-31T09:39:59.973,306.046,3080,,,,0,,,,0.5096,1.45,0.5250,-65.31,1,30.0,hold:DY,+0.000,+0.000,-0.340,+0.000,1100,0,
1785505200.0728,2026-07-31T09:40:00.072,306.146,3081,,,,0,,,,0.5124,1.41,0.5278,-65.35,1,30.0,hold:DY,+0.000,+0.000,-0.331,+0.000,1100,0,
1785505200.1718,2026-07-31T09:40:00.171,306.245,3082,,,,0,,,,0.5122,1.35,0.5276,-65.41,1,30.0,hold:DY,+0.000,+0.000,-0.344,+0.000,1100,0,
1785505200.2705,2026-07-31T09:40:00.270,306.344,3083,,,,0,,,,0.5063,1.32,0.5217,-65.44,1,30.0,hold:DY,+0.000,+0.000,-0.343,+0.000,1100,0,
1785505200.3700,2026-07-31T09:40:00.369,306.443,3084,,,,0,,,,0.5118,1.27,0.5272,-65.49,1,30.0,hold:DY,+0.000,+0.000,-0.343,+0.000,1100,0,
1785505200.4696,2026-07-31T09:40:00.469,306.543,3085,,,,0,,,,0.5086,1.23,0.5240,-65.53,1,30.0,hold:DY,+0.000,+0.000,-0.331,+0.000,1100,0,
1785505200.5688,2026-07-31T09:40:00.568,306.642,3086,,,,0,,,,0.5071,1.21,0.5225,-65.55,1,30.0,hold:DY,+0.000,+0.000,-0.341,+0.000,1100,0,
1785505200.6677,2026-07-31T09:40:00.667,306.741,3087,,,,0,,,,0.5129,1.17,0.5283,-65.59,1,30.0,hold:DY,+0.000,+0.000,-0.329,+0.000,1100,0,
1785505200.7667,2026-07-31T09:40:00.766,306.840,3088,,,,0,,,,0.5103,1.16,0.5257,-65.60,1,30.0,hold:DY,+0.000,+0.000,-0.335,+0.000,1100,0,
1785505200.8668,2026-07-31T09:40:00.866,306.940,3089,,,,0,,,,0.5128,1.14,0.5282,-65.62,1,30.0,hold:DY,+0.000,+0.000,-0.339,+0.000,1100,0,
1785505200.9667,2026-07-31T09:40:00.966,307.040,3090,,,,0,,,,0.5113,1.12,0.5267,-65.64,1,30.0,hold:DY,+0.000,+0.000,-0.329,+0.000,1100,0,
1785505201.0657,2026-07-31T09:40:01.065,307.139,3091,,,,0,,,,0.5125,1.12,0.5279,-65.64,1,30.0,hold:DY,+0.000,+0.000,-0.330,+0.000,1100,0,
1785505201.1647,2026-07-31T09:40:01.164,307.238,3092,,,,0,,,,0.5100,1.10,0.5254,-65.66,1,30.0,hold:DY,+0.000,+0.000,-0.329,+0.000,1100,0,
1785505201.2640,2026-07-31T09:40:01.263,307.337,3093,,,,0,,,,0.5100,1.10,0.5254,-65.66,1,30.0,hold:DY,+0.000,+0.000,-0.336,+0.000,1100,0,
1785505201.3627,2026-07-31T09:40:01.362,307.436,3094,,,,0,,,,0.5120,1.08,0.5274,-65.68,1,30.0,hold:DY,+0.000,+0.000,-0.333,+0.000,1100,0,
1785505201.4613,2026-07-31T09:40:01.461,307.534,3095,,,,0,,,,0.5114,1.07,0.5268,-65.69,1,30.0,hold:DY,+0.000,+0.000,-0.332,+0.000,1100,0,
1785505201.5607,2026-07-31T09:40:01.560,307.634,3096,,,,0,,,,0.5110,1.06,0.5264,-65.69,1,30.0,hold:DY,+0.000,+0.000,-0.333,+0.000,1100,0,
1785505201.6597,2026-07-31T09:40:01.659,307.733,3097,,,,0,,,,0.5160,1.07,0.5314,-65.69,1,30.0,hold:DY,+0.000,+0.000,-0.330,+0.000,1100,0,
1785505201.7584,2026-07-31T09:40:01.758,307.831,3098,,,,0,,,,0.5134,1.07,0.5288,-65.69,1,30.0,hold:DY,+0.000,+0.000,-0.329,+0.000,1100,0,
1785505201.8592,2026-07-31T09:40:01.859,307.932,3099,,,,0,,,,0.5127,1.08,0.5281,-65.68,1,30.0,hold:DY,+0.000,+0.000,-0.328,+0.000,1100,0,
1785505201.9587,2026-07-31T09:40:01.958,308.032,3100,,,,0,,,,0.5131,1.09,0.5285,-65.67,1,30.0,hold:DY,+0.000,+0.000,-0.327,+0.000,1100,0,
1785505202.0575,2026-07-31T09:40:02.057,308.130,3101,,,,0,,,,0.5112,1.08,0.5266,-65.68,1,30.0,hold:DY,+0.000,+0.000,-0.333,+0.000,1100,0,
1785505202.1568,2026-07-31T09:40:02.156,308.230,3102,,,,0,,,,0.5138,1.08,0.5292,-65.68,1,30.0,hold:DY,+0.000,+0.000,-0.332,+0.000,1100,0,
1785505202.2548,2026-07-31T09:40:02.254,308.328,3103,,,,0,,,,0.5097,1.09,0.5251,-65.67,1,30.0,hold:DY,+0.000,+0.000,-0.336,+0.000,1100,0,
1785505202.3542,2026-07-31T09:40:02.354,308.427,3104,,,,0,,,,0.5129,1.08,0.5283,-65.68,1,30.0,hold:DY,+0.000,+0.000,-0.337,+0.000,1100,0,
1785505202.4536,2026-07-31T09:40:02.453,308.527,3105,,,,0,,,,0.5126,1.08,0.5280,-65.68,1,30.0,hold:DY,+0.000,+0.000,-0.330,+0.000,1100,0,
1785505202.5527,2026-07-31T09:40:02.552,308.626,3106,,,,0,,,,0.5150,1.09,0.5304,-65.67,1,30.0,hold:DY,+0.000,+0.000,-0.337,+0.000,1100,0,
1785505202.6519,2026-07-31T09:40:02.651,308.725,3107,,,,0,,,,0.5143,1.09,0.5297,-65.67,1,30.0,hold:DY,+0.000,+0.000,-0.326,+0.000,1100,0,
1785505202.7504,2026-07-31T09:40:02.750,308.823,3108,,,,0,,,,0.5166,1.08,0.5320,-65.67,1,30.0,hold:DY,+0.000,+0.000,-0.322,+0.000,1100,0,
1785505202.8501,2026-07-31T09:40:02.850,308.923,3109,,,,0,,,,0.5129,1.09,0.5283,-65.67,1,30.0,hold:DY,+0.000,+0.000,-0.322,+0.000,1100,0,
1785505202.9487,2026-07-31T09:40:02.948,309.022,3110,,,,0,,,,0.5128,1.10,0.5282,-65.66,1,30.0,hold:DY,+0.000,+0.000,-0.330,+0.000,1100,0,
1785505203.0479,2026-07-31T09:40:03.047,309.121,3111,,,,0,,,,0.5148,1.10,0.5302,-65.66,1,30.0,hold:DY,+0.000,+0.000,-0.334,+0.000,1100,0,
1785505203.1469,2026-07-31T09:40:03.146,309.220,3112,,,,0,,,,0.5164,1.11,0.5318,-65.65,1,30.0,hold:DY,+0.000,+0.000,-0.323,+0.000,1100,0,
1785505203.2459,2026-07-31T09:40:03.245,309.319,3113,,,,0,,,,0.5125,1.11,0.5279,-65.65,1,30.0,hold:DY,+0.000,+0.000,-0.330,+0.000,1100,0,
1785505203.3448,2026-07-31T09:40:03.344,309.418,3114,,,,0,,,,0.5185,1.11,0.5339,-65.65,1,30.0,hold:DY,+0.000,+0.000,-0.330,+0.000,1100,0,
1785505203.4442,2026-07-31T09:40:03.444,309.517,3115,,,,0,,,,0.5140,1.10,0.5294,-65.66,1,30.0,hold:DY,+0.000,+0.000,-0.327,+0.000,1100,0,
1785505203.5435,2026-07-31T09:40:03.543,309.617,3116,,,,0,,,,0.5172,1.10,0.5326,-65.66,1,30.0,hold:DY,+0.000,+0.000,-0.318,+0.000,1100,0,
1785505203.6434,2026-07-31T09:40:03.643,309.716,3117,,,,0,,,,0.5159,1.10,0.5312,-65.66,1,30.0,hold:DY+fwd,+1.000,+0.000,-0.332,+0.000,1100,0,
1785505203.7432,2026-07-31T09:40:03.743,309.816,3118,,,,0,,,,0.5148,1.10,0.5302,-65.66,1,30.0,hold:DY+fwd,+1.000,+0.000,-0.326,+0.000,1100,0,
1785505203.8416,2026-07-31T09:40:03.841,309.915,3119,,,,0,,,,0.5141,1.07,0.5295,-65.69,1,30.0,hold:DY+fwd,+1.000,+0.000,-0.316,+0.000,1100,0,
1785505203.9413,2026-07-31T09:40:03.941,310.014,3120,,,,0,,,,0.5126,1.02,0.5280,-65.74,1,30.0,hold:DY+fwd,+1.000,+0.000,-0.330,+0.000,1100,0,
1785505204.0406,2026-07-31T09:40:04.040,310.114,3121,,,,0,,,,0.5225,0.28,0.5379,-66.48,1,30.0,hold:DY+fwd,+1.000,+0.000,-0.321,+0.000,1100,0,
1785505204.1404,2026-07-31T09:40:04.140,310.213,3122,,,,0,,,,0.5221,0.03,0.5375,-66.73,1,30.0,hold:DY+fwd,+1.000,+0.000,-0.310,+0.000,1100,0,
1785505204.2395,2026-07-31T09:40:04.239,310.312,3123,,,,0,,,,0.5056,-0.24,0.5210,-67.00,1,30.0,hold:DY+fwd,+1.000,+0.000,-0.343,+0.000,1100,0,
1785505204.3386,2026-07-31T09:40:04.338,310.412,3124,,,,0,,,,0.5406,-0.32,0.5560,-67.08,1,30.0,hold:DY+fwd,+1.000,+0.000,-0.325,+0.000,1100,0,
1785505204.4386,2026-07-31T09:40:04.438,310.512,3125,,,,0,,,,0.5234,-0.31,0.5388,-67.07,1,30.0,hold:DY+fwd,+1.000,+0.000,-0.306,+0.000,1100,0,
1785505204.5379,2026-07-31T09:40:04.537,310.611,3126,,,,0,,,,0.5277,-0.27,0.5431,-67.03,1,30.0,hold:DY+fwd,+1.000,+0.000,-0.288,+0.000,1100,0,
1785505204.6367,2026-07-31T09:40:04.636,310.710,3127,,,,0,,,,0.5259,-0.27,0.5413,-67.03,1,30.0,hold:DY+fwd,+1.000,+0.000,-0.299,+0.000,1100,0,
1785505204.7361,2026-07-31T09:40:04.736,310.809,3128,,,,0,,,,0.5218,-0.26,0.5372,-67.02,1,30.0,hold:DY+fwd,+1.000,+0.000,-0.306,+0.000,1100,0,
1785505204.8363,2026-07-31T09:40:04.836,310.909,3129,,,,0,,,,0.5036,-0.17,0.5190,-66.93,1,30.0,hold:DY+fwd,+1.000,+0.000,-0.327,+0.000,1100,0,
1785505204.9358,2026-07-31T09:40:04.935,311.009,3130,,,,0,,,,0.4925,-0.05,0.5079,-66.81,1,30.0,hold:DY+fwd,+1.000,+0.000,-0.364,+0.000,1100,0,
1785505205.0352,2026-07-31T09:40:05.035,311.108,3131,,,,0,,,,0.4880,0.27,0.5033,-66.48,1,30.0,hold:DY+fwd,+1.000,+0.000,-0.367,+0.000,1100,0,
1785505205.1343,2026-07-31T09:40:05.134,311.207,3132,,,,0,,,,0.4776,0.45,0.4930,-66.30,1,30.0,hold:DY+fwd,+1.000,+0.000,-0.395,+0.000,1100,0,
1785505205.2328,2026-07-31T09:40:05.232,311.306,3133,,,,0,,,,0.4626,0.89,0.4780,-65.87,1,30.0,hold:DY+fwd,+1.000,+0.000,-0.426,+0.000,1100,0,
1785505205.3326,2026-07-31T09:40:05.332,311.406,3134,,,,0,,,,0.4551,1.43,0.4705,-65.33,1,30.0,hold:DY+fwd,+1.000,+0.000,-0.427,+0.000,1100,0,
1785505205.4320,2026-07-31T09:40:05.432,311.505,3135,,,,0,,,,0.4562,1.73,0.4716,-65.03,1,30.0,hold:DY+fwd,+1.000,+0.000,-0.442,+0.000,1100,0,
1785505205.5309,2026-07-31T09:40:05.530,311.604,3136,,,,0,,,,0.4453,2.34,0.4607,-64.42,1,30.0,hold:DY+fwd,+1.000,+0.000,-0.437,+0.037,1100,0,
1785505205.6305,2026-07-31T09:40:05.630,311.704,3137,,,,0,,,,0.4457,2.56,0.4611,-64.20,1,30.0,hold:DY+fwd,+1.000,+0.000,-0.467,+0.048,1100,0,
1785505205.7295,2026-07-31T09:40:05.729,311.803,3138,,,,0,,,,0.4472,2.87,0.4626,-63.89,1,30.0,hold:DY+fwd,+1.000,+0.000,-0.463,+0.052,1100,0,
1785505205.8279,2026-07-31T09:40:05.827,311.901,3139,,,,0,,,,0.4391,2.97,0.4545,-63.79,1,30.0,hold:DY+fwd,+1.000,+0.000,-0.470,+0.057,1100,0,
1785505205.9273,2026-07-31T09:40:05.927,312.000,3140,,,,0,,,,0.4468,2.89,0.4622,-63.87,1,30.0,hold:DY+fwd,+1.000,+0.000,-0.471,+0.057,1100,0,
1785505206.0262,2026-07-31T09:40:06.026,312.099,3141,,,,0,,,,0.4508,2.55,0.4662,-64.20,1,30.0,hold:DY+fwd,+1.000,+0.000,-0.461,+0.055,1100,0,
1785505206.1254,2026-07-31T09:40:06.125,312.198,3142,,,,0,,,,0.4532,2.37,0.4686,-64.39,1,30.0,hold:DY+fwd,+1.000,+0.000,-0.462,+0.050,1100,0,
1785505206.2237,2026-07-31T09:40:06.223,312.297,3143,,,,0,,,,0.4642,1.87,0.4796,-64.89,1,30.0,hold:DY+fwd,+1.000,+0.000,-0.454,+0.047,1100,0,
1785505206.3224,2026-07-31T09:40:06.322,312.395,3144,,,,0,,,,0.4719,1.35,0.4873,-65.41,1,30.0,hold:DY+fwd,+1.000,+0.000,-0.450,+0.000,1100,0,
1785505206.4218,2026-07-31T09:40:06.421,312.495,3145,,,,0,,,,0.4792,1.22,0.4945,-65.54,1,30.0,hold:DY+fwd,+1.000,+0.000,-0.414,+0.000,1100,0,
1785505206.5221,2026-07-31T09:40:06.522,312.595,3146,,,,0,,,,0.4859,1.15,0.5013,-65.61,1,30.0,hold:DY+fwd,+1.000,+0.000,-0.383,+0.000,1100,0,
1785505206.6218,2026-07-31T09:40:06.621,312.695,3147,,,,0,,,,0.4945,1.17,0.5099,-65.59,1,30.0,hold:DY+fwd,+1.000,+0.000,-0.384,+0.000,1100,0,
1785505206.7207,2026-07-31T09:40:06.720,312.794,3148,,,,0,,,,0.5106,1.28,0.5260,-65.48,1,30.0,hold:DY+fwd,+1.000,+0.000,-0.378,+0.000,1100,0,
1785505206.8194,2026-07-31T09:40:06.819,312.892,3149,,,,0,,,,0.5214,1.35,0.5368,-65.40,1,30.0,hold:DY+fwd,+1.000,+0.000,-0.330,+0.000,1100,0,
1785505206.9179,2026-07-31T09:40:06.917,312.991,3150,,,,0,,,,0.5351,1.55,0.5505,-65.21,1,30.0,hold:DY+fwd,+1.000,+0.000,-0.316,+0.000,1100,0,
1785505207.0184,2026-07-31T09:40:07.018,313.091,3151,,,,0,,,,0.5419,1.75,0.5573,-65.01,1,30.0,hold:DY+fwd,+1.000,+0.000,-0.310,+0.000,1100,0,
1785505207.1177,2026-07-31T09:40:07.117,313.191,3152,,,,0,,,,0.5510,1.89,0.5664,-64.87,1,30.0,hold:DY+fwd,+1.000,+0.000,-0.266,+0.000,1100,0,
1785505207.2167,2026-07-31T09:40:07.216,313.290,3153,,,,0,,,,0.5541,2.17,0.5695,-64.58,1,30.0,hold:DY+fwd,+1.000,+0.000,-0.270,+0.037,1100,0,
1785505207.3153,2026-07-31T09:40:07.315,313.388,3154,,,,0,,,,0.5569,2.24,0.5723,-64.52,1,30.0,hold:DY+fwd,+1.000,+0.000,-0.251,+0.042,1100,0,
1785505207.4149,2026-07-31T09:40:07.414,313.488,3155,,,,0,,,,0.5700,2.13,0.5854,-64.63,1,30.0,hold:DY+fwd,+1.000,+0.000,-0.228,+0.042,1100,0,
1785505207.5148,2026-07-31T09:40:07.514,313.588,3156,,,,0,,,,0.5642,1.89,0.5796,-64.87,1,30.0,hold:DY+fwd,+1.000,+0.000,-0.206,+0.000,1100,0,
1785505207.6134,2026-07-31T09:40:07.613,313.686,3157,,,,0,,,,0.5621,1.89,0.5775,-64.86,1,30.0,hold:DY+fwd,+1.000,+0.000,-0.232,+0.000,1100,0,
1785505207.7126,2026-07-31T09:40:07.712,313.786,3158,,,,0,,,,0.5752,2.02,0.5906,-64.74,1,30.0,hold:DY+fwd,+1.000,+0.000,-0.215,+0.000,1100,0,
1785505207.8115,2026-07-31T09:40:07.811,313.885,3159,,,,0,,,,0.5795,2.11,0.5949,-64.65,1,30.0,hold:DY+fwd,+1.000,+0.000,-0.192,+0.039,1100,0,
1785505207.9101,2026-07-31T09:40:07.910,313.983,3160,,,,0,,,,0.5815,2.37,0.5969,-64.39,1,30.0,hold:DY+fwd,+1.000,+0.000,-0.211,+0.042,1100,0,
1785505208.0099,2026-07-31T09:40:08.009,314.083,3161,,,,0,,,,0.5834,2.46,0.5988,-64.29,1,30.0,hold:DY+fwd,+1.000,+0.000,-0.175,+0.047,1100,0,
1785505208.1082,2026-07-31T09:40:08.108,314.181,3162,,,,0,,,,0.5791,2.42,0.5945,-64.34,1,30.0,hold:DY+fwd,+1.000,+0.000,-0.183,+0.047,1100,0,
1785505208.2077,2026-07-31T09:40:08.207,314.281,3163,,,,0,,,,0.5821,2.32,0.5975,-64.44,1,30.0,hold:DY+fwd,+1.000,+0.000,-0.189,+0.047,1100,0,
1785505208.3073,2026-07-31T09:40:08.307,314.380,3164,,,,0,,,,0.5969,2.27,0.6123,-64.49,1,30.0,hold:DY+fwd,+1.000,+0.000,-0.141,+0.046,1100,0,
1785505208.4067,2026-07-31T09:40:08.406,314.480,3165,,,,0,,,,0.5925,2.12,0.6079,-64.63,1,30.0,hold:DY+fwd,+1.000,+0.000,-0.171,+0.046,1100,0,
1785505208.5056,2026-07-31T09:40:08.505,314.579,3166,,,,0,,,,0.5872,2.08,0.6026,-64.68,1,30.0,hold:DY+fwd,+1.000,+0.000,-0.169,+0.045,1100,0,
1785505208.6046,2026-07-31T09:40:08.604,314.678,3167,,,,0,,,,0.5788,2.04,0.5942,-64.72,1,30.0,hold:DY+fwd,+1.000,+0.000,-0.167,+0.045,1100,0,
1785505208.7042,2026-07-31T09:40:08.704,314.777,3168,,,,0,,,,0.5861,2.00,0.6015,-64.76,1,30.0,hold:DY+fwd,+1.000,+0.000,-0.150,+0.045,1100,0,
1785505208.8037,2026-07-31T09:40:08.803,314.877,3169,,,,0,,,,0.5998,2.01,0.6152,-64.75,1,30.0,hold:DY+fwd,+1.000,+0.000,-0.118,+0.036,1100,0,
1785505208.9024,2026-07-31T09:40:08.902,314.975,3170,,,,0,,,,0.5863,2.24,0.6017,-64.52,1,30.0,hold:DY+fwd,+1.000,+0.000,-0.137,+0.040,1100,0,
1785505209.0018,2026-07-31T09:40:09.001,315.075,3171,,,,0,,,,0.5852,2.37,0.6006,-64.39,1,30.0,hold:DY+fwd,+1.000,+0.000,-0.140,+0.045,1100,0,
1785505209.1011,2026-07-31T09:40:09.101,315.174,3172,,,,0,,,,0.5934,2.51,0.6088,-64.25,1,30.0,hold:DY+fwd,+1.000,+0.000,-0.120,+0.048,1100,0,
1785505209.2008,2026-07-31T09:40:09.200,315.274,3173,,,,0,,,,0.5736,2.57,0.5890,-64.19,1,30.0,hold:DY+fwd,+1.000,+0.000,-0.116,+0.050,1100,0,
1785505209.3001,2026-07-31T09:40:09.300,315.373,3174,,,,0,,,,0.5801,2.59,0.5955,-64.17,1,30.0,hold:DY+fwd,+1.000,+0.000,-0.140,+0.052,1100,0,
1785505209.3998,2026-07-31T09:40:09.399,315.473,3175,,,,0,,,,0.5944,2.44,0.6098,-64.32,1,30.0,hold:DY+fwd,+1.000,+0.000,-0.117,+0.051,1100,0,
1785505209.4983,2026-07-31T09:40:09.498,315.571,3176,,,,0,,,,0.5957,2.40,0.6111,-64.36,1,30.0,hold:DY+fwd,+1.000,+0.000,-0.102,+0.050,1100,0,
1785505209.5978,2026-07-31T09:40:09.597,315.671,3177,,,,0,,,,0.5848,2.42,0.6002,-64.34,1,30.0,hold:DY+fwd,+1.000,+0.000,-0.120,+0.051,1100,0,
1785505209.6968,2026-07-31T09:40:09.696,315.770,3178,,,,0,,,,0.5876,2.22,0.6030,-64.54,1,30.0,hold:DY+fwd,+1.000,+0.000,-0.104,+0.051,1100,0,
1785505209.7963,2026-07-31T09:40:09.796,315.869,3179,,,,0,,,,0.5698,2.08,0.5852,-64.68,1,30.0,hold:DY+fwd,+1.000,+0.000,-0.143,+0.047,1100,0,
1785505209.8961,2026-07-31T09:40:09.896,315.969,3180,,,,0,,,,0.5896,1.88,0.6050,-64.88,1,30.0,hold:DY+fwd,+1.000,+0.000,-0.108,+0.000,1100,0,
1785505209.9945,2026-07-31T09:40:09.994,316.068,3181,,,,0,,,,0.5778,1.93,0.5932,-64.83,1,30.0,hold:DY+fwd,+1.000,+0.000,-0.121,+0.000,1100,0,
1785505210.0943,2026-07-31T09:40:10.094,316.167,3182,,,,0,,,,0.5637,2.23,0.5791,-64.52,1,30.0,hold:DY+fwd,+1.000,+0.000,-0.130,+0.038,1100,0,
1785505210.1938,2026-07-31T09:40:10.193,316.267,3183,,,,0,,,,0.5553,2.52,0.5707,-64.24,1,30.0,hold:DY+fwd,+1.000,+0.000,-0.129,+0.044,1100,0,
1785505210.2915,2026-07-31T09:40:10.291,316.365,3184,,,,0,,,,0.5677,2.60,0.5831,-64.16,1,30.0,hold:DY+fwd,+1.000,+0.000,-0.133,+0.049,1100,0,
1785505210.3915,2026-07-31T09:40:10.391,316.464,3185,,,,0,,,,0.5526,2.60,0.5680,-64.16,1,30.0,hold:DY+fwd,+1.000,+0.000,-0.142,+0.050,1100,0,
1785505210.4914,2026-07-31T09:40:10.491,316.564,3186,,,,0,,,,0.5478,2.55,0.5632,-64.21,1,30.0,hold:DY+fwd,+1.000,+0.000,-0.168,+0.050,1100,0,
1785505210.5911,2026-07-31T09:40:10.591,316.664,3187,,,,0,,,,0.5393,2.32,0.5547,-64.44,1,30.0,hold:DY+fwd,+1.000,+0.000,-0.181,+0.050,1100,0,
1785505210.6896,2026-07-31T09:40:10.689,316.763,3188,,,,0,,,,0.5384,2.01,0.5538,-64.75,1,30.0,hold:DY+fwd,+1.000,+0.000,-0.201,+0.045,1100,0,
1785505210.7888,2026-07-31T09:40:10.788,316.862,3189,,,,0,,,,0.5195,1.85,0.5349,-64.91,1,30.0,hold:DY+fwd,+1.000,+0.000,-0.182,+0.043,1100,0,
1785505210.8893,2026-07-31T09:40:10.889,316.962,3190,,,,0,,,,0.5288,1.44,0.5442,-65.32,1,30.0,hold:DY+fwd,+1.000,+0.000,-0.196,+0.000,1100,0,
1785505210.9896,2026-07-31T09:40:10.989,317.063,3191,,,,0,,,,0.5264,1.35,0.5418,-65.41,1,30.0,hold:DY+fwd,+1.000,+0.000,-0.204,+0.000,1100,0,
1785505211.0893,2026-07-31T09:40:11.089,317.162,3192,,,,0,,,,0.5116,1.46,0.5270,-65.30,1,30.0,hold:DY+fwd,+1.000,+0.000,-0.208,+0.000,1100,0,
1785505211.1896,2026-07-31T09:40:11.189,317.263,3193,,,,0,,,,0.5120,1.52,0.5274,-65.24,1,30.0,hold:DY+fwd,+1.000,+0.000,-0.232,+0.000,1100,0,
1785505211.2894,2026-07-31T09:40:11.289,317.362,3194,,,,0,,,,0.5093,1.68,0.5247,-65.08,1,30.0,hold:DY+fwd,+1.000,+0.000,-0.227,+0.000,1100,0,
1785505211.3892,2026-07-31T09:40:11.389,317.462,3195,,,,0,,,,0.4987,1.91,0.5141,-64.85,1,30.0,hold:DY+fwd,+1.000,+0.000,-0.226,+0.000,1100,0,
1785505211.4878,2026-07-31T09:40:11.487,317.561,3196,,,,0,,,,0.5132,2.11,0.5286,-64.65,1,30.0,hold:DY+fwd,+1.000,+0.000,-0.230,+0.038,1100,0,
1785505211.5874,2026-07-31T09:40:11.587,317.660,3197,,,,0,,,,0.5078,2.43,0.5232,-64.33,1,30.0,hold:DY+fwd,+1.000,+0.000,-0.262,+0.042,1100,0,
1785505211.6869,2026-07-31T09:40:11.686,317.760,3198,,,,0,,,,0.5037,2.42,0.5191,-64.34,1,30.0,hold:DY+fwd,+1.000,+0.000,-0.249,+0.046,1100,0,
1785505211.7860,2026-07-31T09:40:11.786,317.859,3199,,,,0,,,,0.5006,2.23,0.5160,-64.53,1,30.0,hold:DY+fwd,+1.000,+0.000,-0.255,+0.043,1100,0,
1785505211.8852,2026-07-31T09:40:11.885,317.958,3200,,,,0,,,,0.4943,1.88,0.5097,-64.87,1,30.0,hold:DY+fwd,+1.000,+0.000,-0.266,+0.042,1100,0,
1785505211.9847,2026-07-31T09:40:11.984,318.058,3201,,,,0,,,,0.5016,1.70,0.5170,-65.05,1,30.0,hold:DY+fwd,+1.000,+0.000,-0.253,+0.000,1100,0,
1785505212.0841,2026-07-31T09:40:12.084,318.157,3202,,,,0,,,,0.4998,1.56,0.5152,-65.20,1,30.0,hold:DY+fwd,+1.000,+0.000,-0.235,+0.000,1100,0,
1785505212.1843,2026-07-31T09:40:12.184,318.257,3203,,,,0,,,,0.5016,1.50,0.5170,-65.26,1,30.0,hold:DY+fwd,+1.000,+0.000,-0.253,+0.000,1100,0,
1785505212.2832,2026-07-31T09:40:12.283,318.356,3204,,,,0,,,,0.4984,1.50,0.5138,-65.26,1,30.0,hold:DY+fwd,+1.000,+0.000,-0.260,+0.000,1100,0,
1785505212.3818,2026-07-31T09:40:12.381,318.455,3205,,,,0,,,,0.5109,1.53,0.5263,-65.23,1,30.0,hold:DY+fwd,+1.000,+0.000,-0.238,+0.000,1100,0,
1785505212.4815,2026-07-31T09:40:12.481,318.554,3206,,,,0,,,,0.5065,1.53,0.5219,-65.22,1,30.0,hold:DY+pad,+1.000,+0.000,-0.243,+0.000,1100,0,
1785505212.5798,2026-07-31T09:40:12.579,318.653,3207,,,,0,,,,0.5112,1.66,0.5266,-65.10,1,30.0,hold:DY,+0.000,+0.000,-0.235,+0.000,1100,0,
1785505212.6790,2026-07-31T09:40:12.679,318.752,3208,,,,0,,,,0.5158,1.72,0.5312,-65.04,1,30.0,hold:DY,+0.000,+0.000,-0.225,+0.000,1100,0,
1785505212.7789,2026-07-31T09:40:12.778,318.852,3209,,,,0,,,,0.5178,1.93,0.5332,-64.83,1,30.0,hold:DY,+0.000,+0.000,-0.217,+0.000,1100,0,
1785505212.8784,2026-07-31T09:40:12.878,318.951,3210,,,,0,,,,0.5114,2.16,0.5268,-64.59,1,30.0,hold:DY,+0.000,+0.000,-0.224,+0.037,1100,0,
1785505212.9775,2026-07-31T09:40:12.977,319.051,3211,,,,0,,,,0.5145,2.27,0.5299,-64.49,1,30.0,hold:DY,+0.000,+0.000,-0.227,+0.042,1100,0,
1785505213.0761,2026-07-31T09:40:13.076,319.149,3212,,,,0,,,,0.5161,2.41,0.5315,-64.35,1,30.0,hold:DY,+0.000,+0.000,-0.225,+0.044,1100,0,
1785505213.1753,2026-07-31T09:40:13.175,319.248,3213,,,,0,,,,0.5122,2.47,0.5276,-64.29,1,30.0,hold:DY,+0.000,+0.000,-0.232,+0.048,1100,0,
1785505213.2744,2026-07-31T09:40:13.274,319.347,3214,,,,0,,,,0.5119,2.54,0.5272,-64.22,1,30.0,hold:DY,+0.000,+0.000,-0.234,+0.049,1100,0,
1785505213.3731,2026-07-31T09:40:13.373,319.446,3215,,,,0,,,,0.5104,2.57,0.5258,-64.19,1,30.0,hold:DY,+0.000,+0.000,-0.221,+0.051,1100,0,
1785505213.4724,2026-07-31T09:40:13.472,319.545,3216,,,,0,,,,0.5130,2.57,0.5284,-64.19,1,30.0,hold:DY,+0.000,+0.000,-0.230,+0.053,1100,0,
1785505213.5714,2026-07-31T09:40:13.571,319.644,3217,,,,0,,,,0.5061,2.57,0.5215,-64.19,1,30.0,hold:DY,+0.000,+0.000,-0.232,+0.054,1100,0,
1785505213.6707,2026-07-31T09:40:13.670,319.744,3218,,,,0,,,,0.5073,2.57,0.5227,-64.19,1,30.0,hold:DY,+0.000,+0.000,-0.242,+0.055,1100,0,
1785505213.7697,2026-07-31T09:40:13.769,319.843,3219,,,,0,,,,0.5034,2.53,0.5188,-64.23,1,30.0,hold:DY,+0.000,+0.000,-0.253,+0.055,1100,0,
1785505213.8682,2026-07-31T09:40:13.868,319.941,3220,,,,0,,,,0.5015,2.51,0.5169,-64.25,1,30.0,hold:DY,+0.000,+0.000,-0.253,+0.055,1100,0,
1785505213.9676,2026-07-31T09:40:13.967,320.041,3221,,,,0,,,,0.5023,2.49,0.5177,-64.27,1,30.0,hold:DY,+0.000,+0.000,-0.252,+0.056,1100,0,
1785505214.0687,2026-07-31T09:40:14.068,320.142,3222,,,,0,,,,0.4965,2.48,0.5119,-64.28,1,30.0,hold:DY,+0.000,+0.000,-0.269,+0.057,1100,0,
1785505214.1678,2026-07-31T09:40:14.167,320.241,3223,,,,0,,,,0.4907,2.49,0.5061,-64.26,1,30.0,hold:DY,+0.000,+0.000,-0.275,+0.058,1100,0,
1785505214.2678,2026-07-31T09:40:14.267,320.341,3224,,,,0,,,,0.4842,2.56,0.4996,-64.20,1,30.0,hold:DY,+0.000,+0.000,-0.281,+0.060,1100,0,
1785505214.3665,2026-07-31T09:40:14.366,320.440,3225,,,,0,,,,0.4800,2.59,0.4954,-64.17,1,30.0,hold:DY,+0.000,+0.000,-0.297,+0.062,1100,0,
1785505214.4659,2026-07-31T09:40:14.465,320.539,3226,,,,0,,,,0.4686,2.63,0.4840,-64.12,1,30.0,hold:DY,+0.000,+0.000,-0.316,+0.064,1100,0,
1785505214.5653,2026-07-31T09:40:14.565,320.638,3227,,,,0,,,,0.4672,2.63,0.4825,-64.13,1,30.0,hold:DY,+0.000,+0.000,-0.325,+0.065,1100,0,
1785505214.6649,2026-07-31T09:40:14.664,320.738,3228,,,,0,,,,0.4604,2.56,0.4758,-64.20,1,30.0,hold:DY,+0.000,+0.000,-0.338,+0.065,1100,0,
1785505214.7651,2026-07-31T09:40:14.765,320.838,3229,,,,0,,,,0.4508,2.40,0.4662,-64.36,1,30.0,hold:DY,+0.000,+0.000,-0.346,+0.064,1100,0,
1785505214.8648,2026-07-31T09:40:14.864,320.938,3230,,,,0,,,,0.4472,2.31,0.4626,-64.45,1,30.0,hold:DY,+0.000,+0.000,-0.370,+0.062,1100,0,
1785505214.9634,2026-07-31T09:40:14.963,321.036,3231,,,,0,,,,0.4453,2.14,0.4607,-64.61,1,30.0,hold:DY,+0.000,+0.000,-0.375,+0.061,1100,0,
1785505215.0633,2026-07-31T09:40:15.063,321.136,3232,,,,0,,,,0.4435,1.94,0.4589,-64.82,1,30.0,hold:DY,+0.000,+0.000,-0.380,+0.059,1100,0,
1785505215.1631,2026-07-31T09:40:15.163,321.236,3233,,,,0,,,,0.4378,1.82,0.4532,-64.94,1,30.0,hold:DY,+0.000,+0.000,-0.395,+0.000,1100,0,
1785505215.2611,2026-07-31T09:40:15.261,321.334,3234,,,,0,,,,0.4330,1.57,0.4484,-65.19,1,30.0,hold:DY,+0.000,+0.000,-0.403,+0.000,1100,0,
1785505215.3605,2026-07-31T09:40:15.360,321.434,3235,,,,0,,,,0.4276,1.43,0.4430,-65.33,1,30.0,hold:DY,+0.000,+0.000,-0.421,+0.000,1100,0,
1785505215.4596,2026-07-31T09:40:15.459,321.533,3236,,,,0,,,,0.4260,1.11,0.4414,-65.65,1,30.0,hold:DY,+0.000,+0.000,-0.415,+0.000,1100,0,
1785505215.5596,2026-07-31T09:40:15.559,321.633,3237,,,,0,,,,0.4256,0.77,0.4410,-65.99,1,30.0,hold:DY,+0.000,+0.000,-0.426,+0.000,1100,0,
1785505215.6592,2026-07-31T09:40:15.659,321.732,3238,,,,0,,,,0.4230,0.60,0.4383,-66.16,1,30.0,hold:DY,+0.000,+0.000,-0.439,+0.000,1100,0,
1785505215.7587,2026-07-31T09:40:15.758,321.832,3239,,,,0,,,,0.4194,0.25,0.4348,-66.51,1,30.0,hold:DY,+0.000,+0.000,-0.440,+0.000,1100,0,
1785505215.8601,2026-07-31T09:40:15.860,321.933,3240,,,,0,,,,0.4234,0.07,0.4387,-66.69,1,30.0,hold:DY,+0.000,+0.000,-0.444,+0.000,1100,0,
1785505215.9595,2026-07-31T09:40:15.959,322.033,3241,,,,0,,,,0.4222,-0.28,0.4376,-67.04,1,30.0,hold:DY,+0.000,+0.000,-0.449,+0.000,1100,0,
1785505216.0583,2026-07-31T09:40:16.058,322.131,3242,,,,0,,,,0.4198,-0.63,0.4352,-67.39,1,30.0,hold:DY,+0.000,+0.000,-0.452,+0.000,1100,0,
1785505216.1586,2026-07-31T09:40:16.158,322.232,3243,,,,0,,,,0.4196,-0.82,0.4350,-67.58,1,30.0,hold:DY,+0.000,+0.000,-0.461,+0.000,1100,0,
1785505216.2563,2026-07-31T09:40:16.256,322.329,3244,,,,0,,,,0.4196,-1.19,0.4350,-67.95,1,30.0,hold:DY,+0.000,+0.000,-0.456,+0.000,1100,0,
1785505216.3556,2026-07-31T09:40:16.355,322.429,3245,,,,0,,,,0.4206,-1.37,0.4360,-68.13,1,30.0,hold:DY,+0.000,+0.000,-0.465,+0.000,1100,0,
1785505216.4543,2026-07-31T09:40:16.454,322.527,3246,,,,0,,,,0.4226,-1.73,0.4380,-68.49,1,30.0,hold:DY,+0.000,+0.000,-0.469,+0.000,1100,0,
1785505216.5542,2026-07-31T09:40:16.554,322.627,3247,,,,0,,,,0.4218,-2.09,0.4372,-68.85,1,30.0,hold:DY,+0.000,+0.000,-0.477,+0.000,1100,0,
1785505216.6536,2026-07-31T09:40:16.653,322.727,3248,,,,0,,,,0.4196,-2.26,0.4350,-69.02,1,30.0,hold:DY,+0.000,+0.000,-0.477,-0.042,1100,0,
1785505216.7532,2026-07-31T09:40:16.753,322.826,3249,,,,0,,,,0.4236,-2.62,0.4390,-69.38,1,30.0,hold:DY,+0.000,+0.000,-0.487,-0.046,1100,0,
1785505216.8524,2026-07-31T09:40:16.852,322.925,3250,,,,0,,,,0.4231,-2.79,0.4385,-69.55,1,30.0,hold:DY,+0.000,+0.000,-0.476,-0.053,1100,0,
1785505216.9514,2026-07-31T09:40:16.951,323.024,3251,,,,0,,,,0.4245,-3.13,0.4399,-69.89,1,30.0,hold:DY,+0.000,+0.000,-0.483,-0.057,1100,0,
1785505217.0504,2026-07-31T09:40:17.050,323.123,3252,,,,0,,,,0.4268,-3.47,0.4422,-70.23,1,30.0,hold:DY,+0.000,+0.000,-0.473,-0.065,1100,0,
1785505217.1498,2026-07-31T09:40:17.149,323.223,3253,,,,0,,,,0.4281,-3.65,0.4434,-70.41,1,30.0,hold:DY,+0.000,+0.000,-0.475,-0.072,1100,0,
1785505217.2491,2026-07-31T09:40:17.249,323.322,3254,,,,0,,,,0.4345,-3.99,0.4499,-70.75,1,30.0,hold:DY,+0.000,+0.000,-0.468,-0.077,1100,0,
1785505217.3474,2026-07-31T09:40:17.347,323.420,3255,,,,0,,,,0.4351,-4.16,0.4505,-70.92,1,30.0,hold:DY,+0.000,+0.000,-0.466,-0.085,1100,0,
1785505217.4466,2026-07-31T09:40:17.446,323.520,3256,,,,0,,,,0.4436,-4.49,0.4590,-71.25,1,30.0,hold:DY,+0.000,+0.000,-0.465,-0.089,1100,0,
1785505217.5468,2026-07-31T09:40:17.546,323.620,3257,,,,0,,,,0.4440,-4.65,0.4594,-71.41,1,30.0,hold:DY,+0.000,+0.000,-0.453,-0.097,1100,0,
1785505217.6462,2026-07-31T09:40:17.646,323.719,3258,,,,0,,,,0.4508,-4.97,0.4662,-71.73,1,30.0,hold:DY,+0.000,+0.000,-0.442,-0.105,1100,0,
1785505217.7447,2026-07-31T09:40:17.744,323.818,3259,,,,0,,,,0.4563,-5.29,0.4717,-72.05,1,30.0,hold:DY,+0.000,+0.000,-0.441,-0.109,1100,0,
1785505217.8440,2026-07-31T09:40:17.844,323.917,3260,,,,0,,,,0.4624,-5.44,0.4778,-72.20,1,30.0,hold:DY,+0.000,+0.000,-0.422,-0.117,1100,0,
1785505217.9436,2026-07-31T09:40:17.943,324.017,3261,,,,0,,,,0.4643,-5.73,0.4797,-72.49,1,30.0,hold:DY,+0.000,+0.000,-0.428,-0.122,1100,0,
1785505218.0426,2026-07-31T09:40:18.042,324.116,3262,,,,0,,,,0.4685,-5.87,0.4839,-72.63,1,30.0,hold:DY,+0.000,+0.000,-0.413,-0.129,1100,0,
1785505218.1414,2026-07-31T09:40:18.141,324.214,3263,,,,0,,,,0.4734,-6.12,0.4888,-72.88,1,30.0,hold:DY,+0.000,+0.000,-0.413,-0.134,1100,0,
1785505218.2408,2026-07-31T09:40:18.240,324.314,3264,,,,0,,,,0.4783,-6.25,0.4937,-73.00,1,30.0,hold:DY,+0.000,+0.000,-0.395,-0.141,1100,0,
1785505218.3403,2026-07-31T09:40:18.340,324.413,3265,,,,0,,,,0.4874,-6.47,0.5028,-73.23,1,30.0,hold:DY,+0.000,+0.000,-0.377,-0.148,1100,0,
1785505218.4391,2026-07-31T09:40:18.439,324.512,3266,,,,0,,,,0.4909,-6.68,0.5063,-73.44,1,30.0,hold:DY,+0.000,+0.000,-0.374,-0.152,1100,0,
1785505218.5379,2026-07-31T09:40:18.537,324.611,3267,,,,0,,,,0.4996,-6.78,0.5150,-73.53,1,30.0,hold:DY,+0.000,+0.000,-0.353,-0.158,1100,0,
1785505218.6367,2026-07-31T09:40:18.636,324.710,3268,,,,0,,,,0.5031,-6.94,0.5185,-73.70,1,30.0,hold:DY,+0.000,+0.000,-0.365,-0.163,1100,0,
1785505218.7361,2026-07-31T09:40:18.736,324.809,3269,,,,0,,,,0.5037,-6.96,0.5191,-73.72,1,30.0,hold:DY,+0.000,+0.000,-0.345,-0.167,1100,0,
1785505218.8356,2026-07-31T09:40:18.835,324.909,3270,,,,0,,,,0.5150,-6.88,0.5304,-73.64,1,30.0,hold:DY,+0.000,+0.000,-0.337,-0.169,1100,0,
1785505218.9354,2026-07-31T09:40:18.935,325.008,3271,,,,0,,,,0.5154,-6.72,0.5308,-73.48,1,30.0,hold:DY,+0.000,+0.000,-0.325,-0.170,1100,0,
1785505219.0353,2026-07-31T09:40:19.035,325.108,3272,,,,0,,,,0.5165,-6.62,0.5319,-73.38,1,30.0,hold:DY,+0.000,+0.000,-0.319,-0.169,1100,0,
1785505219.1338,2026-07-31T09:40:19.133,325.207,3273,,,,0,,,,0.5231,-6.36,0.5385,-73.12,1,30.0,hold:DY,+0.000,+0.000,-0.306,-0.170,1100,0,
1785505219.2333,2026-07-31T09:40:19.233,325.306,3274,,,,0,,,,0.5272,-6.21,0.5425,-72.97,1,30.0,hold:DY,+0.000,+0.000,-0.296,-0.167,1100,0,
1785505219.3332,2026-07-31T09:40:19.333,325.406,3275,,,,0,,,,0.5306,-5.90,0.5460,-72.66,1,30.0,hold:DY,+0.000,+0.000,-0.300,-0.166,1100,0,
1785505219.4332,2026-07-31T09:40:19.433,325.506,3276,,,,0,,,,0.5341,-5.65,0.5495,-72.41,1,30.0,hold:DY,+0.000,+0.000,-0.279,-0.164,1100,0,
1785505219.5329,2026-07-31T09:40:19.532,325.606,3277,,,,0,,,,0.5399,-5.55,0.5553,-72.31,1,30.0,hold:DY,+0.000,+0.000,-0.267,-0.162,1100,0,
1785505219.6322,2026-07-31T09:40:19.632,325.705,3278,,,,0,,,,0.5427,-5.15,0.5581,-71.91,1,30.0,hold:DY,+0.000,+0.000,-0.256,-0.161,1100,0,
1785505219.7326,2026-07-31T09:40:19.732,325.806,3279,,,,0,,,,0.5430,-4.85,0.5584,-71.60,1,30.0,hold:DY,+0.000,+0.000,-0.257,-0.154,1100,0,
1785505219.8334,2026-07-31T09:40:19.833,325.906,3280,,,,0,,,,0.5500,-4.10,0.5654,-70.86,1,30.0,hold:DY,+0.000,+0.000,-0.242,-0.142,1100,0,
1785505219.9321,2026-07-31T09:40:19.932,326.005,3281,,,,0,,,,0.5535,-3.16,0.5689,-69.92,1,30.0,hold:DY,+0.000,+0.000,-0.240,-0.136,1100,0,
1785505220.0310,2026-07-31T09:40:20.031,326.104,3282,,,,0,,,,0.5552,-2.61,0.5706,-69.37,1,30.0,hold:DY,+0.000,+0.000,-0.227,-0.118,1100,0,
1785505220.1305,2026-07-31T09:40:20.130,326.203,3283,,,,0,,,,0.5489,-1.47,0.5642,-68.23,1,30.0,hold:DY,+0.000,+0.000,-0.235,-0.108,1100,0,
1785505220.2300,2026-07-31T09:40:20.230,326.303,3284,,,,0,,,,0.5509,-0.96,0.5663,-67.72,1,30.0,hold:DY,+0.000,+0.000,-0.232,+0.000,1100,0,
1785505220.3289,2026-07-31T09:40:20.328,326.402,3285,,,,0,,,,0.5474,-0.07,0.5628,-66.83,1,30.0,hold:DY,+0.000,+0.000,-0.237,+0.000,1100,0,
1785505220.4285,2026-07-31T09:40:20.428,326.502,3286,,,,0,,,,0.5520,0.61,0.5674,-66.15,1,30.0,hold:DY,+0.000,+0.000,-0.234,+0.000,1100,0,
1785505220.5273,2026-07-31T09:40:20.527,326.600,3287,,,,0,,,,0.5495,0.89,0.5649,-65.87,1,30.0,hold:DY,+0.000,+0.000,-0.229,+0.000,1100,0,
1785505220.6263,2026-07-31T09:40:20.626,326.699,3288,,,,0,,,,0.5547,1.35,0.5701,-65.41,1,30.0,hold:DY,+0.000,+0.000,-0.217,+0.000,1100,0,
1785505220.7257,2026-07-31T09:40:20.725,326.799,3289,,,,0,,,,0.5514,1.55,0.5668,-65.21,1,30.0,hold:DY,+0.000,+0.000,-0.221,+0.000,1100,0,
1785505220.8258,2026-07-31T09:40:20.825,326.899,3290,,,,0,,,,0.5506,1.88,0.5660,-64.88,1,30.0,hold:DY,+0.000,+0.000,-0.220,+0.000,1100,0,
1785505220.9264,2026-07-31T09:40:20.926,326.999,3291,,,,0,,,,0.5526,2.16,0.5680,-64.60,1,30.0,hold:DY,+0.000,+0.000,-0.220,+0.037,1100,0,
1785505221.0269,2026-07-31T09:40:21.026,327.100,3292,,,,0,,,,0.5555,2.27,0.5709,-64.49,1,30.0,hold:DY,+0.000,+0.000,-0.206,+0.042,1100,0,
1785505221.1260,2026-07-31T09:40:21.125,327.199,3293,,,,0,,,,0.5552,2.46,0.5706,-64.30,1,30.0,hold:DY,+0.000,+0.000,-0.207,+0.045,1100,0,
1785505221.2240,2026-07-31T09:40:21.224,327.297,3294,,,,0,,,,0.5569,2.53,0.5723,-64.23,1,30.0,hold:DY,+0.000,+0.000,-0.199,+0.049,1100,0,
1785505221.3229,2026-07-31T09:40:21.322,327.396,3295,,,,0,,,,0.5602,2.66,0.5756,-64.10,1,30.0,hold:DY,+0.000,+0.000,-0.190,+0.052,1100,0,
1785505221.4221,2026-07-31T09:40:21.422,327.495,3296,,,,0,,,,0.5563,2.79,0.5717,-63.97,1,30.0,hold:DY,+0.000,+0.000,-0.193,+0.054,1100,0,
1785505221.5215,2026-07-31T09:40:21.521,327.595,3297,,,,0,,,,0.5584,2.86,0.5738,-63.90,1,30.0,hold:DY,+0.000,+0.000,-0.189,+0.058,1100,0,
1785505221.6214,2026-07-31T09:40:21.621,327.694,3298,,,,0,,,,0.5581,3.00,0.5735,-63.76,1,30.0,hold:DY,+0.000,+0.000,-0.197,+0.060,1100,0,
1785505221.7206,2026-07-31T09:40:21.720,327.794,3299,,,,0,,,,0.5577,3.06,0.5731,-63.70,1,30.0,hold:DY,+0.000,+0.000,-0.186,+0.064,1100,0,
1785505221.8201,2026-07-31T09:40:21.820,327.893,3300,,,,0,,,,0.5570,3.20,0.5723,-63.55,1,30.0,hold:DY,+0.000,+0.000,-0.176,+0.067,1100,0,
1785505221.9192,2026-07-31T09:40:21.919,327.992,3301,,,,0,,,,0.5540,3.32,0.5694,-63.44,1,30.0,hold:DY,+0.000,+0.000,-0.188,+0.070,1100,0,
1785505222.0185,2026-07-31T09:40:22.018,328.092,3302,,,,0,,,,0.5495,3.37,0.5649,-63.39,1,30.0,hold:DY,+0.000,+0.000,-0.196,+0.073,1100,0,
1785505222.1174,2026-07-31T09:40:22.117,328.190,3303,,,,0,,,,0.5509,3.49,0.5663,-63.27,1,30.0,hold:DY,+0.000,+0.000,-0.193,+0.076,1100,0,
1785505222.2169,2026-07-31T09:40:22.216,328.290,3304,,,,0,,,,0.5513,3.55,0.5667,-63.21,1,30.0,hold:DY,+0.000,+0.000,-0.188,+0.079,1100,0,
1785505222.3159,2026-07-31T09:40:22.315,328.389,3305,,,,0,,,,0.5468,3.66,0.5622,-63.10,1,30.0,hold:DY,+0.000,+0.000,-0.195,+0.082,1100,0,
1785505222.4158,2026-07-31T09:40:22.415,328.489,3306,,,,0,,,,0.5468,3.71,0.5622,-63.05,1,30.0,hold:DY,+0.000,+0.000,-0.193,+0.085,1100,0,
1785505222.5145,2026-07-31T09:40:22.514,328.588,3307,,,,0,,,,0.5388,3.82,0.5542,-62.94,1,30.0,hold:DY,+0.000,+0.000,-0.198,+0.088,1100,0,
1785505222.6138,2026-07-31T09:40:22.613,328.687,3308,,,,0,,,,0.5421,3.91,0.5575,-62.85,1,30.0,hold:DY,+0.000,+0.000,-0.204,+0.091,1100,0,
1785505222.7126,2026-07-31T09:40:22.712,328.786,3309,,,,0,,,,0.5393,3.95,0.5547,-62.81,1,30.0,hold:DY,+0.000,+0.000,-0.203,+0.094,1100,0,
1785505222.8115,2026-07-31T09:40:22.811,328.884,3310,,,,0,,,,0.5385,4.02,0.5539,-62.74,1,30.0,hold:DY,+0.000,+0.000,-0.211,+0.096,1100,0,
1785505222.9109,2026-07-31T09:40:22.910,328.984,3311,,,,0,,,,0.5303,4.04,0.5457,-62.72,1,30.0,hold:DY,+0.000,+0.000,-0.219,+0.099,1100,0,
1785505223.0091,2026-07-31T09:40:23.009,329.082,3312,,,,0,,,,0.5295,4.10,0.5449,-62.66,1,30.0,hold:DY,+0.000,+0.000,-0.212,+0.101,1100,0,
1785505223.1088,2026-07-31T09:40:23.108,329.182,3313,,,,0,,,,0.5305,4.11,0.5459,-62.65,1,30.0,hold:DY,+0.000,+0.000,-0.216,+0.103,1100,0,
1785505223.2079,2026-07-31T09:40:23.207,329.281,3314,,,,0,,,,0.5253,4.17,0.5407,-62.59,1,30.0,hold:DY,+0.000,+0.000,-0.225,+0.106,1100,0,
1785505223.3070,2026-07-31T09:40:23.307,329.380,3315,,,,0,,,,0.5218,4.21,0.5372,-62.54,1,30.0,hold:DY,+0.000,+0.000,-0.212,+0.108,1100,0,
1785505223.4060,2026-07-31T09:40:23.406,329.479,3316,,,,0,,,,0.5252,4.23,0.5406,-62.53,1,30.0,hold:DY,+0.000,+0.000,-0.223,+0.110,1100,0,
1785505223.5056,2026-07-31T09:40:23.505,329.579,3317,,,,0,,,,0.5215,4.27,0.5369,-62.49,1,30.0,hold:DY,+0.000,+0.000,-0.224,+0.113,1100,0,
1785505223.6045,2026-07-31T09:40:23.604,329.677,3318,,,,0,,,,0.5234,4.31,0.5388,-62.45,1,30.0,hold:DY,+0.000,+0.000,-0.223,+0.115,1100,0,
1785505223.7037,2026-07-31T09:40:23.703,329.777,3319,,,,0,,,,0.5227,4.32,0.5381,-62.44,1,30.0,hold:DY,+0.000,+0.000,-0.225,+0.117,1100,0,
1785505223.8028,2026-07-31T09:40:23.802,329.876,3320,,,,0,,,,0.5200,4.35,0.5354,-62.41,1,30.0,hold:DY,+0.000,+0.000,-0.229,+0.119,1100,0,
1785505223.9012,2026-07-31T09:40:23.901,329.974,3321,,,,0,,,,0.5175,4.38,0.5329,-62.38,1,30.0,hold:DY,+0.000,+0.000,-0.234,+0.122,1100,0,
1785505224.0011,2026-07-31T09:40:24.001,330.074,3322,,,,0,,,,0.5139,4.42,0.5293,-62.33,1,30.0,hold:DY,+0.000,+0.000,-0.248,+0.124,1100,0,
1785505224.0993,2026-07-31T09:40:24.099,330.172,3323,,,,0,,,,0.5103,4.49,0.5257,-62.27,1,30.0,hold:DY,+0.000,+0.000,-0.233,+0.127,1100,0,
1785505224.1991,2026-07-31T09:40:24.199,330.272,3324,,,,0,,,,0.5136,4.51,0.5290,-62.25,1,30.0,hold:DY,+0.000,+0.000,-0.242,+0.129,1100,0,
1785505224.2991,2026-07-31T09:40:24.299,330.372,3325,,,,0,,,,0.5076,4.57,0.5230,-62.19,1,30.0,hold:DY,+0.000,+0.000,-0.251,+0.132,1100,0,
1785505224.3974,2026-07-31T09:40:24.397,330.470,3326,,,,0,,,,0.5025,4.59,0.5179,-62.17,1,30.0,hold:DY,+0.000,+0.000,-0.264,+0.134,1100,0,
1785505224.4970,2026-07-31T09:40:24.496,330.570,3327,,,,0,,,,0.5006,4.63,0.5160,-62.12,1,30.0,hold:DY,+0.000,+0.000,-0.265,+0.137,1100,0,
1785505224.5964,2026-07-31T09:40:24.596,330.669,3328,,,,0,,,,0.4978,4.68,0.5132,-62.08,1,30.0,hold:DY,+0.000,+0.000,-0.270,+0.139,1100,0,
1785505224.6959,2026-07-31T09:40:24.695,330.769,3329,,,,0,,,,0.4959,4.71,0.5113,-62.05,1,30.0,hold:DY,+0.000,+0.000,-0.278,+0.142,1100,0,
1785505224.7945,2026-07-31T09:40:24.794,330.868,3330,,,,0,,,,0.4918,4.76,0.5072,-62.00,1,30.0,hold:DY,+0.000,+0.000,-0.277,+0.144,1100,0,
1785505224.8948,2026-07-31T09:40:24.894,330.968,3331,,,,0,,,,0.4889,4.77,0.5043,-61.99,1,30.0,hold:DY,+0.000,+0.000,-0.292,+0.147,1100,0,
1785505224.9945,2026-07-31T09:40:24.994,331.068,3332,,,,0,,,,0.4867,4.79,0.5021,-61.97,1,30.0,hold:DY,+0.000,+0.000,-0.296,+0.149,1100,0,
1785505225.0956,2026-07-31T09:40:25.095,331.169,3333,,,,0,,,,0.4832,4.79,0.4986,-61.97,1,30.0,hold:DY,+0.000,+0.000,-0.303,+0.151,1100,0,
1785505225.1955,2026-07-31T09:40:25.195,331.268,3334,,,,0,,,,0.4816,4.78,0.4970,-61.98,1,30.0,hold:DY,+0.000,+0.000,-0.306,+0.153,1100,0,
1785505225.2942,2026-07-31T09:40:25.294,331.367,3335,,,,0,,,,0.4776,4.74,0.4930,-62.02,1,30.0,hold:DY,+0.000,+0.000,-0.314,+0.155,1100,0,
1785505225.3925,2026-07-31T09:40:25.392,331.466,3336,,,,0,,,,0.4747,4.64,0.4901,-62.11,1,30.0,hold:DY,+0.000,+0.000,-0.322,+0.154,1100,0,
1785505225.4917,2026-07-31T09:40:25.491,331.565,3337,,,,0,,,,0.4770,4.37,0.4924,-62.39,1,30.0,hold:DY,+0.000,+0.000,-0.327,+0.154,1100,0,
1785505225.5911,2026-07-31T09:40:25.591,331.664,3338,,,,0,,,,0.4710,4.20,0.4864,-62.56,1,30.0,hold:DY,+0.000,+0.000,-0.331,+0.150,1100,0,
1785505225.6907,2026-07-31T09:40:25.690,331.764,3339,,,,0,,,,0.4705,3.80,0.4859,-62.96,1,30.0,hold:DY,+0.000,+0.000,-0.332,+0.148,1100,0,
1785505225.7907,2026-07-31T09:40:25.790,331.864,3340,,,,0,,,,0.4662,3.34,0.4816,-63.42,1,30.0,hold:DY,+0.000,+0.000,-0.331,+0.142,1100,0,
1785505225.8904,2026-07-31T09:40:25.890,331.963,3341,,,,0,,,,0.4675,3.09,0.4829,-63.67,1,30.0,hold:DY,+0.000,+0.000,-0.342,+0.134,1100,0,
1785505225.9900,2026-07-31T09:40:25.990,332.063,3342,,,,0,,,,0.4677,2.60,0.4831,-64.16,1,30.0,hold:DY,+0.000,+0.000,-0.349,+0.131,1100,0,
1785505226.0888,2026-07-31T09:40:26.088,332.162,3343,,,,0,,,,0.4648,2.38,0.4802,-64.37,1,30.0,hold:DY,+0.000,+0.000,-0.350,+0.124,1100,0,
1785505226.1877,2026-07-31T09:40:26.187,332.261,3344,,,,0,,,,0.4578,1.99,0.4732,-64.77,1,30.0,hold:DY,+0.000,+0.000,-0.365,+0.121,1100,0,
1785505226.2873,2026-07-31T09:40:26.287,332.360,3345,,,,0,,,,0.4607,1.82,0.4761,-64.94,1,30.0,hold:DY,+0.000,+0.000,-0.361,+0.000,1100,0,
1785505226.3867,2026-07-31T09:40:26.386,332.460,3346,,,,0,,,,0.4586,1.50,0.4740,-65.26,1,30.0,hold:DY,+0.000,+0.000,-0.367,+0.000,1100,0,
1785505226.4870,2026-07-31T09:40:26.486,332.560,3347,,,,0,,,,0.4581,1.21,0.4735,-65.54,1,30.0,hold:DY,+0.000,+0.000,-0.367,+0.000,1100,0,
1785505226.5866,2026-07-31T09:40:26.586,332.660,3348,,,,0,,,,0.4558,1.08,0.4712,-65.68,1,30.0,hold:DY,+0.000,+0.000,-0.376,+0.000,1100,0,
1785505226.6863,2026-07-31T09:40:26.686,332.759,3349,,,,0,,,,0.4500,0.84,0.4654,-65.92,1,30.0,hold:DY,+0.000,+0.000,-0.375,+0.000,1100,0,
1785505226.7854,2026-07-31T09:40:26.785,332.858,3350,,,,0,,,,0.4552,0.71,0.4706,-66.05,1,30.0,hold:DY,+0.000,+0.000,-0.381,+0.000,1100,0,
1785505226.8840,2026-07-31T09:40:26.884,332.957,3351,,,,0,,,,0.4552,0.50,0.4706,-66.26,1,30.0,hold:DY,+0.000,+0.000,-0.382,+0.000,1100,0,
1785505226.9835,2026-07-31T09:40:26.983,333.056,3352,,,,0,,,,0.4492,0.29,0.4646,-66.47,1,30.0,hold:DY,+0.000,+0.000,-0.389,+0.000,1100,0,
1785505227.0822,2026-07-31T09:40:27.082,333.155,3353,,,,0,,,,0.4472,0.19,0.4625,-66.57,1,30.0,hold:DY,+0.000,+0.000,-0.402,+0.000,1100,0,
1785505227.1815,2026-07-31T09:40:27.181,333.254,3354,,,,0,,,,0.4470,0.00,0.4624,-66.75,1,30.0,hold:DY,+0.000,+0.000,-0.401,+0.000,1100,0,
1785505227.2798,2026-07-31T09:40:27.279,333.353,3355,,,,0,,,,0.4512,-0.09,0.4666,-66.84,1,30.0,hold:DY,+0.000,+0.000,-0.398,+0.000,1100,0,
1785505227.3788,2026-07-31T09:40:27.378,333.452,3356,,,,0,,,,0.4533,-0.27,0.4687,-67.03,1,30.0,hold:DY,+0.000,+0.000,-0.400,+0.000,1100,0,
1785505227.4785,2026-07-31T09:40:27.478,333.552,3357,,,,0,,,,0.4470,-0.46,0.4624,-67.22,1,30.0,hold:DY,+0.000,+0.000,-0.407,+0.000,1100,0,
1785505227.5773,2026-07-31T09:40:27.577,333.650,3358,,,,0,,,,0.4529,-0.55,0.4683,-67.31,1,30.0,hold:DY,+0.000,+0.000,-0.401,+0.000,1100,0,
1785505227.6767,2026-07-31T09:40:27.676,333.750,3359,,,,0,,,,0.4510,-0.72,0.4664,-67.48,1,30.0,hold:DY,+0.000,+0.000,-0.410,+0.000,1100,0,
1785505227.7761,2026-07-31T09:40:27.776,333.849,3360,,,,0,,,,0.4521,-0.81,0.4675,-67.57,1,30.0,hold:DY,+0.000,+0.000,-0.406,+0.000,1100,0,
1785505227.8754,2026-07-31T09:40:27.875,333.948,3361,,,,0,,,,0.4524,-1.00,0.4678,-67.76,1,30.0,hold:DY,+0.000,+0.000,-0.410,+0.000,1100,0,
1785505227.9745,2026-07-31T09:40:27.974,334.048,3362,,,,0,,,,0.4539,-1.19,0.4692,-67.94,1,30.0,hold:DY,+0.000,+0.000,-0.403,+0.000,1100,0,
1785505228.0736,2026-07-31T09:40:28.073,334.147,3363,,,,0,,,,0.4539,-1.28,0.4693,-68.04,1,30.0,hold:DY,+0.000,+0.000,-0.408,+0.000,1100,0,
1785505228.1720,2026-07-31T09:40:28.171,334.245,3364,,,,0,,,,0.4556,-1.45,0.4710,-68.21,1,30.0,hold:DY,+0.000,+0.000,-0.399,+0.000,1100,0,
1785505228.2713,2026-07-31T09:40:28.271,334.344,3365,,,,0,,,,0.4569,-1.53,0.4723,-68.29,1,30.0,hold:DY,+0.000,+0.000,-0.406,+0.000,1100,0,
1785505228.3703,2026-07-31T09:40:28.370,334.443,3366,,,,0,,,,0.4649,-1.67,0.4803,-68.43,1,30.0,hold:DY,+0.000,+0.000,-0.397,+0.000,1100,0,
1785505228.4698,2026-07-31T09:40:28.469,334.543,3367,,,,0,,,,0.4699,-1.81,0.4853,-68.57,1,30.0,hold:DY,+0.000,+0.000,-0.384,+0.000,1100,0,
1785505228.5693,2026-07-31T09:40:28.569,334.642,3368,,,,0,,,,0.4701,-1.88,0.4855,-68.64,1,30.0,hold:DY,+0.000,+0.000,-0.384,+0.000,1100,0,
1785505228.6683,2026-07-31T09:40:28.668,334.741,3369,,,,0,,,,0.4703,-1.99,0.4857,-68.75,1,30.0,hold:DY,+0.000,+0.000,-0.384,+0.000,1100,0,
1785505228.7675,2026-07-31T09:40:28.767,334.840,3370,,,,0,,,,0.4743,-2.05,0.4897,-68.81,1,30.0,hold:DY,+0.000,+0.000,-0.377,-0.037,1100,0,
1785505228.8668,2026-07-31T09:40:28.866,334.940,3371,,,,0,,,,0.4787,-2.15,0.4941,-68.91,1,30.0,hold:DY,+0.000,+0.000,-0.377,-0.039,1100,0,
1785505228.9664,2026-07-31T09:40:28.966,335.039,3372,,,,0,,,,0.4865,-2.26,0.5019,-69.02,1,30.0,hold:DY,+0.000,+0.000,-0.371,-0.042,1100,0,
1785505229.0658,2026-07-31T09:40:29.065,335.139,3373,,,,0,,,,0.4847,-2.30,0.5001,-69.06,1,30.0,hold:DY,+0.000,+0.000,-0.358,-0.044,1100,0,
1785505229.1651,2026-07-31T09:40:29.165,335.238,3374,,,,0,,,,0.4887,-2.38,0.5041,-69.14,1,30.0,hold:DY,+0.000,+0.000,-0.357,-0.046,1100,0,
1785505229.2637,2026-07-31T09:40:29.263,335.337,3375,,,,0,,,,0.4911,-2.41,0.5065,-69.17,1,30.0,hold:DY,+0.000,+0.000,-0.346,-0.048,1100,0,
1785505229.3619,2026-07-31T09:40:29.361,335.435,3376,,,,0,,,,0.4910,-2.47,0.5064,-69.23,1,30.0,hold:DY,+0.000,+0.000,-0.348,-0.050,1100,0,
1785505229.4618,2026-07-31T09:40:29.461,335.535,3377,,,,0,,,,0.4962,-2.49,0.5116,-69.25,1,30.0,hold:DY,+0.000,+0.000,-0.335,-0.052,1100,0,
1785505229.5601,2026-07-31T09:40:29.560,335.633,3378,,,,0,,,,0.4943,-2.53,0.5097,-69.29,1,30.0,hold:DY,+0.000,+0.000,-0.342,-0.053,1100,0,
1785505229.6594,2026-07-31T09:40:29.659,335.732,3379,,,,0,,,,0.5008,-2.55,0.5162,-69.31,1,30.0,hold:DY,+0.000,+0.000,-0.331,-0.054,1100,0,
1785505229.7588,2026-07-31T09:40:29.758,335.832,3380,,,,0,,,,0.5002,-2.57,0.5156,-69.33,1,30.0,hold:DY,+0.000,+0.000,-0.327,-0.056,1100,0,
1785505229.8581,2026-07-31T09:40:29.858,335.931,3381,,,,0,,,,0.5078,-2.58,0.5232,-69.33,1,30.0,hold:DY,+0.000,+0.000,-0.316,-0.057,1100,0,
1785505229.9579,2026-07-31T09:40:29.957,336.031,3382,,,,0,,,,0.5049,-2.58,0.5203,-69.33,1,30.0,hold:DY,+0.000,+0.000,-0.318,-0.058,1100,0,
1785505230.0578,2026-07-31T09:40:30.057,336.131,3383,,,,0,,,,0.5105,-2.58,0.5259,-69.34,1,30.0,hold:DY,+0.000,+0.000,-0.314,-0.059,1100,0,
1785505230.1570,2026-07-31T09:40:30.157,336.230,3384,,,,0,,,,0.5105,-2.58,0.5259,-69.34,1,30.0,hold:DY,+0.000,+0.000,-0.307,-0.060,1100,0,
1785505230.2566,2026-07-31T09:40:30.256,336.330,3385,,,,0,,,,0.5105,-2.58,0.5259,-69.34,1,30.0,hold:DY,+0.000,+0.000,-0.307,-0.061,1100,0,
1785505230.3560,2026-07-31T09:40:30.355,336.429,3386,,,,0,,,,0.5105,-2.58,0.5259,-69.34,1,30.0,hold:DY,+0.000,+0.000,-0.307,-0.062,1100,0,
1785505230.4553,2026-07-31T09:40:30.455,336.528,3387,,,,0,,,,0.5105,-2.58,0.5259,-69.34,1,30.0,hold:DY,+0.000,+0.000,-0.307,-0.063,1100,0,
1785505230.5556,2026-07-31T09:40:30.555,336.629,3388,,,,0,,,,0.5105,-2.58,0.5259,-69.34,1,30.0,hold:DY,+0.000,+0.000,-0.307,-0.064,1100,0,
1785505230.6543,2026-07-31T09:40:30.654,336.727,3389,,,,0,,,,0.5105,-2.58,0.5259,-69.34,1,30.0,hold:DY,+0.000,+0.000,-0.307,-0.065,1100,0,
1785505230.7541,2026-07-31T09:40:30.754,336.827,3390,,,,0,,,,0.5105,-2.58,0.5259,-69.34,1,30.0,hold:DY,+0.000,+0.000,-0.307,-0.066,1100,0,
1785505230.8547,2026-07-31T09:40:30.854,336.928,3391,,,,0,,,,0.5105,-2.58,0.5259,-69.34,1,30.0,hold:DY,+0.000,+0.000,-0.307,-0.067,1100,0,
1785505230.9538,2026-07-31T09:40:30.953,337.027,3392,,,,0,,,,0.5105,-2.58,0.5259,-69.34,1,30.0,hold:DY,+0.000,+0.000,-0.307,-0.068,1100,0,
1785505231.0533,2026-07-31T09:40:31.053,337.126,3393,,,,0,,,,0.5105,-2.58,0.5259,-69.34,1,30.0,hold:DY,+0.000,+0.000,-0.307,-0.069,1100,0,
1785505231.1528,2026-07-31T09:40:31.152,337.226,3394,,,,0,,,,0.5105,-2.58,0.5259,-69.34,1,30.0,hold:DY,+0.000,+0.000,-0.307,-0.070,1100,0,
1785505231.2525,2026-07-31T09:40:31.252,337.325,3395,,,,0,,,,0.5105,-2.58,0.5259,-69.34,1,30.0,hold:DY,+0.000,+0.000,-0.307,-0.072,1100,0,
1785505231.3513,2026-07-31T09:40:31.351,337.424,3396,,,,0,,,,0.5105,-2.58,0.5259,-69.34,1,30.0,hold:DY,+0.000,+0.000,-0.307,-0.073,1100,0,
1785505231.4508,2026-07-31T09:40:31.450,337.524,3397,,,,0,,,,0.5105,-2.58,0.5259,-69.34,1,30.0,hold:DY,+0.000,+0.000,-0.307,-0.074,1100,0,
1785505231.5498,2026-07-31T09:40:31.549,337.623,3398,,,,0,,,,0.5105,-2.58,0.5259,-69.34,1,30.0,hold:DY,+0.000,+0.000,-0.307,-0.075,1100,0,
1785505231.6485,2026-07-31T09:40:31.648,337.721,3399,,,,0,,,,0.5105,-2.58,0.5259,-69.34,1,30.0,hold:DY,+0.000,+0.000,-0.307,-0.076,1100,0,
1785505231.7473,2026-07-31T09:40:31.747,337.820,3400,,,,0,,,,0.5105,-2.58,0.5259,-69.34,1,30.0,hold:DY,+0.000,+0.000,-0.307,-0.077,1100,0,
1785505231.8466,2026-07-31T09:40:31.846,337.920,3401,,,,0,,,,0.5105,-2.58,0.5259,-69.34,1,30.0,hold:DY,+0.000,+0.000,-0.307,-0.078,1100,0,
1785505231.9455,2026-07-31T09:40:31.945,338.019,3402,,,,0,,,,0.5105,-2.58,0.5259,-69.34,1,30.0,hold:DY,+0.000,+0.000,-0.307,-0.079,1100,0,
1785505232.0445,2026-07-31T09:40:32.044,338.118,3403,,,,0,,,,,,,,0,30.0,hold:DY,+0.000,+0.000,-0.307,-0.080,1100,0,
1785505232.1442,2026-07-31T09:40:32.144,338.217,3404,,,,0,,,,,,,,0,30.0,hold:DY,+0.000,+0.000,+0.000,+0.000,1100,0,
1785505232.2454,2026-07-31T09:40:32.245,338.318,3405,,,,0,,,,,,,,0,30.0,hold:DY,+0.000,+0.000,+0.000,+0.000,1100,0,
1785505232.3462,2026-07-31T09:40:32.346,338.419,3406,,,,0,,,,,,,,0,30.0,hold:DY,+0.000,+0.000,+0.000,+0.000,1100,0,
1785505232.4461,2026-07-31T09:40:32.446,338.519,3407,,,,0,,,,,,,,0,30.0,hold:DY,+0.000,+0.000,+0.000,+0.000,1100,0,
1785505232.5451,2026-07-31T09:40:32.545,338.618,3408,,,,0,,,,,,,,0,30.0,hold:DY,+0.000,+0.000,+0.000,+0.000,1100,0,
1785505232.6441,2026-07-31T09:40:32.644,338.717,3409,,,,0,,,,,,,,0,30.0,hold:DY,+0.000,+0.000,+0.000,+0.000,1100,0,
1785505232.7442,2026-07-31T09:40:32.744,338.817,3410,,,,0,,,,,,,,0,30.0,hold:DY,+0.000,+0.000,+0.000,+0.000,1100,0,
1785505232.8442,2026-07-31T09:40:32.844,338.917,3411,,,,0,,,,,,,,0,30.0,hold:DY,+0.000,+0.000,+0.000,+0.000,1100,0,
1785505232.9430,2026-07-31T09:40:32.943,339.016,3412,,,,0,,,,,,,,0,30.0,hold:DY,+0.000,+0.000,+0.000,+0.000,1100,0,
1785505233.0420,2026-07-31T09:40:33.042,339.115,3413,,,,0,,,,,,,,0,30.0,hold:DY,+0.000,+0.000,+0.000,+0.000,1100,0,
1785505233.1410,2026-07-31T09:40:33.141,339.214,3414,,,,0,,,,,,,,0,30.0,hold:DY,+0.000,+0.000,+0.000,+0.000,1100,0,
1785505233.2398,2026-07-31T09:40:33.239,339.313,3415,,,,0,,,,,,,,0,30.0,hold:DY,+0.000,+0.000,+0.000,+0.000,1100,0,
1785505233.3387,2026-07-31T09:40:33.338,339.412,3416,,,,0,,,,,,,,0,30.0,hold:DY,+0.000,+0.000,+0.000,+0.000,1100,0,
1785505233.4374,2026-07-31T09:40:33.437,339.510,3417,,,,0,,,,,,,,0,30.0,hold:DY,+0.000,+0.000,+0.000,+0.000,1100,0,
1785505233.5393,2026-07-31T09:40:33.539,339.612,3418,,,,0,,,,,,,,0,30.0,hold:DY,+0.000,+0.000,+0.000,+0.000,1100,0,
1785505233.6403,2026-07-31T09:40:33.640,339.713,3419,,,,0,,,,,,,,0,30.0,hold:DY,+0.000,+0.000,+0.000,+0.000,1100,0,
1785505233.7393,2026-07-31T09:40:33.739,339.812,3420,,,,0,,,,,,,,0,30.0,hold:DY,+0.000,+0.000,+0.000,+0.000,1100,0,
1785505233.8392,2026-07-31T09:40:33.839,339.912,3421,,,,0,,,,,,,,0,30.0,hold:DY,+0.000,+0.000,+0.000,+0.000,1100,0,
1785505233.9382,2026-07-31T09:40:33.938,340.011,3422,,,,0,,,,,,,,0,30.0,hold:DY,+0.000,+0.000,+0.000,+0.000,1100,0,
1785505234.0371,2026-07-31T09:40:34.037,340.110,3423,,,,0,,,,,,,,0,30.0,hold:DY,+0.000,+0.000,+0.000,+0.000,1100,0,
1785505234.1360,2026-07-31T09:40:34.136,340.209,3424,,,,0,,,,,,,,0,30.0,hold:DY,+0.000,+0.000,+0.000,+0.000,1100,0,
1785505234.2350,2026-07-31T09:40:34.235,340.308,3425,,,,0,,,,,,,,0,30.0,hold:DY,+0.000,+0.000,+0.000,+0.000,1100,0,
1785505234.3337,2026-07-31T09:40:34.333,340.407,3426,,,,0,,,,,,,,0,30.0,hold:DY,+0.000,+0.000,+0.000,+0.000,1100,0,
1785505234.4354,2026-07-31T09:40:34.435,340.508,3427,,,,0,,,,,,,,0,30.0,hold:DY,+0.000,+0.000,+0.000,+0.000,1100,0,
1785505234.5343,2026-07-31T09:40:34.534,340.607,3428,,,,0,,,,,,,,0,30.0,hold:DY,+0.000,+0.000,+0.000,+0.000,1100,0,
1785505234.6328,2026-07-31T09:40:34.632,340.706,3429,,,,0,,,,,,,,0,30.0,hold:DY,+0.000,+0.000,+0.000,+0.000,1100,0,
1785505234.7318,2026-07-31T09:40:34.731,340.805,3430,,,,0,,,,,,,,0,30.0,hold:DY,+0.000,+0.000,+0.000,+0.000,1100,0,
1785505234.8309,2026-07-31T09:40:34.830,340.904,3431,,,,0,,,,,,,,0,30.0,hold:DY,+0.000,+0.000,+0.000,+0.000,1100,0,
1785505234.9298,2026-07-31T09:40:34.929,341.003,3432,,,,0,,,,,,,,0,30.0,hold:DY,+0.000,+0.000,+0.000,+0.000,1100,0,
1785505235.0296,2026-07-31T09:40:35.029,341.103,3433,,,,0,,,,,,,,0,30.0,hold:DY,+0.000,+0.000,+0.000,+0.000,1100,0,
1785505235.1316,2026-07-31T09:40:35.131,341.205,3434,,,,0,,,,,,,,0,30.0,hold:DY,+0.000,+0.000,+0.000,+0.000,1100,0,
1785505235.2324,2026-07-31T09:40:35.232,341.305,3435,,,,0,,,,,,,,0,30.0,hold:DY,+0.000,+0.000,+0.000,+0.000,1100,0,
1785505235.3314,2026-07-31T09:40:35.331,341.404,3436,,,,0,,,,,,,,0,30.0,hold:DY,+0.000,+0.000,+0.000,+0.000,1100,0,
1785505235.4304,2026-07-31T09:40:35.430,341.503,3437,,,,0,,,,,,,,0,30.0,hold:DY,+0.000,+0.000,+0.000,+0.000,1100,0,
1785505235.5295,2026-07-31T09:40:35.529,341.603,3438,,,,0,,,,,,,,0,30.0,hold:DY,+0.000,+0.000,+0.000,+0.000,1100,0,
1785505235.6307,2026-07-31T09:40:35.630,341.704,3439,,,,0,,,,,,,,0,30.0,hold:DY,+0.000,+0.000,+0.000,+0.000,1100,0,
1785505235.7326,2026-07-31T09:40:35.732,341.806,3440,,,,0,,,,,,,,0,30.0,hold:DY,+0.000,+0.000,+0.000,+0.000,1100,0,
1785505235.8309,2026-07-31T09:40:35.830,341.904,3441,,,,0,,,,,,,,0,30.0,hold:DY,+0.000,+0.000,+0.000,+0.000,1100,0,
1785505235.9307,2026-07-31T09:40:35.930,342.004,3442,,,,0,,,,,,,,0,30.0,hold:DY,+0.000,+0.000,+0.000,+0.000,1100,0,
1785505236.0317,2026-07-31T09:40:36.031,342.105,3443,,,,0,,,,,,,,0,30.0,hold:DY,+0.000,+0.000,+0.000,+0.000,1100,0,
1785505236.1325,2026-07-31T09:40:36.132,342.206,3444,,,,0,,,,,,,,0,30.0,hold:DY,+0.000,+0.000,+0.000,+0.000,1100,0,
1785505236.2304,2026-07-31T09:40:36.230,342.303,3445,,,,0,,,,,,,,0,30.0,hold:DY,+0.000,+0.000,+0.000,+0.000,1100,0,
1785505236.3293,2026-07-31T09:40:36.329,342.402,3446,,,,0,,,,,,,,0,30.0,hold:DY,+0.000,+0.000,+0.000,+0.000,1100,0,
1785505236.4283,2026-07-31T09:40:36.428,342.501,3447,,,,0,,,,,,,,0,30.0,hold:DY,+0.000,+0.000,+0.000,+0.000,1100,0,
1785505236.5271,2026-07-31T09:40:36.527,342.600,3448,,,,0,,,,,,,,0,30.0,hold:DY,+0.000,+0.000,+0.000,+0.000,1100,0,
1785505236.6263,2026-07-31T09:40:36.626,342.699,3449,,,,0,,,,,,,,0,30.0,hold:DY,+0.000,+0.000,+0.000,+0.000,1100,0,
1785505236.7252,2026-07-31T09:40:36.725,342.798,3450,,,,0,,,,,,,,0,30.0,hold:DY,+0.000,+0.000,+0.000,+0.000,1100,0,
1785505236.8243,2026-07-31T09:40:36.824,342.897,3451,,,,0,,,,,,,,0,30.0,hold:DY,+0.000,+0.000,+0.000,+0.000,1100,0,
1785505236.9233,2026-07-31T09:40:36.923,342.996,3452,,,,0,,,,,,,,0,30.0,hold:DY,+0.000,+0.000,+0.000,+0.000,1100,0,
1785505237.0226,2026-07-31T09:40:37.022,343.096,3453,,,,0,,,,,,,,0,30.0,hold:DY,+0.000,+0.000,+0.000,+0.000,1100,0,
1785505237.1214,2026-07-31T09:40:37.121,343.194,3454,,,,0,,,,,,,,0,30.0,hold:DY,+0.000,+0.000,+0.000,+0.000,1100,0,
1785505237.2202,2026-07-31T09:40:37.220,343.293,3455,,,,0,,,,,,,,0,30.0,hold:DY,+0.000,+0.000,+0.000,+0.000,1100,0,
1785505237.3208,2026-07-31T09:40:37.320,343.394,3456,,,,0,,,,,,,,0,30.0,hold:DY,+0.000,+0.000,+0.000,+0.000,1100,0,
1785505237.4197,2026-07-31T09:40:37.419,343.493,3457,,,,0,,,,,,,,0,30.0,hold:DY,+0.000,+0.000,+0.000,+0.000,1100,0,
1785505237.5185,2026-07-31T09:40:37.518,343.592,3458,,,,0,,,,,,,,0,30.0,hold:DY,+0.000,+0.000,+0.000,+0.000,1100,0,
1785505237.6177,2026-07-31T09:40:37.617,343.691,3459,,,,0,,,,,,,,0,30.0,hold:DY,+0.000,+0.000,+0.000,+0.000,1100,0,
1785505237.7165,2026-07-31T09:40:37.716,343.789,3460,,,,0,,,,,,,,0,30.0,hold:DY,+0.000,+0.000,+0.000,+0.000,1100,0,
1785505237.8158,2026-07-31T09:40:37.815,343.889,3461,,,,0,,,,,,,,0,30.0,hold:DY,+0.000,+0.000,+0.000,+0.000,1100,0,
1785505237.9147,2026-07-31T09:40:37.914,343.988,3462,,,,0,,,,,,,,0,30.0,hold:DY,+0.000,+0.000,+0.000,+0.000,1100,0,
1785505238.0136,2026-07-31T09:40:38.013,344.087,3463,,,,0,,,,,,,,0,30.0,hold:DY,+0.000,+0.000,+0.000,+0.000,1100,0,
1785505238.1128,2026-07-31T09:40:38.112,344.186,3464,,,,0,,,,,,,,0,30.0,hold:DY,+0.000,+0.000,+0.000,+0.000,1100,0,
1785505238.2120,2026-07-31T09:40:38.212,344.285,3465,,,,0,,,,,,,,0,30.0,hold:DY,+0.000,+0.000,+0.000,+0.000,1100,0,
1785505238.3125,2026-07-31T09:40:38.312,344.386,3466,,,,0,,,,,,,,0,30.0,hold:DY,+0.000,+0.000,+0.000,+0.000,1100,0,
1785505238.4113,2026-07-31T09:40:38.411,344.484,3467,,,,0,,,,,,,,0,30.0,hold:DY,+0.000,+0.000,+0.000,+0.000,1100,0,
1785505238.5111,2026-07-31T09:40:38.511,344.584,3468,,,,0,,,,,,,,0,30.0,hold:DY,+0.000,+0.000,+0.000,+0.000,1100,0,
1785505238.6104,2026-07-31T09:40:38.610,344.683,3469,,,,0,,,,,,,,0,30.0,hold:DY,+0.000,+0.000,+0.000,+0.000,1100,0,
1785505238.7095,2026-07-31T09:40:38.709,344.783,3470,,,,0,,,,,,,,0,30.0,hold:DY,+0.000,+0.000,+0.000,+0.000,1100,0,
1785505238.8087,2026-07-31T09:40:38.808,344.882,3471,,,,0,,,,,,,,0,30.0,hold:DY,+0.000,+0.000,+0.000,+0.000,1100,0,
1785505238.9079,2026-07-31T09:40:38.907,344.981,3472,,,,0,,,,,,,,0,30.0,hold:DY,+0.000,+0.000,+0.000,+0.000,1100,0,
1785505239.0067,2026-07-31T09:40:39.006,345.080,3473,,,,0,,,,,,,,0,30.0,hold:DY,+0.000,+0.000,+0.000,+0.000,1100,0,
1785505239.1057,2026-07-31T09:40:39.105,345.179,3474,,,,0,,,,,,,,0,30.0,hold:DY,+0.000,+0.000,+0.000,+0.000,1100,0,
1785505239.2051,2026-07-31T09:40:39.205,345.278,3475,,,,0,,,,,,,,0,30.0,hold:DY,+0.000,+0.000,+0.000,+0.000,1100,0,
1785505239.3042,2026-07-31T09:40:39.304,345.377,3476,,,,0,,,,,,,,0,30.0,hold:DY,+0.000,+0.000,+0.000,+0.000,1100,0,
1785505239.4043,2026-07-31T09:40:39.404,345.477,3477,,,,0,,,,,,,,0,30.0,hold:DY,+0.000,+0.000,+0.000,+0.000,1100,0,
1785505239.5034,2026-07-31T09:40:39.503,345.576,3478,,,,0,,,,,,,,0,30.0,hold:DY,+0.000,+0.000,+0.000,+0.000,1100,0,
1785505239.6024,2026-07-31T09:40:39.602,345.675,3479,,,,0,,,,,,,,0,30.0,hold:DY,+0.000,+0.000,+0.000,+0.000,1100,0,
1785505239.7017,2026-07-31T09:40:39.701,345.775,3480,,,,0,,,,,,,,0,30.0,hold:DY,+0.000,+0.000,+0.000,+0.000,1100,0,
1785505239.8005,2026-07-31T09:40:39.800,345.874,3481,,,,0,,,,,,,,0,30.0,hold:DY,+0.000,+0.000,+0.000,+0.000,1100,0,
1785505239.8995,2026-07-31T09:40:39.899,345.973,3482,,,,0,,,,,,,,0,30.0,hold:DY,+0.000,+0.000,+0.000,+0.000,1100,0,
1785505239.9988,2026-07-31T09:40:39.998,346.072,3483,,,,0,,,,,,,,0,30.0,hold:DY,+0.000,+0.000,+0.000,+0.000,1100,0,
1785505240.0992,2026-07-31T09:40:40.099,346.172,3484,,,,0,,,,,,,,0,30.0,hold:DY,+0.000,+0.000,+0.000,+0.000,1100,0,
1785505240.1993,2026-07-31T09:40:40.199,346.272,3485,,,,0,,,,,,,,0,30.0,hold:DY,+0.000,+0.000,+0.000,+0.000,1100,0,
1785505240.2997,2026-07-31T09:40:40.299,346.373,3486,,,,0,,,,,,,,0,30.0,hold:DY,+0.000,+0.000,+0.000,+0.000,1100,0,
1785505240.3984,2026-07-31T09:40:40.398,346.471,3487,,,,0,,,,,,,,0,30.0,hold:DY,+0.000,+0.000,+0.000,+0.000,1100,0,
1785505240.4974,2026-07-31T09:40:40.497,346.570,3488,,,,0,,,,,,,,0,30.0,hold:DY,+0.000,+0.000,+0.000,+0.000,1100,0,
1785505240.5974,2026-07-31T09:40:40.597,346.670,3489,,,,0,,,,,,,,0,30.0,hold:DY,+0.000,+0.000,+0.000,+0.000,1100,0,
1785505240.6968,2026-07-31T09:40:40.696,346.770,3490,,,,0,,,,,,,,0,30.0,hold:DY,+0.000,+0.000,+0.000,+0.000,1100,0,
1785505240.7957,2026-07-31T09:40:40.795,346.869,3491,,,,0,,,,,,,,0,30.0,hold:DY,+0.000,+0.000,+0.000,+0.000,1100,0,
1785505240.8946,2026-07-31T09:40:40.894,346.968,3492,,,,0,,,,,,,,0,30.0,hold:DY,+0.000,+0.000,+0.000,+0.000,1100,0,
1785505240.9936,2026-07-31T09:40:40.993,347.067,3493,,,,0,,,,,,,,0,30.0,hold:DY,+0.000,+0.000,+0.000,+0.000,1100,0,
1785505241.0935,2026-07-31T09:40:41.093,347.166,3494,,,,0,,,,,,,,0,30.0,hold:DY,+0.000,+0.000,+0.000,+0.000,1100,0,
1785505241.1944,2026-07-31T09:40:41.194,347.267,3495,,,,0,,,,,,,,0,30.0,hold:DY,+0.000,+0.000,+0.000,+0.000,1100,0,
1785505241.2964,2026-07-31T09:40:41.296,347.369,3496,,,,0,,,,,,,,0,30.0,hold:DY,+0.000,+0.000,+0.000,+0.000,1100,0,
1785505241.3945,2026-07-31T09:40:41.394,347.468,3497,,,,0,,,,,,,,0,30.0,hold:DY,+0.000,+0.000,+0.000,+0.000,1100,0,
1785505241.4954,2026-07-31T09:40:41.495,347.568,3498,,,,0,,,,,,,,0,30.0,hold:DY,+0.000,+0.000,+0.000,+0.000,1100,0,
1785505241.5958,2026-07-31T09:40:41.595,347.669,3499,,,,0,,,,,,,,0,30.0,hold:DY,+0.000,+0.000,+0.000,+0.000,1100,0,
1785505241.6947,2026-07-31T09:40:41.694,347.768,3500,,,,0,,,,,,,,0,30.0,hold:DY,+0.000,+0.000,+0.000,+0.000,1100,0,
1785505241.7937,2026-07-31T09:40:41.793,347.867,3501,,,,0,,,,,,,,0,30.0,hold:DY,+0.000,+0.000,+0.000,+0.000,1100,0,
1785505241.8936,2026-07-31T09:40:41.893,347.967,3502,,,,0,,,,,,,,0,30.0,hold:DY,+0.000,+0.000,+0.000,+0.000,1100,0,
1785505241.9932,2026-07-31T09:40:41.993,348.066,3503,,,,0,,,,,,,,0,30.0,hold:DY,+0.000,+0.000,+0.000,+0.000,1100,0,
1785505242.0924,2026-07-31T09:40:42.092,348.165,3504,,,,0,,,,,,,,0,30.0,hold:DY,+0.000,+0.000,+0.000,+0.000,1100,0,
1785505242.1916,2026-07-31T09:40:42.191,348.265,3505,,,,0,,,,,,,,0,30.0,hold:DY,+0.000,+0.000,+0.000,+0.000,1100,0,
1785505242.2924,2026-07-31T09:40:42.292,348.365,3506,,,,0,,,,,,,,0,30.0,hold:DY,+0.000,+0.000,+0.000,+0.000,1100,0,
1785505242.3912,2026-07-31T09:40:42.391,348.464,3507,,,,0,,,,,,,,0,30.0,hold:DY,+0.000,+0.000,+0.000,+0.000,1100,0,
1785505242.4901,2026-07-31T09:40:42.490,348.563,3508,,,,0,,,,,,,,0,30.0,hold:DY,+0.000,+0.000,+0.000,+0.000,1100,0,
1785505242.5893,2026-07-31T09:40:42.589,348.662,3509,,,,0,,,,,,,,0,30.0,hold:DY,+0.000,+0.000,+0.000,+0.000,1100,0,
1785505242.6882,2026-07-31T09:40:42.688,348.761,3510,,,,0,,,,,,,,0,30.0,hold:DY,+0.000,+0.000,+0.000,+0.000,1100,0,
1785505242.7871,2026-07-31T09:40:42.787,348.860,3511,,,,0,,,,,,,,0,30.0,hold:DY,+0.000,+0.000,+0.000,+0.000,1100,0,
1785505242.8862,2026-07-31T09:40:42.886,348.959,3512,,,,0,,,,,,,,0,30.0,hold:DY,+0.000,+0.000,+0.000,+0.000,1100,0,
1785505242.9850,2026-07-31T09:40:42.985,349.058,3513,,,,0,,,,,,,,0,30.0,hold:DY,+0.000,+0.000,+0.000,+0.000,1100,0,
1785505243.0841,2026-07-31T09:40:43.084,349.157,3514,,,,0,,,,,,,,0,30.0,hold:DY,+0.000,+0.000,+0.000,+0.000,1100,0,
1785505243.1830,2026-07-31T09:40:43.183,349.256,3515,,,,0,,,,,,,,0,30.0,hold:DY,+0.000,+0.000,+0.000,+0.000,1100,0,
1785505243.2822,2026-07-31T09:40:43.282,349.355,3516,,,,0,,,,,,,,0,30.0,hold:DY,+0.000,+0.000,+0.000,+0.000,1100,0,
1785505243.3812,2026-07-31T09:40:43.381,349.454,3517,,,,0,,,,,,,,0,30.0,hold:DY,+0.000,+0.000,+0.000,+0.000,1100,0,
1785505243.4801,2026-07-31T09:40:43.480,349.553,3518,,,,0,,,,,,,,0,30.0,hold:DY,+0.000,+0.000,+0.000,+0.000,1100,0,
1785505243.5794,2026-07-31T09:40:43.579,349.652,3519,,,,0,,,,,,,,0,30.0,hold:DY,+0.000,+0.000,+0.000,+0.000,1100,0,
1785505243.6784,2026-07-31T09:40:43.678,349.751,3520,,,,0,,,,,,,,0,30.0,hold:DY,+0.000,+0.000,+0.000,+0.000,1100,0,
1785505243.7775,2026-07-31T09:40:43.777,349.851,3521,,,,0,,,,,,,,0,30.0,hold:DY,+0.000,+0.000,+0.000,+0.000,1100,0,
1785505243.8764,2026-07-31T09:40:43.876,349.949,3522,,,,0,,,,,,,,0,30.0,hold:DY,+0.000,+0.000,+0.000,+0.000,1100,0,
1785505243.9754,2026-07-31T09:40:43.975,350.048,3523,,,,0,,,,,,,,0,30.0,hold:DY,+0.000,+0.000,+0.000,+0.000,1100,0,
1785505244.0744,2026-07-31T09:40:44.074,350.147,3524,,,,0,,,,,,,,0,30.0,hold:DY,+0.000,+0.000,+0.000,+0.000,1100,0,
1785505244.1733,2026-07-31T09:40:44.173,350.246,3525,,,,0,,,,,,,,0,30.0,hold:DY,+0.000,+0.000,+0.000,+0.000,1100,0,
1785505244.2721,2026-07-31T09:40:44.272,350.345,3526,,,,0,,,,,,,,0,30.0,hold:DY,+0.000,+0.000,+0.000,+0.000,1100,0,
1785505244.3713,2026-07-31T09:40:44.371,350.444,3527,,,,0,,,,,,,,0,30.0,hold:DY,+0.000,+0.000,+0.000,+0.000,1100,0,
