t_epoch,iso_time,t_elapsed_s,seq,tag_id,tag_distance_m,tag_under_1m,tag_count,det_seq,det_t_epoch,det_age_ms,depth_m,yaw_deg,depth_raw_m,yaw_raw_deg,sensors_ok,throttle_pct,mode,surge_cmd,strafe_cmd,heave_cmd,yaw_cmd,light_pwm,led_flashing,flash_frame
1785507510.7629,2026-07-31T10:18:30.762,0.044,1,,,,0,,,,,,,,0,30.0,idle,+0.000,+0.000,+0.000,+0.000,1100,0,
1785507510.8614,2026-07-31T10:18:30.861,0.143,2,,,,0,,,,-0.1565,-172.60,-0.1565,-172.60,1,30.0,idle,+0.000,+0.000,+0.000,+0.000,1100,0,
1785507510.9621,2026-07-31T10:18:30.962,0.243,3,,,,0,,,,-0.1557,-172.62,-0.1557,-172.62,1,30.0,idle,+0.000,+0.000,+0.000,+0.000,1100,0,
1785507511.0615,2026-07-31T10:18:31.061,0.343,4,,,,0,,,,-0.1596,-172.64,-0.1596,-172.64,1,30.0,idle,+0.000,+0.000,+0.000,+0.000,1100,0,
1785507511.1605,2026-07-31T10:18:31.160,0.442,5,,,,0,,,,-0.1570,-172.65,-0.1570,-172.65,1,30.0,idle,+0.000,+0.000,+0.000,+0.000,1100,0,
1785507511.2599,2026-07-31T10:18:31.259,0.541,6,,,,0,,,,-0.1568,-172.67,-0.1568,-172.67,1,30.0,idle,+0.000,+0.000,+0.000,+0.000,1100,0,
1785507511.3577,2026-07-31T10:18:31.357,0.639,7,,,,0,,,,-0.1596,-172.69,-0.1596,-172.69,1,30.0,idle,+0.000,+0.000,+0.000,+0.000,1100,0,
1785507511.4571,2026-07-31T10:18:31.457,0.738,8,,,,0,,,,-0.1572,-172.71,-0.1572,-172.71,1,30.0,idle,+0.000,+0.000,+0.000,+0.000,1100,0,
1785507511.5556,2026-07-31T10:18:31.555,0.837,9,,,,0,,,,-0.1537,-172.72,-0.1537,-172.72,1,30.0,idle,+0.000,+0.000,+0.000,+0.000,1100,0,
1785507511.6562,2026-07-31T10:18:31.656,0.937,10,,,,0,,,,-0.1569,-172.75,-0.1569,-172.75,1,30.0,idle,+0.000,+0.000,+0.000,+0.000,1100,0,
1785507511.7551,2026-07-31T10:18:31.755,1.036,11,,,,0,,,,-0.1555,-172.77,-0.1555,-172.77,1,30.0,idle,+0.000,+0.000,+0.000,+0.000,1100,0,
1785507511.8541,2026-07-31T10:18:31.854,1.135,12,,,,0,,,,-0.1580,-172.80,-0.1580,-172.80,1,30.0,idle,+0.000,+0.000,+0.000,+0.000,1100,0,
1785507511.9527,2026-07-31T10:18:31.952,1.234,13,,,,0,,,,-0.1548,-172.83,-0.1548,-172.83,1,30.0,idle,+0.000,+0.000,+0.000,+0.000,1100,0,
1785507512.0522,2026-07-31T10:18:32.052,1.333,14,,,,0,,,,-0.1547,-172.84,-0.1547,-172.84,1,30.0,idle,+0.000,+0.000,+0.000,+0.000,1100,0,
1785507512.1509,2026-07-31T10:18:32.150,1.432,15,,,,0,,,,-0.1522,-172.87,-0.1522,-172.87,1,30.0,idle,+0.000,+0.000,+0.000,+0.000,1100,0,
1785507512.2503,2026-07-31T10:18:32.250,1.532,16,,,,0,,,,-0.1543,-172.88,-0.1543,-172.88,1,30.0,idle,+0.000,+0.000,+0.000,+0.000,1100,0,
1785507512.3511,2026-07-31T10:18:32.351,1.632,17,,,,0,,,,-0.1574,-172.90,-0.1574,-172.90,1,30.0,idle,+0.000,+0.000,+0.000,+0.000,1100,0,
1785507512.4506,2026-07-31T10:18:32.450,1.732,18,,,,0,,,,-0.1549,-172.93,-0.1549,-172.93,1,30.0,idle,+0.000,+0.000,+0.000,+0.000,1100,0,
1785507512.5501,2026-07-31T10:18:32.550,1.831,19,,,,0,,,,-0.1560,-172.94,-0.1560,-172.94,1,30.0,idle,+0.000,+0.000,+0.000,+0.000,1100,0,
1785507512.6485,2026-07-31T10:18:32.648,1.930,20,,,,0,,,,-0.1556,-172.97,-0.1556,-172.97,1,30.0,idle,+0.000,+0.000,+0.000,+0.000,1100,0,
1785507512.7483,2026-07-31T10:18:32.748,2.030,21,,,,0,,,,-0.1546,-172.97,-0.1546,-172.97,1,30.0,idle,+0.000,+0.000,+0.000,+0.000,1100,0,
1785507512.8482,2026-07-31T10:18:32.848,2.129,22,,,,0,,,,-0.1554,-172.99,-0.1554,-172.99,1,30.0,idle,+0.000,+0.000,+0.000,+0.000,1100,0,
1785507512.9468,2026-07-31T10:18:32.946,2.228,23,,,,0,,,,-0.1548,-173.01,-0.1548,-173.01,1,30.0,idle,+0.000,+0.000,+0.000,+0.000,1100,0,
1785507513.0456,2026-07-31T10:18:33.045,2.327,24,,,,0,,,,-0.1524,-173.02,-0.1524,-173.02,1,30.0,idle,+0.000,+0.000,+0.000,+0.000,1100,0,
1785507513.1447,2026-07-31T10:18:33.144,2.426,25,,,,0,,,,-0.1584,-173.05,-0.1584,-173.05,1,30.0,idle,+0.000,+0.000,+0.000,+0.000,1100,0,
1785507513.2437,2026-07-31T10:18:33.243,2.525,26,,,,0,,,,-0.1509,-173.06,-0.1509,-173.06,1,30.0,idle,+0.000,+0.000,+0.000,+0.000,1100,0,
1785507513.3437,2026-07-31T10:18:33.343,2.625,27,,,,0,,,,-0.1591,-173.10,-0.1591,-173.10,1,30.0,idle,+0.000,+0.000,+0.000,+0.000,1100,0,
1785507513.4426,2026-07-31T10:18:33.442,2.724,28,,,,0,,,,-0.1597,-173.12,-0.1597,-173.12,1,30.0,idle,+0.000,+0.000,+0.000,+0.000,1100,0,
1785507513.5429,2026-07-31T10:18:33.542,2.824,29,,,,0,,,,-0.1516,-173.13,-0.1516,-173.13,1,30.0,idle,+0.000,+0.000,+0.000,+0.000,1100,0,
1785507513.6421,2026-07-31T10:18:33.642,2.923,30,,,,0,,,,-0.1546,-173.15,-0.1546,-173.15,1,30.0,idle,+0.000,+0.000,+0.000,+0.000,1100,0,
1785507513.7424,2026-07-31T10:18:33.742,3.024,31,,,,0,,,,-0.1595,-173.16,-0.1595,-173.16,1,30.0,idle,+0.000,+0.000,+0.000,+0.000,1100,0,
1785507513.8801,2026-07-31T10:18:33.880,3.161,32,,,,0,,,,-0.1538,-173.20,-0.1538,-173.20,1,30.0,idle,+0.000,+0.000,+0.000,+0.000,1100,0,
1785507513.9885,2026-07-31T10:18:33.988,3.270,33,,,,0,,,,-0.1560,-173.21,-0.1560,-173.21,1,30.0,idle,+0.000,+0.000,+0.000,+0.000,1100,0,
1785507514.0884,2026-07-31T10:18:34.088,3.370,34,,,,0,,,,-0.1544,-173.24,-0.1544,-173.24,1,30.0,idle,+0.000,+0.000,+0.000,+0.000,1100,0,
1785507514.1875,2026-07-31T10:18:34.187,3.469,35,,,,0,,,,-0.1541,-173.25,-0.1541,-173.25,1,30.0,idle,+0.000,+0.000,+0.000,+0.000,1100,0,
1785507514.2867,2026-07-31T10:18:34.286,3.568,36,,,,0,,,,-0.1565,-173.28,-0.1565,-173.28,1,30.0,idle,+0.000,+0.000,+0.000,+0.000,1100,0,
1785507514.3867,2026-07-31T10:18:34.386,3.668,37,,,,0,,,,-0.1553,-173.30,-0.1553,-173.30,1,30.0,idle,+0.000,+0.000,+0.000,+0.000,1100,0,
1785507514.4859,2026-07-31T10:18:34.485,3.767,38,,,,0,,,,-0.1562,-173.31,-0.1562,-173.31,1,30.0,idle,+0.000,+0.000,+0.000,+0.000,1100,0,
1785507514.5861,2026-07-31T10:18:34.586,3.867,39,,,,0,,,,-0.1559,-173.33,-0.1559,-173.33,1,30.0,idle,+0.000,+0.000,+0.000,+0.000,1100,0,
1785507514.6861,2026-07-31T10:18:34.686,3.967,40,,,,0,,,,-0.1580,-173.35,-0.1580,-173.35,1,30.0,idle,+0.000,+0.000,+0.000,+0.000,1100,0,
1785507514.7860,2026-07-31T10:18:34.786,4.067,41,,,,0,,,,-0.1604,-173.38,-0.1604,-173.38,1,30.0,idle,+0.000,+0.000,+0.000,+0.000,1100,0,
1785507514.8853,2026-07-31T10:18:34.885,4.166,42,,,,0,,,,-0.1555,-173.41,-0.1555,-173.41,1,30.0,idle,+0.000,+0.000,+0.000,+0.000,1100,0,
1785507514.9853,2026-07-31T10:18:34.985,4.267,43,,,,0,,,,-0.1543,-173.43,-0.1543,-173.43,1,30.0,idle,+0.000,+0.000,+0.000,+0.000,1100,0,
1785507515.0839,2026-07-31T10:18:35.083,4.365,44,,,,0,,,,-0.1536,-173.45,-0.1536,-173.45,1,30.0,idle,+0.000,+0.000,+0.000,+0.000,1100,0,
1785507515.1847,2026-07-31T10:18:35.184,4.466,45,,,,0,,,,-0.1543,-173.46,-0.1543,-173.46,1,30.0,idle,+0.000,+0.000,+0.000,+0.000,1100,0,
1785507515.2846,2026-07-31T10:18:35.284,4.566,46,,,,0,,,,-0.1516,-173.49,-0.1516,-173.49,1,30.0,idle,+0.000,+0.000,+0.000,+0.000,1100,0,
1785507515.3853,2026-07-31T10:18:35.385,4.667,47,,,,0,,,,-0.1564,-173.52,-0.1564,-173.52,1,30.0,idle,+0.000,+0.000,+0.000,+0.000,1100,0,
1785507515.4842,2026-07-31T10:18:35.484,4.765,48,,,,0,,,,-0.1542,-173.53,-0.1542,-173.53,1,30.0,idle,+0.000,+0.000,+0.000,+0.000,1100,0,
1785507515.5834,2026-07-31T10:18:35.583,4.865,49,,,,0,,,,-0.1563,-173.56,-0.1563,-173.56,1,30.0,idle,+0.000,+0.000,+0.000,+0.000,1100,0,
1785507515.6821,2026-07-31T10:18:35.682,4.963,50,,,,0,,,,-0.1567,-173.58,-0.1567,-173.58,1,30.0,idle,+0.000,+0.000,+0.000,+0.000,1100,0,
1785507515.7808,2026-07-31T10:18:35.780,5.062,51,,,,0,,,,-0.1581,-173.61,-0.1581,-173.61,1,30.0,idle,+0.000,+0.000,+0.000,+0.000,1100,0,
1785507515.8803,2026-07-31T10:18:35.880,5.161,52,,,,0,,,,-0.1556,-173.61,-0.1556,-173.61,1,30.0,idle,+0.000,+0.000,+0.000,+0.000,1100,0,
1785507515.9804,2026-07-31T10:18:35.980,5.262,53,,,,0,,,,-0.1552,-173.63,-0.1552,-173.63,1,30.0,idle,+0.000,+0.000,+0.000,+0.000,1100,0,
1785507516.0787,2026-07-31T10:18:36.078,5.360,54,,,,0,,,,-0.1537,-173.65,-0.1537,-173.65,1,30.0,idle,+0.000,+0.000,+0.000,+0.000,1100,0,
1785507516.1785,2026-07-31T10:18:36.178,5.460,55,,,,0,,,,-0.1523,-173.65,-0.1523,-173.65,1,30.0,idle,+0.000,+0.000,+0.000,+0.000,1100,0,
1785507516.2769,2026-07-31T10:18:36.276,5.558,56,,,,0,,,,-0.1553,-173.67,-0.1553,-173.67,1,30.0,idle,+0.000,+0.000,+0.000,+0.000,1100,0,
1785507516.3764,2026-07-31T10:18:36.376,5.658,57,,,,0,,,,-0.1511,-173.69,-0.1511,-173.69,1,30.0,idle,+0.000,+0.000,+0.000,+0.000,1100,0,
1785507516.4751,2026-07-31T10:18:36.475,5.756,58,,,,0,,,,-0.1534,-173.70,-0.1534,-173.70,1,30.0,idle,+0.000,+0.000,+0.000,+0.000,1100,0,
1785507516.5751,2026-07-31T10:18:36.575,5.856,59,,,,0,,,,-0.1540,-173.72,-0.1540,-173.72,1,30.0,idle,+0.000,+0.000,+0.000,+0.000,1100,0,
1785507516.6741,2026-07-31T10:18:36.674,5.955,60,,,,0,,,,-0.1533,-173.73,-0.1533,-173.73,1,30.0,idle,+0.000,+0.000,+0.000,+0.000,1100,0,
1785507516.7733,2026-07-31T10:18:36.773,6.055,61,,,,0,,,,-0.1556,-173.76,-0.1556,-173.76,1,30.0,idle,+0.000,+0.000,+0.000,+0.000,1100,0,
1785507516.8727,2026-07-31T10:18:36.872,6.154,62,,,,0,,,,-0.1581,-173.77,-0.1581,-173.77,1,30.0,idle,+0.000,+0.000,+0.000,+0.000,1100,0,
1785507516.9736,2026-07-31T10:18:36.973,6.255,63,,,,0,,,,-0.1542,-173.80,-0.1542,-173.80,1,30.0,idle,+0.000,+0.000,+0.000,+0.000,1100,0,
1785507517.0727,2026-07-31T10:18:37.072,6.354,64,,,,0,,,,-0.1536,-173.83,-0.1536,-173.83,1,30.0,idle,+0.000,+0.000,+0.000,+0.000,1100,0,
1785507517.1718,2026-07-31T10:18:37.171,6.453,65,,,,0,,,,-0.1519,-173.84,-0.1519,-173.84,1,30.0,idle,+0.000,+0.000,+0.000,+0.000,1100,0,
1785507517.2717,2026-07-31T10:18:37.271,6.553,66,,,,0,,,,-0.1591,-173.87,-0.1591,-173.87,1,30.0,idle,+0.000,+0.000,+0.000,+0.000,1100,0,
1785507517.3709,2026-07-31T10:18:37.370,6.652,67,,,,0,,,,-0.1565,-173.89,-0.1565,-173.89,1,30.0,idle,+0.000,+0.000,+0.000,+0.000,1100,0,
1785507517.4709,2026-07-31T10:18:37.470,6.752,68,,,,0,,,,-0.1564,-173.91,-0.1564,-173.91,1,30.0,idle,+0.000,+0.000,+0.000,+0.000,1100,0,
1785507517.5706,2026-07-31T10:18:37.570,6.852,69,,,,0,,,,-0.1592,-173.93,-0.1592,-173.93,1,30.0,idle,+0.000,+0.000,+0.000,+0.000,1100,0,
1785507517.6694,2026-07-31T10:18:37.669,6.951,70,,,,0,,,,-0.1590,-173.94,-0.1590,-173.94,1,30.0,idle,+0.000,+0.000,+0.000,+0.000,1100,0,
1785507517.7683,2026-07-31T10:18:37.768,7.049,71,,,,0,,,,-0.1573,-173.97,-0.1573,-173.97,1,30.0,idle,+0.000,+0.000,+0.000,+0.000,1100,0,
1785507517.8673,2026-07-31T10:18:37.867,7.148,72,,,,0,,,,-0.1544,-173.98,-0.1544,-173.98,1,30.0,idle,+0.000,+0.000,+0.000,+0.000,1100,0,
1785507517.9662,2026-07-31T10:18:37.966,7.247,73,,,,0,,,,-0.1504,-174.00,-0.1504,-174.00,1,30.0,idle,+0.000,+0.000,+0.000,+0.000,1100,0,
1785507518.0659,2026-07-31T10:18:38.065,7.347,74,,,,0,,,,-0.1520,-174.03,-0.1520,-174.03,1,30.0,idle,+0.000,+0.000,+0.000,+0.000,1100,0,
1785507518.1653,2026-07-31T10:18:38.165,7.446,75,,,,0,,,,-0.1533,-174.05,-0.1533,-174.05,1,30.0,idle,+0.000,+0.000,+0.000,+0.000,1100,0,
1785507518.2643,2026-07-31T10:18:38.264,7.546,76,,,,0,,,,-0.1610,-174.07,-0.1610,-174.07,1,30.0,idle,+0.000,+0.000,+0.000,+0.000,1100,0,
1785507518.3624,2026-07-31T10:18:38.362,7.644,77,,,,0,,,,-0.1571,-174.08,-0.1571,-174.08,1,30.0,idle,+0.000,+0.000,+0.000,+0.000,1100,0,
1785507518.4612,2026-07-31T10:18:38.461,7.742,78,,,,0,,,,-0.1530,-174.11,-0.1530,-174.11,1,30.0,idle,+0.000,+0.000,+0.000,+0.000,1100,0,
1785507518.5599,2026-07-31T10:18:38.559,7.841,79,,,,0,,,,-0.1562,-174.14,-0.1562,-174.14,1,30.0,idle,+0.000,+0.000,+0.000,+0.000,1100,0,
1785507518.6598,2026-07-31T10:18:38.659,7.941,80,,,,0,,,,-0.1544,-174.16,-0.1544,-174.16,1,30.0,idle,+0.000,+0.000,+0.000,+0.000,1100,0,
1785507518.7598,2026-07-31T10:18:38.759,8.041,81,,,,0,,,,-0.1586,-174.18,-0.1586,-174.18,1,30.0,idle,+0.000,+0.000,+0.000,+0.000,1100,0,
1785507518.8587,2026-07-31T10:18:38.858,8.140,82,,,,0,,,,-0.1581,-174.20,-0.1581,-174.20,1,30.0,idle,+0.000,+0.000,+0.000,+0.000,1100,0,
1785507518.9573,2026-07-31T10:18:38.957,8.239,83,,,,0,,,,-0.1581,-174.22,-0.1581,-174.22,1,30.0,idle,+0.000,+0.000,+0.000,+0.000,1100,0,
1785507519.0561,2026-07-31T10:18:39.056,8.337,84,,,,0,,,,-0.1586,-174.24,-0.1586,-174.24,1,30.0,idle,+0.000,+0.000,+0.000,+0.000,1100,0,
1785507519.1554,2026-07-31T10:18:39.155,8.437,85,,,,0,,,,-0.1562,-174.25,-0.1562,-174.25,1,30.0,idle,+0.000,+0.000,+0.000,+0.000,1100,0,
1785507519.2539,2026-07-31T10:18:39.253,8.535,86,,,,0,,,,-0.1507,-174.28,-0.1507,-174.28,1,30.0,idle,+0.000,+0.000,+0.000,+0.000,1100,0,
1785507519.3533,2026-07-31T10:18:39.353,8.635,87,,,,0,,,,-0.1608,-174.29,-0.1608,-174.29,1,30.0,idle,+0.000,+0.000,+0.000,+0.000,1100,0,
1785507519.4525,2026-07-31T10:18:39.452,8.734,88,,,,0,,,,-0.1552,-174.31,-0.1552,-174.31,1,30.0,idle,+0.000,+0.000,+0.000,+0.000,1100,0,
1785507519.5516,2026-07-31T10:18:39.551,8.833,89,,,,0,,,,-0.1545,-174.33,-0.1545,-174.33,1,30.0,idle,+0.000,+0.000,+0.000,+0.000,1100,0,
1785507519.6504,2026-07-31T10:18:39.650,8.932,90,,,,0,,,,-0.1506,-174.35,-0.1506,-174.35,1,30.0,idle,+0.000,+0.000,+0.000,+0.000,1100,0,
1785507519.7493,2026-07-31T10:18:39.749,9.030,91,,,,0,,,,-0.1554,-174.36,-0.1554,-174.36,1,30.0,idle,+0.000,+0.000,+0.000,+0.000,1100,0,
1785507519.8481,2026-07-31T10:18:39.848,9.129,92,,,,0,,,,-0.1575,-174.38,-0.1575,-174.38,1,30.0,idle,+0.000,+0.000,+0.000,+0.000,1100,0,
1785507519.9478,2026-07-31T10:18:39.947,9.229,93,,,,0,,,,-0.1569,-174.40,-0.1569,-174.40,1,30.0,idle,+0.000,+0.000,+0.000,+0.000,1100,0,
1785507520.0466,2026-07-31T10:18:40.046,9.328,94,,,,0,,,,-0.1526,-174.42,-0.1526,-174.42,1,30.0,idle,+0.000,+0.000,+0.000,+0.000,1100,0,
1785507520.1453,2026-07-31T10:18:40.145,9.427,95,,,,0,,,,-0.1542,-174.45,-0.1542,-174.45,1,30.0,idle,+0.000,+0.000,+0.000,+0.000,1100,0,
1785507520.2448,2026-07-31T10:18:40.244,9.526,96,,,,0,,,,-0.1552,-174.46,-0.1552,-174.46,1,30.0,idle,+0.000,+0.000,+0.000,+0.000,1100,0,
1785507520.3437,2026-07-31T10:18:40.343,9.625,97,,,,0,,,,-0.1554,-174.48,-0.1554,-174.48,1,30.0,idle,+0.000,+0.000,+0.000,+0.000,1100,0,
1785507520.4424,2026-07-31T10:18:40.442,9.724,98,,,,0,,,,-0.1545,-174.51,-0.1545,-174.51,1,30.0,idle,+0.000,+0.000,+0.000,+0.000,1100,0,
1785507520.5412,2026-07-31T10:18:40.541,9.822,99,,,,0,,,,-0.1559,-174.52,-0.1559,-174.52,1,30.0,idle,+0.000,+0.000,+0.000,+0.000,1100,0,
1785507520.6403,2026-07-31T10:18:40.640,9.921,100,,,,0,,,,-0.1580,-174.54,-0.1580,-174.54,1,30.0,idle,+0.000,+0.000,+0.000,+0.000,1100,0,
1785507520.7396,2026-07-31T10:18:40.739,10.021,101,,,,0,,,,-0.1561,-174.55,-0.1561,-174.55,1,30.0,idle,+0.000,+0.000,+0.000,+0.000,1100,0,
1785507520.8382,2026-07-31T10:18:40.838,10.119,102,,,,0,,,,-0.1521,-174.58,-0.1521,-174.58,1,30.0,idle,+0.000,+0.000,+0.000,+0.000,1100,0,
1785507520.9378,2026-07-31T10:18:40.937,10.219,103,,,,0,,,,-0.1559,-174.60,-0.1559,-174.60,1,30.0,idle,+0.000,+0.000,+0.000,+0.000,1100,0,
1785507521.0363,2026-07-31T10:18:41.036,10.318,104,,,,0,,,,-0.1587,-174.61,-0.1587,-174.61,1,30.0,idle,+0.000,+0.000,+0.000,+0.000,1100,0,
1785507521.1351,2026-07-31T10:18:41.135,10.416,105,,,,0,,,,-0.1531,-174.64,-0.1531,-174.64,1,30.0,idle,+0.000,+0.000,+0.000,+0.000,1100,0,
1785507521.2348,2026-07-31T10:18:41.234,10.516,106,,,,0,,,,-0.1575,-174.65,-0.1575,-174.65,1,30.0,idle,+0.000,+0.000,+0.000,+0.000,1100,0,
1785507521.3333,2026-07-31T10:18:41.333,10.614,107,,,,0,,,,-0.1594,-174.68,-0.1594,-174.68,1,30.0,idle,+0.000,+0.000,+0.000,+0.000,1100,0,
1785507521.4321,2026-07-31T10:18:41.432,10.713,108,,,,0,,,,-0.1551,-174.71,-0.1551,-174.71,1,30.0,idle,+0.000,+0.000,+0.000,+0.000,1100,0,
1785507521.5317,2026-07-31T10:18:41.531,10.813,109,,,,0,,,,-0.1568,-174.72,-0.1568,-174.72,1,30.0,idle,+0.000,+0.000,+0.000,+0.000,1100,0,
1785507521.6310,2026-07-31T10:18:41.631,10.912,110,,,,0,,,,-0.1559,-174.74,-0.1559,-174.74,1,30.0,idle,+0.000,+0.000,+0.000,+0.000,1100,0,
1785507521.7309,2026-07-31T10:18:41.730,11.012,111,,,,0,,,,-0.1582,-174.76,-0.1582,-174.76,1,30.0,idle,+0.000,+0.000,+0.000,+0.000,1100,0,
1785507521.8293,2026-07-31T10:18:41.829,11.110,112,,,,0,,,,-0.1594,-174.78,-0.1594,-174.78,1,30.0,idle,+0.000,+0.000,+0.000,+0.000,1100,0,
1785507521.9286,2026-07-31T10:18:41.928,11.210,113,,,,0,,,,-0.1575,-174.81,-0.1575,-174.81,1,30.0,idle,+0.000,+0.000,+0.000,+0.000,1100,0,
1785507522.0271,2026-07-31T10:18:42.027,11.308,114,,,,0,,,,-0.1490,-174.82,-0.1490,-174.82,1,30.0,idle,+0.000,+0.000,+0.000,+0.000,1100,0,
1785507522.1276,2026-07-31T10:18:42.127,11.409,115,,,,0,,,,-0.1530,-174.84,-0.1530,-174.84,1,30.0,idle,+0.000,+0.000,+0.000,+0.000,1100,0,
1785507522.2268,2026-07-31T10:18:42.226,11.508,116,,,,0,,,,-0.1533,-174.85,-0.1533,-174.85,1,30.0,idle,+0.000,+0.000,+0.000,+0.000,1100,0,
1785507522.3252,2026-07-31T10:18:42.325,11.606,117,,,,0,,,,-0.1579,-174.87,-0.1579,-174.87,1,30.0,idle,+0.000,+0.000,+0.000,+0.000,1100,0,
1785507522.4236,2026-07-31T10:18:42.423,11.705,118,,,,0,,,,-0.1547,-174.88,-0.1547,-174.88,1,30.0,idle,+0.000,+0.000,+0.000,+0.000,1100,0,
1785507522.5225,2026-07-31T10:18:42.522,11.804,119,,,,0,,,,-0.1549,-174.92,-0.1549,-174.92,1,30.0,idle,+0.000,+0.000,+0.000,+0.000,1100,0,
1785507522.6241,2026-07-31T10:18:42.624,11.905,120,,,,0,,,,-0.1541,-174.95,-0.1541,-174.95,1,30.0,idle,+0.000,+0.000,+0.000,+0.000,1100,0,
1785507522.7235,2026-07-31T10:18:42.723,12.005,121,,,,0,,,,-0.1543,-174.96,-0.1543,-174.96,1,30.0,idle,+0.000,+0.000,+0.000,+0.000,1100,0,
1785507522.8231,2026-07-31T10:18:42.823,12.104,122,,,,0,,,,-0.1523,-174.98,-0.1523,-174.98,1,30.0,idle,+0.000,+0.000,+0.000,+0.000,1100,0,
1785507522.9223,2026-07-31T10:18:42.922,12.203,123,,,,0,,,,-0.1540,-174.99,-0.1540,-174.99,1,30.0,idle,+0.000,+0.000,+0.000,+0.000,1100,0,
1785507523.0225,2026-07-31T10:18:43.022,12.304,124,,,,0,,,,-0.1535,-175.02,-0.1535,-175.02,1,30.0,idle,+0.000,+0.000,+0.000,+0.000,1100,0,
1785507523.1213,2026-07-31T10:18:43.121,12.402,125,,,,0,,,,-0.1601,-175.04,-0.1601,-175.04,1,30.0,idle,+0.000,+0.000,+0.000,+0.000,1100,0,
1785507523.2208,2026-07-31T10:18:43.220,12.502,126,,,,0,,,,-0.1584,-175.06,-0.1584,-175.06,1,30.0,idle,+0.000,+0.000,+0.000,+0.000,1100,0,
1785507523.3199,2026-07-31T10:18:43.319,12.601,127,,,,0,,,,-0.1550,-175.08,-0.1550,-175.08,1,30.0,idle,+0.000,+0.000,+0.000,+0.000,1100,0,
1785507523.4188,2026-07-31T10:18:43.418,12.700,128,,,,0,,,,-0.1618,-175.10,-0.1618,-175.10,1,30.0,idle,+0.000,+0.000,+0.000,+0.000,1100,0,
1785507523.5191,2026-07-31T10:18:43.519,12.800,129,,,,0,,,,-0.1553,-175.12,-0.1553,-175.12,1,30.0,idle,+0.000,+0.000,+0.000,+0.000,1100,0,
1785507523.6175,2026-07-31T10:18:43.617,12.899,130,,,,0,,,,-0.1584,-175.15,-0.1584,-175.15,1,30.0,idle,+0.000,+0.000,+0.000,+0.000,1100,0,
1785507523.7177,2026-07-31T10:18:43.717,12.999,131,,,,0,,,,-0.1580,-175.16,-0.1580,-175.16,1,30.0,idle,+0.000,+0.000,+0.000,+0.000,1100,0,
1785507523.8178,2026-07-31T10:18:43.817,13.099,132,,,,0,,,,-0.1592,-175.20,-0.1592,-175.20,1,30.0,idle,+0.000,+0.000,+0.000,+0.000,1100,0,
1785507523.9181,2026-07-31T10:18:43.918,13.199,133,,,,0,,,,-0.1544,-175.20,-0.1544,-175.20,1,30.0,idle,+0.000,+0.000,+0.000,+0.000,1100,0,
1785507524.0171,2026-07-31T10:18:44.017,13.298,134,,,,0,,,,-0.1581,-175.22,-0.1581,-175.22,1,30.0,idle,+0.000,+0.000,+0.000,+0.000,1100,0,
1785507524.1156,2026-07-31T10:18:44.115,13.397,135,,,,0,,,,-0.1568,-175.24,-0.1568,-175.24,1,30.0,idle,+0.000,+0.000,+0.000,+0.000,1100,0,
1785507524.2145,2026-07-31T10:18:44.214,13.496,136,,,,0,,,,-0.1538,-175.26,-0.1538,-175.26,1,30.0,idle,+0.000,+0.000,+0.000,+0.000,1100,0,
1785507524.3146,2026-07-31T10:18:44.314,13.596,137,,,,0,,,,-0.1554,-175.28,-0.1554,-175.28,1,30.0,idle,+0.000,+0.000,+0.000,+0.000,1100,0,
1785507524.4140,2026-07-31T10:18:44.414,13.695,138,,,,0,,,,-0.1579,-175.29,-0.1579,-175.29,1,30.0,idle,+0.000,+0.000,+0.000,+0.000,1100,0,
1785507524.5125,2026-07-31T10:18:44.512,13.794,139,,,,0,,,,-0.1545,-175.33,-0.1545,-175.33,1,30.0,idle,+0.000,+0.000,+0.000,+0.000,1100,0,
1785507524.6127,2026-07-31T10:18:44.612,13.894,140,,,,0,,,,-0.1576,-175.36,-0.1576,-175.36,1,30.0,idle,+0.000,+0.000,+0.000,+0.000,1100,0,
1785507524.7121,2026-07-31T10:18:44.712,13.993,141,,,,0,,,,-0.1525,-175.38,-0.1525,-175.38,1,30.0,idle,+0.000,+0.000,+0.000,+0.000,1100,0,
1785507524.8113,2026-07-31T10:18:44.811,14.092,142,,,,0,,,,-0.1612,-175.40,-0.1612,-175.40,1,30.0,idle,+0.000,+0.000,+0.000,+0.000,1100,0,
1785507524.9109,2026-07-31T10:18:44.910,14.192,143,,,,0,,,,-0.1546,-175.41,-0.1546,-175.41,1,30.0,idle,+0.000,+0.000,+0.000,+0.000,1100,0,
1785507525.0102,2026-07-31T10:18:45.010,14.291,144,,,,0,,,,-0.1571,-175.44,-0.1571,-175.44,1,30.0,idle,+0.000,+0.000,+0.000,+0.000,1100,0,
1785507525.1087,2026-07-31T10:18:45.108,14.390,145,,,,0,,,,-0.1534,-175.48,-0.1534,-175.48,1,30.0,idle,+0.000,+0.000,+0.000,+0.000,1100,0,
1785507525.2076,2026-07-31T10:18:45.207,14.489,146,,,,0,,,,-0.1572,-175.48,-0.1572,-175.48,1,30.0,idle,+0.000,+0.000,+0.000,+0.000,1100,0,
1785507525.3074,2026-07-31T10:18:45.307,14.589,147,,,,0,,,,-0.1563,-175.52,-0.1563,-175.52,1,30.0,idle,+0.000,+0.000,+0.000,+0.000,1100,0,
1785507525.4078,2026-07-31T10:18:45.407,14.689,148,,,,0,,,,-0.1574,-175.53,-0.1574,-175.53,1,30.0,idle,+0.000,+0.000,+0.000,+0.000,1100,0,
1785507525.5079,2026-07-31T10:18:45.507,14.789,149,,,,0,,,,-0.1556,-175.56,-0.1556,-175.56,1,30.0,idle,+0.000,+0.000,+0.000,+0.000,1100,0,
1785507525.6088,2026-07-31T10:18:45.608,14.890,150,,,,0,,,,-0.1578,-175.57,-0.1578,-175.57,1,30.0,idle,+0.000,+0.000,+0.000,+0.000,1100,0,
1785507525.7093,2026-07-31T10:18:45.709,14.990,151,,,,0,,,,-0.1591,-175.59,-0.1591,-175.59,1,30.0,idle,+0.000,+0.000,+0.000,+0.000,1100,0,
1785507525.8090,2026-07-31T10:18:45.809,15.090,152,,,,0,,,,-0.1539,-175.62,-0.1539,-175.62,1,30.0,idle,+0.000,+0.000,+0.000,+0.000,1100,0,
1785507525.9076,2026-07-31T10:18:45.907,15.189,153,,,,0,,,,-0.1544,-175.64,-0.1544,-175.64,1,30.0,idle,+0.000,+0.000,+0.000,+0.000,1100,0,
1785507526.0080,2026-07-31T10:18:46.007,15.289,154,,,,0,,,,-0.1544,-175.68,-0.1544,-175.68,1,30.0,idle,+0.000,+0.000,+0.000,+0.000,1100,0,
1785507526.1067,2026-07-31T10:18:46.106,15.388,155,,,,0,,,,-0.1578,-175.70,-0.1578,-175.70,1,30.0,idle,+0.000,+0.000,+0.000,+0.000,1100,0,
1785507526.2069,2026-07-31T10:18:46.206,15.488,156,,,,0,,,,-0.1595,-175.71,-0.1595,-175.71,1,30.0,idle,+0.000,+0.000,+0.000,+0.000,1100,0,
1785507526.3069,2026-07-31T10:18:46.306,15.588,157,,,,0,,,,-0.1557,-175.74,-0.1557,-175.74,1,30.0,idle,+0.000,+0.000,+0.000,+0.000,1100,0,
1785507526.4062,2026-07-31T10:18:46.406,15.687,158,,,,0,,,,-0.1562,-175.75,-0.1562,-175.75,1,30.0,idle,+0.000,+0.000,+0.000,+0.000,1100,0,
1785507526.5050,2026-07-31T10:18:46.504,15.786,159,,,,0,,,,-0.1520,-175.78,-0.1520,-175.78,1,30.0,idle,+0.000,+0.000,+0.000,+0.000,1100,0,
1785507526.6044,2026-07-31T10:18:46.604,15.886,160,,,,0,,,,-0.1544,-175.80,-0.1544,-175.80,1,30.0,idle,+0.000,+0.000,+0.000,+0.000,1100,0,
1785507526.7036,2026-07-31T10:18:46.703,15.985,161,,,,0,,,,-0.1577,-175.82,-0.1577,-175.82,1,30.0,idle,+0.000,+0.000,+0.000,+0.000,1100,0,
1785507526.8040,2026-07-31T10:18:46.803,16.085,162,,,,0,,,,-0.1540,-175.85,-0.1540,-175.85,1,30.0,idle,+0.000,+0.000,+0.000,+0.000,1100,0,
1785507526.9032,2026-07-31T10:18:46.903,16.184,163,,,,0,,,,-0.1541,-175.87,-0.1541,-175.87,1,30.0,idle,+0.000,+0.000,+0.000,+0.000,1100,0,
1785507527.0028,2026-07-31T10:18:47.002,16.284,164,,,,0,,,,-0.1599,-175.89,-0.1599,-175.89,1,30.0,idle,+0.000,+0.000,+0.000,+0.000,1100,0,
1785507527.1035,2026-07-31T10:18:47.103,16.385,165,,,,0,,,,-0.1538,-175.91,-0.1538,-175.91,1,30.0,idle,+0.000,+0.000,+0.000,+0.000,1100,0,
1785507527.2042,2026-07-31T10:18:47.204,16.485,166,,,,0,,,,-0.1594,-175.93,-0.1594,-175.93,1,30.0,idle,+0.000,+0.000,+0.000,+0.000,1100,0,
1785507527.3035,2026-07-31T10:18:47.303,16.585,167,,,,0,,,,-0.1581,-175.95,-0.1581,-175.95,1,30.0,idle,+0.000,+0.000,+0.000,+0.000,1100,0,
1785507527.4030,2026-07-31T10:18:47.403,16.684,168,,,,0,,,,-0.1531,-175.96,-0.1531,-175.96,1,30.0,idle,+0.000,+0.000,+0.000,+0.000,1100,0,
1785507527.5025,2026-07-31T10:18:47.502,16.784,169,,,,0,,,,-0.1574,-175.99,-0.1574,-175.99,1,30.0,idle,+0.000,+0.000,+0.000,+0.000,1100,0,
1785507527.6021,2026-07-31T10:18:47.602,16.883,170,,,,0,,,,-0.1582,-176.01,-0.1582,-176.01,1,30.0,idle,+0.000,+0.000,+0.000,+0.000,1100,0,
1785507527.7022,2026-07-31T10:18:47.702,16.983,171,,,,0,,,,-0.1551,-176.04,-0.1551,-176.04,1,30.0,idle,+0.000,+0.000,+0.000,+0.000,1100,0,
1785507527.8008,2026-07-31T10:18:47.800,17.082,172,,,,0,,,,-0.1543,-176.05,-0.1543,-176.05,1,30.0,idle,+0.000,+0.000,+0.000,+0.000,1100,0,
1785507527.9002,2026-07-31T10:18:47.900,17.181,173,,,,0,,,,-0.1562,-176.07,-0.1562,-176.07,1,30.0,idle,+0.000,+0.000,+0.000,+0.000,1100,0,
1785507527.9986,2026-07-31T10:18:47.998,17.280,174,,,,0,,,,-0.1520,-176.09,-0.1520,-176.09,1,30.0,idle,+0.000,+0.000,+0.000,+0.000,1100,0,
1785507528.0984,2026-07-31T10:18:48.098,17.380,175,,,,0,,,,-0.1584,-176.11,-0.1584,-176.11,1,30.0,idle,+0.000,+0.000,+0.000,+0.000,1100,0,
1785507528.1970,2026-07-31T10:18:48.196,17.478,176,,,,0,,,,-0.1558,-176.13,-0.1558,-176.13,1,30.0,idle,+0.000,+0.000,+0.000,+0.000,1100,0,
1785507528.2966,2026-07-31T10:18:48.296,17.578,177,,,,0,,,,-0.1532,-176.15,-0.1532,-176.15,1,30.0,idle,+0.000,+0.000,+0.000,+0.000,1100,0,
1785507528.3952,2026-07-31T10:18:48.395,17.676,178,,,,0,,,,-0.1538,-176.16,-0.1538,-176.16,1,30.0,idle,+0.000,+0.000,+0.000,+0.000,1100,0,
1785507528.4952,2026-07-31T10:18:48.495,17.776,179,,,,0,,,,-0.1561,-176.18,-0.1561,-176.18,1,30.0,idle,+0.000,+0.000,+0.000,+0.000,1100,0,
1785507528.5948,2026-07-31T10:18:48.594,17.876,180,,,,0,,,,-0.1600,-176.20,-0.1600,-176.20,1,30.0,idle,+0.000,+0.000,+0.000,+0.000,1100,0,
1785507528.6941,2026-07-31T10:18:48.694,17.975,181,,,,0,,,,-0.1614,-176.23,-0.1614,-176.23,1,30.0,idle,+0.000,+0.000,+0.000,+0.000,1100,0,
1785507528.7936,2026-07-31T10:18:48.793,18.075,182,,,,0,,,,-0.1576,-176.27,-0.1576,-176.27,1,30.0,idle,+0.000,+0.000,+0.000,+0.000,1100,0,
1785507528.8933,2026-07-31T10:18:48.893,18.175,183,,,,0,,,,-0.1551,-176.28,-0.1551,-176.28,1,30.0,idle,+0.000,+0.000,+0.000,+0.000,1100,0,
1785507528.9926,2026-07-31T10:18:48.992,18.274,184,,,,0,,,,-0.1535,-176.31,-0.1535,-176.31,1,30.0,idle,+0.000,+0.000,+0.000,+0.000,1100,0,
1785507529.0917,2026-07-31T10:18:49.091,18.373,185,,,,0,,,,-0.1584,-176.33,-0.1584,-176.33,1,30.0,idle,+0.000,+0.000,+0.000,+0.000,1100,0,
1785507529.1908,2026-07-31T10:18:49.190,18.472,186,,,,0,,,,-0.1545,-176.35,-0.1545,-176.35,1,30.0,idle,+0.000,+0.000,+0.000,+0.000,1100,0,
1785507529.2904,2026-07-31T10:18:49.290,18.572,187,,,,0,,,,-0.1537,-176.37,-0.1537,-176.37,1,30.0,idle,+0.000,+0.000,+0.000,+0.000,1100,0,
1785507529.3889,2026-07-31T10:18:49.388,18.670,188,,,,0,,,,-0.1550,-176.39,-0.1550,-176.39,1,30.0,idle,+0.000,+0.000,+0.000,+0.000,1100,0,
1785507529.4882,2026-07-31T10:18:49.488,18.769,189,,,,0,,,,-0.1569,-176.42,-0.1569,-176.42,1,30.0,idle,+0.000,+0.000,+0.000,+0.000,1100,0,
1785507529.5875,2026-07-31T10:18:49.587,18.869,190,,,,0,,,,-0.1563,-176.43,-0.1563,-176.43,1,30.0,idle,+0.000,+0.000,+0.000,+0.000,1100,0,
1785507529.6873,2026-07-31T10:18:49.687,18.969,191,,,,0,,,,-0.1564,-176.45,-0.1564,-176.45,1,30.0,idle,+0.000,+0.000,+0.000,+0.000,1100,0,
1785507529.7859,2026-07-31T10:18:49.785,19.067,192,,,,0,,,,-0.1525,-176.47,-0.1525,-176.47,1,30.0,idle,+0.000,+0.000,+0.000,+0.000,1100,0,
1785507529.8865,2026-07-31T10:18:49.886,19.168,193,,,,0,,,,-0.1546,-176.50,-0.1546,-176.50,1,30.0,idle,+0.000,+0.000,+0.000,+0.000,1100,0,
1785507529.9849,2026-07-31T10:18:49.984,19.266,194,,,,0,,,,-0.1585,-176.52,-0.1585,-176.52,1,30.0,idle,+0.000,+0.000,+0.000,+0.000,1100,0,
1785507530.0847,2026-07-31T10:18:50.084,19.366,195,,,,0,,,,-0.1515,-176.53,-0.1515,-176.53,1,30.0,idle,+0.000,+0.000,+0.000,+0.000,1100,0,
1785507530.1845,2026-07-31T10:18:50.184,19.466,196,,,,0,,,,-0.1559,-176.57,-0.1559,-176.57,1,30.0,idle,+0.000,+0.000,+0.000,+0.000,1100,0,
1785507530.2831,2026-07-31T10:18:50.283,19.564,197,,,,0,,,,-0.1565,-176.58,-0.1565,-176.58,1,30.0,idle,+0.000,+0.000,+0.000,+0.000,1100,0,
1785507530.3823,2026-07-31T10:18:50.382,19.663,198,,,,0,,,,-0.1550,-176.61,-0.1550,-176.61,1,30.0,idle,+0.000,+0.000,+0.000,+0.000,1100,0,
1785507530.4823,2026-07-31T10:18:50.482,19.763,199,,,,0,,,,-0.1557,-176.64,-0.1557,-176.64,1,30.0,idle,+0.000,+0.000,+0.000,+0.000,1100,0,
1785507530.5817,2026-07-31T10:18:50.581,19.863,200,,,,0,,,,-0.1559,-176.65,-0.1559,-176.65,1,30.0,idle,+0.000,+0.000,+0.000,+0.000,1100,0,
1785507530.6816,2026-07-31T10:18:50.681,19.963,201,,,,0,,,,-0.1564,-176.68,-0.1564,-176.68,1,30.0,idle,+0.000,+0.000,+0.000,+0.000,1100,0,
1785507530.7808,2026-07-31T10:18:50.780,20.062,202,,,,0,,,,-0.1596,-176.70,-0.1596,-176.70,1,30.0,idle,+0.000,+0.000,+0.000,+0.000,1100,0,
1785507530.8812,2026-07-31T10:18:50.881,20.162,203,,,,0,,,,-0.1572,-176.72,-0.1572,-176.72,1,30.0,idle,+0.000,+0.000,+0.000,+0.000,1100,0,
1785507530.9806,2026-07-31T10:18:50.980,20.262,204,,,,0,,,,-0.1589,-176.73,-0.1589,-176.73,1,30.0,idle,+0.000,+0.000,+0.000,+0.000,1100,0,
1785507531.0796,2026-07-31T10:18:51.079,20.361,205,,,,0,,,,-0.1565,-176.75,-0.1565,-176.75,1,30.0,idle,+0.000,+0.000,+0.000,+0.000,1100,0,
1785507531.1787,2026-07-31T10:18:51.178,20.460,206,,,,0,,,,-0.1573,-176.77,-0.1573,-176.77,1,30.0,idle,+0.000,+0.000,+0.000,+0.000,1100,0,
1785507531.2781,2026-07-31T10:18:51.278,20.559,207,,,,0,,,,-0.1547,-176.78,-0.1547,-176.78,1,30.0,idle,+0.000,+0.000,+0.000,+0.000,1100,0,
1785507531.3775,2026-07-31T10:18:51.377,20.659,208,,,,0,,,,-0.1550,-176.81,-0.1550,-176.81,1,30.0,idle,+0.000,+0.000,+0.000,+0.000,1100,0,
1785507531.4764,2026-07-31T10:18:51.476,20.758,209,,,,0,,,,-0.1581,-176.83,-0.1581,-176.83,1,30.0,idle,+0.000,+0.000,+0.000,+0.000,1100,0,
1785507531.5764,2026-07-31T10:18:51.576,20.858,210,,,,0,,,,-0.1552,-176.86,-0.1552,-176.86,1,30.0,idle,+0.000,+0.000,+0.000,+0.000,1100,0,
1785507531.6757,2026-07-31T10:18:51.675,20.957,211,,,,0,,,,-0.1581,-176.90,-0.1581,-176.90,1,30.0,idle,+0.000,+0.000,+0.000,+0.000,1100,0,
1785507531.7743,2026-07-31T10:18:51.774,21.056,212,,,,0,,,,-0.1542,-176.91,-0.1542,-176.91,1,30.0,idle,+0.000,+0.000,+0.000,+0.000,1100,0,
1785507531.8733,2026-07-31T10:18:51.873,21.155,213,,,,0,,,,-0.1555,-176.93,-0.1555,-176.93,1,30.0,idle,+0.000,+0.000,+0.000,+0.000,1100,0,
1785507531.9734,2026-07-31T10:18:51.973,21.255,214,,,,0,,,,-0.1555,-176.94,-0.1555,-176.94,1,30.0,idle,+0.000,+0.000,+0.000,+0.000,1100,0,
1785507532.0723,2026-07-31T10:18:52.072,21.354,215,,,,0,,,,-0.1566,-176.95,-0.1566,-176.95,1,30.0,idle,+0.000,+0.000,+0.000,+0.000,1100,0,
1785507532.1712,2026-07-31T10:18:52.171,21.452,216,,,,0,,,,-0.1562,-176.97,-0.1562,-176.97,1,30.0,idle,+0.000,+0.000,+0.000,+0.000,1100,0,
1785507532.2700,2026-07-31T10:18:52.270,21.551,217,,,,0,,,,-0.1561,-176.98,-0.1561,-176.98,1,30.0,idle,+0.000,+0.000,+0.000,+0.000,1100,0,
1785507532.3694,2026-07-31T10:18:52.369,21.651,218,,,,0,,,,-0.1560,-177.01,-0.1560,-177.01,1,30.0,idle,+0.000,+0.000,+0.000,+0.000,1100,0,
1785507532.4681,2026-07-31T10:18:52.468,21.749,219,,,,0,,,,-0.1582,-177.02,-0.1582,-177.02,1,30.0,idle,+0.000,+0.000,+0.000,+0.000,1100,0,
1785507532.5674,2026-07-31T10:18:52.567,21.849,220,,,,0,,,,-0.1552,-177.04,-0.1552,-177.04,1,30.0,idle,+0.000,+0.000,+0.000,+0.000,1100,0,
1785507532.6677,2026-07-31T10:18:52.667,21.949,221,,,,0,,,,-0.1554,-177.06,-0.1554,-177.06,1,30.0,idle,+0.000,+0.000,+0.000,+0.000,1100,0,
1785507532.7667,2026-07-31T10:18:52.766,22.048,222,,,,0,,,,-0.1564,-177.08,-0.1564,-177.08,1,30.0,idle,+0.000,+0.000,+0.000,+0.000,1100,0,
1785507532.8656,2026-07-31T10:18:52.865,22.147,223,,,,0,,,,-0.1565,-177.10,-0.1565,-177.10,1,30.0,idle,+0.000,+0.000,+0.000,+0.000,1100,0,
1785507532.9641,2026-07-31T10:18:52.964,22.245,224,,,,0,,,,-0.1570,-177.12,-0.1570,-177.12,1,30.0,idle,+0.000,+0.000,+0.000,+0.000,1100,0,
1785507533.0648,2026-07-31T10:18:53.064,22.346,225,,,,0,,,,-0.1567,-177.15,-0.1567,-177.15,1,30.0,idle,+0.000,+0.000,+0.000,+0.000,1100,0,
1785507533.1631,2026-07-31T10:18:53.163,22.444,226,,,,0,,,,-0.1554,-177.17,-0.1554,-177.17,1,30.0,idle,+0.000,+0.000,+0.000,+0.000,1100,0,
1785507533.2630,2026-07-31T10:18:53.262,22.544,227,,,,0,,,,-0.1572,-177.18,-0.1572,-177.18,1,30.0,idle,+0.000,+0.000,+0.000,+0.000,1100,0,
1785507533.3626,2026-07-31T10:18:53.362,22.644,228,,,,0,,,,-0.1617,-177.20,-0.1617,-177.20,1,30.0,idle,+0.000,+0.000,+0.000,+0.000,1100,0,
1785507533.4617,2026-07-31T10:18:53.461,22.743,229,,,,0,,,,-0.1555,-177.22,-0.1555,-177.22,1,30.0,idle,+0.000,+0.000,+0.000,+0.000,1100,0,
1785507533.5609,2026-07-31T10:18:53.560,22.842,230,,,,0,,,,-0.1545,-177.25,-0.1545,-177.25,1,30.0,idle,+0.000,+0.000,+0.000,+0.000,1100,0,
1785507533.6610,2026-07-31T10:18:53.661,22.942,231,,,,0,,,,-0.1590,-177.29,-0.1590,-177.29,1,30.0,idle,+0.000,+0.000,+0.000,+0.000,1100,0,
1785507533.7602,2026-07-31T10:18:53.760,23.041,232,,,,0,,,,-0.1568,-177.30,-0.1568,-177.30,1,30.0,idle,+0.000,+0.000,+0.000,+0.000,1100,0,
1785507533.8601,2026-07-31T10:18:53.860,23.141,233,,,,0,,,,-0.1543,-177.33,-0.1543,-177.33,1,30.0,idle,+0.000,+0.000,+0.000,+0.000,1100,0,
1785507533.9599,2026-07-31T10:18:53.959,23.241,234,,,,0,,,,-0.1595,-177.34,-0.1595,-177.34,1,30.0,idle,+0.000,+0.000,+0.000,+0.000,1100,0,
1785507534.0590,2026-07-31T10:18:54.059,23.340,235,,,,0,,,,-0.1554,-177.37,-0.1554,-177.37,1,30.0,idle,+0.000,+0.000,+0.000,+0.000,1100,0,
1785507534.1585,2026-07-31T10:18:54.158,23.440,236,,,,0,,,,-0.1555,-177.40,-0.1555,-177.40,1,30.0,idle,+0.000,+0.000,+0.000,+0.000,1100,0,
1785507534.2575,2026-07-31T10:18:54.257,23.539,237,,,,0,,,,-0.1593,-177.41,-0.1593,-177.41,1,30.0,idle,+0.000,+0.000,+0.000,+0.000,1100,0,
1785507534.3570,2026-07-31T10:18:54.357,23.638,238,,,,0,,,,-0.1561,-177.44,-0.1561,-177.44,1,30.0,idle,+0.000,+0.000,+0.000,+0.000,1100,0,
1785507534.4562,2026-07-31T10:18:54.456,23.737,239,,,,0,,,,-0.1581,-177.45,-0.1581,-177.45,1,30.0,idle,+0.000,+0.000,+0.000,+0.000,1100,0,
1785507534.5555,2026-07-31T10:18:54.555,23.837,240,,,,0,,,,-0.1564,-177.47,-0.1564,-177.47,1,30.0,idle,+0.000,+0.000,+0.000,+0.000,1100,0,
1785507534.6560,2026-07-31T10:18:54.656,23.937,241,,,,0,,,,-0.1556,-177.49,-0.1556,-177.49,1,30.0,idle,+0.000,+0.000,+0.000,+0.000,1100,0,
1785507534.7548,2026-07-31T10:18:54.754,24.036,242,,,,0,,,,-0.1574,-177.51,-0.1574,-177.51,1,30.0,idle,+0.000,+0.000,+0.000,+0.000,1100,0,
1785507534.8532,2026-07-31T10:18:54.853,24.134,243,,,,0,,,,-0.1590,-177.54,-0.1590,-177.54,1,30.0,idle,+0.000,+0.000,+0.000,+0.000,1100,0,
1785507534.9539,2026-07-31T10:18:54.953,24.235,244,,,,0,,,,-0.1557,-177.55,-0.1557,-177.55,1,30.0,idle,+0.000,+0.000,+0.000,+0.000,1100,0,
1785507535.0530,2026-07-31T10:18:55.053,24.334,245,,,,0,,,,-0.1538,-177.58,-0.1538,-177.58,1,30.0,idle,+0.000,+0.000,+0.000,+0.000,1100,0,
1785507535.1517,2026-07-31T10:18:55.151,24.433,246,,,,0,,,,-0.1573,-177.59,-0.1573,-177.59,1,30.0,idle,+0.000,+0.000,+0.000,+0.000,1100,0,
1785507535.2508,2026-07-31T10:18:55.250,24.532,247,,,,0,,,,-0.1594,-177.61,-0.1594,-177.61,1,30.0,idle,+0.000,+0.000,+0.000,+0.000,1100,0,
1785507535.3494,2026-07-31T10:18:55.349,24.631,248,,,,0,,,,-0.1555,-177.63,-0.1555,-177.63,1,30.0,idle,+0.000,+0.000,+0.000,+0.000,1100,0,
1785507535.4488,2026-07-31T10:18:55.448,24.730,249,,,,0,,,,-0.1580,-177.64,-0.1580,-177.64,1,30.0,idle,+0.000,+0.000,+0.000,+0.000,1100,0,
1785507535.5489,2026-07-31T10:18:55.548,24.830,250,,,,0,,,,-0.1533,-177.66,-0.1533,-177.66,1,30.0,idle,+0.000,+0.000,+0.000,+0.000,1100,0,
1785507535.6474,2026-07-31T10:18:55.647,24.929,251,,,,0,,,,-0.1560,-177.68,-0.1560,-177.68,1,30.0,idle,+0.000,+0.000,+0.000,+0.000,1100,0,
1785507535.7471,2026-07-31T10:18:55.747,25.028,252,,,,0,,,,-0.1533,-177.70,-0.1533,-177.70,1,30.0,idle,+0.000,+0.000,+0.000,+0.000,1100,0,
1785507535.8470,2026-07-31T10:18:55.846,25.128,253,,,,0,,,,-0.1528,-177.73,-0.1528,-177.73,1,30.0,idle,+0.000,+0.000,+0.000,+0.000,1100,0,
1785507535.9457,2026-07-31T10:18:55.945,25.227,254,,,,0,,,,-0.1551,-177.75,-0.1551,-177.75,1,30.0,idle,+0.000,+0.000,+0.000,+0.000,1100,0,
1785507536.0446,2026-07-31T10:18:56.044,25.326,255,,,,0,,,,-0.1559,-177.77,-0.1559,-177.77,1,30.0,idle,+0.000,+0.000,+0.000,+0.000,1100,0,
1785507536.1442,2026-07-31T10:18:56.144,25.425,256,,,,0,,,,-0.1547,-177.78,-0.1547,-177.78,1,30.0,idle,+0.000,+0.000,+0.000,+0.000,1100,0,
1785507536.2431,2026-07-31T10:18:56.243,25.524,257,,,,0,,,,-0.1557,-177.81,-0.1557,-177.81,1,30.0,idle,+0.000,+0.000,+0.000,+0.000,1100,0,
1785507536.3413,2026-07-31T10:18:56.341,25.622,258,,,,0,,,,-0.1569,-177.83,-0.1569,-177.83,1,30.0,idle,+0.000,+0.000,+0.000,+0.000,1100,0,
1785507536.4408,2026-07-31T10:18:56.440,25.722,259,,,,0,,,,-0.1555,-177.84,-0.1555,-177.84,1,30.0,idle,+0.000,+0.000,+0.000,+0.000,1100,0,
1785507536.5402,2026-07-31T10:18:56.540,25.821,260,,,,0,,,,-0.1524,-177.87,-0.1524,-177.87,1,30.0,idle,+0.000,+0.000,+0.000,+0.000,1100,0,
1785507536.6391,2026-07-31T10:18:56.639,25.920,261,,,,0,,,,-0.1542,-177.89,-0.1542,-177.89,1,30.0,idle,+0.000,+0.000,+0.000,+0.000,1100,0,
1785507536.7380,2026-07-31T10:18:56.737,26.019,262,,,,0,,,,-0.1522,-177.92,-0.1522,-177.92,1,30.0,idle,+0.000,+0.000,+0.000,+0.000,1100,0,
1785507536.8371,2026-07-31T10:18:56.837,26.118,263,,,,0,,,,-0.1543,-177.94,-0.1543,-177.94,1,30.0,idle,+0.000,+0.000,+0.000,+0.000,1100,0,
1785507536.9362,2026-07-31T10:18:56.936,26.217,264,,,,0,,,,-0.1532,-177.96,-0.1532,-177.96,1,30.0,idle,+0.000,+0.000,+0.000,+0.000,1100,0,
1785507537.0356,2026-07-31T10:18:57.035,26.317,265,,,,0,,,,-0.1553,-177.98,-0.1553,-177.98,1,30.0,idle,+0.000,+0.000,+0.000,+0.000,1100,0,
1785507537.1348,2026-07-31T10:18:57.134,26.416,266,,,,0,,,,-0.1567,-177.99,-0.1567,-177.99,1,30.0,idle,+0.000,+0.000,+0.000,+0.000,1100,0,
1785507537.2338,2026-07-31T10:18:57.233,26.515,267,,,,0,,,,-0.1596,-178.02,-0.1596,-178.02,1,30.0,idle,+0.000,+0.000,+0.000,+0.000,1100,0,
1785507537.3330,2026-07-31T10:18:57.332,26.614,268,,,,0,,,,-0.1544,-178.06,-0.1544,-178.06,1,30.0,idle,+0.000,+0.000,+0.000,+0.000,1100,0,
1785507537.4322,2026-07-31T10:18:57.432,26.713,269,,,,0,,,,-0.1549,-178.08,-0.1549,-178.08,1,30.0,idle,+0.000,+0.000,+0.000,+0.000,1100,0,
1785507537.5304,2026-07-31T10:18:57.530,26.812,270,,,,0,,,,-0.1554,-178.10,-0.1554,-178.10,1,30.0,idle,+0.000,+0.000,+0.000,+0.000,1100,0,
1785507537.6294,2026-07-31T10:18:57.629,26.911,271,,,,0,,,,-0.1528,-178.12,-0.1528,-178.12,1,30.0,idle,+0.000,+0.000,+0.000,+0.000,1100,0,
1785507537.7301,2026-07-31T10:18:57.730,27.011,272,,,,0,,,,-0.1553,-178.15,-0.1553,-178.15,1,30.0,idle,+0.000,+0.000,+0.000,+0.000,1100,0,
1785507537.8299,2026-07-31T10:18:57.829,27.111,273,,,,0,,,,-0.1600,-178.16,-0.1600,-178.16,1,30.0,idle,+0.000,+0.000,+0.000,+0.000,1100,0,
1785507537.9292,2026-07-31T10:18:57.929,27.210,274,,,,0,,,,-0.1577,-178.19,-0.1577,-178.19,1,30.0,idle,+0.000,+0.000,+0.000,+0.000,1100,0,
1785507538.0288,2026-07-31T10:18:58.028,27.310,275,,,,0,,,,-0.1553,-178.22,-0.1553,-178.22,1,30.0,idle,+0.000,+0.000,+0.000,+0.000,1100,0,
1785507538.1287,2026-07-31T10:18:58.128,27.410,276,,,,0,,,,-0.1582,-178.23,-0.1582,-178.23,1,30.0,idle,+0.000,+0.000,+0.000,+0.000,1100,0,
1785507538.2275,2026-07-31T10:18:58.227,27.509,277,,,,0,,,,-0.1571,-178.26,-0.1571,-178.26,1,30.0,idle,+0.000,+0.000,+0.000,+0.000,1100,0,
1785507538.3275,2026-07-31T10:18:58.327,27.609,278,,,,0,,,,-0.1529,-178.27,-0.1529,-178.27,1,30.0,idle,+0.000,+0.000,+0.000,+0.000,1100,0,
1785507538.4254,2026-07-31T10:18:58.425,27.707,279,,,,0,,,,-0.1535,-178.29,-0.1535,-178.29,1,30.0,idle,+0.000,+0.000,+0.000,+0.000,1100,0,
1785507538.5249,2026-07-31T10:18:58.524,27.806,280,,,,0,,,,-0.1581,-178.32,-0.1581,-178.32,1,30.0,idle,+0.000,+0.000,+0.000,+0.000,1100,0,
1785507538.6257,2026-07-31T10:18:58.625,27.907,281,,,,0,,,,-0.1551,-178.32,-0.1551,-178.32,1,30.0,idle,+0.000,+0.000,+0.000,+0.000,1100,0,
1785507538.7256,2026-07-31T10:18:58.725,28.007,282,,,,0,,,,-0.1566,-178.35,-0.1566,-178.35,1,30.0,idle,+0.000,+0.000,+0.000,+0.000,1100,0,
1785507538.8250,2026-07-31T10:18:58.825,28.106,283,,,,0,,,,-0.1542,-178.36,-0.1542,-178.36,1,30.0,idle,+0.000,+0.000,+0.000,+0.000,1100,0,
1785507538.9236,2026-07-31T10:18:58.923,28.205,284,,,,0,,,,-0.1559,-178.38,-0.1559,-178.38,1,30.0,idle,+0.000,+0.000,+0.000,+0.000,1100,0,
1785507539.0230,2026-07-31T10:18:59.022,28.304,285,,,,0,,,,-0.1569,-178.40,-0.1569,-178.40,1,30.0,idle,+0.000,+0.000,+0.000,+0.000,1100,0,
1785507539.1231,2026-07-31T10:18:59.123,28.404,286,,,,0,,,,-0.1545,-178.42,-0.1545,-178.42,1,30.0,idle,+0.000,+0.000,+0.000,+0.000,1100,0,
1785507539.2223,2026-07-31T10:18:59.222,28.503,287,,,,0,,,,-0.1594,-178.44,-0.1594,-178.44,1,30.0,idle,+0.000,+0.000,+0.000,+0.000,1100,0,
1785507539.3219,2026-07-31T10:18:59.321,28.603,288,,,,0,,,,-0.1550,-178.45,-0.1550,-178.45,1,30.0,idle,+0.000,+0.000,+0.000,+0.000,1100,0,
1785507539.4206,2026-07-31T10:18:59.420,28.702,289,,,,0,,,,-0.1571,-178.48,-0.1571,-178.48,1,30.0,idle,+0.000,+0.000,+0.000,+0.000,1100,0,
1785507539.5202,2026-07-31T10:18:59.520,28.801,290,,,,0,,,,-0.1550,-178.50,-0.1550,-178.50,1,30.0,idle,+0.000,+0.000,+0.000,+0.000,1100,0,
1785507539.6186,2026-07-31T10:18:59.618,28.900,291,,,,0,,,,-0.1557,-178.51,-0.1557,-178.51,1,30.0,idle,+0.000,+0.000,+0.000,+0.000,1100,0,
1785507539.7184,2026-07-31T10:18:59.718,29.000,292,,,,0,,,,-0.1577,-178.54,-0.1577,-178.54,1,30.0,idle,+0.000,+0.000,+0.000,+0.000,1100,0,
1785507539.8183,2026-07-31T10:18:59.818,29.100,293,,,,0,,,,-0.1568,-178.56,-0.1568,-178.56,1,30.0,idle,+0.000,+0.000,+0.000,+0.000,1100,0,
1785507539.9171,2026-07-31T10:18:59.917,29.198,294,,,,0,,,,-0.1520,-178.58,-0.1520,-178.58,1,30.0,idle,+0.000,+0.000,+0.000,+0.000,1100,0,
1785507540.0160,2026-07-31T10:19:00.015,29.297,295,,,,0,,,,-0.1587,-178.59,-0.1587,-178.59,1,30.0,idle,+0.000,+0.000,+0.000,+0.000,1100,0,
1785507540.1154,2026-07-31T10:19:00.115,29.397,296,,,,0,,,,-0.1546,-178.62,-0.1546,-178.62,1,30.0,idle,+0.000,+0.000,+0.000,+0.000,1100,0,
1785507540.2138,2026-07-31T10:19:00.213,29.495,297,,,,0,,,,-0.1571,-178.64,-0.1571,-178.64,1,30.0,idle,+0.000,+0.000,+0.000,+0.000,1100,0,
1785507540.3136,2026-07-31T10:19:00.313,29.595,298,,,,0,,,,-0.1567,-178.66,-0.1567,-178.66,1,30.0,idle,+0.000,+0.000,+0.000,+0.000,1100,0,
1785507540.4127,2026-07-31T10:19:00.412,29.694,299,,,,0,,,,-0.1543,-178.69,-0.1543,-178.69,1,30.0,idle,+0.000,+0.000,+0.000,+0.000,1100,0,
1785507540.5117,2026-07-31T10:19:00.511,29.793,300,,,,0,,,,-0.1562,-178.70,-0.1562,-178.70,1,30.0,idle,+0.000,+0.000,+0.000,+0.000,1100,0,
1785507540.6124,2026-07-31T10:19:00.612,29.894,301,,,,0,,,,-0.1586,-178.73,-0.1586,-178.73,1,30.0,idle,+0.000,+0.000,+0.000,+0.000,1100,0,
1785507540.7114,2026-07-31T10:19:00.711,29.993,302,,,,0,,,,-0.1590,-178.76,-0.1590,-178.76,1,30.0,idle,+0.000,+0.000,+0.000,+0.000,1100,0,
1785507540.8106,2026-07-31T10:19:00.810,30.092,303,,,,0,,,,-0.1571,-178.78,-0.1571,-178.78,1,30.0,idle,+0.000,+0.000,+0.000,+0.000,1100,0,
1785507540.9101,2026-07-31T10:19:00.910,30.191,304,,,,0,,,,-0.1546,-178.79,-0.1546,-178.79,1,30.0,idle,+0.000,+0.000,+0.000,+0.000,1100,0,
1785507541.0092,2026-07-31T10:19:01.009,30.290,305,,,,0,,,,-0.1543,-178.81,-0.1543,-178.81,1,30.0,idle,+0.000,+0.000,+0.000,+0.000,1100,0,
1785507541.1077,2026-07-31T10:19:01.107,30.389,306,,,,0,,,,-0.1588,-178.83,-0.1588,-178.83,1,30.0,idle,+0.000,+0.000,+0.000,+0.000,1100,0,
1785507541.2070,2026-07-31T10:19:01.206,30.488,307,,,,0,,,,-0.1595,-178.86,-0.1595,-178.86,1,30.0,idle,+0.000,+0.000,+0.000,+0.000,1100,0,
1785507541.3074,2026-07-31T10:19:01.307,30.589,308,,,,0,,,,-0.1586,-178.88,-0.1586,-178.88,1,30.0,idle,+0.000,+0.000,+0.000,+0.000,1100,0,
1785507541.4059,2026-07-31T10:19:01.405,30.687,309,,,,0,,,,-0.1540,-178.90,-0.1540,-178.90,1,30.0,idle,+0.000,+0.000,+0.000,+0.000,1100,0,
1785507541.5049,2026-07-31T10:19:01.504,30.786,310,,,,0,,,,-0.1540,-178.91,-0.1540,-178.91,1,30.0,idle,+0.000,+0.000,+0.000,+0.000,1100,0,
1785507541.6055,2026-07-31T10:19:01.605,30.887,311,,,,0,,,,-0.1561,-178.94,-0.1561,-178.94,1,30.0,idle,+0.000,+0.000,+0.000,+0.000,1100,0,
1785507541.7044,2026-07-31T10:19:01.704,30.986,312,,,,0,,,,-0.1576,-178.97,-0.1576,-178.97,1,30.0,idle,+0.000,+0.000,+0.000,+0.000,1100,0,
1785507541.8034,2026-07-31T10:19:01.803,31.085,313,,,,0,,,,-0.1571,-178.98,-0.1571,-178.98,1,30.0,idle,+0.000,+0.000,+0.000,+0.000,1100,0,
1785507541.9021,2026-07-31T10:19:01.902,31.183,314,,,,0,,,,-0.1525,-179.01,-0.1525,-179.01,1,30.0,idle,+0.000,+0.000,+0.000,+0.000,1100,0,
1785507542.0022,2026-07-31T10:19:02.002,31.283,315,,,,0,,,,-0.1505,-179.02,-0.1505,-179.02,1,30.0,idle,+0.000,+0.000,+0.000,+0.000,1100,0,
1785507542.1013,2026-07-31T10:19:02.101,31.383,316,,,,0,,,,-0.1499,-179.04,-0.1499,-179.04,1,30.0,idle,+0.000,+0.000,+0.000,+0.000,1100,0,
1785507542.2005,2026-07-31T10:19:02.200,31.482,317,,,,0,,,,-0.1529,-179.05,-0.1529,-179.05,1,30.0,idle,+0.000,+0.000,+0.000,+0.000,1100,0,
1785507542.2990,2026-07-31T10:19:02.299,31.580,318,,,,0,,,,-0.1571,-179.08,-0.1571,-179.08,1,30.0,idle,+0.000,+0.000,+0.000,+0.000,1100,0,
1785507542.3976,2026-07-31T10:19:02.397,31.679,319,,,,0,,,,-0.1537,-179.10,-0.1537,-179.10,1,30.0,idle,+0.000,+0.000,+0.000,+0.000,1100,0,
1785507542.4965,2026-07-31T10:19:02.496,31.778,320,,,,0,,,,-0.1597,-179.12,-0.1597,-179.12,1,30.0,idle,+0.000,+0.000,+0.000,+0.000,1100,0,
1785507542.5959,2026-07-31T10:19:02.595,31.877,321,,,,0,,,,-0.1536,-179.15,-0.1536,-179.15,1,30.0,idle,+0.000,+0.000,+0.000,+0.000,1100,0,
1785507542.6956,2026-07-31T10:19:02.695,31.977,322,,,,0,,,,-0.1551,-179.17,-0.1551,-179.17,1,30.0,idle,+0.000,+0.000,+0.000,+0.000,1100,0,
1785507542.7947,2026-07-31T10:19:02.794,32.076,323,,,,0,,,,-0.1592,-179.19,-0.1592,-179.19,1,30.0,idle,+0.000,+0.000,+0.000,+0.000,1100,0,
1785507542.8946,2026-07-31T10:19:02.894,32.176,324,,,,0,,,,-0.1520,-179.22,-0.1520,-179.22,1,30.0,idle,+0.000,+0.000,+0.000,+0.000,1100,0,
1785507542.9941,2026-07-31T10:19:02.994,32.275,325,,,,0,,,,-0.1604,-179.23,-0.1604,-179.23,1,30.0,idle,+0.000,+0.000,+0.000,+0.000,1100,0,
1785507543.0936,2026-07-31T10:19:03.093,32.375,326,,,,0,,,,-0.1580,-179.26,-0.1580,-179.26,1,30.0,idle,+0.000,+0.000,+0.000,+0.000,1100,0,
1785507543.1919,2026-07-31T10:19:03.191,32.473,327,,,,0,,,,-0.1534,-179.27,-0.1534,-179.27,1,30.0,idle,+0.000,+0.000,+0.000,+0.000,1100,0,
1785507543.2909,2026-07-31T10:19:03.290,32.572,328,,,,0,,,,-0.1577,-179.29,-0.1577,-179.29,1,30.0,idle,+0.000,+0.000,+0.000,+0.000,1100,0,
1785507543.3914,2026-07-31T10:19:03.391,32.673,329,,,,0,,,,-0.1535,-179.31,-0.1535,-179.31,1,30.0,idle,+0.000,+0.000,+0.000,+0.000,1100,0,
1785507543.4912,2026-07-31T10:19:03.491,32.772,330,,,,0,,,,-0.1551,-179.32,-0.1551,-179.32,1,30.0,idle,+0.000,+0.000,+0.000,+0.000,1100,0,
1785507543.5925,2026-07-31T10:19:03.592,32.874,331,,,,0,,,,-0.1568,-179.35,-0.1568,-179.35,1,30.0,idle,+0.000,+0.000,+0.000,+0.000,1100,0,
1785507543.6911,2026-07-31T10:19:03.691,32.972,332,,,,0,,,,-0.1550,-179.37,-0.1550,-179.37,1,30.0,idle,+0.000,+0.000,+0.000,+0.000,1100,0,
1785507543.7906,2026-07-31T10:19:03.790,33.072,333,,,,0,,,,-0.1556,-179.39,-0.1556,-179.39,1,30.0,idle,+0.000,+0.000,+0.000,+0.000,1100,0,
1785507543.8891,2026-07-31T10:19:03.889,33.170,334,,,,0,,,,-0.1543,-179.42,-0.1543,-179.42,1,30.0,idle,+0.000,+0.000,+0.000,+0.000,1100,0,
1785507543.9886,2026-07-31T10:19:03.988,33.270,335,,,,0,,,,-0.1496,-179.43,-0.1496,-179.43,1,30.0,idle,+0.000,+0.000,+0.000,+0.000,1100,0,
1785507544.0870,2026-07-31T10:19:04.087,33.368,336,,,,0,,,,-0.1563,-179.47,-0.1563,-179.47,1,30.0,idle,+0.000,+0.000,+0.000,+0.000,1100,0,
1785507544.1861,2026-07-31T10:19:04.186,33.467,337,,,,0,,,,-0.1543,-179.48,-0.1543,-179.48,1,30.0,idle,+0.000,+0.000,+0.000,+0.000,1100,0,
1785507544.2855,2026-07-31T10:19:04.285,33.567,338,,,,0,,,,-0.1588,-179.50,-0.1588,-179.50,1,30.0,idle,+0.000,+0.000,+0.000,+0.000,1100,0,
1785507544.3841,2026-07-31T10:19:04.384,33.665,339,,,,0,,,,-0.1552,-179.52,-0.1552,-179.52,1,30.0,idle,+0.000,+0.000,+0.000,+0.000,1100,0,
1785507544.4830,2026-07-31T10:19:04.483,33.764,340,,,,0,,,,-0.1534,-179.54,-0.1534,-179.54,1,30.0,idle,+0.000,+0.000,+0.000,+0.000,1100,0,
1785507544.5833,2026-07-31T10:19:04.583,33.864,341,,,,0,,,,-0.1542,-179.56,-0.1542,-179.56,1,30.0,idle,+0.000,+0.000,+0.000,+0.000,1100,0,
1785507544.6826,2026-07-31T10:19:04.682,33.964,342,,,,0,,,,-0.1508,-179.59,-0.1508,-179.59,1,30.0,idle,+0.000,+0.000,+0.000,+0.000,1100,0,
1785507544.7817,2026-07-31T10:19:04.781,34.063,343,,,,0,,,,-0.1526,-179.61,-0.1526,-179.61,1,30.0,idle,+0.000,+0.000,+0.000,+0.000,1100,0,
1785507544.8805,2026-07-31T10:19:04.880,34.162,344,,,,0,,,,-0.1543,-179.64,-0.1543,-179.64,1,30.0,idle,+0.000,+0.000,+0.000,+0.000,1100,0,
1785507544.9790,2026-07-31T10:19:04.979,34.260,345,,,,0,,,,-0.1571,-179.65,-0.1571,-179.65,1,30.0,idle,+0.000,+0.000,+0.000,+0.000,1100,0,
1785507545.0785,2026-07-31T10:19:05.078,34.360,346,,,,0,,,,-0.1493,-179.68,-0.1493,-179.68,1,30.0,idle,+0.000,+0.000,+0.000,+0.000,1100,0,
1785507545.1770,2026-07-31T10:19:05.176,34.458,347,,,,0,,,,-0.1543,-179.69,-0.1543,-179.69,1,30.0,idle,+0.000,+0.000,+0.000,+0.000,1100,0,
1785507545.2761,2026-07-31T10:19:05.276,34.557,348,,,,0,,,,-0.1594,-179.71,-0.1594,-179.71,1,30.0,idle,+0.000,+0.000,+0.000,+0.000,1100,0,
1785507545.3762,2026-07-31T10:19:05.376,34.657,349,,,,0,,,,-0.1530,-179.73,-0.1530,-179.73,1,30.0,idle,+0.000,+0.000,+0.000,+0.000,1100,0,
1785507545.4758,2026-07-31T10:19:05.475,34.757,350,,,,0,,,,-0.1599,-179.76,-0.1599,-179.76,1,30.0,idle,+0.000,+0.000,+0.000,+0.000,1100,0,
1785507545.5745,2026-07-31T10:19:05.574,34.856,351,,,,0,,,,-0.1515,-179.79,-0.1515,-179.79,1,30.0,idle,+0.000,+0.000,+0.000,+0.000,1100,0,
1785507545.6734,2026-07-31T10:19:05.673,34.955,352,,,,0,,,,-0.1595,-179.81,-0.1595,-179.81,1,30.0,idle,+0.000,+0.000,+0.000,+0.000,1100,0,
1785507545.7725,2026-07-31T10:19:05.772,35.054,353,,,,0,,,,-0.1580,-179.83,-0.1580,-179.83,1,30.0,idle,+0.000,+0.000,+0.000,+0.000,1100,0,
1785507545.8720,2026-07-31T10:19:05.871,35.153,354,,,,0,,,,-0.1559,-179.85,-0.1559,-179.85,1,30.0,idle,+0.000,+0.000,+0.000,+0.000,1100,0,
1785507545.9712,2026-07-31T10:19:05.971,35.252,355,,,,0,,,,-0.1548,-179.88,-0.1548,-179.88,1,30.0,idle,+0.000,+0.000,+0.000,+0.000,1100,0,
1785507546.0714,2026-07-31T10:19:06.071,35.353,356,,,,0,,,,-0.1548,-179.90,-0.1548,-179.90,1,30.0,idle,+0.000,+0.000,+0.000,+0.000,1100,0,
1785507546.1717,2026-07-31T10:19:06.171,35.453,357,,,,0,,,,-0.1580,-179.92,-0.1580,-179.92,1,30.0,idle,+0.000,+0.000,+0.000,+0.000,1100,0,
1785507546.2703,2026-07-31T10:19:06.270,35.552,358,,,,0,,,,-0.1531,179.83,-0.1531,-180.17,1,30.0,idle,+0.000,+0.000,+0.000,+0.000,1100,0,
1785507546.3691,2026-07-31T10:19:06.369,35.650,359,,,,0,,,,-0.1543,179.48,-0.1543,-180.52,1,30.0,idle,+0.000,+0.000,+0.000,+0.000,1100,0,
1785507546.4695,2026-07-31T10:19:06.469,35.751,360,,,,0,,,,-0.1565,179.38,-0.1565,-180.62,1,30.0,idle,+0.000,+0.000,+0.000,+0.000,1100,0,
1785507546.5682,2026-07-31T10:19:06.568,35.849,361,,,,0,,,,-0.1576,179.39,-0.1576,-180.61,1,30.0,idle,+0.000,+0.000,+0.000,+0.000,1100,0,
1785507546.6672,2026-07-31T10:19:06.667,35.948,362,,,,0,,,,-0.1555,179.37,-0.1555,-180.63,1,30.0,idle,+0.000,+0.000,+0.000,+0.000,1100,0,
1785507546.7665,2026-07-31T10:19:06.766,36.048,363,,,,0,,,,-0.1546,179.35,-0.1546,-180.65,1,30.0,idle,+0.000,+0.000,+0.000,+0.000,1100,0,
1785507546.8669,2026-07-31T10:19:06.866,36.148,364,,,,0,,,,-0.1530,179.34,-0.1530,-180.66,1,30.0,idle,+0.000,+0.000,+0.000,+0.000,1100,0,
1785507546.9655,2026-07-31T10:19:06.965,36.247,365,,,,0,,,,-0.1574,179.31,-0.1574,-180.69,1,30.0,idle,+0.000,+0.000,+0.000,+0.000,1100,0,
1785507547.0657,2026-07-31T10:19:07.065,36.347,366,,,,0,,,,-0.1555,179.30,-0.1555,-180.70,1,30.0,idle,+0.000,+0.000,+0.000,+0.000,1100,0,
1785507547.1649,2026-07-31T10:19:07.164,36.446,367,,,,0,,,,-0.1528,179.27,-0.1528,-180.73,1,30.0,idle,+0.000,+0.000,+0.000,+0.000,1100,0,
1785507547.2641,2026-07-31T10:19:07.264,36.545,368,,,,0,,,,-0.1584,179.24,-0.1584,-180.76,1,30.0,idle,+0.000,+0.000,+0.000,+0.000,1100,0,
1785507547.3631,2026-07-31T10:19:07.363,36.644,369,,,,0,,,,-0.1538,179.22,-0.1538,-180.78,1,30.0,idle,+0.000,+0.000,+0.000,+0.000,1100,0,
1785507547.4634,2026-07-31T10:19:07.463,36.745,370,,,,0,,,,-0.1566,179.21,-0.1566,-180.79,1,30.0,idle,+0.000,+0.000,+0.000,+0.000,1100,0,
1785507547.5630,2026-07-31T10:19:07.563,36.844,371,,,,0,,,,-0.1550,179.19,-0.1550,-180.81,1,30.0,idle,+0.000,+0.000,+0.000,+0.000,1100,0,
1785507547.6630,2026-07-31T10:19:07.663,36.944,372,,,,0,,,,-0.1525,179.17,-0.1525,-180.83,1,30.0,idle,+0.000,+0.000,+0.000,+0.000,1100,0,
1785507547.7622,2026-07-31T10:19:07.762,37.043,373,,,,0,,,,-0.1565,179.14,-0.1565,-180.86,1,30.0,idle,+0.000,+0.000,+0.000,+0.000,1100,0,
1785507547.8616,2026-07-31T10:19:07.861,37.143,374,,,,0,,,,-0.1571,179.12,-0.1571,-180.88,1,30.0,idle,+0.000,+0.000,+0.000,+0.000,1100,0,
1785507547.9618,2026-07-31T10:19:07.961,37.243,375,,,,0,,,,-0.1569,179.09,-0.1569,-180.91,1,30.0,idle,+0.000,+0.000,+0.000,+0.000,1100,0,
1785507548.0614,2026-07-31T10:19:08.061,37.343,376,,,,0,,,,-0.1556,179.07,-0.1556,-180.93,1,30.0,idle,+0.000,+0.000,+0.000,+0.000,1100,0,
1785507548.1621,2026-07-31T10:19:08.162,37.443,377,,,,0,,,,-0.1508,179.05,-0.1508,-180.95,1,30.0,idle,+0.000,+0.000,+0.000,+0.000,1100,0,
1785507548.2604,2026-07-31T10:19:08.260,37.542,378,,,,0,,,,-0.1540,179.01,-0.1540,-180.99,1,30.0,idle,+0.000,+0.000,+0.000,+0.000,1100,0,
1785507548.3596,2026-07-31T10:19:08.359,37.641,379,,,,0,,,,-0.1564,179.00,-0.1564,-181.00,1,30.0,idle,+0.000,+0.000,+0.000,+0.000,1100,0,
1785507548.4586,2026-07-31T10:19:08.458,37.740,380,,,,0,,,,-0.1568,178.98,-0.1568,-181.02,1,30.0,idle,+0.000,+0.000,+0.000,+0.000,1100,0,
1785507548.5574,2026-07-31T10:19:08.557,37.839,381,,,,0,,,,-0.1584,178.96,-0.1584,-181.04,1,30.0,idle,+0.000,+0.000,+0.000,+0.000,1100,0,
1785507548.6582,2026-07-31T10:19:08.658,37.939,382,,,,0,,,,-0.1590,178.93,-0.1590,-181.07,1,30.0,idle,+0.000,+0.000,+0.000,+0.000,1100,0,
1785507548.7577,2026-07-31T10:19:08.757,38.039,383,,,,0,,,,-0.1601,178.91,-0.1601,-181.09,1,30.0,idle,+0.000,+0.000,+0.000,+0.000,1100,0,
1785507548.8571,2026-07-31T10:19:08.857,38.138,384,,,,0,,,,-0.1540,178.90,-0.1540,-181.10,1,30.0,idle,+0.000,+0.000,+0.000,+0.000,1100,0,
1785507548.9553,2026-07-31T10:19:08.955,38.236,385,,,,0,,,,-0.1542,178.86,-0.1542,-181.14,1,30.0,idle,+0.000,+0.000,+0.000,+0.000,1100,0,
1785507549.0545,2026-07-31T10:19:09.054,38.336,386,,,,0,,,,-0.1592,178.84,-0.1592,-181.16,1,30.0,idle,+0.000,+0.000,+0.000,+0.000,1100,0,
1785507549.1538,2026-07-31T10:19:09.153,38.435,387,,,,0,,,,-0.1565,178.82,-0.1565,-181.18,1,30.0,idle,+0.000,+0.000,+0.000,+0.000,1100,0,
1785507549.2527,2026-07-31T10:19:09.252,38.534,388,,,,0,,,,-0.1571,178.79,-0.1571,-181.21,1,30.0,idle,+0.000,+0.000,+0.000,+0.000,1100,0,
1785507549.3514,2026-07-31T10:19:09.351,38.633,389,,,,0,,,,-0.1580,178.78,-0.1580,-181.22,1,30.0,idle,+0.000,+0.000,+0.000,+0.000,1100,0,
1785507549.4510,2026-07-31T10:19:09.451,38.732,390,,,,0,,,,-0.1551,178.76,-0.1551,-181.24,1,30.0,idle,+0.000,+0.000,+0.000,+0.000,1100,0,
1785507549.5510,2026-07-31T10:19:09.550,38.832,391,,,,0,,,,-0.1559,178.75,-0.1559,-181.25,1,30.0,idle,+0.000,+0.000,+0.000,+0.000,1100,0,
1785507549.6501,2026-07-31T10:19:09.650,38.931,392,,,,0,,,,-0.1534,178.72,-0.1534,-181.28,1,30.0,idle,+0.000,+0.000,+0.000,+0.000,1100,0,
1785507549.7498,2026-07-31T10:19:09.749,39.031,393,,,,0,,,,-0.1529,178.69,-0.1529,-181.31,1,30.0,idle,+0.000,+0.000,+0.000,+0.000,1100,0,
1785507549.8493,2026-07-31T10:19:09.849,39.130,394,,,,0,,,,-0.1553,178.68,-0.1553,-181.32,1,30.0,idle,+0.000,+0.000,+0.000,+0.000,1100,0,
1785507549.9483,2026-07-31T10:19:09.948,39.230,395,,,,0,,,,-0.1548,178.65,-0.1548,-181.35,1,30.0,idle,+0.000,+0.000,+0.000,+0.000,1100,0,
1785507550.0477,2026-07-31T10:19:10.047,39.329,396,,,,0,,,,-0.1544,178.63,-0.1544,-181.37,1,30.0,idle,+0.000,+0.000,+0.000,+0.000,1100,0,
1785507550.1471,2026-07-31T10:19:10.147,39.428,397,,,,0,,,,-0.1558,178.61,-0.1558,-181.39,1,30.0,idle,+0.000,+0.000,+0.000,+0.000,1100,0,
1785507550.2455,2026-07-31T10:19:10.245,39.527,398,,,,0,,,,-0.1557,178.60,-0.1557,-181.40,1,30.0,idle,+0.000,+0.000,+0.000,+0.000,1100,0,
1785507550.3448,2026-07-31T10:19:10.344,39.626,399,,,,0,,,,-0.1547,178.58,-0.1547,-181.42,1,30.0,idle,+0.000,+0.000,+0.000,+0.000,1100,0,
1785507550.4442,2026-07-31T10:19:10.444,39.725,400,,,,0,,,,-0.1530,178.55,-0.1530,-181.45,1,30.0,idle,+0.000,+0.000,+0.000,+0.000,1100,0,
1785507550.5425,2026-07-31T10:19:10.542,39.824,401,,,,0,,,,-0.1536,178.54,-0.1536,-181.46,1,30.0,idle,+0.000,+0.000,+0.000,+0.000,1100,0,
1785507550.6434,2026-07-31T10:19:10.643,39.925,402,,,,0,,,,-0.1561,178.52,-0.1561,-181.48,1,30.0,idle,+0.000,+0.000,+0.000,+0.000,1100,0,
1785507550.7426,2026-07-31T10:19:10.742,40.024,403,,,,0,,,,-0.1560,178.51,-0.1560,-181.49,1,30.0,idle,+0.000,+0.000,+0.000,+0.000,1100,0,
1785507550.8414,2026-07-31T10:19:10.841,40.123,404,,,,0,,,,-0.1554,178.48,-0.1554,-181.52,1,30.0,idle,+0.000,+0.000,+0.000,+0.000,1100,0,
1785507550.9414,2026-07-31T10:19:10.941,40.223,405,,,,0,,,,-0.1541,178.46,-0.1541,-181.54,1,30.0,idle,+0.000,+0.000,+0.000,+0.000,1100,0,
1785507551.0409,2026-07-31T10:19:11.040,40.322,406,,,,0,,,,-0.1586,178.45,-0.1586,-181.55,1,30.0,idle,+0.000,+0.000,+0.000,+0.000,1100,0,
1785507551.1414,2026-07-31T10:19:11.141,40.423,407,,,,0,,,,-0.1545,178.43,-0.1545,-181.57,1,30.0,idle,+0.000,+0.000,+0.000,+0.000,1100,0,
1785507551.2414,2026-07-31T10:19:11.241,40.523,408,,,,0,,,,-0.1560,178.42,-0.1560,-181.58,1,30.0,idle,+0.000,+0.000,+0.000,+0.000,1100,0,
1785507551.3413,2026-07-31T10:19:11.341,40.622,409,,,,0,,,,-0.1523,178.39,-0.1523,-181.61,1,30.0,idle,+0.000,+0.000,+0.000,+0.000,1100,0,
1785507551.4399,2026-07-31T10:19:11.439,40.721,410,,,,0,,,,-0.1543,178.35,-0.1543,-181.65,1,30.0,idle,+0.000,+0.000,+0.000,+0.000,1100,0,
1785507551.5385,2026-07-31T10:19:11.538,40.820,411,,,,0,,,,-0.1559,178.34,-0.1559,-181.66,1,30.0,idle,+0.000,+0.000,+0.000,+0.000,1100,0,
1785507551.6392,2026-07-31T10:19:11.639,40.920,412,,,,0,,,,-0.1550,178.32,-0.1550,-181.68,1,30.0,idle,+0.000,+0.000,+0.000,+0.000,1100,0,
1785507551.7380,2026-07-31T10:19:11.738,41.019,413,,,,0,,,,-0.1567,178.31,-0.1567,-181.69,1,30.0,idle,+0.000,+0.000,+0.000,+0.000,1100,0,
1785507551.8378,2026-07-31T10:19:11.837,41.119,414,,,,0,,,,-0.1551,178.28,-0.1551,-181.72,1,30.0,idle,+0.000,+0.000,+0.000,+0.000,1100,0,
1785507551.9373,2026-07-31T10:19:11.937,41.219,415,,,,0,,,,-0.1564,178.26,-0.1564,-181.74,1,30.0,idle,+0.000,+0.000,+0.000,+0.000,1100,0,
1785507552.0364,2026-07-31T10:19:12.036,41.318,416,,,,0,,,,-0.1535,178.25,-0.1535,-181.75,1,30.0,idle,+0.000,+0.000,+0.000,+0.000,1100,0,
1785507552.1352,2026-07-31T10:19:12.135,41.416,417,,,,0,,,,-0.1545,178.22,-0.1545,-181.78,1,30.0,idle,+0.000,+0.000,+0.000,+0.000,1100,0,
1785507552.2340,2026-07-31T10:19:12.234,41.515,418,,,,0,,,,-0.1559,178.21,-0.1559,-181.79,1,30.0,idle,+0.000,+0.000,+0.000,+0.000,1100,0,
1785507552.3330,2026-07-31T10:19:12.332,41.614,419,,,,0,,,,-0.1581,178.19,-0.1581,-181.81,1,30.0,idle,+0.000,+0.000,+0.000,+0.000,1100,0,
1785507552.4318,2026-07-31T10:19:12.431,41.713,420,,,,0,,,,-0.1551,178.16,-0.1551,-181.84,1,30.0,idle,+0.000,+0.000,+0.000,+0.000,1100,0,
1785507552.5315,2026-07-31T10:19:12.531,41.813,421,,,,0,,,,-0.1542,178.15,-0.1542,-181.85,1,30.0,idle,+0.000,+0.000,+0.000,+0.000,1100,0,
1785507552.6312,2026-07-31T10:19:12.631,41.912,422,,,,0,,,,-0.1597,178.13,-0.1597,-181.87,1,30.0,idle,+0.000,+0.000,+0.000,+0.000,1100,0,
1785507552.7297,2026-07-31T10:19:12.729,42.011,423,,,,0,,,,-0.1517,178.12,-0.1517,-181.88,1,30.0,idle,+0.000,+0.000,+0.000,+0.000,1100,0,
1785507552.8289,2026-07-31T10:19:12.828,42.110,424,,,,0,,,,-0.1608,178.09,-0.1608,-181.91,1,30.0,idle,+0.000,+0.000,+0.000,+0.000,1100,0,
1785507552.9286,2026-07-31T10:19:12.928,42.210,425,,,,0,,,,-0.1583,178.06,-0.1583,-181.94,1,30.0,idle,+0.000,+0.000,+0.000,+0.000,1100,0,
1785507553.0282,2026-07-31T10:19:13.028,42.309,426,,,,0,,,,-0.1572,178.04,-0.1572,-181.96,1,30.0,idle,+0.000,+0.000,+0.000,+0.000,1100,0,
1785507553.1280,2026-07-31T10:19:13.128,42.409,427,,,,0,,,,-0.1540,178.02,-0.1540,-181.98,1,30.0,idle,+0.000,+0.000,+0.000,+0.000,1100,0,
1785507553.2267,2026-07-31T10:19:13.226,42.508,428,,,,0,,,,-0.1531,178.01,-0.1531,-181.99,1,30.0,idle,+0.000,+0.000,+0.000,+0.000,1100,0,
1785507553.3260,2026-07-31T10:19:13.325,42.607,429,,,,0,,,,-0.1571,177.99,-0.1571,-182.01,1,30.0,idle,+0.000,+0.000,+0.000,+0.000,1100,0,
1785507553.4256,2026-07-31T10:19:13.425,42.707,430,,,,0,,,,-0.1569,177.98,-0.1569,-182.02,1,30.0,idle,+0.000,+0.000,+0.000,+0.000,1100,0,
1785507553.5252,2026-07-31T10:19:13.525,42.806,431,,,,0,,,,-0.1611,177.95,-0.1611,-182.05,1,30.0,idle,+0.000,+0.000,+0.000,+0.000,1100,0,
1785507553.6256,2026-07-31T10:19:13.625,42.907,432,,,,0,,,,-0.1537,177.92,-0.1537,-182.08,1,30.0,idle,+0.000,+0.000,+0.000,+0.000,1100,0,
1785507553.7250,2026-07-31T10:19:13.724,43.006,433,,,,0,,,,-0.1500,177.90,-0.1500,-182.10,1,30.0,idle,+0.000,+0.000,+0.000,+0.000,1100,0,
1785507553.8246,2026-07-31T10:19:13.824,43.106,434,,,,0,,,,-0.1561,177.88,-0.1561,-182.12,1,30.0,idle,+0.000,+0.000,+0.000,+0.000,1100,0,
1785507553.9239,2026-07-31T10:19:13.923,43.205,435,,,,0,,,,-0.1550,177.86,-0.1550,-182.14,1,30.0,idle,+0.000,+0.000,+0.000,+0.000,1100,0,
1785507554.0241,2026-07-31T10:19:14.024,43.305,436,,,,0,,,,-0.1567,177.84,-0.1567,-182.16,1,30.0,idle,+0.000,+0.000,+0.000,+0.000,1100,0,
1785507554.1229,2026-07-31T10:19:14.122,43.404,437,,,,0,,,,-0.1573,177.81,-0.1573,-182.19,1,30.0,idle,+0.000,+0.000,+0.000,+0.000,1100,0,
1785507554.2227,2026-07-31T10:19:14.222,43.504,438,,,,0,,,,-0.1532,177.79,-0.1532,-182.21,1,30.0,idle,+0.000,+0.000,+0.000,+0.000,1100,0,
1785507554.3217,2026-07-31T10:19:14.321,43.603,439,,,,0,,,,-0.1589,177.77,-0.1589,-182.23,1,30.0,idle,+0.000,+0.000,+0.000,+0.000,1100,0,
1785507554.4212,2026-07-31T10:19:14.421,43.702,440,,,,0,,,,-0.1523,177.75,-0.1523,-182.25,1,30.0,idle,+0.000,+0.000,+0.000,+0.000,1100,0,
1785507554.5204,2026-07-31T10:19:14.520,43.802,441,,,,0,,,,-0.1594,177.73,-0.1594,-182.27,1,30.0,idle,+0.000,+0.000,+0.000,+0.000,1100,0,
1785507554.6198,2026-07-31T10:19:14.619,43.901,442,,,,0,,,,-0.1518,177.70,-0.1518,-182.30,1,30.0,idle,+0.000,+0.000,+0.000,+0.000,1100,0,
1785507554.7203,2026-07-31T10:19:14.720,44.001,443,,,,0,,,,-0.1517,177.69,-0.1517,-182.31,1,30.0,idle,+0.000,+0.000,+0.000,+0.000,1100,0,
1785507554.8188,2026-07-31T10:19:14.818,44.100,444,,,,0,,,,-0.1589,177.66,-0.1589,-182.34,1,30.0,idle,+0.000,+0.000,+0.000,+0.000,1100,0,
1785507554.9192,2026-07-31T10:19:14.919,44.200,445,,,,0,,,,-0.1567,177.64,-0.1567,-182.36,1,30.0,idle,+0.000,+0.000,+0.000,+0.000,1100,0,
1785507555.0188,2026-07-31T10:19:15.018,44.300,446,,,,0,,,,-0.1560,177.62,-0.1560,-182.38,1,30.0,idle,+0.000,+0.000,+0.000,+0.000,1100,0,
1785507555.1184,2026-07-31T10:19:15.118,44.400,447,,,,0,,,,-0.1567,177.60,-0.1567,-182.40,1,30.0,idle,+0.000,+0.000,+0.000,+0.000,1100,0,
1785507555.2180,2026-07-31T10:19:15.218,44.499,448,,,,0,,,,-0.1533,177.58,-0.1533,-182.42,1,30.0,idle,+0.000,+0.000,+0.000,+0.000,1100,0,
1785507555.3182,2026-07-31T10:19:15.318,44.599,449,,,,0,,,,-0.1523,177.56,-0.1523,-182.44,1,30.0,idle,+0.000,+0.000,+0.000,+0.000,1100,0,
1785507555.4177,2026-07-31T10:19:15.417,44.699,450,,,,0,,,,-0.1540,177.55,-0.1540,-182.45,1,30.0,idle,+0.000,+0.000,+0.000,+0.000,1100,0,
1785507555.5163,2026-07-31T10:19:15.516,44.798,451,,,,0,,,,-0.1567,177.53,-0.1567,-182.47,1,30.0,idle,+0.000,+0.000,+0.000,+0.000,1100,0,
1785507555.6150,2026-07-31T10:19:15.615,44.896,452,,,,0,,,,-0.1558,177.50,-0.1558,-182.50,1,30.0,idle,+0.000,+0.000,+0.000,+0.000,1100,0,
1785507555.7143,2026-07-31T10:19:15.714,44.995,453,,,,0,,,,-0.1606,177.49,-0.1606,-182.51,1,30.0,idle,+0.000,+0.000,+0.000,+0.000,1100,0,
1785507555.8131,2026-07-31T10:19:15.813,45.094,454,,,,0,,,,-0.1556,177.47,-0.1556,-182.53,1,30.0,idle,+0.000,+0.000,+0.000,+0.000,1100,0,
1785507555.9133,2026-07-31T10:19:15.913,45.194,455,,,,0,,,,-0.1564,177.45,-0.1564,-182.55,1,30.0,idle,+0.000,+0.000,+0.000,+0.000,1100,0,
1785507556.0133,2026-07-31T10:19:16.013,45.295,456,,,,0,,,,-0.1569,177.43,-0.1569,-182.57,1,30.0,idle,+0.000,+0.000,+0.000,+0.000,1100,0,
1785507556.1122,2026-07-31T10:19:16.112,45.393,457,,,,0,,,,-0.1552,177.40,-0.1552,-182.60,1,30.0,idle,+0.000,+0.000,+0.000,+0.000,1100,0,
1785507556.2116,2026-07-31T10:19:16.211,45.493,458,,,,0,,,,-0.1564,177.38,-0.1564,-182.62,1,30.0,idle,+0.000,+0.000,+0.000,+0.000,1100,0,
1785507556.3101,2026-07-31T10:19:16.310,45.591,459,,,,0,,,,-0.1505,177.35,-0.1505,-182.65,1,30.0,idle,+0.000,+0.000,+0.000,+0.000,1100,0,
1785507556.4097,2026-07-31T10:19:16.409,45.691,460,,,,0,,,,-0.1573,177.33,-0.1573,-182.67,1,30.0,idle,+0.000,+0.000,+0.000,+0.000,1100,0,
1785507556.5080,2026-07-31T10:19:16.507,45.789,461,,,,0,,,,-0.1564,177.30,-0.1564,-182.70,1,30.0,idle,+0.000,+0.000,+0.000,+0.000,1100,0,
1785507556.6073,2026-07-31T10:19:16.607,45.889,462,,,,0,,,,-0.1547,177.29,-0.1547,-182.71,1,30.0,idle,+0.000,+0.000,+0.000,+0.000,1100,0,
1785507556.7067,2026-07-31T10:19:16.706,45.988,463,,,,0,,,,-0.1590,177.26,-0.1590,-182.74,1,30.0,idle,+0.000,+0.000,+0.000,+0.000,1100,0,
1785507556.8057,2026-07-31T10:19:16.805,46.087,464,,,,0,,,,-0.1550,177.24,-0.1550,-182.76,1,30.0,idle,+0.000,+0.000,+0.000,+0.000,1100,0,
1785507556.9041,2026-07-31T10:19:16.904,46.185,465,,,,0,,,,-0.1527,177.23,-0.1527,-182.77,1,30.0,idle,+0.000,+0.000,+0.000,+0.000,1100,0,
1785507557.0031,2026-07-31T10:19:17.003,46.284,466,,,,0,,,,-0.1547,177.21,-0.1547,-182.79,1,30.0,idle,+0.000,+0.000,+0.000,+0.000,1100,0,
1785507557.1035,2026-07-31T10:19:17.103,46.385,467,,,,0,,,,-0.1574,177.19,-0.1574,-182.81,1,30.0,idle,+0.000,+0.000,+0.000,+0.000,1100,0,
1785507557.2028,2026-07-31T10:19:17.202,46.484,468,,,,0,,,,-0.1536,177.17,-0.1536,-182.83,1,30.0,idle,+0.000,+0.000,+0.000,+0.000,1100,0,
1785507557.3019,2026-07-31T10:19:17.301,46.583,469,,,,0,,,,-0.1552,177.15,-0.1552,-182.85,1,30.0,idle,+0.000,+0.000,+0.000,+0.000,1100,0,
1785507557.4014,2026-07-31T10:19:17.401,46.683,470,,,,0,,,,-0.1553,177.14,-0.1553,-182.86,1,30.0,idle,+0.000,+0.000,+0.000,+0.000,1100,0,
1785507557.5013,2026-07-31T10:19:17.501,46.782,471,,,,0,,,,-0.1515,177.11,-0.1515,-182.89,1,30.0,idle,+0.000,+0.000,+0.000,+0.000,1100,0,
1785507557.6007,2026-07-31T10:19:17.600,46.882,472,,,,0,,,,-0.1531,177.09,-0.1531,-182.91,1,30.0,idle,+0.000,+0.000,+0.000,+0.000,1100,0,
1785507557.6996,2026-07-31T10:19:17.699,46.981,473,,,,0,,,,-0.1567,177.07,-0.1567,-182.93,1,30.0,idle,+0.000,+0.000,+0.000,+0.000,1100,0,
1785507557.7988,2026-07-31T10:19:17.798,47.080,474,,,,0,,,,-0.1530,177.05,-0.1530,-182.95,1,30.0,idle,+0.000,+0.000,+0.000,+0.000,1100,0,
1785507557.8987,2026-07-31T10:19:17.898,47.180,475,,,,0,,,,-0.1546,177.03,-0.1546,-182.97,1,30.0,idle,+0.000,+0.000,+0.000,+0.000,1100,0,
1785507557.9983,2026-07-31T10:19:17.998,47.279,476,,,,0,,,,-0.1531,177.01,-0.1531,-182.99,1,30.0,idle,+0.000,+0.000,+0.000,+0.000,1100,0,
1785507558.0975,2026-07-31T10:19:18.097,47.379,477,,,,0,,,,-0.1566,177.00,-0.1566,-183.00,1,30.0,idle,+0.000,+0.000,+0.000,+0.000,1100,0,
1785507558.1964,2026-07-31T10:19:18.196,47.478,478,,,,0,,,,-0.1616,176.98,-0.1616,-183.02,1,30.0,idle,+0.000,+0.000,+0.000,+0.000,1100,0,
1785507558.2952,2026-07-31T10:19:18.295,47.576,479,,,,0,,,,-0.1529,176.97,-0.1529,-183.03,1,30.0,idle,+0.000,+0.000,+0.000,+0.000,1100,0,
1785507558.3947,2026-07-31T10:19:18.394,47.676,480,,,,0,,,,-0.1565,176.95,-0.1565,-183.05,1,30.0,idle,+0.000,+0.000,+0.000,+0.000,1100,0,
1785507558.4943,2026-07-31T10:19:18.494,47.776,481,,,,0,,,,-0.1551,176.92,-0.1551,-183.08,1,30.0,idle,+0.000,+0.000,+0.000,+0.000,1100,0,
1785507558.5953,2026-07-31T10:19:18.595,47.876,482,,,,0,,,,-0.1574,176.90,-0.1574,-183.10,1,30.0,idle,+0.000,+0.000,+0.000,+0.000,1100,0,
1785507558.6955,2026-07-31T10:19:18.695,47.977,483,,,,0,,,,-0.1549,176.87,-0.1549,-183.13,1,30.0,idle,+0.000,+0.000,+0.000,+0.000,1100,0,
1785507558.7949,2026-07-31T10:19:18.794,48.076,484,,,,0,,,,-0.1526,176.86,-0.1526,-183.14,1,30.0,idle,+0.000,+0.000,+0.000,+0.000,1100,0,
1785507558.8938,2026-07-31T10:19:18.893,48.175,485,,,,0,,,,-0.1600,176.84,-0.1600,-183.16,1,30.0,idle,+0.000,+0.000,+0.000,+0.000,1100,0,
1785507558.9922,2026-07-31T10:19:18.992,48.273,486,,,,0,,,,-0.1570,176.81,-0.1570,-183.19,1,30.0,idle,+0.000,+0.000,+0.000,+0.000,1100,0,
1785507559.0923,2026-07-31T10:19:19.092,48.374,487,,,,0,,,,-0.1555,176.80,-0.1555,-183.20,1,30.0,idle,+0.000,+0.000,+0.000,+0.000,1100,0,
1785507559.1921,2026-07-31T10:19:19.192,48.473,488,,,,0,,,,-0.1550,176.77,-0.1550,-183.23,1,30.0,idle,+0.000,+0.000,+0.000,+0.000,1100,0,
1785507559.2913,2026-07-31T10:19:19.291,48.573,489,,,,0,,,,-0.1532,176.77,-0.1532,-183.23,1,30.0,idle,+0.000,+0.000,+0.000,+0.000,1100,0,
1785507559.3907,2026-07-31T10:19:19.390,48.672,490,,,,0,,,,-0.1592,176.75,-0.1592,-183.25,1,30.0,idle,+0.000,+0.000,+0.000,+0.000,1100,0,
1785507559.4902,2026-07-31T10:19:19.490,48.771,491,,,,0,,,,-0.1513,176.73,-0.1513,-183.27,1,30.0,idle,+0.000,+0.000,+0.000,+0.000,1100,0,
1785507559.5893,2026-07-31T10:19:19.589,48.871,492,,,,0,,,,-0.1560,176.71,-0.1560,-183.29,1,30.0,idle,+0.000,+0.000,+0.000,+0.000,1100,0,
1785507559.6883,2026-07-31T10:19:19.688,48.969,493,,,,0,,,,-0.1551,176.69,-0.1551,-183.31,1,30.0,idle,+0.000,+0.000,+0.000,+0.000,1100,0,
1785507559.7878,2026-07-31T10:19:19.787,49.069,494,,,,0,,,,-0.1539,176.67,-0.1539,-183.33,1,30.0,idle,+0.000,+0.000,+0.000,+0.000,1100,0,
1785507559.8863,2026-07-31T10:19:19.886,49.167,495,,,,0,,,,-0.1588,176.64,-0.1588,-183.36,1,30.0,idle,+0.000,+0.000,+0.000,+0.000,1100,0,
1785507559.9859,2026-07-31T10:19:19.985,49.267,496,,,,0,,,,-0.1579,176.62,-0.1579,-183.38,1,30.0,idle,+0.000,+0.000,+0.000,+0.000,1100,0,
1785507560.0844,2026-07-31T10:19:20.084,49.366,497,,,,0,,,,-0.1540,176.60,-0.1540,-183.40,1,30.0,idle,+0.000,+0.000,+0.000,+0.000,1100,0,
1785507560.1835,2026-07-31T10:19:20.183,49.465,498,,,,0,,,,-0.1574,176.57,-0.1574,-183.43,1,30.0,idle,+0.000,+0.000,+0.000,+0.000,1100,0,
1785507560.2824,2026-07-31T10:19:20.282,49.564,499,,,,0,,,,-0.1571,176.56,-0.1571,-183.44,1,30.0,idle,+0.000,+0.000,+0.000,+0.000,1100,0,
1785507560.3825,2026-07-31T10:19:20.382,49.664,500,,,,0,,,,-0.1538,176.53,-0.1538,-183.47,1,30.0,idle,+0.000,+0.000,+0.000,+0.000,1100,0,
1785507560.4815,2026-07-31T10:19:20.481,49.763,501,,,,0,,,,-0.1572,176.52,-0.1572,-183.48,1,30.0,idle,+0.000,+0.000,+0.000,+0.000,1100,0,
1785507560.5803,2026-07-31T10:19:20.580,49.861,502,,,,0,,,,-0.1551,176.49,-0.1551,-183.51,1,30.0,idle,+0.000,+0.000,+0.000,+0.000,1100,0,
1785507560.6801,2026-07-31T10:19:20.680,49.961,503,,,,0,,,,-0.1560,176.48,-0.1560,-183.52,1,30.0,idle,+0.000,+0.000,+0.000,+0.000,1100,0,
1785507560.7786,2026-07-31T10:19:20.778,50.060,504,,,,0,,,,-0.1533,176.45,-0.1533,-183.55,1,30.0,idle,+0.000,+0.000,+0.000,+0.000,1100,0,
1785507560.8778,2026-07-31T10:19:20.877,50.159,505,,,,0,,,,-0.1504,176.43,-0.1504,-183.57,1,30.0,idle,+0.000,+0.000,+0.000,+0.000,1100,0,
1785507560.9763,2026-07-31T10:19:20.976,50.258,506,,,,0,,,,-0.1600,176.42,-0.1600,-183.58,1,30.0,idle,+0.000,+0.000,+0.000,+0.000,1100,0,
1785507561.0767,2026-07-31T10:19:21.076,50.358,507,,,,0,,,,-0.1582,176.39,-0.1582,-183.61,1,30.0,idle,+0.000,+0.000,+0.000,+0.000,1100,0,
1785507561.1756,2026-07-31T10:19:21.175,50.457,508,,,,0,,,,-0.1601,176.37,-0.1601,-183.63,1,30.0,idle,+0.000,+0.000,+0.000,+0.000,1100,0,
1785507561.2758,2026-07-31T10:19:21.275,50.557,509,,,,0,,,,-0.1570,176.36,-0.1570,-183.64,1,30.0,idle,+0.000,+0.000,+0.000,+0.000,1100,0,
1785507561.3751,2026-07-31T10:19:21.375,50.656,510,,,,0,,,,-0.1561,176.32,-0.1561,-183.68,1,30.0,idle,+0.000,+0.000,+0.000,+0.000,1100,0,
1785507561.4742,2026-07-31T10:19:21.474,50.755,511,,,,0,,,,-0.1541,176.31,-0.1541,-183.69,1,30.0,idle,+0.000,+0.000,+0.000,+0.000,1100,0,
1785507561.5742,2026-07-31T10:19:21.574,50.855,512,,,,0,,,,-0.1600,176.29,-0.1600,-183.71,1,30.0,idle,+0.000,+0.000,+0.000,+0.000,1100,0,
1785507561.6735,2026-07-31T10:19:21.673,50.955,513,,,,0,,,,-0.1568,176.26,-0.1568,-183.74,1,30.0,idle,+0.000,+0.000,+0.000,+0.000,1100,0,
1785507561.7724,2026-07-31T10:19:21.772,51.054,514,,,,0,,,,-0.1531,176.25,-0.1531,-183.75,1,30.0,idle,+0.000,+0.000,+0.000,+0.000,1100,0,
1785507561.8719,2026-07-31T10:19:21.871,51.153,515,,,,0,,,,-0.1586,176.22,-0.1586,-183.78,1,30.0,idle,+0.000,+0.000,+0.000,+0.000,1100,0,
1785507561.9712,2026-07-31T10:19:21.971,51.252,516,,,,0,,,,-0.1580,176.21,-0.1580,-183.79,1,30.0,idle,+0.000,+0.000,+0.000,+0.000,1100,0,
1785507562.0709,2026-07-31T10:19:22.070,51.352,517,,,,0,,,,-0.1566,176.18,-0.1566,-183.82,1,30.0,idle,+0.000,+0.000,+0.000,+0.000,1100,0,
1785507562.1700,2026-07-31T10:19:22.170,51.451,518,,,,0,,,,-0.1552,176.16,-0.1552,-183.84,1,30.0,idle,+0.000,+0.000,+0.000,+0.000,1100,0,
1785507562.2687,2026-07-31T10:19:22.268,51.550,519,,,,0,,,,-0.1575,176.14,-0.1575,-183.86,1,30.0,idle,+0.000,+0.000,+0.000,+0.000,1100,0,
1785507562.3677,2026-07-31T10:19:22.367,51.649,520,,,,0,,,,-0.1570,176.12,-0.1570,-183.88,1,30.0,idle,+0.000,+0.000,+0.000,+0.000,1100,0,
1785507562.4667,2026-07-31T10:19:22.466,51.748,521,,,,0,,,,-0.1563,176.10,-0.1563,-183.90,1,30.0,idle,+0.000,+0.000,+0.000,+0.000,1100,0,
1785507562.5658,2026-07-31T10:19:22.565,51.847,522,,,,0,,,,-0.1552,176.09,-0.1552,-183.91,1,30.0,idle,+0.000,+0.000,+0.000,+0.000,1100,0,
1785507562.6658,2026-07-31T10:19:22.665,51.947,523,,,,0,,,,-0.1543,176.08,-0.1543,-183.92,1,30.0,idle,+0.000,+0.000,+0.000,+0.000,1100,0,
1785507562.7644,2026-07-31T10:19:22.764,52.046,524,,,,0,,,,-0.1570,176.05,-0.1570,-183.95,1,30.0,idle,+0.000,+0.000,+0.000,+0.000,1100,0,
1785507562.8647,2026-07-31T10:19:22.864,52.146,525,,,,0,,,,-0.1561,176.02,-0.1561,-183.98,1,30.0,idle,+0.000,+0.000,+0.000,+0.000,1100,0,
1785507562.9638,2026-07-31T10:19:22.963,52.245,526,,,,0,,,,-0.1577,176.01,-0.1577,-183.99,1,30.0,idle,+0.000,+0.000,+0.000,+0.000,1100,0,
1785507563.0639,2026-07-31T10:19:23.063,52.345,527,,,,0,,,,-0.1557,175.98,-0.1557,-184.02,1,30.0,idle,+0.000,+0.000,+0.000,+0.000,1100,0,
1785507563.1633,2026-07-31T10:19:23.163,52.444,528,,,,0,,,,-0.1569,175.97,-0.1569,-184.03,1,30.0,idle,+0.000,+0.000,+0.000,+0.000,1100,0,
1785507563.2620,2026-07-31T10:19:23.262,52.543,529,,,,0,,,,-0.1595,175.95,-0.1595,-184.05,1,30.0,idle,+0.000,+0.000,+0.000,+0.000,1100,0,
1785507563.3603,2026-07-31T10:19:23.360,52.641,530,,,,0,,,,-0.1568,175.92,-0.1568,-184.08,1,30.0,idle,+0.000,+0.000,+0.000,+0.000,1100,0,
1785507563.4592,2026-07-31T10:19:23.459,52.740,531,,,,0,,,,-0.1551,175.92,-0.1551,-184.08,1,30.0,idle,+0.000,+0.000,+0.000,+0.000,1100,0,
1785507563.5576,2026-07-31T10:19:23.557,52.839,532,,,,0,,,,-0.1544,175.90,-0.1544,-184.10,1,30.0,idle,+0.000,+0.000,+0.000,+0.000,1100,0,
1785507563.6583,2026-07-31T10:19:23.658,52.940,533,,,,0,,,,-0.1563,175.89,-0.1563,-184.11,1,30.0,idle,+0.000,+0.000,+0.000,+0.000,1100,0,
1785507563.7583,2026-07-31T10:19:23.758,53.040,534,,,,0,,,,-0.1565,175.85,-0.1565,-184.15,1,30.0,idle,+0.000,+0.000,+0.000,+0.000,1100,0,
1785507563.8569,2026-07-31T10:19:23.856,53.138,535,,,,0,,,,-0.1524,175.84,-0.1524,-184.16,1,30.0,idle,+0.000,+0.000,+0.000,+0.000,1100,0,
1785507563.9567,2026-07-31T10:19:23.956,53.238,536,,,,0,,,,-0.1570,175.81,-0.1570,-184.19,1,30.0,idle,+0.000,+0.000,+0.000,+0.000,1100,0,
1785507564.0564,2026-07-31T10:19:24.056,53.338,537,,,,0,,,,-0.1543,175.77,-0.1543,-184.23,1,30.0,idle,+0.000,+0.000,+0.000,+0.000,1100,0,
1785507564.1563,2026-07-31T10:19:24.156,53.437,538,,,,0,,,,-0.1570,175.76,-0.1570,-184.24,1,30.0,idle,+0.000,+0.000,+0.000,+0.000,1100,0,
1785507564.2552,2026-07-31T10:19:24.255,53.536,539,,,,0,,,,-0.1587,175.73,-0.1587,-184.27,1,30.0,idle,+0.000,+0.000,+0.000,+0.000,1100,0,
1785507564.3544,2026-07-31T10:19:24.354,53.636,540,,,,0,,,,-0.1574,175.72,-0.1574,-184.28,1,30.0,idle,+0.000,+0.000,+0.000,+0.000,1100,0,
1785507564.4553,2026-07-31T10:19:24.455,53.737,541,,,,0,,,,-0.1569,175.71,-0.1569,-184.29,1,30.0,idle,+0.000,+0.000,+0.000,+0.000,1100,0,
1785507564.5539,2026-07-31T10:19:24.553,53.835,542,,,,0,,,,-0.1565,175.71,-0.1565,-184.29,1,30.0,idle,+0.000,+0.000,+0.000,+0.000,1100,0,
1785507564.6540,2026-07-31T10:19:24.654,53.935,543,,,,0,,,,-0.1544,175.68,-0.1544,-184.32,1,30.0,idle,+0.000,+0.000,+0.000,+0.000,1100,0,
1785507564.7535,2026-07-31T10:19:24.753,54.035,544,,,,0,,,,-0.1569,175.67,-0.1569,-184.33,1,30.0,idle,+0.000,+0.000,+0.000,+0.000,1100,0,
1785507564.8538,2026-07-31T10:19:24.853,54.135,545,,,,0,,,,-0.1590,175.66,-0.1590,-184.34,1,30.0,idle,+0.000,+0.000,+0.000,+0.000,1100,0,
1785507564.9526,2026-07-31T10:19:24.952,54.234,546,,,,0,,,,-0.1521,175.63,-0.1521,-184.37,1,30.0,idle,+0.000,+0.000,+0.000,+0.000,1100,0,
1785507565.0515,2026-07-31T10:19:25.051,54.333,547,,,,0,,,,-0.1579,175.60,-0.1579,-184.40,1,30.0,idle,+0.000,+0.000,+0.000,+0.000,1100,0,
1785507565.1519,2026-07-31T10:19:25.151,54.433,548,,,,0,,,,-0.1535,175.59,-0.1535,-184.41,1,30.0,idle,+0.000,+0.000,+0.000,+0.000,1100,0,
1785507565.2513,2026-07-31T10:19:25.251,54.532,549,,,,0,,,,-0.1555,175.57,-0.1555,-184.43,1,30.0,idle,+0.000,+0.000,+0.000,+0.000,1100,0,
1785507565.3497,2026-07-31T10:19:25.349,54.631,550,,,,0,,,,-0.1533,175.55,-0.1533,-184.45,1,30.0,idle,+0.000,+0.000,+0.000,+0.000,1100,0,
1785507565.4488,2026-07-31T10:19:25.448,54.730,551,,,,0,,,,-0.1567,175.53,-0.1567,-184.47,1,30.0,idle,+0.000,+0.000,+0.000,+0.000,1100,0,
1785507565.5478,2026-07-31T10:19:25.547,54.829,552,,,,0,,,,-0.1594,175.50,-0.1594,-184.50,1,30.0,idle,+0.000,+0.000,+0.000,+0.000,1100,0,
1785507565.6471,2026-07-31T10:19:25.647,54.928,553,,,,0,,,,-0.1573,175.48,-0.1573,-184.52,1,30.0,idle,+0.000,+0.000,+0.000,+0.000,1100,0,
1785507565.7466,2026-07-31T10:19:25.746,55.028,554,,,,0,,,,-0.1563,175.46,-0.1563,-184.54,1,30.0,idle,+0.000,+0.000,+0.000,+0.000,1100,0,
1785507565.8466,2026-07-31T10:19:25.846,55.128,555,,,,0,,,,-0.1549,175.45,-0.1549,-184.55,1,30.0,idle,+0.000,+0.000,+0.000,+0.000,1100,0,
1785507565.9461,2026-07-31T10:19:25.946,55.227,556,,,,0,,,,-0.1563,175.42,-0.1563,-184.58,1,30.0,idle,+0.000,+0.000,+0.000,+0.000,1100,0,
1785507566.0452,2026-07-31T10:19:26.045,55.326,557,,,,0,,,,-0.1561,175.40,-0.1561,-184.60,1,30.0,idle,+0.000,+0.000,+0.000,+0.000,1100,0,
1785507566.1453,2026-07-31T10:19:26.145,55.426,558,,,,0,,,,-0.1589,175.38,-0.1589,-184.62,1,30.0,idle,+0.000,+0.000,+0.000,+0.000,1100,0,
1785507566.2444,2026-07-31T10:19:26.244,55.526,559,,,,0,,,,-0.1596,175.36,-0.1596,-184.64,1,30.0,idle,+0.000,+0.000,+0.000,+0.000,1100,0,
1785507566.3434,2026-07-31T10:19:26.343,55.625,560,,,,0,,,,-0.1560,175.34,-0.1560,-184.66,1,30.0,idle,+0.000,+0.000,+0.000,+0.000,1100,0,
1785507566.4424,2026-07-31T10:19:26.442,55.724,561,,,,0,,,,-0.1517,175.32,-0.1517,-184.68,1,30.0,idle,+0.000,+0.000,+0.000,+0.000,1100,0,
1785507566.5407,2026-07-31T10:19:26.540,55.822,562,,,,0,,,,-0.1585,175.29,-0.1585,-184.71,1,30.0,idle,+0.000,+0.000,+0.000,+0.000,1100,0,
1785507566.6400,2026-07-31T10:19:26.640,55.921,563,,,,0,,,,-0.1566,175.28,-0.1566,-184.72,1,30.0,idle,+0.000,+0.000,+0.000,+0.000,1100,0,
1785507566.7400,2026-07-31T10:19:26.740,56.021,564,,,,0,,,,-0.1556,175.25,-0.1556,-184.75,1,30.0,idle,+0.000,+0.000,+0.000,+0.000,1100,0,
1785507566.8405,2026-07-31T10:19:26.840,56.122,565,,,,0,,,,-0.1529,175.23,-0.1529,-184.77,1,30.0,idle,+0.000,+0.000,+0.000,+0.000,1100,0,
1785507566.9389,2026-07-31T10:19:26.938,56.220,566,,,,0,,,,-0.1576,175.20,-0.1576,-184.80,1,30.0,idle,+0.000,+0.000,+0.000,+0.000,1100,0,
1785507567.0377,2026-07-31T10:19:27.037,56.319,567,,,,0,,,,-0.1559,175.17,-0.1559,-184.83,1,30.0,idle,+0.000,+0.000,+0.000,+0.000,1100,0,
1785507567.1380,2026-07-31T10:19:27.138,56.419,568,,,,0,,,,-0.1569,175.15,-0.1569,-184.85,1,30.0,idle,+0.000,+0.000,+0.000,+0.000,1100,0,
1785507567.2374,2026-07-31T10:19:27.237,56.519,569,,,,0,,,,-0.1551,175.12,-0.1551,-184.88,1,30.0,idle,+0.000,+0.000,+0.000,+0.000,1100,0,
1785507567.3364,2026-07-31T10:19:27.336,56.618,570,,,,0,,,,-0.1575,175.10,-0.1575,-184.90,1,30.0,idle,+0.000,+0.000,+0.000,+0.000,1100,0,
1785507567.4357,2026-07-31T10:19:27.435,56.717,571,,,,0,,,,-0.1533,175.09,-0.1533,-184.91,1,30.0,idle,+0.000,+0.000,+0.000,+0.000,1100,0,
1785507567.5358,2026-07-31T10:19:27.535,56.817,572,,,,0,,,,-0.1523,175.08,-0.1523,-184.92,1,30.0,idle,+0.000,+0.000,+0.000,+0.000,1100,0,
1785507567.6354,2026-07-31T10:19:27.635,56.917,573,,,,0,,,,-0.1571,175.05,-0.1571,-184.95,1,30.0,idle,+0.000,+0.000,+0.000,+0.000,1100,0,
1785507567.7341,2026-07-31T10:19:27.734,57.015,574,,,,0,,,,-0.1542,175.03,-0.1542,-184.97,1,30.0,idle,+0.000,+0.000,+0.000,+0.000,1100,0,
1785507567.8332,2026-07-31T10:19:27.833,57.114,575,,,,0,,,,-0.1561,175.00,-0.1561,-185.00,1,30.0,idle,+0.000,+0.000,+0.000,+0.000,1100,0,
1785507567.9323,2026-07-31T10:19:27.932,57.213,576,,,,0,,,,-0.1544,174.43,-0.1544,-185.57,1,30.0,idle,+0.000,+0.000,+0.000,+0.000,1100,0,
1785507568.0310,2026-07-31T10:19:28.031,57.312,577,,,,0,,,,-0.1552,173.68,-0.1552,-186.32,1,30.0,idle,+0.000,+0.000,+0.000,+0.000,1100,0,
1785507568.1311,2026-07-31T10:19:28.131,57.412,578,,,,0,,,,-0.1576,174.01,-0.1576,-185.99,1,30.0,idle,+0.000,+0.000,+0.000,+0.000,1100,0,
1785507568.2314,2026-07-31T10:19:28.231,57.513,579,,,,0,,,,-0.1558,174.58,-0.1558,-185.42,1,30.0,idle,+0.000,+0.000,+0.000,+0.000,1100,0,
1785507568.3301,2026-07-31T10:19:28.330,57.611,580,,,,0,,,,-0.1575,175.05,-0.1575,-184.95,1,30.0,idle,+0.000,+0.000,+0.000,+0.000,1100,0,
1785507568.4297,2026-07-31T10:19:28.429,57.711,581,,,,0,,,,-0.1560,175.02,-0.1560,-184.98,1,30.0,idle,+0.000,+0.000,+0.000,+0.000,1100,0,
1785507568.5287,2026-07-31T10:19:28.528,57.810,582,,,,0,,,,-0.1599,175.16,-0.1599,-184.84,1,30.0,idle,+0.000,+0.000,+0.000,+0.000,1100,0,
1785507568.6295,2026-07-31T10:19:28.629,57.911,583,,,,0,,,,-0.1580,175.80,-0.1580,-184.20,1,30.0,idle,+0.000,+0.000,+0.000,+0.000,1100,0,
1785507568.7288,2026-07-31T10:19:28.728,58.010,584,,,,0,,,,-0.1557,176.35,-0.1557,-183.65,1,30.0,idle,+0.000,+0.000,+0.000,+0.000,1100,0,
1785507568.8283,2026-07-31T10:19:28.828,58.110,585,,,,0,,,,-0.1576,176.51,-0.1576,-183.49,1,30.0,idle,+0.000,+0.000,+0.000,+0.000,1100,0,
1785507568.9275,2026-07-31T10:19:28.927,58.209,586,,,,0,,,,-0.1548,176.48,-0.1548,-183.52,1,30.0,idle,+0.000,+0.000,+0.000,+0.000,1100,0,
1785507569.0259,2026-07-31T10:19:29.025,58.307,587,,,,0,,,,-0.1572,176.50,-0.1572,-183.50,1,30.0,idle,+0.000,+0.000,+0.000,+0.000,1100,0,
1785507569.1259,2026-07-31T10:19:29.125,58.407,588,,,,0,,,,-0.1595,176.46,-0.1595,-183.54,1,30.0,idle,+0.000,+0.000,+0.000,+0.000,1100,0,
1785507569.2251,2026-07-31T10:19:29.225,58.506,589,,,,0,,,,-0.1563,176.42,-0.1563,-183.58,1,30.0,idle,+0.000,+0.000,+0.000,+0.000,1100,0,
1785507569.3247,2026-07-31T10:19:29.324,58.606,590,,,,0,,,,-0.1581,176.41,-0.1581,-183.59,1,30.0,idle,+0.000,+0.000,+0.000,+0.000,1100,0,
1785507569.4229,2026-07-31T10:19:29.422,58.704,591,,,,0,,,,-0.1549,176.39,-0.1549,-183.61,1,30.0,idle,+0.000,+0.000,+0.000,+0.000,1100,0,
1785507569.5226,2026-07-31T10:19:29.522,58.804,592,,,,0,,,,-0.1554,176.38,-0.1554,-183.62,1,30.0,idle,+0.000,+0.000,+0.000,+0.000,1100,0,
1785507569.6216,2026-07-31T10:19:29.621,58.903,593,,,,0,,,,-0.1527,176.35,-0.1527,-183.65,1,30.0,idle,+0.000,+0.000,+0.000,+0.000,1100,0,
1785507569.7202,2026-07-31T10:19:29.720,59.001,594,,,,0,,,,-0.1558,176.33,-0.1558,-183.67,1,30.0,idle,+0.000,+0.000,+0.000,+0.000,1100,0,
1785507569.8195,2026-07-31T10:19:29.819,59.101,595,,,,0,,,,-0.1556,176.32,-0.1556,-183.68,1,30.0,idle,+0.000,+0.000,+0.000,+0.000,1100,0,
1785507569.9184,2026-07-31T10:19:29.918,59.200,596,,,,0,,,,-0.1529,176.29,-0.1529,-183.71,1,30.0,idle,+0.000,+0.000,+0.000,+0.000,1100,0,
1785507570.0172,2026-07-31T10:19:30.017,59.298,597,,,,0,,,,-0.1566,176.28,-0.1566,-183.72,1,30.0,idle,+0.000,+0.000,+0.000,+0.000,1100,0,
1785507570.1160,2026-07-31T10:19:30.115,59.397,598,,,,0,,,,-0.1587,176.26,-0.1587,-183.74,1,30.0,idle,+0.000,+0.000,+0.000,+0.000,1100,0,
1785507570.2157,2026-07-31T10:19:30.215,59.497,599,,,,0,,,,-0.1573,176.25,-0.1573,-183.75,1,30.0,idle,+0.000,+0.000,+0.000,+0.000,1100,0,
1785507570.3144,2026-07-31T10:19:30.314,59.596,600,,,,0,,,,-0.1544,176.22,-0.1544,-183.78,1,30.0,idle,+0.000,+0.000,+0.000,+0.000,1100,0,
1785507570.4135,2026-07-31T10:19:30.413,59.695,601,,,,0,,,,-0.1616,176.18,-0.1616,-183.82,1,30.0,idle,+0.000,+0.000,+0.000,+0.000,1100,0,
1785507570.5136,2026-07-31T10:19:30.513,59.795,602,,,,0,,,,-0.1600,176.17,-0.1600,-183.83,1,30.0,idle,+0.000,+0.000,+0.000,+0.000,1100,0,
1785507570.6122,2026-07-31T10:19:30.612,59.893,603,,,,0,,,,-0.1577,176.14,-0.1577,-183.86,1,30.0,idle,+0.000,+0.000,+0.000,+0.000,1100,0,
1785507570.7119,2026-07-31T10:19:30.711,59.993,604,,,,0,,,,-0.1528,176.13,-0.1528,-183.87,1,30.0,idle,+0.000,+0.000,+0.000,+0.000,1100,0,
1785507570.8103,2026-07-31T10:19:30.810,60.091,605,,,,0,,,,-0.1566,176.09,-0.1566,-183.91,1,30.0,idle,+0.000,+0.000,+0.000,+0.000,1100,0,
1785507570.9097,2026-07-31T10:19:30.909,60.191,606,,,,0,,,,-0.1566,176.08,-0.1566,-183.92,1,30.0,idle,+0.000,+0.000,+0.000,+0.000,1100,0,
1785507571.0083,2026-07-31T10:19:31.008,60.289,607,,,,0,,,,-0.1532,176.05,-0.1532,-183.95,1,30.0,idle,+0.000,+0.000,+0.000,+0.000,1100,0,
1785507571.1080,2026-07-31T10:19:31.108,60.389,608,,,,0,,,,-0.1600,176.02,-0.1600,-183.98,1,30.0,idle,+0.000,+0.000,+0.000,+0.000,1100,0,
1785507571.2077,2026-07-31T10:19:31.207,60.489,609,,,,0,,,,-0.1560,176.00,-0.1560,-184.00,1,30.0,idle,+0.000,+0.000,+0.000,+0.000,1100,0,
1785507571.3071,2026-07-31T10:19:31.307,60.588,610,,,,0,,,,-0.1565,175.99,-0.1565,-184.01,1,30.0,idle,+0.000,+0.000,+0.000,+0.000,1100,0,
1785507571.4062,2026-07-31T10:19:31.406,60.687,611,,,,0,,,,-0.1563,175.99,-0.1563,-184.01,1,30.0,idle,+0.000,+0.000,+0.000,+0.000,1100,0,
1785507571.5064,2026-07-31T10:19:31.506,60.788,612,,,,0,,,,-0.1565,175.95,-0.1565,-184.05,1,30.0,idle,+0.000,+0.000,+0.000,+0.000,1100,0,
1785507571.6060,2026-07-31T10:19:31.606,60.887,613,,,,0,,,,-0.1565,175.92,-0.1565,-184.08,1,30.0,idle,+0.000,+0.000,+0.000,+0.000,1100,0,
1785507571.7053,2026-07-31T10:19:31.705,60.986,614,,,,0,,,,-0.1577,175.91,-0.1577,-184.09,1,30.0,idle,+0.000,+0.000,+0.000,+0.000,1100,0,
1785507571.8044,2026-07-31T10:19:31.804,61.086,615,,,,0,,,,-0.1606,175.89,-0.1606,-184.11,1,30.0,idle,+0.000,+0.000,+0.000,+0.000,1100,0,
1785507571.9035,2026-07-31T10:19:31.903,61.185,616,,,,0,,,,-0.1559,175.87,-0.1559,-184.13,1,30.0,idle,+0.000,+0.000,+0.000,+0.000,1100,0,
1785507572.0029,2026-07-31T10:19:32.002,61.284,617,,,,0,,,,-0.1585,175.84,-0.1585,-184.16,1,30.0,idle,+0.000,+0.000,+0.000,+0.000,1100,0,
1785507572.1019,2026-07-31T10:19:32.101,61.383,618,,,,0,,,,-0.1551,175.83,-0.1551,-184.17,1,30.0,idle,+0.000,+0.000,+0.000,+0.000,1100,0,
1785507572.2015,2026-07-31T10:19:32.201,61.483,619,,,,0,,,,-0.1541,175.82,-0.1541,-184.18,1,30.0,idle,+0.000,+0.000,+0.000,+0.000,1100,0,
1785507572.3007,2026-07-31T10:19:32.300,61.582,620,,,,0,,,,-0.1592,175.79,-0.1592,-184.21,1,30.0,idle,+0.000,+0.000,+0.000,+0.000,1100,0,
1785507572.3998,2026-07-31T10:19:32.399,61.681,621,,,,0,,,,-0.1611,175.77,-0.1611,-184.23,1,30.0,idle,+0.000,+0.000,+0.000,+0.000,1100,0,
1785507572.4991,2026-07-31T10:19:32.499,61.780,622,,,,0,,,,-0.1554,175.73,-0.1554,-184.27,1,30.0,idle,+0.000,+0.000,+0.000,+0.000,1100,0,
1785507572.5991,2026-07-31T10:19:32.599,61.880,623,,,,0,,,,-0.1545,175.72,-0.1545,-184.28,1,30.0,idle,+0.000,+0.000,+0.000,+0.000,1100,0,
1785507572.6987,2026-07-31T10:19:32.698,61.980,624,,,,0,,,,-0.1593,175.69,-0.1593,-184.31,1,30.0,idle,+0.000,+0.000,+0.000,+0.000,1100,0,
1785507572.7979,2026-07-31T10:19:32.797,62.079,625,,,,0,,,,-0.1531,175.67,-0.1531,-184.33,1,30.0,idle,+0.000,+0.000,+0.000,+0.000,1100,0,
1785507572.8962,2026-07-31T10:19:32.896,62.177,626,,,,0,,,,-0.1567,175.67,-0.1567,-184.33,1,30.0,idle,+0.000,+0.000,+0.000,+0.000,1100,0,
1785507572.9958,2026-07-31T10:19:32.995,62.277,627,,,,0,,,,-0.1502,175.64,-0.1502,-184.36,1,30.0,idle,+0.000,+0.000,+0.000,+0.000,1100,0,
1785507573.0948,2026-07-31T10:19:33.094,62.376,628,,,,0,,,,-0.1548,175.61,-0.1548,-184.39,1,30.0,idle,+0.000,+0.000,+0.000,+0.000,1100,0,
1785507573.1939,2026-07-31T10:19:33.193,62.475,629,,,,0,,,,-0.1531,175.60,-0.1531,-184.40,1,30.0,idle,+0.000,+0.000,+0.000,+0.000,1100,0,
1785507573.2923,2026-07-31T10:19:33.292,62.573,630,,,,0,,,,-0.1534,175.57,-0.1534,-184.43,1,30.0,idle,+0.000,+0.000,+0.000,+0.000,1100,0,
1785507573.3913,2026-07-31T10:19:33.391,62.672,631,,,,0,,,,-0.1568,175.56,-0.1568,-184.44,1,30.0,idle,+0.000,+0.000,+0.000,+0.000,1100,0,
1785507573.4907,2026-07-31T10:19:33.490,62.772,632,,,,0,,,,-0.1562,175.54,-0.1562,-184.46,1,30.0,idle,+0.000,+0.000,+0.000,+0.000,1100,0,
1785507573.5897,2026-07-31T10:19:33.589,62.871,633,,,,0,,,,-0.1531,175.53,-0.1531,-184.47,1,30.0,idle,+0.000,+0.000,+0.000,+0.000,1100,0,
1785507573.6886,2026-07-31T10:19:33.688,62.970,634,,,,0,,,,-0.1592,175.52,-0.1592,-184.48,1,30.0,idle,+0.000,+0.000,+0.000,+0.000,1100,0,
1785507573.7888,2026-07-31T10:19:33.788,63.070,635,,,,0,,,,-0.1576,175.49,-0.1576,-184.51,1,30.0,idle,+0.000,+0.000,+0.000,+0.000,1100,0,
1785507573.8874,2026-07-31T10:19:33.887,63.169,636,,,,0,,,,-0.1547,175.48,-0.1547,-184.52,1,30.0,idle,+0.000,+0.000,+0.000,+0.000,1100,0,
1785507573.9869,2026-07-31T10:19:33.986,63.268,637,,,,0,,,,-0.1582,175.45,-0.1582,-184.55,1,30.0,idle,+0.000,+0.000,+0.000,+0.000,1100,0,
1785507574.0854,2026-07-31T10:19:34.085,63.367,638,,,,0,,,,-0.1564,175.44,-0.1564,-184.56,1,30.0,idle,+0.000,+0.000,+0.000,+0.000,1100,0,
1785507574.1855,2026-07-31T10:19:34.185,63.467,639,,,,0,,,,-0.1611,175.42,-0.1611,-184.58,1,30.0,idle,+0.000,+0.000,+0.000,+0.000,1100,0,
1785507574.2853,2026-07-31T10:19:34.285,63.567,640,,,,0,,,,-0.1564,175.39,-0.1564,-184.61,1,30.0,idle,+0.000,+0.000,+0.000,+0.000,1100,0,
1785507574.3846,2026-07-31T10:19:34.384,63.666,641,,,,0,,,,-0.1556,175.38,-0.1556,-184.62,1,30.0,idle,+0.000,+0.000,+0.000,+0.000,1100,0,
1785507574.4851,2026-07-31T10:19:34.485,63.766,642,,,,0,,,,-0.1558,175.36,-0.1558,-184.64,1,30.0,idle,+0.000,+0.000,+0.000,+0.000,1100,0,
1785507574.5846,2026-07-31T10:19:34.584,63.866,643,,,,0,,,,-0.1581,175.34,-0.1581,-184.66,1,30.0,idle,+0.000,+0.000,+0.000,+0.000,1100,0,
1785507574.6839,2026-07-31T10:19:34.683,63.965,644,,,,0,,,,-0.1525,175.31,-0.1525,-184.69,1,30.0,idle,+0.000,+0.000,+0.000,+0.000,1100,0,
1785507574.7831,2026-07-31T10:19:34.783,64.064,645,,,,0,,,,-0.1564,175.28,-0.1564,-184.72,1,30.0,idle,+0.000,+0.000,+0.000,+0.000,1100,0,
1785507574.8816,2026-07-31T10:19:34.881,64.163,646,,,,0,,,,-0.1547,175.26,-0.1547,-184.74,1,30.0,idle,+0.000,+0.000,+0.000,+0.000,1100,0,
1785507574.9806,2026-07-31T10:19:34.980,64.262,647,,,,0,,,,-0.1569,175.24,-0.1569,-184.76,1,30.0,idle,+0.000,+0.000,+0.000,+0.000,1100,0,
1785507575.0797,2026-07-31T10:19:35.079,64.361,648,,,,0,,,,-0.1602,175.23,-0.1602,-184.77,1,30.0,idle,+0.000,+0.000,+0.000,+0.000,1100,0,
1785507575.1785,2026-07-31T10:19:35.178,64.460,649,,,,0,,,,-0.1507,175.21,-0.1507,-184.79,1,30.0,idle,+0.000,+0.000,+0.000,+0.000,1100,0,
1785507575.2783,2026-07-31T10:19:35.278,64.559,650,,,,0,,,,-0.1575,175.18,-0.1575,-184.82,1,30.0,idle,+0.000,+0.000,+0.000,+0.000,1100,0,
1785507575.3773,2026-07-31T10:19:35.377,64.659,651,,,,0,,,,-0.1567,175.16,-0.1567,-184.84,1,30.0,idle,+0.000,+0.000,+0.000,+0.000,1100,0,
1785507575.4764,2026-07-31T10:19:35.476,64.758,652,,,,0,,,,-0.1577,175.14,-0.1577,-184.86,1,30.0,idle,+0.000,+0.000,+0.000,+0.000,1100,0,
1785507575.5754,2026-07-31T10:19:35.575,64.857,653,,,,0,,,,-0.1550,175.13,-0.1550,-184.87,1,30.0,idle,+0.000,+0.000,+0.000,+0.000,1100,0,
1785507575.6751,2026-07-31T10:19:35.675,64.956,654,,,,0,,,,-0.1559,175.10,-0.1559,-184.90,1,30.0,idle,+0.000,+0.000,+0.000,+0.000,1100,0,
1785507575.7742,2026-07-31T10:19:35.774,65.055,655,,,,0,,,,-0.1540,175.10,-0.1540,-184.90,1,30.0,idle,+0.000,+0.000,+0.000,+0.000,1100,0,
1785507575.8726,2026-07-31T10:19:35.872,65.154,656,,,,0,,,,-0.1551,175.06,-0.1551,-184.94,1,30.0,idle,+0.000,+0.000,+0.000,+0.000,1100,0,
1785507575.9723,2026-07-31T10:19:35.972,65.254,657,,,,0,,,,-0.1544,175.03,-0.1544,-184.97,1,30.0,idle,+0.000,+0.000,+0.000,+0.000,1100,0,
1785507576.0722,2026-07-31T10:19:36.072,65.353,658,,,,0,,,,-0.1571,175.02,-0.1571,-184.98,1,30.0,idle,+0.000,+0.000,+0.000,+0.000,1100,0,
1785507576.1710,2026-07-31T10:19:36.171,65.452,659,,,,0,,,,-0.1565,174.99,-0.1565,-185.01,1,30.0,idle,+0.000,+0.000,+0.000,+0.000,1100,0,
1785507576.2699,2026-07-31T10:19:36.269,65.551,660,,,,0,,,,-0.1566,174.98,-0.1566,-185.02,1,30.0,idle,+0.000,+0.000,+0.000,+0.000,1100,0,
1785507576.3694,2026-07-31T10:19:36.369,65.651,661,,,,0,,,,-0.1557,174.95,-0.1557,-185.05,1,30.0,idle,+0.000,+0.000,+0.000,+0.000,1100,0,
1785507576.4691,2026-07-31T10:19:36.469,65.750,662,,,,0,,,,-0.1575,174.93,-0.1575,-185.07,1,30.0,idle,+0.000,+0.000,+0.000,+0.000,1100,0,
1785507576.5682,2026-07-31T10:19:36.568,65.849,663,,,,0,,,,-0.1561,174.91,-0.1561,-185.09,1,30.0,idle,+0.000,+0.000,+0.000,+0.000,1100,0,
1785507576.6673,2026-07-31T10:19:36.667,65.948,664,,,,0,,,,-0.1558,174.90,-0.1558,-185.10,1,30.0,idle,+0.000,+0.000,+0.000,+0.000,1100,0,
1785507576.7658,2026-07-31T10:19:36.765,66.047,665,,,,0,,,,-0.1584,174.89,-0.1584,-185.11,1,30.0,idle,+0.000,+0.000,+0.000,+0.000,1100,0,
1785507576.8649,2026-07-31T10:19:36.864,66.146,666,,,,0,,,,-0.1541,174.86,-0.1541,-185.14,1,30.0,idle,+0.000,+0.000,+0.000,+0.000,1100,0,
1785507576.9644,2026-07-31T10:19:36.964,66.246,667,,,,0,,,,-0.1545,174.83,-0.1545,-185.17,1,30.0,idle,+0.000,+0.000,+0.000,+0.000,1100,0,
1785507577.0641,2026-07-31T10:19:37.064,66.345,668,,,,0,,,,-0.1571,174.82,-0.1571,-185.18,1,30.0,idle,+0.000,+0.000,+0.000,+0.000,1100,0,
1785507577.1627,2026-07-31T10:19:37.162,66.444,669,,,,0,,,,-0.1547,174.80,-0.1547,-185.20,1,30.0,idle,+0.000,+0.000,+0.000,+0.000,1100,0,
1785507577.2620,2026-07-31T10:19:37.261,66.543,670,,,,0,,,,-0.1565,174.78,-0.1565,-185.22,1,30.0,idle,+0.000,+0.000,+0.000,+0.000,1100,0,
1785507577.3617,2026-07-31T10:19:37.361,66.643,671,,,,0,,,,-0.1547,174.74,-0.1547,-185.26,1,30.0,idle,+0.000,+0.000,+0.000,+0.000,1100,0,
1785507577.4614,2026-07-31T10:19:37.461,66.743,672,,,,0,,,,-0.1543,174.72,-0.1543,-185.28,1,30.0,idle,+0.000,+0.000,+0.000,+0.000,1100,0,
1785507577.5602,2026-07-31T10:19:37.560,66.841,673,,,,0,,,,-0.1546,174.71,-0.1546,-185.29,1,30.0,idle,+0.000,+0.000,+0.000,+0.000,1100,0,
1785507577.6602,2026-07-31T10:19:37.660,66.941,674,,,,0,,,,-0.1548,174.69,-0.1548,-185.31,1,30.0,idle,+0.000,+0.000,+0.000,+0.000,1100,0,
1785507577.7591,2026-07-31T10:19:37.759,67.040,675,,,,0,,,,-0.1569,174.67,-0.1569,-185.33,1,30.0,idle,+0.000,+0.000,+0.000,+0.000,1100,0,
1785507577.8583,2026-07-31T10:19:37.858,67.139,676,,,,0,,,,-0.1565,174.64,-0.1565,-185.36,1,30.0,idle,+0.000,+0.000,+0.000,+0.000,1100,0,
1785507577.9575,2026-07-31T10:19:37.957,67.239,677,,,,0,,,,-0.1528,174.61,-0.1528,-185.39,1,30.0,idle,+0.000,+0.000,+0.000,+0.000,1100,0,
1785507578.0567,2026-07-31T10:19:38.056,67.338,678,,,,0,,,,-0.1578,174.60,-0.1578,-185.40,1,30.0,idle,+0.000,+0.000,+0.000,+0.000,1100,0,
1785507578.1561,2026-07-31T10:19:38.156,67.437,679,,,,0,,,,-0.1580,174.59,-0.1580,-185.41,1,30.0,idle,+0.000,+0.000,+0.000,+0.000,1100,0,
1785507578.2561,2026-07-31T10:19:38.256,67.537,680,,,,0,,,,-0.1569,174.58,-0.1569,-185.42,1,30.0,idle,+0.000,+0.000,+0.000,+0.000,1100,0,
1785507578.3557,2026-07-31T10:19:38.355,67.637,681,,,,0,,,,-0.1568,174.55,-0.1568,-185.45,1,30.0,idle,+0.000,+0.000,+0.000,+0.000,1100,0,
1785507578.4555,2026-07-31T10:19:38.455,67.737,682,,,,0,,,,-0.1576,174.52,-0.1576,-185.48,1,30.0,idle,+0.000,+0.000,+0.000,+0.000,1100,0,
1785507578.5543,2026-07-31T10:19:38.554,67.835,683,,,,0,,,,-0.1529,174.51,-0.1529,-185.49,1,30.0,idle,+0.000,+0.000,+0.000,+0.000,1100,0,
1785507578.6542,2026-07-31T10:19:38.654,67.935,684,,,,0,,,,-0.1582,174.47,-0.1582,-185.53,1,30.0,idle,+0.000,+0.000,+0.000,+0.000,1100,0,
1785507578.7531,2026-07-31T10:19:38.753,68.034,685,,,,0,,,,-0.1567,174.45,-0.1567,-185.55,1,30.0,idle,+0.000,+0.000,+0.000,+0.000,1100,0,
1785507578.8523,2026-07-31T10:19:38.852,68.133,686,,,,0,,,,-0.1513,174.43,-0.1513,-185.57,1,30.0,idle,+0.000,+0.000,+0.000,+0.000,1100,0,
1785507578.9514,2026-07-31T10:19:38.951,68.233,687,,,,0,,,,-0.1575,174.40,-0.1575,-185.60,1,30.0,idle,+0.000,+0.000,+0.000,+0.000,1100,0,
1785507579.0506,2026-07-31T10:19:39.050,68.332,688,,,,0,,,,-0.1569,174.39,-0.1569,-185.61,1,30.0,idle,+0.000,+0.000,+0.000,+0.000,1100,0,
1785507579.1510,2026-07-31T10:19:39.151,68.432,689,,,,0,,,,-0.1557,174.36,-0.1557,-185.64,1,30.0,idle,+0.000,+0.000,+0.000,+0.000,1100,0,
1785507579.2501,2026-07-31T10:19:39.250,68.531,690,,,,0,,,,-0.1608,174.36,-0.1608,-185.64,1,30.0,idle,+0.000,+0.000,+0.000,+0.000,1100,0,
1785507579.3497,2026-07-31T10:19:39.349,68.631,691,,,,0,,,,-0.1543,174.33,-0.1543,-185.67,1,30.0,idle,+0.000,+0.000,+0.000,+0.000,1100,0,
1785507579.4490,2026-07-31T10:19:39.449,68.730,692,,,,0,,,,-0.1591,174.32,-0.1591,-185.68,1,30.0,idle,+0.000,+0.000,+0.000,+0.000,1100,0,
1785507579.5485,2026-07-31T10:19:39.548,68.830,693,,,,0,,,,-0.1593,174.29,-0.1593,-185.71,1,30.0,idle,+0.000,+0.000,+0.000,+0.000,1100,0,
1785507579.6470,2026-07-31T10:19:39.646,68.928,694,,,,0,,,,-0.1561,174.26,-0.1561,-185.74,1,30.0,idle,+0.000,+0.000,+0.000,+0.000,1100,0,
1785507579.7467,2026-07-31T10:19:39.746,69.028,695,,,,0,,,,-0.1560,174.25,-0.1560,-185.75,1,30.0,idle,+0.000,+0.000,+0.000,+0.000,1100,0,
1785507579.8465,2026-07-31T10:19:39.846,69.128,696,,,,0,,,,-0.1543,174.22,-0.1543,-185.78,1,30.0,idle,+0.000,+0.000,+0.000,+0.000,1100,0,
1785507579.9448,2026-07-31T10:19:39.944,69.226,697,,,,0,,,,-0.1554,174.20,-0.1554,-185.80,1,30.0,idle,+0.000,+0.000,+0.000,+0.000,1100,0,
1785507580.0444,2026-07-31T10:19:40.044,69.326,698,,,,0,,,,-0.1572,174.17,-0.1572,-185.83,1,30.0,idle,+0.000,+0.000,+0.000,+0.000,1100,0,
1785507580.1429,2026-07-31T10:19:40.142,69.424,699,,,,0,,,,-0.1543,174.15,-0.1543,-185.85,1,30.0,idle,+0.000,+0.000,+0.000,+0.000,1100,0,
1785507580.2423,2026-07-31T10:19:40.242,69.523,700,,,,0,,,,-0.1568,174.13,-0.1568,-185.87,1,30.0,idle,+0.000,+0.000,+0.000,+0.000,1100,0,
1785507580.3414,2026-07-31T10:19:40.341,69.623,701,,,,0,,,,-0.1540,174.10,-0.1540,-185.90,1,30.0,idle,+0.000,+0.000,+0.000,+0.000,1100,0,
1785507580.4399,2026-07-31T10:19:40.439,69.721,702,,,,0,,,,-0.1517,174.09,-0.1517,-185.91,1,30.0,idle,+0.000,+0.000,+0.000,+0.000,1100,0,
1785507580.5392,2026-07-31T10:19:40.539,69.820,703,,,,0,,,,-0.1556,174.06,-0.1556,-185.94,1,30.0,idle,+0.000,+0.000,+0.000,+0.000,1100,0,
1785507580.6384,2026-07-31T10:19:40.638,69.920,704,,,,0,,,,-0.1526,174.04,-0.1526,-185.96,1,30.0,idle,+0.000,+0.000,+0.000,+0.000,1100,0,
1785507580.7375,2026-07-31T10:19:40.737,70.019,705,,,,0,,,,-0.1559,174.01,-0.1559,-185.99,1,30.0,idle,+0.000,+0.000,+0.000,+0.000,1100,0,
1785507580.8359,2026-07-31T10:19:40.835,70.117,706,,,,0,,,,-0.1588,173.99,-0.1588,-186.01,1,30.0,idle,+0.000,+0.000,+0.000,+0.000,1100,0,
1785507580.9362,2026-07-31T10:19:40.936,70.217,707,,,,0,,,,-0.1580,173.98,-0.1580,-186.02,1,30.0,idle,+0.000,+0.000,+0.000,+0.000,1100,0,
1785507581.0357,2026-07-31T10:19:41.035,70.317,708,,,,0,,,,-0.1550,173.95,-0.1550,-186.05,1,30.0,idle,+0.000,+0.000,+0.000,+0.000,1100,0,
1785507581.1344,2026-07-31T10:19:41.134,70.416,709,,,,0,,,,-0.1546,173.93,-0.1546,-186.07,1,30.0,idle,+0.000,+0.000,+0.000,+0.000,1100,0,
1785507581.2332,2026-07-31T10:19:41.233,70.514,710,,,,0,,,,-0.1622,173.91,-0.1622,-186.09,1,30.0,idle,+0.000,+0.000,+0.000,+0.000,1100,0,
1785507581.3325,2026-07-31T10:19:41.332,70.614,711,,,,0,,,,-0.1583,173.88,-0.1583,-186.12,1,30.0,idle,+0.000,+0.000,+0.000,+0.000,1100,0,
1785507581.4306,2026-07-31T10:19:41.430,70.712,712,,,,0,,,,-0.1584,173.86,-0.1584,-186.14,1,30.0,idle,+0.000,+0.000,+0.000,+0.000,1100,0,
1785507581.5296,2026-07-31T10:19:41.529,70.811,713,,,,0,,,,-0.1576,173.83,-0.1576,-186.17,1,30.0,idle,+0.000,+0.000,+0.000,+0.000,1100,0,
1785507581.6293,2026-07-31T10:19:41.629,70.910,714,,,,0,,,,-0.1569,173.82,-0.1569,-186.18,1,30.0,idle,+0.000,+0.000,+0.000,+0.000,1100,0,
1785507581.7282,2026-07-31T10:19:41.728,71.009,715,,,,0,,,,-0.1538,173.79,-0.1538,-186.21,1,30.0,idle,+0.000,+0.000,+0.000,+0.000,1100,0,
1785507581.8278,2026-07-31T10:19:41.827,71.109,716,,,,0,,,,-0.1561,173.77,-0.1561,-186.23,1,30.0,idle,+0.000,+0.000,+0.000,+0.000,1100,0,
1785507581.9269,2026-07-31T10:19:41.926,71.208,717,,,,0,,,,-0.1516,173.76,-0.1516,-186.24,1,30.0,idle,+0.000,+0.000,+0.000,+0.000,1100,0,
1785507582.0268,2026-07-31T10:19:42.026,71.308,718,,,,0,,,,-0.1551,173.73,-0.1551,-186.27,1,30.0,idle,+0.000,+0.000,+0.000,+0.000,1100,0,
1785507582.1255,2026-07-31T10:19:42.125,71.407,719,,,,0,,,,-0.1562,173.71,-0.1562,-186.29,1,30.0,idle,+0.000,+0.000,+0.000,+0.000,1100,0,
1785507582.2244,2026-07-31T10:19:42.224,71.506,720,,,,0,,,,-0.1588,173.69,-0.1588,-186.31,1,30.0,idle,+0.000,+0.000,+0.000,+0.000,1100,0,
1785507582.3236,2026-07-31T10:19:42.323,71.605,721,,,,0,,,,-0.1583,173.67,-0.1583,-186.33,1,30.0,idle,+0.000,+0.000,+0.000,+0.000,1100,0,
1785507582.4220,2026-07-31T10:19:42.421,71.703,722,,,,0,,,,-0.1553,173.65,-0.1553,-186.35,1,30.0,idle,+0.000,+0.000,+0.000,+0.000,1100,0,
1785507582.5220,2026-07-31T10:19:42.522,71.803,723,,,,0,,,,-0.1553,173.62,-0.1553,-186.38,1,30.0,idle,+0.000,+0.000,+0.000,+0.000,1100,0,
1785507582.6222,2026-07-31T10:19:42.622,71.903,724,,,,0,,,,-0.1626,173.61,-0.1626,-186.39,1,30.0,idle,+0.000,+0.000,+0.000,+0.000,1100,0,
1785507582.7224,2026-07-31T10:19:42.722,72.004,725,,,,0,,,,-0.1530,173.58,-0.1530,-186.42,1,30.0,idle,+0.000,+0.000,+0.000,+0.000,1100,0,
1785507582.8218,2026-07-31T10:19:42.821,72.103,726,,,,0,,,,-0.1573,173.55,-0.1573,-186.45,1,30.0,idle,+0.000,+0.000,+0.000,+0.000,1100,0,
1785507582.9206,2026-07-31T10:19:42.920,72.202,727,,,,0,,,,-0.1602,173.54,-0.1602,-186.46,1,30.0,idle,+0.000,+0.000,+0.000,+0.000,1100,0,
1785507583.0197,2026-07-31T10:19:43.019,72.301,728,,,,0,,,,-0.1588,173.51,-0.1588,-186.49,1,30.0,idle,+0.000,+0.000,+0.000,+0.000,1100,0,
1785507583.1187,2026-07-31T10:19:43.118,72.400,729,,,,0,,,,-0.1544,173.50,-0.1544,-186.50,1,30.0,idle,+0.000,+0.000,+0.000,+0.000,1100,0,
1785507583.2171,2026-07-31T10:19:43.217,72.498,730,,,,0,,,,-0.1547,173.47,-0.1547,-186.53,1,30.0,idle,+0.000,+0.000,+0.000,+0.000,1100,0,
1785507583.3165,2026-07-31T10:19:43.316,72.598,731,,,,0,,,,-0.1546,173.46,-0.1546,-186.54,1,30.0,idle,+0.000,+0.000,+0.000,+0.000,1100,0,
1785507583.4160,2026-07-31T10:19:43.415,72.697,732,,,,0,,,,-0.1560,173.43,-0.1560,-186.57,1,30.0,idle,+0.000,+0.000,+0.000,+0.000,1100,0,
1785507583.5157,2026-07-31T10:19:43.515,72.797,733,,,,0,,,,-0.1537,173.40,-0.1537,-186.60,1,30.0,idle,+0.000,+0.000,+0.000,+0.000,1100,0,
1785507583.6148,2026-07-31T10:19:43.614,72.896,734,,,,0,,,,-0.1545,173.39,-0.1545,-186.61,1,30.0,idle,+0.000,+0.000,+0.000,+0.000,1100,0,
1785507583.7138,2026-07-31T10:19:43.713,72.995,735,,,,0,,,,-0.1571,173.37,-0.1571,-186.63,1,30.0,idle,+0.000,+0.000,+0.000,+0.000,1100,0,
1785507583.8130,2026-07-31T10:19:43.813,73.094,736,,,,0,,,,-0.1552,173.36,-0.1552,-186.64,1,30.0,idle,+0.000,+0.000,+0.000,+0.000,1100,0,
1785507583.9123,2026-07-31T10:19:43.912,73.193,737,,,,0,,,,-0.1532,173.33,-0.1532,-186.67,1,30.0,idle,+0.000,+0.000,+0.000,+0.000,1100,0,
1785507584.0117,2026-07-31T10:19:44.011,73.293,738,,,,0,,,,-0.1545,173.30,-0.1545,-186.70,1,30.0,idle,+0.000,+0.000,+0.000,+0.000,1100,0,
1785507584.1105,2026-07-31T10:19:44.110,73.392,739,,,,0,,,,-0.1540,173.29,-0.1540,-186.71,1,30.0,idle,+0.000,+0.000,+0.000,+0.000,1100,0,
1785507584.2109,2026-07-31T10:19:44.210,73.492,740,,,,0,,,,-0.1514,173.26,-0.1514,-186.74,1,30.0,idle,+0.000,+0.000,+0.000,+0.000,1100,0,
1785507584.3100,2026-07-31T10:19:44.310,73.591,741,,,,0,,,,-0.1553,173.25,-0.1553,-186.75,1,30.0,idle,+0.000,+0.000,+0.000,+0.000,1100,0,
1785507584.4096,2026-07-31T10:19:44.409,73.691,742,,,,0,,,,-0.1558,173.22,-0.1558,-186.78,1,30.0,idle,+0.000,+0.000,+0.000,+0.000,1100,0,
1785507584.5089,2026-07-31T10:19:44.508,73.790,743,,,,0,,,,-0.1533,173.21,-0.1533,-186.79,1,30.0,idle,+0.000,+0.000,+0.000,+0.000,1100,0,
1785507584.6078,2026-07-31T10:19:44.607,73.889,744,,,,0,,,,-0.1587,173.17,-0.1587,-186.83,1,30.0,idle,+0.000,+0.000,+0.000,+0.000,1100,0,
1785507584.7071,2026-07-31T10:19:44.707,73.988,745,,,,0,,,,-0.1608,173.15,-0.1608,-186.85,1,30.0,idle,+0.000,+0.000,+0.000,+0.000,1100,0,
1785507584.8073,2026-07-31T10:19:44.807,74.088,746,,,,0,,,,-0.1580,173.13,-0.1580,-186.87,1,30.0,idle,+0.000,+0.000,+0.000,+0.000,1100,0,
1785507584.9071,2026-07-31T10:19:44.907,74.188,747,,,,0,,,,-0.1576,173.11,-0.1576,-186.89,1,30.0,idle,+0.000,+0.000,+0.000,+0.000,1100,0,
1785507585.0062,2026-07-31T10:19:45.006,74.287,748,,,,0,,,,-0.1548,173.10,-0.1548,-186.90,1,30.0,idle,+0.000,+0.000,+0.000,+0.000,1100,0,
1785507585.1060,2026-07-31T10:19:45.106,74.387,749,,,,0,,,,-0.1590,173.08,-0.1590,-186.92,1,30.0,idle,+0.000,+0.000,+0.000,+0.000,1100,0,
1785507585.2051,2026-07-31T10:19:45.205,74.486,750,,,,0,,,,-0.1553,173.06,-0.1553,-186.94,1,30.0,idle,+0.000,+0.000,+0.000,+0.000,1100,0,
1785507585.3043,2026-07-31T10:19:45.304,74.586,751,,,,0,,,,-0.1589,173.05,-0.1589,-186.95,1,30.0,idle,+0.000,+0.000,+0.000,+0.000,1100,0,
1785507585.4039,2026-07-31T10:19:45.403,74.685,752,,,,0,,,,-0.1588,173.02,-0.1588,-186.98,1,30.0,idle,+0.000,+0.000,+0.000,+0.000,1100,0,
1785507585.5023,2026-07-31T10:19:45.502,74.783,753,,,,0,,,,-0.1596,173.01,-0.1596,-186.99,1,30.0,idle,+0.000,+0.000,+0.000,+0.000,1100,0,
1785507585.6017,2026-07-31T10:19:45.601,74.883,754,,,,0,,,,-0.1557,172.99,-0.1557,-187.01,1,30.0,idle,+0.000,+0.000,+0.000,+0.000,1100,0,
1785507585.7012,2026-07-31T10:19:45.701,74.982,755,,,,0,,,,-0.1578,172.96,-0.1578,-187.04,1,30.0,idle,+0.000,+0.000,+0.000,+0.000,1100,0,
1785507585.8012,2026-07-31T10:19:45.801,75.082,756,,,,0,,,,-0.1585,172.95,-0.1585,-187.05,1,30.0,idle,+0.000,+0.000,+0.000,+0.000,1100,0,
1785507585.8993,2026-07-31T10:19:45.899,75.181,757,,,,0,,,,-0.1603,172.92,-0.1603,-187.08,1,30.0,idle,+0.000,+0.000,+0.000,+0.000,1100,0,
1785507585.9988,2026-07-31T10:19:45.998,75.280,758,,,,0,,,,-0.1581,172.90,-0.1581,-187.10,1,30.0,idle,+0.000,+0.000,+0.000,+0.000,1100,0,
1785507586.0974,2026-07-31T10:19:46.097,75.379,759,,,,0,,,,-0.1588,172.87,-0.1588,-187.13,1,30.0,idle,+0.000,+0.000,+0.000,+0.000,1100,0,
1785507586.1968,2026-07-31T10:19:46.196,75.478,760,,,,0,,,,-0.1578,172.86,-0.1578,-187.14,1,30.0,idle,+0.000,+0.000,+0.000,+0.000,1100,0,
1785507586.2961,2026-07-31T10:19:46.296,75.577,761,,,,0,,,,-0.1583,172.83,-0.1583,-187.17,1,30.0,idle,+0.000,+0.000,+0.000,+0.000,1100,0,
1785507586.3951,2026-07-31T10:19:46.395,75.676,762,,,,0,,,,-0.1568,172.80,-0.1568,-187.20,1,30.0,idle,+0.000,+0.000,+0.000,+0.000,1100,0,
1785507586.4942,2026-07-31T10:19:46.494,75.775,763,,,,0,,,,-0.1576,172.79,-0.1576,-187.21,1,30.0,idle,+0.000,+0.000,+0.000,+0.000,1100,0,
1785507586.5951,2026-07-31T10:19:46.595,75.876,764,,,,0,,,,-0.1565,172.76,-0.1565,-187.24,1,30.0,idle,+0.000,+0.000,+0.000,+0.000,1100,0,
1785507586.6936,2026-07-31T10:19:46.693,75.975,765,,,,0,,,,-0.1588,172.74,-0.1588,-187.26,1,30.0,idle,+0.000,+0.000,+0.000,+0.000,1100,0,
1785507586.7950,2026-07-31T10:19:46.795,76.076,766,,,,0,,,,-0.1603,172.72,-0.1603,-187.28,1,30.0,idle,+0.000,+0.000,+0.000,+0.000,1100,0,
1785507586.8940,2026-07-31T10:19:46.894,76.175,767,,,,0,,,,-0.1575,172.69,-0.1575,-187.31,1,30.0,idle,+0.000,+0.000,+0.000,+0.000,1100,0,
1785507586.9931,2026-07-31T10:19:46.993,76.274,768,,,,0,,,,-0.1583,172.67,-0.1583,-187.33,1,30.0,idle,+0.000,+0.000,+0.000,+0.000,1100,0,
1785507587.0922,2026-07-31T10:19:47.092,76.373,769,,,,0,,,,-0.1538,172.64,-0.1538,-187.36,1,30.0,idle,+0.000,+0.000,+0.000,+0.000,1100,0,
1785507587.1910,2026-07-31T10:19:47.191,76.472,770,,,,0,,,,-0.1546,172.63,-0.1546,-187.37,1,30.0,idle,+0.000,+0.000,+0.000,+0.000,1100,0,
1785507587.2899,2026-07-31T10:19:47.289,76.571,771,,,,0,,,,-0.1582,172.61,-0.1582,-187.39,1,30.0,idle,+0.000,+0.000,+0.000,+0.000,1100,0,
1785507587.3899,2026-07-31T10:19:47.389,76.671,772,,,,0,,,,-0.1537,172.58,-0.1537,-187.42,1,30.0,idle,+0.000,+0.000,+0.000,+0.000,1100,0,
1785507587.4892,2026-07-31T10:19:47.489,76.770,773,,,,0,,,,-0.1562,172.57,-0.1562,-187.43,1,30.0,idle,+0.000,+0.000,+0.000,+0.000,1100,0,
1785507587.5883,2026-07-31T10:19:47.588,76.870,774,,,,0,,,,-0.1558,172.54,-0.1558,-187.46,1,30.0,idle,+0.000,+0.000,+0.000,+0.000,1100,0,
1785507587.6880,2026-07-31T10:19:47.688,76.969,775,,,,0,,,,-0.1553,172.53,-0.1553,-187.47,1,30.0,idle,+0.000,+0.000,+0.000,+0.000,1100,0,
1785507587.7872,2026-07-31T10:19:47.787,77.068,776,,,,0,,,,-0.1550,172.50,-0.1550,-187.50,1,30.0,idle,+0.000,+0.000,+0.000,+0.000,1100,0,
1785507587.8859,2026-07-31T10:19:47.885,77.167,777,,,,0,,,,-0.1549,172.47,-0.1549,-187.53,1,30.0,idle,+0.000,+0.000,+0.000,+0.000,1100,0,
1785507587.9850,2026-07-31T10:19:47.985,77.266,778,,,,0,,,,-0.1550,172.46,-0.1550,-187.54,1,30.0,idle,+0.000,+0.000,+0.000,+0.000,1100,0,
1785507588.0847,2026-07-31T10:19:48.084,77.366,779,,,,0,,,,-0.1524,172.43,-0.1524,-187.57,1,30.0,idle,+0.000,+0.000,+0.000,+0.000,1100,0,
1785507588.1843,2026-07-31T10:19:48.184,77.466,780,,,,0,,,,-0.1525,172.42,-0.1525,-187.58,1,30.0,idle,+0.000,+0.000,+0.000,+0.000,1100,0,
1785507588.2832,2026-07-31T10:19:48.283,77.564,781,,,,0,,,,-0.1561,172.39,-0.1561,-187.61,1,30.0,idle,+0.000,+0.000,+0.000,+0.000,1100,0,
1785507588.3824,2026-07-31T10:19:48.382,77.664,782,,,,0,,,,-0.1575,172.37,-0.1575,-187.63,1,30.0,idle,+0.000,+0.000,+0.000,+0.000,1100,0,
1785507588.4821,2026-07-31T10:19:48.482,77.763,783,,,,0,,,,-0.1583,172.36,-0.1583,-187.64,1,30.0,idle,+0.000,+0.000,+0.000,+0.000,1100,0,
1785507588.5813,2026-07-31T10:19:48.581,77.862,784,,,,0,,,,-0.1546,172.33,-0.1546,-187.67,1,30.0,idle,+0.000,+0.000,+0.000,+0.000,1100,0,
1785507588.6795,2026-07-31T10:19:48.679,77.961,785,,,,0,,,,-0.1567,172.32,-0.1567,-187.68,1,30.0,idle,+0.000,+0.000,+0.000,+0.000,1100,0,
1785507588.7797,2026-07-31T10:19:48.779,78.061,786,,,,0,,,,-0.1537,172.29,-0.1537,-187.71,1,30.0,idle,+0.000,+0.000,+0.000,+0.000,1100,0,
1785507588.8790,2026-07-31T10:19:48.878,78.160,787,,,,0,,,,-0.1543,172.26,-0.1543,-187.74,1,30.0,idle,+0.000,+0.000,+0.000,+0.000,1100,0,
1785507588.9782,2026-07-31T10:19:48.978,78.259,788,,,,0,,,,-0.1564,172.24,-0.1564,-187.76,1,30.0,idle,+0.000,+0.000,+0.000,+0.000,1100,0,
1785507589.0772,2026-07-31T10:19:49.077,78.358,789,,,,0,,,,-0.1587,172.21,-0.1587,-187.79,1,30.0,idle,+0.000,+0.000,+0.000,+0.000,1100,0,
1785507589.1760,2026-07-31T10:19:49.176,78.457,790,,,,0,,,,-0.1549,172.20,-0.1549,-187.80,1,30.0,idle,+0.000,+0.000,+0.000,+0.000,1100,0,
1785507589.2753,2026-07-31T10:19:49.275,78.556,791,,,,0,,,,-0.1550,172.17,-0.1550,-187.83,1,30.0,idle,+0.000,+0.000,+0.000,+0.000,1100,0,
1785507589.3743,2026-07-31T10:19:49.374,78.656,792,,,,0,,,,-0.1580,172.15,-0.1580,-187.85,1,30.0,idle,+0.000,+0.000,+0.000,+0.000,1100,0,
1785507589.4729,2026-07-31T10:19:49.472,78.754,793,,,,0,,,,-0.1535,172.12,-0.1535,-187.88,1,30.0,idle,+0.000,+0.000,+0.000,+0.000,1100,0,
1785507589.5721,2026-07-31T10:19:49.572,78.853,794,,,,0,,,,-0.1594,172.10,-0.1594,-187.90,1,30.0,idle,+0.000,+0.000,+0.000,+0.000,1100,0,
1785507589.6708,2026-07-31T10:19:49.670,78.952,795,,,,0,,,,-0.1556,172.08,-0.1556,-187.92,1,30.0,idle,+0.000,+0.000,+0.000,+0.000,1100,0,
1785507589.7700,2026-07-31T10:19:49.770,79.051,796,,,,0,,,,-0.1588,172.06,-0.1588,-187.94,1,30.0,idle,+0.000,+0.000,+0.000,+0.000,1100,0,
1785507589.8695,2026-07-31T10:19:49.869,79.151,797,,,,0,,,,-0.1569,172.04,-0.1569,-187.96,1,30.0,idle,+0.000,+0.000,+0.000,+0.000,1100,0,
1785507589.9702,2026-07-31T10:19:49.970,79.251,798,,,,0,,,,-0.1543,172.01,-0.1543,-187.99,1,30.0,idle,+0.000,+0.000,+0.000,+0.000,1100,0,
1785507590.0695,2026-07-31T10:19:50.069,79.351,799,,,,0,,,,-0.1592,171.98,-0.1592,-188.02,1,30.0,idle,+0.000,+0.000,+0.000,+0.000,1100,0,
1785507590.1688,2026-07-31T10:19:50.168,79.450,800,,,,0,,,,-0.1532,171.97,-0.1532,-188.03,1,30.0,idle,+0.000,+0.000,+0.000,+0.000,1100,0,
1785507590.2683,2026-07-31T10:19:50.268,79.549,801,,,,0,,,,-0.1592,171.95,-0.1592,-188.05,1,30.0,idle,+0.000,+0.000,+0.000,+0.000,1100,0,
1785507590.3657,2026-07-31T10:19:50.365,79.647,802,,,,0,,,,-0.1548,171.94,-0.1548,-188.06,1,30.0,idle,+0.000,+0.000,+0.000,+0.000,1100,0,
1785507590.4660,2026-07-31T10:19:50.466,79.747,803,,,,0,,,,-0.1532,171.92,-0.1532,-188.08,1,30.0,idle,+0.000,+0.000,+0.000,+0.000,1100,0,
1785507590.5651,2026-07-31T10:19:50.565,79.846,804,,,,0,,,,-0.1582,171.91,-0.1582,-188.09,1,30.0,idle,+0.000,+0.000,+0.000,+0.000,1100,0,
1785507590.6652,2026-07-31T10:19:50.665,79.946,805,,,,0,,,,-0.1586,171.88,-0.1586,-188.12,1,30.0,idle,+0.000,+0.000,+0.000,+0.000,1100,0,
1785507590.7637,2026-07-31T10:19:50.763,80.045,806,,,,0,,,,-0.1566,171.86,-0.1566,-188.14,1,30.0,idle,+0.000,+0.000,+0.000,+0.000,1100,0,
1785507590.8629,2026-07-31T10:19:50.862,80.144,807,,,,0,,,,-0.1519,171.84,-0.1519,-188.16,1,30.0,idle,+0.000,+0.000,+0.000,+0.000,1100,0,
1785507590.9629,2026-07-31T10:19:50.962,80.244,808,,,,0,,,,-0.1602,171.83,-0.1602,-188.17,1,30.0,idle,+0.000,+0.000,+0.000,+0.000,1100,0,
1785507591.0620,2026-07-31T10:19:51.061,80.343,809,,,,0,,,,-0.1555,171.83,-0.1555,-188.17,1,30.0,idle,+0.000,+0.000,+0.000,+0.000,1100,0,
1785507591.1608,2026-07-31T10:19:51.160,80.442,810,,,,0,,,,-0.1544,171.80,-0.1544,-188.20,1,30.0,idle,+0.000,+0.000,+0.000,+0.000,1100,0,
1785507591.2600,2026-07-31T10:19:51.259,80.541,811,,,,0,,,,-0.1550,171.77,-0.1550,-188.23,1,30.0,idle,+0.000,+0.000,+0.000,+0.000,1100,0,
1785507591.3593,2026-07-31T10:19:51.359,80.640,812,,,,0,,,,-0.1561,171.76,-0.1561,-188.24,1,30.0,idle,+0.000,+0.000,+0.000,+0.000,1100,0,
1785507591.4585,2026-07-31T10:19:51.458,80.740,813,,,,0,,,,-0.1559,171.74,-0.1559,-188.26,1,30.0,idle,+0.000,+0.000,+0.000,+0.000,1100,0,
1785507591.5576,2026-07-31T10:19:51.557,80.839,814,,,,0,,,,-0.1540,171.72,-0.1540,-188.28,1,30.0,idle,+0.000,+0.000,+0.000,+0.000,1100,0,
1785507591.6575,2026-07-31T10:19:51.657,80.939,815,,,,0,,,,-0.1549,171.70,-0.1549,-188.30,1,30.0,idle,+0.000,+0.000,+0.000,+0.000,1100,0,
1785507591.7560,2026-07-31T10:19:51.756,81.037,816,,,,0,,,,-0.1558,171.68,-0.1558,-188.32,1,30.0,idle,+0.000,+0.000,+0.000,+0.000,1100,0,
1785507591.8565,2026-07-31T10:19:51.856,81.138,817,,,,0,,,,-0.1580,171.66,-0.1580,-188.34,1,30.0,idle,+0.000,+0.000,+0.000,+0.000,1100,0,
1785507591.9560,2026-07-31T10:19:51.956,81.237,818,,,,0,,,,-0.1583,171.63,-0.1583,-188.37,1,30.0,idle,+0.000,+0.000,+0.000,+0.000,1100,0,
1785507592.0559,2026-07-31T10:19:52.055,81.337,819,,,,0,,,,-0.1550,171.62,-0.1550,-188.38,1,30.0,idle,+0.000,+0.000,+0.000,+0.000,1100,0,
1785507592.1554,2026-07-31T10:19:52.155,81.437,820,,,,0,,,,-0.1530,171.59,-0.1530,-188.41,1,30.0,idle,+0.000,+0.000,+0.000,+0.000,1100,0,
1785507592.2539,2026-07-31T10:19:52.253,81.535,821,,,,0,,,,-0.1553,171.56,-0.1553,-188.44,1,30.0,idle,+0.000,+0.000,+0.000,+0.000,1100,0,
1785507592.3538,2026-07-31T10:19:52.353,81.635,822,,,,0,,,,-0.1555,171.54,-0.1555,-188.46,1,30.0,idle,+0.000,+0.000,+0.000,+0.000,1100,0,
1785507592.4530,2026-07-31T10:19:52.453,81.734,823,,,,0,,,,-0.1586,171.52,-0.1586,-188.48,1,30.0,idle,+0.000,+0.000,+0.000,+0.000,1100,0,
1785507592.5527,2026-07-31T10:19:52.552,81.834,824,,,,0,,,,-0.1577,171.51,-0.1577,-188.49,1,30.0,idle,+0.000,+0.000,+0.000,+0.000,1100,0,
1785507592.6524,2026-07-31T10:19:52.652,81.934,825,,,,0,,,,-0.1518,171.48,-0.1518,-188.52,1,30.0,idle,+0.000,+0.000,+0.000,+0.000,1100,0,
1785507592.7512,2026-07-31T10:19:52.751,82.032,826,,,,0,,,,-0.1563,171.45,-0.1563,-188.55,1,30.0,idle,+0.000,+0.000,+0.000,+0.000,1100,0,
1785507592.8507,2026-07-31T10:19:52.850,82.132,827,,,,0,,,,-0.1600,171.44,-0.1600,-188.56,1,30.0,idle,+0.000,+0.000,+0.000,+0.000,1100,0,
1785507592.9507,2026-07-31T10:19:52.950,82.232,828,,,,0,,,,-0.1574,171.41,-0.1574,-188.59,1,30.0,idle,+0.000,+0.000,+0.000,+0.000,1100,0,
1785507593.0494,2026-07-31T10:19:53.049,82.331,829,,,,0,,,,-0.1575,171.39,-0.1575,-188.61,1,30.0,idle,+0.000,+0.000,+0.000,+0.000,1100,0,
1785507593.1484,2026-07-31T10:19:53.148,82.430,830,,,,0,,,,-0.1551,171.36,-0.1551,-188.64,1,30.0,idle,+0.000,+0.000,+0.000,+0.000,1100,0,
1785507593.2477,2026-07-31T10:19:53.247,82.529,831,,,,0,,,,-0.1582,171.33,-0.1582,-188.67,1,30.0,idle,+0.000,+0.000,+0.000,+0.000,1100,0,
1785507593.3478,2026-07-31T10:19:53.347,82.629,832,,,,0,,,,-0.1579,171.32,-0.1579,-188.68,1,30.0,idle,+0.000,+0.000,+0.000,+0.000,1100,0,
1785507593.4459,2026-07-31T10:19:53.445,82.727,833,,,,0,,,,-0.1546,171.29,-0.1546,-188.71,1,30.0,idle,+0.000,+0.000,+0.000,+0.000,1100,0,
1785507593.5452,2026-07-31T10:19:53.545,82.826,834,,,,0,,,,-0.1568,171.28,-0.1568,-188.72,1,30.0,idle,+0.000,+0.000,+0.000,+0.000,1100,0,
1785507593.6443,2026-07-31T10:19:53.644,82.925,835,,,,0,,,,-0.1597,171.25,-0.1597,-188.75,1,30.0,idle,+0.000,+0.000,+0.000,+0.000,1100,0,
1785507593.7441,2026-07-31T10:19:53.744,83.025,836,,,,0,,,,-0.1609,171.24,-0.1609,-188.76,1,30.0,idle,+0.000,+0.000,+0.000,+0.000,1100,0,
1785507593.8435,2026-07-31T10:19:53.843,83.125,837,,,,0,,,,-0.1562,171.21,-0.1562,-188.79,1,30.0,idle,+0.000,+0.000,+0.000,+0.000,1100,0,
1785507593.9422,2026-07-31T10:19:53.942,83.223,838,,,,0,,,,-0.1571,171.17,-0.1571,-188.83,1,30.0,idle,+0.000,+0.000,+0.000,+0.000,1100,0,
1785507594.0414,2026-07-31T10:19:54.041,83.323,839,,,,0,,,,-0.1546,171.17,-0.1546,-188.83,1,30.0,idle,+0.000,+0.000,+0.000,+0.000,1100,0,
1785507594.1407,2026-07-31T10:19:54.140,83.422,840,,,,0,,,,-0.1584,171.14,-0.1584,-188.86,1,30.0,idle,+0.000,+0.000,+0.000,+0.000,1100,0,
1785507594.2390,2026-07-31T10:19:54.238,83.520,841,,,,0,,,,-0.1565,171.13,-0.1565,-188.87,1,30.0,idle,+0.000,+0.000,+0.000,+0.000,1100,0,
1785507594.3385,2026-07-31T10:19:54.338,83.620,842,,,,0,,,,-0.1541,171.11,-0.1541,-188.89,1,30.0,idle,+0.000,+0.000,+0.000,+0.000,1100,0,
1785507594.4369,2026-07-31T10:19:54.436,83.718,843,,,,0,,,,-0.1560,171.08,-0.1560,-188.92,1,30.0,idle,+0.000,+0.000,+0.000,+0.000,1100,0,
1785507594.5362,2026-07-31T10:19:54.536,83.817,844,,,,0,,,,-0.1588,171.06,-0.1588,-188.94,1,30.0,idle,+0.000,+0.000,+0.000,+0.000,1100,0,
1785507594.6358,2026-07-31T10:19:54.635,83.917,845,,,,0,,,,-0.1611,171.02,-0.1611,-188.98,1,30.0,idle,+0.000,+0.000,+0.000,+0.000,1100,0,
1785507594.7363,2026-07-31T10:19:54.736,84.018,846,,,,0,,,,-0.1578,171.01,-0.1578,-188.99,1,30.0,idle,+0.000,+0.000,+0.000,+0.000,1100,0,
1785507594.8369,2026-07-31T10:19:54.836,84.118,847,,,,0,,,,-0.1592,170.99,-0.1592,-189.01,1,30.0,idle,+0.000,+0.000,+0.000,+0.000,1100,0,
1785507594.9361,2026-07-31T10:19:54.936,84.217,848,,,,0,,,,-0.1573,170.96,-0.1573,-189.04,1,30.0,idle,+0.000,+0.000,+0.000,+0.000,1100,0,
1785507595.0353,2026-07-31T10:19:55.035,84.316,849,,,,0,,,,-0.1567,170.95,-0.1567,-189.05,1,30.0,idle,+0.000,+0.000,+0.000,+0.000,1100,0,
1785507595.1347,2026-07-31T10:19:55.134,84.416,850,,,,0,,,,-0.1539,170.92,-0.1539,-189.08,1,30.0,idle,+0.000,+0.000,+0.000,+0.000,1100,0,
1785507595.2334,2026-07-31T10:19:55.233,84.515,851,,,,0,,,,-0.1569,170.90,-0.1569,-189.10,1,30.0,idle,+0.000,+0.000,+0.000,+0.000,1100,0,
1785507595.3347,2026-07-31T10:19:55.334,84.616,852,,,,0,,,,-0.1569,170.88,-0.1569,-189.12,1,30.0,idle,+0.000,+0.000,+0.000,+0.000,1100,0,
1785507595.4328,2026-07-31T10:19:55.432,84.714,853,,,,0,,,,-0.1581,170.87,-0.1581,-189.13,1,30.0,idle,+0.000,+0.000,+0.000,+0.000,1100,0,
1785507595.5324,2026-07-31T10:19:55.532,84.814,854,,,,0,,,,-0.1572,170.84,-0.1572,-189.16,1,30.0,idle,+0.000,+0.000,+0.000,+0.000,1100,0,
1785507595.6326,2026-07-31T10:19:55.632,84.914,855,,,,0,,,,-0.1556,170.81,-0.1556,-189.19,1,30.0,idle,+0.000,+0.000,+0.000,+0.000,1100,0,
1785507595.7320,2026-07-31T10:19:55.731,85.013,856,,,,0,,,,-0.1573,170.80,-0.1573,-189.20,1,30.0,idle,+0.000,+0.000,+0.000,+0.000,1100,0,
1785507595.8312,2026-07-31T10:19:55.831,85.112,857,,,,0,,,,-0.1598,170.78,-0.1598,-189.22,1,30.0,idle,+0.000,+0.000,+0.000,+0.000,1100,0,
1785507595.9308,2026-07-31T10:19:55.930,85.212,858,,,,0,,,,-0.1593,170.76,-0.1593,-189.24,1,30.0,idle,+0.000,+0.000,+0.000,+0.000,1100,0,
1785507596.0293,2026-07-31T10:19:56.029,85.310,859,,,,0,,,,-0.1579,170.74,-0.1579,-189.26,1,30.0,idle,+0.000,+0.000,+0.000,+0.000,1100,0,
1785507596.1281,2026-07-31T10:19:56.128,85.409,860,,,,0,,,,-0.1571,170.71,-0.1571,-189.29,1,30.0,idle,+0.000,+0.000,+0.000,+0.000,1100,0,
1785507596.2274,2026-07-31T10:19:56.227,85.509,861,,,,0,,,,-0.1565,170.70,-0.1565,-189.30,1,30.0,idle,+0.000,+0.000,+0.000,+0.000,1100,0,
1785507596.3279,2026-07-31T10:19:56.327,85.609,862,,,,0,,,,-0.1594,170.68,-0.1594,-189.32,1,30.0,idle,+0.000,+0.000,+0.000,+0.000,1100,0,
1785507596.4264,2026-07-31T10:19:56.426,85.708,863,,,,0,,,,-0.1547,170.67,-0.1547,-189.33,1,30.0,idle,+0.000,+0.000,+0.000,+0.000,1100,0,
1785507596.5253,2026-07-31T10:19:56.525,85.806,864,,,,0,,,,-0.1565,170.64,-0.1565,-189.36,1,30.0,idle,+0.000,+0.000,+0.000,+0.000,1100,0,
1785507596.6256,2026-07-31T10:19:56.625,85.907,865,,,,0,,,,-0.1592,170.63,-0.1592,-189.37,1,30.0,idle,+0.000,+0.000,+0.000,+0.000,1100,0,
1785507596.7246,2026-07-31T10:19:56.724,86.006,866,,,,0,,,,-0.1555,170.60,-0.1555,-189.40,1,30.0,idle,+0.000,+0.000,+0.000,+0.000,1100,0,
1785507596.8245,2026-07-31T10:19:56.824,86.106,867,,,,0,,,,-0.1559,170.57,-0.1559,-189.43,1,30.0,idle,+0.000,+0.000,+0.000,+0.000,1100,0,
1785507596.9232,2026-07-31T10:19:56.923,86.204,868,,,,0,,,,-0.1558,170.55,-0.1558,-189.45,1,30.0,idle,+0.000,+0.000,+0.000,+0.000,1100,0,
1785507597.0230,2026-07-31T10:19:57.023,86.304,869,,,,0,,,,-0.1549,170.52,-0.1549,-189.48,1,30.0,idle,+0.000,+0.000,+0.000,+0.000,1100,0,
1785507597.1226,2026-07-31T10:19:57.122,86.404,870,,,,0,,,,-0.1564,170.51,-0.1564,-189.49,1,30.0,idle,+0.000,+0.000,+0.000,+0.000,1100,0,
1785507597.2217,2026-07-31T10:19:57.221,86.503,871,,,,0,,,,-0.1572,170.49,-0.1572,-189.51,1,30.0,idle,+0.000,+0.000,+0.000,+0.000,1100,0,
1785507597.3202,2026-07-31T10:19:57.320,86.601,872,,,,0,,,,-0.1568,170.47,-0.1568,-189.53,1,30.0,idle,+0.000,+0.000,+0.000,+0.000,1100,0,
1785507597.4193,2026-07-31T10:19:57.419,86.700,873,,,,0,,,,-0.1577,170.45,-0.1577,-189.55,1,30.0,idle,+0.000,+0.000,+0.000,+0.000,1100,0,
1785507597.5195,2026-07-31T10:19:57.519,86.801,874,,,,0,,,,-0.1542,170.43,-0.1542,-189.57,1,30.0,idle,+0.000,+0.000,+0.000,+0.000,1100,0,
1785507597.6188,2026-07-31T10:19:57.618,86.900,875,,,,0,,,,-0.1566,170.42,-0.1566,-189.58,1,30.0,idle,+0.000,+0.000,+0.000,+0.000,1100,0,
1785507597.7176,2026-07-31T10:19:57.717,86.999,876,,,,0,,,,-0.1556,170.38,-0.1556,-189.62,1,30.0,idle,+0.000,+0.000,+0.000,+0.000,1100,0,
1785507597.8172,2026-07-31T10:19:57.817,87.098,877,,,,0,,,,-0.1503,170.35,-0.1503,-189.65,1,30.0,idle,+0.000,+0.000,+0.000,+0.000,1100,0,
1785507597.9168,2026-07-31T10:19:57.916,87.198,878,,,,0,,,,-0.1584,170.34,-0.1584,-189.66,1,30.0,idle,+0.000,+0.000,+0.000,+0.000,1100,0,
1785507598.0154,2026-07-31T10:19:58.015,87.297,879,,,,0,,,,-0.1588,170.30,-0.1588,-189.70,1,30.0,idle,+0.000,+0.000,+0.000,+0.000,1100,0,
1785507598.1157,2026-07-31T10:19:58.115,87.397,880,,,,0,,,,-0.1547,170.29,-0.1547,-189.71,1,30.0,idle,+0.000,+0.000,+0.000,+0.000,1100,0,
1785507598.2151,2026-07-31T10:19:58.215,87.496,881,,,,0,,,,-0.1556,170.26,-0.1556,-189.74,1,30.0,idle,+0.000,+0.000,+0.000,+0.000,1100,0,
1785507598.3146,2026-07-31T10:19:58.314,87.596,882,,,,0,,,,-0.1578,170.23,-0.1578,-189.77,1,30.0,idle,+0.000,+0.000,+0.000,+0.000,1100,0,
1785507598.4152,2026-07-31T10:19:58.415,87.696,883,,,,0,,,,-0.1571,170.22,-0.1571,-189.78,1,30.0,idle,+0.000,+0.000,+0.000,+0.000,1100,0,
1785507598.5143,2026-07-31T10:19:58.514,87.796,884,,,,0,,,,-0.1561,170.20,-0.1561,-189.80,1,30.0,idle,+0.000,+0.000,+0.000,+0.000,1100,0,
1785507598.6140,2026-07-31T10:19:58.614,87.895,885,,,,0,,,,-0.1557,170.19,-0.1557,-189.81,1,30.0,idle,+0.000,+0.000,+0.000,+0.000,1100,0,
1785507598.7132,2026-07-31T10:19:58.713,87.994,886,,,,0,,,,-0.1606,170.17,-0.1606,-189.83,1,30.0,idle,+0.000,+0.000,+0.000,+0.000,1100,0,
1785507598.8125,2026-07-31T10:19:58.812,88.094,887,,,,0,,,,-0.1522,170.15,-0.1522,-189.85,1,30.0,idle,+0.000,+0.000,+0.000,+0.000,1100,0,
1785507598.9118,2026-07-31T10:19:58.911,88.193,888,,,,0,,,,-0.1560,170.14,-0.1560,-189.86,1,30.0,idle,+0.000,+0.000,+0.000,+0.000,1100,0,
1785507599.0117,2026-07-31T10:19:59.011,88.293,889,,,,0,,,,-0.1552,170.12,-0.1552,-189.88,1,30.0,idle,+0.000,+0.000,+0.000,+0.000,1100,0,
1785507599.1116,2026-07-31T10:19:59.111,88.393,890,,,,0,,,,-0.1583,170.11,-0.1583,-189.89,1,30.0,idle,+0.000,+0.000,+0.000,+0.000,1100,0,
1785507599.2111,2026-07-31T10:19:59.211,88.492,891,,,,0,,,,-0.1526,170.09,-0.1526,-189.91,1,30.0,idle,+0.000,+0.000,+0.000,+0.000,1100,0,
1785507599.3108,2026-07-31T10:19:59.310,88.592,892,,,,0,,,,-0.1540,170.06,-0.1540,-189.94,1,30.0,idle,+0.000,+0.000,+0.000,+0.000,1100,0,
1785507599.4098,2026-07-31T10:19:59.409,88.691,893,,,,0,,,,-0.1578,170.05,-0.1578,-189.95,1,30.0,idle,+0.000,+0.000,+0.000,+0.000,1100,0,
1785507599.5087,2026-07-31T10:19:59.508,88.790,894,,,,0,,,,-0.1543,170.02,-0.1543,-189.98,1,30.0,idle,+0.000,+0.000,+0.000,+0.000,1100,0,
1785507599.6089,2026-07-31T10:19:59.608,88.890,895,,,,0,,,,-0.1522,170.01,-0.1522,-189.99,1,30.0,idle,+0.000,+0.000,+0.000,+0.000,1100,0,
1785507599.7078,2026-07-31T10:19:59.707,88.989,896,,,,0,,,,-0.1604,169.98,-0.1604,-190.02,1,30.0,idle,+0.000,+0.000,+0.000,+0.000,1100,0,
1785507599.8081,2026-07-31T10:19:59.808,89.089,897,,,,0,,,,-0.1612,169.97,-0.1612,-190.03,1,30.0,idle,+0.000,+0.000,+0.000,+0.000,1100,0,
1785507599.9070,2026-07-31T10:19:59.907,89.188,898,,,,0,,,,-0.1620,169.94,-0.1620,-190.06,1,30.0,idle,+0.000,+0.000,+0.000,+0.000,1100,0,
1785507600.0065,2026-07-31T10:20:00.006,89.288,899,,,,0,,,,-0.1555,169.92,-0.1555,-190.08,1,30.0,idle,+0.000,+0.000,+0.000,+0.000,1100,0,
1785507600.1070,2026-07-31T10:20:00.106,89.388,900,,,,0,,,,-0.1566,169.90,-0.1566,-190.10,1,30.0,idle,+0.000,+0.000,+0.000,+0.000,1100,0,
1785507600.2058,2026-07-31T10:20:00.205,89.487,901,,,,0,,,,-0.1581,169.87,-0.1581,-190.13,1,30.0,idle,+0.000,+0.000,+0.000,+0.000,1100,0,
1785507600.3050,2026-07-31T10:20:00.305,89.586,902,,,,0,,,,-0.1557,169.84,-0.1557,-190.16,1,30.0,idle,+0.000,+0.000,+0.000,+0.000,1100,0,
1785507600.4043,2026-07-31T10:20:00.404,89.685,903,,,,0,,,,-0.1570,169.80,-0.1570,-190.20,1,30.0,idle,+0.000,+0.000,+0.000,+0.000,1100,0,
1785507600.5028,2026-07-31T10:20:00.502,89.784,904,,,,0,,,,-0.1566,169.78,-0.1566,-190.22,1,30.0,idle,+0.000,+0.000,+0.000,+0.000,1100,0,
1785507600.6021,2026-07-31T10:20:00.602,89.883,905,,,,0,,,,-0.1534,169.76,-0.1534,-190.24,1,30.0,idle,+0.000,+0.000,+0.000,+0.000,1100,0,
1785507600.7014,2026-07-31T10:20:00.701,89.983,906,,,,0,,,,-0.1541,169.73,-0.1541,-190.27,1,30.0,idle,+0.000,+0.000,+0.000,+0.000,1100,0,
1785507600.8006,2026-07-31T10:20:00.800,90.082,907,,,,0,,,,-0.1568,169.73,-0.1568,-190.27,1,30.0,idle,+0.000,+0.000,+0.000,+0.000,1100,0,
1785507600.8997,2026-07-31T10:20:00.899,90.181,908,,,,0,,,,-0.1584,169.69,-0.1584,-190.31,1,30.0,idle,+0.000,+0.000,+0.000,+0.000,1100,0,
1785507600.9993,2026-07-31T10:20:00.999,90.280,909,,,,0,,,,-0.1499,169.67,-0.1499,-190.33,1,30.0,idle,+0.000,+0.000,+0.000,+0.000,1100,0,
1785507601.0980,2026-07-31T10:20:01.098,90.379,910,,,,0,,,,-0.1575,169.65,-0.1575,-190.35,1,30.0,idle,+0.000,+0.000,+0.000,+0.000,1100,0,
1785507601.1974,2026-07-31T10:20:01.197,90.479,911,,,,0,,,,-0.1557,169.63,-0.1557,-190.37,1,30.0,idle,+0.000,+0.000,+0.000,+0.000,1100,0,
1785507601.2973,2026-07-31T10:20:01.297,90.578,912,,,,0,,,,-0.1537,169.61,-0.1537,-190.39,1,30.0,idle,+0.000,+0.000,+0.000,+0.000,1100,0,
1785507601.3965,2026-07-31T10:20:01.396,90.678,913,,,,0,,,,-0.1596,169.60,-0.1596,-190.40,1,30.0,idle,+0.000,+0.000,+0.000,+0.000,1100,0,
1785507601.4978,2026-07-31T10:20:01.497,90.779,914,,,,0,,,,-0.1554,169.58,-0.1554,-190.42,1,30.0,idle,+0.000,+0.000,+0.000,+0.000,1100,0,
1785507601.5988,2026-07-31T10:20:01.598,90.880,915,,,,0,,,,-0.1569,169.65,-0.1569,-190.35,1,30.0,idle,+0.000,+0.000,+0.000,+0.000,1100,0,
1785507601.6983,2026-07-31T10:20:01.698,90.979,916,,,,0,,,,-0.1538,170.12,-0.1538,-189.88,1,30.0,idle,+0.000,+0.000,+0.000,+0.000,1100,0,
1785507601.7967,2026-07-31T10:20:01.796,91.078,917,,,,0,,,,-0.1542,170.08,-0.1542,-189.92,1,30.0,idle,+0.000,+0.000,+0.000,+0.000,1100,0,
1785507601.8970,2026-07-31T10:20:01.897,91.178,918,,,,0,,,,-0.1555,170.08,-0.1555,-189.92,1,30.0,idle,+0.000,+0.000,+0.000,+0.000,1100,0,
1785507601.9959,2026-07-31T10:20:01.995,91.277,919,,,,0,,,,-0.1565,170.10,-0.1565,-189.90,1,30.0,idle,+0.000,+0.000,+0.000,+0.000,1100,0,
1785507602.0963,2026-07-31T10:20:02.096,91.377,920,,,,0,,,,-0.1578,170.18,-0.1578,-189.82,1,30.0,idle,+0.000,+0.000,+0.000,+0.000,1100,0,
1785507602.1948,2026-07-31T10:20:02.194,91.476,921,,,,0,,,,-0.1558,170.10,-0.1558,-189.90,1,30.0,idle,+0.000,+0.000,+0.000,+0.000,1100,0,
1785507602.2937,2026-07-31T10:20:02.293,91.575,922,,,,0,,,,-0.1537,170.10,-0.1537,-189.90,1,30.0,idle,+0.000,+0.000,+0.000,+0.000,1100,0,
1785507602.3928,2026-07-31T10:20:02.392,91.674,923,,,,0,,,,-0.1591,170.06,-0.1591,-189.94,1,30.0,idle,+0.000,+0.000,+0.000,+0.000,1100,0,
1785507602.4923,2026-07-31T10:20:02.492,91.773,924,,,,0,,,,-0.1574,170.05,-0.1574,-189.95,1,30.0,idle,+0.000,+0.000,+0.000,+0.000,1100,0,
1785507602.5916,2026-07-31T10:20:02.591,91.873,925,,,,0,,,,-0.1557,170.02,-0.1557,-189.98,1,30.0,idle,+0.000,+0.000,+0.000,+0.000,1100,0,
1785507602.6912,2026-07-31T10:20:02.691,91.972,926,,,,0,,,,-0.1562,170.00,-0.1562,-190.00,1,30.0,idle,+0.000,+0.000,+0.000,+0.000,1100,0,
1785507602.7896,2026-07-31T10:20:02.789,92.071,927,,,,0,,,,-0.1565,169.98,-0.1565,-190.02,1,30.0,idle,+0.000,+0.000,+0.000,+0.000,1100,0,
1785507602.8889,2026-07-31T10:20:02.888,92.170,928,,,,0,,,,-0.1563,169.96,-0.1563,-190.04,1,30.0,idle,+0.000,+0.000,+0.000,+0.000,1100,0,
1785507602.9879,2026-07-31T10:20:02.987,92.269,929,,,,0,,,,-0.1563,169.95,-0.1563,-190.05,1,30.0,idle,+0.000,+0.000,+0.000,+0.000,1100,0,
1785507603.0883,2026-07-31T10:20:03.088,92.370,930,,,,0,,,,-0.1601,169.91,-0.1601,-190.09,1,30.0,idle,+0.000,+0.000,+0.000,+0.000,1100,0,
1785507603.1867,2026-07-31T10:20:03.186,92.468,931,,,,0,,,,-0.1595,169.90,-0.1595,-190.10,1,30.0,idle,+0.000,+0.000,+0.000,+0.000,1100,0,
1785507603.2865,2026-07-31T10:20:03.286,92.568,932,,,,0,,,,-0.1557,169.88,-0.1557,-190.12,1,30.0,idle,+0.000,+0.000,+0.000,+0.000,1100,0,
1785507603.3853,2026-07-31T10:20:03.385,92.666,933,,,,0,,,,-0.1566,169.86,-0.1566,-190.14,1,30.0,idle,+0.000,+0.000,+0.000,+0.000,1100,0,
1785507603.4849,2026-07-31T10:20:03.484,92.766,934,,,,0,,,,-0.1580,169.85,-0.1580,-190.15,1,30.0,idle,+0.000,+0.000,+0.000,+0.000,1100,0,
1785507603.5846,2026-07-31T10:20:03.584,92.866,935,,,,0,,,,-0.1551,169.83,-0.1551,-190.17,1,30.0,idle,+0.000,+0.000,+0.000,+0.000,1100,0,
1785507603.6839,2026-07-31T10:20:03.683,92.965,936,,,,0,,,,-0.1556,169.81,-0.1556,-190.19,1,30.0,idle,+0.000,+0.000,+0.000,+0.000,1100,0,
1785507603.7845,2026-07-31T10:20:03.784,93.066,937,,,,0,,,,-0.1535,169.78,-0.1535,-190.22,1,30.0,idle,+0.000,+0.000,+0.000,+0.000,1100,0,
1785507603.8829,2026-07-31T10:20:03.882,93.164,938,,,,0,,,,-0.1544,169.75,-0.1544,-190.25,1,30.0,idle,+0.000,+0.000,+0.000,+0.000,1100,0,
1785507603.9826,2026-07-31T10:20:03.982,93.264,939,,,,0,,,,-0.1550,169.74,-0.1550,-190.26,1,30.0,idle,+0.000,+0.000,+0.000,+0.000,1100,0,
1785507604.0819,2026-07-31T10:20:04.081,93.363,940,,,,0,,,,-0.1577,169.71,-0.1577,-190.29,1,30.0,idle,+0.000,+0.000,+0.000,+0.000,1100,0,
1785507604.1815,2026-07-31T10:20:04.181,93.463,941,,,,0,,,,-0.1578,169.70,-0.1578,-190.30,1,30.0,idle,+0.000,+0.000,+0.000,+0.000,1100,0,
1785507604.2806,2026-07-31T10:20:04.280,93.562,942,,,,0,,,,-0.1566,169.67,-0.1566,-190.33,1,30.0,idle,+0.000,+0.000,+0.000,+0.000,1100,0,
1785507604.3794,2026-07-31T10:20:04.379,93.661,943,,,,0,,,,-0.1598,169.63,-0.1598,-190.37,1,30.0,idle,+0.000,+0.000,+0.000,+0.000,1100,0,
1785507604.4782,2026-07-31T10:20:04.478,93.759,944,,,,0,,,,-0.1547,169.62,-0.1547,-190.38,1,30.0,idle,+0.000,+0.000,+0.000,+0.000,1100,0,
1785507604.5771,2026-07-31T10:20:04.577,93.858,945,,,,0,,,,-0.1581,169.59,-0.1581,-190.41,1,30.0,idle,+0.000,+0.000,+0.000,+0.000,1100,0,
1785507604.6768,2026-07-31T10:20:04.676,93.958,946,,,,0,,,,-0.1551,169.58,-0.1551,-190.42,1,30.0,idle,+0.000,+0.000,+0.000,+0.000,1100,0,
1785507604.7763,2026-07-31T10:20:04.776,94.058,947,,,,0,,,,-0.1560,169.53,-0.1560,-190.47,1,30.0,idle,+0.000,+0.000,+0.000,+0.000,1100,0,
1785507604.8755,2026-07-31T10:20:04.875,94.157,948,,,,0,,,,-0.1563,169.51,-0.1563,-190.49,1,30.0,idle,+0.000,+0.000,+0.000,+0.000,1100,0,
1785507604.9745,2026-07-31T10:20:04.974,94.256,949,,,,0,,,,-0.1589,169.50,-0.1589,-190.50,1,30.0,idle,+0.000,+0.000,+0.000,+0.000,1100,0,
1785507605.0734,2026-07-31T10:20:05.073,94.355,950,,,,0,,,,-0.1582,169.48,-0.1582,-190.52,1,30.0,idle,+0.000,+0.000,+0.000,+0.000,1100,0,
1785507605.1733,2026-07-31T10:20:05.173,94.454,951,,,,0,,,,-0.1540,169.47,-0.1540,-190.53,1,30.0,idle,+0.000,+0.000,+0.000,+0.000,1100,0,
1785507605.2718,2026-07-31T10:20:05.271,94.553,952,,,,0,,,,-0.1597,169.44,-0.1597,-190.56,1,30.0,idle,+0.000,+0.000,+0.000,+0.000,1100,0,
1785507605.3711,2026-07-31T10:20:05.371,94.652,953,,,,0,,,,-0.1588,169.43,-0.1588,-190.57,1,30.0,idle,+0.000,+0.000,+0.000,+0.000,1100,0,
1785507605.4703,2026-07-31T10:20:05.470,94.752,954,,,,0,,,,-0.1562,169.40,-0.1562,-190.60,1,30.0,idle,+0.000,+0.000,+0.000,+0.000,1100,0,
1785507605.5706,2026-07-31T10:20:05.570,94.852,955,,,,0,,,,-0.1538,169.39,-0.1538,-190.61,1,30.0,idle,+0.000,+0.000,+0.000,+0.000,1100,0,
1785507605.6695,2026-07-31T10:20:05.669,94.951,956,,,,0,,,,-0.1565,169.38,-0.1565,-190.62,1,30.0,idle,+0.000,+0.000,+0.000,+0.000,1100,0,
1785507605.7683,2026-07-31T10:20:05.768,95.049,957,,,,0,,,,-0.1572,169.36,-0.1572,-190.64,1,30.0,idle,+0.000,+0.000,+0.000,+0.000,1100,0,
1785507605.8677,2026-07-31T10:20:05.867,95.149,958,,,,0,,,,-0.1514,169.34,-0.1514,-190.66,1,30.0,idle,+0.000,+0.000,+0.000,+0.000,1100,0,
1785507605.9667,2026-07-31T10:20:05.966,95.248,959,,,,0,,,,-0.1534,169.32,-0.1534,-190.68,1,30.0,idle,+0.000,+0.000,+0.000,+0.000,1100,0,
1785507606.0653,2026-07-31T10:20:06.065,95.346,960,,,,0,,,,-0.1569,169.30,-0.1569,-190.70,1,30.0,idle,+0.000,+0.000,+0.000,+0.000,1100,0,
1785507606.1640,2026-07-31T10:20:06.164,95.445,961,,,,0,,,,-0.1524,169.29,-0.1524,-190.71,1,30.0,idle,+0.000,+0.000,+0.000,+0.000,1100,0,
1785507606.2636,2026-07-31T10:20:06.263,95.545,962,,,,0,,,,-0.1611,169.25,-0.1611,-190.75,1,30.0,idle,+0.000,+0.000,+0.000,+0.000,1100,0,
1785507606.3623,2026-07-31T10:20:06.362,95.643,963,,,,0,,,,-0.1579,169.23,-0.1579,-190.77,1,30.0,idle,+0.000,+0.000,+0.000,+0.000,1100,0,
1785507606.4619,2026-07-31T10:20:06.461,95.743,964,,,,0,,,,-0.1602,169.21,-0.1602,-190.79,1,30.0,idle,+0.000,+0.000,+0.000,+0.000,1100,0,
1785507606.5616,2026-07-31T10:20:06.561,95.843,965,,,,0,,,,-0.1562,169.20,-0.1562,-190.80,1,30.0,idle,+0.000,+0.000,+0.000,+0.000,1100,0,
1785507606.6613,2026-07-31T10:20:06.661,95.942,966,,,,0,,,,-0.1583,169.18,-0.1583,-190.82,1,30.0,idle,+0.000,+0.000,+0.000,+0.000,1100,0,
1785507606.7600,2026-07-31T10:20:06.759,96.041,967,,,,0,,,,-0.1555,169.15,-0.1555,-190.85,1,30.0,idle,+0.000,+0.000,+0.000,+0.000,1100,0,
1785507606.8594,2026-07-31T10:20:06.859,96.141,968,,,,0,,,,-0.1575,169.13,-0.1575,-190.87,1,30.0,idle,+0.000,+0.000,+0.000,+0.000,1100,0,
1785507606.9588,2026-07-31T10:20:06.958,96.240,969,,,,0,,,,-0.1560,169.11,-0.1560,-190.89,1,30.0,idle,+0.000,+0.000,+0.000,+0.000,1100,0,
1785507607.0586,2026-07-31T10:20:07.058,96.340,970,,,,0,,,,-0.1543,169.08,-0.1543,-190.92,1,30.0,idle,+0.000,+0.000,+0.000,+0.000,1100,0,
1785507607.1578,2026-07-31T10:20:07.157,96.439,971,,,,0,,,,-0.1525,169.07,-0.1525,-190.93,1,30.0,idle,+0.000,+0.000,+0.000,+0.000,1100,0,
1785507607.2562,2026-07-31T10:20:07.256,96.537,972,,,,0,,,,-0.1512,169.06,-0.1512,-190.94,1,30.0,idle,+0.000,+0.000,+0.000,+0.000,1100,0,
1785507607.3555,2026-07-31T10:20:07.355,96.637,973,,,,0,,,,-0.1554,169.05,-0.1554,-190.95,1,30.0,idle,+0.000,+0.000,+0.000,+0.000,1100,0,
1785507607.4545,2026-07-31T10:20:07.454,96.736,974,,,,0,,,,-0.1548,169.03,-0.1548,-190.97,1,30.0,idle,+0.000,+0.000,+0.000,+0.000,1100,0,
1785507607.5543,2026-07-31T10:20:07.554,96.835,975,,,,0,,,,-0.1557,169.21,-0.1557,-190.79,1,30.0,idle,+0.000,+0.000,+0.000,+0.000,1100,0,
1785507607.6532,2026-07-31T10:20:07.653,96.934,976,,,,0,,,,-0.1583,169.41,-0.1583,-190.59,1,30.0,idle,+0.000,+0.000,+0.000,+0.000,1100,0,
1785507607.7522,2026-07-31T10:20:07.752,97.033,977,,,,0,,,,-0.1573,169.39,-0.1573,-190.61,1,30.0,idle,+0.000,+0.000,+0.000,+0.000,1100,0,
1785507607.8516,2026-07-31T10:20:07.851,97.133,978,,,,0,,,,-0.1510,169.48,-0.1510,-190.52,1,30.0,idle,+0.000,+0.000,+0.000,+0.000,1100,0,
1785507607.9501,2026-07-31T10:20:07.950,97.231,979,,,,0,,,,-0.1537,169.45,-0.1537,-190.55,1,30.0,idle,+0.000,+0.000,+0.000,+0.000,1100,0,
1785507608.0494,2026-07-31T10:20:08.049,97.331,980,,,,0,,,,-0.1587,169.42,-0.1587,-190.58,1,30.0,idle,+0.000,+0.000,+0.000,+0.000,1100,0,
1785507608.1484,2026-07-31T10:20:08.148,97.430,981,,,,0,,,,-0.1584,169.40,-0.1584,-190.60,1,30.0,idle,+0.000,+0.000,+0.000,+0.000,1100,0,
1785507608.2480,2026-07-31T10:20:08.247,97.529,982,,,,0,,,,-0.1566,169.35,-0.1566,-190.65,1,30.0,idle,+0.000,+0.000,+0.000,+0.000,1100,0,
1785507608.3480,2026-07-31T10:20:08.348,97.629,983,,,,0,,,,-0.1535,169.35,-0.1535,-190.65,1,30.0,idle,+0.000,+0.000,+0.000,+0.000,1100,0,
1785507608.4477,2026-07-31T10:20:08.447,97.729,984,,,,0,,,,-0.1564,169.30,-0.1564,-190.70,1,30.0,idle,+0.000,+0.000,+0.000,+0.000,1100,0,
1785507608.5463,2026-07-31T10:20:08.546,97.827,985,,,,0,,,,-0.1577,169.29,-0.1577,-190.71,1,30.0,idle,+0.000,+0.000,+0.000,+0.000,1100,0,
1785507608.6451,2026-07-31T10:20:08.645,97.926,986,,,,0,,,,-0.1595,169.26,-0.1595,-190.74,1,30.0,idle,+0.000,+0.000,+0.000,+0.000,1100,0,
1785507608.7454,2026-07-31T10:20:08.745,98.027,987,,,,0,,,,-0.1536,169.23,-0.1536,-190.77,1,30.0,idle,+0.000,+0.000,+0.000,+0.000,1100,0,
1785507608.8442,2026-07-31T10:20:08.844,98.125,988,,,,0,,,,-0.1554,169.21,-0.1554,-190.79,1,30.0,idle,+0.000,+0.000,+0.000,+0.000,1100,0,
1785507608.9437,2026-07-31T10:20:08.943,98.225,989,,,,0,,,,-0.1569,169.19,-0.1569,-190.81,1,30.0,idle,+0.000,+0.000,+0.000,+0.000,1100,0,
1785507609.0421,2026-07-31T10:20:09.042,98.323,990,,,,0,,,,-0.1583,169.20,-0.1583,-190.80,1,30.0,idle,+0.000,+0.000,+0.000,+0.000,1100,0,
1785507609.1419,2026-07-31T10:20:09.141,98.423,991,,,,0,,,,-0.1551,169.17,-0.1551,-190.83,1,30.0,idle,+0.000,+0.000,+0.000,+0.000,1100,0,
1785507609.2402,2026-07-31T10:20:09.240,98.521,992,,,,0,,,,-0.1555,169.15,-0.1555,-190.85,1,30.0,idle,+0.000,+0.000,+0.000,+0.000,1100,0,
1785507609.3400,2026-07-31T10:20:09.340,98.621,993,,,,0,,,,-0.1618,169.14,-0.1618,-190.86,1,30.0,idle,+0.000,+0.000,+0.000,+0.000,1100,0,
1785507609.4398,2026-07-31T10:20:09.439,98.721,994,,,,0,,,,-0.1568,169.11,-0.1568,-190.89,1,30.0,idle,+0.000,+0.000,+0.000,+0.000,1100,0,
1785507609.5386,2026-07-31T10:20:09.538,98.820,995,,,,0,,,,-0.1537,169.10,-0.1537,-190.90,1,30.0,idle,+0.000,+0.000,+0.000,+0.000,1100,0,
1785507609.6381,2026-07-31T10:20:09.638,98.919,996,,,,0,,,,-0.1554,169.06,-0.1554,-190.94,1,30.0,idle,+0.000,+0.000,+0.000,+0.000,1100,0,
1785507609.7372,2026-07-31T10:20:09.737,99.018,997,,,,0,,,,-0.1564,169.04,-0.1564,-190.96,1,30.0,idle,+0.000,+0.000,+0.000,+0.000,1100,0,
1785507609.8363,2026-07-31T10:20:09.836,99.117,998,,,,0,,,,-0.1576,169.01,-0.1576,-190.99,1,30.0,idle,+0.000,+0.000,+0.000,+0.000,1100,0,
1785507609.9353,2026-07-31T10:20:09.935,99.217,999,,,,0,,,,-0.1537,169.00,-0.1537,-191.00,1,30.0,idle,+0.000,+0.000,+0.000,+0.000,1100,0,
1785507610.0357,2026-07-31T10:20:10.035,99.317,1000,,,,0,,,,-0.1602,168.98,-0.1602,-191.02,1,30.0,idle,+0.000,+0.000,+0.000,+0.000,1100,0,
1785507610.1359,2026-07-31T10:20:10.135,99.417,1001,,,,0,,,,-0.1555,168.95,-0.1555,-191.05,1,30.0,idle,+0.000,+0.000,+0.000,+0.000,1100,0,
1785507610.2348,2026-07-31T10:20:10.234,99.516,1002,,,,0,,,,-0.1565,168.94,-0.1565,-191.06,1,30.0,idle,+0.000,+0.000,+0.000,+0.000,1100,0,
1785507610.3346,2026-07-31T10:20:10.334,99.616,1003,,,,0,,,,-0.1527,168.93,-0.1527,-191.07,1,30.0,idle,+0.000,+0.000,+0.000,+0.000,1100,0,
1785507610.4324,2026-07-31T10:20:10.432,99.714,1004,,,,0,,,,-0.1534,168.90,-0.1534,-191.10,1,30.0,idle,+0.000,+0.000,+0.000,+0.000,1100,0,
1785507610.5320,2026-07-31T10:20:10.531,99.813,1005,,,,0,,,,-0.1554,168.88,-0.1554,-191.12,1,30.0,idle,+0.000,+0.000,+0.000,+0.000,1100,0,
1785507610.6326,2026-07-31T10:20:10.632,99.914,1006,,,,0,,,,-0.1560,168.87,-0.1560,-191.13,1,30.0,idle,+0.000,+0.000,+0.000,+0.000,1100,0,
1785507610.7313,2026-07-31T10:20:10.731,100.013,1007,,,,0,,,,-0.1565,168.84,-0.1565,-191.16,1,30.0,idle,+0.000,+0.000,+0.000,+0.000,1100,0,
1785507610.8305,2026-07-31T10:20:10.830,100.112,1008,,,,0,,,,-0.1574,168.82,-0.1574,-191.18,1,30.0,idle,+0.000,+0.000,+0.000,+0.000,1100,0,
1785507610.9293,2026-07-31T10:20:10.929,100.211,1009,,,,0,,,,-0.1577,168.79,-0.1577,-191.21,1,30.0,idle,+0.000,+0.000,+0.000,+0.000,1100,0,
1785507611.0291,2026-07-31T10:20:11.029,100.310,1010,,,,0,,,,-0.1562,168.78,-0.1562,-191.22,1,30.0,idle,+0.000,+0.000,+0.000,+0.000,1100,0,
1785507611.1287,2026-07-31T10:20:11.128,100.410,1011,,,,0,,,,-0.1581,168.76,-0.1581,-191.24,1,30.0,idle,+0.000,+0.000,+0.000,+0.000,1100,0,
1785507611.2291,2026-07-31T10:20:11.229,100.510,1012,,,,0,,,,-0.1550,168.75,-0.1550,-191.25,1,30.0,idle,+0.000,+0.000,+0.000,+0.000,1100,0,
1785507611.3273,2026-07-31T10:20:11.327,100.608,1013,,,,0,,,,-0.1564,168.72,-0.1564,-191.28,1,30.0,idle,+0.000,+0.000,+0.000,+0.000,1100,0,
1785507611.4263,2026-07-31T10:20:11.426,100.707,1014,,,,0,,,,-0.1565,168.71,-0.1565,-191.29,1,30.0,idle,+0.000,+0.000,+0.000,+0.000,1100,0,
1785507611.5264,2026-07-31T10:20:11.526,100.808,1015,,,,0,,,,-0.1537,168.68,-0.1537,-191.32,1,30.0,idle,+0.000,+0.000,+0.000,+0.000,1100,0,
1785507611.6258,2026-07-31T10:20:11.625,100.907,1016,,,,0,,,,-0.1561,168.65,-0.1561,-191.35,1,30.0,idle,+0.000,+0.000,+0.000,+0.000,1100,0,
1785507611.7251,2026-07-31T10:20:11.725,101.006,1017,,,,0,,,,-0.1569,168.64,-0.1569,-191.36,1,30.0,idle,+0.000,+0.000,+0.000,+0.000,1100,0,
1785507611.8242,2026-07-31T10:20:11.824,101.105,1018,,,,0,,,,-0.1571,168.61,-0.1571,-191.39,1,30.0,idle,+0.000,+0.000,+0.000,+0.000,1100,0,
1785507611.9240,2026-07-31T10:20:11.923,101.205,1019,,,,0,,,,-0.1541,168.59,-0.1541,-191.41,1,30.0,idle,+0.000,+0.000,+0.000,+0.000,1100,0,
1785507612.0225,2026-07-31T10:20:12.022,101.304,1020,,,,0,,,,-0.1576,168.57,-0.1576,-191.43,1,30.0,idle,+0.000,+0.000,+0.000,+0.000,1100,0,
1785507612.1219,2026-07-31T10:20:12.121,101.403,1021,,,,0,,,,-0.1603,168.55,-0.1603,-191.45,1,30.0,idle,+0.000,+0.000,+0.000,+0.000,1100,0,
1785507612.2205,2026-07-31T10:20:12.220,101.502,1022,,,,0,,,,-0.1590,168.54,-0.1590,-191.46,1,30.0,idle,+0.000,+0.000,+0.000,+0.000,1100,0,
1785507612.3203,2026-07-31T10:20:12.320,101.602,1023,,,,0,,,,-0.1569,168.51,-0.1569,-191.49,1,30.0,idle,+0.000,+0.000,+0.000,+0.000,1100,0,
1785507612.4213,2026-07-31T10:20:12.421,101.703,1024,,,,0,,,,-0.1567,168.50,-0.1567,-191.50,1,30.0,idle,+0.000,+0.000,+0.000,+0.000,1100,0,
1785507612.5218,2026-07-31T10:20:12.521,101.803,1025,,,,0,,,,-0.1605,168.47,-0.1605,-191.53,1,30.0,idle,+0.000,+0.000,+0.000,+0.000,1100,0,
1785507612.6207,2026-07-31T10:20:12.620,101.902,1026,,,,0,,,,-0.1582,168.42,-0.1582,-191.58,1,30.0,idle,+0.000,+0.000,+0.000,+0.000,1100,0,
1785507612.7203,2026-07-31T10:20:12.720,102.001,1027,,,,0,,,,-0.1524,168.44,-0.1524,-191.56,1,30.0,idle,+0.000,+0.000,+0.000,+0.000,1100,0,
1785507612.8196,2026-07-31T10:20:12.819,102.101,1028,,,,0,,,,-0.1560,168.40,-0.1560,-191.60,1,30.0,idle,+0.000,+0.000,+0.000,+0.000,1100,0,
1785507612.9191,2026-07-31T10:20:12.919,102.200,1029,,,,0,,,,-0.1630,168.39,-0.1630,-191.61,1,30.0,idle,+0.000,+0.000,+0.000,+0.000,1100,0,
1785507613.0187,2026-07-31T10:20:13.018,102.300,1030,,,,0,,,,-0.1564,168.36,-0.1564,-191.64,1,30.0,idle,+0.000,+0.000,+0.000,+0.000,1100,0,
1785507613.1190,2026-07-31T10:20:13.119,102.400,1031,,,,0,,,,-0.1565,168.35,-0.1565,-191.65,1,30.0,idle,+0.000,+0.000,+0.000,+0.000,1100,0,
1785507613.2183,2026-07-31T10:20:13.218,102.500,1032,,,,0,,,,-0.1560,168.32,-0.1560,-191.68,1,30.0,idle,+0.000,+0.000,+0.000,+0.000,1100,0,
1785507613.3183,2026-07-31T10:20:13.318,102.599,1033,,,,0,,,,-0.1578,168.30,-0.1578,-191.70,1,30.0,idle,+0.000,+0.000,+0.000,+0.000,1100,0,
1785507613.4166,2026-07-31T10:20:13.416,102.698,1034,,,,0,,,,-0.1553,168.29,-0.1553,-191.71,1,30.0,idle,+0.000,+0.000,+0.000,+0.000,1100,0,
1785507613.5165,2026-07-31T10:20:13.516,102.798,1035,,,,0,,,,-0.1560,168.26,-0.1560,-191.74,1,30.0,idle,+0.000,+0.000,+0.000,+0.000,1100,0,
1785507613.6158,2026-07-31T10:20:13.615,102.897,1036,,,,0,,,,-0.1551,168.25,-0.1551,-191.75,1,30.0,idle,+0.000,+0.000,+0.000,+0.000,1100,0,
1785507613.7164,2026-07-31T10:20:13.716,102.998,1037,,,,0,,,,-0.1566,168.22,-0.1566,-191.78,1,30.0,idle,+0.000,+0.000,+0.000,+0.000,1100,0,
1785507613.8162,2026-07-31T10:20:13.816,103.097,1038,,,,0,,,,-0.1540,168.20,-0.1540,-191.80,1,30.0,idle,+0.000,+0.000,+0.000,+0.000,1100,0,
1785507613.9158,2026-07-31T10:20:13.915,103.197,1039,,,,0,,,,-0.1529,168.18,-0.1529,-191.82,1,30.0,idle,+0.000,+0.000,+0.000,+0.000,1100,0,
1785507614.0153,2026-07-31T10:20:14.015,103.296,1040,,,,0,,,,-0.1542,168.15,-0.1542,-191.85,1,30.0,idle,+0.000,+0.000,+0.000,+0.000,1100,0,
1785507614.1137,2026-07-31T10:20:14.113,103.395,1041,,,,0,,,,-0.1570,168.14,-0.1570,-191.86,1,30.0,idle,+0.000,+0.000,+0.000,+0.000,1100,0,
1785507614.2134,2026-07-31T10:20:14.213,103.495,1042,,,,0,,,,-0.1530,168.11,-0.1530,-191.89,1,30.0,idle,+0.000,+0.000,+0.000,+0.000,1100,0,
1785507614.3128,2026-07-31T10:20:14.312,103.594,1043,,,,0,,,,-0.1574,168.09,-0.1574,-191.91,1,30.0,idle,+0.000,+0.000,+0.000,+0.000,1100,0,
1785507614.4118,2026-07-31T10:20:14.411,103.693,1044,,,,0,,,,-0.1549,168.08,-0.1549,-191.92,1,30.0,idle,+0.000,+0.000,+0.000,+0.000,1100,0,
1785507614.5114,2026-07-31T10:20:14.511,103.793,1045,,,,0,,,,-0.1557,168.05,-0.1557,-191.95,1,30.0,idle,+0.000,+0.000,+0.000,+0.000,1100,0,
1785507614.6109,2026-07-31T10:20:14.610,103.892,1046,,,,0,,,,-0.1587,168.03,-0.1587,-191.97,1,30.0,idle,+0.000,+0.000,+0.000,+0.000,1100,0,
1785507614.7104,2026-07-31T10:20:14.710,103.992,1047,,,,0,,,,-0.1560,168.02,-0.1560,-191.98,1,30.0,idle,+0.000,+0.000,+0.000,+0.000,1100,0,
1785507614.8095,2026-07-31T10:20:14.809,104.091,1048,,,,0,,,,-0.1515,168.00,-0.1515,-192.00,1,30.0,idle,+0.000,+0.000,+0.000,+0.000,1100,0,
1785507614.9100,2026-07-31T10:20:14.909,104.191,1049,,,,0,,,,-0.1541,167.99,-0.1541,-192.01,1,30.0,idle,+0.000,+0.000,+0.000,+0.000,1100,0,
1785507615.0088,2026-07-31T10:20:15.008,104.290,1050,,,,0,,,,-0.1539,167.97,-0.1539,-192.03,1,30.0,idle,+0.000,+0.000,+0.000,+0.000,1100,0,
1785507615.1080,2026-07-31T10:20:15.107,104.389,1051,,,,0,,,,-0.1536,167.96,-0.1536,-192.04,1,30.0,idle,+0.000,+0.000,+0.000,+0.000,1100,0,
1785507615.2067,2026-07-31T10:20:15.206,104.488,1052,,,,0,,,,-0.1565,167.93,-0.1565,-192.07,1,30.0,idle,+0.000,+0.000,+0.000,+0.000,1100,0,
1785507615.3068,2026-07-31T10:20:15.306,104.588,1053,,,,0,,,,-0.1587,167.90,-0.1587,-192.10,1,30.0,idle,+0.000,+0.000,+0.000,+0.000,1100,0,
1785507615.4062,2026-07-31T10:20:15.406,104.687,1054,,,,0,,,,-0.1522,167.88,-0.1522,-192.12,1,30.0,idle,+0.000,+0.000,+0.000,+0.000,1100,0,
1785507615.5055,2026-07-31T10:20:15.505,104.787,1055,,,,0,,,,-0.1546,167.86,-0.1546,-192.14,1,30.0,idle,+0.000,+0.000,+0.000,+0.000,1100,0,
1785507615.6052,2026-07-31T10:20:15.605,104.886,1056,,,,0,,,,-0.1576,167.85,-0.1576,-192.15,1,30.0,idle,+0.000,+0.000,+0.000,+0.000,1100,0,
1785507615.7045,2026-07-31T10:20:15.704,104.986,1057,,,,0,,,,-0.1535,167.81,-0.1535,-192.19,1,30.0,idle,+0.000,+0.000,+0.000,+0.000,1100,0,
1785507615.8046,2026-07-31T10:20:15.804,105.086,1058,,,,0,,,,-0.1543,167.80,-0.1543,-192.20,1,30.0,idle,+0.000,+0.000,+0.000,+0.000,1100,0,
1785507615.9037,2026-07-31T10:20:15.903,105.185,1059,,,,0,,,,-0.1577,167.76,-0.1577,-192.24,1,30.0,idle,+0.000,+0.000,+0.000,+0.000,1100,0,
1785507616.0027,2026-07-31T10:20:16.002,105.284,1060,,,,0,,,,-0.1592,167.74,-0.1592,-192.26,1,30.0,idle,+0.000,+0.000,+0.000,+0.000,1100,0,
1785507616.1031,2026-07-31T10:20:16.103,105.384,1061,,,,0,,,,-0.1567,167.73,-0.1567,-192.27,1,30.0,idle,+0.000,+0.000,+0.000,+0.000,1100,0,
1785507616.2034,2026-07-31T10:20:16.203,105.485,1062,,,,0,,,,-0.1552,167.70,-0.1552,-192.30,1,30.0,idle,+0.000,+0.000,+0.000,+0.000,1100,0,
1785507616.3026,2026-07-31T10:20:16.302,105.584,1063,,,,0,,,,-0.1567,167.68,-0.1567,-192.32,1,30.0,idle,+0.000,+0.000,+0.000,+0.000,1100,0,
1785507616.4023,2026-07-31T10:20:16.402,105.684,1064,,,,0,,,,-0.1542,167.66,-0.1542,-192.34,1,30.0,idle,+0.000,+0.000,+0.000,+0.000,1100,0,
1785507616.5011,2026-07-31T10:20:16.501,105.782,1065,,,,0,,,,-0.1562,167.63,-0.1562,-192.37,1,30.0,idle,+0.000,+0.000,+0.000,+0.000,1100,0,
1785507616.6014,2026-07-31T10:20:16.601,105.883,1066,,,,0,,,,-0.1520,167.62,-0.1520,-192.38,1,30.0,idle,+0.000,+0.000,+0.000,+0.000,1100,0,
1785507616.6998,2026-07-31T10:20:16.699,105.981,1067,,,,0,,,,-0.1589,167.60,-0.1589,-192.40,1,30.0,idle,+0.000,+0.000,+0.000,+0.000,1100,0,
1785507616.7995,2026-07-31T10:20:16.799,106.081,1068,,,,0,,,,-0.1592,167.59,-0.1592,-192.41,1,30.0,idle,+0.000,+0.000,+0.000,+0.000,1100,0,
1785507616.8980,2026-07-31T10:20:16.897,106.179,1069,,,,0,,,,-0.1530,167.56,-0.1530,-192.44,1,30.0,idle,+0.000,+0.000,+0.000,+0.000,1100,0,
1785507616.9987,2026-07-31T10:20:16.998,106.280,1070,,,,0,,,,-0.1599,167.53,-0.1599,-192.47,1,30.0,idle,+0.000,+0.000,+0.000,+0.000,1100,0,
1785507617.0981,2026-07-31T10:20:17.098,106.379,1071,,,,0,,,,-0.1534,167.52,-0.1534,-192.48,1,30.0,idle,+0.000,+0.000,+0.000,+0.000,1100,0,
1785507617.1976,2026-07-31T10:20:17.197,106.479,1072,,,,0,,,,-0.1548,167.49,-0.1548,-192.51,1,30.0,idle,+0.000,+0.000,+0.000,+0.000,1100,0,
1785507617.2965,2026-07-31T10:20:17.296,106.578,1073,,,,0,,,,-0.1560,167.48,-0.1560,-192.52,1,30.0,idle,+0.000,+0.000,+0.000,+0.000,1100,0,
1785507617.3965,2026-07-31T10:20:17.396,106.678,1074,,,,0,,,,-0.1583,167.45,-0.1583,-192.55,1,30.0,idle,+0.000,+0.000,+0.000,+0.000,1100,0,
1785507617.4957,2026-07-31T10:20:17.495,106.777,1075,,,,0,,,,-0.1573,167.42,-0.1573,-192.58,1,30.0,idle,+0.000,+0.000,+0.000,+0.000,1100,0,
1785507617.5939,2026-07-31T10:20:17.593,106.875,1076,,,,0,,,,-0.1582,167.41,-0.1582,-192.59,1,30.0,idle,+0.000,+0.000,+0.000,+0.000,1100,0,
1785507617.6928,2026-07-31T10:20:17.692,106.974,1077,,,,0,,,,-0.1562,167.38,-0.1562,-192.62,1,30.0,idle,+0.000,+0.000,+0.000,+0.000,1100,0,
1785507617.7924,2026-07-31T10:20:17.792,107.074,1078,,,,0,,,,-0.1567,167.37,-0.1567,-192.63,1,30.0,idle,+0.000,+0.000,+0.000,+0.000,1100,0,
1785507617.8912,2026-07-31T10:20:17.891,107.172,1079,,,,0,,,,-0.1541,167.33,-0.1541,-192.67,1,30.0,idle,+0.000,+0.000,+0.000,+0.000,1100,0,
1785507617.9907,2026-07-31T10:20:17.990,107.272,1080,,,,0,,,,-0.1587,167.30,-0.1587,-192.70,1,30.0,idle,+0.000,+0.000,+0.000,+0.000,1100,0,
1785507618.0893,2026-07-31T10:20:18.089,107.370,1081,,,,0,,,,-0.1571,167.28,-0.1571,-192.72,1,30.0,idle,+0.000,+0.000,+0.000,+0.000,1100,0,
1785507618.1896,2026-07-31T10:20:18.189,107.471,1082,,,,0,,,,-0.1551,167.27,-0.1551,-192.73,1,30.0,idle,+0.000,+0.000,+0.000,+0.000,1100,0,
1785507618.2879,2026-07-31T10:20:18.287,107.569,1083,,,,0,,,,-0.1547,167.25,-0.1547,-192.75,1,30.0,idle,+0.000,+0.000,+0.000,+0.000,1100,0,
1785507618.3877,2026-07-31T10:20:18.387,107.669,1084,,,,0,,,,-0.1535,167.23,-0.1535,-192.77,1,30.0,idle,+0.000,+0.000,+0.000,+0.000,1100,0,
1785507618.4873,2026-07-31T10:20:18.487,107.768,1085,,,,0,,,,-0.1606,167.22,-0.1606,-192.78,1,30.0,idle,+0.000,+0.000,+0.000,+0.000,1100,0,
1785507618.5860,2026-07-31T10:20:18.586,107.867,1086,,,,0,,,,-0.1599,167.19,-0.1599,-192.81,1,30.0,idle,+0.000,+0.000,+0.000,+0.000,1100,0,
1785507618.6852,2026-07-31T10:20:18.685,107.966,1087,,,,0,,,,-0.1589,167.17,-0.1589,-192.83,1,30.0,idle,+0.000,+0.000,+0.000,+0.000,1100,0,
1785507618.7844,2026-07-31T10:20:18.784,108.066,1088,,,,0,,,,-0.1591,167.17,-0.1591,-192.83,1,30.0,idle,+0.000,+0.000,+0.000,+0.000,1100,0,
1785507618.8829,2026-07-31T10:20:18.882,108.164,1089,,,,0,,,,-0.1546,167.14,-0.1546,-192.86,1,30.0,idle,+0.000,+0.000,+0.000,+0.000,1100,0,
1785507618.9819,2026-07-31T10:20:18.981,108.263,1090,,,,0,,,,-0.1576,167.12,-0.1576,-192.88,1,30.0,idle,+0.000,+0.000,+0.000,+0.000,1100,0,
1785507619.0814,2026-07-31T10:20:19.081,108.363,1091,,,,0,,,,-0.1516,167.09,-0.1516,-192.91,1,30.0,idle,+0.000,+0.000,+0.000,+0.000,1100,0,
1785507619.1804,2026-07-31T10:20:19.180,108.462,1092,,,,0,,,,-0.1563,167.08,-0.1563,-192.92,1,30.0,idle,+0.000,+0.000,+0.000,+0.000,1100,0,
1785507619.2793,2026-07-31T10:20:19.279,108.561,1093,,,,0,,,,-0.1529,167.06,-0.1529,-192.94,1,30.0,idle,+0.000,+0.000,+0.000,+0.000,1100,0,
1785507619.3786,2026-07-31T10:20:19.378,108.660,1094,,,,0,,,,-0.1528,167.03,-0.1528,-192.97,1,30.0,idle,+0.000,+0.000,+0.000,+0.000,1100,0,
1785507619.4785,2026-07-31T10:20:19.478,108.760,1095,,,,0,,,,-0.1570,167.02,-0.1570,-192.98,1,30.0,idle,+0.000,+0.000,+0.000,+0.000,1100,0,
1785507619.5771,2026-07-31T10:20:19.577,108.858,1096,,,,0,,,,-0.1547,166.99,-0.1547,-193.01,1,30.0,idle,+0.000,+0.000,+0.000,+0.000,1100,0,
1785507619.6762,2026-07-31T10:20:19.676,108.957,1097,,,,0,,,,-0.1545,166.98,-0.1545,-193.02,1,30.0,idle,+0.000,+0.000,+0.000,+0.000,1100,0,
1785507619.7755,2026-07-31T10:20:19.775,109.057,1098,,,,0,,,,-0.1571,166.96,-0.1571,-193.04,1,30.0,idle,+0.000,+0.000,+0.000,+0.000,1100,0,
1785507619.8748,2026-07-31T10:20:19.874,109.156,1099,,,,0,,,,-0.1569,166.93,-0.1569,-193.07,1,30.0,idle,+0.000,+0.000,+0.000,+0.000,1100,0,
1785507619.9735,2026-07-31T10:20:19.973,109.255,1100,,,,0,,,,-0.1571,166.91,-0.1571,-193.09,1,30.0,idle,+0.000,+0.000,+0.000,+0.000,1100,0,
1785507620.0727,2026-07-31T10:20:20.072,109.354,1101,,,,0,,,,-0.1580,166.88,-0.1580,-193.12,1,30.0,idle,+0.000,+0.000,+0.000,+0.000,1100,0,
1785507620.1719,2026-07-31T10:20:20.171,109.453,1102,,,,0,,,,-0.1589,166.87,-0.1589,-193.13,1,30.0,idle,+0.000,+0.000,+0.000,+0.000,1100,0,
1785507620.2711,2026-07-31T10:20:20.271,109.552,1103,,,,0,,,,-0.1531,166.85,-0.1531,-193.15,1,30.0,idle,+0.000,+0.000,+0.000,+0.000,1100,0,
1785507620.3697,2026-07-31T10:20:20.369,109.651,1104,,,,0,,,,-0.1566,166.82,-0.1566,-193.18,1,30.0,idle,+0.000,+0.000,+0.000,+0.000,1100,0,
1785507620.4689,2026-07-31T10:20:20.468,109.750,1105,,,,0,,,,-0.1584,166.81,-0.1584,-193.19,1,30.0,idle,+0.000,+0.000,+0.000,+0.000,1100,0,
1785507620.5676,2026-07-31T10:20:20.567,109.849,1106,,,,0,,,,-0.1556,166.78,-0.1556,-193.22,1,30.0,idle,+0.000,+0.000,+0.000,+0.000,1100,0,
1785507620.6676,2026-07-31T10:20:20.667,109.949,1107,,,,0,,,,-0.1573,166.77,-0.1573,-193.23,1,30.0,idle,+0.000,+0.000,+0.000,+0.000,1100,0,
1785507620.7669,2026-07-31T10:20:20.766,110.048,1108,,,,0,,,,-0.1551,166.76,-0.1551,-193.24,1,30.0,idle,+0.000,+0.000,+0.000,+0.000,1100,0,
1785507620.8665,2026-07-31T10:20:20.866,110.148,1109,,,,0,,,,-0.1550,166.73,-0.1550,-193.27,1,30.0,idle,+0.000,+0.000,+0.000,+0.000,1100,0,
1785507620.9664,2026-07-31T10:20:20.966,110.248,1110,,,,0,,,,-0.1551,166.71,-0.1551,-193.29,1,30.0,idle,+0.000,+0.000,+0.000,+0.000,1100,0,
1785507621.0654,2026-07-31T10:20:21.065,110.347,1111,,,,0,,,,-0.1574,166.69,-0.1574,-193.31,1,30.0,idle,+0.000,+0.000,+0.000,+0.000,1100,0,
1785507621.1654,2026-07-31T10:20:21.165,110.447,1112,,,,0,,,,-0.1554,166.67,-0.1554,-193.33,1,30.0,idle,+0.000,+0.000,+0.000,+0.000,1100,0,
1785507621.2644,2026-07-31T10:20:21.264,110.546,1113,,,,0,,,,-0.1528,166.65,-0.1528,-193.35,1,30.0,idle,+0.000,+0.000,+0.000,+0.000,1100,0,
1785507621.3638,2026-07-31T10:20:21.363,110.645,1114,,,,0,,,,-0.1576,166.62,-0.1576,-193.38,1,30.0,idle,+0.000,+0.000,+0.000,+0.000,1100,0,
1785507621.4630,2026-07-31T10:20:21.462,110.744,1115,,,,0,,,,-0.1525,166.60,-0.1525,-193.40,1,30.0,idle,+0.000,+0.000,+0.000,+0.000,1100,0,
1785507621.5623,2026-07-31T10:20:21.562,110.843,1116,,,,0,,,,-0.1572,166.58,-0.1572,-193.42,1,30.0,idle,+0.000,+0.000,+0.000,+0.000,1100,0,
1785507621.6625,2026-07-31T10:20:21.662,110.944,1117,,,,0,,,,-0.1518,166.56,-0.1518,-193.44,1,30.0,idle,+0.000,+0.000,+0.000,+0.000,1100,0,
1785507621.7617,2026-07-31T10:20:21.761,111.043,1118,,,,0,,,,-0.1569,166.54,-0.1569,-193.46,1,30.0,idle,+0.000,+0.000,+0.000,+0.000,1100,0,
1785507621.8611,2026-07-31T10:20:21.861,111.142,1119,,,,0,,,,-0.1555,166.51,-0.1555,-193.49,1,30.0,idle,+0.000,+0.000,+0.000,+0.000,1100,0,
1785507621.9603,2026-07-31T10:20:21.960,111.241,1120,,,,0,,,,-0.1547,166.50,-0.1547,-193.50,1,30.0,idle,+0.000,+0.000,+0.000,+0.000,1100,0,
1785507622.0598,2026-07-31T10:20:22.059,111.341,1121,,,,0,,,,-0.1596,166.48,-0.1596,-193.52,1,30.0,idle,+0.000,+0.000,+0.000,+0.000,1100,0,
1785507622.1584,2026-07-31T10:20:22.158,111.440,1122,,,,0,,,,-0.1539,166.47,-0.1539,-193.53,1,30.0,idle,+0.000,+0.000,+0.000,+0.000,1100,0,
1785507622.2575,2026-07-31T10:20:22.257,111.539,1123,,,,0,,,,-0.1568,166.45,-0.1568,-193.55,1,30.0,idle,+0.000,+0.000,+0.000,+0.000,1100,0,
1785507622.3580,2026-07-31T10:20:22.358,111.639,1124,,,,0,,,,-0.1551,166.43,-0.1551,-193.57,1,30.0,idle,+0.000,+0.000,+0.000,+0.000,1100,0,
1785507622.4569,2026-07-31T10:20:22.456,111.738,1125,,,,0,,,,-0.1555,166.41,-0.1555,-193.59,1,30.0,idle,+0.000,+0.000,+0.000,+0.000,1100,0,
1785507622.5559,2026-07-31T10:20:22.555,111.837,1126,,,,0,,,,-0.1571,166.38,-0.1571,-193.62,1,30.0,idle,+0.000,+0.000,+0.000,+0.000,1100,0,
1785507622.6556,2026-07-31T10:20:22.655,111.937,1127,,,,0,,,,-0.1580,166.37,-0.1580,-193.63,1,30.0,idle,+0.000,+0.000,+0.000,+0.000,1100,0,
1785507622.7545,2026-07-31T10:20:22.754,112.036,1128,,,,0,,,,-0.1579,166.35,-0.1579,-193.65,1,30.0,idle,+0.000,+0.000,+0.000,+0.000,1100,0,
1785507622.8539,2026-07-31T10:20:22.853,112.135,1129,,,,0,,,,-0.1561,166.34,-0.1561,-193.66,1,30.0,idle,+0.000,+0.000,+0.000,+0.000,1100,0,
1785507622.9532,2026-07-31T10:20:22.953,112.234,1130,,,,0,,,,-0.1561,166.32,-0.1561,-193.68,1,30.0,idle,+0.000,+0.000,+0.000,+0.000,1100,0,
1785507623.0533,2026-07-31T10:20:23.053,112.335,1131,,,,0,,,,-0.1590,166.31,-0.1590,-193.69,1,30.0,idle,+0.000,+0.000,+0.000,+0.000,1100,0,
1785507623.1530,2026-07-31T10:20:23.152,112.434,1132,,,,0,,,,-0.1563,166.28,-0.1563,-193.72,1,30.0,idle,+0.000,+0.000,+0.000,+0.000,1100,0,
1785507623.2530,2026-07-31T10:20:23.253,112.534,1133,,,,0,,,,-0.1514,166.26,-0.1514,-193.74,1,30.0,idle,+0.000,+0.000,+0.000,+0.000,1100,0,
1785507623.3515,2026-07-31T10:20:23.351,112.633,1134,,,,0,,,,-0.1573,166.24,-0.1573,-193.76,1,30.0,idle,+0.000,+0.000,+0.000,+0.000,1100,0,
1785507623.4505,2026-07-31T10:20:23.450,112.732,1135,,,,0,,,,-0.1562,166.21,-0.1562,-193.79,1,30.0,idle,+0.000,+0.000,+0.000,+0.000,1100,0,
1785507623.5493,2026-07-31T10:20:23.549,112.831,1136,,,,0,,,,-0.1527,166.19,-0.1527,-193.81,1,30.0,idle,+0.000,+0.000,+0.000,+0.000,1100,0,
1785507623.6485,2026-07-31T10:20:23.648,112.930,1137,,,,0,,,,-0.1597,166.18,-0.1597,-193.82,1,30.0,idle,+0.000,+0.000,+0.000,+0.000,1100,0,
1785507623.7485,2026-07-31T10:20:23.748,113.030,1138,,,,0,,,,-0.1560,166.15,-0.1560,-193.85,1,30.0,idle,+0.000,+0.000,+0.000,+0.000,1100,0,
1785507623.8478,2026-07-31T10:20:23.847,113.129,1139,,,,0,,,,-0.1575,166.13,-0.1575,-193.87,1,30.0,idle,+0.000,+0.000,+0.000,+0.000,1100,0,
1785507623.9479,2026-07-31T10:20:23.947,113.229,1140,,,,0,,,,-0.1615,166.11,-0.1615,-193.89,1,30.0,idle,+0.000,+0.000,+0.000,+0.000,1100,0,
1785507624.0463,2026-07-31T10:20:24.046,113.328,1141,,,,0,,,,-0.1557,166.09,-0.1557,-193.91,1,30.0,idle,+0.000,+0.000,+0.000,+0.000,1100,0,
1785507624.1453,2026-07-31T10:20:24.145,113.426,1142,,,,0,,,,-0.1545,166.07,-0.1545,-193.93,1,30.0,idle,+0.000,+0.000,+0.000,+0.000,1100,0,
1785507624.2456,2026-07-31T10:20:24.245,113.527,1143,,,,0,,,,-0.1539,166.05,-0.1539,-193.95,1,30.0,idle,+0.000,+0.000,+0.000,+0.000,1100,0,
1785507624.3447,2026-07-31T10:20:24.344,113.626,1144,,,,0,,,,-0.1541,166.03,-0.1541,-193.97,1,30.0,idle,+0.000,+0.000,+0.000,+0.000,1100,0,
1785507624.4450,2026-07-31T10:20:24.445,113.726,1145,,,,0,,,,-0.1589,166.00,-0.1589,-194.00,1,30.0,idle,+0.000,+0.000,+0.000,+0.000,1100,0,
1785507624.5440,2026-07-31T10:20:24.544,113.825,1146,,,,0,,,,-0.1562,165.99,-0.1562,-194.01,1,30.0,idle,+0.000,+0.000,+0.000,+0.000,1100,0,
1785507624.6430,2026-07-31T10:20:24.643,113.924,1147,,,,0,,,,-0.1538,165.96,-0.1538,-194.04,1,30.0,idle,+0.000,+0.000,+0.000,+0.000,1100,0,
1785507624.7418,2026-07-31T10:20:24.741,114.023,1148,,,,0,,,,-0.1526,165.94,-0.1526,-194.06,1,30.0,idle,+0.000,+0.000,+0.000,+0.000,1100,0,
1785507624.8412,2026-07-31T10:20:24.841,114.122,1149,,,,0,,,,-0.1556,165.92,-0.1556,-194.08,1,30.0,idle,+0.000,+0.000,+0.000,+0.000,1100,0,
1785507624.9411,2026-07-31T10:20:24.941,114.222,1150,,,,0,,,,-0.1527,165.90,-0.1527,-194.10,1,30.0,idle,+0.000,+0.000,+0.000,+0.000,1100,0,
1785507625.0401,2026-07-31T10:20:25.040,114.321,1151,,,,0,,,,-0.1549,165.87,-0.1549,-194.13,1,30.0,idle,+0.000,+0.000,+0.000,+0.000,1100,0,
1785507625.1396,2026-07-31T10:20:25.139,114.421,1152,,,,0,,,,-0.1537,165.85,-0.1537,-194.15,1,30.0,idle,+0.000,+0.000,+0.000,+0.000,1100,0,
1785507625.2388,2026-07-31T10:20:25.238,114.520,1153,,,,0,,,,-0.1525,165.82,-0.1525,-194.18,1,30.0,idle,+0.000,+0.000,+0.000,+0.000,1100,0,
1785507625.3378,2026-07-31T10:20:25.337,114.619,1154,,,,0,,,,-0.1563,165.81,-0.1563,-194.19,1,30.0,idle,+0.000,+0.000,+0.000,+0.000,1100,0,
1785507625.4365,2026-07-31T10:20:25.436,114.718,1155,,,,0,,,,-0.1584,165.79,-0.1584,-194.21,1,30.0,idle,+0.000,+0.000,+0.000,+0.000,1100,0,
1785507625.5355,2026-07-31T10:20:25.535,114.817,1156,,,,0,,,,-0.1587,165.78,-0.1587,-194.22,1,30.0,idle,+0.000,+0.000,+0.000,+0.000,1100,0,
1785507625.6363,2026-07-31T10:20:25.636,114.918,1157,,,,0,,,,-0.1556,165.76,-0.1556,-194.24,1,30.0,idle,+0.000,+0.000,+0.000,+0.000,1100,0,
1785507625.7364,2026-07-31T10:20:25.736,115.018,1158,,,,0,,,,-0.1542,165.72,-0.1542,-194.28,1,30.0,idle,+0.000,+0.000,+0.000,+0.000,1100,0,
1785507625.8364,2026-07-31T10:20:25.836,115.118,1159,,,,0,,,,-0.1541,165.71,-0.1541,-194.29,1,30.0,idle,+0.000,+0.000,+0.000,+0.000,1100,0,
1785507625.9374,2026-07-31T10:20:25.937,115.219,1160,,,,0,,,,-0.1525,165.70,-0.1525,-194.30,1,30.0,idle,+0.000,+0.000,+0.000,+0.000,1100,0,
1785507626.0377,2026-07-31T10:20:26.037,115.319,1161,,,,0,,,,-0.1559,165.67,-0.1559,-194.33,1,30.0,idle,+0.000,+0.000,+0.000,+0.000,1100,0,
1785507626.1372,2026-07-31T10:20:26.137,115.418,1162,,,,0,,,,-0.1550,165.65,-0.1550,-194.35,1,30.0,idle,+0.000,+0.000,+0.000,+0.000,1100,0,
1785507626.2359,2026-07-31T10:20:26.235,115.517,1163,,,,0,,,,-0.1575,165.62,-0.1575,-194.38,1,30.0,idle,+0.000,+0.000,+0.000,+0.000,1100,0,
1785507626.3358,2026-07-31T10:20:26.335,115.617,1164,,,,0,,,,-0.1551,165.61,-0.1551,-194.39,1,30.0,idle,+0.000,+0.000,+0.000,+0.000,1100,0,
1785507626.4339,2026-07-31T10:20:26.433,115.715,1165,,,,0,,,,-0.1565,165.58,-0.1565,-194.42,1,30.0,idle,+0.000,+0.000,+0.000,+0.000,1100,0,
1785507626.5327,2026-07-31T10:20:26.532,115.814,1166,,,,0,,,,-0.1584,165.56,-0.1584,-194.44,1,30.0,idle,+0.000,+0.000,+0.000,+0.000,1100,0,
1785507626.6329,2026-07-31T10:20:26.632,115.914,1167,,,,0,,,,-0.1578,165.54,-0.1578,-194.46,1,30.0,idle,+0.000,+0.000,+0.000,+0.000,1100,0,
1785507626.7327,2026-07-31T10:20:26.732,116.014,1168,,,,0,,,,-0.1571,165.51,-0.1571,-194.49,1,30.0,idle,+0.000,+0.000,+0.000,+0.000,1100,0,
1785507626.8315,2026-07-31T10:20:26.831,116.113,1169,,,,0,,,,-0.1591,165.49,-0.1591,-194.51,1,30.0,idle,+0.000,+0.000,+0.000,+0.000,1100,0,
1785507626.9309,2026-07-31T10:20:26.930,116.212,1170,,,,0,,,,-0.1563,165.46,-0.1563,-194.54,1,30.0,idle,+0.000,+0.000,+0.000,+0.000,1100,0,
1785507627.0302,2026-07-31T10:20:27.030,116.311,1171,,,,0,,,,-0.1515,165.45,-0.1515,-194.55,1,30.0,idle,+0.000,+0.000,+0.000,+0.000,1100,0,
1785507627.1291,2026-07-31T10:20:27.129,116.410,1172,,,,0,,,,-0.1559,165.43,-0.1559,-194.57,1,30.0,idle,+0.000,+0.000,+0.000,+0.000,1100,0,
1785507627.2290,2026-07-31T10:20:27.229,116.510,1173,,,,0,,,,-0.1537,165.40,-0.1537,-194.60,1,30.0,idle,+0.000,+0.000,+0.000,+0.000,1100,0,
1785507627.3283,2026-07-31T10:20:27.328,116.609,1174,,,,0,,,,-0.1586,165.38,-0.1586,-194.62,1,30.0,idle,+0.000,+0.000,+0.000,+0.000,1100,0,
1785507627.4274,2026-07-31T10:20:27.427,116.709,1175,,,,0,,,,-0.1556,165.35,-0.1556,-194.65,1,30.0,idle,+0.000,+0.000,+0.000,+0.000,1100,0,
1785507627.5262,2026-07-31T10:20:27.526,116.807,1176,,,,0,,,,-0.1552,165.34,-0.1552,-194.66,1,30.0,idle,+0.000,+0.000,+0.000,+0.000,1100,0,
1785507627.6264,2026-07-31T10:20:27.626,116.908,1177,,,,0,,,,-0.1569,165.32,-0.1569,-194.68,1,30.0,idle,+0.000,+0.000,+0.000,+0.000,1100,0,
1785507627.7253,2026-07-31T10:20:27.725,117.006,1178,,,,0,,,,-0.1550,165.31,-0.1550,-194.69,1,30.0,idle,+0.000,+0.000,+0.000,+0.000,1100,0,
1785507627.8239,2026-07-31T10:20:27.823,117.105,1179,,,,0,,,,-0.1583,165.28,-0.1583,-194.72,1,30.0,idle,+0.000,+0.000,+0.000,+0.000,1100,0,
1785507627.9233,2026-07-31T10:20:27.923,117.204,1180,,,,0,,,,-0.1529,165.25,-0.1529,-194.75,1,30.0,idle,+0.000,+0.000,+0.000,+0.000,1100,0,
1785507628.0231,2026-07-31T10:20:28.023,117.304,1181,,,,0,,,,-0.1574,165.24,-0.1574,-194.76,1,30.0,idle,+0.000,+0.000,+0.000,+0.000,1100,0,
1785507628.1233,2026-07-31T10:20:28.123,117.404,1182,,,,0,,,,-0.1554,165.21,-0.1554,-194.79,1,30.0,idle,+0.000,+0.000,+0.000,+0.000,1100,0,
1785507628.2223,2026-07-31T10:20:28.222,117.504,1183,,,,0,,,,-0.1520,165.20,-0.1520,-194.80,1,30.0,idle,+0.000,+0.000,+0.000,+0.000,1100,0,
1785507628.3220,2026-07-31T10:20:28.321,117.603,1184,,,,0,,,,-0.1560,165.18,-0.1560,-194.82,1,30.0,idle,+0.000,+0.000,+0.000,+0.000,1100,0,
1785507628.4209,2026-07-31T10:20:28.420,117.702,1185,,,,0,,,,-0.1544,165.15,-0.1544,-194.85,1,30.0,idle,+0.000,+0.000,+0.000,+0.000,1100,0,
1785507628.5200,2026-07-31T10:20:28.519,117.801,1186,,,,0,,,,-0.1534,165.14,-0.1534,-194.86,1,30.0,idle,+0.000,+0.000,+0.000,+0.000,1100,0,
1785507628.6190,2026-07-31T10:20:28.619,117.900,1187,,,,0,,,,-0.1584,165.11,-0.1584,-194.89,1,30.0,idle,+0.000,+0.000,+0.000,+0.000,1100,0,
1785507628.7183,2026-07-31T10:20:28.718,118.000,1188,,,,0,,,,-0.1581,165.10,-0.1581,-194.90,1,30.0,idle,+0.000,+0.000,+0.000,+0.000,1100,0,
1785507628.8180,2026-07-31T10:20:28.817,118.099,1189,,,,0,,,,-0.1615,165.07,-0.1615,-194.93,1,30.0,idle,+0.000,+0.000,+0.000,+0.000,1100,0,
1785507628.9169,2026-07-31T10:20:28.916,118.198,1190,,,,0,,,,-0.1590,165.05,-0.1590,-194.95,1,30.0,idle,+0.000,+0.000,+0.000,+0.000,1100,0,
1785507629.0164,2026-07-31T10:20:29.016,118.298,1191,,,,0,,,,-0.1539,165.04,-0.1539,-194.96,1,30.0,idle,+0.000,+0.000,+0.000,+0.000,1100,0,
1785507629.1152,2026-07-31T10:20:29.115,118.396,1192,,,,0,,,,-0.1526,165.01,-0.1526,-194.99,1,30.0,idle,+0.000,+0.000,+0.000,+0.000,1100,0,
1785507629.2138,2026-07-31T10:20:29.213,118.495,1193,,,,0,,,,-0.1555,165.01,-0.1555,-194.99,1,30.0,idle,+0.000,+0.000,+0.000,+0.000,1100,0,
1785507629.3132,2026-07-31T10:20:29.313,118.594,1194,,,,0,,,,-0.1516,164.98,-0.1516,-195.02,1,30.0,idle,+0.000,+0.000,+0.000,+0.000,1100,0,
1785507629.4126,2026-07-31T10:20:29.412,118.694,1195,,,,0,,,,-0.1556,164.95,-0.1556,-195.05,1,30.0,idle,+0.000,+0.000,+0.000,+0.000,1100,0,
1785507629.5122,2026-07-31T10:20:29.512,118.793,1196,,,,0,,,,-0.1569,164.94,-0.1569,-195.06,1,30.0,idle,+0.000,+0.000,+0.000,+0.000,1100,0,
1785507629.6112,2026-07-31T10:20:29.611,118.892,1197,,,,0,,,,-0.1529,164.91,-0.1529,-195.09,1,30.0,idle,+0.000,+0.000,+0.000,+0.000,1100,0,
1785507629.7113,2026-07-31T10:20:29.711,118.993,1198,,,,0,,,,-0.1564,164.90,-0.1564,-195.10,1,30.0,idle,+0.000,+0.000,+0.000,+0.000,1100,0,
1785507629.8099,2026-07-31T10:20:29.809,119.091,1199,,,,0,,,,-0.1557,164.87,-0.1557,-195.13,1,30.0,idle,+0.000,+0.000,+0.000,+0.000,1100,0,
1785507629.9091,2026-07-31T10:20:29.909,119.190,1200,,,,0,,,,-0.1561,164.84,-0.1561,-195.16,1,30.0,idle,+0.000,+0.000,+0.000,+0.000,1100,0,
1785507630.0078,2026-07-31T10:20:30.007,119.289,1201,,,,0,,,,-0.1568,164.82,-0.1568,-195.18,1,30.0,idle,+0.000,+0.000,+0.000,+0.000,1100,0,
1785507630.1070,2026-07-31T10:20:30.107,119.388,1202,,,,0,,,,-0.1523,164.79,-0.1523,-195.21,1,30.0,idle,+0.000,+0.000,+0.000,+0.000,1100,0,
1785507630.2060,2026-07-31T10:20:30.205,119.487,1203,,,,0,,,,-0.1508,164.78,-0.1508,-195.22,1,30.0,idle,+0.000,+0.000,+0.000,+0.000,1100,0,
1785507630.3049,2026-07-31T10:20:30.304,119.586,1204,,,,0,,,,-0.1548,164.77,-0.1548,-195.23,1,30.0,idle,+0.000,+0.000,+0.000,+0.000,1100,0,
1785507630.4034,2026-07-31T10:20:30.403,119.685,1205,,,,0,,,,-0.1563,164.76,-0.1563,-195.24,1,30.0,idle,+0.000,+0.000,+0.000,+0.000,1100,0,
1785507630.5034,2026-07-31T10:20:30.503,119.785,1206,,,,0,,,,-0.1543,164.73,-0.1543,-195.27,1,30.0,idle,+0.000,+0.000,+0.000,+0.000,1100,0,
1785507630.6029,2026-07-31T10:20:30.602,119.884,1207,,,,0,,,,-0.1571,164.72,-0.1571,-195.28,1,30.0,idle,+0.000,+0.000,+0.000,+0.000,1100,0,
1785507630.7024,2026-07-31T10:20:30.702,119.984,1208,,,,0,,,,-0.1580,164.71,-0.1580,-195.29,1,30.0,idle,+0.000,+0.000,+0.000,+0.000,1100,0,
1785507630.8017,2026-07-31T10:20:30.801,120.083,1209,,,,0,,,,-0.1531,164.69,-0.1531,-195.31,1,30.0,idle,+0.000,+0.000,+0.000,+0.000,1100,0,
1785507630.8999,2026-07-31T10:20:30.899,120.181,1210,,,,0,,,,-0.1547,164.68,-0.1547,-195.32,1,30.0,idle,+0.000,+0.000,+0.000,+0.000,1100,0,
1785507630.9990,2026-07-31T10:20:30.998,120.280,1211,,,,0,,,,-0.1530,164.66,-0.1530,-195.34,1,30.0,idle,+0.000,+0.000,+0.000,+0.000,1100,0,
1785507631.0987,2026-07-31T10:20:31.098,120.380,1212,,,,0,,,,-0.1571,164.64,-0.1571,-195.36,1,30.0,idle,+0.000,+0.000,+0.000,+0.000,1100,0,
1785507631.1969,2026-07-31T10:20:31.196,120.478,1213,,,,0,,,,-0.1582,164.63,-0.1582,-195.37,1,30.0,idle,+0.000,+0.000,+0.000,+0.000,1100,0,
1785507631.2964,2026-07-31T10:20:31.296,120.578,1214,,,,0,,,,-0.1586,164.61,-0.1586,-195.39,1,30.0,idle,+0.000,+0.000,+0.000,+0.000,1100,0,
1785507631.3957,2026-07-31T10:20:31.395,120.677,1215,,,,0,,,,-0.1569,164.61,-0.1569,-195.39,1,30.0,idle,+0.000,+0.000,+0.000,+0.000,1100,0,
1785507631.4947,2026-07-31T10:20:31.494,120.776,1216,,,,0,,,,-0.1581,164.59,-0.1581,-195.41,1,30.0,idle,+0.000,+0.000,+0.000,+0.000,1100,0,
1785507631.5934,2026-07-31T10:20:31.593,120.875,1217,,,,0,,,,-0.1580,164.57,-0.1580,-195.43,1,30.0,idle,+0.000,+0.000,+0.000,+0.000,1100,0,
1785507631.6930,2026-07-31T10:20:31.693,120.974,1218,,,,0,,,,-0.1540,164.53,-0.1540,-195.47,1,30.0,idle,+0.000,+0.000,+0.000,+0.000,1100,0,
1785507631.7921,2026-07-31T10:20:31.792,121.073,1219,,,,0,,,,-0.1538,164.50,-0.1538,-195.50,1,30.0,idle,+0.000,+0.000,+0.000,+0.000,1100,0,
1785507631.8913,2026-07-31T10:20:31.891,121.172,1220,,,,0,,,,-0.1546,164.49,-0.1546,-195.51,1,30.0,idle,+0.000,+0.000,+0.000,+0.000,1100,0,
1785507631.9901,2026-07-31T10:20:31.990,121.271,1221,,,,0,,,,-0.1556,164.47,-0.1556,-195.53,1,30.0,idle,+0.000,+0.000,+0.000,+0.000,1100,0,
1785507632.0906,2026-07-31T10:20:32.090,121.372,1222,,,,0,,,,-0.1536,164.44,-0.1536,-195.56,1,30.0,idle,+0.000,+0.000,+0.000,+0.000,1100,0,
1785507632.1893,2026-07-31T10:20:32.189,121.471,1223,,,,0,,,,-0.1570,164.43,-0.1570,-195.57,1,30.0,idle,+0.000,+0.000,+0.000,+0.000,1100,0,
1785507632.2883,2026-07-31T10:20:32.288,121.570,1224,,,,0,,,,-0.1547,164.40,-0.1547,-195.60,1,30.0,idle,+0.000,+0.000,+0.000,+0.000,1100,0,
1785507632.3886,2026-07-31T10:20:32.388,121.670,1225,,,,0,,,,-0.1571,164.39,-0.1571,-195.61,1,30.0,idle,+0.000,+0.000,+0.000,+0.000,1100,0,
1785507632.4879,2026-07-31T10:20:32.487,121.769,1226,,,,0,,,,-0.1570,164.37,-0.1570,-195.63,1,30.0,idle,+0.000,+0.000,+0.000,+0.000,1100,0,
1785507632.5876,2026-07-31T10:20:32.587,121.869,1227,,,,0,,,,-0.1564,164.35,-0.1564,-195.65,1,30.0,idle,+0.000,+0.000,+0.000,+0.000,1100,0,
1785507632.6869,2026-07-31T10:20:32.686,121.968,1228,,,,0,,,,-0.1546,164.33,-0.1546,-195.67,1,30.0,idle,+0.000,+0.000,+0.000,+0.000,1100,0,
1785507632.7858,2026-07-31T10:20:32.785,122.067,1229,,,,0,,,,-0.1571,164.31,-0.1571,-195.69,1,30.0,idle,+0.000,+0.000,+0.000,+0.000,1100,0,
1785507632.8846,2026-07-31T10:20:32.884,122.166,1230,,,,0,,,,-0.1561,164.30,-0.1561,-195.70,1,30.0,idle,+0.000,+0.000,+0.000,+0.000,1100,0,
1785507632.9837,2026-07-31T10:20:32.983,122.265,1231,,,,0,,,,-0.1518,164.27,-0.1518,-195.73,1,30.0,idle,+0.000,+0.000,+0.000,+0.000,1100,0,
1785507633.0828,2026-07-31T10:20:33.082,122.364,1232,,,,0,,,,-0.1609,164.26,-0.1609,-195.74,1,30.0,idle,+0.000,+0.000,+0.000,+0.000,1100,0,
1785507633.1812,2026-07-31T10:20:33.181,122.462,1233,,,,0,,,,-0.1537,164.23,-0.1537,-195.77,1,30.0,idle,+0.000,+0.000,+0.000,+0.000,1100,0,
1785507633.2810,2026-07-31T10:20:33.280,122.562,1234,,,,0,,,,-0.1565,164.21,-0.1565,-195.79,1,30.0,idle,+0.000,+0.000,+0.000,+0.000,1100,0,
1785507633.3806,2026-07-31T10:20:33.380,122.662,1235,,,,0,,,,-0.1542,164.19,-0.1542,-195.81,1,30.0,idle,+0.000,+0.000,+0.000,+0.000,1100,0,
1785507633.4802,2026-07-31T10:20:33.480,122.761,1236,,,,0,,,,-0.1561,164.16,-0.1561,-195.84,1,30.0,idle,+0.000,+0.000,+0.000,+0.000,1100,0,
1785507633.5799,2026-07-31T10:20:33.579,122.861,1237,,,,0,,,,-0.1567,164.15,-0.1567,-195.85,1,30.0,idle,+0.000,+0.000,+0.000,+0.000,1100,0,
1785507633.6781,2026-07-31T10:20:33.678,122.959,1238,,,,0,,,,-0.1544,164.13,-0.1544,-195.87,1,30.0,idle,+0.000,+0.000,+0.000,+0.000,1100,0,
1785507633.7771,2026-07-31T10:20:33.777,123.058,1239,,,,0,,,,-0.1540,164.10,-0.1540,-195.90,1,30.0,idle,+0.000,+0.000,+0.000,+0.000,1100,0,
1785507633.8762,2026-07-31T10:20:33.876,123.157,1240,,,,0,,,,-0.1517,164.09,-0.1517,-195.91,1,30.0,idle,+0.000,+0.000,+0.000,+0.000,1100,0,
1785507633.9755,2026-07-31T10:20:33.975,123.257,1241,,,,0,,,,-0.1613,164.06,-0.1613,-195.94,1,30.0,idle,+0.000,+0.000,+0.000,+0.000,1100,0,
1785507634.0745,2026-07-31T10:20:34.074,123.356,1242,,,,0,,,,-0.1570,164.06,-0.1570,-195.94,1,30.0,idle,+0.000,+0.000,+0.000,+0.000,1100,0,
1785507634.1736,2026-07-31T10:20:34.173,123.455,1243,,,,0,,,,-0.1567,164.03,-0.1567,-195.97,1,30.0,idle,+0.000,+0.000,+0.000,+0.000,1100,0,
1785507634.2724,2026-07-31T10:20:34.272,123.554,1244,,,,0,,,,-0.1604,164.01,-0.1604,-195.99,1,30.0,idle,+0.000,+0.000,+0.000,+0.000,1100,0,
1785507634.3710,2026-07-31T10:20:34.371,123.652,1245,,,,0,,,,-0.1602,163.99,-0.1602,-196.01,1,30.0,idle,+0.000,+0.000,+0.000,+0.000,1100,0,
1785507634.4702,2026-07-31T10:20:34.470,123.751,1246,,,,0,,,,-0.1531,163.97,-0.1531,-196.03,1,30.0,idle,+0.000,+0.000,+0.000,+0.000,1100,0,
1785507634.5691,2026-07-31T10:20:34.569,123.850,1247,,,,0,,,,-0.1553,163.94,-0.1553,-196.06,1,30.0,idle,+0.000,+0.000,+0.000,+0.000,1100,0,
1785507634.6696,2026-07-31T10:20:34.669,123.951,1248,,,,0,,,,-0.1535,163.91,-0.1535,-196.09,1,30.0,idle,+0.000,+0.000,+0.000,+0.000,1100,0,
1785507634.7686,2026-07-31T10:20:34.768,124.050,1249,,,,0,,,,-0.1518,163.90,-0.1518,-196.10,1,30.0,idle,+0.000,+0.000,+0.000,+0.000,1100,0,
1785507634.8675,2026-07-31T10:20:34.867,124.149,1250,,,,0,,,,-0.1569,163.87,-0.1569,-196.13,1,30.0,idle,+0.000,+0.000,+0.000,+0.000,1100,0,
1785507634.9668,2026-07-31T10:20:34.966,124.248,1251,,,,0,,,,-0.1594,163.86,-0.1594,-196.14,1,30.0,idle,+0.000,+0.000,+0.000,+0.000,1100,0,
1785507635.0652,2026-07-31T10:20:35.065,124.346,1252,,,,0,,,,-0.1549,163.84,-0.1549,-196.16,1,30.0,idle,+0.000,+0.000,+0.000,+0.000,1100,0,
1785507635.1646,2026-07-31T10:20:35.164,124.446,1253,,,,0,,,,-0.1592,163.81,-0.1592,-196.19,1,30.0,idle,+0.000,+0.000,+0.000,+0.000,1100,0,
1785507635.2648,2026-07-31T10:20:35.264,124.546,1254,,,,0,,,,-0.1540,163.81,-0.1540,-196.19,1,30.0,idle,+0.000,+0.000,+0.000,+0.000,1100,0,
1785507635.3635,2026-07-31T10:20:35.363,124.645,1255,,,,0,,,,-0.1557,163.79,-0.1557,-196.21,1,30.0,idle,+0.000,+0.000,+0.000,+0.000,1100,0,
1785507635.4630,2026-07-31T10:20:35.463,124.744,1256,,,,0,,,,-0.1583,163.78,-0.1583,-196.22,1,30.0,idle,+0.000,+0.000,+0.000,+0.000,1100,0,
1785507635.5618,2026-07-31T10:20:35.561,124.843,1257,,,,0,,,,-0.1590,163.75,-0.1590,-196.25,1,30.0,idle,+0.000,+0.000,+0.000,+0.000,1100,0,
1785507635.6610,2026-07-31T10:20:35.661,124.942,1258,,,,0,,,,-0.1560,163.73,-0.1560,-196.27,1,30.0,idle,+0.000,+0.000,+0.000,+0.000,1100,0,
1785507635.7600,2026-07-31T10:20:35.760,125.041,1259,,,,0,,,,-0.1576,163.72,-0.1576,-196.28,1,30.0,idle,+0.000,+0.000,+0.000,+0.000,1100,0,
1785507635.8592,2026-07-31T10:20:35.859,125.140,1260,,,,0,,,,-0.1554,163.71,-0.1554,-196.29,1,30.0,idle,+0.000,+0.000,+0.000,+0.000,1100,0,
1785507635.9587,2026-07-31T10:20:35.958,125.240,1261,,,,0,,,,-0.1579,163.70,-0.1579,-196.30,1,30.0,idle,+0.000,+0.000,+0.000,+0.000,1100,0,
1785507636.0577,2026-07-31T10:20:36.057,125.339,1262,,,,0,,,,-0.1588,163.68,-0.1588,-196.32,1,30.0,idle,+0.000,+0.000,+0.000,+0.000,1100,0,
1785507636.1568,2026-07-31T10:20:36.156,125.438,1263,,,,0,,,,-0.1584,163.65,-0.1584,-196.35,1,30.0,idle,+0.000,+0.000,+0.000,+0.000,1100,0,
1785507636.2556,2026-07-31T10:20:36.255,125.537,1264,,,,0,,,,-0.1548,163.64,-0.1548,-196.36,1,30.0,idle,+0.000,+0.000,+0.000,+0.000,1100,0,
1785507636.3549,2026-07-31T10:20:36.354,125.636,1265,,,,0,,,,-0.1596,163.61,-0.1596,-196.39,1,30.0,idle,+0.000,+0.000,+0.000,+0.000,1100,0,
1785507636.4542,2026-07-31T10:20:36.454,125.735,1266,,,,0,,,,-0.1622,163.60,-0.1622,-196.40,1,30.0,idle,+0.000,+0.000,+0.000,+0.000,1100,0,
1785507636.5528,2026-07-31T10:20:36.552,125.834,1267,,,,0,,,,-0.1544,163.57,-0.1544,-196.43,1,30.0,idle,+0.000,+0.000,+0.000,+0.000,1100,0,
1785507636.6523,2026-07-31T10:20:36.652,125.934,1268,,,,0,,,,-0.1569,163.55,-0.1569,-196.45,1,30.0,idle,+0.000,+0.000,+0.000,+0.000,1100,0,
1785507636.7515,2026-07-31T10:20:36.751,126.033,1269,,,,0,,,,-0.1548,163.54,-0.1548,-196.46,1,30.0,idle,+0.000,+0.000,+0.000,+0.000,1100,0,
1785507636.8508,2026-07-31T10:20:36.850,126.132,1270,,,,0,,,,-0.1596,163.51,-0.1596,-196.49,1,30.0,idle,+0.000,+0.000,+0.000,+0.000,1100,0,
1785507636.9501,2026-07-31T10:20:36.950,126.231,1271,,,,0,,,,-0.1535,163.50,-0.1535,-196.50,1,30.0,idle,+0.000,+0.000,+0.000,+0.000,1100,0,
1785507637.0485,2026-07-31T10:20:37.048,126.330,1272,,,,0,,,,-0.1556,163.48,-0.1556,-196.52,1,30.0,idle,+0.000,+0.000,+0.000,+0.000,1100,0,
1785507637.1479,2026-07-31T10:20:37.147,126.429,1273,,,,0,,,,-0.1569,163.45,-0.1569,-196.55,1,30.0,idle,+0.000,+0.000,+0.000,+0.000,1100,0,
1785507637.2465,2026-07-31T10:20:37.246,126.528,1274,,,,0,,,,-0.1563,163.43,-0.1563,-196.57,1,30.0,idle,+0.000,+0.000,+0.000,+0.000,1100,0,
1785507637.3471,2026-07-31T10:20:37.347,126.628,1275,,,,0,,,,-0.1573,163.41,-0.1573,-196.59,1,30.0,idle,+0.000,+0.000,+0.000,+0.000,1100,0,
1785507637.4460,2026-07-31T10:20:37.445,126.727,1276,,,,0,,,,-0.1576,163.41,-0.1576,-196.59,1,30.0,idle,+0.000,+0.000,+0.000,+0.000,1100,0,
1785507637.5461,2026-07-31T10:20:37.546,126.827,1277,,,,0,,,,-0.1554,163.38,-0.1554,-196.62,1,30.0,idle,+0.000,+0.000,+0.000,+0.000,1100,0,
1785507637.6446,2026-07-31T10:20:37.644,126.926,1278,,,,0,,,,-0.1534,163.36,-0.1534,-196.64,1,30.0,idle,+0.000,+0.000,+0.000,+0.000,1100,0,
1785507637.7443,2026-07-31T10:20:37.744,127.025,1279,,,,0,,,,-0.1577,163.35,-0.1577,-196.65,1,30.0,idle,+0.000,+0.000,+0.000,+0.000,1100,0,
1785507637.8431,2026-07-31T10:20:37.843,127.124,1280,,,,0,,,,-0.1559,163.33,-0.1559,-196.67,1,30.0,idle,+0.000,+0.000,+0.000,+0.000,1100,0,
1785507637.9414,2026-07-31T10:20:37.941,127.223,1281,,,,0,,,,-0.1553,163.32,-0.1553,-196.68,1,30.0,idle,+0.000,+0.000,+0.000,+0.000,1100,0,
1785507638.0409,2026-07-31T10:20:38.040,127.322,1282,,,,0,,,,-0.1548,163.30,-0.1548,-196.70,1,30.0,idle,+0.000,+0.000,+0.000,+0.000,1100,0,
1785507638.1403,2026-07-31T10:20:38.140,127.421,1283,,,,0,,,,-0.1545,163.29,-0.1545,-196.71,1,30.0,idle,+0.000,+0.000,+0.000,+0.000,1100,0,
1785507638.2386,2026-07-31T10:20:38.238,127.520,1284,,,,0,,,,-0.1556,163.26,-0.1556,-196.74,1,30.0,idle,+0.000,+0.000,+0.000,+0.000,1100,0,
1785507638.3391,2026-07-31T10:20:38.339,127.620,1285,,,,0,,,,-0.1579,163.25,-0.1579,-196.75,1,30.0,idle,+0.000,+0.000,+0.000,+0.000,1100,0,
1785507638.4365,2026-07-31T10:20:38.436,127.718,1286,,,,0,,,,-0.1569,163.26,-0.1569,-196.74,1,30.0,idle,+0.000,+0.000,+0.000,+0.000,1100,0,
1785507638.5363,2026-07-31T10:20:38.536,127.818,1287,,,,0,,,,-0.1540,163.24,-0.1540,-196.76,1,30.0,idle,+0.000,+0.000,+0.000,+0.000,1100,0,
1785507638.6358,2026-07-31T10:20:38.635,127.917,1288,,,,0,,,,-0.1545,163.22,-0.1545,-196.78,1,30.0,idle,+0.000,+0.000,+0.000,+0.000,1100,0,
1785507638.7346,2026-07-31T10:20:38.734,128.016,1289,,,,0,,,,-0.1567,163.20,-0.1567,-196.80,1,30.0,idle,+0.000,+0.000,+0.000,+0.000,1100,0,
1785507638.8339,2026-07-31T10:20:38.833,128.115,1290,,,,0,,,,-0.1541,163.17,-0.1541,-196.83,1,30.0,idle,+0.000,+0.000,+0.000,+0.000,1100,0,
1785507638.9326,2026-07-31T10:20:38.932,128.214,1291,,,,0,,,,-0.1580,163.15,-0.1580,-196.85,1,30.0,idle,+0.000,+0.000,+0.000,+0.000,1100,0,
1785507639.0317,2026-07-31T10:20:39.031,128.313,1292,,,,0,,,,-0.1523,163.13,-0.1523,-196.87,1,30.0,idle,+0.000,+0.000,+0.000,+0.000,1100,0,
1785507639.1307,2026-07-31T10:20:39.130,128.412,1293,,,,0,,,,-0.1574,163.12,-0.1574,-196.88,1,30.0,idle,+0.000,+0.000,+0.000,+0.000,1100,0,
1785507639.2296,2026-07-31T10:20:39.229,128.511,1294,,,,0,,,,-0.1568,163.09,-0.1568,-196.91,1,30.0,idle,+0.000,+0.000,+0.000,+0.000,1100,0,
1785507639.3294,2026-07-31T10:20:39.329,128.611,1295,,,,0,,,,-0.1554,163.07,-0.1554,-196.93,1,30.0,idle,+0.000,+0.000,+0.000,+0.000,1100,0,
1785507639.4281,2026-07-31T10:20:39.428,128.709,1296,,,,0,,,,-0.1577,163.06,-0.1577,-196.94,1,30.0,idle,+0.000,+0.000,+0.000,+0.000,1100,0,
1785507639.5280,2026-07-31T10:20:39.527,128.809,1297,,,,0,,,,-0.1603,163.02,-0.1603,-196.98,1,30.0,idle,+0.000,+0.000,+0.000,+0.000,1100,0,
1785507639.6266,2026-07-31T10:20:39.626,128.908,1298,,,,0,,,,-0.1570,163.02,-0.1570,-196.98,1,30.0,idle,+0.000,+0.000,+0.000,+0.000,1100,0,
1785507639.7256,2026-07-31T10:20:39.725,129.007,1299,,,,0,,,,-0.1606,162.99,-0.1606,-197.01,1,30.0,idle,+0.000,+0.000,+0.000,+0.000,1100,0,
1785507639.8259,2026-07-31T10:20:39.825,129.107,1300,,,,0,,,,-0.1537,162.98,-0.1537,-197.02,1,30.0,idle,+0.000,+0.000,+0.000,+0.000,1100,0,
1785507639.9272,2026-07-31T10:20:39.927,129.208,1301,,,,0,,,,-0.1539,162.95,-0.1539,-197.05,1,30.0,idle,+0.000,+0.000,+0.000,+0.000,1100,0,
1785507640.0257,2026-07-31T10:20:40.025,129.307,1302,,,,0,,,,-0.1572,162.92,-0.1572,-197.08,1,30.0,idle,+0.000,+0.000,+0.000,+0.000,1100,0,
1785507640.1261,2026-07-31T10:20:40.126,129.407,1303,,,,0,,,,-0.1561,162.91,-0.1561,-197.09,1,30.0,idle,+0.000,+0.000,+0.000,+0.000,1100,0,
1785507640.2251,2026-07-31T10:20:40.225,129.506,1304,,,,0,,,,-0.1603,162.91,-0.1603,-197.09,1,30.0,idle,+0.000,+0.000,+0.000,+0.000,1100,0,
1785507640.3243,2026-07-31T10:20:40.324,129.605,1305,,,,0,,,,-0.1576,162.90,-0.1576,-197.10,1,30.0,idle,+0.000,+0.000,+0.000,+0.000,1100,0,
1785507640.4235,2026-07-31T10:20:40.423,129.705,1306,,,,0,,,,-0.1553,162.86,-0.1553,-197.14,1,30.0,idle,+0.000,+0.000,+0.000,+0.000,1100,0,
1785507640.5235,2026-07-31T10:20:40.523,129.805,1307,,,,0,,,,-0.1592,162.83,-0.1592,-197.17,1,30.0,idle,+0.000,+0.000,+0.000,+0.000,1100,0,
1785507640.6224,2026-07-31T10:20:40.622,129.904,1308,,,,0,,,,-0.1554,162.83,-0.1554,-197.17,1,30.0,idle,+0.000,+0.000,+0.000,+0.000,1100,0,
1785507640.7222,2026-07-31T10:20:40.722,130.003,1309,,,,0,,,,-0.1568,162.81,-0.1568,-197.19,1,30.0,idle,+0.000,+0.000,+0.000,+0.000,1100,0,
1785507640.8209,2026-07-31T10:20:40.820,130.102,1310,,,,0,,,,-0.1539,162.79,-0.1539,-197.21,1,30.0,idle,+0.000,+0.000,+0.000,+0.000,1100,0,
1785507640.9198,2026-07-31T10:20:40.919,130.201,1311,,,,0,,,,-0.1544,162.76,-0.1544,-197.24,1,30.0,idle,+0.000,+0.000,+0.000,+0.000,1100,0,
1785507641.0200,2026-07-31T10:20:41.020,130.301,1312,,,,0,,,,-0.1567,162.74,-0.1567,-197.26,1,30.0,idle,+0.000,+0.000,+0.000,+0.000,1100,0,
1785507641.1199,2026-07-31T10:20:41.119,130.401,1313,,,,0,,,,-0.1558,162.72,-0.1558,-197.28,1,30.0,idle,+0.000,+0.000,+0.000,+0.000,1100,0,
1785507641.2188,2026-07-31T10:20:41.218,130.500,1314,,,,0,,,,-0.1571,162.71,-0.1571,-197.29,1,30.0,idle,+0.000,+0.000,+0.000,+0.000,1100,0,
1785507641.3178,2026-07-31T10:20:41.317,130.599,1315,,,,0,,,,-0.1525,162.69,-0.1525,-197.31,1,30.0,idle,+0.000,+0.000,+0.000,+0.000,1100,0,
1785507641.4167,2026-07-31T10:20:41.416,130.698,1316,,,,0,,,,-0.1530,162.66,-0.1530,-197.34,1,30.0,idle,+0.000,+0.000,+0.000,+0.000,1100,0,
1785507641.5162,2026-07-31T10:20:41.516,130.797,1317,,,,0,,,,-0.1548,162.64,-0.1548,-197.36,1,30.0,idle,+0.000,+0.000,+0.000,+0.000,1100,0,
1785507641.6153,2026-07-31T10:20:41.615,130.897,1318,,,,0,,,,-0.1582,162.64,-0.1582,-197.36,1,30.0,idle,+0.000,+0.000,+0.000,+0.000,1100,0,
1785507641.7139,2026-07-31T10:20:41.713,130.995,1319,,,,0,,,,-0.1570,162.60,-0.1570,-197.40,1,30.0,idle,+0.000,+0.000,+0.000,+0.000,1100,0,
1785507641.8128,2026-07-31T10:20:41.812,131.094,1320,,,,0,,,,-0.1560,162.59,-0.1560,-197.41,1,30.0,idle,+0.000,+0.000,+0.000,+0.000,1100,0,
1785507641.9119,2026-07-31T10:20:41.911,131.193,1321,,,,0,,,,-0.1533,162.55,-0.1533,-197.45,1,30.0,idle,+0.000,+0.000,+0.000,+0.000,1100,0,
1785507642.0112,2026-07-31T10:20:42.011,131.292,1322,,,,0,,,,-0.1569,162.53,-0.1569,-197.47,1,30.0,idle,+0.000,+0.000,+0.000,+0.000,1100,0,
1785507642.1100,2026-07-31T10:20:42.110,131.391,1323,,,,0,,,,-0.1546,162.52,-0.1546,-197.48,1,30.0,idle,+0.000,+0.000,+0.000,+0.000,1100,0,
1785507642.2092,2026-07-31T10:20:42.209,131.490,1324,,,,0,,,,-0.1539,162.48,-0.1539,-197.52,1,30.0,idle,+0.000,+0.000,+0.000,+0.000,1100,0,
1785507642.3083,2026-07-31T10:20:42.308,131.590,1325,,,,0,,,,-0.1603,162.47,-0.1603,-197.53,1,30.0,idle,+0.000,+0.000,+0.000,+0.000,1100,0,
1785507642.4069,2026-07-31T10:20:42.406,131.688,1326,,,,0,,,,-0.1544,162.44,-0.1544,-197.56,1,30.0,idle,+0.000,+0.000,+0.000,+0.000,1100,0,
1785507642.5064,2026-07-31T10:20:42.506,131.788,1327,,,,0,,,,-0.1546,162.42,-0.1546,-197.58,1,30.0,idle,+0.000,+0.000,+0.000,+0.000,1100,0,
1785507642.6056,2026-07-31T10:20:42.605,131.887,1328,,,,0,,,,-0.1581,162.38,-0.1581,-197.62,1,30.0,idle,+0.000,+0.000,+0.000,+0.000,1100,0,
1785507642.7041,2026-07-31T10:20:42.704,131.985,1329,,,,0,,,,-0.1575,162.36,-0.1575,-197.64,1,30.0,idle,+0.000,+0.000,+0.000,+0.000,1100,0,
1785507642.8031,2026-07-31T10:20:42.803,132.084,1330,,,,0,,,,-0.1559,162.35,-0.1559,-197.65,1,30.0,idle,+0.000,+0.000,+0.000,+0.000,1100,0,
1785507642.9020,2026-07-31T10:20:42.902,132.183,1331,,,,0,,,,-0.1553,162.32,-0.1553,-197.68,1,30.0,idle,+0.000,+0.000,+0.000,+0.000,1100,0,
1785507643.0026,2026-07-31T10:20:43.002,132.284,1332,,,,0,,,,-0.1544,162.30,-0.1544,-197.70,1,30.0,idle,+0.000,+0.000,+0.000,+0.000,1100,0,
1785507643.1010,2026-07-31T10:20:43.101,132.382,1333,,,,0,,,,-0.1575,162.25,-0.1575,-197.75,1,30.0,idle,+0.000,+0.000,+0.000,+0.000,1100,0,
1785507643.2003,2026-07-31T10:20:43.200,132.481,1334,,,,0,,,,-0.1553,162.03,-0.1553,-197.97,1,30.0,idle,+0.000,+0.000,+0.000,+0.000,1100,0,
1785507643.2989,2026-07-31T10:20:43.298,132.580,1335,,,,0,,,,-0.1552,161.61,-0.1552,-198.39,1,30.0,idle,+0.000,+0.000,+0.000,+0.000,1100,0,
1785507643.3992,2026-07-31T10:20:43.399,132.680,1336,,,,0,,,,-0.1534,161.51,-0.1534,-198.49,1,30.0,idle,+0.000,+0.000,+0.000,+0.000,1100,0,
1785507643.4979,2026-07-31T10:20:43.497,132.779,1337,,,,0,,,,-0.1569,161.47,-0.1569,-198.53,1,30.0,idle,+0.000,+0.000,+0.000,+0.000,1100,0,
1785507643.5983,2026-07-31T10:20:43.598,132.879,1338,,,,0,,,,-0.1577,161.44,-0.1577,-198.56,1,30.0,idle,+0.000,+0.000,+0.000,+0.000,1100,0,
1785507643.6976,2026-07-31T10:20:43.697,132.979,1339,,,,0,,,,-0.1543,161.37,-0.1543,-198.63,1,30.0,idle,+0.000,+0.000,+0.000,+0.000,1100,0,
1785507643.7964,2026-07-31T10:20:43.796,133.078,1340,,,,0,,,,-0.1544,161.34,-0.1544,-198.66,1,30.0,idle,+0.000,+0.000,+0.000,+0.000,1100,0,
1785507643.8949,2026-07-31T10:20:43.894,133.176,1341,,,,0,,,,-0.1567,161.33,-0.1567,-198.67,1,30.0,idle,+0.000,+0.000,+0.000,+0.000,1100,0,
1785507643.9941,2026-07-31T10:20:43.994,133.275,1342,,,,0,,,,-0.1542,161.32,-0.1542,-198.68,1,30.0,idle,+0.000,+0.000,+0.000,+0.000,1100,0,
1785507644.0934,2026-07-31T10:20:44.093,133.375,1343,,,,0,,,,-0.1584,161.26,-0.1584,-198.74,1,30.0,idle,+0.000,+0.000,+0.000,+0.000,1100,0,
1785507644.1922,2026-07-31T10:20:44.192,133.473,1344,,,,0,,,,-0.1580,161.26,-0.1580,-198.74,1,30.0,idle,+0.000,+0.000,+0.000,+0.000,1100,0,
1785507644.2915,2026-07-31T10:20:44.291,133.573,1345,,,,0,,,,-0.1547,161.24,-0.1547,-198.76,1,30.0,idle,+0.000,+0.000,+0.000,+0.000,1100,0,
1785507644.3906,2026-07-31T10:20:44.390,133.672,1346,,,,0,,,,-0.1558,161.23,-0.1558,-198.77,1,30.0,idle,+0.000,+0.000,+0.000,+0.000,1100,0,
1785507644.4896,2026-07-31T10:20:44.489,133.771,1347,,,,0,,,,-0.1575,161.22,-0.1575,-198.78,1,30.0,idle,+0.000,+0.000,+0.000,+0.000,1100,0,
1785507644.5881,2026-07-31T10:20:44.588,133.869,1348,,,,0,,,,-0.1553,161.18,-0.1553,-198.82,1,30.0,idle,+0.000,+0.000,+0.000,+0.000,1100,0,
1785507644.6878,2026-07-31T10:20:44.687,133.969,1349,,,,0,,,,-0.1569,161.17,-0.1569,-198.83,1,30.0,idle,+0.000,+0.000,+0.000,+0.000,1100,0,
1785507644.7869,2026-07-31T10:20:44.786,134.068,1350,,,,0,,,,-0.1551,161.11,-0.1551,-198.89,1,30.0,idle,+0.000,+0.000,+0.000,+0.000,1100,0,
1785507644.8870,2026-07-31T10:20:44.886,134.168,1351,,,,0,,,,-0.1546,160.82,-0.1546,-199.18,1,30.0,idle,+0.000,+0.000,+0.000,+0.000,1100,0,
1785507644.9865,2026-07-31T10:20:44.986,134.268,1352,,,,0,,,,-0.1598,160.40,-0.1598,-199.60,1,30.0,idle,+0.000,+0.000,+0.000,+0.000,1100,0,
1785507645.0854,2026-07-31T10:20:45.085,134.367,1353,,,,0,,,,-0.1563,159.37,-0.1563,-200.63,1,30.0,idle,+0.000,+0.000,+0.000,+0.000,1100,0,
1785507645.1843,2026-07-31T10:20:45.184,134.466,1354,,,,0,,,,-0.1552,159.65,-0.1552,-200.35,1,30.0,idle,+0.000,+0.000,+0.000,+0.000,1100,0,
1785507645.2848,2026-07-31T10:20:45.284,134.566,1355,,,,0,,,,-0.1556,162.55,-0.1556,-197.45,1,30.0,idle,+0.000,+0.000,+0.000,+0.000,1100,0,
1785507645.3832,2026-07-31T10:20:45.383,134.664,1356,,,,0,,,,-0.1568,164.12,-0.1568,-195.88,1,30.0,idle,+0.000,+0.000,+0.000,+0.000,1100,0,
1785507645.4823,2026-07-31T10:20:45.482,134.764,1357,,,,0,,,,-0.1592,164.78,-0.1592,-195.22,1,30.0,idle,+0.000,+0.000,+0.000,+0.000,1100,0,
1785507645.5813,2026-07-31T10:20:45.581,134.863,1358,,,,0,,,,-0.1551,164.17,-0.1551,-195.83,1,30.0,idle,+0.000,+0.000,+0.000,+0.000,1100,0,
1785507645.6805,2026-07-31T10:20:45.680,134.962,1359,,,,0,,,,-0.1581,163.50,-0.1581,-196.50,1,30.0,idle,+0.000,+0.000,+0.000,+0.000,1100,0,
1785507645.7804,2026-07-31T10:20:45.780,135.062,1360,,,,0,,,,-0.1535,163.40,-0.1535,-196.60,1,30.0,idle,+0.000,+0.000,+0.000,+0.000,1100,0,
1785507645.8793,2026-07-31T10:20:45.879,135.160,1361,,,,0,,,,-0.1606,163.28,-0.1606,-196.72,1,30.0,idle,+0.000,+0.000,+0.000,+0.000,1100,0,
1785507645.9786,2026-07-31T10:20:45.978,135.260,1362,,,,0,,,,-0.1536,163.25,-0.1536,-196.75,1,30.0,idle,+0.000,+0.000,+0.000,+0.000,1100,0,
1785507646.0780,2026-07-31T10:20:46.078,135.359,1363,,,,0,,,,-0.1505,163.21,-0.1505,-196.79,1,30.0,idle,+0.000,+0.000,+0.000,+0.000,1100,0,
1785507646.1773,2026-07-31T10:20:46.177,135.458,1364,,,,0,,,,-0.1533,163.10,-0.1533,-196.90,1,30.0,idle,+0.000,+0.000,+0.000,+0.000,1100,0,
1785507646.2767,2026-07-31T10:20:46.276,135.558,1365,,,,0,,,,-0.1579,163.06,-0.1579,-196.94,1,30.0,idle,+0.000,+0.000,+0.000,+0.000,1100,0,
1785507646.3754,2026-07-31T10:20:46.375,135.657,1366,,,,0,,,,-0.1578,163.08,-0.1578,-196.92,1,30.0,idle,+0.000,+0.000,+0.000,+0.000,1100,0,
1785507646.4750,2026-07-31T10:20:46.475,135.756,1367,,,,0,,,,-0.1535,163.23,-0.1535,-196.77,1,30.0,idle,+0.000,+0.000,+0.000,+0.000,1100,0,
1785507646.5745,2026-07-31T10:20:46.574,135.856,1368,,,,0,,,,-0.1571,164.18,-0.1571,-195.82,1,30.0,idle,+0.000,+0.000,+0.000,+0.000,1100,0,
1785507646.6735,2026-07-31T10:20:46.673,135.955,1369,,,,0,,,,-0.1543,164.11,-0.1543,-195.89,1,30.0,idle,+0.000,+0.000,+0.000,+0.000,1100,0,
1785507646.7727,2026-07-31T10:20:46.772,136.054,1370,,,,0,,,,-0.1570,162.46,-0.1570,-197.54,1,30.0,idle,+0.000,+0.000,+0.000,+0.000,1100,0,
1785507646.8719,2026-07-31T10:20:46.871,136.153,1371,,,,0,,,,-0.1541,161.59,-0.1541,-198.41,1,30.0,idle,+0.000,+0.000,+0.000,+0.000,1100,0,
1785507646.9708,2026-07-31T10:20:46.970,136.252,1372,,,,0,,,,-0.1501,160.39,-0.1501,-199.61,1,30.0,idle,+0.000,+0.000,+0.000,+0.000,1100,0,
1785507647.0693,2026-07-31T10:20:47.069,136.350,1373,,,,0,,,,-0.1545,160.16,-0.1545,-199.84,1,30.0,idle,+0.000,+0.000,+0.000,+0.000,1100,0,
1785507647.1701,2026-07-31T10:20:47.170,136.451,1374,,,,0,,,,-0.1592,160.03,-0.1592,-199.97,1,30.0,idle,+0.000,+0.000,+0.000,+0.000,1100,0,
1785507647.2693,2026-07-31T10:20:47.269,136.550,1375,,,,0,,,,-0.1537,160.14,-0.1537,-199.86,1,30.0,idle,+0.000,+0.000,+0.000,+0.000,1100,0,
1785507647.3685,2026-07-31T10:20:47.368,136.650,1376,,,,0,,,,-0.1611,160.06,-0.1611,-199.94,1,30.0,idle,+0.000,+0.000,+0.000,+0.000,1100,0,
1785507647.4674,2026-07-31T10:20:47.467,136.749,1377,,,,0,,,,-0.1592,160.02,-0.1592,-199.98,1,30.0,idle,+0.000,+0.000,+0.000,+0.000,1100,0,
1785507647.5682,2026-07-31T10:20:47.568,136.849,1378,,,,0,,,,-0.1614,159.98,-0.1614,-200.02,1,30.0,idle,+0.000,+0.000,+0.000,+0.000,1100,0,
1785507647.6699,2026-07-31T10:20:47.669,136.951,1379,,,,0,,,,-0.1564,159.96,-0.1564,-200.04,1,30.0,idle,+0.000,+0.000,+0.000,+0.000,1100,0,
1785507647.7692,2026-07-31T10:20:47.769,137.050,1380,,,,0,,,,-0.1583,159.92,-0.1583,-200.08,1,30.0,idle,+0.000,+0.000,+0.000,+0.000,1100,0,
1785507647.8686,2026-07-31T10:20:47.868,137.150,1381,,,,0,,,,-0.1542,159.86,-0.1542,-200.14,1,30.0,idle,+0.000,+0.000,+0.000,+0.000,1100,0,
1785507647.9678,2026-07-31T10:20:47.967,137.249,1382,,,,0,,,,-0.1556,159.83,-0.1556,-200.17,1,30.0,idle,+0.000,+0.000,+0.000,+0.000,1100,0,
1785507648.0663,2026-07-31T10:20:48.066,137.347,1383,,,,0,,,,-0.1551,159.82,-0.1551,-200.18,1,30.0,idle,+0.000,+0.000,+0.000,+0.000,1100,0,
1785507648.1652,2026-07-31T10:20:48.165,137.446,1384,,,,0,,,,-0.1549,159.82,-0.1549,-200.18,1,30.0,idle,+0.000,+0.000,+0.000,+0.000,1100,0,
1785507648.2659,2026-07-31T10:20:48.265,137.547,1385,,,,0,,,,-0.1561,159.77,-0.1561,-200.23,1,30.0,idle,+0.000,+0.000,+0.000,+0.000,1100,0,
1785507648.3657,2026-07-31T10:20:48.365,137.647,1386,,,,0,,,,-0.1562,159.72,-0.1562,-200.28,1,30.0,idle,+0.000,+0.000,+0.000,+0.000,1100,0,
1785507648.4651,2026-07-31T10:20:48.465,137.746,1387,,,,0,,,,-0.1592,159.71,-0.1592,-200.29,1,30.0,idle,+0.000,+0.000,+0.000,+0.000,1100,0,
1785507648.5638,2026-07-31T10:20:48.563,137.845,1388,,,,0,,,,-0.1576,159.31,-0.1576,-200.69,1,30.0,idle,+0.000,+0.000,+0.000,+0.000,1100,0,
1785507648.6630,2026-07-31T10:20:48.663,137.944,1389,,,,0,,,,-0.1570,159.11,-0.1570,-200.89,1,30.0,idle,+0.000,+0.000,+0.000,+0.000,1100,0,
1785507648.7622,2026-07-31T10:20:48.762,138.043,1390,,,,0,,,,-0.1574,159.10,-0.1574,-200.90,1,30.0,idle,+0.000,+0.000,+0.000,+0.000,1100,0,
1785507648.8603,2026-07-31T10:20:48.860,138.142,1391,,,,0,,,,-0.1548,159.05,-0.1548,-200.95,1,30.0,idle,+0.000,+0.000,+0.000,+0.000,1100,0,
1785507648.9600,2026-07-31T10:20:48.960,138.241,1392,,,,0,,,,-0.1539,158.78,-0.1539,-201.22,1,30.0,idle,+0.000,+0.000,+0.000,+0.000,1100,0,
1785507649.0591,2026-07-31T10:20:49.059,138.340,1393,,,,0,,,,-0.1608,158.78,-0.1608,-201.22,1,30.0,idle,+0.000,+0.000,+0.000,+0.000,1100,0,
1785507649.1579,2026-07-31T10:20:49.157,138.439,1394,,,,0,,,,-0.1563,158.77,-0.1563,-201.23,1,30.0,idle,+0.000,+0.000,+0.000,+0.000,1100,0,
1785507649.2578,2026-07-31T10:20:49.257,138.539,1395,,,,0,,,,-0.1564,158.75,-0.1564,-201.25,1,30.0,idle,+0.000,+0.000,+0.000,+0.000,1100,0,
1785507649.3570,2026-07-31T10:20:49.356,138.638,1396,,,,0,,,,-0.1579,158.75,-0.1579,-201.25,1,30.0,idle,+0.000,+0.000,+0.000,+0.000,1100,0,
1785507649.4558,2026-07-31T10:20:49.455,138.737,1397,,,,0,,,,-0.1576,158.71,-0.1576,-201.29,1,30.0,idle,+0.000,+0.000,+0.000,+0.000,1100,0,
1785507649.5557,2026-07-31T10:20:49.555,138.837,1398,,,,0,,,,-0.1592,158.69,-0.1592,-201.31,1,30.0,idle,+0.000,+0.000,+0.000,+0.000,1100,0,
1785507649.6560,2026-07-31T10:20:49.656,138.937,1399,,,,0,,,,-0.1572,158.67,-0.1572,-201.33,1,30.0,idle,+0.000,+0.000,+0.000,+0.000,1100,0,
1785507649.7545,2026-07-31T10:20:49.754,139.036,1400,,,,0,,,,-0.1523,158.64,-0.1523,-201.36,1,30.0,idle,+0.000,+0.000,+0.000,+0.000,1100,0,
1785507649.8543,2026-07-31T10:20:49.854,139.135,1401,,,,0,,,,-0.1580,158.62,-0.1580,-201.38,1,30.0,idle,+0.000,+0.000,+0.000,+0.000,1100,0,
1785507649.9539,2026-07-31T10:20:49.953,139.235,1402,,,,0,,,,-0.1580,158.60,-0.1580,-201.40,1,30.0,idle,+0.000,+0.000,+0.000,+0.000,1100,0,
1785507650.0543,2026-07-31T10:20:50.054,139.336,1403,,,,0,,,,-0.1565,158.59,-0.1565,-201.41,1,30.0,idle,+0.000,+0.000,+0.000,+0.000,1100,0,
1785507650.1534,2026-07-31T10:20:50.153,139.435,1404,,,,0,,,,-0.1558,158.57,-0.1558,-201.43,1,30.0,idle,+0.000,+0.000,+0.000,+0.000,1100,0,
1785507650.2528,2026-07-31T10:20:50.252,139.534,1405,,,,0,,,,-0.1586,158.54,-0.1586,-201.46,1,30.0,idle,+0.000,+0.000,+0.000,+0.000,1100,0,
1785507650.3516,2026-07-31T10:20:50.351,139.633,1406,,,,0,,,,-0.1594,158.52,-0.1594,-201.48,1,30.0,idle,+0.000,+0.000,+0.000,+0.000,1100,0,
1785507650.4510,2026-07-31T10:20:50.451,139.732,1407,,,,0,,,,-0.1582,158.50,-0.1582,-201.50,1,30.0,idle,+0.000,+0.000,+0.000,+0.000,1100,0,
1785507650.5500,2026-07-31T10:20:50.550,139.831,1408,,,,0,,,,-0.1557,158.49,-0.1557,-201.51,1,30.0,idle,+0.000,+0.000,+0.000,+0.000,1100,0,
1785507650.6492,2026-07-31T10:20:50.649,139.930,1409,,,,0,,,,-0.1550,158.47,-0.1550,-201.53,1,30.0,idle,+0.000,+0.000,+0.000,+0.000,1100,0,
1785507650.7477,2026-07-31T10:20:50.747,140.029,1410,,,,0,,,,-0.1560,158.45,-0.1560,-201.55,1,30.0,idle,+0.000,+0.000,+0.000,+0.000,1100,0,
1785507650.8476,2026-07-31T10:20:50.847,140.129,1411,,,,0,,,,-0.1586,158.42,-0.1586,-201.58,1,30.0,idle,+0.000,+0.000,+0.000,+0.000,1100,0,
1785507650.9467,2026-07-31T10:20:50.946,140.228,1412,,,,0,,,,-0.1577,158.39,-0.1577,-201.61,1,30.0,idle,+0.000,+0.000,+0.000,+0.000,1100,0,
1785507651.0461,2026-07-31T10:20:51.046,140.327,1413,,,,0,,,,-0.1563,158.38,-0.1563,-201.62,1,30.0,idle,+0.000,+0.000,+0.000,+0.000,1100,0,
1785507651.1446,2026-07-31T10:20:51.144,140.426,1414,,,,0,,,,-0.1625,158.36,-0.1625,-201.64,1,30.0,idle,+0.000,+0.000,+0.000,+0.000,1100,0,
1785507651.2444,2026-07-31T10:20:51.244,140.526,1415,,,,0,,,,-0.1544,158.35,-0.1544,-201.65,1,30.0,idle,+0.000,+0.000,+0.000,+0.000,1100,0,
1785507651.3436,2026-07-31T10:20:51.343,140.625,1416,,,,0,,,,-0.1564,158.32,-0.1564,-201.68,1,30.0,idle,+0.000,+0.000,+0.000,+0.000,1100,0,
1785507651.4429,2026-07-31T10:20:51.442,140.724,1417,,,,0,,,,-0.1568,158.29,-0.1568,-201.71,1,30.0,idle,+0.000,+0.000,+0.000,+0.000,1100,0,
1785507651.5430,2026-07-31T10:20:51.543,140.824,1418,,,,0,,,,-0.1588,158.28,-0.1588,-201.72,1,30.0,idle,+0.000,+0.000,+0.000,+0.000,1100,0,
1785507651.6434,2026-07-31T10:20:51.643,140.925,1419,,,,0,,,,-0.1572,158.25,-0.1572,-201.75,1,30.0,idle,+0.000,+0.000,+0.000,+0.000,1100,0,
1785507651.7419,2026-07-31T10:20:51.741,141.023,1420,,,,0,,,,-0.1530,158.23,-0.1530,-201.77,1,30.0,idle,+0.000,+0.000,+0.000,+0.000,1100,0,
1785507651.8407,2026-07-31T10:20:51.840,141.122,1421,,,,0,,,,-0.1571,158.21,-0.1571,-201.79,1,30.0,idle,+0.000,+0.000,+0.000,+0.000,1100,0,
1785507651.9408,2026-07-31T10:20:51.940,141.222,1422,,,,0,,,,-0.1566,158.18,-0.1566,-201.82,1,30.0,idle,+0.000,+0.000,+0.000,+0.000,1100,0,
1785507652.0399,2026-07-31T10:20:52.039,141.321,1423,,,,0,,,,-0.1572,158.17,-0.1572,-201.83,1,30.0,idle,+0.000,+0.000,+0.000,+0.000,1100,0,
1785507652.1387,2026-07-31T10:20:52.138,141.420,1424,,,,0,,,,-0.1540,158.14,-0.1540,-201.86,1,30.0,idle,+0.000,+0.000,+0.000,+0.000,1100,0,
1785507652.2382,2026-07-31T10:20:52.238,141.519,1425,,,,0,,,,-0.1543,158.13,-0.1543,-201.87,1,30.0,idle,+0.000,+0.000,+0.000,+0.000,1100,0,
1785507652.3367,2026-07-31T10:20:52.336,141.618,1426,,,,0,,,,-0.1575,158.10,-0.1575,-201.90,1,30.0,idle,+0.000,+0.000,+0.000,+0.000,1100,0,
1785507652.4348,2026-07-31T10:20:52.434,141.716,1427,,,,0,,,,-0.1573,158.08,-0.1573,-201.92,1,30.0,idle,+0.000,+0.000,+0.000,+0.000,1100,0,
1785507652.5337,2026-07-31T10:20:52.533,141.815,1428,,,,0,,,,-0.1503,158.07,-0.1503,-201.93,1,30.0,idle,+0.000,+0.000,+0.000,+0.000,1100,0,
1785507652.6348,2026-07-31T10:20:52.634,141.916,1429,,,,0,,,,-0.1592,158.05,-0.1592,-201.95,1,30.0,idle,+0.000,+0.000,+0.000,+0.000,1100,0,
1785507652.7346,2026-07-31T10:20:52.734,142.016,1430,,,,0,,,,-0.1588,158.03,-0.1588,-201.97,1,30.0,idle,+0.000,+0.000,+0.000,+0.000,1100,0,
1785507652.8341,2026-07-31T10:20:52.834,142.115,1431,,,,0,,,,-0.1544,158.01,-0.1544,-201.99,1,30.0,idle,+0.000,+0.000,+0.000,+0.000,1100,0,
1785507652.9343,2026-07-31T10:20:52.934,142.215,1432,,,,0,,,,-0.1561,158.00,-0.1561,-202.00,1,30.0,idle,+0.000,+0.000,+0.000,+0.000,1100,0,
1785507653.0336,2026-07-31T10:20:53.033,142.315,1433,,,,0,,,,-0.1556,157.97,-0.1556,-202.03,1,30.0,idle,+0.000,+0.000,+0.000,+0.000,1100,0,
1785507653.1329,2026-07-31T10:20:53.132,142.414,1434,,,,0,,,,-0.1569,157.96,-0.1569,-202.04,1,30.0,idle,+0.000,+0.000,+0.000,+0.000,1100,0,
1785507653.2325,2026-07-31T10:20:53.232,142.514,1435,,,,0,,,,-0.1526,157.95,-0.1526,-202.05,1,30.0,idle,+0.000,+0.000,+0.000,+0.000,1100,0,
1785507653.3310,2026-07-31T10:20:53.330,142.612,1436,,,,0,,,,-0.1545,157.92,-0.1545,-202.08,1,30.0,idle,+0.000,+0.000,+0.000,+0.000,1100,0,
1785507653.4304,2026-07-31T10:20:53.430,142.712,1437,,,,0,,,,-0.1638,157.90,-0.1638,-202.10,1,30.0,idle,+0.000,+0.000,+0.000,+0.000,1100,0,
1785507653.5302,2026-07-31T10:20:53.530,142.811,1438,,,,0,,,,-0.1523,157.87,-0.1523,-202.13,1,30.0,idle,+0.000,+0.000,+0.000,+0.000,1100,0,
1785507653.6295,2026-07-31T10:20:53.629,142.911,1439,,,,0,,,,-0.1578,157.84,-0.1578,-202.16,1,30.0,idle,+0.000,+0.000,+0.000,+0.000,1100,0,
1785507653.7280,2026-07-31T10:20:53.727,143.009,1440,,,,0,,,,-0.1577,157.83,-0.1577,-202.17,1,30.0,idle,+0.000,+0.000,+0.000,+0.000,1100,0,
1785507653.8277,2026-07-31T10:20:53.827,143.109,1441,,,,0,,,,-0.1545,157.81,-0.1545,-202.19,1,30.0,idle,+0.000,+0.000,+0.000,+0.000,1100,0,
1785507653.9280,2026-07-31T10:20:53.927,143.209,1442,,,,0,,,,-0.1601,157.80,-0.1601,-202.20,1,30.0,idle,+0.000,+0.000,+0.000,+0.000,1100,0,
1785507654.0285,2026-07-31T10:20:54.028,143.310,1443,,,,0,,,,-0.1561,157.76,-0.1561,-202.24,1,30.0,idle,+0.000,+0.000,+0.000,+0.000,1100,0,
1785507654.1270,2026-07-31T10:20:54.127,143.408,1444,,,,0,,,,-0.1540,157.75,-0.1540,-202.25,1,30.0,idle,+0.000,+0.000,+0.000,+0.000,1100,0,
1785507654.2262,2026-07-31T10:20:54.226,143.507,1445,,,,0,,,,-0.1578,157.73,-0.1578,-202.27,1,30.0,idle,+0.000,+0.000,+0.000,+0.000,1100,0,
1785507654.3263,2026-07-31T10:20:54.326,143.608,1446,,,,0,,,,-0.1601,157.71,-0.1601,-202.29,1,30.0,idle,+0.000,+0.000,+0.000,+0.000,1100,0,
1785507654.4266,2026-07-31T10:20:54.426,143.708,1447,,,,0,,,,-0.1534,157.69,-0.1534,-202.31,1,30.0,idle,+0.000,+0.000,+0.000,+0.000,1100,0,
1785507654.5263,2026-07-31T10:20:54.526,143.807,1448,,,,0,,,,-0.1589,157.67,-0.1589,-202.33,1,30.0,idle,+0.000,+0.000,+0.000,+0.000,1100,0,
1785507654.6247,2026-07-31T10:20:54.624,143.906,1449,,,,0,,,,-0.1588,157.65,-0.1588,-202.35,1,30.0,idle,+0.000,+0.000,+0.000,+0.000,1100,0,
1785507654.7239,2026-07-31T10:20:54.723,144.005,1450,,,,0,,,,-0.1563,157.64,-0.1563,-202.36,1,30.0,idle,+0.000,+0.000,+0.000,+0.000,1100,0,
1785507654.8234,2026-07-31T10:20:54.823,144.105,1451,,,,0,,,,-0.1584,157.62,-0.1584,-202.38,1,30.0,idle,+0.000,+0.000,+0.000,+0.000,1100,0,
1785507654.9221,2026-07-31T10:20:54.922,144.203,1452,,,,0,,,,-0.1515,157.61,-0.1515,-202.39,1,30.0,idle,+0.000,+0.000,+0.000,+0.000,1100,0,
1785507655.0215,2026-07-31T10:20:55.021,144.303,1453,,,,0,,,,-0.1556,157.58,-0.1556,-202.42,1,30.0,idle,+0.000,+0.000,+0.000,+0.000,1100,0,
1785507655.1204,2026-07-31T10:20:55.120,144.402,1454,,,,0,,,,-0.1544,157.57,-0.1544,-202.43,1,30.0,idle,+0.000,+0.000,+0.000,+0.000,1100,0,
1785507655.2197,2026-07-31T10:20:55.219,144.501,1455,,,,0,,,,-0.1602,157.55,-0.1602,-202.45,1,30.0,idle,+0.000,+0.000,+0.000,+0.000,1100,0,
1785507655.3180,2026-07-31T10:20:55.317,144.599,1456,,,,0,,,,-0.1534,157.53,-0.1534,-202.47,1,30.0,idle,+0.000,+0.000,+0.000,+0.000,1100,0,
1785507655.4179,2026-07-31T10:20:55.417,144.699,1457,,,,0,,,,-0.1593,157.51,-0.1593,-202.49,1,30.0,idle,+0.000,+0.000,+0.000,+0.000,1100,0,
1785507655.5182,2026-07-31T10:20:55.518,144.799,1458,,,,0,,,,-0.1539,157.49,-0.1539,-202.51,1,30.0,idle,+0.000,+0.000,+0.000,+0.000,1100,0,
1785507655.6176,2026-07-31T10:20:55.617,144.899,1459,,,,0,,,,-0.1546,157.47,-0.1546,-202.53,1,30.0,idle,+0.000,+0.000,+0.000,+0.000,1100,0,
1785507655.7167,2026-07-31T10:20:55.716,144.998,1460,,,,0,,,,-0.1580,157.44,-0.1580,-202.56,1,30.0,idle,+0.000,+0.000,+0.000,+0.000,1100,0,
1785507655.8156,2026-07-31T10:20:55.815,145.097,1461,,,,0,,,,-0.1568,157.42,-0.1568,-202.58,1,30.0,idle,+0.000,+0.000,+0.000,+0.000,1100,0,
1785507655.9148,2026-07-31T10:20:55.914,145.196,1462,,,,0,,,,-0.1591,157.40,-0.1591,-202.60,1,30.0,idle,+0.000,+0.000,+0.000,+0.000,1100,0,
1785507656.0139,2026-07-31T10:20:56.013,145.295,1463,,,,0,,,,-0.1529,157.37,-0.1529,-202.63,1,30.0,idle,+0.000,+0.000,+0.000,+0.000,1100,0,
1785507656.1141,2026-07-31T10:20:56.114,145.395,1464,,,,0,,,,-0.1587,157.36,-0.1587,-202.64,1,30.0,idle,+0.000,+0.000,+0.000,+0.000,1100,0,
1785507656.2135,2026-07-31T10:20:56.213,145.495,1465,,,,0,,,,-0.1602,157.32,-0.1602,-202.68,1,30.0,idle,+0.000,+0.000,+0.000,+0.000,1100,0,
1785507656.3133,2026-07-31T10:20:56.313,145.595,1466,,,,0,,,,-0.1578,157.30,-0.1578,-202.70,1,30.0,idle,+0.000,+0.000,+0.000,+0.000,1100,0,
1785507656.4125,2026-07-31T10:20:56.412,145.694,1467,,,,0,,,,-0.1554,157.29,-0.1554,-202.71,1,30.0,idle,+0.000,+0.000,+0.000,+0.000,1100,0,
1785507656.5114,2026-07-31T10:20:56.511,145.793,1468,,,,0,,,,-0.1566,157.26,-0.1566,-202.74,1,30.0,idle,+0.000,+0.000,+0.000,+0.000,1100,0,
1785507656.6107,2026-07-31T10:20:56.610,145.892,1469,,,,0,,,,-0.1571,157.25,-0.1571,-202.75,1,30.0,idle,+0.000,+0.000,+0.000,+0.000,1100,0,
1785507656.7095,2026-07-31T10:20:56.709,145.991,1470,,,,0,,,,-0.1578,157.22,-0.1578,-202.78,1,30.0,idle,+0.000,+0.000,+0.000,+0.000,1100,0,
1785507656.8083,2026-07-31T10:20:56.808,146.089,1471,,,,0,,,,-0.1600,157.22,-0.1600,-202.78,1,30.0,idle,+0.000,+0.000,+0.000,+0.000,1100,0,
1785507656.9078,2026-07-31T10:20:56.907,146.189,1472,,,,0,,,,-0.1571,157.20,-0.1571,-202.80,1,30.0,idle,+0.000,+0.000,+0.000,+0.000,1100,0,
1785507657.0066,2026-07-31T10:20:57.006,146.288,1473,,,,0,,,,-0.1549,157.17,-0.1549,-202.83,1,30.0,idle,+0.000,+0.000,+0.000,+0.000,1100,0,
1785507657.1058,2026-07-31T10:20:57.105,146.387,1474,,,,0,,,,-0.1563,157.16,-0.1563,-202.84,1,30.0,idle,+0.000,+0.000,+0.000,+0.000,1100,0,
1785507657.2054,2026-07-31T10:20:57.205,146.487,1475,,,,0,,,,-0.1533,157.14,-0.1533,-202.86,1,30.0,idle,+0.000,+0.000,+0.000,+0.000,1100,0,
1785507657.3046,2026-07-31T10:20:57.304,146.586,1476,,,,0,,,,-0.1526,157.14,-0.1526,-202.86,1,30.0,idle,+0.000,+0.000,+0.000,+0.000,1100,0,
1785507657.4023,2026-07-31T10:20:57.402,146.684,1477,,,,0,,,,-0.1534,157.12,-0.1534,-202.88,1,30.0,idle,+0.000,+0.000,+0.000,+0.000,1100,0,
1785507657.5017,2026-07-31T10:20:57.501,146.783,1478,,,,0,,,,-0.1558,157.09,-0.1558,-202.91,1,30.0,idle,+0.000,+0.000,+0.000,+0.000,1100,0,
1785507657.6018,2026-07-31T10:20:57.601,146.883,1479,,,,0,,,,-0.1572,157.08,-0.1572,-202.92,1,30.0,idle,+0.000,+0.000,+0.000,+0.000,1100,0,
1785507657.7004,2026-07-31T10:20:57.700,146.982,1480,,,,0,,,,-0.1601,157.05,-0.1601,-202.95,1,30.0,idle,+0.000,+0.000,+0.000,+0.000,1100,0,
1785507657.8006,2026-07-31T10:20:57.800,147.082,1481,,,,0,,,,-0.1561,157.04,-0.1561,-202.96,1,30.0,idle,+0.000,+0.000,+0.000,+0.000,1100,0,
1785507657.8998,2026-07-31T10:20:57.899,147.181,1482,,,,0,,,,-0.1607,157.02,-0.1607,-202.98,1,30.0,idle,+0.000,+0.000,+0.000,+0.000,1100,0,
1785507657.9984,2026-07-31T10:20:57.998,147.280,1483,,,,0,,,,-0.1568,156.99,-0.1568,-203.01,1,30.0,idle,+0.000,+0.000,+0.000,+0.000,1100,0,
1785507658.0971,2026-07-31T10:20:58.097,147.378,1484,,,,0,,,,-0.1549,156.97,-0.1549,-203.03,1,30.0,idle,+0.000,+0.000,+0.000,+0.000,1100,0,
1785507658.1967,2026-07-31T10:20:58.196,147.478,1485,,,,0,,,,-0.1574,156.95,-0.1574,-203.05,1,30.0,idle,+0.000,+0.000,+0.000,+0.000,1100,0,
1785507658.2956,2026-07-31T10:20:58.295,147.577,1486,,,,0,,,,-0.1571,156.94,-0.1571,-203.06,1,30.0,idle,+0.000,+0.000,+0.000,+0.000,1100,0,
1785507658.3942,2026-07-31T10:20:58.394,147.675,1487,,,,0,,,,-0.1554,156.91,-0.1554,-203.09,1,30.0,idle,+0.000,+0.000,+0.000,+0.000,1100,0,
1785507658.4938,2026-07-31T10:20:58.493,147.775,1488,,,,0,,,,-0.1580,156.90,-0.1580,-203.10,1,30.0,idle,+0.000,+0.000,+0.000,+0.000,1100,0,
1785507658.5929,2026-07-31T10:20:58.592,147.874,1489,,,,0,,,,-0.1574,156.89,-0.1574,-203.11,1,30.0,idle,+0.000,+0.000,+0.000,+0.000,1100,0,
1785507658.6913,2026-07-31T10:20:58.691,147.972,1490,,,,0,,,,-0.1555,156.86,-0.1555,-203.14,1,30.0,idle,+0.000,+0.000,+0.000,+0.000,1100,0,
1785507658.7906,2026-07-31T10:20:58.790,148.072,1491,,,,0,,,,-0.1564,156.84,-0.1564,-203.16,1,30.0,idle,+0.000,+0.000,+0.000,+0.000,1100,0,
1785507658.8891,2026-07-31T10:20:58.889,148.170,1492,,,,0,,,,-0.1531,156.81,-0.1531,-203.19,1,30.0,idle,+0.000,+0.000,+0.000,+0.000,1100,0,
1785507658.9885,2026-07-31T10:20:58.988,148.270,1493,,,,0,,,,-0.1562,156.80,-0.1562,-203.20,1,30.0,idle,+0.000,+0.000,+0.000,+0.000,1100,0,
1785507659.0877,2026-07-31T10:20:59.087,148.369,1494,,,,0,,,,-0.1510,156.76,-0.1510,-203.24,1,30.0,idle,+0.000,+0.000,+0.000,+0.000,1100,0,
1785507659.1869,2026-07-31T10:20:59.186,148.468,1495,,,,0,,,,-0.1543,156.73,-0.1543,-203.27,1,30.0,idle,+0.000,+0.000,+0.000,+0.000,1100,0,
1785507659.2858,2026-07-31T10:20:59.285,148.567,1496,,,,0,,,,-0.1579,156.72,-0.1579,-203.28,1,30.0,idle,+0.000,+0.000,+0.000,+0.000,1100,0,
1785507659.3844,2026-07-31T10:20:59.384,148.666,1497,,,,0,,,,-0.1582,156.69,-0.1582,-203.31,1,30.0,idle,+0.000,+0.000,+0.000,+0.000,1100,0,
1785507659.4841,2026-07-31T10:20:59.484,148.765,1498,,,,0,,,,-0.1573,156.68,-0.1573,-203.32,1,30.0,idle,+0.000,+0.000,+0.000,+0.000,1100,0,
1785507659.5844,2026-07-31T10:20:59.584,148.866,1499,,,,0,,,,-0.1571,156.66,-0.1571,-203.34,1,30.0,idle,+0.000,+0.000,+0.000,+0.000,1100,0,
1785507659.6846,2026-07-31T10:20:59.684,148.966,1500,,,,0,,,,-0.1548,156.65,-0.1548,-203.35,1,30.0,idle,+0.000,+0.000,+0.000,+0.000,1100,0,
1785507659.7837,2026-07-31T10:20:59.783,149.065,1501,,,,0,,,,-0.1594,156.62,-0.1594,-203.38,1,30.0,idle,+0.000,+0.000,+0.000,+0.000,1100,0,
1785507659.8823,2026-07-31T10:20:59.882,149.163,1502,,,,0,,,,-0.1580,156.59,-0.1580,-203.41,1,30.0,idle,+0.000,+0.000,+0.000,+0.000,1100,0,
1785507659.9825,2026-07-31T10:20:59.982,149.264,1503,,,,0,,,,-0.1576,156.57,-0.1576,-203.43,1,30.0,idle,+0.000,+0.000,+0.000,+0.000,1100,0,
1785507660.0816,2026-07-31T10:21:00.081,149.363,1504,,,,0,,,,-0.1614,156.55,-0.1614,-203.45,1,30.0,idle,+0.000,+0.000,+0.000,+0.000,1100,0,
1785507660.1810,2026-07-31T10:21:00.180,149.462,1505,,,,0,,,,-0.1538,156.51,-0.1538,-203.49,1,30.0,idle,+0.000,+0.000,+0.000,+0.000,1100,0,
1785507660.2793,2026-07-31T10:21:00.279,149.560,1506,,,,0,,,,-0.1561,156.50,-0.1561,-203.50,1,30.0,idle,+0.000,+0.000,+0.000,+0.000,1100,0,
1785507660.3782,2026-07-31T10:21:00.378,149.659,1507,,,,0,,,,-0.1553,156.47,-0.1553,-203.53,1,30.0,idle,+0.000,+0.000,+0.000,+0.000,1100,0,
1785507660.4780,2026-07-31T10:21:00.478,149.759,1508,,,,0,,,,-0.1566,156.47,-0.1566,-203.53,1,30.0,idle,+0.000,+0.000,+0.000,+0.000,1100,0,
1785507660.5770,2026-07-31T10:21:00.577,149.858,1509,,,,0,,,,-0.1557,156.44,-0.1557,-203.56,1,30.0,idle,+0.000,+0.000,+0.000,+0.000,1100,0,
1785507660.6761,2026-07-31T10:21:00.676,149.957,1510,,,,0,,,,-0.1559,156.41,-0.1559,-203.59,1,30.0,idle,+0.000,+0.000,+0.000,+0.000,1100,0,
1785507660.7753,2026-07-31T10:21:00.775,150.057,1511,,,,0,,,,-0.1539,156.40,-0.1539,-203.60,1,30.0,idle,+0.000,+0.000,+0.000,+0.000,1100,0,
1785507660.8748,2026-07-31T10:21:00.874,150.156,1512,,,,0,,,,-0.1543,156.37,-0.1543,-203.63,1,30.0,idle,+0.000,+0.000,+0.000,+0.000,1100,0,
1785507660.9748,2026-07-31T10:21:00.974,150.256,1513,,,,0,,,,-0.1585,156.36,-0.1585,-203.64,1,30.0,idle,+0.000,+0.000,+0.000,+0.000,1100,0,
1785507661.0735,2026-07-31T10:21:01.073,150.355,1514,,,,0,,,,-0.1553,156.34,-0.1553,-203.66,1,30.0,idle,+0.000,+0.000,+0.000,+0.000,1100,0,
1785507661.1726,2026-07-31T10:21:01.172,150.454,1515,,,,0,,,,-0.1550,156.33,-0.1550,-203.67,1,30.0,idle,+0.000,+0.000,+0.000,+0.000,1100,0,
1785507661.2720,2026-07-31T10:21:01.272,150.553,1516,,,,0,,,,-0.1547,156.31,-0.1547,-203.69,1,30.0,idle,+0.000,+0.000,+0.000,+0.000,1100,0,
1785507661.3695,2026-07-31T10:21:01.369,150.651,1517,,,,0,,,,-0.1578,156.28,-0.1578,-203.72,1,30.0,idle,+0.000,+0.000,+0.000,+0.000,1100,0,
1785507661.4689,2026-07-31T10:21:01.468,150.750,1518,,,,0,,,,-0.1580,156.26,-0.1580,-203.74,1,30.0,idle,+0.000,+0.000,+0.000,+0.000,1100,0,
1785507661.5682,2026-07-31T10:21:01.568,150.849,1519,,,,0,,,,-0.1508,156.24,-0.1508,-203.76,1,30.0,idle,+0.000,+0.000,+0.000,+0.000,1100,0,
1785507661.6692,2026-07-31T10:21:01.669,150.950,1520,,,,0,,,,-0.1586,156.23,-0.1586,-203.77,1,30.0,idle,+0.000,+0.000,+0.000,+0.000,1100,0,
1785507661.7682,2026-07-31T10:21:01.768,151.049,1521,,,,0,,,,-0.1589,156.21,-0.1589,-203.79,1,30.0,idle,+0.000,+0.000,+0.000,+0.000,1100,0,
1785507661.8687,2026-07-31T10:21:01.868,151.150,1522,,,,0,,,,-0.1588,156.17,-0.1588,-203.83,1,30.0,idle,+0.000,+0.000,+0.000,+0.000,1100,0,
1785507661.9688,2026-07-31T10:21:01.968,151.250,1523,,,,0,,,,-0.1532,156.16,-0.1532,-203.84,1,30.0,idle,+0.000,+0.000,+0.000,+0.000,1100,0,
1785507662.0682,2026-07-31T10:21:02.068,151.349,1524,,,,0,,,,-0.1554,156.14,-0.1554,-203.86,1,30.0,idle,+0.000,+0.000,+0.000,+0.000,1100,0,
1785507662.1668,2026-07-31T10:21:02.166,151.448,1525,,,,0,,,,-0.1572,156.12,-0.1572,-203.88,1,30.0,idle,+0.000,+0.000,+0.000,+0.000,1100,0,
1785507662.2654,2026-07-31T10:21:02.265,151.547,1526,,,,0,,,,-0.1545,156.10,-0.1545,-203.90,1,30.0,idle,+0.000,+0.000,+0.000,+0.000,1100,0,
1785507662.3644,2026-07-31T10:21:02.364,151.646,1527,,,,0,,,,-0.1598,156.08,-0.1598,-203.92,1,30.0,idle,+0.000,+0.000,+0.000,+0.000,1100,0,
1785507662.4641,2026-07-31T10:21:02.464,151.745,1528,,,,0,,,,-0.1557,156.06,-0.1557,-203.94,1,30.0,idle,+0.000,+0.000,+0.000,+0.000,1100,0,
1785507662.5627,2026-07-31T10:21:02.562,151.844,1529,,,,0,,,,-0.1600,156.04,-0.1600,-203.96,1,30.0,idle,+0.000,+0.000,+0.000,+0.000,1100,0,
1785507662.6618,2026-07-31T10:21:02.661,151.943,1530,,,,0,,,,-0.1559,156.03,-0.1559,-203.97,1,30.0,idle,+0.000,+0.000,+0.000,+0.000,1100,0,
1785507662.7614,2026-07-31T10:21:02.761,152.043,1531,,,,0,,,,-0.1569,156.01,-0.1569,-203.99,1,30.0,idle,+0.000,+0.000,+0.000,+0.000,1100,0,
1785507662.8606,2026-07-31T10:21:02.860,152.142,1532,,,,0,,,,-0.1588,155.97,-0.1588,-204.03,1,30.0,idle,+0.000,+0.000,+0.000,+0.000,1100,0,
1785507662.9600,2026-07-31T10:21:02.959,152.241,1533,,,,0,,,,-0.1571,155.95,-0.1571,-204.05,1,30.0,idle,+0.000,+0.000,+0.000,+0.000,1100,0,
1785507663.0587,2026-07-31T10:21:03.058,152.340,1534,,,,0,,,,-0.1559,155.93,-0.1559,-204.07,1,30.0,idle,+0.000,+0.000,+0.000,+0.000,1100,0,
1785507663.1591,2026-07-31T10:21:03.159,152.440,1535,,,,0,,,,-0.1567,155.92,-0.1567,-204.08,1,30.0,idle,+0.000,+0.000,+0.000,+0.000,1100,0,
1785507663.2582,2026-07-31T10:21:03.258,152.539,1536,,,,0,,,,-0.1563,155.90,-0.1563,-204.10,1,30.0,idle,+0.000,+0.000,+0.000,+0.000,1100,0,
1785507663.3566,2026-07-31T10:21:03.356,152.638,1537,,,,0,,,,-0.1548,155.89,-0.1548,-204.11,1,30.0,idle,+0.000,+0.000,+0.000,+0.000,1100,0,
1785507663.4567,2026-07-31T10:21:03.456,152.738,1538,,,,0,,,,-0.1577,155.86,-0.1577,-204.14,1,30.0,idle,+0.000,+0.000,+0.000,+0.000,1100,0,
1785507663.5561,2026-07-31T10:21:03.556,152.837,1539,,,,0,,,,-0.1581,155.83,-0.1581,-204.17,1,30.0,idle,+0.000,+0.000,+0.000,+0.000,1100,0,
1785507663.6546,2026-07-31T10:21:03.654,152.936,1540,,,,0,,,,-0.1577,155.83,-0.1577,-204.17,1,30.0,idle,+0.000,+0.000,+0.000,+0.000,1100,0,
1785507663.7547,2026-07-31T10:21:03.754,153.036,1541,,,,0,,,,-0.1591,155.82,-0.1591,-204.18,1,30.0,idle,+0.000,+0.000,+0.000,+0.000,1100,0,
1785507663.8541,2026-07-31T10:21:03.854,153.135,1542,,,,0,,,,-0.1559,155.81,-0.1559,-204.19,1,30.0,idle,+0.000,+0.000,+0.000,+0.000,1100,0,
1785507663.9542,2026-07-31T10:21:03.954,153.235,1543,,,,0,,,,-0.1559,155.78,-0.1559,-204.22,1,30.0,idle,+0.000,+0.000,+0.000,+0.000,1100,0,
1785507664.0527,2026-07-31T10:21:04.052,153.334,1544,,,,0,,,,-0.1594,155.77,-0.1594,-204.23,1,30.0,idle,+0.000,+0.000,+0.000,+0.000,1100,0,
1785507664.1533,2026-07-31T10:21:04.153,153.434,1545,,,,0,,,,-0.1597,155.76,-0.1597,-204.24,1,30.0,idle,+0.000,+0.000,+0.000,+0.000,1100,0,
1785507664.2516,2026-07-31T10:21:04.251,153.533,1546,,,,0,,,,-0.1595,155.73,-0.1595,-204.27,1,30.0,idle,+0.000,+0.000,+0.000,+0.000,1100,0,
1785507664.3511,2026-07-31T10:21:04.351,153.632,1547,,,,0,,,,-0.1577,155.76,-0.1577,-204.24,1,30.0,idle,+0.000,+0.000,+0.000,+0.000,1100,0,
1785507664.4500,2026-07-31T10:21:04.449,153.731,1548,,,,0,,,,-0.1558,155.74,-0.1558,-204.26,1,30.0,idle,+0.000,+0.000,+0.000,+0.000,1100,0,
1785507664.5501,2026-07-31T10:21:04.550,153.831,1549,,,,0,,,,-0.1556,155.71,-0.1556,-204.29,1,30.0,idle,+0.000,+0.000,+0.000,+0.000,1100,0,
1785507664.6496,2026-07-31T10:21:04.649,153.931,1550,,,,0,,,,-0.1553,155.70,-0.1553,-204.30,1,30.0,idle,+0.000,+0.000,+0.000,+0.000,1100,0,
1785507664.7501,2026-07-31T10:21:04.750,154.031,1551,,,,0,,,,-0.1571,155.68,-0.1571,-204.32,1,30.0,idle,+0.000,+0.000,+0.000,+0.000,1100,0,
1785507664.8489,2026-07-31T10:21:04.848,154.130,1552,,,,0,,,,-0.1589,155.68,-0.1589,-204.32,1,30.0,idle,+0.000,+0.000,+0.000,+0.000,1100,0,
1785507664.9479,2026-07-31T10:21:04.947,154.229,1553,,,,0,,,,-0.1584,155.64,-0.1584,-204.36,1,30.0,idle,+0.000,+0.000,+0.000,+0.000,1100,0,
1785507665.0467,2026-07-31T10:21:05.046,154.328,1554,,,,0,,,,-0.1562,155.62,-0.1562,-204.38,1,30.0,idle,+0.000,+0.000,+0.000,+0.000,1100,0,
1785507665.1462,2026-07-31T10:21:05.146,154.427,1555,,,,0,,,,-0.1528,155.62,-0.1528,-204.38,1,30.0,idle,+0.000,+0.000,+0.000,+0.000,1100,0,
1785507665.2456,2026-07-31T10:21:05.245,154.527,1556,,,,0,,,,-0.1558,155.57,-0.1558,-204.43,1,30.0,idle,+0.000,+0.000,+0.000,+0.000,1100,0,
1785507665.3446,2026-07-31T10:21:05.344,154.626,1557,,,,0,,,,-0.1580,155.57,-0.1580,-204.43,1,30.0,idle,+0.000,+0.000,+0.000,+0.000,1100,0,
1785507665.4438,2026-07-31T10:21:05.443,154.725,1558,,,,0,,,,-0.1553,155.53,-0.1553,-204.47,1,30.0,idle,+0.000,+0.000,+0.000,+0.000,1100,0,
1785507665.5436,2026-07-31T10:21:05.543,154.825,1559,,,,0,,,,-0.1588,155.51,-0.1588,-204.49,1,30.0,idle,+0.000,+0.000,+0.000,+0.000,1100,0,
1785507665.6427,2026-07-31T10:21:05.642,154.924,1560,,,,0,,,,-0.1566,155.49,-0.1566,-204.51,1,30.0,idle,+0.000,+0.000,+0.000,+0.000,1100,0,
1785507665.7423,2026-07-31T10:21:05.742,155.023,1561,,,,0,,,,-0.1591,155.44,-0.1591,-204.56,1,30.0,idle,+0.000,+0.000,+0.000,+0.000,1100,0,
1785507665.8407,2026-07-31T10:21:05.840,155.122,1562,,,,0,,,,-0.1564,155.43,-0.1564,-204.57,1,30.0,idle,+0.000,+0.000,+0.000,+0.000,1100,0,
1785507665.9414,2026-07-31T10:21:05.941,155.223,1563,,,,0,,,,-0.1608,155.40,-0.1608,-204.60,1,30.0,idle,+0.000,+0.000,+0.000,+0.000,1100,0,
1785507666.0400,2026-07-31T10:21:06.039,155.321,1564,,,,0,,,,-0.1562,155.40,-0.1562,-204.60,1,30.0,idle,+0.000,+0.000,+0.000,+0.000,1100,0,
1785507666.1393,2026-07-31T10:21:06.139,155.420,1565,,,,0,,,,-0.1556,155.39,-0.1556,-204.61,1,30.0,idle,+0.000,+0.000,+0.000,+0.000,1100,0,
1785507666.2389,2026-07-31T10:21:06.238,155.520,1566,,,,0,,,,-0.1579,155.37,-0.1579,-204.63,1,30.0,idle,+0.000,+0.000,+0.000,+0.000,1100,0,
1785507666.3380,2026-07-31T10:21:06.337,155.619,1567,,,,0,,,,-0.1587,155.35,-0.1587,-204.65,1,30.0,idle,+0.000,+0.000,+0.000,+0.000,1100,0,
1785507666.4376,2026-07-31T10:21:06.437,155.719,1568,,,,0,,,,-0.1596,155.33,-0.1596,-204.67,1,30.0,idle,+0.000,+0.000,+0.000,+0.000,1100,0,
1785507666.5371,2026-07-31T10:21:06.537,155.818,1569,,,,0,,,,-0.1532,155.31,-0.1532,-204.69,1,30.0,idle,+0.000,+0.000,+0.000,+0.000,1100,0,
1785507666.6386,2026-07-31T10:21:06.638,155.920,1570,,,,0,,,,-0.1582,155.28,-0.1582,-204.72,1,30.0,idle,+0.000,+0.000,+0.000,+0.000,1100,0,
1785507666.7387,2026-07-31T10:21:06.738,156.020,1571,,,,0,,,,-0.1563,155.26,-0.1563,-204.74,1,30.0,idle,+0.000,+0.000,+0.000,+0.000,1100,0,
1785507666.8392,2026-07-31T10:21:06.839,156.120,1572,,,,0,,,,-0.1598,155.24,-0.1598,-204.76,1,30.0,idle,+0.000,+0.000,+0.000,+0.000,1100,0,
1785507666.9387,2026-07-31T10:21:06.938,156.220,1573,,,,0,,,,-0.1579,155.21,-0.1579,-204.79,1,30.0,idle,+0.000,+0.000,+0.000,+0.000,1100,0,
1785507667.0383,2026-07-31T10:21:07.038,156.319,1574,,,,0,,,,-0.1549,155.20,-0.1549,-204.80,1,30.0,idle,+0.000,+0.000,+0.000,+0.000,1100,0,
1785507667.1378,2026-07-31T10:21:07.137,156.419,1575,,,,0,,,,-0.1586,155.18,-0.1586,-204.82,1,30.0,idle,+0.000,+0.000,+0.000,+0.000,1100,0,
1785507667.2370,2026-07-31T10:21:07.237,156.518,1576,,,,0,,,,-0.1578,155.16,-0.1578,-204.84,1,30.0,idle,+0.000,+0.000,+0.000,+0.000,1100,0,
1785507667.3373,2026-07-31T10:21:07.337,156.618,1577,,,,0,,,,-0.1582,155.13,-0.1582,-204.87,1,30.0,idle,+0.000,+0.000,+0.000,+0.000,1100,0,
1785507667.4351,2026-07-31T10:21:07.435,156.716,1578,,,,0,,,,-0.1624,155.11,-0.1624,-204.89,1,30.0,idle,+0.000,+0.000,+0.000,+0.000,1100,0,
1785507667.5345,2026-07-31T10:21:07.534,156.816,1579,,,,0,,,,-0.1591,155.13,-0.1591,-204.87,1,30.0,idle,+0.000,+0.000,+0.000,+0.000,1100,0,
1785507667.6343,2026-07-31T10:21:07.634,156.915,1580,,,,0,,,,-0.1565,155.10,-0.1565,-204.90,1,30.0,idle,+0.000,+0.000,+0.000,+0.000,1100,0,
1785507667.7336,2026-07-31T10:21:07.733,157.015,1581,,,,0,,,,-0.1527,155.08,-0.1527,-204.92,1,30.0,idle,+0.000,+0.000,+0.000,+0.000,1100,0,
1785507667.8322,2026-07-31T10:21:07.832,157.113,1582,,,,0,,,,-0.1593,155.07,-0.1593,-204.93,1,30.0,idle,+0.000,+0.000,+0.000,+0.000,1100,0,
1785507667.9326,2026-07-31T10:21:07.932,157.214,1583,,,,0,,,,-0.1599,155.04,-0.1599,-204.96,1,30.0,idle,+0.000,+0.000,+0.000,+0.000,1100,0,
1785507668.0311,2026-07-31T10:21:08.031,157.312,1584,,,,0,,,,-0.1571,155.03,-0.1571,-204.97,1,30.0,idle,+0.000,+0.000,+0.000,+0.000,1100,0,
1785507668.1303,2026-07-31T10:21:08.130,157.411,1585,,,,0,,,,-0.1621,155.00,-0.1621,-205.00,1,30.0,idle,+0.000,+0.000,+0.000,+0.000,1100,0,
1785507668.2304,2026-07-31T10:21:08.230,157.512,1586,,,,0,,,,-0.1608,155.01,-0.1608,-204.99,1,30.0,idle,+0.000,+0.000,+0.000,+0.000,1100,0,
1785507668.3290,2026-07-31T10:21:08.328,157.610,1587,,,,0,,,,-0.1562,154.98,-0.1562,-205.02,1,30.0,idle,+0.000,+0.000,+0.000,+0.000,1100,0,
1785507668.4291,2026-07-31T10:21:08.429,157.710,1588,,,,0,,,,-0.1599,154.97,-0.1599,-205.03,1,30.0,idle,+0.000,+0.000,+0.000,+0.000,1100,0,
1785507668.5287,2026-07-31T10:21:08.528,157.810,1589,,,,0,,,,-0.1537,154.96,-0.1537,-205.04,1,30.0,idle,+0.000,+0.000,+0.000,+0.000,1100,0,
1785507668.6274,2026-07-31T10:21:08.627,157.909,1590,,,,0,,,,-0.1599,154.93,-0.1599,-205.07,1,30.0,idle,+0.000,+0.000,+0.000,+0.000,1100,0,
1785507668.7268,2026-07-31T10:21:08.726,158.008,1591,,,,0,,,,-0.1577,154.89,-0.1577,-205.11,1,30.0,idle,+0.000,+0.000,+0.000,+0.000,1100,0,
1785507668.8254,2026-07-31T10:21:08.825,158.107,1592,,,,0,,,,-0.1573,154.88,-0.1573,-205.12,1,30.0,idle,+0.000,+0.000,+0.000,+0.000,1100,0,
1785507668.9248,2026-07-31T10:21:08.924,158.206,1593,,,,0,,,,-0.1561,154.89,-0.1561,-205.11,1,30.0,idle,+0.000,+0.000,+0.000,+0.000,1100,0,
1785507669.0233,2026-07-31T10:21:09.023,158.304,1594,,,,0,,,,-0.1589,154.87,-0.1589,-205.13,1,30.0,idle,+0.000,+0.000,+0.000,+0.000,1100,0,
1785507669.1226,2026-07-31T10:21:09.122,158.404,1595,,,,0,,,,-0.1564,154.86,-0.1564,-205.14,1,30.0,idle,+0.000,+0.000,+0.000,+0.000,1100,0,
1785507669.2211,2026-07-31T10:21:09.221,158.502,1596,,,,0,,,,-0.1568,154.67,-0.1568,-205.33,1,30.0,idle,+0.000,+0.000,+0.000,+0.000,1100,0,
1785507669.3203,2026-07-31T10:21:09.320,158.601,1597,,,,0,,,,-0.1597,154.68,-0.1597,-205.32,1,30.0,idle,+0.000,+0.000,+0.000,+0.000,1100,0,
1785507669.4192,2026-07-31T10:21:09.419,158.700,1598,,,,0,,,,-0.1605,154.64,-0.1605,-205.36,1,30.0,idle,+0.000,+0.000,+0.000,+0.000,1100,0,
1785507669.5186,2026-07-31T10:21:09.518,158.800,1599,,,,0,,,,-0.1532,154.56,-0.1532,-205.44,1,30.0,idle,+0.000,+0.000,+0.000,+0.000,1100,0,
1785507669.6169,2026-07-31T10:21:09.616,158.898,1600,,,,0,,,,-0.1623,154.52,-0.1623,-205.48,1,30.0,idle,+0.000,+0.000,+0.000,+0.000,1100,0,
1785507669.7166,2026-07-31T10:21:09.716,158.998,1601,,,,0,,,,-0.1563,154.52,-0.1563,-205.48,1,30.0,idle,+0.000,+0.000,+0.000,+0.000,1100,0,
1785507669.8153,2026-07-31T10:21:09.815,159.097,1602,,,,0,,,,-0.1556,154.54,-0.1556,-205.46,1,30.0,idle,+0.000,+0.000,+0.000,+0.000,1100,0,
1785507669.9150,2026-07-31T10:21:09.915,159.196,1603,,,,0,,,,-0.1588,154.51,-0.1588,-205.49,1,30.0,idle,+0.000,+0.000,+0.000,+0.000,1100,0,
1785507670.0147,2026-07-31T10:21:10.014,159.296,1604,,,,0,,,,-0.1552,154.51,-0.1552,-205.49,1,30.0,idle,+0.000,+0.000,+0.000,+0.000,1100,0,
1785507670.1131,2026-07-31T10:21:10.113,159.394,1605,,,,0,,,,-0.1579,154.20,-0.1579,-205.80,1,30.0,idle,+0.000,+0.000,+0.000,+0.000,1100,0,
1785507670.2128,2026-07-31T10:21:10.212,159.494,1606,,,,0,,,,-0.1552,154.07,-0.1552,-205.93,1,30.0,idle,+0.000,+0.000,+0.000,+0.000,1100,0,
1785507670.3116,2026-07-31T10:21:10.311,159.593,1607,,,,0,,,,-0.1579,154.10,-0.1579,-205.90,1,30.0,idle,+0.000,+0.000,+0.000,+0.000,1100,0,
1785507670.4102,2026-07-31T10:21:10.410,159.691,1608,,,,0,,,,-0.1581,154.66,-0.1581,-205.34,1,30.0,idle,+0.000,+0.000,+0.000,+0.000,1100,0,
1785507670.5106,2026-07-31T10:21:10.510,159.792,1609,,,,0,,,,-0.1606,154.64,-0.1606,-205.36,1,30.0,idle,+0.000,+0.000,+0.000,+0.000,1100,0,
1785507670.6096,2026-07-31T10:21:10.609,159.891,1610,,,,0,,,,-0.1524,154.59,-0.1524,-205.41,1,30.0,idle,+0.000,+0.000,+0.000,+0.000,1100,0,
1785507670.7084,2026-07-31T10:21:10.708,159.990,1611,,,,0,,,,-0.1578,153.95,-0.1578,-206.05,1,30.0,idle,+0.000,+0.000,+0.000,+0.000,1100,0,
1785507670.8086,2026-07-31T10:21:10.808,160.090,1612,,,,0,,,,-0.1572,153.67,-0.1572,-206.33,1,30.0,idle,+0.000,+0.000,+0.000,+0.000,1100,0,
1785507670.9072,2026-07-31T10:21:10.907,160.188,1613,,,,0,,,,-0.1550,153.63,-0.1550,-206.37,1,30.0,idle,+0.000,+0.000,+0.000,+0.000,1100,0,
1785507671.0062,2026-07-31T10:21:11.006,160.287,1614,,,,0,,,,-0.1599,154.04,-0.1599,-205.96,1,30.0,idle,+0.000,+0.000,+0.000,+0.000,1100,0,
1785507671.1053,2026-07-31T10:21:11.105,160.386,1615,,,,0,,,,-0.1570,154.22,-0.1570,-205.78,1,30.0,idle,+0.000,+0.000,+0.000,+0.000,1100,0,
1785507671.2049,2026-07-31T10:21:11.204,160.486,1616,,,,0,,,,-0.1573,154.33,-0.1573,-205.67,1,30.0,idle,+0.000,+0.000,+0.000,+0.000,1100,0,
1785507671.3035,2026-07-31T10:21:11.303,160.585,1617,,,,0,,,,-0.1563,154.10,-0.1563,-205.90,1,30.0,idle,+0.000,+0.000,+0.000,+0.000,1100,0,
1785507671.4021,2026-07-31T10:21:11.402,160.683,1618,,,,0,,,,-0.1548,154.95,-0.1548,-205.05,1,30.0,idle,+0.000,+0.000,+0.000,+0.000,1100,0,
1785507671.5014,2026-07-31T10:21:11.501,160.783,1619,,,,0,,,,-0.1548,154.61,-0.1548,-205.39,1,30.0,idle,+0.000,+0.000,+0.000,+0.000,1100,0,
1785507671.6021,2026-07-31T10:21:11.602,160.883,1620,,,,0,,,,-0.1566,155.23,-0.1566,-204.77,1,30.0,idle,+0.000,+0.000,+0.000,+0.000,1100,0,
1785507671.7018,2026-07-31T10:21:11.701,160.983,1621,,,,0,,,,-0.1573,155.39,-0.1573,-204.61,1,30.0,idle,+0.000,+0.000,+0.000,+0.000,1100,0,
1785507671.8006,2026-07-31T10:21:11.800,161.082,1622,,,,0,,,,-0.1557,155.40,-0.1557,-204.60,1,30.0,idle,+0.000,+0.000,+0.000,+0.000,1100,0,
1785507671.8993,2026-07-31T10:21:11.899,161.180,1623,,,,0,,,,-0.1578,155.39,-0.1578,-204.61,1,30.0,idle,+0.000,+0.000,+0.000,+0.000,1100,0,
1785507671.9986,2026-07-31T10:21:11.998,161.280,1624,,,,0,,,,-0.1584,155.36,-0.1584,-204.64,1,30.0,idle,+0.000,+0.000,+0.000,+0.000,1100,0,
1785507672.0972,2026-07-31T10:21:12.097,161.378,1625,,,,0,,,,-0.1562,155.33,-0.1562,-204.67,1,30.0,idle,+0.000,+0.000,+0.000,+0.000,1100,0,
1785507672.1980,2026-07-31T10:21:12.198,161.479,1626,,,,0,,,,-0.1596,155.31,-0.1596,-204.69,1,30.0,idle,+0.000,+0.000,+0.000,+0.000,1100,0,
1785507672.2974,2026-07-31T10:21:12.297,161.579,1627,,,,0,,,,-0.1553,155.29,-0.1553,-204.71,1,30.0,idle,+0.000,+0.000,+0.000,+0.000,1100,0,
1785507672.3977,2026-07-31T10:21:12.397,161.679,1628,,,,0,,,,-0.1561,155.29,-0.1561,-204.71,1,30.0,idle,+0.000,+0.000,+0.000,+0.000,1100,0,
1785507672.4964,2026-07-31T10:21:12.496,161.778,1629,,,,0,,,,-0.1550,155.27,-0.1550,-204.73,1,30.0,idle,+0.000,+0.000,+0.000,+0.000,1100,0,
1785507672.5959,2026-07-31T10:21:12.595,161.877,1630,,,,0,,,,-0.1577,155.23,-0.1577,-204.77,1,30.0,idle,+0.000,+0.000,+0.000,+0.000,1100,0,
1785507672.6944,2026-07-31T10:21:12.694,161.976,1631,,,,0,,,,-0.1553,155.22,-0.1553,-204.78,1,30.0,idle,+0.000,+0.000,+0.000,+0.000,1100,0,
1785507672.7935,2026-07-31T10:21:12.793,162.075,1632,,,,0,,,,-0.1591,155.18,-0.1591,-204.82,1,30.0,idle,+0.000,+0.000,+0.000,+0.000,1100,0,
1785507672.8929,2026-07-31T10:21:12.892,162.174,1633,,,,0,,,,-0.1527,155.18,-0.1527,-204.82,1,30.0,idle,+0.000,+0.000,+0.000,+0.000,1100,0,
1785507672.9919,2026-07-31T10:21:12.991,162.273,1634,,,,0,,,,-0.1582,155.16,-0.1582,-204.84,1,30.0,idle,+0.000,+0.000,+0.000,+0.000,1100,0,
1785507673.0909,2026-07-31T10:21:13.090,162.372,1635,,,,0,,,,-0.1557,155.12,-0.1557,-204.88,1,30.0,idle,+0.000,+0.000,+0.000,+0.000,1100,0,
1785507673.1894,2026-07-31T10:21:13.189,162.471,1636,,,,0,,,,-0.1583,155.11,-0.1583,-204.89,1,30.0,idle,+0.000,+0.000,+0.000,+0.000,1100,0,
1785507673.2884,2026-07-31T10:21:13.288,162.570,1637,,,,0,,,,-0.1581,155.09,-0.1581,-204.91,1,30.0,idle,+0.000,+0.000,+0.000,+0.000,1100,0,
1785507673.3875,2026-07-31T10:21:13.387,162.669,1638,,,,0,,,,-0.1562,155.08,-0.1562,-204.92,1,30.0,idle,+0.000,+0.000,+0.000,+0.000,1100,0,
1785507673.4868,2026-07-31T10:21:13.486,162.768,1639,,,,0,,,,-0.1604,155.06,-0.1604,-204.94,1,30.0,idle,+0.000,+0.000,+0.000,+0.000,1100,0,
1785507673.5858,2026-07-31T10:21:13.585,162.867,1640,,,,0,,,,-0.1582,155.05,-0.1582,-204.95,1,30.0,idle,+0.000,+0.000,+0.000,+0.000,1100,0,
1785507673.6854,2026-07-31T10:21:13.685,162.967,1641,,,,0,,,,-0.1567,155.04,-0.1567,-204.96,1,30.0,idle,+0.000,+0.000,+0.000,+0.000,1100,0,
1785507673.7850,2026-07-31T10:21:13.785,163.066,1642,,,,0,,,,-0.1589,155.01,-0.1589,-204.99,1,30.0,idle,+0.000,+0.000,+0.000,+0.000,1100,0,
1785507673.8839,2026-07-31T10:21:13.883,163.165,1643,,,,0,,,,-0.1583,155.00,-0.1583,-205.00,1,30.0,idle,+0.000,+0.000,+0.000,+0.000,1100,0,
1785507673.9825,2026-07-31T10:21:13.982,163.264,1644,,,,0,,,,-0.1598,154.98,-0.1598,-205.02,1,30.0,idle,+0.000,+0.000,+0.000,+0.000,1100,0,
1785507674.0818,2026-07-31T10:21:14.081,163.363,1645,,,,0,,,,-0.1587,154.97,-0.1587,-205.03,1,30.0,idle,+0.000,+0.000,+0.000,+0.000,1100,0,
1785507674.1808,2026-07-31T10:21:14.180,163.462,1646,,,,0,,,,-0.1560,154.95,-0.1560,-205.05,1,30.0,idle,+0.000,+0.000,+0.000,+0.000,1100,0,
1785507674.2798,2026-07-31T10:21:14.279,163.561,1647,,,,0,,,,-0.1586,154.93,-0.1586,-205.07,1,30.0,idle,+0.000,+0.000,+0.000,+0.000,1100,0,
1785507674.3787,2026-07-31T10:21:14.378,163.660,1648,,,,0,,,,-0.1532,154.92,-0.1532,-205.08,1,30.0,idle,+0.000,+0.000,+0.000,+0.000,1100,0,
1785507674.4778,2026-07-31T10:21:14.477,163.759,1649,,,,0,,,,-0.1557,154.89,-0.1557,-205.11,1,30.0,idle,+0.000,+0.000,+0.000,+0.000,1100,0,
1785507674.5766,2026-07-31T10:21:14.576,163.858,1650,,,,0,,,,-0.1560,154.88,-0.1560,-205.12,1,30.0,idle,+0.000,+0.000,+0.000,+0.000,1100,0,
1785507674.6754,2026-07-31T10:21:14.675,163.957,1651,,,,0,,,,-0.1558,154.85,-0.1558,-205.15,1,30.0,idle,+0.000,+0.000,+0.000,+0.000,1100,0,
1785507674.7751,2026-07-31T10:21:14.775,164.056,1652,,,,0,,,,-0.1574,154.82,-0.1574,-205.18,1,30.0,idle,+0.000,+0.000,+0.000,+0.000,1100,0,
1785507674.8738,2026-07-31T10:21:14.873,164.155,1653,,,,0,,,,-0.1584,154.81,-0.1584,-205.19,1,30.0,idle,+0.000,+0.000,+0.000,+0.000,1100,0,
1785507674.9731,2026-07-31T10:21:14.973,164.254,1654,,,,0,,,,-0.1575,154.77,-0.1575,-205.23,1,30.0,idle,+0.000,+0.000,+0.000,+0.000,1100,0,
1785507675.0719,2026-07-31T10:21:15.071,164.353,1655,,,,0,,,,-0.1587,154.77,-0.1587,-205.23,1,30.0,idle,+0.000,+0.000,+0.000,+0.000,1100,0,
1785507675.1709,2026-07-31T10:21:15.170,164.452,1656,,,,0,,,,-0.1600,154.75,-0.1600,-205.25,1,30.0,idle,+0.000,+0.000,+0.000,+0.000,1100,0,
1785507675.2709,2026-07-31T10:21:15.270,164.552,1657,,,,0,,,,-0.1541,154.75,-0.1541,-205.25,1,30.0,idle,+0.000,+0.000,+0.000,+0.000,1100,0,
1785507675.3694,2026-07-31T10:21:15.369,164.651,1658,,,,0,,,,-0.1554,154.77,-0.1554,-205.23,1,30.0,idle,+0.000,+0.000,+0.000,+0.000,1100,0,
1785507675.4690,2026-07-31T10:21:15.469,164.750,1659,,,,0,,,,-0.1530,154.74,-0.1530,-205.26,1,30.0,idle,+0.000,+0.000,+0.000,+0.000,1100,0,
1785507675.5681,2026-07-31T10:21:15.568,164.849,1660,,,,0,,,,-0.1581,154.72,-0.1581,-205.28,1,30.0,idle,+0.000,+0.000,+0.000,+0.000,1100,0,
1785507675.6676,2026-07-31T10:21:15.667,164.949,1661,,,,0,,,,-0.1566,154.68,-0.1566,-205.32,1,30.0,idle,+0.000,+0.000,+0.000,+0.000,1100,0,
1785507675.7666,2026-07-31T10:21:15.766,165.048,1662,,,,0,,,,-0.1561,154.68,-0.1561,-205.32,1,30.0,idle,+0.000,+0.000,+0.000,+0.000,1100,0,
1785507675.8662,2026-07-31T10:21:15.866,165.147,1663,,,,0,,,,-0.1554,154.62,-0.1554,-205.38,1,30.0,idle,+0.000,+0.000,+0.000,+0.000,1100,0,
1785507675.9653,2026-07-31T10:21:15.965,165.246,1664,,,,0,,,,-0.1577,154.62,-0.1577,-205.38,1,30.0,idle,+0.000,+0.000,+0.000,+0.000,1100,0,
1785507676.0644,2026-07-31T10:21:16.064,165.346,1665,,,,0,,,,-0.1540,154.59,-0.1540,-205.41,1,30.0,idle,+0.000,+0.000,+0.000,+0.000,1100,0,
1785507676.1633,2026-07-31T10:21:16.163,165.444,1666,,,,0,,,,-0.1544,154.55,-0.1544,-205.45,1,30.0,idle,+0.000,+0.000,+0.000,+0.000,1100,0,
1785507676.2624,2026-07-31T10:21:16.262,165.544,1667,,,,0,,,,-0.1566,154.56,-0.1566,-205.44,1,30.0,idle,+0.000,+0.000,+0.000,+0.000,1100,0,
1785507676.3617,2026-07-31T10:21:16.361,165.643,1668,,,,0,,,,-0.1553,154.55,-0.1553,-205.45,1,30.0,idle,+0.000,+0.000,+0.000,+0.000,1100,0,
1785507676.4620,2026-07-31T10:21:16.461,165.743,1669,,,,0,,,,-0.1599,154.52,-0.1599,-205.48,1,30.0,idle,+0.000,+0.000,+0.000,+0.000,1100,0,
1785507676.5625,2026-07-31T10:21:16.562,165.844,1670,,,,0,,,,-0.1577,154.50,-0.1577,-205.50,1,30.0,idle,+0.000,+0.000,+0.000,+0.000,1100,0,
1785507676.6624,2026-07-31T10:21:16.662,165.944,1671,,,,0,,,,-0.1539,154.44,-0.1539,-205.56,1,30.0,idle,+0.000,+0.000,+0.000,+0.000,1100,0,
1785507676.7623,2026-07-31T10:21:16.762,166.044,1672,,,,0,,,,-0.1545,154.42,-0.1545,-205.58,1,30.0,idle,+0.000,+0.000,+0.000,+0.000,1100,0,
1785507676.8613,2026-07-31T10:21:16.861,166.142,1673,,,,0,,,,-0.1532,154.40,-0.1532,-205.60,1,30.0,idle,+0.000,+0.000,+0.000,+0.000,1100,0,
1785507676.9600,2026-07-31T10:21:16.959,166.241,1674,,,,0,,,,-0.1553,154.38,-0.1553,-205.62,1,30.0,idle,+0.000,+0.000,+0.000,+0.000,1100,0,
1785507677.0603,2026-07-31T10:21:17.060,166.342,1675,,,,0,,,,-0.1544,154.35,-0.1544,-205.65,1,30.0,idle,+0.000,+0.000,+0.000,+0.000,1100,0,
1785507677.1593,2026-07-31T10:21:17.159,166.440,1676,,,,0,,,,-0.1543,154.33,-0.1543,-205.67,1,30.0,idle,+0.000,+0.000,+0.000,+0.000,1100,0,
1785507677.2576,2026-07-31T10:21:17.257,166.539,1677,,,,0,,,,-0.1537,154.31,-0.1537,-205.69,1,30.0,idle,+0.000,+0.000,+0.000,+0.000,1100,0,
1785507677.3572,2026-07-31T10:21:17.357,166.638,1678,,,,0,,,,-0.1578,154.28,-0.1578,-205.72,1,30.0,idle,+0.000,+0.000,+0.000,+0.000,1100,0,
1785507677.4565,2026-07-31T10:21:17.456,166.738,1679,,,,0,,,,-0.1578,154.27,-0.1578,-205.73,1,30.0,idle,+0.000,+0.000,+0.000,+0.000,1100,0,
1785507677.5558,2026-07-31T10:21:17.555,166.837,1680,,,,0,,,,-0.1582,154.23,-0.1582,-205.77,1,30.0,idle,+0.000,+0.000,+0.000,+0.000,1100,0,
1785507677.6557,2026-07-31T10:21:17.655,166.937,1681,,,,0,,,,-0.1527,154.21,-0.1527,-205.79,1,30.0,idle,+0.000,+0.000,+0.000,+0.000,1100,0,
1785507677.7554,2026-07-31T10:21:17.755,167.037,1682,,,,0,,,,-0.1546,154.20,-0.1546,-205.80,1,30.0,idle,+0.000,+0.000,+0.000,+0.000,1100,0,
1785507677.8545,2026-07-31T10:21:17.854,167.136,1683,,,,0,,,,-0.1559,154.17,-0.1559,-205.83,1,30.0,idle,+0.000,+0.000,+0.000,+0.000,1100,0,
1785507677.9527,2026-07-31T10:21:17.952,167.234,1684,,,,0,,,,-0.1578,154.15,-0.1578,-205.85,1,30.0,idle,+0.000,+0.000,+0.000,+0.000,1100,0,
1785507678.0523,2026-07-31T10:21:18.052,167.334,1685,,,,0,,,,-0.1623,154.13,-0.1623,-205.87,1,30.0,idle,+0.000,+0.000,+0.000,+0.000,1100,0,
1785507678.1509,2026-07-31T10:21:18.150,167.432,1686,,,,0,,,,-0.1543,154.10,-0.1543,-205.90,1,30.0,idle,+0.000,+0.000,+0.000,+0.000,1100,0,
1785507678.2498,2026-07-31T10:21:18.249,167.531,1687,,,,0,,,,-0.1584,154.09,-0.1584,-205.91,1,30.0,idle,+0.000,+0.000,+0.000,+0.000,1100,0,
1785507678.3493,2026-07-31T10:21:18.349,167.630,1688,,,,0,,,,-0.1536,154.06,-0.1536,-205.94,1,30.0,idle,+0.000,+0.000,+0.000,+0.000,1100,0,
1785507678.4489,2026-07-31T10:21:18.448,167.730,1689,,,,0,,,,-0.1559,154.05,-0.1559,-205.95,1,30.0,idle,+0.000,+0.000,+0.000,+0.000,1100,0,
1785507678.5481,2026-07-31T10:21:18.548,167.829,1690,,,,0,,,,-0.1584,154.03,-0.1584,-205.97,1,30.0,idle,+0.000,+0.000,+0.000,+0.000,1100,0,
1785507678.6473,2026-07-31T10:21:18.647,167.929,1691,,,,0,,,,-0.1561,154.02,-0.1561,-205.98,1,30.0,idle,+0.000,+0.000,+0.000,+0.000,1100,0,
1785507678.7457,2026-07-31T10:21:18.745,168.027,1692,,,,0,,,,-0.1546,153.98,-0.1546,-206.02,1,30.0,idle,+0.000,+0.000,+0.000,+0.000,1100,0,
1785507678.8456,2026-07-31T10:21:18.845,168.127,1693,,,,0,,,,-0.1530,153.96,-0.1530,-206.04,1,30.0,idle,+0.000,+0.000,+0.000,+0.000,1100,0,
1785507678.9452,2026-07-31T10:21:18.945,168.226,1694,,,,0,,,,-0.1603,153.94,-0.1603,-206.06,1,30.0,idle,+0.000,+0.000,+0.000,+0.000,1100,0,
1785507679.0454,2026-07-31T10:21:19.045,168.327,1695,,,,0,,,,-0.1587,153.92,-0.1587,-206.08,1,30.0,idle,+0.000,+0.000,+0.000,+0.000,1100,0,
1785507679.1440,2026-07-31T10:21:19.144,168.425,1696,,,,0,,,,-0.1564,153.92,-0.1564,-206.08,1,30.0,idle,+0.000,+0.000,+0.000,+0.000,1100,0,
1785507679.2433,2026-07-31T10:21:19.243,168.525,1697,,,,0,,,,-0.1561,153.89,-0.1561,-206.11,1,30.0,idle,+0.000,+0.000,+0.000,+0.000,1100,0,
1785507679.3424,2026-07-31T10:21:19.342,168.624,1698,,,,0,,,,-0.1558,153.86,-0.1558,-206.14,1,30.0,idle,+0.000,+0.000,+0.000,+0.000,1100,0,
1785507679.4401,2026-07-31T10:21:19.440,168.721,1699,,,,0,,,,-0.1525,153.84,-0.1525,-206.16,1,30.0,idle,+0.000,+0.000,+0.000,+0.000,1100,0,
1785507679.5391,2026-07-31T10:21:19.539,168.820,1700,,,,0,,,,-0.1603,153.81,-0.1603,-206.19,1,30.0,idle,+0.000,+0.000,+0.000,+0.000,1100,0,
1785507679.6394,2026-07-31T10:21:19.639,168.921,1701,,,,0,,,,-0.1549,153.79,-0.1549,-206.21,1,30.0,idle,+0.000,+0.000,+0.000,+0.000,1100,0,
1785507679.7378,2026-07-31T10:21:19.737,169.019,1702,,,,0,,,,-0.1549,153.76,-0.1549,-206.24,1,30.0,idle,+0.000,+0.000,+0.000,+0.000,1100,0,
1785507679.8370,2026-07-31T10:21:19.836,169.118,1703,,,,0,,,,-0.1595,153.74,-0.1595,-206.26,1,30.0,idle,+0.000,+0.000,+0.000,+0.000,1100,0,
1785507679.9363,2026-07-31T10:21:19.936,169.218,1704,,,,0,,,,-0.1534,153.69,-0.1534,-206.31,1,30.0,idle,+0.000,+0.000,+0.000,+0.000,1100,0,
1785507680.0353,2026-07-31T10:21:20.035,169.316,1705,,,,0,,,,-0.1563,153.65,-0.1563,-206.35,1,30.0,idle,+0.000,+0.000,+0.000,+0.000,1100,0,
1785507680.1342,2026-07-31T10:21:20.134,169.415,1706,,,,0,,,,-0.1545,153.63,-0.1545,-206.37,1,30.0,idle,+0.000,+0.000,+0.000,+0.000,1100,0,
1785507680.2331,2026-07-31T10:21:20.233,169.514,1707,,,,0,,,,-0.1537,153.61,-0.1537,-206.39,1,30.0,idle,+0.000,+0.000,+0.000,+0.000,1100,0,
1785507680.3328,2026-07-31T10:21:20.332,169.614,1708,,,,0,,,,-0.1581,153.58,-0.1581,-206.42,1,30.0,idle,+0.000,+0.000,+0.000,+0.000,1100,0,
1785507680.4318,2026-07-31T10:21:20.431,169.713,1709,,,,0,,,,-0.1575,153.56,-0.1575,-206.44,1,30.0,idle,+0.000,+0.000,+0.000,+0.000,1100,0,
1785507680.5316,2026-07-31T10:21:20.531,169.813,1710,,,,0,,,,-0.1557,153.55,-0.1557,-206.45,1,30.0,idle,+0.000,+0.000,+0.000,+0.000,1100,0,
1785507680.6304,2026-07-31T10:21:20.630,169.912,1711,,,,0,,,,-0.1544,153.52,-0.1544,-206.48,1,30.0,idle,+0.000,+0.000,+0.000,+0.000,1100,0,
1785507680.7293,2026-07-31T10:21:20.729,170.010,1712,,,,0,,,,-0.1587,153.49,-0.1587,-206.51,1,30.0,idle,+0.000,+0.000,+0.000,+0.000,1100,0,
1785507680.8290,2026-07-31T10:21:20.828,170.110,1713,,,,0,,,,-0.1554,153.45,-0.1554,-206.55,1,30.0,idle,+0.000,+0.000,+0.000,+0.000,1100,0,
1785507680.9291,2026-07-31T10:21:20.929,170.210,1714,,,,0,,,,-0.1577,153.43,-0.1577,-206.57,1,30.0,idle,+0.000,+0.000,+0.000,+0.000,1100,0,
1785507681.0284,2026-07-31T10:21:21.028,170.310,1715,,,,0,,,,-0.1485,153.43,-0.1485,-206.57,1,30.0,idle,+0.000,+0.000,+0.000,+0.000,1100,0,
1785507681.1271,2026-07-31T10:21:21.127,170.408,1716,,,,0,,,,-0.1558,153.41,-0.1558,-206.59,1,30.0,idle,+0.000,+0.000,+0.000,+0.000,1100,0,
1785507681.2260,2026-07-31T10:21:21.226,170.507,1717,,,,0,,,,-0.1590,153.39,-0.1590,-206.61,1,30.0,idle,+0.000,+0.000,+0.000,+0.000,1100,0,
1785507681.3267,2026-07-31T10:21:21.326,170.608,1718,,,,0,,,,-0.1557,153.38,-0.1557,-206.62,1,30.0,idle,+0.000,+0.000,+0.000,+0.000,1100,0,
1785507681.4255,2026-07-31T10:21:21.425,170.707,1719,,,,0,,,,-0.1592,153.35,-0.1592,-206.65,1,30.0,idle,+0.000,+0.000,+0.000,+0.000,1100,0,
1785507681.5247,2026-07-31T10:21:21.524,170.806,1720,,,,0,,,,-0.1561,153.33,-0.1561,-206.67,1,30.0,idle,+0.000,+0.000,+0.000,+0.000,1100,0,
1785507681.6234,2026-07-31T10:21:21.623,170.905,1721,,,,0,,,,-0.1570,153.30,-0.1570,-206.70,1,30.0,idle,+0.000,+0.000,+0.000,+0.000,1100,0,
1785507681.7227,2026-07-31T10:21:21.722,171.004,1722,,,,0,,,,-0.1554,153.31,-0.1554,-206.69,1,30.0,idle,+0.000,+0.000,+0.000,+0.000,1100,0,
1785507681.8217,2026-07-31T10:21:21.821,171.103,1723,,,,0,,,,-0.1576,153.30,-0.1576,-206.70,1,30.0,idle,+0.000,+0.000,+0.000,+0.000,1100,0,
1785507681.9201,2026-07-31T10:21:21.920,171.201,1724,,,,0,,,,-0.1577,153.28,-0.1577,-206.72,1,30.0,idle,+0.000,+0.000,+0.000,+0.000,1100,0,
1785507682.0203,2026-07-31T10:21:22.020,171.301,1725,,,,0,,,,-0.1571,153.27,-0.1571,-206.73,1,30.0,idle,+0.000,+0.000,+0.000,+0.000,1100,0,
1785507682.1192,2026-07-31T10:21:22.119,171.400,1726,,,,0,,,,-0.1538,153.23,-0.1538,-206.77,1,30.0,idle,+0.000,+0.000,+0.000,+0.000,1100,0,
1785507682.2179,2026-07-31T10:21:22.217,171.499,1727,,,,0,,,,-0.1563,153.15,-0.1563,-206.85,1,30.0,idle,+0.000,+0.000,+0.000,+0.000,1100,0,
1785507682.3171,2026-07-31T10:21:22.317,171.598,1728,,,,0,,,,-0.1586,153.11,-0.1586,-206.89,1,30.0,idle,+0.000,+0.000,+0.000,+0.000,1100,0,
1785507682.4164,2026-07-31T10:21:22.416,171.698,1729,,,,0,,,,-0.1569,153.04,-0.1569,-206.96,1,30.0,idle,+0.000,+0.000,+0.000,+0.000,1100,0,
1785507682.5158,2026-07-31T10:21:22.515,171.797,1730,,,,0,,,,-0.1547,153.01,-0.1547,-206.99,1,30.0,idle,+0.000,+0.000,+0.000,+0.000,1100,0,
1785507682.6147,2026-07-31T10:21:22.614,171.896,1731,,,,0,,,,-0.1570,152.99,-0.1570,-207.01,1,30.0,idle,+0.000,+0.000,+0.000,+0.000,1100,0,
1785507682.7132,2026-07-31T10:21:22.713,171.994,1732,,,,0,,,,-0.1564,152.92,-0.1564,-207.08,1,30.0,idle,+0.000,+0.000,+0.000,+0.000,1100,0,
1785507682.8124,2026-07-31T10:21:22.812,172.094,1733,,,,0,,,,-0.1581,152.90,-0.1581,-207.10,1,30.0,idle,+0.000,+0.000,+0.000,+0.000,1100,0,
1785507682.9121,2026-07-31T10:21:22.912,172.193,1734,,,,0,,,,-0.1605,152.85,-0.1605,-207.15,1,30.0,idle,+0.000,+0.000,+0.000,+0.000,1100,0,
1785507683.0114,2026-07-31T10:21:23.011,172.293,1735,,,,0,,,,-0.1562,152.82,-0.1562,-207.18,1,30.0,idle,+0.000,+0.000,+0.000,+0.000,1100,0,
1785507683.1102,2026-07-31T10:21:23.110,172.391,1736,,,,0,,,,-0.1555,152.82,-0.1555,-207.18,1,30.0,idle,+0.000,+0.000,+0.000,+0.000,1100,0,
1785507683.2103,2026-07-31T10:21:23.210,172.491,1737,,,,0,,,,-0.1546,152.85,-0.1546,-207.15,1,30.0,idle,+0.000,+0.000,+0.000,+0.000,1100,0,
1785507683.3096,2026-07-31T10:21:23.309,172.591,1738,,,,0,,,,-0.1574,152.83,-0.1574,-207.17,1,30.0,idle,+0.000,+0.000,+0.000,+0.000,1100,0,
1785507683.4084,2026-07-31T10:21:23.408,172.690,1739,,,,0,,,,-0.1570,152.82,-0.1570,-207.18,1,30.0,idle,+0.000,+0.000,+0.000,+0.000,1100,0,
1785507683.5072,2026-07-31T10:21:23.507,172.788,1740,,,,0,,,,-0.1549,152.80,-0.1549,-207.20,1,30.0,idle,+0.000,+0.000,+0.000,+0.000,1100,0,
1785507683.6076,2026-07-31T10:21:23.607,172.889,1741,,,,0,,,,-0.1531,152.80,-0.1531,-207.20,1,30.0,idle,+0.000,+0.000,+0.000,+0.000,1100,0,
