t_epoch,iso_time,t_elapsed_s,seq,tag_id,tag_distance_m,tag_under_1m,tag_count,det_seq,det_t_epoch,det_age_ms,depth_m,yaw_deg,depth_raw_m,yaw_raw_deg,sensors_ok,throttle_pct,mode,surge_cmd,strafe_cmd,heave_cmd,yaw_cmd,light_pwm,led_flashing,flash_frame
1785505364.7358,2026-07-31T09:42:44.735,0.049,1,,,,0,,,,,,,,0,30.0,idle,+0.000,+0.000,+0.000,+0.000,1100,0,
1785505364.8356,2026-07-31T09:42:44.835,0.149,2,,,,0,,,,0.0297,2.95,0.0297,2.95,1,30.0,idle,+0.000,+0.000,+0.000,+0.000,1100,0,
1785505364.9354,2026-07-31T09:42:44.935,0.249,3,,,,0,,,,0.0287,2.97,0.0287,2.97,1,30.0,idle,+0.000,+0.000,+0.000,+0.000,1100,0,
1785505365.0363,2026-07-31T09:42:45.036,0.349,4,,,,0,,,,0.0326,2.98,0.0326,2.98,1,30.0,idle,+0.000,+0.000,+0.000,+0.000,1100,0,
1785505365.1359,2026-07-31T09:42:45.135,0.449,5,,,,0,,,,0.0298,3.00,0.0298,3.00,1,30.0,idle,+0.000,+0.000,+0.000,+0.000,1100,0,
1785505365.2352,2026-07-31T09:42:45.235,0.548,6,,,,0,,,,0.0346,3.01,0.0346,3.01,1,30.0,idle,+0.000,+0.000,+0.000,+0.000,1100,0,
1785505365.3351,2026-07-31T09:42:45.335,0.648,7,,,,0,,,,0.0296,3.02,0.0296,3.02,1,30.0,idle,+0.000,+0.000,+0.000,+0.000,1100,0,
1785505365.4337,2026-07-31T09:42:45.433,0.747,8,,,,0,,,,0.0255,3.01,0.0255,3.01,1,30.0,idle,+0.000,+0.000,+0.000,+0.000,1100,0,
1785505365.5330,2026-07-31T09:42:45.532,0.846,9,,,,0,,,,0.0294,3.00,0.0294,3.00,1,30.0,idle,+0.000,+0.000,+0.000,+0.000,1100,0,
1785505365.6325,2026-07-31T09:42:45.632,0.946,10,,,,0,,,,0.0282,3.00,0.0282,3.00,1,30.0,idle,+0.000,+0.000,+0.000,+0.000,1100,0,
1785505365.7330,2026-07-31T09:42:45.732,1.046,11,,,,0,,,,0.0310,3.01,0.0310,3.01,1,30.0,idle,+0.000,+0.000,+0.000,+0.000,1100,0,
1785505365.8345,2026-07-31T09:42:45.834,1.148,12,,,,0,,,,0.0269,3.01,0.0269,3.01,1,30.0,idle,+0.000,+0.000,+0.000,+0.000,1100,0,
1785505365.9336,2026-07-31T09:42:45.933,1.247,13,,,,0,,,,0.0282,3.00,0.0282,3.00,1,30.0,idle,+0.000,+0.000,+0.000,+0.000,1100,0,
1785505366.0338,2026-07-31T09:42:46.033,1.347,14,,,,0,,,,0.0311,2.99,0.0311,2.99,1,30.0,idle,+0.000,+0.000,+0.000,+0.000,1100,0,
1785505366.1337,2026-07-31T09:42:46.133,1.447,15,,,,0,,,,0.0338,2.95,0.0338,2.95,1,30.0,idle,+0.000,+0.000,+0.000,+0.000,1100,0,
1785505366.2343,2026-07-31T09:42:46.234,1.547,16,,,,0,,,,0.0302,2.93,0.0302,2.93,1,30.0,idle,+0.000,+0.000,+0.000,+0.000,1100,0,
1785505366.3345,2026-07-31T09:42:46.334,1.648,17,,,,0,,,,0.0324,2.91,0.0324,2.91,1,30.0,idle,+0.000,+0.000,+0.000,+0.000,1100,0,
1785505366.4336,2026-07-31T09:42:46.433,1.747,18,,,,0,,,,0.0312,2.90,0.0312,2.90,1,30.0,idle,+0.000,+0.000,+0.000,+0.000,1100,0,
1785505366.5335,2026-07-31T09:42:46.533,1.847,19,,,,0,,,,0.0303,2.90,0.0303,2.90,1,30.0,idle,+0.000,+0.000,+0.000,+0.000,1100,0,
1785505366.6322,2026-07-31T09:42:46.632,1.945,20,,,,0,,,,0.0325,2.86,0.0325,2.86,1,30.0,idle,+0.000,+0.000,+0.000,+0.000,1100,0,
1785505366.7313,2026-07-31T09:42:46.731,2.044,21,,,,0,,,,0.0312,2.83,0.0312,2.83,1,30.0,idle,+0.000,+0.000,+0.000,+0.000,1100,0,
1785505366.8313,2026-07-31T09:42:46.831,2.144,22,,,,0,,,,0.0272,2.79,0.0272,2.79,1,30.0,idle,+0.000,+0.000,+0.000,+0.000,1100,0,
1785505366.9299,2026-07-31T09:42:46.929,2.243,23,,,,0,,,,0.0332,2.75,0.0332,2.75,1,30.0,idle,+0.000,+0.000,+0.000,+0.000,1100,0,
1785505367.0308,2026-07-31T09:42:47.030,2.344,24,,,,0,,,,0.0293,2.74,0.0293,2.74,1,30.0,idle,+0.000,+0.000,+0.000,+0.000,1100,0,
1785505367.1301,2026-07-31T09:42:47.130,2.443,25,,,,0,,,,0.0265,2.75,0.0265,2.75,1,30.0,idle,+0.000,+0.000,+0.000,+0.000,1100,0,
1785505367.2308,2026-07-31T09:42:47.230,2.544,26,,,,0,,,,0.0285,2.76,0.0285,2.76,1,30.0,idle,+0.000,+0.000,+0.000,+0.000,1100,0,
1785505367.3299,2026-07-31T09:42:47.329,2.643,27,,,,0,,,,0.0304,2.74,0.0304,2.74,1,30.0,idle,+0.000,+0.000,+0.000,+0.000,1100,0,
1785505367.4296,2026-07-31T09:42:47.429,2.743,28,,,,0,,,,0.0259,2.69,0.0259,2.69,1,30.0,idle,+0.000,+0.000,+0.000,+0.000,1100,0,
1785505367.5289,2026-07-31T09:42:47.528,2.842,29,,,,0,,,,0.0267,2.66,0.0267,2.66,1,30.0,idle,+0.000,+0.000,+0.000,+0.000,1100,0,
1785505367.6286,2026-07-31T09:42:47.628,2.942,30,,,,0,,,,0.0284,2.64,0.0284,2.64,1,30.0,idle,+0.000,+0.000,+0.000,+0.000,1100,0,
1785505367.7282,2026-07-31T09:42:47.728,3.041,31,,,,0,,,,0.0317,2.64,0.0317,2.64,1,30.0,idle,+0.000,+0.000,+0.000,+0.000,1100,0,
1785505367.8273,2026-07-31T09:42:47.827,3.140,32,,,,0,,,,0.0279,2.62,0.0279,2.62,1,30.0,idle,+0.000,+0.000,+0.000,+0.000,1100,0,
1785505367.9278,2026-07-31T09:42:47.927,3.241,33,,,,0,,,,0.0297,2.60,0.0297,2.60,1,30.0,idle,+0.000,+0.000,+0.000,+0.000,1100,0,
1785505368.0274,2026-07-31T09:42:48.027,3.340,34,,,,0,,,,0.0282,2.59,0.0282,2.59,1,30.0,idle,+0.000,+0.000,+0.000,+0.000,1100,0,
1785505368.1268,2026-07-31T09:42:48.126,3.440,35,,,,0,,,,0.0299,2.55,0.0299,2.55,1,30.0,idle,+0.000,+0.000,+0.000,+0.000,1100,0,
1785505368.2257,2026-07-31T09:42:48.225,3.539,36,,,,0,,,,0.0286,2.53,0.0286,2.53,1,30.0,idle,+0.000,+0.000,+0.000,+0.000,1100,0,
1785505368.3243,2026-07-31T09:42:48.324,3.637,37,,,,0,,,,0.0276,2.51,0.0276,2.51,1,30.0,idle,+0.000,+0.000,+0.000,+0.000,1100,0,
1785505368.4240,2026-07-31T09:42:48.423,3.737,38,,,,0,,,,0.0306,2.50,0.0306,2.50,1,30.0,idle,+0.000,+0.000,+0.000,+0.000,1100,0,
1785505368.5245,2026-07-31T09:42:48.524,3.838,39,,,,0,,,,0.0278,2.47,0.0278,2.47,1,30.0,idle,+0.000,+0.000,+0.000,+0.000,1100,0,
1785505368.6230,2026-07-31T09:42:48.622,3.936,40,,,,0,,,,0.0269,2.46,0.0269,2.46,1,30.0,idle,+0.000,+0.000,+0.000,+0.000,1100,0,
1785505368.7220,2026-07-31T09:42:48.722,4.035,41,,,,0,,,,0.0238,2.44,0.0238,2.44,1,30.0,idle,+0.000,+0.000,+0.000,+0.000,1100,0,
1785505368.8217,2026-07-31T09:42:48.821,4.135,42,,,,0,,,,0.0243,2.41,0.0243,2.41,1,30.0,idle,+0.000,+0.000,+0.000,+0.000,1100,0,
1785505368.9205,2026-07-31T09:42:48.920,4.234,43,,,,0,,,,0.0264,2.39,0.0264,2.39,1,30.0,idle,+0.000,+0.000,+0.000,+0.000,1100,0,
1785505369.0219,2026-07-31T09:42:49.021,4.335,44,,,,0,,,,0.0235,2.37,0.0235,2.37,1,30.0,idle,+0.000,+0.000,+0.000,+0.000,1100,0,
1785505369.1208,2026-07-31T09:42:49.120,4.434,45,,,,0,,,,0.0276,2.34,0.0276,2.34,1,30.0,idle,+0.000,+0.000,+0.000,+0.000,1100,0,
1785505369.2198,2026-07-31T09:42:49.219,4.533,46,,,,0,,,,0.0231,2.32,0.0231,2.32,1,30.0,idle,+0.000,+0.000,+0.000,+0.000,1100,0,
1785505369.3188,2026-07-31T09:42:49.318,4.632,47,,,,0,,,,0.0251,2.28,0.0251,2.28,1,30.0,idle,+0.000,+0.000,+0.000,+0.000,1100,0,
1785505369.4177,2026-07-31T09:42:49.417,4.731,48,,,,0,,,,0.0252,2.27,0.0252,2.27,1,30.0,idle,+0.000,+0.000,+0.000,+0.000,1100,0,
1785505369.5169,2026-07-31T09:42:49.516,4.830,49,,,,0,,,,0.0312,2.26,0.0312,2.26,1,30.0,idle,+0.000,+0.000,+0.000,+0.000,1100,0,
1785505369.6160,2026-07-31T09:42:49.616,4.929,50,,,,0,,,,0.0268,2.24,0.0268,2.24,1,30.0,idle,+0.000,+0.000,+0.000,+0.000,1100,0,
1785505369.7158,2026-07-31T09:42:49.715,5.029,51,,,,0,,,,0.0242,2.23,0.0242,2.23,1,30.0,idle,+0.000,+0.000,+0.000,+0.000,1100,0,
1785505369.8146,2026-07-31T09:42:49.814,5.128,52,,,,0,,,,0.0273,2.20,0.0273,2.20,1,30.0,idle,+0.000,+0.000,+0.000,+0.000,1100,0,
1785505369.9138,2026-07-31T09:42:49.913,5.227,53,,,,0,,,,0.0239,2.18,0.0239,2.18,1,30.0,idle,+0.000,+0.000,+0.000,+0.000,1100,0,
1785505370.0128,2026-07-31T09:42:50.012,5.326,54,,,,0,,,,0.0237,2.15,0.0237,2.15,1,30.0,idle,+0.000,+0.000,+0.000,+0.000,1100,0,
1785505370.1126,2026-07-31T09:42:50.112,5.426,55,,,,0,,,,0.0284,2.13,0.0284,2.13,1,30.0,idle,+0.000,+0.000,+0.000,+0.000,1100,0,
1785505370.2113,2026-07-31T09:42:50.211,5.524,56,,,,0,,,,0.0202,2.12,0.0202,2.12,1,30.0,idle,+0.000,+0.000,+0.000,+0.000,1100,0,
1785505370.3111,2026-07-31T09:42:50.311,5.624,57,,,,0,,,,0.0274,2.12,0.0274,2.12,1,30.0,idle,+0.000,+0.000,+0.000,+0.000,1100,0,
1785505370.4097,2026-07-31T09:42:50.409,5.723,58,,,,0,,,,0.0234,2.11,0.0234,2.11,1,30.0,idle,+0.000,+0.000,+0.000,+0.000,1100,0,
1785505370.5092,2026-07-31T09:42:50.509,5.822,59,,,,0,,,,0.0236,2.09,0.0236,2.09,1,30.0,idle,+0.000,+0.000,+0.000,+0.000,1100,0,
1785505370.6096,2026-07-31T09:42:50.609,5.923,60,,,,0,,,,0.0274,2.07,0.0274,2.07,1,30.0,idle,+0.000,+0.000,+0.000,+0.000,1100,0,
1785505370.7086,2026-07-31T09:42:50.708,6.022,61,,,,0,,,,0.0242,2.06,0.0242,2.06,1,30.0,idle,+0.000,+0.000,+0.000,+0.000,1100,0,
1785505370.8083,2026-07-31T09:42:50.808,6.121,62,,,,0,,,,0.0245,2.05,0.0245,2.05,1,30.0,idle,+0.000,+0.000,+0.000,+0.000,1100,0,
1785505370.9091,2026-07-31T09:42:50.909,6.222,63,,,,0,,,,0.0246,2.05,0.0246,2.05,1,30.0,idle,+0.000,+0.000,+0.000,+0.000,1100,0,
1785505371.0079,2026-07-31T09:42:51.007,6.321,64,,,,0,,,,0.0219,2.05,0.0219,2.05,1,30.0,idle,+0.000,+0.000,+0.000,+0.000,1100,0,
1785505371.1064,2026-07-31T09:42:51.106,6.420,65,,,,0,,,,0.0267,2.05,0.0267,2.05,1,30.0,idle,+0.000,+0.000,+0.000,+0.000,1100,0,
1785505371.2064,2026-07-31T09:42:51.206,6.520,66,,,,0,,,,0.0196,2.04,0.0196,2.04,1,30.0,idle,+0.000,+0.000,+0.000,+0.000,1100,0,
1785505371.3061,2026-07-31T09:42:51.306,6.619,67,,,,0,,,,0.0268,2.03,0.0268,2.03,1,30.0,idle,+0.000,+0.000,+0.000,+0.000,1100,0,
1785505371.4049,2026-07-31T09:42:51.404,6.718,68,,,,0,,,,0.0239,2.03,0.0239,2.03,1,30.0,idle,+0.000,+0.000,+0.000,+0.000,1100,0,
1785505371.5038,2026-07-31T09:42:51.503,6.817,69,,,,0,,,,0.0239,2.00,0.0239,2.00,1,30.0,idle,+0.000,+0.000,+0.000,+0.000,1100,0,
1785505371.6024,2026-07-31T09:42:51.602,6.916,70,,,,0,,,,0.0241,1.98,0.0241,1.98,1,30.0,idle,+0.000,+0.000,+0.000,+0.000,1100,0,
1785505371.7022,2026-07-31T09:42:51.702,7.015,71,,,,0,,,,0.0200,1.94,0.0200,1.94,1,30.0,idle,+0.000,+0.000,+0.000,+0.000,1100,0,
1785505371.8006,2026-07-31T09:42:51.800,7.114,72,,,,0,,,,0.0249,1.90,0.0249,1.90,1,30.0,idle,+0.000,+0.000,+0.000,+0.000,1100,0,
1785505371.8995,2026-07-31T09:42:51.899,7.213,73,,,,0,,,,0.0225,1.88,0.0225,1.88,1,30.0,idle,+0.000,+0.000,+0.000,+0.000,1100,0,
1785505372.0003,2026-07-31T09:42:52.000,7.313,74,,,,0,,,,0.0218,1.84,0.0218,1.84,1,30.0,idle,+0.000,+0.000,+0.000,+0.000,1100,0,
1785505372.1002,2026-07-31T09:42:52.100,7.413,75,,,,0,,,,0.0247,1.83,0.0247,1.83,1,30.0,idle,+0.000,+0.000,+0.000,+0.000,1100,0,
1785505372.1992,2026-07-31T09:42:52.199,7.512,76,,,,0,,,,0.0217,1.79,0.0217,1.79,1,30.0,idle,+0.000,+0.000,+0.000,+0.000,1100,0,
1785505372.3002,2026-07-31T09:42:52.300,7.613,77,,,,0,,,,0.0223,1.75,0.0223,1.75,1,30.0,idle,+0.000,+0.000,+0.000,+0.000,1100,0,
1785505372.3999,2026-07-31T09:42:52.399,7.713,78,,,,0,,,,0.0247,1.73,0.0247,1.73,1,30.0,idle,+0.000,+0.000,+0.000,+0.000,1100,0,
1785505372.4985,2026-07-31T09:42:52.498,7.812,79,,,,0,,,,0.0248,1.69,0.0248,1.69,1,30.0,idle,+0.000,+0.000,+0.000,+0.000,1100,0,
1785505372.5984,2026-07-31T09:42:52.598,7.912,80,,,,0,,,,0.0254,1.66,0.0254,1.66,1,30.0,idle,+0.000,+0.000,+0.000,+0.000,1100,0,
1785505372.6994,2026-07-31T09:42:52.699,8.012,81,,,,0,,,,0.0210,1.61,0.0210,1.61,1,30.0,idle,+0.000,+0.000,+0.000,+0.000,1100,0,
1785505372.7978,2026-07-31T09:42:52.797,8.111,82,,,,0,,,,0.0231,1.54,0.0231,1.54,1,30.0,idle,+0.000,+0.000,+0.000,+0.000,1100,0,
1785505372.8974,2026-07-31T09:42:52.897,8.210,83,,,,0,,,,0.0225,1.51,0.0225,1.51,1,30.0,idle,+0.000,+0.000,+0.000,+0.000,1100,0,
1785505372.9960,2026-07-31T09:42:52.996,8.309,84,,,,0,,,,0.0210,1.43,0.0210,1.43,1,30.0,idle,+0.000,+0.000,+0.000,+0.000,1100,0,
1785505373.0950,2026-07-31T09:42:53.095,8.408,85,,,,0,,,,0.0249,1.38,0.0249,1.38,1,30.0,idle,+0.000,+0.000,+0.000,+0.000,1100,0,
1785505373.1944,2026-07-31T09:42:53.194,8.508,86,,,,0,,,,0.0221,1.30,0.0221,1.30,1,30.0,idle,+0.000,+0.000,+0.000,+0.000,1100,0,
1785505373.2941,2026-07-31T09:42:53.294,8.607,87,,,,0,,,,0.0206,1.23,0.0206,1.23,1,30.0,idle,+0.000,+0.000,+0.000,+0.000,1100,0,
1785505373.3930,2026-07-31T09:42:53.393,8.706,88,,,,0,,,,0.0257,1.20,0.0257,1.20,1,30.0,idle,+0.000,+0.000,+0.000,+0.000,1100,0,
1785505373.4930,2026-07-31T09:42:53.493,8.806,89,,,,0,,,,0.0191,1.12,0.0191,1.12,1,30.0,idle,+0.000,+0.000,+0.000,+0.000,1100,0,
1785505373.5922,2026-07-31T09:42:53.592,8.905,90,,,,0,,,,0.0224,1.08,0.0224,1.08,1,30.0,idle,+0.000,+0.000,+0.000,+0.000,1100,0,
1785505373.6913,2026-07-31T09:42:53.691,9.004,91,,,,0,,,,0.0211,0.97,0.0211,0.97,1,30.0,idle,+0.000,+0.000,+0.000,+0.000,1100,0,
1785505373.7899,2026-07-31T09:42:53.789,9.103,92,,,,0,,,,0.0233,0.87,0.0233,0.87,1,30.0,idle,+0.000,+0.000,+0.000,+0.000,1100,0,
1785505373.8887,2026-07-31T09:42:53.888,9.202,93,,,,0,,,,0.0171,0.83,0.0171,0.83,1,30.0,idle,+0.000,+0.000,+0.000,+0.000,1100,0,
1785505373.9878,2026-07-31T09:42:53.987,9.301,94,,,,0,,,,0.0200,0.75,0.0200,0.75,1,30.0,idle,+0.000,+0.000,+0.000,+0.000,1100,0,
1785505374.0876,2026-07-31T09:42:54.087,9.401,95,,,,0,,,,0.0222,0.70,0.0222,0.70,1,30.0,idle,+0.000,+0.000,+0.000,+0.000,1100,0,
1785505374.1860,2026-07-31T09:42:54.186,9.499,96,,,,0,,,,0.0237,0.60,0.0237,0.60,1,30.0,idle,+0.000,+0.000,+0.000,+0.000,1100,0,
1785505374.2855,2026-07-31T09:42:54.285,9.599,97,,,,0,,,,0.0172,0.49,0.0172,0.49,1,30.0,idle,+0.000,+0.000,+0.000,+0.000,1100,0,
1785505374.3855,2026-07-31T09:42:54.385,9.699,98,,,,0,,,,0.0253,0.43,0.0253,0.43,1,30.0,idle,+0.000,+0.000,+0.000,+0.000,1100,0,
1785505374.4843,2026-07-31T09:42:54.484,9.797,99,,,,0,,,,0.0196,0.33,0.0196,0.33,1,30.0,idle,+0.000,+0.000,+0.000,+0.000,1100,0,
1785505374.5837,2026-07-31T09:42:54.583,9.897,100,,,,0,,,,0.0217,0.28,0.0217,0.28,1,30.0,idle,+0.000,+0.000,+0.000,+0.000,1100,0,
1785505374.6838,2026-07-31T09:42:54.683,9.997,101,,,,0,,,,0.0177,0.17,0.0177,0.17,1,30.0,idle,+0.000,+0.000,+0.000,+0.000,1100,0,
1785505374.7841,2026-07-31T09:42:54.784,10.097,102,,,,0,,,,0.0197,0.05,0.0197,0.05,1,30.0,idle,+0.000,+0.000,+0.000,+0.000,1100,0,
1785505374.8839,2026-07-31T09:42:54.883,10.197,103,,,,0,,,,0.0235,-0.02,0.0235,-0.02,1,30.0,idle,+0.000,+0.000,+0.000,+0.000,1100,0,
1785505374.9829,2026-07-31T09:42:54.982,10.296,104,,,,0,,,,0.0226,-0.13,0.0226,-0.13,1,30.0,idle,+0.000,+0.000,+0.000,+0.000,1100,0,
1785505375.0821,2026-07-31T09:42:55.082,10.395,105,,,,0,,,,0.0206,-0.19,0.0206,-0.19,1,30.0,idle,+0.000,+0.000,+0.000,+0.000,1100,0,
1785505375.1816,2026-07-31T09:42:55.181,10.495,106,,,,0,,,,0.0171,-0.32,0.0171,-0.32,1,30.0,idle,+0.000,+0.000,+0.000,+0.000,1100,0,
1785505375.2792,2026-07-31T09:42:55.279,10.592,107,,,,0,,,,0.0202,-0.39,0.0202,-0.39,1,30.0,idle,+0.000,+0.000,+0.000,+0.000,1100,0,
1785505375.3781,2026-07-31T09:42:55.378,10.691,108,,,,0,,,,0.0208,-0.52,0.0208,-0.52,1,30.0,idle,+0.000,+0.000,+0.000,+0.000,1100,0,
1785505375.4778,2026-07-31T09:42:55.477,10.791,109,,,,0,,,,0.0193,-0.58,0.0193,-0.58,1,30.0,idle,+0.000,+0.000,+0.000,+0.000,1100,0,
1785505375.5784,2026-07-31T09:42:55.578,10.891,110,,,,0,,,,0.0195,-0.69,0.0195,-0.69,1,30.0,idle,+0.000,+0.000,+0.000,+0.000,1100,0,
1785505375.6778,2026-07-31T09:42:55.677,10.991,111,,,,0,,,,0.0238,-0.80,0.0238,-0.80,1,30.0,idle,+0.000,+0.000,+0.000,+0.000,1100,0,
1785505375.7760,2026-07-31T09:42:55.775,11.089,112,,,,0,,,,0.0273,-0.86,0.0273,-0.86,1,30.0,idle,+0.000,+0.000,+0.000,+0.000,1100,0,
1785505375.8751,2026-07-31T09:42:55.875,11.188,113,,,,0,,,,0.0198,-0.96,0.0198,-0.96,1,30.0,idle,+0.000,+0.000,+0.000,+0.000,1100,0,
1785505375.9749,2026-07-31T09:42:55.974,11.288,114,,,,0,,,,0.0190,-1.01,0.0190,-1.01,1,30.0,idle,+0.000,+0.000,+0.000,+0.000,1100,0,
1785505376.0744,2026-07-31T09:42:56.074,11.388,115,,,,0,,,,0.0143,-1.15,0.0143,-1.15,1,30.0,idle,+0.000,+0.000,+0.000,+0.000,1100,0,
1785505376.1738,2026-07-31T09:42:56.173,11.487,116,,,,0,,,,0.0229,-1.31,0.0229,-1.31,1,30.0,idle,+0.000,+0.000,+0.000,+0.000,1100,0,
1785505376.2721,2026-07-31T09:42:56.272,11.585,117,,,,0,,,,0.0205,-1.39,0.0205,-1.39,1,30.0,idle,+0.000,+0.000,+0.000,+0.000,1100,0,
1785505376.3710,2026-07-31T09:42:56.371,11.684,118,,,,0,,,,0.0175,-1.55,0.0175,-1.55,1,30.0,idle,+0.000,+0.000,+0.000,+0.000,1100,0,
1785505376.4708,2026-07-31T09:42:56.470,11.784,119,,,,0,,,,0.0206,-1.62,0.0206,-1.62,1,30.0,idle,+0.000,+0.000,+0.000,+0.000,1100,0,
1785505376.5702,2026-07-31T09:42:56.570,11.883,120,,,,0,,,,0.0188,-1.75,0.0188,-1.75,1,30.0,idle,+0.000,+0.000,+0.000,+0.000,1100,0,
1785505376.6705,2026-07-31T09:42:56.670,11.984,121,,,,0,,,,0.0178,-1.86,0.0178,-1.86,1,30.0,idle,+0.000,+0.000,+0.000,+0.000,1100,0,
1785505376.7697,2026-07-31T09:42:56.769,12.083,122,,,,0,,,,0.0178,-1.92,0.0178,-1.92,1,30.0,idle,+0.000,+0.000,+0.000,+0.000,1100,0,
1785505376.8687,2026-07-31T09:42:56.868,12.182,123,,,,0,,,,0.0212,-2.06,0.0212,-2.06,1,30.0,idle,+0.000,+0.000,+0.000,+0.000,1100,0,
1785505376.9685,2026-07-31T09:42:56.968,12.282,124,,,,0,,,,0.0167,-2.14,0.0167,-2.14,1,30.0,idle,+0.000,+0.000,+0.000,+0.000,1100,0,
1785505377.0680,2026-07-31T09:42:57.068,12.381,125,,,,0,,,,0.0192,-2.31,0.0192,-2.31,1,30.0,idle,+0.000,+0.000,+0.000,+0.000,1100,0,
1785505377.1673,2026-07-31T09:42:57.167,12.480,126,,,,0,,,,0.0188,-2.48,0.0188,-2.48,1,30.0,idle,+0.000,+0.000,+0.000,+0.000,1100,0,
1785505377.2671,2026-07-31T09:42:57.267,12.580,127,,,,0,,,,0.0192,-2.56,0.0192,-2.56,1,30.0,idle,+0.000,+0.000,+0.000,+0.000,1100,0,
1785505377.3670,2026-07-31T09:42:57.366,12.680,128,,,,0,,,,0.0199,-2.71,0.0199,-2.71,1,30.0,idle,+0.000,+0.000,+0.000,+0.000,1100,0,
1785505377.4654,2026-07-31T09:42:57.465,12.778,129,,,,0,,,,0.0203,-2.78,0.0203,-2.78,1,30.0,idle,+0.000,+0.000,+0.000,+0.000,1100,0,
1785505377.5650,2026-07-31T09:42:57.565,12.878,130,,,,0,,,,0.0172,-2.90,0.0172,-2.90,1,30.0,idle,+0.000,+0.000,+0.000,+0.000,1100,0,
1785505377.6641,2026-07-31T09:42:57.664,12.977,131,,,,0,,,,0.0194,-3.01,0.0194,-3.01,1,30.0,idle,+0.000,+0.000,+0.000,+0.000,1100,0,
1785505377.7640,2026-07-31T09:42:57.764,13.077,132,,,,0,,,,0.0179,-3.07,0.0179,-3.07,1,30.0,idle,+0.000,+0.000,+0.000,+0.000,1100,0,
1785505377.8630,2026-07-31T09:42:57.863,13.176,133,,,,0,,,,0.0150,-3.23,0.0150,-3.23,1,30.0,idle,+0.000,+0.000,+0.000,+0.000,1100,0,
1785505377.9626,2026-07-31T09:42:57.962,13.276,134,,,,0,,,,0.0179,-3.31,0.0179,-3.31,1,30.0,idle,+0.000,+0.000,+0.000,+0.000,1100,0,
1785505378.0627,2026-07-31T09:42:58.062,13.376,135,,,,0,,,,0.0128,-3.47,0.0128,-3.47,1,30.0,idle,+0.000,+0.000,+0.000,+0.000,1100,0,
1785505378.1620,2026-07-31T09:42:58.161,13.475,136,,,,0,,,,0.0194,-3.64,0.0194,-3.64,1,30.0,idle,+0.000,+0.000,+0.000,+0.000,1100,0,
1785505378.2608,2026-07-31T09:42:58.260,13.574,137,,,,0,,,,0.0149,-3.72,0.0149,-3.72,1,30.0,idle,+0.000,+0.000,+0.000,+0.000,1100,0,
1785505378.3593,2026-07-31T09:42:58.359,13.672,138,,,,0,,,,0.0164,-3.87,0.0164,-3.87,1,30.0,idle,+0.000,+0.000,+0.000,+0.000,1100,0,
1785505378.4589,2026-07-31T09:42:58.458,13.772,139,,,,0,,,,0.0188,-3.94,0.0188,-3.94,1,30.0,idle,+0.000,+0.000,+0.000,+0.000,1100,0,
1785505378.5573,2026-07-31T09:42:58.557,13.870,140,,,,0,,,,0.0175,-4.07,0.0175,-4.07,1,30.0,idle,+0.000,+0.000,+0.000,+0.000,1100,0,
1785505378.6572,2026-07-31T09:42:58.657,13.970,141,,,,0,,,,0.0197,-4.15,0.0197,-4.15,1,30.0,idle,+0.000,+0.000,+0.000,+0.000,1100,0,
1785505378.7568,2026-07-31T09:42:58.756,14.070,142,,,,0,,,,0.0162,-4.31,0.0162,-4.31,1,30.0,idle,+0.000,+0.000,+0.000,+0.000,1100,0,
1785505378.8559,2026-07-31T09:42:58.855,14.169,143,,,,0,,,,0.0162,-4.49,0.0162,-4.49,1,30.0,idle,+0.000,+0.000,+0.000,+0.000,1100,0,
1785505378.9544,2026-07-31T09:42:58.954,14.268,144,,,,0,,,,0.0155,-4.57,0.0155,-4.57,1,30.0,idle,+0.000,+0.000,+0.000,+0.000,1100,0,
1785505379.0540,2026-07-31T09:42:59.054,14.367,145,,,,0,,,,0.0164,-4.74,0.0164,-4.74,1,30.0,idle,+0.000,+0.000,+0.000,+0.000,1100,0,
1785505379.1528,2026-07-31T09:42:59.152,14.466,146,,,,0,,,,0.0155,-4.83,0.0155,-4.83,1,30.0,idle,+0.000,+0.000,+0.000,+0.000,1100,0,
1785505379.2516,2026-07-31T09:42:59.251,14.565,147,,,,0,,,,0.0188,-5.00,0.0188,-5.00,1,30.0,idle,+0.000,+0.000,+0.000,+0.000,1100,0,
1785505379.3504,2026-07-31T09:42:59.350,14.663,148,,,,0,,,,0.0156,-5.14,0.0156,-5.14,1,30.0,idle,+0.000,+0.000,+0.000,+0.000,1100,0,
1785505379.4506,2026-07-31T09:42:59.450,14.764,149,,,,0,,,,0.0161,-5.22,0.0161,-5.22,1,30.0,idle,+0.000,+0.000,+0.000,+0.000,1100,0,
1785505379.5498,2026-07-31T09:42:59.549,14.863,150,,,,0,,,,0.0206,-5.37,0.0206,-5.37,1,30.0,idle,+0.000,+0.000,+0.000,+0.000,1100,0,
1785505379.6488,2026-07-31T09:42:59.648,14.962,151,,,,0,,,,0.0193,-5.45,0.0193,-5.45,1,30.0,idle,+0.000,+0.000,+0.000,+0.000,1100,0,
1785505379.7476,2026-07-31T09:42:59.747,15.061,152,,,,0,,,,0.0160,-5.61,0.0160,-5.61,1,30.0,idle,+0.000,+0.000,+0.000,+0.000,1100,0,
1785505379.8466,2026-07-31T09:42:59.846,15.160,153,,,,0,,,,0.0181,-5.80,0.0181,-5.80,1,30.0,idle,+0.000,+0.000,+0.000,+0.000,1100,0,
1785505379.9465,2026-07-31T09:42:59.946,15.260,154,,,,0,,,,0.0175,-5.89,0.0175,-5.89,1,30.0,idle,+0.000,+0.000,+0.000,+0.000,1100,0,
1785505380.0456,2026-07-31T09:43:00.045,15.359,155,,,,0,,,,0.0206,-6.08,0.0206,-6.08,1,30.0,idle,+0.000,+0.000,+0.000,+0.000,1100,0,
1785505380.1456,2026-07-31T09:43:00.145,15.459,156,,,,0,,,,0.0174,-6.16,0.0174,-6.16,1,30.0,idle,+0.000,+0.000,+0.000,+0.000,1100,0,
1785505380.2446,2026-07-31T09:43:00.244,15.558,157,,,,0,,,,0.0162,-6.32,0.0162,-6.32,1,30.0,idle,+0.000,+0.000,+0.000,+0.000,1100,0,
1785505380.3440,2026-07-31T09:43:00.343,15.657,158,,,,0,,,,0.0186,-6.48,0.0186,-6.48,1,30.0,idle,+0.000,+0.000,+0.000,+0.000,1100,0,
1785505380.4427,2026-07-31T09:43:00.442,15.756,159,,,,0,,,,0.0155,-6.57,0.0155,-6.57,1,30.0,idle,+0.000,+0.000,+0.000,+0.000,1100,0,
1785505380.5428,2026-07-31T09:43:00.542,15.856,160,,,,0,,,,0.0148,-6.75,0.0148,-6.75,1,30.0,idle,+0.000,+0.000,+0.000,+0.000,1100,0,
1785505380.6429,2026-07-31T09:43:00.642,15.956,161,,,,0,,,,0.0182,-6.85,0.0182,-6.85,1,30.0,idle,+0.000,+0.000,+0.000,+0.000,1100,0,
1785505380.7440,2026-07-31T09:43:00.743,16.057,162,,,,0,,,,0.0162,-7.06,0.0162,-7.06,1,30.0,idle,+0.000,+0.000,+0.000,+0.000,1100,0,
1785505380.8435,2026-07-31T09:43:00.843,16.157,163,,,,0,,,,0.0098,-7.26,0.0098,-7.26,1,30.0,idle,+0.000,+0.000,+0.000,+0.000,1100,0,
1785505380.9439,2026-07-31T09:43:00.943,16.257,164,,,,0,,,,0.0166,-7.36,0.0166,-7.36,1,30.0,idle,+0.000,+0.000,+0.000,+0.000,1100,0,
1785505381.0442,2026-07-31T09:43:01.044,16.357,165,,,,0,,,,0.0135,-7.52,0.0135,-7.52,1,30.0,idle,+0.000,+0.000,+0.000,+0.000,1100,0,
1785505381.1428,2026-07-31T09:43:01.142,16.456,166,,,,0,,,,0.0194,-7.61,0.0194,-7.61,1,30.0,idle,+0.000,+0.000,+0.000,+0.000,1100,0,
1785505381.2424,2026-07-31T09:43:01.242,16.555,167,,,,0,,,,0.0205,-7.78,0.0205,-7.78,1,30.0,idle,+0.000,+0.000,+0.000,+0.000,1100,0,
1785505381.3409,2026-07-31T09:43:01.340,16.654,168,,,,0,,,,0.0121,-7.97,0.0121,-7.97,1,30.0,idle,+0.000,+0.000,+0.000,+0.000,1100,0,
1785505381.4410,2026-07-31T09:43:01.441,16.754,169,,,,0,,,,0.0187,-8.08,0.0187,-8.08,1,30.0,idle,+0.000,+0.000,+0.000,+0.000,1100,0,
1785505381.5400,2026-07-31T09:43:01.540,16.853,170,,,,0,,,,0.0129,-8.28,0.0129,-8.28,1,30.0,idle,+0.000,+0.000,+0.000,+0.000,1100,0,
1785505381.6394,2026-07-31T09:43:01.639,16.952,171,,,,0,,,,0.0187,-8.39,0.0187,-8.39,1,30.0,idle,+0.000,+0.000,+0.000,+0.000,1100,0,
1785505381.7381,2026-07-31T09:43:01.738,17.051,172,,,,0,,,,0.0158,-8.60,0.0158,-8.60,1,30.0,idle,+0.000,+0.000,+0.000,+0.000,1100,0,
1785505381.8375,2026-07-31T09:43:01.837,17.151,173,,,,0,,,,0.0182,-8.78,0.0182,-8.78,1,30.0,idle,+0.000,+0.000,+0.000,+0.000,1100,0,
1785505381.9366,2026-07-31T09:43:01.936,17.250,174,,,,0,,,,0.0190,-8.87,0.0190,-8.87,1,30.0,idle,+0.000,+0.000,+0.000,+0.000,1100,0,
1785505382.0358,2026-07-31T09:43:02.035,17.349,175,,,,0,,,,0.0155,-9.05,0.0155,-9.05,1,30.0,idle,+0.000,+0.000,+0.000,+0.000,1100,0,
1785505382.1366,2026-07-31T09:43:02.136,17.450,176,,,,0,,,,0.0119,-9.14,0.0119,-9.14,1,30.0,idle,+0.000,+0.000,+0.000,+0.000,1100,0,
1785505382.2355,2026-07-31T09:43:02.235,17.549,177,,,,0,,,,0.0155,-9.34,0.0155,-9.34,1,30.0,idle,+0.000,+0.000,+0.000,+0.000,1100,0,
1785505382.3341,2026-07-31T09:43:02.334,17.647,178,,,,0,,,,0.0124,-9.53,0.0124,-9.53,1,30.0,idle,+0.000,+0.000,+0.000,+0.000,1100,0,
1785505382.4331,2026-07-31T09:43:02.433,17.746,179,,,,0,,,,0.0164,-9.63,0.0164,-9.63,1,30.0,idle,+0.000,+0.000,+0.000,+0.000,1100,0,
1785505382.5321,2026-07-31T09:43:02.532,17.845,180,,,,0,,,,0.0137,-9.82,0.0137,-9.82,1,30.0,idle,+0.000,+0.000,+0.000,+0.000,1100,0,
1785505382.6309,2026-07-31T09:43:02.630,17.944,181,,,,0,,,,0.0113,-9.90,0.0113,-9.90,1,30.0,idle,+0.000,+0.000,+0.000,+0.000,1100,0,
1785505382.7303,2026-07-31T09:43:02.730,18.043,182,,,,0,,,,0.0149,-10.08,0.0149,-10.08,1,30.0,idle,+0.000,+0.000,+0.000,+0.000,1100,0,
1785505382.8304,2026-07-31T09:43:02.830,18.144,183,,,,0,,,,0.0160,-10.17,0.0160,-10.17,1,30.0,idle,+0.000,+0.000,+0.000,+0.000,1100,0,
1785505382.9295,2026-07-31T09:43:02.929,18.243,184,,,,0,,,,0.0145,-10.36,0.0145,-10.36,1,30.0,idle,+0.000,+0.000,+0.000,+0.000,1100,0,
1785505383.0297,2026-07-31T09:43:03.029,18.343,185,,,,0,,,,0.0149,-10.56,0.0149,-10.56,1,30.0,idle,+0.000,+0.000,+0.000,+0.000,1100,0,
1785505383.1284,2026-07-31T09:43:03.128,18.442,186,,,,0,,,,0.0136,-10.67,0.0136,-10.67,1,30.0,idle,+0.000,+0.000,+0.000,+0.000,1100,0,
1785505383.2277,2026-07-31T09:43:03.227,18.541,187,,,,0,,,,0.0141,-10.86,0.0141,-10.86,1,30.0,idle,+0.000,+0.000,+0.000,+0.000,1100,0,
1785505383.3268,2026-07-31T09:43:03.326,18.640,188,,,,0,,,,0.0147,-10.95,0.0147,-10.95,1,30.0,idle,+0.000,+0.000,+0.000,+0.000,1100,0,
1785505383.4257,2026-07-31T09:43:03.425,18.739,189,,,,0,,,,0.0116,-11.11,0.0116,-11.11,1,30.0,idle,+0.000,+0.000,+0.000,+0.000,1100,0,
1785505383.5246,2026-07-31T09:43:03.524,18.838,190,,,,0,,,,0.0151,-11.19,0.0151,-11.19,1,30.0,idle,+0.000,+0.000,+0.000,+0.000,1100,0,
1785505383.6230,2026-07-31T09:43:03.623,18.936,191,,,,0,,,,0.0143,-11.37,0.0143,-11.37,1,30.0,idle,+0.000,+0.000,+0.000,+0.000,1100,0,
1785505383.7238,2026-07-31T09:43:03.723,19.037,192,,,,0,,,,0.0138,-11.56,0.0138,-11.56,1,30.0,idle,+0.000,+0.000,+0.000,+0.000,1100,0,
1785505383.8225,2026-07-31T09:43:03.822,19.136,193,,,,0,,,,0.0098,-11.66,0.0098,-11.66,1,30.0,idle,+0.000,+0.000,+0.000,+0.000,1100,0,
1785505383.9214,2026-07-31T09:43:03.921,19.235,194,,,,0,,,,0.0131,-11.86,0.0131,-11.86,1,30.0,idle,+0.000,+0.000,+0.000,+0.000,1100,0,
1785505384.0200,2026-07-31T09:43:04.020,19.333,195,,,,0,,,,0.0161,-12.03,0.0161,-12.03,1,30.0,idle,+0.000,+0.000,+0.000,+0.000,1100,0,
1785505384.1195,2026-07-31T09:43:04.119,19.433,196,,,,0,,,,0.0151,-12.11,0.0151,-12.11,1,30.0,idle,+0.000,+0.000,+0.000,+0.000,1100,0,
1785505384.2198,2026-07-31T09:43:04.219,19.533,197,,,,0,,,,0.0170,-12.28,0.0170,-12.28,1,30.0,idle,+0.000,+0.000,+0.000,+0.000,1100,0,
1785505384.3181,2026-07-31T09:43:04.318,19.631,198,,,,0,,,,0.0153,-12.38,0.0153,-12.38,1,30.0,idle,+0.000,+0.000,+0.000,+0.000,1100,0,
1785505384.4172,2026-07-31T09:43:04.417,19.730,199,,,,0,,,,0.0132,-12.57,0.0132,-12.57,1,30.0,idle,+0.000,+0.000,+0.000,+0.000,1100,0,
1785505384.5169,2026-07-31T09:43:04.516,19.830,200,,,,0,,,,0.0124,-12.74,0.0124,-12.74,1,30.0,idle,+0.000,+0.000,+0.000,+0.000,1100,0,
1785505384.6154,2026-07-31T09:43:04.615,19.929,201,,,,0,,,,0.0148,-12.84,0.0148,-12.84,1,30.0,idle,+0.000,+0.000,+0.000,+0.000,1100,0,
1785505384.7160,2026-07-31T09:43:04.716,20.029,202,,,,0,,,,0.0157,-13.02,0.0157,-13.02,1,30.0,idle,+0.000,+0.000,+0.000,+0.000,1100,0,
1785505384.8152,2026-07-31T09:43:04.815,20.128,203,,,,0,,,,0.0122,-13.11,0.0122,-13.11,1,30.0,idle,+0.000,+0.000,+0.000,+0.000,1100,0,
1785505384.9143,2026-07-31T09:43:04.914,20.227,204,,,,0,,,,0.0092,-13.27,0.0092,-13.27,1,30.0,idle,+0.000,+0.000,+0.000,+0.000,1100,0,
1785505385.0151,2026-07-31T09:43:05.015,20.328,205,,,,0,,,,0.0082,-13.42,0.0082,-13.42,1,30.0,idle,+0.000,+0.000,+0.000,+0.000,1100,0,
1785505385.1142,2026-07-31T09:43:05.114,20.427,206,,,,0,,,,0.0156,-13.51,0.0156,-13.51,1,30.0,idle,+0.000,+0.000,+0.000,+0.000,1100,0,
1785505385.2156,2026-07-31T09:43:05.215,20.529,207,,,,0,,,,0.0128,-13.69,0.0128,-13.69,1,30.0,idle,+0.000,+0.000,+0.000,+0.000,1100,0,
1785505385.3135,2026-07-31T09:43:05.313,20.627,208,,,,0,,,,0.0112,-13.79,0.0112,-13.79,1,30.0,idle,+0.000,+0.000,+0.000,+0.000,1100,0,
1785505385.4130,2026-07-31T09:43:05.412,20.726,209,,,,0,,,,0.0102,-13.97,0.0102,-13.97,1,30.0,idle,+0.000,+0.000,+0.000,+0.000,1100,0,
1785505385.5139,2026-07-31T09:43:05.513,20.827,210,,,,0,,,,0.0141,-14.14,0.0141,-14.14,1,30.0,idle,+0.000,+0.000,+0.000,+0.000,1100,0,
1785505385.6137,2026-07-31T09:43:05.613,20.927,211,,,,0,,,,0.0136,-14.22,0.0136,-14.22,1,30.0,idle,+0.000,+0.000,+0.000,+0.000,1100,0,
1785505385.7130,2026-07-31T09:43:05.713,21.026,212,,,,0,,,,0.0141,-14.37,0.0141,-14.37,1,30.0,idle,+0.000,+0.000,+0.000,+0.000,1100,0,
1785505385.8121,2026-07-31T09:43:05.812,21.125,213,,,,0,,,,0.0117,-14.44,0.0117,-14.44,1,30.0,idle,+0.000,+0.000,+0.000,+0.000,1100,0,
1785505385.9120,2026-07-31T09:43:05.912,21.225,214,,,,0,,,,0.0129,-14.60,0.0129,-14.60,1,30.0,idle,+0.000,+0.000,+0.000,+0.000,1100,0,
1785505386.0129,2026-07-31T09:43:06.012,21.326,215,,,,0,,,,0.0099,-14.77,0.0099,-14.77,1,30.0,idle,+0.000,+0.000,+0.000,+0.000,1100,0,
1785505386.1121,2026-07-31T09:43:06.112,21.425,216,,,,0,,,,0.0149,-14.85,0.0149,-14.85,1,30.0,idle,+0.000,+0.000,+0.000,+0.000,1100,0,
1785505386.2110,2026-07-31T09:43:06.210,21.524,217,,,,0,,,,0.0093,-15.01,0.0093,-15.01,1,30.0,idle,+0.000,+0.000,+0.000,+0.000,1100,0,
1785505386.3112,2026-07-31T09:43:06.311,21.624,218,,,,0,,,,0.0119,-15.07,0.0119,-15.07,1,30.0,idle,+0.000,+0.000,+0.000,+0.000,1100,0,
1785505386.4102,2026-07-31T09:43:06.410,21.723,219,,,,0,,,,0.0119,-15.21,0.0119,-15.21,1,30.0,idle,+0.000,+0.000,+0.000,+0.000,1100,0,
1785505386.5098,2026-07-31T09:43:06.509,21.823,220,,,,0,,,,0.0100,-15.29,0.0100,-15.29,1,30.0,idle,+0.000,+0.000,+0.000,+0.000,1100,0,
1785505386.6100,2026-07-31T09:43:06.610,21.923,221,,,,0,,,,0.0075,-15.43,0.0075,-15.43,1,30.0,idle,+0.000,+0.000,+0.000,+0.000,1100,0,
1785505386.7099,2026-07-31T09:43:06.709,22.023,222,,,,0,,,,0.0119,-15.59,0.0119,-15.59,1,30.0,idle,+0.000,+0.000,+0.000,+0.000,1100,0,
1785505386.8092,2026-07-31T09:43:06.809,22.122,223,,,,0,,,,0.0130,-15.68,0.0130,-15.68,1,30.0,idle,+0.000,+0.000,+0.000,+0.000,1100,0,
1785505386.9090,2026-07-31T09:43:06.908,22.222,224,,,,0,,,,0.0102,-15.85,0.0102,-15.85,1,30.0,idle,+0.000,+0.000,+0.000,+0.000,1100,0,
1785505387.0089,2026-07-31T09:43:07.008,22.322,225,,,,0,,,,0.0139,-15.94,0.0139,-15.94,1,30.0,idle,+0.000,+0.000,+0.000,+0.000,1100,0,
1785505387.1081,2026-07-31T09:43:07.108,22.421,226,,,,0,,,,0.0088,-16.09,0.0088,-16.09,1,30.0,idle,+0.000,+0.000,+0.000,+0.000,1100,0,
1785505387.2080,2026-07-31T09:43:07.208,22.521,227,,,,0,,,,0.0126,-16.23,0.0126,-16.23,1,30.0,idle,+0.000,+0.000,+0.000,+0.000,1100,0,
1785505387.3071,2026-07-31T09:43:07.307,22.620,228,,,,0,,,,0.0096,-16.30,0.0096,-16.30,1,30.0,idle,+0.000,+0.000,+0.000,+0.000,1100,0,
1785505387.4061,2026-07-31T09:43:07.406,22.719,229,,,,0,,,,0.0096,-16.44,0.0096,-16.44,1,30.0,idle,+0.000,+0.000,+0.000,+0.000,1100,0,
1785505387.5051,2026-07-31T09:43:07.505,22.818,230,,,,0,,,,0.0138,-16.51,0.0138,-16.51,1,30.0,idle,+0.000,+0.000,+0.000,+0.000,1100,0,
1785505387.6040,2026-07-31T09:43:07.604,22.917,231,,,,0,,,,0.0144,-16.68,0.0144,-16.68,1,30.0,idle,+0.000,+0.000,+0.000,+0.000,1100,0,
1785505387.7039,2026-07-31T09:43:07.703,23.017,232,,,,0,,,,0.0151,-16.81,0.0151,-16.81,1,30.0,idle,+0.000,+0.000,+0.000,+0.000,1100,0,
1785505387.8027,2026-07-31T09:43:07.802,23.116,233,,,,0,,,,0.0086,-16.87,0.0086,-16.87,1,30.0,idle,+0.000,+0.000,+0.000,+0.000,1100,0,
1785505387.9021,2026-07-31T09:43:07.902,23.215,234,,,,0,,,,0.0120,-17.01,0.0120,-17.01,1,30.0,idle,+0.000,+0.000,+0.000,+0.000,1100,0,
1785505388.0014,2026-07-31T09:43:08.001,23.314,235,,,,0,,,,0.0118,-17.07,0.0118,-17.07,1,30.0,idle,+0.000,+0.000,+0.000,+0.000,1100,0,
1785505388.1011,2026-07-31T09:43:08.101,23.414,236,,,,0,,,,0.0110,-17.22,0.0110,-17.22,1,30.0,idle,+0.000,+0.000,+0.000,+0.000,1100,0,
1785505388.2001,2026-07-31T09:43:08.200,23.513,237,,,,0,,,,0.0073,-17.36,0.0073,-17.36,1,30.0,idle,+0.000,+0.000,+0.000,+0.000,1100,0,
1785505388.2988,2026-07-31T09:43:08.298,23.612,238,,,,0,,,,0.0145,-17.42,0.0145,-17.42,1,30.0,idle,+0.000,+0.000,+0.000,+0.000,1100,0,
1785505388.3981,2026-07-31T09:43:08.398,23.711,239,,,,0,,,,0.0097,-17.55,0.0097,-17.55,1,30.0,idle,+0.000,+0.000,+0.000,+0.000,1100,0,
1785505388.4980,2026-07-31T09:43:08.498,23.811,240,,,,0,,,,0.0109,-17.63,0.0109,-17.63,1,30.0,idle,+0.000,+0.000,+0.000,+0.000,1100,0,
1785505388.5970,2026-07-31T09:43:08.597,23.910,241,,,,0,,,,0.0097,-17.78,0.0097,-17.78,1,30.0,idle,+0.000,+0.000,+0.000,+0.000,1100,0,
1785505388.6983,2026-07-31T09:43:08.698,24.011,242,,,,0,,,,0.0096,-17.92,0.0096,-17.92,1,30.0,idle,+0.000,+0.000,+0.000,+0.000,1100,0,
1785505388.7969,2026-07-31T09:43:08.796,24.110,243,,,,0,,,,0.0124,-17.98,0.0124,-17.98,1,30.0,idle,+0.000,+0.000,+0.000,+0.000,1100,0,
1785505388.8961,2026-07-31T09:43:08.896,24.209,244,,,,0,,,,0.0095,-18.11,0.0095,-18.11,1,30.0,idle,+0.000,+0.000,+0.000,+0.000,1100,0,
1785505388.9959,2026-07-31T09:43:08.995,24.309,245,,,,0,,,,0.0079,-18.17,0.0079,-18.17,1,30.0,idle,+0.000,+0.000,+0.000,+0.000,1100,0,
1785505389.0958,2026-07-31T09:43:09.095,24.409,246,,,,0,,,,0.0096,-18.29,0.0096,-18.29,1,30.0,idle,+0.000,+0.000,+0.000,+0.000,1100,0,
1785505389.1951,2026-07-31T09:43:09.195,24.508,247,,,,0,,,,0.0088,-18.36,0.0088,-18.36,1,30.0,idle,+0.000,+0.000,+0.000,+0.000,1100,0,
1785505389.2936,2026-07-31T09:43:09.293,24.607,248,,,,0,,,,0.0120,-18.49,0.0120,-18.49,1,30.0,idle,+0.000,+0.000,+0.000,+0.000,1100,0,
1785505389.3928,2026-07-31T09:43:09.392,24.706,249,,,,0,,,,0.0102,-18.55,0.0102,-18.55,1,30.0,idle,+0.000,+0.000,+0.000,+0.000,1100,0,
1785505389.4930,2026-07-31T09:43:09.492,24.806,250,,,,0,,,,0.0104,-18.67,0.0104,-18.67,1,30.0,idle,+0.000,+0.000,+0.000,+0.000,1100,0,
1785505389.5924,2026-07-31T09:43:09.592,24.906,251,,,,0,,,,0.0087,-18.77,0.0087,-18.77,1,30.0,idle,+0.000,+0.000,+0.000,+0.000,1100,0,
1785505389.6919,2026-07-31T09:43:09.691,25.005,252,,,,0,,,,0.0103,-18.82,0.0103,-18.82,1,30.0,idle,+0.000,+0.000,+0.000,+0.000,1100,0,
1785505389.7911,2026-07-31T09:43:09.791,25.104,253,,,,0,,,,0.0097,-18.94,0.0097,-18.94,1,30.0,idle,+0.000,+0.000,+0.000,+0.000,1100,0,
1785505389.8902,2026-07-31T09:43:09.890,25.203,254,,,,0,,,,0.0064,-18.99,0.0064,-18.99,1,30.0,idle,+0.000,+0.000,+0.000,+0.000,1100,0,
1785505389.9914,2026-07-31T09:43:09.991,25.305,255,,,,0,,,,0.0111,-19.11,0.0111,-19.11,1,30.0,idle,+0.000,+0.000,+0.000,+0.000,1100,0,
1785505390.0911,2026-07-31T09:43:10.091,25.404,256,,,,0,,,,0.0056,-19.22,0.0056,-19.22,1,30.0,idle,+0.000,+0.000,+0.000,+0.000,1100,0,
1785505390.1909,2026-07-31T09:43:10.190,25.504,257,,,,0,,,,0.0074,-19.28,0.0074,-19.28,1,30.0,idle,+0.000,+0.000,+0.000,+0.000,1100,0,
1785505390.2900,2026-07-31T09:43:10.289,25.603,258,,,,0,,,,0.0087,-19.39,0.0087,-19.39,1,30.0,idle,+0.000,+0.000,+0.000,+0.000,1100,0,
1785505390.3889,2026-07-31T09:43:10.388,25.702,259,,,,0,,,,0.0085,-19.44,0.0085,-19.44,1,30.0,idle,+0.000,+0.000,+0.000,+0.000,1100,0,
1785505390.4885,2026-07-31T09:43:10.488,25.802,260,,,,0,,,,0.0104,-19.52,0.0104,-19.52,1,30.0,idle,+0.000,+0.000,+0.000,+0.000,1100,0,
1785505390.5873,2026-07-31T09:43:10.587,25.900,261,,,,0,,,,0.0081,-19.62,0.0081,-19.62,1,30.0,idle,+0.000,+0.000,+0.000,+0.000,1100,0,
1785505390.6877,2026-07-31T09:43:10.687,26.001,262,,,,0,,,,0.0064,-19.67,0.0064,-19.67,1,30.0,idle,+0.000,+0.000,+0.000,+0.000,1100,0,
1785505390.7878,2026-07-31T09:43:10.787,26.101,263,,,,0,,,,0.0128,-19.76,0.0128,-19.76,1,30.0,idle,+0.000,+0.000,+0.000,+0.000,1100,0,
1785505390.8872,2026-07-31T09:43:10.887,26.200,264,,,,0,,,,0.0089,-19.81,0.0089,-19.81,1,30.0,idle,+0.000,+0.000,+0.000,+0.000,1100,0,
1785505390.9870,2026-07-31T09:43:10.987,26.300,265,,,,0,,,,0.0106,-19.90,0.0106,-19.90,1,30.0,idle,+0.000,+0.000,+0.000,+0.000,1100,0,
1785505391.0864,2026-07-31T09:43:11.086,26.399,266,,,,0,,,,0.0117,-19.97,0.0117,-19.97,1,30.0,idle,+0.000,+0.000,+0.000,+0.000,1100,0,
1785505391.1864,2026-07-31T09:43:11.186,26.499,267,,,,0,,,,0.0106,-20.02,0.0106,-20.02,1,30.0,idle,+0.000,+0.000,+0.000,+0.000,1100,0,
1785505391.2854,2026-07-31T09:43:11.285,26.599,268,,,,0,,,,0.0075,-20.10,0.0075,-20.10,1,30.0,idle,+0.000,+0.000,+0.000,+0.000,1100,0,
1785505391.3850,2026-07-31T09:43:11.384,26.698,269,,,,0,,,,0.0088,-20.17,0.0088,-20.17,1,30.0,idle,+0.000,+0.000,+0.000,+0.000,1100,0,
1785505391.4846,2026-07-31T09:43:11.484,26.798,270,,,,0,,,,0.0099,-20.21,0.0099,-20.21,1,30.0,idle,+0.000,+0.000,+0.000,+0.000,1100,0,
1785505391.5845,2026-07-31T09:43:11.584,26.898,271,,,,0,,,,0.0083,-20.28,0.0083,-20.28,1,30.0,idle,+0.000,+0.000,+0.000,+0.000,1100,0,
1785505391.6836,2026-07-31T09:43:11.683,26.997,272,,,,0,,,,0.0086,-20.32,0.0086,-20.32,1,30.0,idle,+0.000,+0.000,+0.000,+0.000,1100,0,
1785505391.7830,2026-07-31T09:43:11.782,27.096,273,,,,0,,,,0.0126,-20.38,0.0126,-20.38,1,30.0,idle,+0.000,+0.000,+0.000,+0.000,1100,0,
1785505391.8826,2026-07-31T09:43:11.882,27.196,274,,,,0,,,,0.0070,-20.45,0.0070,-20.45,1,30.0,idle,+0.000,+0.000,+0.000,+0.000,1100,0,
1785505391.9819,2026-07-31T09:43:11.981,27.295,275,,,,0,,,,0.0049,-20.49,0.0049,-20.49,1,30.0,idle,+0.000,+0.000,+0.000,+0.000,1100,0,
1785505392.0823,2026-07-31T09:43:12.082,27.395,276,,,,0,,,,0.0075,-20.57,0.0075,-20.57,1,30.0,idle,+0.000,+0.000,+0.000,+0.000,1100,0,
1785505392.1814,2026-07-31T09:43:12.181,27.494,277,,,,0,,,,0.0071,-20.60,0.0071,-20.60,1,30.0,idle,+0.000,+0.000,+0.000,+0.000,1100,0,
1785505392.2792,2026-07-31T09:43:12.279,27.592,278,,,,0,,,,0.0030,-20.65,0.0030,-20.65,1,30.0,idle,+0.000,+0.000,+0.000,+0.000,1100,0,
1785505392.3784,2026-07-31T09:43:12.378,27.692,279,,,,0,,,,0.0069,-20.67,0.0069,-20.67,1,30.0,idle,+0.000,+0.000,+0.000,+0.000,1100,0,
1785505392.4771,2026-07-31T09:43:12.477,27.790,280,,,,0,,,,0.0058,-20.71,0.0058,-20.71,1,30.0,idle,+0.000,+0.000,+0.000,+0.000,1100,0,
1785505392.5771,2026-07-31T09:43:12.577,27.890,281,,,,0,,,,0.0120,-20.77,0.0120,-20.77,1,30.0,idle,+0.000,+0.000,+0.000,+0.000,1100,0,
1785505392.6770,2026-07-31T09:43:12.677,27.990,282,,,,0,,,,0.0081,-20.80,0.0081,-20.80,1,30.0,idle,+0.000,+0.000,+0.000,+0.000,1100,0,
1785505392.7777,2026-07-31T09:43:12.777,28.091,283,,,,0,,,,0.0066,-20.86,0.0066,-20.86,1,30.0,idle,+0.000,+0.000,+0.000,+0.000,1100,0,
1785505392.8759,2026-07-31T09:43:12.875,28.189,284,,,,0,,,,0.0076,-20.89,0.0076,-20.89,1,30.0,idle,+0.000,+0.000,+0.000,+0.000,1100,0,
1785505392.9765,2026-07-31T09:43:12.976,28.290,285,,,,0,,,,0.0082,-20.92,0.0082,-20.92,1,30.0,idle,+0.000,+0.000,+0.000,+0.000,1100,0,
1785505393.0757,2026-07-31T09:43:13.075,28.389,286,,,,0,,,,0.0061,-20.95,0.0061,-20.95,1,30.0,idle,+0.000,+0.000,+0.000,+0.000,1100,0,
1785505393.1755,2026-07-31T09:43:13.175,28.489,287,,,,0,,,,0.0088,-20.97,0.0088,-20.97,1,30.0,idle,+0.000,+0.000,+0.000,+0.000,1100,0,
1785505393.2754,2026-07-31T09:43:13.275,28.589,288,,,,0,,,,0.0104,-21.02,0.0104,-21.02,1,30.0,idle,+0.000,+0.000,+0.000,+0.000,1100,0,
1785505393.3739,2026-07-31T09:43:13.373,28.687,289,,,,0,,,,0.0060,-21.05,0.0060,-21.05,1,30.0,idle,+0.000,+0.000,+0.000,+0.000,1100,0,
1785505393.4732,2026-07-31T09:43:13.473,28.786,290,,,,0,,,,0.0038,-21.09,0.0038,-21.09,1,30.0,idle,+0.000,+0.000,+0.000,+0.000,1100,0,
1785505393.5734,2026-07-31T09:43:13.573,28.887,291,,,,0,,,,0.0058,-21.11,0.0058,-21.11,1,30.0,idle,+0.000,+0.000,+0.000,+0.000,1100,0,
1785505393.6734,2026-07-31T09:43:13.673,28.987,292,,,,0,,,,0.0101,-21.15,0.0101,-21.15,1,30.0,idle,+0.000,+0.000,+0.000,+0.000,1100,0,
1785505393.7717,2026-07-31T09:43:13.771,29.085,293,,,,0,,,,0.0065,-21.16,0.0065,-21.16,1,30.0,idle,+0.000,+0.000,+0.000,+0.000,1100,0,
1785505393.8722,2026-07-31T09:43:13.872,29.185,294,,,,0,,,,0.0066,-21.16,0.0066,-21.16,1,30.0,idle,+0.000,+0.000,+0.000,+0.000,1100,0,
1785505393.9722,2026-07-31T09:43:13.972,29.285,295,,,,0,,,,0.0119,-21.18,0.0119,-21.18,1,30.0,idle,+0.000,+0.000,+0.000,+0.000,1100,0,
1785505394.0715,2026-07-31T09:43:14.071,29.385,296,,,,0,,,,0.0021,-21.20,0.0021,-21.20,1,30.0,idle,+0.000,+0.000,+0.000,+0.000,1100,0,
1785505394.1712,2026-07-31T09:43:14.171,29.484,297,,,,0,,,,0.0060,-21.24,0.0060,-21.24,1,30.0,idle,+0.000,+0.000,+0.000,+0.000,1100,0,
1785505394.2703,2026-07-31T09:43:14.270,29.583,298,,,,0,,,,0.0082,-21.28,0.0082,-21.28,1,30.0,idle,+0.000,+0.000,+0.000,+0.000,1100,0,
1785505394.3686,2026-07-31T09:43:14.368,29.682,299,,,,0,,,,0.0054,-21.29,0.0054,-21.29,1,30.0,idle,+0.000,+0.000,+0.000,+0.000,1100,0,
1785505394.4675,2026-07-31T09:43:14.467,29.781,300,,,,0,,,,0.0086,-21.30,0.0086,-21.30,1,30.0,idle,+0.000,+0.000,+0.000,+0.000,1100,0,
1785505394.5669,2026-07-31T09:43:14.566,29.880,301,,,,0,,,,0.0064,-21.31,0.0064,-21.31,1,30.0,idle,+0.000,+0.000,+0.000,+0.000,1100,0,
1785505394.6665,2026-07-31T09:43:14.666,29.980,302,,,,0,,,,0.0024,-21.31,0.0024,-21.31,1,30.0,idle,+0.000,+0.000,+0.000,+0.000,1100,0,
1785505394.7669,2026-07-31T09:43:14.766,30.080,303,,,,0,,,,0.0068,-21.34,0.0068,-21.34,1,30.0,idle,+0.000,+0.000,+0.000,+0.000,1100,0,
1785505394.8664,2026-07-31T09:43:14.866,30.180,304,,,,0,,,,0.0053,-21.36,0.0053,-21.36,1,30.0,idle,+0.000,+0.000,+0.000,+0.000,1100,0,
1785505394.9657,2026-07-31T09:43:14.965,30.279,305,,,,0,,,,0.0098,-21.37,0.0098,-21.37,1,30.0,idle,+0.000,+0.000,+0.000,+0.000,1100,0,
1785505395.0655,2026-07-31T09:43:15.065,30.379,306,,,,0,,,,0.0101,-21.38,0.0101,-21.38,1,30.0,idle,+0.000,+0.000,+0.000,+0.000,1100,0,
1785505395.1649,2026-07-31T09:43:15.164,30.478,307,,,,0,,,,0.0080,-21.38,0.0080,-21.38,1,30.0,idle,+0.000,+0.000,+0.000,+0.000,1100,0,
1785505395.2644,2026-07-31T09:43:15.264,30.578,308,,,,0,,,,0.0105,-21.39,0.0105,-21.39,1,30.0,idle,+0.000,+0.000,+0.000,+0.000,1100,0,
1785505395.3643,2026-07-31T09:43:15.364,30.677,309,,,,0,,,,0.0105,-21.40,0.0105,-21.40,1,30.0,idle,+0.000,+0.000,+0.000,+0.000,1100,0,
1785505395.4645,2026-07-31T09:43:15.464,30.778,310,,,,0,,,,0.0084,-21.42,0.0084,-21.42,1,30.0,idle,+0.000,+0.000,+0.000,+0.000,1100,0,
1785505395.5636,2026-07-31T09:43:15.563,30.877,311,,,,0,,,,0.0126,-21.43,0.0126,-21.43,1,30.0,idle,+0.000,+0.000,+0.000,+0.000,1100,0,
1785505395.6629,2026-07-31T09:43:15.662,30.976,312,,,,0,,,,0.0046,-21.44,0.0046,-21.44,1,30.0,idle,+0.000,+0.000,+0.000,+0.000,1100,0,
1785505395.7620,2026-07-31T09:43:15.762,31.075,313,,,,0,,,,0.0046,-21.45,0.0046,-21.45,1,30.0,idle,+0.000,+0.000,+0.000,+0.000,1100,0,
1785505395.8611,2026-07-31T09:43:15.861,31.174,314,,,,0,,,,0.0088,-21.46,0.0088,-21.46,1,30.0,idle,+0.000,+0.000,+0.000,+0.000,1100,0,
1785505395.9596,2026-07-31T09:43:15.959,31.273,315,,,,0,,,,0.0112,-21.46,0.0112,-21.46,1,30.0,idle,+0.000,+0.000,+0.000,+0.000,1100,0,
1785505396.0588,2026-07-31T09:43:16.058,31.372,316,,,,0,,,,0.0087,-21.46,0.0087,-21.46,1,30.0,idle,+0.000,+0.000,+0.000,+0.000,1100,0,
1785505396.1580,2026-07-31T09:43:16.158,31.471,317,,,,0,,,,0.0065,-21.47,0.0065,-21.47,1,30.0,idle,+0.000,+0.000,+0.000,+0.000,1100,0,
1785505396.2565,2026-07-31T09:43:16.256,31.570,318,,,,0,,,,0.0041,-21.49,0.0041,-21.49,1,30.0,idle,+0.000,+0.000,+0.000,+0.000,1100,0,
1785505396.3563,2026-07-31T09:43:16.356,31.669,319,,,,0,,,,0.0083,-21.50,0.0083,-21.50,1,30.0,idle,+0.000,+0.000,+0.000,+0.000,1100,0,
1785505396.4557,2026-07-31T09:43:16.455,31.769,320,,,,0,,,,0.0086,-21.50,0.0086,-21.50,1,30.0,idle,+0.000,+0.000,+0.000,+0.000,1100,0,
1785505396.5551,2026-07-31T09:43:16.555,31.868,321,,,,0,,,,0.0079,-21.50,0.0079,-21.50,1,30.0,idle,+0.000,+0.000,+0.000,+0.000,1100,0,
1785505396.6548,2026-07-31T09:43:16.654,31.968,322,,,,0,,,,0.0083,-21.50,0.0083,-21.50,1,30.0,idle,+0.000,+0.000,+0.000,+0.000,1100,0,
1785505396.7548,2026-07-31T09:43:16.754,32.068,323,,,,0,,,,0.0092,-21.51,0.0092,-21.51,1,30.0,idle,+0.000,+0.000,+0.000,+0.000,1100,0,
1785505396.8539,2026-07-31T09:43:16.853,32.167,324,,,,0,,,,0.0039,-21.52,0.0039,-21.52,1,30.0,idle,+0.000,+0.000,+0.000,+0.000,1100,0,
1785505396.9531,2026-07-31T09:43:16.953,32.266,325,,,,0,,,,0.0048,-21.54,0.0048,-21.54,1,30.0,idle,+0.000,+0.000,+0.000,+0.000,1100,0,
1785505397.0521,2026-07-31T09:43:17.052,32.365,326,,,,0,,,,0.0064,-21.55,0.0064,-21.55,1,30.0,idle,+0.000,+0.000,+0.000,+0.000,1100,0,
1785505397.1515,2026-07-31T09:43:17.151,32.465,327,,,,0,,,,0.0049,-21.56,0.0049,-21.56,1,30.0,idle,+0.000,+0.000,+0.000,+0.000,1100,0,
1785505397.2514,2026-07-31T09:43:17.251,32.564,328,,,,0,,,,0.0079,-21.57,0.0079,-21.57,1,30.0,idle,+0.000,+0.000,+0.000,+0.000,1100,0,
1785505397.3518,2026-07-31T09:43:17.351,32.665,329,,,,0,,,,0.0056,-21.58,0.0056,-21.58,1,30.0,idle,+0.000,+0.000,+0.000,+0.000,1100,0,
1785505397.4503,2026-07-31T09:43:17.450,32.763,330,,,,0,,,,0.0060,-21.60,0.0060,-21.60,1,30.0,idle,+0.000,+0.000,+0.000,+0.000,1100,0,
1785505397.5496,2026-07-31T09:43:17.549,32.863,331,,,,0,,,,0.0087,-21.61,0.0087,-21.61,1,30.0,idle,+0.000,+0.000,+0.000,+0.000,1100,0,
1785505397.6485,2026-07-31T09:43:17.648,32.962,332,,,,0,,,,0.0087,-21.61,0.0087,-21.61,1,30.0,idle,+0.000,+0.000,+0.000,+0.000,1100,0,
1785505397.7478,2026-07-31T09:43:17.747,33.061,333,,,,0,,,,0.0077,-21.62,0.0077,-21.62,1,30.0,idle,+0.000,+0.000,+0.000,+0.000,1100,0,
1785505397.8475,2026-07-31T09:43:17.847,33.161,334,,,,0,,,,0.0042,-21.63,0.0042,-21.63,1,30.0,idle,+0.000,+0.000,+0.000,+0.000,1100,0,
1785505397.9477,2026-07-31T09:43:17.947,33.261,335,,,,0,,,,0.0048,-21.65,0.0048,-21.65,1,30.0,idle,+0.000,+0.000,+0.000,+0.000,1100,0,
1785505398.0469,2026-07-31T09:43:18.046,33.360,336,,,,0,,,,0.0029,-21.67,0.0029,-21.67,1,30.0,idle,+0.000,+0.000,+0.000,+0.000,1100,0,
1785505398.1460,2026-07-31T09:43:18.145,33.459,337,,,,0,,,,0.0066,-21.69,0.0066,-21.69,1,30.0,idle,+0.000,+0.000,+0.000,+0.000,1100,0,
1785505398.2468,2026-07-31T09:43:18.246,33.560,338,,,,0,,,,0.0026,-21.70,0.0026,-21.70,1,30.0,idle,+0.000,+0.000,+0.000,+0.000,1100,0,
1785505398.3451,2026-07-31T09:43:18.345,33.658,339,,,,0,,,,0.0074,-21.72,0.0074,-21.72,1,30.0,idle,+0.000,+0.000,+0.000,+0.000,1100,0,
1785505398.4448,2026-07-31T09:43:18.444,33.758,340,,,,0,,,,0.0071,-21.75,0.0071,-21.75,1,30.0,idle,+0.000,+0.000,+0.000,+0.000,1100,0,
1785505398.5441,2026-07-31T09:43:18.544,33.857,341,,,,0,,,,0.0036,-21.76,0.0036,-21.76,1,30.0,idle,+0.000,+0.000,+0.000,+0.000,1100,0,
1785505398.6441,2026-07-31T09:43:18.644,33.957,342,,,,0,,,,0.0105,-21.78,0.0105,-21.78,1,30.0,idle,+0.000,+0.000,+0.000,+0.000,1100,0,
1785505398.7448,2026-07-31T09:43:18.744,34.058,343,,,,0,,,,0.0062,-21.78,0.0062,-21.78,1,30.0,idle,+0.000,+0.000,+0.000,+0.000,1100,0,
1785505398.8443,2026-07-31T09:43:18.844,34.157,344,,,,0,,,,0.0084,-21.78,0.0084,-21.78,1,30.0,idle,+0.000,+0.000,+0.000,+0.000,1100,0,
1785505398.9438,2026-07-31T09:43:18.943,34.257,345,,,,0,,,,0.0078,-21.80,0.0078,-21.80,1,30.0,idle,+0.000,+0.000,+0.000,+0.000,1100,0,
1785505399.0441,2026-07-31T09:43:19.044,34.357,346,,,,0,,,,0.0074,-21.82,0.0074,-21.82,1,30.0,idle,+0.000,+0.000,+0.000,+0.000,1100,0,
1785505399.1443,2026-07-31T09:43:19.144,34.457,347,,,,0,,,,0.0010,-21.85,0.0010,-21.85,1,30.0,idle,+0.000,+0.000,+0.000,+0.000,1100,0,
1785505399.2434,2026-07-31T09:43:19.243,34.556,348,,,,0,,,,0.0069,-21.87,0.0069,-21.87,1,30.0,idle,+0.000,+0.000,+0.000,+0.000,1100,0,
1785505399.3423,2026-07-31T09:43:19.342,34.655,349,,,,0,,,,0.0034,-21.86,0.0034,-21.86,1,30.0,idle,+0.000,+0.000,+0.000,+0.000,1100,0,
1785505399.4416,2026-07-31T09:43:19.441,34.755,350,,,,0,,,,0.0030,-21.87,0.0030,-21.87,1,30.0,idle,+0.000,+0.000,+0.000,+0.000,1100,0,
1785505399.5406,2026-07-31T09:43:19.540,34.854,351,,,,0,,,,0.0043,-21.88,0.0043,-21.88,1,30.0,idle,+0.000,+0.000,+0.000,+0.000,1100,0,
1785505399.6427,2026-07-31T09:43:19.642,34.956,352,,,,0,,,,0.0070,-21.92,0.0070,-21.92,1,30.0,idle,+0.000,+0.000,+0.000,+0.000,1100,0,
1785505399.7420,2026-07-31T09:43:19.742,35.055,353,,,,0,,,,0.0071,-21.95,0.0071,-21.95,1,30.0,idle,+0.000,+0.000,+0.000,+0.000,1100,0,
1785505399.8424,2026-07-31T09:43:19.842,35.155,354,,,,0,,,,0.0051,-21.96,0.0051,-21.96,1,30.0,idle,+0.000,+0.000,+0.000,+0.000,1100,0,
1785505399.9415,2026-07-31T09:43:19.941,35.255,355,,,,0,,,,0.0033,-21.97,0.0033,-21.97,1,30.0,idle,+0.000,+0.000,+0.000,+0.000,1100,0,
1785505400.0397,2026-07-31T09:43:20.039,35.353,356,,,,0,,,,0.0034,-21.97,0.0034,-21.97,1,30.0,idle,+0.000,+0.000,+0.000,+0.000,1100,0,
1785505400.1400,2026-07-31T09:43:20.140,35.453,357,,,,0,,,,0.0082,-21.99,0.0082,-21.99,1,30.0,idle,+0.000,+0.000,+0.000,+0.000,1100,0,
1785505400.2387,2026-07-31T09:43:20.238,35.552,358,,,,0,,,,0.0037,-22.00,0.0037,-22.00,1,30.0,idle,+0.000,+0.000,+0.000,+0.000,1100,0,
1785505400.3378,2026-07-31T09:43:20.337,35.651,359,,,,0,,,,0.0069,-22.04,0.0069,-22.04,1,30.0,idle,+0.000,+0.000,+0.000,+0.000,1100,0,
1785505400.4369,2026-07-31T09:43:20.436,35.750,360,,,,0,,,,0.0052,-22.07,0.0052,-22.07,1,30.0,idle,+0.000,+0.000,+0.000,+0.000,1100,0,
1785505400.5374,2026-07-31T09:43:20.537,35.850,361,,,,0,,,,0.0038,-22.07,0.0038,-22.07,1,30.0,idle,+0.000,+0.000,+0.000,+0.000,1100,0,
1785505400.6359,2026-07-31T09:43:20.635,35.949,362,,,,0,,,,0.0074,-22.09,0.0074,-22.09,1,30.0,idle,+0.000,+0.000,+0.000,+0.000,1100,0,
1785505400.7349,2026-07-31T09:43:20.734,36.048,363,,,,0,,,,0.0049,-22.09,0.0049,-22.09,1,30.0,idle,+0.000,+0.000,+0.000,+0.000,1100,0,
1785505400.8344,2026-07-31T09:43:20.834,36.147,364,,,,0,,,,0.0040,-22.11,0.0040,-22.11,1,30.0,idle,+0.000,+0.000,+0.000,+0.000,1100,0,
1785505400.9334,2026-07-31T09:43:20.933,36.247,365,,,,0,,,,0.0061,-22.11,0.0061,-22.11,1,30.0,idle,+0.000,+0.000,+0.000,+0.000,1100,0,
1785505401.0327,2026-07-31T09:43:21.032,36.346,366,,,,0,,,,0.0072,-22.13,0.0072,-22.13,1,30.0,idle,+0.000,+0.000,+0.000,+0.000,1100,0,
1785505401.1317,2026-07-31T09:43:21.131,36.445,367,,,,0,,,,0.0049,-22.16,0.0049,-22.16,1,30.0,idle,+0.000,+0.000,+0.000,+0.000,1100,0,
1785505401.2314,2026-07-31T09:43:21.231,36.545,368,,,,0,,,,0.0051,-22.18,0.0051,-22.18,1,30.0,idle,+0.000,+0.000,+0.000,+0.000,1100,0,
1785505401.3306,2026-07-31T09:43:21.330,36.644,369,,,,0,,,,0.0034,-22.22,0.0034,-22.22,1,30.0,idle,+0.000,+0.000,+0.000,+0.000,1100,0,
1785505401.4308,2026-07-31T09:43:21.430,36.744,370,,,,0,,,,0.0012,-22.24,0.0012,-22.24,1,30.0,idle,+0.000,+0.000,+0.000,+0.000,1100,0,
1785505401.5303,2026-07-31T09:43:21.530,36.843,371,,,,0,,,,0.0078,-22.25,0.0078,-22.25,1,30.0,idle,+0.000,+0.000,+0.000,+0.000,1100,0,
1785505401.6312,2026-07-31T09:43:21.631,36.944,372,,,,0,,,,0.0031,-22.26,0.0031,-22.26,1,30.0,idle,+0.000,+0.000,+0.000,+0.000,1100,0,
1785505401.7304,2026-07-31T09:43:21.730,37.044,373,,,,0,,,,0.0023,-22.26,0.0023,-22.26,1,30.0,idle,+0.000,+0.000,+0.000,+0.000,1100,0,
1785505401.8301,2026-07-31T09:43:21.830,37.143,374,,,,0,,,,0.0046,-22.28,0.0046,-22.28,1,30.0,idle,+0.000,+0.000,+0.000,+0.000,1100,0,
1785505401.9291,2026-07-31T09:43:21.929,37.242,375,,,,0,,,,0.0034,-22.30,0.0034,-22.30,1,30.0,idle,+0.000,+0.000,+0.000,+0.000,1100,0,
1785505402.0286,2026-07-31T09:43:22.028,37.342,376,,,,0,,,,0.0048,-22.31,0.0048,-22.31,1,30.0,idle,+0.000,+0.000,+0.000,+0.000,1100,0,
1785505402.1281,2026-07-31T09:43:22.128,37.441,377,,,,0,,,,0.0024,-22.32,0.0024,-22.32,1,30.0,idle,+0.000,+0.000,+0.000,+0.000,1100,0,
1785505402.2264,2026-07-31T09:43:22.226,37.540,378,,,,0,,,,0.0018,-22.33,0.0018,-22.33,1,30.0,idle,+0.000,+0.000,+0.000,+0.000,1100,0,
1785505402.3263,2026-07-31T09:43:22.326,37.639,379,,,,0,,,,0.0028,-22.35,0.0028,-22.35,1,30.0,idle,+0.000,+0.000,+0.000,+0.000,1100,0,
1785505402.4258,2026-07-31T09:43:22.425,37.739,380,,,,0,,,,0.0038,-22.39,0.0038,-22.39,1,30.0,idle,+0.000,+0.000,+0.000,+0.000,1100,0,
1785505402.5246,2026-07-31T09:43:22.524,37.838,381,,,,0,,,,0.0030,-22.40,0.0030,-22.40,1,30.0,idle,+0.000,+0.000,+0.000,+0.000,1100,0,
1785505402.6250,2026-07-31T09:43:22.624,37.938,382,,,,0,,,,0.0052,-22.42,0.0052,-22.42,1,30.0,idle,+0.000,+0.000,+0.000,+0.000,1100,0,
1785505402.7235,2026-07-31T09:43:22.723,38.037,383,,,,0,,,,0.0014,-22.43,0.0014,-22.43,1,30.0,idle,+0.000,+0.000,+0.000,+0.000,1100,0,
1785505402.8236,2026-07-31T09:43:22.823,38.137,384,,,,0,,,,0.0042,-22.45,0.0042,-22.45,1,30.0,idle,+0.000,+0.000,+0.000,+0.000,1100,0,
1785505402.9226,2026-07-31T09:43:22.922,38.236,385,,,,0,,,,0.0007,-22.46,0.0007,-22.46,1,30.0,idle,+0.000,+0.000,+0.000,+0.000,1100,0,
1785505403.0222,2026-07-31T09:43:23.022,38.335,386,,,,0,,,,0.0061,-22.48,0.0061,-22.48,1,30.0,idle,+0.000,+0.000,+0.000,+0.000,1100,0,
1785505403.1214,2026-07-31T09:43:23.121,38.435,387,,,,0,,,,0.0035,-22.50,0.0035,-22.50,1,30.0,idle,+0.000,+0.000,+0.000,+0.000,1100,0,
1785505403.2208,2026-07-31T09:43:23.220,38.534,388,,,,0,,,,0.0044,-22.51,0.0044,-22.51,1,30.0,idle,+0.000,+0.000,+0.000,+0.000,1100,0,
1785505403.3208,2026-07-31T09:43:23.320,38.634,389,,,,0,,,,0.0035,-22.53,0.0035,-22.53,1,30.0,idle,+0.000,+0.000,+0.000,+0.000,1100,0,
1785505403.4193,2026-07-31T09:43:23.419,38.732,390,,,,0,,,,-0.0005,-22.55,-0.0005,-22.55,1,30.0,idle,+0.000,+0.000,+0.000,+0.000,1100,0,
1785505403.5182,2026-07-31T09:43:23.518,38.831,391,,,,0,,,,0.0042,-22.60,0.0042,-22.60,1,30.0,idle,+0.000,+0.000,+0.000,+0.000,1100,0,
1785505403.6176,2026-07-31T09:43:23.617,38.931,392,,,,0,,,,0.0029,-22.63,0.0029,-22.63,1,30.0,idle,+0.000,+0.000,+0.000,+0.000,1100,0,
1785505403.7178,2026-07-31T09:43:23.717,39.031,393,,,,0,,,,0.0066,-22.64,0.0066,-22.64,1,30.0,idle,+0.000,+0.000,+0.000,+0.000,1100,0,
1785505403.8181,2026-07-31T09:43:23.818,39.131,394,,,,0,,,,0.0048,-22.66,0.0048,-22.66,1,30.0,idle,+0.000,+0.000,+0.000,+0.000,1100,0,
1785505403.9176,2026-07-31T09:43:23.917,39.231,395,,,,0,,,,0.0044,-22.68,0.0044,-22.68,1,30.0,idle,+0.000,+0.000,+0.000,+0.000,1100,0,
1785505404.0168,2026-07-31T09:43:24.016,39.330,396,,,,0,,,,0.0036,-22.74,0.0036,-22.74,1,30.0,idle,+0.000,+0.000,+0.000,+0.000,1100,0,
1785505404.1159,2026-07-31T09:43:24.115,39.429,397,,,,0,,,,0.0054,-22.78,0.0054,-22.78,1,30.0,idle,+0.000,+0.000,+0.000,+0.000,1100,0,
1785505404.2145,2026-07-31T09:43:24.214,39.528,398,,,,0,,,,0.0012,-22.78,0.0012,-22.78,1,30.0,idle,+0.000,+0.000,+0.000,+0.000,1100,0,
1785505404.3139,2026-07-31T09:43:24.313,39.627,399,,,,0,,,,0.0034,-22.80,0.0034,-22.80,1,30.0,idle,+0.000,+0.000,+0.000,+0.000,1100,0,
1785505404.4124,2026-07-31T09:43:24.412,39.726,400,,,,0,,,,0.0018,-22.82,0.0018,-22.82,1,30.0,idle,+0.000,+0.000,+0.000,+0.000,1100,0,
1785505404.5124,2026-07-31T09:43:24.512,39.826,401,,,,0,,,,-0.0007,-22.85,-0.0007,-22.85,1,30.0,idle,+0.000,+0.000,+0.000,+0.000,1100,0,
1785505404.6126,2026-07-31T09:43:24.612,39.926,402,,,,0,,,,0.0017,-22.87,0.0017,-22.87,1,30.0,idle,+0.000,+0.000,+0.000,+0.000,1100,0,
1785505404.7111,2026-07-31T09:43:24.711,40.024,403,,,,0,,,,0.0002,-22.91,0.0002,-22.91,1,30.0,idle,+0.000,+0.000,+0.000,+0.000,1100,0,
1785505404.8114,2026-07-31T09:43:24.811,40.125,404,,,,0,,,,0.0075,-22.95,0.0075,-22.95,1,30.0,idle,+0.000,+0.000,+0.000,+0.000,1100,0,
1785505404.9101,2026-07-31T09:43:24.910,40.223,405,,,,0,,,,0.0012,-22.97,0.0012,-22.97,1,30.0,idle,+0.000,+0.000,+0.000,+0.000,1100,0,
1785505405.0093,2026-07-31T09:43:25.009,40.322,406,,,,0,,,,0.0042,-23.03,0.0042,-23.03,1,30.0,idle,+0.000,+0.000,+0.000,+0.000,1100,0,
1785505405.1083,2026-07-31T09:43:25.108,40.421,407,,,,0,,,,-0.0011,-23.06,-0.0011,-23.06,1,30.0,idle,+0.000,+0.000,+0.000,+0.000,1100,0,
1785505405.2080,2026-07-31T09:43:25.208,40.521,408,,,,0,,,,0.0029,-23.12,0.0029,-23.12,1,30.0,idle,+0.000,+0.000,+0.000,+0.000,1100,0,
1785505405.3072,2026-07-31T09:43:25.307,40.620,409,,,,0,,,,0.0009,-23.15,0.0009,-23.15,1,30.0,idle,+0.000,+0.000,+0.000,+0.000,1100,0,
1785505405.4067,2026-07-31T09:43:25.406,40.720,410,,,,0,,,,0.0038,-23.18,0.0038,-23.18,1,30.0,idle,+0.000,+0.000,+0.000,+0.000,1100,0,
1785505405.5050,2026-07-31T09:43:25.505,40.818,411,,,,0,,,,0.0040,-23.22,0.0040,-23.22,1,30.0,idle,+0.000,+0.000,+0.000,+0.000,1100,0,
1785505405.6054,2026-07-31T09:43:25.605,40.919,412,,,,0,,,,0.0020,-23.25,0.0020,-23.25,1,30.0,idle,+0.000,+0.000,+0.000,+0.000,1100,0,
1785505405.7044,2026-07-31T09:43:25.704,41.018,413,,,,0,,,,0.0038,-23.29,0.0038,-23.29,1,30.0,idle,+0.000,+0.000,+0.000,+0.000,1100,0,
1785505405.8035,2026-07-31T09:43:25.803,41.117,414,,,,0,,,,0.0045,-23.33,0.0045,-23.33,1,30.0,idle,+0.000,+0.000,+0.000,+0.000,1100,0,
1785505405.9020,2026-07-31T09:43:25.901,41.215,415,,,,0,,,,0.0043,-23.35,0.0043,-23.35,1,30.0,idle,+0.000,+0.000,+0.000,+0.000,1100,0,
1785505406.0015,2026-07-31T09:43:26.001,41.315,416,,,,0,,,,0.0015,-23.41,0.0015,-23.41,1,30.0,idle,+0.000,+0.000,+0.000,+0.000,1100,0,
1785505406.1000,2026-07-31T09:43:26.099,41.413,417,,,,0,,,,0.0039,-23.46,0.0039,-23.46,1,30.0,idle,+0.000,+0.000,+0.000,+0.000,1100,0,
1785505406.1996,2026-07-31T09:43:26.199,41.513,418,,,,0,,,,-0.0009,-23.53,-0.0009,-23.53,1,30.0,idle,+0.000,+0.000,+0.000,+0.000,1100,0,
1785505406.2989,2026-07-31T09:43:26.298,41.612,419,,,,0,,,,0.0013,-23.60,0.0013,-23.60,1,30.0,idle,+0.000,+0.000,+0.000,+0.000,1100,0,
1785505406.3983,2026-07-31T09:43:26.398,41.711,420,,,,0,,,,0.0013,-23.62,0.0013,-23.62,1,30.0,idle,+0.000,+0.000,+0.000,+0.000,1100,0,
1785505406.4985,2026-07-31T09:43:26.498,41.812,421,,,,0,,,,0.0030,-23.68,0.0030,-23.68,1,30.0,idle,+0.000,+0.000,+0.000,+0.000,1100,0,
1785505406.5976,2026-07-31T09:43:26.597,41.911,422,,,,0,,,,0.0015,-23.71,0.0015,-23.71,1,30.0,idle,+0.000,+0.000,+0.000,+0.000,1100,0,
1785505406.6969,2026-07-31T09:43:26.696,42.010,423,,,,0,,,,0.0037,-23.78,0.0037,-23.78,1,30.0,idle,+0.000,+0.000,+0.000,+0.000,1100,0,
1785505406.7958,2026-07-31T09:43:26.795,42.109,424,,,,0,,,,0.0028,-23.81,0.0028,-23.81,1,30.0,idle,+0.000,+0.000,+0.000,+0.000,1100,0,
1785505406.8954,2026-07-31T09:43:26.895,42.209,425,,,,0,,,,0.0015,-23.87,0.0015,-23.87,1,30.0,idle,+0.000,+0.000,+0.000,+0.000,1100,0,
1785505406.9945,2026-07-31T09:43:26.994,42.308,426,,,,0,,,,0.0009,-23.97,0.0009,-23.97,1,30.0,idle,+0.000,+0.000,+0.000,+0.000,1100,0,
1785505407.0935,2026-07-31T09:43:27.093,42.407,427,,,,0,,,,0.0018,-24.02,0.0018,-24.02,1,30.0,idle,+0.000,+0.000,+0.000,+0.000,1100,0,
1785505407.1920,2026-07-31T09:43:27.192,42.505,428,,,,0,,,,0.0022,-24.11,0.0022,-24.11,1,30.0,idle,+0.000,+0.000,+0.000,+0.000,1100,0,
1785505407.2915,2026-07-31T09:43:27.291,42.605,429,,,,0,,,,0.0040,-24.15,0.0040,-24.15,1,30.0,idle,+0.000,+0.000,+0.000,+0.000,1100,0,
1785505407.3903,2026-07-31T09:43:27.390,42.703,430,,,,0,,,,-0.0027,-24.20,-0.0027,-24.20,1,30.0,idle,+0.000,+0.000,+0.000,+0.000,1100,0,
1785505407.4905,2026-07-31T09:43:27.490,42.804,431,,,,0,,,,0.0037,-24.27,0.0037,-24.27,1,30.0,idle,+0.000,+0.000,+0.000,+0.000,1100,0,
1785505407.5890,2026-07-31T09:43:27.589,42.902,432,,,,0,,,,0.0037,-24.31,0.0037,-24.31,1,30.0,idle,+0.000,+0.000,+0.000,+0.000,1100,0,
1785505407.6880,2026-07-31T09:43:27.688,43.001,433,,,,0,,,,0.0020,-24.41,0.0020,-24.41,1,30.0,idle,+0.000,+0.000,+0.000,+0.000,1100,0,
1785505407.7883,2026-07-31T09:43:27.788,43.101,434,,,,0,,,,0.0036,-24.46,0.0036,-24.46,1,30.0,idle,+0.000,+0.000,+0.000,+0.000,1100,0,
1785505407.8875,2026-07-31T09:43:27.887,43.201,435,,,,0,,,,0.0029,-24.55,0.0029,-24.55,1,30.0,idle,+0.000,+0.000,+0.000,+0.000,1100,0,
1785505407.9864,2026-07-31T09:43:27.986,43.300,436,,,,0,,,,0.0041,-24.60,0.0041,-24.60,1,30.0,idle,+0.000,+0.000,+0.000,+0.000,1100,0,
1785505408.0846,2026-07-31T09:43:28.084,43.398,437,,,,0,,,,0.0011,-24.69,0.0011,-24.69,1,30.0,idle,+0.000,+0.000,+0.000,+0.000,1100,0,
1785505408.1839,2026-07-31T09:43:28.183,43.497,438,,,,0,,,,0.0053,-24.80,0.0053,-24.80,1,30.0,idle,+0.000,+0.000,+0.000,+0.000,1100,0,
1785505408.2829,2026-07-31T09:43:28.282,43.596,439,,,,0,,,,0.0012,-24.84,0.0012,-24.84,1,30.0,idle,+0.000,+0.000,+0.000,+0.000,1100,0,
1785505408.3818,2026-07-31T09:43:28.381,43.695,440,,,,0,,,,-0.0018,-24.92,-0.0018,-24.92,1,30.0,idle,+0.000,+0.000,+0.000,+0.000,1100,0,
1785505408.4809,2026-07-31T09:43:28.480,43.794,441,,,,0,,,,0.0019,-24.97,0.0019,-24.97,1,30.0,idle,+0.000,+0.000,+0.000,+0.000,1100,0,
1785505408.5801,2026-07-31T09:43:28.580,43.893,442,,,,0,,,,-0.0001,-25.06,-0.0001,-25.06,1,30.0,idle,+0.000,+0.000,+0.000,+0.000,1100,0,
1785505408.6787,2026-07-31T09:43:28.678,43.992,443,,,,0,,,,0.0043,-25.16,0.0043,-25.16,1,30.0,idle,+0.000,+0.000,+0.000,+0.000,1100,0,
1785505408.7794,2026-07-31T09:43:28.779,44.092,444,,,,0,,,,0.0011,-25.21,0.0011,-25.21,1,30.0,idle,+0.000,+0.000,+0.000,+0.000,1100,0,
1785505408.8787,2026-07-31T09:43:28.878,44.192,445,,,,0,,,,0.0011,-25.31,0.0011,-25.31,1,30.0,idle,+0.000,+0.000,+0.000,+0.000,1100,0,
1785505408.9780,2026-07-31T09:43:28.977,44.291,446,,,,0,,,,-0.0012,-25.36,-0.0012,-25.36,1,30.0,idle,+0.000,+0.000,+0.000,+0.000,1100,0,
1785505409.0774,2026-07-31T09:43:29.077,44.391,447,,,,0,,,,0.0036,-25.46,0.0036,-25.46,1,30.0,idle,+0.000,+0.000,+0.000,+0.000,1100,0,
1785505409.1775,2026-07-31T09:43:29.177,44.491,448,,,,0,,,,0.0048,-25.54,0.0048,-25.54,1,30.0,idle,+0.000,+0.000,+0.000,+0.000,1100,0,
1785505409.2756,2026-07-31T09:43:29.275,44.589,449,,,,0,,,,-0.0028,-25.59,-0.0028,-25.59,1,30.0,idle,+0.000,+0.000,+0.000,+0.000,1100,0,
1785505409.3752,2026-07-31T09:43:29.375,44.688,450,,,,0,,,,0.0019,-25.70,0.0019,-25.70,1,30.0,idle,+0.000,+0.000,+0.000,+0.000,1100,0,
1785505409.4741,2026-07-31T09:43:29.474,44.787,451,,,,0,,,,0.0020,-25.76,0.0020,-25.76,1,30.0,idle,+0.000,+0.000,+0.000,+0.000,1100,0,
1785505409.5740,2026-07-31T09:43:29.574,44.887,452,,,,0,,,,-0.0006,-25.90,-0.0006,-25.90,1,30.0,idle,+0.000,+0.000,+0.000,+0.000,1100,0,
1785505409.6726,2026-07-31T09:43:29.672,44.986,453,,,,0,,,,-0.0016,-26.00,-0.0016,-26.00,1,30.0,idle,+0.000,+0.000,+0.000,+0.000,1100,0,
1785505409.7719,2026-07-31T09:43:29.771,45.085,454,,,,0,,,,0.0021,-26.05,0.0021,-26.05,1,30.0,idle,+0.000,+0.000,+0.000,+0.000,1100,0,
1785505409.8710,2026-07-31T09:43:29.870,45.184,455,,,,0,,,,0.0033,-26.16,0.0033,-26.16,1,30.0,idle,+0.000,+0.000,+0.000,+0.000,1100,0,
1785505409.9694,2026-07-31T09:43:29.969,45.282,456,,,,0,,,,-0.0033,-26.22,-0.0033,-26.22,1,30.0,idle,+0.000,+0.000,+0.000,+0.000,1100,0,
1785505410.0684,2026-07-31T09:43:30.068,45.382,457,,,,0,,,,-0.0022,-26.32,-0.0022,-26.32,1,30.0,idle,+0.000,+0.000,+0.000,+0.000,1100,0,
1785505410.1676,2026-07-31T09:43:30.167,45.481,458,,,,0,,,,-0.0022,-26.37,-0.0022,-26.37,1,30.0,idle,+0.000,+0.000,+0.000,+0.000,1100,0,
1785505410.2672,2026-07-31T09:43:30.267,45.580,459,,,,0,,,,0.0010,-26.46,0.0010,-26.46,1,30.0,idle,+0.000,+0.000,+0.000,+0.000,1100,0,
1785505410.3665,2026-07-31T09:43:30.366,45.680,460,,,,0,,,,0.0011,-26.51,0.0011,-26.51,1,30.0,idle,+0.000,+0.000,+0.000,+0.000,1100,0,
1785505410.4655,2026-07-31T09:43:30.465,45.779,461,,,,0,,,,-0.0008,-26.62,-0.0008,-26.62,1,30.0,idle,+0.000,+0.000,+0.000,+0.000,1100,0,
1785505410.5650,2026-07-31T09:43:30.565,45.878,462,,,,0,,,,0.0009,-26.74,0.0009,-26.74,1,30.0,idle,+0.000,+0.000,+0.000,+0.000,1100,0,
1785505410.6635,2026-07-31T09:43:30.663,45.977,463,,,,0,,,,-0.0004,-26.81,-0.0004,-26.81,1,30.0,idle,+0.000,+0.000,+0.000,+0.000,1100,0,
1785505410.7638,2026-07-31T09:43:30.763,46.077,464,,,,0,,,,-0.0006,-26.93,-0.0006,-26.93,1,30.0,idle,+0.000,+0.000,+0.000,+0.000,1100,0,
1785505410.8629,2026-07-31T09:43:30.862,46.176,465,,,,0,,,,-0.0002,-26.99,-0.0002,-26.99,1,30.0,idle,+0.000,+0.000,+0.000,+0.000,1100,0,
1785505410.9618,2026-07-31T09:43:30.961,46.275,466,,,,0,,,,-0.0056,-27.10,-0.0056,-27.10,1,30.0,idle,+0.000,+0.000,+0.000,+0.000,1100,0,
1785505411.0605,2026-07-31T09:43:31.060,46.374,467,,,,0,,,,0.0004,-27.22,0.0004,-27.22,1,30.0,idle,+0.000,+0.000,+0.000,+0.000,1100,0,
1785505411.1593,2026-07-31T09:43:31.159,46.472,468,,,,0,,,,0.0043,-27.28,0.0043,-27.28,1,30.0,idle,+0.000,+0.000,+0.000,+0.000,1100,0,
1785505411.2594,2026-07-31T09:43:31.259,46.572,469,,,,0,,,,-0.0013,-27.40,-0.0013,-27.40,1,30.0,idle,+0.000,+0.000,+0.000,+0.000,1100,0,
1785505411.3594,2026-07-31T09:43:31.359,46.673,470,,,,0,,,,-0.0040,-27.47,-0.0040,-27.47,1,30.0,idle,+0.000,+0.000,+0.000,+0.000,1100,0,
1785505411.4584,2026-07-31T09:43:31.458,46.772,471,,,,0,,,,-0.0006,-27.58,-0.0006,-27.58,1,30.0,idle,+0.000,+0.000,+0.000,+0.000,1100,0,
1785505411.5580,2026-07-31T09:43:31.557,46.871,472,,,,0,,,,-0.0018,-27.70,-0.0018,-27.70,1,30.0,idle,+0.000,+0.000,+0.000,+0.000,1100,0,
1785505411.6562,2026-07-31T09:43:31.656,46.969,473,,,,0,,,,-0.0021,-27.76,-0.0021,-27.76,1,30.0,idle,+0.000,+0.000,+0.000,+0.000,1100,0,
1785505411.7553,2026-07-31T09:43:31.755,47.068,474,,,,0,,,,0.0024,-27.89,0.0024,-27.89,1,30.0,idle,+0.000,+0.000,+0.000,+0.000,1100,0,
1785505411.8552,2026-07-31T09:43:31.855,47.168,475,,,,0,,,,0.0034,-27.96,0.0034,-27.96,1,30.0,idle,+0.000,+0.000,+0.000,+0.000,1100,0,
1785505411.9542,2026-07-31T09:43:31.954,47.267,476,,,,0,,,,0.0014,-28.06,0.0014,-28.06,1,30.0,idle,+0.000,+0.000,+0.000,+0.000,1100,0,
1785505412.0538,2026-07-31T09:43:32.053,47.367,477,,,,0,,,,0.0020,-28.16,0.0020,-28.16,1,30.0,idle,+0.000,+0.000,+0.000,+0.000,1100,0,
1785505412.1530,2026-07-31T09:43:32.153,47.466,478,,,,0,,,,-0.0025,-28.20,-0.0025,-28.20,1,30.0,idle,+0.000,+0.000,+0.000,+0.000,1100,0,
1785505412.2530,2026-07-31T09:43:32.252,47.566,479,,,,0,,,,0.0017,-28.32,0.0017,-28.32,1,30.0,idle,+0.000,+0.000,+0.000,+0.000,1100,0,
1785505412.3521,2026-07-31T09:43:32.352,47.665,480,,,,0,,,,-0.0022,-28.39,-0.0022,-28.39,1,30.0,idle,+0.000,+0.000,+0.000,+0.000,1100,0,
1785505412.4513,2026-07-31T09:43:32.451,47.764,481,,,,0,,,,0.0007,-28.52,0.0007,-28.52,1,30.0,idle,+0.000,+0.000,+0.000,+0.000,1100,0,
1785505412.5508,2026-07-31T09:43:32.550,47.864,482,,,,0,,,,0.0002,-28.65,0.0002,-28.65,1,30.0,idle,+0.000,+0.000,+0.000,+0.000,1100,0,
1785505412.6491,2026-07-31T09:43:32.649,47.962,483,,,,0,,,,-0.0003,-28.71,-0.0003,-28.71,1,30.0,idle,+0.000,+0.000,+0.000,+0.000,1100,0,
1785505412.7494,2026-07-31T09:43:32.749,48.062,484,,,,0,,,,-0.0025,-28.83,-0.0025,-28.83,1,30.0,idle,+0.000,+0.000,+0.000,+0.000,1100,0,
1785505412.8480,2026-07-31T09:43:32.848,48.161,485,,,,0,,,,-0.0012,-28.89,-0.0012,-28.89,1,30.0,idle,+0.000,+0.000,+0.000,+0.000,1100,0,
1785505412.9478,2026-07-31T09:43:32.947,48.261,486,,,,0,,,,0.0013,-29.00,0.0013,-29.00,1,30.0,idle,+0.000,+0.000,+0.000,+0.000,1100,0,
1785505413.0461,2026-07-31T09:43:33.046,48.359,487,,,,0,,,,0.0012,-29.10,0.0012,-29.10,1,30.0,idle,+0.000,+0.000,+0.000,+0.000,1100,0,
1785505413.1455,2026-07-31T09:43:33.145,48.459,488,,,,0,,,,-0.0019,-29.15,-0.0019,-29.15,1,30.0,idle,+0.000,+0.000,+0.000,+0.000,1100,0,
1785505413.2430,2026-07-31T09:43:33.243,48.556,489,,,,0,,,,-0.0027,-29.26,-0.0027,-29.26,1,30.0,idle,+0.000,+0.000,+0.000,+0.000,1100,0,
1785505413.3437,2026-07-31T09:43:33.343,48.657,490,,,,0,,,,-0.0001,-29.32,-0.0001,-29.32,1,30.0,idle,+0.000,+0.000,+0.000,+0.000,1100,0,
1785505413.4425,2026-07-31T09:43:33.442,48.756,491,,,,0,,,,-0.0012,-29.42,-0.0012,-29.42,1,30.0,idle,+0.000,+0.000,+0.000,+0.000,1100,0,
1785505413.5413,2026-07-31T09:43:33.541,48.854,492,,,,0,,,,-0.0008,-29.53,-0.0008,-29.53,1,30.0,idle,+0.000,+0.000,+0.000,+0.000,1100,0,
1785505413.6425,2026-07-31T09:43:33.642,48.956,493,,,,0,,,,-0.0015,-29.58,-0.0015,-29.58,1,30.0,idle,+0.000,+0.000,+0.000,+0.000,1100,0,
1785505413.7417,2026-07-31T09:43:33.741,49.055,494,,,,0,,,,0.0019,-29.68,0.0019,-29.68,1,30.0,idle,+0.000,+0.000,+0.000,+0.000,1100,0,
1785505413.8399,2026-07-31T09:43:33.839,49.153,495,,,,0,,,,-0.0011,-29.73,-0.0011,-29.73,1,30.0,idle,+0.000,+0.000,+0.000,+0.000,1100,0,
1785505413.9392,2026-07-31T09:43:33.939,49.252,496,,,,0,,,,-0.0042,-29.84,-0.0042,-29.84,1,30.0,idle,+0.000,+0.000,+0.000,+0.000,1100,0,
1785505414.0398,2026-07-31T09:43:34.039,49.353,497,,,,0,,,,0.0012,-29.93,0.0012,-29.93,1,30.0,idle,+0.000,+0.000,+0.000,+0.000,1100,0,
1785505414.1401,2026-07-31T09:43:34.140,49.453,498,,,,0,,,,-0.0055,-29.98,-0.0055,-29.98,1,30.0,idle,+0.000,+0.000,+0.000,+0.000,1100,0,
1785505414.2388,2026-07-31T09:43:34.238,49.552,499,,,,0,,,,-0.0013,-30.07,-0.0013,-30.07,1,30.0,idle,+0.000,+0.000,+0.000,+0.000,1100,0,
1785505414.3382,2026-07-31T09:43:34.338,49.651,500,,,,0,,,,-0.0029,-30.12,-0.0029,-30.12,1,30.0,idle,+0.000,+0.000,+0.000,+0.000,1100,0,
1785505414.4372,2026-07-31T09:43:34.437,49.750,501,,,,0,,,,-0.0000,-30.21,-0.0000,-30.21,1,30.0,idle,+0.000,+0.000,+0.000,+0.000,1100,0,
1785505414.5374,2026-07-31T09:43:34.537,49.850,502,,,,0,,,,-0.0019,-30.25,-0.0019,-30.25,1,30.0,idle,+0.000,+0.000,+0.000,+0.000,1100,0,
1785505414.6383,2026-07-31T09:43:34.638,49.951,503,,,,0,,,,-0.0039,-30.35,-0.0039,-30.35,1,30.0,idle,+0.000,+0.000,+0.000,+0.000,1100,0,
1785505414.7368,2026-07-31T09:43:34.736,50.050,504,,,,0,,,,-0.0039,-30.45,-0.0039,-30.45,1,30.0,idle,+0.000,+0.000,+0.000,+0.000,1100,0,
1785505414.8364,2026-07-31T09:43:34.836,50.149,505,,,,0,,,,-0.0042,-30.49,-0.0042,-30.49,1,30.0,idle,+0.000,+0.000,+0.000,+0.000,1100,0,
1785505414.9349,2026-07-31T09:43:34.934,50.248,506,,,,0,,,,0.0003,-30.59,0.0003,-30.59,1,30.0,idle,+0.000,+0.000,+0.000,+0.000,1100,0,
1785505415.0349,2026-07-31T09:43:35.034,50.348,507,,,,0,,,,-0.0032,-30.63,-0.0032,-30.63,1,30.0,idle,+0.000,+0.000,+0.000,+0.000,1100,0,
1785505415.1344,2026-07-31T09:43:35.134,50.447,508,,,,0,,,,-0.0049,-30.72,-0.0049,-30.72,1,30.0,idle,+0.000,+0.000,+0.000,+0.000,1100,0,
1785505415.2334,2026-07-31T09:43:35.233,50.546,509,,,,0,,,,-0.0027,-30.81,-0.0027,-30.81,1,30.0,idle,+0.000,+0.000,+0.000,+0.000,1100,0,
1785505415.3319,2026-07-31T09:43:35.331,50.645,510,,,,0,,,,-0.0017,-30.85,-0.0017,-30.85,1,30.0,idle,+0.000,+0.000,+0.000,+0.000,1100,0,
1785505415.4311,2026-07-31T09:43:35.431,50.744,511,,,,0,,,,0.0008,-30.92,0.0008,-30.92,1,30.0,idle,+0.000,+0.000,+0.000,+0.000,1100,0,
1785505415.5303,2026-07-31T09:43:35.530,50.843,512,,,,0,,,,-0.0041,-30.96,-0.0041,-30.96,1,30.0,idle,+0.000,+0.000,+0.000,+0.000,1100,0,
1785505415.6295,2026-07-31T09:43:35.629,50.943,513,,,,0,,,,-0.0021,-31.05,-0.0021,-31.05,1,30.0,idle,+0.000,+0.000,+0.000,+0.000,1100,0,
1785505415.7294,2026-07-31T09:43:35.729,51.043,514,,,,0,,,,-0.0023,-31.15,-0.0023,-31.15,1,30.0,idle,+0.000,+0.000,+0.000,+0.000,1100,0,
1785505415.8277,2026-07-31T09:43:35.827,51.141,515,,,,0,,,,0.0014,-31.18,0.0014,-31.18,1,30.0,idle,+0.000,+0.000,+0.000,+0.000,1100,0,
1785505415.9274,2026-07-31T09:43:35.927,51.241,516,,,,0,,,,-0.0038,-31.26,-0.0038,-31.26,1,30.0,idle,+0.000,+0.000,+0.000,+0.000,1100,0,
1785505416.0260,2026-07-31T09:43:36.025,51.339,517,,,,0,,,,-0.0040,-31.30,-0.0040,-31.30,1,30.0,idle,+0.000,+0.000,+0.000,+0.000,1100,0,
1785505416.1251,2026-07-31T09:43:36.125,51.438,518,,,,0,,,,-0.0021,-31.39,-0.0021,-31.39,1,30.0,idle,+0.000,+0.000,+0.000,+0.000,1100,0,
1785505416.2253,2026-07-31T09:43:36.225,51.538,519,,,,0,,,,-0.0063,-31.46,-0.0063,-31.46,1,30.0,idle,+0.000,+0.000,+0.000,+0.000,1100,0,
1785505416.3242,2026-07-31T09:43:36.324,51.637,520,,,,0,,,,-0.0003,-31.49,-0.0003,-31.49,1,30.0,idle,+0.000,+0.000,+0.000,+0.000,1100,0,
1785505416.4233,2026-07-31T09:43:36.423,51.736,521,,,,0,,,,-0.0035,-31.54,-0.0035,-31.54,1,30.0,idle,+0.000,+0.000,+0.000,+0.000,1100,0,
1785505416.5218,2026-07-31T09:43:36.521,51.835,522,,,,0,,,,0.0010,-31.57,0.0010,-31.57,1,30.0,idle,+0.000,+0.000,+0.000,+0.000,1100,0,
1785505416.6234,2026-07-31T09:43:36.623,51.937,523,,,,0,,,,-0.0022,-31.64,-0.0022,-31.64,1,30.0,idle,+0.000,+0.000,+0.000,+0.000,1100,0,
1785505416.7231,2026-07-31T09:43:36.723,52.036,524,,,,0,,,,-0.0044,-31.73,-0.0044,-31.73,1,30.0,idle,+0.000,+0.000,+0.000,+0.000,1100,0,
1785505416.8216,2026-07-31T09:43:36.821,52.135,525,,,,0,,,,-0.0030,-31.77,-0.0030,-31.77,1,30.0,idle,+0.000,+0.000,+0.000,+0.000,1100,0,
1785505416.9220,2026-07-31T09:43:36.921,52.235,526,,,,0,,,,-0.0002,-31.84,-0.0002,-31.84,1,30.0,idle,+0.000,+0.000,+0.000,+0.000,1100,0,
1785505417.0221,2026-07-31T09:43:37.022,52.335,527,,,,0,,,,0.0004,-31.87,0.0004,-31.87,1,30.0,idle,+0.000,+0.000,+0.000,+0.000,1100,0,
1785505417.1213,2026-07-31T09:43:37.121,52.434,528,,,,0,,,,-0.0029,-31.92,-0.0029,-31.92,1,30.0,idle,+0.000,+0.000,+0.000,+0.000,1100,0,
1785505417.2209,2026-07-31T09:43:37.220,52.534,529,,,,0,,,,-0.0048,-31.95,-0.0048,-31.95,1,30.0,idle,+0.000,+0.000,+0.000,+0.000,1100,0,
1785505417.3210,2026-07-31T09:43:37.321,52.634,530,,,,0,,,,-0.0042,-31.97,-0.0042,-31.97,1,30.0,idle,+0.000,+0.000,+0.000,+0.000,1100,0,
1785505417.4202,2026-07-31T09:43:37.420,52.733,531,,,,0,,,,-0.0001,-32.01,-0.0001,-32.01,1,30.0,idle,+0.000,+0.000,+0.000,+0.000,1100,0,
1785505417.5193,2026-07-31T09:43:37.519,52.832,532,,,,0,,,,-0.0024,-32.03,-0.0024,-32.03,1,30.0,idle,+0.000,+0.000,+0.000,+0.000,1100,0,
1785505417.6174,2026-07-31T09:43:37.617,52.931,533,,,,0,,,,-0.0028,-32.07,-0.0028,-32.07,1,30.0,idle,+0.000,+0.000,+0.000,+0.000,1100,0,
1785505417.7173,2026-07-31T09:43:37.717,53.030,534,,,,0,,,,0.0001,-32.09,0.0001,-32.09,1,30.0,idle,+0.000,+0.000,+0.000,+0.000,1100,0,
1785505417.8172,2026-07-31T09:43:37.817,53.130,535,,,,0,,,,0.0008,-32.14,0.0008,-32.14,1,30.0,idle,+0.000,+0.000,+0.000,+0.000,1100,0,
1785505417.9162,2026-07-31T09:43:37.916,53.229,536,,,,0,,,,0.0013,-32.18,0.0013,-32.18,1,30.0,idle,+0.000,+0.000,+0.000,+0.000,1100,0,
1785505418.0152,2026-07-31T09:43:38.015,53.328,537,,,,0,,,,-0.0015,-32.19,-0.0015,-32.19,1,30.0,idle,+0.000,+0.000,+0.000,+0.000,1100,0,
1785505418.1151,2026-07-31T09:43:38.115,53.428,538,,,,0,,,,-0.0023,-32.20,-0.0023,-32.20,1,30.0,idle,+0.000,+0.000,+0.000,+0.000,1100,0,
1785505418.2133,2026-07-31T09:43:38.213,53.526,539,,,,0,,,,-0.0041,-32.21,-0.0041,-32.21,1,30.0,idle,+0.000,+0.000,+0.000,+0.000,1100,0,
1785505418.3115,2026-07-31T09:43:38.311,53.625,540,,,,0,,,,-0.0027,-32.23,-0.0027,-32.23,1,30.0,idle,+0.000,+0.000,+0.000,+0.000,1100,0,
1785505418.4112,2026-07-31T09:43:38.411,53.724,541,,,,0,,,,-0.0027,-32.26,-0.0027,-32.26,1,30.0,idle,+0.000,+0.000,+0.000,+0.000,1100,0,
1785505418.5108,2026-07-31T09:43:38.510,53.824,542,,,,0,,,,-0.0014,-32.31,-0.0014,-32.31,1,30.0,idle,+0.000,+0.000,+0.000,+0.000,1100,0,
1785505418.6096,2026-07-31T09:43:38.609,53.923,543,,,,0,,,,-0.0013,-32.37,-0.0013,-32.37,1,30.0,idle,+0.000,+0.000,+0.000,+0.000,1100,0,
1785505418.7092,2026-07-31T09:43:38.709,54.022,544,,,,0,,,,-0.0012,-32.39,-0.0012,-32.39,1,30.0,idle,+0.000,+0.000,+0.000,+0.000,1100,0,
1785505418.8093,2026-07-31T09:43:38.809,54.122,545,,,,0,,,,-0.0051,-32.44,-0.0051,-32.44,1,30.0,idle,+0.000,+0.000,+0.000,+0.000,1100,0,
1785505418.9083,2026-07-31T09:43:38.908,54.221,546,,,,0,,,,-0.0020,-32.47,-0.0020,-32.47,1,30.0,idle,+0.000,+0.000,+0.000,+0.000,1100,0,
1785505419.0091,2026-07-31T09:43:39.009,54.322,547,,,,0,,,,-0.0033,-32.51,-0.0033,-32.51,1,30.0,idle,+0.000,+0.000,+0.000,+0.000,1100,0,
1785505419.1086,2026-07-31T09:43:39.108,54.422,548,,,,0,,,,-0.0014,-32.55,-0.0014,-32.55,1,30.0,idle,+0.000,+0.000,+0.000,+0.000,1100,0,
1785505419.2081,2026-07-31T09:43:39.208,54.521,549,,,,0,,,,-0.0015,-32.56,-0.0015,-32.56,1,30.0,idle,+0.000,+0.000,+0.000,+0.000,1100,0,
1785505419.3073,2026-07-31T09:43:39.307,54.620,550,,,,0,,,,-0.0011,-32.58,-0.0011,-32.58,1,30.0,idle,+0.000,+0.000,+0.000,+0.000,1100,0,
1785505419.4081,2026-07-31T09:43:39.408,54.721,551,,,,0,,,,-0.0010,-32.60,-0.0010,-32.60,1,30.0,idle,+0.000,+0.000,+0.000,+0.000,1100,0,
1785505419.5074,2026-07-31T09:43:39.507,54.820,552,,,,0,,,,-0.0011,-32.61,-0.0011,-32.61,1,30.0,idle,+0.000,+0.000,+0.000,+0.000,1100,0,
1785505419.6078,2026-07-31T09:43:39.607,54.921,553,,,,0,,,,-0.0026,-32.64,-0.0026,-32.64,1,30.0,idle,+0.000,+0.000,+0.000,+0.000,1100,0,
1785505419.7080,2026-07-31T09:43:39.708,55.021,554,,,,0,,,,-0.0040,-32.65,-0.0040,-32.65,1,30.0,idle,+0.000,+0.000,+0.000,+0.000,1100,0,
1785505419.8077,2026-07-31T09:43:39.807,55.121,555,,,,0,,,,-0.0034,-32.66,-0.0034,-32.66,1,30.0,idle,+0.000,+0.000,+0.000,+0.000,1100,0,
1785505419.9064,2026-07-31T09:43:39.906,55.220,556,,,,0,,,,-0.0059,-32.67,-0.0059,-32.67,1,30.0,idle,+0.000,+0.000,+0.000,+0.000,1100,0,
1785505420.0061,2026-07-31T09:43:40.006,55.319,557,,,,0,,,,-0.0056,-32.67,-0.0056,-32.67,1,30.0,idle,+0.000,+0.000,+0.000,+0.000,1100,0,
1785505420.1053,2026-07-31T09:43:40.105,55.418,558,,,,0,,,,-0.0050,-32.69,-0.0050,-32.69,1,30.0,idle,+0.000,+0.000,+0.000,+0.000,1100,0,
1785505420.2054,2026-07-31T09:43:40.205,55.518,559,,,,0,,,,-0.0051,-32.70,-0.0051,-32.70,1,30.0,idle,+0.000,+0.000,+0.000,+0.000,1100,0,
1785505420.3049,2026-07-31T09:43:40.304,55.618,560,,,,0,,,,-0.0024,-32.72,-0.0024,-32.72,1,30.0,idle,+0.000,+0.000,+0.000,+0.000,1100,0,
1785505420.4039,2026-07-31T09:43:40.403,55.717,561,,,,0,,,,-0.0019,-32.72,-0.0019,-32.72,1,30.0,idle,+0.000,+0.000,+0.000,+0.000,1100,0,
1785505420.5035,2026-07-31T09:43:40.503,55.817,562,,,,0,,,,-0.0037,-32.73,-0.0037,-32.73,1,30.0,idle,+0.000,+0.000,+0.000,+0.000,1100,0,
1785505420.6038,2026-07-31T09:43:40.603,55.917,563,,,,0,,,,-0.0026,-32.73,-0.0026,-32.73,1,30.0,idle,+0.000,+0.000,+0.000,+0.000,1100,0,
1785505420.7026,2026-07-31T09:43:40.702,56.016,564,,,,0,,,,-0.0050,-32.74,-0.0050,-32.74,1,30.0,idle,+0.000,+0.000,+0.000,+0.000,1100,0,
1785505420.8019,2026-07-31T09:43:40.801,56.115,565,,,,0,,,,-0.0021,-32.75,-0.0021,-32.75,1,30.0,idle,+0.000,+0.000,+0.000,+0.000,1100,0,
1785505420.9002,2026-07-31T09:43:40.900,56.213,566,,,,0,,,,-0.0021,-32.76,-0.0021,-32.76,1,30.0,idle,+0.000,+0.000,+0.000,+0.000,1100,0,
1785505420.9996,2026-07-31T09:43:40.999,56.313,567,,,,0,,,,-0.0040,-32.77,-0.0040,-32.77,1,30.0,idle,+0.000,+0.000,+0.000,+0.000,1100,0,
1785505421.0981,2026-07-31T09:43:41.098,56.411,568,,,,0,,,,-0.0042,-32.77,-0.0042,-32.77,1,30.0,idle,+0.000,+0.000,+0.000,+0.000,1100,0,
1785505421.1977,2026-07-31T09:43:41.197,56.511,569,,,,0,,,,-0.0025,-32.76,-0.0025,-32.76,1,30.0,idle,+0.000,+0.000,+0.000,+0.000,1100,0,
1785505421.2964,2026-07-31T09:43:41.296,56.609,570,,,,0,,,,-0.0035,-32.74,-0.0035,-32.74,1,30.0,idle,+0.000,+0.000,+0.000,+0.000,1100,0,
1785505421.3953,2026-07-31T09:43:41.395,56.708,571,,,,0,,,,-0.0011,-32.73,-0.0011,-32.73,1,30.0,idle,+0.000,+0.000,+0.000,+0.000,1100,0,
1785505421.4948,2026-07-31T09:43:41.494,56.808,572,,,,0,,,,0.0005,-32.72,0.0005,-32.72,1,30.0,idle,+0.000,+0.000,+0.000,+0.000,1100,0,
1785505421.5939,2026-07-31T09:43:41.593,56.907,573,,,,0,,,,-0.0025,-32.72,-0.0025,-32.72,1,30.0,idle,+0.000,+0.000,+0.000,+0.000,1100,0,
1785505421.6931,2026-07-31T09:43:41.693,57.006,574,,,,0,,,,-0.0050,-32.72,-0.0050,-32.72,1,30.0,idle,+0.000,+0.000,+0.000,+0.000,1100,0,
1785505421.7935,2026-07-31T09:43:41.793,57.107,575,,,,0,,,,-0.0045,-32.72,-0.0045,-32.72,1,30.0,idle,+0.000,+0.000,+0.000,+0.000,1100,0,
1785505421.8923,2026-07-31T09:43:41.892,57.205,576,,,,0,,,,-0.0058,-32.72,-0.0058,-32.72,1,30.0,idle,+0.000,+0.000,+0.000,+0.000,1100,0,
1785505421.9912,2026-07-31T09:43:41.991,57.304,577,,,,0,,,,-0.0020,-32.74,-0.0020,-32.74,1,30.0,idle,+0.000,+0.000,+0.000,+0.000,1100,0,
1785505422.0903,2026-07-31T09:43:42.090,57.403,578,,,,0,,,,0.0000,-32.74,0.0000,-32.74,1,30.0,idle,+0.000,+0.000,+0.000,+0.000,1100,0,
1785505422.1899,2026-07-31T09:43:42.189,57.503,579,,,,0,,,,-0.0010,-32.72,-0.0010,-32.72,1,30.0,idle,+0.000,+0.000,+0.000,+0.000,1100,0,
1785505422.2895,2026-07-31T09:43:42.289,57.603,580,,,,0,,,,-0.0029,-32.71,-0.0029,-32.71,1,30.0,idle,+0.000,+0.000,+0.000,+0.000,1100,0,
1785505422.3883,2026-07-31T09:43:42.388,57.701,581,,,,0,,,,-0.0042,-32.71,-0.0042,-32.71,1,30.0,idle,+0.000,+0.000,+0.000,+0.000,1100,0,
1785505422.4871,2026-07-31T09:43:42.487,57.800,582,,,,0,,,,-0.0010,-32.73,-0.0010,-32.73,1,30.0,idle,+0.000,+0.000,+0.000,+0.000,1100,0,
1785505422.5869,2026-07-31T09:43:42.586,57.900,583,,,,0,,,,-0.0040,-32.72,-0.0040,-32.72,1,30.0,idle,+0.000,+0.000,+0.000,+0.000,1100,0,
1785505422.6865,2026-07-31T09:43:42.686,58.000,584,,,,0,,,,-0.0034,-32.72,-0.0034,-32.72,1,30.0,idle,+0.000,+0.000,+0.000,+0.000,1100,0,
1785505422.7861,2026-07-31T09:43:42.786,58.099,585,,,,0,,,,-0.0078,-32.72,-0.0078,-32.72,1,30.0,idle,+0.000,+0.000,+0.000,+0.000,1100,0,
1785505422.8852,2026-07-31T09:43:42.885,58.198,586,,,,0,,,,-0.0040,-32.73,-0.0040,-32.73,1,30.0,idle,+0.000,+0.000,+0.000,+0.000,1100,0,
1785505422.9842,2026-07-31T09:43:42.984,58.297,587,,,,0,,,,-0.0035,-32.73,-0.0035,-32.73,1,30.0,idle,+0.000,+0.000,+0.000,+0.000,1100,0,
1785505423.0831,2026-07-31T09:43:43.083,58.396,588,,,,0,,,,-0.0041,-32.73,-0.0041,-32.73,1,30.0,idle,+0.000,+0.000,+0.000,+0.000,1100,0,
1785505423.1821,2026-07-31T09:43:43.182,58.495,589,,,,0,,,,-0.0060,-32.71,-0.0060,-32.71,1,30.0,idle,+0.000,+0.000,+0.000,+0.000,1100,0,
1785505423.2808,2026-07-31T09:43:43.280,58.594,590,,,,0,,,,-0.0025,-32.72,-0.0025,-32.72,1,30.0,idle,+0.000,+0.000,+0.000,+0.000,1100,0,
1785505423.3801,2026-07-31T09:43:43.380,58.693,591,,,,0,,,,-0.0048,-32.72,-0.0048,-32.72,1,30.0,idle,+0.000,+0.000,+0.000,+0.000,1100,0,
1785505423.4794,2026-07-31T09:43:43.479,58.792,592,,,,0,,,,-0.0055,-32.72,-0.0055,-32.72,1,30.0,idle,+0.000,+0.000,+0.000,+0.000,1100,0,
1785505423.5792,2026-07-31T09:43:43.579,58.892,593,,,,0,,,,-0.0034,-32.72,-0.0034,-32.72,1,30.0,idle,+0.000,+0.000,+0.000,+0.000,1100,0,
1785505423.6785,2026-07-31T09:43:43.678,58.992,594,,,,0,,,,-0.0030,-32.72,-0.0030,-32.72,1,30.0,idle,+0.000,+0.000,+0.000,+0.000,1100,0,
1785505423.7768,2026-07-31T09:43:43.776,59.090,595,,,,0,,,,-0.0023,-32.73,-0.0023,-32.73,1,30.0,idle,+0.000,+0.000,+0.000,+0.000,1100,0,
1785505423.8762,2026-07-31T09:43:43.876,59.189,596,,,,0,,,,-0.0023,-32.74,-0.0023,-32.74,1,30.0,idle,+0.000,+0.000,+0.000,+0.000,1100,0,
1785505423.9762,2026-07-31T09:43:43.976,59.289,597,,,,0,,,,-0.0041,-32.75,-0.0041,-32.75,1,30.0,idle,+0.000,+0.000,+0.000,+0.000,1100,0,
1785505424.0749,2026-07-31T09:43:44.074,59.388,598,,,,0,,,,-0.0066,-32.73,-0.0066,-32.73,1,30.0,idle,+0.000,+0.000,+0.000,+0.000,1100,0,
1785505424.1742,2026-07-31T09:43:44.174,59.487,599,,,,0,,,,-0.0038,-32.74,-0.0038,-32.74,1,30.0,idle,+0.000,+0.000,+0.000,+0.000,1100,0,
1785505424.2728,2026-07-31T09:43:44.272,59.586,600,,,,0,,,,-0.0021,-32.75,-0.0021,-32.75,1,30.0,idle,+0.000,+0.000,+0.000,+0.000,1100,0,
1785505424.3721,2026-07-31T09:43:44.372,59.685,601,,,,0,,,,0.0004,-32.76,0.0004,-32.76,1,30.0,idle,+0.000,+0.000,+0.000,+0.000,1100,0,
1785505424.4710,2026-07-31T09:43:44.471,59.784,602,,,,0,,,,-0.0081,-32.77,-0.0081,-32.77,1,30.0,idle,+0.000,+0.000,+0.000,+0.000,1100,0,
1785505424.5723,2026-07-31T09:43:44.572,59.885,603,,,,0,,,,-0.0056,-32.77,-0.0056,-32.77,1,30.0,idle,+0.000,+0.000,+0.000,+0.000,1100,0,
1785505424.6714,2026-07-31T09:43:44.671,59.984,604,,,,0,,,,-0.0055,-32.76,-0.0055,-32.76,1,30.0,idle,+0.000,+0.000,+0.000,+0.000,1100,0,
1785505424.7707,2026-07-31T09:43:44.770,60.084,605,,,,0,,,,-0.0057,-32.75,-0.0057,-32.75,1,30.0,idle,+0.000,+0.000,+0.000,+0.000,1100,0,
1785505424.8698,2026-07-31T09:43:44.869,60.183,606,,,,0,,,,-0.0061,-32.76,-0.0061,-32.76,1,30.0,idle,+0.000,+0.000,+0.000,+0.000,1100,0,
1785505424.9696,2026-07-31T09:43:44.969,60.283,607,,,,0,,,,-0.0043,-32.76,-0.0043,-32.76,1,30.0,idle,+0.000,+0.000,+0.000,+0.000,1100,0,
1785505425.0690,2026-07-31T09:43:45.068,60.382,608,,,,0,,,,-0.0060,-32.78,-0.0060,-32.78,1,30.0,idle,+0.000,+0.000,+0.000,+0.000,1100,0,
1785505425.1694,2026-07-31T09:43:45.169,60.482,609,,,,0,,,,-0.0045,-32.77,-0.0045,-32.77,1,30.0,idle,+0.000,+0.000,+0.000,+0.000,1100,0,
1785505425.2679,2026-07-31T09:43:45.267,60.581,610,,,,0,,,,-0.0023,-32.77,-0.0023,-32.77,1,30.0,idle,+0.000,+0.000,+0.000,+0.000,1100,0,
1785505425.3679,2026-07-31T09:43:45.367,60.681,611,,,,0,,,,-0.0019,-32.77,-0.0019,-32.77,1,30.0,idle,+0.000,+0.000,+0.000,+0.000,1100,0,
1785505425.4670,2026-07-31T09:43:45.466,60.780,612,,,,0,,,,-0.0012,-32.77,-0.0012,-32.77,1,30.0,idle,+0.000,+0.000,+0.000,+0.000,1100,0,
1785505425.5656,2026-07-31T09:43:45.565,60.879,613,,,,0,,,,-0.0071,-32.76,-0.0071,-32.76,1,30.0,idle,+0.000,+0.000,+0.000,+0.000,1100,0,
1785505425.6659,2026-07-31T09:43:45.665,60.979,614,,,,0,,,,-0.0040,-32.76,-0.0040,-32.76,1,30.0,idle,+0.000,+0.000,+0.000,+0.000,1100,0,
1785505425.7653,2026-07-31T09:43:45.765,61.078,615,,,,0,,,,-0.0027,-32.77,-0.0027,-32.77,1,30.0,idle,+0.000,+0.000,+0.000,+0.000,1100,0,
1785505425.8642,2026-07-31T09:43:45.864,61.177,616,,,,0,,,,-0.0027,-32.77,-0.0027,-32.77,1,30.0,idle,+0.000,+0.000,+0.000,+0.000,1100,0,
1785505425.9635,2026-07-31T09:43:45.963,61.277,617,,,,0,,,,-0.0084,-32.77,-0.0084,-32.77,1,30.0,idle,+0.000,+0.000,+0.000,+0.000,1100,0,
1785505426.0628,2026-07-31T09:43:46.062,61.376,618,,,,0,,,,-0.0027,-32.76,-0.0027,-32.76,1,30.0,idle,+0.000,+0.000,+0.000,+0.000,1100,0,
1785505426.1617,2026-07-31T09:43:46.161,61.475,619,,,,0,,,,-0.0063,-32.75,-0.0063,-32.75,1,30.0,idle,+0.000,+0.000,+0.000,+0.000,1100,0,
1785505426.2616,2026-07-31T09:43:46.261,61.575,620,,,,0,,,,-0.0084,-32.75,-0.0084,-32.75,1,30.0,idle,+0.000,+0.000,+0.000,+0.000,1100,0,
1785505426.3612,2026-07-31T09:43:46.361,61.674,621,,,,0,,,,-0.0025,-32.75,-0.0025,-32.75,1,30.0,idle,+0.000,+0.000,+0.000,+0.000,1100,0,
1785505426.4601,2026-07-31T09:43:46.460,61.773,622,,,,0,,,,-0.0051,-32.75,-0.0051,-32.75,1,30.0,idle,+0.000,+0.000,+0.000,+0.000,1100,0,
1785505426.5590,2026-07-31T09:43:46.558,61.872,623,,,,0,,,,-0.0067,-32.76,-0.0067,-32.76,1,30.0,idle,+0.000,+0.000,+0.000,+0.000,1100,0,
1785505426.6582,2026-07-31T09:43:46.658,61.971,624,,,,0,,,,-0.0067,-32.76,-0.0067,-32.76,1,30.0,idle,+0.000,+0.000,+0.000,+0.000,1100,0,
1785505426.7573,2026-07-31T09:43:46.757,62.070,625,,,,0,,,,-0.0087,-32.77,-0.0087,-32.77,1,30.0,idle,+0.000,+0.000,+0.000,+0.000,1100,0,
1785505426.8574,2026-07-31T09:43:46.857,62.170,626,,,,0,,,,-0.0067,-32.77,-0.0067,-32.77,1,30.0,idle,+0.000,+0.000,+0.000,+0.000,1100,0,
1785505426.9583,2026-07-31T09:43:46.958,62.271,627,,,,0,,,,-0.0075,-32.77,-0.0075,-32.77,1,30.0,idle,+0.000,+0.000,+0.000,+0.000,1100,0,
1785505427.0581,2026-07-31T09:43:47.058,62.371,628,,,,0,,,,0.0001,-32.76,0.0001,-32.76,1,30.0,idle,+0.000,+0.000,+0.000,+0.000,1100,0,
1785505427.1567,2026-07-31T09:43:47.156,62.470,629,,,,0,,,,-0.0094,-32.76,-0.0094,-32.76,1,30.0,idle,+0.000,+0.000,+0.000,+0.000,1100,0,
1785505427.2571,2026-07-31T09:43:47.257,62.570,630,,,,0,,,,-0.0039,-32.74,-0.0039,-32.74,1,30.0,idle,+0.000,+0.000,+0.000,+0.000,1100,0,
1785505427.3566,2026-07-31T09:43:47.356,62.670,631,,,,0,,,,-0.0037,-32.75,-0.0037,-32.75,1,30.0,idle,+0.000,+0.000,+0.000,+0.000,1100,0,
1785505427.4556,2026-07-31T09:43:47.455,62.769,632,,,,0,,,,-0.0040,-32.75,-0.0040,-32.75,1,30.0,idle,+0.000,+0.000,+0.000,+0.000,1100,0,
1785505427.5558,2026-07-31T09:43:47.555,62.869,633,,,,0,,,,-0.0030,-32.75,-0.0030,-32.75,1,30.0,idle,+0.000,+0.000,+0.000,+0.000,1100,0,
1785505427.6560,2026-07-31T09:43:47.656,62.969,634,,,,0,,,,-0.0058,-32.75,-0.0058,-32.75,1,30.0,idle,+0.000,+0.000,+0.000,+0.000,1100,0,
1785505427.7550,2026-07-31T09:43:47.755,63.068,635,,,,0,,,,-0.0088,-32.75,-0.0088,-32.75,1,30.0,joystick,+0.000,+0.000,-0.400,+0.000,1100,0,
1785505427.8536,2026-07-31T09:43:47.853,63.167,636,,,,0,,,,-0.0049,-32.75,-0.0049,-32.75,1,30.0,joystick,+0.000,+0.000,-0.400,+0.000,1100,0,
1785505427.9527,2026-07-31T09:43:47.952,63.266,637,,,,0,,,,-0.0043,-32.73,-0.0043,-32.73,1,30.0,joystick,+0.000,+0.000,-0.400,+0.000,1100,0,
1785505428.0516,2026-07-31T09:43:48.051,63.365,638,,,,0,,,,-0.0024,-32.73,-0.0024,-32.73,1,30.0,joystick,+0.000,+0.000,-0.400,+0.000,1100,0,
1785505428.1512,2026-07-31T09:43:48.151,63.464,639,,,,0,,,,-0.0008,-32.75,-0.0008,-32.75,1,30.0,joystick,+0.000,+0.000,-0.400,+0.000,1100,0,
1785505428.2522,2026-07-31T09:43:48.252,63.565,640,,,,0,,,,-0.0012,-32.77,-0.0012,-32.77,1,30.0,joystick,+0.000,+0.000,-0.400,+0.000,1100,0,
1785505428.3513,2026-07-31T09:43:48.351,63.664,641,,,,0,,,,0.0009,-32.85,0.0009,-32.85,1,30.0,joystick,+0.000,+0.000,+0.000,+0.000,1100,0,
1785505428.4520,2026-07-31T09:43:48.452,63.765,642,,,,0,,,,0.0080,-32.91,0.0080,-32.91,1,30.0,joystick,+0.000,+0.000,+0.000,+0.000,1100,0,
1785505428.5504,2026-07-31T09:43:48.550,63.864,643,,,,0,,,,0.0073,-33.03,0.0073,-33.03,1,30.0,joystick,+0.000,+0.000,+0.000,+0.000,1100,0,
1785505428.6504,2026-07-31T09:43:48.650,63.964,644,,,,0,,,,0.0126,-33.10,0.0126,-33.10,1,30.0,joystick,+0.000,+0.000,+0.000,+0.000,1100,0,
1785505428.7506,2026-07-31T09:43:48.750,64.064,645,,,,0,,,,0.0116,-33.20,0.0116,-33.20,1,30.0,joystick,+0.000,+0.000,+0.000,+0.000,1100,0,
1785505428.8494,2026-07-31T09:43:48.849,64.163,646,,,,0,,,,0.0095,-33.28,0.0095,-33.28,1,30.0,joystick,+0.000,+0.000,+0.000,+0.000,1100,0,
1785505428.9487,2026-07-31T09:43:48.948,64.262,647,,,,0,,,,0.0162,-33.31,0.0162,-33.31,1,30.0,joystick,+0.000,+0.000,+0.000,+0.000,1100,0,
1785505429.0474,2026-07-31T09:43:49.047,64.361,648,,,,0,,,,0.0113,-33.37,0.0113,-33.37,1,30.0,joystick,+0.000,+0.000,+0.000,+0.000,1100,0,
1785505429.1465,2026-07-31T09:43:49.146,64.460,649,,,,0,,,,0.0126,-33.39,0.0126,-33.39,1,30.0,joystick,+0.000,+0.000,+0.000,+0.000,1100,0,
1785505429.2447,2026-07-31T09:43:49.244,64.558,650,,,,0,,,,0.0128,-33.42,0.0128,-33.42,1,30.0,joystick,+0.000,+0.000,+0.000,+0.000,1100,0,
1785505429.3437,2026-07-31T09:43:49.343,64.657,651,,,,0,,,,0.0108,-33.41,0.0108,-33.41,1,30.0,joystick,+0.000,+0.000,+0.000,+0.000,1100,0,
1785505429.4424,2026-07-31T09:43:49.442,64.756,652,,,,0,,,,0.0076,-33.40,0.0076,-33.40,1,30.0,joystick,+0.000,+0.000,+0.000,+0.000,1100,0,
1785505429.5418,2026-07-31T09:43:49.541,64.855,653,,,,0,,,,0.0096,-33.39,0.0096,-33.39,1,30.0,joystick,+0.000,+0.000,+0.000,+0.000,1100,0,
1785505429.6403,2026-07-31T09:43:49.640,64.953,654,,,,0,,,,0.0091,-33.38,0.0091,-33.38,1,30.0,joystick,+0.000,+0.000,+0.000,+0.000,1100,0,
1785505429.7393,2026-07-31T09:43:49.739,65.052,655,,,,0,,,,0.0038,-33.35,0.0038,-33.35,1,30.0,joystick,+0.000,+0.000,+0.000,+0.000,1100,0,
1785505429.8384,2026-07-31T09:43:49.838,65.152,656,,,,0,,,,0.0008,-33.33,0.0008,-33.33,1,30.0,joystick,+0.000,+0.000,+0.000,+0.000,1100,0,
1785505429.9372,2026-07-31T09:43:49.937,65.250,657,,,,0,,,,0.0017,-33.31,0.0017,-33.31,1,30.0,joystick,+0.000,+0.000,+0.000,+0.000,1100,0,
1785505430.0374,2026-07-31T09:43:50.037,65.351,658,,,,0,,,,-0.0007,-33.29,-0.0007,-33.29,1,30.0,joystick,+0.000,+0.000,+0.000,+0.000,1100,0,
1785505430.1370,2026-07-31T09:43:50.137,65.450,659,,,,0,,,,0.0001,-33.27,0.0001,-33.27,1,30.0,joystick,+0.000,+0.000,+0.000,+0.000,1100,0,
1785505430.2368,2026-07-31T09:43:50.236,65.550,660,,,,0,,,,-0.0057,-33.25,-0.0057,-33.25,1,30.0,joystick,+0.000,+0.000,-0.400,+0.000,1100,0,
1785505430.3367,2026-07-31T09:43:50.336,65.650,661,,,,0,,,,-0.0070,-33.27,-0.0070,-33.27,1,30.0,joystick,+0.000,+0.000,-0.400,+0.000,1100,0,
1785505430.4353,2026-07-31T09:43:50.435,65.748,662,,,,0,,,,-0.0047,-33.35,-0.0047,-33.35,1,30.0,joystick,+0.000,+0.000,-0.400,+0.000,1100,0,
1785505430.5346,2026-07-31T09:43:50.534,65.848,663,,,,0,,,,-0.0029,-33.40,-0.0029,-33.40,1,30.0,joystick,+0.000,+0.000,-0.400,+0.000,1100,0,
1785505430.6339,2026-07-31T09:43:50.633,65.947,664,,,,0,,,,-0.0077,-33.48,-0.0077,-33.48,1,30.0,joystick,+0.000,+0.000,-0.400,+0.000,1100,0,
1785505430.7326,2026-07-31T09:43:50.732,66.046,665,,,,0,,,,-0.0098,-33.53,-0.0098,-33.53,1,30.0,joystick,+0.000,+0.000,-0.400,+0.000,1100,0,
1785505430.8317,2026-07-31T09:43:50.831,66.145,666,,,,0,,,,-0.0058,-33.56,-0.0058,-33.56,1,30.0,joystick,+0.000,+0.000,-0.400,+0.000,1100,0,
1785505430.9303,2026-07-31T09:43:50.930,66.243,667,,,,0,,,,-0.0024,-33.62,-0.0024,-33.62,1,30.0,joystick,+0.000,+0.000,-0.400,+0.000,1100,0,
1785505431.0299,2026-07-31T09:43:51.029,66.343,668,,,,0,,,,-0.0029,-33.65,-0.0029,-33.65,1,30.0,joystick,+0.000,+0.000,-0.400,+0.000,1100,0,
1785505431.1292,2026-07-31T09:43:51.129,66.442,669,,,,0,,,,-0.0009,-33.70,-0.0009,-33.70,1,30.0,joystick,+0.000,+0.000,-0.400,+0.000,1100,0,
1785505431.2293,2026-07-31T09:43:51.229,66.542,670,,,,0,,,,0.0017,-33.78,0.0017,-33.78,1,30.0,joystick,+0.000,+0.000,-0.400,+0.000,1100,0,
1785505431.3285,2026-07-31T09:43:51.328,66.642,671,,,,0,,,,0.0045,-33.85,0.0045,-33.85,1,30.0,joystick,+0.000,+0.000,+0.000,+0.000,1100,0,
1785505431.4277,2026-07-31T09:43:51.427,66.741,672,,,,0,,,,0.0060,-33.97,0.0060,-33.97,1,30.0,joystick,+0.000,+0.000,+0.000,+0.000,1100,0,
1785505431.5263,2026-07-31T09:43:51.526,66.839,673,,,,0,,,,0.0079,-34.01,0.0079,-34.01,1,30.0,joystick,+0.000,+0.000,+0.000,+0.000,1100,0,
1785505431.6250,2026-07-31T09:43:51.624,66.938,674,,,,0,,,,0.0083,-34.08,0.0083,-34.08,1,30.0,joystick,+0.000,+0.000,+0.000,+0.000,1100,0,
1785505431.7246,2026-07-31T09:43:51.724,67.038,675,,,,0,,,,0.0106,-34.13,0.0106,-34.13,1,30.0,joystick,+0.000,+0.000,+0.000,+0.000,1100,0,
1785505431.8235,2026-07-31T09:43:51.823,67.137,676,,,,0,,,,0.0111,-34.16,0.0111,-34.16,1,30.0,joystick,+0.000,+0.000,+0.000,+0.000,1100,0,
1785505431.9219,2026-07-31T09:43:51.921,67.235,677,,,,0,,,,0.0089,-34.21,0.0089,-34.21,1,30.0,joystick,+0.000,+0.000,+0.000,+0.000,1100,0,
1785505432.0222,2026-07-31T09:43:52.022,67.335,678,,,,0,,,,0.0092,-34.22,0.0092,-34.22,1,30.0,joystick,+0.000,+0.000,+0.000,+0.000,1100,0,
1785505432.1220,2026-07-31T09:43:52.121,67.435,679,,,,0,,,,0.0069,-34.24,0.0069,-34.24,1,30.0,joystick,+0.000,+0.000,+0.000,+0.000,1100,0,
1785505432.2214,2026-07-31T09:43:52.221,67.534,680,,,,0,,,,0.0046,-34.28,0.0046,-34.28,1,30.0,joystick,+0.000,+0.000,+0.000,+0.000,1100,0,
1785505432.3203,2026-07-31T09:43:52.320,67.633,681,,,,0,,,,0.0005,-34.29,0.0005,-34.29,1,30.0,joystick,+0.000,+0.000,+0.000,+0.000,1100,0,
1785505432.4198,2026-07-31T09:43:52.419,67.733,682,,,,0,,,,0.0009,-34.32,0.0009,-34.32,1,30.0,joystick,+0.000,+0.000,+0.000,+0.000,1100,0,
1785505432.5192,2026-07-31T09:43:52.519,67.832,683,,,,0,,,,0.0015,-34.33,0.0015,-34.33,1,30.0,joystick,+0.000,+0.000,+0.000,+0.000,1100,0,
1785505432.6190,2026-07-31T09:43:52.619,67.932,684,,,,0,,,,-0.0014,-34.34,-0.0014,-34.34,1,30.0,joystick,+0.000,+0.000,+0.000,+0.000,1100,0,
1785505432.7183,2026-07-31T09:43:52.718,68.031,685,,,,0,,,,-0.0051,-34.32,-0.0051,-34.32,1,30.0,joystick,+0.000,+0.000,-0.400,+0.000,1100,0,
1785505432.8177,2026-07-31T09:43:52.817,68.131,686,,,,0,,,,-0.0067,-34.31,-0.0067,-34.31,1,30.0,joystick,+0.000,+0.000,-0.400,+0.000,1100,0,
1785505432.9180,2026-07-31T09:43:52.918,68.231,687,,,,0,,,,-0.0057,-34.31,-0.0057,-34.31,1,30.0,joystick,+0.000,+0.000,+0.000,+0.000,1100,0,
1785505433.0171,2026-07-31T09:43:53.017,68.330,688,,,,0,,,,-0.0118,-34.31,-0.0118,-34.31,1,30.0,joystick,+0.000,+0.000,-0.400,+0.000,1100,0,
1785505433.1177,2026-07-31T09:43:53.117,68.431,689,,,,0,,,,-0.0099,-34.28,-0.0099,-34.28,1,30.0,joystick,+0.000,+0.000,-0.400,+0.000,1100,0,
1785505433.2185,2026-07-31T09:43:53.218,68.532,690,,,,0,,,,-0.0123,-34.27,-0.0123,-34.27,1,30.0,joystick,+0.000,+0.000,-0.400,+0.000,1100,0,
1785505433.3171,2026-07-31T09:43:53.317,68.630,691,,,,0,,,,-0.0073,-34.27,-0.0073,-34.27,1,30.0,joystick,+0.000,+0.000,-0.400,+0.000,1100,0,
1785505433.4163,2026-07-31T09:43:53.416,68.729,692,,,,0,,,,-0.0056,-34.29,-0.0056,-34.29,1,30.0,joystick,+0.000,+0.000,-0.400,+0.000,1100,0,
1785505433.5149,2026-07-31T09:43:53.514,68.828,693,,,,0,,,,0.0006,-34.31,0.0006,-34.31,1,30.0,joystick,+0.000,+0.000,+0.000,+0.000,1100,0,
1785505433.6149,2026-07-31T09:43:53.614,68.928,694,,,,0,,,,0.0045,-34.34,0.0045,-34.34,1,30.0,joystick,+0.000,+0.000,+0.000,+0.000,1100,0,
1785505433.7138,2026-07-31T09:43:53.713,69.027,695,,,,0,,,,0.0092,-34.36,0.0092,-34.36,1,30.0,joystick,+0.000,+0.000,+0.000,+0.000,1100,0,
1785505433.8128,2026-07-31T09:43:53.812,69.126,696,,,,0,,,,0.0066,-34.37,0.0066,-34.37,1,30.0,joystick,+0.000,+0.000,+0.000,+0.000,1100,0,
1785505433.9134,2026-07-31T09:43:53.913,69.226,697,,,,0,,,,0.0060,-34.39,0.0060,-34.39,1,30.0,joystick,+0.000,+0.000,+0.000,+0.000,1100,0,
1785505434.0124,2026-07-31T09:43:54.012,69.326,698,,,,0,,,,0.0075,-34.39,0.0075,-34.39,1,30.0,joystick,+0.000,+0.000,+0.000,+0.000,1100,0,
1785505434.1112,2026-07-31T09:43:54.111,69.424,699,,,,0,,,,0.0067,-34.36,0.0067,-34.36,1,30.0,joystick,+0.000,+0.000,+0.000,+0.000,1100,0,
1785505434.2096,2026-07-31T09:43:54.209,69.523,700,,,,0,,,,0.0029,-34.31,0.0029,-34.31,1,30.0,joystick,+0.000,+0.000,+0.000,+0.000,1100,0,
1785505434.3082,2026-07-31T09:43:54.308,69.621,701,,,,0,,,,0.0035,-34.28,0.0035,-34.28,1,30.0,joystick,+0.000,+0.000,+0.000,+0.000,1100,0,
1785505434.4076,2026-07-31T09:43:54.407,69.721,702,,,,0,,,,0.0011,-34.19,0.0011,-34.19,1,30.0,joystick,+0.000,+0.000,+0.000,+0.000,1100,0,
1785505434.5077,2026-07-31T09:43:54.507,69.821,703,,,,0,,,,0.0010,-34.14,0.0010,-34.14,1,30.0,joystick,+0.000,+0.000,+0.000,+0.000,1100,0,
1785505434.6084,2026-07-31T09:43:54.608,69.922,704,,,,0,,,,-0.0026,-34.01,-0.0026,-34.01,1,30.0,joystick,+0.000,+0.000,-0.400,+0.000,1100,0,
1785505434.7069,2026-07-31T09:43:54.706,70.020,705,,,,0,,,,0.0006,-33.94,0.0006,-33.94,1,30.0,joystick,+0.000,+0.000,+0.000,+0.000,1100,0,
1785505434.8061,2026-07-31T09:43:54.806,70.119,706,,,,0,,,,-0.0005,-33.76,-0.0005,-33.76,1,30.0,joystick,+0.000,+0.000,-0.400,+0.000,1100,0,
1785505434.9047,2026-07-31T09:43:54.904,70.218,707,,,,0,,,,-0.0069,-33.66,-0.0069,-33.66,1,30.0,joystick,+0.000,+0.000,-0.400,+0.000,1100,0,
1785505435.0038,2026-07-31T09:43:55.003,70.317,708,,,,0,,,,-0.0075,-33.45,-0.0075,-33.45,1,30.0,joystick,+0.000,+0.000,-0.400,+0.000,1100,0,
1785505435.1034,2026-07-31T09:43:55.103,70.417,709,,,,0,,,,-0.0064,-33.26,-0.0064,-33.26,1,30.0,joystick,+0.000,+0.000,-0.400,+0.000,1100,0,
1785505435.2020,2026-07-31T09:43:55.202,70.515,710,,,,0,,,,-0.0035,-33.17,-0.0035,-33.17,1,30.0,joystick,+0.000,+0.000,-0.400,+0.000,1100,0,
1785505435.3013,2026-07-31T09:43:55.301,70.614,711,,,,0,,,,-0.0025,-33.05,-0.0025,-33.05,1,30.0,joystick,+0.000,+0.000,-0.400,+0.000,1100,0,
1785505435.4005,2026-07-31T09:43:55.400,70.714,712,,,,0,,,,-0.0055,-33.00,-0.0055,-33.00,1,30.0,joystick,+0.000,+0.000,-0.400,+0.000,1100,0,
1785505435.4996,2026-07-31T09:43:55.499,70.813,713,,,,0,,,,-0.0007,-32.88,-0.0007,-32.88,1,30.0,joystick,+0.000,+0.000,-0.400,+0.000,1100,0,
1785505435.6001,2026-07-31T09:43:55.600,70.913,714,,,,0,,,,0.0030,-32.76,0.0030,-32.76,1,30.0,joystick,+0.000,+0.000,+0.000,+0.000,1100,0,
1785505435.6987,2026-07-31T09:43:55.698,71.012,715,,,,0,,,,0.0059,-32.70,0.0059,-32.70,1,30.0,joystick,+0.000,+0.000,+0.000,+0.000,1100,0,
1785505435.7987,2026-07-31T09:43:55.798,71.112,716,,,,0,,,,0.0068,-32.60,0.0068,-32.60,1,30.0,joystick,+0.000,+0.000,+0.000,+0.000,1100,0,
1785505435.8978,2026-07-31T09:43:55.897,71.211,717,,,,0,,,,0.0076,-32.48,0.0076,-32.48,1,30.0,joystick,+0.000,+0.000,+0.000,+0.000,1100,0,
1785505435.9975,2026-07-31T09:43:55.997,71.311,718,,,,0,,,,0.0077,-32.43,0.0077,-32.43,1,30.0,joystick,+0.000,+0.000,+0.000,+0.000,1100,0,
1785505436.0970,2026-07-31T09:43:56.096,71.410,719,,,,0,,,,0.0060,-32.29,0.0060,-32.29,1,30.0,joystick,+0.000,+0.000,+0.000,+0.000,1100,0,
1785505436.1972,2026-07-31T09:43:56.197,71.510,720,,,,0,,,,0.0068,-32.21,0.0068,-32.21,1,30.0,joystick,+0.000,+0.000,+0.000,+0.000,1100,0,
1785505436.2961,2026-07-31T09:43:56.296,71.609,721,,,,0,,,,0.0026,-32.04,0.0026,-32.04,1,30.0,joystick,+0.000,+0.000,+0.000,+0.000,1100,0,
1785505436.3951,2026-07-31T09:43:56.395,71.708,722,,,,0,,,,0.0019,-31.84,0.0019,-31.84,1,30.0,joystick,+0.000,+0.000,+0.000,+0.000,1100,0,
1785505436.4936,2026-07-31T09:43:56.493,71.807,723,,,,0,,,,0.0041,-31.74,0.0041,-31.74,1,30.0,joystick,+0.000,+0.000,+0.000,+0.000,1100,0,
1785505436.5940,2026-07-31T09:43:56.594,71.907,724,,,,0,,,,0.0025,-31.54,0.0025,-31.54,1,30.0,joystick,+0.000,+0.000,+0.000,+0.000,1100,0,
1785505436.6925,2026-07-31T09:43:56.692,72.006,725,,,,0,,,,-0.0003,-31.44,-0.0003,-31.44,1,30.0,joystick,+0.000,+0.000,-0.400,+0.000,1100,0,
1785505436.7919,2026-07-31T09:43:56.791,72.105,726,,,,0,,,,-0.0042,-31.22,-0.0042,-31.22,1,30.0,joystick,+0.000,+0.000,-0.400,+0.000,1100,0,
1785505436.8913,2026-07-31T09:43:56.891,72.204,727,,,,0,,,,-0.0016,-31.09,-0.0016,-31.09,1,30.0,joystick,+0.000,+0.000,-0.400,+0.000,1100,0,
1785505436.9909,2026-07-31T09:43:56.990,72.304,728,,,,0,,,,-0.0035,-30.81,-0.0035,-30.81,1,30.0,joystick,+0.000,+0.000,-0.400,+0.000,1100,0,
1785505437.0911,2026-07-31T09:43:57.091,72.404,729,,,,0,,,,-0.0062,-30.56,-0.0062,-30.56,1,30.0,joystick,+0.000,+0.000,-0.400,+0.000,1100,0,
1785505437.1902,2026-07-31T09:43:57.190,72.503,730,,,,0,,,,-0.0085,-30.45,-0.0085,-30.45,1,30.0,joystick,+0.000,+0.000,-0.400,+0.000,1100,0,
1785505437.2894,2026-07-31T09:43:57.289,72.603,731,,,,0,,,,-0.0058,-30.25,-0.0058,-30.25,1,30.0,joystick,+0.000,+0.000,-0.400,+0.000,1100,0,
1785505437.3901,2026-07-31T09:43:57.390,72.703,732,,,,0,,,,-0.0044,-30.16,-0.0044,-30.16,1,30.0,joystick,+0.000,+0.000,-0.400,+0.000,1100,0,
1785505437.4886,2026-07-31T09:43:57.488,72.802,733,,,,0,,,,-0.0015,-30.02,-0.0015,-30.02,1,30.0,joystick,+0.000,+0.000,-0.400,+0.000,1100,0,
1785505437.5890,2026-07-31T09:43:57.589,72.902,734,,,,0,,,,0.0022,-29.89,0.0022,-29.89,1,30.0,joystick,+0.000,+0.000,+0.000,+0.000,1100,0,
1785505437.6877,2026-07-31T09:43:57.687,73.001,735,,,,0,,,,0.0010,-29.83,0.0010,-29.83,1,30.0,joystick,+0.000,+0.000,+0.000,+0.000,1100,0,
1785505437.7871,2026-07-31T09:43:57.787,73.100,736,,,,0,,,,0.0018,-29.73,0.0018,-29.73,1,30.0,joystick,+0.000,+0.000,+0.000,+0.000,1100,0,
1785505437.8860,2026-07-31T09:43:57.886,73.199,737,,,,0,,,,0.0039,-29.68,0.0039,-29.68,1,30.0,joystick,+0.000,+0.000,+0.000,+0.000,1100,0,
1785505437.9848,2026-07-31T09:43:57.984,73.298,738,,,,0,,,,0.0027,-29.58,0.0027,-29.58,1,30.0,joystick,+0.000,+0.000,+0.000,+0.000,1100,0,
1785505438.0833,2026-07-31T09:43:58.083,73.396,739,,,,0,,,,0.0059,-29.52,0.0059,-29.52,1,30.0,joystick,+0.000,+0.000,+0.000,+0.000,1100,0,
1785505438.1835,2026-07-31T09:43:58.183,73.497,740,,,,0,,,,0.0036,-29.42,0.0036,-29.42,1,30.0,joystick,+0.000,+0.000,+0.000,+0.000,1100,0,
1785505438.2830,2026-07-31T09:43:58.282,73.596,741,,,,0,,,,0.0002,-29.30,0.0002,-29.30,1,30.0,joystick,+0.000,+0.000,+0.000,+0.000,1100,0,
1785505438.3814,2026-07-31T09:43:58.381,73.695,742,,,,0,,,,0.0013,-29.24,0.0013,-29.24,1,30.0,joystick,+0.000,+0.000,+0.000,+0.000,1100,0,
1785505438.4808,2026-07-31T09:43:58.480,73.794,743,,,,0,,,,-0.0000,-29.09,-0.0000,-29.09,1,30.0,joystick,+0.000,+0.000,+0.000,+0.000,1100,0,
1785505438.5801,2026-07-31T09:43:58.580,73.893,744,,,,0,,,,-0.0031,-28.99,-0.0031,-28.99,1,30.0,joystick,+0.000,+0.000,-0.400,+0.000,1100,0,
1785505438.6801,2026-07-31T09:43:58.680,73.993,745,,,,0,,,,-0.0013,-28.78,-0.0013,-28.78,1,30.0,joystick,+0.000,+0.000,-0.400,+0.000,1100,0,
1785505438.7788,2026-07-31T09:43:58.778,74.092,746,,,,0,,,,-0.0077,-28.58,-0.0077,-28.58,1,30.0,joystick,+0.000,+0.000,-0.400,+0.000,1100,0,
1785505438.8773,2026-07-31T09:43:58.877,74.190,747,,,,0,,,,-0.0060,-28.48,-0.0060,-28.48,1,30.0,joystick,+0.000,+0.000,-0.400,+0.000,1100,0,
1785505438.9777,2026-07-31T09:43:58.977,74.291,748,,,,0,,,,-0.0012,-28.28,-0.0012,-28.28,1,30.0,joystick,+0.000,+0.000,-0.400,+0.000,1100,0,
1785505439.0771,2026-07-31T09:43:59.077,74.390,749,,,,0,,,,-0.0037,-28.20,-0.0037,-28.20,1,30.0,joystick,+0.000,+0.000,-0.400,+0.000,1100,0,
1785505439.1754,2026-07-31T09:43:59.175,74.489,750,,,,0,,,,0.0001,-28.10,0.0001,-28.10,1,30.0,joystick,+0.000,+0.000,-0.400,+0.000,1100,0,
1785505439.2738,2026-07-31T09:43:59.273,74.587,751,,,,0,,,,-0.0044,-28.01,-0.0044,-28.01,1,30.0,joystick,+0.000,+0.000,-0.400,+0.000,1100,0,
1785505439.3724,2026-07-31T09:43:59.372,74.686,752,,,,0,,,,-0.0005,-27.97,-0.0005,-27.97,1,30.0,joystick,+0.000,+0.000,-0.400,+0.000,1100,0,
1785505439.4718,2026-07-31T09:43:59.471,74.785,753,,,,0,,,,-0.0020,-27.94,-0.0020,-27.94,1,30.0,joystick,+0.000,+0.000,+0.000,+0.000,1100,0,
1785505439.5721,2026-07-31T09:43:59.572,74.885,754,,,,0,,,,-0.0008,-27.94,-0.0008,-27.94,1,30.0,joystick,+0.000,+0.000,-0.400,+0.000,1100,0,
1785505439.6730,2026-07-31T09:43:59.673,74.986,755,,,,0,,,,0.0015,-28.05,0.0015,-28.05,1,30.0,joystick,+0.000,+0.000,+0.000,+0.000,1100,0,
1785505439.7727,2026-07-31T09:43:59.772,75.086,756,,,,0,,,,-0.0040,-28.16,-0.0040,-28.16,1,30.0,joystick,+0.000,+0.000,+0.000,+0.000,1100,0,
1785505439.8714,2026-07-31T09:43:59.871,75.185,757,,,,0,,,,-0.0005,-28.20,-0.0005,-28.20,1,30.0,joystick,+0.000,+0.000,-0.400,+0.000,1100,0,
1785505439.9708,2026-07-31T09:43:59.970,75.284,758,,,,0,,,,-0.0081,-28.23,-0.0081,-28.23,1,30.0,joystick,+0.000,+0.000,-0.400,+0.000,1100,0,
1785505440.0695,2026-07-31T09:44:00.069,75.383,759,,,,0,,,,-0.0018,-28.24,-0.0018,-28.24,1,30.0,joystick,+0.000,+0.000,-0.400,+0.000,1100,0,
1785505440.1701,2026-07-31T09:44:00.170,75.483,760,,,,0,,,,0.0013,-28.25,0.0013,-28.25,1,30.0,joystick,+0.000,+0.000,+0.000,+0.000,1100,0,
1785505440.2695,2026-07-31T09:44:00.269,75.583,761,,,,0,,,,-0.0033,-28.25,-0.0033,-28.25,1,30.0,joystick,+0.000,+0.000,-0.400,+0.000,1100,0,
1785505440.3684,2026-07-31T09:44:00.368,75.682,762,,,,0,,,,-0.0015,-28.27,-0.0015,-28.27,1,30.0,joystick,+0.000,+0.000,-0.400,+0.000,1100,0,
1785505440.4685,2026-07-31T09:44:00.468,75.782,763,,,,0,,,,-0.0034,-28.28,-0.0034,-28.28,1,30.0,joystick,+0.000,+0.000,-0.400,+0.000,1100,0,
1785505440.5687,2026-07-31T09:44:00.568,75.882,764,,,,0,,,,-0.0055,-28.32,-0.0055,-28.32,1,30.0,joystick,+0.000,+0.000,-0.400,+0.000,1100,0,
1785505440.6675,2026-07-31T09:44:00.667,75.981,765,,,,0,,,,0.0025,-28.34,0.0025,-28.34,1,30.0,joystick,+0.000,+0.000,+0.000,+0.000,1100,0,
1785505440.7669,2026-07-31T09:44:00.766,76.080,766,,,,0,,,,-0.0024,-28.34,-0.0024,-28.34,1,30.0,joystick,+0.000,+0.000,-0.400,+0.000,1100,0,
1785505440.8651,2026-07-31T09:44:00.865,76.178,767,,,,0,,,,-0.0034,-28.36,-0.0034,-28.36,1,30.0,joystick,+0.000,+0.000,-0.400,+0.000,1100,0,
1785505440.9651,2026-07-31T09:44:00.965,76.278,768,,,,0,,,,-0.0021,-28.37,-0.0021,-28.37,1,30.0,joystick,+0.000,+0.000,-0.400,+0.000,1100,0,
1785505441.0648,2026-07-31T09:44:01.064,76.378,769,,,,0,,,,-0.0015,-28.36,-0.0015,-28.36,1,30.0,joystick,+0.000,+0.000,-0.400,+0.000,1100,0,
1785505441.1632,2026-07-31T09:44:01.163,76.476,770,,,,0,,,,-0.0036,-28.37,-0.0036,-28.37,1,30.0,joystick,+0.000,+0.000,-0.400,+0.000,1100,0,
1785505441.2636,2026-07-31T09:44:01.263,76.577,771,,,,0,,,,-0.0028,-28.40,-0.0028,-28.40,1,30.0,joystick,+0.000,+0.000,-0.400,+0.000,1100,0,
1785505441.3627,2026-07-31T09:44:01.362,76.676,772,,,,0,,,,-0.0027,-28.45,-0.0027,-28.45,1,30.0,joystick,+0.000,+0.000,-0.400,+0.000,1100,0,
1785505441.4618,2026-07-31T09:44:01.461,76.775,773,,,,0,,,,-0.0068,-28.56,-0.0068,-28.56,1,30.0,joystick,+0.000,+0.000,-0.400,+0.000,1100,0,
1785505441.5605,2026-07-31T09:44:01.560,76.874,774,,,,0,,,,-0.0061,-28.60,-0.0061,-28.60,1,30.0,joystick,+0.000,+0.000,-0.400,+0.000,1100,0,
1785505441.6600,2026-07-31T09:44:01.659,76.973,775,,,,0,,,,0.0021,-28.68,0.0021,-28.68,1,30.0,joystick,+0.000,+0.000,-0.400,+0.000,1100,0,
1785505441.7594,2026-07-31T09:44:01.759,77.072,776,,,,0,,,,-0.0033,-28.71,-0.0033,-28.71,1,30.0,joystick,+0.000,+0.000,-0.400,+0.000,1100,0,
1785505441.8584,2026-07-31T09:44:01.858,77.172,777,,,,0,,,,0.0016,-28.79,0.0016,-28.79,1,30.0,joystick,+0.000,+0.000,-0.400,+0.000,1100,0,
1785505441.9571,2026-07-31T09:44:01.957,77.270,778,,,,0,,,,-0.0001,-28.85,-0.0001,-28.85,1,30.0,joystick,+0.000,+0.000,-0.400,+0.000,1100,0,
1785505442.0567,2026-07-31T09:44:02.056,77.370,779,,,,0,,,,-0.0037,-28.96,-0.0037,-28.96,1,30.0,joystick,+0.000,+0.000,-0.400,+0.000,1100,0,
1785505442.1555,2026-07-31T09:44:02.155,77.469,780,,,,0,,,,-0.0040,-29.12,-0.0040,-29.12,1,30.0,joystick,+0.000,+0.000,-0.400,+0.000,1100,0,
1785505442.2540,2026-07-31T09:44:02.254,77.567,781,,,,0,,,,0.0019,-29.21,0.0019,-29.21,1,30.0,joystick,+0.000,+0.000,+0.000,+0.000,1100,0,
1785505442.3533,2026-07-31T09:44:02.353,77.666,782,,,,0,,,,-0.0024,-29.36,-0.0024,-29.36,1,30.0,joystick,+0.000,+0.000,-0.400,+0.000,1100,0,
1785505442.4528,2026-07-31T09:44:02.452,77.766,783,,,,0,,,,-0.0038,-29.46,-0.0038,-29.46,1,30.0,joystick,+0.000,+0.000,-0.400,+0.000,1100,0,
1785505442.5510,2026-07-31T09:44:02.551,77.864,784,,,,0,,,,-0.0028,-29.66,-0.0028,-29.66,1,30.0,joystick,+0.000,+0.000,-0.400,+0.000,1100,0,
1785505442.6510,2026-07-31T09:44:02.651,77.964,785,,,,0,,,,-0.0063,-29.86,-0.0063,-29.86,1,30.0,joystick,+0.000,+0.000,-0.400,+0.000,1100,0,
1785505442.7505,2026-07-31T09:44:02.750,78.064,786,,,,0,,,,-0.0088,-29.97,-0.0088,-29.97,1,30.0,joystick,+0.000,+0.000,-0.400,+0.000,1100,0,
1785505442.8497,2026-07-31T09:44:02.849,78.163,787,,,,0,,,,-0.0125,-30.19,-0.0125,-30.19,1,30.0,joystick,+0.000,+0.000,-0.400,+0.000,1100,0,
1785505442.9487,2026-07-31T09:44:02.948,78.262,788,,,,0,,,,-0.0088,-30.28,-0.0088,-30.28,1,30.0,joystick,+0.000,+0.000,-0.400,+0.000,1100,0,
1785505443.0478,2026-07-31T09:44:03.047,78.361,789,,,,0,,,,-0.0107,-30.44,-0.0107,-30.44,1,30.0,joystick,+0.000,+0.000,-0.400,+0.000,1100,0,
1785505443.1471,2026-07-31T09:44:03.147,78.460,790,,,,0,,,,-0.0098,-30.59,-0.0098,-30.59,1,30.0,joystick,+0.000,+0.000,-0.400,+0.000,1100,0,
1785505443.2476,2026-07-31T09:44:03.247,78.561,791,,,,0,,,,-0.0087,-30.66,-0.0087,-30.66,1,30.0,joystick,+0.000,+0.000,-0.400,+0.000,1100,0,
1785505443.3462,2026-07-31T09:44:03.346,78.659,792,,,,0,,,,-0.0075,-30.81,-0.0075,-30.81,1,30.0,joystick,+0.000,+0.000,-0.400,+0.000,1100,0,
1785505443.4450,2026-07-31T09:44:03.445,78.758,793,,,,0,,,,-0.0008,-30.89,-0.0008,-30.89,1,30.0,joystick,+0.000,+0.000,-0.400,+0.000,1100,0,
1785505443.5440,2026-07-31T09:44:03.544,78.857,794,,,,0,,,,0.0009,-31.07,0.0009,-31.07,1,30.0,joystick,+0.000,+0.000,-0.400,+0.000,1100,0,
1785505443.6443,2026-07-31T09:44:03.644,78.957,795,,,,0,,,,0.0035,-31.25,0.0035,-31.25,1,30.0,joystick,+0.000,+0.000,-0.400,+0.000,1100,0,
1785505443.7436,2026-07-31T09:44:03.743,79.057,796,,,,0,,,,0.0015,-31.31,0.0015,-31.31,1,30.0,joystick,+0.000,+0.000,+0.000,+0.000,1100,0,
1785505443.8422,2026-07-31T09:44:03.842,79.155,797,,,,0,,,,0.0012,-31.44,0.0012,-31.44,1,30.0,joystick,+0.000,+0.000,+0.000,+0.000,1100,0,
1785505443.9416,2026-07-31T09:44:03.941,79.255,798,,,,0,,,,0.0046,-31.52,0.0046,-31.52,1,30.0,joystick,+0.000,+0.000,+0.000,+0.000,1100,0,
1785505444.0398,2026-07-31T09:44:04.039,79.353,799,,,,0,,,,0.0053,-31.66,0.0053,-31.66,1,30.0,joystick,+0.000,+0.000,+0.000,+0.000,1100,0,
1785505444.1404,2026-07-31T09:44:04.140,79.454,800,,,,0,,,,0.0014,-31.74,0.0014,-31.74,1,30.0,joystick,+0.000,+0.000,+0.000,+0.000,1100,0,
1785505444.2396,2026-07-31T09:44:04.239,79.553,801,,,,0,,,,0.0027,-31.85,0.0027,-31.85,1,30.0,joystick,+0.000,+0.000,-0.400,+0.000,1100,0,
1785505444.3383,2026-07-31T09:44:04.338,79.651,802,,,,0,,,,-0.0014,-31.91,-0.0014,-31.91,1,30.0,joystick,+0.000,+0.000,+0.000,+0.000,1100,0,
1785505444.4377,2026-07-31T09:44:04.437,79.751,803,,,,0,,,,-0.0015,-31.93,-0.0015,-31.93,1,30.0,joystick,+0.000,+0.000,-0.400,+0.000,1100,0,
1785505444.5373,2026-07-31T09:44:04.537,79.850,804,,,,0,,,,-0.0038,-32.00,-0.0038,-32.00,1,30.0,joystick,+0.000,+0.000,-0.400,+0.000,1100,0,
1785505444.6377,2026-07-31T09:44:04.637,79.951,805,,,,0,,,,-0.0028,-32.06,-0.0028,-32.06,1,30.0,joystick,+0.000,+0.000,-0.400,+0.000,1100,0,
1785505444.7371,2026-07-31T09:44:04.737,80.050,806,,,,0,,,,-0.0066,-32.19,-0.0066,-32.19,1,30.0,joystick,+0.000,+0.000,-0.400,+0.000,1100,0,
1785505444.8360,2026-07-31T09:44:04.835,80.149,807,,,,0,,,,-0.0040,-32.23,-0.0040,-32.23,1,30.0,joystick,+0.000,+0.000,-0.400,+0.000,1100,0,
1785505444.9355,2026-07-31T09:44:04.935,80.249,808,,,,0,,,,-0.0069,-32.33,-0.0069,-32.33,1,30.0,joystick,+0.000,+0.000,-0.400,+0.000,1100,0,
1785505445.0343,2026-07-31T09:44:05.034,80.347,809,,,,0,,,,-0.0076,-32.41,-0.0076,-32.41,1,30.0,joystick,+0.000,+0.000,-0.400,+0.000,1100,0,
1785505445.1337,2026-07-31T09:44:05.133,80.447,810,,,,0,,,,-0.0108,-32.44,-0.0108,-32.44,1,30.0,joystick,+0.000,+0.000,-0.400,+0.000,1100,0,
1785505445.2334,2026-07-31T09:44:05.233,80.546,811,,,,0,,,,-0.0048,-32.50,-0.0048,-32.50,1,30.0,joystick,+0.000,+0.000,-0.400,+0.000,1100,0,
1785505445.3337,2026-07-31T09:44:05.333,80.647,812,,,,0,,,,-0.0034,-32.61,-0.0034,-32.61,1,30.0,joystick,+0.000,+0.000,-0.400,+0.000,1100,0,
1785505445.4328,2026-07-31T09:44:05.432,80.746,813,,,,0,,,,0.0009,-32.69,0.0009,-32.69,1,30.0,joystick,+0.000,+0.000,+0.000,+0.000,1100,0,
1785505445.5326,2026-07-31T09:44:05.532,80.846,814,,,,0,,,,0.0005,-32.82,0.0005,-32.82,1,30.0,joystick,+0.000,+0.000,+0.000,+0.000,1100,0,
1785505445.6320,2026-07-31T09:44:05.631,80.945,815,,,,0,,,,0.0026,-32.88,0.0026,-32.88,1,30.0,joystick,+0.000,+0.000,+0.000,+0.000,1100,0,
1785505445.7314,2026-07-31T09:44:05.731,81.045,816,,,,0,,,,0.0039,-33.02,0.0039,-33.02,1,30.0,joystick,+0.000,+0.000,+0.000,+0.000,1100,0,
1785505445.8303,2026-07-31T09:44:05.830,81.143,817,,,,0,,,,0.0034,-33.17,0.0034,-33.17,1,30.0,joystick,+0.000,+0.000,+0.000,+0.000,1100,0,
1785505445.9291,2026-07-31T09:44:05.929,81.242,818,,,,0,,,,0.0074,-33.24,0.0074,-33.24,1,30.0,joystick,+0.000,+0.000,+0.000,+0.000,1100,0,
1785505446.0279,2026-07-31T09:44:06.027,81.341,819,,,,0,,,,0.0024,-33.42,0.0024,-33.42,1,30.0,joystick,+0.000,+0.000,+0.000,+0.000,1100,0,
1785505446.1283,2026-07-31T09:44:06.128,81.441,820,,,,0,,,,0.0014,-33.50,0.0014,-33.50,1,30.0,joystick,+0.000,+0.000,+0.000,+0.000,1100,0,
1785505446.2274,2026-07-31T09:44:06.227,81.541,821,,,,0,,,,0.0015,-33.61,0.0015,-33.61,1,30.0,joystick,+0.000,+0.000,+0.000,+0.000,1100,0,
1785505446.3264,2026-07-31T09:44:06.326,81.640,822,,,,0,,,,-0.0013,-33.72,-0.0013,-33.72,1,30.0,joystick,+0.000,+0.000,+0.000,+0.000,1100,0,
1785505446.4262,2026-07-31T09:44:06.426,81.739,823,,,,0,,,,-0.0003,-33.78,-0.0003,-33.78,1,30.0,joystick,+0.000,+0.000,-0.400,+0.000,1100,0,
1785505446.5250,2026-07-31T09:44:06.525,81.838,824,,,,0,,,,0.0023,-33.92,0.0023,-33.92,1,30.0,joystick,+0.000,+0.000,+0.000,+0.000,1100,0,
1785505446.6246,2026-07-31T09:44:06.624,81.938,825,,,,0,,,,-0.0049,-33.99,-0.0049,-33.99,1,30.0,joystick,+0.000,+0.000,-0.400,+0.000,1100,0,
1785505446.7249,2026-07-31T09:44:06.724,82.038,826,,,,0,,,,-0.0039,-34.13,-0.0039,-34.13,1,30.0,joystick,+0.000,+0.000,-0.400,+0.000,1100,0,
1785505446.8242,2026-07-31T09:44:06.824,82.137,827,,,,0,,,,-0.0020,-34.28,-0.0020,-34.28,1,30.0,joystick,+0.000,+0.000,-0.400,+0.000,1100,0,
1785505446.9228,2026-07-31T09:44:06.922,82.236,828,,,,0,,,,-0.0065,-34.36,-0.0065,-34.36,1,30.0,joystick,+0.000,+0.000,-0.400,+0.000,1100,0,
1785505447.0231,2026-07-31T09:44:07.023,82.336,829,,,,0,,,,0.0008,-34.49,0.0008,-34.49,1,30.0,joystick,+0.000,+0.000,-0.400,+0.000,1100,0,
1785505447.1220,2026-07-31T09:44:07.122,82.435,830,,,,0,,,,-0.0018,-34.55,-0.0018,-34.55,1,30.0,joystick,+0.000,+0.000,-0.400,+0.000,1100,0,
1785505447.2206,2026-07-31T09:44:07.220,82.534,831,,,,0,,,,0.0012,-34.68,0.0012,-34.68,1,30.0,joystick,+0.000,+0.000,+0.000,+0.000,1100,0,
1785505447.3200,2026-07-31T09:44:07.320,82.633,832,,,,0,,,,0.0024,-34.76,0.0024,-34.76,1,30.0,joystick,+0.000,+0.000,+0.000,+0.000,1100,0,
1785505447.4188,2026-07-31T09:44:07.418,82.732,833,,,,0,,,,-0.0041,-34.91,-0.0041,-34.91,1,30.0,joystick,+0.000,+0.000,-0.400,+0.000,1100,0,
1785505447.5190,2026-07-31T09:44:07.518,82.832,834,,,,0,,,,-0.0038,-35.15,-0.0038,-35.15,1,30.0,joystick,+0.000,+0.000,-0.400,+0.000,1100,0,
1785505447.6182,2026-07-31T09:44:07.618,82.931,835,,,,0,,,,0.0019,-35.30,0.0019,-35.30,1,30.0,joystick,+0.000,+0.000,+0.000,+0.000,1100,0,
1785505447.7172,2026-07-31T09:44:07.717,83.030,836,,,,0,,,,-0.0046,-35.60,-0.0046,-35.60,1,30.0,joystick,+0.000,+0.000,-0.400,+0.000,1100,0,
1785505447.8161,2026-07-31T09:44:07.816,83.129,837,,,,0,,,,-0.0078,-35.72,-0.0078,-35.72,1,30.0,joystick,+0.000,+0.000,-0.400,+0.000,1100,0,
1785505447.9150,2026-07-31T09:44:07.914,83.228,838,,,,0,,,,-0.0066,-35.95,-0.0066,-35.95,1,30.0,joystick,+0.000,+0.000,-0.400,+0.000,1100,0,
1785505448.0153,2026-07-31T09:44:08.015,83.328,839,,,,0,,,,-0.0063,-36.04,-0.0063,-36.04,1,30.0,joystick,+0.000,+0.000,-0.400,+0.000,1100,0,
1785505448.1138,2026-07-31T09:44:08.113,83.427,840,,,,0,,,,-0.0036,-36.27,-0.0036,-36.27,1,30.0,joystick,+0.000,+0.000,-0.400,+0.000,1100,0,
1785505448.2127,2026-07-31T09:44:08.212,83.526,841,,,,0,,,,-0.0069,-36.54,-0.0069,-36.54,1,30.0,joystick,+0.000,+0.000,-0.400,+0.000,1100,0,
1785505448.3123,2026-07-31T09:44:08.312,83.625,842,,,,0,,,,-0.0048,-36.70,-0.0048,-36.70,1,30.0,joystick,+0.000,+0.000,-0.400,+0.000,1100,0,
1785505448.4107,2026-07-31T09:44:08.410,83.724,843,,,,0,,,,-0.0028,-37.02,-0.0028,-37.02,1,30.0,joystick,+0.000,+0.000,-0.400,+0.000,1100,0,
1785505448.5103,2026-07-31T09:44:08.510,83.823,844,,,,0,,,,0.0016,-37.19,0.0016,-37.19,1,30.0,joystick,+0.000,+0.000,+0.000,+0.000,1100,0,
1785505448.6094,2026-07-31T09:44:08.609,83.923,845,,,,0,,,,-0.0026,-37.52,-0.0026,-37.52,1,30.0,joystick,+0.000,+0.000,+0.000,+0.000,1100,0,
1785505448.7085,2026-07-31T09:44:08.708,84.022,846,,,,0,,,,0.0028,-37.79,0.0028,-37.79,1,30.0,joystick,+0.000,+0.000,+0.000,+0.000,1100,0,
1785505448.8091,2026-07-31T09:44:08.809,84.122,847,,,,0,,,,0.0033,-37.88,0.0033,-37.88,1,30.0,joystick,+0.000,+0.000,+0.000,+0.000,1100,0,
1785505448.9083,2026-07-31T09:44:08.908,84.221,848,,,,0,,,,0.0006,-38.06,0.0006,-38.06,1,30.0,joystick,+0.000,+0.000,-0.400,+0.000,1100,0,
1785505449.0067,2026-07-31T09:44:09.006,84.320,849,,,,0,,,,0.0005,-38.15,0.0005,-38.15,1,30.0,joystick,+0.000,+0.000,+0.000,+0.000,1100,0,
1785505449.1068,2026-07-31T09:44:09.106,84.420,850,,,,0,,,,-0.0023,-38.33,-0.0023,-38.33,1,30.0,joystick,+0.000,+0.000,+0.000,+0.000,1100,0,
1785505449.2056,2026-07-31T09:44:09.205,84.519,851,,,,0,,,,-0.0028,-38.48,-0.0028,-38.48,1,30.0,joystick,+0.000,+0.000,+0.000,+0.000,1100,0,
1785505449.3044,2026-07-31T09:44:09.304,84.618,852,,,,0,,,,-0.0016,-38.55,-0.0016,-38.55,1,30.0,joystick,+0.000,+0.000,-0.400,+0.000,1100,0,
1785505449.4036,2026-07-31T09:44:09.403,84.717,853,,,,0,,,,-0.0040,-38.74,-0.0040,-38.74,1,30.0,joystick,+0.000,+0.000,-0.400,+0.000,1100,0,
1785505449.5040,2026-07-31T09:44:09.504,84.817,854,,,,0,,,,-0.0041,-38.86,-0.0041,-38.86,1,30.0,joystick,+0.000,+0.000,-0.400,+0.000,1100,0,
1785505449.6041,2026-07-31T09:44:09.604,84.917,855,,,,0,,,,-0.0075,-39.05,-0.0075,-39.05,1,30.0,joystick,+0.000,+0.000,-0.400,+0.000,1100,0,
1785505449.7034,2026-07-31T09:44:09.703,85.017,856,,,,0,,,,-0.0044,-39.17,-0.0044,-39.17,1,30.0,joystick,+0.000,+0.000,-0.400,+0.000,1100,0,
1785505449.8027,2026-07-31T09:44:09.802,85.116,857,,,,0,,,,-0.0050,-39.22,-0.0050,-39.22,1,30.0,joystick,+0.000,+0.000,-0.400,+0.000,1100,0,
1785505449.9023,2026-07-31T09:44:09.902,85.215,858,,,,0,,,,-0.0092,-39.36,-0.0092,-39.36,1,30.0,joystick,+0.000,+0.000,-0.400,+0.000,1100,0,
1785505450.0006,2026-07-31T09:44:10.000,85.314,859,,,,0,,,,-0.0029,-39.45,-0.0029,-39.45,1,30.0,joystick,+0.000,+0.000,-0.400,+0.000,1100,0,
1785505450.0999,2026-07-31T09:44:10.099,85.413,860,,,,0,,,,-0.0043,-39.63,-0.0043,-39.63,1,30.0,joystick,+0.000,+0.000,-0.400,+0.000,1100,0,
1785505450.1987,2026-07-31T09:44:10.198,85.512,861,,,,0,,,,-0.0022,-39.79,-0.0022,-39.79,1,30.0,joystick,+0.000,+0.000,-0.400,+0.000,1100,0,
1785505450.2991,2026-07-31T09:44:10.299,85.612,862,,,,0,,,,-0.0044,-39.86,-0.0044,-39.86,1,30.0,joystick,+0.000,+0.000,-0.400,+0.000,1100,0,
1785505450.3983,2026-07-31T09:44:10.398,85.711,863,,,,0,,,,-0.0012,-39.96,-0.0012,-39.96,1,30.0,joystick,+0.000,+0.000,+0.000,+0.000,1100,0,
1785505450.4977,2026-07-31T09:44:10.497,85.811,864,,,,0,,,,0.0015,-40.01,0.0015,-40.01,1,30.0,joystick,+0.000,+0.000,+0.000,+0.000,1100,0,
1785505450.5965,2026-07-31T09:44:10.596,85.910,865,,,,0,,,,0.0036,-40.20,0.0036,-40.20,1,30.0,joystick,+0.000,+0.000,+0.000,+0.000,1100,0,
1785505450.6963,2026-07-31T09:44:10.696,86.009,866,,,,0,,,,0.0055,-40.34,0.0055,-40.34,1,30.0,joystick,+0.000,+0.000,+0.000,+0.000,1100,0,
1785505450.7956,2026-07-31T09:44:10.795,86.109,867,,,,0,,,,-0.0003,-40.39,-0.0003,-40.39,1,30.0,joystick,+0.000,+0.000,-0.400,+0.000,1100,0,
1785505450.8951,2026-07-31T09:44:10.895,86.208,868,,,,0,,,,0.0026,-40.46,0.0026,-40.46,1,30.0,joystick,+0.000,+0.000,+0.000,+0.000,1100,0,
1785505450.9944,2026-07-31T09:44:10.994,86.307,869,,,,0,,,,0.0027,-40.51,0.0027,-40.51,1,30.0,joystick,+0.000,+0.000,+0.000,+0.000,1100,0,
1785505451.0944,2026-07-31T09:44:11.094,86.408,870,,,,0,,,,0.0041,-40.67,0.0041,-40.67,1,30.0,joystick,+0.000,+0.000,+0.000,+0.000,1100,0,
1785505451.1948,2026-07-31T09:44:11.194,86.508,871,,,,0,,,,0.0017,-40.86,0.0017,-40.86,1,30.0,joystick,+0.000,+0.000,+0.000,+0.000,1100,0,
1785505451.2940,2026-07-31T09:44:11.294,86.607,872,,,,0,,,,0.0003,-40.94,0.0003,-40.94,1,30.0,joystick,+0.000,+0.000,+0.000,+0.000,1100,0,
1785505451.3930,2026-07-31T09:44:11.392,86.706,873,,,,0,,,,-0.0031,-41.03,-0.0031,-41.03,1,30.0,joystick,+0.000,+0.000,-0.400,+0.000,1100,0,
1785505451.4919,2026-07-31T09:44:11.491,86.805,874,,,,0,,,,-0.0031,-41.07,-0.0031,-41.07,1,30.0,joystick,+0.000,+0.000,-0.400,+0.000,1100,0,
1785505451.5905,2026-07-31T09:44:11.590,86.904,875,,,,0,,,,-0.0050,-41.12,-0.0050,-41.12,1,30.0,joystick,+0.000,+0.000,-0.400,+0.000,1100,0,
1785505451.6900,2026-07-31T09:44:11.690,87.003,876,,,,0,,,,-0.0073,-41.17,-0.0073,-41.17,1,30.0,joystick,+0.000,+0.000,-0.400,+0.000,1100,0,
1785505451.7891,2026-07-31T09:44:11.789,87.102,877,,,,0,,,,-0.0095,-41.19,-0.0095,-41.19,1,30.0,joystick,+0.000,+0.000,-0.400,+0.000,1100,0,
1785505451.8882,2026-07-31T09:44:11.888,87.201,878,,,,0,,,,-0.0079,-41.27,-0.0079,-41.27,1,30.0,joystick,+0.000,+0.000,-0.400,+0.000,1100,0,
1785505451.9884,2026-07-31T09:44:11.988,87.302,879,,,,0,,,,-0.0070,-41.30,-0.0070,-41.30,1,30.0,joystick,+0.000,+0.000,-0.400,+0.000,1100,0,
1785505452.0878,2026-07-31T09:44:12.087,87.401,880,,,,0,,,,-0.0076,-41.34,-0.0076,-41.34,1,30.0,joystick,+0.000,+0.000,-0.400,+0.000,1100,0,
1785505452.1863,2026-07-31T09:44:12.186,87.499,881,,,,0,,,,-0.0013,-41.38,-0.0013,-41.38,1,30.0,joystick,+0.000,+0.000,-0.400,+0.000,1100,0,
1785505452.2853,2026-07-31T09:44:12.285,87.598,882,,,,0,,,,0.0015,-41.41,0.0015,-41.41,1,30.0,joystick,+0.000,+0.000,-0.400,+0.000,1100,0,
1785505452.3845,2026-07-31T09:44:12.384,87.698,883,,,,0,,,,-0.0040,-41.41,-0.0040,-41.41,1,30.0,joystick,+0.000,+0.000,-0.400,+0.000,1100,0,
1785505452.4837,2026-07-31T09:44:12.483,87.797,884,,,,0,,,,0.0029,-41.40,0.0029,-41.40,1,30.0,joystick,+0.000,+0.000,+0.000,+0.000,1100,0,
1785505452.5832,2026-07-31T09:44:12.583,87.896,885,,,,0,,,,0.0033,-41.48,0.0033,-41.48,1,30.0,joystick,+0.000,+0.000,+0.000,+0.000,1100,0,
1785505452.6824,2026-07-31T09:44:12.682,87.995,886,,,,0,,,,0.0025,-41.52,0.0025,-41.52,1,30.0,joystick,+0.000,+0.000,+0.000,+0.000,1100,0,
1785505452.7817,2026-07-31T09:44:12.781,88.095,887,,,,0,,,,0.0026,-41.61,0.0026,-41.61,1,30.0,joystick,+0.000,+0.000,-0.400,+0.000,1100,0,
1785505452.8816,2026-07-31T09:44:12.881,88.195,888,,,,0,,,,0.0026,-41.67,0.0026,-41.67,1,30.0,joystick,+0.000,+0.000,+0.000,+0.000,1100,0,
1785505452.9804,2026-07-31T09:44:12.980,88.294,889,,,,0,,,,0.0014,-41.69,0.0014,-41.69,1,30.0,joystick,+0.000,+0.000,+0.000,+0.000,1100,0,
1785505453.0796,2026-07-31T09:44:13.079,88.393,890,,,,0,,,,-0.0001,-41.73,-0.0001,-41.73,1,30.0,joystick,+0.000,+0.000,+0.000,+0.000,1100,0,
1785505453.1797,2026-07-31T09:44:13.179,88.493,891,,,,0,,,,-0.0007,-41.76,-0.0007,-41.76,1,30.0,joystick,+0.000,+0.000,-0.400,+0.000,1100,0,
1785505453.2783,2026-07-31T09:44:13.278,88.591,892,,,,0,,,,-0.0034,-41.86,-0.0034,-41.86,1,30.0,joystick,+0.000,+0.000,-0.400,+0.000,1100,0,
1785505453.3783,2026-07-31T09:44:13.378,88.691,893,,,,0,,,,-0.0053,-42.00,-0.0053,-42.00,1,30.0,joystick,+0.000,+0.000,-0.400,+0.000,1100,0,
1785505453.4781,2026-07-31T09:44:13.478,88.791,894,,,,0,,,,-0.0048,-42.03,-0.0048,-42.03,1,30.0,joystick,+0.000,+0.000,-0.400,+0.000,1100,0,
1785505453.5776,2026-07-31T09:44:13.577,88.891,895,,,,0,,,,-0.0025,-42.05,-0.0025,-42.05,1,30.0,joystick,+0.000,+0.000,-0.400,+0.000,1100,0,
1785505453.6768,2026-07-31T09:44:13.676,88.990,896,,,,0,,,,-0.0041,-42.02,-0.0041,-42.02,1,30.0,joystick,+0.000,+0.000,-0.400,+0.000,1100,0,
1785505453.7753,2026-07-31T09:44:13.775,89.088,897,,,,0,,,,-0.0067,-41.99,-0.0067,-41.99,1,30.0,joystick,+0.000,+0.000,-0.400,+0.000,1100,0,
1785505453.8743,2026-07-31T09:44:13.874,89.187,898,,,,0,,,,-0.0050,-41.99,-0.0050,-41.99,1,30.0,joystick,+0.000,+0.000,-0.400,+0.000,1100,0,
1785505453.9746,2026-07-31T09:44:13.974,89.288,899,,,,0,,,,-0.0005,-41.96,-0.0005,-41.96,1,30.0,joystick,+0.000,+0.000,-0.400,+0.000,1100,0,
1785505454.0750,2026-07-31T09:44:14.075,89.388,900,,,,0,,,,-0.0011,-41.89,-0.0011,-41.89,1,30.0,joystick,+0.000,+0.000,-0.400,+0.000,1100,0,
1785505454.1734,2026-07-31T09:44:14.173,89.487,901,,,,0,,,,0.0007,-41.86,0.0007,-41.86,1,30.0,joystick,+0.000,+0.000,+0.000,+0.000,1100,0,
1785505454.2715,2026-07-31T09:44:14.271,89.585,902,,,,0,,,,0.0002,-41.82,0.0002,-41.82,1,30.0,joystick,+0.000,+0.000,-0.400,+0.000,1100,0,
1785505454.3706,2026-07-31T09:44:14.370,89.684,903,,,,0,,,,-0.0020,-41.77,-0.0020,-41.77,1,30.0,joystick,+0.000,+0.000,+0.000,+0.000,1100,0,
1785505454.4699,2026-07-31T09:44:14.469,89.783,904,,,,0,,,,0.0055,-41.73,0.0055,-41.73,1,30.0,joystick,+0.000,+0.000,+0.000,+0.000,1100,0,
1785505454.5692,2026-07-31T09:44:14.569,89.882,905,,,,0,,,,-0.0049,-41.67,-0.0049,-41.67,1,30.0,joystick,+0.000,+0.000,-0.400,+0.000,1100,0,
1785505454.6682,2026-07-31T09:44:14.668,89.981,906,,,,0,,,,-0.0001,-41.66,-0.0001,-41.66,1,30.0,joystick,+0.000,+0.000,-0.400,+0.000,1100,0,
1785505454.7685,2026-07-31T09:44:14.768,90.082,907,,,,0,,,,-0.0007,-41.67,-0.0007,-41.67,1,30.0,joystick,+0.000,+0.000,+0.000,+0.000,1100,0,
1785505454.8681,2026-07-31T09:44:14.868,90.181,908,,,,0,,,,-0.0064,-41.69,-0.0064,-41.69,1,30.0,joystick,+0.000,+0.000,-0.400,+0.000,1100,0,
1785505454.9675,2026-07-31T09:44:14.967,90.281,909,,,,0,,,,-0.0041,-41.70,-0.0041,-41.70,1,30.0,joystick,+0.000,+0.000,-0.400,+0.000,1100,0,
1785505455.0665,2026-07-31T09:44:15.066,90.380,910,,,,0,,,,-0.0070,-41.74,-0.0070,-41.74,1,30.0,joystick,+0.000,+0.000,+0.000,+0.000,1100,0,
1785505455.1655,2026-07-31T09:44:15.165,90.479,911,,,,0,,,,-0.0035,-41.75,-0.0035,-41.75,1,30.0,joystick,+0.000,+0.000,-0.400,+0.000,1100,0,
1785505455.2644,2026-07-31T09:44:15.264,90.578,912,,,,0,,,,-0.0017,-41.77,-0.0017,-41.77,1,30.0,joystick,+0.000,+0.000,-0.400,+0.000,1100,0,
1785505455.3631,2026-07-31T09:44:15.363,90.676,913,,,,0,,,,-0.0029,-41.79,-0.0029,-41.79,1,30.0,joystick,+0.000,+0.000,-0.400,+0.000,1100,0,
1785505455.4634,2026-07-31T09:44:15.463,90.777,914,,,,0,,,,0.0011,-41.80,0.0011,-41.80,1,30.0,joystick,+0.000,+0.000,+0.000,+0.000,1100,0,
1785505455.5625,2026-07-31T09:44:15.562,90.876,915,,,,0,,,,-0.0046,-41.80,-0.0046,-41.80,1,30.0,joystick,+0.000,+0.000,-0.400,+0.000,1100,0,
1785505455.6615,2026-07-31T09:44:15.661,90.975,916,,,,0,,,,-0.0043,-41.82,-0.0043,-41.82,1,30.0,joystick,+0.000,+0.000,-0.400,+0.000,1100,0,
1785505455.7601,2026-07-31T09:44:15.760,91.073,917,,,,0,,,,-0.0033,-41.90,-0.0033,-41.90,1,30.0,joystick,+0.000,+0.000,-0.400,+0.000,1100,0,
1785505455.8607,2026-07-31T09:44:15.860,91.174,918,,,,0,,,,-0.0022,-41.93,-0.0022,-41.93,1,30.0,joystick,+0.000,+0.000,-0.400,+0.000,1100,0,
1785505455.9593,2026-07-31T09:44:15.959,91.272,919,,,,0,,,,-0.0030,-42.02,-0.0030,-42.02,1,30.0,joystick,+0.000,+0.000,-0.400,+0.000,1100,0,
1785505456.0596,2026-07-31T09:44:16.059,91.373,920,,,,0,,,,-0.0037,-42.04,-0.0037,-42.04,1,30.0,joystick,+0.000,+0.000,-0.400,+0.000,1100,0,
1785505456.1582,2026-07-31T09:44:16.158,91.471,921,,,,0,,,,-0.0107,-42.10,-0.0107,-42.10,1,30.0,joystick,+0.000,+0.000,-0.400,+0.000,1100,0,
1785505456.2587,2026-07-31T09:44:16.258,91.572,922,,,,0,,,,-0.0131,-42.12,-0.0131,-42.12,1,30.0,joystick,+0.000,+0.000,-0.400,+0.000,1100,0,
1785505456.3571,2026-07-31T09:44:16.357,91.670,923,,,,0,,,,-0.0074,-42.12,-0.0074,-42.12,1,30.0,joystick,+0.000,+0.000,-0.400,+0.000,1100,0,
1785505456.4563,2026-07-31T09:44:16.456,91.769,924,,,,0,,,,-0.0026,-42.14,-0.0026,-42.14,1,30.0,joystick,+0.000,+0.000,-0.400,+0.000,1100,0,
1785505456.5553,2026-07-31T09:44:16.555,91.868,925,,,,0,,,,-0.0046,-42.16,-0.0046,-42.16,1,30.0,joystick,+0.000,+0.000,-0.400,+0.000,1100,0,
1785505456.6557,2026-07-31T09:44:16.655,91.969,926,,,,0,,,,-0.0043,-42.21,-0.0043,-42.21,1,30.0,joystick,+0.000,+0.000,-0.400,+0.000,1100,0,
1785505456.7544,2026-07-31T09:44:16.754,92.068,927,,,,0,,,,-0.0033,-42.25,-0.0033,-42.25,1,30.0,joystick,+0.000,+0.000,-0.400,+0.000,1100,0,
1785505456.8530,2026-07-31T09:44:16.853,92.166,928,,,,0,,,,-0.0060,-42.25,-0.0060,-42.25,1,30.0,joystick,+0.000,+0.000,-0.400,+0.000,1100,0,
1785505456.9521,2026-07-31T09:44:16.952,92.265,929,,,,0,,,,-0.0015,-42.24,-0.0015,-42.24,1,30.0,joystick,+0.000,+0.000,-0.400,+0.000,1100,0,
1785505457.0523,2026-07-31T09:44:17.052,92.365,930,,,,0,,,,-0.0039,-42.24,-0.0039,-42.24,1,30.0,joystick,+0.000,+0.000,-0.400,+0.000,1100,0,
1785505457.1511,2026-07-31T09:44:17.151,92.464,931,,,,0,,,,-0.0018,-42.23,-0.0018,-42.23,1,30.0,joystick,+0.000,+0.000,-0.400,+0.000,1100,0,
1785505457.2500,2026-07-31T09:44:17.250,92.563,932,,,,0,,,,0.0048,-42.21,0.0048,-42.21,1,30.0,joystick,+0.000,+0.000,+0.000,+0.000,1100,0,
1785505457.3504,2026-07-31T09:44:17.350,92.663,933,,,,0,,,,-0.0002,-42.18,-0.0002,-42.18,1,30.0,joystick,+0.000,+0.000,-0.400,+0.000,1100,0,
1785505457.4496,2026-07-31T09:44:17.449,92.763,934,,,,0,,,,0.0028,-42.09,0.0028,-42.09,1,30.0,joystick,+0.000,+0.000,+0.000,+0.000,1100,0,
1785505457.5494,2026-07-31T09:44:17.549,92.863,935,,,,0,,,,0.0040,-42.03,0.0040,-42.03,1,30.0,joystick,+0.000,+0.000,+0.000,+0.000,1100,0,
1785505457.6481,2026-07-31T09:44:17.648,92.961,936,,,,0,,,,-0.0004,-41.92,-0.0004,-41.92,1,30.0,joystick,+0.000,+0.000,+0.000,+0.000,1100,0,
1785505457.7476,2026-07-31T09:44:17.747,93.061,937,,,,0,,,,-0.0037,-41.80,-0.0037,-41.80,1,30.0,joystick,+0.000,+0.000,-0.400,+0.000,1100,0,
1785505457.8468,2026-07-31T09:44:17.846,93.160,938,,,,0,,,,-0.0040,-41.72,-0.0040,-41.72,1,30.0,joystick,+0.000,+0.000,-0.400,+0.000,1100,0,
1785505457.9461,2026-07-31T09:44:17.946,93.259,939,,,,0,,,,-0.0025,-41.55,-0.0025,-41.55,1,30.0,joystick,+0.000,+0.000,-0.400,+0.000,1100,0,
1785505458.0457,2026-07-31T09:44:18.045,93.359,940,,,,0,,,,-0.0037,-41.45,-0.0037,-41.45,1,30.0,joystick,+0.000,+0.000,-0.400,+0.000,1100,0,
1785505458.1440,2026-07-31T09:44:18.143,93.457,941,,,,0,,,,-0.0009,-41.24,-0.0009,-41.24,1,30.0,joystick,+0.000,+0.000,-0.400,+0.000,1100,0,
1785505458.2427,2026-07-31T09:44:18.242,93.556,942,,,,0,,,,-0.0024,-41.03,-0.0024,-41.03,1,30.0,joystick,+0.000,+0.000,-0.400,+0.000,1100,0,
1785505458.3418,2026-07-31T09:44:18.341,93.655,943,,,,0,,,,-0.0046,-40.92,-0.0046,-40.92,1,30.0,joystick,+0.000,+0.000,-0.400,+0.000,1100,0,
1785505458.4408,2026-07-31T09:44:18.440,93.754,944,,,,0,,,,-0.0034,-40.74,-0.0034,-40.74,1,30.0,joystick,+0.000,+0.000,-0.400,+0.000,1100,0,
1785505458.5403,2026-07-31T09:44:18.540,93.853,945,,,,0,,,,-0.0038,-40.67,-0.0038,-40.67,1,30.0,joystick,+0.000,+0.000,-0.400,+0.000,1100,0,
1785505458.6389,2026-07-31T09:44:18.638,93.952,946,,,,0,,,,-0.0014,-40.52,-0.0014,-40.52,1,30.0,joystick,+0.000,+0.000,-0.400,+0.000,1100,0,
1785505458.7392,2026-07-31T09:44:18.739,94.052,947,,,,0,,,,0.0016,-40.45,0.0016,-40.45,1,30.0,joystick,+0.000,+0.000,+0.000,+0.000,1100,0,
1785505458.8384,2026-07-31T09:44:18.838,94.151,948,,,,0,,,,0.0015,-40.31,0.0015,-40.31,1,30.0,joystick,+0.000,+0.000,+0.000,+0.000,1100,0,
1785505458.9382,2026-07-31T09:44:18.938,94.251,949,,,,0,,,,0.0023,-40.18,0.0023,-40.18,1,30.0,joystick,+0.000,+0.000,+0.000,+0.000,1100,0,
1785505459.0372,2026-07-31T09:44:19.037,94.350,950,,,,0,,,,0.0025,-40.08,0.0025,-40.08,1,30.0,joystick,+0.000,+0.000,+0.000,+0.000,1100,0,
1785505459.1361,2026-07-31T09:44:19.136,94.449,951,,,,0,,,,0.0019,-39.90,0.0019,-39.90,1,30.0,joystick,+0.000,+0.000,+0.000,+0.000,1100,0,
1785505459.2356,2026-07-31T09:44:19.235,94.549,952,,,,0,,,,0.0008,-39.81,0.0008,-39.81,1,30.0,joystick,+0.000,+0.000,+0.000,+0.000,1100,0,
1785505459.3348,2026-07-31T09:44:19.334,94.648,953,,,,0,,,,-0.0003,-39.62,-0.0003,-39.62,1,30.0,joystick,+0.000,+0.000,+0.000,+0.000,1100,0,
1785505459.4345,2026-07-31T09:44:19.434,94.748,954,,,,0,,,,-0.0041,-39.41,-0.0041,-39.41,1,30.0,joystick,+0.000,+0.000,-0.400,+0.000,1100,0,
1785505459.5336,2026-07-31T09:44:19.533,94.847,955,,,,0,,,,-0.0007,-39.31,-0.0007,-39.31,1,30.0,joystick,+0.000,+0.000,-0.400,+0.000,1100,0,
1785505459.6331,2026-07-31T09:44:19.633,94.946,956,,,,0,,,,-0.0032,-39.11,-0.0032,-39.11,1,30.0,joystick,+0.000,+0.000,+0.000,+0.000,1100,0,
1785505459.7334,2026-07-31T09:44:19.733,95.047,957,,,,0,,,,-0.0079,-39.02,-0.0079,-39.02,1,30.0,joystick,+0.000,+0.000,-0.400,+0.000,1100,0,
1785505459.8319,2026-07-31T09:44:19.831,95.145,958,,,,0,,,,-0.0059,-38.82,-0.0059,-38.82,1,30.0,joystick,+0.000,+0.000,-0.400,+0.000,1100,0,
1785505459.9316,2026-07-31T09:44:19.931,95.245,959,,,,0,,,,-0.0043,-38.60,-0.0043,-38.60,1,30.0,joystick,+0.000,+0.000,-0.400,+0.000,1100,0,
1785505460.0307,2026-07-31T09:44:20.030,95.344,960,,,,0,,,,0.0004,-38.49,0.0004,-38.49,1,30.0,joystick,+0.000,+0.000,+0.000,+0.000,1100,0,
1785505460.1311,2026-07-31T09:44:20.131,95.444,961,,,,0,,,,-0.0006,-38.28,-0.0006,-38.28,1,30.0,joystick,+0.000,+0.000,-0.400,+0.000,1100,0,
1785505460.2302,2026-07-31T09:44:20.230,95.543,962,,,,0,,,,-0.0020,-38.16,-0.0020,-38.16,1,30.0,joystick,+0.000,+0.000,-0.400,+0.000,1100,0,
1785505460.3295,2026-07-31T09:44:20.329,95.643,963,,,,0,,,,-0.0017,-37.96,-0.0017,-37.96,1,30.0,joystick,+0.000,+0.000,-0.400,+0.000,1100,0,
1785505460.4293,2026-07-31T09:44:20.429,95.742,964,,,,0,,,,-0.0077,-37.81,-0.0077,-37.81,1,30.0,joystick,+0.000,+0.000,-0.400,+0.000,1100,0,
1785505460.5281,2026-07-31T09:44:20.528,95.841,965,,,,0,,,,-0.0068,-37.76,-0.0068,-37.76,1,30.0,joystick,+0.000,+0.000,-0.400,+0.000,1100,0,
1785505460.6272,2026-07-31T09:44:20.627,95.940,966,,,,0,,,,-0.0077,-37.63,-0.0077,-37.63,1,30.0,joystick,+0.000,+0.000,-0.400,+0.000,1100,0,
1785505460.7265,2026-07-31T09:44:20.726,96.040,967,,,,0,,,,-0.0047,-37.54,-0.0047,-37.54,1,30.0,joystick,+0.000,+0.000,-0.400,+0.000,1100,0,
1785505460.8256,2026-07-31T09:44:20.825,96.139,968,,,,0,,,,-0.0108,-37.33,-0.0108,-37.33,1,30.0,joystick,+0.000,+0.000,-0.400,+0.000,1100,0,
1785505460.9253,2026-07-31T09:44:20.925,96.238,969,,,,0,,,,-0.0029,-37.23,-0.0029,-37.23,1,30.0,joystick,+0.000,+0.000,-0.400,+0.000,1100,0,
1785505461.0253,2026-07-31T09:44:21.025,96.338,970,,,,0,,,,-0.0043,-37.04,-0.0043,-37.04,1,30.0,joystick,+0.000,+0.000,-0.400,+0.000,1100,0,
1785505461.1243,2026-07-31T09:44:21.124,96.437,971,,,,0,,,,-0.0045,-36.89,-0.0045,-36.89,1,30.0,joystick,+0.000,+0.000,-0.400,+0.000,1100,0,
1785505461.2237,2026-07-31T09:44:21.223,96.537,972,,,,0,,,,-0.0023,-36.81,-0.0023,-36.81,1,30.0,joystick,+0.000,+0.000,-0.400,+0.000,1100,0,
1785505461.3234,2026-07-31T09:44:21.323,96.636,973,,,,0,,,,-0.0012,-36.63,-0.0012,-36.63,1,30.0,joystick,+0.000,+0.000,-0.400,+0.000,1100,0,
1785505461.4228,2026-07-31T09:44:21.422,96.736,974,,,,0,,,,-0.0017,-36.53,-0.0017,-36.53,1,30.0,joystick,+0.000,+0.000,-0.400,+0.000,1100,0,
1785505461.5218,2026-07-31T09:44:21.521,96.835,975,,,,0,,,,0.0050,-36.32,0.0050,-36.32,1,30.0,joystick,+0.000,+0.000,+0.000,+0.000,1100,0,
1785505461.6223,2026-07-31T09:44:21.622,96.935,976,,,,0,,,,0.0070,-36.12,0.0070,-36.12,1,30.0,joystick,+0.000,+0.000,+0.000,+0.000,1100,0,
1785505461.7216,2026-07-31T09:44:21.721,97.035,977,,,,0,,,,0.0085,-36.01,0.0085,-36.01,1,30.0,joystick,+0.000,+0.000,+0.000,+0.000,1100,0,
1785505461.8236,2026-07-31T09:44:21.823,97.137,978,,,,0,,,,0.0056,-35.77,0.0056,-35.77,1,30.0,joystick,+0.000,+0.000,+0.000,+0.000,1100,0,
1785505461.9243,2026-07-31T09:44:21.924,97.237,979,,,,0,,,,0.0064,-35.49,0.0064,-35.49,1,30.0,joystick,+0.000,+0.000,+0.000,+0.000,1100,0,
1785505462.0228,2026-07-31T09:44:22.022,97.336,980,,,,0,,,,0.0020,-35.34,0.0020,-35.34,1,30.0,joystick,+0.000,+0.000,+0.000,+0.000,1100,0,
1785505462.1231,2026-07-31T09:44:22.123,97.436,981,,,,0,,,,0.0004,-35.03,0.0004,-35.03,1,30.0,joystick,+0.000,+0.000,+0.000,+0.000,1100,0,
1785505462.2236,2026-07-31T09:44:22.223,97.537,982,,,,0,,,,-0.0004,-34.86,-0.0004,-34.86,1,30.0,joystick,+0.000,+0.000,-0.400,+0.000,1100,0,
1785505462.3232,2026-07-31T09:44:22.323,97.636,983,,,,0,,,,-0.0038,-34.48,-0.0038,-34.48,1,30.0,joystick,+0.000,+0.000,+0.000,+0.000,1100,0,
1785505462.4218,2026-07-31T09:44:22.421,97.735,984,,,,0,,,,-0.0042,-34.29,-0.0042,-34.29,1,30.0,joystick,+0.000,+0.000,-0.400,+0.000,1100,0,
1785505462.5209,2026-07-31T09:44:22.520,97.834,985,,,,0,,,,-0.0071,-33.95,-0.0071,-33.95,1,30.0,joystick,+0.000,+0.000,-0.400,+0.000,1100,0,
1785505462.6216,2026-07-31T09:44:22.621,97.935,986,,,,0,,,,-0.0036,-33.64,-0.0036,-33.64,1,30.0,joystick,+0.000,+0.000,-0.400,+0.000,1100,0,
1785505462.7216,2026-07-31T09:44:22.721,98.035,987,,,,0,,,,-0.0070,-33.49,-0.0070,-33.49,1,30.0,joystick,+0.000,+0.000,-0.400,+0.000,1100,0,
1785505462.8211,2026-07-31T09:44:22.821,98.134,988,,,,0,,,,-0.0094,-33.12,-0.0094,-33.12,1,30.0,joystick,+0.000,+0.000,-0.400,+0.000,1100,0,
1785505462.9205,2026-07-31T09:44:22.920,98.234,989,,,,0,,,,-0.0108,-32.93,-0.0108,-32.93,1,30.0,joystick,+0.000,+0.000,-0.400,+0.000,1100,0,
1785505463.0204,2026-07-31T09:44:23.020,98.334,990,,,,0,,,,-0.0100,-32.53,-0.0100,-32.53,1,30.0,joystick,+0.000,+0.000,-0.400,+0.000,1100,0,
1785505463.1194,2026-07-31T09:44:23.119,98.432,991,,,,0,,,,-0.0113,-32.33,-0.0113,-32.33,1,30.0,joystick,+0.000,+0.000,-0.400,+0.000,1100,0,
1785505463.2177,2026-07-31T09:44:23.217,98.531,992,,,,0,,,,-0.0106,-31.96,-0.0106,-31.96,1,30.0,joystick,+0.000,+0.000,-0.400,+0.000,1100,0,
1785505463.3188,2026-07-31T09:44:23.318,98.632,993,,,,0,,,,0.0000,-31.63,-0.0054,-31.63,1,30.0,joystick,+0.000,+0.000,-0.400,+0.000,1100,0,
1785505463.4181,2026-07-31T09:44:23.418,98.731,994,,,,0,,,,0.0035,-31.46,-0.0019,-31.46,1,30.0,joystick,+0.000,+0.000,+0.000,+0.000,1100,0,
1785505463.5179,2026-07-31T09:44:23.517,98.831,995,,,,0,,,,0.0007,-31.16,-0.0047,-31.16,1,30.0,joystick,+0.000,+0.000,+0.000,+0.000,1100,0,
1785505463.6172,2026-07-31T09:44:23.617,98.930,996,,,,0,,,,0.0047,-30.84,-0.0007,-30.84,1,30.0,joystick,+0.000,+0.000,+0.000,+0.000,1100,0,
1785505463.7174,2026-07-31T09:44:23.717,99.031,997,,,,0,,,,0.0051,-30.68,-0.0003,-30.68,1,30.0,joystick,+0.000,+0.000,+0.000,+0.000,1100,0,
1785505463.8164,2026-07-31T09:44:23.816,99.129,998,,,,0,,,,0.0008,-30.37,-0.0046,-30.37,1,30.0,joystick,+0.000,+0.000,+0.000,+0.000,1100,0,
1785505463.9163,2026-07-31T09:44:23.916,99.229,999,,,,0,,,,0.0043,-30.22,-0.0011,-30.22,1,30.0,joystick,+0.000,+0.000,+0.000,+0.000,1100,0,
1785505464.0161,2026-07-31T09:44:24.016,99.329,1000,,,,0,,,,-0.0002,-29.90,-0.0056,-29.90,1,30.0,joystick,+0.000,+0.000,+0.000,+0.000,1100,0,
1785505464.1173,2026-07-31T09:44:24.117,99.430,1001,,,,0,,,,0.0023,-29.56,-0.0031,-29.56,1,30.0,joystick,+0.000,+0.000,+0.000,+0.000,1100,0,
1785505464.2158,2026-07-31T09:44:24.215,99.529,1002,,,,0,,,,0.0000,-29.37,-0.0039,-29.37,1,30.0,joystick,+0.000,+0.000,-0.400,+0.000,1100,0,
1785505464.3151,2026-07-31T09:44:24.315,99.628,1003,,,,0,,,,0.0025,-29.02,-0.0014,-29.02,1,30.0,joystick,+0.000,+0.000,-0.400,+0.000,1100,0,
1785505464.4145,2026-07-31T09:44:24.414,99.728,1004,,,,0,,,,-0.0019,-28.87,-0.0058,-28.87,1,30.0,joystick,+0.000,+0.000,-0.400,+0.000,1100,0,
1785505464.5152,2026-07-31T09:44:24.515,99.828,1005,,,,0,,,,-0.0060,-28.58,-0.0098,-28.58,1,30.0,joystick,+0.000,+0.000,-0.400,+0.000,1100,0,
1785505464.6162,2026-07-31T09:44:24.616,99.929,1006,,,,0,,,,-0.0070,-28.31,-0.0108,-28.31,1,30.0,joystick,+0.000,+0.000,-0.400,+0.000,1100,0,
1785505464.7164,2026-07-31T09:44:24.716,100.029,1007,,,,0,,,,-0.0045,-28.16,-0.0083,-28.16,1,30.0,joystick,+0.000,+0.000,-0.400,+0.000,1100,0,
1785505464.8146,2026-07-31T09:44:24.814,100.128,1008,,,,0,,,,-0.0053,-27.83,-0.0091,-27.83,1,30.0,joystick,+0.000,+0.000,-0.400,+0.000,1100,0,
1785505464.9154,2026-07-31T09:44:24.915,100.229,1009,,,,0,,,,-0.0090,-27.66,-0.0129,-27.66,1,30.0,joystick,+0.000,+0.000,-0.400,+0.000,1100,0,
1785505465.0161,2026-07-31T09:44:25.016,100.329,1010,,,,0,,,,-0.0035,-27.36,-0.0074,-27.36,1,30.0,joystick,+0.000,+0.000,-0.400,+0.000,1100,0,
1785505465.1155,2026-07-31T09:44:25.115,100.429,1011,,,,0,,,,0.0001,-27.11,-0.0037,-27.11,1,30.0,joystick,+0.000,+0.000,-0.400,+0.000,1100,0,
1785505465.2159,2026-07-31T09:44:25.215,100.529,1012,,,,0,,,,-0.0022,-27.01,-0.0061,-27.01,1,30.0,joystick,+0.000,+0.000,-0.400,+0.000,1100,0,
1785505465.3150,2026-07-31T09:44:25.315,100.628,1013,,,,0,,,,0.0023,-26.88,-0.0015,-26.88,1,30.0,joystick,+0.000,+0.000,+0.000,+0.000,1100,0,
1785505465.4138,2026-07-31T09:44:25.413,100.727,1014,,,,0,,,,-0.0003,-26.81,-0.0041,-26.81,1,30.0,joystick,+0.000,+0.000,-0.400,+0.000,1100,0,
1785505465.5133,2026-07-31T09:44:25.513,100.826,1015,,,,0,,,,0.0081,-26.64,0.0042,-26.64,1,30.0,joystick,+0.000,+0.000,+0.000,+0.000,1100,0,
1785505465.6117,2026-07-31T09:44:25.611,100.925,1016,,,,0,,,,0.0032,-26.48,-0.0006,-26.48,1,30.0,joystick,+0.000,+0.000,+0.000,+0.000,1100,0,
1785505465.7121,2026-07-31T09:44:25.712,101.025,1017,,,,0,,,,0.0014,-26.41,-0.0025,-26.41,1,30.0,joystick,+0.000,+0.000,+0.000,+0.000,1100,0,
1785505465.8112,2026-07-31T09:44:25.811,101.124,1018,,,,0,,,,0.0004,-26.25,-0.0035,-26.25,1,30.0,joystick,+0.000,+0.000,+0.000,+0.000,1100,0,
1785505465.9097,2026-07-31T09:44:25.909,101.223,1019,,,,0,,,,-0.0024,-26.18,-0.0062,-26.18,1,30.0,joystick,+0.000,+0.000,-0.400,+0.000,1100,0,
1785505466.0085,2026-07-31T09:44:26.008,101.322,1020,,,,0,,,,0.0021,-26.06,-0.0017,-26.06,1,30.0,joystick,+0.000,+0.000,-0.400,+0.000,1100,0,
1785505466.1090,2026-07-31T09:44:26.109,101.422,1021,,,,0,,,,0.0017,-25.99,-0.0021,-25.99,1,30.0,joystick,+0.000,+0.000,-0.400,+0.000,1100,0,
1785505466.2076,2026-07-31T09:44:26.207,101.521,1022,,,,0,,,,-0.0002,-25.97,-0.0041,-25.97,1,30.0,joystick,+0.000,+0.000,+0.000,+0.000,1100,0,
1785505466.3059,2026-07-31T09:44:26.305,101.619,1023,,,,0,,,,-0.0041,-25.90,-0.0080,-25.90,1,30.0,joystick,+0.000,+0.000,-0.400,+0.000,1100,0,
1785505466.4049,2026-07-31T09:44:26.404,101.718,1024,,,,0,,,,-0.0034,-25.86,-0.0072,-25.86,1,30.0,joystick,+0.000,+0.000,-0.400,+0.000,1100,0,
1785505466.5035,2026-07-31T09:44:26.503,101.817,1025,,,,0,,,,-0.0006,-25.74,-0.0044,-25.74,1,30.0,joystick,+0.000,+0.000,+0.000,+0.000,1100,0,
1785505466.6040,2026-07-31T09:44:26.603,101.917,1026,,,,0,,,,-0.0022,-25.67,-0.0061,-25.67,1,30.0,joystick,+0.000,+0.000,-0.400,+0.000,1100,0,
1785505466.7026,2026-07-31T09:44:26.702,102.016,1027,,,,0,,,,-0.0029,-25.66,-0.0068,-25.66,1,30.0,joystick,+0.000,+0.000,-0.400,+0.000,1100,0,
1785505466.8024,2026-07-31T09:44:26.802,102.116,1028,,,,0,,,,-0.0051,-25.71,-0.0089,-25.71,1,30.0,joystick,+0.000,+0.000,-0.400,+0.000,1100,0,
1785505466.9023,2026-07-31T09:44:26.902,102.215,1029,,,,0,,,,-0.0040,-25.76,-0.0078,-25.76,1,30.0,joystick,+0.000,+0.000,-0.400,+0.000,1100,0,
1785505467.0017,2026-07-31T09:44:27.001,102.315,1030,,,,0,,,,-0.0043,-25.88,-0.0081,-25.88,1,30.0,joystick,+0.000,+0.000,-0.400,+0.000,1100,0,
1785505467.1022,2026-07-31T09:44:27.102,102.415,1031,,,,0,,,,-0.0041,-25.92,-0.0080,-25.92,1,30.0,joystick,+0.000,+0.000,-0.400,+0.000,1100,0,
1785505467.2014,2026-07-31T09:44:27.201,102.514,1032,,,,0,,,,-0.0064,-25.96,-0.0102,-25.96,1,30.0,joystick,+0.000,+0.000,-0.400,+0.000,1100,0,
1785505467.3027,2026-07-31T09:44:27.302,102.616,1033,,,,0,,,,-0.0017,-26.05,-0.0055,-26.05,1,30.0,joystick,+0.000,+0.000,-0.400,+0.000,1100,0,
1785505467.4022,2026-07-31T09:44:27.402,102.715,1034,,,,0,,,,-0.0041,-26.12,-0.0079,-26.12,1,30.0,joystick,+0.000,+0.000,-0.400,+0.000,1100,0,
1785505467.5013,2026-07-31T09:44:27.501,102.814,1035,,,,0,,,,-0.0039,-26.26,-0.0077,-26.26,1,30.0,joystick,+0.000,+0.000,-0.400,+0.000,1100,0,
1785505467.6009,2026-07-31T09:44:27.600,102.914,1036,,,,0,,,,-0.0020,-26.34,-0.0059,-26.34,1,30.0,joystick,+0.000,+0.000,-0.400,+0.000,1100,0,
1785505467.7010,2026-07-31T09:44:27.700,103.014,1037,,,,0,,,,0.0009,-26.50,-0.0030,-26.50,1,30.0,joystick,+0.000,+0.000,+0.000,+0.000,1100,0,
1785505467.8008,2026-07-31T09:44:27.800,103.114,1038,,,,0,,,,-0.0005,-26.62,-0.0044,-26.62,1,30.0,joystick,+0.000,+0.000,+0.000,+0.000,1100,0,
1785505467.8999,2026-07-31T09:44:27.899,103.213,1039,,,,0,,,,0.0054,-26.66,0.0015,-26.66,1,30.0,joystick,+0.000,+0.000,+0.000,+0.000,1100,0,
1785505467.9993,2026-07-31T09:44:27.999,103.312,1040,,,,0,,,,0.0035,-26.78,-0.0003,-26.78,1,30.0,joystick,+0.000,+0.000,+0.000,+0.000,1100,0,
1785505468.1000,2026-07-31T09:44:28.100,103.413,1041,,,,0,,,,-0.0002,-26.86,-0.0041,-26.86,1,30.0,joystick,+0.000,+0.000,-0.400,+0.000,1100,0,
1785505468.1986,2026-07-31T09:44:28.198,103.512,1042,,,,0,,,,-0.0041,-27.02,-0.0079,-27.02,1,30.0,joystick,+0.000,+0.000,-0.400,+0.000,1100,0,
1785505468.2991,2026-07-31T09:44:28.299,103.612,1043,,,,0,,,,-0.0003,-27.22,-0.0042,-27.22,1,30.0,joystick,+0.000,+0.000,-0.400,+0.000,1100,0,
1785505468.3975,2026-07-31T09:44:28.397,103.711,1044,,,,0,,,,-0.0029,-27.32,-0.0068,-27.32,1,30.0,joystick,+0.000,+0.000,-0.400,+0.000,1100,0,
1785505468.4978,2026-07-31T09:44:28.497,103.811,1045,,,,0,,,,-0.0019,-27.52,-0.0058,-27.52,1,30.0,joystick,+0.000,+0.000,-0.400,+0.000,1100,0,
1785505468.5993,2026-07-31T09:44:28.599,103.912,1046,,,,0,,,,-0.0035,-27.62,-0.0074,-27.62,1,30.0,joystick,+0.000,+0.000,-0.400,+0.000,1100,0,
1785505468.7002,2026-07-31T09:44:28.700,104.013,1047,,,,0,,,,0.0019,-27.84,-0.0020,-27.84,1,30.0,joystick,+0.000,+0.000,-0.400,+0.000,1100,0,
1785505468.7986,2026-07-31T09:44:28.798,104.112,1048,,,,0,,,,-0.0049,-28.07,-0.0088,-28.07,1,30.0,joystick,+0.000,+0.000,+0.000,+0.000,1100,0,
1785505468.8994,2026-07-31T09:44:28.899,104.212,1049,,,,0,,,,0.0012,-28.20,-0.0027,-28.20,1,30.0,joystick,+0.000,+0.000,+0.000,+0.000,1100,0,
1785505468.9989,2026-07-31T09:44:28.998,104.312,1050,,,,0,,,,0.0026,-28.49,-0.0013,-28.49,1,30.0,joystick,+0.000,+0.000,+0.000,+0.000,1100,0,
1785505469.0980,2026-07-31T09:44:29.097,104.411,1051,,,,0,,,,-0.0017,-28.63,-0.0056,-28.63,1,30.0,joystick,+0.000,+0.000,-0.400,+0.000,1100,0,
1785505469.1969,2026-07-31T09:44:29.196,104.510,1052,,,,0,,,,-0.0020,-28.88,-0.0059,-28.88,1,30.0,joystick,+0.000,+0.000,-0.400,+0.000,1100,0,
1785505469.2961,2026-07-31T09:44:29.296,104.609,1053,,,,0,,,,-0.0039,-29.00,-0.0077,-29.00,1,30.0,joystick,+0.000,+0.000,-0.400,+0.000,1100,0,
1785505469.3955,2026-07-31T09:44:29.395,104.709,1054,,,,0,,,,-0.0085,-29.24,-0.0123,-29.24,1,30.0,joystick,+0.000,+0.000,-0.400,+0.000,1100,0,
1785505469.4944,2026-07-31T09:44:29.494,104.808,1055,,,,0,,,,-0.0083,-29.48,-0.0122,-29.48,1,30.0,joystick,+0.000,+0.000,-0.400,+0.000,1100,0,
1785505469.5952,2026-07-31T09:44:29.595,104.908,1056,,,,0,,,,-0.0101,-29.59,-0.0140,-29.59,1,30.0,joystick,+0.000,+0.000,-0.400,+0.000,1100,0,
1785505469.6937,2026-07-31T09:44:29.693,105.007,1057,,,,0,,,,-0.0115,-29.83,-0.0153,-29.83,1,30.0,joystick,+0.000,+0.000,-0.400,+0.000,1100,0,
1785505469.7941,2026-07-31T09:44:29.794,105.107,1058,,,,0,,,,-0.0068,-29.95,-0.0106,-29.95,1,30.0,joystick,+0.000,+0.000,-0.400,+0.000,1100,0,
1785505469.8926,2026-07-31T09:44:29.892,105.206,1059,,,,0,,,,-0.0087,-30.16,-0.0126,-30.16,1,30.0,joystick,+0.000,+0.000,-0.400,+0.000,1100,0,
1785505469.9917,2026-07-31T09:44:29.991,105.305,1060,,,,0,,,,-0.0028,-30.37,-0.0067,-30.37,1,30.0,joystick,+0.000,+0.000,-0.400,+0.000,1100,0,
1785505470.0911,2026-07-31T09:44:30.091,105.404,1061,,,,0,,,,-0.0095,-30.48,-0.0134,-30.48,1,30.0,joystick,+0.000,+0.000,-0.400,+0.000,1100,0,
1785505470.1896,2026-07-31T09:44:30.189,105.503,1062,,,,0,,,,-0.0043,-30.73,-0.0081,-30.73,1,30.0,joystick,+0.000,+0.000,-0.400,+0.000,1100,0,
1785505470.2892,2026-07-31T09:44:30.289,105.602,1063,,,,0,,,,-0.0040,-30.85,-0.0079,-30.85,1,30.0,joystick,+0.000,+0.000,-0.400,+0.000,1100,0,
1785505470.3885,2026-07-31T09:44:30.388,105.702,1064,,,,0,,,,-0.0011,-31.11,-0.0049,-31.11,1,30.0,joystick,+0.000,+0.000,+0.000,+0.000,1100,0,
1785505470.4878,2026-07-31T09:44:30.487,105.801,1065,,,,0,,,,-0.0021,-31.36,-0.0060,-31.36,1,30.0,joystick,+0.000,+0.000,+0.000,+0.000,1100,0,
1785505470.5864,2026-07-31T09:44:30.586,105.900,1066,,,,0,,,,0.0034,-31.49,-0.0005,-31.49,1,30.0,joystick,+0.000,+0.000,+0.000,+0.000,1100,0,
1785505470.6855,2026-07-31T09:44:30.685,105.999,1067,,,,0,,,,0.0007,-31.75,-0.0031,-31.75,1,30.0,joystick,+0.000,+0.000,+0.000,+0.000,1100,0,
1785505470.7860,2026-07-31T09:44:30.786,106.099,1068,,,,0,,,,0.0015,-31.87,-0.0024,-31.87,1,30.0,joystick,+0.000,+0.000,+0.000,+0.000,1100,0,
1785505470.8850,2026-07-31T09:44:30.884,106.198,1069,,,,0,,,,-0.0012,-32.13,-0.0051,-32.13,1,30.0,joystick,+0.000,+0.000,+0.000,+0.000,1100,0,
1785505470.9833,2026-07-31T09:44:30.983,106.296,1070,,,,0,,,,-0.0044,-32.35,-0.0082,-32.35,1,30.0,joystick,+0.000,+0.000,+0.000,+0.000,1100,0,
1785505471.0828,2026-07-31T09:44:31.082,106.396,1071,,,,0,,,,-0.0040,-32.43,-0.0079,-32.43,1,30.0,joystick,+0.000,+0.000,+0.000,+0.000,1100,0,
1785505471.1818,2026-07-31T09:44:31.181,106.495,1072,,,,0,,,,-0.0028,-32.59,-0.0067,-32.59,1,30.0,joystick,+0.000,+0.000,+0.000,+0.000,1100,0,
1785505471.2807,2026-07-31T09:44:31.280,106.594,1073,,,,0,,,,-0.0048,-32.67,-0.0087,-32.67,1,30.0,joystick,+0.000,+0.000,+0.000,+0.000,1100,0,
1785505471.3811,2026-07-31T09:44:31.381,106.694,1074,,,,0,,,,-0.0093,-32.81,-0.0132,-32.81,1,30.0,joystick,+0.000,+0.000,+0.000,+0.000,1100,0,
1785505471.4807,2026-07-31T09:44:31.480,106.794,1075,,,,0,,,,-0.0135,-32.93,-0.0174,-32.93,1,30.0,joystick,+0.000,+0.000,+0.000,+0.000,1100,0,
1785505471.5795,2026-07-31T09:44:31.579,106.893,1076,,,,0,,,,-0.0162,-32.98,-0.0200,-32.98,1,30.0,joystick,+0.000,+0.000,+0.000,+0.000,1100,0,
1785505471.6793,2026-07-31T09:44:31.679,106.992,1077,,,,0,,,,-0.0152,-33.05,-0.0191,-33.05,1,30.0,joystick,+0.000,+0.000,+0.000,+0.000,1100,0,
1785505471.7780,2026-07-31T09:44:31.777,107.091,1078,,,,0,,,,-0.0159,-33.09,-0.0198,-33.09,1,30.0,joystick,+0.000,+0.000,+0.000,+0.000,1100,0,
1785505471.8763,2026-07-31T09:44:31.876,107.189,1079,,,,0,,,,-0.0192,-33.15,-0.0230,-33.15,1,30.0,joystick,+0.000,+0.000,+0.000,+0.000,1100,0,
1785505471.9756,2026-07-31T09:44:31.975,107.289,1080,,,,0,,,,-0.0199,-33.22,-0.0238,-33.22,1,30.0,joystick,+0.000,+0.000,+0.000,+0.000,1100,0,
1785505472.0748,2026-07-31T09:44:32.074,107.388,1081,,,,0,,,,-0.0228,-33.27,-0.0267,-33.27,1,30.0,joystick,+0.000,+0.000,+0.000,+0.000,1100,0,
1785505472.1748,2026-07-31T09:44:32.174,107.488,1082,,,,0,,,,-0.0264,-33.37,-0.0303,-33.37,1,30.0,joystick,+0.000,+0.000,+0.000,+0.000,1100,0,
1785505472.2725,2026-07-31T09:44:32.272,107.586,1083,,,,0,,,,-0.0241,-33.42,-0.0280,-33.42,1,30.0,joystick,+0.000,+0.000,+0.000,+0.000,1100,0,
1785505472.3715,2026-07-31T09:44:32.371,107.685,1084,,,,0,,,,-0.0235,-33.54,-0.0274,-33.54,1,30.0,joystick,+0.000,+0.000,+0.000,+0.000,1100,0,
1785505472.4706,2026-07-31T09:44:32.470,107.784,1085,,,,0,,,,-0.0234,-33.70,-0.0272,-33.70,1,30.0,joystick,+0.000,+0.000,+0.000,+0.000,1100,0,
1785505472.5711,2026-07-31T09:44:32.571,107.884,1086,,,,0,,,,-0.0183,-33.78,-0.0222,-33.78,1,30.0,joystick,+0.000,+0.000,+0.000,+0.000,1100,0,
1785505472.6702,2026-07-31T09:44:32.670,107.983,1087,,,,0,,,,-0.0228,-33.95,-0.0267,-33.95,1,30.0,joystick,+0.000,+0.000,+0.000,+0.000,1100,0,
1785505472.7713,2026-07-31T09:44:32.771,108.084,1088,,,,0,,,,-0.0225,-34.02,-0.0264,-34.02,1,30.0,joystick,+0.000,+0.000,+0.000,+0.000,1100,0,
1785505472.8702,2026-07-31T09:44:32.870,108.183,1089,,,,0,,,,-0.0212,-34.19,-0.0251,-34.19,1,30.0,joystick,+0.000,+0.000,+0.000,+0.000,1100,0,
1785505472.9708,2026-07-31T09:44:32.970,108.284,1090,,,,0,,,,-0.0233,-34.39,-0.0272,-34.39,1,30.0,joystick,+0.000,+0.000,+0.000,+0.000,1100,0,
1785505473.0700,2026-07-31T09:44:33.070,108.383,1091,,,,0,,,,-0.0199,-34.49,-0.0238,-34.49,1,30.0,joystick,+0.000,+0.000,+0.000,+0.000,1100,0,
1785505473.1685,2026-07-31T09:44:33.168,108.482,1092,,,,0,,,,-0.0175,-34.68,-0.0214,-34.68,1,30.0,joystick,+0.000,+0.000,+0.000,+0.000,1100,0,
1785505473.2682,2026-07-31T09:44:33.268,108.581,1093,,,,0,,,,-0.0189,-34.76,-0.0228,-34.76,1,30.0,joystick,+0.000,+0.000,+0.000,+0.000,1100,0,
1785505473.3680,2026-07-31T09:44:33.368,108.681,1094,,,,0,,,,-0.0176,-34.91,-0.0215,-34.91,1,30.0,joystick,+0.000,+0.000,+0.000,+0.000,1100,0,
1785505473.4673,2026-07-31T09:44:33.467,108.780,1095,,,,0,,,,-0.0138,-34.99,-0.0177,-34.99,1,30.0,joystick,+0.000,+0.000,+0.000,+0.000,1100,0,
1785505473.5684,2026-07-31T09:44:33.568,108.881,1096,,,,0,,,,-0.0106,-35.15,-0.0144,-35.15,1,30.0,joystick,+0.000,+0.000,+0.000,+0.000,1100,0,
1785505473.6680,2026-07-31T09:44:33.668,108.981,1097,,,,0,,,,-0.0117,-35.30,-0.0156,-35.30,1,30.0,joystick,+0.000,+0.000,+0.000,+0.000,1100,0,
1785505473.7674,2026-07-31T09:44:33.767,109.081,1098,,,,0,,,,-0.0085,-35.37,-0.0124,-35.37,1,30.0,joystick,+0.000,+0.000,+0.000,+0.000,1100,0,
1785505473.8667,2026-07-31T09:44:33.866,109.180,1099,,,,0,,,,-0.0160,-35.51,-0.0198,-35.51,1,30.0,joystick,+0.000,+0.000,+0.000,+0.000,1100,0,
1785505473.9656,2026-07-31T09:44:33.965,109.279,1100,,,,0,,,,-0.0125,-35.59,-0.0163,-35.59,1,30.0,joystick,+0.000,+0.000,+0.000,+0.000,1100,0,
1785505474.0658,2026-07-31T09:44:34.065,109.379,1101,,,,0,,,,-0.0115,-35.75,-0.0154,-35.75,1,30.0,joystick,+0.000,+0.000,+0.000,+0.000,1100,0,
1785505474.1655,2026-07-31T09:44:34.165,109.479,1102,,,,0,,,,-0.0092,-35.89,-0.0131,-35.89,1,30.0,joystick,+0.000,+0.000,+0.000,+0.000,1100,0,
1785505474.2641,2026-07-31T09:44:34.264,109.577,1103,,,,0,,,,-0.0098,-35.96,-0.0137,-35.96,1,30.0,idle,+0.000,+0.000,+0.000,+0.000,1100,0,
1785505474.3635,2026-07-31T09:44:34.363,109.677,1104,,,,0,,,,-0.0095,-36.08,-0.0134,-36.08,1,30.0,idle,+0.000,+0.000,+0.000,+0.000,1100,0,
1785505474.4633,2026-07-31T09:44:34.463,109.776,1105,,,,0,,,,-0.0071,-36.13,-0.0110,-36.13,1,30.0,joystick,+0.000,+0.000,+0.000,+0.000,1100,0,
1785505474.5630,2026-07-31T09:44:34.563,109.876,1106,,,,0,,,,-0.0085,-36.26,-0.0123,-36.26,1,30.0,joystick,+0.000,+0.000,+0.000,+0.000,1100,0,
1785505474.6631,2026-07-31T09:44:34.663,109.976,1107,,,,0,,,,-0.0094,-36.35,-0.0132,-36.35,1,30.0,joystick,+0.000,+0.000,+0.000,+0.000,1100,0,
1785505474.7628,2026-07-31T09:44:34.762,110.076,1108,,,,0,,,,-0.0098,-36.40,-0.0136,-36.40,1,30.0,joystick,+0.000,+0.000,+0.000,+0.000,1100,0,
1785505474.8619,2026-07-31T09:44:34.861,110.175,1109,,,,0,,,,-0.0089,-36.49,-0.0128,-36.49,1,30.0,joystick,+0.000,+0.000,+0.000,+0.000,1100,0,
1785505474.9604,2026-07-31T09:44:34.960,110.274,1110,,,,0,,,,-0.0110,-36.53,-0.0149,-36.53,1,30.0,joystick,+0.000,+0.000,+0.000,+0.000,1100,0,
1785505475.0595,2026-07-31T09:44:35.059,110.373,1111,,,,0,,,,-0.0117,-36.62,-0.0155,-36.62,1,30.0,joystick,+0.000,+0.000,+0.000,+0.000,1100,0,
1785505475.1584,2026-07-31T09:44:35.158,110.472,1112,,,,0,,,,-0.0128,-36.69,-0.0167,-36.69,1,30.0,joystick,+0.000,+0.000,+0.000,+0.000,1100,0,
1785505475.2580,2026-07-31T09:44:35.257,110.571,1113,,,,0,,,,-0.0125,-36.73,-0.0164,-36.73,1,30.0,joystick,+0.000,+0.000,+0.000,+0.000,1100,0,
1785505475.3561,2026-07-31T09:44:35.356,110.669,1114,,,,0,,,,-0.0135,-36.79,-0.0174,-36.79,1,30.0,joystick,+0.000,+0.000,+0.000,+0.000,1100,0,
1785505475.4553,2026-07-31T09:44:35.455,110.768,1115,,,,0,,,,-0.0141,-36.82,-0.0180,-36.82,1,30.0,joystick,+0.000,+0.000,+0.000,+0.000,1100,0,
1785505475.5553,2026-07-31T09:44:35.555,110.868,1116,,,,0,,,,-0.0164,-36.90,-0.0203,-36.90,1,30.0,joystick,+0.000,+0.000,+0.000,+0.000,1100,0,
1785505475.6547,2026-07-31T09:44:35.654,110.968,1117,,,,0,,,,-0.0151,-36.98,-0.0190,-36.98,1,30.0,joystick,+0.000,+0.000,+0.000,+0.000,1100,0,
1785505475.7539,2026-07-31T09:44:35.753,111.067,1118,,,,0,,,,-0.0107,-37.00,-0.0146,-37.00,1,30.0,joystick,+0.000,+0.000,+0.000,+0.000,1100,0,
1785505475.8522,2026-07-31T09:44:35.852,111.165,1119,,,,0,,,,-0.0141,-37.05,-0.0179,-37.05,1,30.0,joystick,+0.000,+0.000,+0.000,+0.000,1100,0,
1785505475.9514,2026-07-31T09:44:35.951,111.265,1120,,,,0,,,,-0.0136,-37.06,-0.0175,-37.06,1,30.0,joystick,+0.000,+0.000,+0.000,+0.000,1100,0,
1785505476.0509,2026-07-31T09:44:36.050,111.364,1121,,,,0,,,,-0.0147,-37.07,-0.0186,-37.07,1,30.0,joystick,+0.000,+0.000,+0.000,+0.000,1100,0,
1785505476.1496,2026-07-31T09:44:36.149,111.463,1122,,,,0,,,,-0.0168,-37.06,-0.0207,-37.06,1,30.0,joystick,+0.000,+0.000,+0.000,+0.000,1100,0,
1785505476.2490,2026-07-31T09:44:36.249,111.562,1123,,,,0,,,,-0.0147,-37.05,-0.0185,-37.05,1,30.0,joystick,+0.000,+0.000,+0.000,+0.000,1100,0,
1785505476.3482,2026-07-31T09:44:36.348,111.661,1124,,,,0,,,,-0.0149,-37.03,-0.0188,-37.03,1,30.0,joystick,+0.000,+0.000,+0.000,+0.000,1100,0,
1785505476.4487,2026-07-31T09:44:36.448,111.762,1125,,,,0,,,,-0.0171,-37.03,-0.0210,-37.03,1,30.0,joystick,+0.000,+0.000,+0.000,+0.000,1100,0,
1785505476.5477,2026-07-31T09:44:36.547,111.861,1126,,,,0,,,,-0.0212,-37.03,-0.0251,-37.03,1,30.0,joystick,+0.000,+0.000,+0.000,+0.000,1100,0,
1785505476.6464,2026-07-31T09:44:36.646,111.959,1127,,,,0,,,,-0.0152,-37.01,-0.0191,-37.01,1,30.0,joystick,+0.000,+0.000,+0.000,+0.000,1100,0,
1785505476.7456,2026-07-31T09:44:36.745,112.059,1128,,,,0,,,,-0.0185,-36.95,-0.0224,-36.95,1,30.0,joystick,+0.000,+0.000,+0.000,+0.000,1100,0,
1785505476.8441,2026-07-31T09:44:36.844,112.157,1129,,,,0,,,,-0.0173,-36.92,-0.0212,-36.92,1,30.0,joystick,+0.000,+0.000,+0.000,+0.000,1100,0,
1785505476.9438,2026-07-31T09:44:36.943,112.257,1130,,,,0,,,,-0.0169,-36.84,-0.0207,-36.84,1,30.0,joystick,+0.000,+0.000,+0.000,+0.000,1100,0,
1785505477.0438,2026-07-31T09:44:37.043,112.357,1131,,,,0,,,,-0.0157,-36.77,-0.0196,-36.77,1,30.0,joystick,+0.000,+0.000,+0.000,+0.000,1100,0,
1785505477.1435,2026-07-31T09:44:37.143,112.457,1132,,,,0,,,,-0.0146,-36.75,-0.0185,-36.75,1,30.0,joystick,+0.000,+0.000,+0.000,+0.000,1100,0,
1785505477.2417,2026-07-31T09:44:37.241,112.555,1133,,,,0,,,,-0.0133,-36.69,-0.0171,-36.69,1,30.0,joystick,+0.000,+0.000,+0.000,+0.000,1100,0,
1785505477.3409,2026-07-31T09:44:37.340,112.654,1134,,,,0,,,,-0.0152,-36.65,-0.0191,-36.65,1,30.0,joystick,+0.000,+0.000,+0.000,+0.000,1100,0,
1785505477.4391,2026-07-31T09:44:37.439,112.752,1135,,,,0,,,,-0.0137,-36.53,-0.0176,-36.53,1,30.0,joystick,+0.000,+0.000,+0.000,+0.000,1100,0,
1785505477.5408,2026-07-31T09:44:37.540,112.854,1136,,,,0,,,,-0.0130,-36.40,-0.0169,-36.40,1,30.0,joystick,+0.000,+0.000,+0.000,+0.000,1100,0,
1785505477.6391,2026-07-31T09:44:37.639,112.952,1137,,,,0,,,,-0.0140,-36.33,-0.0179,-36.33,1,30.0,joystick,+0.000,+0.000,+0.000,+0.000,1100,0,
1785505477.7383,2026-07-31T09:44:37.738,113.051,1138,,,,0,,,,-0.0148,-36.17,-0.0187,-36.17,1,30.0,joystick,+0.000,+0.000,+0.000,+0.000,1100,0,
1785505477.8375,2026-07-31T09:44:37.837,113.151,1139,,,,0,,,,-0.0137,-36.10,-0.0176,-36.10,1,30.0,joystick,+0.000,+0.000,+0.000,+0.000,1100,0,
1785505477.9364,2026-07-31T09:44:37.936,113.250,1140,,,,0,,,,-0.0185,-35.96,-0.0224,-35.96,1,30.0,joystick,+0.000,+0.000,+0.000,+0.000,1100,0,
1785505478.0354,2026-07-31T09:44:38.035,113.349,1141,,,,0,,,,-0.0136,-35.81,-0.0174,-35.81,1,30.0,joystick,+0.000,+0.000,+0.000,+0.000,1100,0,
1785505478.1347,2026-07-31T09:44:38.134,113.448,1142,,,,0,,,,-0.0155,-35.73,-0.0194,-35.73,1,30.0,joystick,+0.000,+0.000,+0.000,+0.000,1100,0,
1785505478.2331,2026-07-31T09:44:38.233,113.546,1143,,,,0,,,,-0.0148,-35.56,-0.0186,-35.56,1,30.0,joystick,+0.000,+0.000,+0.000,+0.000,1100,0,
1785505478.3324,2026-07-31T09:44:38.332,113.646,1144,,,,0,,,,-0.0181,-35.47,-0.0220,-35.47,1,30.0,joystick,+0.000,+0.000,+0.000,+0.000,1100,0,
1785505478.4312,2026-07-31T09:44:38.431,113.744,1145,,,,0,,,,-0.0119,-35.29,-0.0158,-35.29,1,30.0,joystick,+0.000,+0.000,+0.000,+0.000,1100,0,
1785505478.5308,2026-07-31T09:44:38.530,113.844,1146,,,,0,,,,-0.0139,-35.09,-0.0178,-35.09,1,30.0,joystick,+0.000,+0.000,+0.000,+0.000,1100,0,
1785505478.6295,2026-07-31T09:44:38.629,113.943,1147,,,,0,,,,-0.0178,-35.00,-0.0216,-35.00,1,30.0,joystick,+0.000,+0.000,+0.000,+0.000,1100,0,
1785505478.7288,2026-07-31T09:44:38.728,114.042,1148,,,,0,,,,-0.0130,-34.82,-0.0169,-34.82,1,30.0,joystick,+0.000,+0.000,+0.000,+0.000,1100,0,
1785505478.8271,2026-07-31T09:44:38.827,114.140,1149,,,,0,,,,-0.0170,-34.72,-0.0208,-34.72,1,30.0,joystick,+0.000,+0.000,+0.000,+0.000,1100,0,
1785505478.9260,2026-07-31T09:44:38.925,114.239,1150,,,,0,,,,-0.0119,-34.51,-0.0157,-34.51,1,30.0,joystick,+0.000,+0.000,+0.000,+0.000,1100,0,
1785505479.0249,2026-07-31T09:44:39.024,114.338,1151,,,,0,,,,-0.0129,-34.28,-0.0168,-34.28,1,30.0,joystick,+0.000,+0.000,+0.000,+0.000,1100,0,
1785505479.1243,2026-07-31T09:44:39.124,114.437,1152,,,,0,,,,-0.0153,-34.17,-0.0192,-34.17,1,30.0,joystick,+0.000,+0.000,+0.000,+0.000,1100,0,
1785505479.2234,2026-07-31T09:44:39.223,114.537,1153,,,,0,,,,-0.0161,-33.96,-0.0200,-33.96,1,30.0,joystick,+0.000,+0.000,+0.000,+0.000,1100,0,
1785505479.3227,2026-07-31T09:44:39.322,114.636,1154,,,,0,,,,-0.0162,-33.85,-0.0200,-33.85,1,30.0,joystick,+0.000,+0.000,+0.000,+0.000,1100,0,
1785505479.4215,2026-07-31T09:44:39.421,114.735,1155,,,,0,,,,-0.0169,-33.62,-0.0208,-33.62,1,30.0,joystick,+0.000,+0.000,+0.000,+0.000,1100,0,
1785505479.5202,2026-07-31T09:44:39.520,114.833,1156,,,,0,,,,-0.0183,-33.51,-0.0221,-33.51,1,30.0,joystick,+0.000,+0.000,+0.000,+0.000,1100,0,
1785505479.6197,2026-07-31T09:44:39.619,114.933,1157,,,,0,,,,-0.0171,-33.29,-0.0210,-33.29,1,30.0,joystick,+0.000,+0.000,+0.000,+0.000,1100,0,
1785505479.7183,2026-07-31T09:44:39.718,115.031,1158,,,,0,,,,-0.0142,-33.08,-0.0181,-33.08,1,30.0,joystick,+0.000,+0.000,+0.000,+0.000,1100,0,
1785505479.8176,2026-07-31T09:44:39.817,115.131,1159,,,,0,,,,-0.0175,-32.98,-0.0213,-32.98,1,30.0,joystick,+0.000,+0.000,+0.000,+0.000,1100,0,
1785505479.9166,2026-07-31T09:44:39.916,115.230,1160,,,,0,,,,-0.0160,-32.78,-0.0199,-32.78,1,30.0,joystick,+0.000,+0.000,+0.000,+0.000,1100,0,
1785505480.0151,2026-07-31T09:44:40.015,115.328,1161,,,,0,,,,-0.0163,-32.67,-0.0202,-32.67,1,30.0,joystick,+0.000,+0.000,+0.000,+0.000,1100,0,
1785505480.1147,2026-07-31T09:44:40.114,115.428,1162,,,,0,,,,-0.0182,-32.47,-0.0221,-32.47,1,30.0,joystick,+0.000,+0.000,+0.000,+0.000,1100,0,
1785505480.2130,2026-07-31T09:44:40.213,115.526,1163,,,,0,,,,-0.0208,-32.37,-0.0247,-32.37,1,30.0,joystick,+0.000,+0.000,+0.000,+0.000,1100,0,
1785505480.3132,2026-07-31T09:44:40.313,115.626,1164,,,,0,,,,-0.0179,-32.16,-0.0218,-32.16,1,30.0,joystick,+0.000,+0.000,+0.000,+0.000,1100,0,
1785505480.4135,2026-07-31T09:44:40.413,115.727,1165,,,,0,,,,-0.0162,-31.94,-0.0200,-31.94,1,30.0,joystick,+0.000,+0.000,+0.000,+0.000,1100,0,
1785505480.5134,2026-07-31T09:44:40.513,115.827,1166,,,,0,,,,-0.0179,-31.84,-0.0218,-31.84,1,30.0,joystick,+0.000,+0.000,+0.000,+0.000,1100,0,
1785505480.6127,2026-07-31T09:44:40.612,115.926,1167,,,,0,,,,-0.0201,-31.64,-0.0240,-31.64,1,30.0,joystick,+0.000,+0.000,+0.000,+0.000,1100,0,
1785505480.7113,2026-07-31T09:44:40.711,116.024,1168,,,,0,,,,-0.0135,-31.56,-0.0174,-31.56,1,30.0,joystick,+0.000,+0.000,+0.000,+0.000,1100,0,
1785505480.8099,2026-07-31T09:44:40.809,116.123,1169,,,,0,,,,-0.0186,-31.39,-0.0225,-31.39,1,30.0,joystick,+0.000,+0.000,+0.000,+0.000,1100,0,
1785505480.9098,2026-07-31T09:44:40.909,116.223,1170,,,,0,,,,-0.0164,-31.21,-0.0203,-31.21,1,30.0,joystick,+0.000,+0.000,+0.000,+0.000,1100,0,
1785505481.0091,2026-07-31T09:44:41.009,116.322,1171,,,,0,,,,-0.0140,-31.11,-0.0178,-31.11,1,30.0,joystick,+0.000,+0.000,+0.000,+0.000,1100,0,
1785505481.1088,2026-07-31T09:44:41.108,116.422,1172,,,,0,,,,-0.0132,-30.91,-0.0171,-30.91,1,30.0,joystick,+0.000,+0.000,+0.000,+0.000,1100,0,
1785505481.2080,2026-07-31T09:44:41.208,116.521,1173,,,,0,,,,-0.0176,-30.82,-0.0215,-30.82,1,30.0,joystick,-1.000,+0.000,+0.000,+0.000,1100,0,
1785505481.3082,2026-07-31T09:44:41.308,116.621,1174,,,,0,,,,-0.0154,-30.65,-0.0193,-30.65,1,30.0,joystick,-1.000,+0.000,+0.000,+0.000,1100,0,
1785505481.4078,2026-07-31T09:44:41.407,116.721,1175,,,,0,,,,-0.0171,-30.53,-0.0210,-30.53,1,30.0,joystick,-1.000,+0.000,+0.000,+0.000,1100,0,
1785505481.5074,2026-07-31T09:44:41.507,116.820,1176,,,,0,,,,-0.0173,-30.53,-0.0211,-30.53,1,30.0,joystick,-1.000,+0.000,+0.000,+0.000,1100,0,
1785505481.6059,2026-07-31T09:44:41.605,116.919,1177,,,,0,,,,-0.0098,-30.37,-0.0136,-30.37,1,30.0,joystick,-1.000,+0.000,+0.000,+0.000,1100,0,
1785505481.7064,2026-07-31T09:44:41.706,117.019,1178,,,,0,,,,-0.0070,-30.30,-0.0109,-30.30,1,30.0,joystick,-1.000,+0.000,+0.000,+0.000,1100,0,
1785505481.8077,2026-07-31T09:44:41.807,117.121,1179,,,,0,,,,-0.0049,-30.33,-0.0088,-30.33,1,30.0,joystick,-1.000,+0.000,+0.000,+1.000,1100,0,
1785505481.9063,2026-07-31T09:44:41.906,117.219,1180,,,,0,,,,-0.0078,-31.29,-0.0117,-31.29,1,30.0,joystick,+0.641,+0.000,+0.000,+1.000,1100,0,
1785505482.0050,2026-07-31T09:44:42.005,117.318,1181,,,,0,,,,-0.0035,-33.34,-0.0074,-33.34,1,30.0,joystick,+1.000,+0.000,+0.000,+1.000,1100,0,
1785505482.1047,2026-07-31T09:44:42.104,117.418,1182,,,,0,,,,-0.0084,-39.19,-0.0122,-39.19,1,30.0,joystick,+1.000,+0.000,+0.000,+1.000,1100,0,
1785505482.2052,2026-07-31T09:44:42.205,117.518,1183,,,,0,,,,-0.0087,-42.47,-0.0125,-42.47,1,30.0,joystick,+1.000,+0.000,+0.000,+0.000,1100,0,
1785505482.3038,2026-07-31T09:44:42.303,117.617,1184,,,,0,,,,-0.0134,-46.96,-0.0173,-46.96,1,30.0,joystick,+1.000,+0.000,+0.000,-1.000,1100,0,
1785505482.4037,2026-07-31T09:44:42.403,117.717,1185,,,,0,,,,0.0016,-46.28,-0.0023,-46.28,1,30.0,joystick,+1.000,+0.000,+0.000,-1.000,1100,0,
1785505482.5034,2026-07-31T09:44:42.503,117.816,1186,,,,0,,,,-0.0007,-44.24,-0.0045,-44.24,1,30.0,joystick,+1.000,+0.000,+0.000,-1.000,1100,0,
1785505482.6037,2026-07-31T09:44:42.603,117.917,1187,,,,0,,,,0.0033,-38.85,-0.0006,-38.85,1,30.0,joystick,+1.000,+0.000,+0.000,-1.000,1100,0,
1785505482.7032,2026-07-31T09:44:42.703,118.016,1188,,,,0,,,,0.0090,-35.73,0.0052,-35.73,1,30.0,joystick,+1.000,+0.000,+0.000,-1.000,1100,0,
1785505482.8031,2026-07-31T09:44:42.803,118.116,1189,,,,0,,,,0.0085,-29.30,0.0047,-29.30,1,30.0,joystick,+1.000,+0.000,+0.000,-1.000,1100,0,
1785505482.9036,2026-07-31T09:44:42.903,118.217,1190,,,,0,,,,0.0064,-26.24,0.0025,-26.24,1,30.0,joystick,+1.000,+0.000,+0.000,-1.000,1100,0,
1785505483.0020,2026-07-31T09:44:43.002,118.315,1191,,,,0,,,,0.0097,-23.91,0.0058,-23.91,1,30.0,joystick,+1.000,+0.000,+0.000,-1.000,1100,0,
1785505483.1017,2026-07-31T09:44:43.101,118.415,1192,,,,0,,,,-0.0059,-19.21,-0.0097,-19.21,1,30.0,joystick,+1.000,+0.000,+0.000,-1.000,1100,0,
1785505483.2005,2026-07-31T09:44:43.200,118.514,1193,,,,0,,,,-0.0083,-16.70,-0.0122,-16.70,1,30.0,joystick,+1.000,+0.000,+0.000,-1.000,1100,0,
1785505483.2990,2026-07-31T09:44:43.299,118.612,1194,,,,0,,,,-0.0123,-10.91,-0.0161,-10.91,1,30.0,joystick,+1.000,+0.000,+0.000,-1.000,1100,0,
1785505483.3993,2026-07-31T09:44:43.399,118.712,1195,,,,0,,,,-0.0173,-4.29,-0.0212,-4.29,1,30.0,joystick,+1.000,+0.000,+0.000,-1.000,1100,0,
1785505483.4986,2026-07-31T09:44:43.498,118.812,1196,,,,0,,,,-0.0236,-0.73,-0.0274,-0.73,1,30.0,joystick,+1.000,+0.000,+0.000,-1.000,1100,0,
1785505483.5972,2026-07-31T09:44:43.597,118.910,1197,,,,0,,,,-0.0382,6.66,-0.0421,6.66,1,30.0,joystick,+1.000,+0.000,+0.000,-1.000,1100,0,
1785505483.6963,2026-07-31T09:44:43.696,119.009,1198,,,,0,,,,-0.0362,10.39,-0.0401,10.39,1,30.0,joystick,+1.000,+0.000,+0.000,-1.000,1100,0,
1785505483.7951,2026-07-31T09:44:43.795,119.108,1199,,,,0,,,,-0.0355,17.82,-0.0394,17.82,1,30.0,joystick,+1.000,+0.000,+0.000,-1.000,1100,0,
1785505483.8946,2026-07-31T09:44:43.894,119.208,1200,,,,0,,,,-0.0350,25.30,-0.0389,25.30,1,30.0,joystick,+1.000,+0.000,+0.000,-1.000,1100,0,
1785505483.9929,2026-07-31T09:44:43.992,119.306,1201,,,,0,,,,-0.0311,29.07,-0.0350,29.07,1,30.0,joystick,+1.000,+0.000,+0.000,-1.000,1100,0,
1785505484.0921,2026-07-31T09:44:44.092,119.405,1202,,,,0,,,,-0.0265,36.47,-0.0303,36.47,1,30.0,joystick,+1.000,+0.000,+0.000,-1.000,1100,0,
1785505484.1916,2026-07-31T09:44:44.191,119.505,1203,,,,0,,,,-0.0303,40.11,-0.0341,40.11,1,30.0,joystick,+1.000,+0.000,+0.000,-1.000,1100,0,
1785505484.2902,2026-07-31T09:44:44.290,119.603,1204,,,,0,,,,-0.0277,47.44,-0.0316,47.44,1,30.0,joystick,+1.000,+0.000,+0.000,-1.000,1100,0,
1785505484.3896,2026-07-31T09:44:44.389,119.703,1205,,,,0,,,,-0.0285,51.23,-0.0324,51.23,1,30.0,joystick,+1.000,+0.000,+0.000,-1.000,1100,0,
1785505484.4887,2026-07-31T09:44:44.488,119.802,1206,,,,0,,,,-0.0260,59.25,-0.0298,59.25,1,30.0,joystick,+1.000,+0.000,+0.000,+0.000,1100,0,
1785505484.5883,2026-07-31T09:44:44.588,119.901,1207,,,,0,,,,-0.0281,63.43,-0.0320,63.43,1,30.0,joystick,+1.000,+0.000,+0.000,+0.000,1100,0,
1785505484.6877,2026-07-31T09:44:44.687,120.001,1208,,,,0,,,,-0.0281,71.74,-0.0320,71.74,1,30.0,joystick,+1.000,+0.000,+0.000,+0.000,1100,0,
1785505484.7884,2026-07-31T09:44:44.788,120.101,1209,,,,0,,,,-0.0265,78.72,-0.0304,78.72,1,30.0,joystick,+1.000,+0.000,+0.000,+0.000,1100,0,
1785505484.8882,2026-07-31T09:44:44.888,120.201,1210,,,,0,,,,-0.0224,81.09,-0.0263,81.09,1,30.0,joystick,+1.000,+0.000,+0.000,+0.000,1100,0,
1785505484.9873,2026-07-31T09:44:44.987,120.300,1211,,,,0,,,,-0.0325,85.00,-0.0364,85.00,1,30.0,joystick,+1.000,+0.000,+0.000,+0.000,1100,0,
1785505485.0862,2026-07-31T09:44:45.086,120.399,1212,,,,0,,,,-0.0222,88.27,-0.0261,88.27,1,30.0,joystick,+1.000,+0.000,+0.000,+0.000,1100,0,
1785505485.1850,2026-07-31T09:44:45.185,120.498,1213,,,,0,,,,-0.0334,89.82,-0.0372,89.82,1,30.0,joystick,+1.000,+0.000,+0.000,+0.000,1100,0,
1785505485.2846,2026-07-31T09:44:45.284,120.598,1214,,,,0,,,,-0.0249,92.60,-0.0288,92.60,1,30.0,joystick,+1.000,+0.000,+0.000,+0.000,1100,0,
1785505485.3828,2026-07-31T09:44:45.382,120.696,1215,,,,0,,,,-0.0248,93.84,-0.0286,93.84,1,30.0,joystick,+1.000,+0.000,+0.000,+0.000,1100,0,
1785505485.4827,2026-07-31T09:44:45.482,120.796,1216,,,,0,,,,-0.0242,95.88,-0.0281,95.88,1,30.0,joystick,+1.000,+0.000,+0.000,+0.000,1100,0,
1785505485.5830,2026-07-31T09:44:45.583,120.896,1217,,,,0,,,,-0.0237,97.54,-0.0276,97.54,1,30.0,joystick,+1.000,+0.000,+0.000,+0.000,1100,0,
1785505485.6826,2026-07-31T09:44:45.682,120.996,1218,,,,0,,,,-0.0265,98.30,-0.0304,98.30,1,30.0,joystick,+1.000,+0.000,+0.000,+0.000,1100,0,
1785505485.7808,2026-07-31T09:44:45.780,121.094,1219,,,,0,,,,-0.0274,99.75,-0.0313,99.75,1,30.0,joystick,+1.000,+0.000,+0.000,+0.000,1100,0,
1785505485.8810,2026-07-31T09:44:45.881,121.194,1220,,,,0,,,,-0.0218,100.42,-0.0256,100.42,1,30.0,joystick,+1.000,+0.000,+0.000,+0.000,1100,0,
1785505485.9800,2026-07-31T09:44:45.980,121.293,1221,,,,0,,,,-0.0261,101.78,-0.0300,101.78,1,30.0,joystick,+1.000,+0.000,+0.000,+0.000,1100,0,
1785505486.0788,2026-07-31T09:44:46.078,121.392,1222,,,,0,,,,-0.0085,103.67,-0.0123,103.67,1,30.0,joystick,+1.000,+0.000,+0.000,-1.000,1100,0,
1785505486.1794,2026-07-31T09:44:46.179,121.493,1223,,,,0,,,,-0.0150,105.87,-0.0188,105.87,1,30.0,joystick,+1.000,+0.000,+0.000,+0.000,1100,0,
1785505486.2778,2026-07-31T09:44:46.277,121.591,1224,,,,0,,,,-0.0102,111.02,-0.0140,111.02,1,30.0,joystick,+1.000,+0.000,+0.000,+0.000,1100,0,
1785505486.3776,2026-07-31T09:44:46.377,121.691,1225,,,,0,,,,-0.0054,113.34,-0.0092,113.34,1,30.0,joystick,+1.000,+0.000,+0.000,+0.000,1100,0,
1785505486.4771,2026-07-31T09:44:46.477,121.790,1226,,,,0,,,,0.0003,118.04,-0.0035,118.04,1,30.0,joystick,+1.000,+0.000,+0.000,+0.000,1100,0,
1785505486.5765,2026-07-31T09:44:46.576,121.890,1227,,,,0,,,,0.0040,121.73,0.0001,121.73,1,30.0,joystick,+1.000,+0.000,+0.000,+0.000,1100,0,
1785505486.6749,2026-07-31T09:44:46.674,121.988,1228,,,,0,,,,0.0116,123.03,0.0077,123.03,1,30.0,joystick,+1.000,+0.000,+0.000,+0.000,1100,0,
1785505486.7742,2026-07-31T09:44:46.774,122.087,1229,,,,0,,,,0.0196,125.33,0.0157,125.33,1,30.0,joystick,+1.000,+0.000,+0.000,+0.000,1100,0,
1785505486.8741,2026-07-31T09:44:46.874,122.187,1230,,,,0,,,,0.0244,126.39,0.0205,126.39,1,30.0,joystick,+1.000,+0.000,+0.000,+0.000,1100,0,
1785505486.9734,2026-07-31T09:44:46.973,122.287,1231,,,,0,,,,0.0276,128.42,0.0237,128.42,1,30.0,joystick,+1.000,+0.000,+0.000,+0.000,1100,0,
1785505487.0722,2026-07-31T09:44:47.072,122.385,1232,,,,0,,,,0.0297,130.32,0.0259,130.32,1,30.0,joystick,+1.000,+0.000,+0.000,+0.000,1100,0,
1785505487.1707,2026-07-31T09:44:47.170,122.484,1233,,,,0,,,,0.0288,131.24,0.0249,131.24,1,30.0,joystick,+1.000,+0.000,+0.000,+1.000,1100,0,
1785505487.2688,2026-07-31T09:44:47.268,122.582,1234,,,,0,,,,0.0277,131.38,0.0239,131.38,1,30.0,joystick,+1.000,+0.000,+0.000,+0.000,1100,0,
1785505487.3689,2026-07-31T09:44:47.368,122.682,1235,,,,0,,,,0.0357,131.34,0.0318,131.34,1,30.0,joystick,+1.000,+0.000,+0.000,+0.000,1100,0,
1785505487.4678,2026-07-31T09:44:47.467,122.781,1236,,,,0,,,,0.0317,132.07,0.0278,132.07,1,30.0,joystick,+1.000,+0.000,+0.000,+0.000,1100,0,
1785505487.5690,2026-07-31T09:44:47.569,122.882,1237,,,,0,,,,0.0243,133.07,0.0204,133.07,1,30.0,joystick,+1.000,+0.000,+0.000,+0.000,1100,0,
1785505487.6685,2026-07-31T09:44:47.668,122.982,1238,,,,0,,,,0.0312,133.54,0.0273,133.54,1,30.0,joystick,+1.000,+0.000,+0.000,+0.000,1100,0,
1785505487.7676,2026-07-31T09:44:47.767,123.081,1239,,,,0,,,,0.0331,134.43,0.0292,134.43,1,30.0,joystick,+1.000,+0.000,+0.000,+0.000,1100,0,
1785505487.8676,2026-07-31T09:44:47.867,123.181,1240,,,,0,,,,0.0264,134.84,0.0225,134.84,1,30.0,joystick,+1.000,+0.000,+0.000,+0.000,1100,0,
1785505487.9659,2026-07-31T09:44:47.965,123.279,1241,,,,0,,,,0.0366,135.69,0.0327,135.69,1,30.0,joystick,+1.000,+0.000,+0.000,+0.000,1100,0,
1785505488.0655,2026-07-31T09:44:48.065,123.379,1242,,,,0,,,,0.0356,136.11,0.0317,136.11,1,30.0,joystick,+1.000,+0.000,+0.000,+0.000,1100,0,
1785505488.1638,2026-07-31T09:44:48.163,123.477,1243,,,,0,,,,0.0300,136.97,0.0261,136.97,1,30.0,joystick,+1.000,+0.000,+0.000,+0.000,1100,0,
1785505488.2629,2026-07-31T09:44:48.262,123.576,1244,,,,0,,,,0.0292,137.72,0.0253,137.72,1,30.0,joystick,+1.000,+0.000,+0.000,+0.000,1100,0,
1785505488.3635,2026-07-31T09:44:48.363,123.677,1245,,,,0,,,,0.0330,138.10,0.0291,138.10,1,30.0,joystick,+1.000,+0.000,+0.000,+0.000,1100,0,
1785505488.4621,2026-07-31T09:44:48.462,123.775,1246,,,,0,,,,0.0304,138.81,0.0265,138.81,1,30.0,joystick,+1.000,+0.000,+0.000,+0.000,1100,0,
1785505488.5613,2026-07-31T09:44:48.561,123.874,1247,,,,0,,,,0.0360,139.14,0.0322,139.14,1,30.0,joystick,+1.000,+0.000,+0.000,+0.000,1100,0,
1785505488.6616,2026-07-31T09:44:48.661,123.975,1248,,,,0,,,,0.0308,139.81,0.0270,139.81,1,30.0,joystick,+1.000,+0.000,+0.000,+0.000,1100,0,
1785505488.7610,2026-07-31T09:44:48.760,124.074,1249,,,,0,,,,0.0373,140.09,0.0334,140.09,1,30.0,joystick,+1.000,+0.000,+0.000,+0.000,1100,0,
1785505488.8600,2026-07-31T09:44:48.859,124.173,1250,,,,0,,,,0.0350,140.61,0.0311,140.61,1,30.0,joystick,+1.000,+0.000,+0.000,+0.000,1100,0,
1785505488.9592,2026-07-31T09:44:48.959,124.272,1251,,,,0,,,,0.0431,140.67,0.0392,140.67,1,30.0,joystick,+1.000,+0.000,+0.000,+1.000,1100,0,
1785505489.0577,2026-07-31T09:44:49.057,124.371,1252,,,,0,,,,0.0483,139.38,0.0444,139.38,1,30.0,joystick,+1.000,+0.000,+0.000,+0.000,1100,0,
1785505489.1569,2026-07-31T09:44:49.156,124.470,1253,,,,0,,,,0.0481,135.13,0.0442,135.13,1,30.0,joystick,+1.000,+0.000,+0.000,+0.000,1100,0,
1785505489.2564,2026-07-31T09:44:49.256,124.570,1254,,,,0,,,,0.0431,132.42,0.0392,132.42,1,30.0,joystick,+0.930,+0.000,+0.000,+0.000,1100,0,
1785505489.3552,2026-07-31T09:44:49.355,124.668,1255,,,,0,,,,0.0523,126.76,0.0484,126.76,1,30.0,joystick,+0.938,+0.000,+0.000,+0.000,1100,0,
1785505489.4538,2026-07-31T09:44:49.453,124.767,1256,,,,0,,,,0.0567,121.87,0.0529,121.87,1,30.0,joystick,+1.000,+0.000,+0.000,+0.000,1100,0,
1785505489.5535,2026-07-31T09:44:49.553,124.867,1257,,,,0,,,,0.0559,120.26,0.0521,120.26,1,30.0,joystick,+1.000,+0.000,+0.000,+0.000,1100,0,
1785505489.6528,2026-07-31T09:44:49.652,124.966,1258,,,,0,,,,0.0550,117.48,0.0511,117.48,1,30.0,joystick,+1.000,+0.000,+0.000,+0.000,1100,0,
1785505489.7532,2026-07-31T09:44:49.753,125.066,1259,,,,0,,,,0.0666,116.24,0.0628,116.24,1,30.0,joystick,+1.000,+0.000,+0.000,+0.000,1100,0,
1785505489.8518,2026-07-31T09:44:49.851,125.165,1260,,,,0,,,,0.0817,114.01,0.0778,114.01,1,30.0,joystick,+1.000,+0.000,+0.000,-1.000,1100,0,
1785505489.9522,2026-07-31T09:44:49.952,125.265,1261,,,,0,,,,0.0907,114.19,0.0868,114.19,1,30.0,joystick,+1.000,+0.000,+0.000,+0.000,1100,0,
1785505490.0514,2026-07-31T09:44:50.051,125.364,1262,,,,0,,,,0.0844,115.45,0.0806,115.45,1,30.0,joystick,+1.000,+0.000,+0.000,+0.000,1100,0,
1785505490.1504,2026-07-31T09:44:50.150,125.464,1263,,,,0,,,,0.0803,117.57,0.0765,117.57,1,30.0,joystick,+1.000,+0.000,+0.000,+0.000,1100,0,
1785505490.2487,2026-07-31T09:44:50.248,125.562,1264,,,,0,,,,0.0778,118.62,0.0740,118.62,1,30.0,joystick,+1.000,+0.000,+0.000,+0.000,1100,0,
1785505490.3481,2026-07-31T09:44:50.348,125.661,1265,,,,0,,,,0.0804,120.40,0.0765,120.40,1,30.0,joystick,+1.000,+0.000,+0.000,+0.000,1100,0,
1785505490.4476,2026-07-31T09:44:50.447,125.761,1266,,,,0,,,,0.0776,120.83,0.0738,120.83,1,30.0,joystick,+1.000,+0.000,+0.000,+0.000,1100,0,
1785505490.5466,2026-07-31T09:44:50.546,125.860,1267,,,,0,,,,0.0783,120.92,0.0745,120.92,1,30.0,joystick,+1.000,+0.000,+0.000,+0.000,1100,0,
1785505490.6457,2026-07-31T09:44:50.645,125.959,1268,,,,0,,,,0.0715,121.06,0.0677,121.06,1,30.0,joystick,+1.000,+0.000,+0.000,+0.000,1100,0,
1785505490.7463,2026-07-31T09:44:50.746,126.059,1269,,,,0,,,,0.0762,121.13,0.0723,121.13,1,30.0,joystick,+1.000,+0.000,+0.000,+0.000,1100,0,
1785505490.8451,2026-07-31T09:44:50.845,126.158,1270,,,,0,,,,0.0667,121.15,0.0628,121.15,1,30.0,joystick,+1.000,+0.000,+0.000,+0.000,1100,0,
1785505490.9444,2026-07-31T09:44:50.944,126.258,1271,,,,0,,,,0.0645,121.27,0.0606,121.27,1,30.0,joystick,+1.000,+0.000,+0.000,-1.000,1100,0,
1785505491.0428,2026-07-31T09:44:51.042,126.356,1272,,,,0,,,,0.0590,122.62,0.0551,122.62,1,30.0,joystick,+1.000,+0.000,+0.000,-1.000,1100,0,
1785505491.1435,2026-07-31T09:44:51.143,126.457,1273,,,,0,,,,0.0491,127.09,0.0452,127.09,1,30.0,joystick,+1.000,+0.000,+0.000,+0.000,1100,0,
1785505491.2442,2026-07-31T09:44:51.244,126.557,1274,,,,0,,,,0.0510,129.84,0.0471,129.84,1,30.0,joystick,+1.000,+0.000,+0.000,+0.000,1100,0,
1785505491.3430,2026-07-31T09:44:51.343,126.656,1275,,,,0,,,,0.0419,136.04,0.0381,136.04,1,30.0,joystick,+1.000,+0.000,+0.000,+0.000,1100,0,
1785505491.4431,2026-07-31T09:44:51.443,126.756,1276,,,,0,,,,0.0357,141.55,0.0318,141.55,1,30.0,joystick,+1.000,+0.000,+0.000,+0.000,1100,0,
1785505491.5424,2026-07-31T09:44:51.542,126.855,1277,,,,0,,,,0.0347,143.34,0.0308,143.34,1,30.0,joystick,+1.000,+0.000,+0.000,+0.000,1100,0,
1785505491.6408,2026-07-31T09:44:51.640,126.954,1278,,,,0,,,,0.0306,146.31,0.0267,146.31,1,30.0,joystick,+1.000,+0.000,+0.000,+0.000,1100,0,
1785505491.7405,2026-07-31T09:44:51.740,127.054,1279,,,,0,,,,0.0297,147.61,0.0259,147.61,1,30.0,joystick,+1.000,+0.000,+0.000,+0.000,1100,0,
1785505491.8414,2026-07-31T09:44:51.841,127.154,1280,,,,0,,,,0.0347,150.06,0.0308,150.06,1,30.0,joystick,+1.000,+0.000,+1.000,+0.000,1100,0,
1785505491.9396,2026-07-31T09:44:51.939,127.253,1281,,,,0,,,,0.0389,151.18,0.0351,151.18,1,30.0,joystick,+1.000,+0.000,+1.000,+0.000,1100,0,
1785505492.0391,2026-07-31T09:44:52.039,127.352,1282,,,,0,,,,0.0427,153.20,0.0388,153.20,1,30.0,joystick,+1.000,+0.000,+1.000,+0.000,1100,0,
1785505492.1382,2026-07-31T09:44:52.138,127.451,1283,,,,0,,,,0.0435,155.17,0.0396,155.17,1,30.0,joystick,+1.000,+0.000,+1.000,+0.000,1100,0,
1785505492.2362,2026-07-31T09:44:52.236,127.549,1284,,,,0,,,,0.0336,156.06,0.0297,156.06,1,30.0,joystick,+1.000,+0.000,+1.000,+0.000,1100,0,
1785505492.3355,2026-07-31T09:44:52.335,127.649,1285,,,,0,,,,0.0274,157.49,0.0236,157.49,1,30.0,joystick,+1.000,+0.000,+1.000,+0.000,1100,0,
1785505492.4348,2026-07-31T09:44:52.434,127.748,1286,,,,0,,,,0.0245,158.14,0.0207,158.14,1,30.0,joystick,+1.000,+0.000,+1.000,+0.000,1100,0,
1785505492.5362,2026-07-31T09:44:52.536,127.849,1287,,,,0,,,,0.0340,159.27,0.0302,159.27,1,30.0,joystick,+1.000,+0.000,+1.000,+0.000,1100,0,
1785505492.6374,2026-07-31T09:44:52.637,127.951,1288,,,,0,,,,0.0356,160.15,0.0317,160.15,1,30.0,joystick,+1.000,+0.000,+1.000,+0.000,1100,0,
1785505492.7359,2026-07-31T09:44:52.735,128.049,1289,,,,0,,,,0.0340,160.50,0.0301,160.50,1,30.0,joystick,+1.000,+0.000,+1.000,+1.000,1100,0,
1785505492.8351,2026-07-31T09:44:52.835,128.148,1290,,,,0,,,,0.0322,160.04,0.0283,160.04,1,30.0,joystick,+1.000,+0.000,+1.000,+1.000,1100,0,
1785505492.9346,2026-07-31T09:44:52.934,128.248,1291,,,,0,,,,0.0278,158.52,0.0239,158.52,1,30.0,joystick,+1.000,+0.000,+1.000,+1.000,1100,0,
1785505493.0354,2026-07-31T09:44:53.035,128.349,1292,,,,0,,,,0.0229,154.31,0.0190,154.31,1,30.0,joystick,+1.000,+0.000,+1.000,+1.000,1100,0,
1785505493.1342,2026-07-31T09:44:53.134,128.447,1293,,,,0,,,,0.0110,149.20,0.0071,149.20,1,30.0,joystick,+1.000,+0.000,+1.000,+1.000,1100,0,
1785505493.2331,2026-07-31T09:44:53.233,128.546,1294,,,,0,,,,-0.0010,146.38,-0.0049,146.38,1,30.0,joystick,+1.000,+0.000,+1.000,+1.000,1100,0,
1785505493.3323,2026-07-31T09:44:53.332,128.645,1295,,,,0,,,,-0.0143,140.35,-0.0182,140.35,1,30.0,joystick,+1.000,+0.000,+1.000,+1.000,1100,0,
1785505493.4310,2026-07-31T09:44:53.430,128.744,1296,,,,0,,,,-0.0255,137.08,-0.0294,137.08,1,30.0,joystick,+1.000,+0.000,+1.000,+0.000,1100,0,
1785505493.5301,2026-07-31T09:44:53.530,128.843,1297,,,,0,,,,-0.0355,130.22,-0.0393,130.22,1,30.0,joystick,+1.000,+0.000,+1.000,+0.000,1100,0,
1785505493.6293,2026-07-31T09:44:53.629,128.942,1298,,,,0,,,,-0.0469,123.34,-0.0508,123.34,1,30.0,joystick,+1.000,+0.000,+1.000,+0.000,1100,0,
1785505493.7278,2026-07-31T09:44:53.727,129.041,1299,,,,0,,,,-0.0398,120.76,-0.0437,120.76,1,30.0,joystick,+1.000,+0.000,+1.000,+1.000,1100,0,
1785505493.8281,2026-07-31T09:44:53.828,129.141,1300,,,,0,,,,-0.0424,115.93,-0.0462,115.93,1,30.0,joystick,+1.000,+0.000,+1.000,+1.000,1100,0,
1785505493.9268,2026-07-31T09:44:53.926,129.240,1301,,,,0,,,,-0.0338,112.49,-0.0376,112.49,1,30.0,joystick,+1.000,+0.000,+1.000,+1.000,1100,0,
1785505494.0261,2026-07-31T09:44:54.026,129.339,1302,,,,0,,,,-0.0380,104.75,-0.0419,104.75,1,30.0,joystick,+1.000,+0.000,+0.000,+0.000,1100,0,
1785505494.1247,2026-07-31T09:44:54.124,129.438,1303,,,,0,,,,-0.0391,100.60,-0.0429,100.60,1,30.0,joystick,+1.000,+0.000,+0.000,+0.000,1100,0,
1785505494.2240,2026-07-31T09:44:54.224,129.537,1304,,,,0,,,,-0.0384,92.38,-0.0423,92.38,1,30.0,joystick,+1.000,+0.000,+0.000,+0.000,1100,0,
1785505494.3234,2026-07-31T09:44:54.323,129.637,1305,,,,0,,,,-0.0323,85.77,-0.0362,85.77,1,30.0,joystick,+1.000,+0.000,+0.976,+0.000,1100,0,
1785505494.4231,2026-07-31T09:44:54.423,129.736,1306,,,,0,,,,-0.0383,83.37,-0.0422,83.37,1,30.0,joystick,+1.000,+0.000,+1.000,+0.000,1100,0,
1785505494.5234,2026-07-31T09:44:54.523,129.836,1307,,,,0,,,,-0.0375,79.13,-0.0414,79.13,1,30.0,joystick,+1.000,+0.000,+1.000,+0.000,1100,0,
1785505494.6221,2026-07-31T09:44:54.622,129.935,1308,,,,0,,,,-0.0291,77.14,-0.0330,77.14,1,30.0,joystick,+0.000,+0.000,+1.000,+0.000,1100,0,
1785505494.7214,2026-07-31T09:44:54.721,130.034,1309,,,,0,,,,-0.0327,73.45,-0.0365,73.45,1,30.0,joystick,+0.000,+0.000,+1.000,+0.000,1100,0,
1785505494.8196,2026-07-31T09:44:54.819,130.133,1310,,,,0,,,,-0.0305,71.90,-0.0344,71.90,1,30.0,joystick,+0.000,+0.000,+1.000,+1.000,1100,0,
1785505494.9198,2026-07-31T09:44:54.919,130.233,1311,,,,0,,,,-0.0350,69.18,-0.0389,69.18,1,30.0,joystick,+0.000,+0.000,+1.000,+1.000,1100,0,
1785505495.0194,2026-07-31T09:44:55.019,130.333,1312,,,,0,,,,-0.0363,66.62,-0.0402,66.62,1,30.0,joystick,+0.000,+0.000,+1.000,+1.000,1100,0,
1785505495.1178,2026-07-31T09:44:55.117,130.431,1313,,,,0,,,,-0.0417,64.82,-0.0456,64.82,1,30.0,joystick,+0.000,+0.000,+1.000,+0.000,1100,0,
1785505495.2181,2026-07-31T09:44:55.218,130.531,1314,,,,0,,,,-0.0447,60.35,-0.0485,60.35,1,30.0,joystick,+0.000,+0.000,+1.000,+0.000,1100,0,
1785505495.3166,2026-07-31T09:44:55.316,130.630,1315,,,,0,,,,-0.0408,58.35,-0.0447,58.35,1,30.0,joystick,+0.000,+0.000,+1.000,+0.000,1100,0,
1785505495.4174,2026-07-31T09:44:55.417,130.731,1316,,,,0,,,,-0.0426,54.81,-0.0464,54.81,1,30.0,joystick,+0.000,+0.000,+1.000,+0.000,1100,0,
1785505495.5181,2026-07-31T09:44:55.518,130.831,1317,,,,0,,,,-0.0429,51.73,-0.0468,51.73,1,30.0,joystick,+0.000,+0.000,+1.000,+0.000,1100,0,
1785505495.6166,2026-07-31T09:44:55.616,130.930,1318,,,,0,,,,-0.0395,50.40,-0.0434,50.40,1,30.0,joystick,+0.000,+0.000,+1.000,+0.000,1100,0,
1785505495.7168,2026-07-31T09:44:55.716,131.030,1319,,,,0,,,,-0.0358,47.92,-0.0397,47.92,1,30.0,joystick,+0.000,+0.000,+1.000,+0.000,1100,0,
1785505495.8160,2026-07-31T09:44:55.816,131.129,1320,,,,0,,,,-0.0322,46.76,-0.0361,46.76,1,30.0,joystick,+0.000,+0.000,+1.000,+0.000,1100,0,
1785505495.9173,2026-07-31T09:44:55.917,131.230,1321,,,,0,,,,-0.0360,44.64,-0.0399,44.64,1,30.0,joystick,+0.000,+0.000,+1.000,+0.000,1100,0,
1785505496.0159,2026-07-31T09:44:56.015,131.329,1322,,,,0,,,,-0.0363,42.60,-0.0401,42.60,1,30.0,joystick,+0.000,+0.000,+1.000,+0.000,1100,0,
1785505496.1151,2026-07-31T09:44:56.115,131.428,1323,,,,0,,,,-0.0347,41.62,-0.0386,41.62,1,30.0,joystick,+0.000,+0.000,+1.000,+0.000,1100,0,
1785505496.2137,2026-07-31T09:44:56.213,131.527,1324,,,,0,,,,-0.0429,39.69,-0.0468,39.69,1,30.0,joystick,+0.000,+0.000,+1.000,+0.000,1100,0,
1785505496.3138,2026-07-31T09:44:56.313,131.627,1325,,,,0,,,,-0.0390,38.71,-0.0429,38.71,1,30.0,joystick,+0.000,+0.000,+1.000,+0.000,1100,0,
1785505496.4135,2026-07-31T09:44:56.413,131.727,1326,,,,0,,,,-0.0467,36.85,-0.0506,36.85,1,30.0,joystick,+0.000,+0.000,+1.000,+0.000,1100,0,
1785505496.5131,2026-07-31T09:44:56.513,131.826,1327,,,,0,,,,-0.0388,35.18,-0.0426,35.18,1,30.0,joystick,+0.000,+0.000,+1.000,+0.000,1100,0,
1785505496.6124,2026-07-31T09:44:56.612,131.925,1328,,,,0,,,,-0.0385,34.40,-0.0424,34.40,1,30.0,joystick,+0.000,+0.000,+1.000,+0.000,1100,0,
1785505496.7110,2026-07-31T09:44:56.711,132.024,1329,,,,0,,,,-0.0371,32.88,-0.0409,32.88,1,30.0,joystick,+0.000,+0.000,+1.000,+0.000,1100,0,
1785505496.8111,2026-07-31T09:44:56.811,132.124,1330,,,,0,,,,-0.0382,32.17,-0.0421,32.17,1,30.0,joystick,+0.000,+0.000,+1.000,+0.000,1100,0,
1785505496.9112,2026-07-31T09:44:56.911,132.224,1331,,,,0,,,,-0.0404,30.83,-0.0443,30.83,1,30.0,joystick,+0.000,+0.000,+1.000,+0.000,1100,0,
1785505497.0096,2026-07-31T09:44:57.009,132.323,1332,,,,0,,,,-0.0386,29.58,-0.0425,29.58,1,30.0,joystick,+0.000,+0.000,+1.000,+0.000,1100,0,
1785505497.1100,2026-07-31T09:44:57.110,132.423,1333,,,,0,,,,-0.0410,28.96,-0.0449,28.96,1,30.0,joystick,+0.000,+0.000,+1.000,+0.000,1100,0,
1785505497.2094,2026-07-31T09:44:57.209,132.523,1334,,,,0,,,,-0.0385,27.80,-0.0424,27.80,1,30.0,joystick,+0.000,+0.000,+1.000,+1.000,1100,0,
1785505497.3091,2026-07-31T09:44:57.309,132.622,1335,,,,0,,,,-0.0380,27.19,-0.0419,27.19,1,30.0,joystick,+0.000,+0.000,+1.000,+1.000,1100,0,
1785505497.4078,2026-07-31T09:44:57.407,132.721,1336,,,,0,,,,-0.0398,25.47,-0.0437,25.47,1,30.0,joystick,+0.000,+0.000,+1.000,+0.000,1100,0,
1785505497.5084,2026-07-31T09:44:57.508,132.821,1337,,,,0,,,,-0.0409,23.33,-0.0448,23.33,1,30.0,joystick,+0.000,+0.000,+1.000,+0.000,1100,0,
1785505497.6065,2026-07-31T09:44:57.606,132.920,1338,,,,0,,,,-0.0415,22.34,-0.0454,22.34,1,30.0,joystick,+0.000,+0.000,+1.000,+0.000,1100,0,
1785505497.7058,2026-07-31T09:44:57.705,133.019,1339,,,,0,,,,-0.0414,20.37,-0.0453,20.37,1,30.0,joystick,+0.000,+0.000,+1.000,+0.000,1100,0,
1785505497.8047,2026-07-31T09:44:57.804,133.118,1340,,,,0,,,,0.0026,19.43,-0.0426,19.43,1,30.0,joystick,+0.000,+0.000,+1.000,+0.000,1100,0,
1785505497.9045,2026-07-31T09:44:57.904,133.218,1341,,,,0,,,,0.0027,17.65,-0.0426,17.65,1,30.0,joystick,+0.000,+0.000,+1.000,+0.000,1100,0,
1785505498.0064,2026-07-31T09:44:58.006,133.319,1342,,,,0,,,,0.0027,16.14,-0.0425,16.14,1,30.0,joystick,+0.000,+0.000,+1.000,+1.000,1100,0,
1785505498.1062,2026-07-31T09:44:58.106,133.419,1343,,,,0,,,,0.0028,15.49,-0.0425,15.49,1,30.0,joystick,+0.000,+0.000,+1.000,+1.000,1100,0,
1785505498.2048,2026-07-31T09:44:58.204,133.518,1344,,,,0,,,,0.0062,13.46,-0.0390,13.46,1,30.0,joystick,+0.000,+0.000,+1.000,+1.000,1100,0,
1785505498.3028,2026-07-31T09:44:58.302,133.616,1345,,,,0,,,,0.0003,10.82,-0.0449,10.82,1,30.0,joystick,+0.000,+0.000,+1.000,+1.000,1100,0,
1785505498.4015,2026-07-31T09:44:58.401,133.715,1346,,,,0,,,,-0.0008,1.16,-0.0461,1.16,1,30.0,joystick,+0.000,+0.000,+1.000,+0.000,1100,0,
1785505498.5013,2026-07-31T09:44:58.501,133.814,1347,,,,0,,,,0.0002,-5.80,-0.0451,-5.80,1,30.0,joystick,+0.000,+0.000,+1.000,+0.000,1100,0,
1785505498.6007,2026-07-31T09:44:58.600,133.914,1348,,,,0,,,,0.0033,-8.04,-0.0420,-8.04,1,30.0,joystick,+0.000,+0.000,+1.000,+0.000,1100,0,
1785505498.7002,2026-07-31T09:44:58.700,134.013,1349,,,,0,,,,-0.0015,-11.90,-0.0468,-11.90,1,30.0,joystick,+0.000,+0.000,+1.000,+0.000,1100,0,
1785505498.8003,2026-07-31T09:44:58.800,134.113,1350,,,,0,,,,0.0028,-13.67,-0.0425,-13.67,1,30.0,joystick,+0.000,+0.000,+1.000,+0.000,1100,0,
1785505498.8988,2026-07-31T09:44:58.898,134.212,1351,,,,0,,,,0.0045,-16.74,-0.0408,-16.74,1,30.0,joystick,+0.000,+0.000,+1.000,+0.000,1100,0,
1785505498.9992,2026-07-31T09:44:58.999,134.312,1352,,,,0,,,,0.0045,-18.00,-0.0408,-18.00,1,30.0,joystick,+0.000,+0.000,+1.000,+0.000,1100,0,
1785505499.0977,2026-07-31T09:44:59.097,134.411,1353,,,,0,,,,0.0041,-20.09,-0.0412,-20.09,1,30.0,joystick,+0.000,+0.000,+1.000,+0.000,1100,0,
1785505499.1966,2026-07-31T09:44:59.196,134.510,1354,,,,0,,,,0.0050,-21.89,-0.0403,-21.89,1,30.0,joystick,+0.000,+0.000,+1.000,+0.000,1100,0,
1785505499.2961,2026-07-31T09:44:59.296,134.609,1355,,,,0,,,,0.0029,-22.72,-0.0424,-22.72,1,30.0,joystick,+0.000,+0.000,+1.000,+0.000,1100,0,
1785505499.3945,2026-07-31T09:44:59.394,134.708,1356,,,,0,,,,-0.0002,-24.25,-0.0455,-24.25,1,30.0,joystick,+0.000,+0.000,+1.000,+0.000,1100,0,
1785505499.4953,2026-07-31T09:44:59.495,134.808,1357,,,,0,,,,-0.0019,-24.92,-0.0471,-24.92,1,30.0,joystick,+0.000,+0.000,+1.000,+0.000,1100,0,
1785505499.5958,2026-07-31T09:44:59.595,134.909,1358,,,,0,,,,0.0002,-26.11,-0.0450,-26.11,1,30.0,joystick,+0.000,+0.000,+1.000,+0.000,1100,0,
1785505499.6947,2026-07-31T09:44:59.694,135.008,1359,,,,0,,,,0.0027,-27.23,-0.0425,-27.23,1,30.0,joystick,+0.000,+0.000,+1.000,+0.000,1100,0,
1785505499.7939,2026-07-31T09:44:59.793,135.107,1360,,,,0,,,,0.0051,-27.71,-0.0402,-27.71,1,30.0,joystick,+0.000,+0.000,+1.000,+0.000,1100,0,
1785505499.8940,2026-07-31T09:44:59.894,135.207,1361,,,,0,,,,0.0010,-28.62,-0.0443,-28.62,1,30.0,joystick,+0.000,+0.000,+1.000,+0.000,1100,0,
1785505499.9933,2026-07-31T09:44:59.993,135.306,1362,,,,0,,,,-0.0025,-29.01,-0.0478,-29.01,1,30.0,joystick,+0.000,+0.000,+1.000,+0.000,1100,0,
1785505500.0934,2026-07-31T09:45:00.093,135.406,1363,,,,0,,,,0.0045,-29.62,-0.0407,-29.62,1,30.0,joystick,+0.000,+0.000,+1.000,+0.000,1100,0,
1785505500.1929,2026-07-31T09:45:00.192,135.506,1364,,,,0,,,,0.0066,-30.18,-0.0387,-30.18,1,30.0,joystick,+0.000,+0.000,+1.000,+0.000,1100,0,
1785505500.2922,2026-07-31T09:45:00.292,135.605,1365,,,,0,,,,0.0035,-30.45,-0.0417,-30.45,1,30.0,joystick,+0.000,+0.000,+1.000,+0.000,1100,0,
1785505500.3909,2026-07-31T09:45:00.390,135.704,1366,,,,0,,,,0.0033,-30.98,-0.0420,-30.98,1,30.0,joystick,+0.000,+0.000,+1.000,+0.000,1100,0,
1785505500.4901,2026-07-31T09:45:00.490,135.803,1367,,,,0,,,,0.0026,-31.27,-0.0426,-31.27,1,30.0,joystick,+0.000,+0.000,+1.000,+0.000,1100,0,
1785505500.5889,2026-07-31T09:45:00.588,135.902,1368,,,,0,,,,-0.0011,-31.73,-0.0464,-31.73,1,30.0,joystick,+0.000,+0.000,+1.000,+0.000,1100,0,
1785505500.6884,2026-07-31T09:45:00.688,136.001,1369,,,,0,,,,0.0040,-32.20,-0.0412,-32.20,1,30.0,joystick,+0.000,+0.000,+1.000,+0.000,1100,0,
1785505500.7876,2026-07-31T09:45:00.787,136.101,1370,,,,0,,,,0.0020,-32.43,-0.0432,-32.43,1,30.0,joystick,+0.000,+0.000,+1.000,+0.000,1100,0,
1785505500.8872,2026-07-31T09:45:00.887,136.200,1371,,,,0,,,,0.0044,-32.87,-0.0409,-32.87,1,30.0,joystick,+0.000,+0.000,+1.000,+0.000,1100,0,
1785505500.9861,2026-07-31T09:45:00.986,136.299,1372,,,,0,,,,0.0053,-33.08,-0.0400,-33.08,1,30.0,joystick,+0.000,+0.000,+1.000,+0.000,1100,0,
1785505501.0851,2026-07-31T09:45:01.085,136.398,1373,,,,0,,,,0.0002,-33.41,-0.0451,-33.41,1,30.0,joystick,+0.000,+0.000,+1.000,+0.000,1100,0,
1785505501.1835,2026-07-31T09:45:01.183,136.497,1374,,,,0,,,,0.0008,-33.70,-0.0444,-33.70,1,30.0,joystick,+0.000,+0.000,+1.000,+0.000,1100,0,
1785505501.2824,2026-07-31T09:45:01.282,136.596,1375,,,,0,,,,0.0041,-33.85,-0.0412,-33.85,1,30.0,joystick,+0.000,+0.000,+1.000,+0.000,1100,0,
1785505501.3817,2026-07-31T09:45:01.381,136.695,1376,,,,0,,,,-0.0011,-34.13,-0.0464,-34.13,1,30.0,joystick,+0.000,+0.000,+1.000,+0.000,1100,0,
1785505501.4808,2026-07-31T09:45:01.480,136.794,1377,,,,0,,,,0.0021,-34.27,-0.0432,-34.27,1,30.0,joystick,+0.000,+0.000,+1.000,+0.000,1100,0,
1785505501.5804,2026-07-31T09:45:01.580,136.893,1378,,,,0,,,,0.0051,-34.50,-0.0402,-34.50,1,30.0,joystick,+0.000,+0.000,+1.000,+0.000,1100,0,
1785505501.6796,2026-07-31T09:45:01.679,136.993,1379,,,,0,,,,-0.0019,-34.63,-0.0471,-34.63,1,30.0,joystick,+0.000,+0.000,+1.000,+0.000,1100,0,
1785505501.7793,2026-07-31T09:45:01.779,137.092,1380,,,,0,,,,0.0024,-34.83,-0.0429,-34.83,1,30.0,joystick,+0.000,+0.000,+1.000,+0.000,1100,0,
1785505501.8783,2026-07-31T09:45:01.878,137.191,1381,,,,0,,,,0.0039,-34.89,-0.0414,-34.89,1,30.0,joystick,+0.000,+0.000,+1.000,+0.000,1100,0,
1785505501.9766,2026-07-31T09:45:01.976,137.290,1382,,,,0,,,,0.0034,-35.05,-0.0418,-35.05,1,30.0,joystick,+0.000,+0.000,+1.000,+0.000,1100,0,
1785505502.0757,2026-07-31T09:45:02.075,137.389,1383,,,,0,,,,0.0028,-35.20,-0.0425,-35.20,1,30.0,joystick,+0.000,+0.000,+1.000,+0.000,1100,0,
1785505502.1753,2026-07-31T09:45:02.175,137.488,1384,,,,0,,,,0.0025,-35.29,-0.0428,-35.29,1,30.0,joystick,+0.000,+0.000,+1.000,+0.000,1100,0,
1785505502.2724,2026-07-31T09:45:02.272,137.586,1385,,,,0,,,,0.0043,-35.37,-0.0410,-35.37,1,30.0,joystick,+0.000,+0.000,+1.000,+0.000,1100,0,
1785505502.3727,2026-07-31T09:45:02.372,137.686,1386,,,,0,,,,0.0005,-35.50,-0.0448,-35.50,1,30.0,joystick,+0.000,+0.000,+1.000,+0.000,1100,0,
1785505502.4722,2026-07-31T09:45:02.472,137.785,1387,,,,0,,,,0.0004,-35.57,-0.0448,-35.57,1,30.0,joystick,+0.000,+0.000,+1.000,+0.000,1100,0,
1785505502.5720,2026-07-31T09:45:02.571,137.885,1388,,,,0,,,,0.0061,-35.66,-0.0392,-35.66,1,30.0,joystick,+0.000,+0.000,+0.588,+0.000,1100,0,
1785505502.6709,2026-07-31T09:45:02.670,137.984,1389,,,,0,,,,0.0045,-35.71,-0.0408,-35.71,1,30.0,joystick,+0.000,+0.000,+0.000,+0.000,1100,0,
1785505502.7702,2026-07-31T09:45:02.770,138.083,1390,,,,0,,,,0.0023,-35.81,-0.0430,-35.81,1,30.0,joystick,+0.000,+0.000,+0.000,+0.000,1100,0,
1785505502.8691,2026-07-31T09:45:02.869,138.182,1391,,,,0,,,,0.0021,-35.90,-0.0432,-35.90,1,30.0,joystick,+0.000,+0.000,+0.000,+0.000,1100,0,
1785505502.9687,2026-07-31T09:45:02.968,138.282,1392,,,,0,,,,0.0057,-35.95,-0.0396,-35.95,1,30.0,joystick,+0.000,+0.000,+0.000,+0.000,1100,0,
1785505503.0675,2026-07-31T09:45:03.067,138.381,1393,,,,0,,,,0.0073,-36.05,-0.0380,-36.05,1,30.0,joystick,+0.000,+0.000,+0.000,+0.000,1100,0,
1785505503.1666,2026-07-31T09:45:03.166,138.480,1394,,,,0,,,,0.0133,-36.09,-0.0320,-36.09,1,30.0,joystick,-1.000,+0.000,+0.000,+0.000,1100,0,
1785505503.2658,2026-07-31T09:45:03.265,138.579,1395,,,,0,,,,0.0086,-36.21,-0.0367,-36.21,1,30.0,joystick,+0.000,+0.000,+0.000,+0.000,1100,0,
1785505503.3645,2026-07-31T09:45:03.364,138.678,1396,,,,0,,,,0.0122,-36.24,-0.0330,-36.24,1,30.0,joystick,+0.000,+0.000,+0.000,+0.000,1100,0,
1785505503.4640,2026-07-31T09:45:03.464,138.777,1397,,,,0,,,,0.0156,-36.38,-0.0297,-36.38,1,30.0,joystick,+0.000,+0.000,+0.000,+0.000,1100,0,
1785505503.5628,2026-07-31T09:45:03.562,138.876,1398,,,,0,,,,0.0136,-36.49,-0.0317,-36.49,1,30.0,joystick,-1.000,+0.000,+0.000,+0.000,1100,0,
1785505503.6633,2026-07-31T09:45:03.663,138.976,1399,,,,0,,,,0.0125,-36.49,-0.0327,-36.49,1,30.0,joystick,-1.000,+0.000,+0.000,+0.000,1100,0,
1785505503.7626,2026-07-31T09:45:03.762,139.076,1400,,,,0,,,,0.0147,-36.76,-0.0306,-36.76,1,30.0,joystick,-1.000,+0.000,+0.000,+0.000,1100,0,
1785505503.8626,2026-07-31T09:45:03.862,139.176,1401,,,,0,,,,0.0205,-36.73,-0.0248,-36.73,1,30.0,joystick,-1.000,+0.000,+0.000,+0.000,1100,0,
1785505503.9614,2026-07-31T09:45:03.961,139.275,1402,,,,0,,,,0.0174,-36.66,-0.0279,-36.66,1,30.0,joystick,-1.000,+0.000,+0.000,+0.000,1100,0,
1785505504.0607,2026-07-31T09:45:04.060,139.374,1403,,,,0,,,,0.0222,-36.69,-0.0231,-36.69,1,30.0,joystick,-1.000,+0.000,+0.000,+0.000,1100,0,
1785505504.1610,2026-07-31T09:45:04.161,139.474,1404,,,,0,,,,0.0304,-36.73,-0.0148,-36.73,1,30.0,joystick,-1.000,+0.000,+0.000,+0.000,1100,0,
1785505504.2604,2026-07-31T09:45:04.260,139.574,1405,,,,0,,,,0.0272,-36.72,-0.0181,-36.72,1,30.0,joystick,-1.000,+0.000,+0.000,+0.000,1100,0,
1785505504.3597,2026-07-31T09:45:04.359,139.673,1406,,,,0,,,,0.0335,-36.68,-0.0118,-36.68,1,30.0,joystick,-1.000,+0.000,+0.000,+0.000,1100,0,
1785505504.4585,2026-07-31T09:45:04.458,139.772,1407,,,,0,,,,0.0425,-36.49,-0.0028,-36.49,1,30.0,joystick,-1.000,+0.000,+0.000,+0.000,1100,0,
1785505504.5583,2026-07-31T09:45:04.558,139.871,1408,,,,0,,,,0.0490,-36.23,0.0037,-36.23,1,30.0,joystick,-1.000,+0.000,+0.000,+0.000,1100,0,
1785505504.6566,2026-07-31T09:45:04.656,139.970,1409,,,,0,,,,0.0534,-36.13,0.0081,-36.13,1,30.0,joystick,-1.000,+0.000,+0.000,+0.000,1100,0,
1785505504.7558,2026-07-31T09:45:04.755,140.069,1410,,,,0,,,,0.0632,-35.95,0.0179,-35.95,1,30.0,joystick,-1.000,+0.000,+0.000,+0.000,1100,0,
1785505504.8547,2026-07-31T09:45:04.854,140.168,1411,,,,0,,,,0.0723,-35.88,0.0270,-35.88,1,30.0,joystick,-1.000,+0.000,+0.000,+0.000,1100,0,
1785505504.9538,2026-07-31T09:45:04.953,140.267,1412,,,,0,,,,0.0788,-35.80,0.0335,-35.80,1,30.0,joystick,-1.000,+0.000,+0.000,+0.000,1100,0,
1785505505.0533,2026-07-31T09:45:05.053,140.366,1413,,,,0,,,,0.0894,-35.77,0.0441,-35.77,1,30.0,joystick,-1.000,+0.000,+0.000,+0.000,1100,0,
1785505505.1526,2026-07-31T09:45:05.152,140.466,1414,,,,0,,,,0.1006,-35.75,0.0553,-35.75,1,30.0,joystick,-1.000,+0.000,+0.000,+0.000,1100,0,
1785505505.2518,2026-07-31T09:45:05.251,140.565,1415,,,,0,,,,0.1074,-35.63,0.0621,-35.63,1,30.0,joystick,-1.000,+0.000,+0.000,+0.000,1100,0,
1785505505.3508,2026-07-31T09:45:05.350,140.664,1416,,,,0,,,,0.1155,-35.54,0.0702,-35.54,1,30.0,joystick,-1.000,+0.000,-0.235,+0.000,1100,0,
1785505505.4497,2026-07-31T09:45:05.449,140.763,1417,,,,0,,,,0.1242,-35.35,0.0790,-35.35,1,30.0,joystick,-1.000,+0.000,-1.000,+0.000,1100,0,
1785505505.5484,2026-07-31T09:45:05.548,140.862,1418,,,,0,,,,0.1352,-35.14,0.0899,-35.14,1,30.0,joystick,-1.000,+0.000,-1.000,+0.000,1100,0,
1785505505.6491,2026-07-31T09:45:05.649,140.962,1419,,,,0,,,,0.1391,-34.97,0.0939,-34.97,1,30.0,joystick,-0.836,+0.000,-1.000,+0.000,1100,0,
1785505505.7482,2026-07-31T09:45:05.748,141.061,1420,,,,0,,,,0.1679,-34.66,0.1226,-34.66,1,30.0,joystick,-0.820,+0.000,-1.000,+0.000,1100,0,
1785505505.8473,2026-07-31T09:45:05.847,141.160,1421,,,,0,,,,0.1746,-34.52,0.1293,-34.52,1,30.0,joystick,-0.812,+0.000,-1.000,+0.000,1100,0,
1785505505.9464,2026-07-31T09:45:05.946,141.260,1422,,,,0,,,,0.1994,-34.13,0.1542,-34.13,1,30.0,joystick,-0.789,+0.000,-1.000,+0.000,1100,0,
1785505506.0467,2026-07-31T09:45:06.046,141.360,1423,,,,0,,,,0.2125,-33.88,0.1672,-33.88,1,30.0,joystick,+0.000,+0.000,-1.000,+0.000,1100,0,
1785505506.1471,2026-07-31T09:45:06.147,141.460,1424,,,,0,,,,0.2386,-33.28,0.1933,-33.28,1,30.0,joystick,+1.000,+0.000,+0.796,+0.000,1100,0,
1785505506.2471,2026-07-31T09:45:06.247,141.560,1425,,,,0,,,,0.2617,-32.01,0.2164,-32.01,1,30.0,joystick,+1.000,+0.000,+1.000,+0.000,1100,0,
1785505506.3457,2026-07-31T09:45:06.345,141.659,1426,,,,0,,,,0.2697,-30.65,0.2244,-30.65,1,30.0,joystick,+1.000,+0.000,+1.000,+0.000,1100,0,
1785505506.4451,2026-07-31T09:45:06.445,141.758,1427,,,,0,,,,0.2623,-28.53,0.2170,-28.53,1,30.0,joystick,+1.000,+0.000,+1.000,+0.000,1100,0,
1785505506.5435,2026-07-31T09:45:06.543,141.857,1428,,,,0,,,,0.2507,-27.56,0.2055,-27.56,1,30.0,joystick,+1.000,+0.000,+1.000,+0.000,1100,0,
1785505506.6436,2026-07-31T09:45:06.643,141.957,1429,,,,0,,,,0.2431,-25.42,0.1978,-25.42,1,30.0,joystick,+1.000,+0.000,+1.000,+0.000,1100,0,
1785505506.7426,2026-07-31T09:45:06.742,142.056,1430,,,,0,,,,0.2372,-23.13,0.1920,-23.13,1,30.0,joystick,+1.000,+0.000,+1.000,+0.000,1100,0,
1785505506.8417,2026-07-31T09:45:06.841,142.155,1431,,,,0,,,,0.2322,-22.04,0.1869,-22.04,1,30.0,joystick,+1.000,+0.000,+1.000,+0.000,1100,0,
1785505506.9410,2026-07-31T09:45:06.941,142.254,1432,,,,0,,,,0.2158,-19.95,0.1705,-19.95,1,30.0,joystick,+1.000,+0.000,+1.000,+0.000,1100,0,
1785505507.0402,2026-07-31T09:45:07.040,142.353,1433,,,,0,,,,0.2185,-19.02,0.1732,-19.02,1,30.0,joystick,+1.000,+0.000,+1.000,+0.000,1100,0,
1785505507.1393,2026-07-31T09:45:07.139,142.452,1434,,,,0,,,,0.2017,-17.53,0.1564,-17.53,1,30.0,joystick,+1.000,+0.000,+1.000,+0.000,1100,0,
1785505507.2395,2026-07-31T09:45:07.239,142.553,1435,,,,0,,,,0.1859,-16.53,0.1406,-16.53,1,30.0,joystick,+1.000,+0.000,+1.000,+0.000,1100,0,
1785505507.3389,2026-07-31T09:45:07.338,142.652,1436,,,,0,,,,0.1824,-16.14,0.1371,-16.14,1,30.0,joystick,+0.000,+0.000,+0.000,+0.000,1100,0,
1785505507.4382,2026-07-31T09:45:07.438,142.751,1437,,,,0,,,,0.1600,-15.44,0.1147,-15.44,1,30.0,joystick,-0.336,+0.000,+0.000,+0.000,1100,0,
1785505507.5364,2026-07-31T09:45:07.536,142.850,1438,,,,0,,,,0.1593,-14.96,0.1141,-14.96,1,30.0,joystick,-0.359,+0.000,+0.000,+0.000,1100,0,
1785505507.6373,2026-07-31T09:45:07.637,142.950,1439,,,,0,,,,0.1446,-13.92,0.0994,-13.92,1,30.0,joystick,-0.359,+0.000,+0.000,+0.000,1100,0,
1785505507.7382,2026-07-31T09:45:07.738,143.051,1440,,,,0,,,,0.1280,-12.83,0.0827,-12.83,1,30.0,joystick,-0.344,+0.000,+0.000,+0.000,1100,0,
1785505507.8366,2026-07-31T09:45:07.836,143.150,1441,,,,0,,,,0.1192,-12.31,0.0740,-12.31,1,30.0,joystick,-0.289,+0.000,+0.000,+0.000,1100,0,
1785505507.9362,2026-07-31T09:45:07.936,143.249,1442,,,,0,,,,0.0974,-11.31,0.0521,-11.31,1,30.0,joystick,-0.141,+0.000,+0.000,+0.000,1100,0,
1785505508.0361,2026-07-31T09:45:08.036,143.349,1443,,,,0,,,,0.0848,-10.82,0.0396,-10.82,1,30.0,joystick,+0.000,+0.000,+0.000,+0.000,1100,0,
1785505508.1344,2026-07-31T09:45:08.134,143.447,1444,,,,0,,,,0.0646,-9.88,0.0193,-9.88,1,30.0,joystick,+0.000,+0.000,+0.000,+0.000,1100,0,
1785505508.2342,2026-07-31T09:45:08.234,143.547,1445,,,,0,,,,0.0434,-9.13,-0.0019,-9.13,1,30.0,joystick,+0.000,+0.000,+0.000,+0.000,1100,0,
1785505508.3327,2026-07-31T09:45:08.332,143.646,1446,,,,0,,,,0.0323,-8.83,-0.0129,-8.83,1,30.0,joystick,+0.000,+0.000,+0.000,+0.000,1100,0,
1785505508.4323,2026-07-31T09:45:08.432,143.745,1447,,,,0,,,,0.0171,-8.44,-0.0282,-8.44,1,30.0,joystick,+0.000,+0.000,+0.000,+0.000,1100,0,
1785505508.5318,2026-07-31T09:45:08.531,143.845,1448,,,,0,,,,0.0145,-8.34,-0.0307,-8.34,1,30.0,joystick,+0.000,+0.000,+0.000,+0.000,1100,0,
1785505508.6317,2026-07-31T09:45:08.631,143.945,1449,,,,0,,,,0.0006,-8.33,-0.0447,-8.33,1,30.0,joystick,+0.000,+0.000,+0.000,+0.000,1100,0,
1785505508.7304,2026-07-31T09:45:08.730,144.044,1450,,,,0,,,,0.0054,-8.57,-0.0398,-8.57,1,30.0,joystick,+0.000,+0.000,+0.000,+0.000,1100,0,
1785505508.8309,2026-07-31T09:45:08.830,144.144,1451,,,,0,,,,-0.0019,-8.74,-0.0472,-8.74,1,30.0,joystick,+0.000,+0.000,+0.000,+0.000,1100,0,
1785505508.9296,2026-07-31T09:45:08.929,144.243,1452,,,,0,,,,0.0031,-9.13,-0.0421,-9.13,1,30.0,joystick,+0.000,+0.000,+1.000,+0.000,1100,0,
1785505509.0289,2026-07-31T09:45:09.028,144.342,1453,,,,0,,,,0.0075,-9.36,-0.0377,-9.36,1,30.0,joystick,+0.000,+0.000,+1.000,+0.000,1100,0,
1785505509.1287,2026-07-31T09:45:09.128,144.442,1454,,,,0,,,,0.0100,-9.88,-0.0353,-9.88,1,30.0,joystick,+0.000,+0.000,+1.000,+0.000,1100,0,
1785505509.2291,2026-07-31T09:45:09.229,144.542,1455,,,,0,,,,0.0131,-10.35,-0.0322,-10.35,1,30.0,joystick,+0.000,+0.000,+1.000,+0.000,1100,0,
1785505509.3275,2026-07-31T09:45:09.327,144.641,1456,,,,0,,,,0.0056,-10.55,-0.0397,-10.55,1,30.0,joystick,+0.000,+0.000,+1.000,+0.000,1100,0,
1785505509.4283,2026-07-31T09:45:09.428,144.741,1457,,,,0,,,,0.0111,-10.82,-0.0341,-10.82,1,30.0,joystick,+0.000,+0.000,+1.000,+0.000,1100,0,
1785505509.5276,2026-07-31T09:45:09.527,144.841,1458,,,,0,,,,0.0110,-10.83,-0.0343,-10.83,1,30.0,joystick,+0.000,+0.000,+0.455,+0.000,1100,0,
1785505509.6265,2026-07-31T09:45:09.626,144.940,1459,,,,0,,,,0.0097,-10.76,-0.0356,-10.76,1,30.0,joystick,-0.648,+0.000,+0.000,+0.000,1100,0,
1785505509.7268,2026-07-31T09:45:09.726,145.040,1460,,,,0,,,,0.0005,-10.66,-0.0448,-10.66,1,30.0,joystick,-1.000,+0.000,+0.000,+0.000,1100,0,
1785505509.8264,2026-07-31T09:45:09.826,145.140,1461,,,,0,,,,0.0053,-10.72,-0.0400,-10.72,1,30.0,joystick,-1.000,+0.000,+0.000,+0.000,1100,0,
1785505509.9258,2026-07-31T09:45:09.925,145.239,1462,,,,0,,,,0.0069,-10.58,-0.0384,-10.58,1,30.0,joystick,-1.000,+0.000,+0.000,+0.000,1100,0,
1785505510.0257,2026-07-31T09:45:10.025,145.339,1463,,,,0,,,,0.0075,-10.54,-0.0377,-10.54,1,30.0,joystick,-1.000,+0.000,+0.000,+0.000,1100,0,
1785505510.1244,2026-07-31T09:45:10.124,145.438,1464,,,,0,,,,0.0089,-10.49,-0.0364,-10.49,1,30.0,joystick,-1.000,+0.000,+0.000,+0.000,1100,0,
1785505510.2247,2026-07-31T09:45:10.224,145.538,1465,,,,0,,,,0.0213,-10.46,-0.0240,-10.46,1,30.0,joystick,-1.000,+0.000,+0.000,+0.000,1100,0,
1785505510.3242,2026-07-31T09:45:10.324,145.637,1466,,,,0,,,,0.0209,-10.50,-0.0244,-10.50,1,30.0,joystick,-1.000,+0.000,+0.000,+0.000,1100,0,
1785505510.4243,2026-07-31T09:45:10.424,145.737,1467,,,,0,,,,0.0137,-10.56,-0.0316,-10.56,1,30.0,joystick,-1.000,+0.000,+0.153,+0.000,1100,0,
1785505510.5250,2026-07-31T09:45:10.525,145.838,1468,,,,0,,,,0.0225,-10.62,-0.0228,-10.62,1,30.0,joystick,-1.000,+0.000,+1.000,+0.000,1100,0,
1785505510.6242,2026-07-31T09:45:10.624,145.937,1469,,,,0,,,,0.0223,-10.76,-0.0229,-10.76,1,30.0,joystick,-1.000,+0.000,+1.000,+0.000,1100,0,
1785505510.7236,2026-07-31T09:45:10.723,146.037,1470,,,,0,,,,0.0320,-10.92,-0.0132,-10.92,1,30.0,joystick,-1.000,+0.000,+1.000,+0.000,1100,0,
1785505510.8230,2026-07-31T09:45:10.823,146.136,1471,,,,0,,,,0.0284,-11.21,-0.0169,-11.21,1,30.0,joystick,-1.000,+0.000,+1.000,+0.000,1100,0,
1785505510.9220,2026-07-31T09:45:10.921,146.235,1472,,,,0,,,,0.0340,-11.05,-0.0113,-11.05,1,30.0,joystick,-1.000,+0.000,+1.000,+0.000,1100,0,
1785505511.0205,2026-07-31T09:45:11.020,146.334,1473,,,,0,,,,0.0312,-10.85,-0.0141,-10.85,1,30.0,joystick,-1.000,+0.000,+1.000,+0.000,1100,0,
1785505511.1201,2026-07-31T09:45:11.120,146.433,1474,,,,0,,,,0.0401,-10.30,-0.0052,-10.30,1,30.0,joystick,-1.000,+0.000,+1.000,+1.000,1100,0,
1785505511.2187,2026-07-31T09:45:11.218,146.532,1475,,,,0,,,,0.0379,-10.80,-0.0073,-10.80,1,30.0,joystick,-1.000,+0.000,+1.000,+1.000,1100,0,
1785505511.3174,2026-07-31T09:45:11.317,146.631,1476,,,,0,,,,0.0360,-13.79,-0.0093,-13.79,1,30.0,joystick,-1.000,+0.000,+1.000,+1.000,1100,0,
1785505511.4171,2026-07-31T09:45:11.417,146.730,1477,,,,0,,,,0.0313,-18.35,-0.0140,-18.35,1,30.0,joystick,-1.000,+0.000,+1.000,+0.000,1100,0,
1785505511.5160,2026-07-31T09:45:11.515,146.829,1478,,,,0,,,,0.0330,-21.02,-0.0123,-21.02,1,30.0,joystick,-1.000,+0.000,+1.000,+0.000,1100,0,
1785505511.6152,2026-07-31T09:45:11.615,146.928,1479,,,,0,,,,0.0314,-27.03,-0.0138,-27.03,1,30.0,joystick,-1.000,+0.000,+1.000,+0.000,1100,0,
1785505511.7159,2026-07-31T09:45:11.715,147.029,1480,,,,0,,,,0.0285,-30.39,-0.0168,-30.39,1,30.0,joystick,-1.000,+0.000,+1.000,+1.000,1100,0,
1785505511.8147,2026-07-31T09:45:11.814,147.128,1481,,,,0,,,,0.0237,-37.17,-0.0215,-37.17,1,30.0,joystick,-1.000,+0.000,+1.000,+1.000,1100,0,
1785505511.9133,2026-07-31T09:45:11.913,147.226,1482,,,,0,,,,0.0170,-44.49,-0.0283,-44.49,1,30.0,joystick,-1.000,+0.000,+1.000,+0.000,1100,0,
1785505512.0127,2026-07-31T09:45:12.012,147.326,1483,,,,0,,,,0.0202,-47.61,-0.0250,-47.61,1,30.0,joystick,-1.000,+0.000,+1.000,+0.000,1100,0,
1785505512.1121,2026-07-31T09:45:12.112,147.425,1484,,,,0,,,,0.0142,-52.15,-0.0311,-52.15,1,30.0,joystick,-1.000,+0.000,+1.000,+0.000,1100,0,
1785505512.2103,2026-07-31T09:45:12.210,147.523,1485,,,,0,,,,0.0167,-54.03,-0.0285,-54.03,1,30.0,joystick,-1.000,+0.000,+1.000,+0.000,1100,0,
1785505512.3105,2026-07-31T09:45:12.310,147.624,1486,,,,0,,,,0.0225,-57.35,-0.0227,-57.35,1,30.0,joystick,-1.000,+0.000,+1.000,+0.000,1100,0,
1785505512.4102,2026-07-31T09:45:12.410,147.723,1487,,,,0,,,,0.0261,-60.29,-0.0191,-60.29,1,30.0,joystick,-1.000,+0.000,+1.000,+0.000,1100,0,
1785505512.5095,2026-07-31T09:45:12.509,147.823,1488,,,,0,,,,0.0284,-61.62,-0.0168,-61.62,1,30.0,joystick,-1.000,+0.000,+1.000,+0.000,1100,0,
1785505512.6088,2026-07-31T09:45:12.608,147.922,1489,,,,0,,,,0.0379,-63.87,-0.0074,-63.87,1,30.0,joystick,-1.000,+0.000,+1.000,+0.000,1100,0,
1785505512.7091,2026-07-31T09:45:12.709,148.022,1490,,,,0,,,,0.0401,-64.85,-0.0052,-64.85,1,30.0,joystick,-1.000,+0.000,+1.000,-1.000,1100,0,
1785505512.8085,2026-07-31T09:45:12.808,148.122,1491,,,,0,,,,0.0372,-64.75,-0.0081,-64.75,1,30.0,joystick,-1.000,+0.000,+1.000,+0.000,1100,0,
1785505512.9082,2026-07-31T09:45:12.908,148.221,1492,,,,0,,,,0.0407,-60.10,-0.0046,-60.10,1,30.0,joystick,-1.000,+0.000,+1.000,+0.000,1100,0,
1785505513.0065,2026-07-31T09:45:13.006,148.320,1493,,,,0,,,,0.0434,-58.56,-0.0019,-58.56,1,30.0,joystick,-1.000,+0.000,+1.000,+0.000,1100,0,
1785505513.1061,2026-07-31T09:45:13.106,148.419,1494,,,,0,,,,0.0489,-56.77,0.0036,-56.77,1,30.0,joystick,-1.000,+0.000,+1.000,+0.000,1100,0,
1785505513.2056,2026-07-31T09:45:13.205,148.519,1495,,,,0,,,,0.0478,-56.10,0.0025,-56.10,1,30.0,joystick,-1.000,+0.000,+1.000,+1.000,1100,0,
1785505513.3034,2026-07-31T09:45:13.303,148.617,1496,,,,0,,,,0.0483,-57.02,0.0030,-57.02,1,30.0,joystick,-1.000,+0.000,+1.000,+0.000,1100,0,
1785505513.4030,2026-07-31T09:45:13.403,148.716,1497,,,,0,,,,0.0437,-62.04,-0.0016,-62.04,1,30.0,joystick,-1.000,+0.000,+1.000,+0.000,1100,0,
1785505513.5022,2026-07-31T09:45:13.502,148.815,1498,,,,0,,,,0.0406,-63.48,-0.0047,-63.48,1,30.0,joystick,-1.000,+0.000,+1.000,+0.000,1100,0,
1785505513.6036,2026-07-31T09:45:13.603,148.917,1499,,,,0,,,,0.0372,-64.88,-0.0080,-64.88,1,30.0,joystick,-1.000,+0.000,+1.000,+0.000,1100,0,
1785505513.7041,2026-07-31T09:45:13.704,149.017,1500,,,,0,,,,0.0359,-65.30,-0.0093,-65.30,1,30.0,joystick,-1.000,+0.000,+1.000,+0.000,1100,0,
1785505513.8040,2026-07-31T09:45:13.804,149.117,1501,,,,0,,,,0.0362,-66.17,-0.0091,-66.17,1,30.0,joystick,-1.000,+0.000,+1.000,-1.000,1100,0,
1785505513.9028,2026-07-31T09:45:13.902,149.216,1502,,,,0,,,,0.0404,-66.54,-0.0048,-66.54,1,30.0,joystick,-1.000,+0.000,+1.000,+0.000,1100,0,
1785505514.0023,2026-07-31T09:45:14.002,149.315,1503,,,,0,,,,0.0337,-63.56,-0.0116,-63.56,1,30.0,joystick,-1.000,+0.000,+1.000,+0.000,1100,0,
1785505514.1017,2026-07-31T09:45:14.101,149.415,1504,,,,0,,,,0.0396,-58.81,-0.0057,-58.81,1,30.0,joystick,-1.000,+0.000,+1.000,+0.000,1100,0,
1785505514.2009,2026-07-31T09:45:14.200,149.514,1505,,,,0,,,,0.0359,-57.45,-0.0093,-57.45,1,30.0,joystick,-1.000,+0.000,+1.000,+0.000,1100,0,
1785505514.2996,2026-07-31T09:45:14.299,149.613,1506,,,,0,,,,0.0373,-55.51,-0.0080,-55.51,1,30.0,joystick,-1.000,+0.000,+1.000,+0.000,1100,0,
1785505514.3992,2026-07-31T09:45:14.399,149.712,1507,,,,0,,,,0.0421,-54.60,-0.0032,-54.60,1,30.0,joystick,-1.000,+0.000,+1.000,+0.000,1100,0,
1785505514.4976,2026-07-31T09:45:14.497,149.811,1508,,,,0,,,,0.0366,-52.89,-0.0087,-52.89,1,30.0,joystick,-1.000,+0.000,+1.000,+0.000,1100,0,
1785505514.5964,2026-07-31T09:45:14.596,149.910,1509,,,,0,,,,0.0413,-51.41,-0.0040,-51.41,1,30.0,joystick,-1.000,+0.000,+1.000,+0.000,1100,0,
1785505514.6954,2026-07-31T09:45:14.695,150.008,1510,,,,0,,,,0.0468,-50.77,0.0015,-50.77,1,30.0,joystick,-1.000,+0.000,+1.000,+0.000,1100,0,
1785505514.7951,2026-07-31T09:45:14.795,150.108,1511,,,,0,,,,0.0471,-49.83,0.0019,-49.83,1,30.0,joystick,-1.000,+0.000,+1.000,+0.000,1100,0,
1785505514.8935,2026-07-31T09:45:14.893,150.207,1512,,,,0,,,,0.0511,-49.37,0.0059,-49.37,1,30.0,joystick,-1.000,+0.000,+1.000,+0.000,1100,0,
1785505514.9930,2026-07-31T09:45:14.992,150.306,1513,,,,0,,,,0.0534,-48.58,0.0081,-48.58,1,30.0,joystick,-1.000,+0.000,+1.000,+1.000,1100,0,
1785505515.0933,2026-07-31T09:45:15.093,150.406,1514,,,,0,,,,0.0570,-50.24,0.0118,-50.24,1,30.0,joystick,-1.000,+0.000,+1.000,+0.000,1100,0,
1785505515.1941,2026-07-31T09:45:15.194,150.507,1515,,,,0,,,,0.0492,-53.22,0.0040,-53.22,1,30.0,joystick,-1.000,+0.000,+1.000,+0.000,1100,0,
1785505515.2927,2026-07-31T09:45:15.292,150.606,1516,,,,0,,,,0.0518,-57.38,0.0066,-57.38,1,30.0,joystick,+0.000,+0.000,+0.000,+0.000,1100,0,
1785505515.3919,2026-07-31T09:45:15.391,150.705,1517,,,,0,,,,0.0514,-58.38,0.0061,-58.38,1,30.0,joystick,+0.000,+0.000,+0.000,+0.000,1100,0,
1785505515.4910,2026-07-31T09:45:15.491,150.804,1518,,,,0,,,,0.0422,-59.82,-0.0031,-59.82,1,30.0,joystick,+0.000,+0.000,+0.000,+0.000,1100,0,
1785505515.5901,2026-07-31T09:45:15.590,150.903,1519,,,,0,,,,0.0425,-61.08,-0.0028,-61.08,1,30.0,joystick,+0.000,+0.000,+0.000,+0.000,1100,0,
1785505515.6888,2026-07-31T09:45:15.688,151.002,1520,,,,0,,,,0.0447,-61.68,-0.0005,-61.68,1,30.0,joystick,+0.000,+0.000,+0.000,+0.000,1100,0,
1785505515.7873,2026-07-31T09:45:15.787,151.100,1521,,,,0,,,,0.0454,-62.75,0.0001,-62.75,1,30.0,joystick,+0.000,+0.000,+0.000,+0.000,1100,0,
1785505515.8879,2026-07-31T09:45:15.887,151.201,1522,,,,0,,,,0.0448,-63.21,-0.0005,-63.21,1,30.0,joystick,+0.000,+0.000,+0.000,+0.000,1100,0,
1785505515.9863,2026-07-31T09:45:15.986,151.299,1523,,,,0,,,,0.0515,-64.08,0.0062,-64.08,1,30.0,joystick,+0.000,+0.000,+0.000,+0.000,1100,0,
1785505516.0855,2026-07-31T09:45:16.085,151.399,1524,,,,0,,,,0.0496,-64.50,0.0043,-64.50,1,30.0,joystick,+0.000,+0.000,+0.000,+0.000,1100,0,
1785505516.1845,2026-07-31T09:45:16.184,151.498,1525,,,,0,,,,0.0530,-65.25,0.0077,-65.25,1,30.0,joystick,+0.000,+0.000,+0.000,+0.000,1100,0,
1785505516.2834,2026-07-31T09:45:16.283,151.597,1526,,,,0,,,,0.0566,-65.90,0.0114,-65.90,1,30.0,joystick,+0.000,+0.000,+0.000,+0.000,1100,0,
1785505516.3824,2026-07-31T09:45:16.382,151.696,1527,,,,0,,,,0.0560,-66.22,0.0107,-66.22,1,30.0,joystick,+0.000,+0.000,+0.000,+0.000,1100,0,
1785505516.4831,2026-07-31T09:45:16.483,151.796,1528,,,,0,,,,0.0594,-66.84,0.0142,-66.84,1,30.0,joystick,+0.000,+0.000,+0.000,+0.000,1100,0,
1785505516.5813,2026-07-31T09:45:16.581,151.894,1529,,,,0,,,,0.0562,-67.15,0.0109,-67.15,1,30.0,joystick,+0.000,+0.000,+1.000,+0.000,1100,0,
1785505516.6804,2026-07-31T09:45:16.680,151.993,1530,,,,0,,,,0.0575,-67.69,0.0122,-67.69,1,30.0,joystick,+0.000,+0.000,+1.000,+0.000,1100,0,
1785505516.7793,2026-07-31T09:45:16.779,152.092,1531,,,,0,,,,0.0554,-68.10,0.0101,-68.10,1,30.0,joystick,+0.000,+0.000,+1.000,+0.000,1100,0,
1785505516.8798,2026-07-31T09:45:16.879,152.193,1532,,,,0,,,,0.0552,-0.19,0.0099,-68.29,1,30.0,joystick,+0.000,+0.000,+1.000,+0.000,1100,0,
1785505516.9795,2026-07-31T09:45:16.979,152.293,1533,,,,0,,,,0.0473,-0.43,0.0020,-68.53,1,30.0,joystick,+0.000,+0.000,+1.000,+0.000,1100,0,
1785505517.0800,2026-07-31T09:45:17.080,152.393,1534,,,,0,,,,0.0403,-0.51,-0.0049,-68.61,1,30.0,joystick,+0.000,+0.000,+1.000,+0.000,1100,0,
1785505517.1784,2026-07-31T09:45:17.178,152.492,1535,,,,0,,,,0.0247,-0.51,-0.0206,-68.61,1,30.0,joystick,+0.000,+0.000,+1.000,+0.000,1100,0,
1785505517.2780,2026-07-31T09:45:17.277,152.591,1536,,,,0,,,,0.0193,-0.39,-0.0259,-68.49,1,30.0,joystick,+0.000,+0.000,+1.000,+0.000,1100,0,
1785505517.3767,2026-07-31T09:45:17.376,152.690,1537,,,,0,,,,0.0078,-0.02,-0.0375,-68.12,1,30.0,joystick,+0.000,+0.000,+1.000,+0.000,1100,0,
1785505517.4756,2026-07-31T09:45:17.475,152.789,1538,,,,0,,,,-0.0026,0.28,-0.0479,-67.82,1,30.0,joystick,+0.000,+0.000,+1.000,+0.000,1100,0,
1785505517.5751,2026-07-31T09:45:17.575,152.888,1539,,,,0,,,,-0.0085,0.37,-0.0538,-67.73,1,30.0,joystick,+0.000,+0.000,+1.000,+0.000,1100,0,
1785505517.6737,2026-07-31T09:45:17.673,152.987,1540,,,,0,,,,-0.0076,0.42,-0.0529,-67.68,1,30.0,joystick,+0.000,+0.000,+1.000,+0.000,1100,0,
1785505517.7727,2026-07-31T09:45:17.772,153.086,1541,,,,0,,,,-0.0042,0.34,-0.0495,-67.76,1,30.0,joystick,+0.000,+0.000,+1.000,+0.000,1100,0,
1785505517.8718,2026-07-31T09:45:17.871,153.185,1542,,,,0,,,,0.0062,0.16,-0.0390,-67.94,1,30.0,joystick,+0.000,+0.000,+1.000,+0.000,1100,0,
1785505517.9709,2026-07-31T09:45:17.970,153.284,1543,,,,0,,,,0.0090,-0.01,-0.0363,-68.11,1,30.0,joystick,+0.000,+0.000,+1.000,+0.000,1100,0,
1785505518.0694,2026-07-31T09:45:18.069,153.383,1544,,,,0,,,,0.0064,-0.06,-0.0389,-68.16,1,30.0,joystick,+0.000,+0.000,+1.000,+0.000,1100,0,
1785505518.1694,2026-07-31T09:45:18.169,153.482,1545,,,,0,,,,0.0028,-0.14,-0.0425,-68.24,1,30.0,joystick,+0.000,+0.000,+1.000,+0.000,1100,0,
1785505518.2690,2026-07-31T09:45:18.269,153.582,1546,,,,0,,,,0.0090,-0.17,-0.0362,-68.27,1,30.0,joystick,+0.000,+0.000,+1.000,+0.000,1100,0,
1785505518.3676,2026-07-31T09:45:18.367,153.681,1547,,,,0,,,,0.0138,-0.09,-0.0315,-68.19,1,30.0,joystick,+0.000,+0.000,+1.000,+0.000,1100,0,
1785505518.4669,2026-07-31T09:45:18.466,153.780,1548,,,,0,,,,0.0120,0.05,-0.0333,-68.05,1,30.0,joystick,+0.000,+0.000,+1.000,+0.000,1100,0,
1785505518.5669,2026-07-31T09:45:18.566,153.880,1549,,,,0,,,,0.0123,0.14,-0.0330,-67.96,1,30.0,joystick,+0.000,+0.000,+1.000,+0.000,1100,0,
1785505518.6662,2026-07-31T09:45:18.666,153.979,1550,,,,0,,,,0.0013,0.23,-0.0440,-67.87,1,30.0,joystick,+0.000,+0.000,+1.000,+0.000,1100,0,
1785505518.7645,2026-07-31T09:45:18.764,154.078,1551,,,,0,,,,0.0071,0.23,-0.0381,-67.87,1,30.0,joystick,+0.000,+0.000,+1.000,+0.000,1100,0,
1785505518.8646,2026-07-31T09:45:18.864,154.178,1552,,,,0,,,,0.0032,0.20,-0.0421,-67.90,1,30.0,joystick,+0.000,+0.000,+1.000,+0.000,1100,0,
1785505518.9641,2026-07-31T09:45:18.964,154.277,1553,,,,0,,,,0.0048,0.14,-0.0405,-67.96,1,30.0,joystick,+0.000,+0.000,+1.000,+0.000,1100,0,
1785505519.0626,2026-07-31T09:45:19.062,154.376,1554,,,,0,,,,0.0011,0.14,-0.0442,-67.96,1,30.0,joystick,+0.000,+0.000,+1.000,+0.000,1100,0,
1785505519.1614,2026-07-31T09:45:19.161,154.475,1555,,,,0,,,,-0.0015,0.18,-0.0468,-67.92,1,30.0,joystick,+0.000,+0.000,+1.000,+0.000,1100,0,
1785505519.2614,2026-07-31T09:45:19.261,154.574,1556,,,,0,,,,0.0012,0.24,-0.0440,-67.86,1,30.0,joystick,+0.000,+0.000,+1.000,+0.000,1100,0,
1785505519.3617,2026-07-31T09:45:19.361,154.675,1557,,,,0,,,,0.0061,0.38,-0.0391,-67.72,1,30.0,joystick,+0.000,+0.000,+1.000,+0.000,1100,0,
1785505519.4610,2026-07-31T09:45:19.460,154.774,1558,,,,0,,,,-0.0011,0.47,-0.0463,-67.63,1,30.0,joystick,+0.000,+0.000,+1.000,+0.000,1100,0,
1785505519.5594,2026-07-31T09:45:19.559,154.873,1559,,,,0,,,,0.0016,0.49,-0.0437,-67.61,1,30.0,joystick,+0.000,+0.000,+1.000,+0.000,1100,0,
1785505519.6594,2026-07-31T09:45:19.659,154.973,1560,,,,0,,,,0.0031,0.52,-0.0422,-67.58,1,30.0,joystick,+0.000,+0.000,+1.000,+0.000,1100,0,
1785505519.7610,2026-07-31T09:45:19.761,155.074,1561,,,,0,,,,0.0038,0.57,-0.0415,-67.53,1,30.0,joystick,+0.000,+0.000,+1.000,-1.000,1100,0,
1785505519.8599,2026-07-31T09:45:19.859,155.173,1562,,,,0,,,,-0.0021,0.72,-0.0474,-67.38,1,30.0,joystick,+0.000,+0.000,+1.000,-1.000,1100,0,
1785505519.9588,2026-07-31T09:45:19.958,155.272,1563,,,,0,,,,-0.0007,0.78,-0.0460,-67.32,1,30.0,joystick,+0.000,+0.000,+1.000,+0.000,1100,0,
1785505520.0582,2026-07-31T09:45:20.058,155.371,1564,,,,0,,,,0.0017,1.17,-0.0436,-66.93,1,30.0,joystick,+0.000,+0.000,+1.000,+0.000,1100,0,
1785505520.1564,2026-07-31T09:45:20.156,155.470,1565,,,,0,,,,-0.0004,1.77,-0.0457,-66.33,1,30.0,joystick,+0.000,+0.000,+1.000,+0.000,1100,0,
1785505520.2572,2026-07-31T09:45:20.257,155.570,1566,,,,0,,,,0.0073,2.09,-0.0380,-66.01,1,30.0,joystick,+0.000,+0.000,+1.000,+0.000,1100,0,
1785505520.3555,2026-07-31T09:45:20.355,155.669,1567,,,,0,,,,0.0050,2.87,-0.0402,-65.24,1,30.0,joystick,+0.000,+0.000,+1.000,-1.000,1100,0,
1785505520.4546,2026-07-31T09:45:20.454,155.768,1568,,,,0,,,,0.0035,3.92,-0.0418,-64.18,1,30.0,joystick,+0.000,+0.000,+1.000,+0.000,1100,0,
1785505520.5538,2026-07-31T09:45:20.553,155.867,1569,,,,0,,,,0.0063,9.16,-0.0390,-58.94,1,30.0,joystick,+0.000,+0.000,+1.000,+0.000,1100,0,
1785505520.6543,2026-07-31T09:45:20.654,155.967,1570,,,,0,,,,-0.0028,11.92,-0.0481,-56.18,1,30.0,idle,+0.000,+0.000,+0.000,+0.000,1100,0,
1785505520.7535,2026-07-31T09:45:20.753,156.067,1571,,,,0,,,,-0.0007,12.96,-0.0460,-55.14,1,30.0,idle,+0.000,+0.000,+0.000,+0.000,1100,0,
1785505520.8526,2026-07-31T09:45:20.852,156.166,1572,,,,0,,,,0.0011,14.61,-0.0442,-53.49,1,30.0,idle,+0.000,+0.000,+0.000,+0.000,1100,0,
1785505520.9529,2026-07-31T09:45:20.952,156.266,1573,,,,0,,,,0.0057,15.28,-0.0396,-52.82,1,30.0,idle,+0.000,+0.000,+0.000,+0.000,1100,0,
1785505521.0522,2026-07-31T09:45:21.052,156.365,1574,,,,0,,,,0.0077,16.43,-0.0375,-51.67,1,30.0,idle,+0.000,+0.000,+0.000,+0.000,1100,0,
1785505521.1505,2026-07-31T09:45:21.150,156.464,1575,,,,0,,,,0.0039,16.95,-0.0413,-51.15,1,30.0,idle,+0.000,+0.000,+0.000,+0.000,1100,0,
1785505521.2494,2026-07-31T09:45:21.249,156.563,1576,,,,0,,,,0.0069,17.90,-0.0384,-50.20,1,30.0,idle,+0.000,+0.000,+0.000,+0.000,1100,0,
1785505521.3493,2026-07-31T09:45:21.349,156.662,1577,,,,0,,,,0.0133,18.71,-0.0320,-49.39,1,30.0,idle,+0.000,+0.000,+0.000,+0.000,1100,0,
1785505521.4484,2026-07-31T09:45:21.448,156.762,1578,,,,0,,,,0.0136,19.08,-0.0317,-49.03,1,30.0,idle,+0.000,+0.000,+0.000,+0.000,1100,0,
1785505521.5485,2026-07-31T09:45:21.548,156.862,1579,,,,0,,,,0.0190,19.72,-0.0263,-48.38,1,30.0,idle,+0.000,+0.000,+0.000,+0.000,1100,0,
1785505521.6477,2026-07-31T09:45:21.647,156.961,1580,,,,0,,,,0.0162,20.35,-0.0291,-47.75,1,30.0,idle,+0.000,+0.000,+0.000,+0.000,1100,0,
1785505521.7477,2026-07-31T09:45:21.747,157.061,1581,,,,0,,,,0.0155,20.68,-0.0298,-47.42,1,30.0,idle,+0.000,+0.000,+0.000,+0.000,1100,0,
1785505521.8472,2026-07-31T09:45:21.847,157.160,1582,,,,0,,,,0.0132,21.34,-0.0321,-46.76,1,30.0,idle,+0.000,+0.000,+0.000,+0.000,1100,0,
1785505521.9464,2026-07-31T09:45:21.946,157.260,1583,,,,0,,,,0.0194,21.65,-0.0258,-46.45,1,30.0,idle,+0.000,+0.000,+0.000,+0.000,1100,0,
1785505522.0454,2026-07-31T09:45:22.045,157.358,1584,,,,0,,,,0.0154,22.23,-0.0299,-45.87,1,30.0,idle,+0.000,+0.000,+0.000,+0.000,1100,0,
1785505522.1448,2026-07-31T09:45:22.144,157.458,1585,,,,0,,,,0.0163,22.50,-0.0290,-45.60,1,30.0,idle,+0.000,+0.000,+0.000,+0.000,1100,0,
1785505522.2436,2026-07-31T09:45:22.243,157.557,1586,,,,0,,,,0.0201,23.06,-0.0251,-45.04,1,30.0,idle,+0.000,+0.000,+0.000,+0.000,1100,0,
1785505522.3439,2026-07-31T09:45:22.343,157.657,1587,,,,0,,,,0.0105,23.64,-0.0348,-44.46,1,30.0,idle,+0.000,+0.000,+0.000,+0.000,1100,0,
1785505522.4430,2026-07-31T09:45:22.443,157.756,1588,,,,0,,,,0.0123,23.90,-0.0330,-44.20,1,30.0,idle,+0.000,+0.000,+0.000,+0.000,1100,0,
1785505522.5421,2026-07-31T09:45:22.542,157.855,1589,,,,0,,,,0.0133,24.34,-0.0320,-43.76,1,30.0,idle,+0.000,+0.000,+0.000,+0.000,1100,0,
1785505522.6404,2026-07-31T09:45:22.640,157.954,1590,,,,0,,,,0.0109,24.55,-0.0344,-43.55,1,30.0,idle,+0.000,+0.000,+0.000,+0.000,1100,0,
1785505522.7395,2026-07-31T09:45:22.739,158.053,1591,,,,0,,,,0.0097,24.97,-0.0356,-43.13,1,30.0,idle,+0.000,+0.000,+0.000,+0.000,1100,0,
1785505522.8398,2026-07-31T09:45:22.839,158.153,1592,,,,0,,,,0.0076,25.43,-0.0377,-42.67,1,30.0,idle,+0.000,+0.000,+0.000,+0.000,1100,0,
1785505522.9391,2026-07-31T09:45:22.939,158.252,1593,,,,0,,,,0.0100,25.67,-0.0353,-42.43,1,30.0,idle,+0.000,+0.000,+0.000,+0.000,1100,0,
1785505523.0380,2026-07-31T09:45:23.038,158.351,1594,,,,0,,,,0.0070,26.13,-0.0382,-41.97,1,30.0,idle,+0.000,+0.000,+0.000,+0.000,1100,0,
1785505523.1385,2026-07-31T09:45:23.138,158.452,1595,,,,0,,,,0.0085,26.35,-0.0367,-41.75,1,30.0,idle,+0.000,+0.000,+0.000,+0.000,1100,0,
1785505523.2371,2026-07-31T09:45:23.237,158.550,1596,,,,0,,,,0.0120,26.81,-0.0332,-41.29,1,30.0,idle,+0.000,+0.000,+0.000,+0.000,1100,0,
1785505523.3356,2026-07-31T09:45:23.335,158.649,1597,,,,0,,,,0.0134,27.27,-0.0319,-40.83,1,30.0,idle,+0.000,+0.000,+0.000,+0.000,1100,0,
1785505523.4348,2026-07-31T09:45:23.434,158.748,1598,,,,0,,,,0.0134,27.51,-0.0319,-40.59,1,30.0,idle,+0.000,+0.000,+0.000,+0.000,1100,0,
1785505523.5339,2026-07-31T09:45:23.533,158.847,1599,,,,0,,,,0.0055,27.96,-0.0397,-40.14,1,30.0,idle,+0.000,+0.000,+0.000,+0.000,1100,0,
1785505523.6338,2026-07-31T09:45:23.633,158.947,1600,,,,0,,,,0.0109,28.18,-0.0343,-39.92,1,30.0,idle,+0.000,+0.000,+0.000,+0.000,1100,0,
1785505523.7331,2026-07-31T09:45:23.733,159.046,1601,,,,0,,,,0.0096,28.61,-0.0356,-39.49,1,30.0,idle,+0.000,+0.000,+0.000,+0.000,1100,0,
1785505523.8321,2026-07-31T09:45:23.832,159.145,1602,,,,0,,,,0.0120,28.84,-0.0333,-39.26,1,30.0,idle,+0.000,+0.000,+0.000,+0.000,1100,0,
1785505523.9309,2026-07-31T09:45:23.930,159.244,1603,,,,0,,,,0.0107,29.30,-0.0346,-38.80,1,30.0,idle,+0.000,+0.000,+0.000,+0.000,1100,0,
1785505524.0297,2026-07-31T09:45:24.029,159.343,1604,,,,0,,,,0.0107,29.53,-0.0346,-38.57,1,30.0,idle,+0.000,+0.000,+0.000,+0.000,1100,0,
1785505524.1286,2026-07-31T09:45:24.128,159.442,1605,,,,0,,,,0.0149,29.99,-0.0303,-38.11,1,30.0,idle,+0.000,+0.000,+0.000,+0.000,1100,0,
1785505524.2281,2026-07-31T09:45:24.228,159.541,1606,,,,0,,,,0.0122,30.49,-0.0331,-37.61,1,30.0,idle,+0.000,+0.000,+0.000,+0.000,1100,0,
1785505524.3273,2026-07-31T09:45:24.327,159.640,1607,,,,0,,,,0.0147,30.74,-0.0306,-37.36,1,30.0,idle,+0.000,+0.000,+0.000,+0.000,1100,0,
1785505524.4272,2026-07-31T09:45:24.427,159.740,1608,,,,0,,,,0.0119,31.24,-0.0334,-36.86,1,30.0,idle,+0.000,+0.000,+0.000,+0.000,1100,0,
1785505524.5282,2026-07-31T09:45:24.528,159.841,1609,,,,0,,,,0.0089,31.48,-0.0364,-36.62,1,30.0,idle,+0.000,+0.000,+0.000,+0.000,1100,0,
1785505524.6268,2026-07-31T09:45:24.626,159.940,1610,,,,0,,,,0.0086,31.99,-0.0367,-36.11,1,30.0,idle,+0.000,+0.000,+0.000,+0.000,1100,0,
1785505524.7254,2026-07-31T09:45:24.725,160.038,1611,,,,0,,,,0.0143,32.52,-0.0309,-35.58,1,30.0,idle,+0.000,+0.000,+0.000,+0.000,1100,0,
1785505524.8255,2026-07-31T09:45:24.825,160.139,1612,,,,0,,,,0.0095,32.80,-0.0358,-35.30,1,30.0,idle,+0.000,+0.000,+0.000,+0.000,1100,0,
1785505524.9252,2026-07-31T09:45:24.925,160.238,1613,,,,0,,,,0.0128,33.31,-0.0325,-34.79,1,30.0,idle,+0.000,+0.000,+0.000,+0.000,1100,0,
1785505525.0250,2026-07-31T09:45:25.025,160.338,1614,,,,0,,,,0.0169,33.81,-0.0284,-34.29,1,30.0,idle,+0.000,+0.000,+0.000,+0.000,1100,0,
1785505525.1235,2026-07-31T09:45:25.123,160.437,1615,,,,0,,,,0.0132,34.08,-0.0321,-34.02,1,30.0,idle,+0.000,+0.000,+0.000,+0.000,1100,0,
1785505525.2228,2026-07-31T09:45:25.222,160.536,1616,,,,0,,,,0.0141,34.64,-0.0312,-33.46,1,30.0,idle,+0.000,+0.000,+0.000,+0.000,1100,0,
1785505525.3221,2026-07-31T09:45:25.322,160.635,1617,,,,0,,,,0.0077,34.94,-0.0376,-33.16,1,30.0,idle,+0.000,+0.000,+0.000,+0.000,1100,0,
1785505525.4209,2026-07-31T09:45:25.420,160.734,1618,,,,0,,,,0.0125,35.47,-0.0328,-32.63,1,30.0,idle,+0.000,+0.000,+0.000,+0.000,1100,0,
1785505525.5197,2026-07-31T09:45:25.519,160.833,1619,,,,0,,,,0.0099,35.72,-0.0353,-32.38,1,30.0,idle,+0.000,+0.000,+0.000,+0.000,1100,0,
1785505525.6192,2026-07-31T09:45:25.619,160.932,1620,,,,0,,,,0.0112,36.24,-0.0340,-31.86,1,30.0,idle,+0.000,+0.000,+0.000,+0.000,1100,0,
1785505525.7187,2026-07-31T09:45:25.718,161.032,1621,,,,0,,,,0.0103,36.83,-0.0349,-31.27,1,30.0,idle,+0.000,+0.000,+0.000,+0.000,1100,0,
1785505525.8178,2026-07-31T09:45:25.817,161.131,1622,,,,0,,,,0.0104,37.14,-0.0348,-30.96,1,30.0,idle,+0.000,+0.000,+0.000,+0.000,1100,0,
1785505525.9174,2026-07-31T09:45:25.917,161.231,1623,,,,0,,,,0.0110,37.70,-0.0343,-30.40,1,30.0,idle,+0.000,+0.000,+0.000,+0.000,1100,0,
1785505526.0164,2026-07-31T09:45:26.016,161.329,1624,,,,0,,,,0.0084,37.97,-0.0368,-30.13,1,30.0,idle,+0.000,+0.000,+0.000,+0.000,1100,0,
1785505526.1160,2026-07-31T09:45:26.116,161.429,1625,,,,0,,,,0.0109,38.54,-0.0344,-29.56,1,30.0,idle,+0.000,+0.000,+0.000,+0.000,1100,0,
1785505526.2152,2026-07-31T09:45:26.215,161.528,1626,,,,0,,,,0.0085,39.16,-0.0368,-28.94,1,30.0,idle,+0.000,+0.000,+0.000,+0.000,1100,0,
1785505526.3141,2026-07-31T09:45:26.314,161.627,1627,,,,0,,,,0.0083,39.46,-0.0370,-28.64,1,30.0,idle,+0.000,+0.000,+0.000,+0.000,1100,0,
1785505526.4128,2026-07-31T09:45:26.412,161.726,1628,,,,0,,,,0.0093,40.02,-0.0360,-28.08,1,30.0,idle,+0.000,+0.000,+0.000,+0.000,1100,0,
1785505526.5127,2026-07-31T09:45:26.512,161.826,1629,,,,0,,,,0.0127,40.29,-0.0326,-27.81,1,30.0,idle,+0.000,+0.000,+0.000,+0.000,1100,0,
1785505526.6130,2026-07-31T09:45:26.612,161.926,1630,,,,0,,,,0.0128,40.85,-0.0325,-27.25,1,30.0,idle,+0.000,+0.000,+0.000,+0.000,1100,0,
1785505526.7121,2026-07-31T09:45:26.712,162.025,1631,,,,0,,,,0.0104,41.49,-0.0348,-26.61,1,30.0,idle,+0.000,+0.000,+0.000,+0.000,1100,0,
1785505526.8108,2026-07-31T09:45:26.810,162.124,1632,,,,0,,,,0.0146,41.82,-0.0306,-26.28,1,30.0,hold:D,+0.000,+0.000,-0.986,+0.000,1100,0,
1785505526.9095,2026-07-31T09:45:26.909,162.223,1633,,,,0,,,,0.0087,42.45,-0.0365,-25.65,1,30.0,hold:D,+0.000,+0.000,-1.000,+0.000,1100,0,
1785505527.0085,2026-07-31T09:45:27.008,162.322,1634,,,,0,,,,0.0110,42.81,-0.0342,-25.29,1,30.0,hold:D,+0.000,+0.000,-1.000,+0.000,1100,0,
1785505527.1082,2026-07-31T09:45:27.108,162.421,1635,,,,0,,,,0.0148,43.42,-0.0304,-24.68,1,30.0,hold:D,+0.000,+0.000,-1.000,+0.000,1100,0,
1785505527.2083,2026-07-31T09:45:27.208,162.521,1636,,,,0,,,,0.0118,43.71,-0.0335,-24.39,1,30.0,hold:D,+0.000,+0.000,-1.000,+0.000,1100,0,
1785505527.3080,2026-07-31T09:45:27.308,162.621,1637,,,,0,,,,0.0260,44.21,-0.0193,-23.89,1,30.0,hold:D,+0.000,+0.000,-1.000,+0.000,1100,0,
1785505527.4074,2026-07-31T09:45:27.407,162.721,1638,,,,0,,,,0.0459,44.70,0.0006,-23.40,1,30.0,hold:D,+0.000,+0.000,-1.000,+0.000,1100,0,
1785505527.5066,2026-07-31T09:45:27.506,162.820,1639,,,,0,,,,0.0507,44.90,0.0055,-23.20,1,30.0,hold:D,+0.000,+0.000,-1.000,+0.000,1100,0,
1785505527.6055,2026-07-31T09:45:27.605,162.919,1640,,,,0,,,,0.0665,45.20,0.0213,-22.90,1,30.0,hold:D,+0.000,+0.000,-1.000,+0.000,1100,0,
1785505527.7053,2026-07-31T09:45:27.705,163.018,1641,,,,0,,,,0.0800,45.36,0.0348,-22.74,1,30.0,hold:D,+0.000,+0.000,-1.000,+0.000,1100,0,
1785505527.8059,2026-07-31T09:45:27.805,163.119,1642,,,,0,,,,0.1050,45.68,0.0597,-22.43,1,30.0,hold:D,+0.000,+0.000,-1.000,+0.000,1100,0,
1785505527.9043,2026-07-31T09:45:27.904,163.217,1643,,,,0,,,,0.1264,46.00,0.0811,-22.10,1,30.0,hold:D,+0.000,+0.000,-0.983,+0.000,1100,0,
1785505528.0042,2026-07-31T09:45:28.004,163.317,1644,,,,0,,,,0.1348,46.17,0.0896,-21.93,1,30.0,hold:D,+0.000,+0.000,-0.952,+0.000,1100,0,
1785505528.1029,2026-07-31T09:45:28.102,163.416,1645,,,,0,,,,0.1614,46.49,0.1161,-21.61,1,30.0,hold:D,+0.000,+0.000,-0.937,+0.000,1100,0,
1785505528.2016,2026-07-31T09:45:28.201,163.515,1646,,,,0,,,,0.1711,46.66,0.1258,-21.44,1,30.0,hold:D,+0.000,+0.000,-0.907,+0.000,1100,0,
1785505528.3009,2026-07-31T09:45:28.300,163.614,1647,,,,0,,,,0.1969,47.04,0.1516,-21.06,1,30.0,hold:D,+0.000,+0.000,-0.892,+0.000,1100,0,
1785505528.4012,2026-07-31T09:45:28.401,163.714,1648,,,,0,,,,0.2227,47.46,0.1775,-20.64,1,30.0,hold:D,+0.000,+0.000,-0.857,+0.000,1100,0,
1785505528.4995,2026-07-31T09:45:28.499,163.813,1649,,,,0,,,,0.2344,47.67,0.1891,-20.43,1,30.0,hold:D,+0.000,+0.000,-0.815,+0.000,1100,0,
1785505528.5994,2026-07-31T09:45:28.599,163.913,1650,,,,0,,,,0.2590,48.10,0.2138,-20.00,1,30.0,hold:D,+0.000,+0.000,-0.806,+0.000,1100,0,
1785505528.6994,2026-07-31T09:45:28.699,164.013,1651,,,,0,,,,0.2667,48.31,0.2215,-19.79,1,30.0,hold:D,+0.000,+0.000,-0.770,+0.000,1100,0,
1785505528.7986,2026-07-31T09:45:28.798,164.112,1652,,,,0,,,,0.2943,48.69,0.2490,-19.41,1,30.0,hold:D,+0.000,+0.000,-0.754,+0.000,1100,0,
1785505528.8980,2026-07-31T09:45:28.898,164.211,1653,,,,0,,,,0.3214,49.04,0.2761,-19.06,1,30.0,hold:D,+0.000,+0.000,-0.710,+0.000,1100,0,
1785505528.9969,2026-07-31T09:45:28.996,164.310,1654,,,,0,,,,0.3316,49.19,0.2863,-18.91,1,30.0,hold:D,+0.000,+0.000,-0.664,+0.000,1100,0,
1785505529.0958,2026-07-31T09:45:29.095,164.409,1655,,,,0,,,,0.3581,49.45,0.3129,-18.65,1,30.0,hold:D,+0.000,+0.000,-0.637,+0.000,1100,0,
1785505529.1952,2026-07-31T09:45:29.195,164.508,1656,,,,0,,,,0.3713,49.55,0.3261,-18.55,1,30.0,hold:D,+0.000,+0.000,-0.597,+0.000,1100,0,
1785505529.2943,2026-07-31T09:45:29.294,164.607,1657,,,,0,,,,0.3944,49.70,0.3491,-18.40,1,30.0,hold:DY,+0.000,+0.000,-0.581,+0.893,1100,0,
1785505529.3952,2026-07-31T09:45:29.395,164.708,1658,,,,0,,,,0.4225,49.75,0.3772,-18.35,1,30.0,hold:DY,+0.000,+0.000,-0.525,+0.915,1100,0,
1785505529.4950,2026-07-31T09:45:29.495,164.808,1659,,,,0,,,,0.4345,49.76,0.3892,-18.34,1,30.0,hold:DY,+0.000,+0.000,-0.480,+0.935,1100,0,
1785505529.5935,2026-07-31T09:45:29.593,164.907,1660,,,,0,,,,0.4594,47.66,0.4141,-20.44,1,30.0,hold:DY,+0.000,+0.000,-0.460,+0.945,1100,0,
1785505529.6930,2026-07-31T09:45:29.693,165.006,1661,,,,0,,,,0.4738,44.28,0.4285,-23.82,1,30.0,hold:DY,+0.000,+0.000,-0.405,+0.875,1100,0,
1785505529.7933,2026-07-31T09:45:29.793,165.106,1662,,,,0,,,,0.4896,35.49,0.4444,-32.61,1,30.0,hold:DY,+0.000,+0.000,-0.401,+0.814,1100,0,
1785505529.8924,2026-07-31T09:45:29.892,165.206,1663,,,,0,,,,0.5192,26.47,0.4739,-41.63,1,30.0,hold:DY,+0.000,+0.000,-0.350,+0.664,1100,0,
1785505529.9928,2026-07-31T09:45:29.992,165.306,1664,,,,0,,,,0.5273,22.33,0.4821,-45.77,1,30.0,hold:DY,+0.000,+0.000,-0.299,+0.520,1100,0,
1785505530.0920,2026-07-31T09:45:30.092,165.405,1665,,,,0,,,,0.5423,15.19,0.4970,-52.91,1,30.0,hold:DY,+0.000,+0.000,-0.289,+0.460,1100,0,
1785505530.1910,2026-07-31T09:45:30.191,165.504,1666,,,,0,,,,0.5541,12.19,0.5088,-55.91,1,30.0,hold:DY,+0.000,+0.000,-0.242,+0.351,1100,0,
1785505530.2900,2026-07-31T09:45:30.290,165.603,1667,,,,0,,,,0.5671,7.35,0.5219,-60.75,1,30.0,hold:DY,+0.000,+0.000,-0.235,+0.308,1100,0,
1785505530.3887,2026-07-31T09:45:30.388,165.702,1668,,,,0,,,,0.5841,3.74,0.5389,-64.36,1,30.0,hold:DY,+0.000,+0.000,-0.198,+0.235,1100,0,
1785505530.4891,2026-07-31T09:45:30.489,165.802,1669,,,,0,,,,0.5942,2.33,0.5490,-65.77,1,30.0,hold:DY,+0.000,+0.000,-0.174,+0.207,1100,0,
1785505530.5877,2026-07-31T09:45:30.587,165.901,1670,,,,0,,,,0.6054,0.14,0.5602,-67.96,1,30.0,hold:DY,+0.000,+0.000,-0.131,+0.000,1100,0,
1785505530.6870,2026-07-31T09:45:30.687,166.000,1671,,,,0,,,,0.6148,-0.72,0.5696,-68.82,1,30.0,hold:DY,+0.000,+0.000,-0.104,+0.000,1100,0,
1785505530.7857,2026-07-31T09:45:30.785,166.099,1672,,,,0,,,,0.6311,-2.14,0.5858,-70.24,1,30.0,hold:DY,+0.000,+0.000,-0.086,+0.000,1100,0,
1785505530.8852,2026-07-31T09:45:30.885,166.198,1673,,,,0,,,,0.6375,-2.72,0.5923,-70.82,1,30.0,hold:DY,+0.000,+0.000,-0.049,-0.050,1100,0,
1785505530.9843,2026-07-31T09:45:30.984,166.297,1674,,,,0,,,,0.6474,-3.70,0.6021,-71.80,1,30.0,hold:DY,+0.000,+0.000,-0.035,-0.060,1100,0,
1785505531.0843,2026-07-31T09:45:31.084,166.397,1675,,,,0,,,,0.6551,-4.10,0.6098,-72.20,1,30.0,hold:DY,+0.000,+0.000,-0.002,-0.077,1100,0,
1785505531.1837,2026-07-31T09:45:31.183,166.497,1676,,,,0,,,,0.6643,-4.80,0.6191,-72.90,1,30.0,hold:DY,+0.000,+0.000,+0.023,-0.092,1100,0,
1785505531.2832,2026-07-31T09:45:31.283,166.596,1677,,,,0,,,,0.6700,-5.35,0.6247,-73.45,1,30.0,hold:DY,+0.000,+0.000,+0.036,-0.099,1100,0,
1785505531.3814,2026-07-31T09:45:31.381,166.695,1678,,,,0,,,,0.6785,-5.57,0.6332,-73.67,1,30.0,hold:DY,+0.000,+0.000,+0.064,-0.110,1100,0,
1785505531.4805,2026-07-31T09:45:31.480,166.794,1679,,,,0,,,,0.6891,-5.95,0.6438,-74.05,1,30.0,hold:DY,+0.000,+0.000,+0.081,-0.116,1100,0,
1785505531.5804,2026-07-31T09:45:31.580,166.893,1680,,,,0,,,,0.6920,-6.24,0.6468,-74.34,1,30.0,hold:DY,+0.000,+0.000,+0.097,-0.124,1100,0,
1785505531.6807,2026-07-31T09:45:31.680,166.994,1681,,,,0,,,,0.6966,-6.36,0.6514,-74.46,1,30.0,hold:DY,+0.000,+0.000,+0.123,-0.131,1100,0,
1785505531.7801,2026-07-31T09:45:31.780,167.093,1682,,,,0,,,,0.7019,-6.57,0.6566,-74.67,1,30.0,hold:DY,+0.000,+0.000,+0.145,-0.136,1100,0,
1785505531.8786,2026-07-31T09:45:31.878,167.192,1683,,,,0,,,,0.7084,-6.65,0.6632,-74.75,1,30.0,hold:DY,+0.000,+0.000,+0.163,-0.142,1100,0,
1785505531.9783,2026-07-31T09:45:31.978,167.291,1684,,,,0,,,,0.7136,-6.76,0.6683,-74.86,1,30.0,hold:DY,+0.000,+0.000,+0.174,-0.145,1100,0,
1785505532.0772,2026-07-31T09:45:32.077,167.390,1685,,,,0,,,,0.7197,-6.84,0.6744,-74.94,1,30.0,hold:DY,+0.000,+0.000,+0.195,-0.150,1100,0,
1785505532.1772,2026-07-31T09:45:32.177,167.490,1686,,,,0,,,,0.7244,-6.87,0.6791,-74.97,1,30.0,hold:DY,+0.000,+0.000,+0.220,-0.154,1100,0,
1785505532.2762,2026-07-31T09:45:32.276,167.589,1687,,,,0,,,,0.7267,-6.89,0.6814,-74.99,1,30.0,hold:DY,+0.000,+0.000,+0.232,-0.157,1100,0,
1785505532.3744,2026-07-31T09:45:32.374,167.688,1688,,,,0,,,,0.7306,-6.79,0.6854,-74.89,1,30.0,hold:DY,+0.000,+0.000,+0.251,-0.158,1100,0,
1785505532.4741,2026-07-31T09:45:32.474,167.787,1689,,,,0,,,,0.7346,-6.33,0.6893,-74.43,1,30.0,hold:DY,+0.000,+0.000,+0.272,-0.157,1100,0,
1785505532.5745,2026-07-31T09:45:32.574,167.888,1690,,,,0,,,,0.7431,-5.66,0.6979,-73.76,1,30.0,hold:DY,+0.000,+0.000,+0.278,-0.149,1100,0,
1785505532.6743,2026-07-31T09:45:32.674,167.987,1691,,,,0,,,,0.7444,-5.26,0.6991,-73.36,1,30.0,hold:DY,+0.000,+0.000,+0.307,-0.137,1100,0,
1785505532.7725,2026-07-31T09:45:32.772,168.086,1692,,,,0,,,,0.7515,-4.51,0.7062,-72.61,1,30.0,hold:DY,+0.000,+0.000,+0.312,-0.132,1100,0,
1785505532.8727,2026-07-31T09:45:32.872,168.186,1693,,,,0,,,,0.7476,-4.20,0.7023,-72.30,1,30.0,hold:DY,+0.000,+0.000,+0.333,-0.122,1100,0,
1785505532.9721,2026-07-31T09:45:32.972,168.285,1694,,,,0,,,,0.7533,-3.67,0.7080,-71.77,1,30.0,hold:DY,+0.000,+0.000,+0.347,-0.119,1100,0,
1785505533.0713,2026-07-31T09:45:33.071,168.384,1695,,,,0,,,,0.7524,-3.24,0.7072,-71.34,1,30.0,hold:DY,+0.000,+0.000,+0.356,-0.112,1100,0,
1785505533.1706,2026-07-31T09:45:33.170,168.484,1696,,,,0,,,,0.7552,-3.05,0.7100,-71.15,1,30.0,hold:DY,+0.000,+0.000,+0.378,-0.106,1100,0,
1785505533.2701,2026-07-31T09:45:33.270,168.583,1697,,,,0,,,,0.7545,-2.71,0.7092,-70.81,1,30.0,hold:DY,+0.000,+0.000,+0.388,-0.104,1100,0,
1785505533.3694,2026-07-31T09:45:33.369,168.682,1698,,,,0,,,,0.7512,-2.56,0.7059,-70.66,1,30.0,hold:DY,+0.000,+0.000,+0.390,-0.099,1100,0,
1785505533.4685,2026-07-31T09:45:33.468,168.782,1699,,,,0,,,,0.7538,-2.31,0.7085,-70.41,1,30.0,hold:DY,+0.000,+0.000,+0.412,-0.098,1100,0,
1785505533.5690,2026-07-31T09:45:33.569,168.882,1700,,,,0,,,,0.7542,-2.20,0.7089,-70.30,1,30.0,hold:DY,+0.000,+0.000,+0.416,-0.095,1100,0,
1785505533.6677,2026-07-31T09:45:33.667,168.981,1701,,,,0,,,,0.7518,-2.01,0.7065,-70.11,1,30.0,hold:DY,+0.000,+0.000,+0.422,-0.092,1100,0,
1785505533.7672,2026-07-31T09:45:33.767,169.080,1702,,,,0,,,,0.7487,-1.85,0.7035,-69.95,1,30.0,hold:DY,+0.000,+0.000,+0.435,+0.000,1100,0,
1785505533.8658,2026-07-31T09:45:33.865,169.179,1703,,,,0,,,,0.7463,-1.78,0.7011,-69.89,1,30.0,hold:DY,+0.000,+0.000,+0.430,+0.000,1100,0,
1785505533.9644,2026-07-31T09:45:33.964,169.278,1704,,,,0,,,,0.7461,-1.69,0.7008,-69.79,1,30.0,hold:DY,+0.000,+0.000,+0.442,+0.000,1100,0,
1785505534.0637,2026-07-31T09:45:34.063,169.377,1705,,,,0,,,,0.7402,-1.65,0.6949,-69.75,1,30.0,hold:DY,+0.000,+0.000,+0.438,+0.000,1100,0,
1785505534.1624,2026-07-31T09:45:34.162,169.476,1706,,,,0,,,,0.7396,-1.63,0.6944,-69.73,1,30.0,hold:DY,+0.000,+0.000,+0.443,+0.000,1100,0,
1785505534.2630,2026-07-31T09:45:34.263,169.576,1707,,,,0,,,,0.7317,-1.65,0.6864,-69.75,1,30.0,hold:DY,+0.000,+0.000,+0.443,+0.000,1100,0,
1785505534.3617,2026-07-31T09:45:34.361,169.675,1708,,,,0,,,,0.7309,-1.68,0.6857,-69.78,1,30.0,hold:DY,+0.000,+0.000,+0.447,+0.000,1100,0,
1785505534.4617,2026-07-31T09:45:34.461,169.775,1709,,,,0,,,,0.7225,-1.75,0.6772,-69.85,1,30.0,hold:DY,+0.000,+0.000,+0.445,+0.000,1100,0,
1785505534.5613,2026-07-31T09:45:34.561,169.874,1710,,,,0,,,,0.7183,-1.80,0.6731,-69.90,1,30.0,hold:DY,+0.000,+0.000,+0.440,+0.000,1100,0,
1785505534.6618,2026-07-31T09:45:34.661,169.975,1711,,,,0,,,,0.7106,-1.89,0.6653,-69.99,1,30.0,hold:DY,+0.000,+0.000,+0.447,+0.000,1100,0,
1785505534.7627,2026-07-31T09:45:34.762,170.076,1712,,,,0,,,,0.7047,-2.00,0.6594,-70.10,1,30.0,hold:DY,+0.000,+0.000,+0.434,+0.000,1100,0,
1785505534.8623,2026-07-31T09:45:34.862,170.175,1713,,,,0,,,,0.7002,-2.07,0.6550,-70.17,1,30.0,hold:DY,+0.000,+0.000,+0.429,-0.038,1100,0,
1785505534.9614,2026-07-31T09:45:34.961,170.275,1714,,,,0,,,,0.6960,-2.20,0.6508,-70.30,1,30.0,hold:DY,+0.000,+0.000,+0.429,-0.040,1100,0,
1785505535.0617,2026-07-31T09:45:35.061,170.375,1715,,,,0,,,,0.6930,-2.26,0.6477,-70.36,1,30.0,hold:DY,+0.000,+0.000,+0.430,-0.043,1100,0,
1785505535.1621,2026-07-31T09:45:35.162,170.475,1716,,,,0,,,,0.6776,-2.39,0.6324,-70.49,1,30.0,hold:DY,+0.000,+0.000,+0.419,-0.045,1100,0,
1785505535.2611,2026-07-31T09:45:35.261,170.574,1717,,,,0,,,,0.6711,-2.53,0.6258,-70.63,1,30.0,hold:DY,+0.000,+0.000,+0.412,-0.049,1100,0,
1785505535.3622,2026-07-31T09:45:35.362,170.675,1718,,,,0,,,,0.6671,-2.62,0.6218,-70.72,1,30.0,hold:DY,+0.000,+0.000,+0.400,-0.053,1100,0,
1785505535.4608,2026-07-31T09:45:35.460,170.774,1719,,,,0,,,,0.6594,-2.80,0.6142,-70.90,1,30.0,hold:DY,+0.000,+0.000,+0.397,-0.055,1100,0,
1785505535.5612,2026-07-31T09:45:35.561,170.874,1720,,,,0,,,,0.6543,-2.89,0.6091,-70.99,1,30.0,hold:DY,+0.000,+0.000,+0.387,-0.060,1100,0,
1785505535.6601,2026-07-31T09:45:35.660,170.973,1721,,,,0,,,,0.6483,-3.08,0.6030,-71.18,1,30.0,hold:DY,+0.000,+0.000,+0.380,-0.063,1100,0,
1785505535.7595,2026-07-31T09:45:35.759,171.073,1722,,,,0,,,,0.6401,-3.26,0.5948,-71.36,1,30.0,hold:DY,+0.000,+0.000,+0.374,-0.067,1100,0,
1785505535.8584,2026-07-31T09:45:35.858,171.172,1723,,,,0,,,,0.6319,-3.35,0.5866,-71.45,1,30.0,hold:DY,+0.000,+0.000,+0.359,-0.072,1100,0,
1785505535.9582,2026-07-31T09:45:35.958,171.271,1724,,,,0,,,,0.6257,-3.53,0.5805,-71.63,1,30.0,hold:DY,+0.000,+0.000,+0.364,-0.075,1100,0,
1785505536.0570,2026-07-31T09:45:36.057,171.370,1725,,,,0,,,,0.6195,-3.62,0.5742,-71.72,1,30.0,hold:DY,+0.000,+0.000,+0.345,-0.079,1100,0,
1785505536.1556,2026-07-31T09:45:36.155,171.469,1726,,,,0,,,,0.6117,-3.78,0.5664,-71.88,1,30.0,hold:DY,+0.000,+0.000,+0.334,-0.082,1100,0,
1785505536.2550,2026-07-31T09:45:36.255,171.568,1727,,,,0,,,,0.6034,-3.91,0.5582,-72.01,1,30.0,hold:DY,+0.000,+0.000,+0.326,-0.086,1100,0,
1785505536.3537,2026-07-31T09:45:36.353,171.667,1728,,,,0,,,,0.6005,-3.98,0.5552,-72.08,1,30.0,hold:DY,+0.000,+0.000,+0.319,-0.090,1100,0,
1785505536.4541,2026-07-31T09:45:36.454,171.767,1729,,,,0,,,,0.5879,-4.10,0.5426,-72.20,1,30.0,hold:DY,+0.000,+0.000,+0.310,-0.093,1100,0,
1785505536.5525,2026-07-31T09:45:36.552,171.866,1730,,,,0,,,,0.5875,-4.15,0.5423,-72.25,1,30.0,hold:DY,+0.000,+0.000,+0.301,-0.097,1100,0,
1785505536.6542,2026-07-31T09:45:36.654,171.967,1731,,,,0,,,,0.5739,-4.25,0.5286,-72.35,1,30.0,hold:DY,+0.000,+0.000,+0.288,-0.099,1100,0,
1785505536.7525,2026-07-31T09:45:36.752,172.066,1732,,,,0,,,,0.5629,-4.35,0.5176,-72.45,1,30.0,hold:DY,+0.000,+0.000,+0.268,-0.103,1100,0,
1785505536.8524,2026-07-31T09:45:36.852,172.165,1733,,,,0,,,,0.5628,-4.39,0.5175,-72.49,1,30.0,hold:DY,+0.000,+0.000,+0.260,-0.106,1100,0,
1785505536.9518,2026-07-31T09:45:36.951,172.265,1734,,,,0,,,,0.5529,-4.45,0.5076,-72.55,1,30.0,hold:DY,+0.000,+0.000,+0.246,-0.108,1100,0,
1785505537.0521,2026-07-31T09:45:37.052,172.365,1735,,,,0,,,,0.5473,-4.47,0.5021,-72.58,1,30.0,hold:DY,+0.000,+0.000,+0.233,-0.111,1100,0,
1785505537.1513,2026-07-31T09:45:37.151,172.464,1736,,,,0,,,,0.5387,-4.52,0.4934,-72.62,1,30.0,hold:DY,+0.000,+0.000,+0.230,-0.113,1100,0,
1785505537.2513,2026-07-31T09:45:37.251,172.564,1737,,,,0,,,,0.5270,-4.55,0.4817,-72.65,1,30.0,hold:DY,+0.000,+0.000,+0.204,-0.116,1100,0,
1785505537.3505,2026-07-31T09:45:37.350,172.664,1738,,,,0,,,,0.5290,-4.55,0.4837,-72.65,1,30.0,hold:DY,+0.000,+0.000,+0.201,-0.118,1100,0,
1785505537.4508,2026-07-31T09:45:37.450,172.764,1739,,,,0,,,,0.5152,-4.55,0.4700,-72.65,1,30.0,hold:DY,+0.000,+0.000,+0.188,-0.120,1100,0,
1785505537.5502,2026-07-31T09:45:37.550,172.863,1740,,,,0,,,,0.5132,-4.52,0.4679,-72.62,1,30.0,hold:D,+0.000,+0.000,+0.171,-0.121,1100,0,
1785505537.6488,2026-07-31T09:45:37.648,172.962,1741,,,,0,,,,0.5056,-4.48,0.4603,-72.58,1,30.0,hold:D,+0.000,+0.000,+0.161,+0.000,1100,0,
1785505537.7480,2026-07-31T09:45:37.748,173.061,1742,,,,0,,,,0.4970,-4.46,0.4517,-72.56,1,30.0,hold:D,+0.000,+0.000,+0.138,+0.000,1100,0,
1785505537.8474,2026-07-31T09:45:37.847,173.161,1743,,,,0,,,,0.4892,-4.40,0.4439,-72.50,1,30.0,hold:D,+0.000,+0.000,+0.122,+0.000,1100,0,
1785505537.9468,2026-07-31T09:45:37.946,173.260,1744,,,,0,,,,0.4833,-4.31,0.4380,-72.42,1,30.0,hold:D,+0.000,+0.000,+0.130,+0.000,1100,0,
1785505538.0464,2026-07-31T09:45:38.046,173.360,1745,,,,0,,,,0.4802,-4.26,0.4349,-72.36,1,30.0,hold:D,+0.000,+0.000,+0.104,+0.000,1100,0,
1785505538.1462,2026-07-31T09:45:38.146,173.459,1746,,,,0,,,,0.4703,-4.17,0.4250,-72.27,1,30.0,hold:D,+0.000,+0.000,+0.101,+0.000,1100,0,
1785505538.2462,2026-07-31T09:45:38.246,173.559,1747,,,,0,,,,0.4674,-4.12,0.4221,-72.22,1,30.0,hold:D,+0.000,+0.000,+0.077,+0.000,1100,0,
1785505538.3448,2026-07-31T09:45:38.344,173.658,1748,,,,0,,,,0.4632,-3.98,0.4180,-72.08,1,30.0,hold:D,+0.000,+0.000,+0.059,+0.000,1100,0,
1785505538.4444,2026-07-31T09:45:38.444,173.757,1749,,,,0,,,,0.4537,-3.91,0.4085,-72.01,1,30.0,hold:D,+0.000,+0.000,+0.047,+0.000,1100,0,
1785505538.5437,2026-07-31T09:45:38.543,173.857,1750,,,,0,,,,0.4443,-3.77,0.3991,-71.87,1,30.0,hold:D,+0.000,+0.000,+0.026,+0.000,1100,0,
1785505538.6428,2026-07-31T09:45:38.642,173.956,1751,,,,0,,,,0.4386,-3.61,0.3933,-71.71,1,30.0,hold:D,+0.000,+0.000,+0.018,+0.000,1100,0,
1785505538.7417,2026-07-31T09:45:38.741,174.055,1752,,,,0,,,,0.4347,-3.52,0.3895,-71.63,1,30.0,hold:D,+0.000,+0.000,+0.002,+0.000,1100,0,
1785505538.8411,2026-07-31T09:45:38.841,174.154,1753,,,,0,,,,0.4249,-3.35,0.3796,-71.45,1,30.0,hold:D,+0.000,+0.000,-0.013,+0.000,1100,0,
1785505538.9397,2026-07-31T09:45:38.939,174.253,1754,,,,0,,,,0.4187,-3.16,0.3734,-71.26,1,30.0,hold:D,+0.000,+0.000,-0.031,+0.000,1100,0,
1785505539.0389,2026-07-31T09:45:39.038,174.352,1755,,,,0,,,,0.4139,-3.06,0.3686,-71.16,1,30.0,hold:D,+0.000,+0.000,-0.049,+0.000,1100,0,
1785505539.1380,2026-07-31T09:45:39.137,174.451,1756,,,,0,,,,0.4042,-2.84,0.3589,-70.94,1,30.0,hold:D,+0.000,+0.000,-0.075,+0.000,1100,0,
1785505539.2372,2026-07-31T09:45:39.237,174.550,1757,,,,0,,,,0.4005,-2.72,0.3552,-70.82,1,30.0,hold:D,+0.000,+0.000,-0.083,+0.000,1100,0,
1785505539.3364,2026-07-31T09:45:39.336,174.650,1758,,,,0,,,,0.3901,-2.48,0.3448,-70.58,1,30.0,hold:D,+0.000,+0.000,-0.102,+0.000,1100,0,
1785505539.4361,2026-07-31T09:45:39.436,174.749,1759,,,,0,,,,0.3897,-2.22,0.3445,-70.32,1,30.0,hold:D,+0.000,+0.000,-0.117,+0.000,1100,0,
1785505539.5357,2026-07-31T09:45:39.535,174.849,1760,,,,0,,,,0.3783,-2.07,0.3330,-70.18,1,30.0,hold:D,+0.000,+0.000,-0.118,+0.000,1100,0,
1785505539.6357,2026-07-31T09:45:39.635,174.949,1761,,,,0,,,,0.3705,-1.80,0.3253,-69.90,1,30.0,hold:D,+0.000,+0.000,-0.153,+0.000,1100,0,
1785505539.7353,2026-07-31T09:45:39.735,175.048,1762,,,,0,,,,0.3685,-1.65,0.3233,-69.75,1,30.0,hold:D,+0.000,+0.000,-0.170,+0.000,1100,0,
1785505539.8335,2026-07-31T09:45:39.833,175.147,1763,,,,0,,,,0.3566,-1.35,0.3113,-69.45,1,30.0,hold:D,+0.000,+0.000,-0.189,+0.000,1100,0,
1785505539.9341,2026-07-31T09:45:39.934,175.247,1764,,,,0,,,,0.3518,-1.21,0.3065,-69.31,1,30.0,hold:D,+0.000,+0.000,-0.215,+0.000,1100,0,
1785505540.0344,2026-07-31T09:45:40.034,175.348,1765,,,,0,,,,0.3469,-0.91,0.3016,-69.01,1,30.0,hold:D,+0.000,+0.000,-0.231,+0.000,1100,0,
1785505540.1348,2026-07-31T09:45:40.134,175.448,1766,,,,0,,,,0.3358,-0.63,0.2905,-68.73,1,30.0,hold:D,+0.000,+0.000,-0.247,+0.000,1100,0,
1785505540.2352,2026-07-31T09:45:40.235,175.548,1767,,,,0,,,,0.3304,-0.48,0.2851,-68.58,1,30.0,hold:D,+0.000,+0.000,-0.277,+0.000,1100,0,
1785505540.3341,2026-07-31T09:45:40.334,175.647,1768,,,,0,,,,0.3280,-0.20,0.2827,-68.30,1,30.0,hold:D,+0.000,+0.000,-0.288,+0.000,1100,0,
1785505540.4329,2026-07-31T09:45:40.432,175.746,1769,,,,0,,,,0.3208,0.09,0.2756,-68.01,1,30.0,hold:D,+0.000,+0.000,-0.308,+0.000,1100,0,
1785505540.5316,2026-07-31T09:45:40.531,175.845,1770,,,,0,,,,0.3183,0.23,0.2730,-67.87,1,30.0,hold:D,+0.000,+0.000,-0.322,+0.000,1100,0,
1785505540.6318,2026-07-31T09:45:40.631,175.945,1771,,,,0,,,,0.3073,0.53,0.2620,-67.58,1,30.0,hold:D,+0.000,+0.000,-0.344,+0.000,1100,0,
1785505540.7319,2026-07-31T09:45:40.731,176.045,1772,,,,0,,,,0.3042,0.67,0.2589,-67.43,1,30.0,hold:D,+0.000,+0.000,-0.365,+0.000,1100,0,
1785505540.8305,2026-07-31T09:45:40.830,176.144,1773,,,,0,,,,0.3021,0.95,0.2569,-67.15,1,30.0,hold:D,+0.000,+0.000,-0.374,+0.000,1100,0,
1785505540.9314,2026-07-31T09:45:40.931,176.244,1774,,,,0,,,,0.2938,1.09,0.2485,-67.01,1,30.0,hold:D,+0.000,+0.000,-0.402,+0.000,1100,0,
1785505541.0309,2026-07-31T09:45:41.030,176.344,1775,,,,0,,,,0.2898,1.38,0.2445,-66.72,1,30.0,hold:D,+0.000,+0.000,-0.418,+0.000,1100,0,
1785505541.1312,2026-07-31T09:45:41.131,176.444,1776,,,,0,,,,0.2885,1.64,0.2432,-66.46,1,30.0,hold:D,+0.000,+0.000,-0.429,+0.000,1100,0,
1785505541.2307,2026-07-31T09:45:41.230,176.544,1777,,,,0,,,,0.2821,1.77,0.2369,-66.33,1,30.0,hold:D,+0.000,+0.000,-0.450,+0.000,1100,0,
1785505541.3302,2026-07-31T09:45:41.330,176.643,1778,,,,0,,,,0.2802,2.05,0.2350,-66.06,1,30.0,hold:D,+0.000,+0.000,-0.458,+0.000,1100,0,
1785505541.4286,2026-07-31T09:45:41.428,176.742,1779,,,,0,,,,0.2755,2.18,0.2302,-65.92,1,30.0,hold:D,+0.000,+0.000,-0.481,+0.000,1100,0,
1785505541.5280,2026-07-31T09:45:41.528,176.841,1780,,,,0,,,,0.2756,2.44,0.2303,-65.66,1,30.0,hold:D,+0.000,+0.000,-0.490,+0.000,1100,0,
1785505541.6279,2026-07-31T09:45:41.627,176.941,1781,,,,0,,,,0.2716,2.57,0.2264,-65.53,1,30.0,hold:D,+0.000,+0.000,-0.507,+0.000,1100,0,
1785505541.7267,2026-07-31T09:45:41.726,177.040,1782,,,,0,,,,0.2680,2.84,0.2228,-65.26,1,30.0,hold:D,+0.000,+0.000,-0.523,+0.000,1100,0,
1785505541.8260,2026-07-31T09:45:41.826,177.139,1783,,,,0,,,,0.2676,3.12,0.2224,-64.98,1,30.0,hold:D,+0.000,+0.000,-0.525,+0.000,1100,0,
1785505541.9255,2026-07-31T09:45:41.925,177.239,1784,,,,0,,,,0.2652,3.27,0.2200,-64.84,1,30.0,hold:D,+0.000,+0.000,-0.547,+0.000,1100,0,
1785505542.0247,2026-07-31T09:45:42.024,177.338,1785,,,,0,,,,0.2643,3.57,0.2190,-64.53,1,30.0,hold:D,+0.000,+0.000,-0.553,+0.000,1100,0,
1785505542.1255,2026-07-31T09:45:42.125,177.439,1786,,,,0,,,,0.2701,3.72,0.2248,-64.38,1,30.0,hold:D,+0.000,+0.000,-0.556,+0.000,1100,0,
1785505542.2246,2026-07-31T09:45:42.224,177.538,1787,,,,0,,,,0.2737,4.05,0.2284,-64.05,1,30.0,hold:D,+0.000,+0.000,-0.558,+0.000,1100,0,
1785505542.3242,2026-07-31T09:45:42.324,177.637,1788,,,,0,,,,0.2686,4.39,0.2234,-63.71,1,30.0,hold:D,+0.000,+0.000,-0.571,+0.000,1100,0,
1785505542.4227,2026-07-31T09:45:42.422,177.736,1789,,,,0,,,,0.2758,4.56,0.2305,-63.54,1,30.0,hold:D,+0.000,+0.000,-0.572,+0.000,1100,0,
1785505542.5228,2026-07-31T09:45:42.522,177.836,1790,,,,0,,,,0.2771,4.92,0.2318,-63.18,1,30.0,hold:D,+0.000,+0.000,-0.588,+0.000,1100,0,
1785505542.6218,2026-07-31T09:45:42.621,177.935,1791,,,,0,,,,0.2765,5.10,0.2312,-63.00,1,30.0,hold:D,+0.000,+0.000,-0.588,+0.000,1100,0,
1785505542.7214,2026-07-31T09:45:42.721,178.034,1792,,,,0,,,,0.2842,5.51,0.2389,-62.59,1,30.0,hold:D,+0.000,+0.000,-0.581,+0.000,1100,0,
1785505542.8201,2026-07-31T09:45:42.820,178.133,1793,,,,0,,,,0.2946,5.92,0.2493,-62.18,1,30.0,hold:D,+0.000,+0.000,-0.583,+0.000,1100,0,
1785505542.9201,2026-07-31T09:45:42.920,178.233,1794,,,,0,,,,0.2987,6.14,0.2534,-61.96,1,30.0,hold:D,+0.000,+0.000,-0.569,+0.000,1100,0,
1785505543.0203,2026-07-31T09:45:43.020,178.333,1795,,,,0,,,,0.3007,6.58,0.2554,-61.52,1,30.0,hold:D,+0.000,+0.000,-0.585,+0.000,1100,0,
1785505543.1191,2026-07-31T09:45:43.119,178.432,1796,,,,0,,,,0.3087,7.03,0.2635,-61.07,1,30.0,hold:D,+0.000,+0.000,-0.577,+0.000,1100,0,
1785505543.2180,2026-07-31T09:45:43.217,178.531,1797,,,,0,,,,0.3169,7.25,0.2717,-60.85,1,30.0,hold:D,+0.000,+0.000,-0.556,+0.000,1100,0,
1785505543.3171,2026-07-31T09:45:43.317,178.630,1798,,,,0,,,,0.3257,7.73,0.2805,-60.37,1,30.0,hold:D,+0.000,+0.000,-0.566,+0.000,1100,0,
1785505543.4165,2026-07-31T09:45:43.416,178.730,1799,,,,0,,,,0.3315,7.97,0.2862,-60.13,1,30.0,hold:D,+0.000,+0.000,-0.541,+0.000,1100,0,
1785505543.5164,2026-07-31T09:45:43.516,178.829,1800,,,,0,,,,0.3394,8.47,0.2942,-59.63,1,30.0,hold:D,+0.000,+0.000,-0.543,+0.000,1100,0,
1785505543.6152,2026-07-31T09:45:43.615,178.928,1801,,,,0,,,,0.3493,8.72,0.3041,-59.38,1,30.0,hold:D,+0.000,+0.000,-0.518,+0.000,1100,0,
1785505543.7143,2026-07-31T09:45:43.714,179.027,1802,,,,0,,,,0.3630,9.20,0.3178,-58.90,1,30.0,hold:D,+0.000,+0.000,-0.497,+0.000,1100,0,
1785505543.8130,2026-07-31T09:45:43.813,179.126,1803,,,,0,,,,0.3689,9.68,0.3236,-58.42,1,30.0,hold:D,+0.000,+0.000,-0.506,+0.000,1100,0,
1785505543.9117,2026-07-31T09:45:43.911,179.225,1804,,,,0,,,,0.3745,9.92,0.3292,-58.18,1,30.0,hold:D,+0.000,+0.000,-0.484,+0.000,1100,0,
1785505544.0118,2026-07-31T09:45:44.011,179.325,1805,,,,0,,,,0.3833,10.41,0.3380,-57.69,1,30.0,hold:D,+0.000,+0.000,-0.477,+0.000,1100,0,
1785505544.1108,2026-07-31T09:45:44.110,179.424,1806,,,,0,,,,0.3928,10.65,0.3475,-57.46,1,30.0,hold:D,+0.000,+0.000,-0.457,+0.000,1100,0,
1785505544.2100,2026-07-31T09:45:44.210,179.523,1807,,,,0,,,,0.4021,11.10,0.3569,-57.00,1,30.0,hold:D,+0.000,+0.000,-0.443,+0.000,1100,0,
1785505544.3086,2026-07-31T09:45:44.308,179.622,1808,,,,0,,,,0.4135,11.54,0.3682,-56.56,1,30.0,hold:D,+0.000,+0.000,-0.434,+0.000,1100,0,
1785505544.4090,2026-07-31T09:45:44.408,179.722,1809,,,,0,,,,0.4230,11.76,0.3778,-56.34,1,30.0,hold:D,+0.000,+0.000,-0.408,+0.000,1100,0,
1785505544.5092,2026-07-31T09:45:44.509,179.822,1810,,,,0,,,,0.4320,12.18,0.3867,-55.92,1,30.0,hold:D,+0.000,+0.000,-0.410,+0.000,1100,0,
1785505544.6079,2026-07-31T09:45:44.607,179.921,1811,,,,0,,,,0.4360,12.39,0.3907,-55.71,1,30.0,hold:D,+0.000,+0.000,-0.388,+0.000,1100,0,
1785505544.7065,2026-07-31T09:45:44.706,180.020,1812,,,,0,,,,0.4470,12.79,0.4018,-55.31,1,30.0,hold:D,+0.000,+0.000,-0.378,+0.000,1100,0,
1785505544.8067,2026-07-31T09:45:44.806,180.120,1813,,,,0,,,,0.4621,13.19,0.4168,-54.91,1,30.0,hold:D,+0.000,+0.000,-0.362,+0.000,1100,0,
1785505544.9069,2026-07-31T09:45:44.906,180.220,1814,,,,0,,,,0.4617,13.39,0.4164,-54.71,1,30.0,hold:D,+0.000,+0.000,-0.342,+0.000,1100,0,
1785505545.0072,2026-07-31T09:45:45.007,180.320,1815,,,,0,,,,0.4713,13.78,0.4260,-54.32,1,30.0,hold:D,+0.000,+0.000,-0.334,+0.000,1100,0,
1785505545.1062,2026-07-31T09:45:45.106,180.419,1816,,,,0,,,,0.4795,13.98,0.4343,-54.12,1,30.0,hold:D,+0.000,+0.000,-0.309,+0.000,1100,0,
1785505545.2050,2026-07-31T09:45:45.205,180.518,1817,,,,0,,,,0.4902,14.35,0.4450,-53.75,1,30.0,hold:D,+0.000,+0.000,-0.305,+0.000,1100,0,
1785505545.3035,2026-07-31T09:45:45.303,180.617,1818,,,,0,,,,0.4971,14.74,0.4519,-53.36,1,30.0,hold:D,+0.000,+0.000,-0.278,+0.000,1100,0,
1785505545.4041,2026-07-31T09:45:45.404,180.717,1819,,,,0,,,,0.4999,14.94,0.4547,-53.16,1,30.0,hold:D,+0.000,+0.000,-0.268,+0.000,1100,0,
1785505545.5042,2026-07-31T09:45:45.504,180.817,1820,,,,0,,,,0.5098,15.31,0.4646,-52.79,1,30.0,hold:D,+0.000,+0.000,-0.252,+0.000,1100,0,
1785505545.6042,2026-07-31T09:45:45.604,180.917,1821,,,,0,,,,0.5151,15.49,0.4699,-52.61,1,30.0,hold:D,+0.000,+0.000,-0.238,+0.000,1100,0,
1785505545.7035,2026-07-31T09:45:45.703,181.017,1822,,,,0,,,,0.5189,15.85,0.4736,-52.25,1,30.0,hold:D,+0.000,+0.000,-0.236,+0.000,1100,0,
1785505545.8028,2026-07-31T09:45:45.802,181.116,1823,,,,0,,,,0.5260,16.04,0.4808,-52.06,1,30.0,hold:D,+0.000,+0.000,-0.215,+0.000,1100,0,
1785505545.9018,2026-07-31T09:45:45.901,181.215,1824,,,,0,,,,0.5326,16.42,0.4873,-51.68,1,30.0,hold:D,+0.000,+0.000,-0.201,+0.000,1100,0,
1785505546.0023,2026-07-31T09:45:46.002,181.315,1825,,,,0,,,,0.5361,16.80,0.4908,-51.30,1,30.0,hold:D,+0.000,+0.000,-0.200,+0.000,1100,0,
1785505546.1034,2026-07-31T09:45:46.103,181.417,1826,,,,0,,,,0.5435,17.00,0.4982,-51.10,1,30.0,hold:D,+0.000,+0.000,-0.177,+0.000,1100,0,
1785505546.2025,2026-07-31T09:45:46.202,181.516,1827,,,,0,,,,0.5451,17.41,0.4998,-50.69,1,30.0,hold:D,+0.000,+0.000,-0.181,+0.000,1100,0,
1785505546.3007,2026-07-31T09:45:46.300,181.614,1828,,,,0,,,,0.5468,17.61,0.5016,-50.49,1,30.0,hold:D,+0.000,+0.000,-0.166,+0.000,1100,0,
1785505546.3998,2026-07-31T09:45:46.399,181.713,1829,,,,0,,,,0.5481,18.02,0.5028,-50.08,1,30.0,hold:D,+0.000,+0.000,-0.162,+0.000,1100,0,
1785505546.4995,2026-07-31T09:45:46.499,181.813,1830,,,,0,,,,0.5605,18.45,0.5153,-49.65,1,30.0,hold:D,+0.000,+0.000,-0.150,+0.000,1100,0,
1785505546.6011,2026-07-31T09:45:46.601,181.914,1831,,,,0,,,,0.5611,18.67,0.5159,-49.43,1,30.0,hold:D,+0.000,+0.000,-0.131,+0.000,1100,0,
1785505546.7012,2026-07-31T09:45:46.701,182.014,1832,,,,0,,,,0.5661,19.10,0.5209,-49.00,1,30.0,hold:D,+0.000,+0.000,-0.122,+0.000,1100,0,
1785505546.7998,2026-07-31T09:45:46.799,182.113,1833,,,,0,,,,0.5703,19.32,0.5250,-48.78,1,30.0,hold:D,+0.000,+0.000,-0.108,+0.000,1100,0,
1785505546.8989,2026-07-31T09:45:46.898,182.212,1834,,,,0,,,,0.5737,19.77,0.5284,-48.33,1,30.0,hold:D,+0.000,+0.000,-0.098,+0.000,1100,0,
1785505546.9978,2026-07-31T09:45:46.997,182.311,1835,,,,0,,,,0.5748,20.22,0.5295,-47.88,1,30.0,hold:D,+0.000,+0.000,-0.094,+0.000,1100,0,
1785505547.0967,2026-07-31T09:45:47.096,182.410,1836,,,,0,,,,0.5792,20.45,0.5339,-47.65,1,30.0,hold:D,+0.000,+0.000,-0.081,+0.000,1100,0,
1785505547.1966,2026-07-31T09:45:47.196,182.510,1837,,,,0,,,,0.5806,20.90,0.5354,-47.20,1,30.0,hold:D,+0.000,+0.000,-0.086,+0.000,1100,0,
1785505547.2965,2026-07-31T09:45:47.296,182.610,1838,,,,0,,,,0.5830,21.35,0.5378,-46.75,1,30.0,hold:D,+0.000,+0.000,-0.077,+0.000,1100,0,
1785505547.3948,2026-07-31T09:45:47.394,182.708,1839,,,,0,,,,0.5836,21.58,0.5383,-46.52,1,30.0,hold:D,+0.000,+0.000,-0.063,+0.000,1100,0,
1785505547.4946,2026-07-31T09:45:47.494,182.808,1840,,,,0,,,,0.5870,22.04,0.5418,-46.06,1,30.0,hold:D,+0.000,+0.000,-0.055,+0.000,1100,0,
1785505547.5941,2026-07-31T09:45:47.594,182.907,1841,,,,0,,,,0.5847,22.28,0.5394,-45.82,1,30.0,hold:D,+0.000,+0.000,-0.054,+0.000,1100,0,
1785505547.6934,2026-07-31T09:45:47.693,183.007,1842,,,,0,,,,0.5880,22.73,0.5428,-45.37,1,30.0,hold:D,+0.000,+0.000,-0.042,+0.000,1100,0,
1785505547.7945,2026-07-31T09:45:47.794,183.108,1843,,,,0,,,,0.5876,23.18,0.5423,-44.92,1,30.0,hold:D,+0.000,+0.000,-0.044,+0.000,1100,0,
1785505547.8930,2026-07-31T09:45:47.892,183.206,1844,,,,0,,,,0.5922,23.40,0.5470,-44.70,1,30.0,hold:D,+0.000,+0.000,-0.028,+0.000,1100,0,
1785505547.9926,2026-07-31T09:45:47.992,183.306,1845,,,,0,,,,0.5896,23.85,0.5443,-44.25,1,30.0,hold:D,+0.000,+0.000,-0.029,+0.000,1100,0,
1785505548.0931,2026-07-31T09:45:48.093,183.406,1846,,,,0,,,,0.5919,24.08,0.5466,-44.02,1,30.0,hold:D,+0.000,+0.000,-0.022,+0.000,1100,0,
1785505548.1927,2026-07-31T09:45:48.192,183.506,1847,,,,0,,,,0.5917,24.52,0.5464,-43.58,1,30.0,hold:D,+0.000,+0.000,-0.016,+0.000,1100,0,
1785505548.2941,2026-07-31T09:45:48.294,183.607,1848,,,,0,,,,0.5918,24.98,0.5466,-43.12,1,30.0,hold:D,+0.000,+0.000,-0.018,+0.000,1100,0,
1785505548.3918,2026-07-31T09:45:48.391,183.705,1849,,,,0,,,,0.5912,25.21,0.5460,-42.89,1,30.0,hold:D,+0.000,+0.000,-0.012,+0.000,1100,0,
1785505548.4906,2026-07-31T09:45:48.490,183.804,1850,,,,0,,,,0.5976,25.66,0.5523,-42.44,1,30.0,hold:D,+0.000,+0.000,-0.010,+0.000,1100,0,
1785505548.5907,2026-07-31T09:45:48.590,183.904,1851,,,,0,,,,0.5983,25.89,0.5530,-42.21,1,30.0,hold:D,+0.000,+0.000,+0.010,+0.000,1100,0,
1785505548.6899,2026-07-31T09:45:48.689,184.003,1852,,,,0,,,,0.5907,26.35,0.5454,-41.75,1,30.0,hold:D,+0.000,+0.000,+0.003,+0.000,1100,0,
1785505548.7893,2026-07-31T09:45:48.789,184.102,1853,,,,0,,,,0.5951,26.58,0.5498,-41.52,1,30.0,hold:D,+0.000,+0.000,+0.011,+0.000,1100,0,
1785505548.8878,2026-07-31T09:45:48.887,184.201,1854,,,,0,,,,0.5939,27.05,0.5486,-41.05,1,30.0,hold:D,+0.000,+0.000,+0.012,+0.000,1100,0,
1785505548.9873,2026-07-31T09:45:48.987,184.300,1855,,,,0,,,,0.5932,27.51,0.5480,-40.59,1,30.0,hold:D,+0.000,+0.000,+0.019,+0.000,1100,0,
1785505549.0870,2026-07-31T09:45:49.086,184.400,1856,,,,0,,,,0.5932,27.74,0.5479,-40.36,1,30.0,hold:DY,+0.000,+0.000,+0.018,+0.000,1100,0,
1785505549.1866,2026-07-31T09:45:49.186,184.500,1857,,,,0,,,,0.5925,28.20,0.5472,-39.90,1,30.0,hold:DY,+0.000,+0.000,+0.020,+0.237,1100,0,
1785505549.2857,2026-07-31T09:45:49.285,184.599,1858,,,,0,,,,0.5924,28.42,0.5472,-39.68,1,30.0,hold:DY,+0.000,+0.000,+0.023,+0.250,1100,0,
1785505549.3866,2026-07-31T09:45:49.386,184.700,1859,,,,0,,,,0.5826,28.80,0.5374,-39.30,1,30.0,hold:DY,+0.000,+0.000,+0.007,+0.263,1100,0,
1785505549.4871,2026-07-31T09:45:49.487,184.800,1860,,,,0,,,,0.5875,28.88,0.5422,-39.22,1,30.0,hold:DY,+0.000,+0.000,+0.012,+0.269,1100,0,
1785505549.5872,2026-07-31T09:45:49.587,184.900,1861,,,,0,,,,0.5876,28.82,0.5423,-39.28,1,30.0,hold:DY,+0.000,+0.000,+0.023,+0.274,1100,0,
1785505549.6861,2026-07-31T09:45:49.686,184.999,1862,,,,0,,,,0.5809,28.50,0.5356,-39.60,1,30.0,hold:DY,+0.000,+0.000,+0.025,+0.277,1100,0,
1785505549.7849,2026-07-31T09:45:49.784,185.098,1863,,,,0,,,,0.5858,28.26,0.5406,-39.84,1,30.0,hold:DY,+0.000,+0.000,+0.027,+0.275,1100,0,
1785505549.8850,2026-07-31T09:45:49.885,185.198,1864,,,,0,,,,0.5856,27.64,0.5404,-40.46,1,30.0,hold:DY,+0.000,+0.000,+0.028,+0.275,1100,0,
1785505549.9849,2026-07-31T09:45:49.984,185.298,1865,,,,0,,,,0.5857,26.86,0.5405,-41.24,1,30.0,hold:DY,+0.000,+0.000,+0.022,+0.267,1100,0,
1785505550.0842,2026-07-31T09:45:50.084,185.397,1866,,,,0,,,,0.5801,26.44,0.5348,-41.66,1,30.0,hold:DY,+0.000,+0.000,+0.025,+0.257,1100,0,
1785505550.1831,2026-07-31T09:45:50.183,185.496,1867,,,,0,,,,0.5781,25.60,0.5328,-42.50,1,30.0,hold:DY,+0.000,+0.000,+0.040,+0.254,1100,0,
1785505550.2824,2026-07-31T09:45:50.282,185.596,1868,,,,0,,,,0.5782,25.20,0.5329,-42.90,1,30.0,hold:DY,+0.000,+0.000,+0.028,+0.243,1100,0,
1785505550.3808,2026-07-31T09:45:50.380,185.694,1869,,,,0,,,,0.5799,24.46,0.5347,-43.64,1,30.0,hold:DY,+0.000,+0.000,+0.030,+0.240,1100,0,
1785505550.4804,2026-07-31T09:45:50.480,185.794,1870,,,,0,,,,0.5777,23.80,0.5324,-44.30,1,30.0,hold:DY,+0.000,+0.000,+0.031,+0.231,1100,0,
1785505550.5804,2026-07-31T09:45:50.580,185.894,1871,,,,0,,,,0.5736,23.43,0.5283,-44.67,1,30.0,hold:DY,+0.000,+0.000,+0.028,+0.222,1100,0,
1785505550.6790,2026-07-31T09:45:50.679,185.992,1872,,,,0,,,,0.5722,22.52,0.5269,-45.58,1,30.0,hold:DY,+0.000,+0.000,+0.035,+0.218,1100,0,
1785505550.7779,2026-07-31T09:45:50.777,186.091,1873,,,,0,,,,0.5742,22.01,0.5289,-46.09,1,30.0,hold:DY,+0.000,+0.000,+0.035,+0.203,1100,0,
1785505550.8784,2026-07-31T09:45:50.878,186.191,1874,,,,0,,,,0.5704,20.97,0.5252,-47.13,1,30.0,hold:DY,+0.000,+0.000,+0.026,+0.196,1100,0,
1785505550.9774,2026-07-31T09:45:50.977,186.291,1875,,,,0,,,,0.5655,20.45,0.5203,-47.65,1,30.0,hold:DY,+0.000,+0.000,+0.023,+0.180,1100,0,
1785505551.0785,2026-07-31T09:45:51.078,186.392,1876,,,,0,,,,0.5659,19.59,0.5206,-48.51,1,30.0,hold:DY,+0.000,+0.000,+0.027,+0.166,1100,0,
1785505551.1771,2026-07-31T09:45:51.177,186.490,1877,,,,0,,,,0.5650,18.80,0.5198,-49.30,1,30.0,hold:DY,+0.000,+0.000,+0.026,+0.161,1100,0,
1785505551.2765,2026-07-31T09:45:51.276,186.590,1878,,,,0,,,,0.5681,18.40,0.5229,-49.71,1,30.0,hold:DY,+0.000,+0.000,+0.036,+0.148,1100,0,
1785505551.3748,2026-07-31T09:45:51.374,186.688,1879,,,,0,,,,0.5615,17.55,0.5162,-50.55,1,30.0,hold:DY,+0.000,+0.000,+0.028,+0.142,1100,0,
1785505551.4742,2026-07-31T09:45:51.474,186.787,1880,,,,0,,,,0.5594,16.79,0.5141,-51.31,1,30.0,hold:DY,+0.000,+0.000,+0.029,+0.128,1100,0,
1785505551.5729,2026-07-31T09:45:51.572,186.886,1881,,,,0,,,,0.5607,16.47,0.5154,-51.63,1,30.0,hold:DY,+0.000,+0.000,+0.029,+0.000,1100,0,
1785505551.6736,2026-07-31T09:45:51.673,186.987,1882,,,,0,,,,0.5586,15.91,0.5134,-52.19,1,30.0,hold:DY,+0.000,+0.000,+0.022,+0.000,1100,0,
1785505551.7717,2026-07-31T09:45:51.771,187.085,1883,,,,0,,,,0.5563,15.68,0.5110,-52.42,1,30.0,hold:DY,+0.000,+0.000,+0.024,+0.000,1100,0,
1785505551.8727,2026-07-31T09:45:51.872,187.186,1884,,,,0,,,,0.5567,15.30,0.5114,-52.80,1,30.0,hold:DY,+0.000,+0.000,+0.033,+0.000,1100,0,
1785505551.9722,2026-07-31T09:45:51.972,187.285,1885,,,,0,,,,0.5547,15.02,0.5095,-53.08,1,30.0,hold:DY,+0.000,+0.000,+0.026,+0.000,1100,0,
1785505552.0707,2026-07-31T09:45:52.070,187.384,1886,,,,0,,,,0.5504,14.91,0.5051,-53.19,1,30.0,hold:DY,+0.000,+0.000,+0.019,+0.000,1100,0,
1785505552.1714,2026-07-31T09:45:52.171,187.484,1887,,,,0,,,,0.5500,14.73,0.5048,-53.37,1,30.0,hold:DY,+0.000,+0.000,+0.019,+0.000,1100,0,
1785505552.2689,2026-07-31T09:45:52.268,187.582,1888,,,,0,,,,0.5526,14.66,0.5073,-53.44,1,30.0,hold:DY,+0.000,+0.000,+0.028,+0.000,1100,0,
1785505552.3691,2026-07-31T09:45:52.369,187.682,1889,,,,0,,,,0.5444,14.57,0.4992,-53.53,1,30.0,hold:DY,+0.000,+0.000,+0.022,+0.000,1100,0,
1785505552.4679,2026-07-31T09:45:52.467,187.781,1890,,,,0,,,,0.5420,14.54,0.4967,-53.56,1,30.0,hold:DY,+0.000,+0.000,+0.010,+0.000,1100,0,
1785505552.5687,2026-07-31T09:45:52.568,187.882,1891,,,,0,,,,0.5415,14.50,0.4963,-53.60,1,30.0,hold:DY,+0.000,+0.000,+0.011,+0.000,1100,0,
1785505552.6692,2026-07-31T09:45:52.669,187.982,1892,,,,0,,,,0.5410,14.49,0.4957,-53.61,1,30.0,hold:DY,+0.000,+0.000,+0.010,+0.000,1100,0,
1785505552.7689,2026-07-31T09:45:52.768,188.082,1893,,,,0,,,,0.5373,14.51,0.4921,-53.59,1,30.0,hold:DY,+0.000,+0.000,+0.006,+0.000,1100,0,
1785505552.8695,2026-07-31T09:45:52.869,188.183,1894,,,,0,,,,0.5344,14.57,0.4891,-53.53,1,30.0,hold:DY,+0.000,+0.000,+0.002,+0.000,1100,0,
1785505552.9684,2026-07-31T09:45:52.968,188.282,1895,,,,0,,,,0.5301,14.64,0.4849,-53.46,1,30.0,hold:DY,+0.000,+0.000,+0.001,+0.000,1100,0,
1785505553.0684,2026-07-31T09:45:53.068,188.382,1896,,,,0,,,,0.5296,14.69,0.4844,-53.41,1,30.0,hold:DY,+0.000,+0.000,-0.006,+0.000,1100,0,
1785505553.1668,2026-07-31T09:45:53.166,188.480,1897,,,,0,,,,0.5251,14.80,0.4798,-53.30,1,30.0,hold:DY,+0.000,+0.000,+0.001,+0.000,1100,0,
1785505553.2670,2026-07-31T09:45:53.266,188.580,1898,,,,0,,,,0.5254,14.87,0.4801,-53.23,1,30.0,hold:DY,+0.000,+0.000,-0.012,+0.000,1100,0,
1785505553.3661,2026-07-31T09:45:53.366,188.679,1899,,,,0,,,,0.5227,15.00,0.4775,-53.10,1,30.0,hold:DY,+0.000,+0.000,-0.011,+0.000,1100,0,
1785505553.4650,2026-07-31T09:45:53.465,188.778,1900,,,,0,,,,0.5175,15.07,0.4723,-53.03,1,30.0,hold:DY,+0.000,+0.000,-0.026,+0.000,1100,0,
1785505553.5646,2026-07-31T09:45:53.564,188.878,1901,,,,0,,,,0.5159,15.23,0.4706,-52.87,1,30.0,hold:DY,+0.000,+0.000,-0.029,+0.000,1100,0,
1785505553.6637,2026-07-31T09:45:53.663,188.977,1902,,,,0,,,,0.5115,15.41,0.4663,-52.69,1,30.0,hold:DY,+0.000,+0.000,-0.026,+0.000,1100,0,
1785505553.7631,2026-07-31T09:45:53.763,189.076,1903,,,,0,,,,0.5056,15.49,0.4603,-52.61,1,30.0,hold:DY,+0.000,+0.000,-0.050,+0.000,1100,0,
1785505553.8637,2026-07-31T09:45:53.863,189.177,1904,,,,0,,,,0.5060,15.67,0.4608,-52.43,1,30.0,hold:DY,+0.000,+0.000,-0.042,+0.000,1100,0,
1785505553.9636,2026-07-31T09:45:53.963,189.277,1905,,,,0,,,,0.5055,15.77,0.4602,-52.33,1,30.0,hold:DY,+0.000,+0.000,-0.050,+0.000,1100,0,
1785505554.0631,2026-07-31T09:45:54.063,189.376,1906,,,,0,,,,0.4986,15.95,0.4533,-52.15,1,30.0,hold:DY,+0.000,+0.000,-0.063,+0.000,1100,0,
1785505554.1636,2026-07-31T09:45:54.163,189.477,1907,,,,0,,,,0.4999,16.04,0.4546,-52.06,1,30.0,hold:DY,+0.000,+0.000,-0.061,+0.000,1100,0,
1785505554.2626,2026-07-31T09:45:54.262,189.576,1908,,,,0,,,,0.4893,16.23,0.4440,-51.87,1,30.0,hold:DY,+0.000,+0.000,-0.082,+0.000,1100,0,
1785505554.3626,2026-07-31T09:45:54.362,189.676,1909,,,,0,,,,0.4855,16.43,0.4402,-51.67,1,30.0,hold:DY,+0.000,+0.000,-0.078,+0.000,1100,0,
1785505554.4624,2026-07-31T09:45:54.462,189.776,1910,,,,0,,,,0.4883,16.54,0.4430,-51.57,1,30.0,hold:DY,+0.000,+0.000,-0.084,+0.000,1100,0,
1785505554.5609,2026-07-31T09:45:54.560,189.874,1911,,,,0,,,,0.4820,16.73,0.4367,-51.37,1,30.0,hold:DY,+0.000,+0.000,-0.090,+0.000,1100,0,
1785505554.6603,2026-07-31T09:45:54.660,189.973,1912,,,,0,,,,0.4855,16.82,0.4402,-51.28,1,30.0,hold:DY,+0.000,+0.000,-0.090,+0.000,1100,0,
1785505554.7606,2026-07-31T09:45:54.760,190.074,1913,,,,0,,,,0.4784,17.02,0.4331,-51.09,1,30.0,hold:DY,+0.000,+0.000,-0.105,+0.037,1100,0,
1785505554.8592,2026-07-31T09:45:54.859,190.172,1914,,,,0,,,,0.4716,17.20,0.4264,-50.90,1,30.0,hold:DY,+0.000,+0.000,-0.112,+0.039,1100,0,
1785505554.9586,2026-07-31T09:45:54.958,190.272,1915,,,,0,,,,0.4686,17.29,0.4233,-50.81,1,30.0,hold:DY,+0.000,+0.000,-0.126,+0.043,1100,0,
1785505555.0572,2026-07-31T09:45:55.057,190.370,1916,,,,0,,,,0.4679,17.48,0.4226,-50.62,1,30.0,hold:DY,+0.000,+0.000,-0.137,+0.046,1100,0,
1785505555.1572,2026-07-31T09:45:55.157,190.470,1917,,,,0,,,,0.4554,17.67,0.4101,-50.43,1,30.0,hold:DY,+0.000,+0.000,-0.140,+0.050,1100,0,
1785505555.2563,2026-07-31T09:45:55.256,190.569,1918,,,,0,,,,0.4556,17.77,0.4104,-50.33,1,30.0,hold:DY,+0.000,+0.000,-0.157,+0.055,1100,0,
1785505555.3550,2026-07-31T09:45:55.355,190.668,1919,,,,0,,,,0.4570,17.97,0.4118,-50.13,1,30.0,hold:DY,+0.000,+0.000,-0.152,+0.058,1100,0,
1785505555.4555,2026-07-31T09:45:55.455,190.769,1920,,,,0,,,,0.4485,18.06,0.4032,-50.04,1,30.0,hold:DY,+0.000,+0.000,-0.175,+0.062,1100,0,
1785505555.5546,2026-07-31T09:45:55.554,190.868,1921,,,,0,,,,0.4454,18.26,0.4001,-49.84,1,30.0,hold:DY,+0.000,+0.000,-0.180,+0.065,1100,0,
1785505555.6531,2026-07-31T09:45:55.653,190.966,1922,,,,0,,,,0.4400,18.47,0.3947,-49.64,1,30.0,hold:DY,+0.000,+0.000,-0.192,+0.070,1100,0,
1785505555.7527,2026-07-31T09:45:55.752,191.066,1923,,,,0,,,,0.4383,18.57,0.3931,-49.53,1,30.0,hold:DY,+0.000,+0.000,-0.202,+0.076,1100,0,
1785505555.8521,2026-07-31T09:45:55.852,191.165,1924,,,,0,,,,0.4298,18.79,0.3845,-49.31,1,30.0,hold:DY,+0.000,+0.000,-0.213,+0.079,1100,0,
1785505555.9525,2026-07-31T09:45:55.952,191.266,1925,,,,0,,,,0.4302,18.90,0.3849,-49.20,1,30.0,hold:DY,+0.000,+0.000,-0.223,+0.084,1100,0,
1785505556.0529,2026-07-31T09:45:56.052,191.366,1926,,,,0,,,,0.4256,19.13,0.3804,-48.97,1,30.0,hold:DY,+0.000,+0.000,-0.235,+0.088,1100,0,
1785505556.1527,2026-07-31T09:45:56.152,191.466,1927,,,,0,,,,0.4176,19.36,0.3724,-48.74,1,30.0,hold:DY,+0.000,+0.000,-0.251,+0.094,1100,0,
1785505556.2524,2026-07-31T09:45:56.252,191.565,1928,,,,0,,,,0.4158,19.48,0.3705,-48.62,1,30.0,hold:DY,+0.000,+0.000,-0.262,+0.100,1100,0,
1785505556.3508,2026-07-31T09:45:56.350,191.664,1929,,,,0,,,,0.4129,19.72,0.3677,-48.38,1,30.0,hold:DY,+0.000,+0.000,-0.266,+0.104,1100,0,
1785505556.4505,2026-07-31T09:45:56.450,191.764,1930,,,,0,,,,0.4070,19.86,0.3617,-48.24,1,30.0,hold:DY,+0.000,+0.000,-0.286,+0.110,1100,0,
1785505556.5516,2026-07-31T09:45:56.551,191.865,1931,,,,0,,,,0.4074,20.10,0.3621,-48.00,1,30.0,hold:DY,+0.000,+0.000,-0.290,+0.115,1100,0,
1785505556.6500,2026-07-31T09:45:56.650,191.963,1932,,,,0,,,,0.4006,20.36,0.3554,-47.75,1,30.0,hold:DY,+0.000,+0.000,-0.303,+0.121,1100,0,
1785505556.7496,2026-07-31T09:45:56.749,192.063,1933,,,,0,,,,0.3982,20.48,0.3529,-47.62,1,30.0,hold:DY,+0.000,+0.000,-0.315,+0.128,1100,0,
1785505556.8479,2026-07-31T09:45:56.847,192.161,1934,,,,0,,,,0.3958,20.75,0.3505,-47.35,1,30.0,hold:DY,+0.000,+0.000,-0.330,+0.132,1100,0,
1785505556.9481,2026-07-31T09:45:56.948,192.261,1935,,,,0,,,,0.3888,20.87,0.3435,-47.23,1,30.0,hold:DY,+0.000,+0.000,-0.342,+0.139,1100,0,
1785505557.0471,2026-07-31T09:45:57.047,192.360,1936,,,,0,,,,0.3841,21.13,0.3388,-46.97,1,30.0,hold:DY,+0.000,+0.000,-0.336,+0.144,1100,0,
1785505557.1459,2026-07-31T09:45:57.145,192.459,1937,,,,0,,,,0.3823,21.38,0.3370,-46.72,1,30.0,hold:DY,+0.000,+0.000,-0.347,+0.151,1100,0,
1785505557.2456,2026-07-31T09:45:57.245,192.559,1938,,,,0,,,,0.3808,21.50,0.3356,-46.60,1,30.0,hold:DY,+0.000,+0.000,-0.372,+0.158,1100,0,
1785505557.3447,2026-07-31T09:45:57.344,192.658,1939,,,,0,,,,0.3764,21.76,0.3312,-46.34,1,30.0,hold:DY,+0.000,+0.000,-0.375,+0.163,1100,0,
1785505557.4436,2026-07-31T09:45:57.443,192.757,1940,,,,0,,,,0.3773,21.87,0.3321,-46.23,1,30.0,hold:DY,+0.000,+0.000,-0.388,+0.170,1100,0,
1785505557.5425,2026-07-31T09:45:57.542,192.856,1941,,,,0,,,,0.3744,22.05,0.3292,-46.05,1,30.0,hold:DY,+0.000,+0.000,-0.404,+0.174,1100,0,
1785505557.6414,2026-07-31T09:45:57.641,192.955,1942,,,,0,,,,0.3726,22.12,0.3274,-45.98,1,30.0,hold:DY,+0.000,+0.000,-0.408,+0.180,1100,0,
1785505557.7401,2026-07-31T09:45:57.740,193.053,1943,,,,0,,,,0.3679,22.24,0.3227,-45.86,1,30.0,hold:DY,+0.000,+0.000,-0.422,+0.185,1100,0,
1785505557.8406,2026-07-31T09:45:57.840,193.154,1944,,,,0,,,,0.3636,22.28,0.3183,-45.82,1,30.0,hold:DY,+0.000,+0.000,-0.436,+0.189,1100,0,
1785505557.9399,2026-07-31T09:45:57.939,193.253,1945,,,,0,,,,0.3598,22.32,0.3145,-45.78,1,30.0,hold:DY,+0.000,+0.000,-0.449,+0.192,1100,0,
1785505558.0388,2026-07-31T09:45:58.038,193.352,1946,,,,0,,,,0.3626,22.26,0.3173,-45.84,1,30.0,hold:DY,+0.000,+0.000,-0.442,+0.195,1100,0,
1785505558.1388,2026-07-31T09:45:58.138,193.452,1947,,,,0,,,,0.3583,22.21,0.3130,-45.89,1,30.0,hold:DY,+0.000,+0.000,-0.463,+0.196,1100,0,
1785505558.2371,2026-07-31T09:45:58.237,193.550,1948,,,,0,,,,0.3581,21.94,0.3129,-46.16,1,30.0,hold:DY,+0.000,+0.000,-0.465,+0.197,1100,0,
1785505558.3377,2026-07-31T09:45:58.337,193.651,1949,,,,0,,,,0.3630,21.50,0.3177,-46.60,1,30.0,hold:DY,+0.000,+0.000,-0.478,+0.193,1100,0,
1785505558.4360,2026-07-31T09:45:58.436,193.749,1950,,,,0,,,,0.3565,21.24,0.3112,-46.86,1,30.0,hold:DY,+0.000,+0.000,-0.483,+0.187,1100,0,
1785505558.5349,2026-07-31T09:45:58.534,193.848,1951,,,,0,,,,0.3543,20.75,0.3090,-47.35,1,30.0,hold:DY,+0.000,+0.000,-0.480,+0.185,1100,0,
1785505558.6349,2026-07-31T09:45:58.634,193.948,1952,,,,0,,,,0.3590,20.54,0.3137,-47.56,1,30.0,hold:DY,+0.000,+0.000,-0.490,+0.179,1100,0,
1785505558.7355,2026-07-31T09:45:58.735,194.049,1953,,,,0,,,,0.3633,20.16,0.3180,-47.94,1,30.0,hold:DY,+0.000,+0.000,-0.487,+0.178,1100,0,
1785505558.8342,2026-07-31T09:45:58.834,194.147,1954,,,,0,,,,0.3659,19.68,0.3206,-48.42,1,30.0,hold:DY,+0.000,+0.000,-0.492,+0.172,1100,0,
1785505558.9334,2026-07-31T09:45:58.933,194.247,1955,,,,0,,,,0.3653,19.41,0.3200,-48.69,1,30.0,hold:DY,+0.000,+0.000,-0.494,+0.164,1100,0,
1785505559.0328,2026-07-31T09:45:59.032,194.346,1956,,,,0,,,,0.3699,18.85,0.3247,-49.25,1,30.0,hold:DY,+0.000,+0.000,-0.497,+0.161,1100,0,
1785505559.1333,2026-07-31T09:45:59.133,194.446,1957,,,,0,,,,0.3731,18.59,0.3278,-49.51,1,30.0,hold:DY,+0.000,+0.000,-0.488,+0.153,1100,0,
1785505559.2328,2026-07-31T09:45:59.232,194.546,1958,,,,0,,,,0.3721,18.22,0.3269,-49.88,1,30.0,hold:DY,+0.000,+0.000,-0.489,+0.151,1100,0,
1785505559.3326,2026-07-31T09:45:59.332,194.646,1959,,,,0,,,,0.3772,17.89,0.3320,-50.21,1,30.0,hold:DY,+0.000,+0.000,-0.489,+0.146,1100,0,
1785505559.4318,2026-07-31T09:45:59.431,194.745,1960,,,,0,,,,0.3817,17.74,0.3365,-50.36,1,30.0,hold:DY,+0.000,+0.000,-0.486,+0.141,1100,0,
1785505559.5318,2026-07-31T09:45:59.531,194.845,1961,,,,0,,,,0.3858,17.47,0.3405,-50.63,1,30.0,hold:DY,+0.000,+0.000,-0.487,+0.140,1100,0,
1785505559.6312,2026-07-31T09:45:59.631,194.944,1962,,,,0,,,,0.3854,17.35,0.3402,-50.75,1,30.0,hold:DY,+0.000,+0.000,-0.488,+0.136,1100,0,
1785505559.7311,2026-07-31T09:45:59.731,195.044,1963,,,,0,,,,0.3979,17.18,0.3527,-50.93,1,30.0,hold:DY,+0.000,+0.000,-0.479,+0.135,1100,0,
1785505559.8303,2026-07-31T09:45:59.830,195.143,1964,,,,0,,,,0.4052,17.15,0.3599,-50.95,1,30.0,hold:DY,+0.000,+0.000,-0.473,+0.134,1100,0,
1785505559.9294,2026-07-31T09:45:59.929,195.242,1965,,,,0,,,,0.4091,17.19,0.3638,-50.91,1,30.0,hold:DY,+0.000,+0.000,-0.453,+0.136,1100,0,
1785505560.0283,2026-07-31T09:46:00.028,195.341,1966,,,,0,,,,0.4121,17.32,0.3669,-50.78,1,30.0,hold:DY,+0.000,+0.000,-0.452,+0.138,1100,0,
1785505560.1278,2026-07-31T09:46:00.127,195.441,1967,,,,0,,,,0.4163,17.42,0.3710,-50.68,1,30.0,hold:DY,+0.000,+0.000,-0.445,+0.142,1100,0,
1785505560.2272,2026-07-31T09:46:00.227,195.540,1968,,,,0,,,,0.4278,17.66,0.3825,-50.44,1,30.0,hold:DY,+0.000,+0.000,-0.445,+0.145,1100,0,
1785505560.3263,2026-07-31T09:46:00.326,195.639,1969,,,,0,,,,0.4328,17.93,0.3875,-50.17,1,30.0,hold:DY,+0.000,+0.000,-0.433,+0.151,1100,0,
1785505560.4250,2026-07-31T09:46:00.425,195.738,1970,,,,0,,,,0.4323,18.08,0.3870,-50.02,1,30.0,hold:DY,+0.000,+0.000,-0.422,+0.157,1100,0,
1785505560.5245,2026-07-31T09:46:00.524,195.838,1971,,,,0,,,,0.4431,18.40,0.3978,-49.70,1,30.0,hold:DY,+0.000,+0.000,-0.410,+0.161,1100,0,
1785505560.6230,2026-07-31T09:46:00.623,195.936,1972,,,,0,,,,0.4483,18.54,0.4031,-49.56,1,30.0,hold:DY,+0.000,+0.000,-0.395,+0.168,1100,0,
1785505560.7225,2026-07-31T09:46:00.722,196.036,1973,,,,0,,,,0.4540,18.77,0.4088,-49.33,1,30.0,hold:DY,+0.000,+0.000,-0.402,+0.172,1100,0,
1785505560.8218,2026-07-31T09:46:00.821,196.135,1974,,,,0,,,,0.4550,18.85,0.4097,-49.25,1,30.0,hold:DY,+0.000,+0.000,-0.385,+0.177,1100,0,
1785505560.9218,2026-07-31T09:46:00.921,196.235,1975,,,,0,,,,0.4664,18.96,0.4212,-49.14,1,30.0,hold:DY,+0.000,+0.000,-0.364,+0.180,1100,0,
1785505561.0202,2026-07-31T09:46:01.020,196.333,1976,,,,0,,,,0.4666,19.01,0.4213,-49.09,1,30.0,hold:DY,+0.000,+0.000,-0.364,+0.182,1100,0,
1785505561.1205,2026-07-31T09:46:01.120,196.434,1977,,,,0,,,,0.4704,19.02,0.4251,-49.08,1,30.0,hold:DY,+0.000,+0.000,-0.359,+0.184,1100,0,
1785505561.2198,2026-07-31T09:46:01.219,196.533,1978,,,,0,,,,0.4818,19.01,0.4365,-49.09,1,30.0,hold:DY,+0.000,+0.000,-0.349,+0.186,1100,0,
1785505561.3184,2026-07-31T09:46:01.318,196.631,1979,,,,0,,,,0.4852,19.00,0.4400,-49.10,1,30.0,hold:DY,+0.000,+0.000,-0.330,+0.187,1100,0,
1785505561.4173,2026-07-31T09:46:01.417,196.730,1980,,,,0,,,,0.4892,18.87,0.4439,-49.23,1,30.0,hold:DY,+0.000,+0.000,-0.333,+0.188,1100,0,
1785505561.5169,2026-07-31T09:46:01.516,196.830,1981,,,,0,,,,0.4920,18.71,0.4467,-49.39,1,30.0,hold:DY,+0.000,+0.000,-0.308,+0.187,1100,0,
1785505561.6169,2026-07-31T09:46:01.616,196.930,1982,,,,0,,,,0.5035,18.60,0.4582,-49.50,1,30.0,hold:DY,+0.000,+0.000,-0.293,+0.185,1100,0,
1785505561.7176,2026-07-31T09:46:01.717,197.031,1983,,,,0,,,,0.5005,18.28,0.4552,-49.82,1,30.0,hold:DY,+0.000,+0.000,-0.297,+0.183,1100,0,
1785505561.8164,2026-07-31T09:46:01.816,197.130,1984,,,,0,,,,0.5021,18.08,0.4568,-50.02,1,30.0,hold:DY,+0.000,+0.000,-0.296,+0.178,1100,0,
1785505561.9152,2026-07-31T09:46:01.915,197.228,1985,,,,0,,,,0.5137,17.61,0.4685,-50.49,1,30.0,hold:DY,+0.000,+0.000,-0.280,+0.175,1100,0,
1785505562.0158,2026-07-31T09:46:02.015,197.329,1986,,,,0,,,,0.5136,17.36,0.4683,-50.74,1,30.0,hold:DY,+0.000,+0.000,-0.273,+0.167,1100,0,
1785505562.1151,2026-07-31T09:46:02.115,197.428,1987,,,,0,,,,0.5165,16.90,0.4712,-51.20,1,30.0,hold:DY,+0.000,+0.000,-0.267,+0.000,1100,0,
1785505562.2144,2026-07-31T09:46:02.214,197.528,1988,,,,0,,,,0.5217,16.48,0.4765,-51.62,1,30.0,hold:DY,+0.000,+0.000,-0.261,+0.000,1100,0,
1785505562.3133,2026-07-31T09:46:02.313,197.626,1989,,,,0,,,,0.5253,16.31,0.4800,-51.79,1,30.0,hold:DY,+0.000,+0.000,-0.249,+0.000,1100,0,
1785505562.4125,2026-07-31T09:46:02.412,197.726,1990,,,,0,,,,0.5285,16.05,0.4833,-52.05,1,30.0,hold:DY,+0.000,+0.000,-0.254,+0.000,1100,0,
1785505562.5113,2026-07-31T09:46:02.511,197.824,1991,,,,0,,,,0.5272,15.96,0.4820,-52.14,1,30.0,hold:DY,+0.000,+0.000,-0.243,+0.000,1100,0,
1785505562.6106,2026-07-31T09:46:02.610,197.924,1992,,,,0,,,,0.5320,15.81,0.4867,-52.29,1,30.0,hold:DY,+0.000,+0.000,-0.235,+0.000,1100,0,
1785505562.7107,2026-07-31T09:46:02.710,198.024,1993,,,,0,,,,0.5355,15.73,0.4902,-52.37,1,30.0,hold:DY,+0.000,+0.000,-0.232,+0.000,1100,0,
1785505562.8093,2026-07-31T09:46:02.809,198.122,1994,,,,0,,,,0.5368,15.71,0.4916,-52.39,1,30.0,hold:DY,+0.000,+0.000,-0.220,+0.000,1100,0,
1785505562.9096,2026-07-31T09:46:02.909,198.223,1995,,,,0,,,,0.5433,15.72,0.4980,-52.38,1,30.0,hold:DY,+0.000,+0.000,-0.215,+0.000,1100,0,
1785505563.0087,2026-07-31T09:46:03.008,198.322,1996,,,,0,,,,0.5396,15.73,0.4944,-52.37,1,30.0,hold:DY,+0.000,+0.000,-0.211,+0.000,1100,0,
1785505563.1079,2026-07-31T09:46:03.107,198.421,1997,,,,0,,,,0.5462,15.77,0.5009,-52.33,1,30.0,hold:DY,+0.000,+0.000,-0.196,+0.000,1100,0,
1785505563.2078,2026-07-31T09:46:03.207,198.521,1998,,,,0,,,,0.5482,15.83,0.5029,-52.27,1,30.0,hold:DY,+0.000,+0.000,-0.199,+0.000,1100,0,
1785505563.3065,2026-07-31T09:46:03.306,198.620,1999,,,,0,,,,0.5475,15.88,0.5022,-52.22,1,30.0,hold:DY,+0.000,+0.000,-0.190,+0.000,1100,0,
1785505563.4050,2026-07-31T09:46:03.405,198.718,2000,,,,0,,,,0.5489,15.99,0.5037,-52.11,1,30.0,hold:DY,+0.000,+0.000,-0.180,+0.000,1100,0,
1785505563.5059,2026-07-31T09:46:03.505,198.819,2001,,,,0,,,,0.5489,16.06,0.5037,-52.04,1,30.0,hold:DY,+0.000,+0.000,-0.183,+0.000,1100,0,
1785505563.6060,2026-07-31T09:46:03.605,198.919,2002,,,,0,,,,0.5520,16.22,0.5068,-51.88,1,30.0,hold:DY,+0.000,+0.000,-0.177,+0.000,1100,0,
1785505563.7079,2026-07-31T09:46:03.707,199.021,2003,,,,0,,,,0.5499,16.38,0.5047,-51.72,1,30.0,hold:DY,+0.000,+0.000,-0.174,+0.000,1100,0,
1785505563.8075,2026-07-31T09:46:03.807,199.121,2004,,,,0,,,,0.5510,16.46,0.5058,-51.64,1,30.0,hold:DY,+0.000,+0.000,-0.173,+0.000,1100,0,
1785505563.9064,2026-07-31T09:46:03.906,199.220,2005,,,,0,,,,0.5518,16.63,0.5066,-51.47,1,30.0,hold:DY,+0.000,+0.000,-0.166,+0.000,1100,0,
1785505564.0056,2026-07-31T09:46:04.005,199.319,2006,,,,0,,,,0.5567,16.71,0.5115,-51.39,1,30.0,hold:DY,+0.000,+0.000,-0.157,+0.000,1100,0,
1785505564.1047,2026-07-31T09:46:04.104,199.418,2007,,,,0,,,,0.5577,16.89,0.5124,-51.21,1,30.0,hold:DY,+0.000,+0.000,-0.163,+0.000,1100,0,
1785505564.2047,2026-07-31T09:46:04.204,199.518,2008,,,,0,,,,0.5564,17.07,0.5111,-51.03,1,30.0,hold:DY,+0.000,+0.000,-0.158,+0.000,1100,0,
1785505564.3022,2026-07-31T09:46:04.302,199.615,2009,,,,0,,,,0.5550,17.16,0.5098,-50.94,1,30.0,hold:DY,+0.000,+0.000,-0.154,+0.040,1100,0,
1785505564.4021,2026-07-31T09:46:04.402,199.715,2010,,,,0,,,,0.5513,17.32,0.5060,-50.78,1,30.0,hold:DY,+0.000,+0.000,-0.144,+0.042,1100,0,
1785505564.5012,2026-07-31T09:46:04.501,199.814,2011,,,,0,,,,0.5529,17.39,0.5076,-50.71,1,30.0,hold:DY,+0.000,+0.000,-0.154,+0.046,1100,0,
1785505564.6011,2026-07-31T09:46:04.601,199.914,2012,,,,0,,,,0.5536,17.54,0.5083,-50.56,1,30.0,hold:DY,+0.000,+0.000,-0.147,+0.048,1100,0,
1785505564.7010,2026-07-31T09:46:04.700,200.014,2013,,,,0,,,,0.5539,17.62,0.5086,-50.49,1,30.0,hold:DY,+0.000,+0.000,-0.148,+0.052,1100,0,
1785505564.8014,2026-07-31T09:46:04.801,200.115,2014,,,,0,,,,0.5524,17.75,0.5072,-50.35,1,30.0,hold:DY,+0.000,+0.000,-0.149,+0.055,1100,0,
1785505564.9013,2026-07-31T09:46:04.901,200.214,2015,,,,0,,,,0.5472,17.87,0.5019,-50.23,1,30.0,hold:DY,+0.000,+0.000,-0.151,+0.057,1100,0,
1785505565.0005,2026-07-31T09:46:05.000,200.314,2016,,,,0,,,,0.5488,17.93,0.5036,-50.17,1,30.0,hold:DY,+0.000,+0.000,-0.152,+0.061,1100,0,
1785505565.0993,2026-07-31T09:46:05.099,200.412,2017,,,,0,,,,0.5471,18.04,0.5018,-50.06,1,30.0,hold:DY,+0.000,+0.000,-0.145,+0.063,1100,0,
1785505565.1988,2026-07-31T09:46:05.198,200.512,2018,,,,0,,,,0.5474,18.09,0.5022,-50.01,1,30.0,hold:DY,+0.000,+0.000,-0.151,+0.066,1100,0,
1785505565.2978,2026-07-31T09:46:05.297,200.611,2019,,,,0,,,,0.5472,18.20,0.5019,-49.90,1,30.0,hold:DY,+0.000,+0.000,-0.148,+0.068,1100,0,
1785505565.3968,2026-07-31T09:46:05.396,200.710,2020,,,,0,,,,0.5389,18.33,0.4936,-49.77,1,30.0,hold:DY,+0.000,+0.000,-0.152,+0.072,1100,0,
1785505565.4969,2026-07-31T09:46:05.496,200.810,2021,,,,0,,,,0.5397,18.39,0.4944,-49.71,1,30.0,hold:DY,+0.000,+0.000,-0.161,+0.075,1100,0,
1785505565.5957,2026-07-31T09:46:05.595,200.909,2022,,,,0,,,,0.5403,18.53,0.4950,-49.57,1,30.0,hold:DY,+0.000,+0.000,-0.160,+0.078,1100,0,
1785505565.6951,2026-07-31T09:46:05.695,201.008,2023,,,,0,,,,0.5309,18.59,0.4857,-49.51,1,30.0,hold:DY,+0.000,+0.000,-0.175,+0.082,1100,0,
1785505565.7944,2026-07-31T09:46:05.794,201.107,2024,,,,0,,,,0.5351,18.74,0.4898,-49.36,1,30.0,hold:DY,+0.000,+0.000,-0.166,+0.085,1100,0,
1785505565.8937,2026-07-31T09:46:05.893,201.207,2025,,,,0,,,,0.5290,18.89,0.4837,-49.21,1,30.0,hold:DY,+0.000,+0.000,-0.170,+0.089,1100,0,
1785505565.9928,2026-07-31T09:46:05.992,201.306,2026,,,,0,,,,0.5250,18.96,0.4798,-49.15,1,30.0,hold:DY,+0.000,+0.000,-0.184,+0.093,1100,0,
1785505566.0914,2026-07-31T09:46:06.091,201.405,2027,,,,0,,,,0.5229,19.10,0.4776,-49.00,1,30.0,hold:DY,+0.000,+0.000,-0.178,+0.096,1100,0,
1785505566.1919,2026-07-31T09:46:06.191,201.505,2028,,,,0,,,,0.5222,19.16,0.4769,-48.94,1,30.0,hold:DY,+0.000,+0.000,-0.187,+0.100,1100,0,
1785505566.2902,2026-07-31T09:46:06.290,201.603,2029,,,,0,,,,0.5161,19.29,0.4709,-48.81,1,30.0,hold:DY,+0.000,+0.000,-0.179,+0.102,1100,0,
1785505566.3901,2026-07-31T09:46:06.390,201.703,2030,,,,0,,,,0.5146,19.40,0.4694,-48.70,1,30.0,hold:DY,+0.000,+0.000,-0.193,+0.106,1100,0,
1785505566.4896,2026-07-31T09:46:06.489,201.803,2031,,,,0,,,,0.5123,19.45,0.4670,-48.65,1,30.0,hold:DY,+0.000,+0.000,-0.206,+0.110,1100,0,
1785505566.5890,2026-07-31T09:46:06.589,201.902,2032,,,,0,,,,0.5099,19.55,0.4647,-48.55,1,30.0,hold:DY,+0.000,+0.000,-0.207,+0.113,1100,0,
1785505566.6885,2026-07-31T09:46:06.688,202.002,2033,,,,0,,,,0.5088,19.59,0.4635,-48.51,1,30.0,hold:DY,+0.000,+0.000,-0.213,+0.116,1100,0,
1785505566.7878,2026-07-31T09:46:06.787,202.101,2034,,,,0,,,,0.5040,19.67,0.4588,-48.43,1,30.0,hold:DY,+0.000,+0.000,-0.213,+0.119,1100,0,
1785505566.8880,2026-07-31T09:46:06.887,202.201,2035,,,,0,,,,0.5018,19.74,0.4566,-48.36,1,30.0,hold:DY,+0.000,+0.000,-0.218,+0.122,1100,0,
1785505566.9862,2026-07-31T09:46:06.986,202.299,2036,,,,0,,,,0.4981,19.77,0.4529,-48.33,1,30.0,hold:DY,+0.000,+0.000,-0.234,+0.125,1100,0,
1785505567.0861,2026-07-31T09:46:07.086,202.399,2037,,,,0,,,,0.4948,19.83,0.4495,-48.27,1,30.0,hold:DY,+0.000,+0.000,-0.236,+0.127,1100,0,
1785505567.1858,2026-07-31T09:46:07.185,202.499,2038,,,,0,,,,0.4950,19.86,0.4497,-48.24,1,30.0,hold:DY,+0.000,+0.000,-0.241,+0.130,1100,0,
1785505567.2843,2026-07-31T09:46:07.284,202.597,2039,,,,0,,,,0.4870,19.91,0.4417,-48.19,1,30.0,hold:DY,+0.000,+0.000,-0.254,+0.133,1100,0,
1785505567.3840,2026-07-31T09:46:07.384,202.697,2040,,,,0,,,,0.4864,19.94,0.4411,-48.16,1,30.0,hold:DY,+0.000,+0.000,-0.258,+0.136,1100,0,
1785505567.4840,2026-07-31T09:46:07.484,202.797,2041,,,,0,,,,0.4844,19.97,0.4391,-48.13,1,30.0,hold:DY,+0.000,+0.000,-0.262,+0.138,1100,0,
1785505567.5835,2026-07-31T09:46:07.583,202.897,2042,,,,0,,,,0.4796,20.01,0.4343,-48.09,1,30.0,hold:DY,+0.000,+0.000,-0.277,+0.141,1100,0,
1785505567.6828,2026-07-31T09:46:07.682,202.996,2043,,,,0,,,,0.4764,20.02,0.4311,-48.08,1,30.0,hold:DY,+0.000,+0.000,-0.279,+0.143,1100,0,
1785505567.7819,2026-07-31T09:46:07.781,203.095,2044,,,,0,,,,0.4788,20.06,0.4335,-48.04,1,30.0,hold:DY,+0.000,+0.000,-0.288,+0.145,1100,0,
1785505567.8807,2026-07-31T09:46:07.880,203.194,2045,,,,0,,,,0.4724,20.07,0.4271,-48.03,1,30.0,hold:DY,+0.000,+0.000,-0.289,+0.148,1100,0,
1785505567.9793,2026-07-31T09:46:07.979,203.292,2046,,,,0,,,,0.4666,20.10,0.4213,-48.00,1,30.0,hold:DY,+0.000,+0.000,-0.296,+0.150,1100,0,
1785505568.0791,2026-07-31T09:46:08.079,203.392,2047,,,,0,,,,0.4647,20.10,0.4195,-48.00,1,30.0,hold:DY,+0.000,+0.000,-0.307,+0.153,1100,0,
1785505568.1792,2026-07-31T09:46:08.179,203.492,2048,,,,0,,,,0.4650,20.13,0.4197,-47.97,1,30.0,hold:DY,+0.000,+0.000,-0.308,+0.155,1100,0,
1785505568.2784,2026-07-31T09:46:08.278,203.591,2049,,,,0,,,,0.4541,20.06,0.4089,-48.04,1,30.0,hold:DY,+0.000,+0.000,-0.322,+0.157,1100,0,
1785505568.3774,2026-07-31T09:46:08.377,203.690,2050,,,,0,,,,0.4561,19.98,0.4109,-48.12,1,30.0,hold:DY,+0.000,+0.000,-0.329,+0.156,1100,0,
1785505568.4770,2026-07-31T09:46:08.476,203.790,2051,,,,0,,,,0.4516,19.74,0.4063,-48.36,1,30.0,hold:DY,+0.000,+0.000,-0.340,+0.156,1100,0,
1785505568.5753,2026-07-31T09:46:08.575,203.888,2052,,,,0,,,,0.4488,19.61,0.4035,-48.49,1,30.0,hold:DY,+0.000,+0.000,-0.348,+0.154,1100,0,
1785505568.6742,2026-07-31T09:46:08.674,203.987,2053,,,,0,,,,0.4446,19.30,0.3994,-48.80,1,30.0,hold:DY,+0.000,+0.000,-0.358,+0.150,1100,0,
1785505568.7733,2026-07-31T09:46:08.773,204.086,2054,,,,0,,,,0.4465,18.95,0.4012,-49.15,1,30.0,hold:DY,+0.000,+0.000,-0.359,+0.148,1100,0,
1785505568.8726,2026-07-31T09:46:08.872,204.186,2055,,,,0,,,,0.4439,18.77,0.3986,-49.33,1,30.0,hold:DY,+0.000,+0.000,-0.364,+0.143,1100,0,
1785505568.9720,2026-07-31T09:46:08.972,204.285,2056,,,,0,,,,0.4380,18.45,0.3928,-49.65,1,30.0,hold:DY,+0.000,+0.000,-0.370,+0.142,1100,0,
1785505569.0720,2026-07-31T09:46:09.071,204.385,2057,,,,0,,,,0.4348,18.31,0.3895,-49.79,1,30.0,hold:DY,+0.000,+0.000,-0.387,+0.138,1100,0,
1785505569.1717,2026-07-31T09:46:09.171,204.485,2058,,,,0,,,,0.4309,18.08,0.3856,-50.02,1,30.0,hold:DY,+0.000,+0.000,-0.397,+0.135,1100,0,
1785505569.2698,2026-07-31T09:46:09.269,204.583,2059,,,,0,,,,0.4291,17.90,0.3838,-50.20,1,30.0,hold:DY,+0.000,+0.000,-0.405,+0.135,1100,0,
1785505569.3686,2026-07-31T09:46:09.368,204.682,2060,,,,0,,,,0.4287,17.81,0.3834,-50.29,1,30.0,hold:DY,+0.000,+0.000,-0.407,+0.133,1100,0,
1785505569.4682,2026-07-31T09:46:09.468,204.781,2061,,,,0,,,,0.4253,17.68,0.3800,-50.42,1,30.0,hold:DY,+0.000,+0.000,-0.414,+0.132,1100,0,
1785505569.5700,2026-07-31T09:46:09.570,204.883,2062,,,,0,,,,0.4211,17.63,0.3759,-50.47,1,30.0,hold:DY,+0.000,+0.000,-0.428,+0.132,1100,0,
1785505569.6690,2026-07-31T09:46:09.668,204.982,2063,,,,0,,,,0.4240,17.55,0.3787,-50.55,1,30.0,hold:DY,+0.000,+0.000,-0.426,+0.131,1100,0,
1785505569.7680,2026-07-31T09:46:09.768,205.081,2064,,,,0,,,,0.4235,17.50,0.3782,-50.60,1,30.0,hold:DY,+0.000,+0.000,-0.428,+0.132,1100,0,
1785505569.8679,2026-07-31T09:46:09.867,205.181,2065,,,,0,,,,0.4267,17.49,0.3814,-50.61,1,30.0,hold:DY,+0.000,+0.000,-0.426,+0.132,1100,0,
1785505569.9666,2026-07-31T09:46:09.966,205.280,2066,,,,0,,,,0.4234,17.49,0.3781,-50.61,1,30.0,hold:DY,+0.000,+0.000,-0.431,+0.133,1100,0,
1785505570.0656,2026-07-31T09:46:10.065,205.379,2067,,,,0,,,,0.4235,17.51,0.3782,-50.59,1,30.0,hold:DY,+0.000,+0.000,-0.439,+0.134,1100,0,
1785505570.1647,2026-07-31T09:46:10.164,205.478,2068,,,,0,,,,0.4228,17.54,0.3775,-50.56,1,30.0,hold:DY,+0.000,+0.000,-0.447,+0.136,1100,0,
1785505570.2638,2026-07-31T09:46:10.263,205.577,2069,,,,0,,,,0.4200,17.62,0.3748,-50.48,1,30.0,hold:DY,+0.000,+0.000,-0.444,+0.138,1100,0,
1785505570.3625,2026-07-31T09:46:10.362,205.676,2070,,,,0,,,,0.4290,17.68,0.3837,-50.42,1,30.0,hold:DY,+0.000,+0.000,-0.437,+0.140,1100,0,
1785505570.4615,2026-07-31T09:46:10.461,205.775,2071,,,,0,,,,0.4211,17.83,0.3758,-50.27,1,30.0,hold:DY,+0.000,+0.000,-0.443,+0.143,1100,0,
1785505570.5606,2026-07-31T09:46:10.560,205.874,2072,,,,0,,,,0.4291,17.91,0.3839,-50.19,1,30.0,hold:DY,+0.000,+0.000,-0.442,+0.147,1100,0,
1785505570.6605,2026-07-31T09:46:10.660,205.974,2073,,,,0,,,,0.4301,18.11,0.3848,-49.99,1,30.0,hold:DY,+0.000,+0.000,-0.443,+0.150,1100,0,
1785505570.7594,2026-07-31T09:46:10.759,206.073,2074,,,,0,,,,0.4351,18.21,0.3898,-49.89,1,30.0,hold:DY,+0.000,+0.000,-0.436,+0.155,1100,0,
1785505570.8582,2026-07-31T09:46:10.858,206.171,2075,,,,0,,,,0.4353,18.44,0.3900,-49.66,1,30.0,hold:DY,+0.000,+0.000,-0.438,+0.160,1100,0,
1785505570.9597,2026-07-31T09:46:10.959,206.273,2076,,,,0,,,,0.4373,18.68,0.3920,-49.42,1,30.0,hold:DY,+0.000,+0.000,-0.434,+0.164,1100,0,
1785505571.0586,2026-07-31T09:46:11.058,206.372,2077,,,,0,,,,0.4450,18.75,0.3998,-49.35,1,30.0,hold:DY,+0.000,+0.000,-0.424,+0.169,1100,0,
1785505571.1579,2026-07-31T09:46:11.157,206.471,2078,,,,0,,,,0.4460,18.81,0.4007,-49.29,1,30.0,hold:DY,+0.000,+0.000,-0.428,+0.171,1100,0,
1785505571.2565,2026-07-31T09:46:11.256,206.570,2079,,,,0,,,,0.4485,18.81,0.4032,-49.29,1,30.0,hold:DY,+0.000,+0.000,-0.421,+0.173,1100,0,
1785505571.3571,2026-07-31T09:46:11.357,206.670,2080,,,,0,,,,0.4544,18.78,0.4092,-49.32,1,30.0,hold:DY,+0.000,+0.000,-0.421,+0.174,1100,0,
1785505571.4559,2026-07-31T09:46:11.455,206.769,2081,,,,0,,,,0.4561,18.72,0.4109,-49.38,1,30.0,hold:DY,+0.000,+0.000,-0.421,+0.175,1100,0,
1785505571.5543,2026-07-31T09:46:11.554,206.867,2082,,,,0,,,,0.4580,18.66,0.4127,-49.45,1,30.0,hold:DY,+0.000,+0.000,-0.411,+0.175,1100,0,
1785505571.6539,2026-07-31T09:46:11.653,206.967,2083,,,,0,,,,0.4650,18.57,0.4197,-49.54,1,30.0,hold:DY,+0.000,+0.000,-0.402,+0.175,1100,0,
1785505571.7541,2026-07-31T09:46:11.754,207.067,2084,,,,0,,,,0.4624,18.54,0.4171,-49.56,1,30.0,hold:DY,+0.000,+0.000,-0.402,+0.175,1100,0,
1785505571.8531,2026-07-31T09:46:11.853,207.166,2085,,,,0,,,,0.4725,18.54,0.4272,-49.56,1,30.0,hold:DY,+0.000,+0.000,-0.391,+0.177,1100,0,
1785505571.9522,2026-07-31T09:46:11.952,207.265,2086,,,,0,,,,0.4686,18.54,0.4233,-49.56,1,30.0,hold:DY,+0.000,+0.000,-0.392,+0.178,1100,0,
1785505572.0522,2026-07-31T09:46:12.052,207.365,2087,,,,0,,,,0.4784,18.47,0.4331,-49.63,1,30.0,hold:DY,+0.000,+0.000,-0.373,+0.178,1100,0,
1785505572.1517,2026-07-31T09:46:12.151,207.465,2088,,,,0,,,,0.4817,18.32,0.4364,-49.78,1,30.0,hold:DY,+0.000,+0.000,-0.367,+0.178,1100,0,
1785505572.2508,2026-07-31T09:46:12.250,207.564,2089,,,,0,,,,0.4855,18.23,0.4403,-49.87,1,30.0,hold:DY,+0.000,+0.000,-0.359,+0.177,1100,0,
1785505572.3501,2026-07-31T09:46:12.350,207.663,2090,,,,0,,,,0.4931,18.02,0.4478,-50.08,1,30.0,hold:DY,+0.000,+0.000,-0.359,+0.176,1100,0,
1785505572.4499,2026-07-31T09:46:12.449,207.763,2091,,,,0,,,,0.4950,17.77,0.4497,-50.33,1,30.0,hold:DY,+0.000,+0.000,-0.337,+0.173,1100,0,
1785505572.5488,2026-07-31T09:46:12.548,207.862,2092,,,,0,,,,0.5033,17.65,0.4581,-50.45,1,30.0,hold:DY,+0.000,+0.000,-0.324,+0.169,1100,0,
1785505572.6480,2026-07-31T09:46:12.647,207.961,2093,,,,0,,,,0.5017,17.44,0.4565,-50.66,1,30.0,hold:DY,+0.000,+0.000,-0.325,+0.169,1100,0,
1785505572.7473,2026-07-31T09:46:12.747,208.060,2094,,,,0,,,,0.5086,17.37,0.4634,-50.74,1,30.0,hold:DY,+0.000,+0.000,-0.313,+0.166,1100,0,
1785505572.8472,2026-07-31T09:46:12.847,208.160,2095,,,,0,,,,0.5133,17.26,0.4680,-50.84,1,30.0,hold:DY,+0.000,+0.000,-0.311,+0.166,1100,0,
1785505572.9467,2026-07-31T09:46:12.946,208.260,2096,,,,0,,,,0.5127,17.19,0.4675,-50.91,1,30.0,hold:DY,+0.000,+0.000,-0.305,+0.165,1100,0,
1785505573.0457,2026-07-31T09:46:13.045,208.359,2097,,,,0,,,,0.5176,16.96,0.4724,-51.15,1,30.0,hold:DY,+0.000,+0.000,-0.295,+0.000,1100,0,
1785505573.1453,2026-07-31T09:46:13.145,208.458,2098,,,,0,,,,0.5216,16.68,0.4763,-51.42,1,30.0,hold:DY,+0.000,+0.000,-0.296,+0.000,1100,0,
1785505573.2445,2026-07-31T09:46:13.244,208.558,2099,,,,0,,,,0.5223,16.52,0.4771,-51.58,1,30.0,hold:DY,+0.000,+0.000,-0.285,+0.000,1100,0,
1785505573.3445,2026-07-31T09:46:13.344,208.658,2100,,,,0,,,,0.5241,16.24,0.4788,-51.86,1,30.0,hold:DY,+0.000,+0.000,-0.286,+0.000,1100,0,
1785505573.4435,2026-07-31T09:46:13.443,208.757,2101,,,,0,,,,0.5266,16.14,0.4813,-51.96,1,30.0,hold:DY,+0.000,+0.000,-0.275,+0.000,1100,0,
1785505573.5440,2026-07-31T09:46:13.544,208.857,2102,,,,0,,,,0.5273,15.98,0.4820,-52.12,1,30.0,hold:DY,+0.000,+0.000,-0.272,+0.000,1100,0,
1785505573.6430,2026-07-31T09:46:13.643,208.956,2103,,,,0,,,,0.5333,15.87,0.4881,-52.23,1,30.0,hold:DY,+0.000,+0.000,-0.262,+0.000,1100,0,
1785505573.7422,2026-07-31T09:46:13.742,209.055,2104,,,,0,,,,0.5303,15.82,0.4850,-52.28,1,30.0,hold:DY,+0.000,+0.000,-0.264,+0.000,1100,0,
1785505573.8413,2026-07-31T09:46:13.841,209.154,2105,,,,0,,,,0.5336,15.76,0.4884,-52.34,1,30.0,hold:DY,+0.000,+0.000,-0.254,+0.000,1100,0,
1785505573.9412,2026-07-31T09:46:13.941,209.254,2106,,,,0,,,,0.5371,15.74,0.4919,-52.36,1,30.0,hold:DY,+0.000,+0.000,-0.247,+0.000,1100,0,
1785505574.0404,2026-07-31T09:46:14.040,209.354,2107,,,,0,,,,0.5385,15.72,0.4932,-52.38,1,30.0,hold:DY,+0.000,+0.000,-0.240,+0.000,1100,0,
1785505574.1398,2026-07-31T09:46:14.139,209.453,2108,,,,0,,,,0.5363,15.71,0.4910,-52.39,1,30.0,hold:DY,+0.000,+0.000,-0.246,+0.000,1100,0,
1785505574.2377,2026-07-31T09:46:14.237,209.551,2109,,,,0,,,,0.5388,15.67,0.4936,-52.43,1,30.0,hold:DY,+0.000,+0.000,-0.234,+0.000,1100,0,
1785505574.3375,2026-07-31T09:46:14.337,209.651,2110,,,,0,,,,0.5439,15.68,0.4986,-52.42,1,30.0,hold:DY,+0.000,+0.000,-0.240,+0.000,1100,0,
1785505574.4364,2026-07-31T09:46:14.436,209.749,2111,,,,0,,,,0.5390,15.69,0.4937,-52.41,1,30.0,hold:DY,+0.000,+0.000,-0.236,+0.000,1100,0,
1785505574.5359,2026-07-31T09:46:14.535,209.849,2112,,,,0,,,,0.5432,15.73,0.4979,-52.37,1,30.0,hold:DY,+0.000,+0.000,-0.231,+0.000,1100,0,
1785505574.6363,2026-07-31T09:46:14.636,209.949,2113,,,,0,,,,0.5413,15.74,0.4960,-52.36,1,30.0,hold:DY,+0.000,+0.000,-0.228,+0.000,1100,0,
1785505574.7360,2026-07-31T09:46:14.736,210.049,2114,,,,0,,,,0.5416,15.79,0.4964,-52.31,1,30.0,hold:DY,+0.000,+0.000,-0.225,+0.000,1100,0,
1785505574.8351,2026-07-31T09:46:14.835,210.148,2115,,,,0,,,,0.5441,15.84,0.4989,-52.26,1,30.0,hold:DY,+0.000,+0.000,-0.210,+0.000,1100,0,
1785505574.9338,2026-07-31T09:46:14.933,210.247,2116,,,,0,,,,0.5445,15.87,0.4992,-52.23,1,30.0,hold:DY,+0.000,+0.000,-0.216,+0.000,1100,0,
1785505575.0328,2026-07-31T09:46:15.032,210.346,2117,,,,0,,,,0.5433,15.92,0.4981,-52.18,1,30.0,hold:DY,+0.000,+0.000,-0.224,+0.000,1100,0,
1785505575.1331,2026-07-31T09:46:15.133,210.446,2118,,,,0,,,,0.5417,15.95,0.4964,-52.15,1,30.0,hold:DY,+0.000,+0.000,-0.218,+0.000,1100,0,
1785505575.2333,2026-07-31T09:46:15.233,210.546,2119,,,,0,,,,0.5442,16.01,0.4989,-52.09,1,30.0,hold:DY,+0.000,+0.000,-0.211,+0.000,1100,0,
1785505575.3352,2026-07-31T09:46:15.335,210.648,2120,,,,0,,,,0.5438,16.07,0.4986,-52.03,1,30.0,hold:DY,+0.000,+0.000,-0.201,+0.000,1100,0,
1785505575.4336,2026-07-31T09:46:15.433,210.747,2121,,,,0,,,,0.5463,16.11,0.5011,-51.99,1,30.0,hold:DY,+0.000,+0.000,-0.204,+0.000,1100,0,
1785505575.5340,2026-07-31T09:46:15.534,210.847,2122,,,,0,,,,0.5469,16.14,0.5016,-51.96,1,30.0,hold:DY,+0.000,+0.000,-0.206,+0.000,1100,0,
1785505575.6351,2026-07-31T09:46:15.635,210.948,2123,,,,0,,,,0.5451,16.15,0.4998,-51.95,1,30.0,hold:DY,+0.000,+0.000,-0.202,+0.000,1100,0,
1785505575.7351,2026-07-31T09:46:15.735,211.048,2124,,,,0,,,,0.5448,16.20,0.4996,-51.90,1,30.0,hold:DY,+0.000,+0.000,-0.201,+0.000,1100,0,
1785505575.8337,2026-07-31T09:46:15.833,211.147,2125,,,,0,,,,0.5463,16.23,0.5010,-51.87,1,30.0,hold:DY,+0.000,+0.000,-0.206,+0.000,1100,0,
1785505575.9330,2026-07-31T09:46:15.933,211.246,2126,,,,0,,,,0.5436,16.24,0.4983,-51.86,1,30.0,hold:DY,+0.000,+0.000,-0.200,+0.000,1100,0,
1785505576.0315,2026-07-31T09:46:16.031,211.345,2127,,,,0,,,,0.5424,16.25,0.4971,-51.85,1,30.0,hold:DY,+0.000,+0.000,-0.200,+0.000,1100,0,
1785505576.1310,2026-07-31T09:46:16.130,211.444,2128,,,,0,,,,0.5406,16.24,0.4954,-51.86,1,30.0,hold:DY,+0.000,+0.000,-0.203,+0.000,1100,0,
1785505576.2303,2026-07-31T09:46:16.230,211.543,2129,,,,0,,,,0.5437,16.23,0.4984,-51.87,1,30.0,hold:DY,+0.000,+0.000,-0.195,+0.000,1100,0,
1785505576.3296,2026-07-31T09:46:16.329,211.643,2130,,,,0,,,,0.5367,16.22,0.4915,-51.88,1,30.0,hold:DY,+0.000,+0.000,-0.201,+0.000,1100,0,
1785505576.4293,2026-07-31T09:46:16.429,211.742,2131,,,,0,,,,0.5395,16.21,0.4942,-51.89,1,30.0,hold:DY,+0.000,+0.000,-0.200,+0.000,1100,0,
1785505576.5288,2026-07-31T09:46:16.528,211.842,2132,,,,0,,,,0.5363,16.21,0.4911,-51.89,1,30.0,hold:DY,+0.000,+0.000,-0.210,+0.000,1100,0,
1785505576.6281,2026-07-31T09:46:16.628,211.941,2133,,,,0,,,,0.5366,16.20,0.4914,-51.90,1,30.0,hold:DY,+0.000,+0.000,-0.203,+0.000,1100,0,
1785505576.7267,2026-07-31T09:46:16.726,212.040,2134,,,,0,,,,0.5360,16.20,0.4907,-51.90,1,30.0,hold:DY,+0.000,+0.000,-0.197,+0.000,1100,0,
1785505576.8263,2026-07-31T09:46:16.826,212.139,2135,,,,0,,,,0.5324,16.17,0.4872,-51.93,1,30.0,hold:DY,+0.000,+0.000,-0.205,+0.000,1100,0,
1785505576.9261,2026-07-31T09:46:16.926,212.239,2136,,,,0,,,,0.5301,16.15,0.4848,-51.95,1,30.0,hold:DY,+0.000,+0.000,-0.212,+0.000,1100,0,
1785505577.0246,2026-07-31T09:46:17.024,212.338,2137,,,,0,,,,0.5301,16.11,0.4849,-51.99,1,30.0,hold:DY,+0.000,+0.000,-0.208,+0.000,1100,0,
1785505577.1241,2026-07-31T09:46:17.124,212.437,2138,,,,0,,,,0.5241,16.09,0.4788,-52.01,1,30.0,hold:DY,+0.000,+0.000,-0.222,+0.000,1100,0,
1785505577.2232,2026-07-31T09:46:17.223,212.536,2139,,,,0,,,,0.5214,16.04,0.4762,-52.06,1,30.0,hold:DY,+0.000,+0.000,-0.208,+0.000,1100,0,
1785505577.3220,2026-07-31T09:46:17.322,212.635,2140,,,,0,,,,0.5238,15.96,0.4785,-52.14,1,30.0,hold:DY,+0.000,+0.000,-0.220,+0.000,1100,0,
1785505577.4214,2026-07-31T09:46:17.421,212.735,2141,,,,0,,,,0.5249,15.93,0.4796,-52.17,1,30.0,hold:DY,+0.000,+0.000,-0.217,+0.000,1100,0,
1785505577.5207,2026-07-31T09:46:17.520,212.834,2142,,,,0,,,,0.5235,15.84,0.4782,-52.26,1,30.0,hold:DY,+0.000,+0.000,-0.221,+0.000,1100,0,
1785505577.6196,2026-07-31T09:46:17.619,212.933,2143,,,,0,,,,0.5185,15.77,0.4733,-52.33,1,30.0,hold:DY,+0.000,+0.000,-0.228,+0.000,1100,0,
1785505577.7202,2026-07-31T09:46:17.720,213.033,2144,,,,0,,,,0.5145,15.64,0.4693,-52.46,1,30.0,hold:DY,+0.000,+0.000,-0.226,+0.000,1100,0,
1785505577.8188,2026-07-31T09:46:17.818,213.132,2145,,,,0,,,,0.5148,15.57,0.4695,-52.53,1,30.0,hold:DY,+0.000,+0.000,-0.236,+0.000,1100,0,
1785505577.9183,2026-07-31T09:46:17.918,213.231,2146,,,,0,,,,0.5088,15.41,0.4635,-52.69,1,30.0,hold:DY,+0.000,+0.000,-0.240,+0.000,1100,0,
1785505578.0167,2026-07-31T09:46:18.016,213.330,2147,,,,0,,,,0.5097,15.24,0.4645,-52.87,1,30.0,hold:DY,+0.000,+0.000,-0.248,+0.000,1100,0,
1785505578.1162,2026-07-31T09:46:18.116,213.429,2148,,,,0,,,,0.5078,15.14,0.4625,-52.96,1,30.0,hold:DY,+0.000,+0.000,-0.250,+0.000,1100,0,
1785505578.2148,2026-07-31T09:46:18.214,213.528,2149,,,,0,,,,0.5046,14.93,0.4593,-53.17,1,30.0,hold:DY,+0.000,+0.000,-0.262,+0.000,1100,0,
1785505578.3144,2026-07-31T09:46:18.314,213.627,2150,,,,0,,,,0.5021,14.81,0.4568,-53.29,1,30.0,hold:DY,+0.000,+0.000,-0.261,+0.000,1100,0,
1785505578.4138,2026-07-31T09:46:18.413,213.727,2151,,,,0,,,,0.4969,14.58,0.4517,-53.52,1,30.0,hold:DY,+0.000,+0.000,-0.268,+0.000,1100,0,
1785505578.5138,2026-07-31T09:46:18.513,213.827,2152,,,,0,,,,0.4929,14.33,0.4476,-53.77,1,30.0,hold:DY,+0.000,+0.000,-0.272,+0.000,1100,0,
1785505578.6127,2026-07-31T09:46:18.612,213.926,2153,,,,0,,,,0.4895,14.19,0.4442,-53.91,1,30.0,hold:DY,+0.000,+0.000,-0.286,+0.000,1100,0,
1785505578.7133,2026-07-31T09:46:18.713,214.026,2154,,,,0,,,,0.4857,13.91,0.4404,-54.19,1,30.0,hold:DY,+0.000,+0.000,-0.283,+0.000,1100,0,
1785505578.8116,2026-07-31T09:46:18.811,214.125,2155,,,,0,,,,0.4852,13.75,0.4399,-54.35,1,30.0,hold:DY,+0.000,+0.000,-0.295,+0.000,1100,0,
1785505578.9120,2026-07-31T09:46:18.912,214.225,2156,,,,0,,,,0.4825,13.44,0.4372,-54.66,1,30.0,hold:DY,+0.000,+0.000,-0.300,+0.000,1100,0,
1785505579.0117,2026-07-31T09:46:19.011,214.325,2157,,,,0,,,,0.4798,13.13,0.4345,-54.97,1,30.0,hold:DY,+0.000,+0.000,-0.308,+0.000,1100,0,
1785505579.1122,2026-07-31T09:46:19.112,214.425,2158,,,,0,,,,0.4743,12.97,0.4290,-55.13,1,30.0,hold:DY,+0.000,+0.000,-0.318,-0.037,1100,0,
1785505579.2114,2026-07-31T09:46:19.211,214.525,2159,,,,0,,,,0.4710,12.64,0.4257,-55.47,1,30.0,hold:DY,+0.000,+0.000,-0.321,-0.041,1100,0,
1785505579.3122,2026-07-31T09:46:19.312,214.625,2160,,,,0,,,,0.4683,12.47,0.4230,-55.63,1,30.0,hold:DY,+0.000,+0.000,-0.333,-0.048,1100,0,
1785505579.4119,2026-07-31T09:46:19.411,214.725,2161,,,,0,,,,0.4664,12.12,0.4212,-55.98,1,30.0,hold:DY,+0.000,+0.000,-0.338,-0.055,1100,0,
1785505579.5107,2026-07-31T09:46:19.510,214.824,2162,,,,0,,,,0.4624,11.77,0.4172,-56.33,1,30.0,hold:DY,+0.000,+0.000,-0.348,-0.059,1100,0,
1785505579.6104,2026-07-31T09:46:19.610,214.924,2163,,,,0,,,,0.4635,11.60,0.4182,-56.50,1,30.0,hold:DY,+0.000,+0.000,-0.346,-0.067,1100,0,
1785505579.7099,2026-07-31T09:46:19.709,215.023,2164,,,,0,,,,0.4567,11.26,0.4114,-56.85,1,30.0,hold:DY,+0.000,+0.000,-0.366,-0.071,1100,0,
1785505579.8094,2026-07-31T09:46:19.809,215.123,2165,,,,0,,,,0.4531,11.08,0.4078,-57.02,1,30.0,hold:DY,+0.000,+0.000,-0.371,-0.079,1100,0,
1785505579.9087,2026-07-31T09:46:19.908,215.222,2166,,,,0,,,,0.4529,10.73,0.4076,-57.37,1,30.0,hold:DY,+0.000,+0.000,-0.366,-0.084,1100,0,
1785505580.0085,2026-07-31T09:46:20.008,215.322,2167,,,,0,,,,0.4525,10.37,0.4072,-57.73,1,30.0,hold:DY,+0.000,+0.000,-0.377,-0.092,1100,0,
1785505580.1089,2026-07-31T09:46:20.108,215.422,2168,,,,0,,,,0.4469,10.19,0.4017,-57.91,1,30.0,hold:DY,+0.000,+0.000,-0.389,-0.100,1100,0,
1785505580.2092,2026-07-31T09:46:20.209,215.522,2169,,,,0,,,,0.4454,9.86,0.4002,-58.24,1,30.0,hold:DY,+0.000,+0.000,-0.388,-0.105,1100,0,
1785505580.3071,2026-07-31T09:46:20.307,215.620,2170,,,,0,,,,0.4474,9.69,0.4022,-58.41,1,30.0,hold:DY,+0.000,+0.000,-0.392,-0.113,1100,0,
1785505580.4062,2026-07-31T09:46:20.406,215.719,2171,,,,0,,,,0.4450,9.35,0.3998,-58.76,1,30.0,hold:DY,+0.000,+0.000,-0.401,-0.119,1100,0,
1785505580.5047,2026-07-31T09:46:20.504,215.818,2172,,,,0,,,,0.4434,9.01,0.3982,-59.09,1,30.0,hold:DY,+0.000,+0.000,-0.405,-0.127,1100,0,
1785505580.6051,2026-07-31T09:46:20.605,215.918,2173,,,,0,,,,0.4449,8.84,0.3996,-59.26,1,30.0,hold:DY,+0.000,+0.000,-0.404,-0.136,1100,0,
1785505580.7045,2026-07-31T09:46:20.704,216.018,2174,,,,0,,,,0.4419,8.50,0.3967,-59.60,1,30.0,hold:DY,+0.000,+0.000,-0.410,-0.141,1100,0,
1785505580.8056,2026-07-31T09:46:20.805,216.119,2175,,,,0,,,,0.4429,8.34,0.3977,-59.76,1,30.0,hold:DY,+0.000,+0.000,-0.412,-0.150,1100,0,
1785505580.9065,2026-07-31T09:46:20.906,216.220,2176,,,,0,,,,0.4427,8.00,0.3975,-60.10,1,30.0,hold:DY,+0.000,+0.000,-0.414,-0.156,1100,0,
1785505581.0058,2026-07-31T09:46:21.005,216.319,2177,,,,0,,,,0.4417,7.65,0.3965,-60.45,1,30.0,hold:DY,+0.000,+0.000,-0.422,-0.164,1100,0,
1785505581.1062,2026-07-31T09:46:21.106,216.419,2178,,,,0,,,,0.4438,7.50,0.3986,-60.60,1,30.0,hold:DY,+0.000,+0.000,-0.421,-0.171,1100,0,
1785505581.2049,2026-07-31T09:46:21.204,216.518,2179,,,,0,,,,0.4379,7.32,0.3927,-60.78,1,30.0,hold:DY,+0.000,+0.000,-0.426,-0.178,1100,0,
1785505581.3027,2026-07-31T09:46:21.302,216.616,2180,,,,0,,,,0.4430,7.26,0.3978,-60.84,1,30.0,hold:DY,+0.000,+0.000,-0.423,-0.184,1100,0,
1785505581.4025,2026-07-31T09:46:21.402,216.716,2181,,,,0,,,,0.4444,7.22,0.3991,-60.88,1,30.0,hold:DY,+0.000,+0.000,-0.421,-0.187,1100,0,
1785505581.5008,2026-07-31T09:46:21.500,216.814,2182,,,,0,,,,0.4420,7.22,0.3968,-60.88,1,30.0,hold:DY,+0.000,+0.000,-0.430,-0.190,1100,0,
1785505581.6036,2026-07-31T09:46:21.603,216.917,2183,,,,0,,,,0.4480,7.43,0.4027,-60.67,1,30.0,hold:DY,+0.000,+0.000,-0.427,-0.193,1100,0,
1785505581.7038,2026-07-31T09:46:21.703,217.017,2184,,,,0,,,,0.4430,7.88,0.3978,-60.22,1,30.0,hold:DY,+0.000,+0.000,-0.429,-0.189,1100,0,
1785505581.8033,2026-07-31T09:46:21.803,217.116,2185,,,,0,,,,0.4473,8.14,0.4020,-59.96,1,30.0,hold:DY,+0.000,+0.000,-0.426,-0.183,1100,0,
1785505581.9017,2026-07-31T09:46:21.901,217.215,2186,,,,0,,,,0.4517,8.68,0.4065,-59.42,1,30.0,hold:DY,+0.000,+0.000,-0.435,-0.181,1100,0,
1785505582.0009,2026-07-31T09:46:22.000,217.314,2187,,,,0,,,,0.4486,8.91,0.4033,-59.19,1,30.0,hold:DY,+0.000,+0.000,-0.428,-0.174,1100,0,
1785505582.1005,2026-07-31T09:46:22.100,217.414,2188,,,,0,,,,0.4530,9.31,0.4077,-58.79,1,30.0,hold:DY,+0.000,+0.000,-0.427,-0.173,1100,0,
1785505582.1997,2026-07-31T09:46:22.199,217.513,2189,,,,0,,,,0.4561,9.89,0.4109,-58.21,1,30.0,hold:DY,+0.000,+0.000,-0.420,-0.167,1100,0,
1785505582.2995,2026-07-31T09:46:22.299,217.613,2190,,,,0,,,,0.4597,10.24,0.4145,-57.86,1,30.0,hold:DY,+0.000,+0.000,-0.411,-0.157,1100,0,
1785505582.3977,2026-07-31T09:46:22.397,217.711,2191,,,,0,,,,0.4629,11.00,0.4176,-57.10,1,30.0,hold:DY,+0.000,+0.000,-0.408,-0.152,1100,0,
1785505582.4978,2026-07-31T09:46:22.497,217.811,2192,,,,0,,,,0.4649,11.41,0.4196,-56.69,1,30.0,hold:DY,+0.000,+0.000,-0.403,-0.139,1100,0,
1785505582.5974,2026-07-31T09:46:22.597,217.910,2193,,,,0,,,,0.4700,12.05,0.4247,-56.05,1,30.0,hold:DY,+0.000,+0.000,-0.399,-0.134,1100,0,
1785505582.6960,2026-07-31T09:46:22.695,218.009,2194,,,,0,,,,0.4719,12.45,0.4266,-55.65,1,30.0,hold:DY,+0.000,+0.000,-0.390,-0.126,1100,0,
1785505582.7954,2026-07-31T09:46:22.795,218.109,2195,,,,0,,,,0.4739,12.59,0.4287,-55.51,1,30.0,hold:DY,+0.000,+0.000,-0.389,-0.121,1100,0,
1785505582.8940,2026-07-31T09:46:22.894,218.207,2196,,,,0,,,,0.4760,12.80,0.4308,-55.30,1,30.0,hold:DY,+0.000,+0.000,-0.388,-0.120,1100,0,
1785505582.9943,2026-07-31T09:46:22.994,218.307,2197,,,,0,,,,0.4786,12.87,0.4333,-55.23,1,30.0,hold:DY,+0.000,+0.000,-0.382,-0.118,1100,0,
1785505583.0933,2026-07-31T09:46:23.093,218.406,2198,,,,0,,,,0.4863,12.93,0.4410,-55.17,1,30.0,hold:DY,+0.000,+0.000,-0.372,-0.118,1100,0,
1785505583.1920,2026-07-31T09:46:23.191,218.505,2199,,,,0,,,,0.4887,12.93,0.4434,-55.17,1,30.0,hold:DY,+0.000,+0.000,-0.353,-0.118,1100,0,
1785505583.2915,2026-07-31T09:46:23.291,218.605,2200,,,,0,,,,0.4920,12.90,0.4467,-55.20,1,30.0,hold:DY,+0.000,+0.000,-0.355,-0.120,1100,0,
1785505583.3900,2026-07-31T09:46:23.390,218.703,2201,,,,0,,,,0.4965,12.80,0.4512,-55.30,1,30.0,hold:DY,+0.000,+0.000,-0.348,-0.121,1100,0,
1785505583.4897,2026-07-31T09:46:23.489,218.803,2202,,,,0,,,,0.4955,12.73,0.4502,-55.37,1,30.0,hold:DY,+0.000,+0.000,-0.348,-0.125,1100,0,
1785505583.5895,2026-07-31T09:46:23.589,218.903,2203,,,,0,,,,0.5058,12.55,0.4606,-55.55,1,30.0,hold:DY,+0.000,+0.000,-0.332,-0.127,1100,0,
1785505583.6903,2026-07-31T09:46:23.690,219.003,2204,,,,0,,,,0.5069,12.31,0.4616,-55.79,1,30.0,hold:DY,+0.000,+0.000,-0.329,-0.132,1100,0,
1785505583.7889,2026-07-31T09:46:23.788,219.102,2205,,,,0,,,,0.5067,12.18,0.4614,-55.92,1,30.0,hold:DY,+0.000,+0.000,-0.326,-0.138,1100,0,
1785505583.8879,2026-07-31T09:46:23.887,219.201,2206,,,,0,,,,0.5125,11.89,0.4672,-56.21,1,30.0,hold:DY,+0.000,+0.000,-0.317,-0.141,1100,0,
1785505583.9884,2026-07-31T09:46:23.988,219.301,2207,,,,0,,,,0.5154,11.74,0.4702,-56.36,1,30.0,hold:DY,+0.000,+0.000,-0.308,-0.148,1100,0,
1785505584.0886,2026-07-31T09:46:24.088,219.402,2208,,,,0,,,,0.5159,11.41,0.4707,-56.69,1,30.0,hold:DY,+0.000,+0.000,-0.309,-0.152,1100,0,
1785505584.1893,2026-07-31T09:46:24.189,219.502,2209,,,,0,,,,0.5188,11.23,0.4735,-56.87,1,30.0,hold:DY,+0.000,+0.000,-0.301,-0.160,1100,0,
1785505584.2878,2026-07-31T09:46:24.287,219.601,2210,,,,0,,,,0.5229,10.87,0.4776,-57.24,1,30.0,hold:DY,+0.000,+0.000,-0.293,-0.168,1100,0,
1785505584.3867,2026-07-31T09:46:24.386,219.700,2211,,,,0,,,,0.5227,10.62,0.4774,-57.48,1,30.0,hold:DY,+0.000,+0.000,-0.293,-0.172,1100,0,
1785505584.4859,2026-07-31T09:46:24.485,219.799,2212,,,,0,,,,0.5234,10.53,0.4782,-57.57,1,30.0,hold:DY,+0.000,+0.000,-0.290,-0.177,1100,0,
1785505584.5849,2026-07-31T09:46:24.584,219.898,2213,,,,0,,,,0.5313,10.38,0.4860,-57.72,1,30.0,hold:DY,+0.000,+0.000,-0.285,-0.181,1100,0,
1785505584.6847,2026-07-31T09:46:24.684,219.998,2214,,,,0,,,,0.5315,10.33,0.4863,-57.77,1,30.0,hold:DY,+0.000,+0.000,-0.271,-0.185,1100,0,
1785505584.7842,2026-07-31T09:46:24.784,220.097,2215,,,,0,,,,0.5301,10.23,0.4849,-57.87,1,30.0,hold:DY,+0.000,+0.000,-0.272,-0.188,1100,0,
1785505584.8835,2026-07-31T09:46:24.883,220.197,2216,,,,0,,,,0.5347,10.20,0.4895,-57.90,1,30.0,hold:DY,+0.000,+0.000,-0.262,-0.191,1100,0,
1785505584.9826,2026-07-31T09:46:24.982,220.296,2217,,,,0,,,,0.5388,10.17,0.4935,-57.93,1,30.0,hold:DY,+0.000,+0.000,-0.253,-0.193,1100,0,
1785505585.0825,2026-07-31T09:46:25.082,220.396,2218,,,,0,,,,0.5365,10.23,0.4912,-57.87,1,30.0,hold:DY,+0.000,+0.000,-0.251,-0.195,1100,0,
1785505585.1810,2026-07-31T09:46:25.180,220.494,2219,,,,0,,,,0.5381,10.28,0.4928,-57.83,1,30.0,hold:DY,+0.000,+0.000,-0.251,-0.195,1100,0,
1785505585.2805,2026-07-31T09:46:25.280,220.594,2220,,,,0,,,,0.5396,10.41,0.4944,-57.69,1,30.0,hold:DY,+0.000,+0.000,-0.244,-0.196,1100,0,
1785505585.3791,2026-07-31T09:46:25.379,220.692,2221,,,,0,,,,0.5401,10.74,0.4948,-57.36,1,30.0,hold:DY,+0.000,+0.000,-0.236,-0.194,1100,0,
1785505585.4781,2026-07-31T09:46:25.478,220.791,2222,,,,0,,,,0.5449,10.96,0.4996,-57.14,1,30.0,hold:DY,+0.000,+0.000,-0.233,-0.188,1100,0,
1785505585.5769,2026-07-31T09:46:25.576,220.890,2223,,,,0,,,,0.5432,11.46,0.4979,-56.64,1,30.0,hold:DY,+0.000,+0.000,-0.231,-0.185,1100,0,
1785505585.6774,2026-07-31T09:46:25.677,220.990,2224,,,,0,,,,0.5397,11.70,0.4944,-56.40,1,30.0,hold:DY,+0.000,+0.000,-0.240,-0.178,1100,0,
1785505585.7759,2026-07-31T09:46:25.775,221.089,2225,,,,0,,,,0.5419,12.02,0.4966,-56.08,1,30.0,hold:DY,+0.000,+0.000,-0.238,-0.176,1100,0,
1785505585.8757,2026-07-31T09:46:25.875,221.189,2226,,,,0,,,,0.5417,12.18,0.4965,-55.92,1,30.0,hold:DY,+0.000,+0.000,-0.227,-0.173,1100,0,
1785505585.9751,2026-07-31T09:46:25.975,221.288,2227,,,,0,,,,0.5417,12.18,0.4964,-55.93,1,30.0,hold:DY,+0.000,+0.000,-0.231,-0.173,1100,0,
1785505586.0747,2026-07-31T09:46:26.074,221.388,2228,,,,0,,,,0.5425,12.01,0.4972,-56.09,1,30.0,hold:DY,+0.000,+0.000,-0.227,-0.175,1100,0,
1785505586.1742,2026-07-31T09:46:26.174,221.487,2229,,,,0,,,,0.5394,11.97,0.4941,-56.13,1,30.0,hold:DY,+0.000,+0.000,-0.232,-0.179,1100,0,
1785505586.2737,2026-07-31T09:46:26.273,221.587,2230,,,,0,,,,0.5456,12.11,0.5003,-55.99,1,30.0,hold:DY,+0.000,+0.000,-0.223,-0.179,1100,0,
1785505586.3721,2026-07-31T09:46:26.372,221.685,2231,,,,0,,,,0.5392,12.26,0.4939,-55.84,1,30.0,hold:DY,+0.000,+0.000,-0.229,-0.176,1100,0,
1785505586.4711,2026-07-31T09:46:26.471,221.784,2232,,,,0,,,,0.5446,12.51,0.4993,-55.59,1,30.0,hold:DY,+0.000,+0.000,-0.217,-0.172,1100,0,
1785505586.5708,2026-07-31T09:46:26.570,221.884,2233,,,,0,,,,0.5387,12.60,0.4934,-55.50,1,30.0,hold:DY,+0.000,+0.000,-0.217,-0.172,1100,0,
1785505586.6718,2026-07-31T09:46:26.671,221.985,2234,,,,0,,,,0.5404,12.61,0.4951,-55.50,1,30.0,hold:DY,+0.000,+0.000,-0.222,-0.173,1100,0,
1785505586.7725,2026-07-31T09:46:26.772,222.086,2235,,,,0,,,,0.5429,12.60,0.4977,-55.50,1,30.0,hold:DY,+0.000,+0.000,-0.214,-0.174,1100,0,
1785505586.8716,2026-07-31T09:46:26.871,222.185,2236,,,,0,,,,0.5415,12.60,0.4962,-55.50,1,30.0,hold:DY,+0.000,+0.000,-0.216,-0.175,1100,0,
1785505586.9699,2026-07-31T09:46:26.969,222.283,2237,,,,0,,,,0.5387,12.80,0.4935,-55.30,1,30.0,hold:DY,+0.000,+0.000,-0.220,-0.172,1100,0,
1785505587.0706,2026-07-31T09:46:27.070,222.384,2238,,,,0,,,,0.5383,13.13,0.4930,-54.97,1,30.0,hold:DY,+0.000,+0.000,-0.216,-0.170,1100,0,
1785505587.1689,2026-07-31T09:46:27.168,222.482,2239,,,,0,,,,0.5380,13.27,0.4928,-54.83,1,30.0,hold:DY,+0.000,+0.000,-0.218,+0.000,1100,0,
1785505587.2692,2026-07-31T09:46:27.269,222.582,2240,,,,0,,,,0.5384,13.43,0.4931,-54.67,1,30.0,hold:DY,+0.000,+0.000,-0.218,+0.000,1100,0,
1785505587.3685,2026-07-31T09:46:27.368,222.682,2241,,,,0,,,,0.5321,13.45,0.4868,-54.65,1,30.0,hold:DY,+0.000,+0.000,-0.227,+0.000,1100,0,
1785505587.4672,2026-07-31T09:46:27.467,222.780,2242,,,,0,,,,0.5345,13.43,0.4892,-54.67,1,30.0,hold:DY,+0.000,+0.000,-0.216,+0.000,1100,0,
1785505587.5670,2026-07-31T09:46:27.566,222.880,2243,,,,0,,,,0.5316,13.31,0.4863,-54.79,1,30.0,hold:DY,+0.000,+0.000,-0.219,+0.000,1100,0,
1785505587.6660,2026-07-31T09:46:27.666,222.979,2244,,,,0,,,,0.5326,13.23,0.4874,-54.87,1,30.0,hold:DY,+0.000,+0.000,-0.222,+0.000,1100,0,
1785505587.7669,2026-07-31T09:46:27.766,223.080,2245,,,,0,,,,0.5312,13.02,0.4859,-55.08,1,30.0,hold:DY,+0.000,+0.000,-0.222,+0.000,1100,0,
1785505587.8660,2026-07-31T09:46:27.866,223.179,2246,,,,0,,,,0.5300,12.90,0.4847,-55.20,1,30.0,hold:DY,+0.000,+0.000,-0.225,-0.038,1100,0,
1785505587.9667,2026-07-31T09:46:27.966,223.280,2247,,,,0,,,,0.5280,12.62,0.4828,-55.48,1,30.0,hold:DY,+0.000,+0.000,-0.215,-0.041,1100,0,
1785505588.0650,2026-07-31T09:46:28.065,223.378,2248,,,,0,,,,0.5265,12.48,0.4812,-55.62,1,30.0,hold:DY,+0.000,+0.000,-0.229,-0.048,1100,0,
1785505588.1648,2026-07-31T09:46:28.164,223.478,2249,,,,0,,,,0.5193,12.15,0.4740,-55.95,1,30.0,hold:DY,+0.000,+0.000,-0.243,-0.054,1100,0,
1785505588.2667,2026-07-31T09:46:28.266,223.580,2250,,,,0,,,,0.5229,11.77,0.4776,-56.33,1,30.0,hold:DY,+0.000,+0.000,-0.237,-0.059,1100,0,
1785505588.3668,2026-07-31T09:46:28.366,223.680,2251,,,,0,,,,0.5171,11.56,0.4719,-56.54,1,30.0,hold:DY,+0.000,+0.000,-0.246,-0.068,1100,0,
1785505588.4676,2026-07-31T09:46:28.467,223.781,2252,,,,0,,,,0.5165,11.12,0.4713,-56.98,1,30.0,hold:DY,+0.000,+0.000,-0.242,-0.073,1100,0,
1785505588.5674,2026-07-31T09:46:28.567,223.881,2253,,,,0,,,,0.5121,10.66,0.4669,-57.44,1,30.0,hold:DY,+0.000,+0.000,-0.249,-0.083,1100,0,
1785505588.6665,2026-07-31T09:46:28.666,223.980,2254,,,,0,,,,0.5114,10.41,0.4661,-57.69,1,30.0,hold:DY,+0.000,+0.000,-0.258,-0.093,1100,0,
1785505588.7655,2026-07-31T09:46:28.765,224.079,2255,,,,0,,,,0.5076,9.86,0.4623,-58.24,1,30.0,hold:DY,+0.000,+0.000,-0.268,-0.100,1100,0,
1785505588.8641,2026-07-31T09:46:28.864,224.177,2256,,,,0,,,,0.5036,9.58,0.4583,-58.52,1,30.0,hold:DY,+0.000,+0.000,-0.273,-0.112,1100,0,
1785505588.9646,2026-07-31T09:46:28.964,224.278,2257,,,,0,,,,0.5033,8.99,0.4580,-59.11,1,30.0,hold:DY,+0.000,+0.000,-0.271,-0.120,1100,0,
1785505589.0634,2026-07-31T09:46:29.063,224.377,2258,,,,0,,,,0.5011,8.39,0.4559,-59.71,1,30.0,hold:DY,+0.000,+0.000,-0.272,-0.133,1100,0,
1785505589.1622,2026-07-31T09:46:29.162,224.475,2259,,,,0,,,,0.5020,8.07,0.4567,-60.03,1,30.0,hold:DY,+0.000,+0.000,-0.277,-0.147,1100,0,
1785505589.2627,2026-07-31T09:46:29.262,224.576,2260,,,,0,,,,0.4922,7.41,0.4470,-60.69,1,30.0,hold:DY,+0.000,+0.000,-0.290,-0.155,1100,0,
1785505589.3611,2026-07-31T09:46:29.361,224.674,2261,,,,0,,,,0.4913,7.07,0.4460,-61.03,1,30.0,hold:DY,+0.000,+0.000,-0.298,-0.171,1100,0,
1785505589.4602,2026-07-31T09:46:29.460,224.773,2262,,,,0,,,,0.4907,6.44,0.4455,-61.67,1,30.0,hold:DY,+0.000,+0.000,-0.300,-0.180,1100,0,
1785505589.5597,2026-07-31T09:46:29.559,224.873,2263,,,,0,,,,0.4870,6.02,0.4417,-62.08,1,30.0,hold:DY,+0.000,+0.000,-0.307,-0.193,1100,0,
1785505589.6587,2026-07-31T09:46:29.658,224.972,2264,,,,0,,,,0.4819,5.87,0.4366,-62.23,1,30.0,hold:DY,+0.000,+0.000,-0.317,-0.202,1100,0,
1785505589.7588,2026-07-31T09:46:29.758,225.072,2265,,,,0,,,,0.4832,5.79,0.4379,-62.31,1,30.0,hold:DY,+0.000,+0.000,-0.308,-0.208,1100,0,
1785505589.8574,2026-07-31T09:46:29.857,225.171,2266,,,,0,,,,0.4804,5.87,0.4351,-62.23,1,30.0,hold:DY,+0.000,+0.000,-0.320,-0.210,1100,0,
1785505589.9567,2026-07-31T09:46:29.956,225.270,2267,,,,0,,,,0.4768,6.12,0.4316,-61.98,1,30.0,hold:DY,+0.000,+0.000,-0.329,-0.211,1100,0,
1785505590.0551,2026-07-31T09:46:30.055,225.368,2268,,,,0,,,,0.4728,6.28,0.4276,-61.82,1,30.0,hold:DY,+0.000,+0.000,-0.336,-0.209,1100,0,
1785505590.1541,2026-07-31T09:46:30.154,225.467,2269,,,,0,,,,0.4713,6.62,0.4260,-61.48,1,30.0,hold:DY,+0.000,+0.000,-0.338,-0.209,1100,0,
1785505590.2534,2026-07-31T09:46:30.253,225.567,2270,,,,0,,,,0.4669,6.84,0.4217,-61.26,1,30.0,hold:DY,+0.000,+0.000,-0.350,-0.208,1100,0,
1785505590.3520,2026-07-31T09:46:30.352,225.665,2271,,,,0,,,,0.4704,6.92,0.4251,-61.18,1,30.0,hold:DY,+0.000,+0.000,-0.345,-0.208,1100,0,
1785505590.4522,2026-07-31T09:46:30.452,225.765,2272,,,,0,,,,0.4602,7.02,0.4149,-61.08,1,30.0,hold:DY,+0.000,+0.000,-0.360,-0.210,1100,0,
1785505590.5518,2026-07-31T09:46:30.551,225.865,2273,,,,0,,,,0.4642,7.12,0.4189,-60.98,1,30.0,hold:DY,+0.000,+0.000,-0.360,-0.210,1100,0,
1785505590.6505,2026-07-31T09:46:30.650,225.964,2274,,,,0,,,,0.4582,7.42,0.4129,-60.68,1,30.0,hold:DY,+0.000,+0.000,-0.374,-0.211,1100,0,
1785505590.7499,2026-07-31T09:46:30.749,226.063,2275,,,,0,,,,0.4559,7.90,0.4106,-60.20,1,30.0,hold:DY,+0.000,+0.000,-0.373,-0.207,1100,0,
1785505590.8491,2026-07-31T09:46:30.849,226.162,2276,,,,0,,,,0.4581,8.17,0.4128,-59.93,1,30.0,hold:DY,+0.000,+0.000,-0.382,-0.205,1100,0,
1785505590.9489,2026-07-31T09:46:30.948,226.262,2277,,,,0,,,,0.4550,8.66,0.4098,-59.44,1,30.0,hold:DY,+0.000,+0.000,-0.387,-0.199,1100,0,
1785505591.0500,2026-07-31T09:46:31.050,226.363,2278,,,,0,,,,0.4579,8.87,0.4127,-59.23,1,30.0,hold:DY,+0.000,+0.000,-0.381,-0.193,1100,0,
1785505591.1493,2026-07-31T09:46:31.149,226.462,2279,,,,0,,,,0.4489,9.15,0.4036,-58.95,1,30.0,hold:DY,+0.000,+0.000,-0.391,-0.192,1100,0,
1785505591.2498,2026-07-31T09:46:31.249,226.563,2280,,,,0,,,,0.4529,9.22,0.4076,-58.88,1,30.0,hold:DY,+0.000,+0.000,-0.395,-0.192,1100,0,
1785505591.3490,2026-07-31T09:46:31.349,226.662,2281,,,,0,,,,0.4572,9.35,0.4120,-58.75,1,30.0,hold:DY,+0.000,+0.000,-0.401,-0.193,1100,0,
1785505591.4482,2026-07-31T09:46:31.448,226.761,2282,,,,0,,,,0.4499,9.67,0.4047,-58.43,1,30.0,hold:DY,+0.000,+0.000,-0.398,-0.191,1100,0,
1785505591.5470,2026-07-31T09:46:31.547,226.860,2283,,,,0,,,,0.4518,9.93,0.4065,-58.17,1,30.0,hold:DY,+0.000,+0.000,-0.403,-0.185,1100,0,
1785505591.6462,2026-07-31T09:46:31.646,226.959,2284,,,,0,,,,0.4524,10.55,0.4071,-57.55,1,30.0,hold:DY,+0.000,+0.000,-0.406,-0.182,1100,0,
1785505591.7452,2026-07-31T09:46:31.745,227.058,2285,,,,0,,,,0.4538,10.86,0.4086,-57.24,1,30.0,hold:DY,+0.000,+0.000,-0.403,-0.172,1100,0,
1785505591.8450,2026-07-31T09:46:31.844,227.158,2286,,,,0,,,,0.4547,11.34,0.4094,-56.76,1,30.0,hold:DY,+0.000,+0.000,-0.407,-0.169,1100,0,
1785505591.9458,2026-07-31T09:46:31.945,227.259,2287,,,,0,,,,0.4558,11.55,0.4105,-56.55,1,30.0,hold:DY,+0.000,+0.000,-0.405,-0.164,1100,0,
1785505592.0446,2026-07-31T09:46:32.044,227.358,2288,,,,0,,,,0.4543,11.60,0.4090,-56.50,1,30.0,hold:DY,+0.000,+0.000,-0.407,-0.163,1100,0,
1785505592.1430,2026-07-31T09:46:32.143,227.456,2289,,,,0,,,,0.4581,11.67,0.4129,-56.44,1,30.0,hold:DY,+0.000,+0.000,-0.400,-0.164,1100,0,
1785505592.2427,2026-07-31T09:46:32.242,227.556,2290,,,,0,,,,0.4563,11.76,0.4110,-56.34,1,30.0,hold:DY,+0.000,+0.000,-0.407,-0.163,1100,0,
1785505592.3411,2026-07-31T09:46:32.341,227.654,2291,,,,0,,,,0.4593,12.02,0.4141,-56.08,1,30.0,hold:DY,+0.000,+0.000,-0.402,-0.162,1100,0,
1785505592.4410,2026-07-31T09:46:32.441,227.754,2292,,,,0,,,,0.4631,12.20,0.4178,-55.90,1,30.0,hold:DY,+0.000,+0.000,-0.398,-0.159,1100,0,
1785505592.5402,2026-07-31T09:46:32.540,227.853,2293,,,,0,,,,0.4660,12.20,0.4207,-55.90,1,30.0,hold:DY,+0.000,+0.000,-0.392,-0.159,1100,0,
1785505592.6410,2026-07-31T09:46:32.641,227.954,2294,,,,0,,,,0.4672,12.09,0.4219,-56.01,1,30.0,hold:DY,+0.000,+0.000,-0.397,-0.160,1100,0,
1785505592.7420,2026-07-31T09:46:32.742,228.055,2295,,,,0,,,,0.4655,12.04,0.4202,-56.06,1,30.0,hold:DY,+0.000,+0.000,-0.396,-0.164,1100,0,
1785505592.8430,2026-07-31T09:46:32.843,228.156,2296,,,,0,,,,0.4687,12.10,0.4235,-56.00,1,30.0,hold:DY,+0.000,+0.000,-0.390,-0.164,1100,0,
1785505592.9429,2026-07-31T09:46:32.942,228.256,2297,,,,0,,,,0.4739,12.29,0.4286,-55.81,1,30.0,hold:DY,+0.000,+0.000,-0.391,-0.163,1100,0,
1785505593.0417,2026-07-31T09:46:33.041,228.355,2298,,,,0,,,,0.4737,12.41,0.4284,-55.69,1,30.0,hold:DY,+0.000,+0.000,-0.383,-0.161,1100,0,
1785505593.1404,2026-07-31T09:46:33.140,228.454,2299,,,,0,,,,0.4750,12.58,0.4297,-55.52,1,30.0,hold:DY,+0.000,+0.000,-0.381,-0.159,1100,0,
1785505593.2390,2026-07-31T09:46:33.238,228.552,2300,,,,0,,,,0.4804,12.59,0.4352,-55.51,1,30.0,hold:DY,+0.000,+0.000,-0.371,-0.159,1100,0,
1785505593.3382,2026-07-31T09:46:33.338,228.651,2301,,,,0,,,,0.4758,12.47,0.4306,-55.63,1,30.0,hold:DY,+0.000,+0.000,-0.380,-0.162,1100,0,
1785505593.4375,2026-07-31T09:46:33.437,228.751,2302,,,,0,,,,0.4810,12.34,0.4357,-55.76,1,30.0,hold:DY,+0.000,+0.000,-0.359,-0.165,1100,0,
1785505593.5365,2026-07-31T09:46:33.536,228.850,2303,,,,0,,,,0.4873,12.36,0.4420,-55.74,1,30.0,hold:DY,+0.000,+0.000,-0.358,-0.167,1100,0,
1785505593.6370,2026-07-31T09:46:33.636,228.950,2304,,,,0,,,,0.4894,12.49,0.4442,-55.61,1,30.0,hold:DY,+0.000,+0.000,-0.353,-0.167,1100,0,
1785505593.7354,2026-07-31T09:46:33.735,229.049,2305,,,,0,,,,0.4902,12.59,0.4449,-55.51,1,30.0,hold:DY,+0.000,+0.000,-0.352,-0.164,1100,0,
1785505593.8354,2026-07-31T09:46:33.835,229.148,2306,,,,0,,,,0.4888,12.81,0.4435,-55.29,1,30.0,hold:DY,+0.000,+0.000,-0.349,-0.163,1100,0,
1785505593.9345,2026-07-31T09:46:33.934,229.248,2307,,,,0,,,,0.4948,12.83,0.4496,-55.27,1,30.0,hold:DY,+0.000,+0.000,-0.344,-0.162,1100,0,
1785505594.0338,2026-07-31T09:46:34.033,229.347,2308,,,,0,,,,0.4960,12.78,0.4508,-55.32,1,30.0,hold:DY,+0.000,+0.000,-0.340,-0.164,1100,0,
1785505594.1324,2026-07-31T09:46:34.132,229.446,2309,,,,0,,,,0.4961,12.54,0.4508,-55.56,1,30.0,hold:DY,+0.000,+0.000,-0.340,-0.166,1100,0,
1785505594.2319,2026-07-31T09:46:34.231,229.545,2310,,,,0,,,,0.5007,12.41,0.4554,-55.69,1,30.0,hold:DY,+0.000,+0.000,-0.331,-0.172,1100,0,
1785505594.3322,2026-07-31T09:46:34.332,229.645,2311,,,,0,,,,0.5013,12.36,0.4560,-55.74,1,30.0,hold:DY,+0.000,+0.000,-0.331,-0.174,1100,0,
1785505594.4317,2026-07-31T09:46:34.431,229.745,2312,,,,0,,,,0.5023,12.40,0.4571,-55.70,1,30.0,hold:DY,+0.000,+0.000,-0.328,-0.174,1100,0,
1785505594.5305,2026-07-31T09:46:34.530,229.844,2313,,,,0,,,,0.5080,12.55,0.4627,-55.55,1,30.0,hold:DY,+0.000,+0.000,-0.316,-0.174,1100,0,
1785505594.6297,2026-07-31T09:46:34.629,229.943,2314,,,,0,,,,0.5021,12.58,0.4569,-55.52,1,30.0,hold:DY,+0.000,+0.000,-0.328,-0.173,1100,0,
1785505594.7285,2026-07-31T09:46:34.728,230.042,2315,,,,0,,,,0.5078,12.52,0.4625,-55.58,1,30.0,hold:DY,+0.000,+0.000,-0.317,-0.175,1100,0,
1785505594.8273,2026-07-31T09:46:34.827,230.140,2316,,,,0,,,,0.5064,12.34,0.4611,-55.76,1,30.0,hold:DY,+0.000,+0.000,-0.314,-0.178,1100,0,
1785505594.9262,2026-07-31T09:46:34.926,230.239,2317,,,,0,,,,0.5053,12.33,0.4600,-55.77,1,30.0,hold:DY,+0.000,+0.000,-0.322,-0.181,1100,0,
1785505595.0260,2026-07-31T09:46:35.026,230.339,2318,,,,0,,,,0.5086,12.44,0.4634,-55.66,1,30.0,hold:DY,+0.000,+0.000,-0.308,-0.181,1100,0,
1785505595.1249,2026-07-31T09:46:35.124,230.438,2319,,,,0,,,,0.5087,12.68,0.4634,-55.42,1,30.0,hold:DY,+0.000,+0.000,-0.306,-0.179,1100,0,
1785505595.2235,2026-07-31T09:46:35.223,230.537,2320,,,,0,,,,0.5088,12.82,0.4636,-55.28,1,30.0,hold:DY,+0.000,+0.000,-0.315,-0.175,1100,0,
1785505595.3231,2026-07-31T09:46:35.323,230.636,2321,,,,0,,,,0.5108,12.97,0.4656,-55.13,1,30.0,hold:DY,+0.000,+0.000,-0.316,-0.174,1100,0,
1785505595.4223,2026-07-31T09:46:35.422,230.735,2322,,,,0,,,,0.5100,12.98,0.4647,-55.12,1,30.0,hold:DY,+0.000,+0.000,-0.312,-0.174,1100,0,
1785505595.5228,2026-07-31T09:46:35.522,230.836,2323,,,,0,,,,0.5135,12.88,0.4682,-55.22,1,30.0,hold:DY,+0.000,+0.000,-0.303,-0.175,1100,0,
1785505595.6212,2026-07-31T09:46:35.621,230.934,2324,,,,0,,,,0.5188,12.89,0.4735,-55.21,1,30.0,hold:DY,+0.000,+0.000,-0.295,-0.177,1100,0,
1785505595.7211,2026-07-31T09:46:35.721,231.034,2325,,,,0,,,,0.5169,13.08,0.4716,-55.02,1,30.0,hold:DY,+0.000,+0.000,-0.299,+0.000,1100,0,
1785505595.8217,2026-07-31T09:46:35.821,231.135,2326,,,,0,,,,0.5215,13.41,0.4762,-54.69,1,30.0,hold:DY,+0.000,+0.000,-0.304,+0.000,1100,0,
1785505595.9204,2026-07-31T09:46:35.920,231.233,2327,,,,0,,,,0.5180,13.62,0.4728,-54.48,1,30.0,hold:DY,+0.000,+0.000,-0.296,+0.000,1100,0,
1785505596.0209,2026-07-31T09:46:36.020,231.334,2328,,,,0,,,,0.5185,13.88,0.4732,-54.22,1,30.0,hold:DY,+0.000,+0.000,-0.295,+0.000,1100,0,
1785505596.1197,2026-07-31T09:46:36.119,231.433,2329,,,,0,,,,0.5135,13.93,0.4682,-54.17,1,30.0,hold:DY,+0.000,+0.000,-0.305,+0.000,1100,0,
1785505596.2186,2026-07-31T09:46:36.218,231.532,2330,,,,0,,,,0.5180,13.92,0.4728,-54.18,1,30.0,hold:DY,+0.000,+0.000,-0.296,+0.000,1100,0,
1785505596.3173,2026-07-31T09:46:36.317,231.630,2331,,,,0,,,,0.5194,13.80,0.4741,-54.30,1,30.0,hold:DY,+0.000,+0.000,-0.302,+0.000,1100,0,
1785505596.4172,2026-07-31T09:46:36.417,231.730,2332,,,,0,,,,0.5161,13.71,0.4709,-54.39,1,30.0,hold:DY,+0.000,+0.000,-0.299,+0.000,1100,0,
1785505596.5163,2026-07-31T09:46:36.516,231.829,2333,,,,0,,,,0.5172,13.48,0.4719,-54.62,1,30.0,hold:DY,+0.000,+0.000,-0.300,+0.000,1100,0,
1785505596.6171,2026-07-31T09:46:36.617,231.930,2334,,,,0,,,,0.5111,13.34,0.4659,-54.76,1,30.0,hold:DY,+0.000,+0.000,-0.309,+0.000,1100,0,
1785505596.7168,2026-07-31T09:46:36.716,232.030,2335,,,,0,,,,0.5148,13.03,0.4695,-55.07,1,30.0,hold:DY,+0.000,+0.000,-0.301,+0.000,1100,0,
1785505596.8156,2026-07-31T09:46:36.815,232.129,2336,,,,0,,,,0.5123,12.68,0.4670,-55.42,1,30.0,hold:DY,+0.000,+0.000,-0.305,-0.039,1100,0,
1785505596.9149,2026-07-31T09:46:36.914,232.228,2337,,,,0,,,,0.5161,12.49,0.4708,-55.61,1,30.0,hold:DY,+0.000,+0.000,-0.299,-0.047,1100,0,
1785505597.0147,2026-07-31T09:46:37.014,232.328,2338,,,,0,,,,0.5117,12.10,0.4664,-56.01,1,30.0,hold:DY,+0.000,+0.000,-0.306,-0.051,1100,0,
1785505597.1140,2026-07-31T09:46:37.114,232.427,2339,,,,0,,,,0.5137,11.88,0.4685,-56.22,1,30.0,hold:DY,+0.000,+0.000,-0.304,-0.060,1100,0,
1785505597.2126,2026-07-31T09:46:37.212,232.526,2340,,,,0,,,,0.5121,11.45,0.4669,-56.65,1,30.0,hold:DY,+0.000,+0.000,-0.306,-0.065,1100,0,
1785505597.3123,2026-07-31T09:46:37.312,232.625,2341,,,,0,,,,0.5152,11.22,0.4699,-56.88,1,30.0,hold:DY,+0.000,+0.000,-0.301,-0.075,1100,0,
1785505597.4116,2026-07-31T09:46:37.411,232.725,2342,,,,0,,,,0.5090,10.75,0.4638,-57.35,1,30.0,hold:DY,+0.000,+0.000,-0.305,-0.080,1100,0,
1785505597.5106,2026-07-31T09:46:37.510,232.824,2343,,,,0,,,,0.5094,10.27,0.4642,-57.83,1,30.0,hold:DY,+0.000,+0.000,-0.311,-0.091,1100,0,
1785505597.6097,2026-07-31T09:46:37.609,232.923,2344,,,,0,,,,0.5135,10.01,0.4682,-58.09,1,30.0,hold:DY,+0.000,+0.000,-0.305,-0.102,1100,0,
1785505597.7084,2026-07-31T09:46:37.708,233.022,2345,,,,0,,,,0.5079,9.51,0.4627,-58.59,1,30.0,hold:DY,+0.000,+0.000,-0.315,-0.108,1100,0,
1785505597.8082,2026-07-31T09:46:37.808,233.121,2346,,,,0,,,,0.5069,9.25,0.4617,-58.85,1,30.0,hold:DY,+0.000,+0.000,-0.318,-0.119,1100,0,
1785505597.9091,2026-07-31T09:46:37.909,233.222,2347,,,,0,,,,0.5045,8.72,0.4592,-59.38,1,30.0,hold:DY,+0.000,+0.000,-0.315,-0.127,1100,0,
1785505598.0089,2026-07-31T09:46:38.008,233.322,2348,,,,0,,,,0.5066,8.19,0.4613,-59.91,1,30.0,hold:DY,+0.000,+0.000,-0.316,-0.139,1100,0,
1785505598.1087,2026-07-31T09:46:38.108,233.422,2349,,,,0,,,,0.5089,7.92,0.4637,-60.18,1,30.0,hold:DY,+0.000,+0.000,-0.314,-0.151,1100,0,
1785505598.2082,2026-07-31T09:46:38.208,233.521,2350,,,,0,,,,0.5060,7.37,0.4607,-60.73,1,30.0,hold:DY,+0.000,+0.000,-0.322,-0.159,1100,0,
1785505598.3058,2026-07-31T09:46:38.305,233.619,2351,,,,0,,,,0.5048,7.09,0.4595,-61.01,1,30.0,hold:DY,+0.000,+0.000,-0.322,-0.172,1100,0,
1785505598.4044,2026-07-31T09:46:38.404,233.717,2352,,,,0,,,,0.5008,6.61,0.4555,-61.49,1,30.0,hold:DY,+0.000,+0.000,-0.330,-0.184,1100,0,
1785505598.5042,2026-07-31T09:46:38.504,233.817,2353,,,,0,,,,0.5029,6.25,0.4577,-61.85,1,30.0,hold:DY,+0.000,+0.000,-0.333,-0.191,1100,0,
1785505598.6053,2026-07-31T09:46:38.605,233.918,2354,,,,0,,,,0.5049,6.09,0.4597,-62.01,1,30.0,hold:DY,+0.000,+0.000,-0.322,-0.200,1100,0,
1785505598.7046,2026-07-31T09:46:38.704,234.018,2355,,,,0,,,,0.4995,5.92,0.4542,-62.18,1,30.0,hold:DY,+0.000,+0.000,-0.331,-0.206,1100,0,
1785505598.8038,2026-07-31T09:46:38.803,234.117,2356,,,,0,,,,0.5026,5.91,0.4573,-62.19,1,30.0,hold:DY,+0.000,+0.000,-0.326,-0.211,1100,0,
1785505598.9024,2026-07-31T09:46:38.902,234.216,2357,,,,0,,,,0.5001,5.97,0.4549,-62.13,1,30.0,hold:DY,+0.000,+0.000,-0.324,-0.214,1100,0,
1785505599.0015,2026-07-31T09:46:39.001,234.315,2358,,,,0,,,,0.4998,6.11,0.4545,-61.99,1,30.0,hold:DY,+0.000,+0.000,-0.333,-0.215,1100,0,
1785505599.1008,2026-07-31T09:46:39.100,234.414,2359,,,,0,,,,0.4995,6.18,0.4542,-61.93,1,30.0,hold:DY,+0.000,+0.000,-0.333,-0.216,1100,0,
1785505599.2001,2026-07-31T09:46:39.200,234.513,2360,,,,0,,,,0.4961,6.30,0.4508,-61.80,1,30.0,hold:DY,+0.000,+0.000,-0.342,-0.219,1100,0,
1785505599.2987,2026-07-31T09:46:39.298,234.612,2361,,,,0,,,,0.4967,6.37,0.4514,-61.73,1,30.0,hold:DY,+0.000,+0.000,-0.338,-0.220,1100,0,
1785505599.3979,2026-07-31T09:46:39.397,234.711,2362,,,,0,,,,0.4970,6.56,0.4518,-61.54,1,30.0,hold:DY,+0.000,+0.000,-0.341,-0.222,1100,0,
1785505599.4992,2026-07-31T09:46:39.499,234.812,2363,,,,0,,,,0.4958,6.80,0.4505,-61.30,1,30.0,hold:DY,+0.000,+0.000,-0.337,-0.221,1100,0,
1785505599.5975,2026-07-31T09:46:39.597,234.911,2364,,,,0,,,,0.4897,6.94,0.4445,-61.16,1,30.0,hold:DY,+0.000,+0.000,-0.352,-0.220,1100,0,
1785505599.6979,2026-07-31T09:46:39.697,235.011,2365,,,,0,,,,0.4938,7.31,0.4486,-60.79,1,30.0,hold:DY,+0.000,+0.000,-0.341,-0.220,1100,0,
1785505599.7967,2026-07-31T09:46:39.796,235.110,2366,,,,0,,,,0.4942,7.50,0.4490,-60.60,1,30.0,hold:DY,+0.000,+0.000,-0.343,-0.216,1100,0,
1785505599.8960,2026-07-31T09:46:39.895,235.209,2367,,,,0,,,,0.4931,7.84,0.4478,-60.26,1,30.0,hold:DY,+0.000,+0.000,-0.352,-0.216,1100,0,
1785505599.9950,2026-07-31T09:46:39.995,235.308,2368,,,,0,,,,0.4898,8.00,0.4446,-60.10,1,30.0,hold:DY,+0.000,+0.000,-0.352,-0.212,1100,0,
1785505600.0937,2026-07-31T09:46:40.093,235.407,2369,,,,0,,,,0.4916,8.29,0.4463,-59.81,1,30.0,hold:DY,+0.000,+0.000,-0.348,-0.210,1100,0,
1785505600.1931,2026-07-31T09:46:40.193,235.506,2370,,,,0,,,,0.4884,8.70,0.4431,-59.40,1,30.0,hold:DY,+0.000,+0.000,-0.338,-0.209,1100,0,
1785505600.2917,2026-07-31T09:46:40.291,235.605,2371,,,,0,,,,0.4897,8.92,0.4445,-59.18,1,30.0,hold:DY,+0.000,+0.000,-0.352,-0.204,1100,0,
1785505600.3908,2026-07-31T09:46:40.390,235.704,2372,,,,0,,,,0.4913,9.41,0.4460,-58.69,1,30.0,hold:DY,+0.000,+0.000,-0.344,-0.202,1100,0,
1785505600.4897,2026-07-31T09:46:40.489,235.803,2373,,,,0,,,,0.4946,9.66,0.4493,-58.44,1,30.0,hold:DY,+0.000,+0.000,-0.342,-0.195,1100,0,
1785505600.5886,2026-07-31T09:46:40.588,235.902,2374,,,,0,,,,0.4940,10.09,0.4488,-58.01,1,30.0,hold:DY,+0.000,+0.000,-0.347,-0.193,1100,0,
1785505600.6880,2026-07-31T09:46:40.688,236.001,2375,,,,0,,,,0.4908,10.35,0.4455,-57.75,1,30.0,hold:DY,+0.000,+0.000,-0.350,-0.186,1100,0,
1785505600.7870,2026-07-31T09:46:40.787,236.100,2376,,,,0,,,,0.4914,10.91,0.4461,-57.19,1,30.0,hold:DY,+0.000,+0.000,-0.342,-0.183,1100,0,
1785505600.8883,2026-07-31T09:46:40.888,236.201,2377,,,,0,,,,0.4933,11.52,0.4480,-56.58,1,30.0,hold:DY,+0.000,+0.000,-0.344,-0.175,1100,0,
1785505600.9881,2026-07-31T09:46:40.988,236.301,2378,,,,0,,,,0.4949,11.89,0.4497,-56.21,1,30.0,hold:DY,+0.000,+0.000,-0.342,-0.163,1100,0,
1785505601.0866,2026-07-31T09:46:41.086,236.400,2379,,,,0,,,,0.4927,12.58,0.4475,-55.52,1,30.0,hold:DY,+0.000,+0.000,-0.343,-0.158,1100,0,
1785505601.1867,2026-07-31T09:46:41.186,236.500,2380,,,,0,,,,0.4957,12.92,0.4504,-55.18,1,30.0,hold:DY,+0.000,+0.000,-0.340,-0.147,1100,0,
1785505601.2861,2026-07-31T09:46:41.286,236.599,2381,,,,0,,,,0.4976,13.64,0.4523,-54.46,1,30.0,hold:DY,+0.000,+0.000,-0.338,+0.000,1100,0,
1785505601.3850,2026-07-31T09:46:41.384,236.698,2382,,,,0,,,,0.4971,14.29,0.4518,-53.81,1,30.0,hold:DY,+0.000,+0.000,-0.341,+0.000,1100,0,
1785505601.4839,2026-07-31T09:46:41.483,236.797,2383,,,,0,,,,0.4955,14.58,0.4502,-53.52,1,30.0,hold:DY,+0.000,+0.000,-0.341,+0.000,1100,0,
1785505601.5834,2026-07-31T09:46:41.583,236.897,2384,,,,0,,,,0.5009,15.06,0.4557,-53.04,1,30.0,hold:DY,+0.000,+0.000,-0.340,+0.000,1100,0,
1785505601.6827,2026-07-31T09:46:41.682,236.996,2385,,,,0,,,,0.4986,15.24,0.4533,-52.86,1,30.0,hold:DY,+0.000,+0.000,-0.334,+0.000,1100,0,
1785505601.7834,2026-07-31T09:46:41.783,237.097,2386,,,,0,,,,0.4982,15.45,0.4529,-52.65,1,30.0,hold:DY,+0.000,+0.000,-0.335,+0.000,1100,0,
1785505601.8825,2026-07-31T09:46:41.882,237.196,2387,,,,0,,,,0.4972,15.53,0.4520,-52.57,1,30.0,hold:DY+fwd,+1.000,+0.000,-0.332,+0.000,1100,0,
1785505601.9821,2026-07-31T09:46:41.982,237.295,2388,,,,0,,,,0.4921,15.53,0.4469,-52.58,1,30.0,hold:DY+fwd,+1.000,+0.000,-0.347,+0.000,1100,0,
1785505602.0813,2026-07-31T09:46:42.081,237.394,2389,,,,0,,,,0.4906,15.43,0.4453,-52.67,1,30.0,hold:DY+fwd,+1.000,+0.000,-0.334,+0.000,1100,0,
1785505602.1820,2026-07-31T09:46:42.181,237.495,2390,,,,0,,,,0.4974,14.93,0.4521,-53.17,1,30.0,hold:DY+fwd,+1.000,+0.000,-0.333,+0.000,1100,0,
1785505602.2812,2026-07-31T09:46:42.281,237.594,2391,,,,0,,,,0.5015,14.59,0.4563,-53.51,1,30.0,hold:DY+fwd,+1.000,+0.000,-0.328,+0.000,1100,0,
1785505602.3803,2026-07-31T09:46:42.380,237.693,2392,,,,0,,,,0.4882,14.07,0.4429,-54.03,1,30.0,hold:DY+fwd,+1.000,+0.000,-0.343,+0.000,1100,0,
1785505602.4792,2026-07-31T09:46:42.479,237.792,2393,,,,0,,,,0.4810,13.82,0.4357,-54.28,1,30.0,hold:DY+fwd,+1.000,+0.000,-0.370,+0.000,1100,0,
1785505602.5785,2026-07-31T09:46:42.578,237.892,2394,,,,0,,,,0.4829,13.44,0.4376,-54.66,1,30.0,hold:DY+fwd,+1.000,+0.000,-0.342,+0.000,1100,0,
1785505602.6781,2026-07-31T09:46:42.678,237.991,2395,,,,0,,,,0.4930,13.26,0.4477,-54.84,1,30.0,hold:DY+fwd,+1.000,+0.000,-0.346,+0.000,1100,0,
1785505602.7778,2026-07-31T09:46:42.777,238.091,2396,,,,0,,,,0.4947,13.28,0.4494,-54.82,1,30.0,hold:DY+fwd,+1.000,+0.000,-0.342,+0.000,1100,0,
1785505602.8770,2026-07-31T09:46:42.876,238.190,2397,,,,0,,,,0.4862,13.46,0.4409,-54.64,1,30.0,hold:DY+fwd,+1.000,+0.000,-0.344,+0.000,1100,0,
1785505602.9756,2026-07-31T09:46:42.975,238.289,2398,,,,0,,,,0.4802,13.65,0.4349,-54.45,1,30.0,hold:DY+fwd,+1.000,+0.000,-0.371,+0.000,1100,0,
1785505603.0746,2026-07-31T09:46:43.074,238.388,2399,,,,0,,,,0.4706,14.08,0.4253,-54.02,1,30.0,hold:DY+fwd,+1.000,+0.000,-0.380,+0.000,1100,0,
1785505603.1736,2026-07-31T09:46:43.173,238.487,2400,,,,0,,,,0.4619,14.32,0.4167,-53.78,1,30.0,hold:DY+fwd,+1.000,+0.000,-0.410,+0.000,1100,0,
1785505603.2719,2026-07-31T09:46:43.271,238.585,2401,,,,0,,,,0.4517,14.93,0.4064,-53.17,1,30.0,hold:DY+fwd,+1.000,+0.000,-0.432,+0.000,1100,0,
1785505603.3710,2026-07-31T09:46:43.370,238.684,2402,,,,0,,,,0.4438,15.51,0.3985,-52.59,1,30.0,hold:DY+fwd,+1.000,+0.000,-0.438,+0.000,1100,0,
1785505603.4701,2026-07-31T09:46:43.470,238.783,2403,,,,0,,,,0.4384,15.81,0.3931,-52.29,1,30.0,hold:DY+fwd,+1.000,+0.000,-0.463,+0.000,1100,0,
1785505603.5702,2026-07-31T09:46:43.570,238.883,2404,,,,0,,,,0.4302,16.45,0.3849,-51.65,1,30.0,hold:DY+fwd,+1.000,+0.000,-0.451,+0.000,1100,0,
1785505603.6692,2026-07-31T09:46:43.669,238.982,2405,,,,0,,,,0.4371,16.84,0.3918,-51.26,1,30.0,hold:DY+fwd,+1.000,+0.000,-0.470,+0.000,1100,0,
1785505603.7686,2026-07-31T09:46:43.768,239.082,2406,,,,0,,,,0.4351,17.68,0.3899,-50.42,1,30.0,hold:DY+fwd,+1.000,+0.000,-0.473,+0.041,1100,0,
1785505603.8677,2026-07-31T09:46:43.867,239.181,2407,,,,0,,,,0.4401,18.46,0.3948,-49.64,1,30.0,hold:DY+fwd,+1.000,+0.000,-0.468,+0.058,1100,0,
1785505603.9685,2026-07-31T09:46:43.968,239.282,2408,,,,0,,,,0.4478,18.69,0.4025,-49.41,1,30.0,hold:DY+fwd,+1.000,+0.000,-0.456,+0.070,1100,0,
1785505604.0678,2026-07-31T09:46:44.067,239.381,2409,,,,0,,,,0.4635,19.02,0.4183,-49.08,1,30.0,hold:DY+fwd,+1.000,+0.000,-0.442,+0.074,1100,0,
1785505604.1671,2026-07-31T09:46:44.167,239.480,2410,,,,0,,,,0.4613,19.12,0.4161,-48.98,1,30.0,hold:DY+fwd,+1.000,+0.000,-0.432,+0.081,1100,0,
1785505604.2673,2026-07-31T09:46:44.267,239.580,2411,,,,0,,,,0.4674,19.23,0.4222,-48.87,1,30.0,hold:DY+fwd,+1.000,+0.000,-0.422,+0.083,1100,0,
1785505604.3674,2026-07-31T09:46:44.367,239.680,2412,,,,0,,,,0.4895,19.25,0.4443,-48.85,1,30.0,hold:DY+fwd,+1.000,+0.000,-0.394,+0.087,1100,0,
1785505604.4659,2026-07-31T09:46:44.465,239.779,2413,,,,0,,,,0.4940,19.10,0.4487,-49.00,1,30.0,hold:DY+fwd,+1.000,+0.000,-0.369,+0.085,1100,0,
1785505604.5654,2026-07-31T09:46:44.565,239.879,2414,,,,0,,,,0.5102,18.57,0.4649,-49.53,1,30.0,hold:DY+fwd,+1.000,+0.000,-0.354,+0.082,1100,0,
1785505604.6637,2026-07-31T09:46:44.663,239.977,2415,,,,0,,,,0.5228,18.27,0.4776,-49.83,1,30.0,hold:DY+fwd,+1.000,+0.000,-0.311,+0.073,1100,0,
1785505604.7631,2026-07-31T09:46:44.763,240.076,2416,,,,0,,,,0.5299,17.65,0.4846,-50.45,1,30.0,hold:DY+fwd,+1.000,+0.000,-0.310,+0.069,1100,0,
1785505604.8619,2026-07-31T09:46:44.861,240.175,2417,,,,0,,,,0.5395,17.28,0.4942,-50.82,1,30.0,hold:DY+fwd,+1.000,+0.000,-0.275,+0.058,1100,0,
1785505604.9607,2026-07-31T09:46:44.960,240.274,2418,,,,0,,,,0.5691,16.39,0.5238,-51.71,1,30.0,hold:DY+fwd,+1.000,+0.000,-0.243,+0.000,1100,0,
1785505605.0602,2026-07-31T09:46:45.060,240.373,2419,,,,0,,,,0.5751,15.59,0.5299,-52.51,1,30.0,hold:DY+fwd,+1.000,+0.000,-0.185,+0.000,1100,0,
1785505605.1595,2026-07-31T09:46:45.159,240.473,2420,,,,0,,,,0.5773,15.24,0.5320,-52.86,1,30.0,hold:DY+fwd,+1.000,+0.000,-0.192,+0.000,1100,0,
1785505605.2580,2026-07-31T09:46:45.258,240.571,2421,,,,0,,,,0.6044,14.60,0.5591,-53.50,1,30.0,hold:DY+fwd,+1.000,+0.000,-0.164,+0.000,1100,0,
1785505605.3568,2026-07-31T09:46:45.356,240.670,2422,,,,0,,,,0.6036,14.25,0.5584,-53.85,1,30.0,hold:DY+fwd,+1.000,+0.000,-0.131,+0.000,1100,0,
1785505605.4567,2026-07-31T09:46:45.456,240.770,2423,,,,0,,,,0.6152,13.49,0.5700,-54.61,1,30.0,hold:DY+fwd,+1.000,+0.000,-0.107,+0.000,1100,0,
1785505605.5562,2026-07-31T09:46:45.556,240.869,2424,,,,0,,,,0.6313,12.65,0.5860,-55.45,1,30.0,hold:DY+fwd,+1.000,+0.000,-0.077,+0.000,1100,0,
1785505605.6556,2026-07-31T09:46:45.655,240.969,2425,,,,0,,,,0.6372,12.23,0.5920,-55.87,1,30.0,hold:DY+fwd,+1.000,+0.000,-0.050,-0.051,1100,0,
1785505605.7567,2026-07-31T09:46:45.756,241.070,2426,,,,0,,,,0.6362,11.94,0.5910,-56.16,1,30.0,hold:DY+fwd,+1.000,+0.000,-0.021,-0.056,1100,0,
1785505605.8558,2026-07-31T09:46:45.855,241.169,2427,,,,0,,,,0.6503,11.94,0.6050,-56.16,1,30.0,hold:DY+fwd,+1.000,+0.000,-0.012,-0.058,1100,0,
1785505605.9552,2026-07-31T09:46:45.955,241.268,2428,,,,0,,,,0.6583,12.15,0.6131,-55.95,1,30.0,hold:DY+fwd,+1.000,+0.000,+0.010,-0.056,1100,0,
1785505606.0542,2026-07-31T09:46:46.054,241.367,2429,,,,0,,,,0.6570,12.63,0.6118,-55.47,1,30.0,hold:DY+fwd,+1.000,+0.000,+0.015,-0.053,1100,0,
1785505606.1534,2026-07-31T09:46:46.153,241.467,2430,,,,0,,,,0.6610,13.00,0.6158,-55.10,1,30.0,hold:DY+fwd,+1.000,+0.000,+0.028,+0.000,1100,0,
1785505606.2521,2026-07-31T09:46:46.252,241.565,2431,,,,0,,,,0.6528,13.71,0.6076,-54.39,1,30.0,hold:DY+fwd,+1.000,+0.000,+0.025,+0.000,1100,0,
1785505606.3512,2026-07-31T09:46:46.351,241.664,2432,,,,0,,,,0.6633,13.98,0.6180,-54.12,1,30.0,hold:DY+fwd,+1.000,+0.000,+0.045,+0.000,1100,0,
1785505606.4506,2026-07-31T09:46:46.450,241.764,2433,,,,0,,,,0.6640,14.61,0.6188,-53.49,1,30.0,hold:DY+fwd,+1.000,+0.000,+0.021,+0.000,1100,0,
1785505606.5503,2026-07-31T09:46:46.550,241.863,2434,,,,0,,,,0.6496,15.26,0.6043,-52.84,1,30.0,hold:DY+fwd,+1.000,+0.000,+0.018,+0.000,1100,0,
1785505606.6494,2026-07-31T09:46:46.649,241.962,2435,,,,0,,,,0.6467,15.52,0.6015,-52.58,1,30.0,hold:DY+fwd,+1.000,+0.000,+0.030,+0.000,1100,0,
1785505606.7483,2026-07-31T09:46:46.748,242.061,2436,,,,0,,,,0.6367,16.02,0.5914,-52.09,1,30.0,hold:DY+fwd,+1.000,+0.000,+0.041,+0.000,1100,0,
1785505606.8472,2026-07-31T09:46:46.847,242.160,2437,,,,0,,,,0.6438,16.30,0.5985,-51.80,1,30.0,hold:DY+fwd,+1.000,+0.000,+0.035,+0.000,1100,0,
1785505606.9465,2026-07-31T09:46:46.946,242.260,2438,,,,0,,,,0.6241,16.97,0.5789,-51.13,1,30.0,hold:DY+fwd,+1.000,+0.000,+0.047,+0.000,1100,0,
1785505607.0449,2026-07-31T09:46:47.044,242.358,2439,,,,0,,,,0.6183,17.69,0.5730,-50.41,1,30.0,hold:DY+fwd,+1.000,+0.000,-0.007,+0.042,1100,0,
1785505607.1442,2026-07-31T09:46:47.144,242.457,2440,,,,0,,,,0.6207,17.94,0.5754,-50.16,1,30.0,hold:DY+fwd,+1.000,+0.000,+0.004,+0.054,1100,0,
1785505607.2424,2026-07-31T09:46:47.242,242.555,2441,,,,0,,,,0.6100,18.12,0.5648,-49.98,1,30.0,hold:DY+fwd,+1.000,+0.000,-0.010,+0.057,1100,0,
1785505607.3414,2026-07-31T09:46:47.341,242.655,2442,,,,0,,,,0.6010,18.08,0.5557,-50.02,1,30.0,hold:DY+fwd,+1.000,+0.000,-0.026,+0.059,1100,0,
1785505607.4400,2026-07-31T09:46:47.440,242.753,2443,,,,0,,,,0.5951,17.99,0.5498,-50.11,1,30.0,hold:DY+fwd,+1.000,+0.000,-0.034,+0.059,1100,0,
1785505607.5405,2026-07-31T09:46:47.540,242.854,2444,,,,0,,,,0.5926,17.95,0.5473,-50.15,1,30.0,hold:DY+fwd,+1.000,+0.000,-0.035,+0.059,1100,0,
1785505607.6395,2026-07-31T09:46:47.639,242.953,2445,,,,0,,,,0.5787,17.78,0.5335,-50.32,1,30.0,hold:DY+fwd,+1.000,+0.000,-0.060,+0.057,1100,0,
1785505607.7384,2026-07-31T09:46:47.738,243.052,2446,,,,0,,,,0.5758,17.48,0.5306,-50.62,1,30.0,hold:DY+fwd,+1.000,+0.000,-0.063,+0.056,1100,0,
1785505607.8371,2026-07-31T09:46:47.837,243.150,2447,,,,0,,,,0.5615,17.23,0.5162,-50.87,1,30.0,hold:DY+fwd,+1.000,+0.000,-0.088,+0.049,1100,0,
1785505607.9368,2026-07-31T09:46:47.936,243.250,2448,,,,0,,,,0.5572,16.78,0.5119,-51.33,1,30.0,hold:DY+fwd,+1.000,+0.000,-0.083,+0.047,1100,0,
1785505608.0360,2026-07-31T09:46:48.036,243.349,2449,,,,0,,,,0.5565,16.52,0.5112,-51.58,1,30.0,hold:DY+fwd,+1.000,+0.000,-0.094,+0.000,1100,0,
1785505608.1352,2026-07-31T09:46:48.135,243.448,2450,,,,0,,,,0.5512,16.42,0.5059,-51.68,1,30.0,hold:DY+fwd,+1.000,+0.000,-0.123,+0.000,1100,0,
1785505608.2340,2026-07-31T09:46:48.234,243.547,2451,,,,0,,,,0.5492,16.45,0.5040,-51.65,1,30.0,hold:DY+fwd,+1.000,+0.000,-0.104,+0.000,1100,0,
1785505608.3330,2026-07-31T09:46:48.333,243.646,2452,,,,0,,,,0.5503,16.64,0.5050,-51.46,1,30.0,hold:DY+fwd,+1.000,+0.000,-0.100,+0.000,1100,0,
1785505608.4327,2026-07-31T09:46:48.432,243.746,2453,,,,0,,,,0.5454,17.02,0.5002,-51.08,1,30.0,hold:DY+fwd,+1.000,+0.000,-0.111,+0.000,1100,0,
1785505608.5337,2026-07-31T09:46:48.533,243.847,2454,,,,0,,,,0.5355,17.27,0.4902,-50.83,1,30.0,hold:DY+fwd,+1.000,+0.000,-0.126,+0.042,1100,0,
1785505608.6356,2026-07-31T09:46:48.635,243.949,2455,,,,0,,,,0.5380,17.50,0.4928,-50.60,1,30.0,hold:DY+fwd,+1.000,+0.000,-0.112,+0.046,1100,0,
1785505608.7339,2026-07-31T09:46:48.733,244.047,2456,,,,0,,,,0.5404,17.51,0.4951,-50.59,1,30.0,hold:DY+fwd,+1.000,+0.000,-0.113,+0.048,1100,0,
1785505608.8330,2026-07-31T09:46:48.832,244.146,2457,,,,0,,,,0.5365,17.31,0.4912,-50.79,1,30.0,hold:DY+fwd,+1.000,+0.000,-0.120,+0.045,1100,0,
1785505608.9321,2026-07-31T09:46:48.932,244.245,2458,,,,0,,,,0.5261,16.89,0.4808,-51.21,1,30.0,hold:DY+fwd,+1.000,+0.000,-0.119,+0.043,1100,0,
1785505609.0308,2026-07-31T09:46:49.030,244.344,2459,,,,0,,,,0.5367,16.57,0.4914,-51.53,1,30.0,hold:DY+fwd,+1.000,+0.000,-0.117,+0.000,1100,0,
1785505609.1305,2026-07-31T09:46:49.130,244.444,2460,,,,0,,,,0.5343,16.14,0.4890,-51.96,1,30.0,hold:DY+fwd,+1.000,+0.000,-0.118,+0.000,1100,0,
1785505609.2296,2026-07-31T09:46:49.229,244.543,2461,,,,0,,,,0.5307,15.96,0.4854,-52.14,1,30.0,hold:DY+fwd,+1.000,+0.000,-0.126,+0.000,1100,0,
1785505609.3291,2026-07-31T09:46:49.329,244.642,2462,,,,0,,,,0.5269,15.74,0.4816,-52.36,1,30.0,hold:DY+fwd,+1.000,+0.000,-0.133,+0.000,1100,0,
1785505609.4282,2026-07-31T09:46:49.428,244.741,2463,,,,0,,,,0.5312,15.63,0.4860,-52.47,1,30.0,hold:DY+fwd,+1.000,+0.000,-0.122,+0.000,1100,0,
1785505609.5275,2026-07-31T09:46:49.527,244.841,2464,,,,0,,,,0.5279,15.62,0.4827,-52.48,1,30.0,hold:DY+fwd,+1.000,+0.000,-0.128,+0.000,1100,0,
1785505609.6260,2026-07-31T09:46:49.625,244.939,2465,,,,0,,,,0.5246,15.65,0.4794,-52.45,1,30.0,hold:DY+fwd,+1.000,+0.000,-0.147,+0.000,1100,0,
1785505609.7249,2026-07-31T09:46:49.724,245.038,2466,,,,0,,,,0.5281,15.67,0.4828,-52.44,1,30.0,hold:DY+fwd,+1.000,+0.000,-0.127,+0.000,1100,0,
1785505609.8245,2026-07-31T09:46:49.824,245.138,2467,,,,0,,,,0.5236,15.75,0.4783,-52.35,1,30.0,hold:DY+fwd,+1.000,+0.000,-0.135,+0.000,1100,0,
1785505609.9235,2026-07-31T09:46:49.923,245.237,2468,,,,0,,,,0.5060,15.87,0.4607,-52.23,1,30.0,hold:DY+fwd,+1.000,+0.000,-0.147,+0.000,1100,0,
1785505610.0224,2026-07-31T09:46:50.022,245.336,2469,,,,0,,,,0.5206,15.87,0.4754,-52.23,1,30.0,hold:DY+fwd,+1.000,+0.000,-0.140,+0.000,1100,0,
1785505610.1215,2026-07-31T09:46:50.121,245.435,2470,,,,0,,,,0.5143,16.06,0.4690,-52.04,1,30.0,hold:DY+fwd,+1.000,+0.000,-0.142,+0.000,1100,0,
1785505610.2206,2026-07-31T09:46:50.220,245.534,2471,,,,0,,,,0.5125,16.35,0.4672,-51.76,1,30.0,hold:DY+fwd,+1.000,+0.000,-0.156,+0.000,1100,0,
1785505610.3202,2026-07-31T09:46:50.320,245.633,2472,,,,0,,,,0.5113,17.24,0.4661,-50.86,1,30.0,hold:DY+fwd,+1.000,+0.000,-0.158,+0.041,1100,0,
1785505610.4194,2026-07-31T09:46:50.419,245.733,2473,,,,0,,,,0.5010,18.25,0.4557,-49.85,1,30.0,hold:DY+fwd,+1.000,+0.000,-0.176,+0.052,1100,0,
1785505610.5182,2026-07-31T09:46:50.518,245.831,2474,,,,0,,,,0.4982,18.60,0.4530,-49.50,1,30.0,hold:DY+fwd,+1.000,+0.000,-0.184,+0.067,1100,0,
1785505610.6171,2026-07-31T09:46:50.617,245.930,2475,,,,0,,,,0.5055,19.01,0.4603,-49.09,1,30.0,hold:DY+fwd,+1.000,+0.000,-0.174,+0.073,1100,0,
1785505610.7165,2026-07-31T09:46:50.716,246.030,2476,,,,0,,,,0.5034,19.17,0.4582,-48.93,1,30.0,hold:DY+fwd,+1.000,+0.000,-0.174,+0.081,1100,0,
1785505610.8156,2026-07-31T09:46:50.815,246.129,2477,,,,0,,,,0.4860,19.42,0.4407,-48.68,1,30.0,hold:DY+fwd,+1.000,+0.000,-0.219,+0.085,1100,0,
1785505610.9152,2026-07-31T09:46:50.915,246.228,2478,,,,0,,,,0.4781,19.44,0.4328,-48.66,1,30.0,hold:DY+fwd,+1.000,+0.000,-0.227,+0.089,1100,0,
1785505611.0141,2026-07-31T09:46:51.014,246.327,2479,,,,0,,,,0.4741,19.36,0.4289,-48.74,1,30.0,hold:DY+fwd,+1.000,+0.000,-0.234,+0.089,1100,0,
1785505611.1129,2026-07-31T09:46:51.112,246.426,2480,,,,0,,,,0.4554,19.05,0.4101,-49.05,1,30.0,hold:DY+fwd,+1.000,+0.000,-0.221,+0.089,1100,0,
1785505611.2127,2026-07-31T09:46:51.212,246.526,2481,,,,0,,,,0.4535,18.79,0.4082,-49.31,1,30.0,hold:DY+fwd,+1.000,+0.000,-0.278,+0.082,1100,0,
1785505611.3113,2026-07-31T09:46:51.311,246.624,2482,,,,0,,,,0.4344,18.23,0.3892,-49.87,1,30.0,hold:DY+fwd,+1.000,+0.000,-0.288,+0.079,1100,0,
1785505611.4105,2026-07-31T09:46:51.410,246.724,2483,,,,0,,,,0.4318,17.71,0.3865,-50.39,1,30.0,hold:DY+fwd,+1.000,+0.000,-0.319,+0.070,1100,0,
1785505611.5096,2026-07-31T09:46:51.509,246.823,2484,,,,0,,,,0.4390,17.48,0.3937,-50.62,1,30.0,hold:DY+fwd,+1.000,+0.000,-0.314,+0.063,1100,0,
1785505611.6085,2026-07-31T09:46:51.608,246.922,2485,,,,0,,,,0.4260,16.92,0.3807,-51.18,1,30.0,hold:DY+fwd,+1.000,+0.000,-0.354,+0.059,1100,0,
1785505611.7076,2026-07-31T09:46:51.707,247.021,2486,,,,0,,,,0.4318,16.59,0.3866,-51.51,1,30.0,hold:DY+fwd,+1.000,+0.000,-0.334,+0.000,1100,0,
1785505611.8064,2026-07-31T09:46:51.806,247.120,2487,,,,0,,,,0.4163,16.35,0.3711,-51.75,1,30.0,hold:DY+fwd,+1.000,+0.000,-0.344,+0.000,1100,0,
1785505611.9056,2026-07-31T09:46:51.905,247.219,2488,,,,0,,,,0.4189,16.40,0.3736,-51.70,1,30.0,hold:DY+fwd,+1.000,+0.000,-0.366,+0.000,1100,0,
1785505612.0047,2026-07-31T09:46:52.004,247.318,2489,,,,0,,,,0.4112,16.70,0.3660,-51.40,1,30.0,hold:DY+fwd,+1.000,+0.000,-0.385,+0.000,1100,0,
1785505612.1035,2026-07-31T09:46:52.103,247.417,2490,,,,0,,,,0.4103,16.93,0.3650,-51.17,1,30.0,hold:DY+fwd,+1.000,+0.000,-0.390,+0.000,1100,0,
1785505612.2025,2026-07-31T09:46:52.202,247.516,2491,,,,0,,,,0.4083,17.58,0.3631,-50.52,1,30.0,hold:DY+fwd,+1.000,+0.000,-0.397,+0.047,1100,0,
1785505612.3015,2026-07-31T09:46:52.301,247.615,2492,,,,0,,,,0.4081,18.18,0.3629,-49.92,1,30.0,hold:DY+fwd,+1.000,+0.000,-0.396,+0.054,1100,0,
1785505612.4005,2026-07-31T09:46:52.400,247.714,2493,,,,0,,,,0.4074,18.47,0.3621,-49.63,1,30.0,hold:DY+fwd,+1.000,+0.000,-0.407,+0.066,1100,0,
1785505612.4994,2026-07-31T09:46:52.499,247.812,2494,,,,0,,,,0.4177,18.99,0.3724,-49.11,1,30.0,hold:DY+fwd,+1.000,+0.000,-0.445,+0.072,1100,0,
1785505612.5980,2026-07-31T09:46:52.598,247.911,2495,,,,0,,,,0.4088,19.26,0.3635,-48.84,1,30.0,hold:DY+fwd,+1.000,+0.000,-0.411,+0.083,1100,0,
1785505612.6977,2026-07-31T09:46:52.697,248.011,2496,,,,0,,,,0.4188,19.60,0.3735,-48.51,1,30.0,hold:DY+fwd,+1.000,+0.000,-0.412,+0.089,1100,0,
1785505612.7966,2026-07-31T09:46:52.796,248.110,2497,,,,0,,,,0.4177,19.50,0.3724,-48.60,1,30.0,hold:DY+fwd,+1.000,+0.000,-0.391,+0.092,1100,0,
1785505612.8959,2026-07-31T09:46:52.895,248.209,2498,,,,0,,,,0.4231,19.36,0.3778,-48.74,1,30.0,hold:DY+fwd,+1.000,+0.000,-0.393,+0.090,1100,0,
1785505612.9963,2026-07-31T09:46:52.996,248.309,2499,,,,0,,,,0.4241,18.87,0.3789,-49.23,1,30.0,hold:DY,+0.000,+0.000,-0.390,+0.088,1100,0,
1785505613.0962,2026-07-31T09:46:53.096,248.409,2500,,,,0,,,,0.4189,18.78,0.3737,-49.32,1,30.0,hold:DY,+0.000,+0.000,-0.407,+0.083,1100,0,
1785505613.1947,2026-07-31T09:46:53.194,248.508,2501,,,,0,,,,0.4218,18.98,0.3766,-49.12,1,30.0,hold:DY,+0.000,+0.000,-0.404,+0.088,1100,0,
1785505613.2940,2026-07-31T09:46:53.294,248.607,2502,,,,0,,,,0.4179,19.41,0.3726,-48.69,1,30.0,hold:DY,+0.000,+0.000,-0.417,+0.093,1100,0,
1785505613.3936,2026-07-31T09:46:53.393,248.707,2503,,,,0,,,,0.4173,19.66,0.3720,-48.44,1,30.0,hold:DY,+0.000,+0.000,-0.420,+0.104,1100,0,
1785505613.4930,2026-07-31T09:46:53.493,248.806,2504,,,,0,,,,0.4168,20.17,0.3716,-47.93,1,30.0,hold:DY,+0.000,+0.000,-0.433,+0.110,1100,0,
1785505613.5920,2026-07-31T09:46:53.592,248.905,2505,,,,0,,,,0.4068,20.68,0.3615,-47.42,1,30.0,hold:DY,+0.000,+0.000,-0.443,+0.122,1100,0,
1785505613.6912,2026-07-31T09:46:53.691,249.004,2506,,,,0,,,,0.4055,20.95,0.3602,-47.15,1,30.0,hold:DY,+0.000,+0.000,-0.454,+0.133,1100,0,
1785505613.7918,2026-07-31T09:46:53.791,249.105,2507,,,,0,,,,0.4067,21.49,0.3615,-46.61,1,30.0,hold:DY,+0.000,+0.000,-0.458,+0.141,1100,0,
1785505613.8909,2026-07-31T09:46:53.890,249.204,2508,,,,0,,,,0.3987,21.77,0.3534,-46.33,1,30.0,hold:DY,+0.000,+0.000,-0.475,+0.153,1100,0,
1785505613.9895,2026-07-31T09:46:53.989,249.303,2509,,,,0,,,,0.4020,22.32,0.3567,-45.78,1,30.0,hold:DY,+0.000,+0.000,-0.468,+0.161,1100,0,
1785505614.0887,2026-07-31T09:46:54.088,249.402,2510,,,,0,,,,0.4035,22.58,0.3582,-45.52,1,30.0,hold:DY,+0.000,+0.000,-0.473,+0.173,1100,0,
1785505614.1874,2026-07-31T09:46:54.187,249.501,2511,,,,0,,,,0.4085,23.06,0.3632,-45.04,1,30.0,hold:DY,+0.000,+0.000,-0.467,+0.185,1100,0,
1785505614.2864,2026-07-31T09:46:54.286,249.600,2512,,,,0,,,,0.4146,23.40,0.3693,-44.70,1,30.0,hold:DY,+0.000,+0.000,-0.467,+0.192,1100,0,
1785505614.3861,2026-07-31T09:46:54.386,249.699,2513,,,,0,,,,0.4098,23.53,0.3645,-44.57,1,30.0,hold:DY,+0.000,+0.000,-0.472,+0.200,1100,0,
1785505614.4855,2026-07-31T09:46:54.485,249.799,2514,,,,0,,,,0.4225,23.59,0.3773,-44.51,1,30.0,hold:DY,+0.000,+0.000,-0.460,+0.205,1100,0,
1785505614.5847,2026-07-31T09:46:54.584,249.898,2515,,,,0,,,,0.4271,23.56,0.3819,-44.54,1,30.0,hold:DY,+0.000,+0.000,-0.443,+0.208,1100,0,
1785505614.6832,2026-07-31T09:46:54.683,249.996,2516,,,,0,,,,0.4343,23.38,0.3891,-44.72,1,30.0,hold:DY,+0.000,+0.000,-0.447,+0.209,1100,0,
1785505614.7821,2026-07-31T09:46:54.782,250.095,2517,,,,0,,,,0.4390,23.11,0.3937,-44.99,1,30.0,hold:DY,+0.000,+0.000,-0.438,+0.209,1100,0,
1785505614.8817,2026-07-31T09:46:54.881,250.195,2518,,,,0,,,,0.4424,22.97,0.3971,-45.13,1,30.0,hold:DY,+0.000,+0.000,-0.421,+0.207,1100,0,
1785505614.9803,2026-07-31T09:46:54.980,250.293,2519,,,,0,,,,0.4537,22.69,0.4085,-45.41,1,30.0,hold:DY,+0.000,+0.000,-0.407,+0.207,1100,0,
1785505615.0805,2026-07-31T09:46:55.080,250.394,2520,,,,0,,,,0.4524,22.57,0.4071,-45.53,1,30.0,hold:DY,+0.000,+0.000,-0.405,+0.206,1100,0,
1785505615.1802,2026-07-31T09:46:55.180,250.493,2521,,,,0,,,,0.4643,22.38,0.4191,-45.72,1,30.0,hold:DY,+0.000,+0.000,-0.400,+0.207,1100,0,
1785505615.2801,2026-07-31T09:46:55.280,250.593,2522,,,,0,,,,0.4679,22.19,0.4227,-45.91,1,30.0,hold:DY,+0.000,+0.000,-0.376,+0.207,1100,0,
1785505615.3812,2026-07-31T09:46:55.381,250.694,2523,,,,0,,,,0.4712,22.00,0.4260,-46.10,1,30.0,hold:DY,+0.000,+0.000,-0.371,+0.204,1100,0,
1785505615.4810,2026-07-31T09:46:55.481,250.794,2524,,,,0,,,,0.4750,21.37,0.4298,-46.73,1,30.0,hold:DY,+0.000,+0.000,-0.364,+0.202,1100,0,
1785505615.5811,2026-07-31T09:46:55.581,250.894,2525,,,,0,,,,0.4766,20.97,0.4314,-47.13,1,30.0,hold:DY,+0.000,+0.000,-0.363,+0.191,1100,0,
1785505615.6812,2026-07-31T09:46:55.681,250.994,2526,,,,0,,,,0.4819,20.10,0.4366,-48.00,1,30.0,hold:DY,+0.000,+0.000,-0.355,+0.185,1100,0,
1785505615.7820,2026-07-31T09:46:55.781,251.095,2527,,,,0,,,,0.4834,19.37,0.4381,-48.73,1,30.0,hold:DY,+0.000,+0.000,-0.355,+0.172,1100,0,
1785505615.8810,2026-07-31T09:46:55.880,251.194,2528,,,,0,,,,0.4775,19.12,0.4322,-48.98,1,30.0,hold:DY,+0.000,+0.000,-0.362,+0.164,1100,0,
1785505615.9812,2026-07-31T09:46:55.981,251.294,2529,,,,0,,,,0.4795,18.81,0.4343,-49.29,1,30.0,hold:DY,+0.000,+0.000,-0.356,+0.162,1100,0,
1785505616.0804,2026-07-31T09:46:56.080,251.393,2530,,,,0,,,,0.4834,18.71,0.4381,-49.39,1,30.0,hold:DY,+0.000,+0.000,-0.351,+0.159,1100,0,
1785505616.1799,2026-07-31T09:46:56.179,251.493,2531,,,,0,,,,0.4809,18.56,0.4357,-49.54,1,30.0,hold:DY,+0.000,+0.000,-0.353,+0.159,1100,0,
1785505616.2784,2026-07-31T09:46:56.278,251.592,2532,,,,0,,,,0.4834,18.51,0.4381,-49.59,1,30.0,hold:DY,+0.000,+0.000,-0.351,+0.159,1100,0,
1785505616.3774,2026-07-31T09:46:56.377,251.691,2533,,,,0,,,,0.4854,18.43,0.4401,-49.67,1,30.0,hold:DY,+0.000,+0.000,-0.348,+0.159,1100,0,
1785505616.4763,2026-07-31T09:46:56.476,251.789,2534,,,,0,,,,0.4886,18.40,0.4434,-49.71,1,30.0,hold:DY,+0.000,+0.000,-0.352,+0.159,1100,0,
1785505616.5755,2026-07-31T09:46:56.575,251.889,2535,,,,0,,,,0.4917,18.37,0.4465,-49.73,1,30.0,hold:DY,+0.000,+0.000,-0.334,+0.160,1100,0,
1785505616.6743,2026-07-31T09:46:56.674,251.987,2536,,,,0,,,,0.4952,18.32,0.4500,-49.78,1,30.0,hold:DY,+0.000,+0.000,-0.342,+0.161,1100,0,
1785505616.7750,2026-07-31T09:46:56.774,252.088,2537,,,,0,,,,0.4909,18.29,0.4456,-49.81,1,30.0,hold:DY,+0.000,+0.000,-0.336,+0.161,1100,0,
1785505616.8741,2026-07-31T09:46:56.874,252.187,2538,,,,0,,,,0.4969,18.11,0.4517,-49.99,1,30.0,hold:DY,+0.000,+0.000,-0.331,+0.161,1100,0,
1785505616.9727,2026-07-31T09:46:56.972,252.286,2539,,,,0,,,,0.5009,17.87,0.4556,-50.23,1,30.0,hold:DY,+0.000,+0.000,-0.316,+0.158,1100,0,
1785505617.0722,2026-07-31T09:46:57.072,252.385,2540,,,,0,,,,0.5002,17.68,0.4550,-50.42,1,30.0,hold:Y,+0.000,+0.000,-0.317,+0.154,1100,0,
1785505617.1710,2026-07-31T09:46:57.171,252.484,2541,,,,0,,,,0.5084,17.21,0.4631,-50.89,1,30.0,hold:Y,+0.000,+0.000,+0.000,+0.151,1100,0,
1785505617.2704,2026-07-31T09:46:57.270,252.584,2542,,,,0,,,,0.5075,16.99,0.4622,-51.11,1,30.0,hold:Y,+0.000,+0.000,+0.000,+0.000,1100,0,
1785505617.3683,2026-07-31T09:46:57.368,252.681,2543,,,,0,,,,0.5123,16.60,0.4670,-51.50,1,30.0,hold:Y,+0.000,+0.000,+0.000,+0.000,1100,0,
1785505617.4678,2026-07-31T09:46:57.467,252.781,2544,,,,0,,,,0.5095,16.34,0.4642,-51.76,1,30.0,hold:Y,+0.000,+0.000,+0.000,+0.000,1100,0,
1785505617.5684,2026-07-31T09:46:57.568,252.882,2545,,,,0,,,,0.5137,16.27,0.4684,-51.83,1,30.0,hold:Y,+0.000,+0.000,+0.000,+0.000,1100,0,
1785505617.6680,2026-07-31T09:46:57.668,252.981,2546,,,,0,,,,0.5149,16.24,0.4697,-51.86,1,30.0,hold:Y,+0.000,+0.000,+0.000,+0.000,1100,0,
1785505617.7666,2026-07-31T09:46:57.766,253.080,2547,,,,0,,,,0.5156,16.26,0.4704,-51.84,1,30.0,hold:Y,+0.000,+0.000,+0.000,+0.000,1100,0,
1785505617.8653,2026-07-31T09:46:57.865,253.178,2548,,,,0,,,,0.5173,16.37,0.4721,-51.73,1,30.0,hold:Y,+0.000,+0.000,+0.000,+0.000,1100,0,
1785505617.9645,2026-07-31T09:46:57.964,253.278,2549,,,,0,,,,0.5101,16.56,0.4649,-51.54,1,30.0,hold:Y,+0.000,+0.000,+0.000,+0.000,1100,0,
1785505618.0638,2026-07-31T09:46:58.063,253.377,2550,,,,0,,,,0.5164,16.67,0.4711,-51.43,1,30.0,hold:Y,+0.000,+0.000,+0.000,+0.000,1100,0,
1785505618.1624,2026-07-31T09:46:58.162,253.475,2551,,,,0,,,,0.5117,16.92,0.4665,-51.18,1,30.0,hold:Y,+0.000,+0.000,+0.000,+0.000,1100,0,
1785505618.2631,2026-07-31T09:46:58.263,253.576,2552,,,,0,,,,0.5139,17.06,0.4687,-51.04,1,30.0,idle,+0.000,+0.000,+0.000,+0.000,1100,0,
1785505618.3617,2026-07-31T09:46:58.361,253.675,2553,,,,0,,,,0.5091,17.39,0.4638,-50.71,1,30.0,idle,+0.000,+0.000,+0.000,+0.000,1100,0,
1785505618.4609,2026-07-31T09:46:58.460,253.774,2554,,,,0,,,,0.5063,17.76,0.4610,-50.34,1,30.0,idle,+0.000,+0.000,+0.000,+0.000,1100,0,
1785505618.5601,2026-07-31T09:46:58.560,253.873,2555,,,,0,,,,0.5018,17.95,0.4566,-50.15,1,30.0,idle,+0.000,+0.000,+0.000,+0.000,1100,0,
1785505618.6585,2026-07-31T09:46:58.658,253.972,2556,,,,0,,,,0.4976,18.32,0.4523,-49.78,1,30.0,idle,+0.000,+0.000,+0.000,+0.000,1100,0,
1785505618.7591,2026-07-31T09:46:58.759,254.072,2557,,,,0,,,,0.4938,18.48,0.4485,-49.62,1,30.0,idle,+0.000,+0.000,+0.000,+0.000,1100,0,
1785505618.8578,2026-07-31T09:46:58.857,254.171,2558,,,,0,,,,0.4898,18.80,0.4446,-49.30,1,30.0,idle,+0.000,+0.000,+0.000,+0.000,1100,0,
1785505618.9569,2026-07-31T09:46:58.956,254.270,2559,,,,0,,,,0.4912,18.94,0.4459,-49.16,1,30.0,idle,+0.000,+0.000,+0.000,+0.000,1100,0,
1785505619.0559,2026-07-31T09:46:59.055,254.369,2560,,,,0,,,,0.4925,19.20,0.4472,-48.90,1,30.0,idle,+0.000,+0.000,+0.000,+0.000,1100,0,
1785505619.1545,2026-07-31T09:46:59.154,254.468,2561,,,,0,,,,0.4858,19.44,0.4405,-48.66,1,30.0,idle,+0.000,+0.000,+0.000,+0.000,1100,0,
1785505619.2545,2026-07-31T09:46:59.254,254.568,2562,,,,0,,,,0.4866,19.54,0.4414,-48.56,1,30.0,idle,+0.000,+0.000,+0.000,+0.000,1100,0,
1785505619.3535,2026-07-31T09:46:59.353,254.667,2563,,,,0,,,,0.4823,19.74,0.4370,-48.36,1,30.0,joystick,+0.000,+0.000,+0.000,+0.000,1100,0,
1785505619.4542,2026-07-31T09:46:59.454,254.767,2564,,,,0,,,,0.4831,19.83,0.4378,-48.27,1,30.0,joystick,-1.000,+0.000,+0.000,+0.000,1100,0,
1785505619.5533,2026-07-31T09:46:59.553,254.866,2565,,,,0,,,,0.4786,20.02,0.4333,-48.08,1,30.0,joystick,-1.000,+0.000,+0.000,+0.000,1100,0,
1785505619.6534,2026-07-31T09:46:59.653,254.966,2566,,,,0,,,,0.4774,20.03,0.4322,-48.07,1,30.0,joystick,-1.000,+0.000,+0.000,+0.000,1100,0,
1785505619.7528,2026-07-31T09:46:59.752,255.066,2567,,,,0,,,,0.4786,20.23,0.4333,-47.87,1,30.0,joystick,-1.000,+0.000,+0.000,+0.000,1100,0,
1785505619.8517,2026-07-31T09:46:59.851,255.165,2568,,,,0,,,,0.4760,20.42,0.4307,-47.68,1,30.0,joystick,-1.000,+0.000,+0.000,+0.000,1100,0,
1785505619.9513,2026-07-31T09:46:59.951,255.264,2569,,,,0,,,,0.4784,20.64,0.4332,-47.46,1,30.0,joystick,-1.000,+0.000,+0.000,+0.000,1100,0,
1785505620.0511,2026-07-31T09:47:00.051,255.364,2570,,,,0,,,,0.4789,21.02,0.4336,-47.08,1,30.0,joystick,-1.000,+0.000,+0.000,+0.000,1100,0,
1785505620.1501,2026-07-31T09:47:00.150,255.463,2571,,,,0,,,,0.4799,21.18,0.4347,-46.92,1,30.0,joystick,-1.000,+0.000,+0.000,+0.000,1100,0,
1785505620.2484,2026-07-31T09:47:00.248,255.562,2572,,,,0,,,,0.4849,21.53,0.4397,-46.57,1,30.0,joystick,-1.000,+0.000,+0.000,+0.000,1100,0,
1785505620.3488,2026-07-31T09:47:00.348,255.662,2573,,,,0,,,,0.4803,21.77,0.4350,-46.33,1,30.0,joystick,-1.000,+0.000,+0.000,+0.000,1100,0,
1785505620.4476,2026-07-31T09:47:00.447,255.761,2574,,,,0,,,,0.4881,21.87,0.4428,-46.23,1,30.0,joystick,-1.000,+0.000,+0.000,+1.000,1100,0,
1785505620.5476,2026-07-31T09:47:00.547,255.861,2575,,,,0,,,,0.4809,20.38,0.4356,-47.73,1,30.0,joystick,-1.000,+0.000,+0.000,+1.000,1100,0,
1785505620.6465,2026-07-31T09:47:00.646,255.960,2576,,,,0,,,,0.4837,18.35,0.4384,-49.75,1,30.0,joystick,-1.000,+0.000,+0.000,+0.000,1100,0,
1785505620.7465,2026-07-31T09:47:00.746,256.060,2577,,,,0,,,,0.4857,12.46,0.4404,-55.64,1,30.0,joystick,-1.000,+0.000,+0.000,+0.000,1100,0,
1785505620.8458,2026-07-31T09:47:00.845,256.159,2578,,,,0,,,,0.4927,7.35,0.4474,-60.75,1,30.0,joystick,-1.000,+0.000,+0.000,+0.000,1100,0,
1785505620.9448,2026-07-31T09:47:00.944,256.258,2579,,,,0,,,,0.4922,5.49,0.4469,-62.61,1,30.0,joystick,-1.000,+0.000,+0.000,+0.000,1100,0,
1785505621.0436,2026-07-31T09:47:01.043,256.357,2580,,,,0,,,,0.5012,2.29,0.4559,-65.81,1,30.0,joystick,-1.000,+0.000,+0.000,+0.000,1100,0,
1785505621.1433,2026-07-31T09:47:01.143,256.456,2581,,,,0,,,,0.5081,-0.40,0.4629,-68.50,1,30.0,joystick,-1.000,+0.000,+0.000,+0.000,1100,0,
1785505621.2412,2026-07-31T09:47:01.241,256.554,2582,,,,0,,,,0.5119,-1.60,0.4666,-69.71,1,30.0,joystick,-1.000,+0.000,+0.000,+0.000,1100,0,
1785505621.3400,2026-07-31T09:47:01.340,256.653,2583,,,,0,,,,0.5143,-3.86,0.4691,-71.96,1,30.0,joystick,-1.000,+0.000,+0.000,+0.000,1100,0,
1785505621.4385,2026-07-31T09:47:01.438,256.752,2584,,,,0,,,,0.5212,-4.81,0.4760,-72.91,1,30.0,joystick,-1.000,+0.000,+0.000,+0.000,1100,0,
1785505621.5381,2026-07-31T09:47:01.538,256.851,2585,,,,0,,,,0.5312,-6.40,0.4859,-74.50,1,30.0,joystick,-1.000,+0.000,+0.000,+0.000,1100,0,
1785505621.6383,2026-07-31T09:47:01.638,256.951,2586,,,,0,,,,0.5292,-7.11,0.4839,-75.21,1,30.0,joystick,-1.000,+0.000,+0.000,+0.000,1100,0,
1785505621.7365,2026-07-31T09:47:01.736,257.050,2587,,,,0,,,,0.5372,-8.41,0.4919,-76.51,1,30.0,joystick,-1.000,+0.000,+0.000,+0.000,1100,0,
1785505621.8364,2026-07-31T09:47:01.836,257.150,2588,,,,0,,,,0.5490,-9.63,0.5037,-77.73,1,30.0,joystick,-1.000,+0.000,+0.000,+0.000,1100,0,
1785505621.9359,2026-07-31T09:47:01.935,257.249,2589,,,,0,,,,0.5538,-10.19,0.5085,-78.29,1,30.0,joystick,-1.000,+0.000,+0.000,+0.000,1100,0,
1785505622.0361,2026-07-31T09:47:02.036,257.349,2590,,,,0,,,,0.5695,-11.16,0.5242,-79.26,1,30.0,joystick,-1.000,+0.000,+0.000,+0.000,1100,0,
1785505622.1362,2026-07-31T09:47:02.136,257.449,2591,,,,0,,,,0.5785,-11.57,0.5332,-79.67,1,30.0,joystick,-1.000,+0.000,+0.000,+0.000,1100,0,
1785505622.2348,2026-07-31T09:47:02.234,257.548,2592,,,,0,,,,0.5881,-12.24,0.5428,-80.34,1,30.0,joystick,-1.000,+0.000,+0.000,+0.000,1100,0,
1785505622.3338,2026-07-31T09:47:02.333,257.647,2593,,,,0,,,,0.5983,-12.81,0.5531,-80.91,1,30.0,joystick,-1.000,+0.000,+0.000,+0.000,1100,0,
1785505622.4330,2026-07-31T09:47:02.433,257.746,2594,,,,0,,,,0.6056,-13.03,0.5603,-81.13,1,30.0,joystick,-1.000,+0.000,+0.000,+0.000,1100,0,
1785505622.5324,2026-07-31T09:47:02.532,257.845,2595,,,,0,,,,0.6165,-13.29,0.5712,-81.39,1,30.0,joystick,-1.000,+0.000,+0.000,+0.000,1100,0,
1785505622.6315,2026-07-31T09:47:02.631,257.945,2596,,,,0,,,,0.6227,-13.35,0.5774,-81.45,1,30.0,joystick,-1.000,+0.000,+0.000,+0.000,1100,0,
1785505622.7325,2026-07-31T09:47:02.732,258.046,2597,,,,0,,,,0.6315,-13.27,0.5862,-81.37,1,30.0,joystick,-1.000,+0.000,+0.000,+0.000,1100,0,
1785505622.8321,2026-07-31T09:47:02.832,258.145,2598,,,,0,,,,0.6380,-12.88,0.5928,-80.98,1,30.0,joystick,-1.000,+0.000,+0.000,+0.000,1100,0,
1785505622.9322,2026-07-31T09:47:02.932,258.245,2599,,,,0,,,,0.6506,-12.69,0.6053,-80.79,1,30.0,joystick,-1.000,+0.000,+0.000,+0.000,1100,0,
1785505623.0313,2026-07-31T09:47:03.031,258.344,2600,,,,0,,,,0.6549,-12.17,0.6096,-80.27,1,30.0,joystick,-1.000,+0.000,+0.000,+0.000,1100,0,
1785505623.1303,2026-07-31T09:47:03.130,258.443,2601,,,,0,,,,0.6546,-11.92,0.6094,-80.02,1,30.0,joystick,-1.000,+0.000,+0.000,+0.000,1100,0,
1785505623.2291,2026-07-31T09:47:03.229,258.542,2602,,,,0,,,,0.6648,-11.34,0.6196,-79.44,1,30.0,joystick,-1.000,+0.000,+0.000,+0.000,1100,0,
1785505623.3281,2026-07-31T09:47:03.328,258.641,2603,,,,0,,,,0.6718,-10.67,0.6265,-78.77,1,30.0,joystick,-1.000,+0.000,+0.000,+0.000,1100,0,
1785505623.4273,2026-07-31T09:47:03.427,258.740,2604,,,,0,,,,0.6750,-10.36,0.6298,-78.46,1,30.0,joystick,-1.000,+0.000,+0.000,+0.000,1100,0,
1785505623.5258,2026-07-31T09:47:03.525,258.839,2605,,,,0,,,,0.6753,-9.83,0.6300,-77.93,1,30.0,joystick,-1.000,+0.000,+0.000,+0.000,1100,0,
1785505623.6250,2026-07-31T09:47:03.625,258.938,2606,,,,0,,,,0.6792,-9.57,0.6340,-77.67,1,30.0,joystick,-1.000,+0.000,+0.000,+0.000,1100,0,
1785505623.7242,2026-07-31T09:47:03.724,259.037,2607,,,,0,,,,0.6828,-9.10,0.6376,-77.20,1,30.0,joystick,-1.000,+0.000,+0.000,+0.000,1100,0,
